[09:38:20] 🚀 SCRIPT STARTED (enhanced anti‑detection)
[09:38:20] [1/456] FNDB
[09:38:21] 🧠 New identity created
[09:38:22] [2/456] AMBH
[09:38:23] [3/456] PRHN
[09:38:25] [4/456] ACPM
[09:38:26] [5/456] PVFS
[09:38:27] [6/456] AACN
[09:38:28] [7/456] ACAS
[09:38:41] 🔄 Retry 1/5 for ACAS in 2.9s
[09:38:41] 🔄 Identity reset
[09:38:44] 🧠 New identity created
[09:38:50] [8/456] CTNR
[09:38:51] [9/456] MMAH
[09:38:52] 🔄 Identity reset
[09:38:52] 🔄 Identity rotated (every 10 requests)
[09:38:53] [10/456] CPMH
[09:38:54] [11/456] IGMH
[09:38:56] [12/456] ABCS
[09:38:58] [13/456] CMMA
[09:38:59] [14/456] GPRH
[09:39:01] [15/456] PNNG
[09:39:02] [16/456] AMCA
[09:39:03] [17/456] ISTN
[09:39:05] [18/456] PIIC
[09:39:06] [19/456] AHMH
[09:39:07] 🔄 Identity reset
[09:39:07] 🔄 Identity rotated (every 10 requests)
[09:39:08] [20/456] ASHN
[09:39:09] [21/456] INHY
[09:39:11] [22/456] SRMO
[09:39:12] [23/456] PIMH
[09:39:14] [24/456] PVTS
[09:39:15] [25/456] MMCA
[09:39:17] [26/456] AKYJ
[09:39:19] [27/456] BRKH
[09:39:20] [28/456] MAHM
[09:39:22] [29/456] CPHY
[09:39:22] 🔄 Identity reset
[09:39:22] 🔄 Identity rotated (every 10 requests)
[09:39:23] [30/456] PVTP
[09:39:25] [31/456] SMMR
[09:39:26] [32/456] PVHM
[09:39:28] [33/456] SNDY
[09:39:29] [34/456] GOKU
[09:39:31] [35/456] ACEV
[09:39:33] [36/456] PVUM
[09:39:34] [37/456] VSWA
[09:39:36] [38/456] IPRS
[09:39:38] [39/456] BKMV
[09:39:39] 🔄 Identity reset
[09:39:39] 🔄 Identity rotated (every 10 requests)
[09:39:40] [40/456] PVYH
[09:39:41] [41/456] INKM
[09:39:43] [42/456] ARJU
[09:39:43] [43/456] JJPP
[09:39:44] [44/456] SSRM
[09:39:46] [45/456] HMHD
[09:39:47] [46/456] SNKH
[09:39:47] [47/456] ACHI
[09:39:49] [48/456] MRAA
[09:39:51] [49/456] INMH
[09:39:51] 🔄 Identity reset
[09:39:51] 🔄 Identity rotated (every 10 requests)
[09:39:52] [50/456] ARMH
[09:39:54] [51/456] DVRR
[09:39:56] [52/456] SUDA
[09:39:57] [53/456] MCSS
[09:39:58] [54/456] VRKC
[09:40:00] [55/456] PRCX
[09:40:01] [56/456] ASJY
[09:40:03] [57/456] MTHY
[09:40:06] [58/456] SRCM
[09:40:08] [59/456] TVHY
[09:40:08] 🔄 Identity reset
[09:40:08] 🔄 Identity rotated (every 10 requests)
[09:40:09] [60/456] STHD
[09:40:10] [61/456] CPCL
[09:40:12] [62/456] PSMJ
[09:40:21] [63/456] MRGT
[09:40:23] [64/456] ARYH
[09:40:24] [65/456] VTRB
[09:40:25] [66/456] SCHC
[09:40:27] [67/456] MRRG
[09:40:29] [68/456] SPCB
[09:40:30] [69/456] AMCM
[09:40:31] 🔄 Identity reset
[09:40:31] 🔄 Identity rotated (every 10 requests)
[09:40:32] [70/456] IVNM
[09:40:33] [71/456] TRHY
[09:40:35] [72/456] PTTH
[09:40:35] [73/456] RKMH
[09:40:37] [74/456] PRCS
[09:40:38] [75/456] VAJA
[09:40:39] [76/456] BJNG
[09:40:41] [77/456] SCVM
[09:40:42] [78/456] GNHB
[09:40:44] [79/456] TLUR
[09:40:44] 🔄 Identity reset
[09:40:44] 🔄 Identity rotated (every 10 requests)
[09:40:45] [80/456] UKCC
[09:40:47] [81/456] SRKR
[09:40:48] [82/456] RMKN
[09:40:50] [83/456] SLRT
[09:40:51] [84/456] LKMT
[09:40:52] [85/456] SSRJ
[09:40:53] [86/456] SPHT
[09:40:54] [87/456] ANTT
[09:40:56] [88/456] SRCH
[09:40:58] [89/456] SRCA
[09:40:58] 🔄 Identity reset
[09:40:58] 🔄 Identity rotated (every 10 requests)
[09:40:59] [90/456] ARTH
[09:41:00] [91/456] MCBH
[09:41:03] [92/456] SNIB
[09:41:04] [93/456] SART
[09:41:06] [94/456] SKTA
[09:41:08] [95/456] YAKT
[09:41:09] [96/456] MLCK
[09:41:10] [97/456] ANTS
[09:41:11] [98/456] DGCA
[09:41:13] [99/456] SGMP
[09:41:13] 🔄 Identity reset
[09:41:14] 🔄 Identity rotated (every 10 requests)
[09:41:14] [100/456] ASWN
[09:41:15] [101/456] KFVU
[09:41:16] [102/456] POOR
[09:41:18] [103/456] GKDN
[09:41:19] [104/456] EOSE
[09:41:20] [105/456] GTTT
[09:41:21] [106/456] ARRO
[09:41:22] [107/456] CMMK
[09:41:24] [108/456] MSCN
[09:41:26] [109/456] GDKH
[09:41:26] 🔄 Identity reset
[09:41:26] 🔄 Identity rotated (every 10 requests)
[09:41:27] [110/456] DLMT
[09:41:29] [111/456] PVMF
[09:41:31] [112/456] CPCK
[09:41:32] [113/456] VMHE
[09:41:33] [114/456] PVLC
[09:41:34] [115/456] PCVB
[09:41:35] [116/456] SNYK
[09:41:37] [117/456] KTEK
[09:41:38] [118/456] PCNM
[09:41:40] [119/456] NTTR
[09:41:41] 🔄 Identity reset
[09:41:41] 🔄 Identity rotated (every 10 requests)
[09:41:42] [120/456] CPSK
[09:41:43] [121/456] JMMA
[09:41:45] [122/456] GCFK
[09:41:47] [123/456] MYCA
[09:41:48] [124/456] KSNP
[09:41:49] [125/456] PMCE
[09:41:50] [126/456] SCKI
[09:41:52] [127/456] FSMA
[09:41:54] [128/456] CETA
[09:41:55] [129/456] MCIK
[09:41:56] 🔄 Identity reset
[09:41:56] 🔄 Identity rotated (every 10 requests)
[09:41:57] [130/456] MYCR
[09:41:58] [131/456] EVMP
[09:41:59] [132/456] SSGT
[09:42:01] [133/456] KCTK
[09:42:02] [134/456] ZTKC
[09:42:03] [135/456] MMTA
[09:42:05] [136/456] MAJT
[09:42:07] [137/456] ACPK
[09:42:08] [138/456] JMAX
[09:42:10] [139/456] SETK
[09:42:11] 🔄 Identity reset
[09:42:11] 🔄 Identity rotated (every 10 requests)
[09:42:11] [140/456] CAIS
[09:42:13] [141/456] AGCD
[09:42:14] [142/456] URCL
[09:42:16] [143/456] VTDS
[09:42:17] [144/456] JCNM
[09:42:19] [145/456] KCAM
[09:42:21] [146/456] ADCU
[09:42:22] [147/456] GXYN
[09:42:23] [148/456] SMJG
[09:42:25] [149/456] EYCJ
[09:42:25] 🔄 Identity reset
[09:42:25] 🔄 Identity rotated (every 10 requests)
[09:42:26] [150/456] CCEJ
[09:42:28] [151/456] MARS
[09:42:29] [152/456] CPVJ
[09:42:31] [153/456] INVP
[09:42:32] [154/456] CPOV
[09:42:33] [155/456] VIJK
[09:42:35] [156/456] LAIM
[09:42:36] [157/456] STHV
[09:42:38] [158/456] SVLJ
[09:42:39] [159/456] ATVJ
[09:42:40] 🔄 Identity reset
[09:42:40] 🔄 Identity rotated (every 10 requests)
[09:42:41] [160/456] JTSC
[09:42:43] [161/456] RMTV
[09:42:44] [162/456] MGGG
[09:42:46] [163/456] SWTH
[09:42:47] [164/456] INVJ
[09:42:48] [165/456] PRSV
[09:42:50] [166/456] JATV
[09:42:51] [167/456] RCVD
[09:42:53] [168/456] BDMA
[09:42:54] [169/456] BLJI
[09:42:55] 🔄 Identity reset
[09:42:55] 🔄 Identity rotated (every 10 requests)
[09:42:56] [170/456] SWOT
[09:42:56] [171/456] SWRN
[09:42:58] [172/456] TVRA
[09:42:59] [173/456] NVRN
[09:43:00] [174/456] SIKC
[09:43:02] [175/456] VAKR
[09:43:04] [176/456] SYLN
[09:43:05] [177/456] KLJL
[09:43:07] [178/456] LKMY
[09:43:08] [179/456] VSLY
[09:43:09] 🔄 Identity reset
[09:43:09] 🔄 Identity rotated (every 10 requests)
[09:43:10] [180/456] CIKO
[09:43:11] [181/456] GPBG
[09:43:12] [182/456] CECM
[09:43:13] [183/456] SLKB
[09:43:15] [184/456] MTBO
[09:43:17] [185/456] SSHB
[09:43:18] [186/456] VPCS
[09:43:19] [187/456] RCSR
[09:43:21] [188/456] RJRM
[09:43:22] [189/456] KPPB
[09:43:23] 🔄 Identity reset
[09:43:23] 🔄 Identity rotated (every 10 requests)
[09:43:24] [190/456] SEDC
[09:43:26] [191/456] SCAI
[09:43:29] [192/456] RMTR
[09:43:30] [193/456] ASST
[09:43:32] [194/456] GCAK
[09:43:37] [195/456] ANNK
[09:43:37] [196/456] KDDF
[09:43:39] [197/456] NRDP
[09:43:40] [198/456] PLAK
[09:43:41] [199/456] GCMC
[09:43:42] 🔄 Identity reset
[09:43:42] 🔄 Identity rotated (every 10 requests)
[09:43:43] [200/456] ALPY
[09:43:44] [201/456] SICE
[09:43:46] [202/456] SISR
[09:43:47] [203/456] SRPZ
[09:43:49] [204/456] SRSW
[09:43:50] [205/456] SUYA
[09:43:51] [206/456] AMMT
[09:43:53] [207/456] BHCU
[09:43:55] [208/456] KLPA
[09:43:56] [209/456] NVKH
[09:43:57] 🔄 Identity reset
[09:43:57] 🔄 Identity rotated (every 10 requests)
[09:43:58] [210/456] JMRC
[09:43:59] [211/456] KTTT
[09:44:01] [212/456] MAGH
[09:44:02] [213/456] MMMX
[09:44:03] [214/456] SALJ
[09:44:05] [215/456] GTJA
[09:44:06] [216/456] MAHT
[09:44:08] [217/456] SSNN
[09:44:09] [218/456] ARRP
[09:44:10] [219/456] ATNS
[09:44:11] 🔄 Identity reset
[09:44:11] 🔄 Identity rotated (every 10 requests)
[09:44:11] [220/456] SKDT
[09:44:12] [221/456] ACAT
[09:44:14] [222/456] APRC
[09:44:15] [223/456] SWAG
[09:44:17] [224/456] SDPT
[09:44:19] [225/456] STPS
[09:44:20] [226/456] WWCZ
[09:44:22] [227/456] LLCH
[09:44:23] [228/456] MZHA
[09:44:25] [229/456] CRJG
[09:44:26] 🔄 Identity reset
[09:44:26] 🔄 Identity rotated (every 10 requests)
[09:44:26] 🔄 Retry 1/5 for CRJG in 2.6s
[09:44:26] 🔄 Identity reset
[09:44:28] 🧠 New identity created
[09:44:29] [230/456] JGTK
[09:44:31] [231/456] KCSR
[09:44:32] [232/456] CHTL
[09:44:34] [233/456] EDSR
[09:44:36] [234/456] CSWO
[09:44:37] [235/456] CPVM
[09:44:39] [236/456] MXBY
[09:44:41] [237/456] FMMA
[09:44:42] [238/456] POVI
[09:44:43] 🔄 Identity reset
[09:44:43] 🔄 Identity rotated (every 10 requests)
[09:44:44] [239/456] MTHB
[09:44:46] [240/456] INRC
[09:44:47] [241/456] PIPP
[09:44:49] [242/456] BMXC
[09:44:50] [243/456] PCMM
[09:44:52] [244/456] PMKM
[09:44:54] [245/456] GATY
[09:44:55] [246/456] IMCM
[09:44:57] [247/456] POPE
[09:44:58] [248/456] MTCR
[09:44:59] 🔄 Identity reset
[09:44:59] 🔄 Identity rotated (every 10 requests)
[09:44:59] [249/456] PVAE
[09:45:01] [250/456] PVMI
[09:45:02] [251/456] CPNM
[09:45:03] [252/456] FMRL
[09:45:05] [253/456] MCIW
[09:45:06] [254/456] MXBO
[09:45:08] [255/456] FMKY
[09:45:09] [256/456] FMDA
[09:45:10] [257/456] THAB
[09:45:12] [258/456] PRCW
[09:45:13] 🔄 Identity reset
[09:45:13] 🔄 Identity rotated (every 10 requests)
[09:45:14] [259/456] PITI
[09:45:15] [260/456] MCFF
[09:45:17] [261/456] PDDV
[09:45:19] [262/456] MCRM
[09:45:20] [263/456] KKMB
[09:45:22] [264/456] INKO
[09:45:23] [265/456] PLXP
[09:45:24] [266/456] MMHA
[09:45:25] [267/456] FMVS
[09:45:27] [268/456] POLM
[09:45:27] 🔄 Identity reset
[09:45:27] 🔄 Identity rotated (every 10 requests)
[09:45:28] [269/456] STER
[09:45:30] [270/456] PVWJ
[09:45:31] [271/456] IMJW
[09:45:33] [272/456] FNAN
[09:45:34] [273/456] CAGL
[09:45:36] [274/456] IPBG
[09:45:38] [275/456] SMFV
[09:45:38] [276/456] MMMR
[09:45:40] [277/456] MMWM
[09:45:53] 🔄 Retry 1/5 for MMWM in 2.9s
[09:45:53] 🔄 Identity reset
[09:45:55] 🧠 New identity created
[09:45:55] 🔄 Identity reset
[09:45:55] 🔄 Identity rotated (every 10 requests)
[09:46:02] [278/456] FNCM
[09:46:03] [279/456] MDVA
[09:46:05] [280/456] MMET
[09:46:06] [281/456] MIDO
[09:46:08] [282/456] INNP
[09:46:09] [283/456] MIFU
[09:46:11] [284/456] MMSZ
[09:46:12] [285/456] BMXA
[09:46:14] [286/456] MCAA
[09:46:15] [287/456] SCVP
[09:46:16] 🔄 Identity reset
[09:46:16] 🔄 Identity rotated (every 10 requests)
[09:46:17] [288/456] PLUS
[09:46:19] [289/456] MUCK
[09:46:20] [290/456] MTMA
[09:46:22] [291/456] HPVR
[09:46:23] [292/456] PMPK
[09:46:25] [293/456] MAJB
[09:46:26] [294/456] CTRR
[09:46:27] [295/456] MCTG
[09:46:29] [296/456] MACE
[09:46:30] [297/456] AAAS
[09:46:31] 🔄 Identity reset
[09:46:31] 🔄 Identity rotated (every 10 requests)
[09:46:32] [298/456] CPVV
[09:46:34] [299/456] RCHG
[09:46:34] [300/456] MCNE
[09:46:36] [301/456] EMNC
[09:46:37] [302/456] MCAN
[09:46:38] [303/456] TCDM
[09:46:39] [304/456] IRGT
[09:46:41] [305/456] GCMG
[09:46:42] [306/456] MXSN
[09:46:44] [307/456] MXCK
[09:46:45] 🔄 Identity reset
[09:46:45] 🔄 Identity rotated (every 10 requests)
[09:46:46] [308/456] MCRC
[09:46:47] [309/456] RSMI
[09:46:49] [310/456] WAML
[09:46:50] [311/456] MTSC
[09:46:52] [312/456] FMDR
[09:46:53] [313/456] LEPV
[09:46:55] [314/456] MTGD
[09:46:56] [315/456] IMOB
[09:46:58] [316/456] CLMM
[09:46:59] [317/456] PZCD
[09:47:00] 🔄 Identity reset
[09:47:00] 🔄 Identity rotated (every 10 requests)
[09:47:00] [318/456] GOCS
[09:47:02] [319/456] KCMA
[09:47:03] [320/456] CCMP
[09:47:05] [321/456] MTSU
[09:47:06] [322/456] SNGL
[09:47:07] [323/456] MMMC
[09:47:08] [324/456] MMAA
[09:47:10] [325/456] GCDM
[09:47:12] [326/456] KTMV
[09:47:13] [327/456] AETE
[09:47:14] 🔄 Identity reset
[09:47:14] 🔄 Identity rotated (every 10 requests)
[09:47:15] [328/456] OMCS
[09:47:15] [329/456] GDCD
[09:47:17] [330/456] NYMD
[09:47:19] [331/456] RNCV
[09:47:20] [332/456] KKMT
[09:47:22] [333/456] GDTH
[09:47:26] [334/456] KMMV
[09:47:27] [335/456] NHCG
[09:47:29] [336/456] PJDW
[09:47:31] [337/456] MMCV
[09:47:31] 🔄 Identity reset
[09:47:31] 🔄 Identity rotated (every 10 requests)
[09:47:32] [338/456] FQSA
[09:47:40] [339/456] KURL
[09:47:41] [340/456] NNNX
[09:47:42] [341/456] AMAU
[09:47:44] [342/456] VVVM
[09:47:45] [343/456] VECU
[09:47:46] [344/456] WCVR
[09:47:47] [345/456] MTGG
[09:47:49] [346/456] SGTG
[09:47:51] [347/456] MNTG
[09:47:51] 🔄 Identity reset
[09:47:51] 🔄 Identity rotated (every 10 requests)
[09:47:52] [348/456] JDDG
[09:47:54] [349/456] MBTK
[09:47:55] [350/456] SGCD
[09:47:56] [351/456] MCTC
[09:47:57] [352/456] JTPC
[09:47:58] [353/456] SDKT
[09:47:59] [354/456] KRCC
[09:48:01] [355/456] RMMD
[09:48:02] [356/456] AAME
[09:48:05] [357/456] TMWC
[09:48:05] 🔄 Identity reset
[09:48:05] 🔄 Identity rotated (every 10 requests)
[09:48:06] [358/456] NRWY
[09:48:08] [359/456] CITD
[09:48:09] [360/456] VERD
[09:48:10] [361/456] MKSK
[09:48:11] [362/456] STSM
[09:48:13] [363/456] MJDG
[09:48:14] [364/456] RKPM
[09:48:15] [365/456] SSCE
[09:48:17] [366/456] VMAE
[09:48:18] [367/456] SBRU
[09:48:19] 🔄 Identity reset
[09:48:19] 🔄 Identity rotated (every 10 requests)
[09:48:20] [368/456] AMBC
[09:48:22] [369/456] AMLU
[09:48:23] [370/456] INVZ
[09:48:24] [371/456] LGTV
[09:48:25] [372/456] SVAD
[09:48:26] [373/456] SMSA
[09:48:28] [374/456] SPCZ
[09:48:29] [375/456] GTCX
[09:48:30] [376/456] SCSL
[09:48:32] [377/456] SAHU
[09:48:32] 🔄 Identity reset
[09:48:32] 🔄 Identity rotated (every 10 requests)
[09:48:34] [378/456] NCDA
[09:48:34] [379/456] SCCG
[09:48:36] [380/456] VKTL
[09:48:37] [381/456] PUUJ
[09:48:39] [382/456] STEJ
[09:48:40] [383/456] RJAL
[09:48:42] [384/456] ACJC
[09:48:44] [385/456] ARVB
[09:48:45] [386/456] AUBB
[09:48:47] [387/456] GDBR
[09:48:48] 🔄 Identity reset
[09:48:48] 🔄 Identity rotated (every 10 requests)
[09:48:49] [388/456] PVND
[09:48:49] [389/456] BGRJ
[09:48:51] [390/456] RJMM
[09:48:52] [391/456] MCSA
[09:48:54] [392/456] BODA
[09:48:56] [393/456] JAGG
[09:48:57] [394/456] SCGA
[09:48:59] [395/456] LRCM
[09:49:01] [396/456] CPCN
[09:49:02] [397/456] SSTF
[09:49:03] 🔄 Identity reset
[09:49:03] 🔄 Identity rotated (every 10 requests)
[09:49:04] [398/456] SRXP
[09:49:06] [399/456] CNFX
[09:49:08] [400/456] ANDI
[09:49:09] [401/456] SYEW
[09:49:11] [402/456] RCRE
[09:49:13] [403/456] SCRW
[09:49:14] [404/456] MBKR
[09:49:16] [405/456] ASNT
[09:49:17] [406/456] JTMT
[09:49:19] [407/456] SHAY
[09:49:20] 🔄 Identity reset
[09:49:20] 🔄 Identity rotated (every 10 requests)
[09:49:21] [408/456] VRTH
[09:49:26] [409/456] SPTI
[09:49:27] [410/456] DPTD
[09:49:29] [411/456] TGSN
[09:49:30] [412/456] RCWV
[09:49:33] [413/456] OCUR
[09:49:34] [414/456] KSTC
[09:49:36] [415/456] SANI
[09:49:37] [416/456] MLCA
[09:49:39] [417/456] EGCA
[09:49:40] 🔄 Identity reset
[09:49:40] 🔄 Identity rotated (every 10 requests)
[09:49:40] [418/456] SYSN
[09:49:41] [419/456] PKTA
[09:49:43] [420/456] PRCC
[09:49:44] [421/456] KSTR
[09:49:46] [422/456] SNTP
[09:49:48] [423/456] RCHA
[09:49:50] [424/456] SEEA
[09:49:51] [425/456] ALAT
[09:49:53] [426/456] AATV
[09:49:54] [427/456] RJTE
[09:49:55] 🔄 Identity reset
[09:49:55] 🔄 Identity rotated (every 10 requests)
[09:49:56] [428/456] AAPP
[09:49:58] [429/456] PMMH
[09:49:59] [430/456] INRJ
[09:50:01] [431/456] SARB
[09:50:04] [432/456] PCJL
[09:50:05] [433/456] PFJJ
[09:50:08] [434/456] GRDC
[09:50:09] [435/456] BCBA
[09:50:10] [436/456] VIXL
[09:50:12] [437/456] CSTL
[09:50:12] 🔄 Identity reset
[09:50:12] 🔄 Identity rotated (every 10 requests)
[09:50:13] [438/456] MTDK
[09:50:14] [439/456] TDAC
[09:50:15] [440/456] GTDN
[09:50:17] [441/456] TTDE
[09:50:18] [442/456] ASTS
[09:50:20] [443/456] CPNS
[09:50:21] [444/456] PVVW
[09:50:22] [445/456] USEB
[09:50:23] [446/456] DTYN
[09:50:25] [447/456] PVLE
[09:50:26] 🔄 Identity reset
[09:50:26] 🔄 Identity rotated (every 10 requests)
[09:50:27] [448/456] CIPS
[09:50:28] [449/456] PAEG
[09:50:29] [450/456] PTCW
[09:50:30] [451/456] G3SR
[09:50:32] [452/456] PGND
[09:50:34] [453/456] INVM
[09:50:35] [454/456] SPIA
[09:50:37] [455/456] PCSN
[09:50:38] [456/456] PPGV
[09:50:40] 🧹 Deduping shows
[09:50:40] ✅ DONE | Shows=550 | Movies=38
[16:33:05] 🚀 SCRIPT STARTED (enhanced anti‑detection)
[16:33:05] [1/456] FNDB
[16:33:05] 🧠 New identity created
[16:33:06] [2/456] AMBH
[16:33:07] [3/456] PRHN
[16:33:07] [4/456] ACPM
[16:33:08] [5/456] PVFS
[16:33:09] [6/456] AACN
[16:33:11] [7/456] ACAS
[16:33:12] [8/456] CTNR
[16:33:13] [9/456] MMAH
[16:33:14] [10/456] CPMH
[16:33:15] 🔄 Identity reset
[16:33:15] 🔄 Identity rotated (every 10 requests)
[16:33:15] 🔄 Retry 1/5 for CPMH in 2.5s
[16:33:15] 🔄 Identity reset
[16:33:17] 🧠 New identity created
[16:33:17] [11/456] IGMH
[16:33:18] [12/456] ABCS
[16:33:19] [13/456] CMMA
[16:33:20] [14/456] GPRH
[16:33:22] [15/456] PNNG
[16:33:23] [16/456] AMCA
[16:33:24] [17/456] ISTN
[16:33:25] [18/456] PIIC
[16:33:26] [19/456] AHMH
[16:33:27] 🔄 Identity reset
[16:33:27] 🔄 Identity rotated (every 10 requests)
[16:33:27] [20/456] ASHN
[16:33:28] [21/456] INHY
[16:33:29] [22/456] SRMO
[16:33:30] [23/456] PIMH
[16:33:31] [24/456] PVTS
[16:33:32] [25/456] MMCA
[16:33:33] [26/456] AKYJ
[16:33:34] [27/456] BRKH
[16:33:35] [28/456] MAHM
[16:33:36] [29/456] CPHY
[16:33:36] 🔄 Identity reset
[16:33:36] 🔄 Identity rotated (every 10 requests)
[16:33:37] [30/456] PVTP
[16:33:37] [31/456] SMMR
[16:33:38] [32/456] PVHM
[16:33:39] [33/456] SNDY
[16:33:40] [34/456] GOKU
[16:33:41] [35/456] ACEV
[16:33:42] [36/456] PVUM
[16:33:43] [37/456] VSWA
[16:33:44] [38/456] IPRS
[16:33:45] [39/456] BKMV
[16:33:46] 🔄 Identity reset
[16:33:46] 🔄 Identity rotated (every 10 requests)
[16:33:46] [40/456] PVYH
[16:33:47] [41/456] INKM
[16:33:48] [42/456] ARJU
[16:33:49] [43/456] JJPP
[16:33:50] [44/456] SSRM
[16:33:52] [45/456] HMHD
[16:33:53] [46/456] SNKH
[16:33:54] [47/456] ACHI
[16:33:54] [48/456] MRAA
[16:33:55] [49/456] INMH
[16:33:56] 🔄 Identity reset
[16:33:56] 🔄 Identity rotated (every 10 requests)
[16:33:56] [50/456] ARMH
[16:33:57] [51/456] DVRR
[16:33:59] [52/456] SUDA
[16:34:00] [53/456] MCSS
[16:34:01] [54/456] VRKC
[16:34:02] [55/456] PRCX
[16:34:02] [56/456] ASJY
[16:34:03] [57/456] MTHY
[16:34:04] [58/456] SRCM
[16:34:05] [59/456] TVHY
[16:34:05] 🔄 Identity reset
[16:34:05] 🔄 Identity rotated (every 10 requests)
[16:34:06] [60/456] STHD
[16:34:07] [61/456] CPCL
[16:34:08] [62/456] PSMJ
[16:34:09] [63/456] MRGT
[16:34:10] [64/456] ARYH
[16:34:10] [65/456] VTRB
[16:34:12] [66/456] SCHC
[16:34:14] [67/456] MRRG
[16:34:15] [68/456] SPCB
[16:34:16] [69/456] AMCM
[16:34:17] 🔄 Identity reset
[16:34:17] 🔄 Identity rotated (every 10 requests)
[16:34:17] [70/456] IVNM
[16:34:18] [71/456] TRHY
[16:34:19] [72/456] PTTH
[16:34:20] [73/456] RKMH
[16:34:22] [74/456] PRCS
[16:34:23] [75/456] VAJA
[16:34:24] [76/456] BJNG
[16:34:25] [77/456] SCVM
[16:34:26] [78/456] GNHB
[16:34:26] [79/456] TLUR
[16:34:27] 🔄 Identity reset
[16:34:27] 🔄 Identity rotated (every 10 requests)
[16:34:27] 🔄 Retry 1/5 for TLUR in 2.9s
[16:34:27] 🔄 Identity reset
[16:34:30] 🧠 New identity created
[16:34:30] 🔄 Retry 2/5 for TLUR in 4.4s
[16:34:30] 🔄 Identity reset
[16:34:34] 🧠 New identity created
[16:34:35] [80/456] UKCC
[16:34:36] [81/456] SRKR
[16:34:36] [82/456] RMKN
[16:34:37] [83/456] SLRT
[16:34:38] [84/456] LKMT
[16:34:39] [85/456] SSRJ
[16:34:40] [86/456] SPHT
[16:34:41] [87/456] ANTT
[16:34:42] 🔄 Identity reset
[16:34:42] 🔄 Identity rotated (every 10 requests)
[16:34:43] [88/456] SRCH
[16:34:44] [89/456] SRCA
[16:34:45] [90/456] ARTH
[16:34:45] [91/456] MCBH
[16:34:46] [92/456] SNIB
[16:34:47] [93/456] SART
[16:34:48] [94/456] SKTA
[16:34:50] [95/456] YAKT
[16:34:51] [96/456] MLCK
[16:34:52] [97/456] ANTS
[16:34:52] 🔄 Identity reset
[16:34:52] 🔄 Identity rotated (every 10 requests)
[16:34:53] [98/456] DGCA
[16:34:54] [99/456] SGMP
[16:34:54] [100/456] ASWN
[16:34:55] [101/456] KFVU
[16:34:56] [102/456] POOR
[16:34:57] [103/456] GKDN
[16:34:58] [104/456] EOSE
[16:34:59] [105/456] GTTT
[16:35:00] [106/456] ARRO
[16:35:01] [107/456] CMMK
[16:35:02] 🔄 Identity reset
[16:35:02] 🔄 Identity rotated (every 10 requests)
[16:35:02] [108/456] MSCN
[16:35:03] [109/456] GDKH
[16:35:03] [110/456] DLMT
[16:35:04] [111/456] PVMF
[16:35:05] [112/456] CPCK
[16:35:06] [113/456] VMHE
[16:35:07] [114/456] PVLC
[16:35:08] [115/456] PCVB
[16:35:09] [116/456] SNYK
[16:35:11] [117/456] KTEK
[16:35:11] 🔄 Identity reset
[16:35:11] 🔄 Identity rotated (every 10 requests)
[16:35:12] [118/456] PCNM
[16:35:12] [119/456] NTTR
[16:35:13] [120/456] CPSK
[16:35:15] [121/456] JMMA
[16:35:16] [122/456] GCFK
[16:35:17] [123/456] MYCA
[16:35:18] [124/456] KSNP
[16:35:20] [125/456] PMCE
[16:35:21] [126/456] SCKI
[16:35:22] [127/456] FSMA
[16:35:22] 🔄 Identity reset
[16:35:22] 🔄 Identity rotated (every 10 requests)
[16:35:23] [128/456] CETA
[16:35:24] [129/456] MCIK
[16:35:25] [130/456] MYCR
[16:35:26] [131/456] EVMP
[16:35:26] [132/456] SSGT
[16:35:28] [133/456] KCTK
[16:35:29] [134/456] ZTKC
[16:35:30] [135/456] MMTA
[16:35:31] [136/456] MAJT
[16:35:31] [137/456] ACPK
[16:35:32] 🔄 Identity reset
[16:35:32] 🔄 Identity rotated (every 10 requests)
[16:35:32] [138/456] JMAX
[16:35:33] [139/456] SETK
[16:35:34] [140/456] CAIS
[16:35:35] [141/456] AGCD
[16:35:36] [142/456] URCL
[16:35:37] [143/456] VTDS
[16:35:38] [144/456] JCNM
[16:35:39] [145/456] KCAM
[16:35:40] [146/456] ADCU
[16:35:41] [147/456] GXYN
[16:35:41] 🔄 Identity reset
[16:35:41] 🔄 Identity rotated (every 10 requests)
[16:35:41] [148/456] SMJG
[16:35:42] [149/456] EYCJ
[16:35:43] [150/456] CCEJ
[16:35:44] [151/456] MARS
[16:35:45] [152/456] CPVJ
[16:35:46] [153/456] INVP
[16:35:47] [154/456] CPOV
[16:35:47] [155/456] VIJK
[16:35:48] [156/456] LAIM
[16:35:49] [157/456] STHV
[16:35:50] 🔄 Identity reset
[16:35:50] 🔄 Identity rotated (every 10 requests)
[16:35:51] [158/456] SVLJ
[16:35:52] [159/456] ATVJ
[16:35:52] [160/456] JTSC
[16:35:53] [161/456] RMTV
[16:35:55] [162/456] MGGG
[16:35:56] [163/456] SWTH
[16:35:57] [164/456] INVJ
[16:35:57] [165/456] PRSV
[16:35:58] [166/456] JATV
[16:35:59] [167/456] RCVD
[16:36:00] 🔄 Identity reset
[16:36:00] 🔄 Identity rotated (every 10 requests)
[16:36:00] [168/456] BDMA
[16:36:01] [169/456] BLJI
[16:36:14] 🔄 Retry 1/5 for BLJI in 2.8s
[16:36:14] 🔄 Identity reset
[16:36:16] 🧠 New identity created
[16:36:17] [170/456] SWOT
[16:36:18] [171/456] SWRN
[16:36:19] [172/456] TVRA
[16:36:21] [173/456] NVRN
[16:36:21] [174/456] SIKC
[16:36:22] [175/456] VAKR
[16:36:23] [176/456] SYLN
[16:36:24] 🔄 Identity reset
[16:36:24] 🔄 Identity rotated (every 10 requests)
[16:36:24] [177/456] KLJL
[16:36:25] [178/456] LKMY
[16:36:26] [179/456] VSLY
[16:36:27] [180/456] CIKO
[16:36:28] [181/456] GPBG
[16:36:29] [182/456] CECM
[16:36:31] [183/456] SLKB
[16:36:32] [184/456] MTBO
[16:36:33] [185/456] SSHB
[16:36:33] [186/456] VPCS
[16:36:34] 🔄 Identity reset
[16:36:34] 🔄 Identity rotated (every 10 requests)
[16:36:34] [187/456] RCSR
[16:36:35] [188/456] RJRM
[16:36:36] [189/456] KPPB
[16:36:37] [190/456] SEDC
[16:36:38] [191/456] SCAI
[16:36:39] [192/456] RMTR
[16:36:40] [193/456] ASST
[16:36:41] [194/456] GCAK
[16:36:42] [195/456] ANNK
[16:36:43] [196/456] KDDF
[16:36:43] 🔄 Identity reset
[16:36:43] 🔄 Identity rotated (every 10 requests)
[16:36:44] [197/456] NRDP
[16:36:44] [198/456] PLAK
[16:36:45] [199/456] GCMC
[16:36:46] [200/456] ALPY
[16:36:47] [201/456] SICE
[16:36:48] [202/456] SISR
[16:36:49] [203/456] SRPZ
[16:36:50] [204/456] SRSW
[16:36:51] [205/456] SUYA
[16:36:51] [206/456] AMMT
[16:36:52] 🔄 Identity reset
[16:36:52] 🔄 Identity rotated (every 10 requests)
[16:36:52] [207/456] BHCU
[16:36:53] [208/456] KLPA
[16:36:54] [209/456] NVKH
[16:36:55] [210/456] JMRC
[16:36:57] [211/456] KTTT
[16:36:58] [212/456] MAGH
[16:36:59] [213/456] MMMX
[16:37:00] [214/456] SALJ
[16:37:01] [215/456] GTJA
[16:37:02] [216/456] MAHT
[16:37:03] 🔄 Identity reset
[16:37:03] 🔄 Identity rotated (every 10 requests)
[16:37:03] [217/456] SSNN
[16:37:05] [218/456] ARRP
[16:37:06] [219/456] ATNS
[16:37:07] [220/456] SKDT
[16:37:08] [221/456] ACAT
[16:37:10] [222/456] APRC
[16:37:11] [223/456] SWAG
[16:37:12] [224/456] SDPT
[16:37:13] [225/456] STPS
[16:37:13] [226/456] WWCZ
[16:37:14] 🔄 Identity reset
[16:37:14] 🔄 Identity rotated (every 10 requests)
[16:37:14] [227/456] LLCH
[16:37:15] [228/456] MZHA
[16:37:16] [229/456] CRJG
[16:37:17] [230/456] JGTK
[16:37:18] [231/456] KCSR
[16:37:19] [232/456] CHTL
[16:37:20] [233/456] EDSR
[16:37:20] [234/456] CSWO
[16:37:21] [235/456] CPVM
[16:37:23] [236/456] MXBY
[16:37:23] 🔄 Identity reset
[16:37:24] 🔄 Identity rotated (every 10 requests)
[16:37:24] [237/456] FMMA
[16:37:25] [238/456] POVI
[16:37:25] [239/456] MTHB
[16:37:26] [240/456] INRC
[16:37:27] [241/456] PIPP
[16:37:28] [242/456] BMXC
[16:37:30] [243/456] PCMM
[16:37:31] [244/456] PMKM
[16:37:32] [245/456] GATY
[16:37:33] [246/456] IMCM
[16:37:33] 🔄 Identity reset
[16:37:33] 🔄 Identity rotated (every 10 requests)
[16:37:34] [247/456] POPE
[16:37:35] [248/456] MTCR
[16:37:36] [249/456] PVAE
[16:37:37] [250/456] PVMI
[16:37:37] [251/456] CPNM
[16:37:39] [252/456] FMRL
[16:37:40] [253/456] MCIW
[16:37:41] [254/456] MXBO
[16:37:41] [255/456] FMKY
[16:37:42] [256/456] FMDA
[16:37:43] 🔄 Identity reset
[16:37:43] 🔄 Identity rotated (every 10 requests)
[16:37:43] [257/456] THAB
[16:37:44] [258/456] PRCW
[16:37:45] [259/456] PITI
[16:37:46] [260/456] MCFF
[16:37:47] [261/456] PDDV
[16:37:48] [262/456] MCRM
[16:37:48] [263/456] KKMB
[16:37:49] [264/456] INKO
[16:37:50] [265/456] PLXP
[16:37:52] [266/456] MMHA
[16:37:52] 🔄 Identity reset
[16:37:52] 🔄 Identity rotated (every 10 requests)
[16:37:53] [267/456] FMVS
[16:37:54] [268/456] POLM
[16:37:54] [269/456] STER
[16:37:55] [270/456] PVWJ
[16:37:56] [271/456] IMJW
[16:37:57] [272/456] FNAN
[16:37:58] [273/456] CAGL
[16:37:59] [274/456] IPBG
[16:38:00] [275/456] SMFV
[16:38:01] [276/456] MMMR
[16:38:02] 🔄 Identity reset
[16:38:02] 🔄 Identity rotated (every 10 requests)
[16:38:02] [277/456] MMWM
[16:38:03] [278/456] FNCM
[16:38:04] [279/456] MDVA
[16:38:05] [280/456] MMET
[16:38:06] [281/456] MIDO
[16:38:07] [282/456] INNP
[16:38:07] [283/456] MIFU
[16:38:08] [284/456] MMSZ
[16:38:10] [285/456] BMXA
[16:38:11] [286/456] MCAA
[16:38:12] 🔄 Identity reset
[16:38:12] 🔄 Identity rotated (every 10 requests)
[16:38:12] [287/456] SCVP
[16:38:13] [288/456] PLUS
[16:38:14] [289/456] MUCK
[16:38:15] [290/456] MTMA
[16:38:16] [291/456] HPVR
[16:38:17] [292/456] PMPK
[16:38:18] [293/456] MAJB
[16:38:19] [294/456] CTRR
[16:38:20] [295/456] MCTG
[16:38:21] [296/456] MACE
[16:38:22] 🔄 Identity reset
[16:38:22] 🔄 Identity rotated (every 10 requests)
[16:38:22] [297/456] AAAS
[16:38:23] [298/456] CPVV
[16:38:24] [299/456] RCHG
[16:38:25] [300/456] MCNE
[16:38:26] [301/456] EMNC
[16:38:27] [302/456] MCAN
[16:38:28] [303/456] TCDM
[16:38:29] [304/456] IRGT
[16:38:30] [305/456] GCMG
[16:38:31] [306/456] MXSN
[16:38:32] 🔄 Identity reset
[16:38:32] 🔄 Identity rotated (every 10 requests)
[16:38:32] [307/456] MXCK
[16:38:33] [308/456] MCRC
[16:38:34] [309/456] RSMI
[16:38:35] [310/456] WAML
[16:38:35] [311/456] MTSC
[16:38:36] [312/456] FMDR
[16:38:37] [313/456] LEPV
[16:38:38] [314/456] MTGD
[16:38:39] [315/456] IMOB
[16:38:41] [316/456] CLMM
[16:38:42] 🔄 Identity reset
[16:38:42] 🔄 Identity rotated (every 10 requests)
[16:38:43] [317/456] PZCD
[16:38:44] [318/456] GOCS
[16:38:44] [319/456] KCMA
[16:38:45] [320/456] CCMP
[16:38:46] [321/456] MTSU
[16:38:47] [322/456] SNGL
[16:38:48] [323/456] MMMC
[16:38:49] [324/456] MMAA
[16:38:50] [325/456] GCDM
[16:38:51] [326/456] KTMV
[16:38:51] 🔄 Identity reset
[16:38:51] 🔄 Identity rotated (every 10 requests)
[16:38:52] [327/456] AETE
[16:38:53] [328/456] OMCS
[16:38:54] [329/456] GDCD
[16:38:55] [330/456] NYMD
[16:38:56] [331/456] RNCV
[16:38:58] [332/456] KKMT
[16:39:00] [333/456] GDTH
[16:39:00] [334/456] KMMV
[16:39:01] [335/456] NHCG
[16:39:02] [336/456] PJDW
[16:39:03] 🔄 Identity reset
[16:39:03] 🔄 Identity rotated (every 10 requests)
[16:39:03] [337/456] MMCV
[16:39:04] [338/456] FQSA
[16:39:05] [339/456] KURL
[16:39:06] [340/456] NNNX
[16:39:07] [341/456] AMAU
[16:39:08] [342/456] VVVM
[16:39:09] [343/456] VECU
[16:39:10] [344/456] WCVR
[16:39:11] [345/456] MTGG
[16:39:12] [346/456] SGTG
[16:39:12] 🔄 Identity reset
[16:39:12] 🔄 Identity rotated (every 10 requests)
[16:39:12] [347/456] MNTG
[16:39:13] [348/456] JDDG
[16:39:14] [349/456] MBTK
[16:39:15] [350/456] SGCD
[16:39:16] [351/456] MCTC
[16:39:17] [352/456] JTPC
[16:39:18] [353/456] SDKT
[16:39:19] [354/456] KRCC
[16:39:20] [355/456] RMMD
[16:39:21] [356/456] AAME
[16:39:22] 🔄 Identity reset
[16:39:22] 🔄 Identity rotated (every 10 requests)
[16:39:22] [357/456] TMWC
[16:39:23] [358/456] NRWY
[16:39:25] [359/456] CITD
[16:39:26] [360/456] VERD
[16:39:27] [361/456] MKSK
[16:39:28] [362/456] STSM
[16:39:29] [363/456] MJDG
[16:39:29] [364/456] RKPM
[16:39:30] [365/456] SSCE
[16:39:31] [366/456] VMAE
[16:39:32] 🔄 Identity reset
[16:39:32] 🔄 Identity rotated (every 10 requests)
[16:39:33] [367/456] SBRU
[16:39:34] [368/456] AMBC
[16:39:35] [369/456] AMLU
[16:39:36] [370/456] INVZ
[16:39:37] [371/456] LGTV
[16:39:38] [372/456] SVAD
[16:39:39] [373/456] SMSA
[16:39:39] [374/456] SPCZ
[16:39:40] [375/456] GTCX
[16:39:41] [376/456] SCSL
[16:39:42] 🔄 Identity reset
[16:39:42] 🔄 Identity rotated (every 10 requests)
[16:39:42] [377/456] SAHU
[16:39:43] [378/456] NCDA
[16:39:44] [379/456] SCCG
[16:39:46] [380/456] VKTL
[16:39:47] [381/456] PUUJ
[16:39:48] [382/456] STEJ
[16:39:49] [383/456] RJAL
[16:39:50] [384/456] ACJC
[16:39:50] [385/456] ARVB
[16:39:52] [386/456] AUBB
[16:39:53] 🔄 Identity reset
[16:39:53] 🔄 Identity rotated (every 10 requests)
[16:39:53] [387/456] GDBR
[16:39:54] [388/456] PVND
[16:39:55] [389/456] BGRJ
[16:39:56] [390/456] RJMM
[16:39:57] [391/456] MCSA
[16:39:58] [392/456] BODA
[16:39:59] [393/456] JAGG
[16:40:00] [394/456] SCGA
[16:40:00] [395/456] LRCM
[16:40:01] [396/456] CPCN
[16:40:02] 🔄 Identity reset
[16:40:02] 🔄 Identity rotated (every 10 requests)
[16:40:02] [397/456] SSTF
[16:40:03] [398/456] SRXP
[16:40:04] [399/456] CNFX
[16:40:05] [400/456] ANDI
[16:40:06] [401/456] SYEW
[16:40:07] [402/456] RCRE
[16:40:08] [403/456] SCRW
[16:40:10] [404/456] MBKR
[16:40:11] [405/456] ASNT
[16:40:12] [406/456] JTMT
[16:40:12] 🔄 Identity reset
[16:40:12] 🔄 Identity rotated (every 10 requests)
[16:40:13] [407/456] SHAY
[16:40:14] [408/456] VRTH
[16:40:15] [409/456] SPTI
[16:40:15] [410/456] DPTD
[16:40:16] [411/456] TGSN
[16:40:17] [412/456] RCWV
[16:40:18] [413/456] OCUR
[16:40:19] [414/456] KSTC
[16:40:20] [415/456] SANI
[16:40:21] [416/456] MLCA
[16:40:21] 🔄 Identity reset
[16:40:21] 🔄 Identity rotated (every 10 requests)
[16:40:22] [417/456] EGCA
[16:40:23] [418/456] SYSN
[16:40:23] [419/456] PKTA
[16:40:24] [420/456] PRCC
[16:40:25] [421/456] KSTR
[16:40:26] [422/456] SNTP
[16:40:27] [423/456] RCHA
[16:40:28] [424/456] SEEA
[16:40:29] [425/456] ALAT
[16:40:30] [426/456] AATV
[16:40:31] 🔄 Identity reset
[16:40:31] 🔄 Identity rotated (every 10 requests)
[16:40:32] [427/456] RJTE
[16:40:33] [428/456] AAPP
[16:40:34] [429/456] PMMH
[16:40:35] [430/456] INRJ
[16:40:36] [431/456] SARB
[16:40:37] [432/456] PCJL
[16:40:38] [433/456] PFJJ
[16:40:39] [434/456] GRDC
[16:40:40] [435/456] BCBA
[16:40:41] [436/456] VIXL
[16:40:42] 🔄 Identity reset
[16:40:42] 🔄 Identity rotated (every 10 requests)
[16:40:42] [437/456] CSTL
[16:40:43] [438/456] MTDK
[16:40:45] [439/456] TDAC
[16:40:45] [440/456] GTDN
[16:40:46] [441/456] TTDE
[16:40:47] [442/456] ASTS
[16:40:48] [443/456] CPNS
[16:40:49] [444/456] PVVW
[16:40:50] [445/456] USEB
[16:40:51] [446/456] DTYN
[16:40:52] 🔄 Identity reset
[16:40:52] 🔄 Identity rotated (every 10 requests)
[16:40:52] [447/456] PVLE
[16:40:53] [448/456] CIPS
[16:40:54] [449/456] PAEG
[16:40:55] [450/456] PTCW
[16:40:56] [451/456] G3SR
[16:40:57] [452/456] PGND
[16:40:58] [453/456] INVM
[16:40:59] [454/456] SPIA
[16:41:00] [455/456] PCSN
[16:41:01] [456/456] PPGV
[16:41:01] 🔄 Identity reset
[16:41:01] 🔄 Identity rotated (every 10 requests)
[16:41:02] 🧹 Deduping shows
[16:41:02] ✅ DONE | Shows=608 | Movies=37
[12:23:01] 🚀 SCRIPT STARTED (enhanced anti‑detection)
[12:23:01] [1/456] FNDB
[12:23:01] 🧠 New identity created
[12:23:02] [2/456] AMBH
[12:23:02] [3/456] PRHN
[12:23:03] [4/456] ACPM
[12:23:05] [5/456] PVFS
[12:23:06] [6/456] AACN
[12:23:07] [7/456] ACAS
[12:23:09] [8/456] CTNR
[12:23:10] [9/456] MMAH
[12:23:11] [10/456] CPMH
[12:23:11] 🔄 Identity reset
[12:23:11] 🔄 Identity rotated (every 10 requests)
[12:23:11] [11/456] IGMH
[12:23:12] [12/456] ABCS
[12:23:14] [13/456] CMMA
[12:23:15] [14/456] GPRH
[12:23:16] [15/456] PNNG
[12:23:17] [16/456] AMCA
[12:23:18] [17/456] ISTN
[12:23:20] [18/456] PIIC
[12:23:21] [19/456] AHMH
[12:23:22] [20/456] ASHN
[12:23:23] 🔄 Identity reset
[12:23:23] 🔄 Identity rotated (every 10 requests)
[12:23:23] [21/456] INHY
[12:23:24] [22/456] SRMO
[12:23:25] [23/456] PIMH
[12:23:26] [24/456] PVTS
[12:23:27] [25/456] MMCA
[12:23:28] [26/456] AKYJ
[12:23:29] [27/456] BRKH
[12:23:30] [28/456] MAHM
[12:23:30] [29/456] CPHY
[12:23:31] [30/456] PVTP
[12:23:32] 🔄 Identity reset
[12:23:32] 🔄 Identity rotated (every 10 requests)
[12:23:32] [31/456] SMMR
[12:23:34] [32/456] PVHM
[12:23:35] [33/456] SNDY
[12:23:36] [34/456] GOKU
[12:23:37] [35/456] ACEV
[12:23:37] [36/456] PVUM
[12:23:38] [37/456] VSWA
[12:23:40] [38/456] IPRS
[12:23:41] [39/456] BKMV
[12:23:42] [40/456] PVYH
[12:23:42] 🔄 Identity reset
[12:23:42] 🔄 Identity rotated (every 10 requests)
[12:23:43] [41/456] INKM
[12:23:44] [42/456] ARJU
[12:23:44] [43/456] JJPP
[12:23:45] [44/456] SSRM
[12:23:46] [45/456] HMHD
[12:23:48] [46/456] SNKH
[12:23:49] [47/456] ACHI
[12:23:50] [48/456] MRAA
[12:23:51] [49/456] INMH
[12:23:52] [50/456] ARMH
[12:23:53] 🔄 Identity reset
[12:23:53] 🔄 Identity rotated (every 10 requests)
[12:23:54] [51/456] DVRR
[12:23:55] [52/456] SUDA
[12:23:56] [53/456] MCSS
[12:23:56] [54/456] VRKC
[12:23:57] [55/456] PRCX
[12:23:58] [56/456] ASJY
[12:23:59] [57/456] MTHY
[12:24:00] [58/456] SRCM
[12:24:01] [59/456] TVHY
[12:24:02] [60/456] STHD
[12:24:02] 🔄 Identity reset
[12:24:02] 🔄 Identity rotated (every 10 requests)
[12:24:03] [61/456] CPCL
[12:24:04] [62/456] PSMJ
[12:24:05] [63/456] MRGT
[12:24:05] [64/456] ARYH
[12:24:06] [65/456] VTRB
[12:24:08] [66/456] SCHC
[12:24:09] [67/456] MRRG
[12:24:10] [68/456] SPCB
[12:24:11] [69/456] AMCM
[12:24:11] [70/456] IVNM
[12:24:12] 🔄 Identity reset
[12:24:12] 🔄 Identity rotated (every 10 requests)
[12:24:12] [71/456] TRHY
[12:24:13] [72/456] PTTH
[12:24:14] [73/456] RKMH
[12:24:15] [74/456] PRCS
[12:24:16] [75/456] VAJA
[12:24:17] [76/456] BJNG
[12:24:19] [77/456] SCVM
[12:24:20] [78/456] GNHB
[12:24:21] [79/456] TLUR
[12:24:22] [80/456] UKCC
[12:24:23] 🔄 Identity reset
[12:24:23] 🔄 Identity rotated (every 10 requests)
[12:24:23] 🔄 Retry 1/5 for UKCC in 2.8s
[12:24:23] 🔄 Identity reset
[12:24:26] 🧠 New identity created
[12:24:26] [81/456] SRKR
[12:24:27] [82/456] RMKN
[12:24:28] [83/456] SLRT
[12:24:28] [84/456] LKMT
[12:24:29] [85/456] SSRJ
[12:24:30] [86/456] SPHT
[12:24:31] [87/456] ANTT
[12:24:32] [88/456] SRCH
[12:24:33] [89/456] SRCA
[12:24:34] 🔄 Identity reset
[12:24:34] 🔄 Identity rotated (every 10 requests)
[12:24:35] [90/456] ARTH
[12:24:35] [91/456] MCBH
[12:24:36] [92/456] SNIB
[12:24:37] [93/456] SART
[12:24:38] [94/456] SKTA
[12:24:39] [95/456] YAKT
[12:24:41] [96/456] MLCK
[12:24:42] [97/456] ANTS
[12:24:43] [98/456] DGCA
[12:24:43] [99/456] SGMP
[12:24:44] 🔄 Identity reset
[12:24:44] 🔄 Identity rotated (every 10 requests)
[12:24:44] 🔄 Retry 1/5 for SGMP in 2.4s
[12:24:44] 🔄 Identity reset
[12:24:47] 🧠 New identity created
[12:24:47] [100/456] ASWN
[12:24:48] [101/456] KFVU
[12:24:49] [102/456] POOR
[12:24:50] [103/456] GKDN
[12:24:51] [104/456] EOSE
[12:24:52] [105/456] GTTT
[12:24:53] [106/456] ARRO
[12:24:54] [107/456] CMMK
[12:24:55] [108/456] MSCN
[12:24:55] 🔄 Identity reset
[12:24:55] 🔄 Identity rotated (every 10 requests)
[12:24:57] [109/456] GDKH
[12:24:57] [110/456] DLMT
[12:24:58] [111/456] PVMF
[12:25:00] [112/456] CPCK
[12:25:01] [113/456] VMHE
[12:25:02] [114/456] PVLC
[12:25:03] [115/456] PCVB
[12:25:04] [116/456] SNYK
[12:25:05] [117/456] KTEK
[12:25:06] [118/456] PCNM
[12:25:07] 🔄 Identity reset
[12:25:07] 🔄 Identity rotated (every 10 requests)
[12:25:07] [119/456] NTTR
[12:25:08] [120/456] CPSK
[12:25:09] [121/456] JMMA
[12:25:10] [122/456] GCFK
[12:25:11] [123/456] MYCA
[12:25:12] [124/456] KSNP
[12:25:13] [125/456] PMCE
[12:25:14] [126/456] SCKI
[12:25:15] [127/456] FSMA
[12:25:16] [128/456] CETA
[12:25:16] 🔄 Identity reset
[12:25:16] 🔄 Identity rotated (every 10 requests)
[12:25:17] [129/456] MCIK
[12:25:18] [130/456] MYCR
[12:25:19] [131/456] EVMP
[12:25:21] [132/456] SSGT
[12:25:22] [133/456] KCTK
[12:25:23] [134/456] ZTKC
[12:25:23] [135/456] MMTA
[12:25:25] [136/456] MAJT
[12:25:26] [137/456] ACPK
[12:25:27] [138/456] JMAX
[12:25:28] 🔄 Identity reset
[12:25:28] 🔄 Identity rotated (every 10 requests)
[12:25:28] 🔄 Retry 1/5 for JMAX in 2.2s
[12:25:28] 🔄 Identity reset
[12:25:30] 🧠 New identity created
[12:25:30] [139/456] SETK
[12:25:31] [140/456] CAIS
[12:25:32] [141/456] AGCD
[12:25:33] [142/456] URCL
[12:25:34] [143/456] VTDS
[12:25:35] [144/456] JCNM
[12:25:36] [145/456] KCAM
[12:25:37] [146/456] ADCU
[12:25:38] [147/456] GXYN
[12:25:39] 🔄 Identity reset
[12:25:39] 🔄 Identity rotated (every 10 requests)
[12:25:39] [148/456] SMJG
[12:25:40] [149/456] EYCJ
[12:25:41] [150/456] CCEJ
[12:25:42] [151/456] MARS
[12:25:43] [152/456] CPVJ
[12:25:44] [153/456] INVP
[12:25:45] [154/456] CPOV
[12:25:46] [155/456] VIJK
[12:25:47] [156/456] LAIM
[12:25:48] [157/456] STHV
[12:25:49] 🔄 Identity reset
[12:25:49] 🔄 Identity rotated (every 10 requests)
[12:25:49] [158/456] SVLJ
[12:25:50] [159/456] ATVJ
[12:25:52] [160/456] JTSC
[12:25:53] [161/456] RMTV
[12:25:54] [162/456] MGGG
[12:25:56] [163/456] SWTH
[12:25:57] [164/456] INVJ
[12:25:58] [165/456] PRSV
[12:25:59] [166/456] JATV
[12:26:00] [167/456] RCVD
[12:26:01] 🔄 Identity reset
[12:26:01] 🔄 Identity rotated (every 10 requests)
[12:26:01] 🔄 Retry 1/5 for RCVD in 2.7s
[12:26:01] 🔄 Identity reset
[12:26:04] 🧠 New identity created
[12:26:04] [168/456] BDMA
[12:26:05] [169/456] BLJI
[12:26:06] [170/456] SWOT
[12:26:07] [171/456] SWRN
[12:26:08] [172/456] TVRA
[12:26:10] [173/456] NVRN
[12:26:11] [174/456] SIKC
[12:26:12] [175/456] VAKR
[12:26:14] [176/456] SYLN
[12:26:14] 🔄 Identity reset
[12:26:14] 🔄 Identity rotated (every 10 requests)
[12:26:15] [177/456] KLJL
[12:26:16] [178/456] LKMY
[12:26:17] [179/456] VSLY
[12:26:18] [180/456] CIKO
[12:26:19] [181/456] GPBG
[12:26:20] [182/456] CECM
[12:26:21] [183/456] SLKB
[12:26:22] [184/456] MTBO
[12:26:23] [185/456] SSHB
[12:26:24] [186/456] VPCS
[12:26:25] 🔄 Identity reset
[12:26:25] 🔄 Identity rotated (every 10 requests)
[12:26:26] [187/456] RCSR
[12:26:27] [188/456] RJRM
[12:26:28] [189/456] KPPB
[12:26:29] [190/456] SEDC
[12:26:29] [191/456] SCAI
[12:26:30] [192/456] RMTR
[12:26:31] [193/456] ASST
[12:26:32] [194/456] GCAK
[12:26:34] [195/456] ANNK
[12:26:35] [196/456] KDDF
[12:26:35] 🔄 Identity reset
[12:26:35] 🔄 Identity rotated (every 10 requests)
[12:26:36] [197/456] NRDP
[12:26:37] [198/456] PLAK
[12:26:38] [199/456] GCMC
[12:26:39] [200/456] ALPY
[12:26:39] [201/456] SICE
[12:26:40] [202/456] SISR
[12:26:41] [203/456] SRPZ
[12:26:42] [204/456] SRSW
[12:26:43] [205/456] SUYA
[12:26:44] [206/456] AMMT
[12:26:45] 🔄 Identity reset
[12:26:45] 🔄 Identity rotated (every 10 requests)
[12:26:45] [207/456] BHCU
[12:26:46] [208/456] KLPA
[12:26:47] [209/456] NVKH
[12:26:48] [210/456] JMRC
[12:26:49] [211/456] KTTT
[12:26:50] [212/456] MAGH
[12:26:51] [213/456] MMMX
[12:26:52] [214/456] SALJ
[12:26:54] [215/456] GTJA
[12:26:55] [216/456] MAHT
[12:26:55] 🔄 Identity reset
[12:26:55] 🔄 Identity rotated (every 10 requests)
[12:26:56] [217/456] SSNN
[12:26:56] [218/456] ARRP
[12:26:57] [219/456] ATNS
[12:26:58] [220/456] SKDT
[12:27:00] [221/456] ACAT
[12:27:00] [222/456] APRC
[12:27:02] [223/456] SWAG
[12:27:03] [224/456] SDPT
[12:27:04] [225/456] STPS
[12:27:05] [226/456] WWCZ
[12:27:05] 🔄 Identity reset
[12:27:05] 🔄 Identity rotated (every 10 requests)
[12:27:06] [227/456] LLCH
[12:27:07] [228/456] MZHA
[12:27:08] [229/456] CRJG
[12:27:09] [230/456] JGTK
[12:27:11] [231/456] KCSR
[12:27:12] [232/456] CHTL
[12:27:13] [233/456] EDSR
[12:27:14] [234/456] CSWO
[12:27:15] [235/456] CPVM
[12:27:16] [236/456] MXBY
[12:27:17] 🔄 Identity reset
[12:27:17] 🔄 Identity rotated (every 10 requests)
[12:27:17] [237/456] FMMA
[12:27:18] [238/456] POVI
[12:27:19] [239/456] MTHB
[12:27:21] [240/456] INRC
[12:27:23] [241/456] PIPP
[12:27:24] [242/456] BMXC
[12:27:25] [243/456] PCMM
[12:27:26] [244/456] PMKM
[12:27:27] [245/456] GATY
[12:27:28] [246/456] IMCM
[12:27:28] 🔄 Identity reset
[12:27:28] 🔄 Identity rotated (every 10 requests)
[12:27:29] [247/456] POPE
[12:27:30] [248/456] MTCR
[12:27:31] [249/456] PVAE
[12:27:31] [250/456] PVMI
[12:27:32] [251/456] CPNM
[12:27:33] [252/456] FMRL
[12:27:34] [253/456] MCIW
[12:27:35] [254/456] MXBO
[12:27:37] [255/456] FMKY
[12:27:37] [256/456] FMDA
[12:27:38] 🔄 Identity reset
[12:27:38] 🔄 Identity rotated (every 10 requests)
[12:27:39] [257/456] THAB
[12:27:39] [258/456] PRCW
[12:27:40] [259/456] PITI
[12:27:41] [260/456] MCFF
[12:27:42] [261/456] PDDV
[12:27:43] [262/456] MCRM
[12:27:44] [263/456] KKMB
[12:27:45] [264/456] INKO
[12:27:46] [265/456] PLXP
[12:27:47] [266/456] MMHA
[12:27:48] 🔄 Identity reset
[12:27:48] 🔄 Identity rotated (every 10 requests)
[12:27:48] [267/456] FMVS
[12:27:49] [268/456] POLM
[12:27:50] [269/456] STER
[12:27:51] [270/456] PVWJ
[12:27:52] [271/456] IMJW
[12:27:53] [272/456] FNAN
[12:27:54] [273/456] CAGL
[12:27:54] [274/456] IPBG
[12:27:55] [275/456] SMFV
[12:27:56] [276/456] MMMR
[12:27:57] 🔄 Identity reset
[12:27:57] 🔄 Identity rotated (every 10 requests)
[12:27:57] [277/456] MMWM
[12:27:59] [278/456] FNCM
[12:28:00] [279/456] MDVA
[12:28:01] [280/456] MMET
[12:28:02] [281/456] MIDO
[12:28:03] [282/456] INNP
[12:28:04] [283/456] MIFU
[12:28:06] [284/456] MMSZ
[12:28:07] [285/456] BMXA
[12:28:08] [286/456] MCAA
[12:28:08] 🔄 Identity reset
[12:28:08] 🔄 Identity rotated (every 10 requests)
[12:28:09] [287/456] SCVP
[12:28:10] [288/456] PLUS
[12:28:11] [289/456] MUCK
[12:28:12] [290/456] MTMA
[12:28:13] [291/456] HPVR
[12:28:14] [292/456] PMPK
[12:28:15] [293/456] MAJB
[12:28:16] [294/456] CTRR
[12:28:17] [295/456] MCTG
[12:28:18] [296/456] MACE
[12:28:19] 🔄 Identity reset
[12:28:19] 🔄 Identity rotated (every 10 requests)
[12:28:19] [297/456] AAAS
[12:28:20] [298/456] CPVV
[12:28:21] [299/456] RCHG
[12:28:22] [300/456] MCNE
[12:28:23] [301/456] EMNC
[12:28:24] [302/456] MCAN
[12:28:25] [303/456] TCDM
[12:28:26] [304/456] IRGT
[12:28:27] [305/456] GCMG
[12:28:28] [306/456] MXSN
[12:28:29] 🔄 Identity reset
[12:28:29] 🔄 Identity rotated (every 10 requests)
[12:28:29] [307/456] MXCK
[12:28:31] [308/456] MCRC
[12:28:32] [309/456] RSMI
[12:28:33] [310/456] WAML
[12:28:34] [311/456] MTSC
[12:28:36] [312/456] FMDR
[12:28:37] [313/456] LEPV
[12:28:38] [314/456] MTGD
[12:28:39] [315/456] IMOB
[12:28:41] [316/456] CLMM
[12:28:41] 🔄 Identity reset
[12:28:41] 🔄 Identity rotated (every 10 requests)
[12:28:42] [317/456] PZCD
[12:28:43] [318/456] GOCS
[12:28:44] [319/456] KCMA
[12:28:45] [320/456] CCMP
[12:28:45] [321/456] MTSU
[12:28:46] [322/456] SNGL
[12:28:47] [323/456] MMMC
[12:28:48] [324/456] MMAA
[12:28:49] [325/456] GCDM
[12:28:50] [326/456] KTMV
[12:28:51] 🔄 Identity reset
[12:28:51] 🔄 Identity rotated (every 10 requests)
[12:28:51] [327/456] AETE
[12:28:52] [328/456] OMCS
[12:28:53] [329/456] GDCD
[12:28:54] [330/456] NYMD
[12:28:55] [331/456] RNCV
[12:28:57] [332/456] KKMT
[12:28:58] [333/456] GDTH
[12:28:59] [334/456] KMMV
[12:28:59] [335/456] NHCG
[12:29:00] [336/456] PJDW
[12:29:01] 🔄 Identity reset
[12:29:01] 🔄 Identity rotated (every 10 requests)
[12:29:01] [337/456] MMCV
[12:29:02] [338/456] FQSA
[12:29:03] [339/456] KURL
[12:29:04] [340/456] NNNX
[12:29:05] [341/456] AMAU
[12:29:07] [342/456] VVVM
[12:29:08] [343/456] VECU
[12:29:09] [344/456] WCVR
[12:29:10] [345/456] MTGG
[12:29:11] [346/456] SGTG
[12:29:12] 🔄 Identity reset
[12:29:12] 🔄 Identity rotated (every 10 requests)
[12:29:12] [347/456] MNTG
[12:29:13] [348/456] JDDG
[12:29:14] [349/456] MBTK
[12:29:15] [350/456] SGCD
[12:29:16] [351/456] MCTC
[12:29:17] [352/456] JTPC
[12:29:18] [353/456] SDKT
[12:29:19] [354/456] KRCC
[12:29:20] [355/456] RMMD
[12:29:21] [356/456] AAME
[12:29:21] 🔄 Identity reset
[12:29:21] 🔄 Identity rotated (every 10 requests)
[12:29:22] [357/456] TMWC
[12:29:23] [358/456] NRWY
[12:29:25] [359/456] CITD
[12:29:26] [360/456] VERD
[12:29:27] [361/456] MKSK
[12:29:27] [362/456] STSM
[12:29:28] [363/456] MJDG
[12:29:30] [364/456] RKPM
[12:29:31] [365/456] SSCE
[12:29:32] [366/456] VMAE
[12:29:33] 🔄 Identity reset
[12:29:33] 🔄 Identity rotated (every 10 requests)
[12:29:33] 🔄 Retry 1/5 for VMAE in 2.7s
[12:29:33] 🔄 Identity reset
[12:29:36] 🧠 New identity created
[12:29:36] [367/456] SBRU
[12:29:37] [368/456] AMBC
[12:29:38] [369/456] AMLU
[12:29:38] [370/456] INVZ
[12:29:39] [371/456] LGTV
[12:29:40] [372/456] SVAD
[12:29:42] [373/456] SMSA
[12:29:43] [374/456] SPCZ
[12:29:44] [375/456] GTCX
[12:29:45] 🔄 Identity reset
[12:29:45] 🔄 Identity rotated (every 10 requests)
[12:29:46] [376/456] SCSL
[12:29:47] [377/456] SAHU
[12:29:49] [378/456] NCDA
[12:29:50] [379/456] SCCG
[12:29:51] [380/456] VKTL
[12:29:52] [381/456] PUUJ
[12:29:53] [382/456] STEJ
[12:29:54] [383/456] RJAL
[12:29:55] [384/456] ACJC
[12:29:56] [385/456] ARVB
[12:29:56] 🔄 Identity reset
[12:29:56] 🔄 Identity rotated (every 10 requests)
[12:29:57] [386/456] AUBB
[12:29:58] [387/456] GDBR
[12:29:58] [388/456] PVND
[12:29:59] [389/456] BGRJ
[12:30:00] [390/456] RJMM
[12:30:01] [391/456] MCSA
[12:30:02] [392/456] BODA
[12:30:03] [393/456] JAGG
[12:30:04] [394/456] SCGA
[12:30:06] [395/456] LRCM
[12:30:06] 🔄 Identity reset
[12:30:06] 🔄 Identity rotated (every 10 requests)
[12:30:07] [396/456] CPCN
[12:30:09] [397/456] SSTF
[12:30:09] [398/456] SRXP
[12:30:10] [399/456] CNFX
[12:30:11] [400/456] ANDI
[12:30:12] [401/456] SYEW
[12:30:13] [402/456] RCRE
[12:30:15] [403/456] SCRW
[12:30:16] [404/456] MBKR
[12:30:16] [405/456] ASNT
[12:30:17] 🔄 Identity reset
[12:30:17] 🔄 Identity rotated (every 10 requests)
[12:30:18] [406/456] JTMT
[12:30:19] [407/456] SHAY
[12:30:20] [408/456] VRTH
[12:30:21] [409/456] SPTI
[12:30:21] [410/456] DPTD
[12:30:22] [411/456] TGSN
[12:30:23] [412/456] RCWV
[12:30:24] [413/456] OCUR
[12:30:25] [414/456] KSTC
[12:30:26] [415/456] SANI
[12:30:27] 🔄 Identity reset
[12:30:27] 🔄 Identity rotated (every 10 requests)
[12:30:27] [416/456] MLCA
[12:30:28] [417/456] EGCA
[12:30:29] [418/456] SYSN
[12:30:30] [419/456] PKTA
[12:30:31] [420/456] PRCC
[12:30:32] [421/456] KSTR
[12:30:33] [422/456] SNTP
[12:30:33] [423/456] RCHA
[12:30:34] [424/456] SEEA
[12:30:35] [425/456] ALAT
[12:30:36] 🔄 Identity reset
[12:30:36] 🔄 Identity rotated (every 10 requests)
[12:30:36] [426/456] AATV
[12:30:37] [427/456] RJTE
[12:30:39] [428/456] AAPP
[12:30:39] [429/456] PMMH
[12:30:40] [430/456] INRJ
[12:30:41] [431/456] SARB
[12:30:42] [432/456] PCJL
[12:30:44] [433/456] PFJJ
[12:30:45] [434/456] GRDC
[12:30:45] [435/456] BCBA
[12:30:46] 🔄 Identity reset
[12:30:46] 🔄 Identity rotated (every 10 requests)
[12:30:47] [436/456] VIXL
[12:30:48] [437/456] CSTL
[12:30:49] [438/456] MTDK
[12:30:49] [439/456] TDAC
[12:30:50] [440/456] GTDN
[12:30:51] [441/456] TTDE
[12:30:53] [442/456] ASTS
[12:30:54] [443/456] CPNS
[12:30:56] [444/456] PVVW
[12:30:58] [445/456] USEB
[12:30:58] 🔄 Identity reset
[12:30:58] 🔄 Identity rotated (every 10 requests)
[12:30:59] [446/456] DTYN
[12:31:00] [447/456] PVLE
[12:31:01] [448/456] CIPS
[12:31:03] [449/456] PAEG
[12:31:04] [450/456] PTCW
[12:31:05] [451/456] G3SR
[12:31:06] [452/456] PGND
[12:31:07] [453/456] INVM
[12:31:08] [454/456] SPIA
[12:31:09] [455/456] PCSN
[12:31:10] 🔄 Identity reset
[12:31:10] 🔄 Identity rotated (every 10 requests)
[12:31:11] [456/456] PPGV
[12:31:12] 🧹 Deduping shows
[12:31:12] ✅ DONE | Shows=911 | Movies=50
[04:16:19] 🚀 SCRIPT STARTED (enhanced anti‑detection)
[04:16:19] [1/456] FNDB
[04:16:20] 🧠 New identity created
[04:16:20] [2/456] AMBH
[04:16:21] [3/456] PRHN
[04:16:22] [4/456] ACPM
[04:16:23] [5/456] PVFS
[04:16:24] [6/456] AACN
[04:16:25] [7/456] ACAS
[04:16:26] [8/456] CTNR
[04:16:27] [9/456] MMAH
[04:16:28] [10/456] CPMH
[04:16:28] 🔄 Identity reset
[04:16:28] 🔄 Identity rotated (every 10 requests)
[04:16:29] [11/456] IGMH
[04:16:29] [12/456] ABCS
[04:16:30] [13/456] CMMA
[04:16:31] [14/456] GPRH
[04:16:32] [15/456] PNNG
[04:16:33] [16/456] AMCA
[04:16:34] [17/456] ISTN
[04:16:35] [18/456] PIIC
[04:16:35] [19/456] AHMH
[04:16:36] [20/456] ASHN
[04:16:37] 🔄 Identity reset
[04:16:37] 🔄 Identity rotated (every 10 requests)
[04:16:37] [21/456] INHY
[04:16:38] [22/456] SRMO
[04:16:39] [23/456] PIMH
[04:16:40] [24/456] PVTS
[04:16:40] [25/456] MMCA
[04:16:41] [26/456] AKYJ
[04:16:42] [27/456] BRKH
[04:16:43] [28/456] MAHM
[04:16:44] [29/456] CPHY
[04:16:44] [30/456] PVTP
[04:16:45] 🔄 Identity reset
[04:16:45] 🔄 Identity rotated (every 10 requests)
[04:16:45] [31/456] SMMR
[04:16:46] [32/456] PVHM
[04:16:47] [33/456] SNDY
[04:16:47] [34/456] GOKU
[04:16:48] [35/456] ACEV
[04:16:49] [36/456] PVUM
[04:16:50] [37/456] VSWA
[04:16:51] [38/456] IPRS
[04:16:51] [39/456] BKMV
[04:16:52] [40/456] PVYH
[04:16:53] 🔄 Identity reset
[04:16:53] 🔄 Identity rotated (every 10 requests)
[04:16:53] [41/456] INKM
[04:16:54] [42/456] ARJU
[04:16:55] [43/456] JJPP
[04:16:57] [44/456] SSRM
[04:16:58] [45/456] HMHD
[04:16:59] [46/456] SNKH
[04:16:59] [47/456] ACHI
[04:17:00] [48/456] MRAA
[04:17:01] [49/456] INMH
[04:17:02] [50/456] ARMH
[04:17:03] 🔄 Identity reset
[04:17:03] 🔄 Identity rotated (every 10 requests)
[04:17:03] [51/456] DVRR
[04:17:04] [52/456] SUDA
[04:17:04] [53/456] MCSS
[04:17:05] [54/456] VRKC
[04:17:06] [55/456] PRCX
[04:17:08] [56/456] ASJY
[04:17:08] [57/456] MTHY
[04:17:09] [58/456] SRCM
[04:17:10] [59/456] TVHY
[04:17:10] [60/456] STHD
[04:17:11] 🔄 Identity reset
[04:17:11] 🔄 Identity rotated (every 10 requests)
[04:17:11] [61/456] CPCL
[04:17:12] [62/456] PSMJ
[04:17:13] [63/456] MRGT
[04:17:14] [64/456] ARYH
[04:17:15] [65/456] VTRB
[04:17:15] [66/456] SCHC
[04:17:16] [67/456] MRRG
[04:17:17] [68/456] SPCB
[04:17:18] [69/456] AMCM
[04:17:19] [70/456] IVNM
[04:17:20] 🔄 Identity reset
[04:17:20] 🔄 Identity rotated (every 10 requests)
[04:17:20] [71/456] TRHY
[04:17:21] [72/456] PTTH
[04:17:22] [73/456] RKMH
[04:17:22] [74/456] PRCS
[04:17:23] [75/456] VAJA
[04:17:24] [76/456] BJNG
[04:17:25] [77/456] SCVM
[04:17:26] [78/456] GNHB
[04:17:27] [79/456] TLUR
[04:17:28] [80/456] UKCC
[04:17:28] 🔄 Identity reset
[04:17:28] 🔄 Identity rotated (every 10 requests)
[04:17:28] [81/456] SRKR
[04:17:29] [82/456] RMKN
[04:17:30] [83/456] SLRT
[04:17:31] [84/456] LKMT
[04:17:32] [85/456] SSRJ
[04:17:32] [86/456] SPHT
[04:17:33] [87/456] ANTT
[04:17:34] [88/456] SRCH
[04:17:35] [89/456] SRCA
[04:17:35] [90/456] ARTH
[04:17:36] 🔄 Identity reset
[04:17:36] 🔄 Identity rotated (every 10 requests)
[04:17:37] [91/456] MCBH
[04:17:37] [92/456] SNIB
[04:17:38] [93/456] SART
[04:17:39] [94/456] SKTA
[04:17:39] [95/456] YAKT
[04:17:40] [96/456] MLCK
[04:17:41] [97/456] ANTS
[04:17:42] [98/456] DGCA
[04:17:42] [99/456] SGMP
[04:17:43] [100/456] ASWN
[04:17:44] 🔄 Identity reset
[04:17:44] 🔄 Identity rotated (every 10 requests)
[04:17:44] [101/456] KFVU
[04:17:46] [102/456] POOR
[04:17:47] [103/456] GKDN
[04:17:47] [104/456] EOSE
[04:17:48] [105/456] GTTT
[04:17:49] [106/456] ARRO
[04:17:50] [107/456] CMMK
[04:17:51] [108/456] MSCN
[04:17:52] [109/456] GDKH
[04:17:53] [110/456] DLMT
[04:17:53] 🔄 Identity reset
[04:17:53] 🔄 Identity rotated (every 10 requests)
[04:17:53] [111/456] PVMF
[04:17:54] [112/456] CPCK
[04:17:56] [113/456] VMHE
[04:17:56] [114/456] PVLC
[04:17:57] [115/456] PCVB
[04:17:58] [116/456] SNYK
[04:17:58] [117/456] KTEK
[04:17:59] [118/456] PCNM
[04:18:00] [119/456] NTTR
[04:18:00] [120/456] CPSK
[04:18:01] 🔄 Identity reset
[04:18:01] 🔄 Identity rotated (every 10 requests)
[04:18:01] [121/456] JMMA
[04:18:02] [122/456] GCFK
[04:18:03] [123/456] MYCA
[04:18:04] [124/456] KSNP
[04:18:05] [125/456] PMCE
[04:18:06] [126/456] SCKI
[04:18:07] [127/456] FSMA
[04:18:08] [128/456] CETA
[04:18:09] [129/456] MCIK
[04:18:09] [130/456] MYCR
[04:18:10] 🔄 Identity reset
[04:18:10] 🔄 Identity rotated (every 10 requests)
[04:18:10] [131/456] EVMP
[04:18:11] [132/456] SSGT
[04:18:12] [133/456] KCTK
[04:18:13] [134/456] ZTKC
[04:18:14] [135/456] MMTA
[04:18:15] [136/456] MAJT
[04:18:16] [137/456] ACPK
[04:18:18] [138/456] JMAX
[04:18:19] [139/456] SETK
[04:18:20] [140/456] CAIS
[04:18:20] 🔄 Identity reset
[04:18:20] 🔄 Identity rotated (every 10 requests)
[04:18:21] [141/456] AGCD
[04:18:22] [142/456] URCL
[04:18:22] [143/456] VTDS
[04:18:23] [144/456] JCNM
[04:18:24] [145/456] KCAM
[04:18:24] [146/456] ADCU
[04:18:25] [147/456] GXYN
[04:18:26] [148/456] SMJG
[04:18:27] [149/456] EYCJ
[04:18:28] [150/456] CCEJ
[04:18:28] 🔄 Identity reset
[04:18:28] 🔄 Identity rotated (every 10 requests)
[04:18:29] [151/456] MARS
[04:18:29] [152/456] CPVJ
[04:18:30] [153/456] INVP
[04:18:31] [154/456] CPOV
[04:18:32] [155/456] VIJK
[04:18:33] [156/456] LAIM
[04:18:34] [157/456] STHV
[04:18:35] [158/456] SVLJ
[04:18:35] [159/456] ATVJ
[04:18:36] [160/456] JTSC
[04:18:37] 🔄 Identity reset
[04:18:37] 🔄 Identity rotated (every 10 requests)
[04:18:37] [161/456] RMTV
[04:18:38] [162/456] MGGG
[04:18:39] [163/456] SWTH
[04:18:39] [164/456] INVJ
[04:18:40] [165/456] PRSV
[04:18:41] [166/456] JATV
[04:18:42] [167/456] RCVD
[04:18:43] [168/456] BDMA
[04:18:44] [169/456] BLJI
[04:18:45] [170/456] SWOT
[04:18:46] 🔄 Identity reset
[04:18:46] 🔄 Identity rotated (every 10 requests)
[04:18:46] [171/456] SWRN
[04:18:47] [172/456] TVRA
[04:18:48] [173/456] NVRN
[04:18:49] [174/456] SIKC
[04:18:50] [175/456] VAKR
[04:18:50] [176/456] SYLN
[04:18:51] [177/456] KLJL
[04:18:52] [178/456] LKMY
[04:18:53] [179/456] VSLY
[04:18:54] [180/456] CIKO
[04:18:54] 🔄 Identity reset
[04:18:54] 🔄 Identity rotated (every 10 requests)
[04:18:55] [181/456] GPBG
[04:18:56] [182/456] CECM
[04:18:57] [183/456] SLKB
[04:18:58] [184/456] MTBO
[04:18:59] [185/456] SSHB
[04:18:59] [186/456] VPCS
[04:19:00] [187/456] RCSR
[04:19:01] [188/456] RJRM
[04:19:02] [189/456] KPPB
[04:19:02] [190/456] SEDC
[04:19:03] 🔄 Identity reset
[04:19:03] 🔄 Identity rotated (every 10 requests)
[04:19:03] [191/456] SCAI
[04:19:04] [192/456] RMTR
[04:19:05] [193/456] ASST
[04:19:06] [194/456] GCAK
[04:19:07] [195/456] ANNK
[04:19:08] [196/456] KDDF
[04:19:09] [197/456] NRDP
[04:19:10] [198/456] PLAK
[04:19:11] [199/456] GCMC
[04:19:12] [200/456] ALPY
[04:19:12] 🔄 Identity reset
[04:19:12] 🔄 Identity rotated (every 10 requests)
[04:19:13] [201/456] SICE
[04:19:13] [202/456] SISR
[04:19:14] [203/456] SRPZ
[04:19:15] [204/456] SRSW
[04:19:16] [205/456] SUYA
[04:19:16] [206/456] AMMT
[04:19:17] [207/456] BHCU
[04:19:18] [208/456] KLPA
[04:19:20] [209/456] NVKH
[04:19:20] [210/456] JMRC
[04:19:21] 🔄 Identity reset
[04:19:21] 🔄 Identity rotated (every 10 requests)
[04:19:22] [211/456] KTTT
[04:19:23] [212/456] MAGH
[04:19:24] [213/456] MMMX
[04:19:25] [214/456] SALJ
[04:19:25] [215/456] GTJA
[04:19:26] [216/456] MAHT
[04:19:27] [217/456] SSNN
[04:19:28] [218/456] ARRP
[04:19:29] [219/456] ATNS
[04:19:30] [220/456] SKDT
[04:19:31] 🔄 Identity reset
[04:19:31] 🔄 Identity rotated (every 10 requests)
[04:19:31] [221/456] ACAT
[04:19:33] [222/456] APRC
[04:19:33] [223/456] SWAG
[04:19:34] [224/456] SDPT
[04:19:35] [225/456] STPS
[04:19:35] [226/456] WWCZ
[04:19:36] [227/456] LLCH
[04:19:37] [228/456] MZHA
[04:19:37] [229/456] CRJG
[04:19:38] [230/456] JGTK
[04:19:39] 🔄 Identity reset
[04:19:39] 🔄 Identity rotated (every 10 requests)
[04:19:39] [231/456] KCSR
[04:19:40] [232/456] CHTL
[04:19:41] [233/456] EDSR
[04:19:42] [234/456] CSWO
[04:19:43] [235/456] CPVM
[04:19:45] [236/456] MXBY
[04:19:46] [237/456] FMMA
[04:19:47] [238/456] POVI
[04:19:48] [239/456] MTHB
[04:19:49] [240/456] INRC
[04:19:49] 🔄 Identity reset
[04:19:49] 🔄 Identity rotated (every 10 requests)
[04:19:50] [241/456] PIPP
[04:19:51] [242/456] BMXC
[04:19:52] [243/456] PCMM
[04:19:53] [244/456] PMKM
[04:19:54] [245/456] GATY
[04:19:56] [246/456] IMCM
[04:19:57] [247/456] POPE
[04:19:58] [248/456] MTCR
[04:19:58] [249/456] PVAE
[04:19:59] [250/456] PVMI
[04:20:00] 🔄 Identity reset
[04:20:00] 🔄 Identity rotated (every 10 requests)
[04:20:00] [251/456] CPNM
[04:20:01] [252/456] FMRL
[04:20:02] [253/456] MCIW
[04:20:03] [254/456] MXBO
[04:20:04] [255/456] FMKY
[04:20:05] [256/456] FMDA
[04:20:06] [257/456] THAB
[04:20:06] [258/456] PRCW
[04:20:07] [259/456] PITI
[04:20:08] [260/456] MCFF
[04:20:09] 🔄 Identity reset
[04:20:09] 🔄 Identity rotated (every 10 requests)
[04:20:09] [261/456] PDDV
[04:20:10] [262/456] MCRM
[04:20:11] [263/456] KKMB
[04:20:11] [264/456] INKO
[04:20:12] [265/456] PLXP
[04:20:13] [266/456] MMHA
[04:20:15] [267/456] FMVS
[04:20:15] [268/456] POLM
[04:20:16] [269/456] STER
[04:20:17] [270/456] PVWJ
[04:20:17] 🔄 Identity reset
[04:20:17] 🔄 Identity rotated (every 10 requests)
[04:20:18] [271/456] IMJW
[04:20:19] [272/456] FNAN
[04:20:19] [273/456] CAGL
[04:20:20] [274/456] IPBG
[04:20:21] [275/456] SMFV
[04:20:22] [276/456] MMMR
[04:20:23] [277/456] MMWM
[04:20:24] [278/456] FNCM
[04:20:25] [279/456] MDVA
[04:20:26] [280/456] MMET
[04:20:27] 🔄 Identity reset
[04:20:27] 🔄 Identity rotated (every 10 requests)
[04:20:27] [281/456] MIDO
[04:20:28] [282/456] INNP
[04:20:29] [283/456] MIFU
[04:20:30] [284/456] MMSZ
[04:20:32] [285/456] BMXA
[04:20:32] [286/456] MCAA
[04:20:33] [287/456] SCVP
[04:20:35] [288/456] PLUS
[04:20:35] [289/456] MUCK
[04:20:37] [290/456] MTMA
[04:20:37] 🔄 Identity reset
[04:20:37] 🔄 Identity rotated (every 10 requests)
[04:20:38] [291/456] HPVR
[04:20:39] [292/456] PMPK
[04:20:40] [293/456] MAJB
[04:20:41] [294/456] CTRR
[04:20:42] [295/456] MCTG
[04:20:43] [296/456] MACE
[04:20:43] [297/456] AAAS
[04:20:44] [298/456] CPVV
[04:20:45] [299/456] RCHG
[04:20:46] [300/456] MCNE
[04:20:47] 🔄 Identity reset
[04:20:47] 🔄 Identity rotated (every 10 requests)
[04:20:47] [301/456] EMNC
[04:20:48] [302/456] MCAN
[04:20:49] [303/456] TCDM
[04:20:50] [304/456] IRGT
[04:20:51] [305/456] GCMG
[04:20:52] [306/456] MXSN
[04:20:53] [307/456] MXCK
[04:20:54] [308/456] MCRC
[04:20:55] [309/456] RSMI
[04:20:55] [310/456] WAML
[04:20:56] 🔄 Identity reset
[04:20:56] 🔄 Identity rotated (every 10 requests)
[04:20:56] [311/456] MTSC
[04:20:57] [312/456] FMDR
[04:20:58] [313/456] LEPV
[04:20:59] [314/456] MTGD
[04:21:01] [315/456] IMOB
[04:21:02] [316/456] CLMM
[04:21:03] [317/456] PZCD
[04:21:04] [318/456] GOCS
[04:21:05] [319/456] KCMA
[04:21:06] [320/456] CCMP
[04:21:06] 🔄 Identity reset
[04:21:06] 🔄 Identity rotated (every 10 requests)
[04:21:07] [321/456] MTSU
[04:21:07] [322/456] SNGL
[04:21:08] [323/456] MMMC
[04:21:09] [324/456] MMAA
[04:21:10] [325/456] GCDM
[04:21:11] [326/456] KTMV
[04:21:12] [327/456] AETE
[04:21:13] [328/456] OMCS
[04:21:14] [329/456] GDCD
[04:21:16] [330/456] NYMD
[04:21:16] 🔄 Identity reset
[04:21:16] 🔄 Identity rotated (every 10 requests)
[04:21:17] [331/456] RNCV
[04:21:17] [332/456] KKMT
[04:21:18] [333/456] GDTH
[04:21:19] [334/456] KMMV
[04:21:21] [335/456] NHCG
[04:21:22] [336/456] PJDW
[04:21:22] [337/456] MMCV
[04:21:23] [338/456] FQSA
[04:21:24] [339/456] KURL
[04:21:25] [340/456] NNNX
[04:21:26] 🔄 Identity reset
[04:21:26] 🔄 Identity rotated (every 10 requests)
[04:21:26] [341/456] AMAU
[04:21:27] [342/456] VVVM
[04:21:27] [343/456] VECU
[04:21:28] [344/456] WCVR
[04:21:29] [345/456] MTGG
[04:21:30] [346/456] SGTG
[04:21:31] [347/456] MNTG
[04:21:32] [348/456] JDDG
[04:21:33] [349/456] MBTK
[04:21:34] [350/456] SGCD
[04:21:35] 🔄 Identity reset
[04:21:35] 🔄 Identity rotated (every 10 requests)
[04:21:35] [351/456] MCTC
[04:21:36] [352/456] JTPC
[04:21:37] [353/456] SDKT
[04:21:37] [354/456] KRCC
[04:21:38] [355/456] RMMD
[04:21:39] [356/456] AAME
[04:21:40] [357/456] TMWC
[04:21:41] [358/456] NRWY
[04:21:42] [359/456] CITD
[04:21:43] [360/456] VERD
[04:21:44] 🔄 Identity reset
[04:21:44] 🔄 Identity rotated (every 10 requests)
[04:21:44] [361/456] MKSK
[04:21:45] [362/456] STSM
[04:21:46] [363/456] MJDG
[04:21:47] [364/456] RKPM
[04:21:48] [365/456] SSCE
[04:21:49] [366/456] VMAE
[04:21:49] [367/456] SBRU
[04:21:50] [368/456] AMBC
[04:21:51] [369/456] AMLU
[04:21:52] [370/456] INVZ
[04:21:52] 🔄 Identity reset
[04:21:52] 🔄 Identity rotated (every 10 requests)
[04:21:53] [371/456] LGTV
[04:21:54] [372/456] SVAD
[04:21:55] [373/456] SMSA
[04:21:56] [374/456] SPCZ
[04:21:57] [375/456] GTCX
[04:21:57] [376/456] SCSL
[04:21:58] [377/456] SAHU
[04:21:59] [378/456] NCDA
[04:22:00] [379/456] SCCG
[04:22:01] [380/456] VKTL
[04:22:01] 🔄 Identity reset
[04:22:01] 🔄 Identity rotated (every 10 requests)
[04:22:01] [381/456] PUUJ
[04:22:03] [382/456] STEJ
[04:22:03] [383/456] RJAL
[04:22:04] [384/456] ACJC
[04:22:05] [385/456] ARVB
[04:22:06] [386/456] AUBB
[04:22:08] [387/456] GDBR
[04:22:09] [388/456] PVND
[04:22:10] [389/456] BGRJ
[04:22:11] [390/456] RJMM
[04:22:11] 🔄 Identity reset
[04:22:11] 🔄 Identity rotated (every 10 requests)
[04:22:12] [391/456] MCSA
[04:22:12] [392/456] BODA
[04:22:13] [393/456] JAGG
[04:22:14] [394/456] SCGA
[04:22:15] [395/456] LRCM
[04:22:16] [396/456] CPCN
[04:22:17] [397/456] SSTF
[04:22:18] [398/456] SRXP
[04:22:19] [399/456] CNFX
[04:22:20] [400/456] ANDI
[04:22:20] 🔄 Identity reset
[04:22:20] 🔄 Identity rotated (every 10 requests)
[04:22:21] [401/456] SYEW
[04:22:21] [402/456] RCRE
[04:22:22] [403/456] SCRW
[04:22:24] [404/456] MBKR
[04:22:24] [405/456] ASNT
[04:22:25] [406/456] JTMT
[04:22:26] [407/456] SHAY
[04:22:27] [408/456] VRTH
[04:22:28] [409/456] SPTI
[04:22:28] [410/456] DPTD
[04:22:29] 🔄 Identity reset
[04:22:29] 🔄 Identity rotated (every 10 requests)
[04:22:30] [411/456] TGSN
[04:22:31] [412/456] RCWV
[04:22:32] [413/456] OCUR
[04:22:33] [414/456] KSTC
[04:22:34] [415/456] SANI
[04:22:35] [416/456] MLCA
[04:22:36] [417/456] EGCA
[04:22:37] [418/456] SYSN
[04:22:37] [419/456] PKTA
[04:22:38] [420/456] PRCC
[04:22:39] 🔄 Identity reset
[04:22:39] 🔄 Identity rotated (every 10 requests)
[04:22:39] [421/456] KSTR
[04:22:40] [422/456] SNTP
[04:22:41] [423/456] RCHA
[04:22:42] [424/456] SEEA
[04:22:44] [425/456] ALAT
[04:22:45] [426/456] AATV
[04:22:46] [427/456] RJTE
[04:22:47] [428/456] AAPP
[04:22:48] [429/456] PMMH
[04:22:49] [430/456] INRJ
[04:22:50] 🔄 Identity reset
[04:22:50] 🔄 Identity rotated (every 10 requests)
[04:22:51] [431/456] SARB
[04:22:52] [432/456] PCJL
[04:22:53] [433/456] PFJJ
[04:22:54] [434/456] GRDC
[04:22:55] [435/456] BCBA
[04:22:56] [436/456] VIXL
[04:22:57] [437/456] CSTL
[04:22:58] [438/456] MTDK
[04:22:59] [439/456] TDAC
[04:23:00] [440/456] GTDN
[04:23:00] 🔄 Identity reset
[04:23:00] 🔄 Identity rotated (every 10 requests)
[04:23:01] [441/456] TTDE
[04:23:01] [442/456] ASTS
[04:23:02] [443/456] CPNS
[04:23:03] [444/456] PVVW
[04:23:05] [445/456] USEB
[04:23:06] [446/456] DTYN
[04:23:07] [447/456] PVLE
[04:23:08] [448/456] CIPS
[04:23:09] [449/456] PAEG
[04:23:10] [450/456] PTCW
[04:23:10] 🔄 Identity reset
[04:23:10] 🔄 Identity rotated (every 10 requests)
[04:23:11] [451/456] G3SR
[04:23:12] [452/456] PGND
[04:23:13] [453/456] INVM
[04:23:14] [454/456] SPIA
[04:23:15] [455/456] PCSN
[04:23:15] [456/456] PPGV
[04:23:16] 🧹 Deduping shows
[04:23:16] ✅ DONE | Shows=3324 | Movies=82
[17:36:17] 🚀 SCRIPT STARTED (enhanced anti‑detection)
[17:36:17] [1/456] FNDB
[17:36:18] 🧠 New identity created
[17:36:18] [2/456] AMBH
[17:36:19] [3/456] PRHN
[17:36:20] [4/456] ACPM
[17:36:21] [5/456] PVFS
[17:36:22] [6/456] AACN
[17:36:24] [7/456] ACAS
[17:36:24] [8/456] CTNR
[17:36:25] [9/456] MMAH
[17:36:26] [10/456] CPMH
[17:36:26] 🔄 Identity reset
[17:36:26] 🔄 Identity rotated (every 10 requests)
[17:36:27] 🔄 Retry 1/5 for CPMH in 2.4s
[17:36:27] 🔄 Identity reset
[17:36:29] 🧠 New identity created
[17:36:29] 🔄 Retry 2/5 for CPMH in 4.8s
[17:36:29] 🔄 Identity reset
[17:36:34] 🧠 New identity created
[17:36:34] [11/456] IGMH
[17:36:36] [12/456] ABCS
[17:36:37] [13/456] CMMA
[17:36:38] [14/456] GPRH
[17:36:38] [15/456] PNNG
[17:36:39] [16/456] AMCA
[17:36:41] [17/456] ISTN
[17:36:42] [18/456] PIIC
[17:36:43] 🔄 Identity reset
[17:36:43] 🔄 Identity rotated (every 10 requests)
[17:36:43] [19/456] AHMH
[17:36:44] [20/456] ASHN
[17:36:45] [21/456] INHY
[17:36:46] [22/456] SRMO
[17:36:47] [23/456] PIMH
[17:36:48] [24/456] PVTS
[17:36:49] [25/456] MMCA
[17:36:50] [26/456] AKYJ
[17:36:50] [27/456] BRKH
[17:36:51] [28/456] MAHM
[17:36:52] 🔄 Identity reset
[17:36:52] 🔄 Identity rotated (every 10 requests)
[17:36:52] [29/456] CPHY
[17:36:53] [30/456] PVTP
[17:36:55] [31/456] SMMR
[17:36:56] [32/456] PVHM
[17:36:57] [33/456] SNDY
[17:36:58] [34/456] GOKU
[17:36:59] [35/456] ACEV
[17:37:01] [36/456] PVUM
[17:37:02] [37/456] VSWA
[17:37:02] [38/456] IPRS
[17:37:03] 🔄 Identity reset
[17:37:03] 🔄 Identity rotated (every 10 requests)
[17:37:03] [39/456] BKMV
[17:37:04] [40/456] PVYH
[17:37:05] [41/456] INKM
[17:37:06] [42/456] ARJU
[17:37:07] [43/456] JJPP
[17:37:08] [44/456] SSRM
[17:37:09] [45/456] HMHD
[17:37:09] [46/456] SNKH
[17:37:10] [47/456] ACHI
[17:37:11] [48/456] MRAA
[17:37:12] 🔄 Identity reset
[17:37:12] 🔄 Identity rotated (every 10 requests)
[17:37:13] [49/456] INMH
[17:37:14] [50/456] ARMH
[17:37:14] [51/456] DVRR
[17:37:15] [52/456] SUDA
[17:37:16] [53/456] MCSS
[17:37:17] [54/456] VRKC
[17:37:18] [55/456] PRCX
[17:37:19] [56/456] ASJY
[17:37:20] [57/456] MTHY
[17:37:21] [58/456] SRCM
[17:37:22] 🔄 Identity reset
[17:37:22] 🔄 Identity rotated (every 10 requests)
[17:37:22] [59/456] TVHY
[17:37:23] [60/456] STHD
[17:37:24] [61/456] CPCL
[17:37:25] [62/456] PSMJ
[17:37:26] [63/456] MRGT
[17:37:27] [64/456] ARYH
[17:37:28] [65/456] VTRB
[17:37:29] [66/456] SCHC
[17:37:30] [67/456] MRRG
[17:37:31] [68/456] SPCB
[17:37:31] 🔄 Identity reset
[17:37:31] 🔄 Identity rotated (every 10 requests)
[17:37:31] 🔄 Retry 1/5 for SPCB in 2.6s
[17:37:31] 🔄 Identity reset
[17:37:34] 🧠 New identity created
[17:37:34] 🔄 Retry 2/5 for SPCB in 4.3s
[17:37:34] 🔄 Identity reset
[17:37:38] 🧠 New identity created
[17:37:39] [69/456] AMCM
[17:37:39] [70/456] IVNM
[17:37:40] [71/456] TRHY
[17:37:41] [72/456] PTTH
[17:37:42] [73/456] RKMH
[17:37:43] [74/456] PRCS
[17:37:45] [75/456] VAJA
[17:37:46] [76/456] BJNG
[17:37:46] 🔄 Identity reset
[17:37:47] 🔄 Identity rotated (every 10 requests)
[17:37:47] [77/456] SCVM
[17:37:48] [78/456] GNHB
[17:37:49] [79/456] TLUR
[17:37:50] [80/456] UKCC
[17:37:50] [81/456] SRKR
[17:37:51] [82/456] RMKN
[17:37:52] [83/456] SLRT
[17:37:53] [84/456] LKMT
[17:37:55] [85/456] SSRJ
[17:37:56] [86/456] SPHT
[17:37:56] 🔄 Identity reset
[17:37:56] 🔄 Identity rotated (every 10 requests)
[17:37:56] 🔄 Retry 1/5 for SPHT in 2.6s
[17:37:56] 🔄 Identity reset
[17:37:59] 🧠 New identity created
[17:37:59] [87/456] ANTT
[17:38:00] [88/456] SRCH
[17:38:01] [89/456] SRCA
[17:38:02] [90/456] ARTH
[17:38:03] [91/456] MCBH
[17:38:04] [92/456] SNIB
[17:38:05] [93/456] SART
[17:38:06] [94/456] SKTA
[17:38:07] [95/456] YAKT
[17:38:07] 🔄 Identity reset
[17:38:07] 🔄 Identity rotated (every 10 requests)
[17:38:08] [96/456] MLCK
[17:38:09] [97/456] ANTS
[17:38:09] [98/456] DGCA
[17:38:10] [99/456] SGMP
[17:38:11] [100/456] ASWN
[17:38:12] [101/456] KFVU
[17:38:14] [102/456] POOR
[17:38:15] [103/456] GKDN
[17:38:16] [104/456] EOSE
[17:38:16] [105/456] GTTT
[17:38:17] 🔄 Identity reset
[17:38:17] 🔄 Identity rotated (every 10 requests)
[17:38:17] [106/456] ARRO
[17:38:18] [107/456] CMMK
[17:38:19] [108/456] MSCN
[17:38:20] [109/456] GDKH
[17:38:21] [110/456] DLMT
[17:38:22] [111/456] PVMF
[17:38:23] [112/456] CPCK
[17:38:24] [113/456] VMHE
[17:38:24] [114/456] PVLC
[17:38:25] [115/456] PCVB
[17:38:26] 🔄 Identity reset
[17:38:26] 🔄 Identity rotated (every 10 requests)
[17:38:26] [116/456] SNYK
[17:38:27] [117/456] KTEK
[17:38:28] [118/456] PCNM
[17:38:30] [119/456] NTTR
[17:38:31] [120/456] CPSK
[17:38:32] [121/456] JMMA
[17:38:33] [122/456] GCFK
[17:38:34] [123/456] MYCA
[17:38:34] [124/456] KSNP
[17:38:35] [125/456] PMCE
[17:38:36] 🔄 Identity reset
[17:38:36] 🔄 Identity rotated (every 10 requests)
[17:38:36] [126/456] SCKI
[17:38:38] [127/456] FSMA
[17:38:38] [128/456] CETA
[17:38:39] [129/456] MCIK
[17:38:40] [130/456] MYCR
[17:38:41] [131/456] EVMP
[17:38:42] [132/456] SSGT
[17:38:44] [133/456] KCTK
[17:38:45] [134/456] ZTKC
[17:38:45] [135/456] MMTA
[17:38:46] 🔄 Identity reset
[17:38:46] 🔄 Identity rotated (every 10 requests)
[17:38:46] 🔄 Retry 1/5 for MMTA in 2.2s
[17:38:46] 🔄 Identity reset
[17:38:48] 🧠 New identity created
[17:38:49] [136/456] MAJT
[17:38:51] [137/456] ACPK
[17:38:51] [138/456] JMAX
[17:38:52] [139/456] SETK
[17:38:53] [140/456] CAIS
[17:38:54] [141/456] AGCD
[17:38:55] [142/456] URCL
[17:38:56] [143/456] VTDS
[17:38:57] [144/456] JCNM
[17:38:58] 🔄 Identity reset
[17:38:58] 🔄 Identity rotated (every 10 requests)
[17:38:58] [145/456] KCAM
[17:38:59] [146/456] ADCU
[17:39:00] [147/456] GXYN
[17:39:00] [148/456] SMJG
[17:39:01] [149/456] EYCJ
[17:39:02] [150/456] CCEJ
[17:39:03] [151/456] MARS
[17:39:04] [152/456] CPVJ
[17:39:05] [153/456] INVP
[17:39:05] [154/456] CPOV
[17:39:06] 🔄 Identity reset
[17:39:06] 🔄 Identity rotated (every 10 requests)
[17:39:06] 🔄 Retry 1/5 for CPOV in 2.7s
[17:39:06] 🔄 Identity reset
[17:39:09] 🧠 New identity created
[17:39:09] [155/456] VIJK
[17:39:10] [156/456] LAIM
[17:39:11] [157/456] STHV
[17:39:12] [158/456] SVLJ
[17:39:13] [159/456] ATVJ
[17:39:13] [160/456] JTSC
[17:39:14] [161/456] RMTV
[17:39:15] [162/456] MGGG
[17:39:16] [163/456] SWTH
[17:39:17] 🔄 Identity reset
[17:39:17] 🔄 Identity rotated (every 10 requests)
[17:39:17] [164/456] INVJ
[17:39:18] [165/456] PRSV
[17:39:19] [166/456] JATV
[17:39:20] [167/456] RCVD
[17:39:21] [168/456] BDMA
[17:39:22] [169/456] BLJI
[17:39:22] [170/456] SWOT
[17:39:23] [171/456] SWRN
[17:39:24] [172/456] TVRA
[17:39:25] [173/456] NVRN
[17:39:26] 🔄 Identity reset
[17:39:26] 🔄 Identity rotated (every 10 requests)
[17:39:26] [174/456] SIKC
[17:39:27] [175/456] VAKR
[17:39:28] [176/456] SYLN
[17:39:29] [177/456] KLJL
[17:39:30] [178/456] LKMY
[17:39:31] [179/456] VSLY
[17:39:32] [180/456] CIKO
[17:39:33] [181/456] GPBG
[17:39:33] [182/456] CECM
[17:39:34] [183/456] SLKB
[17:39:35] 🔄 Identity reset
[17:39:35] 🔄 Identity rotated (every 10 requests)
[17:39:35] [184/456] MTBO
[17:39:36] [185/456] SSHB
[17:39:37] [186/456] VPCS
[17:39:38] [187/456] RCSR
[17:39:39] [188/456] RJRM
[17:39:40] [189/456] KPPB
[17:39:41] [190/456] SEDC
[17:39:42] [191/456] SCAI
[17:39:43] [192/456] RMTR
[17:39:44] [193/456] ASST
[17:39:45] 🔄 Identity reset
[17:39:45] 🔄 Identity rotated (every 10 requests)
[17:39:45] [194/456] GCAK
[17:39:46] [195/456] ANNK
[17:39:47] [196/456] KDDF
[17:39:49] [197/456] NRDP
[17:39:50] [198/456] PLAK
[17:39:51] [199/456] GCMC
[17:39:51] [200/456] ALPY
[17:39:52] [201/456] SICE
[17:39:53] [202/456] SISR
[17:39:54] [203/456] SRPZ
[17:39:55] 🔄 Identity reset
[17:39:55] 🔄 Identity rotated (every 10 requests)
[17:39:55] [204/456] SRSW
[17:39:56] [205/456] SUYA
[17:39:57] [206/456] AMMT
[17:39:58] [207/456] BHCU
[17:39:59] [208/456] KLPA
[17:39:59] [209/456] NVKH
[17:40:00] [210/456] JMRC
[17:40:01] [211/456] KTTT
[17:40:02] [212/456] MAGH
[17:40:03] [213/456] MMMX
[17:40:04] 🔄 Identity reset
[17:40:04] 🔄 Identity rotated (every 10 requests)
[17:40:04] [214/456] SALJ
[17:40:06] [215/456] GTJA
[17:40:06] [216/456] MAHT
[17:40:07] [217/456] SSNN
[17:40:08] [218/456] ARRP
[17:40:09] [219/456] ATNS
[17:40:09] [220/456] SKDT
[17:40:10] [221/456] ACAT
[17:40:11] [222/456] APRC
[17:40:12] [223/456] SWAG
[17:40:13] 🔄 Identity reset
[17:40:13] 🔄 Identity rotated (every 10 requests)
[17:40:13] [224/456] SDPT
[17:40:14] [225/456] STPS
[17:40:15] [226/456] WWCZ
[17:40:15] [227/456] LLCH
[17:40:16] [228/456] MZHA
[17:40:17] [229/456] CRJG
[17:40:18] [230/456] JGTK
[17:40:20] [231/456] KCSR
[17:40:21] [232/456] CHTL
[17:40:21] [233/456] EDSR
[17:40:22] 🔄 Identity reset
[17:40:22] 🔄 Identity rotated (every 10 requests)
[17:40:22] [234/456] CSWO
[17:40:23] [235/456] CPVM
[17:40:24] [236/456] MXBY
[17:40:25] [237/456] FMMA
[17:40:26] [238/456] POVI
[17:40:27] [239/456] MTHB
[17:40:28] [240/456] INRC
[17:40:29] [241/456] PIPP
[17:40:30] [242/456] BMXC
[17:40:31] [243/456] PCMM
[17:40:31] 🔄 Identity reset
[17:40:31] 🔄 Identity rotated (every 10 requests)
[17:40:31] 🔄 Retry 1/5 for PCMM in 2.7s
[17:40:31] 🔄 Identity reset
[17:40:34] 🧠 New identity created
[17:40:34] 🔄 Retry 2/5 for PCMM in 4.8s
[17:40:34] 🔄 Identity reset
[17:40:39] 🧠 New identity created
[17:40:39] [244/456] PMKM
[17:40:40] [245/456] GATY
[17:40:41] [246/456] IMCM
[17:40:42] [247/456] POPE
[17:40:43] [248/456] MTCR
[17:40:44] [249/456] PVAE
[17:40:45] [250/456] PVMI
[17:40:45] [251/456] CPNM
[17:40:46] 🔄 Identity reset
[17:40:46] 🔄 Identity rotated (every 10 requests)
[17:40:46] [252/456] FMRL
[17:40:47] [253/456] MCIW
[17:40:48] [254/456] MXBO
[17:40:49] [255/456] FMKY
[17:40:50] [256/456] FMDA
[17:40:51] [257/456] THAB
[17:40:52] [258/456] PRCW
[17:40:53] [259/456] PITI
[17:40:53] [260/456] MCFF
[17:40:54] [261/456] PDDV
[17:40:55] 🔄 Identity reset
[17:40:55] 🔄 Identity rotated (every 10 requests)
[17:40:55] [262/456] MCRM
[17:40:56] [263/456] KKMB
[17:40:57] [264/456] INKO
[17:40:58] [265/456] PLXP
[17:40:59] [266/456] MMHA
[17:41:00] [267/456] FMVS
[17:41:01] [268/456] POLM
[17:41:02] [269/456] STER
[17:41:03] [270/456] PVWJ
[17:41:03] [271/456] IMJW
[17:41:04] 🔄 Identity reset
[17:41:04] 🔄 Identity rotated (every 10 requests)
[17:41:05] [272/456] FNAN
[17:41:06] [273/456] CAGL
[17:41:07] [274/456] IPBG
[17:41:08] [275/456] SMFV
[17:41:09] [276/456] MMMR
[17:41:10] [277/456] MMWM
[17:41:11] [278/456] FNCM
[17:41:12] [279/456] MDVA
[17:41:13] [280/456] MMET
[17:41:14] [281/456] MIDO
[17:41:15] 🔄 Identity reset
[17:41:15] 🔄 Identity rotated (every 10 requests)
[17:41:15] [282/456] INNP
[17:41:16] [283/456] MIFU
[17:41:17] [284/456] MMSZ
[17:41:18] [285/456] BMXA
[17:41:19] [286/456] MCAA
[17:41:20] [287/456] SCVP
[17:41:21] [288/456] PLUS
[17:41:22] [289/456] MUCK
[17:41:22] [290/456] MTMA
[17:41:23] [291/456] HPVR
[17:41:24] 🔄 Identity reset
[17:41:24] 🔄 Identity rotated (every 10 requests)
[17:41:24] [292/456] PMPK
[17:41:25] [293/456] MAJB
[17:41:26] [294/456] CTRR
[17:41:27] [295/456] MCTG
[17:41:28] [296/456] MACE
[17:41:28] [297/456] AAAS
[17:41:29] [298/456] CPVV
[17:41:30] [299/456] RCHG
[17:41:31] [300/456] MCNE
[17:41:32] [301/456] EMNC
[17:41:32] 🔄 Identity reset
[17:41:32] 🔄 Identity rotated (every 10 requests)
[17:41:33] [302/456] MCAN
[17:41:33] [303/456] TCDM
[17:41:35] [304/456] IRGT
[17:41:37] [305/456] GCMG
[17:41:38] [306/456] MXSN
[17:41:39] [307/456] MXCK
[17:41:40] [308/456] MCRC
[17:41:41] [309/456] RSMI
[17:41:42] [310/456] WAML
[17:41:43] [311/456] MTSC
[17:41:43] 🔄 Identity reset
[17:41:43] 🔄 Identity rotated (every 10 requests)
[17:41:44] [312/456] FMDR
[17:41:45] [313/456] LEPV
[17:41:46] [314/456] MTGD
[17:41:47] [315/456] IMOB
[17:41:48] [316/456] CLMM
[17:41:49] [317/456] PZCD
[17:41:50] [318/456] GOCS
[17:41:51] [319/456] KCMA
[17:41:51] [320/456] CCMP
[17:41:52] [321/456] MTSU
[17:41:53] 🔄 Identity reset
[17:41:53] 🔄 Identity rotated (every 10 requests)
[17:41:53] [322/456] SNGL
[17:41:54] [323/456] MMMC
[17:41:55] [324/456] MMAA
[17:41:56] [325/456] GCDM
[17:41:57] [326/456] KTMV
[17:41:58] [327/456] AETE
[17:41:59] [328/456] OMCS
[17:41:59] [329/456] GDCD
[17:42:00] [330/456] NYMD
[17:42:01] [331/456] RNCV
[17:42:02] 🔄 Identity reset
[17:42:02] 🔄 Identity rotated (every 10 requests)
[17:42:02] [332/456] KKMT
[17:42:03] [333/456] GDTH
[17:42:05] [334/456] KMMV
[17:42:06] [335/456] NHCG
[17:42:07] [336/456] PJDW
[17:42:08] [337/456] MMCV
[17:42:09] [338/456] FQSA
[17:42:10] [339/456] KURL
[17:42:10] [340/456] NNNX
[17:42:11] [341/456] AMAU
[17:42:12] 🔄 Identity reset
[17:42:12] 🔄 Identity rotated (every 10 requests)
[17:42:12] [342/456] VVVM
[17:42:13] [343/456] VECU
[17:42:14] [344/456] WCVR
[17:42:15] [345/456] MTGG
[17:42:16] [346/456] SGTG
[17:42:17] [347/456] MNTG
[17:42:18] [348/456] JDDG
[17:42:18] [349/456] MBTK
[17:42:19] [350/456] SGCD
[17:42:20] [351/456] MCTC
[17:42:21] 🔄 Identity reset
[17:42:21] 🔄 Identity rotated (every 10 requests)
[17:42:21] [352/456] JTPC
[17:42:22] [353/456] SDKT
[17:42:23] [354/456] KRCC
[17:42:23] [355/456] RMMD
[17:42:24] [356/456] AAME
[17:42:25] [357/456] TMWC
[17:42:26] [358/456] NRWY
[17:42:27] [359/456] CITD
[17:42:29] [360/456] VERD
[17:42:30] [361/456] MKSK
[17:42:30] 🔄 Identity reset
[17:42:30] 🔄 Identity rotated (every 10 requests)
[17:42:31] [362/456] STSM
[17:42:31] [363/456] MJDG
[17:42:32] [364/456] RKPM
[17:42:33] [365/456] SSCE
[17:42:35] [366/456] VMAE
[17:42:36] [367/456] SBRU
[17:42:36] [368/456] AMBC
[17:42:37] [369/456] AMLU
[17:42:38] [370/456] INVZ
[17:42:40] [371/456] LGTV
[17:42:40] 🔄 Identity reset
[17:42:40] 🔄 Identity rotated (every 10 requests)
[17:42:40] 🔄 Retry 1/5 for LGTV in 2.2s
[17:42:40] 🔄 Identity reset
[17:42:43] 🧠 New identity created
[17:42:43] [372/456] SVAD
[17:42:44] [373/456] SMSA
[17:42:46] [374/456] SPCZ
[17:42:47] [375/456] GTCX
[17:42:47] [376/456] SCSL
[17:42:48] [377/456] SAHU
[17:42:49] [378/456] NCDA
[17:42:50] [379/456] SCCG
[17:42:51] [380/456] VKTL
[17:42:52] 🔄 Identity reset
[17:42:52] 🔄 Identity rotated (every 10 requests)
[17:42:52] [381/456] PUUJ
[17:42:53] [382/456] STEJ
[17:42:54] [383/456] RJAL
[17:42:55] [384/456] ACJC
[17:42:56] [385/456] ARVB
[17:42:57] [386/456] AUBB
[17:42:58] [387/456] GDBR
[17:42:58] [388/456] PVND
[17:42:59] [389/456] BGRJ
[17:43:00] [390/456] RJMM
[17:43:01] 🔄 Identity reset
[17:43:01] 🔄 Identity rotated (every 10 requests)
[17:43:01] [391/456] MCSA
[17:43:03] [392/456] BODA
[17:43:04] [393/456] JAGG
[17:43:04] [394/456] SCGA
[17:43:05] [395/456] LRCM
[17:43:06] [396/456] CPCN
[17:43:07] [397/456] SSTF
[17:43:08] [398/456] SRXP
[17:43:10] [399/456] CNFX
[17:43:10] [400/456] ANDI
[17:43:11] 🔄 Identity reset
[17:43:11] 🔄 Identity rotated (every 10 requests)
[17:43:12] [401/456] SYEW
[17:43:13] [402/456] RCRE
[17:43:14] [403/456] SCRW
[17:43:15] [404/456] MBKR
[17:43:17] [405/456] ASNT
[17:43:18] [406/456] JTMT
[17:43:19] [407/456] SHAY
[17:43:20] [408/456] VRTH
[17:43:21] [409/456] SPTI
[17:43:22] [410/456] DPTD
[17:43:22] 🔄 Identity reset
[17:43:22] 🔄 Identity rotated (every 10 requests)
[17:43:23] [411/456] TGSN
[17:43:24] [412/456] RCWV
[17:43:25] [413/456] OCUR
[17:43:25] [414/456] KSTC
[17:43:27] [415/456] SANI
[17:43:28] [416/456] MLCA
[17:43:29] [417/456] EGCA
[17:43:30] [418/456] SYSN
[17:43:30] [419/456] PKTA
[17:43:32] [420/456] PRCC
[17:43:32] 🔄 Identity reset
[17:43:32] 🔄 Identity rotated (every 10 requests)
[17:43:33] [421/456] KSTR
[17:43:33] [422/456] SNTP
[17:43:34] [423/456] RCHA
[17:43:35] [424/456] SEEA
[17:43:36] [425/456] ALAT
[17:43:37] [426/456] AATV
[17:43:38] [427/456] RJTE
[17:43:39] [428/456] AAPP
[17:43:39] [429/456] PMMH
[17:43:40] [430/456] INRJ
[17:43:41] 🔄 Identity reset
[17:43:41] 🔄 Identity rotated (every 10 requests)
[17:43:41] [431/456] SARB
[17:43:42] [432/456] PCJL
[17:43:43] [433/456] PFJJ
[17:43:44] [434/456] GRDC
[17:43:45] [435/456] BCBA
[17:43:46] [436/456] VIXL
[17:43:47] [437/456] CSTL
[17:43:48] [438/456] MTDK
[17:43:48] [439/456] TDAC
[17:43:49] [440/456] GTDN
[17:43:50] 🔄 Identity reset
[17:43:50] 🔄 Identity rotated (every 10 requests)
[17:43:50] [441/456] TTDE
[17:43:51] [442/456] ASTS
[17:43:52] [443/456] CPNS
[17:43:53] [444/456] PVVW
[17:43:54] [445/456] USEB
[17:43:55] [446/456] DTYN
[17:43:55] [447/456] PVLE
[17:43:57] [448/456] CIPS
[17:43:58] [449/456] PAEG
[17:43:59] [450/456] PTCW
[17:43:59] 🔄 Identity reset
[17:43:59] 🔄 Identity rotated (every 10 requests)
[17:43:59] [451/456] G3SR
[17:44:00] [452/456] PGND
[17:44:02] [453/456] INVM
[17:44:02] [454/456] SPIA
[17:44:03] [455/456] PCSN
[17:44:04] [456/456] PPGV
[17:44:05] 🧹 Deduping shows
[17:44:05] ✅ DONE | Shows=4095 | Movies=84
[06:21:02] 🚀 SCRIPT STARTED (enhanced anti‑detection)
[06:21:02] [1/456] FNDB
[06:21:03] 🧠 New identity created
[06:21:03] [2/456] AMBH
[06:21:04] [3/456] PRHN
[06:21:05] [4/456] ACPM
[06:21:06] [5/456] PVFS
[06:21:06] [6/456] AACN
[06:21:07] [7/456] ACAS
[06:21:08] [8/456] CTNR
[06:21:08] [9/456] MMAH
[06:21:09] [10/456] CPMH
[06:21:10] 🔄 Identity reset
[06:21:10] 🔄 Identity rotated (every 10 requests)
[06:21:10] [11/456] IGMH
[06:21:11] [12/456] ABCS
[06:21:12] [13/456] CMMA
[06:21:13] [14/456] GPRH
[06:21:13] [15/456] PNNG
[06:21:14] [16/456] AMCA
[06:21:15] [17/456] ISTN
[06:21:16] [18/456] PIIC
[06:21:16] [19/456] AHMH
[06:21:17] [20/456] ASHN
[06:21:18] 🔄 Identity reset
[06:21:18] 🔄 Identity rotated (every 10 requests)
[06:21:18] 🔄 Retry 1/5 for ASHN in 2.3s
[06:21:18] 🔄 Identity reset
[06:21:20] 🧠 New identity created
[06:21:20] [21/456] INHY
[06:21:21] [22/456] SRMO
[06:21:22] [23/456] PIMH
[06:21:22] [24/456] PVTS
[06:21:23] [25/456] MMCA
[06:21:25] [26/456] AKYJ
[06:21:26] [27/456] BRKH
[06:21:27] [28/456] MAHM
[06:21:27] [29/456] CPHY
[06:21:28] 🔄 Identity reset
[06:21:28] 🔄 Identity rotated (every 10 requests)
[06:21:28] [30/456] PVTP
[06:21:29] [31/456] SMMR
[06:21:30] [32/456] PVHM
[06:21:31] [33/456] SNDY
[06:21:32] [34/456] GOKU
[06:21:33] [35/456] ACEV
[06:21:33] [36/456] PVUM
[06:21:34] [37/456] VSWA
[06:21:35] [38/456] IPRS
[06:21:36] [39/456] BKMV
[06:21:37] 🔄 Identity reset
[06:21:37] 🔄 Identity rotated (every 10 requests)
[06:21:37] [40/456] PVYH
[06:21:38] [41/456] INKM
[06:21:39] [42/456] ARJU
[06:21:39] [43/456] JJPP
[06:21:40] [44/456] SSRM
[06:21:40] [45/456] HMHD
[06:21:41] [46/456] SNKH
[06:21:42] [47/456] ACHI
[06:21:43] [48/456] MRAA
[06:21:44] [49/456] INMH
[06:21:44] 🔄 Identity reset
[06:21:44] 🔄 Identity rotated (every 10 requests)
[06:21:44] [50/456] ARMH
[06:21:45] [51/456] DVRR
[06:21:46] [52/456] SUDA
[06:21:47] [53/456] MCSS
[06:21:48] [54/456] VRKC
[06:21:48] [55/456] PRCX
[06:21:49] [56/456] ASJY
[06:21:49] [57/456] MTHY
[06:21:50] [58/456] SRCM
[06:21:51] [59/456] TVHY
[06:21:52] 🔄 Identity reset
[06:21:52] 🔄 Identity rotated (every 10 requests)
[06:21:53] [60/456] STHD
[06:21:53] [61/456] CPCL
[06:21:54] [62/456] PSMJ
[06:21:55] [63/456] MRGT
[06:21:56] [64/456] ARYH
[06:21:56] [65/456] VTRB
[06:21:57] [66/456] SCHC
[06:21:58] [67/456] MRRG
[06:21:59] [68/456] SPCB
[06:21:59] [69/456] AMCM
[06:22:00] 🔄 Identity reset
[06:22:00] 🔄 Identity rotated (every 10 requests)
[06:22:00] [70/456] IVNM
[06:22:01] [71/456] TRHY
[06:22:02] [72/456] PTTH
[06:22:03] [73/456] RKMH
[06:22:04] [74/456] PRCS
[06:22:05] [75/456] VAJA
[06:22:05] [76/456] BJNG
[06:22:06] [77/456] SCVM
[06:22:07] [78/456] GNHB
[06:22:08] [79/456] TLUR
[06:22:08] 🔄 Identity reset
[06:22:09] 🔄 Identity rotated (every 10 requests)
[06:22:09] [80/456] UKCC
[06:22:09] [81/456] SRKR
[06:22:10] [82/456] RMKN
[06:22:11] [83/456] SLRT
[06:22:11] [84/456] LKMT
[06:22:12] [85/456] SSRJ
[06:22:13] [86/456] SPHT
[06:22:14] [87/456] ANTT
[06:22:14] [88/456] SRCH
[06:22:15] [89/456] SRCA
[06:22:16] 🔄 Identity reset
[06:22:16] 🔄 Identity rotated (every 10 requests)
[06:22:16] [90/456] ARTH
[06:22:17] [91/456] MCBH
[06:22:18] [92/456] SNIB
[06:22:18] [93/456] SART
[06:22:19] [94/456] SKTA
[06:22:20] [95/456] YAKT
[06:22:21] [96/456] MLCK
[06:22:22] [97/456] ANTS
[06:22:23] [98/456] DGCA
[06:22:23] [99/456] SGMP
[06:22:24] 🔄 Identity reset
[06:22:24] 🔄 Identity rotated (every 10 requests)
[06:22:24] [100/456] ASWN
[06:22:25] [101/456] KFVU
[06:22:26] [102/456] POOR
[06:22:27] [103/456] GKDN
[06:22:27] [104/456] EOSE
[06:22:28] [105/456] GTTT
[06:22:29] [106/456] ARRO
[06:22:30] [107/456] CMMK
[06:22:30] [108/456] MSCN
[06:22:31] [109/456] GDKH
[06:22:32] 🔄 Identity reset
[06:22:32] 🔄 Identity rotated (every 10 requests)
[06:22:32] 🔄 Retry 1/5 for GDKH in 2.9s
[06:22:32] 🔄 Identity reset
[06:22:35] 🧠 New identity created
[06:22:35] [110/456] DLMT
[06:22:36] [111/456] PVMF
[06:22:37] [112/456] CPCK
[06:22:37] [113/456] VMHE
[06:22:38] [114/456] PVLC
[06:22:38] [115/456] PCVB
[06:22:40] [116/456] SNYK
[06:22:40] [117/456] KTEK
[06:22:41] [118/456] PCNM
[06:22:42] 🔄 Identity reset
[06:22:42] 🔄 Identity rotated (every 10 requests)
[06:22:42] [119/456] NTTR
[06:22:43] [120/456] CPSK
[06:22:44] [121/456] JMMA
[06:22:45] [122/456] GCFK
[06:22:46] [123/456] MYCA
[06:22:47] [124/456] KSNP
[06:22:47] [125/456] PMCE
[06:22:48] [126/456] SCKI
[06:22:49] [127/456] FSMA
[06:22:49] [128/456] CETA
[06:22:50] 🔄 Identity reset
[06:22:50] 🔄 Identity rotated (every 10 requests)
[06:22:50] [129/456] MCIK
[06:22:51] [130/456] MYCR
[06:22:52] [131/456] EVMP
[06:22:52] [132/456] SSGT
[06:22:53] [133/456] KCTK
[06:22:54] [134/456] ZTKC
[06:22:55] [135/456] MMTA
[06:22:56] [136/456] MAJT
[06:22:57] [137/456] ACPK
[06:22:58] [138/456] JMAX
[06:22:58] 🔄 Identity reset
[06:22:58] 🔄 Identity rotated (every 10 requests)
[06:22:59] [139/456] SETK
[06:22:59] [140/456] CAIS
[06:23:00] [141/456] AGCD
[06:23:01] [142/456] URCL
[06:23:01] [143/456] VTDS
[06:23:02] [144/456] JCNM
[06:23:03] [145/456] KCAM
[06:23:04] [146/456] ADCU
[06:23:05] [147/456] GXYN
[06:23:06] [148/456] SMJG
[06:23:07] 🔄 Identity reset
[06:23:07] 🔄 Identity rotated (every 10 requests)
[06:23:07] [149/456] EYCJ
[06:23:08] [150/456] CCEJ
[06:23:08] [151/456] MARS
[06:23:09] [152/456] CPVJ
[06:23:09] [153/456] INVP
[06:23:10] [154/456] CPOV
[06:23:11] [155/456] VIJK
[06:23:12] [156/456] LAIM
[06:23:13] [157/456] STHV
[06:23:14] [158/456] SVLJ
[06:23:14] 🔄 Identity reset
[06:23:14] 🔄 Identity rotated (every 10 requests)
[06:23:14] [159/456] ATVJ
[06:23:15] [160/456] JTSC
[06:23:16] [161/456] RMTV
[06:23:17] [162/456] MGGG
[06:23:17] [163/456] SWTH
[06:23:18] [164/456] INVJ
[06:23:19] [165/456] PRSV
[06:23:19] [166/456] JATV
[06:23:20] [167/456] RCVD
[06:23:21] [168/456] BDMA
[06:23:22] 🔄 Identity reset
[06:23:22] 🔄 Identity rotated (every 10 requests)
[06:23:22] [169/456] BLJI
[06:23:22] [170/456] SWOT
[06:23:23] [171/456] SWRN
[06:23:24] [172/456] TVRA
[06:23:25] [173/456] NVRN
[06:23:26] [174/456] SIKC
[06:23:27] [175/456] VAKR
[06:23:28] [176/456] SYLN
[06:23:28] [177/456] KLJL
[06:23:29] [178/456] LKMY
[06:23:29] 🔄 Identity reset
[06:23:29] 🔄 Identity rotated (every 10 requests)
[06:23:30] [179/456] VSLY
[06:23:31] [180/456] CIKO
[06:23:32] [181/456] GPBG
[06:23:33] [182/456] CECM
[06:23:34] [183/456] SLKB
[06:23:35] [184/456] MTBO
[06:23:35] [185/456] SSHB
[06:23:36] [186/456] VPCS
[06:23:37] [187/456] RCSR
[06:23:38] [188/456] RJRM
[06:23:39] 🔄 Identity reset
[06:23:39] 🔄 Identity rotated (every 10 requests)
[06:23:39] 🔄 Retry 1/5 for RJRM in 2.5s
[06:23:39] 🔄 Identity reset
[06:23:41] 🧠 New identity created
[06:23:41] [189/456] KPPB
[06:23:42] [190/456] SEDC
[06:23:43] [191/456] SCAI
[06:23:43] [192/456] RMTR
[06:23:44] [193/456] ASST
[06:23:45] [194/456] GCAK
[06:23:46] [195/456] ANNK
[06:23:46] [196/456] KDDF
[06:23:48] [197/456] NRDP
[06:23:49] 🔄 Identity reset
[06:23:49] 🔄 Identity rotated (every 10 requests)
[06:23:49] [198/456] PLAK
[06:23:49] [199/456] GCMC
[06:23:50] [200/456] ALPY
[06:23:51] [201/456] SICE
[06:23:52] [202/456] SISR
[06:23:52] [203/456] SRPZ
[06:23:53] [204/456] SRSW
[06:23:54] [205/456] SUYA
[06:23:55] [206/456] AMMT
[06:23:55] [207/456] BHCU
[06:23:56] 🔄 Identity reset
[06:23:56] 🔄 Identity rotated (every 10 requests)
[06:23:56] [208/456] KLPA
[06:23:57] [209/456] NVKH
[06:23:58] [210/456] JMRC
[06:23:59] [211/456] KTTT
[06:23:59] [212/456] MAGH
[06:24:00] [213/456] MMMX
[06:24:01] [214/456] SALJ
[06:24:01] [215/456] GTJA
[06:24:02] [216/456] MAHT
[06:24:03] [217/456] SSNN
[06:24:03] 🔄 Identity reset
[06:24:03] 🔄 Identity rotated (every 10 requests)
[06:24:04] 🔄 Retry 1/5 for SSNN in 2.6s
[06:24:04] 🔄 Identity reset
[06:24:06] 🧠 New identity created
[06:24:07] [218/456] ARRP
[06:24:08] [219/456] ATNS
[06:24:09] [220/456] SKDT
[06:24:09] [221/456] ACAT
[06:24:10] [222/456] APRC
[06:24:11] [223/456] SWAG
[06:24:11] [224/456] SDPT
[06:24:12] [225/456] STPS
[06:24:13] [226/456] WWCZ
[06:24:14] 🔄 Identity reset
[06:24:14] 🔄 Identity rotated (every 10 requests)
[06:24:14] [227/456] LLCH
[06:24:15] [228/456] MZHA
[06:24:16] [229/456] CRJG
[06:24:17] [230/456] JGTK
[06:24:17] [231/456] KCSR
[06:24:18] [232/456] CHTL
[06:24:19] [233/456] EDSR
[06:24:21] [234/456] CSWO
[06:24:21] [235/456] CPVM
[06:24:22] [236/456] MXBY
[06:24:23] 🔄 Identity reset
[06:24:23] 🔄 Identity rotated (every 10 requests)
[06:24:23] [237/456] FMMA
[06:24:24] [238/456] POVI
[06:24:25] [239/456] MTHB
[06:24:25] [240/456] INRC
[06:24:26] [241/456] PIPP
[06:24:27] [242/456] BMXC
[06:24:27] [243/456] PCMM
[06:24:28] [244/456] PMKM
[06:24:29] [245/456] GATY
[06:24:29] [246/456] IMCM
[06:24:30] 🔄 Identity reset
[06:24:30] 🔄 Identity rotated (every 10 requests)
[06:24:30] 🔄 Retry 1/5 for IMCM in 2.6s
[06:24:30] 🔄 Identity reset
[06:24:33] 🧠 New identity created
[06:24:33] [247/456] POPE
[06:24:33] [248/456] MTCR
[06:24:34] [249/456] PVAE
[06:24:35] [250/456] PVMI
[06:24:36] [251/456] CPNM
[06:24:37] [252/456] FMRL
[06:24:38] [253/456] MCIW
[06:24:39] [254/456] MXBO
[06:24:40] [255/456] FMKY
[06:24:40] 🔄 Identity reset
[06:24:40] 🔄 Identity rotated (every 10 requests)
[06:24:40] 🔄 Retry 1/5 for FMKY in 2.3s
[06:24:40] 🔄 Identity reset
[06:24:43] 🧠 New identity created
[06:24:43] [256/456] FMDA
[06:24:43] [257/456] THAB
[06:24:44] [258/456] PRCW
[06:24:45] [259/456] PITI
[06:24:46] [260/456] MCFF
[06:24:46] [261/456] PDDV
[06:24:47] [262/456] MCRM
[06:24:48] [263/456] KKMB
[06:24:48] [264/456] INKO
[06:24:49] 🔄 Identity reset
[06:24:49] 🔄 Identity rotated (every 10 requests)
[06:24:49] [265/456] PLXP
[06:24:50] [266/456] MMHA
[06:24:51] [267/456] FMVS
[06:24:51] [268/456] POLM
[06:24:52] [269/456] STER
[06:24:53] [270/456] PVWJ
[06:24:54] [271/456] IMJW
[06:24:55] [272/456] FNAN
[06:24:55] [273/456] CAGL
[06:24:56] [274/456] IPBG
[06:24:56] 🔄 Identity reset
[06:24:56] 🔄 Identity rotated (every 10 requests)
[06:24:56] 🔄 Retry 1/5 for IPBG in 2.9s
[06:24:56] 🔄 Identity reset
[06:24:59] 🧠 New identity created
[06:24:59] [275/456] SMFV
[06:25:00] [276/456] MMMR
[06:25:01] [277/456] MMWM
[06:25:01] [278/456] FNCM
[06:25:02] [279/456] MDVA
[06:25:03] [280/456] MMET
[06:25:03] [281/456] MIDO
[06:25:04] [282/456] INNP
[06:25:05] [283/456] MIFU
[06:25:05] 🔄 Identity reset
[06:25:05] 🔄 Identity rotated (every 10 requests)
[06:25:05] [284/456] MMSZ
[06:25:06] [285/456] BMXA
[06:25:07] [286/456] MCAA
[06:25:07] [287/456] SCVP
[06:25:08] [288/456] PLUS
[06:25:09] [289/456] MUCK
[06:25:10] [290/456] MTMA
[06:25:11] [291/456] HPVR
[06:25:12] [292/456] PMPK
[06:25:13] [293/456] MAJB
[06:25:13] 🔄 Identity reset
[06:25:13] 🔄 Identity rotated (every 10 requests)
[06:25:14] [294/456] CTRR
[06:25:14] [295/456] MCTG
[06:25:15] [296/456] MACE
[06:25:16] [297/456] AAAS
[06:25:17] [298/456] CPVV
[06:25:17] [299/456] RCHG
[06:25:18] [300/456] MCNE
[06:25:20] [301/456] EMNC
[06:25:21] [302/456] MCAN
[06:25:22] [303/456] TCDM
[06:25:22] 🔄 Identity reset
[06:25:22] 🔄 Identity rotated (every 10 requests)
[06:25:22] 🔄 Retry 1/5 for TCDM in 2.8s
[06:25:22] 🔄 Identity reset
[06:25:25] 🧠 New identity created
[06:25:26] [304/456] IRGT
[06:25:26] [305/456] GCMG
[06:25:27] [306/456] MXSN
[06:25:28] [307/456] MXCK
[06:25:29] [308/456] MCRC
[06:25:30] [309/456] RSMI
[06:25:30] [310/456] WAML
[06:25:31] [311/456] MTSC
[06:25:32] [312/456] FMDR
[06:25:32] 🔄 Identity reset
[06:25:32] 🔄 Identity rotated (every 10 requests)
[06:25:33] [313/456] LEPV
[06:25:33] [314/456] MTGD
[06:25:34] [315/456] IMOB
[06:25:35] [316/456] CLMM
[06:25:36] [317/456] PZCD
[06:25:36] [318/456] GOCS
[06:25:37] [319/456] KCMA
[06:25:38] [320/456] CCMP
[06:25:38] [321/456] MTSU
[06:25:39] [322/456] SNGL
[06:25:40] 🔄 Identity reset
[06:25:40] 🔄 Identity rotated (every 10 requests)
[06:25:40] 🔄 Retry 1/5 for SNGL in 2.6s
[06:25:40] 🔄 Identity reset
[06:25:42] 🧠 New identity created
[06:25:43] [323/456] MMMC
[06:25:44] [324/456] MMAA
[06:25:44] [325/456] GCDM
[06:25:45] [326/456] KTMV
[06:25:46] [327/456] AETE
[06:25:47] [328/456] OMCS
[06:25:48] [329/456] GDCD
[06:25:49] [330/456] NYMD
[06:25:49] [331/456] RNCV
[06:25:50] 🔄 Identity reset
[06:25:50] 🔄 Identity rotated (every 10 requests)
[06:25:50] [332/456] KKMT
[06:25:51] [333/456] GDTH
[06:25:52] [334/456] KMMV
[06:25:52] [335/456] NHCG
[06:25:54] [336/456] PJDW
[06:25:55] [337/456] MMCV
[06:25:56] [338/456] FQSA
[06:25:57] [339/456] KURL
[06:25:57] [340/456] NNNX
[06:25:58] [341/456] AMAU
[06:25:59] 🔄 Identity reset
[06:25:59] 🔄 Identity rotated (every 10 requests)
[06:25:59] 🔄 Retry 1/5 for AMAU in 2.6s
[06:25:59] 🔄 Identity reset
[06:26:01] 🧠 New identity created
[06:26:02] [342/456] VVVM
[06:26:03] [343/456] VECU
[06:26:03] [344/456] WCVR
[06:26:04] [345/456] MTGG
[06:26:04] [346/456] SGTG
[06:26:05] [347/456] MNTG
[06:26:06] [348/456] JDDG
[06:26:07] [349/456] MBTK
[06:26:07] [350/456] SGCD
[06:26:08] 🔄 Identity reset
[06:26:08] 🔄 Identity rotated (every 10 requests)
[06:26:08] [351/456] MCTC
[06:26:09] [352/456] JTPC
[06:26:10] [353/456] SDKT
[06:26:10] [354/456] KRCC
[06:26:11] [355/456] RMMD
[06:26:12] [356/456] AAME
[06:26:13] [357/456] TMWC
[06:26:13] [358/456] NRWY
[06:26:14] [359/456] CITD
[06:26:15] [360/456] VERD
[06:26:15] 🔄 Identity reset
[06:26:15] 🔄 Identity rotated (every 10 requests)
[06:26:15] [361/456] MKSK
[06:26:16] [362/456] STSM
[06:26:17] [363/456] MJDG
[06:26:18] [364/456] RKPM
[06:26:19] [365/456] SSCE
[06:26:20] [366/456] VMAE
[06:26:21] [367/456] SBRU
[06:26:21] [368/456] AMBC
[06:26:22] [369/456] AMLU
[06:26:23] [370/456] INVZ
[06:26:23] 🔄 Identity reset
[06:26:23] 🔄 Identity rotated (every 10 requests)
[06:26:24] [371/456] LGTV
[06:26:24] [372/456] SVAD
[06:26:25] [373/456] SMSA
[06:26:26] [374/456] SPCZ
[06:26:27] [375/456] GTCX
[06:26:27] [376/456] SCSL
[06:26:28] [377/456] SAHU
[06:26:29] [378/456] NCDA
[06:26:29] [379/456] SCCG
[06:26:30] [380/456] VKTL
[06:26:31] 🔄 Identity reset
[06:26:31] 🔄 Identity rotated (every 10 requests)
[06:26:31] [381/456] PUUJ
[06:26:31] [382/456] STEJ
[06:26:32] [383/456] RJAL
[06:26:33] [384/456] ACJC
[06:26:34] [385/456] ARVB
[06:26:34] [386/456] AUBB
[06:26:35] [387/456] GDBR
[06:26:36] [388/456] PVND
[06:26:36] [389/456] BGRJ
[06:26:37] [390/456] RJMM
[06:26:38] 🔄 Identity reset
[06:26:38] 🔄 Identity rotated (every 10 requests)
[06:26:39] [391/456] MCSA
[06:26:40] [392/456] BODA
[06:26:41] [393/456] JAGG
[06:26:41] [394/456] SCGA
[06:26:42] [395/456] LRCM
[06:26:43] [396/456] CPCN
[06:26:44] [397/456] SSTF
[06:26:45] [398/456] SRXP
[06:26:46] [399/456] CNFX
[06:26:46] [400/456] ANDI
[06:26:47] 🔄 Identity reset
[06:26:47] 🔄 Identity rotated (every 10 requests)
[06:26:48] [401/456] SYEW
[06:26:49] [402/456] RCRE
[06:26:50] [403/456] SCRW
[06:26:51] [404/456] MBKR
[06:26:51] [405/456] ASNT
[06:26:52] [406/456] JTMT
[06:26:53] [407/456] SHAY
[06:26:54] [408/456] VRTH
[06:26:54] [409/456] SPTI
[06:26:55] [410/456] DPTD
[06:26:56] 🔄 Identity reset
[06:26:56] 🔄 Identity rotated (every 10 requests)
[06:26:56] [411/456] TGSN
[06:26:57] [412/456] RCWV
[06:26:58] [413/456] OCUR
[06:26:58] [414/456] KSTC
[06:26:59] [415/456] SANI
[06:27:00] [416/456] MLCA
[06:27:01] [417/456] EGCA
[06:27:02] [418/456] SYSN
[06:27:03] [419/456] PKTA
[06:27:03] [420/456] PRCC
[06:27:04] 🔄 Identity reset
[06:27:04] 🔄 Identity rotated (every 10 requests)
[06:27:04] [421/456] KSTR
[06:27:05] [422/456] SNTP
[06:27:06] [423/456] RCHA
[06:27:06] [424/456] SEEA
[06:27:07] [425/456] ALAT
[06:27:08] [426/456] AATV
[06:27:08] [427/456] RJTE
[06:27:09] [428/456] AAPP
[06:27:10] [429/456] PMMH
[06:27:11] [430/456] INRJ
[06:27:11] 🔄 Identity reset
[06:27:11] 🔄 Identity rotated (every 10 requests)
[06:27:12] [431/456] SARB
[06:27:13] [432/456] PCJL
[06:27:13] [433/456] PFJJ
[06:27:14] [434/456] GRDC
[06:27:15] [435/456] BCBA
[06:27:15] [436/456] VIXL
[06:27:16] [437/456] CSTL
[06:27:17] [438/456] MTDK
[06:27:18] [439/456] TDAC
[06:27:19] [440/456] GTDN
[06:27:19] 🔄 Identity reset
[06:27:19] 🔄 Identity rotated (every 10 requests)
[06:27:20] [441/456] TTDE
[06:27:21] [442/456] ASTS
[06:27:22] [443/456] CPNS
[06:27:23] [444/456] PVVW
[06:27:23] [445/456] USEB
[06:27:24] [446/456] DTYN
[06:27:25] [447/456] PVLE
[06:27:26] [448/456] CIPS
[06:27:27] [449/456] PAEG
[06:27:27] [450/456] PTCW
[06:27:28] 🔄 Identity reset
[06:27:28] 🔄 Identity rotated (every 10 requests)
[06:27:28] [451/456] G3SR
[06:27:29] [452/456] PGND
[06:27:29] [453/456] INVM
[06:27:30] [454/456] SPIA
[06:27:31] [455/456] PCSN
[06:27:32] [456/456] PPGV
[06:27:33] 🧹 Deduping shows
[06:27:33] ✅ DONE | Shows=4384 | Movies=83
[12:45:42] 🚀 SCRIPT STARTED (enhanced anti‑detection)
[12:45:42] [1/456] FNDB
[12:45:42] 🧠 New identity created
[12:45:43] [2/456] AMBH
[12:45:44] [3/456] PRHN
[12:45:45] [4/456] ACPM
[12:45:46] [5/456] PVFS
[12:45:47] [6/456] AACN
[12:45:48] [7/456] ACAS
[12:45:50] [8/456] CTNR
[12:45:51] [9/456] MMAH
[12:45:52] [10/456] CPMH
[12:45:53] 🔄 Identity reset
[12:45:53] 🔄 Identity rotated (every 10 requests)
[12:45:53] [11/456] IGMH
[12:45:54] [12/456] ABCS
[12:45:55] [13/456] CMMA
[12:45:56] [14/456] GPRH
[12:45:57] [15/456] PNNG
[12:45:58] [16/456] AMCA
[12:45:59] [17/456] ISTN
[12:46:00] [18/456] PIIC
[12:46:01] [19/456] AHMH
[12:46:02] [20/456] ASHN
[12:46:02] 🔄 Identity reset
[12:46:02] 🔄 Identity rotated (every 10 requests)
[12:46:02] [21/456] INHY
[12:46:03] [22/456] SRMO
[12:46:04] [23/456] PIMH
[12:46:05] [24/456] PVTS
[12:46:06] [25/456] MMCA
[12:46:07] [26/456] AKYJ
[12:46:08] [27/456] BRKH
[12:46:09] [28/456] MAHM
[12:46:10] [29/456] CPHY
[12:46:11] [30/456] PVTP
[12:46:12] 🔄 Identity reset
[12:46:12] 🔄 Identity rotated (every 10 requests)
[12:46:12] [31/456] SMMR
[12:46:13] [32/456] PVHM
[12:46:14] [33/456] SNDY
[12:46:16] [34/456] GOKU
[12:46:16] [35/456] ACEV
[12:46:17] [36/456] PVUM
[12:46:18] [37/456] VSWA
[12:46:19] [38/456] IPRS
[12:46:21] [39/456] BKMV
[12:46:21] [40/456] PVYH
[12:46:22] 🔄 Identity reset
[12:46:22] 🔄 Identity rotated (every 10 requests)
[12:46:22] [41/456] INKM
[12:46:23] [42/456] ARJU
[12:46:24] [43/456] JJPP
[12:46:25] [44/456] SSRM
[12:46:27] [45/456] HMHD
[12:46:28] [46/456] SNKH
[12:46:29] [47/456] ACHI
[12:46:31] [48/456] MRAA
[12:46:31] [49/456] INMH
[12:46:32] [50/456] ARMH
[12:46:33] 🔄 Identity reset
[12:46:33] 🔄 Identity rotated (every 10 requests)
[12:46:33] [51/456] DVRR
[12:46:34] [52/456] SUDA
[12:46:35] [53/456] MCSS
[12:46:36] [54/456] VRKC
[12:46:37] [55/456] PRCX
[12:46:38] [56/456] ASJY
[12:46:38] [57/456] MTHY
[12:46:39] [58/456] SRCM
[12:46:40] [59/456] TVHY
[12:46:41] [60/456] STHD
[12:46:41] 🔄 Identity reset
[12:46:42] 🔄 Identity rotated (every 10 requests)
[12:46:42] [61/456] CPCL
[12:46:43] [62/456] PSMJ
[12:46:44] [63/456] MRGT
[12:46:45] [64/456] ARYH
[12:46:46] [65/456] VTRB
[12:46:47] [66/456] SCHC
[12:46:48] [67/456] MRRG
[12:46:49] [68/456] SPCB
[12:46:50] [69/456] AMCM
[12:46:51] [70/456] IVNM
[12:46:51] 🔄 Identity reset
[12:46:51] 🔄 Identity rotated (every 10 requests)
[12:46:52] [71/456] TRHY
[12:46:53] [72/456] PTTH
[12:46:54] [73/456] RKMH
[12:46:55] [74/456] PRCS
[12:46:56] [75/456] VAJA
[12:46:57] [76/456] BJNG
[12:46:58] [77/456] SCVM
[12:46:59] [78/456] GNHB
[12:46:59] [79/456] TLUR
[12:47:00] [80/456] UKCC
[12:47:01] 🔄 Identity reset
[12:47:01] 🔄 Identity rotated (every 10 requests)
[12:47:02] [81/456] SRKR
[12:47:03] [82/456] RMKN
[12:47:04] [83/456] SLRT
[12:47:05] [84/456] LKMT
[12:47:06] [85/456] SSRJ
[12:47:07] [86/456] SPHT
[12:47:08] [87/456] ANTT
[12:47:09] [88/456] SRCH
[12:47:10] [89/456] SRCA
[12:47:11] [90/456] ARTH
[12:47:12] 🔄 Identity reset
[12:47:12] 🔄 Identity rotated (every 10 requests)
[12:47:13] [91/456] MCBH
[12:47:13] [92/456] SNIB
[12:47:14] [93/456] SART
[12:47:15] [94/456] SKTA
[12:47:16] [95/456] YAKT
[12:47:17] [96/456] MLCK
[12:47:18] [97/456] ANTS
[12:47:19] [98/456] DGCA
[12:47:20] [99/456] SGMP
[12:47:21] [100/456] ASWN
[12:47:22] 🔄 Identity reset
[12:47:22] 🔄 Identity rotated (every 10 requests)
[12:47:22] [101/456] KFVU
[12:47:23] [102/456] POOR
[12:47:24] [103/456] GKDN
[12:47:24] [104/456] EOSE
[12:47:26] [105/456] GTTT
[12:47:26] [106/456] ARRO
[12:47:28] [107/456] CMMK
[12:47:29] [108/456] MSCN
[12:47:30] [109/456] GDKH
[12:47:31] [110/456] DLMT
[12:47:31] 🔄 Identity reset
[12:47:32] 🔄 Identity rotated (every 10 requests)
[12:47:32] [111/456] PVMF
[12:47:33] [112/456] CPCK
[12:47:34] [113/456] VMHE
[12:47:35] [114/456] PVLC
[12:47:36] [115/456] PCVB
[12:47:37] [116/456] SNYK
[12:47:37] [117/456] KTEK
[12:47:38] [118/456] PCNM
[12:47:39] [119/456] NTTR
[12:47:40] [120/456] CPSK
[12:47:41] 🔄 Identity reset
[12:47:41] 🔄 Identity rotated (every 10 requests)
[12:47:41] [121/456] JMMA
[12:47:42] [122/456] GCFK
[12:47:43] [123/456] MYCA
[12:47:44] [124/456] KSNP
[12:47:45] [125/456] PMCE
[12:47:46] [126/456] SCKI
[12:47:47] [127/456] FSMA
[12:47:48] [128/456] CETA
[12:47:49] [129/456] MCIK
[12:47:50] [130/456] MYCR
[12:47:50] 🔄 Identity reset
[12:47:50] 🔄 Identity rotated (every 10 requests)
[12:47:51] [131/456] EVMP
[12:47:52] [132/456] SSGT
[12:47:52] [133/456] KCTK
[12:47:53] [134/456] ZTKC
[12:47:54] [135/456] MMTA
[12:47:56] [136/456] MAJT
[12:47:57] [137/456] ACPK
[12:47:59] [138/456] JMAX
[12:48:00] [139/456] SETK
[12:48:01] [140/456] CAIS
[12:48:01] 🔄 Identity reset
[12:48:01] 🔄 Identity rotated (every 10 requests)
[12:48:01] [141/456] AGCD
[12:48:02] [142/456] URCL
[12:48:03] [143/456] VTDS
[12:48:04] [144/456] JCNM
[12:48:05] [145/456] KCAM
[12:48:06] [146/456] ADCU
[12:48:07] [147/456] GXYN
[12:48:08] [148/456] SMJG
[12:48:09] [149/456] EYCJ
[12:48:10] [150/456] CCEJ
[12:48:11] 🔄 Identity reset
[12:48:11] 🔄 Identity rotated (every 10 requests)
[12:48:11] [151/456] MARS
[12:48:12] [152/456] CPVJ
[12:48:13] [153/456] INVP
[12:48:14] [154/456] CPOV
[12:48:15] [155/456] VIJK
[12:48:16] [156/456] LAIM
[12:48:17] [157/456] STHV
[12:48:18] [158/456] SVLJ
[12:48:18] [159/456] ATVJ
[12:48:19] [160/456] JTSC
[12:48:20] 🔄 Identity reset
[12:48:20] 🔄 Identity rotated (every 10 requests)
[12:48:20] [161/456] RMTV
[12:48:21] [162/456] MGGG
[12:48:22] [163/456] SWTH
[12:48:23] [164/456] INVJ
[12:48:24] [165/456] PRSV
[12:48:25] [166/456] JATV
[12:48:26] [167/456] RCVD
[12:48:27] [168/456] BDMA
[12:48:28] [169/456] BLJI
[12:48:29] [170/456] SWOT
[12:48:30] 🔄 Identity reset
[12:48:30] 🔄 Identity rotated (every 10 requests)
[12:48:30] [171/456] SWRN
[12:48:31] [172/456] TVRA
[12:48:32] [173/456] NVRN
[12:48:33] [174/456] SIKC
[12:48:34] [175/456] VAKR
[12:48:35] [176/456] SYLN
[12:48:36] [177/456] KLJL
[12:48:37] [178/456] LKMY
[12:48:38] [179/456] VSLY
[12:48:38] [180/456] CIKO
[12:48:39] 🔄 Identity reset
[12:48:39] 🔄 Identity rotated (every 10 requests)
[12:48:39] [181/456] GPBG
[12:48:40] [182/456] CECM
[12:48:42] [183/456] SLKB
[12:48:43] [184/456] MTBO
[12:48:44] [185/456] SSHB
[12:48:45] [186/456] VPCS
[12:48:46] [187/456] RCSR
[12:48:47] [188/456] RJRM
[12:48:48] [189/456] KPPB
[12:48:49] [190/456] SEDC
[12:48:50] 🔄 Identity reset
[12:48:50] 🔄 Identity rotated (every 10 requests)
[12:48:50] [191/456] SCAI
[12:48:51] [192/456] RMTR
[12:48:52] [193/456] ASST
[12:48:54] [194/456] GCAK
[12:48:55] [195/456] ANNK
[12:48:56] [196/456] KDDF
[12:48:57] [197/456] NRDP
[12:48:58] [198/456] PLAK
[12:48:59] [199/456] GCMC
[12:49:00] [200/456] ALPY
[12:49:00] 🔄 Identity reset
[12:49:00] 🔄 Identity rotated (every 10 requests)
[12:49:00] [201/456] SICE
[12:49:01] [202/456] SISR
[12:49:02] [203/456] SRPZ
[12:49:03] [204/456] SRSW
[12:49:04] [205/456] SUYA
[12:49:05] [206/456] AMMT
[12:49:06] [207/456] BHCU
[12:49:07] [208/456] KLPA
[12:49:08] [209/456] NVKH
[12:49:09] [210/456] JMRC
[12:49:10] 🔄 Identity reset
[12:49:10] 🔄 Identity rotated (every 10 requests)
[12:49:10] [211/456] KTTT
[12:49:11] [212/456] MAGH
[12:49:12] [213/456] MMMX
[12:49:13] [214/456] SALJ
[12:49:14] [215/456] GTJA
[12:49:15] [216/456] MAHT
[12:49:16] [217/456] SSNN
[12:49:17] [218/456] ARRP
[12:49:18] [219/456] ATNS
[12:49:19] [220/456] SKDT
[12:49:20] 🔄 Identity reset
[12:49:20] 🔄 Identity rotated (every 10 requests)
[12:49:20] [221/456] ACAT
[12:49:21] [222/456] APRC
[12:49:22] [223/456] SWAG
[12:49:24] [224/456] SDPT
[12:49:25] [225/456] STPS
[12:49:26] [226/456] WWCZ
[12:49:28] [227/456] LLCH
[12:49:28] [228/456] MZHA
[12:49:30] [229/456] CRJG
[12:49:31] [230/456] JGTK
[12:49:32] 🔄 Identity reset
[12:49:32] 🔄 Identity rotated (every 10 requests)
[12:49:32] 🔄 Retry 1/5 for JGTK in 3.0s
[12:49:32] 🔄 Identity reset
[12:49:35] 🧠 New identity created
[12:49:35] [231/456] KCSR
[12:49:36] [232/456] CHTL
[12:49:37] [233/456] EDSR
[12:49:38] [234/456] CSWO
[12:49:39] [235/456] CPVM
[12:49:40] [236/456] MXBY
[12:49:42] [237/456] FMMA
[12:49:42] [238/456] POVI
[12:49:43] [239/456] MTHB
[12:49:44] 🔄 Identity reset
[12:49:44] 🔄 Identity rotated (every 10 requests)
[12:49:44] [240/456] INRC
[12:49:45] [241/456] PIPP
[12:49:46] [242/456] BMXC
[12:49:47] [243/456] PCMM
[12:49:48] [244/456] PMKM
[12:49:49] [245/456] GATY
[12:49:50] [246/456] IMCM
[12:49:51] [247/456] POPE
[12:49:52] [248/456] MTCR
[12:49:53] [249/456] PVAE
[12:49:53] 🔄 Identity reset
[12:49:53] 🔄 Identity rotated (every 10 requests)
[12:49:54] [250/456] PVMI
[12:49:55] [251/456] CPNM
[12:49:56] [252/456] FMRL
[12:49:57] [253/456] MCIW
[12:49:58] [254/456] MXBO
[12:49:58] [255/456] FMKY
[12:49:59] [256/456] FMDA
[12:50:00] [257/456] THAB
[12:50:01] [258/456] PRCW
[12:50:02] [259/456] PITI
[12:50:03] 🔄 Identity reset
[12:50:03] 🔄 Identity rotated (every 10 requests)
[12:50:03] [260/456] MCFF
[12:50:04] [261/456] PDDV
[12:50:05] [262/456] MCRM
[12:50:06] [263/456] KKMB
[12:50:07] [264/456] INKO
[12:50:08] [265/456] PLXP
[12:50:09] [266/456] MMHA
[12:50:10] [267/456] FMVS
[12:50:10] [268/456] POLM
[12:50:11] [269/456] STER
[12:50:12] 🔄 Identity reset
[12:50:12] 🔄 Identity rotated (every 10 requests)
[12:50:12] 🔄 Retry 1/5 for STER in 2.5s
[12:50:12] 🔄 Identity reset
[12:50:14] 🧠 New identity created
[12:50:15] [270/456] PVWJ
[12:50:16] [271/456] IMJW
[12:50:17] [272/456] FNAN
[12:50:17] [273/456] CAGL
[12:50:18] [274/456] IPBG
[12:50:19] [275/456] SMFV
[12:50:20] [276/456] MMMR
[12:50:21] [277/456] MMWM
[12:50:22] [278/456] FNCM
[12:50:22] 🔄 Identity reset
[12:50:22] 🔄 Identity rotated (every 10 requests)
[12:50:23] [279/456] MDVA
[12:50:24] [280/456] MMET
[12:50:24] [281/456] MIDO
[12:50:25] [282/456] INNP
[12:50:26] [283/456] MIFU
[12:50:27] [284/456] MMSZ
[12:50:28] [285/456] BMXA
[12:50:29] [286/456] MCAA
[12:50:30] [287/456] SCVP
[12:50:32] [288/456] PLUS
[12:50:32] 🔄 Identity reset
[12:50:32] 🔄 Identity rotated (every 10 requests)
[12:50:33] [289/456] MUCK
[12:50:33] [290/456] MTMA
[12:50:34] [291/456] HPVR
[12:50:35] [292/456] PMPK
[12:50:36] [293/456] MAJB
[12:50:37] [294/456] CTRR
[12:50:38] [295/456] MCTG
[12:50:39] [296/456] MACE
[12:50:39] [297/456] AAAS
[12:50:40] [298/456] CPVV
[12:50:41] 🔄 Identity reset
[12:50:41] 🔄 Identity rotated (every 10 requests)
[12:50:41] [299/456] RCHG
[12:50:42] [300/456] MCNE
[12:50:43] [301/456] EMNC
[12:50:44] [302/456] MCAN
[12:50:44] [303/456] TCDM
[12:50:46] [304/456] IRGT
[12:50:46] [305/456] GCMG
[12:50:47] [306/456] MXSN
[12:50:48] [307/456] MXCK
[12:50:49] [308/456] MCRC
[12:50:50] 🔄 Identity reset
[12:50:50] 🔄 Identity rotated (every 10 requests)
[12:50:51] [309/456] RSMI
[12:50:51] [310/456] WAML
[12:50:52] [311/456] MTSC
[12:50:54] [312/456] FMDR
[12:50:55] [313/456] LEPV
[12:50:56] [314/456] MTGD
[12:50:58] [315/456] IMOB
[12:50:58] [316/456] CLMM
[12:50:59] [317/456] PZCD
[12:51:00] [318/456] GOCS
[12:51:01] 🔄 Identity reset
[12:51:01] 🔄 Identity rotated (every 10 requests)
[12:51:02] [319/456] KCMA
[12:51:03] [320/456] CCMP
[12:51:04] [321/456] MTSU
[12:51:05] [322/456] SNGL
[12:51:06] [323/456] MMMC
[12:51:07] [324/456] MMAA
[12:51:08] [325/456] GCDM
[12:51:09] [326/456] KTMV
[12:51:10] [327/456] AETE
[12:51:11] [328/456] OMCS
[12:51:12] 🔄 Identity reset
[12:51:12] 🔄 Identity rotated (every 10 requests)
[12:51:12] [329/456] GDCD
[12:51:13] [330/456] NYMD
[12:51:14] [331/456] RNCV
[12:51:15] [332/456] KKMT
[12:51:17] [333/456] GDTH
[12:51:18] [334/456] KMMV
[12:51:19] [335/456] NHCG
[12:51:20] [336/456] PJDW
[12:51:21] [337/456] MMCV
[12:51:22] [338/456] FQSA
[12:51:22] 🔄 Identity reset
[12:51:22] 🔄 Identity rotated (every 10 requests)
[12:51:23] [339/456] KURL
[12:51:24] [340/456] NNNX
[12:51:25] [341/456] AMAU
[12:51:26] [342/456] VVVM
[12:51:27] [343/456] VECU
[12:51:27] [344/456] WCVR
[12:51:29] [345/456] MTGG
[12:51:30] [346/456] SGTG
[12:51:32] [347/456] MNTG
[12:51:33] [348/456] JDDG
[12:51:33] 🔄 Identity reset
[12:51:33] 🔄 Identity rotated (every 10 requests)
[12:51:33] [349/456] MBTK
[12:51:34] [350/456] SGCD
[12:51:35] [351/456] MCTC
[12:51:36] [352/456] JTPC
[12:51:37] [353/456] SDKT
[12:51:38] [354/456] KRCC
[12:51:39] [355/456] RMMD
[12:51:40] [356/456] AAME
[12:51:41] [357/456] TMWC
[12:51:41] [358/456] NRWY
[12:51:42] 🔄 Identity reset
[12:51:42] 🔄 Identity rotated (every 10 requests)
[12:51:42] [359/456] CITD
[12:51:43] [360/456] VERD
[12:51:44] [361/456] MKSK
[12:51:45] [362/456] STSM
[12:51:46] [363/456] MJDG
[12:51:47] [364/456] RKPM
[12:51:48] [365/456] SSCE
[12:51:49] [366/456] VMAE
[12:51:49] [367/456] SBRU
[12:51:50] [368/456] AMBC
[12:51:51] 🔄 Identity reset
[12:51:51] 🔄 Identity rotated (every 10 requests)
[12:51:51] [369/456] AMLU
[12:51:52] [370/456] INVZ
[12:51:53] [371/456] LGTV
[12:51:55] [372/456] SVAD
[12:51:56] [373/456] SMSA
[12:51:57] [374/456] SPCZ
[12:51:58] [375/456] GTCX
[12:51:59] [376/456] SCSL
[12:52:01] [377/456] SAHU
[12:52:02] [378/456] NCDA
[12:52:02] 🔄 Identity reset
[12:52:02] 🔄 Identity rotated (every 10 requests)
[12:52:03] [379/456] SCCG
[12:52:04] [380/456] VKTL
[12:52:05] [381/456] PUUJ
[12:52:06] [382/456] STEJ
[12:52:07] [383/456] RJAL
[12:52:08] [384/456] ACJC
[12:52:08] [385/456] ARVB
[12:52:09] [386/456] AUBB
[12:52:10] [387/456] GDBR
[12:52:11] [388/456] PVND
[12:52:12] 🔄 Identity reset
[12:52:12] 🔄 Identity rotated (every 10 requests)
[12:52:12] [389/456] BGRJ
[12:52:13] [390/456] RJMM
[12:52:14] [391/456] MCSA
[12:52:15] [392/456] BODA
[12:52:16] [393/456] JAGG
[12:52:16] [394/456] SCGA
[12:52:17] [395/456] LRCM
[12:52:18] [396/456] CPCN
[12:52:19] [397/456] SSTF
[12:52:20] [398/456] SRXP
[12:52:21] 🔄 Identity reset
[12:52:21] 🔄 Identity rotated (every 10 requests)
[12:52:21] [399/456] CNFX
[12:52:22] [400/456] ANDI
[12:52:23] [401/456] SYEW
[12:52:24] [402/456] RCRE
[12:52:25] [403/456] SCRW
[12:52:26] [404/456] MBKR
[12:52:27] [405/456] ASNT
[12:52:28] [406/456] JTMT
[12:52:29] [407/456] SHAY
[12:52:30] [408/456] VRTH
[12:52:31] 🔄 Identity reset
[12:52:31] 🔄 Identity rotated (every 10 requests)
[12:52:31] [409/456] SPTI
[12:52:32] [410/456] DPTD
[12:52:33] [411/456] TGSN
[12:52:34] [412/456] RCWV
[12:52:35] [413/456] OCUR
[12:52:36] [414/456] KSTC
[12:52:37] [415/456] SANI
[12:52:38] [416/456] MLCA
[12:52:39] [417/456] EGCA
[12:52:40] [418/456] SYSN
[12:52:40] 🔄 Identity reset
[12:52:40] 🔄 Identity rotated (every 10 requests)
[12:52:41] [419/456] PKTA
[12:52:42] [420/456] PRCC
[12:52:42] [421/456] KSTR
[12:52:43] [422/456] SNTP
[12:52:44] [423/456] RCHA
[12:52:45] [424/456] SEEA
[12:52:46] [425/456] ALAT
[12:52:47] [426/456] AATV
[12:52:48] [427/456] RJTE
[12:52:49] [428/456] AAPP
[12:52:49] 🔄 Identity reset
[12:52:49] 🔄 Identity rotated (every 10 requests)
[12:52:50] [429/456] PMMH
[12:52:51] [430/456] INRJ
[12:52:51] [431/456] SARB
[12:52:52] [432/456] PCJL
[12:52:53] [433/456] PFJJ
[12:52:54] [434/456] GRDC
[12:52:55] [435/456] BCBA
[12:52:56] [436/456] VIXL
[12:52:57] [437/456] CSTL
[12:52:58] [438/456] MTDK
[12:52:59] 🔄 Identity reset
[12:52:59] 🔄 Identity rotated (every 10 requests)
[12:52:59] [439/456] TDAC
[12:53:00] [440/456] GTDN
[12:53:01] [441/456] TTDE
[12:53:02] [442/456] ASTS
[12:53:03] [443/456] CPNS
[12:53:04] [444/456] PVVW
[12:53:05] [445/456] USEB
[12:53:06] [446/456] DTYN
[12:53:07] [447/456] PVLE
[12:53:08] [448/456] CIPS
[12:53:09] 🔄 Identity reset
[12:53:09] 🔄 Identity rotated (every 10 requests)
[12:53:09] [449/456] PAEG
[12:53:10] [450/456] PTCW
[12:53:11] [451/456] G3SR
[12:53:12] [452/456] PGND
[12:53:13] [453/456] INVM
[12:53:14] [454/456] SPIA
[12:53:15] [455/456] PCSN
[12:53:16] [456/456] PPGV
[12:53:17] 🧹 Deduping shows
[12:53:17] ✅ DONE | Shows=4492 | Movies=83
[19:41:48] 🚀 SCRIPT STARTED (enhanced anti‑detection)
[19:41:48] [1/456] FNDB
[19:41:49] 🧠 New identity created
[19:41:49] 🔄 Retry 1/5 for FNDB in 2.2s
[19:41:49] 🔄 Identity reset
[19:41:51] 🧠 New identity created
[19:41:51] [2/456] AMBH
[19:41:52] [3/456] PRHN
[19:41:54] [4/456] ACPM
[19:41:54] [5/456] PVFS
[19:41:55] [6/456] AACN
[19:41:56] [7/456] ACAS
[19:41:57] [8/456] CTNR
[19:41:58] [9/456] MMAH
[19:41:58] 🔄 Identity reset
[19:41:58] 🔄 Identity rotated (every 10 requests)
[19:41:59] [10/456] CPMH
[19:41:59] [11/456] IGMH
[19:42:00] [12/456] ABCS
[19:42:01] [13/456] CMMA
[19:42:03] [14/456] GPRH
[19:42:04] [15/456] PNNG
[19:42:05] [16/456] AMCA
[19:42:06] [17/456] ISTN
[19:42:06] [18/456] PIIC
[19:42:07] [19/456] AHMH
[19:42:08] 🔄 Identity reset
[19:42:08] 🔄 Identity rotated (every 10 requests)
[19:42:08] [20/456] ASHN
[19:42:09] [21/456] INHY
[19:42:10] [22/456] SRMO
[19:42:11] [23/456] PIMH
[19:42:13] [24/456] PVTS
[19:42:13] [25/456] MMCA
[19:42:14] [26/456] AKYJ
[19:42:15] [27/456] BRKH
[19:42:16] [28/456] MAHM
[19:42:18] [29/456] CPHY
[19:42:18] 🔄 Identity reset
[19:42:18] 🔄 Identity rotated (every 10 requests)
[19:42:19] [30/456] PVTP
[19:42:20] [31/456] SMMR
[19:42:21] [32/456] PVHM
[19:42:22] [33/456] SNDY
[19:42:23] [34/456] GOKU
[19:42:24] [35/456] ACEV
[19:42:25] [36/456] PVUM
[19:42:26] [37/456] VSWA
[19:42:27] [38/456] IPRS
[19:42:28] [39/456] BKMV
[19:42:29] 🔄 Identity reset
[19:42:29] 🔄 Identity rotated (every 10 requests)
[19:42:29] [40/456] PVYH
[19:42:30] [41/456] INKM
[19:42:31] [42/456] ARJU
[19:42:32] [43/456] JJPP
[19:42:33] [44/456] SSRM
[19:42:33] [45/456] HMHD
[19:42:35] [46/456] SNKH
[19:42:36] [47/456] ACHI
[19:42:36] [48/456] MRAA
[19:42:37] [49/456] INMH
[19:42:38] 🔄 Identity reset
[19:42:38] 🔄 Identity rotated (every 10 requests)
[19:42:38] 🔄 Retry 1/5 for INMH in 2.4s
[19:42:38] 🔄 Identity reset
[19:42:40] 🧠 New identity created
[19:42:41] [50/456] ARMH
[19:42:42] [51/456] DVRR
[19:42:43] [52/456] SUDA
[19:42:44] [53/456] MCSS
[19:42:45] [54/456] VRKC
[19:42:46] [55/456] PRCX
[19:42:46] [56/456] ASJY
[19:42:47] [57/456] MTHY
[19:42:48] [58/456] SRCM
[19:42:48] 🔄 Identity reset
[19:42:48] 🔄 Identity rotated (every 10 requests)
[19:42:50] [59/456] TVHY
[19:42:50] [60/456] STHD
[19:42:52] [61/456] CPCL
[19:42:53] [62/456] PSMJ
[19:42:53] [63/456] MRGT
[19:42:54] [64/456] ARYH
[19:42:55] [65/456] VTRB
[19:42:56] [66/456] SCHC
[19:42:57] [67/456] MRRG
[19:42:59] [68/456] SPCB
[19:42:59] 🔄 Identity reset
[19:42:59] 🔄 Identity rotated (every 10 requests)
[19:43:00] [69/456] AMCM
[19:43:00] [70/456] IVNM
[19:43:01] [71/456] TRHY
[19:43:02] [72/456] PTTH
[19:43:03] [73/456] RKMH
[19:43:04] [74/456] PRCS
[19:43:05] [75/456] VAJA
[19:43:05] [76/456] BJNG
[19:43:07] [77/456] SCVM
[19:43:09] [78/456] GNHB
[19:43:09] 🔄 Identity reset
[19:43:09] 🔄 Identity rotated (every 10 requests)
[19:43:09] [79/456] TLUR
[19:43:10] [80/456] UKCC
[19:43:11] [81/456] SRKR
[19:43:12] [82/456] RMKN
[19:43:13] [83/456] SLRT
[19:43:14] [84/456] LKMT
[19:43:14] [85/456] SSRJ
[19:43:16] [86/456] SPHT
[19:43:17] [87/456] ANTT
[19:43:18] [88/456] SRCH
[19:43:18] 🔄 Identity reset
[19:43:18] 🔄 Identity rotated (every 10 requests)
[19:43:18] 🔄 Retry 1/5 for SRCH in 2.6s
[19:43:18] 🔄 Identity reset
[19:43:21] 🧠 New identity created
[19:43:21] [89/456] SRCA
[19:43:22] [90/456] ARTH
[19:43:23] [91/456] MCBH
[19:43:24] [92/456] SNIB
[19:43:25] [93/456] SART
[19:43:26] [94/456] SKTA
[19:43:27] [95/456] YAKT
[19:43:27] [96/456] MLCK
[19:43:28] [97/456] ANTS
[19:43:29] 🔄 Identity reset
[19:43:29] 🔄 Identity rotated (every 10 requests)
[19:43:29] [98/456] DGCA
[19:43:30] [99/456] SGMP
[19:43:31] [100/456] ASWN
[19:43:33] [101/456] KFVU
[19:43:34] [102/456] POOR
[19:43:35] [103/456] GKDN
[19:43:36] [104/456] EOSE
[19:43:37] [105/456] GTTT
[19:43:39] [106/456] ARRO
[19:43:40] [107/456] CMMK
[19:43:40] 🔄 Identity reset
[19:43:40] 🔄 Identity rotated (every 10 requests)
[19:43:40] [108/456] MSCN
[19:43:41] [109/456] GDKH
[19:43:42] [110/456] DLMT
[19:43:43] [111/456] PVMF
[19:43:44] [112/456] CPCK
[19:43:45] [113/456] VMHE
[19:43:46] [114/456] PVLC
[19:43:47] [115/456] PCVB
[19:43:48] [116/456] SNYK
[19:43:49] [117/456] KTEK
[19:43:50] 🔄 Identity reset
[19:43:50] 🔄 Identity rotated (every 10 requests)
[19:43:50] 🔄 Retry 1/5 for KTEK in 2.4s
[19:43:50] 🔄 Identity reset
[19:43:52] 🧠 New identity created
[19:43:52] [118/456] PCNM
[19:43:54] [119/456] NTTR
[19:43:56] [120/456] CPSK
[19:43:57] [121/456] JMMA
[19:43:57] [122/456] GCFK
[19:43:59] [123/456] MYCA
[19:44:00] [124/456] KSNP
[19:44:01] [125/456] PMCE
[19:44:02] [126/456] SCKI
[19:44:02] 🔄 Identity reset
[19:44:02] 🔄 Identity rotated (every 10 requests)
[19:44:03] [127/456] FSMA
[19:44:04] [128/456] CETA
[19:44:05] [129/456] MCIK
[19:44:06] [130/456] MYCR
[19:44:07] [131/456] EVMP
[19:44:08] [132/456] SSGT
[19:44:09] [133/456] KCTK
[19:44:10] [134/456] ZTKC
[19:44:11] [135/456] MMTA
[19:44:12] [136/456] MAJT
[19:44:13] 🔄 Identity reset
[19:44:13] 🔄 Identity rotated (every 10 requests)
[19:44:13] [137/456] ACPK
[19:44:14] [138/456] JMAX
[19:44:15] [139/456] SETK
[19:44:16] [140/456] CAIS
[19:44:16] [141/456] AGCD
[19:44:17] [142/456] URCL
[19:44:18] [143/456] VTDS
[19:44:20] [144/456] JCNM
[19:44:21] [145/456] KCAM
[19:44:23] [146/456] ADCU
[19:44:23] 🔄 Identity reset
[19:44:23] 🔄 Identity rotated (every 10 requests)
[19:44:24] [147/456] GXYN
[19:44:24] [148/456] SMJG
[19:44:25] [149/456] EYCJ
[19:44:26] [150/456] CCEJ
[19:44:27] [151/456] MARS
[19:44:28] [152/456] CPVJ
[19:44:30] [153/456] INVP
[19:44:30] [154/456] CPOV
[19:44:31] [155/456] VIJK
[19:44:32] [156/456] LAIM
[19:44:33] 🔄 Identity reset
[19:44:33] 🔄 Identity rotated (every 10 requests)
[19:44:34] [157/456] STHV
[19:44:34] [158/456] SVLJ
[19:44:35] [159/456] ATVJ
[19:44:36] [160/456] JTSC
[19:44:37] [161/456] RMTV
[19:44:38] [162/456] MGGG
[19:44:39] [163/456] SWTH
[19:44:40] [164/456] INVJ
[19:44:41] [165/456] PRSV
[19:44:42] [166/456] JATV
[19:44:43] 🔄 Identity reset
[19:44:43] 🔄 Identity rotated (every 10 requests)
[19:44:44] [167/456] RCVD
[19:44:44] [168/456] BDMA
[19:44:45] [169/456] BLJI
[19:44:46] [170/456] SWOT
[19:44:47] [171/456] SWRN
[19:44:48] [172/456] TVRA
[19:44:49] [173/456] NVRN
[19:44:50] [174/456] SIKC
[19:44:51] [175/456] VAKR
[19:44:52] [176/456] SYLN
[19:44:53] 🔄 Identity reset
[19:44:53] 🔄 Identity rotated (every 10 requests)
[19:44:53] 🔄 Retry 1/5 for SYLN in 2.5s
[19:44:53] 🔄 Identity reset
[19:44:55] 🧠 New identity created
[19:44:56] [177/456] KLJL
[19:44:57] [178/456] LKMY
[19:44:57] [179/456] VSLY
[19:44:58] [180/456] CIKO
[19:45:00] [181/456] GPBG
[19:45:01] [182/456] CECM
[19:45:02] [183/456] SLKB
[19:45:03] [184/456] MTBO
[19:45:04] [185/456] SSHB
[19:45:04] 🔄 Identity reset
[19:45:04] 🔄 Identity rotated (every 10 requests)
[19:45:04] 🔄 Retry 1/5 for SSHB in 2.9s
[19:45:04] 🔄 Identity reset
[19:45:07] 🧠 New identity created
[19:45:08] [186/456] VPCS
[19:45:09] [187/456] RCSR
[19:45:10] [188/456] RJRM
[19:45:11] [189/456] KPPB
[19:45:11] [190/456] SEDC
[19:45:12] [191/456] SCAI
[19:45:13] [192/456] RMTR
[19:45:14] [193/456] ASST
[19:45:15] [194/456] GCAK
[19:45:16] 🔄 Identity reset
[19:45:16] 🔄 Identity rotated (every 10 requests)
[19:45:16] 🔄 Retry 1/5 for GCAK in 2.7s
[19:45:16] 🔄 Identity reset
[19:45:19] 🧠 New identity created
[19:45:20] [195/456] ANNK
[19:45:21] [196/456] KDDF
[19:45:22] [197/456] NRDP
[19:45:22] [198/456] PLAK
[19:45:23] [199/456] GCMC
[19:45:24] [200/456] ALPY
[19:45:25] [201/456] SICE
[19:45:27] [202/456] SISR
[19:45:27] [203/456] SRPZ
[19:45:28] 🔄 Identity reset
[19:45:28] 🔄 Identity rotated (every 10 requests)
[19:45:28] 🔄 Retry 1/5 for SRPZ in 2.4s
[19:45:28] 🔄 Identity reset
[19:45:31] 🧠 New identity created
[19:45:31] [204/456] SRSW
[19:45:33] [205/456] SUYA
[19:45:33] [206/456] AMMT
[19:45:34] [207/456] BHCU
[19:45:35] [208/456] KLPA
[19:45:36] [209/456] NVKH
[19:45:37] [210/456] JMRC
[19:45:39] [211/456] KTTT
[19:45:40] [212/456] MAGH
[19:45:40] 🔄 Identity reset
[19:45:40] 🔄 Identity rotated (every 10 requests)
[19:45:40] [213/456] MMMX
[19:45:41] [214/456] SALJ
[19:45:42] [215/456] GTJA
[19:45:43] [216/456] MAHT
[19:45:44] [217/456] SSNN
[19:45:45] [218/456] ARRP
[19:45:47] [219/456] ATNS
[19:45:48] [220/456] SKDT
[19:45:48] [221/456] ACAT
[19:45:49] [222/456] APRC
[19:45:50] 🔄 Identity reset
[19:45:50] 🔄 Identity rotated (every 10 requests)
[19:45:51] [223/456] SWAG
[19:45:52] [224/456] SDPT
[19:45:53] [225/456] STPS
[19:45:54] [226/456] WWCZ
[19:45:55] [227/456] LLCH
[19:45:55] [228/456] MZHA
[19:45:56] [229/456] CRJG
[19:45:57] [230/456] JGTK
[19:45:58] [231/456] KCSR
[19:45:59] [232/456] CHTL
[19:45:59] 🔄 Identity reset
[19:45:59] 🔄 Identity rotated (every 10 requests)
[19:46:00] [233/456] EDSR
[19:46:01] [234/456] CSWO
[19:46:02] [235/456] CPVM
[19:46:03] [236/456] MXBY
[19:46:03] [237/456] FMMA
[19:46:04] [238/456] POVI
[19:46:05] [239/456] MTHB
[19:46:06] [240/456] INRC
[19:46:07] [241/456] PIPP
[19:46:08] [242/456] BMXC
[19:46:09] 🔄 Identity reset
[19:46:09] 🔄 Identity rotated (every 10 requests)
[19:46:09] [243/456] PCMM
[19:46:10] [244/456] PMKM
[19:46:11] [245/456] GATY
[19:46:11] [246/456] IMCM
[19:46:12] [247/456] POPE
[19:46:13] [248/456] MTCR
[19:46:14] [249/456] PVAE
[19:46:15] [250/456] PVMI
[19:46:16] [251/456] CPNM
[19:46:17] [252/456] FMRL
[19:46:17] 🔄 Identity reset
[19:46:17] 🔄 Identity rotated (every 10 requests)
[19:46:18] [253/456] MCIW
[19:46:18] [254/456] MXBO
[19:46:19] [255/456] FMKY
[19:46:20] [256/456] FMDA
[19:46:21] [257/456] THAB
[19:46:22] [258/456] PRCW
[19:46:23] [259/456] PITI
[19:46:24] [260/456] MCFF
[19:46:25] [261/456] PDDV
[19:46:26] [262/456] MCRM
[19:46:27] 🔄 Identity reset
[19:46:27] 🔄 Identity rotated (every 10 requests)
[19:46:27] [263/456] KKMB
[19:46:28] [264/456] INKO
[19:46:29] [265/456] PLXP
[19:46:30] [266/456] MMHA
[19:46:31] [267/456] FMVS
[19:46:32] [268/456] POLM
[19:46:33] [269/456] STER
[19:46:33] [270/456] PVWJ
[19:46:34] [271/456] IMJW
[19:46:35] [272/456] FNAN
[19:46:36] 🔄 Identity reset
[19:46:36] 🔄 Identity rotated (every 10 requests)
[19:46:36] [273/456] CAGL
[19:46:37] [274/456] IPBG
[19:46:38] [275/456] SMFV
[19:46:39] [276/456] MMMR
[19:46:40] [277/456] MMWM
[19:46:41] [278/456] FNCM
[19:46:42] [279/456] MDVA
[19:46:43] [280/456] MMET
[19:46:44] [281/456] MIDO
[19:46:44] [282/456] INNP
[19:46:45] 🔄 Identity reset
[19:46:45] 🔄 Identity rotated (every 10 requests)
[19:46:45] [283/456] MIFU
[19:46:46] [284/456] MMSZ
[19:46:47] [285/456] BMXA
[19:46:48] [286/456] MCAA
[19:46:49] [287/456] SCVP
[19:46:50] [288/456] PLUS
[19:46:51] [289/456] MUCK
[19:46:52] [290/456] MTMA
[19:46:53] [291/456] HPVR
[19:46:54] [292/456] PMPK
[19:46:54] 🔄 Identity reset
[19:46:54] 🔄 Identity rotated (every 10 requests)
[19:46:55] [293/456] MAJB
[19:46:56] [294/456] CTRR
[19:46:57] [295/456] MCTG
[19:46:58] [296/456] MACE
[19:46:59] [297/456] AAAS
[19:47:00] [298/456] CPVV
[19:47:01] [299/456] RCHG
[19:47:02] [300/456] MCNE
[19:47:03] [301/456] EMNC
[19:47:04] [302/456] MCAN
[19:47:04] 🔄 Identity reset
[19:47:04] 🔄 Identity rotated (every 10 requests)
[19:47:04] [303/456] TCDM
[19:47:05] [304/456] IRGT
[19:47:06] [305/456] GCMG
[19:47:07] [306/456] MXSN
[19:47:08] [307/456] MXCK
[19:47:09] [308/456] MCRC
[19:47:10] [309/456] RSMI
[19:47:11] [310/456] WAML
[19:47:12] [311/456] MTSC
[19:47:13] [312/456] FMDR
[19:47:14] 🔄 Identity reset
[19:47:14] 🔄 Identity rotated (every 10 requests)
[19:47:14] [313/456] LEPV
[19:47:15] [314/456] MTGD
[19:47:16] [315/456] IMOB
[19:47:17] [316/456] CLMM
[19:47:18] [317/456] PZCD
[19:47:19] [318/456] GOCS
[19:47:20] [319/456] KCMA
[19:47:20] [320/456] CCMP
[19:47:21] [321/456] MTSU
[19:47:22] [322/456] SNGL
[19:47:23] 🔄 Identity reset
[19:47:23] 🔄 Identity rotated (every 10 requests)
[19:47:23] [323/456] MMMC
[19:47:24] [324/456] MMAA
[19:47:25] [325/456] GCDM
[19:47:26] [326/456] KTMV
[19:47:26] [327/456] AETE
[19:47:27] [328/456] OMCS
[19:47:28] [329/456] GDCD
[19:47:30] [330/456] NYMD
[19:47:30] [331/456] RNCV
[19:47:31] [332/456] KKMT
[19:47:32] 🔄 Identity reset
[19:47:32] 🔄 Identity rotated (every 10 requests)
[19:47:32] [333/456] GDTH
[19:47:33] [334/456] KMMV
[19:47:34] [335/456] NHCG
[19:47:35] [336/456] PJDW
[19:47:36] [337/456] MMCV
[19:47:37] [338/456] FQSA
[19:47:38] [339/456] KURL
[19:47:39] [340/456] NNNX
[19:47:40] [341/456] AMAU
[19:47:42] [342/456] VVVM
[19:47:42] 🔄 Identity reset
[19:47:42] 🔄 Identity rotated (every 10 requests)
[19:47:43] [343/456] VECU
[19:47:44] [344/456] WCVR
[19:47:45] [345/456] MTGG
[19:47:46] [346/456] SGTG
[19:47:47] [347/456] MNTG
[19:47:47] [348/456] JDDG
[19:47:48] [349/456] MBTK
[19:47:49] [350/456] SGCD
[19:47:50] [351/456] MCTC
[19:47:51] [352/456] JTPC
[19:47:52] 🔄 Identity reset
[19:47:52] 🔄 Identity rotated (every 10 requests)
[19:47:52] [353/456] SDKT
[19:47:53] [354/456] KRCC
[19:47:54] [355/456] RMMD
[19:47:55] [356/456] AAME
[19:47:56] [357/456] TMWC
[19:47:57] [358/456] NRWY
[19:47:58] [359/456] CITD
[19:47:58] [360/456] VERD
[19:47:59] [361/456] MKSK
[19:48:00] [362/456] STSM
[19:48:01] 🔄 Identity reset
[19:48:01] 🔄 Identity rotated (every 10 requests)
[19:48:01] [363/456] MJDG
[19:48:02] [364/456] RKPM
[19:48:03] [365/456] SSCE
[19:48:04] [366/456] VMAE
[19:48:05] [367/456] SBRU
[19:48:05] [368/456] AMBC
[19:48:06] [369/456] AMLU
[19:48:07] [370/456] INVZ
[19:48:08] [371/456] LGTV
[19:48:09] [372/456] SVAD
[19:48:10] 🔄 Identity reset
[19:48:10] 🔄 Identity rotated (every 10 requests)
[19:48:10] [373/456] SMSA
[19:48:11] [374/456] SPCZ
[19:48:12] [375/456] GTCX
[19:48:13] [376/456] SCSL
[19:48:14] [377/456] SAHU
[19:48:15] [378/456] NCDA
[19:48:16] [379/456] SCCG
[19:48:17] [380/456] VKTL
[19:48:18] [381/456] PUUJ
[19:48:19] [382/456] STEJ
[19:48:19] 🔄 Identity reset
[19:48:19] 🔄 Identity rotated (every 10 requests)
[19:48:19] [383/456] RJAL
[19:48:20] [384/456] ACJC
[19:48:21] [385/456] ARVB
[19:48:22] [386/456] AUBB
[19:48:23] [387/456] GDBR
[19:48:24] [388/456] PVND
[19:48:25] [389/456] BGRJ
[19:48:25] [390/456] RJMM
[19:48:26] [391/456] MCSA
[19:48:27] [392/456] BODA
[19:48:28] 🔄 Identity reset
[19:48:28] 🔄 Identity rotated (every 10 requests)
[19:48:28] [393/456] JAGG
[19:48:29] [394/456] SCGA
[19:48:30] [395/456] LRCM
[19:48:31] [396/456] CPCN
[19:48:32] [397/456] SSTF
[19:48:33] [398/456] SRXP
[19:48:33] [399/456] CNFX
[19:48:34] [400/456] ANDI
[19:48:35] [401/456] SYEW
[19:48:37] [402/456] RCRE
[19:48:37] 🔄 Identity reset
[19:48:37] 🔄 Identity rotated (every 10 requests)
[19:48:38] [403/456] SCRW
[19:48:39] [404/456] MBKR
[19:48:39] [405/456] ASNT
[19:48:40] [406/456] JTMT
[19:48:42] [407/456] SHAY
[19:48:43] [408/456] VRTH
[19:48:44] [409/456] SPTI
[19:48:44] [410/456] DPTD
[19:48:45] [411/456] TGSN
[19:48:46] [412/456] RCWV
[19:48:47] 🔄 Identity reset
[19:48:47] 🔄 Identity rotated (every 10 requests)
[19:48:47] [413/456] OCUR
[19:48:48] [414/456] KSTC
[19:48:49] [415/456] SANI
[19:48:50] [416/456] MLCA
[19:48:51] [417/456] EGCA
[19:48:52] [418/456] SYSN
[19:48:53] [419/456] PKTA
[19:48:54] [420/456] PRCC
[19:48:55] [421/456] KSTR
[19:48:56] [422/456] SNTP
[19:48:57] 🔄 Identity reset
[19:48:57] 🔄 Identity rotated (every 10 requests)
[19:48:57] [423/456] RCHA
[19:48:58] [424/456] SEEA
[19:49:00] [425/456] ALAT
[19:49:01] [426/456] AATV
[19:49:01] [427/456] RJTE
[19:49:02] [428/456] AAPP
[19:49:03] [429/456] PMMH
[19:49:05] [430/456] INRJ
[19:49:05] [431/456] SARB
[19:49:06] [432/456] PCJL
[19:49:07] 🔄 Identity reset
[19:49:07] 🔄 Identity rotated (every 10 requests)
[19:49:07] 🔄 Retry 1/5 for PCJL in 2.0s
[19:49:07] 🔄 Identity reset
[19:49:09] 🧠 New identity created
[19:49:09] [433/456] PFJJ
[19:49:10] [434/456] GRDC
[19:49:11] [435/456] BCBA
[19:49:12] [436/456] VIXL
[19:49:13] [437/456] CSTL
[19:49:14] [438/456] MTDK
[19:49:15] [439/456] TDAC
[19:49:16] [440/456] GTDN
[19:49:17] [441/456] TTDE
[19:49:17] 🔄 Identity reset
[19:49:17] 🔄 Identity rotated (every 10 requests)
[19:49:18] [442/456] ASTS
[19:49:19] [443/456] CPNS
[19:49:20] [444/456] PVVW
[19:49:20] [445/456] USEB
[19:49:22] [446/456] DTYN
[19:49:23] [447/456] PVLE
[19:49:23] [448/456] CIPS
[19:49:24] [449/456] PAEG
[19:49:26] [450/456] PTCW
[19:49:27] [451/456] G3SR
[19:49:28] 🔄 Identity reset
[19:49:28] 🔄 Identity rotated (every 10 requests)
[19:49:28] [452/456] PGND
[19:49:29] [453/456] INVM
[19:49:30] [454/456] SPIA
[19:49:31] [455/456] PCSN
[19:49:31] [456/456] PPGV
[19:49:32] 🧹 Deduping shows
[19:49:32] ✅ DONE | Shows=4639 | Movies=84
