[09:38:16] 🚀 SCRIPT STARTED (enhanced anti‑detection)
[09:38:16] [1/326] BSAT
[09:38:17] 🧠 New identity created
[09:38:18] [2/326] RSSM
[09:38:19] [3/326] GCTA
[09:38:20] [4/326] TOPN
[09:38:22] [5/326] MCUS
[09:38:23] [6/326] SHRL
[09:38:25] [7/326] UPTP
[09:38:26] [8/326] TMMP
[09:38:27] [9/326] DNRP
[09:38:28] [10/326] SRLT
[09:38:28] 🔄 Identity reset
[09:38:28] 🔄 Identity rotated (every 10 requests)
[09:38:28] 🔄 Retry 1/5 for SRLT in 2.2s
[09:38:28] 🔄 Identity reset
[09:38:30] 🧠 New identity created
[09:38:30] 🔄 Retry 2/5 for SRLT in 4.7s
[09:38:30] 🔄 Identity reset
[09:38:35] 🧠 New identity created
[09:38:36] [11/326] RCNS
[09:38:38] [12/326] DCBH
[09:38:38] [13/326] NAGJ
[09:38:39] [14/326] JVRC
[09:38:41] [15/326] KRJG
[09:38:42] [16/326] SRTJ
[09:38:44] [17/326] CMXM
[09:38:45] [18/326] STMI
[09:38:46] 🔄 Identity reset
[09:38:46] 🔄 Identity rotated (every 10 requests)
[09:38:47] [19/326] SLST
[09:38:48] [20/326] DTCN
[09:38:49] [21/326] STYN
[09:38:51] [22/326] SZVR
[09:38:52] [23/326] SRKO
[09:38:53] [24/326] JTGT
[09:38:55] [25/326] SVFD
[09:38:56] [26/326] SISD
[09:38:58] [27/326] ABDD
[09:38:59] [28/326] DRCA
[09:39:00] 🔄 Identity reset
[09:39:00] 🔄 Identity rotated (every 10 requests)
[09:39:01] [29/326] AVCS
[09:39:03] [30/326] MVKH
[09:39:04] [31/326] ACPR
[09:39:05] [32/326] STIP
[09:39:06] [33/326] MTRA
[09:39:07] [34/326] RMKH
[09:39:09] [35/326] NKRL
[09:39:10] [36/326] PCWN
[09:39:12] [37/326] BLMT
[09:39:13] [38/326] GDPG
[09:39:14] 🔄 Identity reset
[09:39:14] 🔄 Identity rotated (every 10 requests)
[09:39:15] [39/326] SRMX
[09:39:17] [40/326] JACP
[09:39:18] [41/326] CPSH
[09:39:20] [42/326] MCCD
[09:39:21] [43/326] ECGH
[09:39:23] [44/326] MKCK
[09:39:24] [45/326] SRMM
[09:39:25] [46/326] SKYR
[09:39:27] [47/326] PCKC
[09:39:27] [48/326] JCMA
[09:39:28] 🔄 Identity reset
[09:39:28] 🔄 Identity rotated (every 10 requests)
[09:39:29] [49/326] BSMP
[09:39:31] [50/326] VSPA
[09:39:32] [51/326] DJYA
[09:39:32] [52/326] DIMP
[09:39:34] [53/326] FXDR
[09:39:37] [54/326] SSRC
[09:39:39] [55/326] STHP
[09:39:41] [56/326] CPPD
[09:39:42] [57/326] FCLK
[09:39:44] [58/326] SCPP
[09:39:44] 🔄 Identity reset
[09:39:44] 🔄 Identity rotated (every 10 requests)
[09:39:44] 🔄 Retry 1/5 for SCPP in 2.1s
[09:39:44] 🔄 Identity reset
[09:39:46] 🧠 New identity created
[09:39:48] [59/326] DCMJ
[09:39:49] [60/326] RCCR
[09:39:51] [61/326] INMT
[09:39:52] [62/326] LXTK
[09:39:54] [63/326] SRYK
[09:39:55] [64/326] SGDK
[09:39:56] [65/326] PPKA
[09:39:58] [66/326] SPKA
[09:39:59] [67/326] CGHH
[09:40:00] 🔄 Identity reset
[09:40:00] 🔄 Identity rotated (every 10 requests)
[09:40:00] 🔄 Retry 1/5 for CGHH in 2.8s
[09:40:00] 🔄 Identity reset
[09:40:03] 🧠 New identity created
[09:40:03] 🔄 Retry 2/5 for CGHH in 4.6s
[09:40:03] 🔄 Identity reset
[09:40:08] 🧠 New identity created
[09:40:08] [68/326] DCJN
[09:40:10] [69/326] SRKV
[09:40:11] [70/326] SAJC
[09:40:12] [71/326] SUSR
[09:40:14] [72/326] STYG
[09:40:15] [73/326] NTKP
[09:40:17] [74/326] AKTG
[09:40:18] [75/326] CGCM
[09:40:19] 🔄 Identity reset
[09:40:19] 🔄 Identity rotated (every 10 requests)
[09:40:20] [76/326] TULC
[09:40:21] [77/326] NYYZ
[09:40:22] [78/326] NYBW
[09:40:24] [79/326] MACB
[09:40:25] [80/326] SLVT
[09:40:26] [81/326] SANA
[09:40:28] [82/326] ACMR
[09:40:29] [83/326] CPKN
[09:40:31] [84/326] DLGK
[09:40:31] [85/326] CWCK
[09:40:32] 🔄 Identity reset
[09:40:32] 🔄 Identity rotated (every 10 requests)
[09:40:32] 🔄 Retry 1/5 for CWCK in 2.3s
[09:40:32] 🔄 Identity reset
[09:40:34] 🧠 New identity created
[09:40:35] [86/326] FDDH
[09:40:36] [87/326] MMMD
[09:40:37] [88/326] CMEH
[09:40:39] [89/326] GGGV
[09:40:41] [90/326] SPJL
[09:40:42] [91/326] RCCD
[09:40:54] [92/326] STTZ
[09:40:55] [93/326] BTCF
[09:40:56] [94/326] TSTZ
[09:40:57] 🔄 Identity reset
[09:40:57] 🔄 Identity rotated (every 10 requests)
[09:40:57] 🔄 Retry 1/5 for TSTZ in 2.2s
[09:40:57] 🔄 Identity reset
[09:40:59] 🧠 New identity created
[09:40:59] [95/326] IPMM
[09:41:01] [96/326] PMPW
[09:41:02] [97/326] PCMZ
[09:41:03] [98/326] ESEM
[09:41:04] [99/326] PIPO
[09:41:06] [100/326] MATK
[09:41:08] [101/326] PGHM
[09:41:08] [102/326] CTSR
[09:41:10] [103/326] CYKR
[09:41:10] 🔄 Identity reset
[09:41:10] 🔄 Identity rotated (every 10 requests)
[09:41:12] [104/326] MSCM
[09:41:15] [105/326] RFNP
[09:41:17] [106/326] PDCP
[09:41:19] [107/326] NPSE
[09:41:20] [108/326] MKML
[09:41:22] [109/326] FTDP
[09:41:29] [110/326] MMXA
[09:41:31] [111/326] CEPO
[09:41:33] [112/326] CMVP
[09:41:34] [113/326] SGTH
[09:41:35] 🔄 Identity reset
[09:41:35] 🔄 Identity rotated (every 10 requests)
[09:41:35] 🔄 Retry 1/5 for SGTH in 2.8s
[09:41:35] 🔄 Identity reset
[09:41:38] 🧠 New identity created
[09:41:38] [114/326] SAYN
[09:41:40] [115/326] URVS
[09:41:41] [116/326] VJTN
[09:41:42] [117/326] BBYK
[09:41:43] [118/326] SHBO
[09:41:45] [119/326] VCMR
[09:41:46] [120/326] MACT
[09:41:48] [121/326] JMNP
[09:41:50] [122/326] VICS
[09:41:50] 🔄 Identity reset
[09:41:50] 🔄 Identity rotated (every 10 requests)
[09:41:50] [123/326] VCDA
[09:41:52] [124/326] GCMM
[09:41:53] [125/326] INVS
[09:41:54] [126/326] SCGM
[09:41:56] [127/326] PCDA
[09:41:58] [128/326] KDCT
[09:41:59] [129/326] JACS
[09:42:12] 🔄 Retry 1/5 for JACS in 2.7s
[09:42:12] 🔄 Identity reset
[09:42:15] 🧠 New identity created
[09:42:15] [130/326] GMMC
[09:42:16] [131/326] AICM
[09:42:17] 🔄 Identity reset
[09:42:17] 🔄 Identity rotated (every 10 requests)
[09:42:17] [132/326] TJCM
[09:42:19] [133/326] RMTI
[09:42:20] [134/326] SHAC
[09:42:22] [135/326] APJC
[09:42:24] [136/326] GCTG
[09:42:25] [137/326] SSMC
[09:42:27] [138/326] THRM
[09:42:29] [139/326] RBCT
[09:42:30] [140/326] DIKT
[09:42:31] [141/326] MIDL
[09:42:31] 🔄 Identity reset
[09:42:32] 🔄 Identity rotated (every 10 requests)
[09:42:33] [142/326] VCSN
[09:42:34] [143/326] SKTG
[09:42:36] [144/326] SMWC
[09:42:37] [145/326] MNKH
[09:42:38] [146/326] PIAT
[09:42:40] [147/326] LTTP
[09:42:41] [148/326] PTPU
[09:42:43] [149/326] ACMG
[09:42:44] [150/326] SHMM
[09:42:46] [151/326] MCMN
[09:42:46] 🔄 Identity reset
[09:42:46] 🔄 Identity rotated (every 10 requests)
[09:42:47] [152/326] GLDC
[09:42:49] [153/326] HOUT
[09:42:51] [154/326] SVRP
[09:42:52] [155/326] PVDN
[09:42:54] [156/326] SCPY
[09:42:56] [157/326] DTPY
[09:42:57] [158/326] GKCS
[09:42:59] [159/326] NCAM
[09:43:00] [160/326] BSRM
[09:43:01] [161/326] RCLC
[09:43:02] 🔄 Identity reset
[09:43:02] 🔄 Identity rotated (every 10 requests)
[09:43:02] 🔄 Retry 1/5 for RCLC in 2.9s
[09:43:02] 🔄 Identity reset
[09:43:05] 🧠 New identity created
[09:43:05] [162/326] SKKD
[09:43:07] [163/326] ACHU
[09:43:08] [164/326] RSCF
[09:43:09] [165/326] IMSH
[09:43:11] [166/326] MACX
[09:43:12] [167/326] HMMW
[09:43:14] [168/326] JTCP
[09:43:16] [169/326] SREN
[09:43:17] [170/326] PJRR
[09:43:17] 🔄 Identity reset
[09:43:17] 🔄 Identity rotated (every 10 requests)
[09:43:18] [171/326] INAC
[09:43:19] [172/326] BMCA
[09:43:21] [173/326] SHCB
[09:43:23] [174/326] GABA
[09:43:24] [175/326] SBCT
[09:43:25] [176/326] GCMA
[09:43:27] [177/326] MYTK
[09:43:29] [178/326] INZS
[09:43:30] [179/326] RMIK
[09:43:32] [180/326] NYCH
[09:43:32] 🔄 Identity reset
[09:43:32] 🔄 Identity rotated (every 10 requests)
[09:43:33] [181/326] RAVE
[09:43:35] [182/326] PSXM
[09:43:36] [183/326] MCGP
[09:43:37] [184/326] PDDK
[09:43:39] [185/326] SPCK
[09:43:40] [186/326] MCRL
[09:43:41] [187/326] MHKT
[09:43:43] [188/326] ANRR
[09:43:44] [189/326] SAPK
[09:43:46] [190/326] NCUK
[09:43:46] 🔄 Identity reset
[09:43:46] 🔄 Identity rotated (every 10 requests)
[09:43:47] [191/326] JUGA
[09:43:49] [192/326] DBSC
[09:43:51] [193/326] LALK
[09:43:52] [194/326] GUCK
[09:43:54] [195/326] STSG
[09:43:55] [196/326] PPPZ
[09:43:57] [197/326] CNCY
[09:43:58] [198/326] MTAR
[09:44:00] [199/326] VNKD
[09:44:01] [200/326] KMAJ
[09:44:02] 🔄 Identity reset
[09:44:02] 🔄 Identity rotated (every 10 requests)
[09:44:03] [201/326] ACXK
[09:44:05] [202/326] UTKC
[09:44:06] [203/326] PBLK
[09:44:08] [204/326] ACBX
[09:44:09] [205/326] PTGM
[09:44:11] [206/326] BTDA
[09:44:15] [207/326] PJMB
[09:44:17] [208/326] TPDA
[09:44:18] [209/326] AMOE
[09:44:19] [210/326] PRHT
[09:44:19] 🔄 Identity reset
[09:44:19] 🔄 Identity rotated (every 10 requests)
[09:44:19] [211/326] PRTA
[09:44:20] [212/326] STAM
[09:44:22] [213/326] MSAA
[09:44:23] [214/326] SDLU
[09:44:24] [215/326] RCHH
[09:44:25] [216/326] KANT
[09:44:27] [217/326] FCRT
[09:44:39] 🔄 Retry 1/5 for FCRT in 2.5s
[09:44:39] 🔄 Identity reset
[09:44:42] 🧠 New identity created
[09:44:46] [218/326] DNKM
[09:44:47] [219/326] RYCP
[09:44:48] 🔄 Identity reset
[09:44:48] 🔄 Identity rotated (every 10 requests)
[09:44:49] [220/326] MYRP
[09:44:49] [221/326] PPAK
[09:44:51] [222/326] NVPK
[09:44:52] [223/326] PRMC
[09:44:53] [224/326] JBCS
[09:44:55] [225/326] GXCK
[09:44:56] [226/326] USKO
[09:44:58] [227/326] GTEM
[09:44:59] [228/326] SMBU
[09:45:00] [229/326] VETC
[09:45:01] 🔄 Identity reset
[09:45:01] 🔄 Identity rotated (every 10 requests)
[09:45:02] [230/326] LCDA
[09:45:03] [231/326] MTVT
[09:45:04] [232/326] PYCP
[09:45:05] [233/326] PNSC
[09:45:06] [234/326] PPCC
[09:45:08] [235/326] TGRT
[09:45:09] [236/326] JYOT
[09:45:11] [237/326] SRCZ
[09:45:13] [238/326] SJTE
[09:45:14] [239/326] DESC
[09:45:15] 🔄 Identity reset
[09:45:15] 🔄 Identity rotated (every 10 requests)
[09:45:16] [240/326] JHVN
[09:45:18] [241/326] IPSG
[09:45:19] [242/326] IPCM
[09:45:21] [243/326] PDRS
[09:45:22] [244/326] ANCV
[09:45:23] [245/326] CMVV
[09:45:24] [246/326] SHYP
[09:45:26] [247/326] DNCS
[09:45:27] [248/326] GAJK
[09:45:29] [249/326] AKTN
[09:45:30] 🔄 Identity reset
[09:45:30] 🔄 Identity rotated (every 10 requests)
[09:45:30] [250/326] KAYA
[09:45:32] [251/326] SBRC
[09:45:34] [252/326] CHTP
[09:45:34] [253/326] SHRT
[09:45:36] [254/326] BCKU
[09:45:37] [255/326] FCPS
[09:45:37] [256/326] ARDD
[09:45:39] [257/326] CPCM
[09:45:40] [258/326] CGSM
[09:45:42] [259/326] PSMP
[09:45:43] 🔄 Identity reset
[09:45:43] 🔄 Identity rotated (every 10 requests)
[09:45:44] [260/326] SDAL
[09:45:45] [261/326] RTNB
[09:45:46] [262/326] LMCR
[09:45:47] [263/326] CIMA
[09:45:48] [264/326] RNAS
[09:45:50] [265/326] LITH
[09:45:51] [266/326] PBOX
[09:45:52] [267/326] FRTS
[09:45:54] [268/326] RKIC
[09:45:55] [269/326] PTAI
[09:45:56] 🔄 Identity reset
[09:45:56] 🔄 Identity rotated (every 10 requests)
[09:45:56] [270/326] GCIC
[09:45:58] [271/326] FNAS
[09:46:00] [272/326] SCAR
[09:46:02] [273/326] MTCA
[09:46:03] [274/326] SCTS
[09:46:05] [275/326] SYCS
[09:46:06] [276/326] RDMS
[09:46:07] [277/326] KAMP
[09:46:08] [278/326] ERSD
[09:46:10] [279/326] MJMJ
[09:46:10] 🔄 Identity reset
[09:46:10] 🔄 Identity rotated (every 10 requests)
[09:46:11] [280/326] SRCJ
[09:46:13] [281/326] SCXE
[09:46:15] [282/326] SVFR
[09:46:16] [283/326] BHCS
[09:46:18] [284/326] IMCC
[09:46:19] [285/326] PCBO
[09:46:21] [286/326] PRVN
[09:46:23] [287/326] AUPM
[09:46:24] [288/326] INBW
[09:46:26] [289/326] SVCW
[09:46:26] 🔄 Identity reset
[09:46:26] 🔄 Identity rotated (every 10 requests)
[09:46:27] [290/326] RKCF
[09:46:29] [291/326] UVBH
[09:46:29] [292/326] DNCY
[09:46:31] [293/326] ABCN
[09:46:32] [294/326] PRUR
[09:46:33] [295/326] PFMR
[09:46:35] [296/326] RKCN
[09:46:37] [297/326] CFEA
[09:46:38] [298/326] SDBG
[09:46:39] [299/326] SNAR
[09:46:40] 🔄 Identity reset
[09:46:40] 🔄 Identity rotated (every 10 requests)
[09:46:41] [300/326] YISI
[09:46:42] [301/326] JCFF
[09:46:43] [302/326] VTRK
[09:46:44] [303/326] PCLZ
[09:46:45] [304/326] DIMY
[09:46:46] [305/326] BBTS
[09:46:48] [306/326] GATH
[09:46:50] [307/326] GTMN
[09:46:51] [308/326] VTMH
[09:46:53] [309/326] CCKP
[09:46:54] 🔄 Identity reset
[09:46:54] 🔄 Identity rotated (every 10 requests)
[09:46:54] [310/326] GPKA
[09:46:55] [311/326] MHCL
[09:46:57] [312/326] ATCL
[09:46:58] [313/326] SBCK
[09:47:00] [314/326] AMMR
[09:47:01] [315/326] MADC
[09:47:02] [316/326] TMMA
[09:47:03] [317/326] CACC
[09:47:05] [318/326] CHAL
[09:47:07] [319/326] DURG
[09:47:07] 🔄 Identity reset
[09:47:07] 🔄 Identity rotated (every 10 requests)
[09:47:09] [320/326] GMKU
[09:47:10] [321/326] GECA
[09:47:11] [322/326] KYRR
[09:47:12] [323/326] KSDE
[09:47:14] [324/326] LMCI
[09:47:15] [325/326] NKCP
[09:47:17] [326/326] BGTC
[09:47:18] 🧹 Deduping shows
[09:47:18] ✅ DONE | Shows=470 | Movies=27
[16:33:16] 🚀 SCRIPT STARTED (enhanced anti‑detection)
[16:33:16] [1/326] BSAT
[16:33:17] 🧠 New identity created
[16:33:17] [2/326] RSSM
[16:33:18] [3/326] GCTA
[16:33:19] [4/326] TOPN
[16:33:20] [5/326] MCUS
[16:33:21] [6/326] SHRL
[16:33:22] [7/326] UPTP
[16:33:23] [8/326] TMMP
[16:33:24] [9/326] DNRP
[16:33:25] [10/326] SRLT
[16:33:25] 🔄 Identity reset
[16:33:25] 🔄 Identity rotated (every 10 requests)
[16:33:26] [11/326] RCNS
[16:33:27] [12/326] DCBH
[16:33:28] [13/326] NAGJ
[16:33:29] [14/326] JVRC
[16:33:30] [15/326] KRJG
[16:33:30] [16/326] SRTJ
[16:33:31] [17/326] CMXM
[16:33:33] [18/326] STMI
[16:33:33] [19/326] SLST
[16:33:34] [20/326] DTCN
[16:33:35] 🔄 Identity reset
[16:33:35] 🔄 Identity rotated (every 10 requests)
[16:33:35] [21/326] STYN
[16:33:36] [22/326] SZVR
[16:33:37] [23/326] SRKO
[16:33:38] [24/326] JTGT
[16:33:40] [25/326] SVFD
[16:33:41] [26/326] SISD
[16:33:42] [27/326] ABDD
[16:33:42] [28/326] DRCA
[16:33:43] [29/326] AVCS
[16:33:45] [30/326] MVKH
[16:33:45] 🔄 Identity reset
[16:33:45] 🔄 Identity rotated (every 10 requests)
[16:33:46] [31/326] ACPR
[16:33:47] [32/326] STIP
[16:33:48] [33/326] MTRA
[16:33:49] [34/326] RMKH
[16:33:50] [35/326] NKRL
[16:33:50] [36/326] PCWN
[16:33:51] [37/326] BLMT
[16:33:53] [38/326] GDPG
[16:33:54] [39/326] SRMX
[16:33:55] [40/326] JACP
[16:33:55] 🔄 Identity reset
[16:33:55] 🔄 Identity rotated (every 10 requests)
[16:33:55] 🔄 Retry 1/5 for JACP in 2.2s
[16:33:55] 🔄 Identity reset
[16:33:58] 🧠 New identity created
[16:33:58] 🔄 Retry 2/5 for JACP in 4.8s
[16:33:58] 🔄 Identity reset
[16:34:02] 🧠 New identity created
[16:34:03] [41/326] CPSH
[16:34:04] [42/326] MCCD
[16:34:05] [43/326] ECGH
[16:34:06] [44/326] MKCK
[16:34:07] [45/326] SRMM
[16:34:08] [46/326] SKYR
[16:34:09] [47/326] PCKC
[16:34:10] [48/326] JCMA
[16:34:10] 🔄 Identity reset
[16:34:10] 🔄 Identity rotated (every 10 requests)
[16:34:12] [49/326] BSMP
[16:34:12] [50/326] VSPA
[16:34:13] [51/326] DJYA
[16:34:14] [52/326] DIMP
[16:34:15] [53/326] FXDR
[16:34:16] [54/326] SSRC
[16:34:17] [55/326] STHP
[16:34:18] [56/326] CPPD
[16:34:19] [57/326] FCLK
[16:34:20] [58/326] SCPP
[16:34:21] 🔄 Identity reset
[16:34:21] 🔄 Identity rotated (every 10 requests)
[16:34:21] [59/326] DCMJ
[16:34:22] [60/326] RCCR
[16:34:23] [61/326] INMT
[16:34:24] [62/326] LXTK
[16:34:25] [63/326] SRYK
[16:34:26] [64/326] SGDK
[16:34:27] [65/326] PPKA
[16:34:27] [66/326] SPKA
[16:34:28] [67/326] CGHH
[16:34:29] [68/326] DCJN
[16:34:30] 🔄 Identity reset
[16:34:30] 🔄 Identity rotated (every 10 requests)
[16:34:30] [69/326] SRKV
[16:34:31] [70/326] SAJC
[16:34:32] [71/326] SUSR
[16:34:33] [72/326] STYG
[16:34:33] [73/326] NTKP
[16:34:34] [74/326] AKTG
[16:34:35] [75/326] CGCM
[16:34:36] [76/326] TULC
[16:34:37] [77/326] NYYZ
[16:34:38] [78/326] NYBW
[16:34:39] 🔄 Identity reset
[16:34:39] 🔄 Identity rotated (every 10 requests)
[16:34:39] [79/326] MACB
[16:34:40] [80/326] SLVT
[16:34:41] [81/326] SANA
[16:34:42] [82/326] ACMR
[16:34:43] [83/326] CPKN
[16:34:44] [84/326] DLGK
[16:34:45] [85/326] CWCK
[16:34:47] [86/326] FDDH
[16:34:48] [87/326] MMMD
[16:34:48] [88/326] CMEH
[16:34:49] 🔄 Identity reset
[16:34:49] 🔄 Identity rotated (every 10 requests)
[16:34:49] [89/326] GGGV
[16:34:51] [90/326] SPJL
[16:34:52] [91/326] RCCD
[16:34:53] [92/326] STTZ
[16:34:54] [93/326] BTCF
[16:34:54] [94/326] TSTZ
[16:34:55] [95/326] IPMM
[16:34:56] [96/326] PMPW
[16:34:58] [97/326] PCMZ
[16:34:59] [98/326] ESEM
[16:34:59] 🔄 Identity reset
[16:34:59] 🔄 Identity rotated (every 10 requests)
[16:35:00] [99/326] PIPO
[16:35:00] [100/326] MATK
[16:35:02] [101/326] PGHM
[16:35:03] [102/326] CTSR
[16:35:03] [103/326] CYKR
[16:35:05] [104/326] MSCM
[16:35:06] [105/326] RFNP
[16:35:08] [106/326] PDCP
[16:35:09] [107/326] NPSE
[16:35:10] [108/326] MKML
[16:35:10] 🔄 Identity reset
[16:35:10] 🔄 Identity rotated (every 10 requests)
[16:35:11] [109/326] FTDP
[16:35:12] [110/326] MMXA
[16:35:13] [111/326] CEPO
[16:35:15] [112/326] CMVP
[16:35:16] [113/326] SGTH
[16:35:16] [114/326] SAYN
[16:35:17] [115/326] URVS
[16:35:19] [116/326] VJTN
[16:35:20] [117/326] BBYK
[16:35:20] [118/326] SHBO
[16:35:21] 🔄 Identity reset
[16:35:21] 🔄 Identity rotated (every 10 requests)
[16:35:21] [119/326] VCMR
[16:35:23] [120/326] MACT
[16:35:23] [121/326] JMNP
[16:35:24] [122/326] VICS
[16:35:25] [123/326] VCDA
[16:35:27] [124/326] GCMM
[16:35:28] [125/326] INVS
[16:35:29] [126/326] SCGM
[16:35:30] [127/326] PCDA
[16:35:31] [128/326] KDCT
[16:35:31] 🔄 Identity reset
[16:35:31] 🔄 Identity rotated (every 10 requests)
[16:35:32] [129/326] JACS
[16:35:33] [130/326] GMMC
[16:35:33] [131/326] AICM
[16:35:34] [132/326] TJCM
[16:35:35] [133/326] RMTI
[16:35:36] [134/326] SHAC
[16:35:38] [135/326] APJC
[16:35:39] [136/326] GCTG
[16:35:40] [137/326] SSMC
[16:35:41] [138/326] THRM
[16:35:41] 🔄 Identity reset
[16:35:41] 🔄 Identity rotated (every 10 requests)
[16:35:42] [139/326] RBCT
[16:35:43] [140/326] DIKT
[16:35:44] [141/326] MIDL
[16:35:44] [142/326] VCSN
[16:35:45] [143/326] SKTG
[16:35:46] [144/326] SMWC
[16:35:47] [145/326] MNKH
[16:35:48] [146/326] PIAT
[16:35:49] [147/326] LTTP
[16:35:49] [148/326] PTPU
[16:35:50] 🔄 Identity reset
[16:35:50] 🔄 Identity rotated (every 10 requests)
[16:35:50] [149/326] ACMG
[16:35:51] [150/326] SHMM
[16:35:52] [151/326] MCMN
[16:35:53] [152/326] GLDC
[16:35:54] [153/326] HOUT
[16:35:55] [154/326] SVRP
[16:35:56] [155/326] PVDN
[16:35:57] [156/326] SCPY
[16:35:58] [157/326] DTPY
[16:35:59] [158/326] GKCS
[16:36:00] 🔄 Identity reset
[16:36:00] 🔄 Identity rotated (every 10 requests)
[16:36:00] [159/326] NCAM
[16:36:01] [160/326] BSRM
[16:36:02] [161/326] RCLC
[16:36:02] [162/326] SKKD
[16:36:03] [163/326] ACHU
[16:36:04] [164/326] RSCF
[16:36:05] [165/326] IMSH
[16:36:06] [166/326] MACX
[16:36:07] [167/326] HMMW
[16:36:08] [168/326] JTCP
[16:36:09] 🔄 Identity reset
[16:36:09] 🔄 Identity rotated (every 10 requests)
[16:36:10] [169/326] SREN
[16:36:11] [170/326] PJRR
[16:36:12] [171/326] INAC
[16:36:13] [172/326] BMCA
[16:36:14] [173/326] SHCB
[16:36:15] [174/326] GABA
[16:36:15] [175/326] SBCT
[16:36:16] [176/326] GCMA
[16:36:17] [177/326] MYTK
[16:36:18] [178/326] INZS
[16:36:19] 🔄 Identity reset
[16:36:19] 🔄 Identity rotated (every 10 requests)
[16:36:19] [179/326] RMIK
[16:36:20] [180/326] NYCH
[16:36:21] [181/326] RAVE
[16:36:22] [182/326] PSXM
[16:36:23] [183/326] MCGP
[16:36:24] [184/326] PDDK
[16:36:25] [185/326] SPCK
[16:36:26] [186/326] MCRL
[16:36:27] [187/326] MHKT
[16:36:28] [188/326] ANRR
[16:36:29] 🔄 Identity reset
[16:36:29] 🔄 Identity rotated (every 10 requests)
[16:36:29] [189/326] SAPK
[16:36:30] [190/326] NCUK
[16:36:31] [191/326] JUGA
[16:36:32] [192/326] DBSC
[16:36:33] [193/326] LALK
[16:36:34] [194/326] GUCK
[16:36:35] [195/326] STSG
[16:36:36] [196/326] PPPZ
[16:36:37] [197/326] CNCY
[16:36:38] [198/326] MTAR
[16:36:38] 🔄 Identity reset
[16:36:38] 🔄 Identity rotated (every 10 requests)
[16:36:39] [199/326] VNKD
[16:36:40] [200/326] KMAJ
[16:36:41] [201/326] ACXK
[16:36:42] [202/326] UTKC
[16:36:43] [203/326] PBLK
[16:36:44] [204/326] ACBX
[16:36:45] [205/326] PTGM
[16:36:46] [206/326] BTDA
[16:36:47] [207/326] PJMB
[16:36:48] [208/326] TPDA
[16:36:48] 🔄 Identity reset
[16:36:48] 🔄 Identity rotated (every 10 requests)
[16:36:49] [209/326] AMOE
[16:36:49] [210/326] PRHT
[16:36:51] [211/326] PRTA
[16:36:52] [212/326] STAM
[16:36:53] [213/326] MSAA
[16:36:54] [214/326] SDLU
[16:36:55] [215/326] RCHH
[16:36:56] [216/326] KANT
[16:36:57] [217/326] FCRT
[16:36:58] [218/326] DNKM
[16:36:59] 🔄 Identity reset
[16:36:59] 🔄 Identity rotated (every 10 requests)
[16:36:59] [219/326] RYCP
[16:37:00] [220/326] MYRP
[16:37:01] [221/326] PPAK
[16:37:02] [222/326] NVPK
[16:37:03] [223/326] PRMC
[16:37:05] [224/326] JBCS
[16:37:05] [225/326] GXCK
[16:37:06] [226/326] USKO
[16:37:07] [227/326] GTEM
[16:37:08] [228/326] SMBU
[16:37:09] 🔄 Identity reset
[16:37:09] 🔄 Identity rotated (every 10 requests)
[16:37:09] [229/326] VETC
[16:37:10] [230/326] LCDA
[16:37:11] [231/326] MTVT
[16:37:13] [232/326] PYCP
[16:37:14] [233/326] PNSC
[16:37:15] [234/326] PPCC
[16:37:16] [235/326] TGRT
[16:37:17] [236/326] JYOT
[16:37:18] [237/326] SRCZ
[16:37:19] [238/326] SJTE
[16:37:20] 🔄 Identity reset
[16:37:20] 🔄 Identity rotated (every 10 requests)
[16:37:20] [239/326] DESC
[16:37:21] [240/326] JHVN
[16:37:22] [241/326] IPSG
[16:37:23] [242/326] IPCM
[16:37:24] [243/326] PDRS
[16:37:25] [244/326] ANCV
[16:37:25] [245/326] CMVV
[16:37:26] [246/326] SHYP
[16:37:28] [247/326] DNCS
[16:37:29] [248/326] GAJK
[16:37:30] 🔄 Identity reset
[16:37:30] 🔄 Identity rotated (every 10 requests)
[16:37:30] 🔄 Retry 1/5 for GAJK in 2.3s
[16:37:30] 🔄 Identity reset
[16:37:32] 🧠 New identity created
[16:37:32] 🔄 Retry 2/5 for GAJK in 4.4s
[16:37:32] 🔄 Identity reset
[16:37:36] 🧠 New identity created
[16:37:37] 🔄 Retry 3/5 for GAJK in 8.6s
[16:37:37] 🔄 Identity reset
[16:37:45] 🧠 New identity created
[16:37:45] [249/326] AKTN
[16:37:46] [250/326] KAYA
[16:37:47] [251/326] SBRC
[16:37:48] [252/326] CHTP
[16:37:50] [253/326] SHRT
[16:37:51] [254/326] BCKU
[16:37:53] [255/326] FCPS
[16:37:53] 🔄 Identity reset
[16:37:53] 🔄 Identity rotated (every 10 requests)
[16:37:54] [256/326] ARDD
[16:37:55] [257/326] CPCM
[16:37:56] [258/326] CGSM
[16:37:57] [259/326] PSMP
[16:37:57] [260/326] SDAL
[16:37:58] [261/326] RTNB
[16:37:59] [262/326] LMCR
[16:38:01] [263/326] CIMA
[16:38:02] [264/326] RNAS
[16:38:03] [265/326] LITH
[16:38:03] 🔄 Identity reset
[16:38:03] 🔄 Identity rotated (every 10 requests)
[16:38:04] [266/326] PBOX
[16:38:05] [267/326] FRTS
[16:38:06] [268/326] RKIC
[16:38:07] [269/326] PTAI
[16:38:07] [270/326] GCIC
[16:38:08] [271/326] FNAS
[16:38:09] [272/326] SCAR
[16:38:10] [273/326] MTCA
[16:38:11] [274/326] SCTS
[16:38:12] [275/326] SYCS
[16:38:12] 🔄 Identity reset
[16:38:12] 🔄 Identity rotated (every 10 requests)
[16:38:13] [276/326] RDMS
[16:38:14] [277/326] KAMP
[16:38:15] [278/326] ERSD
[16:38:16] [279/326] MJMJ
[16:38:17] [280/326] SRCJ
[16:38:18] [281/326] SCXE
[16:38:19] [282/326] SVFR
[16:38:20] [283/326] BHCS
[16:38:20] [284/326] IMCC
[16:38:21] [285/326] PCBO
[16:38:22] 🔄 Identity reset
[16:38:22] 🔄 Identity rotated (every 10 requests)
[16:38:22] [286/326] PRVN
[16:38:23] [287/326] AUPM
[16:38:24] [288/326] INBW
[16:38:25] [289/326] SVCW
[16:38:26] [290/326] RKCF
[16:38:27] [291/326] UVBH
[16:38:28] [292/326] DNCY
[16:38:29] [293/326] ABCN
[16:38:30] [294/326] PRUR
[16:38:31] [295/326] PFMR
[16:38:31] 🔄 Identity reset
[16:38:31] 🔄 Identity rotated (every 10 requests)
[16:38:31] [296/326] RKCN
[16:38:32] [297/326] CFEA
[16:38:33] [298/326] SDBG
[16:38:34] [299/326] SNAR
[16:38:35] [300/326] YISI
[16:38:36] [301/326] JCFF
[16:38:37] [302/326] VTRK
[16:38:37] [303/326] PCLZ
[16:38:38] [304/326] DIMY
[16:38:39] [305/326] BBTS
[16:38:40] 🔄 Identity reset
[16:38:40] 🔄 Identity rotated (every 10 requests)
[16:38:40] [306/326] GATH
[16:38:41] [307/326] GTMN
[16:38:42] [308/326] VTMH
[16:38:43] [309/326] CCKP
[16:38:44] [310/326] GPKA
[16:38:44] [311/326] MHCL
[16:38:45] [312/326] ATCL
[16:38:46] [313/326] SBCK
[16:38:48] [314/326] AMMR
[16:38:50] [315/326] MADC
[16:38:50] 🔄 Identity reset
[16:38:50] 🔄 Identity rotated (every 10 requests)
[16:38:51] [316/326] TMMA
[16:38:52] [317/326] CACC
[16:38:53] [318/326] CHAL
[16:38:54] [319/326] DURG
[16:38:55] [320/326] GMKU
[16:38:56] [321/326] GECA
[16:38:57] [322/326] KYRR
[16:38:57] [323/326] KSDE
[16:38:58] [324/326] LMCI
[16:38:59] [325/326] NKCP
[16:39:00] 🔄 Identity reset
[16:39:00] 🔄 Identity rotated (every 10 requests)
[16:39:00] [326/326] BGTC
[16:39:01] 🧹 Deduping shows
[16:39:01] ✅ DONE | Shows=517 | Movies=28
[12:23:07] 🚀 SCRIPT STARTED (enhanced anti‑detection)
[12:23:07] [1/326] BSAT
[12:23:08] 🧠 New identity created
[12:23:09] [2/326] RSSM
[12:23:10] [3/326] GCTA
[12:23:11] [4/326] TOPN
[12:23:12] [5/326] MCUS
[12:23:13] [6/326] SHRL
[12:23:14] [7/326] UPTP
[12:23:15] [8/326] TMMP
[12:23:16] [9/326] DNRP
[12:23:17] [10/326] SRLT
[12:23:18] 🔄 Identity reset
[12:23:18] 🔄 Identity rotated (every 10 requests)
[12:23:19] [11/326] RCNS
[12:23:20] [12/326] DCBH
[12:23:21] [13/326] NAGJ
[12:23:22] [14/326] JVRC
[12:23:24] [15/326] KRJG
[12:23:25] [16/326] SRTJ
[12:23:26] [17/326] CMXM
[12:23:28] [18/326] STMI
[12:23:29] [19/326] SLST
[12:23:30] [20/326] DTCN
[12:23:30] 🔄 Identity reset
[12:23:30] 🔄 Identity rotated (every 10 requests)
[12:23:31] [21/326] STYN
[12:23:32] [22/326] SZVR
[12:23:34] [23/326] SRKO
[12:23:35] [24/326] JTGT
[12:23:37] [25/326] SVFD
[12:23:38] [26/326] SISD
[12:23:39] [27/326] ABDD
[12:23:40] [28/326] DRCA
[12:23:40] [29/326] AVCS
[12:23:41] [30/326] MVKH
[12:23:42] 🔄 Identity reset
[12:23:42] 🔄 Identity rotated (every 10 requests)
[12:23:42] [31/326] ACPR
[12:23:43] [32/326] STIP
[12:23:44] [33/326] MTRA
[12:23:46] [34/326] RMKH
[12:23:47] [35/326] NKRL
[12:23:49] [36/326] PCWN
[12:23:49] [37/326] BLMT
[12:23:51] [38/326] GDPG
[12:23:52] [39/326] SRMX
[12:23:53] [40/326] JACP
[12:23:54] 🔄 Identity reset
[12:23:54] 🔄 Identity rotated (every 10 requests)
[12:23:54] [41/326] CPSH
[12:23:55] [42/326] MCCD
[12:23:56] [43/326] ECGH
[12:23:58] [44/326] MKCK
[12:23:59] [45/326] SRMM
[12:24:00] [46/326] SKYR
[12:24:01] [47/326] PCKC
[12:24:02] [48/326] JCMA
[12:24:04] [49/326] BSMP
[12:24:05] [50/326] VSPA
[12:24:06] 🔄 Identity reset
[12:24:06] 🔄 Identity rotated (every 10 requests)
[12:24:06] [51/326] DJYA
[12:24:07] [52/326] DIMP
[12:24:08] [53/326] FXDR
[12:24:09] [54/326] SSRC
[12:24:10] [55/326] STHP
[12:24:10] [56/326] CPPD
[12:24:11] [57/326] FCLK
[12:24:12] [58/326] SCPP
[12:24:13] [59/326] DCMJ
[12:24:14] [60/326] RCCR
[12:24:15] 🔄 Identity reset
[12:24:15] 🔄 Identity rotated (every 10 requests)
[12:24:15] [61/326] INMT
[12:24:16] [62/326] LXTK
[12:24:17] [63/326] SRYK
[12:24:18] [64/326] SGDK
[12:24:19] [65/326] PPKA
[12:24:21] [66/326] SPKA
[12:24:22] [67/326] CGHH
[12:24:23] [68/326] DCJN
[12:24:24] [69/326] SRKV
[12:24:25] [70/326] SAJC
[12:24:25] 🔄 Identity reset
[12:24:25] 🔄 Identity rotated (every 10 requests)
[12:24:26] [71/326] SUSR
[12:24:26] [72/326] STYG
[12:24:27] [73/326] NTKP
[12:24:29] [74/326] AKTG
[12:24:29] [75/326] CGCM
[12:24:31] [76/326] TULC
[12:24:32] [77/326] NYYZ
[12:24:33] [78/326] NYBW
[12:24:34] [79/326] MACB
[12:24:36] [80/326] SLVT
[12:24:37] 🔄 Identity reset
[12:24:37] 🔄 Identity rotated (every 10 requests)
[12:24:37] [81/326] SANA
[12:24:38] [82/326] ACMR
[12:24:39] [83/326] CPKN
[12:24:40] [84/326] DLGK
[12:24:41] [85/326] CWCK
[12:24:42] [86/326] FDDH
[12:24:43] [87/326] MMMD
[12:24:45] [88/326] CMEH
[12:24:45] [89/326] GGGV
[12:24:46] [90/326] SPJL
[12:24:47] 🔄 Identity reset
[12:24:47] 🔄 Identity rotated (every 10 requests)
[12:24:47] 🔄 Retry 1/5 for SPJL in 2.5s
[12:24:47] 🔄 Identity reset
[12:24:49] 🧠 New identity created
[12:24:50] [91/326] RCCD
[12:24:51] [92/326] STTZ
[12:24:52] [93/326] BTCF
[12:24:54] [94/326] TSTZ
[12:24:55] [95/326] IPMM
[12:24:56] [96/326] PMPW
[12:24:57] [97/326] PCMZ
[12:24:58] [98/326] ESEM
[12:24:59] [99/326] PIPO
[12:25:00] 🔄 Identity reset
[12:25:00] 🔄 Identity rotated (every 10 requests)
[12:25:00] [100/326] MATK
[12:25:02] [101/326] PGHM
[12:25:03] [102/326] CTSR
[12:25:04] [103/326] CYKR
[12:25:05] [104/326] MSCM
[12:25:06] [105/326] RFNP
[12:25:07] [106/326] PDCP
[12:25:08] [107/326] NPSE
[12:25:10] [108/326] MKML
[12:25:11] [109/326] FTDP
[12:25:12] 🔄 Identity reset
[12:25:12] 🔄 Identity rotated (every 10 requests)
[12:25:13] [110/326] MMXA
[12:25:14] [111/326] CEPO
[12:25:15] [112/326] CMVP
[12:25:17] [113/326] SGTH
[12:25:18] [114/326] SAYN
[12:25:18] [115/326] URVS
[12:25:20] [116/326] VJTN
[12:25:21] [117/326] BBYK
[12:25:22] [118/326] SHBO
[12:25:22] [119/326] VCMR
[12:25:23] 🔄 Identity reset
[12:25:23] 🔄 Identity rotated (every 10 requests)
[12:25:23] [120/326] MACT
[12:25:24] [121/326] JMNP
[12:25:25] [122/326] VICS
[12:25:26] [123/326] VCDA
[12:25:28] [124/326] GCMM
[12:25:29] [125/326] INVS
[12:25:31] [126/326] SCGM
[12:25:32] [127/326] PCDA
[12:25:33] [128/326] KDCT
[12:25:34] [129/326] JACS
[12:25:34] 🔄 Identity reset
[12:25:34] 🔄 Identity rotated (every 10 requests)
[12:25:35] [130/326] GMMC
[12:25:36] [131/326] AICM
[12:25:37] [132/326] TJCM
[12:25:38] [133/326] RMTI
[12:25:40] [134/326] SHAC
[12:25:42] [135/326] APJC
[12:25:42] [136/326] GCTG
[12:25:43] [137/326] SSMC
[12:25:45] [138/326] THRM
[12:25:46] [139/326] RBCT
[12:25:47] 🔄 Identity reset
[12:25:47] 🔄 Identity rotated (every 10 requests)
[12:25:48] [140/326] DIKT
[12:25:49] [141/326] MIDL
[12:25:49] [142/326] VCSN
[12:25:50] [143/326] SKTG
[12:25:52] [144/326] SMWC
[12:25:53] [145/326] MNKH
[12:25:54] [146/326] PIAT
[12:25:54] [147/326] LTTP
[12:25:55] [148/326] PTPU
[12:25:56] [149/326] ACMG
[12:25:57] 🔄 Identity reset
[12:25:57] 🔄 Identity rotated (every 10 requests)
[12:25:57] [150/326] SHMM
[12:25:58] [151/326] MCMN
[12:25:59] [152/326] GLDC
[12:26:00] [153/326] HOUT
[12:26:02] [154/326] SVRP
[12:26:03] [155/326] PVDN
[12:26:04] [156/326] SCPY
[12:26:05] [157/326] DTPY
[12:26:06] [158/326] GKCS
[12:26:07] [159/326] NCAM
[12:26:08] 🔄 Identity reset
[12:26:08] 🔄 Identity rotated (every 10 requests)
[12:26:08] [160/326] BSRM
[12:26:09] [161/326] RCLC
[12:26:10] [162/326] SKKD
[12:26:11] [163/326] ACHU
[12:26:12] [164/326] RSCF
[12:26:13] [165/326] IMSH
[12:26:14] [166/326] MACX
[12:26:16] [167/326] HMMW
[12:26:17] [168/326] JTCP
[12:26:18] [169/326] SREN
[12:26:19] 🔄 Identity reset
[12:26:19] 🔄 Identity rotated (every 10 requests)
[12:26:19] [170/326] PJRR
[12:26:20] [171/326] INAC
[12:26:22] [172/326] BMCA
[12:26:23] [173/326] SHCB
[12:26:24] [174/326] GABA
[12:26:25] [175/326] SBCT
[12:26:26] [176/326] GCMA
[12:26:27] [177/326] MYTK
[12:26:28] [178/326] INZS
[12:26:29] [179/326] RMIK
[12:26:30] 🔄 Identity reset
[12:26:30] 🔄 Identity rotated (every 10 requests)
[12:26:30] [180/326] NYCH
[12:26:31] [181/326] RAVE
[12:26:32] [182/326] PSXM
[12:26:33] [183/326] MCGP
[12:26:34] [184/326] PDDK
[12:26:36] [185/326] SPCK
[12:26:37] [186/326] MCRL
[12:26:38] [187/326] MHKT
[12:26:40] [188/326] ANRR
[12:26:41] [189/326] SAPK
[12:26:42] 🔄 Identity reset
[12:26:42] 🔄 Identity rotated (every 10 requests)
[12:26:42] 🔄 Retry 1/5 for SAPK in 2.3s
[12:26:42] 🔄 Identity reset
[12:26:44] 🧠 New identity created
[12:26:44] [190/326] NCUK
[12:26:45] [191/326] JUGA
[12:26:47] [192/326] DBSC
[12:26:48] [193/326] LALK
[12:26:50] [194/326] GUCK
[12:26:51] [195/326] STSG
[12:26:53] [196/326] PPPZ
[12:26:54] [197/326] CNCY
[12:26:55] [198/326] MTAR
[12:26:55] 🔄 Identity reset
[12:26:55] 🔄 Identity rotated (every 10 requests)
[12:26:56] [199/326] VNKD
[12:26:57] [200/326] KMAJ
[12:26:58] [201/326] ACXK
[12:26:59] [202/326] UTKC
[12:27:00] [203/326] PBLK
[12:27:01] [204/326] ACBX
[12:27:02] [205/326] PTGM
[12:27:04] [206/326] BTDA
[12:27:05] [207/326] PJMB
[12:27:06] [208/326] TPDA
[12:27:07] 🔄 Identity reset
[12:27:07] 🔄 Identity rotated (every 10 requests)
[12:27:08] [209/326] AMOE
[12:27:08] [210/326] PRHT
[12:27:09] [211/326] PRTA
[12:27:10] [212/326] STAM
[12:27:11] [213/326] MSAA
[12:27:12] [214/326] SDLU
[12:27:14] [215/326] RCHH
[12:27:14] [216/326] KANT
[12:27:16] [217/326] FCRT
[12:27:18] [218/326] DNKM
[12:27:18] 🔄 Identity reset
[12:27:18] 🔄 Identity rotated (every 10 requests)
[12:27:19] [219/326] RYCP
[12:27:21] [220/326] MYRP
[12:27:21] [221/326] PPAK
[12:27:22] [222/326] NVPK
[12:27:23] [223/326] PRMC
[12:27:24] [224/326] JBCS
[12:27:26] [225/326] GXCK
[12:27:27] [226/326] USKO
[12:27:28] [227/326] GTEM
[12:27:29] [228/326] SMBU
[12:27:30] 🔄 Identity reset
[12:27:30] 🔄 Identity rotated (every 10 requests)
[12:27:30] [229/326] VETC
[12:27:31] [230/326] LCDA
[12:27:32] [231/326] MTVT
[12:27:34] [232/326] PYCP
[12:27:35] [233/326] PNSC
[12:27:35] [234/326] PPCC
[12:27:37] [235/326] TGRT
[12:27:39] [236/326] JYOT
[12:27:40] [237/326] SRCZ
[12:27:41] [238/326] SJTE
[12:27:42] 🔄 Identity reset
[12:27:42] 🔄 Identity rotated (every 10 requests)
[12:27:42] [239/326] DESC
[12:27:44] [240/326] JHVN
[12:27:45] [241/326] IPSG
[12:27:46] [242/326] IPCM
[12:27:48] [243/326] PDRS
[12:27:49] [244/326] ANCV
[12:27:50] [245/326] CMVV
[12:27:50] [246/326] SHYP
[12:27:51] [247/326] DNCS
[12:27:52] [248/326] GAJK
[12:27:53] 🔄 Identity reset
[12:27:53] 🔄 Identity rotated (every 10 requests)
[12:27:54] [249/326] AKTN
[12:27:55] [250/326] KAYA
[12:27:56] [251/326] SBRC
[12:27:57] [252/326] CHTP
[12:27:58] [253/326] SHRT
[12:27:59] [254/326] BCKU
[12:28:01] [255/326] FCPS
[12:28:01] [256/326] ARDD
[12:28:02] [257/326] CPCM
[12:28:04] [258/326] CGSM
[12:28:04] 🔄 Identity reset
[12:28:04] 🔄 Identity rotated (every 10 requests)
[12:28:05] [259/326] PSMP
[12:28:07] [260/326] SDAL
[12:28:07] [261/326] RTNB
[12:28:08] [262/326] LMCR
[12:28:10] [263/326] CIMA
[12:28:12] [264/326] RNAS
[12:28:13] [265/326] LITH
[12:28:14] [266/326] PBOX
[12:28:16] [267/326] FRTS
[12:28:17] [268/326] RKIC
[12:28:18] 🔄 Identity reset
[12:28:18] 🔄 Identity rotated (every 10 requests)
[12:28:18] [269/326] PTAI
[12:28:19] [270/326] GCIC
[12:28:20] [271/326] FNAS
[12:28:21] [272/326] SCAR
[12:28:22] [273/326] MTCA
[12:28:23] [274/326] SCTS
[12:28:24] [275/326] SYCS
[12:28:25] [276/326] RDMS
[12:28:27] [277/326] KAMP
[12:28:27] [278/326] ERSD
[12:28:28] 🔄 Identity reset
[12:28:28] 🔄 Identity rotated (every 10 requests)
[12:28:28] [279/326] MJMJ
[12:28:29] [280/326] SRCJ
[12:28:30] [281/326] SCXE
[12:28:31] [282/326] SVFR
[12:28:33] [283/326] BHCS
[12:28:34] [284/326] IMCC
[12:28:35] [285/326] PCBO
[12:28:37] [286/326] PRVN
[12:28:38] [287/326] AUPM
[12:28:38] [288/326] INBW
[12:28:39] 🔄 Identity reset
[12:28:39] 🔄 Identity rotated (every 10 requests)
[12:28:39] [289/326] SVCW
[12:28:41] [290/326] RKCF
[12:28:42] [291/326] UVBH
[12:28:42] [292/326] DNCY
[12:28:43] [293/326] ABCN
[12:28:44] [294/326] PRUR
[12:28:45] [295/326] PFMR
[12:28:46] [296/326] RKCN
[12:28:48] [297/326] CFEA
[12:28:48] [298/326] SDBG
[12:28:49] 🔄 Identity reset
[12:28:49] 🔄 Identity rotated (every 10 requests)
[12:28:49] [299/326] SNAR
[12:28:50] [300/326] YISI
[12:28:52] [301/326] JCFF
[12:28:53] [302/326] VTRK
[12:28:55] [303/326] PCLZ
[12:28:56] [304/326] DIMY
[12:28:57] [305/326] BBTS
[12:28:58] [306/326] GATH
[12:28:59] [307/326] GTMN
[12:29:01] [308/326] VTMH
[12:29:01] 🔄 Identity reset
[12:29:01] 🔄 Identity rotated (every 10 requests)
[12:29:02] [309/326] CCKP
[12:29:03] [310/326] GPKA
[12:29:05] [311/326] MHCL
[12:29:06] [312/326] ATCL
[12:29:07] [313/326] SBCK
[12:29:09] [314/326] AMMR
[12:29:10] [315/326] MADC
[12:29:11] [316/326] TMMA
[12:29:12] [317/326] CACC
[12:29:12] [318/326] CHAL
[12:29:13] 🔄 Identity reset
[12:29:13] 🔄 Identity rotated (every 10 requests)
[12:29:14] [319/326] DURG
[12:29:15] [320/326] GMKU
[12:29:15] [321/326] GECA
[12:29:16] [322/326] KYRR
[12:29:17] [323/326] KSDE
[12:29:18] [324/326] LMCI
[12:29:19] [325/326] NKCP
[12:29:21] [326/326] BGTC
[12:29:22] 🧹 Deduping shows
[12:29:22] ✅ DONE | Shows=560 | Movies=32
[04:16:17] 🚀 SCRIPT STARTED (enhanced anti‑detection)
[04:16:17] [1/326] BSAT
[04:16:18] 🧠 New identity created
[04:16:19] [2/326] RSSM
[04:16:20] [3/326] GCTA
[04:16:21] [4/326] TOPN
[04:16:21] [5/326] MCUS
[04:16:22] [6/326] SHRL
[04:16:23] [7/326] UPTP
[04:16:24] [8/326] TMMP
[04:16:25] [9/326] DNRP
[04:16:26] [10/326] SRLT
[04:16:26] 🔄 Identity reset
[04:16:26] 🔄 Identity rotated (every 10 requests)
[04:16:27] [11/326] RCNS
[04:16:28] [12/326] DCBH
[04:16:28] [13/326] NAGJ
[04:16:29] [14/326] JVRC
[04:16:30] [15/326] KRJG
[04:16:31] [16/326] SRTJ
[04:16:32] [17/326] CMXM
[04:16:33] [18/326] STMI
[04:16:34] [19/326] SLST
[04:16:34] [20/326] DTCN
[04:16:35] 🔄 Identity reset
[04:16:35] 🔄 Identity rotated (every 10 requests)
[04:16:35] [21/326] STYN
[04:16:36] [22/326] SZVR
[04:16:37] [23/326] SRKO
[04:16:38] [24/326] JTGT
[04:16:38] [25/326] SVFD
[04:16:40] [26/326] SISD
[04:16:41] [27/326] ABDD
[04:16:42] [28/326] DRCA
[04:16:42] [29/326] AVCS
[04:16:44] [30/326] MVKH
[04:16:44] 🔄 Identity reset
[04:16:44] 🔄 Identity rotated (every 10 requests)
[04:16:44] 🔄 Retry 1/5 for MVKH in 3.0s
[04:16:44] 🔄 Identity reset
[04:16:47] 🧠 New identity created
[04:16:48] [31/326] ACPR
[04:16:49] [32/326] STIP
[04:16:50] [33/326] MTRA
[04:16:51] [34/326] RMKH
[04:16:52] [35/326] NKRL
[04:16:53] [36/326] PCWN
[04:16:53] [37/326] BLMT
[04:16:55] [38/326] GDPG
[04:16:56] [39/326] SRMX
[04:16:57] 🔄 Identity reset
[04:16:57] 🔄 Identity rotated (every 10 requests)
[04:16:57] [40/326] JACP
[04:16:58] [41/326] CPSH
[04:17:01] [42/326] MCCD
[04:17:02] [43/326] ECGH
[04:17:03] [44/326] MKCK
[04:17:04] [45/326] SRMM
[04:17:05] [46/326] SKYR
[04:17:06] [47/326] PCKC
[04:17:06] [48/326] JCMA
[04:17:07] [49/326] BSMP
[04:17:08] 🔄 Identity reset
[04:17:08] 🔄 Identity rotated (every 10 requests)
[04:17:08] [50/326] VSPA
[04:17:09] [51/326] DJYA
[04:17:10] [52/326] DIMP
[04:17:11] [53/326] FXDR
[04:17:12] [54/326] SSRC
[04:17:13] [55/326] STHP
[04:17:14] [56/326] CPPD
[04:17:15] [57/326] FCLK
[04:17:16] [58/326] SCPP
[04:17:17] [59/326] DCMJ
[04:17:17] 🔄 Identity reset
[04:17:17] 🔄 Identity rotated (every 10 requests)
[04:17:18] [60/326] RCCR
[04:17:18] [61/326] INMT
[04:17:19] [62/326] LXTK
[04:17:20] [63/326] SRYK
[04:17:20] [64/326] SGDK
[04:17:21] [65/326] PPKA
[04:17:22] [66/326] SPKA
[04:17:23] [67/326] CGHH
[04:17:23] [68/326] DCJN
[04:17:24] [69/326] SRKV
[04:17:25] 🔄 Identity reset
[04:17:25] 🔄 Identity rotated (every 10 requests)
[04:17:25] [70/326] SAJC
[04:17:26] [71/326] SUSR
[04:17:27] [72/326] STYG
[04:17:28] [73/326] NTKP
[04:17:29] [74/326] AKTG
[04:17:30] [75/326] CGCM
[04:17:31] [76/326] TULC
[04:17:32] [77/326] NYYZ
[04:17:33] [78/326] NYBW
[04:17:35] [79/326] MACB
[04:17:35] 🔄 Identity reset
[04:17:35] 🔄 Identity rotated (every 10 requests)
[04:17:36] [80/326] SLVT
[04:17:36] [81/326] SANA
[04:17:38] [82/326] ACMR
[04:17:39] [83/326] CPKN
[04:17:40] [84/326] DLGK
[04:17:41] [85/326] CWCK
[04:17:42] [86/326] FDDH
[04:17:43] [87/326] MMMD
[04:17:44] [88/326] CMEH
[04:17:45] [89/326] GGGV
[04:17:46] 🔄 Identity reset
[04:17:46] 🔄 Identity rotated (every 10 requests)
[04:17:46] [90/326] SPJL
[04:17:47] [91/326] RCCD
[04:17:48] [92/326] STTZ
[04:17:48] [93/326] BTCF
[04:17:49] [94/326] TSTZ
[04:17:50] [95/326] IPMM
[04:17:51] [96/326] PMPW
[04:17:52] [97/326] PCMZ
[04:17:52] [98/326] ESEM
[04:17:53] [99/326] PIPO
[04:17:53] 🔄 Identity reset
[04:17:54] 🔄 Identity rotated (every 10 requests)
[04:17:54] [100/326] MATK
[04:17:55] [101/326] PGHM
[04:17:56] [102/326] CTSR
[04:17:56] [103/326] CYKR
[04:17:57] [104/326] MSCM
[04:17:58] [105/326] RFNP
[04:17:59] [106/326] PDCP
[04:17:59] [107/326] NPSE
[04:18:00] [108/326] MKML
[04:18:01] [109/326] FTDP
[04:18:01] 🔄 Identity reset
[04:18:01] 🔄 Identity rotated (every 10 requests)
[04:18:02] [110/326] MMXA
[04:18:02] [111/326] CEPO
[04:18:03] [112/326] CMVP
[04:18:04] [113/326] SGTH
[04:18:05] [114/326] SAYN
[04:18:06] [115/326] URVS
[04:18:07] [116/326] VJTN
[04:18:08] [117/326] BBYK
[04:18:09] [118/326] SHBO
[04:18:09] [119/326] VCMR
[04:18:10] 🔄 Identity reset
[04:18:10] 🔄 Identity rotated (every 10 requests)
[04:18:10] [120/326] MACT
[04:18:11] [121/326] JMNP
[04:18:12] [122/326] VICS
[04:18:13] [123/326] VCDA
[04:18:14] [124/326] GCMM
[04:18:14] [125/326] INVS
[04:18:15] [126/326] SCGM
[04:18:16] [127/326] PCDA
[04:18:16] [128/326] KDCT
[04:18:17] [129/326] JACS
[04:18:18] 🔄 Identity reset
[04:18:18] 🔄 Identity rotated (every 10 requests)
[04:18:18] [130/326] GMMC
[04:18:19] [131/326] AICM
[04:18:20] [132/326] TJCM
[04:18:21] [133/326] RMTI
[04:18:22] [134/326] SHAC
[04:18:23] [135/326] APJC
[04:18:24] [136/326] GCTG
[04:18:25] [137/326] SSMC
[04:18:26] [138/326] THRM
[04:18:26] [139/326] RBCT
[04:18:27] 🔄 Identity reset
[04:18:27] 🔄 Identity rotated (every 10 requests)
[04:18:27] [140/326] DIKT
[04:18:28] [141/326] MIDL
[04:18:29] [142/326] VCSN
[04:18:30] [143/326] SKTG
[04:18:31] [144/326] SMWC
[04:18:31] [145/326] MNKH
[04:18:32] [146/326] PIAT
[04:18:32] [147/326] LTTP
[04:18:33] [148/326] PTPU
[04:18:34] [149/326] ACMG
[04:18:34] 🔄 Identity reset
[04:18:34] 🔄 Identity rotated (every 10 requests)
[04:18:36] [150/326] SHMM
[04:18:37] [151/326] MCMN
[04:18:37] [152/326] GLDC
[04:18:38] [153/326] HOUT
[04:18:39] [154/326] SVRP
[04:18:40] [155/326] PVDN
[04:18:41] [156/326] SCPY
[04:18:41] [157/326] DTPY
[04:18:42] [158/326] GKCS
[04:18:43] [159/326] NCAM
[04:18:43] 🔄 Identity reset
[04:18:43] 🔄 Identity rotated (every 10 requests)
[04:18:44] [160/326] BSRM
[04:18:44] [161/326] RCLC
[04:18:45] [162/326] SKKD
[04:18:46] [163/326] ACHU
[04:18:47] [164/326] RSCF
[04:18:48] [165/326] IMSH
[04:18:49] [166/326] MACX
[04:18:49] [167/326] HMMW
[04:18:51] [168/326] JTCP
[04:18:52] [169/326] SREN
[04:18:52] 🔄 Identity reset
[04:18:52] 🔄 Identity rotated (every 10 requests)
[04:18:53] [170/326] PJRR
[04:18:54] [171/326] INAC
[04:18:54] [172/326] BMCA
[04:18:55] [173/326] SHCB
[04:18:56] [174/326] GABA
[04:18:57] [175/326] SBCT
[04:18:58] [176/326] GCMA
[04:18:59] [177/326] MYTK
[04:19:00] [178/326] INZS
[04:19:00] [179/326] RMIK
[04:19:01] 🔄 Identity reset
[04:19:01] 🔄 Identity rotated (every 10 requests)
[04:19:01] [180/326] NYCH
[04:19:02] [181/326] RAVE
[04:19:03] [182/326] PSXM
[04:19:03] [183/326] MCGP
[04:19:04] [184/326] PDDK
[04:19:06] [185/326] SPCK
[04:19:07] [186/326] MCRL
[04:19:08] [187/326] MHKT
[04:19:08] [188/326] ANRR
[04:19:10] [189/326] SAPK
[04:19:10] 🔄 Identity reset
[04:19:10] 🔄 Identity rotated (every 10 requests)
[04:19:11] [190/326] NCUK
[04:19:12] [191/326] JUGA
[04:19:13] [192/326] DBSC
[04:19:13] [193/326] LALK
[04:19:14] [194/326] GUCK
[04:19:16] [195/326] STSG
[04:19:17] [196/326] PPPZ
[04:19:18] [197/326] CNCY
[04:19:18] [198/326] MTAR
[04:19:19] [199/326] VNKD
[04:19:20] 🔄 Identity reset
[04:19:20] 🔄 Identity rotated (every 10 requests)
[04:19:20] [200/326] KMAJ
[04:19:21] [201/326] ACXK
[04:19:22] [202/326] UTKC
[04:19:22] [203/326] PBLK
[04:19:23] [204/326] ACBX
[04:19:24] [205/326] PTGM
[04:19:25] [206/326] BTDA
[04:19:26] [207/326] PJMB
[04:19:27] [208/326] TPDA
[04:19:27] [209/326] AMOE
[04:19:28] 🔄 Identity reset
[04:19:28] 🔄 Identity rotated (every 10 requests)
[04:19:28] [210/326] PRHT
[04:19:29] [211/326] PRTA
[04:19:30] [212/326] STAM
[04:19:30] [213/326] MSAA
[04:19:31] [214/326] SDLU
[04:19:32] [215/326] RCHH
[04:19:33] [216/326] KANT
[04:19:34] [217/326] FCRT
[04:19:35] [218/326] DNKM
[04:19:36] [219/326] RYCP
[04:19:36] 🔄 Identity reset
[04:19:36] 🔄 Identity rotated (every 10 requests)
[04:19:37] [220/326] MYRP
[04:19:38] [221/326] PPAK
[04:19:38] [222/326] NVPK
[04:19:39] [223/326] PRMC
[04:19:40] [224/326] JBCS
[04:19:41] [225/326] GXCK
[04:19:42] [226/326] USKO
[04:19:43] [227/326] GTEM
[04:19:44] [228/326] SMBU
[04:19:44] [229/326] VETC
[04:19:45] 🔄 Identity reset
[04:19:45] 🔄 Identity rotated (every 10 requests)
[04:19:45] [230/326] LCDA
[04:19:46] [231/326] MTVT
[04:19:47] [232/326] PYCP
[04:19:47] [233/326] PNSC
[04:19:48] [234/326] PPCC
[04:19:49] [235/326] TGRT
[04:19:50] [236/326] JYOT
[04:19:51] [237/326] SRCZ
[04:19:51] [238/326] SJTE
[04:19:52] [239/326] DESC
[04:19:53] 🔄 Identity reset
[04:19:53] 🔄 Identity rotated (every 10 requests)
[04:19:53] [240/326] JHVN
[04:19:54] [241/326] IPSG
[04:19:55] [242/326] IPCM
[04:19:56] [243/326] PDRS
[04:19:57] [244/326] ANCV
[04:19:59] [245/326] CMVV
[04:20:00] [246/326] SHYP
[04:20:01] [247/326] DNCS
[04:20:02] [248/326] GAJK
[04:20:02] [249/326] AKTN
[04:20:03] 🔄 Identity reset
[04:20:03] 🔄 Identity rotated (every 10 requests)
[04:20:03] [250/326] KAYA
[04:20:04] [251/326] SBRC
[04:20:05] [252/326] CHTP
[04:20:06] [253/326] SHRT
[04:20:06] [254/326] BCKU
[04:20:07] [255/326] FCPS
[04:20:09] [256/326] ARDD
[04:20:10] [257/326] CPCM
[04:20:11] [258/326] CGSM
[04:20:12] [259/326] PSMP
[04:20:13] 🔄 Identity reset
[04:20:13] 🔄 Identity rotated (every 10 requests)
[04:20:13] [260/326] SDAL
[04:20:14] [261/326] RTNB
[04:20:15] [262/326] LMCR
[04:20:16] [263/326] CIMA
[04:20:16] [264/326] RNAS
[04:20:18] [265/326] LITH
[04:20:19] [266/326] PBOX
[04:20:20] [267/326] FRTS
[04:20:21] [268/326] RKIC
[04:20:22] [269/326] PTAI
[04:20:22] 🔄 Identity reset
[04:20:22] 🔄 Identity rotated (every 10 requests)
[04:20:23] [270/326] GCIC
[04:20:23] [271/326] FNAS
[04:20:24] [272/326] SCAR
[04:20:25] [273/326] MTCA
[04:20:26] [274/326] SCTS
[04:20:28] [275/326] SYCS
[04:20:29] [276/326] RDMS
[04:20:29] [277/326] KAMP
[04:20:30] [278/326] ERSD
[04:20:31] [279/326] MJMJ
[04:20:31] 🔄 Identity reset
[04:20:31] 🔄 Identity rotated (every 10 requests)
[04:20:31] [280/326] SRCJ
[04:20:32] [281/326] SCXE
[04:20:33] [282/326] SVFR
[04:20:34] [283/326] BHCS
[04:20:34] [284/326] IMCC
[04:20:35] [285/326] PCBO
[04:20:36] [286/326] PRVN
[04:20:37] [287/326] AUPM
[04:20:38] [288/326] INBW
[04:20:39] [289/326] SVCW
[04:20:39] 🔄 Identity reset
[04:20:39] 🔄 Identity rotated (every 10 requests)
[04:20:40] [290/326] RKCF
[04:20:41] [291/326] UVBH
[04:20:42] [292/326] DNCY
[04:20:43] [293/326] ABCN
[04:20:44] [294/326] PRUR
[04:20:44] [295/326] PFMR
[04:20:45] [296/326] RKCN
[04:20:46] [297/326] CFEA
[04:20:47] [298/326] SDBG
[04:20:49] [299/326] SNAR
[04:20:49] 🔄 Identity reset
[04:20:49] 🔄 Identity rotated (every 10 requests)
[04:20:50] [300/326] YISI
[04:20:50] [301/326] JCFF
[04:20:51] [302/326] VTRK
[04:20:52] [303/326] PCLZ
[04:20:53] [304/326] DIMY
[04:20:54] [305/326] BBTS
[04:20:55] [306/326] GATH
[04:20:56] [307/326] GTMN
[04:20:57] [308/326] VTMH
[04:20:58] [309/326] CCKP
[04:20:58] 🔄 Identity reset
[04:20:58] 🔄 Identity rotated (every 10 requests)
[04:20:59] [310/326] GPKA
[04:21:00] [311/326] MHCL
[04:21:00] [312/326] ATCL
[04:21:01] [313/326] SBCK
[04:21:02] [314/326] AMMR
[04:21:05] [315/326] MADC
[04:21:06] [316/326] TMMA
[04:21:06] [317/326] CACC
[04:21:07] [318/326] CHAL
[04:21:09] [319/326] DURG
[04:21:09] 🔄 Identity reset
[04:21:09] 🔄 Identity rotated (every 10 requests)
[04:21:10] [320/326] GMKU
[04:21:10] [321/326] GECA
[04:21:12] [322/326] KYRR
[04:21:13] [323/326] KSDE
[04:21:14] [324/326] LMCI
[04:21:14] [325/326] NKCP
[04:21:16] [326/326] BGTC
[04:21:19] 🧹 Deduping shows
[04:21:19] ✅ DONE | Shows=1264 | Movies=51
[17:36:28] 🚀 SCRIPT STARTED (enhanced anti‑detection)
[17:36:28] [1/326] BSAT
[17:36:29] 🧠 New identity created
[17:36:29] [2/326] RSSM
[17:36:30] [3/326] GCTA
[17:36:31] [4/326] TOPN
[17:36:32] [5/326] MCUS
[17:36:33] [6/326] SHRL
[17:36:34] [7/326] UPTP
[17:36:34] [8/326] TMMP
[17:36:35] [9/326] DNRP
[17:36:36] [10/326] SRLT
[17:36:37] 🔄 Identity reset
[17:36:37] 🔄 Identity rotated (every 10 requests)
[17:36:37] 🔄 Retry 1/5 for SRLT in 2.7s
[17:36:37] 🔄 Identity reset
[17:36:40] 🧠 New identity created
[17:36:40] [11/326] RCNS
[17:36:41] [12/326] DCBH
[17:36:42] [13/326] NAGJ
[17:36:43] [14/326] JVRC
[17:36:43] [15/326] KRJG
[17:36:44] [16/326] SRTJ
[17:36:45] [17/326] CMXM
[17:36:46] [18/326] STMI
[17:36:47] [19/326] SLST
[17:36:48] 🔄 Identity reset
[17:36:48] 🔄 Identity rotated (every 10 requests)
[17:36:48] [20/326] DTCN
[17:36:50] [21/326] STYN
[17:36:50] [22/326] SZVR
[17:36:51] [23/326] SRKO
[17:36:52] [24/326] JTGT
[17:36:53] [25/326] SVFD
[17:36:54] [26/326] SISD
[17:36:55] [27/326] ABDD
[17:36:56] [28/326] DRCA
[17:36:56] [29/326] AVCS
[17:36:57] 🔄 Identity reset
[17:36:57] 🔄 Identity rotated (every 10 requests)
[17:36:57] [30/326] MVKH
[17:36:58] [31/326] ACPR
[17:36:59] [32/326] STIP
[17:37:00] [33/326] MTRA
[17:37:01] [34/326] RMKH
[17:37:01] [35/326] NKRL
[17:37:02] [36/326] PCWN
[17:37:03] [37/326] BLMT
[17:37:04] [38/326] GDPG
[17:37:05] [39/326] SRMX
[17:37:05] 🔄 Identity reset
[17:37:05] 🔄 Identity rotated (every 10 requests)
[17:37:06] [40/326] JACP
[17:37:06] [41/326] CPSH
[17:37:07] [42/326] MCCD
[17:37:08] [43/326] ECGH
[17:37:09] [44/326] MKCK
[17:37:10] [45/326] SRMM
[17:37:11] [46/326] SKYR
[17:37:12] [47/326] PCKC
[17:37:12] [48/326] JCMA
[17:37:13] [49/326] BSMP
[17:37:14] 🔄 Identity reset
[17:37:14] 🔄 Identity rotated (every 10 requests)
[17:37:14] 🔄 Retry 1/5 for BSMP in 2.5s
[17:37:14] 🔄 Identity reset
[17:37:16] 🧠 New identity created
[17:37:16] [50/326] VSPA
[17:37:17] [51/326] DJYA
[17:37:18] [52/326] DIMP
[17:37:19] [53/326] FXDR
[17:37:20] [54/326] SSRC
[17:37:21] [55/326] STHP
[17:37:22] [56/326] CPPD
[17:37:23] [57/326] FCLK
[17:37:24] [58/326] SCPP
[17:37:25] 🔄 Identity reset
[17:37:25] 🔄 Identity rotated (every 10 requests)
[17:37:25] [59/326] DCMJ
[17:37:26] [60/326] RCCR
[17:37:27] [61/326] INMT
[17:37:28] [62/326] LXTK
[17:37:29] [63/326] SRYK
[17:37:30] [64/326] SGDK
[17:37:31] [65/326] PPKA
[17:37:32] [66/326] SPKA
[17:37:34] [67/326] CGHH
[17:37:34] [68/326] DCJN
[17:37:35] 🔄 Identity reset
[17:37:35] 🔄 Identity rotated (every 10 requests)
[17:37:35] [69/326] SRKV
[17:37:36] [70/326] SAJC
[17:37:37] [71/326] SUSR
[17:37:38] [72/326] STYG
[17:37:39] [73/326] NTKP
[17:37:40] [74/326] AKTG
[17:37:41] [75/326] CGCM
[17:37:42] [76/326] TULC
[17:37:43] [77/326] NYYZ
[17:37:44] [78/326] NYBW
[17:37:44] 🔄 Identity reset
[17:37:45] 🔄 Identity rotated (every 10 requests)
[17:37:45] [79/326] MACB
[17:37:46] [80/326] SLVT
[17:37:47] [81/326] SANA
[17:37:47] [82/326] ACMR
[17:37:48] [83/326] CPKN
[17:37:49] [84/326] DLGK
[17:37:50] [85/326] CWCK
[17:37:51] [86/326] FDDH
[17:37:51] [87/326] MMMD
[17:37:53] [88/326] CMEH
[17:37:54] 🔄 Identity reset
[17:37:54] 🔄 Identity rotated (every 10 requests)
[17:37:54] [89/326] GGGV
[17:37:55] [90/326] SPJL
[17:37:56] [91/326] RCCD
[17:37:56] [92/326] STTZ
[17:37:57] [93/326] BTCF
[17:37:58] [94/326] TSTZ
[17:37:59] [95/326] IPMM
[17:38:00] [96/326] PMPW
[17:38:01] [97/326] PCMZ
[17:38:02] [98/326] ESEM
[17:38:03] 🔄 Identity reset
[17:38:03] 🔄 Identity rotated (every 10 requests)
[17:38:03] [99/326] PIPO
[17:38:04] [100/326] MATK
[17:38:05] [101/326] PGHM
[17:38:06] [102/326] CTSR
[17:38:07] [103/326] CYKR
[17:38:07] [104/326] MSCM
[17:38:08] [105/326] RFNP
[17:38:09] [106/326] PDCP
[17:38:10] [107/326] NPSE
[17:38:11] [108/326] MKML
[17:38:11] 🔄 Identity reset
[17:38:11] 🔄 Identity rotated (every 10 requests)
[17:38:12] [109/326] FTDP
[17:38:12] [110/326] MMXA
[17:38:13] [111/326] CEPO
[17:38:14] [112/326] CMVP
[17:38:15] [113/326] SGTH
[17:38:15] [114/326] SAYN
[17:38:17] [115/326] URVS
[17:38:18] [116/326] VJTN
[17:38:19] [117/326] BBYK
[17:38:20] [118/326] SHBO
[17:38:20] 🔄 Identity reset
[17:38:20] 🔄 Identity rotated (every 10 requests)
[17:38:20] [119/326] VCMR
[17:38:21] [120/326] MACT
[17:38:22] [121/326] JMNP
[17:38:23] [122/326] VICS
[17:38:24] [123/326] VCDA
[17:38:25] [124/326] GCMM
[17:38:26] [125/326] INVS
[17:38:27] [126/326] SCGM
[17:38:27] [127/326] PCDA
[17:38:28] [128/326] KDCT
[17:38:29] 🔄 Identity reset
[17:38:29] 🔄 Identity rotated (every 10 requests)
[17:38:29] [129/326] JACS
[17:38:30] [130/326] GMMC
[17:38:31] [131/326] AICM
[17:38:32] [132/326] TJCM
[17:38:33] [133/326] RMTI
[17:38:34] [134/326] SHAC
[17:38:35] [135/326] APJC
[17:38:35] [136/326] GCTG
[17:38:36] [137/326] SSMC
[17:38:37] [138/326] THRM
[17:38:38] 🔄 Identity reset
[17:38:38] 🔄 Identity rotated (every 10 requests)
[17:38:38] [139/326] RBCT
[17:38:39] [140/326] DIKT
[17:38:40] [141/326] MIDL
[17:38:41] [142/326] VCSN
[17:38:42] [143/326] SKTG
[17:38:43] [144/326] SMWC
[17:38:44] [145/326] MNKH
[17:38:45] [146/326] PIAT
[17:38:46] [147/326] LTTP
[17:38:47] [148/326] PTPU
[17:38:48] 🔄 Identity reset
[17:38:48] 🔄 Identity rotated (every 10 requests)
[17:38:48] [149/326] ACMG
[17:38:49] [150/326] SHMM
[17:38:50] [151/326] MCMN
[17:38:51] [152/326] GLDC
[17:38:51] [153/326] HOUT
[17:38:52] [154/326] SVRP
[17:38:53] [155/326] PVDN
[17:38:54] [156/326] SCPY
[17:38:55] [157/326] DTPY
[17:38:56] [158/326] GKCS
[17:38:56] 🔄 Identity reset
[17:38:56] 🔄 Identity rotated (every 10 requests)
[17:38:57] [159/326] NCAM
[17:38:58] [160/326] BSRM
[17:38:59] [161/326] RCLC
[17:38:59] [162/326] SKKD
[17:39:00] [163/326] ACHU
[17:39:01] [164/326] RSCF
[17:39:02] [165/326] IMSH
[17:39:03] [166/326] MACX
[17:39:04] [167/326] HMMW
[17:39:05] [168/326] JTCP
[17:39:05] 🔄 Identity reset
[17:39:05] 🔄 Identity rotated (every 10 requests)
[17:39:05] 🔄 Retry 1/5 for JTCP in 2.5s
[17:39:05] 🔄 Identity reset
[17:39:08] 🧠 New identity created
[17:39:08] [169/326] SREN
[17:39:09] [170/326] PJRR
[17:39:10] [171/326] INAC
[17:39:10] [172/326] BMCA
[17:39:12] [173/326] SHCB
[17:39:13] [174/326] GABA
[17:39:14] [175/326] SBCT
[17:39:15] [176/326] GCMA
[17:39:16] [177/326] MYTK
[17:39:16] 🔄 Identity reset
[17:39:16] 🔄 Identity rotated (every 10 requests)
[17:39:16] [178/326] INZS
[17:39:17] [179/326] RMIK
[17:39:18] [180/326] NYCH
[17:39:19] [181/326] RAVE
[17:39:20] [182/326] PSXM
[17:39:20] [183/326] MCGP
[17:39:21] [184/326] PDDK
[17:39:22] [185/326] SPCK
[17:39:23] [186/326] MCRL
[17:39:24] [187/326] MHKT
[17:39:25] 🔄 Identity reset
[17:39:25] 🔄 Identity rotated (every 10 requests)
[17:39:25] [188/326] ANRR
[17:39:26] [189/326] SAPK
[17:39:27] [190/326] NCUK
[17:39:27] [191/326] JUGA
[17:39:29] [192/326] DBSC
[17:39:30] [193/326] LALK
[17:39:31] [194/326] GUCK
[17:39:32] [195/326] STSG
[17:39:32] [196/326] PPPZ
[17:39:33] [197/326] CNCY
[17:39:34] 🔄 Identity reset
[17:39:34] 🔄 Identity rotated (every 10 requests)
[17:39:34] 🔄 Retry 1/5 for CNCY in 2.3s
[17:39:34] 🔄 Identity reset
[17:39:36] 🧠 New identity created
[17:39:36] [198/326] MTAR
[17:39:37] [199/326] VNKD
[17:39:38] [200/326] KMAJ
[17:39:39] [201/326] ACXK
[17:39:40] [202/326] UTKC
[17:39:42] [203/326] PBLK
[17:39:43] [204/326] ACBX
[17:39:44] [205/326] PTGM
[17:39:45] [206/326] BTDA
[17:39:45] 🔄 Identity reset
[17:39:45] 🔄 Identity rotated (every 10 requests)
[17:39:45] [207/326] PJMB
[17:39:46] [208/326] TPDA
[17:39:47] [209/326] AMOE
[17:39:48] [210/326] PRHT
[17:39:49] [211/326] PRTA
[17:39:50] [212/326] STAM
[17:39:51] [213/326] MSAA
[17:39:52] [214/326] SDLU
[17:39:53] [215/326] RCHH
[17:39:54] [216/326] KANT
[17:39:54] 🔄 Identity reset
[17:39:54] 🔄 Identity rotated (every 10 requests)
[17:39:55] [217/326] FCRT
[17:39:55] [218/326] DNKM
[17:39:57] [219/326] RYCP
[17:39:58] [220/326] MYRP
[17:39:59] [221/326] PPAK
[17:40:00] [222/326] NVPK
[17:40:00] [223/326] PRMC
[17:40:01] [224/326] JBCS
[17:40:02] [225/326] GXCK
[17:40:03] [226/326] USKO
[17:40:04] 🔄 Identity reset
[17:40:04] 🔄 Identity rotated (every 10 requests)
[17:40:04] [227/326] GTEM
[17:40:05] [228/326] SMBU
[17:40:06] [229/326] VETC
[17:40:07] [230/326] LCDA
[17:40:08] [231/326] MTVT
[17:40:08] [232/326] PYCP
[17:40:09] [233/326] PNSC
[17:40:10] [234/326] PPCC
[17:40:11] [235/326] TGRT
[17:40:12] [236/326] JYOT
[17:40:12] 🔄 Identity reset
[17:40:12] 🔄 Identity rotated (every 10 requests)
[17:40:12] [237/326] SRCZ
[17:40:13] [238/326] SJTE
[17:40:14] [239/326] DESC
[17:40:15] [240/326] JHVN
[17:40:16] [241/326] IPSG
[17:40:17] [242/326] IPCM
[17:40:18] [243/326] PDRS
[17:40:19] [244/326] ANCV
[17:40:20] [245/326] CMVV
[17:40:20] [246/326] SHYP
[17:40:21] 🔄 Identity reset
[17:40:21] 🔄 Identity rotated (every 10 requests)
[17:40:21] 🔄 Retry 1/5 for SHYP in 2.3s
[17:40:21] 🔄 Identity reset
[17:40:23] 🧠 New identity created
[17:40:24] [247/326] DNCS
[17:40:25] [248/326] GAJK
[17:40:25] [249/326] AKTN
[17:40:27] [250/326] KAYA
[17:40:28] [251/326] SBRC
[17:40:29] [252/326] CHTP
[17:40:30] [253/326] SHRT
[17:40:30] [254/326] BCKU
[17:40:31] [255/326] FCPS
[17:40:32] 🔄 Identity reset
[17:40:32] 🔄 Identity rotated (every 10 requests)
[17:40:32] [256/326] ARDD
[17:40:33] [257/326] CPCM
[17:40:34] [258/326] CGSM
[17:40:35] [259/326] PSMP
[17:40:35] [260/326] SDAL
[17:40:36] [261/326] RTNB
[17:40:38] [262/326] LMCR
[17:40:39] [263/326] CIMA
[17:40:40] [264/326] RNAS
[17:40:40] [265/326] LITH
[17:40:41] 🔄 Identity reset
[17:40:41] 🔄 Identity rotated (every 10 requests)
[17:40:41] [266/326] PBOX
[17:40:42] [267/326] FRTS
[17:40:43] [268/326] RKIC
[17:40:44] [269/326] PTAI
[17:40:45] [270/326] GCIC
[17:40:46] [271/326] FNAS
[17:40:47] [272/326] SCAR
[17:40:48] [273/326] MTCA
[17:40:48] [274/326] SCTS
[17:40:49] [275/326] SYCS
[17:40:50] 🔄 Identity reset
[17:40:50] 🔄 Identity rotated (every 10 requests)
[17:40:50] [276/326] RDMS
[17:40:51] [277/326] KAMP
[17:40:52] [278/326] ERSD
[17:40:52] [279/326] MJMJ
[17:40:54] [280/326] SRCJ
[17:40:55] [281/326] SCXE
[17:40:55] [282/326] SVFR
[17:40:56] [283/326] BHCS
[17:40:57] [284/326] IMCC
[17:40:58] [285/326] PCBO
[17:40:59] 🔄 Identity reset
[17:40:59] 🔄 Identity rotated (every 10 requests)
[17:40:59] [286/326] PRVN
[17:41:00] [287/326] AUPM
[17:41:00] [288/326] INBW
[17:41:01] [289/326] SVCW
[17:41:03] [290/326] RKCF
[17:41:05] [291/326] UVBH
[17:41:05] [292/326] DNCY
[17:41:06] [293/326] ABCN
[17:41:07] [294/326] PRUR
[17:41:08] [295/326] PFMR
[17:41:09] 🔄 Identity reset
[17:41:09] 🔄 Identity rotated (every 10 requests)
[17:41:09] [296/326] RKCN
[17:41:10] [297/326] CFEA
[17:41:10] [298/326] SDBG
[17:41:11] [299/326] SNAR
[17:41:12] [300/326] YISI
[17:41:13] [301/326] JCFF
[17:41:15] [302/326] VTRK
[17:41:16] [303/326] PCLZ
[17:41:17] [304/326] DIMY
[17:41:18] [305/326] BBTS
[17:41:18] 🔄 Identity reset
[17:41:18] 🔄 Identity rotated (every 10 requests)
[17:41:19] [306/326] GATH
[17:41:21] [307/326] GTMN
[17:41:21] [308/326] VTMH
[17:41:22] [309/326] CCKP
[17:41:23] [310/326] GPKA
[17:41:24] [311/326] MHCL
[17:41:25] [312/326] ATCL
[17:41:25] [313/326] SBCK
[17:41:26] [314/326] AMMR
[17:41:27] [315/326] MADC
[17:41:28] 🔄 Identity reset
[17:41:28] 🔄 Identity rotated (every 10 requests)
[17:41:28] [316/326] TMMA
[17:41:29] [317/326] CACC
[17:41:30] [318/326] CHAL
[17:41:32] [319/326] DURG
[17:41:33] [320/326] GMKU
[17:41:33] [321/326] GECA
[17:41:34] [322/326] KYRR
[17:41:35] [323/326] KSDE
[17:41:36] [324/326] LMCI
[17:41:37] [325/326] NKCP
[17:41:37] 🔄 Identity reset
[17:41:37] 🔄 Identity rotated (every 10 requests)
[17:41:38] [326/326] BGTC
[17:41:39] 🧹 Deduping shows
[17:41:39] ✅ DONE | Shows=1820 | Movies=58
[06:20:50] 🚀 SCRIPT STARTED (enhanced anti‑detection)
[06:20:50] [1/326] BSAT
[06:20:50] 🧠 New identity created
[06:20:51] [2/326] RSSM
[06:20:52] [3/326] GCTA
[06:20:52] [4/326] TOPN
[06:20:53] [5/326] MCUS
[06:20:54] [6/326] SHRL
[06:20:55] [7/326] UPTP
[06:20:55] [8/326] TMMP
[06:20:56] [9/326] DNRP
[06:20:57] [10/326] SRLT
[06:20:57] 🔄 Identity reset
[06:20:57] 🔄 Identity rotated (every 10 requests)
[06:20:58] [11/326] RCNS
[06:20:58] [12/326] DCBH
[06:20:59] [13/326] NAGJ
[06:21:00] [14/326] JVRC
[06:21:01] [15/326] KRJG
[06:21:02] [16/326] SRTJ
[06:21:03] [17/326] CMXM
[06:21:03] [18/326] STMI
[06:21:04] [19/326] SLST
[06:21:05] [20/326] DTCN
[06:21:05] 🔄 Identity reset
[06:21:05] 🔄 Identity rotated (every 10 requests)
[06:21:05] [21/326] STYN
[06:21:06] [22/326] SZVR
[06:21:07] [23/326] SRKO
[06:21:08] [24/326] JTGT
[06:21:08] [25/326] SVFD
[06:21:09] [26/326] SISD
[06:21:10] [27/326] ABDD
[06:21:11] [28/326] DRCA
[06:21:11] [29/326] AVCS
[06:21:12] [30/326] MVKH
[06:21:12] 🔄 Identity reset
[06:21:12] 🔄 Identity rotated (every 10 requests)
[06:21:12] [31/326] ACPR
[06:21:13] [32/326] STIP
[06:21:14] [33/326] MTRA
[06:21:15] [34/326] RMKH
[06:21:16] [35/326] NKRL
[06:21:16] [36/326] PCWN
[06:21:17] [37/326] BLMT
[06:21:19] [38/326] GDPG
[06:21:20] [39/326] SRMX
[06:21:21] [40/326] JACP
[06:21:22] 🔄 Identity reset
[06:21:22] 🔄 Identity rotated (every 10 requests)
[06:21:22] 🔄 Retry 1/5 for JACP in 2.2s
[06:21:22] 🔄 Identity reset
[06:21:24] 🧠 New identity created
[06:21:24] [41/326] CPSH
[06:21:25] [42/326] MCCD
[06:21:26] [43/326] ECGH
[06:21:26] [44/326] MKCK
[06:21:27] [45/326] SRMM
[06:21:28] [46/326] SKYR
[06:21:28] [47/326] PCKC
[06:21:29] [48/326] JCMA
[06:21:30] [49/326] BSMP
[06:21:30] 🔄 Identity reset
[06:21:31] 🔄 Identity rotated (every 10 requests)
[06:21:31] [50/326] VSPA
[06:21:31] [51/326] DJYA
[06:21:32] [52/326] DIMP
[06:21:33] [53/326] FXDR
[06:21:34] [54/326] SSRC
[06:21:35] [55/326] STHP
[06:21:36] [56/326] CPPD
[06:21:36] [57/326] FCLK
[06:21:37] [58/326] SCPP
[06:21:38] [59/326] DCMJ
[06:21:38] 🔄 Identity reset
[06:21:38] 🔄 Identity rotated (every 10 requests)
[06:21:38] 🔄 Retry 1/5 for DCMJ in 2.8s
[06:21:38] 🔄 Identity reset
[06:21:41] 🧠 New identity created
[06:21:41] 🔄 Retry 2/5 for DCMJ in 4.9s
[06:21:41] 🔄 Identity reset
[06:21:46] 🧠 New identity created
[06:21:46] [60/326] RCCR
[06:21:47] [61/326] INMT
[06:21:48] [62/326] LXTK
[06:21:49] [63/326] SRYK
[06:21:50] [64/326] SGDK
[06:21:50] [65/326] PPKA
[06:21:51] [66/326] SPKA
[06:21:52] [67/326] CGHH
[06:21:52] 🔄 Identity reset
[06:21:53] 🔄 Identity rotated (every 10 requests)
[06:21:53] [68/326] DCJN
[06:21:54] [69/326] SRKV
[06:21:55] [70/326] SAJC
[06:21:56] [71/326] SUSR
[06:21:57] [72/326] STYG
[06:21:57] [73/326] NTKP
[06:21:58] [74/326] AKTG
[06:21:59] [75/326] CGCM
[06:22:00] [76/326] TULC
[06:22:00] [77/326] NYYZ
[06:22:01] 🔄 Identity reset
[06:22:01] 🔄 Identity rotated (every 10 requests)
[06:22:02] [78/326] NYBW
[06:22:03] [79/326] MACB
[06:22:03] [80/326] SLVT
[06:22:04] [81/326] SANA
[06:22:05] [82/326] ACMR
[06:22:05] [83/326] CPKN
[06:22:06] [84/326] DLGK
[06:22:07] [85/326] CWCK
[06:22:07] [86/326] FDDH
[06:22:08] [87/326] MMMD
[06:22:08] 🔄 Identity reset
[06:22:08] 🔄 Identity rotated (every 10 requests)
[06:22:09] [88/326] CMEH
[06:22:09] [89/326] GGGV
[06:22:10] [90/326] SPJL
[06:22:11] [91/326] RCCD
[06:22:12] [92/326] STTZ
[06:22:13] [93/326] BTCF
[06:22:14] [94/326] TSTZ
[06:22:15] [95/326] IPMM
[06:22:16] [96/326] PMPW
[06:22:17] [97/326] PCMZ
[06:22:18] 🔄 Identity reset
[06:22:18] 🔄 Identity rotated (every 10 requests)
[06:22:18] [98/326] ESEM
[06:22:19] [99/326] PIPO
[06:22:20] [100/326] MATK
[06:22:20] [101/326] PGHM
[06:22:21] [102/326] CTSR
[06:22:22] [103/326] CYKR
[06:22:22] [104/326] MSCM
[06:22:23] [105/326] RFNP
[06:22:24] [106/326] PDCP
[06:22:25] [107/326] NPSE
[06:22:25] 🔄 Identity reset
[06:22:25] 🔄 Identity rotated (every 10 requests)
[06:22:26] [108/326] MKML
[06:22:27] [109/326] FTDP
[06:22:28] [110/326] MMXA
[06:22:28] [111/326] CEPO
[06:22:29] [112/326] CMVP
[06:22:30] [113/326] SGTH
[06:22:31] [114/326] SAYN
[06:22:31] [115/326] URVS
[06:22:32] [116/326] VJTN
[06:22:33] [117/326] BBYK
[06:22:33] 🔄 Identity reset
[06:22:33] 🔄 Identity rotated (every 10 requests)
[06:22:34] [118/326] SHBO
[06:22:34] [119/326] VCMR
[06:22:35] [120/326] MACT
[06:22:36] [121/326] JMNP
[06:22:37] [122/326] VICS
[06:22:37] [123/326] VCDA
[06:22:38] [124/326] GCMM
[06:22:39] [125/326] INVS
[06:22:39] [126/326] SCGM
[06:22:40] [127/326] PCDA
[06:22:41] 🔄 Identity reset
[06:22:41] 🔄 Identity rotated (every 10 requests)
[06:22:42] [128/326] KDCT
[06:22:42] [129/326] JACS
[06:22:43] [130/326] GMMC
[06:22:44] [131/326] AICM
[06:22:45] [132/326] TJCM
[06:22:46] [133/326] RMTI
[06:22:46] [134/326] SHAC
[06:22:47] [135/326] APJC
[06:22:48] [136/326] GCTG
[06:22:49] [137/326] SSMC
[06:22:50] 🔄 Identity reset
[06:22:50] 🔄 Identity rotated (every 10 requests)
[06:22:51] [138/326] THRM
[06:22:52] [139/326] RBCT
[06:22:53] [140/326] DIKT
[06:22:54] [141/326] MIDL
[06:22:54] [142/326] VCSN
[06:22:55] [143/326] SKTG
[06:22:56] [144/326] SMWC
[06:22:57] [145/326] MNKH
[06:22:58] [146/326] PIAT
[06:22:59] [147/326] LTTP
[06:22:59] 🔄 Identity reset
[06:22:59] 🔄 Identity rotated (every 10 requests)
[06:22:59] 🔄 Retry 1/5 for LTTP in 2.2s
[06:22:59] 🔄 Identity reset
[06:23:02] 🧠 New identity created
[06:23:02] 🔄 Retry 2/5 for LTTP in 4.1s
[06:23:02] 🔄 Identity reset
[06:23:06] 🧠 New identity created
[06:23:06] [148/326] PTPU
[06:23:07] [149/326] ACMG
[06:23:07] [150/326] SHMM
[06:23:08] [151/326] MCMN
[06:23:09] [152/326] GLDC
[06:23:09] [153/326] HOUT
[06:23:10] [154/326] SVRP
[06:23:11] [155/326] PVDN
[06:23:11] 🔄 Identity reset
[06:23:11] 🔄 Identity rotated (every 10 requests)
[06:23:12] [156/326] SCPY
[06:23:12] [157/326] DTPY
[06:23:13] [158/326] GKCS
[06:23:14] [159/326] NCAM
[06:23:14] [160/326] BSRM
[06:23:15] [161/326] RCLC
[06:23:16] [162/326] SKKD
[06:23:17] [163/326] ACHU
[06:23:18] [164/326] RSCF
[06:23:19] [165/326] IMSH
[06:23:20] 🔄 Identity reset
[06:23:20] 🔄 Identity rotated (every 10 requests)
[06:23:20] [166/326] MACX
[06:23:21] [167/326] HMMW
[06:23:21] [168/326] JTCP
[06:23:22] [169/326] SREN
[06:23:23] [170/326] PJRR
[06:23:24] [171/326] INAC
[06:23:24] [172/326] BMCA
[06:23:26] [173/326] SHCB
[06:23:27] [174/326] GABA
[06:23:27] [175/326] SBCT
[06:23:28] 🔄 Identity reset
[06:23:28] 🔄 Identity rotated (every 10 requests)
[06:23:28] [176/326] GCMA
[06:23:29] [177/326] MYTK
[06:23:30] [178/326] INZS
[06:23:31] [179/326] RMIK
[06:23:32] [180/326] NYCH
[06:23:33] [181/326] RAVE
[06:23:34] [182/326] PSXM
[06:23:34] [183/326] MCGP
[06:23:35] [184/326] PDDK
[06:23:37] [185/326] SPCK
[06:23:37] 🔄 Identity reset
[06:23:37] 🔄 Identity rotated (every 10 requests)
[06:23:37] [186/326] MCRL
[06:23:38] [187/326] MHKT
[06:23:39] [188/326] ANRR
[06:23:40] [189/326] SAPK
[06:23:41] [190/326] NCUK
[06:23:41] [191/326] JUGA
[06:23:42] [192/326] DBSC
[06:23:43] [193/326] LALK
[06:23:44] [194/326] GUCK
[06:23:44] [195/326] STSG
[06:23:45] 🔄 Identity reset
[06:23:45] 🔄 Identity rotated (every 10 requests)
[06:23:45] [196/326] PPPZ
[06:23:46] [197/326] CNCY
[06:23:47] [198/326] MTAR
[06:23:48] [199/326] VNKD
[06:23:48] [200/326] KMAJ
[06:23:49] [201/326] ACXK
[06:23:50] [202/326] UTKC
[06:23:51] [203/326] PBLK
[06:23:52] [204/326] ACBX
[06:23:52] [205/326] PTGM
[06:23:53] 🔄 Identity reset
[06:23:53] 🔄 Identity rotated (every 10 requests)
[06:23:53] [206/326] BTDA
[06:23:54] [207/326] PJMB
[06:23:55] [208/326] TPDA
[06:23:56] [209/326] AMOE
[06:23:56] [210/326] PRHT
[06:23:57] [211/326] PRTA
[06:23:58] [212/326] STAM
[06:23:59] [213/326] MSAA
[06:24:00] [214/326] SDLU
[06:24:01] [215/326] RCHH
[06:24:01] 🔄 Identity reset
[06:24:01] 🔄 Identity rotated (every 10 requests)
[06:24:01] [216/326] KANT
[06:24:03] [217/326] FCRT
[06:24:04] [218/326] DNKM
[06:24:05] [219/326] RYCP
[06:24:06] [220/326] MYRP
[06:24:07] [221/326] PPAK
[06:24:07] [222/326] NVPK
[06:24:08] [223/326] PRMC
[06:24:09] [224/326] JBCS
[06:24:10] [225/326] GXCK
[06:24:10] 🔄 Identity reset
[06:24:10] 🔄 Identity rotated (every 10 requests)
[06:24:10] 🔄 Retry 1/5 for GXCK in 2.0s
[06:24:10] 🔄 Identity reset
[06:24:12] 🧠 New identity created
[06:24:12] 🔄 Retry 2/5 for GXCK in 4.1s
[06:24:12] 🔄 Identity reset
[06:24:16] 🧠 New identity created
[06:24:17] [226/326] USKO
[06:24:17] [227/326] GTEM
[06:24:18] [228/326] SMBU
[06:24:19] [229/326] VETC
[06:24:20] [230/326] LCDA
[06:24:21] [231/326] MTVT
[06:24:21] [232/326] PYCP
[06:24:22] [233/326] PNSC
[06:24:23] 🔄 Identity reset
[06:24:23] 🔄 Identity rotated (every 10 requests)
[06:24:23] [234/326] PPCC
[06:24:24] [235/326] TGRT
[06:24:25] [236/326] JYOT
[06:24:26] [237/326] SRCZ
[06:24:27] [238/326] SJTE
[06:24:27] [239/326] DESC
[06:24:28] [240/326] JHVN
[06:24:29] [241/326] IPSG
[06:24:30] [242/326] IPCM
[06:24:30] [243/326] PDRS
[06:24:31] 🔄 Identity reset
[06:24:31] 🔄 Identity rotated (every 10 requests)
[06:24:31] [244/326] ANCV
[06:24:32] [245/326] CMVV
[06:24:33] [246/326] SHYP
[06:24:33] [247/326] DNCS
[06:24:34] [248/326] GAJK
[06:24:35] [249/326] AKTN
[06:24:36] [250/326] KAYA
[06:24:36] [251/326] SBRC
[06:24:37] [252/326] CHTP
[06:24:38] [253/326] SHRT
[06:24:39] 🔄 Identity reset
[06:24:39] 🔄 Identity rotated (every 10 requests)
[06:24:39] 🔄 Retry 1/5 for SHRT in 3.0s
[06:24:39] 🔄 Identity reset
[06:24:42] 🧠 New identity created
[06:24:42] [254/326] BCKU
[06:24:43] [255/326] FCPS
[06:24:43] [256/326] ARDD
[06:24:44] [257/326] CPCM
[06:24:45] [258/326] CGSM
[06:24:45] [259/326] PSMP
[06:24:46] [260/326] SDAL
[06:24:47] [261/326] RTNB
[06:24:47] [262/326] LMCR
[06:24:48] 🔄 Identity reset
[06:24:48] 🔄 Identity rotated (every 10 requests)
[06:24:48] [263/326] CIMA
[06:24:49] [264/326] RNAS
[06:24:50] [265/326] LITH
[06:24:50] [266/326] PBOX
[06:24:51] [267/326] FRTS
[06:24:52] [268/326] RKIC
[06:24:53] [269/326] PTAI
[06:24:54] [270/326] GCIC
[06:24:55] [271/326] FNAS
[06:24:55] [272/326] SCAR
[06:24:56] 🔄 Identity reset
[06:24:56] 🔄 Identity rotated (every 10 requests)
[06:24:56] 🔄 Retry 1/5 for SCAR in 2.6s
[06:24:56] 🔄 Identity reset
[06:24:59] 🧠 New identity created
[06:24:59] [273/326] MTCA
[06:25:00] [274/326] SCTS
[06:25:00] [275/326] SYCS
[06:25:01] [276/326] RDMS
[06:25:02] [277/326] KAMP
[06:25:02] [278/326] ERSD
[06:25:03] [279/326] MJMJ
[06:25:04] [280/326] SRCJ
[06:25:05] [281/326] SCXE
[06:25:05] 🔄 Identity reset
[06:25:05] 🔄 Identity rotated (every 10 requests)
[06:25:05] [282/326] SVFR
[06:25:06] [283/326] BHCS
[06:25:07] [284/326] IMCC
[06:25:08] [285/326] PCBO
[06:25:09] [286/326] PRVN
[06:25:10] [287/326] AUPM
[06:25:10] [288/326] INBW
[06:25:11] [289/326] SVCW
[06:25:12] [290/326] RKCF
[06:25:13] [291/326] UVBH
[06:25:13] 🔄 Identity reset
[06:25:13] 🔄 Identity rotated (every 10 requests)
[06:25:13] [292/326] DNCY
[06:25:14] [293/326] ABCN
[06:25:15] [294/326] PRUR
[06:25:16] [295/326] PFMR
[06:25:17] [296/326] RKCN
[06:25:17] [297/326] CFEA
[06:25:18] [298/326] SDBG
[06:25:19] [299/326] SNAR
[06:25:20] [300/326] YISI
[06:25:20] [301/326] JCFF
[06:25:21] 🔄 Identity reset
[06:25:21] 🔄 Identity rotated (every 10 requests)
[06:25:21] [302/326] VTRK
[06:25:22] [303/326] PCLZ
[06:25:23] [304/326] DIMY
[06:25:24] [305/326] BBTS
[06:25:25] [306/326] GATH
[06:25:25] [307/326] GTMN
[06:25:26] [308/326] VTMH
[06:25:27] [309/326] CCKP
[06:25:28] [310/326] GPKA
[06:25:29] [311/326] MHCL
[06:25:29] 🔄 Identity reset
[06:25:29] 🔄 Identity rotated (every 10 requests)
[06:25:30] [312/326] ATCL
[06:25:31] [313/326] SBCK
[06:25:31] [314/326] AMMR
[06:25:32] [315/326] MADC
[06:25:33] [316/326] TMMA
[06:25:34] [317/326] CACC
[06:25:35] [318/326] CHAL
[06:25:35] [319/326] DURG
[06:25:36] [320/326] GMKU
[06:25:37] [321/326] GECA
[06:25:38] 🔄 Identity reset
[06:25:38] 🔄 Identity rotated (every 10 requests)
[06:25:38] 🔄 Retry 1/5 for GECA in 2.0s
[06:25:38] 🔄 Identity reset
[06:25:40] 🧠 New identity created
[06:25:40] [322/326] KYRR
[06:25:41] [323/326] KSDE
[06:25:42] [324/326] LMCI
[06:25:42] [325/326] NKCP
[06:25:43] [326/326] BGTC
[06:25:44] 🧹 Deduping shows
[06:25:44] ✅ DONE | Shows=1921 | Movies=59
[12:45:44] 🚀 SCRIPT STARTED (enhanced anti‑detection)
[12:45:44] [1/326] BSAT
[12:45:45] 🧠 New identity created
[12:45:46] [2/326] RSSM
[12:45:47] [3/326] GCTA
[12:45:48] [4/326] TOPN
[12:45:49] [5/326] MCUS
[12:45:50] [6/326] SHRL
[12:45:50] [7/326] UPTP
[12:45:51] [8/326] TMMP
[12:45:52] [9/326] DNRP
[12:45:54] [10/326] SRLT
[12:45:55] 🔄 Identity reset
[12:45:55] 🔄 Identity rotated (every 10 requests)
[12:45:55] [11/326] RCNS
[12:45:56] [12/326] DCBH
[12:45:57] [13/326] NAGJ
[12:45:59] [14/326] JVRC
[12:45:59] [15/326] KRJG
[12:46:00] [16/326] SRTJ
[12:46:01] [17/326] CMXM
[12:46:02] [18/326] STMI
[12:46:03] [19/326] SLST
[12:46:04] [20/326] DTCN
[12:46:05] 🔄 Identity reset
[12:46:05] 🔄 Identity rotated (every 10 requests)
[12:46:05] [21/326] STYN
[12:46:07] [22/326] SZVR
[12:46:08] [23/326] SRKO
[12:46:09] [24/326] JTGT
[12:46:09] [25/326] SVFD
[12:46:10] [26/326] SISD
[12:46:11] [27/326] ABDD
[12:46:12] [28/326] DRCA
[12:46:13] [29/326] AVCS
[12:46:14] [30/326] MVKH
[12:46:14] 🔄 Identity reset
[12:46:14] 🔄 Identity rotated (every 10 requests)
[12:46:15] 🔄 Retry 1/5 for MVKH in 2.3s
[12:46:15] 🔄 Identity reset
[12:46:17] 🧠 New identity created
[12:46:17] [31/326] ACPR
[12:46:18] [32/326] STIP
[12:46:19] [33/326] MTRA
[12:46:20] [34/326] RMKH
[12:46:21] [35/326] NKRL
[12:46:22] [36/326] PCWN
[12:46:23] [37/326] BLMT
[12:46:23] [38/326] GDPG
[12:46:24] [39/326] SRMX
[12:46:25] 🔄 Identity reset
[12:46:25] 🔄 Identity rotated (every 10 requests)
[12:46:25] [40/326] JACP
[12:46:26] [41/326] CPSH
[12:46:28] [42/326] MCCD
[12:46:29] [43/326] ECGH
[12:46:30] [44/326] MKCK
[12:46:30] [45/326] SRMM
[12:46:31] [46/326] SKYR
[12:46:32] [47/326] PCKC
[12:46:33] [48/326] JCMA
[12:46:34] [49/326] BSMP
[12:46:35] 🔄 Identity reset
[12:46:35] 🔄 Identity rotated (every 10 requests)
[12:46:35] [50/326] VSPA
[12:46:36] [51/326] DJYA
[12:46:37] [52/326] DIMP
[12:46:38] [53/326] FXDR
[12:46:38] [54/326] SSRC
[12:46:39] [55/326] STHP
[12:46:40] [56/326] CPPD
[12:46:41] [57/326] FCLK
[12:46:42] [58/326] SCPP
[12:46:43] [59/326] DCMJ
[12:46:43] 🔄 Identity reset
[12:46:43] 🔄 Identity rotated (every 10 requests)
[12:46:44] [60/326] RCCR
[12:46:45] [61/326] INMT
[12:46:46] [62/326] LXTK
[12:46:46] [63/326] SRYK
[12:46:47] [64/326] SGDK
[12:46:48] [65/326] PPKA
[12:46:49] [66/326] SPKA
[12:46:51] [67/326] CGHH
[12:46:52] [68/326] DCJN
[12:46:52] [69/326] SRKV
[12:46:53] 🔄 Identity reset
[12:46:53] 🔄 Identity rotated (every 10 requests)
[12:46:53] 🔄 Retry 1/5 for SRKV in 2.8s
[12:46:53] 🔄 Identity reset
[12:46:56] 🧠 New identity created
[12:46:56] [70/326] SAJC
[12:46:57] [71/326] SUSR
[12:46:58] [72/326] STYG
[12:46:59] [73/326] NTKP
[12:47:00] [74/326] AKTG
[12:47:01] [75/326] CGCM
[12:47:02] [76/326] TULC
[12:47:03] [77/326] NYYZ
[12:47:04] [78/326] NYBW
[12:47:04] 🔄 Identity reset
[12:47:04] 🔄 Identity rotated (every 10 requests)
[12:47:04] [79/326] MACB
[12:47:05] [80/326] SLVT
[12:47:07] [81/326] SANA
[12:47:08] [82/326] ACMR
[12:47:09] [83/326] CPKN
[12:47:10] [84/326] DLGK
[12:47:11] [85/326] CWCK
[12:47:12] [86/326] FDDH
[12:47:13] [87/326] MMMD
[12:47:14] [88/326] CMEH
[12:47:14] 🔄 Identity reset
[12:47:14] 🔄 Identity rotated (every 10 requests)
[12:47:15] [89/326] GGGV
[12:47:16] [90/326] SPJL
[12:47:17] [91/326] RCCD
[12:47:18] [92/326] STTZ
[12:47:19] [93/326] BTCF
[12:47:20] [94/326] TSTZ
[12:47:21] [95/326] IPMM
[12:47:23] [96/326] PMPW
[12:47:24] [97/326] PCMZ
[12:47:25] [98/326] ESEM
[12:47:25] 🔄 Identity reset
[12:47:25] 🔄 Identity rotated (every 10 requests)
[12:47:26] [99/326] PIPO
[12:47:27] [100/326] MATK
[12:47:28] [101/326] PGHM
[12:47:29] [102/326] CTSR
[12:47:30] [103/326] CYKR
[12:47:31] [104/326] MSCM
[12:47:32] [105/326] RFNP
[12:47:34] [106/326] PDCP
[12:47:35] [107/326] NPSE
[12:47:36] [108/326] MKML
[12:47:36] 🔄 Identity reset
[12:47:36] 🔄 Identity rotated (every 10 requests)
[12:47:37] [109/326] FTDP
[12:47:37] [110/326] MMXA
[12:47:38] [111/326] CEPO
[12:47:39] [112/326] CMVP
[12:47:40] [113/326] SGTH
[12:47:41] [114/326] SAYN
[12:47:42] [115/326] URVS
[12:47:43] [116/326] VJTN
[12:47:44] [117/326] BBYK
[12:47:45] [118/326] SHBO
[12:47:46] 🔄 Identity reset
[12:47:46] 🔄 Identity rotated (every 10 requests)
[12:47:46] 🔄 Retry 1/5 for SHBO in 2.9s
[12:47:46] 🔄 Identity reset
[12:47:49] 🧠 New identity created
[12:47:49] [119/326] VCMR
[12:47:50] [120/326] MACT
[12:47:51] [121/326] JMNP
[12:47:52] [122/326] VICS
[12:47:53] [123/326] VCDA
[12:47:54] [124/326] GCMM
[12:47:55] [125/326] INVS
[12:47:56] [126/326] SCGM
[12:47:57] [127/326] PCDA
[12:47:57] 🔄 Identity reset
[12:47:57] 🔄 Identity rotated (every 10 requests)
[12:47:58] [128/326] KDCT
[12:47:58] [129/326] JACS
[12:47:59] [130/326] GMMC
[12:48:01] [131/326] AICM
[12:48:02] [132/326] TJCM
[12:48:03] [133/326] RMTI
[12:48:04] [134/326] SHAC
[12:48:05] [135/326] APJC
[12:48:06] [136/326] GCTG
[12:48:07] [137/326] SSMC
[12:48:07] 🔄 Identity reset
[12:48:07] 🔄 Identity rotated (every 10 requests)
[12:48:07] [138/326] THRM
[12:48:08] [139/326] RBCT
[12:48:09] [140/326] DIKT
[12:48:10] [141/326] MIDL
[12:48:11] [142/326] VCSN
[12:48:12] [143/326] SKTG
[12:48:13] [144/326] SMWC
[12:48:14] [145/326] MNKH
[12:48:15] [146/326] PIAT
[12:48:16] [147/326] LTTP
[12:48:17] 🔄 Identity reset
[12:48:17] 🔄 Identity rotated (every 10 requests)
[12:48:17] [148/326] PTPU
[12:48:18] [149/326] ACMG
[12:48:19] [150/326] SHMM
[12:48:19] [151/326] MCMN
[12:48:20] [152/326] GLDC
[12:48:21] [153/326] HOUT
[12:48:22] [154/326] SVRP
[12:48:24] [155/326] PVDN
[12:48:24] [156/326] SCPY
[12:48:25] [157/326] DTPY
[12:48:26] 🔄 Identity reset
[12:48:26] 🔄 Identity rotated (every 10 requests)
[12:48:27] [158/326] GKCS
[12:48:28] [159/326] NCAM
[12:48:29] [160/326] BSRM
[12:48:30] [161/326] RCLC
[12:48:31] [162/326] SKKD
[12:48:32] [163/326] ACHU
[12:48:32] [164/326] RSCF
[12:48:33] [165/326] IMSH
[12:48:34] [166/326] MACX
[12:48:35] [167/326] HMMW
[12:48:36] 🔄 Identity reset
[12:48:36] 🔄 Identity rotated (every 10 requests)
[12:48:36] [168/326] JTCP
[12:48:37] [169/326] SREN
[12:48:39] [170/326] PJRR
[12:48:40] [171/326] INAC
[12:48:41] [172/326] BMCA
[12:48:42] [173/326] SHCB
[12:48:43] [174/326] GABA
[12:48:44] [175/326] SBCT
[12:48:45] [176/326] GCMA
[12:48:45] [177/326] MYTK
[12:48:46] 🔄 Identity reset
[12:48:46] 🔄 Identity rotated (every 10 requests)
[12:48:46] [178/326] INZS
[12:48:47] [179/326] RMIK
[12:48:49] [180/326] NYCH
[12:48:49] [181/326] RAVE
[12:48:50] [182/326] PSXM
[12:48:51] [183/326] MCGP
[12:48:52] [184/326] PDDK
[12:48:53] [185/326] SPCK
[12:48:54] [186/326] MCRL
[12:48:55] [187/326] MHKT
[12:48:56] 🔄 Identity reset
[12:48:56] 🔄 Identity rotated (every 10 requests)
[12:48:56] [188/326] ANRR
[12:48:57] [189/326] SAPK
[12:48:58] [190/326] NCUK
[12:48:59] [191/326] JUGA
[12:49:00] [192/326] DBSC
[12:49:01] [193/326] LALK
[12:49:02] [194/326] GUCK
[12:49:03] [195/326] STSG
[12:49:03] [196/326] PPPZ
[12:49:05] [197/326] CNCY
[12:49:06] 🔄 Identity reset
[12:49:06] 🔄 Identity rotated (every 10 requests)
[12:49:07] [198/326] MTAR
[12:49:08] [199/326] VNKD
[12:49:08] [200/326] KMAJ
[12:49:09] [201/326] ACXK
[12:49:10] [202/326] UTKC
[12:49:11] [203/326] PBLK
[12:49:12] [204/326] ACBX
[12:49:13] [205/326] PTGM
[12:49:14] [206/326] BTDA
[12:49:15] [207/326] PJMB
[12:49:16] 🔄 Identity reset
[12:49:16] 🔄 Identity rotated (every 10 requests)
[12:49:16] [208/326] TPDA
[12:49:17] [209/326] AMOE
[12:49:19] [210/326] PRHT
[12:49:19] [211/326] PRTA
[12:49:20] [212/326] STAM
[12:49:21] [213/326] MSAA
[12:49:22] [214/326] SDLU
[12:49:23] [215/326] RCHH
[12:49:24] [216/326] KANT
[12:49:25] [217/326] FCRT
[12:49:25] 🔄 Identity reset
[12:49:25] 🔄 Identity rotated (every 10 requests)
[12:49:26] [218/326] DNKM
[12:49:27] [219/326] RYCP
[12:49:28] [220/326] MYRP
[12:49:29] [221/326] PPAK
[12:49:30] [222/326] NVPK
[12:49:31] [223/326] PRMC
[12:49:32] [224/326] JBCS
[12:49:33] [225/326] GXCK
[12:49:34] [226/326] USKO
[12:49:35] [227/326] GTEM
[12:49:35] 🔄 Identity reset
[12:49:35] 🔄 Identity rotated (every 10 requests)
[12:49:36] [228/326] SMBU
[12:49:37] [229/326] VETC
[12:49:38] [230/326] LCDA
[12:49:39] [231/326] MTVT
[12:49:40] [232/326] PYCP
[12:49:40] [233/326] PNSC
[12:49:42] [234/326] PPCC
[12:49:43] [235/326] TGRT
[12:49:44] [236/326] JYOT
[12:49:45] [237/326] SRCZ
[12:49:46] 🔄 Identity reset
[12:49:46] 🔄 Identity rotated (every 10 requests)
[12:49:46] [238/326] SJTE
[12:49:47] [239/326] DESC
[12:49:48] [240/326] JHVN
[12:49:49] [241/326] IPSG
[12:49:50] [242/326] IPCM
[12:49:51] [243/326] PDRS
[12:49:51] [244/326] ANCV
[12:49:52] [245/326] CMVV
[12:49:53] [246/326] SHYP
[12:49:55] [247/326] DNCS
[12:49:56] 🔄 Identity reset
[12:49:56] 🔄 Identity rotated (every 10 requests)
[12:49:56] [248/326] GAJK
[12:49:57] [249/326] AKTN
[12:49:58] [250/326] KAYA
[12:49:59] [251/326] SBRC
[12:50:00] [252/326] CHTP
[12:50:01] [253/326] SHRT
[12:50:02] [254/326] BCKU
[12:50:04] [255/326] FCPS
[12:50:05] [256/326] ARDD
[12:50:06] [257/326] CPCM
[12:50:07] 🔄 Identity reset
[12:50:07] 🔄 Identity rotated (every 10 requests)
[12:50:07] [258/326] CGSM
[12:50:08] [259/326] PSMP
[12:50:09] [260/326] SDAL
[12:50:10] [261/326] RTNB
[12:50:11] [262/326] LMCR
[12:50:13] [263/326] CIMA
[12:50:14] [264/326] RNAS
[12:50:15] [265/326] LITH
[12:50:16] [266/326] PBOX
[12:50:16] [267/326] FRTS
[12:50:17] 🔄 Identity reset
[12:50:17] 🔄 Identity rotated (every 10 requests)
[12:50:17] 🔄 Retry 1/5 for FRTS in 2.2s
[12:50:17] 🔄 Identity reset
[12:50:19] 🧠 New identity created
[12:50:20] [268/326] RKIC
[12:50:21] [269/326] PTAI
[12:50:22] [270/326] GCIC
[12:50:23] [271/326] FNAS
[12:50:24] [272/326] SCAR
[12:50:25] [273/326] MTCA
[12:50:26] [274/326] SCTS
[12:50:28] [275/326] SYCS
[12:50:29] [276/326] RDMS
[12:50:29] 🔄 Identity reset
[12:50:29] 🔄 Identity rotated (every 10 requests)
[12:50:30] [277/326] KAMP
[12:50:31] [278/326] ERSD
[12:50:32] [279/326] MJMJ
[12:50:34] [280/326] SRCJ
[12:50:35] [281/326] SCXE
[12:50:36] [282/326] SVFR
[12:50:37] [283/326] BHCS
[12:50:37] [284/326] IMCC
[12:50:38] [285/326] PCBO
[12:50:39] [286/326] PRVN
[12:50:40] 🔄 Identity reset
[12:50:40] 🔄 Identity rotated (every 10 requests)
[12:50:40] [287/326] AUPM
[12:50:41] [288/326] INBW
[12:50:42] [289/326] SVCW
[12:50:43] [290/326] RKCF
[12:50:44] [291/326] UVBH
[12:50:45] [292/326] DNCY
[12:50:46] [293/326] ABCN
[12:50:47] [294/326] PRUR
[12:50:49] [295/326] PFMR
[12:50:50] [296/326] RKCN
[12:50:51] 🔄 Identity reset
[12:50:51] 🔄 Identity rotated (every 10 requests)
[12:50:51] [297/326] CFEA
[12:50:52] [298/326] SDBG
[12:50:53] [299/326] SNAR
[12:50:54] [300/326] YISI
[12:50:55] [301/326] JCFF
[12:50:56] [302/326] VTRK
[12:50:57] [303/326] PCLZ
[12:50:58] [304/326] DIMY
[12:50:59] [305/326] BBTS
[12:51:00] [306/326] GATH
[12:51:01] 🔄 Identity reset
[12:51:01] 🔄 Identity rotated (every 10 requests)
[12:51:01] [307/326] GTMN
[12:51:02] [308/326] VTMH
[12:51:03] [309/326] CCKP
[12:51:04] [310/326] GPKA
[12:51:05] [311/326] MHCL
[12:51:06] [312/326] ATCL
[12:51:07] [313/326] SBCK
[12:51:07] [314/326] AMMR
[12:51:08] [315/326] MADC
[12:51:09] [316/326] TMMA
[12:51:10] 🔄 Identity reset
[12:51:10] 🔄 Identity rotated (every 10 requests)
[12:51:10] [317/326] CACC
[12:51:11] [318/326] CHAL
[12:51:12] [319/326] DURG
[12:51:13] [320/326] GMKU
[12:51:14] [321/326] GECA
[12:51:15] [322/326] KYRR
[12:51:16] [323/326] KSDE
[12:51:17] [324/326] LMCI
[12:51:19] [325/326] NKCP
[12:51:19] [326/326] BGTC
[12:51:20] 🔄 Identity reset
[12:51:20] 🔄 Identity rotated (every 10 requests)
[12:51:21] 🧹 Deduping shows
[12:51:21] ✅ DONE | Shows=1991 | Movies=60
[19:42:04] 🚀 SCRIPT STARTED (enhanced anti‑detection)
[19:42:04] [1/326] BSAT
[19:42:05] 🧠 New identity created
[19:42:05] [2/326] RSSM
[19:42:06] [3/326] GCTA
[19:42:07] [4/326] TOPN
[19:42:08] [5/326] MCUS
[19:42:09] [6/326] SHRL
[19:42:10] [7/326] UPTP
[19:42:11] [8/326] TMMP
[19:42:12] [9/326] DNRP
[19:42:12] [10/326] SRLT
[19:42:13] 🔄 Identity reset
[19:42:13] 🔄 Identity rotated (every 10 requests)
[19:42:13] [11/326] RCNS
[19:42:14] [12/326] DCBH
[19:42:15] [13/326] NAGJ
[19:42:16] [14/326] JVRC
[19:42:17] [15/326] KRJG
[19:42:18] [16/326] SRTJ
[19:42:19] [17/326] CMXM
[19:42:19] [18/326] STMI
[19:42:20] [19/326] SLST
[19:42:21] [20/326] DTCN
[19:42:22] 🔄 Identity reset
[19:42:22] 🔄 Identity rotated (every 10 requests)
[19:42:22] [21/326] STYN
[19:42:23] [22/326] SZVR
[19:42:24] [23/326] SRKO
[19:42:25] [24/326] JTGT
[19:42:26] [25/326] SVFD
[19:42:27] [26/326] SISD
[19:42:27] [27/326] ABDD
[19:42:28] [28/326] DRCA
[19:42:29] [29/326] AVCS
[19:42:30] [30/326] MVKH
[19:42:31] 🔄 Identity reset
[19:42:31] 🔄 Identity rotated (every 10 requests)
[19:42:31] 🔄 Retry 1/5 for MVKH in 2.8s
[19:42:31] 🔄 Identity reset
[19:42:34] 🧠 New identity created
[19:42:34] 🔄 Retry 2/5 for MVKH in 4.4s
[19:42:34] 🔄 Identity reset
[19:42:38] 🧠 New identity created
[19:42:39] [31/326] ACPR
[19:42:39] [32/326] STIP
[19:42:40] [33/326] MTRA
[19:42:41] [34/326] RMKH
[19:42:42] [35/326] NKRL
[19:42:43] [36/326] PCWN
[19:42:44] [37/326] BLMT
[19:42:44] [38/326] GDPG
[19:42:45] 🔄 Identity reset
[19:42:45] 🔄 Identity rotated (every 10 requests)
[19:42:45] [39/326] SRMX
[19:42:47] [40/326] JACP
[19:42:48] [41/326] CPSH
[19:42:49] [42/326] MCCD
[19:42:51] [43/326] ECGH
[19:42:52] [44/326] MKCK
[19:42:52] [45/326] SRMM
[19:42:53] [46/326] SKYR
[19:42:54] [47/326] PCKC
[19:42:55] [48/326] JCMA
[19:42:56] 🔄 Identity reset
[19:42:56] 🔄 Identity rotated (every 10 requests)
[19:42:56] [49/326] BSMP
[19:42:57] [50/326] VSPA
[19:42:58] [51/326] DJYA
[19:42:59] [52/326] DIMP
[19:43:00] [53/326] FXDR
[19:43:02] [54/326] SSRC
[19:43:02] [55/326] STHP
[19:43:03] [56/326] CPPD
[19:43:04] [57/326] FCLK
[19:43:05] [58/326] SCPP
[19:43:06] 🔄 Identity reset
[19:43:06] 🔄 Identity rotated (every 10 requests)
[19:43:06] [59/326] DCMJ
[19:43:07] [60/326] RCCR
[19:43:08] [61/326] INMT
[19:43:09] [62/326] LXTK
[19:43:10] [63/326] SRYK
[19:43:11] [64/326] SGDK
[19:43:12] [65/326] PPKA
[19:43:14] [66/326] SPKA
[19:43:15] [67/326] CGHH
[19:43:16] [68/326] DCJN
[19:43:17] 🔄 Identity reset
[19:43:17] 🔄 Identity rotated (every 10 requests)
[19:43:17] [69/326] SRKV
[19:43:18] [70/326] SAJC
[19:43:19] [71/326] SUSR
[19:43:20] [72/326] STYG
[19:43:21] [73/326] NTKP
[19:43:22] [74/326] AKTG
[19:43:23] [75/326] CGCM
[19:43:24] [76/326] TULC
[19:43:25] [77/326] NYYZ
[19:43:26] [78/326] NYBW
[19:43:27] 🔄 Identity reset
[19:43:27] 🔄 Identity rotated (every 10 requests)
[19:43:27] 🔄 Retry 1/5 for NYBW in 2.3s
[19:43:27] 🔄 Identity reset
[19:43:29] 🧠 New identity created
[19:43:30] [79/326] MACB
[19:43:30] [80/326] SLVT
[19:43:31] [81/326] SANA
[19:43:32] [82/326] ACMR
[19:43:33] [83/326] CPKN
[19:43:34] [84/326] DLGK
[19:43:35] [85/326] CWCK
[19:43:36] [86/326] FDDH
[19:43:37] [87/326] MMMD
[19:43:37] 🔄 Identity reset
[19:43:37] 🔄 Identity rotated (every 10 requests)
[19:43:38] [88/326] CMEH
[19:43:39] [89/326] GGGV
[19:43:40] [90/326] SPJL
[19:43:41] [91/326] RCCD
[19:43:42] [92/326] STTZ
[19:43:43] [93/326] BTCF
[19:43:43] [94/326] TSTZ
[19:43:44] [95/326] IPMM
[19:43:45] [96/326] PMPW
[19:43:46] [97/326] PCMZ
[19:43:47] 🔄 Identity reset
[19:43:47] 🔄 Identity rotated (every 10 requests)
[19:43:47] [98/326] ESEM
[19:43:49] [99/326] PIPO
[19:43:50] [100/326] MATK
[19:43:51] [101/326] PGHM
[19:43:53] [102/326] CTSR
[19:43:54] [103/326] CYKR
[19:43:55] [104/326] MSCM
[19:43:56] [105/326] RFNP
[19:43:56] [106/326] PDCP
[19:43:57] [107/326] NPSE
[19:43:58] 🔄 Identity reset
[19:43:58] 🔄 Identity rotated (every 10 requests)
[19:43:58] [108/326] MKML
[19:43:59] [109/326] FTDP
[19:44:01] [110/326] MMXA
[19:44:02] [111/326] CEPO
[19:44:03] [112/326] CMVP
[19:44:04] [113/326] SGTH
[19:44:05] [114/326] SAYN
[19:44:06] [115/326] URVS
[19:44:07] [116/326] VJTN
[19:44:08] [117/326] BBYK
[19:44:08] 🔄 Identity reset
[19:44:08] 🔄 Identity rotated (every 10 requests)
[19:44:09] [118/326] SHBO
[19:44:09] [119/326] VCMR
[19:44:10] [120/326] MACT
[19:44:11] [121/326] JMNP
[19:44:13] [122/326] VICS
[19:44:14] [123/326] VCDA
[19:44:16] [124/326] GCMM
[19:44:16] [125/326] INVS
[19:44:17] [126/326] SCGM
[19:44:18] [127/326] PCDA
[19:44:19] 🔄 Identity reset
[19:44:19] 🔄 Identity rotated (every 10 requests)
[19:44:19] [128/326] KDCT
[19:44:20] [129/326] JACS
[19:44:21] [130/326] GMMC
[19:44:22] [131/326] AICM
[19:44:23] [132/326] TJCM
[19:44:24] [133/326] RMTI
[19:44:25] [134/326] SHAC
[19:44:26] [135/326] APJC
[19:44:26] [136/326] GCTG
[19:44:27] [137/326] SSMC
[19:44:28] 🔄 Identity reset
[19:44:28] 🔄 Identity rotated (every 10 requests)
[19:44:28] 🔄 Retry 1/5 for SSMC in 2.4s
[19:44:28] 🔄 Identity reset
[19:44:30] 🧠 New identity created
[19:44:31] [138/326] THRM
[19:44:32] [139/326] RBCT
[19:44:33] [140/326] DIKT
[19:44:33] [141/326] MIDL
[19:44:34] [142/326] VCSN
[19:44:35] [143/326] SKTG
[19:44:36] [144/326] SMWC
[19:44:37] [145/326] MNKH
[19:44:38] [146/326] PIAT
[19:44:39] 🔄 Identity reset
[19:44:39] 🔄 Identity rotated (every 10 requests)
[19:44:39] [147/326] LTTP
[19:44:40] [148/326] PTPU
[19:44:41] [149/326] ACMG
[19:44:42] [150/326] SHMM
[19:44:43] [151/326] MCMN
[19:44:45] [152/326] GLDC
[19:44:45] [153/326] HOUT
[19:44:46] [154/326] SVRP
[19:44:48] [155/326] PVDN
[19:44:49] [156/326] SCPY
[19:44:49] 🔄 Identity reset
[19:44:49] 🔄 Identity rotated (every 10 requests)
[19:44:50] [157/326] DTPY
[19:44:51] [158/326] GKCS
[19:44:52] [159/326] NCAM
[19:44:53] [160/326] BSRM
[19:44:54] [161/326] RCLC
[19:44:55] [162/326] SKKD
[19:44:56] [163/326] ACHU
[19:44:56] [164/326] RSCF
[19:44:57] [165/326] IMSH
[19:44:58] [166/326] MACX
[19:44:58] 🔄 Identity reset
[19:44:58] 🔄 Identity rotated (every 10 requests)
[19:44:59] [167/326] HMMW
[19:45:00] [168/326] JTCP
[19:45:01] [169/326] SREN
[19:45:02] [170/326] PJRR
[19:45:03] [171/326] INAC
[19:45:04] [172/326] BMCA
[19:45:05] [173/326] SHCB
[19:45:05] [174/326] GABA
[19:45:06] [175/326] SBCT
[19:45:07] [176/326] GCMA
[19:45:08] 🔄 Identity reset
[19:45:08] 🔄 Identity rotated (every 10 requests)
[19:45:08] 🔄 Retry 1/5 for GCMA in 3.0s
[19:45:08] 🔄 Identity reset
[19:45:11] 🧠 New identity created
[19:45:11] [177/326] MYTK
[19:45:12] [178/326] INZS
[19:45:13] [179/326] RMIK
[19:45:14] [180/326] NYCH
[19:45:15] [181/326] RAVE
[19:45:16] [182/326] PSXM
[19:45:17] [183/326] MCGP
[19:45:18] [184/326] PDDK
[19:45:18] [185/326] SPCK
[19:45:19] 🔄 Identity reset
[19:45:19] 🔄 Identity rotated (every 10 requests)
[19:45:19] [186/326] MCRL
[19:45:20] [187/326] MHKT
[19:45:21] [188/326] ANRR
[19:45:22] [189/326] SAPK
[19:45:23] [190/326] NCUK
[19:45:24] [191/326] JUGA
[19:45:24] [192/326] DBSC
[19:45:25] [193/326] LALK
[19:45:26] [194/326] GUCK
[19:45:27] [195/326] STSG
[19:45:28] 🔄 Identity reset
[19:45:28] 🔄 Identity rotated (every 10 requests)
[19:45:28] [196/326] PPPZ
[19:45:29] [197/326] CNCY
[19:45:30] [198/326] MTAR
[19:45:31] [199/326] VNKD
[19:45:32] [200/326] KMAJ
[19:45:33] [201/326] ACXK
[19:45:33] [202/326] UTKC
[19:45:34] [203/326] PBLK
[19:45:35] [204/326] ACBX
[19:45:36] [205/326] PTGM
[19:45:36] 🔄 Identity reset
[19:45:36] 🔄 Identity rotated (every 10 requests)
[19:45:36] 🔄 Retry 1/5 for PTGM in 2.9s
[19:45:36] 🔄 Identity reset
[19:45:39] 🧠 New identity created
[19:45:40] [206/326] BTDA
[19:45:41] [207/326] PJMB
[19:45:41] [208/326] TPDA
[19:45:42] [209/326] AMOE
[19:45:43] [210/326] PRHT
[19:45:44] [211/326] PRTA
[19:45:45] [212/326] STAM
[19:45:46] [213/326] MSAA
[19:45:47] [214/326] SDLU
[19:45:47] 🔄 Identity reset
[19:45:47] 🔄 Identity rotated (every 10 requests)
[19:45:47] [215/326] RCHH
[19:45:48] [216/326] KANT
[19:45:49] [217/326] FCRT
[19:45:50] [218/326] DNKM
[19:45:51] [219/326] RYCP
[19:45:52] [220/326] MYRP
[19:45:53] [221/326] PPAK
[19:45:54] [222/326] NVPK
[19:45:55] [223/326] PRMC
[19:45:57] [224/326] JBCS
[19:45:58] 🔄 Identity reset
[19:45:58] 🔄 Identity rotated (every 10 requests)
[19:45:59] [225/326] GXCK
[19:46:00] [226/326] USKO
[19:46:01] [227/326] GTEM
[19:46:02] [228/326] SMBU
[19:46:02] [229/326] VETC
[19:46:03] [230/326] LCDA
[19:46:04] [231/326] MTVT
[19:46:05] [232/326] PYCP
[19:46:06] [233/326] PNSC
[19:46:07] [234/326] PPCC
[19:46:07] 🔄 Identity reset
[19:46:07] 🔄 Identity rotated (every 10 requests)
[19:46:08] [235/326] TGRT
[19:46:08] [236/326] JYOT
[19:46:09] [237/326] SRCZ
[19:46:10] [238/326] SJTE
[19:46:11] [239/326] DESC
[19:46:12] [240/326] JHVN
[19:46:13] [241/326] IPSG
[19:46:14] [242/326] IPCM
[19:46:15] [243/326] PDRS
[19:46:16] [244/326] ANCV
[19:46:16] 🔄 Identity reset
[19:46:16] 🔄 Identity rotated (every 10 requests)
[19:46:17] [245/326] CMVV
[19:46:18] [246/326] SHYP
[19:46:19] [247/326] DNCS
[19:46:19] [248/326] GAJK
[19:46:20] [249/326] AKTN
[19:46:21] [250/326] KAYA
[19:46:22] [251/326] SBRC
[19:46:24] [252/326] CHTP
[19:46:25] [253/326] SHRT
[19:46:26] [254/326] BCKU
[19:46:26] 🔄 Identity reset
[19:46:26] 🔄 Identity rotated (every 10 requests)
[19:46:26] 🔄 Retry 1/5 for BCKU in 2.5s
[19:46:26] 🔄 Identity reset
[19:46:29] 🧠 New identity created
[19:46:29] [255/326] FCPS
[19:46:30] [256/326] ARDD
[19:46:31] [257/326] CPCM
[19:46:32] [258/326] CGSM
[19:46:33] [259/326] PSMP
[19:46:34] [260/326] SDAL
[19:46:35] [261/326] RTNB
[19:46:36] [262/326] LMCR
[19:46:36] [263/326] CIMA
[19:46:37] 🔄 Identity reset
[19:46:37] 🔄 Identity rotated (every 10 requests)
[19:46:37] [264/326] RNAS
[19:46:38] [265/326] LITH
[19:46:39] [266/326] PBOX
[19:46:40] [267/326] FRTS
[19:46:41] [268/326] RKIC
[19:46:42] [269/326] PTAI
[19:46:43] [270/326] GCIC
[19:46:44] [271/326] FNAS
[19:46:46] [272/326] SCAR
[19:46:47] [273/326] MTCA
[19:46:47] 🔄 Identity reset
[19:46:47] 🔄 Identity rotated (every 10 requests)
[19:46:47] [274/326] SCTS
[19:46:48] [275/326] SYCS
[19:46:49] [276/326] RDMS
[19:46:50] [277/326] KAMP
[19:46:51] [278/326] ERSD
[19:46:53] [279/326] MJMJ
[19:46:53] [280/326] SRCJ
[19:46:54] [281/326] SCXE
[19:46:55] [282/326] SVFR
[19:46:56] [283/326] BHCS
[19:46:57] 🔄 Identity reset
[19:46:57] 🔄 Identity rotated (every 10 requests)
[19:46:57] [284/326] IMCC
[19:46:58] [285/326] PCBO
[19:47:00] [286/326] PRVN
[19:47:01] [287/326] AUPM
[19:47:02] [288/326] INBW
[19:47:02] [289/326] SVCW
[19:47:03] [290/326] RKCF
[19:47:04] [291/326] UVBH
[19:47:05] [292/326] DNCY
[19:47:06] [293/326] ABCN
[19:47:06] 🔄 Identity reset
[19:47:06] 🔄 Identity rotated (every 10 requests)
[19:47:07] [294/326] PRUR
[19:47:08] [295/326] PFMR
[19:47:08] [296/326] RKCN
[19:47:09] [297/326] CFEA
[19:47:10] [298/326] SDBG
[19:47:11] [299/326] SNAR
[19:47:12] [300/326] YISI
[19:47:13] [301/326] JCFF
[19:47:14] [302/326] VTRK
[19:47:14] [303/326] PCLZ
[19:47:15] 🔄 Identity reset
[19:47:15] 🔄 Identity rotated (every 10 requests)
[19:47:15] [304/326] DIMY
[19:47:16] [305/326] BBTS
[19:47:17] [306/326] GATH
[19:47:18] [307/326] GTMN
[19:47:20] [308/326] VTMH
[19:47:20] [309/326] CCKP
[19:47:21] [310/326] GPKA
[19:47:22] [311/326] MHCL
[19:47:23] [312/326] ATCL
[19:47:24] [313/326] SBCK
[19:47:24] 🔄 Identity reset
[19:47:24] 🔄 Identity rotated (every 10 requests)
[19:47:25] [314/326] AMMR
[19:47:26] [315/326] MADC
[19:47:27] [316/326] TMMA
[19:47:28] [317/326] CACC
[19:47:29] [318/326] CHAL
[19:47:30] [319/326] DURG
[19:47:31] [320/326] GMKU
[19:47:32] [321/326] GECA
[19:47:33] [322/326] KYRR
[19:47:34] [323/326] KSDE
[19:47:35] 🔄 Identity reset
[19:47:35] 🔄 Identity rotated (every 10 requests)
[19:47:36] [324/326] LMCI
[19:47:36] [325/326] NKCP
[19:47:37] [326/326] BGTC
[19:47:38] 🧹 Deduping shows
[19:47:38] ✅ DONE | Shows=2129 | Movies=65
[00:20:42] 🚀 SCRIPT STARTED
[00:20:42] [1/326] BSAT
[00:20:42] 🧠 New identity created
[00:20:42] 🔄 Retry 1/5 for BSAT in 2.6s
[00:20:42] 🔄 Identity reset
[00:20:45] 🧠 New identity created
[00:20:46] [2/326] RSSM
[00:20:47] [3/326] GCTA
[00:20:47] [4/326] TOPN
[00:20:48] [5/326] MCUS
[00:20:50] [6/326] SHRL
[00:20:51] [7/326] UPTP
[00:20:52] [8/326] TMMP
[00:20:52] [9/326] DNRP
[00:20:52] 🔄 Identity reset
[00:20:52] 🔄 Identity rotated (every 10 requests)
[00:20:53] 🔄 Retry 1/5 for DNRP in 2.6s
[00:20:53] 🔄 Identity reset
[00:20:55] 🧠 New identity created
[00:20:56] [10/326] SRLT
[00:20:58] [11/326] RCNS
[00:20:59] [12/326] DCBH
[00:20:59] [13/326] NAGJ
[00:21:00] [14/326] JVRC
[00:21:01] [15/326] KRJG
[00:21:02] [16/326] SRTJ
[00:21:03] [17/326] CMXM
[00:21:04] [18/326] STMI
[00:21:04] 🔄 Identity reset
[00:21:04] 🔄 Identity rotated (every 10 requests)
[00:21:05] [19/326] SLST
[00:21:06] [20/326] DTCN
[00:21:07] [21/326] STYN
[00:21:08] [22/326] SZVR
[00:21:08] [23/326] SRKO
[00:21:09] [24/326] JTGT
[00:21:10] [25/326] SVFD
[00:21:11] [26/326] SISD
[00:21:12] [27/326] ABDD
[00:21:13] [28/326] DRCA
[00:21:13] 🔄 Identity reset
[00:21:13] 🔄 Identity rotated (every 10 requests)
[00:21:13] [29/326] AVCS
[00:21:14] [30/326] MVKH
[00:21:15] [31/326] ACPR
[00:21:17] [32/326] STIP
[00:21:18] [33/326] MTRA
[00:21:19] [34/326] RMKH
[00:21:20] [35/326] NKRL
[00:21:20] [36/326] PCWN
[00:21:21] [37/326] BLMT
[00:21:22] [38/326] GDPG
[00:21:22] 🔄 Identity reset
[00:21:22] 🔄 Identity rotated (every 10 requests)
[00:21:23] [39/326] SRMX
[00:21:25] [40/326] JACP
[00:21:26] [41/326] CPSH
[00:21:27] [42/326] MCCD
[00:21:27] [43/326] ECGH
[00:21:28] [44/326] MKCK
[00:21:29] [45/326] SRMM
[00:21:30] [46/326] SKYR
[00:21:31] [47/326] PCKC
[00:21:32] [48/326] JCMA
[00:21:32] 🔄 Identity reset
[00:21:32] 🔄 Identity rotated (every 10 requests)
[00:21:33] [49/326] BSMP
[00:21:34] [50/326] VSPA
[00:21:35] [51/326] DJYA
[00:21:36] [52/326] DIMP
[00:21:37] [53/326] FXDR
[00:21:38] [54/326] SSRC
[00:21:39] [55/326] STHP
[00:21:40] [56/326] CPPD
[00:21:41] [57/326] FCLK
[00:21:41] [58/326] SCPP
[00:21:41] 🔄 Identity reset
[00:21:42] 🔄 Identity rotated (every 10 requests)
[00:21:43] [59/326] DCMJ
[00:21:44] [60/326] RCCR
[00:21:45] [61/326] INMT
[00:21:46] [62/326] LXTK
[00:21:47] [63/326] SRYK
[00:21:48] [64/326] SGDK
[00:21:48] [65/326] PPKA
[00:21:49] [66/326] SPKA
[00:21:50] [67/326] CGHH
[00:21:51] [68/326] DCJN
[00:21:51] 🔄 Identity reset
[00:21:51] 🔄 Identity rotated (every 10 requests)
[00:21:52] [69/326] SRKV
[00:21:53] [70/326] SAJC
[00:21:54] [71/326] SUSR
[00:21:55] [72/326] STYG
[00:21:55] [73/326] NTKP
[00:21:56] [74/326] AKTG
[00:21:57] [75/326] CGCM
[00:21:58] [76/326] TULC
[00:21:59] [77/326] NYYZ
[00:22:00] [78/326] NYBW
[00:22:00] 🔄 Identity reset
[00:22:00] 🔄 Identity rotated (every 10 requests)
[00:22:01] [79/326] MACB
[00:22:02] [80/326] SLVT
[00:22:03] [81/326] SANA
[00:22:04] [82/326] ACMR
[00:22:05] [83/326] CPKN
[00:22:06] [84/326] DLGK
[00:22:07] [85/326] CWCK
[00:22:09] [86/326] FDDH
[00:22:09] [87/326] MMMD
[00:22:10] [88/326] CMEH
[00:22:10] 🔄 Identity reset
[00:22:10] 🔄 Identity rotated (every 10 requests)
[00:22:11] [89/326] GGGV
[00:22:12] [90/326] SPJL
[00:22:13] [91/326] RCCD
[00:22:14] [92/326] STTZ
[00:22:16] [93/326] BTCF
[00:22:17] [94/326] TSTZ
[00:22:18] [95/326] IPMM
[00:22:19] [96/326] PMPW
[00:22:20] [97/326] PCMZ
[00:22:21] [98/326] ESEM
[00:22:21] 🔄 Identity reset
[00:22:21] 🔄 Identity rotated (every 10 requests)
[00:22:23] [99/326] PIPO
[00:22:24] [100/326] MATK
[00:22:25] [101/326] PGHM
[00:22:26] [102/326] CTSR
[00:22:27] [103/326] CYKR
[00:22:28] [104/326] MSCM
[00:22:28] [105/326] RFNP
[00:22:30] [106/326] PDCP
[00:22:31] [107/326] NPSE
[00:22:31] [108/326] MKML
[00:22:31] 🔄 Identity reset
[00:22:31] 🔄 Identity rotated (every 10 requests)
[00:22:31] 🔄 Retry 1/5 for MKML in 2.8s
[00:22:31] 🔄 Identity reset
[00:22:34] 🧠 New identity created
[00:22:35] [109/326] FTDP
[00:22:36] [110/326] MMXA
[00:22:37] [111/326] CEPO
[00:22:38] [112/326] CMVP
[00:22:39] [113/326] SGTH
[00:22:40] [114/326] SAYN
[00:22:41] [115/326] URVS
[00:22:41] [116/326] VJTN
[00:22:42] [117/326] BBYK
[00:22:42] 🔄 Identity reset
[00:22:42] 🔄 Identity rotated (every 10 requests)
[00:22:43] [118/326] SHBO
[00:22:44] [119/326] VCMR
[00:22:45] [120/326] MACT
[00:22:46] [121/326] JMNP
[00:22:48] [122/326] VICS
[00:22:49] [123/326] VCDA
[00:22:50] [124/326] GCMM
[00:22:51] [125/326] INVS
[00:22:52] [126/326] SCGM
[00:22:53] [127/326] PCDA
[00:22:53] 🔄 Identity reset
[00:22:53] 🔄 Identity rotated (every 10 requests)
[00:22:54] [128/326] KDCT
[00:22:54] [129/326] JACS
[00:22:55] [130/326] GMMC
[00:22:56] [131/326] AICM
[00:22:57] [132/326] TJCM
[00:22:58] [133/326] RMTI
[00:22:59] [134/326] SHAC
[00:23:00] [135/326] APJC
[00:23:01] [136/326] GCTG
[00:23:01] [137/326] SSMC
[00:23:01] 🔄 Identity reset
[00:23:01] 🔄 Identity rotated (every 10 requests)
[00:23:02] [138/326] THRM
[00:23:03] [139/326] RBCT
[00:23:04] [140/326] DIKT
[00:23:05] [141/326] MIDL
[00:23:06] [142/326] VCSN
[00:23:07] [143/326] SKTG
[00:23:08] [144/326] SMWC
[00:23:09] [145/326] MNKH
[00:23:10] [146/326] PIAT
[00:23:10] [147/326] LTTP
[00:23:10] 🔄 Identity reset
[00:23:10] 🔄 Identity rotated (every 10 requests)
[00:23:11] [148/326] PTPU
[00:23:12] [149/326] ACMG
[00:23:13] [150/326] SHMM
[00:23:14] [151/326] MCMN
[00:23:15] [152/326] GLDC
[00:23:16] [153/326] HOUT
[00:23:17] [154/326] SVRP
[00:23:18] [155/326] PVDN
[00:23:19] [156/326] SCPY
[00:23:20] [157/326] DTPY
[00:23:20] 🔄 Identity reset
[00:23:20] 🔄 Identity rotated (every 10 requests)
[00:23:21] [158/326] GKCS
[00:23:22] [159/326] NCAM
[00:23:23] [160/326] BSRM
[00:23:24] [161/326] RCLC
[00:23:25] [162/326] SKKD
[00:23:27] [163/326] ACHU
[00:23:28] [164/326] RSCF
[00:23:30] [165/326] IMSH
[00:23:32] [166/326] MACX
[00:23:33] [167/326] HMMW
[00:23:33] 🔄 Identity reset
[00:23:33] 🔄 Identity rotated (every 10 requests)
[00:23:34] [168/326] JTCP
[00:23:35] [169/326] SREN
[00:23:36] [170/326] PJRR
[00:23:37] [171/326] INAC
[00:23:38] [172/326] BMCA
[00:23:39] [173/326] SHCB
[00:23:40] [174/326] GABA
[00:23:41] [175/326] SBCT
[00:23:42] [176/326] GCMA
[00:23:43] [177/326] MYTK
[00:23:43] 🔄 Identity reset
[00:23:43] 🔄 Identity rotated (every 10 requests)
[00:23:44] [178/326] INZS
[00:23:45] [179/326] RMIK
[00:23:46] [180/326] NYCH
[00:23:47] [181/326] RAVE
[00:23:48] [182/326] PSXM
[00:23:49] [183/326] MCGP
[00:23:50] [184/326] PDDK
[00:23:51] [185/326] SPCK
[00:23:52] [186/326] MCRL
[00:23:53] [187/326] MHKT
[00:23:53] 🔄 Identity reset
[00:23:53] 🔄 Identity rotated (every 10 requests)
[00:23:54] [188/326] ANRR
[00:23:55] [189/326] SAPK
[00:23:56] [190/326] NCUK
[00:23:57] [191/326] JUGA
[00:23:58] [192/326] DBSC
[00:23:59] [193/326] LALK
[00:24:00] [194/326] GUCK
[00:24:01] [195/326] STSG
[00:24:02] [196/326] PPPZ
[00:24:03] [197/326] CNCY
[00:24:03] 🔄 Identity reset
[00:24:03] 🔄 Identity rotated (every 10 requests)
[00:24:04] [198/326] MTAR
[00:24:05] [199/326] VNKD
[00:24:05] [200/326] KMAJ
[00:24:06] [201/326] ACXK
[00:24:07] [202/326] UTKC
[00:24:08] [203/326] PBLK
[00:24:09] [204/326] ACBX
[00:24:10] [205/326] PTGM
[00:24:11] [206/326] BTDA
[00:24:11] [207/326] PJMB
[00:24:11] 🔄 Identity reset
[00:24:11] 🔄 Identity rotated (every 10 requests)
[00:24:12] [208/326] TPDA
[00:24:14] [209/326] AMOE
[00:24:15] [210/326] PRHT
[00:24:16] [211/326] PRTA
[00:24:17] [212/326] STAM
[00:24:17] [213/326] MSAA
[00:24:18] [214/326] SDLU
[00:24:19] [215/326] RCHH
[00:24:20] [216/326] KANT
[00:24:21] [217/326] FCRT
[00:24:21] 🔄 Identity reset
[00:24:21] 🔄 Identity rotated (every 10 requests)
[00:24:22] [218/326] DNKM
[00:24:23] [219/326] RYCP
[00:24:24] [220/326] MYRP
[00:24:25] [221/326] PPAK
[00:24:26] [222/326] NVPK
[00:24:27] [223/326] PRMC
[00:24:28] [224/326] JBCS
[00:24:29] [225/326] GXCK
[00:24:30] [226/326] USKO
[00:24:31] [227/326] GTEM
[00:24:31] 🔄 Identity reset
[00:24:31] 🔄 Identity rotated (every 10 requests)
[00:24:32] [228/326] SMBU
[00:24:33] [229/326] VETC
[00:24:34] [230/326] LCDA
[00:24:35] [231/326] MTVT
[00:24:35] [232/326] PYCP
[00:24:36] [233/326] PNSC
[00:24:37] [234/326] PPCC
[00:24:39] [235/326] TGRT
[00:24:40] [236/326] JYOT
[00:24:41] [237/326] SRCZ
[00:24:41] 🔄 Identity reset
[00:24:41] 🔄 Identity rotated (every 10 requests)
[00:24:42] [238/326] SJTE
[00:24:43] [239/326] DESC
[00:24:44] [240/326] JHVN
[00:24:45] [241/326] IPSG
[00:24:45] [242/326] IPCM
[00:24:46] [243/326] PDRS
[00:24:47] [244/326] ANCV
[00:24:48] [245/326] CMVV
[00:24:49] [246/326] SHYP
[00:24:50] [247/326] DNCS
[00:24:50] 🔄 Identity reset
[00:24:50] 🔄 Identity rotated (every 10 requests)
[00:24:51] [248/326] GAJK
[00:24:52] [249/326] AKTN
[00:24:53] [250/326] KAYA
[00:24:54] [251/326] SBRC
[00:24:54] [252/326] CHTP
[00:24:55] [253/326] SHRT
[00:24:57] [254/326] BCKU
[00:24:58] [255/326] FCPS
[00:24:59] [256/326] ARDD
[00:24:59] [257/326] CPCM
[00:24:59] 🔄 Identity reset
[00:24:59] 🔄 Identity rotated (every 10 requests)
[00:25:00] [258/326] CGSM
[00:25:01] [259/326] PSMP
[00:25:02] [260/326] SDAL
[00:25:03] [261/326] RTNB
[00:25:04] [262/326] LMCR
[00:25:05] [263/326] CIMA
[00:25:06] [264/326] RNAS
[00:25:08] [265/326] LITH
[00:25:09] [266/326] PBOX
[00:25:10] [267/326] FRTS
[00:25:10] 🔄 Identity reset
[00:25:10] 🔄 Identity rotated (every 10 requests)
[00:25:10] [268/326] RKIC
[00:25:11] [269/326] PTAI
[00:25:12] [270/326] GCIC
[00:25:13] [271/326] FNAS
[00:25:14] [272/326] SCAR
[00:25:15] [273/326] MTCA
[00:25:16] [274/326] SCTS
[00:25:17] [275/326] SYCS
[00:25:18] [276/326] RDMS
[00:25:19] [277/326] KAMP
[00:25:19] 🔄 Identity reset
[00:25:19] 🔄 Identity rotated (every 10 requests)
[00:25:20] [278/326] ERSD
[00:25:21] [279/326] MJMJ
[00:25:22] [280/326] SRCJ
[00:25:23] [281/326] SCXE
[00:25:24] [282/326] SVFR
[00:25:25] [283/326] BHCS
[00:25:26] [284/326] IMCC
[00:25:26] [285/326] PCBO
[00:25:27] [286/326] PRVN
[00:25:28] [287/326] AUPM
[00:25:28] 🔄 Identity reset
[00:25:28] 🔄 Identity rotated (every 10 requests)
[00:25:29] [288/326] INBW
[00:25:30] [289/326] SVCW
[00:25:31] [290/326] RKCF
[00:25:32] [291/326] UVBH
[00:25:33] [292/326] DNCY
[00:25:34] [293/326] ABCN
[00:25:35] [294/326] PRUR
[00:25:36] [295/326] PFMR
[00:25:37] [296/326] RKCN
[00:25:38] [297/326] CFEA
[00:25:38] 🔄 Identity reset
[00:25:38] 🔄 Identity rotated (every 10 requests)
[00:25:39] [298/326] SDBG
[00:25:40] [299/326] SNAR
[00:25:41] [300/326] YISI
[00:25:42] [301/326] JCFF
[00:25:43] [302/326] VTRK
[00:25:44] [303/326] PCLZ
[00:25:45] [304/326] DIMY
[00:25:46] [305/326] BBTS
[00:25:47] [306/326] GATH
[00:25:47] [307/326] GTMN
[00:25:47] 🔄 Identity reset
[00:25:47] 🔄 Identity rotated (every 10 requests)
[00:25:49] [308/326] VTMH
[00:25:50] [309/326] CCKP
[00:25:51] [310/326] GPKA
[00:25:52] [311/326] MHCL
[00:25:53] [312/326] ATCL
[00:25:53] [313/326] SBCK
[00:25:54] [314/326] AMMR
[00:25:55] [315/326] MADC
[00:25:56] [316/326] TMMA
[00:25:57] [317/326] CACC
[00:25:57] 🔄 Identity reset
[00:25:57] 🔄 Identity rotated (every 10 requests)
[00:25:58] [318/326] CHAL
[00:25:59] [319/326] DURG
[00:26:00] [320/326] GMKU
[00:26:00] [321/326] GECA
[00:26:01] [322/326] KYRR
[00:26:02] [323/326] KSDE
[00:26:03] [324/326] LMCI
[00:26:05] [325/326] NKCP
[00:26:06] [326/326] BGTC
[00:26:06] 🧹 Deduping shows
[00:26:06] ✅ DONE | Shows=2162 | Movies=66
[10:31:22] 🚀 SCRIPT STARTED
[10:31:22] [1/326] BSAT
[10:31:22] 🧠 New identity created
[10:31:23] [2/326] RSSM
[10:31:24] [3/326] GCTA
[10:31:25] [4/326] TOPN
[10:31:26] [5/326] MCUS
[10:31:28] [6/326] SHRL
[10:31:29] [7/326] UPTP
[10:31:30] [8/326] TMMP
[10:31:31] [9/326] DNRP
[10:31:32] [10/326] SRLT
[10:31:32] 🔄 Identity reset
[10:31:32] 🔄 Identity rotated (every 10 requests)
[10:31:33] [11/326] RCNS
[10:31:34] [12/326] DCBH
[10:31:36] [13/326] NAGJ
[10:31:37] [14/326] JVRC
[10:31:38] [15/326] KRJG
[10:31:38] [16/326] SRTJ
[10:31:39] [17/326] CMXM
[10:31:41] [18/326] STMI
[10:31:41] [19/326] SLST
[10:31:42] [20/326] DTCN
[10:31:42] 🔄 Identity reset
[10:31:42] 🔄 Identity rotated (every 10 requests)
[10:31:43] [21/326] STYN
[10:31:44] [22/326] SZVR
[10:31:45] [23/326] SRKO
[10:31:46] [24/326] JTGT
[10:31:47] [25/326] SVFD
[10:31:48] [26/326] SISD
[10:31:49] [27/326] ABDD
[10:31:50] [28/326] DRCA
[10:31:51] [29/326] AVCS
[10:31:52] [30/326] MVKH
[10:31:52] 🔄 Identity reset
[10:31:52] 🔄 Identity rotated (every 10 requests)
[10:31:53] [31/326] ACPR
[10:31:54] [32/326] STIP
[10:31:54] [33/326] MTRA
[10:31:56] [34/326] RMKH
[10:31:57] [35/326] NKRL
[10:31:58] [36/326] PCWN
[10:31:59] [37/326] BLMT
[10:32:01] [38/326] GDPG
[10:32:02] [39/326] SRMX
[10:32:03] [40/326] JACP
[10:32:03] 🔄 Identity reset
[10:32:03] 🔄 Identity rotated (every 10 requests)
[10:32:04] [41/326] CPSH
[10:32:05] [42/326] MCCD
[10:32:06] [43/326] ECGH
[10:32:06] [44/326] MKCK
[10:32:07] [45/326] SRMM
[10:32:08] [46/326] SKYR
[10:32:09] [47/326] PCKC
[10:32:11] [48/326] JCMA
[10:32:12] [49/326] BSMP
[10:32:13] [50/326] VSPA
[10:32:13] 🔄 Identity reset
[10:32:13] 🔄 Identity rotated (every 10 requests)
[10:32:14] [51/326] DJYA
[10:32:15] [52/326] DIMP
[10:32:16] [53/326] FXDR
[10:32:17] [54/326] SSRC
[10:32:18] [55/326] STHP
[10:32:19] [56/326] CPPD
[10:32:20] [57/326] FCLK
[10:32:21] [58/326] SCPP
[10:32:21] [59/326] DCMJ
[10:32:23] [60/326] RCCR
[10:32:23] 🔄 Identity reset
[10:32:23] 🔄 Identity rotated (every 10 requests)
[10:32:25] [61/326] INMT
[10:32:25] [62/326] LXTK
[10:32:26] [63/326] SRYK
[10:32:27] [64/326] SGDK
[10:32:28] [65/326] PPKA
[10:32:29] [66/326] SPKA
[10:32:30] [67/326] CGHH
[10:32:31] [68/326] DCJN
[10:32:32] [69/326] SRKV
[10:32:33] [70/326] SAJC
[10:32:33] 🔄 Identity reset
[10:32:33] 🔄 Identity rotated (every 10 requests)
[10:32:34] [71/326] SUSR
[10:32:35] [72/326] STYG
[10:32:36] [73/326] NTKP
[10:32:37] [74/326] AKTG
[10:32:38] [75/326] CGCM
[10:32:40] [76/326] TULC
[10:32:41] [77/326] NYYZ
[10:32:42] [78/326] NYBW
[10:32:43] [79/326] MACB
[10:32:44] [80/326] SLVT
[10:32:44] 🔄 Identity reset
[10:32:44] 🔄 Identity rotated (every 10 requests)
[10:32:44] 🔄 Retry 1/5 for SLVT in 2.6s
[10:32:44] 🔄 Identity reset
[10:32:46] 🧠 New identity created
[10:32:46] 🔄 Retry 2/5 for SLVT in 4.5s
[10:32:46] 🔄 Identity reset
[10:32:51] 🧠 New identity created
[10:32:52] [81/326] SANA
[10:32:53] [82/326] ACMR
[10:32:55] [83/326] CPKN
[10:32:55] [84/326] DLGK
[10:32:56] [85/326] CWCK
[10:32:58] [86/326] FDDH
[10:32:59] [87/326] MMMD
[10:33:00] [88/326] CMEH
[10:33:00] 🔄 Identity reset
[10:33:00] 🔄 Identity rotated (every 10 requests)
[10:33:01] [89/326] GGGV
[10:33:02] [90/326] SPJL
[10:33:03] [91/326] RCCD
[10:33:04] [92/326] STTZ
[10:33:05] [93/326] BTCF
[10:33:06] [94/326] TSTZ
[10:33:07] [95/326] IPMM
[10:33:08] [96/326] PMPW
[10:33:10] [97/326] PCMZ
[10:33:11] [98/326] ESEM
[10:33:11] 🔄 Identity reset
[10:33:11] 🔄 Identity rotated (every 10 requests)
[10:33:12] [99/326] PIPO
[10:33:13] [100/326] MATK
[10:33:13] [101/326] PGHM
[10:33:14] [102/326] CTSR
[10:33:16] [103/326] CYKR
[10:33:17] [104/326] MSCM
[10:33:18] [105/326] RFNP
[10:33:18] [106/326] PDCP
[10:33:19] [107/326] NPSE
[10:33:20] [108/326] MKML
[10:33:20] 🔄 Identity reset
[10:33:20] 🔄 Identity rotated (every 10 requests)
[10:33:21] [109/326] FTDP
[10:33:22] [110/326] MMXA
[10:33:23] [111/326] CEPO
[10:33:24] [112/326] CMVP
[10:33:26] [113/326] SGTH
[10:33:27] [114/326] SAYN
[10:33:28] [115/326] URVS
[10:33:29] [116/326] VJTN
[10:33:29] [117/326] BBYK
[10:33:30] [118/326] SHBO
[10:33:30] 🔄 Identity reset
[10:33:30] 🔄 Identity rotated (every 10 requests)
[10:33:31] [119/326] VCMR
[10:33:32] [120/326] MACT
[10:33:33] [121/326] JMNP
[10:33:34] [122/326] VICS
[10:33:36] [123/326] VCDA
[10:33:37] [124/326] GCMM
[10:33:38] [125/326] INVS
[10:33:39] [126/326] SCGM
[10:33:40] [127/326] PCDA
[10:33:42] [128/326] KDCT
[10:33:42] 🔄 Identity reset
[10:33:42] 🔄 Identity rotated (every 10 requests)
[10:33:42] 🔄 Retry 1/5 for KDCT in 2.9s
[10:33:42] 🔄 Identity reset
[10:33:45] 🧠 New identity created
[10:33:46] [129/326] JACS
[10:33:47] [130/326] GMMC
[10:33:48] [131/326] AICM
[10:33:48] [132/326] TJCM
[10:33:49] [133/326] RMTI
[10:33:51] [134/326] SHAC
[10:33:52] [135/326] APJC
[10:33:53] [136/326] GCTG
[10:33:54] [137/326] SSMC
[10:33:54] 🔄 Identity reset
[10:33:54] 🔄 Identity rotated (every 10 requests)
[10:33:56] [138/326] THRM
[10:33:57] [139/326] RBCT
[10:33:58] [140/326] DIKT
[10:33:59] [141/326] MIDL
[10:34:00] [142/326] VCSN
[10:34:00] [143/326] SKTG
[10:34:02] [144/326] SMWC
[10:34:04] [145/326] MNKH
[10:34:05] [146/326] PIAT
[10:34:06] [147/326] LTTP
[10:34:06] 🔄 Identity reset
[10:34:06] 🔄 Identity rotated (every 10 requests)
[10:34:06] 🔄 Retry 1/5 for LTTP in 2.0s
[10:34:06] 🔄 Identity reset
[10:34:08] 🧠 New identity created
[10:34:08] 🔄 Retry 2/5 for LTTP in 4.1s
[10:34:08] 🔄 Identity reset
[10:34:12] 🧠 New identity created
[10:34:12] 🔄 Retry 3/5 for LTTP in 8.5s
[10:34:12] 🔄 Identity reset
[10:34:21] 🧠 New identity created
[10:34:22] [148/326] PTPU
[10:34:23] [149/326] ACMG
[10:34:24] [150/326] SHMM
[10:34:25] [151/326] MCMN
[10:34:26] [152/326] GLDC
[10:34:27] [153/326] HOUT
[10:34:28] [154/326] SVRP
[10:34:28] 🔄 Identity reset
[10:34:28] 🔄 Identity rotated (every 10 requests)
[10:34:29] [155/326] PVDN
[10:34:30] [156/326] SCPY
[10:34:31] [157/326] DTPY
[10:34:32] [158/326] GKCS
[10:34:33] [159/326] NCAM
[10:34:34] [160/326] BSRM
[10:34:35] [161/326] RCLC
[10:34:36] [162/326] SKKD
[10:34:37] [163/326] ACHU
[10:34:37] [164/326] RSCF
[10:34:37] 🔄 Identity reset
[10:34:38] 🔄 Identity rotated (every 10 requests)
[10:34:39] [165/326] IMSH
[10:34:39] [166/326] MACX
[10:34:40] [167/326] HMMW
[10:34:41] [168/326] JTCP
[10:34:42] [169/326] SREN
[10:34:43] [170/326] PJRR
[10:34:44] [171/326] INAC
[10:34:45] [172/326] BMCA
[10:34:46] [173/326] SHCB
[10:34:47] [174/326] GABA
[10:34:47] 🔄 Identity reset
[10:34:47] 🔄 Identity rotated (every 10 requests)
[10:34:48] [175/326] SBCT
[10:34:50] [176/326] GCMA
[10:34:50] [177/326] MYTK
[10:34:51] [178/326] INZS
[10:34:52] [179/326] RMIK
[10:34:53] [180/326] NYCH
[10:34:54] [181/326] RAVE
[10:34:55] [182/326] PSXM
[10:34:56] [183/326] MCGP
[10:34:57] [184/326] PDDK
[10:34:57] 🔄 Identity reset
[10:34:57] 🔄 Identity rotated (every 10 requests)
[10:34:58] [185/326] SPCK
[10:34:59] [186/326] MCRL
[10:35:00] [187/326] MHKT
[10:35:01] [188/326] ANRR
[10:35:02] [189/326] SAPK
[10:35:03] [190/326] NCUK
[10:35:04] [191/326] JUGA
[10:35:05] [192/326] DBSC
[10:35:06] [193/326] LALK
[10:35:07] [194/326] GUCK
[10:35:07] 🔄 Identity reset
[10:35:07] 🔄 Identity rotated (every 10 requests)
[10:35:08] [195/326] STSG
[10:35:09] [196/326] PPPZ
[10:35:10] [197/326] CNCY
[10:35:11] [198/326] MTAR
[10:35:12] [199/326] VNKD
[10:35:12] [200/326] KMAJ
[10:35:13] [201/326] ACXK
[10:35:14] [202/326] UTKC
[10:35:15] [203/326] PBLK
[10:35:16] [204/326] ACBX
[10:35:16] 🔄 Identity reset
[10:35:16] 🔄 Identity rotated (every 10 requests)
[10:35:17] [205/326] PTGM
[10:35:18] [206/326] BTDA
[10:35:19] [207/326] PJMB
[10:35:20] [208/326] TPDA
[10:35:21] [209/326] AMOE
[10:35:22] [210/326] PRHT
[10:35:23] [211/326] PRTA
[10:35:24] [212/326] STAM
[10:35:25] [213/326] MSAA
[10:35:25] [214/326] SDLU
[10:35:25] 🔄 Identity reset
[10:35:25] 🔄 Identity rotated (every 10 requests)
[10:35:26] [215/326] RCHH
[10:35:27] [216/326] KANT
[10:35:28] [217/326] FCRT
[10:35:29] [218/326] DNKM
[10:35:30] [219/326] RYCP
[10:35:31] [220/326] MYRP
[10:35:32] [221/326] PPAK
[10:35:33] [222/326] NVPK
[10:35:34] [223/326] PRMC
[10:35:34] [224/326] JBCS
[10:35:34] 🔄 Identity reset
[10:35:34] 🔄 Identity rotated (every 10 requests)
[10:35:35] [225/326] GXCK
[10:35:36] [226/326] USKO
[10:35:37] [227/326] GTEM
[10:35:39] [228/326] SMBU
[10:35:41] [229/326] VETC
[10:35:42] [230/326] LCDA
[10:35:44] [231/326] MTVT
[10:35:45] [232/326] PYCP
[10:35:46] [233/326] PNSC
[10:35:46] [234/326] PPCC
[10:35:46] 🔄 Identity reset
[10:35:46] 🔄 Identity rotated (every 10 requests)
[10:35:47] [235/326] TGRT
[10:35:48] [236/326] JYOT
[10:35:49] [237/326] SRCZ
[10:35:50] [238/326] SJTE
[10:35:51] [239/326] DESC
[10:35:52] [240/326] JHVN
[10:35:53] [241/326] IPSG
[10:35:54] [242/326] IPCM
[10:35:55] [243/326] PDRS
[10:35:56] [244/326] ANCV
[10:35:56] 🔄 Identity reset
[10:35:56] 🔄 Identity rotated (every 10 requests)
[10:35:57] [245/326] CMVV
[10:35:58] [246/326] SHYP
[10:35:59] [247/326] DNCS
[10:36:01] [248/326] GAJK
[10:36:03] [249/326] AKTN
[10:36:04] [250/326] KAYA
[10:36:05] [251/326] SBRC
[10:36:06] [252/326] CHTP
[10:36:07] [253/326] SHRT
[10:36:07] [254/326] BCKU
[10:36:07] 🔄 Identity reset
[10:36:07] 🔄 Identity rotated (every 10 requests)
[10:36:08] [255/326] FCPS
[10:36:10] [256/326] ARDD
[10:36:10] [257/326] CPCM
[10:36:11] [258/326] CGSM
[10:36:12] [259/326] PSMP
[10:36:14] [260/326] SDAL
[10:36:15] [261/326] RTNB
[10:36:17] [262/326] LMCR
[10:36:18] [263/326] CIMA
[10:36:19] [264/326] RNAS
[10:36:19] 🔄 Identity reset
[10:36:19] 🔄 Identity rotated (every 10 requests)
[10:36:20] [265/326] LITH
[10:36:21] [266/326] PBOX
[10:36:22] [267/326] FRTS
[10:36:23] [268/326] RKIC
[10:36:24] [269/326] PTAI
[10:36:25] [270/326] GCIC
[10:36:25] [271/326] FNAS
[10:36:26] [272/326] SCAR
[10:36:27] [273/326] MTCA
[10:36:28] [274/326] SCTS
[10:36:28] 🔄 Identity reset
[10:36:28] 🔄 Identity rotated (every 10 requests)
[10:36:28] 🔄 Retry 1/5 for SCTS in 2.3s
[10:36:28] 🔄 Identity reset
[10:36:31] 🧠 New identity created
[10:36:31] 🔄 Retry 2/5 for SCTS in 4.3s
[10:36:31] 🔄 Identity reset
[10:36:35] 🧠 New identity created
[10:36:36] [275/326] SYCS
[10:36:37] [276/326] RDMS
[10:36:38] [277/326] KAMP
[10:36:39] [278/326] ERSD
[10:36:40] [279/326] MJMJ
[10:36:41] [280/326] SRCJ
[10:36:42] [281/326] SCXE
[10:36:43] [282/326] SVFR
[10:36:43] 🔄 Identity reset
[10:36:43] 🔄 Identity rotated (every 10 requests)
[10:36:44] [283/326] BHCS
[10:36:45] [284/326] IMCC
[10:36:47] [285/326] PCBO
[10:36:48] [286/326] PRVN
[10:36:49] [287/326] AUPM
[10:36:50] [288/326] INBW
[10:36:51] [289/326] SVCW
[10:36:52] [290/326] RKCF
[10:36:53] [291/326] UVBH
[10:36:53] [292/326] DNCY
[10:36:53] 🔄 Identity reset
[10:36:54] 🔄 Identity rotated (every 10 requests)
[10:36:55] [293/326] ABCN
[10:36:56] [294/326] PRUR
[10:36:57] [295/326] PFMR
[10:36:58] [296/326] RKCN
[10:36:59] [297/326] CFEA
[10:37:00] [298/326] SDBG
[10:37:02] [299/326] SNAR
[10:37:02] [300/326] YISI
[10:37:03] [301/326] JCFF
[10:37:04] [302/326] VTRK
[10:37:04] 🔄 Identity reset
[10:37:04] 🔄 Identity rotated (every 10 requests)
[10:37:05] [303/326] PCLZ
[10:37:07] [304/326] DIMY
[10:37:08] [305/326] BBTS
[10:37:09] [306/326] GATH
[10:37:10] [307/326] GTMN
[10:37:10] [308/326] VTMH
[10:37:12] [309/326] CCKP
[10:37:13] [310/326] GPKA
[10:37:14] [311/326] MHCL
[10:37:15] [312/326] ATCL
[10:37:15] 🔄 Identity reset
[10:37:15] 🔄 Identity rotated (every 10 requests)
[10:37:16] [313/326] SBCK
[10:37:17] [314/326] AMMR
[10:37:18] [315/326] MADC
[10:37:19] [316/326] TMMA
[10:37:20] [317/326] CACC
[10:37:20] [318/326] CHAL
[10:37:22] [319/326] DURG
[10:37:23] [320/326] GMKU
[10:37:24] [321/326] GECA
[10:37:25] [322/326] KYRR
[10:37:25] 🔄 Identity reset
[10:37:25] 🔄 Identity rotated (every 10 requests)
[10:37:26] [323/326] KSDE
[10:37:27] [324/326] LMCI
[10:37:28] [325/326] NKCP
[10:37:29] [326/326] BGTC
[10:37:30] 🧹 Deduping shows
[10:37:30] ✅ DONE | Shows=2199 | Movies=68
[17:06:00] 🚀 SCRIPT STARTED
[17:06:00] [1/326] BSAT
[17:06:00] 🧠 New identity created
[17:06:01] [2/326] RSSM
[17:06:02] [3/326] GCTA
[17:06:04] [4/326] TOPN
[17:06:05] [5/326] MCUS
[17:06:06] [6/326] SHRL
[17:06:07] [7/326] UPTP
[17:06:08] [8/326] TMMP
[17:06:09] [9/326] DNRP
[17:06:10] [10/326] SRLT
[17:06:10] 🔄 Identity reset
[17:06:10] 🔄 Identity rotated (every 10 requests)
[17:06:11] [11/326] RCNS
[17:06:11] [12/326] DCBH
[17:06:12] [13/326] NAGJ
[17:06:13] [14/326] JVRC
[17:06:14] [15/326] KRJG
[17:06:15] [16/326] SRTJ
[17:06:16] [17/326] CMXM
[17:06:17] [18/326] STMI
[17:06:18] [19/326] SLST
[17:06:18] [20/326] DTCN
[17:06:18] 🔄 Identity reset
[17:06:18] 🔄 Identity rotated (every 10 requests)
[17:06:20] [21/326] STYN
[17:06:21] [22/326] SZVR
[17:06:22] [23/326] SRKO
[17:06:22] [24/326] JTGT
[17:06:23] [25/326] SVFD
[17:06:24] [26/326] SISD
[17:06:25] [27/326] ABDD
[17:06:26] [28/326] DRCA
[17:06:27] [29/326] AVCS
[17:06:28] [30/326] MVKH
[17:06:28] 🔄 Identity reset
[17:06:28] 🔄 Identity rotated (every 10 requests)
[17:06:29] [31/326] ACPR
[17:06:30] [32/326] STIP
[17:06:31] [33/326] MTRA
[17:06:32] [34/326] RMKH
[17:06:32] [35/326] NKRL
[17:06:33] [36/326] PCWN
[17:06:34] [37/326] BLMT
[17:06:35] [38/326] GDPG
[17:06:36] [39/326] SRMX
[17:06:38] [40/326] JACP
[17:06:38] 🔄 Identity reset
[17:06:38] 🔄 Identity rotated (every 10 requests)
[17:06:39] [41/326] CPSH
[17:06:40] [42/326] MCCD
[17:06:41] [43/326] ECGH
[17:06:41] [44/326] MKCK
[17:06:43] [45/326] SRMM
[17:06:43] [46/326] SKYR
[17:06:44] [47/326] PCKC
[17:06:45] [48/326] JCMA
[17:06:46] [49/326] BSMP
[17:06:47] [50/326] VSPA
[17:06:47] 🔄 Identity reset
[17:06:47] 🔄 Identity rotated (every 10 requests)
[17:06:47] 🔄 Retry 1/5 for VSPA in 2.5s
[17:06:47] 🔄 Identity reset
[17:06:49] 🧠 New identity created
[17:06:50] [51/326] DJYA
[17:06:51] [52/326] DIMP
[17:06:52] [53/326] FXDR
[17:06:53] [54/326] SSRC
[17:06:54] [55/326] STHP
[17:06:55] [56/326] CPPD
[17:06:56] [57/326] FCLK
[17:06:57] [58/326] SCPP
[17:06:58] [59/326] DCMJ
[17:06:58] 🔄 Identity reset
[17:06:58] 🔄 Identity rotated (every 10 requests)
[17:06:58] [60/326] RCCR
[17:07:00] [61/326] INMT
[17:07:01] [62/326] LXTK
[17:07:02] [63/326] SRYK
[17:07:03] [64/326] SGDK
[17:07:03] [65/326] PPKA
[17:07:04] [66/326] SPKA
[17:07:05] [67/326] CGHH
[17:07:06] [68/326] DCJN
[17:07:07] [69/326] SRKV
[17:07:07] 🔄 Identity reset
[17:07:07] 🔄 Identity rotated (every 10 requests)
[17:07:08] [70/326] SAJC
[17:07:09] [71/326] SUSR
[17:07:10] [72/326] STYG
[17:07:10] [73/326] NTKP
[17:07:11] [74/326] AKTG
[17:07:12] [75/326] CGCM
[17:07:13] [76/326] TULC
[17:07:14] [77/326] NYYZ
[17:07:15] [78/326] NYBW
[17:07:16] [79/326] MACB
[17:07:16] 🔄 Identity reset
[17:07:16] 🔄 Identity rotated (every 10 requests)
[17:07:16] 🔄 Retry 1/5 for MACB in 2.6s
[17:07:16] 🔄 Identity reset
[17:07:19] 🧠 New identity created
[17:07:19] 🔄 Retry 2/5 for MACB in 4.0s
[17:07:19] 🔄 Identity reset
[17:07:23] 🧠 New identity created
[17:07:23] 🔄 Retry 3/5 for MACB in 8.3s
[17:07:23] 🔄 Identity reset
[17:07:31] 🧠 New identity created
[17:07:32] [80/326] SLVT
[17:07:32] [81/326] SANA
[17:07:33] [82/326] ACMR
[17:07:34] [83/326] CPKN
[17:07:34] [84/326] DLGK
[17:07:35] [85/326] CWCK
[17:07:36] [86/326] FDDH
[17:07:36] 🔄 Identity reset
[17:07:36] 🔄 Identity rotated (every 10 requests)
[17:07:37] [87/326] MMMD
[17:07:38] [88/326] CMEH
[17:07:40] [89/326] GGGV
[17:07:41] [90/326] SPJL
[17:07:41] [91/326] RCCD
[17:07:42] [92/326] STTZ
[17:07:43] [93/326] BTCF
[17:07:44] [94/326] TSTZ
[17:07:45] [95/326] IPMM
[17:07:45] [96/326] PMPW
[17:07:45] 🔄 Identity reset
[17:07:45] 🔄 Identity rotated (every 10 requests)
[17:07:46] [97/326] PCMZ
[17:07:47] [98/326] ESEM
[17:07:48] [99/326] PIPO
[17:07:49] [100/326] MATK
[17:07:50] [101/326] PGHM
[17:07:51] [102/326] CTSR
[17:07:52] [103/326] CYKR
[17:07:53] [104/326] MSCM
[17:07:54] [105/326] RFNP
[17:07:55] [106/326] PDCP
[17:07:55] 🔄 Identity reset
[17:07:55] 🔄 Identity rotated (every 10 requests)
[17:07:55] 🔄 Retry 1/5 for PDCP in 2.3s
[17:07:55] 🔄 Identity reset
[17:07:58] 🧠 New identity created
[17:07:58] 🔄 Retry 2/5 for PDCP in 4.4s
[17:07:58] 🔄 Identity reset
[17:08:02] 🧠 New identity created
[17:08:02] 🔄 Retry 3/5 for PDCP in 8.9s
[17:08:02] 🔄 Identity reset
[17:08:11] 🧠 New identity created
[17:08:12] [107/326] NPSE
[17:08:14] [108/326] MKML
[17:08:15] [109/326] FTDP
[17:08:15] [110/326] MMXA
[17:08:16] [111/326] CEPO
[17:08:17] [112/326] CMVP
[17:08:18] [113/326] SGTH
[17:08:18] 🔄 Identity reset
[17:08:18] 🔄 Identity rotated (every 10 requests)
[17:08:19] [114/326] SAYN
[17:08:19] [115/326] URVS
[17:08:20] [116/326] VJTN
[17:08:21] [117/326] BBYK
[17:08:22] [118/326] SHBO
[17:08:23] [119/326] VCMR
[17:08:23] [120/326] MACT
[17:08:24] [121/326] JMNP
[17:08:25] [122/326] VICS
[17:08:26] [123/326] VCDA
[17:08:26] 🔄 Identity reset
[17:08:26] 🔄 Identity rotated (every 10 requests)
[17:08:27] [124/326] GCMM
[17:08:28] [125/326] INVS
[17:08:28] [126/326] SCGM
[17:08:29] [127/326] PCDA
[17:08:31] [128/326] KDCT
[17:08:32] [129/326] JACS
[17:08:33] [130/326] GMMC
[17:08:34] [131/326] AICM
[17:08:34] [132/326] TJCM
[17:08:35] [133/326] RMTI
[17:08:35] 🔄 Identity reset
[17:08:35] 🔄 Identity rotated (every 10 requests)
[17:08:36] [134/326] SHAC
[17:08:37] [135/326] APJC
[17:08:38] [136/326] GCTG
[17:08:39] [137/326] SSMC
[17:08:39] [138/326] THRM
[17:08:40] [139/326] RBCT
[17:08:41] [140/326] DIKT
[17:08:42] [141/326] MIDL
[17:08:43] [142/326] VCSN
[17:08:44] [143/326] SKTG
[17:08:44] 🔄 Identity reset
[17:08:44] 🔄 Identity rotated (every 10 requests)
[17:08:44] [144/326] SMWC
[17:08:45] [145/326] MNKH
[17:08:46] [146/326] PIAT
[17:08:47] [147/326] LTTP
[17:08:47] [148/326] PTPU
[17:08:48] [149/326] ACMG
[17:08:49] [150/326] SHMM
[17:08:50] [151/326] MCMN
[17:08:50] [152/326] GLDC
[17:08:51] [153/326] HOUT
[17:08:51] 🔄 Identity reset
[17:08:51] 🔄 Identity rotated (every 10 requests)
[17:08:51] 🔄 Retry 1/5 for HOUT in 2.5s
[17:08:51] 🔄 Identity reset
[17:08:54] 🧠 New identity created
[17:08:55] [154/326] SVRP
[17:08:56] [155/326] PVDN
[17:08:57] [156/326] SCPY
[17:08:58] [157/326] DTPY
[17:08:58] [158/326] GKCS
[17:08:59] [159/326] NCAM
[17:09:00] [160/326] BSRM
[17:09:01] [161/326] RCLC
[17:09:02] [162/326] SKKD
[17:09:02] 🔄 Identity reset
[17:09:02] 🔄 Identity rotated (every 10 requests)
[17:09:02] 🔄 Retry 1/5 for SKKD in 2.7s
[17:09:02] 🔄 Identity reset
[17:09:05] 🧠 New identity created
[17:09:06] [163/326] ACHU
[17:09:07] [164/326] RSCF
[17:09:07] [165/326] IMSH
[17:09:08] [166/326] MACX
[17:09:09] [167/326] HMMW
[17:09:10] [168/326] JTCP
[17:09:11] [169/326] SREN
[17:09:12] [170/326] PJRR
[17:09:13] [171/326] INAC
[17:09:13] 🔄 Identity reset
[17:09:13] 🔄 Identity rotated (every 10 requests)
[17:09:13] 🔄 Retry 1/5 for INAC in 2.3s
[17:09:13] 🔄 Identity reset
[17:09:16] 🧠 New identity created
[17:09:16] [172/326] BMCA
[17:09:17] [173/326] SHCB
[17:09:18] [174/326] GABA
[17:09:19] [175/326] SBCT
[17:09:19] [176/326] GCMA
[17:09:20] [177/326] MYTK
[17:09:21] [178/326] INZS
[17:09:22] [179/326] RMIK
[17:09:22] [180/326] NYCH
[17:09:22] 🔄 Identity reset
[17:09:22] 🔄 Identity rotated (every 10 requests)
[17:09:23] [181/326] RAVE
[17:09:25] [182/326] PSXM
[17:09:26] [183/326] MCGP
[17:09:27] [184/326] PDDK
[17:09:28] [185/326] SPCK
[17:09:29] [186/326] MCRL
[17:09:30] [187/326] MHKT
[17:09:30] [188/326] ANRR
[17:09:31] [189/326] SAPK
[17:09:32] [190/326] NCUK
[17:09:32] 🔄 Identity reset
[17:09:32] 🔄 Identity rotated (every 10 requests)
[17:09:33] [191/326] JUGA
[17:09:33] [192/326] DBSC
[17:09:34] [193/326] LALK
[17:09:35] [194/326] GUCK
[17:09:36] [195/326] STSG
[17:09:37] [196/326] PPPZ
[17:09:37] [197/326] CNCY
[17:09:38] [198/326] MTAR
[17:09:39] [199/326] VNKD
[17:09:40] [200/326] KMAJ
[17:09:40] 🔄 Identity reset
[17:09:40] 🔄 Identity rotated (every 10 requests)
[17:09:41] [201/326] ACXK
[17:09:42] [202/326] UTKC
[17:09:42] [203/326] PBLK
[17:09:43] [204/326] ACBX
[17:09:44] [205/326] PTGM
[17:09:45] [206/326] BTDA
[17:09:46] [207/326] PJMB
[17:09:46] [208/326] TPDA
[17:09:47] [209/326] AMOE
[17:09:47] [210/326] PRHT
[17:09:47] 🔄 Identity reset
[17:09:47] 🔄 Identity rotated (every 10 requests)
[17:09:48] [211/326] PRTA
[17:09:49] [212/326] STAM
[17:09:50] [213/326] MSAA
[17:09:51] [214/326] SDLU
[17:09:52] [215/326] RCHH
[17:09:53] [216/326] KANT
[17:09:54] [217/326] FCRT
[17:09:55] [218/326] DNKM
[17:09:55] [219/326] RYCP
[17:09:56] [220/326] MYRP
[17:09:56] 🔄 Identity reset
[17:09:57] 🔄 Identity rotated (every 10 requests)
[17:09:57] 🔄 Retry 1/5 for MYRP in 2.9s
[17:09:57] 🔄 Identity reset
[17:09:59] 🧠 New identity created
[17:10:00] [221/326] PPAK
[17:10:02] [222/326] NVPK
[17:10:02] [223/326] PRMC
[17:10:03] [224/326] JBCS
[17:10:04] [225/326] GXCK
[17:10:05] [226/326] USKO
[17:10:05] [227/326] GTEM
[17:10:06] [228/326] SMBU
[17:10:08] [229/326] VETC
[17:10:08] 🔄 Identity reset
[17:10:08] 🔄 Identity rotated (every 10 requests)
[17:10:10] [230/326] LCDA
[17:10:10] [231/326] MTVT
[17:10:11] [232/326] PYCP
[17:10:11] [233/326] PNSC
[17:10:12] [234/326] PPCC
[17:10:13] [235/326] TGRT
[17:10:14] [236/326] JYOT
[17:10:15] [237/326] SRCZ
[17:10:16] [238/326] SJTE
[17:10:16] [239/326] DESC
[17:10:16] 🔄 Identity reset
[17:10:16] 🔄 Identity rotated (every 10 requests)
[17:10:17] [240/326] JHVN
[17:10:18] [241/326] IPSG
[17:10:19] [242/326] IPCM
[17:10:20] [243/326] PDRS
[17:10:21] [244/326] ANCV
[17:10:22] [245/326] CMVV
[17:10:22] [246/326] SHYP
[17:10:24] [247/326] DNCS
[17:10:24] [248/326] GAJK
[17:10:25] [249/326] AKTN
[17:10:25] 🔄 Identity reset
[17:10:25] 🔄 Identity rotated (every 10 requests)
[17:10:27] [250/326] KAYA
[17:10:27] [251/326] SBRC
[17:10:28] [252/326] CHTP
[17:10:29] [253/326] SHRT
[17:10:30] [254/326] BCKU
[17:10:31] [255/326] FCPS
[17:10:32] [256/326] ARDD
[17:10:33] [257/326] CPCM
[17:10:33] [258/326] CGSM
[17:10:34] [259/326] PSMP
[17:10:34] 🔄 Identity reset
[17:10:34] 🔄 Identity rotated (every 10 requests)
[17:10:35] [260/326] SDAL
[17:10:36] [261/326] RTNB
[17:10:36] [262/326] LMCR
[17:10:37] [263/326] CIMA
[17:10:38] [264/326] RNAS
[17:10:38] [265/326] LITH
[17:10:39] [266/326] PBOX
[17:10:40] [267/326] FRTS
[17:10:40] [268/326] RKIC
[17:10:41] [269/326] PTAI
[17:10:41] 🔄 Identity reset
[17:10:41] 🔄 Identity rotated (every 10 requests)
[17:10:41] 🔄 Retry 1/5 for PTAI in 2.4s
[17:10:41] 🔄 Identity reset
[17:10:44] 🧠 New identity created
[17:10:44] [270/326] GCIC
[17:10:45] [271/326] FNAS
[17:10:46] [272/326] SCAR
[17:10:47] [273/326] MTCA
[17:10:47] [274/326] SCTS
[17:10:48] [275/326] SYCS
[17:10:49] [276/326] RDMS
[17:10:50] [277/326] KAMP
[17:10:50] [278/326] ERSD
[17:10:50] 🔄 Identity reset
[17:10:50] 🔄 Identity rotated (every 10 requests)
[17:10:51] [279/326] MJMJ
[17:10:52] [280/326] SRCJ
[17:10:53] [281/326] SCXE
[17:10:54] [282/326] SVFR
[17:10:55] [283/326] BHCS
[17:10:56] [284/326] IMCC
[17:10:57] [285/326] PCBO
[17:10:58] [286/326] PRVN
[17:10:58] [287/326] AUPM
[17:10:59] [288/326] INBW
[17:10:59] 🔄 Identity reset
[17:10:59] 🔄 Identity rotated (every 10 requests)
[17:11:00] [289/326] SVCW
[17:11:01] [290/326] RKCF
[17:11:02] [291/326] UVBH
[17:11:03] [292/326] DNCY
[17:11:04] [293/326] ABCN
[17:11:05] [294/326] PRUR
[17:11:05] [295/326] PFMR
[17:11:06] [296/326] RKCN
[17:11:07] [297/326] CFEA
[17:11:08] [298/326] SDBG
[17:11:08] 🔄 Identity reset
[17:11:08] 🔄 Identity rotated (every 10 requests)
[17:11:09] [299/326] SNAR
[17:11:10] [300/326] YISI
[17:11:11] [301/326] JCFF
[17:11:12] [302/326] VTRK
[17:11:13] [303/326] PCLZ
[17:11:14] [304/326] DIMY
[17:11:15] [305/326] BBTS
[17:11:16] [306/326] GATH
[17:11:17] [307/326] GTMN
[17:11:18] [308/326] VTMH
[17:11:18] 🔄 Identity reset
[17:11:18] 🔄 Identity rotated (every 10 requests)
[17:11:19] [309/326] CCKP
[17:11:20] [310/326] GPKA
[17:11:20] [311/326] MHCL
[17:11:21] [312/326] ATCL
[17:11:22] [313/326] SBCK
[17:11:23] [314/326] AMMR
[17:11:24] [315/326] MADC
[17:11:25] [316/326] TMMA
[17:11:26] [317/326] CACC
[17:11:27] [318/326] CHAL
[17:11:27] 🔄 Identity reset
[17:11:27] 🔄 Identity rotated (every 10 requests)
[17:11:27] [319/326] DURG
[17:11:28] [320/326] GMKU
[17:11:29] [321/326] GECA
[17:11:29] [322/326] KYRR
[17:11:30] [323/326] KSDE
[17:11:31] [324/326] LMCI
[17:11:32] [325/326] NKCP
[17:11:32] [326/326] BGTC
[17:11:33] 🧹 Deduping shows
[17:11:33] ✅ DONE | Shows=2374 | Movies=68
[22:17:59] 🚀 SCRIPT STARTED
[22:17:59] [1/326] BSAT
[22:17:59] 🧠 New identity created
[22:18:00] [2/326] RSSM
[22:18:01] [3/326] GCTA
[22:18:02] [4/326] TOPN
[22:18:03] [5/326] MCUS
[22:18:03] [6/326] SHRL
[22:18:05] [7/326] UPTP
[22:18:06] [8/326] TMMP
[22:18:07] [9/326] DNRP
[22:18:08] [10/326] SRLT
[22:18:08] 🔄 Identity reset
[22:18:08] 🔄 Identity rotated (every 10 requests)
[22:18:09] [11/326] RCNS
[22:18:10] [12/326] DCBH
[22:18:12] [13/326] NAGJ
[22:18:13] [14/326] JVRC
[22:18:14] [15/326] KRJG
[22:18:15] [16/326] SRTJ
[22:18:16] [17/326] CMXM
[22:18:17] [18/326] STMI
[22:18:18] [19/326] SLST
[22:18:19] [20/326] DTCN
[22:18:19] 🔄 Identity reset
[22:18:19] 🔄 Identity rotated (every 10 requests)
[22:18:20] [21/326] STYN
[22:18:21] [22/326] SZVR
[22:18:22] [23/326] SRKO
[22:18:23] [24/326] JTGT
[22:18:24] [25/326] SVFD
[22:18:25] [26/326] SISD
[22:18:26] [27/326] ABDD
[22:18:27] [28/326] DRCA
[22:18:28] [29/326] AVCS
[22:18:29] [30/326] MVKH
[22:18:29] 🔄 Identity reset
[22:18:29] 🔄 Identity rotated (every 10 requests)
[22:18:30] [31/326] ACPR
[22:18:31] [32/326] STIP
[22:18:32] [33/326] MTRA
[22:18:33] [34/326] RMKH
[22:18:34] [35/326] NKRL
[22:18:35] [36/326] PCWN
[22:18:36] [37/326] BLMT
[22:18:37] [38/326] GDPG
[22:18:38] [39/326] SRMX
[22:18:39] [40/326] JACP
[22:18:39] 🔄 Identity reset
[22:18:39] 🔄 Identity rotated (every 10 requests)
[22:18:40] [41/326] CPSH
[22:18:41] [42/326] MCCD
[22:18:42] [43/326] ECGH
[22:18:43] [44/326] MKCK
[22:18:44] [45/326] SRMM
[22:18:45] [46/326] SKYR
[22:18:46] [47/326] PCKC
[22:18:47] [48/326] JCMA
[22:18:48] [49/326] BSMP
[22:18:49] [50/326] VSPA
[22:18:49] 🔄 Identity reset
[22:18:49] 🔄 Identity rotated (every 10 requests)
[22:18:51] [51/326] DJYA
[22:18:52] [52/326] DIMP
[22:18:53] [53/326] FXDR
[22:18:54] [54/326] SSRC
[22:18:55] [55/326] STHP
[22:18:56] [56/326] CPPD
[22:18:57] [57/326] FCLK
[22:18:58] [58/326] SCPP
[22:18:59] [59/326] DCMJ
[22:19:00] [60/326] RCCR
[22:19:00] 🔄 Identity reset
[22:19:00] 🔄 Identity rotated (every 10 requests)
[22:19:01] [61/326] INMT
[22:19:02] [62/326] LXTK
[22:19:03] [63/326] SRYK
[22:19:04] [64/326] SGDK
[22:19:05] [65/326] PPKA
[22:19:06] [66/326] SPKA
[22:19:07] [67/326] CGHH
[22:19:08] [68/326] DCJN
[22:19:08] [69/326] SRKV
[22:19:09] [70/326] SAJC
[22:19:09] 🔄 Identity reset
[22:19:09] 🔄 Identity rotated (every 10 requests)
[22:19:11] [71/326] SUSR
[22:19:12] [72/326] STYG
[22:19:13] [73/326] NTKP
[22:19:14] [74/326] AKTG
[22:19:15] [75/326] CGCM
[22:19:16] [76/326] TULC
[22:19:18] [77/326] NYYZ
[22:19:19] [78/326] NYBW
[22:19:19] [79/326] MACB
[22:19:20] [80/326] SLVT
[22:19:20] 🔄 Identity reset
[22:19:21] 🔄 Identity rotated (every 10 requests)
[22:19:21] [81/326] SANA
[22:19:22] [82/326] ACMR
[22:19:23] [83/326] CPKN
[22:19:24] [84/326] DLGK
[22:19:25] [85/326] CWCK
[22:19:26] [86/326] FDDH
[22:19:27] [87/326] MMMD
[22:19:28] [88/326] CMEH
[22:19:29] [89/326] GGGV
[22:19:30] [90/326] SPJL
[22:19:30] 🔄 Identity reset
[22:19:30] 🔄 Identity rotated (every 10 requests)
[22:19:32] [91/326] RCCD
[22:19:33] [92/326] STTZ
[22:19:34] [93/326] BTCF
[22:19:35] [94/326] TSTZ
[22:19:36] [95/326] IPMM
[22:19:37] [96/326] PMPW
[22:19:38] [97/326] PCMZ
[22:19:39] [98/326] ESEM
[22:19:39] [99/326] PIPO
[22:19:40] [100/326] MATK
[22:19:40] 🔄 Identity reset
[22:19:40] 🔄 Identity rotated (every 10 requests)
[22:19:41] [101/326] PGHM
[22:19:42] [102/326] CTSR
[22:19:43] [103/326] CYKR
[22:19:44] [104/326] MSCM
[22:19:45] [105/326] RFNP
[22:19:46] [106/326] PDCP
[22:19:47] [107/326] NPSE
[22:19:48] [108/326] MKML
[22:19:49] [109/326] FTDP
[22:19:50] [110/326] MMXA
[22:19:50] 🔄 Identity reset
[22:19:50] 🔄 Identity rotated (every 10 requests)
[22:19:50] 🔄 Retry 1/5 for MMXA in 3.0s
[22:19:50] 🔄 Identity reset
[22:19:53] 🧠 New identity created
[22:19:53] 🔄 Retry 2/5 for MMXA in 4.4s
[22:19:53] 🔄 Identity reset
[22:19:58] 🧠 New identity created
[22:19:59] [111/326] CEPO
[22:19:59] [112/326] CMVP
[22:20:01] [113/326] SGTH
[22:20:01] [114/326] SAYN
[22:20:02] [115/326] URVS
[22:20:03] [116/326] VJTN
[22:20:04] [117/326] BBYK
[22:20:05] [118/326] SHBO
[22:20:05] 🔄 Identity reset
[22:20:05] 🔄 Identity rotated (every 10 requests)
[22:20:06] [119/326] VCMR
[22:20:07] [120/326] MACT
[22:20:08] [121/326] JMNP
[22:20:09] [122/326] VICS
[22:20:10] [123/326] VCDA
[22:20:11] [124/326] GCMM
[22:20:12] [125/326] INVS
[22:20:13] [126/326] SCGM
[22:20:14] [127/326] PCDA
[22:20:15] [128/326] KDCT
[22:20:15] 🔄 Identity reset
[22:20:15] 🔄 Identity rotated (every 10 requests)
[22:20:16] 🔄 Retry 1/5 for KDCT in 2.3s
[22:20:16] 🔄 Identity reset
[22:20:18] 🧠 New identity created
[22:20:19] [129/326] JACS
[22:20:20] [130/326] GMMC
[22:20:21] [131/326] AICM
[22:20:22] [132/326] TJCM
[22:20:23] [133/326] RMTI
[22:20:24] [134/326] SHAC
[22:20:25] [135/326] APJC
[22:20:26] [136/326] GCTG
[22:20:26] [137/326] SSMC
[22:20:27] 🔄 Identity reset
[22:20:27] 🔄 Identity rotated (every 10 requests)
[22:20:28] [138/326] THRM
[22:20:29] [139/326] RBCT
[22:20:30] [140/326] DIKT
[22:20:31] [141/326] MIDL
[22:20:32] [142/326] VCSN
[22:20:33] [143/326] SKTG
[22:20:34] [144/326] SMWC
[22:20:35] [145/326] MNKH
[22:20:36] [146/326] PIAT
[22:20:38] [147/326] LTTP
[22:20:38] 🔄 Identity reset
[22:20:38] 🔄 Identity rotated (every 10 requests)
[22:20:38] [148/326] PTPU
[22:20:39] [149/326] ACMG
[22:20:40] [150/326] SHMM
[22:20:41] [151/326] MCMN
[22:20:43] [152/326] GLDC
[22:20:44] [153/326] HOUT
[22:20:44] [154/326] SVRP
[22:20:45] [155/326] PVDN
[22:20:47] [156/326] SCPY
[22:20:48] [157/326] DTPY
[22:20:48] 🔄 Identity reset
[22:20:48] 🔄 Identity rotated (every 10 requests)
[22:20:49] [158/326] GKCS
[22:20:50] [159/326] NCAM
[22:20:51] [160/326] BSRM
[22:20:52] [161/326] RCLC
[22:20:53] [162/326] SKKD
[22:20:54] [163/326] ACHU
[22:20:54] [164/326] RSCF
[22:20:55] [165/326] IMSH
[22:20:56] [166/326] MACX
[22:20:57] [167/326] HMMW
[22:20:57] 🔄 Identity reset
[22:20:57] 🔄 Identity rotated (every 10 requests)
[22:20:58] [168/326] JTCP
[22:20:59] [169/326] SREN
[22:21:00] [170/326] PJRR
[22:21:01] [171/326] INAC
[22:21:02] [172/326] BMCA
[22:21:03] [173/326] SHCB
[22:21:04] [174/326] GABA
[22:21:05] [175/326] SBCT
[22:21:06] [176/326] GCMA
[22:21:08] [177/326] MYTK
[22:21:08] 🔄 Identity reset
[22:21:08] 🔄 Identity rotated (every 10 requests)
[22:21:09] [178/326] INZS
[22:21:10] [179/326] RMIK
[22:21:11] [180/326] NYCH
[22:21:12] [181/326] RAVE
[22:21:13] [182/326] PSXM
[22:21:14] [183/326] MCGP
[22:21:16] [184/326] PDDK
[22:21:17] [185/326] SPCK
[22:21:17] [186/326] MCRL
[22:21:18] [187/326] MHKT
[22:21:18] 🔄 Identity reset
[22:21:18] 🔄 Identity rotated (every 10 requests)
[22:21:19] [188/326] ANRR
[22:21:20] [189/326] SAPK
[22:21:21] [190/326] NCUK
[22:21:22] [191/326] JUGA
[22:21:24] [192/326] DBSC
[22:21:25] [193/326] LALK
[22:21:26] [194/326] GUCK
[22:21:27] [195/326] STSG
[22:21:28] [196/326] PPPZ
[22:21:29] [197/326] CNCY
[22:21:29] 🔄 Identity reset
[22:21:29] 🔄 Identity rotated (every 10 requests)
[22:21:30] [198/326] MTAR
[22:21:31] [199/326] VNKD
[22:21:32] [200/326] KMAJ
[22:21:33] [201/326] ACXK
[22:21:34] [202/326] UTKC
[22:21:35] [203/326] PBLK
[22:21:36] [204/326] ACBX
[22:21:37] [205/326] PTGM
[22:21:38] [206/326] BTDA
[22:21:39] [207/326] PJMB
[22:21:39] 🔄 Identity reset
[22:21:39] 🔄 Identity rotated (every 10 requests)
[22:21:40] [208/326] TPDA
[22:21:41] [209/326] AMOE
[22:21:42] [210/326] PRHT
[22:21:43] [211/326] PRTA
[22:21:44] [212/326] STAM
[22:21:45] [213/326] MSAA
[22:21:45] [214/326] SDLU
[22:21:47] [215/326] RCHH
[22:21:47] [216/326] KANT
[22:21:48] [217/326] FCRT
[22:21:48] 🔄 Identity reset
[22:21:48] 🔄 Identity rotated (every 10 requests)
[22:21:49] [218/326] DNKM
[22:21:50] [219/326] RYCP
[22:21:51] [220/326] MYRP
[22:21:52] [221/326] PPAK
[22:21:53] [222/326] NVPK
[22:21:55] [223/326] PRMC
[22:21:55] [224/326] JBCS
[22:21:57] [225/326] GXCK
[22:21:58] [226/326] USKO
[22:21:59] [227/326] GTEM
[22:21:59] 🔄 Identity reset
[22:21:59] 🔄 Identity rotated (every 10 requests)
[22:22:00] [228/326] SMBU
[22:22:01] [229/326] VETC
[22:22:02] [230/326] LCDA
[22:22:04] [231/326] MTVT
[22:22:05] [232/326] PYCP
[22:22:06] [233/326] PNSC
[22:22:07] [234/326] PPCC
[22:22:08] [235/326] TGRT
[22:22:09] [236/326] JYOT
[22:22:10] [237/326] SRCZ
[22:22:10] 🔄 Identity reset
[22:22:10] 🔄 Identity rotated (every 10 requests)
[22:22:10] 🔄 Retry 1/5 for SRCZ in 2.6s
[22:22:10] 🔄 Identity reset
[22:22:12] 🧠 New identity created
[22:22:13] [238/326] SJTE
[22:22:14] [239/326] DESC
[22:22:15] [240/326] JHVN
[22:22:16] [241/326] IPSG
[22:22:17] [242/326] IPCM
[22:22:18] [243/326] PDRS
[22:22:19] [244/326] ANCV
[22:22:20] [245/326] CMVV
[22:22:21] [246/326] SHYP
[22:22:21] 🔄 Identity reset
[22:22:21] 🔄 Identity rotated (every 10 requests)
[22:22:22] [247/326] DNCS
[22:22:23] [248/326] GAJK
[22:22:24] [249/326] AKTN
[22:22:24] [250/326] KAYA
[22:22:25] [251/326] SBRC
[22:22:26] [252/326] CHTP
[22:22:27] [253/326] SHRT
[22:22:28] [254/326] BCKU
[22:22:29] [255/326] FCPS
[22:22:30] [256/326] ARDD
[22:22:30] 🔄 Identity reset
[22:22:30] 🔄 Identity rotated (every 10 requests)
[22:22:31] [257/326] CPCM
[22:22:32] [258/326] CGSM
[22:22:34] [259/326] PSMP
[22:22:35] [260/326] SDAL
[22:22:35] [261/326] RTNB
[22:22:36] [262/326] LMCR
[22:22:38] [263/326] CIMA
[22:22:38] [264/326] RNAS
[22:22:39] [265/326] LITH
[22:22:40] [266/326] PBOX
[22:22:40] 🔄 Identity reset
[22:22:40] 🔄 Identity rotated (every 10 requests)
[22:22:41] [267/326] FRTS
[22:22:42] [268/326] RKIC
[22:22:43] [269/326] PTAI
[22:22:44] [270/326] GCIC
[22:22:45] [271/326] FNAS
[22:22:46] [272/326] SCAR
[22:22:47] [273/326] MTCA
[22:22:48] [274/326] SCTS
[22:22:48] [275/326] SYCS
[22:22:50] [276/326] RDMS
[22:22:50] 🔄 Identity reset
[22:22:50] 🔄 Identity rotated (every 10 requests)
[22:22:51] [277/326] KAMP
[22:22:52] [278/326] ERSD
[22:22:53] [279/326] MJMJ
[22:22:53] [280/326] SRCJ
[22:22:54] [281/326] SCXE
[22:22:55] [282/326] SVFR
[22:22:56] [283/326] BHCS
[22:22:57] [284/326] IMCC
[22:22:58] [285/326] PCBO
[22:23:00] [286/326] PRVN
[22:23:00] 🔄 Identity reset
[22:23:00] 🔄 Identity rotated (every 10 requests)
[22:23:01] [287/326] AUPM
[22:23:02] [288/326] INBW
[22:23:03] [289/326] SVCW
[22:23:04] [290/326] RKCF
[22:23:05] [291/326] UVBH
[22:23:06] [292/326] DNCY
[22:23:07] [293/326] ABCN
[22:23:08] [294/326] PRUR
[22:23:08] [295/326] PFMR
[22:23:09] [296/326] RKCN
[22:23:09] 🔄 Identity reset
[22:23:09] 🔄 Identity rotated (every 10 requests)
[22:23:10] [297/326] CFEA
[22:23:12] [298/326] SDBG
[22:23:12] [299/326] SNAR
[22:23:13] [300/326] YISI
[22:23:15] [301/326] JCFF
[22:23:15] [302/326] VTRK
[22:23:16] [303/326] PCLZ
[22:23:17] [304/326] DIMY
[22:23:18] [305/326] BBTS
[22:23:19] [306/326] GATH
[22:23:19] 🔄 Identity reset
[22:23:19] 🔄 Identity rotated (every 10 requests)
[22:23:20] [307/326] GTMN
[22:23:22] [308/326] VTMH
[22:23:23] [309/326] CCKP
[22:23:25] [310/326] GPKA
[22:23:26] [311/326] MHCL
[22:23:26] [312/326] ATCL
[22:23:27] [313/326] SBCK
[22:23:28] [314/326] AMMR
[22:23:29] [315/326] MADC
[22:23:30] [316/326] TMMA
[22:23:30] 🔄 Identity reset
[22:23:30] 🔄 Identity rotated (every 10 requests)
[22:23:31] [317/326] CACC
[22:23:32] [318/326] CHAL
[22:23:33] [319/326] DURG
[22:23:34] [320/326] GMKU
[22:23:35] [321/326] GECA
[22:23:36] [322/326] KYRR
[22:23:37] [323/326] KSDE
[22:23:38] [324/326] LMCI
[22:23:39] [325/326] NKCP
[22:23:39] [326/326] BGTC
[22:23:39] 🔄 Identity reset
[22:23:39] 🔄 Identity rotated (every 10 requests)
[22:23:40] 🧹 Deduping shows
[22:23:41] ✅ DONE | Shows=2463 | Movies=68
[23:31:24] 🚀 SCRIPT STARTED
[23:31:24] [1/326] BSAT
[23:31:24] 🧠 New identity created
[23:31:25] [2/326] RSSM
[23:31:26] [3/326] GCTA
[23:31:28] [4/326] TOPN
[23:31:28] [5/326] MCUS
[23:31:29] [6/326] SHRL
[23:31:30] [7/326] UPTP
[23:31:31] [8/326] TMMP
[23:31:32] [9/326] DNRP
[23:31:33] [10/326] SRLT
[23:31:33] 🔄 Identity reset
[23:31:33] 🔄 Identity rotated (every 10 requests)
[23:31:35] [11/326] RCNS
[23:31:36] [12/326] DCBH
[23:31:37] [13/326] NAGJ
[23:31:38] [14/326] JVRC
[23:31:39] [15/326] KRJG
[23:31:39] [16/326] SRTJ
[23:31:40] [17/326] CMXM
[23:31:41] [18/326] STMI
[23:31:42] [19/326] SLST
[23:31:43] [20/326] DTCN
[23:31:43] 🔄 Identity reset
[23:31:43] 🔄 Identity rotated (every 10 requests)
[23:31:44] [21/326] STYN
[23:31:45] [22/326] SZVR
[23:31:46] [23/326] SRKO
[23:31:47] [24/326] JTGT
[23:31:48] [25/326] SVFD
[23:31:49] [26/326] SISD
[23:31:50] [27/326] ABDD
[23:31:51] [28/326] DRCA
[23:31:52] [29/326] AVCS
[23:31:53] [30/326] MVKH
[23:31:53] 🔄 Identity reset
[23:31:53] 🔄 Identity rotated (every 10 requests)
[23:31:53] 🔄 Retry 1/5 for MVKH in 2.2s
[23:31:53] 🔄 Identity reset
[23:31:55] 🧠 New identity created
[23:31:56] [31/326] ACPR
[23:31:57] [32/326] STIP
[23:31:58] [33/326] MTRA
[23:32:00] [34/326] RMKH
[23:32:00] [35/326] NKRL
[23:32:01] [36/326] PCWN
[23:32:02] [37/326] BLMT
[23:32:04] [38/326] GDPG
[23:32:05] [39/326] SRMX
[23:32:05] 🔄 Identity reset
[23:32:05] 🔄 Identity rotated (every 10 requests)
[23:32:06] [40/326] JACP
[23:32:07] [41/326] CPSH
[23:32:08] [42/326] MCCD
[23:32:09] [43/326] ECGH
[23:32:10] [44/326] MKCK
[23:32:11] [45/326] SRMM
[23:32:12] [46/326] SKYR
[23:32:13] [47/326] PCKC
[23:32:14] [48/326] JCMA
[23:32:15] [49/326] BSMP
[23:32:15] 🔄 Identity reset
[23:32:15] 🔄 Identity rotated (every 10 requests)
[23:32:16] [50/326] VSPA
[23:32:17] [51/326] DJYA
[23:32:18] [52/326] DIMP
[23:32:19] [53/326] FXDR
[23:32:20] [54/326] SSRC
[23:32:21] [55/326] STHP
[23:32:22] [56/326] CPPD
[23:32:24] [57/326] FCLK
[23:32:25] [58/326] SCPP
[23:32:26] [59/326] DCMJ
[23:32:26] 🔄 Identity reset
[23:32:26] 🔄 Identity rotated (every 10 requests)
[23:32:27] [60/326] RCCR
[23:32:28] [61/326] INMT
[23:32:29] [62/326] LXTK
[23:32:31] [63/326] SRYK
[23:32:32] [64/326] SGDK
[23:32:33] [65/326] PPKA
[23:32:34] [66/326] SPKA
[23:32:36] [67/326] CGHH
[23:32:37] [68/326] DCJN
[23:32:38] [69/326] SRKV
[23:32:38] 🔄 Identity reset
[23:32:38] 🔄 Identity rotated (every 10 requests)
[23:32:39] [70/326] SAJC
[23:32:40] [71/326] SUSR
[23:32:41] [72/326] STYG
[23:32:41] [73/326] NTKP
[23:32:42] [74/326] AKTG
[23:32:43] [75/326] CGCM
[23:32:44] [76/326] TULC
[23:32:45] [77/326] NYYZ
[23:32:46] [78/326] NYBW
[23:32:47] [79/326] MACB
[23:32:47] 🔄 Identity reset
[23:32:47] 🔄 Identity rotated (every 10 requests)
[23:32:48] [80/326] SLVT
[23:32:49] [81/326] SANA
[23:32:50] [82/326] ACMR
[23:32:51] [83/326] CPKN
[23:32:52] [84/326] DLGK
[23:32:53] [85/326] CWCK
[23:32:53] [86/326] FDDH
[23:32:54] [87/326] MMMD
[23:32:55] [88/326] CMEH
[23:32:56] [89/326] GGGV
[23:32:56] 🔄 Identity reset
[23:32:56] 🔄 Identity rotated (every 10 requests)
[23:32:57] [90/326] SPJL
[23:32:58] [91/326] RCCD
[23:32:59] [92/326] STTZ
[23:33:00] [93/326] BTCF
[23:33:01] [94/326] TSTZ
[23:33:02] [95/326] IPMM
[23:33:03] [96/326] PMPW
[23:33:04] [97/326] PCMZ
[23:33:04] [98/326] ESEM
[23:33:05] [99/326] PIPO
[23:33:05] 🔄 Identity reset
[23:33:05] 🔄 Identity rotated (every 10 requests)
[23:33:06] [100/326] MATK
[23:33:07] [101/326] PGHM
[23:33:08] [102/326] CTSR
[23:33:09] [103/326] CYKR
[23:33:10] [104/326] MSCM
[23:33:11] [105/326] RFNP
[23:33:12] [106/326] PDCP
[23:33:13] [107/326] NPSE
[23:33:14] [108/326] MKML
[23:33:15] [109/326] FTDP
[23:33:15] 🔄 Identity reset
[23:33:15] 🔄 Identity rotated (every 10 requests)
[23:33:16] [110/326] MMXA
[23:33:17] [111/326] CEPO
[23:33:18] [112/326] CMVP
[23:33:19] [113/326] SGTH
[23:33:20] [114/326] SAYN
[23:33:21] [115/326] URVS
[23:33:22] [116/326] VJTN
[23:33:23] [117/326] BBYK
[23:33:24] [118/326] SHBO
[23:33:26] [119/326] VCMR
[23:33:26] 🔄 Identity reset
[23:33:26] 🔄 Identity rotated (every 10 requests)
[23:33:27] [120/326] MACT
[23:33:28] [121/326] JMNP
[23:33:29] [122/326] VICS
[23:33:30] [123/326] VCDA
[23:33:31] [124/326] GCMM
[23:33:32] [125/326] INVS
[23:33:33] [126/326] SCGM
[23:33:35] [127/326] PCDA
[23:33:36] [128/326] KDCT
[23:33:37] [129/326] JACS
[23:33:37] 🔄 Identity reset
[23:33:37] 🔄 Identity rotated (every 10 requests)
[23:33:37] 🔄 Retry 1/5 for JACS in 3.0s
[23:33:37] 🔄 Identity reset
[23:33:40] 🧠 New identity created
[23:33:42] [130/326] GMMC
[23:33:43] [131/326] AICM
[23:33:44] [132/326] TJCM
[23:33:45] [133/326] RMTI
[23:33:46] [134/326] SHAC
[23:33:47] [135/326] APJC
[23:33:48] [136/326] GCTG
[23:33:49] [137/326] SSMC
[23:33:50] [138/326] THRM
[23:33:50] 🔄 Identity reset
[23:33:50] 🔄 Identity rotated (every 10 requests)
[23:33:51] [139/326] RBCT
[23:33:52] [140/326] DIKT
[23:33:53] [141/326] MIDL
[23:33:54] [142/326] VCSN
[23:33:55] [143/326] SKTG
[23:33:56] [144/326] SMWC
[23:33:57] [145/326] MNKH
[23:33:58] [146/326] PIAT
[23:33:59] [147/326] LTTP
[23:34:00] [148/326] PTPU
[23:34:00] 🔄 Identity reset
[23:34:00] 🔄 Identity rotated (every 10 requests)
[23:34:02] [149/326] ACMG
[23:34:02] [150/326] SHMM
[23:34:03] [151/326] MCMN
[23:34:04] [152/326] GLDC
[23:34:05] [153/326] HOUT
[23:34:06] [154/326] SVRP
[23:34:07] [155/326] PVDN
[23:34:08] [156/326] SCPY
[23:34:09] [157/326] DTPY
[23:34:10] [158/326] GKCS
[23:34:10] 🔄 Identity reset
[23:34:10] 🔄 Identity rotated (every 10 requests)
[23:34:12] [159/326] NCAM
[23:34:13] [160/326] BSRM
[23:34:14] [161/326] RCLC
[23:34:15] [162/326] SKKD
[23:34:16] [163/326] ACHU
[23:34:17] [164/326] RSCF
[23:34:18] [165/326] IMSH
[23:34:19] [166/326] MACX
[23:34:20] [167/326] HMMW
[23:34:21] [168/326] JTCP
[23:34:21] 🔄 Identity reset
[23:34:21] 🔄 Identity rotated (every 10 requests)
[23:34:21] 🔄 Retry 1/5 for JTCP in 2.1s
[23:34:21] 🔄 Identity reset
[23:34:23] 🧠 New identity created
[23:34:24] [169/326] SREN
[23:34:25] [170/326] PJRR
[23:34:26] [171/326] INAC
[23:34:27] [172/326] BMCA
[23:34:28] [173/326] SHCB
[23:34:29] [174/326] GABA
[23:34:30] [175/326] SBCT
[23:34:31] [176/326] GCMA
[23:34:32] [177/326] MYTK
[23:34:32] 🔄 Identity reset
[23:34:32] 🔄 Identity rotated (every 10 requests)
[23:34:33] [178/326] INZS
[23:34:34] [179/326] RMIK
[23:34:35] [180/326] NYCH
[23:34:36] [181/326] RAVE
[23:34:37] [182/326] PSXM
[23:34:38] [183/326] MCGP
[23:34:39] [184/326] PDDK
[23:34:40] [185/326] SPCK
[23:34:41] [186/326] MCRL
[23:34:42] [187/326] MHKT
[23:34:42] 🔄 Identity reset
[23:34:42] 🔄 Identity rotated (every 10 requests)
[23:34:43] [188/326] ANRR
[23:34:44] [189/326] SAPK
[23:34:45] [190/326] NCUK
[23:34:47] [191/326] JUGA
[23:34:48] [192/326] DBSC
[23:34:48] [193/326] LALK
[23:34:49] [194/326] GUCK
[23:34:50] [195/326] STSG
[23:34:52] [196/326] PPPZ
[23:34:53] [197/326] CNCY
[23:34:53] 🔄 Identity reset
[23:34:53] 🔄 Identity rotated (every 10 requests)
[23:34:53] [198/326] MTAR
[23:34:55] [199/326] VNKD
[23:34:55] [200/326] KMAJ
[23:34:56] [201/326] ACXK
[23:34:58] [202/326] UTKC
[23:34:58] [203/326] PBLK
[23:34:59] [204/326] ACBX
[23:35:00] [205/326] PTGM
[23:35:01] [206/326] BTDA
[23:35:03] [207/326] PJMB
[23:35:03] 🔄 Identity reset
[23:35:03] 🔄 Identity rotated (every 10 requests)
[23:35:04] [208/326] TPDA
[23:35:05] [209/326] AMOE
[23:35:06] [210/326] PRHT
[23:35:07] [211/326] PRTA
[23:35:08] [212/326] STAM
[23:35:09] [213/326] MSAA
[23:35:10] [214/326] SDLU
[23:35:11] [215/326] RCHH
[23:35:12] [216/326] KANT
[23:35:13] [217/326] FCRT
[23:35:13] 🔄 Identity reset
[23:35:13] 🔄 Identity rotated (every 10 requests)
[23:35:14] [218/326] DNKM
[23:35:15] [219/326] RYCP
[23:35:16] [220/326] MYRP
[23:35:17] [221/326] PPAK
[23:35:18] [222/326] NVPK
[23:35:19] [223/326] PRMC
[23:35:19] [224/326] JBCS
[23:35:20] [225/326] GXCK
[23:35:21] [226/326] USKO
[23:35:22] [227/326] GTEM
[23:35:22] 🔄 Identity reset
[23:35:22] 🔄 Identity rotated (every 10 requests)
[23:35:23] [228/326] SMBU
[23:35:24] [229/326] VETC
[23:35:26] [230/326] LCDA
[23:35:26] [231/326] MTVT
[23:35:27] [232/326] PYCP
[23:35:28] [233/326] PNSC
[23:35:29] [234/326] PPCC
[23:35:31] [235/326] TGRT
[23:35:32] [236/326] JYOT
[23:35:33] [237/326] SRCZ
[23:35:33] 🔄 Identity reset
[23:35:33] 🔄 Identity rotated (every 10 requests)
[23:35:34] [238/326] SJTE
[23:35:35] [239/326] DESC
[23:35:36] [240/326] JHVN
[23:35:37] [241/326] IPSG
[23:35:38] [242/326] IPCM
[23:35:39] [243/326] PDRS
[23:35:39] [244/326] ANCV
[23:35:41] [245/326] CMVV
[23:35:41] [246/326] SHYP
[23:35:43] [247/326] DNCS
[23:35:43] 🔄 Identity reset
[23:35:43] 🔄 Identity rotated (every 10 requests)
[23:35:44] [248/326] GAJK
[23:35:44] [249/326] AKTN
[23:35:46] [250/326] KAYA
[23:35:47] [251/326] SBRC
[23:35:48] [252/326] CHTP
[23:35:49] [253/326] SHRT
[23:35:49] [254/326] BCKU
[23:35:50] [255/326] FCPS
[23:35:52] [256/326] ARDD
[23:35:54] [257/326] CPCM
[23:35:54] 🔄 Identity reset
[23:35:54] 🔄 Identity rotated (every 10 requests)
[23:35:56] [258/326] CGSM
[23:35:57] [259/326] PSMP
[23:35:57] [260/326] SDAL
[23:35:58] [261/326] RTNB
[23:35:59] [262/326] LMCR
[23:36:00] [263/326] CIMA
[23:36:01] [264/326] RNAS
[23:36:02] [265/326] LITH
[23:36:03] [266/326] PBOX
[23:36:04] [267/326] FRTS
[23:36:04] 🔄 Identity reset
[23:36:04] 🔄 Identity rotated (every 10 requests)
[23:36:05] [268/326] RKIC
[23:36:06] [269/326] PTAI
[23:36:07] [270/326] GCIC
[23:36:08] [271/326] FNAS
[23:36:09] [272/326] SCAR
[23:36:10] [273/326] MTCA
[23:36:11] [274/326] SCTS
[23:36:12] [275/326] SYCS
[23:36:13] [276/326] RDMS
[23:36:14] [277/326] KAMP
[23:36:14] 🔄 Identity reset
[23:36:14] 🔄 Identity rotated (every 10 requests)
[23:36:15] [278/326] ERSD
[23:36:16] [279/326] MJMJ
[23:36:17] [280/326] SRCJ
[23:36:18] [281/326] SCXE
[23:36:19] [282/326] SVFR
[23:36:20] [283/326] BHCS
[23:36:21] [284/326] IMCC
[23:36:22] [285/326] PCBO
[23:36:23] [286/326] PRVN
[23:36:24] [287/326] AUPM
[23:36:24] 🔄 Identity reset
[23:36:24] 🔄 Identity rotated (every 10 requests)
[23:36:25] [288/326] INBW
[23:36:26] [289/326] SVCW
[23:36:27] [290/326] RKCF
[23:36:28] [291/326] UVBH
[23:36:29] [292/326] DNCY
[23:36:30] [293/326] ABCN
[23:36:32] [294/326] PRUR
[23:36:33] [295/326] PFMR
[23:36:35] [296/326] RKCN
[23:36:35] [297/326] CFEA
[23:36:35] 🔄 Identity reset
[23:36:35] 🔄 Identity rotated (every 10 requests)
[23:36:37] [298/326] SDBG
[23:36:38] [299/326] SNAR
[23:36:39] [300/326] YISI
[23:36:40] [301/326] JCFF
[23:36:41] [302/326] VTRK
[23:36:43] [303/326] PCLZ
[23:36:44] [304/326] DIMY
[23:36:45] [305/326] BBTS
[23:36:47] [306/326] GATH
[23:36:48] [307/326] GTMN
[23:36:48] 🔄 Identity reset
[23:36:48] 🔄 Identity rotated (every 10 requests)
[23:36:49] [308/326] VTMH
[23:36:50] [309/326] CCKP
[23:36:50] [310/326] GPKA
[23:36:52] [311/326] MHCL
[23:36:53] [312/326] ATCL
[23:36:53] [313/326] SBCK
[23:36:54] [314/326] AMMR
[23:36:55] [315/326] MADC
[23:36:56] [316/326] TMMA
[23:36:57] [317/326] CACC
[23:36:57] 🔄 Identity reset
[23:36:57] 🔄 Identity rotated (every 10 requests)
[23:36:58] [318/326] CHAL
[23:36:59] [319/326] DURG
[23:37:00] [320/326] GMKU
[23:37:01] [321/326] GECA
[23:37:02] [322/326] KYRR
[23:37:03] [323/326] KSDE
[23:37:04] [324/326] LMCI
[23:37:05] [325/326] NKCP
[23:37:06] [326/326] BGTC
[23:37:07] 🧹 Deduping shows
[23:37:07] ✅ DONE | Shows=2478 | Movies=68
