[09:56:03] 🚀 SCRIPT STARTED (enhanced anti‑detection)
[09:56:03] [1/459] NECA
[09:56:04] 🧠 New identity created
[09:56:05] [2/459] BJLC
[09:56:05] [3/459] BASU
[09:56:06] [4/459] RUPI
[09:56:07] [5/459] LCBK
[09:56:08] [6/459] PMAC
[09:56:09] [7/459] AMLC
[09:56:11] [8/459] LICL
[09:56:12] [9/459] UDMM
[09:56:13] [10/459] STBZ
[09:56:14] 🔄 Identity reset
[09:56:14] 🔄 Identity rotated (every 10 requests)
[09:56:14] [11/459] UUBT
[09:56:15] [12/459] SJKC
[09:56:16] [13/459] TUAL
[09:56:17] [14/459] MRSE
[09:56:18] [15/459] RMRK
[09:56:19] [16/459] TTKP
[09:56:20] [17/459] KTKO
[09:56:20] [18/459] SDBK
[09:56:22] [19/459] MCPR
[09:56:24] [20/459] CHTI
[09:56:24] 🔄 Identity reset
[09:56:24] 🔄 Identity rotated (every 10 requests)
[09:56:25] [21/459] GCCP
[09:56:26] [22/459] SRMY
[09:56:27] [23/459] NYST
[09:56:28] [24/459] NYAG
[09:56:29] [25/459] SBMT
[09:56:30] [26/459] INGA
[09:56:31] [27/459] WSIC
[09:56:32] [28/459] SCSS
[09:56:32] [29/459] COPG
[09:56:33] [30/459] RCGR
[09:56:34] 🔄 Identity reset
[09:56:34] 🔄 Identity rotated (every 10 requests)
[09:56:34] [31/459] TCZA
[09:56:35] [32/459] CNLP
[09:56:37] [33/459] CLKN
[09:56:38] [34/459] LHDF
[09:56:39] [35/459] ELKC
[09:56:40] [36/459] VCEM
[09:56:41] [37/459] SSZA
[09:56:42] [38/459] KRMT
[09:56:43] [39/459] LCMV
[09:56:44] [40/459] AYCZ
[09:56:45] 🔄 Identity reset
[09:56:45] 🔄 Identity rotated (every 10 requests)
[09:56:46] [41/459] CUMS
[09:56:47] [42/459] BOCK
[09:56:49] [43/459] PNMR
[09:56:50] [44/459] PJCP
[09:56:51] [45/459] JDDD
[09:56:52] [46/459] STMS
[09:56:53] [47/459] FLMB
[09:56:54] [48/459] PKCM
[09:56:54] [49/459] SPPR
[09:56:55] [50/459] EYLH
[09:56:56] 🔄 Identity reset
[09:56:56] 🔄 Identity rotated (every 10 requests)
[09:56:56] [51/459] RJCC
[09:56:57] [52/459] MMPS
[09:56:58] [53/459] SHMX
[09:56:59] [54/459] CCNL
[09:57:00] [55/459] RCNV
[09:57:00] [56/459] MAAG
[09:57:01] [57/459] LXCM
[09:57:02] [58/459] RCNI
[09:57:03] [59/459] SNNI
[09:57:04] [60/459] LALC
[09:57:05] 🔄 Identity reset
[09:57:05] 🔄 Identity rotated (every 10 requests)
[09:57:06] [61/459] SOCN
[09:57:07] [62/459] JHTP
[09:57:08] [63/459] PITP
[09:57:09] [64/459] CCKW
[09:57:09] [65/459] MCMC
[09:57:10] [66/459] DEES
[09:57:11] [67/459] SABT
[09:57:12] [68/459] VSPP
[09:57:13] [69/459] ABCT
[09:57:14] [70/459] JVTB
[09:57:14] 🔄 Identity reset
[09:57:14] 🔄 Identity rotated (every 10 requests)
[09:57:15] [71/459] VCBD
[09:57:16] [72/459] RMGG
[09:57:16] [73/459] RNMH
[09:57:17] [74/459] SPGL
[09:57:18] [75/459] JTTR
[09:57:19] [76/459] SICS
[09:57:20] [77/459] SRMI
[09:57:21] [78/459] SSIJ
[09:57:22] [79/459] KFMT
[09:57:23] [80/459] VBIT
[09:57:24] 🔄 Identity reset
[09:57:24] 🔄 Identity rotated (every 10 requests)
[09:57:25] [81/459] JKCT
[09:57:26] [82/459] GCGP
[09:57:27] [83/459] GDCS
[09:57:28] [84/459] TRBA
[09:57:29] [85/459] QUST
[09:57:30] [86/459] VSHM
[09:57:31] [87/459] SDCP
[09:57:32] [88/459] SNVS
[09:57:33] [89/459] NYTO
[09:57:34] [90/459] URWC
[09:57:35] 🔄 Identity reset
[09:57:35] 🔄 Identity rotated (every 10 requests)
[09:57:35] [91/459] GTWH
[09:57:36] [92/459] PFCM
[09:57:37] [93/459] KRTA
[09:57:37] [94/459] AXMC
[09:57:38] [95/459] EVMC
[09:57:39] [96/459] HGSM
[09:57:40] [97/459] ACVM
[09:57:41] [98/459] PSKL
[09:57:42] [99/459] RDMP
[09:57:44] [100/459] RHGH
[09:57:44] 🔄 Identity reset
[09:57:44] 🔄 Identity rotated (every 10 requests)
[09:57:47] [101/459] OMCM
[09:57:49] [102/459] DCCP
[09:57:50] [103/459] MCPB
[09:57:52] [104/459] ALCI
[09:57:54] [105/459] BLMX
[09:57:55] [106/459] BTMV
[09:57:56] [107/459] FVPN
[09:57:57] [108/459] CMAR
[09:57:59] [109/459] CEIM
[09:58:00] [110/459] CMVA
[09:58:01] 🔄 Identity reset
[09:58:01] 🔄 Identity rotated (every 10 requests)
[09:58:01] 🔄 Retry 1/5 for CMVA in 2.7s
[09:58:01] 🔄 Identity reset
[09:58:04] 🧠 New identity created
[09:58:04] [111/459] CPIV
[09:58:05] [112/459] CNPE
[09:58:06] [113/459] COLV
[09:58:07] [114/459] DNNV
[09:58:08] [115/459] HCAD
[09:58:09] [116/459] TAKA
[09:58:10] [117/459] INVD
[09:58:11] [118/459] IRMM
[09:58:13] [119/459] INSE
[09:58:14] 🔄 Identity reset
[09:58:14] 🔄 Identity rotated (every 10 requests)
[09:58:14] [120/459] MRSW
[09:58:15] [121/459] MCVD
[09:58:16] [122/459] MCSO
[09:58:17] [123/459] PEVM
[09:58:18] [124/459] PVNL
[09:58:19] [125/459] PTCV
[09:58:19] [126/459] PRTC
[09:58:20] [127/459] RCVA
[09:58:21] [128/459] MTBN
[09:58:22] [129/459] LUCP
[09:58:23] 🔄 Identity reset
[09:58:23] 🔄 Identity rotated (every 10 requests)
[09:58:23] 🔄 Retry 1/5 for LUCP in 2.8s
[09:58:23] 🔄 Identity reset
[09:58:26] 🧠 New identity created
[09:58:26] [130/459] FMPT
[09:58:27] [131/459] JLSL
[09:58:28] [132/459] SBHA
[09:58:29] [133/459] SHRC
[09:58:29] [134/459] AVPS
[09:58:30] [135/459] STPM
[09:58:31] [136/459] ATRD
[09:58:32] [137/459] VTED
[09:58:33] [138/459] ACAI
[09:58:33] 🔄 Identity reset
[09:58:33] 🔄 Identity rotated (every 10 requests)
[09:58:34] [139/459] SMAE
[09:58:36] [140/459] VMAT
[09:58:37] [141/459] LKCT
[09:58:37] [142/459] JTVK
[09:58:38] [143/459] PRTY
[09:58:39] [144/459] GETT
[09:58:40] [145/459] ESAP
[09:58:41] [146/459] NCPM
[09:58:42] [147/459] PCPA
[09:58:43] [148/459] MMOM
[09:58:43] 🔄 Identity reset
[09:58:43] 🔄 Identity rotated (every 10 requests)
[09:58:44] [149/459] PHUP
[09:58:45] [150/459] CCPI
[09:58:46] [151/459] CNTD
[09:58:47] [152/459] NLJR
[09:58:47] [153/459] SRNG
[09:58:48] [154/459] MHAL
[09:58:49] [155/459] PNSM
[09:58:50] [156/459] DRMY
[09:58:51] [157/459] CCMU
[09:58:53] [158/459] SCMY
[09:58:54] 🔄 Identity reset
[09:58:54] 🔄 Identity rotated (every 10 requests)
[09:58:54] [159/459] PVSY
[09:58:55] [160/459] SDLM
[09:58:56] [161/459] ICCM
[09:58:57] [162/459] PYSU
[09:58:58] [163/459] GATM
[09:58:59] [164/459] WOTM
[09:59:00] [165/459] RKTS
[09:59:01] [166/459] PMTY
[09:59:02] [167/459] LYMS
[09:59:03] [168/459] TGCA
[09:59:04] 🔄 Identity reset
[09:59:04] 🔄 Identity rotated (every 10 requests)
[09:59:04] [169/459] DSTA
[09:59:06] [170/459] CNGE
[09:59:07] [171/459] VSTG
[09:59:08] [172/459] GTCK
[09:59:09] [173/459] TGNT
[09:59:10] [174/459] ASLC
[09:59:11] [175/459] SSST
[09:59:12] [176/459] KBTT
[09:59:13] [177/459] HKCP
[09:59:14] [178/459] SWLC
[09:59:14] 🔄 Identity reset
[09:59:14] 🔄 Identity rotated (every 10 requests)
[09:59:15] [179/459] RTND
[09:59:15] [180/459] PKKT
[09:59:16] [181/459] HSTK
[09:59:17] [182/459] SPTT
[09:59:19] [183/459] IMPM
[09:59:20] [184/459] SCMV
[09:59:21] [185/459] SPCT
[09:59:22] [186/459] JBCA
[09:59:22] [187/459] ATTR
[09:59:23] [188/459] SPMT
[09:59:24] 🔄 Identity reset
[09:59:24] 🔄 Identity rotated (every 10 requests)
[09:59:24] [189/459] LCTM
[09:59:25] [190/459] SCVL
[09:59:26] [191/459] SCVT
[09:59:27] [192/459] KRIC
[09:59:28] [193/459] CTMG
[09:59:30] [194/459] ACNC
[09:59:31] [195/459] DMCK
[09:59:32] [196/459] KMTV
[09:59:33] [197/459] PFCJ
[09:59:34] [198/459] VNMD
[09:59:35] 🔄 Identity reset
[09:59:35] 🔄 Identity rotated (every 10 requests)
[09:59:35] [199/459] VPCZ
[09:59:36] [200/459] SRYR
[09:59:37] [201/459] SYTR
[09:59:38] [202/459] GATR
[09:59:39] [203/459] URTR
[09:59:40] [204/459] MKSM
[09:59:41] [205/459] VSMH
[09:59:42] [206/459] SKRJ
[09:59:43] [207/459] SSJR
[09:59:44] [208/459] SVSM
[09:59:44] 🔄 Identity reset
[09:59:44] 🔄 Identity rotated (every 10 requests)
[09:59:46] [209/459] RUCM
[09:59:47] [210/459] PRKN
[09:59:48] [211/459] RROH
[09:59:49] [212/459] SCTN
[09:59:51] [213/459] RTDM
[09:59:52] [214/459] ASRM
[09:59:53] [215/459] SKMD
[09:59:54] [216/459] SUTD
[09:59:55] [217/459] SADM
[09:59:56] [218/459] WCNR
[09:59:57] 🔄 Identity reset
[09:59:57] 🔄 Identity rotated (every 10 requests)
[09:59:57] [219/459] CNED
[09:59:58] [220/459] MPDB
[09:59:59] [221/459] KTBH
[10:00:01] [222/459] IDRM
[10:00:02] [223/459] PJJT
[10:00:03] [224/459] PFCV
[10:00:04] [225/459] AACT
[10:00:05] [226/459] AAAD
[10:00:06] [227/459] ANES
[10:00:07] [228/459] MNCA
[10:00:08] 🔄 Identity reset
[10:00:08] 🔄 Identity rotated (every 10 requests)
[10:00:08] [229/459] RMGU
[10:00:09] [230/459] DLCN
[10:00:10] [231/459] LJWT
[10:00:11] [232/459] MCBG
[10:00:12] [233/459] MYBG
[10:00:13] [234/459] GCCA
[10:00:14] [235/459] GCGA
[10:00:14] [236/459] ECGN
[10:00:16] [237/459] PRAB
[10:00:17] [238/459] PNMP
[10:00:18] 🔄 Identity reset
[10:00:18] 🔄 Identity rotated (every 10 requests)
[10:00:18] [239/459] GCPT
[10:00:19] [240/459] ROYN
[10:00:20] [241/459] VATM
[10:00:21] [242/459] KSNT
[10:00:22] [243/459] ACTC
[10:00:23] [244/459] PLTD
[10:00:24] [245/459] SKMK
[10:00:25] [246/459] CMTT
[10:00:26] [247/459] SMXP
[10:00:27] [248/459] SCMX
[10:00:27] 🔄 Identity reset
[10:00:27] 🔄 Identity rotated (every 10 requests)
[10:00:28] [249/459] ACXN
[10:00:29] [250/459] ASWT
[10:00:29] [251/459] VVVL
[10:00:30] [252/459] NAGO
[10:00:31] [253/459] SNCN
[10:00:32] [254/459] MCKP
[10:00:33] [255/459] SAMO
[10:00:34] [256/459] JBTV
[10:00:35] [257/459] DCVV
[10:00:36] [258/459] KMSV
[10:00:37] 🔄 Identity reset
[10:00:37] 🔄 Identity rotated (every 10 requests)
[10:00:37] [259/459] KDCN
[10:00:38] [260/459] CNCP
[10:00:39] [261/459] HAMC
[10:00:40] [262/459] CCVZ
[10:00:42] [263/459] NCCK
[10:00:43] [264/459] MCHR
[10:00:44] [265/459] SCHT
[10:00:45] [266/459] ESSH
[10:00:45] [267/459] CUJC
[10:00:46] [268/459] PECP
[10:00:47] 🔄 Identity reset
[10:00:47] 🔄 Identity rotated (every 10 requests)
[10:00:47] [269/459] PMMI
[10:00:48] [270/459] PCCH
[10:00:49] [271/459] PRPM
[10:00:50] [272/459] PVKL
[10:00:51] [273/459] CBSM
[10:00:52] [274/459] PVCZ
[10:00:53] [275/459] PCVV
[10:00:54] [276/459] CTMJ
[10:00:55] [277/459] RCPS
[10:00:56] [278/459] PCIT
[10:00:56] 🔄 Identity reset
[10:00:56] 🔄 Identity rotated (every 10 requests)
[10:00:57] [279/459] FNCH
[10:00:58] [280/459] INZD
[10:00:58] [281/459] INPC
[10:01:00] [282/459] LCZP
[10:01:01] [283/459] SMCB
[10:01:03] [284/459] PTSB
[10:01:04] [285/459] TPSI
[10:01:05] [286/459] KHMJ
[10:01:06] [287/459] RCCJ
[10:01:07] [288/459] NCJA
[10:01:08] 🔄 Identity reset
[10:01:08] 🔄 Identity rotated (every 10 requests)
[10:01:09] [289/459] NCJN
[10:01:10] [290/459] BTDP
[10:01:11] [291/459] PADY
[10:01:12] [292/459] NYBH
[10:01:13] [293/459] MTBR
[10:01:14] [294/459] KRBC
[10:01:15] [295/459] DKTI
[10:01:16] [296/459] ANAN
[10:01:17] [297/459] INBP
[10:01:18] [298/459] PATB
[10:01:18] 🔄 Identity reset
[10:01:18] 🔄 Identity rotated (every 10 requests)
[10:01:19] [299/459] RGNT
[10:01:19] [300/459] CGPM
[10:01:20] [301/459] INTN
[10:01:21] [302/459] MCMP
[10:01:22] [303/459] ASRG
[10:01:23] [304/459] CXJD
[10:01:24] [305/459] SPCP
[10:01:24] [306/459] CSTP
[10:01:25] [307/459] PKVC
[10:01:26] [308/459] ESCP
[10:01:27] 🔄 Identity reset
[10:01:27] 🔄 Identity rotated (every 10 requests)
[10:01:27] [309/459] CAEP
[10:01:28] [310/459] CCSP
[10:01:29] [311/459] KTPC
[10:01:30] [312/459] DACA
[10:01:31] [313/459] NVKY
[10:01:32] [314/459] PTIN
[10:01:33] [315/459] SCIN
[10:01:33] [316/459] MCTY
[10:01:34] [317/459] PCMX
[10:01:35] [318/459] INIC
[10:01:36] 🔄 Identity reset
[10:01:36] 🔄 Identity rotated (every 10 requests)
[10:01:36] [319/459] MMZM
[10:01:37] [320/459] SSLP
[10:01:38] [321/459] DTDT
[10:01:39] [322/459] FFCX
[10:01:40] [323/459] RCMM
[10:01:41] [324/459] KYID
[10:01:42] [325/459] CSCI
[10:01:44] [326/459] FCMC
[10:01:45] [327/459] MMXI
[10:01:46] [328/459] ASTC
[10:01:46] 🔄 Identity reset
[10:01:46] 🔄 Identity rotated (every 10 requests)
[10:01:47] [329/459] CMRA
[10:01:48] [330/459] DICI
[10:01:49] [331/459] KDIN
[10:01:50] [332/459] PRFI
[10:01:51] [333/459] SVFC
[10:01:52] [334/459] UCPL
[10:01:53] [335/459] COOC
[10:01:54] [336/459] SCAL
[10:01:55] [337/459] SVFF
[10:01:56] [338/459] VCMG
[10:01:56] 🔄 Identity reset
[10:01:56] 🔄 Identity rotated (every 10 requests)
[10:01:57] [339/459] UUCT
[10:01:58] [340/459] GCSE
[10:01:59] [341/459] SUSC
[10:01:59] [342/459] MISC
[10:02:00] [343/459] RMBL
[10:02:01] [344/459] CMXN
[10:02:02] [345/459] PVBK
[10:02:03] [346/459] HHCG
[10:02:04] [347/459] SCAG
[10:02:05] [348/459] CNPR
[10:02:06] 🔄 Identity reset
[10:02:06] 🔄 Identity rotated (every 10 requests)
[10:02:06] [349/459] CSER
[10:02:07] [350/459] HLWD
[10:02:09] [351/459] BOLY
[10:02:10] [352/459] SSPG
[10:02:12] [353/459] MUPX
[10:02:12] [354/459] HAMR
[10:02:13] [355/459] SDNC
[10:02:14] [356/459] RTEN
[10:02:15] [357/459] SDTD
[10:02:16] [358/459] KAWS
[10:02:17] 🔄 Identity reset
[10:02:17] 🔄 Identity rotated (every 10 requests)
[10:02:17] [359/459] CMZX
[10:02:19] [360/459] DCDD
[10:02:20] [361/459] ALSN
[10:02:21] [362/459] IMXS
[10:02:21] [363/459] PVFF
[10:02:23] [364/459] PVOO
[10:02:24] [365/459] CFBS
[10:02:25] [366/459] PVER
[10:02:26] [367/459] PPNX
[10:02:27] [368/459] CNRM
[10:02:28] 🔄 Identity reset
[10:02:28] 🔄 Identity rotated (every 10 requests)
[10:02:28] [369/459] PVWW
[10:02:29] [370/459] INMB
[10:02:30] [371/459] CPJR
[10:02:31] [372/459] INRZ
[10:02:32] [373/459] PMSR
[10:02:33] [374/459] GPGM
[10:02:33] [375/459] PGWB
[10:02:34] [376/459] PMBR
[10:02:35] [377/459] GPAM
[10:02:36] [378/459] INBC
[10:02:37] 🔄 Identity reset
[10:02:37] 🔄 Identity rotated (every 10 requests)
[10:02:37] [379/459] PZVK
[10:02:38] [380/459] CPEB
[10:02:39] [381/459] FMLB
[10:02:40] [382/459] INBG
[10:02:42] [383/459] GPBR
[10:02:43] [384/459] PAAS
[10:02:44] [385/459] VTBR
[10:02:46] [386/459] GPMY
[10:02:47] [387/459] GYBU
[10:02:47] [388/459] INBJ
[10:02:48] 🔄 Identity reset
[10:02:48] 🔄 Identity rotated (every 10 requests)
[10:02:53] [389/459] LKTH
[10:02:55] [390/459] NSBR
[10:02:57] [391/459] PDRD
[10:02:59] [392/459] VRBL
[10:03:00] [393/459] VTGB
[10:03:02] [394/459] VTSK
[10:03:04] [395/459] BKDV
[10:03:06] [396/459] SVTB
[10:03:09] [397/459] MLDT
[10:03:11] [398/459] NRBL
[10:03:11] 🔄 Identity reset
[10:03:11] 🔄 Identity rotated (every 10 requests)
[10:03:11] [399/459] SLTR
[10:03:12] [400/459] VNKA
[10:03:13] [401/459] TDCA
[10:03:14] [402/459] INBM
[10:03:15] [403/459] SSNR
[10:03:16] [404/459] BHAC
[10:03:17] [405/459] SDSD
[10:03:18] [406/459] SAMP
[10:03:19] [407/459] RATK
[10:03:20] [408/459] KCBI
[10:03:21] 🔄 Identity reset
[10:03:21] 🔄 Identity rotated (every 10 requests)
[10:03:21] [409/459] URBL
[10:03:22] [410/459] MKBG
[10:03:23] [411/459] ASTB
[10:03:24] [412/459] VBWT
[10:03:25] [413/459] GPSM
[10:03:26] [414/459] ROON
[10:03:27] [415/459] CHTH
[10:03:28] [416/459] SSPA
[10:03:29] [417/459] ANBL
[10:03:30] [418/459] VTBE
[10:03:30] 🔄 Identity reset
[10:03:30] 🔄 Identity rotated (every 10 requests)
[10:03:31] [419/459] SVKT
[10:03:33] [420/459] SVYK
[10:03:34] [421/459] PTBK
[10:03:34] [422/459] RKTB
[10:03:36] [423/459] BALT
[10:03:36] [424/459] STSV
[10:03:37] [425/459] VCCB
[10:03:38] [426/459] SLTB
[10:03:39] [427/459] SBCR
[10:03:40] [428/459] VDCS
[10:03:41] 🔄 Identity reset
[10:03:41] 🔄 Identity rotated (every 10 requests)
[10:03:41] [429/459] MDKI
[10:03:42] [430/459] SMRN
[10:03:43] [431/459] PTBC
[10:03:44] [432/459] RADI
[10:03:45] [433/459] ADCR
[10:03:46] [434/459] SDCS
[10:03:47] [435/459] SRPJ
[10:03:48] [436/459] ARTS
[10:03:49] [437/459] SRHK
[10:03:50] [438/459] SPAY
[10:03:51] 🔄 Identity reset
[10:03:51] 🔄 Identity rotated (every 10 requests)
[10:03:51] [439/459] GPTB
[10:03:52] [440/459] SNNN
[10:03:53] [441/459] BALJ
[10:03:54] [442/459] TRIG
[10:03:55] [443/459] GTYT
[10:03:57] [444/459] ATGN
[10:03:58] [445/459] ANTE
[10:03:59] [446/459] BDCG
[10:03:59] [447/459] VECI
[10:04:00] [448/459] SCPR
[10:04:01] 🔄 Identity reset
[10:04:01] 🔄 Identity rotated (every 10 requests)
[10:04:02] [449/459] RTEA
[10:04:02] [450/459] JSAI
[10:04:03] [451/459] VJTP
[10:04:04] [452/459] GNDS
[10:04:05] [453/459] PAXA
[10:04:06] [454/459] CGGM
[10:04:07] [455/459] ACKZ
[10:04:07] [456/459] EMCC
[10:04:08] [457/459] KLSK
[10:04:09] [458/459] AVCK
[10:04:10] 🔄 Identity reset
[10:04:10] 🔄 Identity rotated (every 10 requests)
[10:04:10] [459/459] JTCK
[10:04:11] 🧹 Deduping shows
[10:04:11] ✅ DONE | Shows=93 | Movies=17
[16:48:22] 🚀 SCRIPT STARTED (enhanced anti‑detection)
[16:48:22] [1/459] NECA
[16:48:22] 🧠 New identity created
[16:48:23] [2/459] BJLC
[16:48:24] [3/459] BASU
[16:48:25] [4/459] RUPI
[16:48:26] [5/459] LCBK
[16:48:27] [6/459] PMAC
[16:48:28] [7/459] AMLC
[16:48:29] [8/459] LICL
[16:48:29] [9/459] UDMM
[16:48:31] [10/459] STBZ
[16:48:31] 🔄 Identity reset
[16:48:31] 🔄 Identity rotated (every 10 requests)
[16:48:31] [11/459] UUBT
[16:48:32] [12/459] SJKC
[16:48:33] [13/459] TUAL
[16:48:35] [14/459] MRSE
[16:48:36] [15/459] RMRK
[16:48:37] [16/459] TTKP
[16:48:38] [17/459] KTKO
[16:48:39] [18/459] SDBK
[16:48:40] [19/459] MCPR
[16:48:41] [20/459] CHTI
[16:48:42] 🔄 Identity reset
[16:48:42] 🔄 Identity rotated (every 10 requests)
[16:48:42] [21/459] GCCP
[16:48:43] [22/459] SRMY
[16:48:44] [23/459] NYST
[16:48:45] [24/459] NYAG
[16:48:46] [25/459] SBMT
[16:48:47] [26/459] INGA
[16:48:48] [27/459] WSIC
[16:48:49] [28/459] SCSS
[16:48:50] [29/459] COPG
[16:48:51] [30/459] RCGR
[16:48:51] 🔄 Identity reset
[16:48:51] 🔄 Identity rotated (every 10 requests)
[16:48:51] [31/459] TCZA
[16:48:52] [32/459] CNLP
[16:48:53] [33/459] CLKN
[16:48:54] [34/459] LHDF
[16:48:54] [35/459] ELKC
[16:48:55] [36/459] VCEM
[16:48:56] [37/459] SSZA
[16:48:57] [38/459] KRMT
[16:48:59] [39/459] LCMV
[16:49:00] [40/459] AYCZ
[16:49:00] 🔄 Identity reset
[16:49:00] 🔄 Identity rotated (every 10 requests)
[16:49:01] [41/459] CUMS
[16:49:02] [42/459] BOCK
[16:49:03] [43/459] PNMR
[16:49:04] [44/459] PJCP
[16:49:05] [45/459] JDDD
[16:49:06] [46/459] STMS
[16:49:06] [47/459] FLMB
[16:49:07] [48/459] PKCM
[16:49:09] [49/459] SPPR
[16:49:09] [50/459] EYLH
[16:49:10] 🔄 Identity reset
[16:49:10] 🔄 Identity rotated (every 10 requests)
[16:49:10] 🔄 Retry 1/5 for EYLH in 3.0s
[16:49:10] 🔄 Identity reset
[16:49:13] 🧠 New identity created
[16:49:14] [51/459] RJCC
[16:49:15] [52/459] MMPS
[16:49:16] [53/459] SHMX
[16:49:17] [54/459] CCNL
[16:49:17] [55/459] RCNV
[16:49:19] [56/459] MAAG
[16:49:20] [57/459] LXCM
[16:49:21] [58/459] RCNI
[16:49:22] [59/459] SNNI
[16:49:22] 🔄 Identity reset
[16:49:22] 🔄 Identity rotated (every 10 requests)
[16:49:22] [60/459] LALC
[16:49:23] [61/459] SOCN
[16:49:24] [62/459] JHTP
[16:49:25] [63/459] PITP
[16:49:26] [64/459] CCKW
[16:49:27] [65/459] MCMC
[16:49:28] [66/459] DEES
[16:49:29] [67/459] SABT
[16:49:30] [68/459] VSPP
[16:49:31] [69/459] ABCT
[16:49:32] 🔄 Identity reset
[16:49:32] 🔄 Identity rotated (every 10 requests)
[16:49:32] [70/459] JVTB
[16:49:33] [71/459] VCBD
[16:49:34] [72/459] RMGG
[16:49:35] [73/459] RNMH
[16:49:36] [74/459] SPGL
[16:49:37] [75/459] JTTR
[16:49:38] [76/459] SICS
[16:49:38] [77/459] SRMI
[16:49:39] [78/459] SSIJ
[16:49:40] [79/459] KFMT
[16:49:41] 🔄 Identity reset
[16:49:41] 🔄 Identity rotated (every 10 requests)
[16:49:41] [80/459] VBIT
[16:49:42] [81/459] JKCT
[16:49:43] [82/459] GCGP
[16:49:43] [83/459] GDCS
[16:49:45] [84/459] TRBA
[16:49:46] [85/459] QUST
[16:49:47] [86/459] VSHM
[16:49:48] [87/459] SDCP
[16:49:48] [88/459] SNVS
[16:49:49] [89/459] NYTO
[16:49:50] 🔄 Identity reset
[16:49:50] 🔄 Identity rotated (every 10 requests)
[16:49:50] [90/459] URWC
[16:49:51] [91/459] GTWH
[16:49:52] [92/459] PFCM
[16:49:53] [93/459] KRTA
[16:49:54] [94/459] AXMC
[16:49:55] [95/459] EVMC
[16:49:56] [96/459] HGSM
[16:49:56] [97/459] ACVM
[16:49:58] [98/459] PSKL
[16:49:59] [99/459] RDMP
[16:49:59] 🔄 Identity reset
[16:49:59] 🔄 Identity rotated (every 10 requests)
[16:50:00] [100/459] RHGH
[16:50:00] [101/459] OMCM
[16:50:01] [102/459] DCCP
[16:50:02] [103/459] MCPB
[16:50:03] [104/459] ALCI
[16:50:04] [105/459] BLMX
[16:50:05] [106/459] BTMV
[16:50:06] [107/459] FVPN
[16:50:07] [108/459] CMAR
[16:50:07] [109/459] CEIM
[16:50:08] 🔄 Identity reset
[16:50:08] 🔄 Identity rotated (every 10 requests)
[16:50:08] [110/459] CMVA
[16:50:09] [111/459] CPIV
[16:50:10] [112/459] CNPE
[16:50:11] [113/459] COLV
[16:50:12] [114/459] DNNV
[16:50:13] [115/459] HCAD
[16:50:14] [116/459] TAKA
[16:50:14] [117/459] INVD
[16:50:15] [118/459] IRMM
[16:50:16] [119/459] INSE
[16:50:17] 🔄 Identity reset
[16:50:17] 🔄 Identity rotated (every 10 requests)
[16:50:17] [120/459] MRSW
[16:50:18] [121/459] MCVD
[16:50:18] [122/459] MCSO
[16:50:19] [123/459] PEVM
[16:50:20] [124/459] PVNL
[16:50:21] [125/459] PTCV
[16:50:22] [126/459] PRTC
[16:50:24] [127/459] RCVA
[16:50:24] [128/459] MTBN
[16:50:25] [129/459] LUCP
[16:50:26] 🔄 Identity reset
[16:50:26] 🔄 Identity rotated (every 10 requests)
[16:50:26] [130/459] FMPT
[16:50:27] [131/459] JLSL
[16:50:28] [132/459] SBHA
[16:50:29] [133/459] SHRC
[16:50:30] [134/459] AVPS
[16:50:31] [135/459] STPM
[16:50:32] [136/459] ATRD
[16:50:33] [137/459] VTED
[16:50:34] [138/459] ACAI
[16:50:34] [139/459] SMAE
[16:50:35] 🔄 Identity reset
[16:50:35] 🔄 Identity rotated (every 10 requests)
[16:50:35] [140/459] VMAT
[16:50:36] [141/459] LKCT
[16:50:37] [142/459] JTVK
[16:50:38] [143/459] PRTY
[16:50:39] [144/459] GETT
[16:50:40] [145/459] ESAP
[16:50:41] [146/459] NCPM
[16:50:42] [147/459] PCPA
[16:50:43] [148/459] MMOM
[16:50:44] [149/459] PHUP
[16:50:44] 🔄 Identity reset
[16:50:44] 🔄 Identity rotated (every 10 requests)
[16:50:45] [150/459] CCPI
[16:50:46] [151/459] CNTD
[16:50:46] [152/459] NLJR
[16:50:47] [153/459] SRNG
[16:50:48] [154/459] MHAL
[16:50:49] [155/459] PNSM
[16:50:51] [156/459] DRMY
[16:50:52] [157/459] CCMU
[16:50:53] [158/459] SCMY
[16:50:54] [159/459] PVSY
[16:50:54] 🔄 Identity reset
[16:50:54] 🔄 Identity rotated (every 10 requests)
[16:50:54] [160/459] SDLM
[16:50:55] [161/459] ICCM
[16:50:56] [162/459] PYSU
[16:50:57] [163/459] GATM
[16:50:58] [164/459] WOTM
[16:50:59] [165/459] RKTS
[16:51:00] [166/459] PMTY
[16:51:01] [167/459] LYMS
[16:51:02] [168/459] TGCA
[16:51:03] [169/459] DSTA
[16:51:03] 🔄 Identity reset
[16:51:03] 🔄 Identity rotated (every 10 requests)
[16:51:03] 🔄 Retry 1/5 for DSTA in 2.9s
[16:51:03] 🔄 Identity reset
[16:51:06] 🧠 New identity created
[16:51:06] [170/459] CNGE
[16:51:07] [171/459] VSTG
[16:51:08] [172/459] GTCK
[16:51:09] [173/459] TGNT
[16:51:10] [174/459] ASLC
[16:51:10] [175/459] SSST
[16:51:11] [176/459] KBTT
[16:51:12] [177/459] HKCP
[16:51:13] [178/459] SWLC
[16:51:13] 🔄 Identity reset
[16:51:13] 🔄 Identity rotated (every 10 requests)
[16:51:14] [179/459] RTND
[16:51:15] [180/459] PKKT
[16:51:17] [181/459] HSTK
[16:51:18] [182/459] SPTT
[16:51:19] [183/459] IMPM
[16:51:20] [184/459] SCMV
[16:51:21] [185/459] SPCT
[16:51:22] [186/459] JBCA
[16:51:23] [187/459] ATTR
[16:51:24] [188/459] SPMT
[16:51:24] 🔄 Identity reset
[16:51:25] 🔄 Identity rotated (every 10 requests)
[16:51:25] [189/459] LCTM
[16:51:26] [190/459] SCVL
[16:51:27] [191/459] SCVT
[16:51:27] [192/459] KRIC
[16:51:28] [193/459] CTMG
[16:51:29] [194/459] ACNC
[16:51:30] [195/459] DMCK
[16:51:31] [196/459] KMTV
[16:51:33] [197/459] PFCJ
[16:51:34] [198/459] VNMD
[16:51:34] 🔄 Identity reset
[16:51:34] 🔄 Identity rotated (every 10 requests)
[16:51:34] [199/459] VPCZ
[16:51:35] [200/459] SRYR
[16:51:36] [201/459] SYTR
[16:51:38] [202/459] GATR
[16:51:39] [203/459] URTR
[16:51:40] [204/459] MKSM
[16:51:40] [205/459] VSMH
[16:51:42] [206/459] SKRJ
[16:51:43] [207/459] SSJR
[16:51:44] [208/459] SVSM
[16:51:44] 🔄 Identity reset
[16:51:44] 🔄 Identity rotated (every 10 requests)
[16:51:45] [209/459] RUCM
[16:51:45] [210/459] PRKN
[16:51:46] [211/459] RROH
[16:51:47] [212/459] SCTN
[16:51:49] [213/459] RTDM
[16:51:49] [214/459] ASRM
[16:51:50] [215/459] SKMD
[16:51:51] [216/459] SUTD
[16:51:52] [217/459] SADM
[16:51:53] [218/459] WCNR
[16:51:54] 🔄 Identity reset
[16:51:54] 🔄 Identity rotated (every 10 requests)
[16:51:54] [219/459] CNED
[16:51:55] [220/459] MPDB
[16:51:55] [221/459] KTBH
[16:51:56] [222/459] IDRM
[16:51:57] [223/459] PJJT
[16:51:58] [224/459] PFCV
[16:51:59] [225/459] AACT
[16:52:00] [226/459] AAAD
[16:52:01] [227/459] ANES
[16:52:02] [228/459] MNCA
[16:52:02] 🔄 Identity reset
[16:52:02] 🔄 Identity rotated (every 10 requests)
[16:52:03] [229/459] RMGU
[16:52:04] [230/459] DLCN
[16:52:05] [231/459] LJWT
[16:52:05] [232/459] MCBG
[16:52:06] [233/459] MYBG
[16:52:07] [234/459] GCCA
[16:52:08] [235/459] GCGA
[16:52:09] [236/459] ECGN
[16:52:10] [237/459] PRAB
[16:52:10] [238/459] PNMP
[16:52:11] 🔄 Identity reset
[16:52:11] 🔄 Identity rotated (every 10 requests)
[16:52:11] [239/459] GCPT
[16:52:12] [240/459] ROYN
[16:52:13] [241/459] VATM
[16:52:15] [242/459] KSNT
[16:52:15] [243/459] ACTC
[16:52:16] [244/459] PLTD
[16:52:17] [245/459] SKMK
[16:52:18] [246/459] CMTT
[16:52:19] [247/459] SMXP
[16:52:19] [248/459] SCMX
[16:52:20] 🔄 Identity reset
[16:52:20] 🔄 Identity rotated (every 10 requests)
[16:52:20] [249/459] ACXN
[16:52:22] [250/459] ASWT
[16:52:23] [251/459] VVVL
[16:52:23] [252/459] NAGO
[16:52:25] [253/459] SNCN
[16:52:26] [254/459] MCKP
[16:52:27] [255/459] SAMO
[16:52:28] [256/459] JBTV
[16:52:29] [257/459] DCVV
[16:52:29] [258/459] KMSV
[16:52:30] 🔄 Identity reset
[16:52:30] 🔄 Identity rotated (every 10 requests)
[16:52:30] [259/459] KDCN
[16:52:32] [260/459] CNCP
[16:52:33] [261/459] HAMC
[16:52:34] [262/459] CCVZ
[16:52:36] [263/459] NCCK
[16:52:36] [264/459] MCHR
[16:52:37] [265/459] SCHT
[16:52:38] [266/459] ESSH
[16:52:39] [267/459] CUJC
[16:52:40] [268/459] PECP
[16:52:40] 🔄 Identity reset
[16:52:40] 🔄 Identity rotated (every 10 requests)
[16:52:41] [269/459] PMMI
[16:52:42] [270/459] PCCH
[16:52:43] [271/459] PRPM
[16:52:44] [272/459] PVKL
[16:52:45] [273/459] CBSM
[16:52:45] [274/459] PVCZ
[16:52:46] [275/459] PCVV
[16:52:47] [276/459] CTMJ
[16:52:48] [277/459] RCPS
[16:52:49] [278/459] PCIT
[16:52:49] 🔄 Identity reset
[16:52:49] 🔄 Identity rotated (every 10 requests)
[16:52:50] [279/459] FNCH
[16:52:50] [280/459] INZD
[16:52:51] [281/459] INPC
[16:52:52] [282/459] LCZP
[16:52:53] [283/459] SMCB
[16:52:54] [284/459] PTSB
[16:52:54] [285/459] TPSI
[16:52:55] [286/459] KHMJ
[16:52:56] [287/459] RCCJ
[16:52:57] [288/459] NCJA
[16:52:58] 🔄 Identity reset
[16:52:58] 🔄 Identity rotated (every 10 requests)
[16:52:59] [289/459] NCJN
[16:53:00] [290/459] BTDP
[16:53:01] [291/459] PADY
[16:53:01] [292/459] NYBH
[16:53:02] [293/459] MTBR
[16:53:03] [294/459] KRBC
[16:53:04] [295/459] DKTI
[16:53:05] [296/459] ANAN
[16:53:05] [297/459] INBP
[16:53:06] [298/459] PATB
[16:53:07] 🔄 Identity reset
[16:53:07] 🔄 Identity rotated (every 10 requests)
[16:53:07] [299/459] RGNT
[16:53:08] [300/459] CGPM
[16:53:09] [301/459] INTN
[16:53:10] [302/459] MCMP
[16:53:11] [303/459] ASRG
[16:53:12] [304/459] CXJD
[16:53:13] [305/459] SPCP
[16:53:13] [306/459] CSTP
[16:53:14] [307/459] PKVC
[16:53:16] [308/459] ESCP
[16:53:16] 🔄 Identity reset
[16:53:16] 🔄 Identity rotated (every 10 requests)
[16:53:17] [309/459] CAEP
[16:53:18] [310/459] CCSP
[16:53:19] [311/459] KTPC
[16:53:19] [312/459] DACA
[16:53:20] [313/459] NVKY
[16:53:21] [314/459] PTIN
[16:53:22] [315/459] SCIN
[16:53:23] [316/459] MCTY
[16:53:24] [317/459] PCMX
[16:53:26] [318/459] INIC
[16:53:26] 🔄 Identity reset
[16:53:26] 🔄 Identity rotated (every 10 requests)
[16:53:27] [319/459] MMZM
[16:53:28] [320/459] SSLP
[16:53:29] [321/459] DTDT
[16:53:29] [322/459] FFCX
[16:53:30] [323/459] RCMM
[16:53:31] [324/459] KYID
[16:53:32] [325/459] CSCI
[16:53:33] [326/459] FCMC
[16:53:34] [327/459] MMXI
[16:53:35] [328/459] ASTC
[16:53:35] 🔄 Identity reset
[16:53:35] 🔄 Identity rotated (every 10 requests)
[16:53:35] 🔄 Retry 1/5 for ASTC in 2.4s
[16:53:35] 🔄 Identity reset
[16:53:38] 🧠 New identity created
[16:53:38] [329/459] CMRA
[16:53:39] [330/459] DICI
[16:53:40] [331/459] KDIN
[16:53:40] [332/459] PRFI
[16:53:41] [333/459] SVFC
[16:53:42] [334/459] UCPL
[16:53:43] [335/459] COOC
[16:53:44] [336/459] SCAL
[16:53:44] [337/459] SVFF
[16:53:45] 🔄 Identity reset
[16:53:45] 🔄 Identity rotated (every 10 requests)
[16:53:45] [338/459] VCMG
[16:53:46] [339/459] UUCT
[16:53:47] [340/459] GCSE
[16:53:48] [341/459] SUSC
[16:53:49] [342/459] MISC
[16:53:50] [343/459] RMBL
[16:53:51] [344/459] CMXN
[16:53:51] [345/459] PVBK
[16:53:52] [346/459] HHCG
[16:53:54] [347/459] SCAG
[16:53:54] 🔄 Identity reset
[16:53:54] 🔄 Identity rotated (every 10 requests)
[16:53:54] [348/459] CNPR
[16:53:55] [349/459] CSER
[16:53:56] [350/459] HLWD
[16:53:57] [351/459] BOLY
[16:53:58] [352/459] SSPG
[16:53:59] [353/459] MUPX
[16:53:59] [354/459] HAMR
[16:54:00] [355/459] SDNC
[16:54:01] [356/459] RTEN
[16:54:02] [357/459] SDTD
[16:54:02] 🔄 Identity reset
[16:54:02] 🔄 Identity rotated (every 10 requests)
[16:54:03] [358/459] KAWS
[16:54:04] [359/459] CMZX
[16:54:05] [360/459] DCDD
[16:54:06] [361/459] ALSN
[16:54:07] [362/459] IMXS
[16:54:08] [363/459] PVFF
[16:54:09] [364/459] PVOO
[16:54:10] [365/459] CFBS
[16:54:10] [366/459] PVER
[16:54:11] [367/459] PPNX
[16:54:12] 🔄 Identity reset
[16:54:12] 🔄 Identity rotated (every 10 requests)
[16:54:12] [368/459] CNRM
[16:54:13] [369/459] PVWW
[16:54:14] [370/459] INMB
[16:54:15] [371/459] CPJR
[16:54:16] [372/459] INRZ
[16:54:17] [373/459] PMSR
[16:54:18] [374/459] GPGM
[16:54:18] [375/459] PGWB
[16:54:19] [376/459] PMBR
[16:54:20] [377/459] GPAM
[16:54:21] 🔄 Identity reset
[16:54:21] 🔄 Identity rotated (every 10 requests)
[16:54:21] [378/459] INBC
[16:54:22] [379/459] PZVK
[16:54:23] [380/459] CPEB
[16:54:24] [381/459] FMLB
[16:54:25] [382/459] INBG
[16:54:26] [383/459] GPBR
[16:54:27] [384/459] PAAS
[16:54:28] [385/459] VTBR
[16:54:29] [386/459] GPMY
[16:54:30] [387/459] GYBU
[16:54:30] 🔄 Identity reset
[16:54:30] 🔄 Identity rotated (every 10 requests)
[16:54:31] [388/459] INBJ
[16:54:32] [389/459] LKTH
[16:54:32] [390/459] NSBR
[16:54:33] [391/459] PDRD
[16:54:34] [392/459] VRBL
[16:54:36] [393/459] VTGB
[16:54:37] [394/459] VTSK
[16:54:37] [395/459] BKDV
[16:54:38] [396/459] SVTB
[16:54:39] [397/459] MLDT
[16:54:40] 🔄 Identity reset
[16:54:40] 🔄 Identity rotated (every 10 requests)
[16:54:40] [398/459] NRBL
[16:54:41] [399/459] SLTR
[16:54:42] [400/459] VNKA
[16:54:43] [401/459] TDCA
[16:54:44] [402/459] INBM
[16:54:44] [403/459] SSNR
[16:54:45] [404/459] BHAC
[16:54:46] [405/459] SDSD
[16:54:47] [406/459] SAMP
[16:54:48] [407/459] RATK
[16:54:48] 🔄 Identity reset
[16:54:48] 🔄 Identity rotated (every 10 requests)
[16:54:48] [408/459] KCBI
[16:54:49] [409/459] URBL
[16:54:50] [410/459] MKBG
[16:54:51] [411/459] ASTB
[16:54:52] [412/459] VBWT
[16:54:53] [413/459] GPSM
[16:54:53] [414/459] ROON
[16:54:55] [415/459] CHTH
[16:54:56] [416/459] SSPA
[16:54:57] [417/459] ANBL
[16:54:58] 🔄 Identity reset
[16:54:58] 🔄 Identity rotated (every 10 requests)
[16:54:58] [418/459] VTBE
[16:54:59] [419/459] SVKT
[16:55:00] [420/459] SVYK
[16:55:01] [421/459] PTBK
[16:55:03] [422/459] RKTB
[16:55:03] [423/459] BALT
[16:55:04] [424/459] STSV
[16:55:05] [425/459] VCCB
[16:55:06] [426/459] SLTB
[16:55:07] [427/459] SBCR
[16:55:07] 🔄 Identity reset
[16:55:07] 🔄 Identity rotated (every 10 requests)
[16:55:08] [428/459] VDCS
[16:55:08] [429/459] MDKI
[16:55:09] [430/459] SMRN
[16:55:10] [431/459] PTBC
[16:55:11] [432/459] RADI
[16:55:12] [433/459] ADCR
[16:55:13] [434/459] SDCS
[16:55:14] [435/459] SRPJ
[16:55:15] [436/459] ARTS
[16:55:15] [437/459] SRHK
[16:55:16] 🔄 Identity reset
[16:55:16] 🔄 Identity rotated (every 10 requests)
[16:55:16] [438/459] SPAY
[16:55:17] [439/459] GPTB
[16:55:18] [440/459] SNNN
[16:55:19] [441/459] BALJ
[16:55:20] [442/459] TRIG
[16:55:21] [443/459] GTYT
[16:55:21] [444/459] ATGN
[16:55:22] [445/459] ANTE
[16:55:23] [446/459] BDCG
[16:55:24] [447/459] VECI
[16:55:25] 🔄 Identity reset
[16:55:25] 🔄 Identity rotated (every 10 requests)
[16:55:25] [448/459] SCPR
[16:55:26] [449/459] RTEA
[16:55:27] [450/459] JSAI
[16:55:28] [451/459] VJTP
[16:55:28] [452/459] GNDS
[16:55:29] [453/459] PAXA
[16:55:30] [454/459] CGGM
[16:55:31] [455/459] ACKZ
[16:55:32] [456/459] EMCC
[16:55:33] [457/459] KLSK
[16:55:33] 🔄 Identity reset
[16:55:33] 🔄 Identity rotated (every 10 requests)
[16:55:33] [458/459] AVCK
[16:55:34] [459/459] JTCK
[16:55:35] 🧹 Deduping shows
[16:55:35] ✅ DONE | Shows=139 | Movies=22
[05:03:24] 🚀 SCRIPT STARTED (enhanced anti‑detection)
[05:03:24] [1/459] NECA
[05:03:24] 🧠 New identity created
[05:03:25] [2/459] BJLC
[05:03:25] [3/459] BASU
[05:03:26] [4/459] RUPI
[05:03:27] [5/459] LCBK
[05:03:28] [6/459] PMAC
[05:03:29] [7/459] AMLC
[05:03:30] [8/459] LICL
[05:03:31] [9/459] UDMM
[05:03:32] [10/459] STBZ
[05:03:32] 🔄 Identity reset
[05:03:32] 🔄 Identity rotated (every 10 requests)
[05:03:33] [11/459] UUBT
[05:03:33] [12/459] SJKC
[05:03:34] [13/459] TUAL
[05:03:35] [14/459] MRSE
[05:03:36] [15/459] RMRK
[05:03:37] [16/459] TTKP
[05:03:38] [17/459] KTKO
[05:03:39] [18/459] SDBK
[05:03:40] [19/459] MCPR
[05:03:40] [20/459] CHTI
[05:03:41] 🔄 Identity reset
[05:03:41] 🔄 Identity rotated (every 10 requests)
[05:03:41] [21/459] GCCP
[05:03:42] [22/459] SRMY
[05:03:43] [23/459] NYST
[05:03:44] [24/459] NYAG
[05:03:45] [25/459] SBMT
[05:03:46] [26/459] INGA
[05:03:47] [27/459] WSIC
[05:03:48] [28/459] SCSS
[05:03:49] [29/459] COPG
[05:03:50] [30/459] RCGR
[05:03:51] 🔄 Identity reset
[05:03:51] 🔄 Identity rotated (every 10 requests)
[05:03:51] [31/459] TCZA
[05:03:52] [32/459] CNLP
[05:03:53] [33/459] CLKN
[05:03:54] [34/459] LHDF
[05:03:55] [35/459] ELKC
[05:03:56] [36/459] VCEM
[05:03:56] [37/459] SSZA
[05:03:57] [38/459] KRMT
[05:03:58] [39/459] LCMV
[05:03:59] [40/459] AYCZ
[05:04:00] 🔄 Identity reset
[05:04:00] 🔄 Identity rotated (every 10 requests)
[05:04:00] [41/459] CUMS
[05:04:01] [42/459] BOCK
[05:04:02] [43/459] PNMR
[05:04:03] [44/459] PJCP
[05:04:04] [45/459] JDDD
[05:04:05] [46/459] STMS
[05:04:06] [47/459] FLMB
[05:04:07] [48/459] PKCM
[05:04:08] [49/459] SPPR
[05:04:09] [50/459] EYLH
[05:04:09] 🔄 Identity reset
[05:04:09] 🔄 Identity rotated (every 10 requests)
[05:04:10] [51/459] RJCC
[05:04:11] [52/459] MMPS
[05:04:12] [53/459] SHMX
[05:04:13] [54/459] CCNL
[05:04:14] [55/459] RCNV
[05:04:14] [56/459] MAAG
[05:04:16] [57/459] LXCM
[05:04:17] [58/459] RCNI
[05:04:18] [59/459] SNNI
[05:04:18] [60/459] LALC
[05:04:19] 🔄 Identity reset
[05:04:19] 🔄 Identity rotated (every 10 requests)
[05:04:19] [61/459] SOCN
[05:04:21] [62/459] JHTP
[05:04:22] [63/459] PITP
[05:04:23] [64/459] CCKW
[05:04:24] [65/459] MCMC
[05:04:25] [66/459] DEES
[05:04:26] [67/459] SABT
[05:04:27] [68/459] VSPP
[05:04:27] [69/459] ABCT
[05:04:28] [70/459] JVTB
[05:04:29] 🔄 Identity reset
[05:04:29] 🔄 Identity rotated (every 10 requests)
[05:04:29] [71/459] VCBD
[05:04:30] [72/459] RMGG
[05:04:31] [73/459] RNMH
[05:04:32] [74/459] SPGL
[05:04:33] [75/459] JTTR
[05:04:34] [76/459] SICS
[05:04:35] [77/459] SRMI
[05:04:36] [78/459] SSIJ
[05:04:37] [79/459] KFMT
[05:04:38] [80/459] VBIT
[05:04:39] 🔄 Identity reset
[05:04:39] 🔄 Identity rotated (every 10 requests)
[05:04:39] [81/459] JKCT
[05:04:41] [82/459] GCGP
[05:04:42] [83/459] GDCS
[05:04:42] [84/459] TRBA
[05:04:43] [85/459] QUST
[05:04:44] [86/459] VSHM
[05:04:45] [87/459] SDCP
[05:04:46] [88/459] SNVS
[05:04:47] [89/459] NYTO
[05:04:48] [90/459] URWC
[05:04:49] 🔄 Identity reset
[05:04:49] 🔄 Identity rotated (every 10 requests)
[05:04:49] [91/459] GTWH
[05:04:50] [92/459] PFCM
[05:04:51] [93/459] KRTA
[05:04:51] [94/459] AXMC
[05:04:52] [95/459] EVMC
[05:04:53] [96/459] HGSM
[05:04:54] [97/459] ACVM
[05:04:55] [98/459] PSKL
[05:04:56] [99/459] RDMP
[05:04:57] [100/459] RHGH
[05:04:57] 🔄 Identity reset
[05:04:57] 🔄 Identity rotated (every 10 requests)
[05:04:57] [101/459] OMCM
[05:04:59] [102/459] DCCP
[05:05:00] [103/459] MCPB
[05:05:01] [104/459] ALCI
[05:05:02] [105/459] BLMX
[05:05:03] [106/459] BTMV
[05:05:04] [107/459] FVPN
[05:05:05] [108/459] CMAR
[05:05:06] [109/459] CEIM
[05:05:07] [110/459] CMVA
[05:05:07] 🔄 Identity reset
[05:05:07] 🔄 Identity rotated (every 10 requests)
[05:05:08] [111/459] CPIV
[05:05:09] [112/459] CNPE
[05:05:10] [113/459] COLV
[05:05:11] [114/459] DNNV
[05:05:12] [115/459] HCAD
[05:05:13] [116/459] TAKA
[05:05:14] [117/459] INVD
[05:05:14] [118/459] IRMM
[05:05:15] [119/459] INSE
[05:05:16] [120/459] MRSW
[05:05:17] 🔄 Identity reset
[05:05:17] 🔄 Identity rotated (every 10 requests)
[05:05:17] [121/459] MCVD
[05:05:18] [122/459] MCSO
[05:05:19] [123/459] PEVM
[05:05:20] [124/459] PVNL
[05:05:21] [125/459] PTCV
[05:05:22] [126/459] PRTC
[05:05:23] [127/459] RCVA
[05:05:24] [128/459] MTBN
[05:05:25] [129/459] LUCP
[05:05:26] [130/459] FMPT
[05:05:26] 🔄 Identity reset
[05:05:26] 🔄 Identity rotated (every 10 requests)
[05:05:27] [131/459] JLSL
[05:05:28] [132/459] SBHA
[05:05:28] [133/459] SHRC
[05:05:29] [134/459] AVPS
[05:05:31] [135/459] STPM
[05:05:32] [136/459] ATRD
[05:05:33] [137/459] VTED
[05:05:33] [138/459] ACAI
[05:05:34] [139/459] SMAE
[05:05:35] [140/459] VMAT
[05:05:36] 🔄 Identity reset
[05:05:36] 🔄 Identity rotated (every 10 requests)
[05:05:36] [141/459] LKCT
[05:05:37] [142/459] JTVK
[05:05:39] [143/459] PRTY
[05:05:40] [144/459] GETT
[05:05:40] [145/459] ESAP
[05:05:41] [146/459] NCPM
[05:05:42] [147/459] PCPA
[05:05:43] [148/459] MMOM
[05:05:44] [149/459] PHUP
[05:05:45] [150/459] CCPI
[05:05:46] 🔄 Identity reset
[05:05:46] 🔄 Identity rotated (every 10 requests)
[05:05:46] [151/459] CNTD
[05:05:47] [152/459] NLJR
[05:05:48] [153/459] SRNG
[05:05:49] [154/459] MHAL
[05:05:49] [155/459] PNSM
[05:05:50] [156/459] DRMY
[05:05:51] [157/459] CCMU
[05:05:52] [158/459] SCMY
[05:05:55] [159/459] PVSY
[05:05:56] [160/459] SDLM
[05:05:56] 🔄 Identity reset
[05:05:56] 🔄 Identity rotated (every 10 requests)
[05:05:56] [161/459] ICCM
[05:05:57] [162/459] PYSU
[05:05:59] [163/459] GATM
[05:06:00] [164/459] WOTM
[05:06:01] [165/459] RKTS
[05:06:01] [166/459] PMTY
[05:06:02] [167/459] LYMS
[05:06:03] [168/459] TGCA
[05:06:04] [169/459] DSTA
[05:06:05] [170/459] CNGE
[05:06:06] 🔄 Identity reset
[05:06:06] 🔄 Identity rotated (every 10 requests)
[05:06:06] [171/459] VSTG
[05:06:07] [172/459] GTCK
[05:06:08] [173/459] TGNT
[05:06:09] [174/459] ASLC
[05:06:10] [175/459] SSST
[05:06:11] [176/459] KBTT
[05:06:12] [177/459] HKCP
[05:06:13] [178/459] SWLC
[05:06:14] [179/459] RTND
[05:06:15] [180/459] PKKT
[05:06:16] 🔄 Identity reset
[05:06:16] 🔄 Identity rotated (every 10 requests)
[05:06:16] [181/459] HSTK
[05:06:17] [182/459] SPTT
[05:06:18] [183/459] IMPM
[05:06:19] [184/459] SCMV
[05:06:20] [185/459] SPCT
[05:06:21] [186/459] JBCA
[05:06:22] [187/459] ATTR
[05:06:23] [188/459] SPMT
[05:06:24] [189/459] LCTM
[05:06:24] [190/459] SCVL
[05:06:25] 🔄 Identity reset
[05:06:25] 🔄 Identity rotated (every 10 requests)
[05:06:25] [191/459] SCVT
[05:06:26] [192/459] KRIC
[05:06:27] [193/459] CTMG
[05:06:28] [194/459] ACNC
[05:06:30] [195/459] DMCK
[05:06:30] [196/459] KMTV
[05:06:31] [197/459] PFCJ
[05:06:32] [198/459] VNMD
[05:06:33] [199/459] VPCZ
[05:06:34] [200/459] SRYR
[05:06:34] 🔄 Identity reset
[05:06:34] 🔄 Identity rotated (every 10 requests)
[05:06:35] [201/459] SYTR
[05:06:37] [202/459] GATR
[05:06:38] [203/459] URTR
[05:06:38] [204/459] MKSM
[05:06:39] [205/459] VSMH
[05:06:40] [206/459] SKRJ
[05:06:41] [207/459] SSJR
[05:06:42] [208/459] SVSM
[05:06:43] [209/459] RUCM
[05:06:44] [210/459] PRKN
[05:06:44] 🔄 Identity reset
[05:06:44] 🔄 Identity rotated (every 10 requests)
[05:06:45] [211/459] RROH
[05:06:45] [212/459] SCTN
[05:06:46] [213/459] RTDM
[05:06:47] [214/459] ASRM
[05:06:48] [215/459] SKMD
[05:06:49] [216/459] SUTD
[05:06:49] [217/459] SADM
[05:06:50] [218/459] WCNR
[05:06:51] [219/459] CNED
[05:06:52] [220/459] MPDB
[05:06:53] 🔄 Identity reset
[05:06:53] 🔄 Identity rotated (every 10 requests)
[05:06:54] [221/459] KTBH
[05:06:55] [222/459] IDRM
[05:06:55] [223/459] PJJT
[05:06:57] [224/459] PFCV
[05:06:58] [225/459] AACT
[05:06:59] [226/459] AAAD
[05:06:59] [227/459] ANES
[05:07:00] [228/459] MNCA
[05:07:01] [229/459] RMGU
[05:07:02] [230/459] DLCN
[05:07:03] 🔄 Identity reset
[05:07:03] 🔄 Identity rotated (every 10 requests)
[05:07:03] [231/459] LJWT
[05:07:04] [232/459] MCBG
[05:07:05] [233/459] MYBG
[05:07:06] [234/459] GCCA
[05:07:07] [235/459] GCGA
[05:07:08] [236/459] ECGN
[05:07:08] [237/459] PRAB
[05:07:09] [238/459] PNMP
[05:07:10] [239/459] GCPT
[05:07:11] [240/459] ROYN
[05:07:11] 🔄 Identity reset
[05:07:11] 🔄 Identity rotated (every 10 requests)
[05:07:12] [241/459] VATM
[05:07:12] [242/459] KSNT
[05:07:13] [243/459] ACTC
[05:07:14] [244/459] PLTD
[05:07:16] [245/459] SKMK
[05:07:17] [246/459] CMTT
[05:07:18] [247/459] SMXP
[05:07:18] [248/459] SCMX
[05:07:19] [249/459] ACXN
[05:07:20] [250/459] ASWT
[05:07:21] 🔄 Identity reset
[05:07:21] 🔄 Identity rotated (every 10 requests)
[05:07:21] [251/459] VVVL
[05:07:22] [252/459] NAGO
[05:07:23] [253/459] SNCN
[05:07:24] [254/459] MCKP
[05:07:25] [255/459] SAMO
[05:07:26] [256/459] JBTV
[05:07:27] [257/459] DCVV
[05:07:28] [258/459] KMSV
[05:07:29] [259/459] KDCN
[05:07:29] [260/459] CNCP
[05:07:30] 🔄 Identity reset
[05:07:30] 🔄 Identity rotated (every 10 requests)
[05:07:30] [261/459] HAMC
[05:07:31] [262/459] CCVZ
[05:07:32] [263/459] NCCK
[05:07:33] [264/459] MCHR
[05:07:35] [265/459] SCHT
[05:07:35] [266/459] ESSH
[05:07:36] [267/459] CUJC
[05:07:37] [268/459] PECP
[05:07:38] [269/459] PMMI
[05:07:39] [270/459] PCCH
[05:07:40] 🔄 Identity reset
[05:07:40] 🔄 Identity rotated (every 10 requests)
[05:07:40] [271/459] PRPM
[05:07:41] [272/459] PVKL
[05:07:42] [273/459] CBSM
[05:07:43] [274/459] PVCZ
[05:07:43] [275/459] PCVV
[05:07:44] [276/459] CTMJ
[05:07:45] [277/459] RCPS
[05:07:46] [278/459] PCIT
[05:07:47] [279/459] FNCH
[05:07:48] [280/459] INZD
[05:07:48] 🔄 Identity reset
[05:07:48] 🔄 Identity rotated (every 10 requests)
[05:07:48] [281/459] INPC
[05:07:49] [282/459] LCZP
[05:07:51] [283/459] SMCB
[05:07:52] [284/459] PTSB
[05:07:52] [285/459] TPSI
[05:07:53] [286/459] KHMJ
[05:07:54] [287/459] RCCJ
[05:07:55] [288/459] NCJA
[05:07:56] [289/459] NCJN
[05:07:57] [290/459] BTDP
[05:07:57] 🔄 Identity reset
[05:07:57] 🔄 Identity rotated (every 10 requests)
[05:07:58] [291/459] PADY
[05:07:59] [292/459] NYBH
[05:07:59] [293/459] MTBR
[05:08:00] [294/459] KRBC
[05:08:02] [295/459] DKTI
[05:08:03] [296/459] ANAN
[05:08:04] [297/459] INBP
[05:08:05] [298/459] PATB
[05:08:06] [299/459] RGNT
[05:08:07] [300/459] CGPM
[05:08:07] 🔄 Identity reset
[05:08:07] 🔄 Identity rotated (every 10 requests)
[05:08:08] [301/459] INTN
[05:08:09] [302/459] MCMP
[05:08:10] [303/459] ASRG
[05:08:11] [304/459] CXJD
[05:08:12] [305/459] SPCP
[05:08:13] [306/459] CSTP
[05:08:14] [307/459] PKVC
[05:08:15] [308/459] ESCP
[05:08:15] [309/459] CAEP
[05:08:16] [310/459] CCSP
[05:08:17] 🔄 Identity reset
[05:08:17] 🔄 Identity rotated (every 10 requests)
[05:08:17] [311/459] KTPC
[05:08:18] [312/459] DACA
[05:08:19] [313/459] NVKY
[05:08:20] [314/459] PTIN
[05:08:21] [315/459] SCIN
[05:08:22] [316/459] MCTY
[05:08:23] [317/459] PCMX
[05:08:24] [318/459] INIC
[05:08:24] [319/459] MMZM
[05:08:25] [320/459] SSLP
[05:08:26] 🔄 Identity reset
[05:08:26] 🔄 Identity rotated (every 10 requests)
[05:08:26] [321/459] DTDT
[05:08:27] [322/459] FFCX
[05:08:28] [323/459] RCMM
[05:08:29] [324/459] KYID
[05:08:30] [325/459] CSCI
[05:08:31] [326/459] FCMC
[05:08:32] [327/459] MMXI
[05:08:33] [328/459] ASTC
[05:08:34] [329/459] CMRA
[05:08:35] [330/459] DICI
[05:08:36] 🔄 Identity reset
[05:08:36] 🔄 Identity rotated (every 10 requests)
[05:08:36] [331/459] KDIN
[05:08:37] [332/459] PRFI
[05:08:38] [333/459] SVFC
[05:08:39] [334/459] UCPL
[05:08:39] [335/459] COOC
[05:08:41] [336/459] SCAL
[05:08:42] [337/459] SVFF
[05:08:43] [338/459] VCMG
[05:08:44] [339/459] UUCT
[05:08:45] [340/459] GCSE
[05:08:46] 🔄 Identity reset
[05:08:46] 🔄 Identity rotated (every 10 requests)
[05:08:46] [341/459] SUSC
[05:08:47] [342/459] MISC
[05:08:48] [343/459] RMBL
[05:08:48] [344/459] CMXN
[05:08:49] [345/459] PVBK
[05:08:50] [346/459] HHCG
[05:08:51] [347/459] SCAG
[05:08:52] [348/459] CNPR
[05:08:53] [349/459] CSER
[05:08:54] [350/459] HLWD
[05:08:54] 🔄 Identity reset
[05:08:54] 🔄 Identity rotated (every 10 requests)
[05:08:55] [351/459] BOLY
[05:08:56] [352/459] SSPG
[05:08:56] [353/459] MUPX
[05:08:57] [354/459] HAMR
[05:08:58] [355/459] SDNC
[05:08:59] [356/459] RTEN
[05:09:01] [357/459] SDTD
[05:09:01] [358/459] KAWS
[05:09:02] [359/459] CMZX
[05:09:03] [360/459] DCDD
[05:09:04] 🔄 Identity reset
[05:09:04] 🔄 Identity rotated (every 10 requests)
[05:09:04] [361/459] ALSN
[05:09:05] [362/459] IMXS
[05:09:06] [363/459] PVFF
[05:09:07] [364/459] PVOO
[05:09:08] [365/459] CFBS
[05:09:08] [366/459] PVER
[05:09:09] [367/459] PPNX
[05:09:10] [368/459] CNRM
[05:09:11] [369/459] PVWW
[05:09:12] [370/459] INMB
[05:09:12] 🔄 Identity reset
[05:09:12] 🔄 Identity rotated (every 10 requests)
[05:09:13] [371/459] CPJR
[05:09:13] [372/459] INRZ
[05:09:14] [373/459] PMSR
[05:09:15] [374/459] GPGM
[05:09:16] [375/459] PGWB
[05:09:17] [376/459] PMBR
[05:09:18] [377/459] GPAM
[05:09:20] [378/459] INBC
[05:09:21] [379/459] PZVK
[05:09:22] [380/459] CPEB
[05:09:22] 🔄 Identity reset
[05:09:22] 🔄 Identity rotated (every 10 requests)
[05:09:23] [381/459] FMLB
[05:09:23] [382/459] INBG
[05:09:24] [383/459] GPBR
[05:09:25] [384/459] PAAS
[05:09:27] [385/459] VTBR
[05:09:28] [386/459] GPMY
[05:09:28] [387/459] GYBU
[05:09:29] [388/459] INBJ
[05:09:30] [389/459] LKTH
[05:09:31] [390/459] NSBR
[05:09:31] 🔄 Identity reset
[05:09:31] 🔄 Identity rotated (every 10 requests)
[05:09:32] [391/459] PDRD
[05:09:33] [392/459] VRBL
[05:09:33] [393/459] VTGB
[05:09:34] [394/459] VTSK
[05:09:35] [395/459] BKDV
[05:09:36] [396/459] SVTB
[05:09:37] [397/459] MLDT
[05:09:38] [398/459] NRBL
[05:09:39] [399/459] SLTR
[05:09:40] [400/459] VNKA
[05:09:40] 🔄 Identity reset
[05:09:40] 🔄 Identity rotated (every 10 requests)
[05:09:41] [401/459] TDCA
[05:09:42] [402/459] INBM
[05:09:42] [403/459] SSNR
[05:09:43] [404/459] BHAC
[05:09:44] [405/459] SDSD
[05:09:45] [406/459] SAMP
[05:09:46] [407/459] RATK
[05:09:46] [408/459] KCBI
[05:09:47] [409/459] URBL
[05:09:48] [410/459] MKBG
[05:09:49] 🔄 Identity reset
[05:09:49] 🔄 Identity rotated (every 10 requests)
[05:09:49] [411/459] ASTB
[05:09:50] [412/459] VBWT
[05:09:50] [413/459] GPSM
[05:09:52] [414/459] ROON
[05:09:53] [415/459] CHTH
[05:09:54] [416/459] SSPA
[05:09:54] [417/459] ANBL
[05:09:55] [418/459] VTBE
[05:09:56] [419/459] SVKT
[05:09:57] [420/459] SVYK
[05:09:58] 🔄 Identity reset
[05:09:58] 🔄 Identity rotated (every 10 requests)
[05:09:58] [421/459] PTBK
[05:09:59] [422/459] RKTB
[05:10:00] [423/459] BALT
[05:10:01] [424/459] STSV
[05:10:02] [425/459] VCCB
[05:10:02] [426/459] SLTB
[05:10:03] [427/459] SBCR
[05:10:04] [428/459] VDCS
[05:10:05] [429/459] MDKI
[05:10:06] [430/459] SMRN
[05:10:06] 🔄 Identity reset
[05:10:06] 🔄 Identity rotated (every 10 requests)
[05:10:06] [431/459] PTBC
[05:10:07] [432/459] RADI
[05:10:08] [433/459] ADCR
[05:10:09] [434/459] SDCS
[05:10:10] [435/459] SRPJ
[05:10:10] [436/459] ARTS
[05:10:11] [437/459] SRHK
[05:10:12] [438/459] SPAY
[05:10:13] [439/459] GPTB
[05:10:14] [440/459] SNNN
[05:10:15] 🔄 Identity reset
[05:10:15] 🔄 Identity rotated (every 10 requests)
[05:10:15] [441/459] BALJ
[05:10:16] [442/459] TRIG
[05:10:17] [443/459] GTYT
[05:10:18] [444/459] ATGN
[05:10:18] [445/459] ANTE
[05:10:19] [446/459] BDCG
[05:10:20] [447/459] VECI
[05:10:21] [448/459] SCPR
[05:10:22] [449/459] RTEA
[05:10:24] [450/459] JSAI
[05:10:24] 🔄 Identity reset
[05:10:24] 🔄 Identity rotated (every 10 requests)
[05:10:25] [451/459] VJTP
[05:10:26] [452/459] GNDS
[05:10:27] [453/459] PAXA
[05:10:28] [454/459] CGGM
[05:10:28] [455/459] ACKZ
[05:10:29] [456/459] EMCC
[05:10:30] [457/459] KLSK
[05:10:31] [458/459] AVCK
[05:10:32] [459/459] JTCK
[05:10:33] 🧹 Deduping shows
[05:10:33] ✅ DONE | Shows=195 | Movies=33
[22:28:38] 🚀 SCRIPT STARTED (enhanced anti‑detection)
[22:28:38] [1/459] NECA
[22:28:39] 🧠 New identity created
[22:28:39] [2/459] BJLC
[22:28:40] [3/459] BASU
[22:28:41] [4/459] RUPI
[22:28:42] [5/459] LCBK
[22:28:42] [6/459] PMAC
[22:28:43] [7/459] AMLC
[22:28:44] [8/459] LICL
[22:28:45] [9/459] UDMM
[22:28:47] [10/459] STBZ
[22:28:47] 🔄 Identity reset
[22:28:47] 🔄 Identity rotated (every 10 requests)
[22:28:47] [11/459] UUBT
[22:28:49] [12/459] SJKC
[22:28:50] [13/459] TUAL
[22:28:51] [14/459] MRSE
[22:28:52] [15/459] RMRK
[22:28:53] [16/459] TTKP
[22:28:53] [17/459] KTKO
[22:28:55] [18/459] SDBK
[22:28:56] [19/459] MCPR
[22:28:57] [20/459] CHTI
[22:28:57] 🔄 Identity reset
[22:28:58] 🔄 Identity rotated (every 10 requests)
[22:28:58] [21/459] GCCP
[22:28:59] [22/459] SRMY
[22:29:00] [23/459] NYST
[22:29:01] [24/459] NYAG
[22:29:01] [25/459] SBMT
[22:29:02] [26/459] INGA
[22:29:03] [27/459] WSIC
[22:29:04] [28/459] SCSS
[22:29:05] [29/459] COPG
[22:29:05] [30/459] RCGR
[22:29:06] 🔄 Identity reset
[22:29:06] 🔄 Identity rotated (every 10 requests)
[22:29:06] [31/459] TCZA
[22:29:07] [32/459] CNLP
[22:29:08] [33/459] CLKN
[22:29:09] [34/459] LHDF
[22:29:10] [35/459] ELKC
[22:29:11] [36/459] VCEM
[22:29:12] [37/459] SSZA
[22:29:13] [38/459] KRMT
[22:29:14] [39/459] LCMV
[22:29:15] [40/459] AYCZ
[22:29:16] 🔄 Identity reset
[22:29:16] 🔄 Identity rotated (every 10 requests)
[22:29:16] [41/459] CUMS
[22:29:17] [42/459] BOCK
[22:29:19] [43/459] PNMR
[22:29:19] [44/459] PJCP
[22:29:21] [45/459] JDDD
[22:29:23] [46/459] STMS
[22:29:23] [47/459] FLMB
[22:29:24] [48/459] PKCM
[22:29:25] [49/459] SPPR
[22:29:26] [50/459] EYLH
[22:29:27] 🔄 Identity reset
[22:29:27] 🔄 Identity rotated (every 10 requests)
[22:29:27] [51/459] RJCC
[22:29:29] [52/459] MMPS
[22:29:29] [53/459] SHMX
[22:29:31] [54/459] CCNL
[22:29:32] [55/459] RCNV
[22:29:33] [56/459] MAAG
[22:29:34] [57/459] LXCM
[22:29:35] [58/459] RCNI
[22:29:36] [59/459] SNNI
[22:29:37] [60/459] LALC
[22:29:37] 🔄 Identity reset
[22:29:37] 🔄 Identity rotated (every 10 requests)
[22:29:37] [61/459] SOCN
[22:29:38] [62/459] JHTP
[22:29:39] [63/459] PITP
[22:29:41] [64/459] CCKW
[22:29:42] [65/459] MCMC
[22:29:44] [66/459] DEES
[22:29:44] [67/459] SABT
[22:29:45] [68/459] VSPP
[22:29:47] [69/459] ABCT
[22:29:47] [70/459] JVTB
[22:29:48] 🔄 Identity reset
[22:29:48] 🔄 Identity rotated (every 10 requests)
[22:29:48] [71/459] VCBD
[22:29:49] [72/459] RMGG
[22:29:50] [73/459] RNMH
[22:29:51] [74/459] SPGL
[22:29:52] [75/459] JTTR
[22:29:53] [76/459] SICS
[22:29:54] [77/459] SRMI
[22:29:55] [78/459] SSIJ
[22:29:56] [79/459] KFMT
[22:29:57] [80/459] VBIT
[22:29:57] 🔄 Identity reset
[22:29:57] 🔄 Identity rotated (every 10 requests)
[22:29:58] [81/459] JKCT
[22:29:59] [82/459] GCGP
[22:30:00] [83/459] GDCS
[22:30:01] [84/459] TRBA
[22:30:02] [85/459] QUST
[22:30:03] [86/459] VSHM
[22:30:04] [87/459] SDCP
[22:30:05] [88/459] SNVS
[22:30:06] [89/459] NYTO
[22:30:07] [90/459] URWC
[22:30:08] 🔄 Identity reset
[22:30:08] 🔄 Identity rotated (every 10 requests)
[22:30:08] [91/459] GTWH
[22:30:09] [92/459] PFCM
[22:30:10] [93/459] KRTA
[22:30:11] [94/459] AXMC
[22:30:12] [95/459] EVMC
[22:30:13] [96/459] HGSM
[22:30:14] [97/459] ACVM
[22:30:15] [98/459] PSKL
[22:30:16] [99/459] RDMP
[22:30:17] [100/459] RHGH
[22:30:18] 🔄 Identity reset
[22:30:18] 🔄 Identity rotated (every 10 requests)
[22:30:18] [101/459] OMCM
[22:30:19] [102/459] DCCP
[22:30:19] [103/459] MCPB
[22:30:20] [104/459] ALCI
[22:30:21] [105/459] BLMX
[22:30:22] [106/459] BTMV
[22:30:23] [107/459] FVPN
[22:30:25] [108/459] CMAR
[22:30:25] [109/459] CEIM
[22:30:26] [110/459] CMVA
[22:30:27] 🔄 Identity reset
[22:30:27] 🔄 Identity rotated (every 10 requests)
[22:30:27] [111/459] CPIV
[22:30:29] [112/459] CNPE
[22:30:31] [113/459] COLV
[22:30:31] [114/459] DNNV
[22:30:32] [115/459] HCAD
[22:30:33] [116/459] TAKA
[22:30:34] [117/459] INVD
[22:30:36] [118/459] IRMM
[22:30:36] [119/459] INSE
[22:30:37] [120/459] MRSW
[22:30:38] 🔄 Identity reset
[22:30:38] 🔄 Identity rotated (every 10 requests)
[22:30:39] [121/459] MCVD
[22:30:40] [122/459] MCSO
[22:30:41] [123/459] PEVM
[22:30:42] [124/459] PVNL
[22:30:42] [125/459] PTCV
[22:30:43] [126/459] PRTC
[22:30:44] [127/459] RCVA
[22:30:45] [128/459] MTBN
[22:30:46] [129/459] LUCP
[22:30:47] [130/459] FMPT
[22:30:48] 🔄 Identity reset
[22:30:48] 🔄 Identity rotated (every 10 requests)
[22:30:48] [131/459] JLSL
[22:30:49] [132/459] SBHA
[22:30:50] [133/459] SHRC
[22:30:50] [134/459] AVPS
[22:30:51] [135/459] STPM
[22:30:52] [136/459] ATRD
[22:30:53] [137/459] VTED
[22:30:54] [138/459] ACAI
[22:30:56] [139/459] SMAE
[22:30:57] [140/459] VMAT
[22:30:57] 🔄 Identity reset
[22:30:57] 🔄 Identity rotated (every 10 requests)
[22:30:58] [141/459] LKCT
[22:30:58] [142/459] JTVK
[22:30:59] [143/459] PRTY
[22:31:00] [144/459] GETT
[22:31:01] [145/459] ESAP
[22:31:02] [146/459] NCPM
[22:31:03] [147/459] PCPA
[22:31:03] [148/459] MMOM
[22:31:04] [149/459] PHUP
[22:31:05] [150/459] CCPI
[22:31:06] 🔄 Identity reset
[22:31:06] 🔄 Identity rotated (every 10 requests)
[22:31:06] [151/459] CNTD
[22:31:07] [152/459] NLJR
[22:31:08] [153/459] SRNG
[22:31:09] [154/459] MHAL
[22:31:10] [155/459] PNSM
[22:31:11] [156/459] DRMY
[22:31:12] [157/459] CCMU
[22:31:13] [158/459] SCMY
[22:31:14] [159/459] PVSY
[22:31:15] [160/459] SDLM
[22:31:16] 🔄 Identity reset
[22:31:16] 🔄 Identity rotated (every 10 requests)
[22:31:16] [161/459] ICCM
[22:31:17] [162/459] PYSU
[22:31:18] [163/459] GATM
[22:31:19] [164/459] WOTM
[22:31:20] [165/459] RKTS
[22:31:21] [166/459] PMTY
[22:31:22] [167/459] LYMS
[22:31:23] [168/459] TGCA
[22:31:24] [169/459] DSTA
[22:31:25] [170/459] CNGE
[22:31:25] 🔄 Identity reset
[22:31:25] 🔄 Identity rotated (every 10 requests)
[22:31:26] [171/459] VSTG
[22:31:27] [172/459] GTCK
[22:31:27] [173/459] TGNT
[22:31:28] [174/459] ASLC
[22:31:29] [175/459] SSST
[22:31:31] [176/459] KBTT
[22:31:33] [177/459] HKCP
[22:31:34] [178/459] SWLC
[22:31:34] [179/459] RTND
[22:31:35] [180/459] PKKT
[22:31:36] 🔄 Identity reset
[22:31:36] 🔄 Identity rotated (every 10 requests)
[22:31:37] [181/459] HSTK
[22:31:38] [182/459] SPTT
[22:31:39] [183/459] IMPM
[22:31:40] [184/459] SCMV
[22:31:41] [185/459] SPCT
[22:31:42] [186/459] JBCA
[22:31:43] [187/459] ATTR
[22:31:44] [188/459] SPMT
[22:31:45] [189/459] LCTM
[22:31:46] [190/459] SCVL
[22:31:46] 🔄 Identity reset
[22:31:46] 🔄 Identity rotated (every 10 requests)
[22:31:47] [191/459] SCVT
[22:31:48] [192/459] KRIC
[22:31:49] [193/459] CTMG
[22:31:49] [194/459] ACNC
[22:31:50] [195/459] DMCK
[22:31:51] [196/459] KMTV
[22:31:52] [197/459] PFCJ
[22:31:54] [198/459] VNMD
[22:31:55] [199/459] VPCZ
[22:31:55] [200/459] SRYR
[22:31:56] 🔄 Identity reset
[22:31:56] 🔄 Identity rotated (every 10 requests)
[22:31:57] [201/459] SYTR
[22:31:58] [202/459] GATR
[22:31:59] [203/459] URTR
[22:31:59] [204/459] MKSM
[22:32:00] [205/459] VSMH
[22:32:01] [206/459] SKRJ
[22:32:02] [207/459] SSJR
[22:32:03] [208/459] SVSM
[22:32:04] [209/459] RUCM
[22:32:04] [210/459] PRKN
[22:32:05] 🔄 Identity reset
[22:32:05] 🔄 Identity rotated (every 10 requests)
[22:32:05] [211/459] RROH
[22:32:06] [212/459] SCTN
[22:32:08] [213/459] RTDM
[22:32:09] [214/459] ASRM
[22:32:10] [215/459] SKMD
[22:32:11] [216/459] SUTD
[22:32:13] [217/459] SADM
[22:32:14] [218/459] WCNR
[22:32:15] [219/459] CNED
[22:32:16] [220/459] MPDB
[22:32:16] 🔄 Identity reset
[22:32:16] 🔄 Identity rotated (every 10 requests)
[22:32:17] [221/459] KTBH
[22:32:18] [222/459] IDRM
[22:32:20] [223/459] PJJT
[22:32:21] [224/459] PFCV
[22:32:22] [225/459] AACT
[22:32:22] [226/459] AAAD
[22:32:23] [227/459] ANES
[22:32:24] [228/459] MNCA
[22:32:25] [229/459] RMGU
[22:32:26] [230/459] DLCN
[22:32:27] 🔄 Identity reset
[22:32:27] 🔄 Identity rotated (every 10 requests)
[22:32:27] [231/459] LJWT
[22:32:28] [232/459] MCBG
[22:32:29] [233/459] MYBG
[22:32:30] [234/459] GCCA
[22:32:31] [235/459] GCGA
[22:32:33] [236/459] ECGN
[22:32:34] [237/459] PRAB
[22:32:34] [238/459] PNMP
[22:32:35] [239/459] GCPT
[22:32:36] [240/459] ROYN
[22:32:37] 🔄 Identity reset
[22:32:37] 🔄 Identity rotated (every 10 requests)
[22:32:37] [241/459] VATM
[22:32:38] [242/459] KSNT
[22:32:39] [243/459] ACTC
[22:32:40] [244/459] PLTD
[22:32:41] [245/459] SKMK
[22:32:42] [246/459] CMTT
[22:32:43] [247/459] SMXP
[22:32:44] [248/459] SCMX
[22:32:45] [249/459] ACXN
[22:32:46] [250/459] ASWT
[22:32:46] 🔄 Identity reset
[22:32:47] 🔄 Identity rotated (every 10 requests)
[22:32:47] [251/459] VVVL
[22:32:48] [252/459] NAGO
[22:32:49] [253/459] SNCN
[22:32:50] [254/459] MCKP
[22:32:52] [255/459] SAMO
[22:32:53] [256/459] JBTV
[22:32:54] [257/459] DCVV
[22:32:54] [258/459] KMSV
[22:32:55] [259/459] KDCN
[22:32:57] [260/459] CNCP
[22:32:57] 🔄 Identity reset
[22:32:57] 🔄 Identity rotated (every 10 requests)
[22:32:57] [261/459] HAMC
[22:32:58] [262/459] CCVZ
[22:32:59] [263/459] NCCK
[22:33:00] [264/459] MCHR
[22:33:01] [265/459] SCHT
[22:33:02] [266/459] ESSH
[22:33:03] [267/459] CUJC
[22:33:03] [268/459] PECP
[22:33:04] [269/459] PMMI
[22:33:05] [270/459] PCCH
[22:33:06] 🔄 Identity reset
[22:33:06] 🔄 Identity rotated (every 10 requests)
[22:33:06] [271/459] PRPM
[22:33:07] [272/459] PVKL
[22:33:08] [273/459] CBSM
[22:33:09] [274/459] PVCZ
[22:33:10] [275/459] PCVV
[22:33:11] [276/459] CTMJ
[22:33:11] [277/459] RCPS
[22:33:12] [278/459] PCIT
[22:33:13] [279/459] FNCH
[22:33:14] [280/459] INZD
[22:33:14] 🔄 Identity reset
[22:33:14] 🔄 Identity rotated (every 10 requests)
[22:33:15] [281/459] INPC
[22:33:15] [282/459] LCZP
[22:33:16] [283/459] SMCB
[22:33:17] [284/459] PTSB
[22:33:18] [285/459] TPSI
[22:33:19] [286/459] KHMJ
[22:33:20] [287/459] RCCJ
[22:33:21] [288/459] NCJA
[22:33:22] [289/459] NCJN
[22:33:23] [290/459] BTDP
[22:33:24] 🔄 Identity reset
[22:33:24] 🔄 Identity rotated (every 10 requests)
[22:33:24] [291/459] PADY
[22:33:25] [292/459] NYBH
[22:33:26] [293/459] MTBR
[22:33:27] [294/459] KRBC
[22:33:27] [295/459] DKTI
[22:33:28] [296/459] ANAN
[22:33:29] [297/459] INBP
[22:33:30] [298/459] PATB
[22:33:31] [299/459] RGNT
[22:33:32] [300/459] CGPM
[22:33:32] 🔄 Identity reset
[22:33:32] 🔄 Identity rotated (every 10 requests)
[22:33:33] [301/459] INTN
[22:33:34] [302/459] MCMP
[22:33:34] [303/459] ASRG
[22:33:35] [304/459] CXJD
[22:33:37] [305/459] SPCP
[22:33:37] [306/459] CSTP
[22:33:39] [307/459] PKVC
[22:33:40] [308/459] ESCP
[22:33:41] [309/459] CAEP
[22:33:42] [310/459] CCSP
[22:33:42] 🔄 Identity reset
[22:33:42] 🔄 Identity rotated (every 10 requests)
[22:33:43] [311/459] KTPC
[22:33:44] [312/459] DACA
[22:33:45] [313/459] NVKY
[22:33:45] [314/459] PTIN
[22:33:46] [315/459] SCIN
[22:33:47] [316/459] MCTY
[22:33:48] [317/459] PCMX
[22:33:49] [318/459] INIC
[22:33:50] [319/459] MMZM
[22:33:51] [320/459] SSLP
[22:33:52] 🔄 Identity reset
[22:33:52] 🔄 Identity rotated (every 10 requests)
[22:33:52] [321/459] DTDT
[22:33:53] [322/459] FFCX
[22:33:54] [323/459] RCMM
[22:33:55] [324/459] KYID
[22:33:56] [325/459] CSCI
[22:33:57] [326/459] FCMC
[22:33:58] [327/459] MMXI
[22:33:59] [328/459] ASTC
[22:34:00] [329/459] CMRA
[22:34:01] [330/459] DICI
[22:34:01] 🔄 Identity reset
[22:34:01] 🔄 Identity rotated (every 10 requests)
[22:34:01] [331/459] KDIN
[22:34:02] [332/459] PRFI
[22:34:03] [333/459] SVFC
[22:34:04] [334/459] UCPL
[22:34:06] [335/459] COOC
[22:34:08] [336/459] SCAL
[22:34:09] [337/459] SVFF
[22:34:09] [338/459] VCMG
[22:34:10] [339/459] UUCT
[22:34:11] [340/459] GCSE
[22:34:12] 🔄 Identity reset
[22:34:12] 🔄 Identity rotated (every 10 requests)
[22:34:12] [341/459] SUSC
[22:34:13] [342/459] MISC
[22:34:14] [343/459] RMBL
[22:34:15] [344/459] CMXN
[22:34:15] [345/459] PVBK
[22:34:16] [346/459] HHCG
[22:34:17] [347/459] SCAG
[22:34:18] [348/459] CNPR
[22:34:19] [349/459] CSER
[22:34:20] [350/459] HLWD
[22:34:21] 🔄 Identity reset
[22:34:21] 🔄 Identity rotated (every 10 requests)
[22:34:21] [351/459] BOLY
[22:34:22] [352/459] SSPG
[22:34:23] [353/459] MUPX
[22:34:24] [354/459] HAMR
[22:34:25] [355/459] SDNC
[22:34:26] [356/459] RTEN
[22:34:27] [357/459] SDTD
[22:34:27] [358/459] KAWS
[22:34:29] [359/459] CMZX
[22:34:30] [360/459] DCDD
[22:34:30] 🔄 Identity reset
[22:34:30] 🔄 Identity rotated (every 10 requests)
[22:34:32] [361/459] ALSN
[22:34:32] [362/459] IMXS
[22:34:33] [363/459] PVFF
[22:34:35] [364/459] PVOO
[22:34:35] [365/459] CFBS
[22:34:37] [366/459] PVER
[22:34:38] [367/459] PPNX
[22:34:39] [368/459] CNRM
[22:34:40] [369/459] PVWW
[22:34:40] [370/459] INMB
[22:34:41] 🔄 Identity reset
[22:34:41] 🔄 Identity rotated (every 10 requests)
[22:34:42] [371/459] CPJR
[22:34:42] [372/459] INRZ
[22:34:43] [373/459] PMSR
[22:34:44] [374/459] GPGM
[22:34:46] [375/459] PGWB
[22:34:47] [376/459] PMBR
[22:34:48] [377/459] GPAM
[22:34:49] [378/459] INBC
[22:34:50] [379/459] PZVK
[22:34:51] [380/459] CPEB
[22:34:51] 🔄 Identity reset
[22:34:51] 🔄 Identity rotated (every 10 requests)
[22:34:52] [381/459] FMLB
[22:34:53] [382/459] INBG
[22:34:54] [383/459] GPBR
[22:34:55] [384/459] PAAS
[22:34:56] [385/459] VTBR
[22:34:57] [386/459] GPMY
[22:34:58] [387/459] GYBU
[22:34:59] [388/459] INBJ
[22:35:00] [389/459] LKTH
[22:35:01] [390/459] NSBR
[22:35:01] 🔄 Identity reset
[22:35:01] 🔄 Identity rotated (every 10 requests)
[22:35:01] [391/459] PDRD
[22:35:02] [392/459] VRBL
[22:35:03] [393/459] VTGB
[22:35:04] [394/459] VTSK
[22:35:05] [395/459] BKDV
[22:35:06] [396/459] SVTB
[22:35:07] [397/459] MLDT
[22:35:07] [398/459] NRBL
[22:35:08] [399/459] SLTR
[22:35:09] [400/459] VNKA
[22:35:10] 🔄 Identity reset
[22:35:10] 🔄 Identity rotated (every 10 requests)
[22:35:10] [401/459] TDCA
[22:35:12] [402/459] INBM
[22:35:13] [403/459] SSNR
[22:35:14] [404/459] BHAC
[22:35:15] [405/459] SDSD
[22:35:16] [406/459] SAMP
[22:35:17] [407/459] RATK
[22:35:18] [408/459] KCBI
[22:35:19] [409/459] URBL
[22:35:19] [410/459] MKBG
[22:35:20] 🔄 Identity reset
[22:35:20] 🔄 Identity rotated (every 10 requests)
[22:35:20] [411/459] ASTB
[22:35:21] [412/459] VBWT
[22:35:22] [413/459] GPSM
[22:35:23] [414/459] ROON
[22:35:25] [415/459] CHTH
[22:35:26] [416/459] SSPA
[22:35:26] [417/459] ANBL
[22:35:27] [418/459] VTBE
[22:35:28] [419/459] SVKT
[22:35:29] [420/459] SVYK
[22:35:30] 🔄 Identity reset
[22:35:30] 🔄 Identity rotated (every 10 requests)
[22:35:31] [421/459] PTBK
[22:35:32] [422/459] RKTB
[22:35:33] [423/459] BALT
[22:35:34] [424/459] STSV
[22:35:36] [425/459] VCCB
[22:35:37] [426/459] SLTB
[22:35:37] [427/459] SBCR
[22:35:38] [428/459] VDCS
[22:35:39] [429/459] MDKI
[22:35:41] [430/459] SMRN
[22:35:41] 🔄 Identity reset
[22:35:42] 🔄 Identity rotated (every 10 requests)
[22:35:42] [431/459] PTBC
[22:35:43] [432/459] RADI
[22:35:43] [433/459] ADCR
[22:35:44] [434/459] SDCS
[22:35:45] [435/459] SRPJ
[22:35:46] [436/459] ARTS
[22:35:47] [437/459] SRHK
[22:35:48] [438/459] SPAY
[22:35:49] [439/459] GPTB
[22:35:49] [440/459] SNNN
[22:35:50] 🔄 Identity reset
[22:35:50] 🔄 Identity rotated (every 10 requests)
[22:35:50] [441/459] BALJ
[22:35:52] [442/459] TRIG
[22:35:53] [443/459] GTYT
[22:35:54] [444/459] ATGN
[22:35:54] [445/459] ANTE
[22:35:55] [446/459] BDCG
[22:35:56] [447/459] VECI
[22:35:57] [448/459] SCPR
[22:35:58] [449/459] RTEA
[22:35:59] [450/459] JSAI
[22:36:00] 🔄 Identity reset
[22:36:00] 🔄 Identity rotated (every 10 requests)
[22:36:00] [451/459] VJTP
[22:36:01] [452/459] GNDS
[22:36:02] [453/459] PAXA
[22:36:03] [454/459] CGGM
[22:36:04] [455/459] ACKZ
[22:36:04] [456/459] EMCC
[22:36:05] [457/459] KLSK
[22:36:06] [458/459] AVCK
[22:36:07] [459/459] JTCK
[22:36:08] 🧹 Deduping shows
[22:36:08] ✅ DONE | Shows=496 | Movies=47
[11:06:31] 🚀 SCRIPT STARTED
[11:06:31] [1/459] NECA
[11:06:31] 🧠 New identity created
[11:06:31] 🔄 Retry 1/5 for NECA in 2.8s
[11:06:31] 🔄 Identity reset
[11:06:34] 🧠 New identity created
[11:06:35] [2/459] BJLC
[11:06:36] [3/459] BASU
[11:06:36] [4/459] RUPI
[11:06:37] [5/459] LCBK
[11:06:38] [6/459] PMAC
[11:06:39] [7/459] AMLC
[11:06:40] [8/459] LICL
[11:06:41] [9/459] UDMM
[11:06:41] 🔄 Identity reset
[11:06:41] 🔄 Identity rotated (every 10 requests)
[11:06:42] [10/459] STBZ
[11:06:43] [11/459] UUBT
[11:06:43] [12/459] SJKC
[11:06:44] [13/459] TUAL
[11:06:45] [14/459] MRSE
[11:06:46] [15/459] RMRK
[11:06:47] [16/459] TTKP
[11:06:48] [17/459] KTKO
[11:06:49] [18/459] SDBK
[11:06:50] [19/459] MCPR
[11:06:50] 🔄 Identity reset
[11:06:50] 🔄 Identity rotated (every 10 requests)
[11:06:51] [20/459] CHTI
[11:06:52] [21/459] GCCP
[11:06:53] [22/459] SRMY
[11:06:54] [23/459] NYST
[11:06:55] [24/459] NYAG
[11:06:56] [25/459] SBMT
[11:06:57] [26/459] INGA
[11:06:58] [27/459] WSIC
[11:06:59] [28/459] SCSS
[11:06:59] [29/459] COPG
[11:06:59] 🔄 Identity reset
[11:06:59] 🔄 Identity rotated (every 10 requests)
[11:07:00] [30/459] RCGR
[11:07:01] [31/459] TCZA
[11:07:02] [32/459] CNLP
[11:07:04] [33/459] CLKN
[11:07:05] [34/459] LHDF
[11:07:05] [35/459] ELKC
[11:07:07] [36/459] VCEM
[11:07:08] [37/459] SSZA
[11:07:09] [38/459] KRMT
[11:07:10] [39/459] LCMV
[11:07:10] 🔄 Identity reset
[11:07:10] 🔄 Identity rotated (every 10 requests)
[11:07:10] 🔄 Retry 1/5 for LCMV in 2.4s
[11:07:10] 🔄 Identity reset
[11:07:12] 🧠 New identity created
[11:07:12] 🔄 Retry 2/5 for LCMV in 4.8s
[11:07:12] 🔄 Identity reset
[11:07:17] 🧠 New identity created
[11:07:18] [40/459] AYCZ
[11:07:19] [41/459] CUMS
[11:07:20] [42/459] BOCK
[11:07:22] [43/459] PNMR
[11:07:23] [44/459] PJCP
[11:07:23] [45/459] JDDD
[11:07:25] [46/459] STMS
[11:07:25] [47/459] FLMB
[11:07:25] 🔄 Identity reset
[11:07:25] 🔄 Identity rotated (every 10 requests)
[11:07:26] [48/459] PKCM
[11:07:27] [49/459] SPPR
[11:07:29] [50/459] EYLH
[11:07:30] [51/459] RJCC
[11:07:31] [52/459] MMPS
[11:07:32] [53/459] SHMX
[11:07:33] [54/459] CCNL
[11:07:34] [55/459] RCNV
[11:07:35] [56/459] MAAG
[11:07:36] [57/459] LXCM
[11:07:36] 🔄 Identity reset
[11:07:36] 🔄 Identity rotated (every 10 requests)
[11:07:36] 🔄 Retry 1/5 for LXCM in 2.8s
[11:07:36] 🔄 Identity reset
[11:07:39] 🧠 New identity created
[11:07:40] [58/459] RCNI
[11:07:41] [59/459] SNNI
[11:07:42] [60/459] LALC
[11:07:43] [61/459] SOCN
[11:07:44] [62/459] JHTP
[11:07:45] [63/459] PITP
[11:07:46] [64/459] CCKW
[11:07:47] [65/459] MCMC
[11:07:48] [66/459] DEES
[11:07:48] 🔄 Identity reset
[11:07:48] 🔄 Identity rotated (every 10 requests)
[11:07:48] 🔄 Retry 1/5 for DEES in 2.2s
[11:07:48] 🔄 Identity reset
[11:07:50] 🧠 New identity created
[11:07:52] [67/459] SABT
[11:07:53] [68/459] VSPP
[11:07:54] [69/459] ABCT
[11:07:55] [70/459] JVTB
[11:07:56] [71/459] VCBD
[11:07:57] [72/459] RMGG
[11:07:58] [73/459] RNMH
[11:07:58] [74/459] SPGL
[11:07:59] [75/459] JTTR
[11:07:59] 🔄 Identity reset
[11:07:59] 🔄 Identity rotated (every 10 requests)
[11:08:00] [76/459] SICS
[11:08:01] [77/459] SRMI
[11:08:02] [78/459] SSIJ
[11:08:03] [79/459] KFMT
[11:08:04] [80/459] VBIT
[11:08:04] [81/459] JKCT
[11:08:05] [82/459] GCGP
[11:08:06] [83/459] GDCS
[11:08:07] [84/459] TRBA
[11:08:08] [85/459] QUST
[11:08:08] 🔄 Identity reset
[11:08:08] 🔄 Identity rotated (every 10 requests)
[11:08:09] [86/459] VSHM
[11:08:10] [87/459] SDCP
[11:08:11] [88/459] SNVS
[11:08:12] [89/459] NYTO
[11:08:13] [90/459] URWC
[11:08:14] [91/459] GTWH
[11:08:15] [92/459] PFCM
[11:08:16] [93/459] KRTA
[11:08:17] [94/459] AXMC
[11:08:18] [95/459] EVMC
[11:08:18] 🔄 Identity reset
[11:08:18] 🔄 Identity rotated (every 10 requests)
[11:08:18] 🔄 Retry 1/5 for EVMC in 2.7s
[11:08:18] 🔄 Identity reset
[11:08:20] 🧠 New identity created
[11:08:21] [96/459] HGSM
[11:08:22] [97/459] ACVM
[11:08:23] [98/459] PSKL
[11:08:24] [99/459] RDMP
[11:08:24] [100/459] RHGH
[11:08:25] [101/459] OMCM
[11:08:27] [102/459] DCCP
[11:08:28] [103/459] MCPB
[11:08:29] [104/459] ALCI
[11:08:29] 🔄 Identity reset
[11:08:29] 🔄 Identity rotated (every 10 requests)
[11:08:30] [105/459] BLMX
[11:08:31] [106/459] BTMV
[11:08:31] [107/459] FVPN
[11:08:32] [108/459] CMAR
[11:08:34] [109/459] CEIM
[11:08:35] [110/459] CMVA
[11:08:36] [111/459] CPIV
[11:08:36] [112/459] CNPE
[11:08:37] [113/459] COLV
[11:08:38] [114/459] DNNV
[11:08:38] 🔄 Identity reset
[11:08:38] 🔄 Identity rotated (every 10 requests)
[11:08:39] [115/459] HCAD
[11:08:40] [116/459] TAKA
[11:08:41] [117/459] INVD
[11:08:42] [118/459] IRMM
[11:08:43] [119/459] INSE
[11:08:45] [120/459] MRSW
[11:08:46] [121/459] MCVD
[11:08:47] [122/459] MCSO
[11:08:48] [123/459] PEVM
[11:08:48] [124/459] PVNL
[11:08:48] 🔄 Identity reset
[11:08:48] 🔄 Identity rotated (every 10 requests)
[11:08:49] 🔄 Retry 1/5 for PVNL in 2.7s
[11:08:49] 🔄 Identity reset
[11:08:51] 🧠 New identity created
[11:08:52] [125/459] PTCV
[11:08:53] [126/459] PRTC
[11:08:54] [127/459] RCVA
[11:08:55] [128/459] MTBN
[11:08:56] [129/459] LUCP
[11:08:57] [130/459] FMPT
[11:08:58] [131/459] JLSL
[11:08:59] [132/459] SBHA
[11:09:00] [133/459] SHRC
[11:09:00] 🔄 Identity reset
[11:09:00] 🔄 Identity rotated (every 10 requests)
[11:09:00] 🔄 Retry 1/5 for SHRC in 2.3s
[11:09:00] 🔄 Identity reset
[11:09:03] 🧠 New identity created
[11:09:04] [134/459] AVPS
[11:09:05] [135/459] STPM
[11:09:06] [136/459] ATRD
[11:09:07] [137/459] VTED
[11:09:08] [138/459] ACAI
[11:09:09] [139/459] SMAE
[11:09:10] [140/459] VMAT
[11:09:11] [141/459] LKCT
[11:09:12] [142/459] JTVK
[11:09:12] 🔄 Identity reset
[11:09:12] 🔄 Identity rotated (every 10 requests)
[11:09:13] [143/459] PRTY
[11:09:14] [144/459] GETT
[11:09:15] [145/459] ESAP
[11:09:16] [146/459] NCPM
[11:09:17] [147/459] PCPA
[11:09:18] [148/459] MMOM
[11:09:19] [149/459] PHUP
[11:09:19] [150/459] CCPI
[11:09:20] [151/459] CNTD
[11:09:21] [152/459] NLJR
[11:09:21] 🔄 Identity reset
[11:09:21] 🔄 Identity rotated (every 10 requests)
[11:09:22] [153/459] SRNG
[11:09:23] [154/459] MHAL
[11:09:24] [155/459] PNSM
[11:09:25] [156/459] DRMY
[11:09:26] [157/459] CCMU
[11:09:26] [158/459] SCMY
[11:09:28] [159/459] PVSY
[11:09:29] [160/459] SDLM
[11:09:30] [161/459] ICCM
[11:09:30] [162/459] PYSU
[11:09:30] 🔄 Identity reset
[11:09:30] 🔄 Identity rotated (every 10 requests)
[11:09:31] [163/459] GATM
[11:09:32] [164/459] WOTM
[11:09:33] [165/459] RKTS
[11:09:34] [166/459] PMTY
[11:09:35] [167/459] LYMS
[11:09:37] [168/459] TGCA
[11:09:38] [169/459] DSTA
[11:09:39] [170/459] CNGE
[11:09:40] [171/459] VSTG
[11:09:41] [172/459] GTCK
[11:09:41] 🔄 Identity reset
[11:09:41] 🔄 Identity rotated (every 10 requests)
[11:09:42] [173/459] TGNT
[11:09:42] [174/459] ASLC
[11:09:44] [175/459] SSST
[11:09:45] [176/459] KBTT
[11:09:45] [177/459] HKCP
[11:09:46] [178/459] SWLC
[11:09:47] [179/459] RTND
[11:09:48] [180/459] PKKT
[11:09:49] [181/459] HSTK
[11:09:50] [182/459] SPTT
[11:09:50] 🔄 Identity reset
[11:09:50] 🔄 Identity rotated (every 10 requests)
[11:09:51] [183/459] IMPM
[11:09:52] [184/459] SCMV
[11:09:53] [185/459] SPCT
[11:09:54] [186/459] JBCA
[11:09:55] [187/459] ATTR
[11:09:56] [188/459] SPMT
[11:09:57] [189/459] LCTM
[11:09:58] [190/459] SCVL
[11:09:58] [191/459] SCVT
[11:09:59] [192/459] KRIC
[11:09:59] 🔄 Identity reset
[11:09:59] 🔄 Identity rotated (every 10 requests)
[11:10:00] [193/459] CTMG
[11:10:01] [194/459] ACNC
[11:10:02] [195/459] DMCK
[11:10:03] [196/459] KMTV
[11:10:04] [197/459] PFCJ
[11:10:05] [198/459] VNMD
[11:10:05] [199/459] VPCZ
[11:10:06] [200/459] SRYR
[11:10:08] [201/459] SYTR
[11:10:09] [202/459] GATR
[11:10:09] 🔄 Identity reset
[11:10:09] 🔄 Identity rotated (every 10 requests)
[11:10:09] 🔄 Retry 1/5 for GATR in 3.0s
[11:10:09] 🔄 Identity reset
[11:10:12] 🧠 New identity created
[11:10:13] [203/459] URTR
[11:10:14] [204/459] MKSM
[11:10:15] [205/459] VSMH
[11:10:16] [206/459] SKRJ
[11:10:17] [207/459] SSJR
[11:10:18] [208/459] SVSM
[11:10:19] [209/459] RUCM
[11:10:20] [210/459] PRKN
[11:10:20] [211/459] RROH
[11:10:20] 🔄 Identity reset
[11:10:20] 🔄 Identity rotated (every 10 requests)
[11:10:21] [212/459] SCTN
[11:10:22] [213/459] RTDM
[11:10:23] [214/459] ASRM
[11:10:24] [215/459] SKMD
[11:10:25] [216/459] SUTD
[11:10:25] [217/459] SADM
[11:10:26] [218/459] WCNR
[11:10:27] [219/459] CNED
[11:10:29] [220/459] MPDB
[11:10:31] [221/459] KTBH
[11:10:31] 🔄 Identity reset
[11:10:31] 🔄 Identity rotated (every 10 requests)
[11:10:32] [222/459] IDRM
[11:10:33] [223/459] PJJT
[11:10:34] [224/459] PFCV
[11:10:35] [225/459] AACT
[11:10:36] [226/459] AAAD
[11:10:37] [227/459] ANES
[11:10:37] [228/459] MNCA
[11:10:38] [229/459] RMGU
[11:10:39] [230/459] DLCN
[11:10:40] [231/459] LJWT
[11:10:40] 🔄 Identity reset
[11:10:40] 🔄 Identity rotated (every 10 requests)
[11:10:41] [232/459] MCBG
[11:10:42] [233/459] MYBG
[11:10:43] [234/459] GCCA
[11:10:44] [235/459] GCGA
[11:10:45] [236/459] ECGN
[11:10:46] [237/459] PRAB
[11:10:47] [238/459] PNMP
[11:10:48] [239/459] GCPT
[11:10:49] [240/459] ROYN
[11:10:50] [241/459] VATM
[11:10:50] 🔄 Identity reset
[11:10:50] 🔄 Identity rotated (every 10 requests)
[11:10:50] [242/459] KSNT
[11:10:52] [243/459] ACTC
[11:10:53] [244/459] PLTD
[11:10:54] [245/459] SKMK
[11:10:55] [246/459] CMTT
[11:10:57] [247/459] SMXP
[11:10:58] [248/459] SCMX
[11:10:59] [249/459] ACXN
[11:11:00] [250/459] ASWT
[11:11:01] [251/459] VVVL
[11:11:01] 🔄 Identity reset
[11:11:01] 🔄 Identity rotated (every 10 requests)
[11:11:02] [252/459] NAGO
[11:11:02] [253/459] SNCN
[11:11:03] [254/459] MCKP
[11:11:04] [255/459] SAMO
[11:11:06] [256/459] JBTV
[11:11:07] [257/459] DCVV
[11:11:08] [258/459] KMSV
[11:11:09] [259/459] KDCN
[11:11:10] [260/459] CNCP
[11:11:10] [261/459] HAMC
[11:11:10] 🔄 Identity reset
[11:11:10] 🔄 Identity rotated (every 10 requests)
[11:11:11] [262/459] CCVZ
[11:11:12] [263/459] NCCK
[11:11:13] [264/459] MCHR
[11:11:14] [265/459] SCHT
[11:11:15] [266/459] ESSH
[11:11:16] [267/459] CUJC
[11:11:16] [268/459] PECP
[11:11:17] [269/459] PMMI
[11:11:18] [270/459] PCCH
[11:11:19] [271/459] PRPM
[11:11:19] 🔄 Identity reset
[11:11:19] 🔄 Identity rotated (every 10 requests)
[11:11:21] [272/459] PVKL
[11:11:22] [273/459] CBSM
[11:11:23] [274/459] PVCZ
[11:11:24] [275/459] PCVV
[11:11:25] [276/459] CTMJ
[11:11:26] [277/459] RCPS
[11:11:26] [278/459] PCIT
[11:11:27] [279/459] FNCH
[11:11:28] [280/459] INZD
[11:11:30] [281/459] INPC
[11:11:30] 🔄 Identity reset
[11:11:30] 🔄 Identity rotated (every 10 requests)
[11:11:32] [282/459] LCZP
[11:11:33] [283/459] SMCB
[11:11:34] [284/459] PTSB
[11:11:35] [285/459] TPSI
[11:11:36] [286/459] KHMJ
[11:11:37] [287/459] RCCJ
[11:11:38] [288/459] NCJA
[11:11:39] [289/459] NCJN
[11:11:40] [290/459] BTDP
[11:11:41] [291/459] PADY
[11:11:41] 🔄 Identity reset
[11:11:41] 🔄 Identity rotated (every 10 requests)
[11:11:42] [292/459] NYBH
[11:11:43] [293/459] MTBR
[11:11:44] [294/459] KRBC
[11:11:45] [295/459] DKTI
[11:11:46] [296/459] ANAN
[11:11:47] [297/459] INBP
[11:11:48] [298/459] PATB
[11:11:49] [299/459] RGNT
[11:11:50] [300/459] CGPM
[11:11:51] [301/459] INTN
[11:11:51] 🔄 Identity reset
[11:11:51] 🔄 Identity rotated (every 10 requests)
[11:11:52] [302/459] MCMP
[11:11:52] [303/459] ASRG
[11:11:54] [304/459] CXJD
[11:11:55] [305/459] SPCP
[11:11:56] [306/459] CSTP
[11:11:56] [307/459] PKVC
[11:11:57] [308/459] ESCP
[11:11:58] [309/459] CAEP
[11:11:59] [310/459] CCSP
[11:12:00] [311/459] KTPC
[11:12:00] 🔄 Identity reset
[11:12:00] 🔄 Identity rotated (every 10 requests)
[11:12:01] [312/459] DACA
[11:12:02] [313/459] NVKY
[11:12:02] [314/459] PTIN
[11:12:04] [315/459] SCIN
[11:12:05] [316/459] MCTY
[11:12:06] [317/459] PCMX
[11:12:07] [318/459] INIC
[11:12:08] [319/459] MMZM
[11:12:09] [320/459] SSLP
[11:12:10] [321/459] DTDT
[11:12:10] 🔄 Identity reset
[11:12:10] 🔄 Identity rotated (every 10 requests)
[11:12:11] [322/459] FFCX
[11:12:13] [323/459] RCMM
[11:12:13] [324/459] KYID
[11:12:14] [325/459] CSCI
[11:12:16] [326/459] FCMC
[11:12:17] [327/459] MMXI
[11:12:18] [328/459] ASTC
[11:12:19] [329/459] CMRA
[11:12:19] [330/459] DICI
[11:12:20] [331/459] KDIN
[11:12:20] 🔄 Identity reset
[11:12:20] 🔄 Identity rotated (every 10 requests)
[11:12:21] [332/459] PRFI
[11:12:22] [333/459] SVFC
[11:12:23] [334/459] UCPL
[11:12:24] [335/459] COOC
[11:12:25] [336/459] SCAL
[11:12:26] [337/459] SVFF
[11:12:26] [338/459] VCMG
[11:12:27] [339/459] UUCT
[11:12:28] [340/459] GCSE
[11:12:29] [341/459] SUSC
[11:12:29] 🔄 Identity reset
[11:12:29] 🔄 Identity rotated (every 10 requests)
[11:12:30] [342/459] MISC
[11:12:31] [343/459] RMBL
[11:12:32] [344/459] CMXN
[11:12:33] [345/459] PVBK
[11:12:34] [346/459] HHCG
[11:12:34] [347/459] SCAG
[11:12:35] [348/459] CNPR
[11:12:36] [349/459] CSER
[11:12:37] [350/459] HLWD
[11:12:38] [351/459] BOLY
[11:12:38] 🔄 Identity reset
[11:12:38] 🔄 Identity rotated (every 10 requests)
[11:12:39] [352/459] SSPG
[11:12:40] [353/459] MUPX
[11:12:41] [354/459] HAMR
[11:12:41] [355/459] SDNC
[11:12:43] [356/459] RTEN
[11:12:44] [357/459] SDTD
[11:12:45] [358/459] KAWS
[11:12:45] [359/459] CMZX
[11:12:46] [360/459] DCDD
[11:12:48] [361/459] ALSN
[11:12:48] 🔄 Identity reset
[11:12:48] 🔄 Identity rotated (every 10 requests)
[11:12:49] [362/459] IMXS
[11:12:50] [363/459] PVFF
[11:12:52] [364/459] PVOO
[11:12:53] [365/459] CFBS
[11:12:53] [366/459] PVER
[11:12:54] [367/459] PPNX
[11:12:55] [368/459] CNRM
[11:12:56] [369/459] PVWW
[11:12:57] [370/459] INMB
[11:12:58] [371/459] CPJR
[11:12:58] 🔄 Identity reset
[11:12:58] 🔄 Identity rotated (every 10 requests)
[11:12:58] 🔄 Retry 1/5 for CPJR in 2.3s
[11:12:58] 🔄 Identity reset
[11:13:00] 🧠 New identity created
[11:13:01] [372/459] INRZ
[11:13:02] [373/459] PMSR
[11:13:03] [374/459] GPGM
[11:13:04] [375/459] PGWB
[11:13:05] [376/459] PMBR
[11:13:05] [377/459] GPAM
[11:13:06] [378/459] INBC
[11:13:07] [379/459] PZVK
[11:13:09] [380/459] CPEB
[11:13:09] 🔄 Identity reset
[11:13:09] 🔄 Identity rotated (every 10 requests)
[11:13:10] [381/459] FMLB
[11:13:10] [382/459] INBG
[11:13:11] [383/459] GPBR
[11:13:12] [384/459] PAAS
[11:13:13] [385/459] VTBR
[11:13:14] [386/459] GPMY
[11:13:15] [387/459] GYBU
[11:13:16] [388/459] INBJ
[11:13:17] [389/459] LKTH
[11:13:18] [390/459] NSBR
[11:13:18] 🔄 Identity reset
[11:13:18] 🔄 Identity rotated (every 10 requests)
[11:13:19] [391/459] PDRD
[11:13:20] [392/459] VRBL
[11:13:21] [393/459] VTGB
[11:13:21] [394/459] VTSK
[11:13:23] [395/459] BKDV
[11:13:24] [396/459] SVTB
[11:13:25] [397/459] MLDT
[11:13:26] [398/459] NRBL
[11:13:27] [399/459] SLTR
[11:13:28] [400/459] VNKA
[11:13:28] 🔄 Identity reset
[11:13:28] 🔄 Identity rotated (every 10 requests)
[11:13:29] [401/459] TDCA
[11:13:30] [402/459] INBM
[11:13:30] [403/459] SSNR
[11:13:31] [404/459] BHAC
[11:13:32] [405/459] SDSD
[11:13:33] [406/459] SAMP
[11:13:34] [407/459] RATK
[11:13:35] [408/459] KCBI
[11:13:36] [409/459] URBL
[11:13:37] [410/459] MKBG
[11:13:37] 🔄 Identity reset
[11:13:37] 🔄 Identity rotated (every 10 requests)
[11:13:37] 🔄 Retry 1/5 for MKBG in 2.5s
[11:13:37] 🔄 Identity reset
[11:13:39] 🧠 New identity created
[11:13:40] [411/459] ASTB
[11:13:41] [412/459] VBWT
[11:13:42] [413/459] GPSM
[11:13:43] [414/459] ROON
[11:13:44] [415/459] CHTH
[11:13:45] [416/459] SSPA
[11:13:45] [417/459] ANBL
[11:13:46] [418/459] VTBE
[11:13:47] [419/459] SVKT
[11:13:47] 🔄 Identity reset
[11:13:47] 🔄 Identity rotated (every 10 requests)
[11:13:48] [420/459] SVYK
[11:13:49] [421/459] PTBK
[11:13:50] [422/459] RKTB
[11:13:51] [423/459] BALT
[11:13:52] [424/459] STSV
[11:13:53] [425/459] VCCB
[11:13:53] [426/459] SLTB
[11:13:54] [427/459] SBCR
[11:13:57] [428/459] VDCS
[11:13:57] [429/459] MDKI
[11:13:57] 🔄 Identity reset
[11:13:57] 🔄 Identity rotated (every 10 requests)
[11:13:57] 🔄 Retry 1/5 for MDKI in 2.6s
[11:13:57] 🔄 Identity reset
[11:14:00] 🧠 New identity created
[11:14:01] [430/459] SMRN
[11:14:02] [431/459] PTBC
[11:14:03] [432/459] RADI
[11:14:03] [433/459] ADCR
[11:14:04] [434/459] SDCS
[11:14:05] [435/459] SRPJ
[11:14:06] [436/459] ARTS
[11:14:07] [437/459] SRHK
[11:14:08] [438/459] SPAY
[11:14:08] 🔄 Identity reset
[11:14:08] 🔄 Identity rotated (every 10 requests)
[11:14:09] [439/459] GPTB
[11:14:10] [440/459] SNNN
[11:14:11] [441/459] BALJ
[11:14:13] [442/459] TRIG
[11:14:13] [443/459] GTYT
[11:14:15] [444/459] ATGN
[11:14:16] [445/459] ANTE
[11:14:16] [446/459] BDCG
[11:14:17] [447/459] VECI
[11:14:18] [448/459] SCPR
[11:14:18] 🔄 Identity reset
[11:14:18] 🔄 Identity rotated (every 10 requests)
[11:14:19] [449/459] RTEA
[11:14:20] [450/459] JSAI
[11:14:21] [451/459] VJTP
[11:14:22] [452/459] GNDS
[11:14:23] [453/459] PAXA
[11:14:24] [454/459] CGGM
[11:14:25] [455/459] ACKZ
[11:14:26] [456/459] EMCC
[11:14:27] [457/459] KLSK
[11:14:28] [458/459] AVCK
[11:14:28] 🔄 Identity reset
[11:14:28] 🔄 Identity rotated (every 10 requests)
[11:14:29] [459/459] JTCK
[11:14:30] 🧹 Deduping shows
[11:14:30] ✅ DONE | Shows=2952 | Movies=94
[17:50:27] 🚀 SCRIPT STARTED
[17:50:27] [1/459] NECA
[17:50:27] 🧠 New identity created
[17:50:28] [2/459] BJLC
[17:50:29] [3/459] BASU
[17:50:30] [4/459] RUPI
[17:50:31] [5/459] LCBK
[17:50:32] [6/459] PMAC
[17:50:33] [7/459] AMLC
[17:50:34] [8/459] LICL
[17:50:36] [9/459] UDMM
[17:50:37] [10/459] STBZ
[17:50:37] 🔄 Identity reset
[17:50:37] 🔄 Identity rotated (every 10 requests)
[17:50:38] [11/459] UUBT
[17:50:39] [12/459] SJKC
[17:50:40] [13/459] TUAL
[17:50:41] [14/459] MRSE
[17:50:42] [15/459] RMRK
[17:50:44] [16/459] TTKP
[17:50:45] [17/459] KTKO
[17:50:46] [18/459] SDBK
[17:50:47] [19/459] MCPR
[17:50:48] [20/459] CHTI
[17:50:48] 🔄 Identity reset
[17:50:48] 🔄 Identity rotated (every 10 requests)
[17:50:49] [21/459] GCCP
[17:50:50] [22/459] SRMY
[17:50:51] [23/459] NYST
[17:50:52] [24/459] NYAG
[17:50:53] [25/459] SBMT
[17:50:54] [26/459] INGA
[17:50:55] [27/459] WSIC
[17:50:56] [28/459] SCSS
[17:50:58] [29/459] COPG
[17:50:59] [30/459] RCGR
[17:50:59] 🔄 Identity reset
[17:50:59] 🔄 Identity rotated (every 10 requests)
[17:51:00] [31/459] TCZA
[17:51:01] [32/459] CNLP
[17:51:02] [33/459] CLKN
[17:51:02] [34/459] LHDF
[17:51:03] [35/459] ELKC
[17:51:04] [36/459] VCEM
[17:51:06] [37/459] SSZA
[17:51:07] [38/459] KRMT
[17:51:07] [39/459] LCMV
[17:51:08] [40/459] AYCZ
[17:51:08] 🔄 Identity reset
[17:51:08] 🔄 Identity rotated (every 10 requests)
[17:51:10] [41/459] CUMS
[17:51:10] [42/459] BOCK
[17:51:11] [43/459] PNMR
[17:51:12] [44/459] PJCP
[17:51:13] [45/459] JDDD
[17:51:14] [46/459] STMS
[17:51:15] [47/459] FLMB
[17:51:16] [48/459] PKCM
[17:51:17] [49/459] SPPR
[17:51:18] [50/459] EYLH
[17:51:18] 🔄 Identity reset
[17:51:18] 🔄 Identity rotated (every 10 requests)
[17:51:19] [51/459] RJCC
[17:51:19] [52/459] MMPS
[17:51:21] [53/459] SHMX
[17:51:22] [54/459] CCNL
[17:51:23] [55/459] RCNV
[17:51:24] [56/459] MAAG
[17:51:26] [57/459] LXCM
[17:51:28] [58/459] RCNI
[17:51:29] [59/459] SNNI
[17:51:30] [60/459] LALC
[17:51:30] 🔄 Identity reset
[17:51:30] 🔄 Identity rotated (every 10 requests)
[17:51:30] [61/459] SOCN
[17:51:31] [62/459] JHTP
[17:51:32] [63/459] PITP
[17:51:33] [64/459] CCKW
[17:51:34] [65/459] MCMC
[17:51:35] [66/459] DEES
[17:51:36] [67/459] SABT
[17:51:36] [68/459] VSPP
[17:51:37] [69/459] ABCT
[17:51:38] [70/459] JVTB
[17:51:38] 🔄 Identity reset
[17:51:38] 🔄 Identity rotated (every 10 requests)
[17:51:39] [71/459] VCBD
[17:51:40] [72/459] RMGG
[17:51:41] [73/459] RNMH
[17:51:42] [74/459] SPGL
[17:51:43] [75/459] JTTR
[17:51:44] [76/459] SICS
[17:51:45] [77/459] SRMI
[17:51:46] [78/459] SSIJ
[17:51:47] [79/459] KFMT
[17:51:48] [80/459] VBIT
[17:51:48] 🔄 Identity reset
[17:51:48] 🔄 Identity rotated (every 10 requests)
[17:51:49] [81/459] JKCT
[17:51:50] [82/459] GCGP
[17:51:51] [83/459] GDCS
[17:51:52] [84/459] TRBA
[17:51:53] [85/459] QUST
[17:51:54] [86/459] VSHM
[17:51:55] [87/459] SDCP
[17:51:56] [88/459] SNVS
[17:51:57] [89/459] NYTO
[17:51:58] [90/459] URWC
[17:51:58] 🔄 Identity reset
[17:51:58] 🔄 Identity rotated (every 10 requests)
[17:52:00] [91/459] GTWH
[17:52:02] [92/459] PFCM
[17:52:04] [93/459] KRTA
[17:52:05] [94/459] AXMC
[17:52:06] [95/459] EVMC
[17:52:07] [96/459] HGSM
[17:52:08] [97/459] ACVM
[17:52:09] [98/459] PSKL
[17:52:10] [99/459] RDMP
[17:52:11] [100/459] RHGH
[17:52:11] 🔄 Identity reset
[17:52:11] 🔄 Identity rotated (every 10 requests)
[17:52:12] [101/459] OMCM
[17:52:14] [102/459] DCCP
[17:52:15] [103/459] MCPB
[17:52:16] [104/459] ALCI
[17:52:17] [105/459] BLMX
[17:52:18] [106/459] BTMV
[17:52:19] [107/459] FVPN
[17:52:20] [108/459] CMAR
[17:52:21] [109/459] CEIM
[17:52:22] [110/459] CMVA
[17:52:22] 🔄 Identity reset
[17:52:22] 🔄 Identity rotated (every 10 requests)
[17:52:24] [111/459] CPIV
[17:52:25] [112/459] CNPE
[17:52:29] [113/459] COLV
[17:52:30] [114/459] DNNV
[17:52:31] [115/459] HCAD
[17:52:32] [116/459] TAKA
[17:52:33] [117/459] INVD
[17:52:34] [118/459] IRMM
[17:52:35] [119/459] INSE
[17:52:36] [120/459] MRSW
[17:52:36] 🔄 Identity reset
[17:52:36] 🔄 Identity rotated (every 10 requests)
[17:52:37] [121/459] MCVD
[17:52:38] [122/459] MCSO
[17:52:39] [123/459] PEVM
[17:52:40] [124/459] PVNL
[17:52:41] [125/459] PTCV
[17:52:42] [126/459] PRTC
[17:52:44] [127/459] RCVA
[17:52:45] [128/459] MTBN
[17:52:45] [129/459] LUCP
[17:52:46] [130/459] FMPT
[17:52:46] 🔄 Identity reset
[17:52:46] 🔄 Identity rotated (every 10 requests)
[17:52:47] [131/459] JLSL
[17:52:48] [132/459] SBHA
[17:52:50] [133/459] SHRC
[17:52:52] [134/459] AVPS
[17:52:53] [135/459] STPM
[17:52:54] [136/459] ATRD
[17:52:54] [137/459] VTED
[17:52:55] [138/459] ACAI
[17:52:56] [139/459] SMAE
[17:52:57] [140/459] VMAT
[17:52:57] 🔄 Identity reset
[17:52:57] 🔄 Identity rotated (every 10 requests)
[17:52:58] [141/459] LKCT
[17:53:00] [142/459] JTVK
[17:53:01] [143/459] PRTY
[17:53:02] [144/459] GETT
[17:53:03] [145/459] ESAP
[17:53:04] [146/459] NCPM
[17:53:05] [147/459] PCPA
[17:53:06] [148/459] MMOM
[17:53:07] [149/459] PHUP
[17:53:08] [150/459] CCPI
[17:53:08] 🔄 Identity reset
[17:53:08] 🔄 Identity rotated (every 10 requests)
[17:53:09] [151/459] CNTD
[17:53:10] [152/459] NLJR
[17:53:11] [153/459] SRNG
[17:53:12] [154/459] MHAL
[17:53:13] [155/459] PNSM
[17:53:14] [156/459] DRMY
[17:53:16] [157/459] CCMU
[17:53:17] [158/459] SCMY
[17:53:18] [159/459] PVSY
[17:53:19] [160/459] SDLM
[17:53:19] 🔄 Identity reset
[17:53:19] 🔄 Identity rotated (every 10 requests)
[17:53:20] [161/459] ICCM
[17:53:21] [162/459] PYSU
[17:53:23] [163/459] GATM
[17:53:24] [164/459] WOTM
[17:53:25] [165/459] RKTS
[17:53:26] [166/459] PMTY
[17:53:26] [167/459] LYMS
[17:53:27] [168/459] TGCA
[17:53:28] [169/459] DSTA
[17:53:29] [170/459] CNGE
[17:53:29] 🔄 Identity reset
[17:53:29] 🔄 Identity rotated (every 10 requests)
[17:53:30] [171/459] VSTG
[17:53:31] [172/459] GTCK
[17:53:32] [173/459] TGNT
[17:53:33] [174/459] ASLC
[17:53:34] [175/459] SSST
[17:53:35] [176/459] KBTT
[17:53:36] [177/459] HKCP
[17:53:37] [178/459] SWLC
[17:53:38] [179/459] RTND
[17:53:39] [180/459] PKKT
[17:53:39] 🔄 Identity reset
[17:53:39] 🔄 Identity rotated (every 10 requests)
[17:53:41] [181/459] HSTK
[17:53:42] [182/459] SPTT
[17:53:43] [183/459] IMPM
[17:53:43] [184/459] SCMV
[17:53:44] [185/459] SPCT
[17:53:45] [186/459] JBCA
[17:53:46] [187/459] ATTR
[17:53:47] [188/459] SPMT
[17:53:48] [189/459] LCTM
[17:53:49] [190/459] SCVL
[17:53:49] 🔄 Identity reset
[17:53:49] 🔄 Identity rotated (every 10 requests)
[17:53:50] [191/459] SCVT
[17:53:51] [192/459] KRIC
[17:53:53] [193/459] CTMG
[17:53:55] [194/459] ACNC
[17:53:56] [195/459] DMCK
[17:53:57] [196/459] KMTV
[17:53:59] [197/459] PFCJ
[17:54:00] [198/459] VNMD
[17:54:01] [199/459] VPCZ
[17:54:02] [200/459] SRYR
[17:54:02] 🔄 Identity reset
[17:54:02] 🔄 Identity rotated (every 10 requests)
[17:54:03] [201/459] SYTR
[17:54:04] [202/459] GATR
[17:54:05] [203/459] URTR
[17:54:06] [204/459] MKSM
[17:54:07] [205/459] VSMH
[17:54:08] [206/459] SKRJ
[17:54:09] [207/459] SSJR
[17:54:10] [208/459] SVSM
[17:54:11] [209/459] RUCM
[17:54:11] [210/459] PRKN
[17:54:11] 🔄 Identity reset
[17:54:11] 🔄 Identity rotated (every 10 requests)
[17:54:12] [211/459] RROH
[17:54:13] [212/459] SCTN
[17:54:15] [213/459] RTDM
[17:54:16] [214/459] ASRM
[17:54:17] [215/459] SKMD
[17:54:18] [216/459] SUTD
[17:54:20] [217/459] SADM
[17:54:21] [218/459] WCNR
[17:54:22] [219/459] CNED
[17:54:23] [220/459] MPDB
[17:54:23] 🔄 Identity reset
[17:54:23] 🔄 Identity rotated (every 10 requests)
[17:54:24] [221/459] KTBH
[17:54:24] [222/459] IDRM
[17:54:25] [223/459] PJJT
[17:54:26] [224/459] PFCV
[17:54:27] [225/459] AACT
[17:54:28] [226/459] AAAD
[17:54:29] [227/459] ANES
[17:54:30] [228/459] MNCA
[17:54:31] [229/459] RMGU
[17:54:32] [230/459] DLCN
[17:54:32] 🔄 Identity reset
[17:54:32] 🔄 Identity rotated (every 10 requests)
[17:54:33] [231/459] LJWT
[17:54:34] [232/459] MCBG
[17:54:36] [233/459] MYBG
[17:54:37] [234/459] GCCA
[17:54:38] [235/459] GCGA
[17:54:38] [236/459] ECGN
[17:54:39] [237/459] PRAB
[17:54:41] [238/459] PNMP
[17:54:42] [239/459] GCPT
[17:54:43] [240/459] ROYN
[17:54:43] 🔄 Identity reset
[17:54:43] 🔄 Identity rotated (every 10 requests)
[17:54:44] [241/459] VATM
[17:54:45] [242/459] KSNT
[17:54:47] [243/459] ACTC
[17:54:48] [244/459] PLTD
[17:54:48] [245/459] SKMK
[17:54:49] [246/459] CMTT
[17:54:51] [247/459] SMXP
[17:54:52] [248/459] SCMX
[17:54:53] [249/459] ACXN
[17:54:53] [250/459] ASWT
[17:54:53] 🔄 Identity reset
[17:54:53] 🔄 Identity rotated (every 10 requests)
[17:54:54] [251/459] VVVL
[17:54:55] [252/459] NAGO
[17:54:56] [253/459] SNCN
[17:54:57] [254/459] MCKP
[17:54:59] [255/459] SAMO
[17:55:00] [256/459] JBTV
[17:55:01] [257/459] DCVV
[17:55:02] [258/459] KMSV
[17:55:03] [259/459] KDCN
[17:55:04] [260/459] CNCP
[17:55:04] 🔄 Identity reset
[17:55:04] 🔄 Identity rotated (every 10 requests)
[17:55:05] [261/459] HAMC
[17:55:06] [262/459] CCVZ
[17:55:07] [263/459] NCCK
[17:55:08] [264/459] MCHR
[17:55:10] [265/459] SCHT
[17:55:11] [266/459] ESSH
[17:55:12] [267/459] CUJC
[17:55:13] [268/459] PECP
[17:55:14] [269/459] PMMI
[17:55:15] [270/459] PCCH
[17:55:15] 🔄 Identity reset
[17:55:15] 🔄 Identity rotated (every 10 requests)
[17:55:16] [271/459] PRPM
[17:55:18] [272/459] PVKL
[17:55:18] [273/459] CBSM
[17:55:19] [274/459] PVCZ
[17:55:20] [275/459] PCVV
[17:55:21] [276/459] CTMJ
[17:55:22] [277/459] RCPS
[17:55:23] [278/459] PCIT
[17:55:25] [279/459] FNCH
[17:55:26] [280/459] INZD
[17:55:26] 🔄 Identity reset
[17:55:26] 🔄 Identity rotated (every 10 requests)
[17:55:27] [281/459] INPC
[17:55:28] [282/459] LCZP
[17:55:28] [283/459] SMCB
[17:55:30] [284/459] PTSB
[17:55:31] [285/459] TPSI
[17:55:32] [286/459] KHMJ
[17:55:33] [287/459] RCCJ
[17:55:34] [288/459] NCJA
[17:55:35] [289/459] NCJN
[17:55:35] [290/459] BTDP
[17:55:35] 🔄 Identity reset
[17:55:35] 🔄 Identity rotated (every 10 requests)
[17:55:37] [291/459] PADY
[17:55:38] [292/459] NYBH
[17:55:39] [293/459] MTBR
[17:55:40] [294/459] KRBC
[17:55:41] [295/459] DKTI
[17:55:41] [296/459] ANAN
[17:55:42] [297/459] INBP
[17:55:43] [298/459] PATB
[17:55:45] [299/459] RGNT
[17:55:46] [300/459] CGPM
[17:55:46] 🔄 Identity reset
[17:55:46] 🔄 Identity rotated (every 10 requests)
[17:55:47] [301/459] INTN
[17:55:48] [302/459] MCMP
[17:55:49] [303/459] ASRG
[17:55:50] [304/459] CXJD
[17:55:51] [305/459] SPCP
[17:55:52] [306/459] CSTP
[17:55:53] [307/459] PKVC
[17:55:54] [308/459] ESCP
[17:55:56] [309/459] CAEP
[17:55:57] [310/459] CCSP
[17:55:57] 🔄 Identity reset
[17:55:57] 🔄 Identity rotated (every 10 requests)
[17:55:58] [311/459] KTPC
[17:56:00] [312/459] DACA
[17:56:00] [313/459] NVKY
[17:56:01] [314/459] PTIN
[17:56:03] [315/459] SCIN
[17:56:04] [316/459] MCTY
[17:56:06] [317/459] PCMX
[17:56:06] [318/459] INIC
[17:56:07] [319/459] MMZM
[17:56:09] [320/459] SSLP
[17:56:09] 🔄 Identity reset
[17:56:09] 🔄 Identity rotated (every 10 requests)
[17:56:10] [321/459] DTDT
[17:56:11] [322/459] FFCX
[17:56:12] [323/459] RCMM
[17:56:14] [324/459] KYID
[17:56:14] [325/459] CSCI
[17:56:15] [326/459] FCMC
[17:56:17] [327/459] MMXI
[17:56:18] [328/459] ASTC
[17:56:18] [329/459] CMRA
[17:56:19] [330/459] DICI
[17:56:19] 🔄 Identity reset
[17:56:19] 🔄 Identity rotated (every 10 requests)
[17:56:20] [331/459] KDIN
[17:56:22] [332/459] PRFI
[17:56:23] [333/459] SVFC
[17:56:24] [334/459] UCPL
[17:56:25] [335/459] COOC
[17:56:26] [336/459] SCAL
[17:56:27] [337/459] SVFF
[17:56:28] [338/459] VCMG
[17:56:29] [339/459] UUCT
[17:56:30] [340/459] GCSE
[17:56:30] 🔄 Identity reset
[17:56:30] 🔄 Identity rotated (every 10 requests)
[17:56:31] [341/459] SUSC
[17:56:33] [342/459] MISC
[17:56:34] [343/459] RMBL
[17:56:35] [344/459] CMXN
[17:56:36] [345/459] PVBK
[17:56:37] [346/459] HHCG
[17:56:38] [347/459] SCAG
[17:56:39] [348/459] CNPR
[17:56:41] [349/459] CSER
[17:56:42] [350/459] HLWD
[17:56:42] 🔄 Identity reset
[17:56:42] 🔄 Identity rotated (every 10 requests)
[17:56:43] [351/459] BOLY
[17:56:44] [352/459] SSPG
[17:56:45] [353/459] MUPX
[17:56:46] [354/459] HAMR
[17:56:47] [355/459] SDNC
[17:56:49] [356/459] RTEN
[17:56:50] [357/459] SDTD
[17:56:50] [358/459] KAWS
[17:56:51] [359/459] CMZX
[17:56:53] [360/459] DCDD
[17:56:53] 🔄 Identity reset
[17:56:53] 🔄 Identity rotated (every 10 requests)
[17:56:54] [361/459] ALSN
[17:56:55] [362/459] IMXS
[17:56:55] [363/459] PVFF
[17:56:56] [364/459] PVOO
[17:56:57] [365/459] CFBS
[17:56:58] [366/459] PVER
[17:56:59] [367/459] PPNX
[17:57:00] [368/459] CNRM
[17:57:01] [369/459] PVWW
[17:57:02] [370/459] INMB
[17:57:02] 🔄 Identity reset
[17:57:02] 🔄 Identity rotated (every 10 requests)
[17:57:03] [371/459] CPJR
[17:57:04] [372/459] INRZ
[17:57:04] [373/459] PMSR
[17:57:05] [374/459] GPGM
[17:57:06] [375/459] PGWB
[17:57:07] [376/459] PMBR
[17:57:08] [377/459] GPAM
[17:57:09] [378/459] INBC
[17:57:10] [379/459] PZVK
[17:57:11] [380/459] CPEB
[17:57:11] 🔄 Identity reset
[17:57:11] 🔄 Identity rotated (every 10 requests)
[17:57:12] [381/459] FMLB
[17:57:13] [382/459] INBG
[17:57:14] [383/459] GPBR
[17:57:15] [384/459] PAAS
[17:57:16] [385/459] VTBR
[17:57:17] [386/459] GPMY
[17:57:18] [387/459] GYBU
[17:57:19] [388/459] INBJ
[17:57:20] [389/459] LKTH
[17:57:21] [390/459] NSBR
[17:57:21] 🔄 Identity reset
[17:57:21] 🔄 Identity rotated (every 10 requests)
[17:57:22] [391/459] PDRD
[17:57:23] [392/459] VRBL
[17:57:24] [393/459] VTGB
[17:57:25] [394/459] VTSK
[17:57:26] [395/459] BKDV
[17:57:27] [396/459] SVTB
[17:57:28] [397/459] MLDT
[17:57:29] [398/459] NRBL
[17:57:30] [399/459] SLTR
[17:57:31] [400/459] VNKA
[17:57:31] 🔄 Identity reset
[17:57:31] 🔄 Identity rotated (every 10 requests)
[17:57:32] [401/459] TDCA
[17:57:33] [402/459] INBM
[17:57:34] [403/459] SSNR
[17:57:35] [404/459] BHAC
[17:57:36] [405/459] SDSD
[17:57:37] [406/459] SAMP
[17:57:38] [407/459] RATK
[17:57:39] [408/459] KCBI
[17:57:40] [409/459] URBL
[17:57:41] [410/459] MKBG
[17:57:41] 🔄 Identity reset
[17:57:41] 🔄 Identity rotated (every 10 requests)
[17:57:43] [411/459] ASTB
[17:57:44] [412/459] VBWT
[17:57:45] [413/459] GPSM
[17:57:46] [414/459] ROON
[17:57:47] [415/459] CHTH
[17:57:48] [416/459] SSPA
[17:57:49] [417/459] ANBL
[17:57:50] [418/459] VTBE
[17:57:51] [419/459] SVKT
[17:57:52] [420/459] SVYK
[17:57:52] 🔄 Identity reset
[17:57:52] 🔄 Identity rotated (every 10 requests)
[17:57:52] [421/459] PTBK
[17:57:53] [422/459] RKTB
[17:57:54] [423/459] BALT
[17:57:55] [424/459] STSV
[17:57:56] [425/459] VCCB
[17:57:57] [426/459] SLTB
[17:57:58] [427/459] SBCR
[17:57:59] [428/459] VDCS
[17:58:00] [429/459] MDKI
[17:58:01] [430/459] SMRN
[17:58:01] 🔄 Identity reset
[17:58:01] 🔄 Identity rotated (every 10 requests)
[17:58:02] [431/459] PTBC
[17:58:02] [432/459] RADI
[17:58:04] [433/459] ADCR
[17:58:04] [434/459] SDCS
[17:58:05] [435/459] SRPJ
[17:58:06] [436/459] ARTS
[17:58:07] [437/459] SRHK
[17:58:08] [438/459] SPAY
[17:58:09] [439/459] GPTB
[17:58:11] [440/459] SNNN
[17:58:11] 🔄 Identity reset
[17:58:11] 🔄 Identity rotated (every 10 requests)
[17:58:12] [441/459] BALJ
[17:58:13] [442/459] TRIG
[17:58:14] [443/459] GTYT
[17:58:15] [444/459] ATGN
[17:58:15] [445/459] ANTE
[17:58:16] [446/459] BDCG
[17:58:17] [447/459] VECI
[17:58:18] [448/459] SCPR
[17:58:19] [449/459] RTEA
[17:58:20] [450/459] JSAI
[17:58:20] 🔄 Identity reset
[17:58:20] 🔄 Identity rotated (every 10 requests)
[17:58:21] [451/459] VJTP
[17:58:22] [452/459] GNDS
[17:58:23] [453/459] PAXA
[17:58:25] [454/459] CGGM
[17:58:26] [455/459] ACKZ
[17:58:27] [456/459] EMCC
[17:58:28] [457/459] KLSK
[17:58:29] [458/459] AVCK
[17:58:29] [459/459] JTCK
[17:58:30] 🧹 Deduping shows
[17:58:30] ✅ DONE | Shows=3933 | Movies=101
[20:15:12] 🚀 SCRIPT STARTED
[20:15:12] [1/459] NECA
[20:15:12] 🧠 New identity created
[20:15:13] [2/459] BJLC
[20:15:14] [3/459] BASU
[20:15:15] [4/459] RUPI
[20:15:16] [5/459] LCBK
[20:15:17] [6/459] PMAC
[20:15:18] [7/459] AMLC
[20:15:19] [8/459] LICL
[20:15:21] [9/459] UDMM
[20:15:22] [10/459] STBZ
[20:15:22] 🔄 Identity reset
[20:15:22] 🔄 Identity rotated (every 10 requests)
[20:15:23] [11/459] UUBT
[20:15:24] [12/459] SJKC
[20:15:25] [13/459] TUAL
[20:15:26] [14/459] MRSE
[20:15:26] [15/459] RMRK
[20:15:27] [16/459] TTKP
[20:15:28] [17/459] KTKO
[20:15:29] [18/459] SDBK
[20:15:30] [19/459] MCPR
[20:15:31] [20/459] CHTI
[20:15:31] 🔄 Identity reset
[20:15:31] 🔄 Identity rotated (every 10 requests)
[20:15:32] [21/459] GCCP
[20:15:33] [22/459] SRMY
[20:15:34] [23/459] NYST
[20:15:35] [24/459] NYAG
[20:15:36] [25/459] SBMT
[20:15:38] [26/459] INGA
[20:15:39] [27/459] WSIC
[20:15:40] [28/459] SCSS
[20:15:41] [29/459] COPG
[20:15:42] [30/459] RCGR
[20:15:42] 🔄 Identity reset
[20:15:42] 🔄 Identity rotated (every 10 requests)
[20:15:43] [31/459] TCZA
[20:15:44] [32/459] CNLP
[20:15:45] [33/459] CLKN
[20:15:46] [34/459] LHDF
[20:15:47] [35/459] ELKC
[20:15:48] [36/459] VCEM
[20:15:49] [37/459] SSZA
[20:15:51] [38/459] KRMT
[20:15:52] [39/459] LCMV
[20:15:53] [40/459] AYCZ
[20:15:53] 🔄 Identity reset
[20:15:53] 🔄 Identity rotated (every 10 requests)
[20:15:54] [41/459] CUMS
[20:15:55] [42/459] BOCK
[20:15:56] [43/459] PNMR
[20:15:58] [44/459] PJCP
[20:15:59] [45/459] JDDD
[20:16:01] [46/459] STMS
[20:16:01] [47/459] FLMB
[20:16:02] [48/459] PKCM
[20:16:03] [49/459] SPPR
[20:16:05] [50/459] EYLH
[20:16:05] 🔄 Identity reset
[20:16:05] 🔄 Identity rotated (every 10 requests)
[20:16:06] [51/459] RJCC
[20:16:07] [52/459] MMPS
[20:16:08] [53/459] SHMX
[20:16:10] [54/459] CCNL
[20:16:11] [55/459] RCNV
[20:16:12] [56/459] MAAG
[20:16:14] [57/459] LXCM
[20:16:15] [58/459] RCNI
[20:16:16] [59/459] SNNI
[20:16:17] [60/459] LALC
[20:16:17] 🔄 Identity reset
[20:16:17] 🔄 Identity rotated (every 10 requests)
[20:16:18] [61/459] SOCN
[20:16:18] [62/459] JHTP
[20:16:19] [63/459] PITP
[20:16:20] [64/459] CCKW
[20:16:21] [65/459] MCMC
[20:16:22] [66/459] DEES
[20:16:23] [67/459] SABT
[20:16:24] [68/459] VSPP
[20:16:25] [69/459] ABCT
[20:16:26] [70/459] JVTB
[20:16:26] 🔄 Identity reset
[20:16:26] 🔄 Identity rotated (every 10 requests)
[20:16:27] [71/459] VCBD
[20:16:28] [72/459] RMGG
[20:16:29] [73/459] RNMH
[20:16:30] [74/459] SPGL
[20:16:31] [75/459] JTTR
[20:16:31] [76/459] SICS
[20:16:32] [77/459] SRMI
[20:16:34] [78/459] SSIJ
[20:16:35] [79/459] KFMT
[20:16:36] [80/459] VBIT
[20:16:36] 🔄 Identity reset
[20:16:36] 🔄 Identity rotated (every 10 requests)
[20:16:37] [81/459] JKCT
[20:16:38] [82/459] GCGP
[20:16:39] [83/459] GDCS
[20:16:41] [84/459] TRBA
[20:16:42] [85/459] QUST
[20:16:42] [86/459] VSHM
[20:16:43] [87/459] SDCP
[20:16:45] [88/459] SNVS
[20:16:47] [89/459] NYTO
[20:16:48] [90/459] URWC
[20:16:48] 🔄 Identity reset
[20:16:48] 🔄 Identity rotated (every 10 requests)
[20:16:49] [91/459] GTWH
[20:16:49] [92/459] PFCM
[20:16:50] [93/459] KRTA
[20:16:51] [94/459] AXMC
[20:16:53] [95/459] EVMC
[20:16:53] [96/459] HGSM
[20:16:54] [97/459] ACVM
[20:16:55] [98/459] PSKL
[20:16:56] [99/459] RDMP
[20:16:57] [100/459] RHGH
[20:16:57] 🔄 Identity reset
[20:16:57] 🔄 Identity rotated (every 10 requests)
[20:16:58] [101/459] OMCM
[20:16:59] [102/459] DCCP
[20:17:00] [103/459] MCPB
[20:17:02] [104/459] ALCI
[20:17:03] [105/459] BLMX
[20:17:04] [106/459] BTMV
[20:17:05] [107/459] FVPN
[20:17:06] [108/459] CMAR
[20:17:07] [109/459] CEIM
[20:17:08] [110/459] CMVA
[20:17:08] 🔄 Identity reset
[20:17:08] 🔄 Identity rotated (every 10 requests)
[20:17:10] [111/459] CPIV
[20:17:11] [112/459] CNPE
[20:17:12] [113/459] COLV
[20:17:13] [114/459] DNNV
[20:17:14] [115/459] HCAD
[20:17:15] [116/459] TAKA
[20:17:16] [117/459] INVD
[20:17:16] [118/459] IRMM
[20:17:19] [119/459] INSE
[20:17:20] [120/459] MRSW
[20:17:20] 🔄 Identity reset
[20:17:20] 🔄 Identity rotated (every 10 requests)
[20:17:21] [121/459] MCVD
[20:17:22] [122/459] MCSO
[20:17:23] [123/459] PEVM
[20:17:24] [124/459] PVNL
[20:17:25] [125/459] PTCV
[20:17:27] [126/459] PRTC
[20:17:28] [127/459] RCVA
[20:17:29] [128/459] MTBN
[20:17:29] [129/459] LUCP
[20:17:30] [130/459] FMPT
[20:17:30] 🔄 Identity reset
[20:17:30] 🔄 Identity rotated (every 10 requests)
[20:17:32] [131/459] JLSL
[20:17:35] [132/459] SBHA
[20:17:37] [133/459] SHRC
[20:17:38] [134/459] AVPS
[20:17:39] [135/459] STPM
[20:17:40] [136/459] ATRD
[20:17:41] [137/459] VTED
[20:17:42] [138/459] ACAI
[20:17:43] [139/459] SMAE
[20:17:44] [140/459] VMAT
[20:17:44] 🔄 Identity reset
[20:17:44] 🔄 Identity rotated (every 10 requests)
[20:17:45] [141/459] LKCT
[20:17:46] [142/459] JTVK
[20:17:47] [143/459] PRTY
[20:17:49] [144/459] GETT
[20:17:50] [145/459] ESAP
[20:17:51] [146/459] NCPM
[20:17:52] [147/459] PCPA
[20:17:53] [148/459] MMOM
[20:17:55] [149/459] PHUP
[20:17:56] [150/459] CCPI
[20:17:56] 🔄 Identity reset
[20:17:56] 🔄 Identity rotated (every 10 requests)
[20:17:56] [151/459] CNTD
[20:17:57] [152/459] NLJR
[20:17:58] [153/459] SRNG
[20:17:59] [154/459] MHAL
[20:18:00] [155/459] PNSM
[20:18:02] [156/459] DRMY
[20:18:03] [157/459] CCMU
[20:18:04] [158/459] SCMY
[20:18:04] [159/459] PVSY
[20:18:05] [160/459] SDLM
[20:18:05] 🔄 Identity reset
[20:18:05] 🔄 Identity rotated (every 10 requests)
[20:18:06] [161/459] ICCM
[20:18:07] [162/459] PYSU
[20:18:08] [163/459] GATM
[20:18:09] [164/459] WOTM
[20:18:09] [165/459] RKTS
[20:18:10] [166/459] PMTY
[20:18:11] [167/459] LYMS
[20:18:12] [168/459] TGCA
[20:18:13] [169/459] DSTA
[20:18:14] [170/459] CNGE
[20:18:14] 🔄 Identity reset
[20:18:14] 🔄 Identity rotated (every 10 requests)
[20:18:15] [171/459] VSTG
[20:18:16] [172/459] GTCK
[20:18:17] [173/459] TGNT
[20:18:19] [174/459] ASLC
[20:18:19] [175/459] SSST
[20:18:20] [176/459] KBTT
[20:18:21] [177/459] HKCP
[20:18:22] [178/459] SWLC
[20:18:23] [179/459] RTND
[20:18:24] [180/459] PKKT
[20:18:24] 🔄 Identity reset
[20:18:24] 🔄 Identity rotated (every 10 requests)
[20:18:25] [181/459] HSTK
[20:18:26] [182/459] SPTT
[20:18:27] [183/459] IMPM
[20:18:28] [184/459] SCMV
[20:18:29] [185/459] SPCT
[20:18:30] [186/459] JBCA
[20:18:31] [187/459] ATTR
[20:18:32] [188/459] SPMT
[20:18:32] [189/459] LCTM
[20:18:33] [190/459] SCVL
[20:18:33] 🔄 Identity reset
[20:18:33] 🔄 Identity rotated (every 10 requests)
[20:18:35] [191/459] SCVT
[20:18:35] [192/459] KRIC
[20:18:36] [193/459] CTMG
[20:18:37] [194/459] ACNC
[20:18:39] [195/459] DMCK
[20:18:40] [196/459] KMTV
[20:18:41] [197/459] PFCJ
[20:18:42] [198/459] VNMD
[20:18:43] [199/459] VPCZ
[20:18:43] [200/459] SRYR
[20:18:43] 🔄 Identity reset
[20:18:43] 🔄 Identity rotated (every 10 requests)
[20:18:44] [201/459] SYTR
[20:18:45] [202/459] GATR
[20:18:46] [203/459] URTR
[20:18:47] [204/459] MKSM
[20:18:49] [205/459] VSMH
[20:18:49] [206/459] SKRJ
[20:18:50] [207/459] SSJR
[20:18:51] [208/459] SVSM
[20:18:52] [209/459] RUCM
[20:18:53] [210/459] PRKN
[20:18:53] 🔄 Identity reset
[20:18:54] 🔄 Identity rotated (every 10 requests)
[20:18:55] [211/459] RROH
[20:18:55] [212/459] SCTN
[20:18:56] [213/459] RTDM
[20:18:57] [214/459] ASRM
[20:18:58] [215/459] SKMD
[20:18:59] [216/459] SUTD
[20:19:00] [217/459] SADM
[20:19:01] [218/459] WCNR
[20:19:02] [219/459] CNED
[20:19:03] [220/459] MPDB
[20:19:03] 🔄 Identity reset
[20:19:03] 🔄 Identity rotated (every 10 requests)
[20:19:04] [221/459] KTBH
[20:19:05] [222/459] IDRM
[20:19:06] [223/459] PJJT
[20:19:07] [224/459] PFCV
[20:19:08] [225/459] AACT
[20:19:09] [226/459] AAAD
[20:19:10] [227/459] ANES
[20:19:11] [228/459] MNCA
[20:19:12] [229/459] RMGU
[20:19:13] [230/459] DLCN
[20:19:13] 🔄 Identity reset
[20:19:13] 🔄 Identity rotated (every 10 requests)
[20:19:14] [231/459] LJWT
[20:19:15] [232/459] MCBG
[20:19:16] [233/459] MYBG
[20:19:17] [234/459] GCCA
[20:19:18] [235/459] GCGA
[20:19:20] [236/459] ECGN
[20:19:22] [237/459] PRAB
[20:19:23] [238/459] PNMP
[20:19:24] [239/459] GCPT
[20:19:25] [240/459] ROYN
[20:19:25] 🔄 Identity reset
[20:19:25] 🔄 Identity rotated (every 10 requests)
[20:19:26] [241/459] VATM
[20:19:27] [242/459] KSNT
[20:19:28] [243/459] ACTC
[20:19:29] [244/459] PLTD
[20:19:30] [245/459] SKMK
[20:19:30] [246/459] CMTT
[20:19:31] [247/459] SMXP
[20:19:32] [248/459] SCMX
[20:19:33] [249/459] ACXN
[20:19:34] [250/459] ASWT
[20:19:34] 🔄 Identity reset
[20:19:34] 🔄 Identity rotated (every 10 requests)
[20:19:35] [251/459] VVVL
[20:19:36] [252/459] NAGO
[20:19:37] [253/459] SNCN
[20:19:38] [254/459] MCKP
[20:19:39] [255/459] SAMO
[20:19:40] [256/459] JBTV
[20:19:41] [257/459] DCVV
[20:19:42] [258/459] KMSV
[20:19:43] [259/459] KDCN
[20:19:44] [260/459] CNCP
[20:19:44] 🔄 Identity reset
[20:19:44] 🔄 Identity rotated (every 10 requests)
[20:19:45] [261/459] HAMC
[20:19:46] [262/459] CCVZ
[20:19:47] [263/459] NCCK
[20:19:48] [264/459] MCHR
[20:19:49] [265/459] SCHT
[20:19:50] [266/459] ESSH
[20:19:51] [267/459] CUJC
[20:19:52] [268/459] PECP
[20:19:53] [269/459] PMMI
[20:19:54] [270/459] PCCH
[20:19:54] 🔄 Identity reset
[20:19:54] 🔄 Identity rotated (every 10 requests)
[20:19:55] [271/459] PRPM
[20:19:56] [272/459] PVKL
[20:19:57] [273/459] CBSM
[20:19:58] [274/459] PVCZ
[20:19:59] [275/459] PCVV
[20:20:00] [276/459] CTMJ
[20:20:01] [277/459] RCPS
[20:20:02] [278/459] PCIT
[20:20:03] [279/459] FNCH
[20:20:04] [280/459] INZD
[20:20:04] 🔄 Identity reset
[20:20:04] 🔄 Identity rotated (every 10 requests)
[20:20:05] [281/459] INPC
[20:20:06] [282/459] LCZP
[20:20:07] [283/459] SMCB
[20:20:08] [284/459] PTSB
[20:20:09] [285/459] TPSI
[20:20:10] [286/459] KHMJ
[20:20:11] [287/459] RCCJ
[20:20:12] [288/459] NCJA
[20:20:13] [289/459] NCJN
[20:20:14] [290/459] BTDP
[20:20:14] 🔄 Identity reset
[20:20:14] 🔄 Identity rotated (every 10 requests)
[20:20:16] [291/459] PADY
[20:20:17] [292/459] NYBH
[20:20:18] [293/459] MTBR
[20:20:19] [294/459] KRBC
[20:20:21] [295/459] DKTI
[20:20:22] [296/459] ANAN
[20:20:23] [297/459] INBP
[20:20:24] [298/459] PATB
[20:20:25] [299/459] RGNT
[20:20:25] [300/459] CGPM
[20:20:25] 🔄 Identity reset
[20:20:25] 🔄 Identity rotated (every 10 requests)
[20:20:26] [301/459] INTN
[20:20:28] [302/459] MCMP
[20:20:28] [303/459] ASRG
[20:20:29] [304/459] CXJD
[20:20:30] [305/459] SPCP
[20:20:31] [306/459] CSTP
[20:20:32] [307/459] PKVC
[20:20:33] [308/459] ESCP
[20:20:34] [309/459] CAEP
[20:20:35] [310/459] CCSP
[20:20:35] 🔄 Identity reset
[20:20:35] 🔄 Identity rotated (every 10 requests)
[20:20:37] [311/459] KTPC
[20:20:38] [312/459] DACA
[20:20:39] [313/459] NVKY
[20:20:40] [314/459] PTIN
[20:20:41] [315/459] SCIN
[20:20:42] [316/459] MCTY
[20:20:44] [317/459] PCMX
[20:20:47] [318/459] INIC
[20:20:48] [319/459] MMZM
[20:20:49] [320/459] SSLP
[20:20:49] 🔄 Identity reset
[20:20:49] 🔄 Identity rotated (every 10 requests)
[20:20:49] [321/459] DTDT
[20:20:50] [322/459] FFCX
[20:20:51] [323/459] RCMM
[20:20:52] [324/459] KYID
[20:20:53] [325/459] CSCI
[20:20:54] [326/459] FCMC
[20:20:55] [327/459] MMXI
[20:20:56] [328/459] ASTC
[20:20:57] [329/459] CMRA
[20:20:58] [330/459] DICI
[20:20:58] 🔄 Identity reset
[20:20:58] 🔄 Identity rotated (every 10 requests)
[20:20:59] [331/459] KDIN
[20:21:00] [332/459] PRFI
[20:21:01] [333/459] SVFC
[20:21:02] [334/459] UCPL
[20:21:03] [335/459] COOC
[20:21:04] [336/459] SCAL
[20:21:05] [337/459] SVFF
[20:21:06] [338/459] VCMG
[20:21:07] [339/459] UUCT
[20:21:08] [340/459] GCSE
[20:21:08] 🔄 Identity reset
[20:21:09] 🔄 Identity rotated (every 10 requests)
[20:21:10] [341/459] SUSC
[20:21:10] [342/459] MISC
[20:21:11] [343/459] RMBL
[20:21:13] [344/459] CMXN
[20:21:14] [345/459] PVBK
[20:21:15] [346/459] HHCG
[20:21:16] [347/459] SCAG
[20:21:16] [348/459] CNPR
[20:21:17] [349/459] CSER
[20:21:18] [350/459] HLWD
[20:21:18] 🔄 Identity reset
[20:21:18] 🔄 Identity rotated (every 10 requests)
[20:21:19] [351/459] BOLY
[20:21:20] [352/459] SSPG
[20:21:21] [353/459] MUPX
[20:21:22] [354/459] HAMR
[20:21:23] [355/459] SDNC
[20:21:24] [356/459] RTEN
[20:21:25] [357/459] SDTD
[20:21:26] [358/459] KAWS
[20:21:27] [359/459] CMZX
[20:21:28] [360/459] DCDD
[20:21:28] 🔄 Identity reset
[20:21:28] 🔄 Identity rotated (every 10 requests)
[20:21:29] [361/459] ALSN
[20:21:30] [362/459] IMXS
[20:21:31] [363/459] PVFF
[20:21:32] [364/459] PVOO
[20:21:33] [365/459] CFBS
[20:21:34] [366/459] PVER
[20:21:35] [367/459] PPNX
[20:21:36] [368/459] CNRM
[20:21:37] [369/459] PVWW
[20:21:38] [370/459] INMB
[20:21:38] 🔄 Identity reset
[20:21:38] 🔄 Identity rotated (every 10 requests)
[20:21:39] [371/459] CPJR
[20:21:40] [372/459] INRZ
[20:21:41] [373/459] PMSR
[20:21:42] [374/459] GPGM
[20:21:44] [375/459] PGWB
[20:21:45] [376/459] PMBR
[20:21:46] [377/459] GPAM
[20:21:47] [378/459] INBC
[20:21:48] [379/459] PZVK
[20:21:50] [380/459] CPEB
[20:21:50] 🔄 Identity reset
[20:21:50] 🔄 Identity rotated (every 10 requests)
[20:21:51] [381/459] FMLB
[20:21:52] [382/459] INBG
[20:21:52] [383/459] GPBR
[20:21:53] [384/459] PAAS
[20:21:54] [385/459] VTBR
[20:21:55] [386/459] GPMY
[20:21:56] [387/459] GYBU
[20:21:57] [388/459] INBJ
[20:21:59] [389/459] LKTH
[20:22:00] [390/459] NSBR
[20:22:00] 🔄 Identity reset
[20:22:00] 🔄 Identity rotated (every 10 requests)
[20:22:01] [391/459] PDRD
[20:22:02] [392/459] VRBL
[20:22:03] [393/459] VTGB
[20:22:04] [394/459] VTSK
[20:22:05] [395/459] BKDV
[20:22:06] [396/459] SVTB
[20:22:08] [397/459] MLDT
[20:22:08] [398/459] NRBL
[20:22:09] [399/459] SLTR
[20:22:10] [400/459] VNKA
[20:22:10] 🔄 Identity reset
[20:22:10] 🔄 Identity rotated (every 10 requests)
[20:22:11] [401/459] TDCA
[20:22:12] [402/459] INBM
[20:22:13] [403/459] SSNR
[20:22:14] [404/459] BHAC
[20:22:15] [405/459] SDSD
[20:22:16] [406/459] SAMP
[20:22:17] [407/459] RATK
[20:22:18] [408/459] KCBI
[20:22:19] [409/459] URBL
[20:22:20] [410/459] MKBG
[20:22:20] 🔄 Identity reset
[20:22:20] 🔄 Identity rotated (every 10 requests)
[20:22:21] [411/459] ASTB
[20:22:22] [412/459] VBWT
[20:22:23] [413/459] GPSM
[20:22:24] [414/459] ROON
[20:22:25] [415/459] CHTH
[20:22:27] [416/459] SSPA
[20:22:28] [417/459] ANBL
[20:22:29] [418/459] VTBE
[20:22:30] [419/459] SVKT
[20:22:30] [420/459] SVYK
[20:22:30] 🔄 Identity reset
[20:22:30] 🔄 Identity rotated (every 10 requests)
[20:22:32] [421/459] PTBK
[20:22:33] [422/459] RKTB
[20:22:34] [423/459] BALT
[20:22:34] [424/459] STSV
[20:22:35] [425/459] VCCB
[20:22:36] [426/459] SLTB
[20:22:37] [427/459] SBCR
[20:22:38] [428/459] VDCS
[20:22:39] [429/459] MDKI
[20:22:40] [430/459] SMRN
[20:22:40] 🔄 Identity reset
[20:22:40] 🔄 Identity rotated (every 10 requests)
[20:22:41] [431/459] PTBC
[20:22:42] [432/459] RADI
[20:22:44] [433/459] ADCR
[20:22:46] [434/459] SDCS
[20:22:47] [435/459] SRPJ
[20:22:48] [436/459] ARTS
[20:22:49] [437/459] SRHK
[20:22:50] [438/459] SPAY
[20:22:51] [439/459] GPTB
[20:22:52] [440/459] SNNN
[20:22:52] 🔄 Identity reset
[20:22:52] 🔄 Identity rotated (every 10 requests)
[20:22:53] [441/459] BALJ
[20:22:54] [442/459] TRIG
[20:22:54] [443/459] GTYT
[20:22:55] [444/459] ATGN
[20:22:56] [445/459] ANTE
[20:22:58] [446/459] BDCG
[20:22:59] [447/459] VECI
[20:23:01] [448/459] SCPR
[20:23:02] [449/459] RTEA
[20:23:03] [450/459] JSAI
[20:23:03] 🔄 Identity reset
[20:23:03] 🔄 Identity rotated (every 10 requests)
[20:23:04] [451/459] VJTP
[20:23:05] [452/459] GNDS
[20:23:06] [453/459] PAXA
[20:23:07] [454/459] CGGM
[20:23:08] [455/459] ACKZ
[20:23:09] [456/459] EMCC
[20:23:10] [457/459] KLSK
[20:23:11] [458/459] AVCK
[20:23:12] [459/459] JTCK
[20:23:14] 🧹 Deduping shows
[20:23:14] ✅ DONE | Shows=4283 | Movies=105
[22:41:06] 🚀 SCRIPT STARTED
[22:41:06] [1/459] NECA
[22:41:06] 🧠 New identity created
[22:41:07] [2/459] BJLC
[22:41:08] [3/459] BASU
[22:41:09] [4/459] RUPI
[22:41:10] [5/459] LCBK
[22:41:11] [6/459] PMAC
[22:41:12] [7/459] AMLC
[22:41:13] [8/459] LICL
[22:41:15] [9/459] UDMM
[22:41:16] [10/459] STBZ
[22:41:16] 🔄 Identity reset
[22:41:16] 🔄 Identity rotated (every 10 requests)
[22:41:18] [11/459] UUBT
[22:41:19] [12/459] SJKC
[22:41:20] [13/459] TUAL
[22:41:21] [14/459] MRSE
[22:41:22] [15/459] RMRK
[22:41:23] [16/459] TTKP
[22:41:24] [17/459] KTKO
[22:41:25] [18/459] SDBK
[22:41:26] [19/459] MCPR
[22:41:28] [20/459] CHTI
[22:41:28] 🔄 Identity reset
[22:41:28] 🔄 Identity rotated (every 10 requests)
[22:41:29] [21/459] GCCP
[22:41:30] [22/459] SRMY
[22:41:31] [23/459] NYST
[22:41:32] [24/459] NYAG
[22:41:33] [25/459] SBMT
[22:41:34] [26/459] INGA
[22:41:35] [27/459] WSIC
[22:41:36] [28/459] SCSS
[22:41:37] [29/459] COPG
[22:41:39] [30/459] RCGR
[22:41:39] 🔄 Identity reset
[22:41:39] 🔄 Identity rotated (every 10 requests)
[22:41:40] [31/459] TCZA
[22:41:41] [32/459] CNLP
[22:41:43] [33/459] CLKN
[22:41:44] [34/459] LHDF
[22:41:45] [35/459] ELKC
[22:41:46] [36/459] VCEM
[22:41:47] [37/459] SSZA
[22:41:48] [38/459] KRMT
[22:41:49] [39/459] LCMV
[22:41:50] [40/459] AYCZ
[22:41:50] 🔄 Identity reset
[22:41:50] 🔄 Identity rotated (every 10 requests)
[22:41:52] [41/459] CUMS
[22:41:53] [42/459] BOCK
[22:41:54] [43/459] PNMR
[22:41:55] [44/459] PJCP
[22:41:56] [45/459] JDDD
[22:41:57] [46/459] STMS
[22:41:58] [47/459] FLMB
[22:41:58] [48/459] PKCM
[22:41:59] [49/459] SPPR
[22:42:01] [50/459] EYLH
[22:42:01] 🔄 Identity reset
[22:42:01] 🔄 Identity rotated (every 10 requests)
[22:42:02] [51/459] RJCC
[22:42:03] [52/459] MMPS
[22:42:04] [53/459] SHMX
[22:42:05] [54/459] CCNL
[22:42:06] [55/459] RCNV
[22:42:08] [56/459] MAAG
[22:42:09] [57/459] LXCM
[22:42:10] [58/459] RCNI
[22:42:11] [59/459] SNNI
[22:42:12] [60/459] LALC
[22:42:12] 🔄 Identity reset
[22:42:13] 🔄 Identity rotated (every 10 requests)
[22:42:13] [61/459] SOCN
[22:42:14] [62/459] JHTP
[22:42:15] [63/459] PITP
[22:42:16] [64/459] CCKW
[22:42:17] [65/459] MCMC
[22:42:18] [66/459] DEES
[22:42:20] [67/459] SABT
[22:42:21] [68/459] VSPP
[22:42:22] [69/459] ABCT
[22:42:23] [70/459] JVTB
[22:42:23] 🔄 Identity reset
[22:42:23] 🔄 Identity rotated (every 10 requests)
[22:42:24] [71/459] VCBD
[22:42:25] [72/459] RMGG
[22:42:26] [73/459] RNMH
[22:42:28] [74/459] SPGL
[22:42:28] [75/459] JTTR
[22:42:29] [76/459] SICS
[22:42:30] [77/459] SRMI
[22:42:32] [78/459] SSIJ
[22:42:33] [79/459] KFMT
[22:42:34] [80/459] VBIT
[22:42:34] 🔄 Identity reset
[22:42:34] 🔄 Identity rotated (every 10 requests)
[22:42:35] [81/459] JKCT
[22:42:36] [82/459] GCGP
[22:42:37] [83/459] GDCS
[22:42:39] [84/459] TRBA
[22:42:40] [85/459] QUST
[22:42:41] [86/459] VSHM
[22:42:42] [87/459] SDCP
[22:42:45] [88/459] SNVS
[22:42:46] [89/459] NYTO
[22:42:47] [90/459] URWC
[22:42:47] 🔄 Identity reset
[22:42:47] 🔄 Identity rotated (every 10 requests)
[22:42:49] [91/459] GTWH
[22:42:50] [92/459] PFCM
[22:42:51] [93/459] KRTA
[22:42:52] [94/459] AXMC
[22:42:52] [95/459] EVMC
[22:42:54] [96/459] HGSM
[22:42:55] [97/459] ACVM
[22:42:56] [98/459] PSKL
[22:42:58] [99/459] RDMP
[22:42:59] [100/459] RHGH
[22:42:59] 🔄 Identity reset
[22:42:59] 🔄 Identity rotated (every 10 requests)
[22:43:00] [101/459] OMCM
[22:43:01] [102/459] DCCP
[22:43:02] [103/459] MCPB
[22:43:03] [104/459] ALCI
[22:43:04] [105/459] BLMX
[22:43:05] [106/459] BTMV
[22:43:06] [107/459] FVPN
[22:43:07] [108/459] CMAR
[22:43:08] [109/459] CEIM
[22:43:09] [110/459] CMVA
[22:43:09] 🔄 Identity reset
[22:43:09] 🔄 Identity rotated (every 10 requests)
[22:43:10] [111/459] CPIV
[22:43:11] [112/459] CNPE
[22:43:11] [113/459] COLV
[22:43:13] [114/459] DNNV
[22:43:14] [115/459] HCAD
[22:43:15] [116/459] TAKA
[22:43:16] [117/459] INVD
[22:43:17] [118/459] IRMM
[22:43:18] [119/459] INSE
[22:43:19] [120/459] MRSW
[22:43:19] 🔄 Identity reset
[22:43:19] 🔄 Identity rotated (every 10 requests)
[22:43:20] [121/459] MCVD
[22:43:21] [122/459] MCSO
[22:43:22] [123/459] PEVM
[22:43:24] [124/459] PVNL
[22:43:25] [125/459] PTCV
[22:43:26] [126/459] PRTC
[22:43:27] [127/459] RCVA
[22:43:28] [128/459] MTBN
[22:43:29] [129/459] LUCP
[22:43:30] [130/459] FMPT
[22:43:30] 🔄 Identity reset
[22:43:30] 🔄 Identity rotated (every 10 requests)
[22:43:31] [131/459] JLSL
[22:43:33] [132/459] SBHA
[22:43:34] [133/459] SHRC
[22:43:35] [134/459] AVPS
[22:43:36] [135/459] STPM
[22:43:37] [136/459] ATRD
[22:43:38] [137/459] VTED
[22:43:39] [138/459] ACAI
[22:43:40] [139/459] SMAE
[22:43:41] [140/459] VMAT
[22:43:41] 🔄 Identity reset
[22:43:41] 🔄 Identity rotated (every 10 requests)
[22:43:42] [141/459] LKCT
[22:43:43] [142/459] JTVK
[22:43:44] [143/459] PRTY
[22:43:45] [144/459] GETT
[22:43:46] [145/459] ESAP
[22:43:48] [146/459] NCPM
[22:43:49] [147/459] PCPA
[22:43:50] [148/459] MMOM
[22:43:51] [149/459] PHUP
[22:43:52] [150/459] CCPI
[22:43:52] 🔄 Identity reset
[22:43:52] 🔄 Identity rotated (every 10 requests)
[22:43:53] [151/459] CNTD
[22:43:54] [152/459] NLJR
[22:43:56] [153/459] SRNG
[22:43:57] [154/459] MHAL
[22:43:58] [155/459] PNSM
[22:43:59] [156/459] DRMY
[22:44:00] [157/459] CCMU
[22:44:02] [158/459] SCMY
[22:44:03] [159/459] PVSY
[22:44:04] [160/459] SDLM
[22:44:04] 🔄 Identity reset
[22:44:04] 🔄 Identity rotated (every 10 requests)
[22:44:06] [161/459] ICCM
[22:44:06] [162/459] PYSU
[22:44:08] [163/459] GATM
[22:44:09] [164/459] WOTM
[22:44:10] [165/459] RKTS
[22:44:11] [166/459] PMTY
[22:44:12] [167/459] LYMS
[22:44:14] [168/459] TGCA
[22:44:15] [169/459] DSTA
[22:44:16] [170/459] CNGE
[22:44:16] 🔄 Identity reset
[22:44:16] 🔄 Identity rotated (every 10 requests)
[22:44:17] [171/459] VSTG
[22:44:19] [172/459] GTCK
[22:44:20] [173/459] TGNT
[22:44:21] [174/459] ASLC
[22:44:22] [175/459] SSST
[22:44:23] [176/459] KBTT
[22:44:24] [177/459] HKCP
[22:44:24] [178/459] SWLC
[22:44:25] [179/459] RTND
[22:44:26] [180/459] PKKT
[22:44:26] 🔄 Identity reset
[22:44:26] 🔄 Identity rotated (every 10 requests)
[22:44:27] [181/459] HSTK
[22:44:29] [182/459] SPTT
[22:44:30] [183/459] IMPM
[22:44:31] [184/459] SCMV
[22:44:32] [185/459] SPCT
[22:44:34] [186/459] JBCA
[22:44:35] [187/459] ATTR
[22:44:35] [188/459] SPMT
[22:44:37] [189/459] LCTM
[22:44:39] [190/459] SCVL
[22:44:39] 🔄 Identity reset
[22:44:39] 🔄 Identity rotated (every 10 requests)
[22:44:40] [191/459] SCVT
[22:44:41] [192/459] KRIC
[22:44:42] [193/459] CTMG
[22:44:43] [194/459] ACNC
[22:44:44] [195/459] DMCK
[22:44:45] [196/459] KMTV
[22:44:46] [197/459] PFCJ
[22:44:47] [198/459] VNMD
[22:44:48] [199/459] VPCZ
[22:44:50] [200/459] SRYR
[22:44:50] 🔄 Identity reset
[22:44:50] 🔄 Identity rotated (every 10 requests)
[22:44:51] [201/459] SYTR
[22:44:52] [202/459] GATR
[22:44:53] [203/459] URTR
[22:44:55] [204/459] MKSM
[22:44:56] [205/459] VSMH
[22:44:57] [206/459] SKRJ
[22:44:58] [207/459] SSJR
[22:44:59] [208/459] SVSM
[22:45:00] [209/459] RUCM
[22:45:01] [210/459] PRKN
[22:45:01] 🔄 Identity reset
[22:45:01] 🔄 Identity rotated (every 10 requests)
[22:45:02] [211/459] RROH
[22:45:03] [212/459] SCTN
[22:45:04] [213/459] RTDM
[22:45:05] [214/459] ASRM
[22:45:06] [215/459] SKMD
[22:45:07] [216/459] SUTD
[22:45:08] [217/459] SADM
[22:45:09] [218/459] WCNR
[22:45:10] [219/459] CNED
[22:45:11] [220/459] MPDB
[22:45:11] 🔄 Identity reset
[22:45:11] 🔄 Identity rotated (every 10 requests)
[22:45:12] [221/459] KTBH
[22:45:13] [222/459] IDRM
[22:45:14] [223/459] PJJT
[22:45:15] [224/459] PFCV
[22:45:16] [225/459] AACT
[22:45:17] [226/459] AAAD
[22:45:18] [227/459] ANES
[22:45:19] [228/459] MNCA
[22:45:21] [229/459] RMGU
[22:45:22] [230/459] DLCN
[22:45:22] 🔄 Identity reset
[22:45:22] 🔄 Identity rotated (every 10 requests)
[22:45:23] [231/459] LJWT
[22:45:24] [232/459] MCBG
[22:45:25] [233/459] MYBG
[22:45:26] [234/459] GCCA
[22:45:27] [235/459] GCGA
[22:45:28] [236/459] ECGN
[22:45:29] [237/459] PRAB
[22:45:30] [238/459] PNMP
[22:45:31] [239/459] GCPT
[22:45:32] [240/459] ROYN
[22:45:32] 🔄 Identity reset
[22:45:32] 🔄 Identity rotated (every 10 requests)
[22:45:33] [241/459] VATM
[22:45:34] [242/459] KSNT
[22:45:35] [243/459] ACTC
[22:45:36] [244/459] PLTD
[22:45:37] [245/459] SKMK
[22:45:38] [246/459] CMTT
[22:45:39] [247/459] SMXP
[22:45:41] [248/459] SCMX
[22:45:42] [249/459] ACXN
[22:45:42] [250/459] ASWT
[22:45:42] 🔄 Identity reset
[22:45:42] 🔄 Identity rotated (every 10 requests)
[22:45:44] [251/459] VVVL
[22:45:45] [252/459] NAGO
[22:45:46] [253/459] SNCN
[22:45:47] [254/459] MCKP
[22:45:48] [255/459] SAMO
[22:45:49] [256/459] JBTV
[22:45:50] [257/459] DCVV
[22:45:52] [258/459] KMSV
[22:45:52] [259/459] KDCN
[22:45:54] [260/459] CNCP
[22:45:54] 🔄 Identity reset
[22:45:54] 🔄 Identity rotated (every 10 requests)
[22:45:55] [261/459] HAMC
[22:45:55] [262/459] CCVZ
[22:45:57] [263/459] NCCK
[22:45:58] [264/459] MCHR
[22:46:00] [265/459] SCHT
[22:46:01] [266/459] ESSH
[22:46:02] [267/459] CUJC
[22:46:04] [268/459] PECP
[22:46:05] [269/459] PMMI
[22:46:06] [270/459] PCCH
[22:46:06] 🔄 Identity reset
[22:46:06] 🔄 Identity rotated (every 10 requests)
[22:46:07] [271/459] PRPM
[22:46:08] [272/459] PVKL
[22:46:09] [273/459] CBSM
[22:46:10] [274/459] PVCZ
[22:46:11] [275/459] PCVV
[22:46:11] [276/459] CTMJ
[22:46:13] [277/459] RCPS
[22:46:14] [278/459] PCIT
[22:46:15] [279/459] FNCH
[22:46:17] [280/459] INZD
[22:46:17] 🔄 Identity reset
[22:46:17] 🔄 Identity rotated (every 10 requests)
[22:46:18] [281/459] INPC
[22:46:19] [282/459] LCZP
[22:46:21] [283/459] SMCB
[22:46:22] [284/459] PTSB
[22:46:23] [285/459] TPSI
[22:46:24] [286/459] KHMJ
[22:46:26] [287/459] RCCJ
[22:46:28] [288/459] NCJA
[22:46:29] [289/459] NCJN
[22:46:30] [290/459] BTDP
[22:46:30] 🔄 Identity reset
[22:46:30] 🔄 Identity rotated (every 10 requests)
[22:46:31] [291/459] PADY
[22:46:33] [292/459] NYBH
[22:46:34] [293/459] MTBR
[22:46:35] [294/459] KRBC
[22:46:35] [295/459] DKTI
[22:46:36] [296/459] ANAN
[22:46:37] [297/459] INBP
[22:46:38] [298/459] PATB
[22:46:39] [299/459] RGNT
[22:46:41] [300/459] CGPM
[22:46:41] 🔄 Identity reset
[22:46:41] 🔄 Identity rotated (every 10 requests)
[22:46:42] [301/459] INTN
[22:46:43] [302/459] MCMP
[22:46:44] [303/459] ASRG
[22:46:45] [304/459] CXJD
[22:46:46] [305/459] SPCP
[22:46:46] [306/459] CSTP
[22:46:47] [307/459] PKVC
[22:46:48] [308/459] ESCP
[22:46:49] [309/459] CAEP
[22:46:50] [310/459] CCSP
[22:46:50] 🔄 Identity reset
[22:46:50] 🔄 Identity rotated (every 10 requests)
[22:46:52] [311/459] KTPC
[22:46:53] [312/459] DACA
[22:46:54] [313/459] NVKY
[22:46:55] [314/459] PTIN
[22:46:56] [315/459] SCIN
[22:46:57] [316/459] MCTY
[22:46:58] [317/459] PCMX
[22:47:01] [318/459] INIC
[22:47:02] [319/459] MMZM
[22:47:03] [320/459] SSLP
[22:47:03] 🔄 Identity reset
[22:47:03] 🔄 Identity rotated (every 10 requests)
[22:47:04] [321/459] DTDT
[22:47:05] [322/459] FFCX
[22:47:06] [323/459] RCMM
[22:47:07] [324/459] KYID
[22:47:08] [325/459] CSCI
[22:47:10] [326/459] FCMC
[22:47:10] [327/459] MMXI
[22:47:11] [328/459] ASTC
[22:47:12] [329/459] CMRA
[22:47:13] [330/459] DICI
[22:47:13] 🔄 Identity reset
[22:47:13] 🔄 Identity rotated (every 10 requests)
[22:47:14] [331/459] KDIN
[22:47:15] [332/459] PRFI
[22:47:16] [333/459] SVFC
[22:47:17] [334/459] UCPL
[22:47:18] [335/459] COOC
[22:47:19] [336/459] SCAL
[22:47:20] [337/459] SVFF
[22:47:21] [338/459] VCMG
[22:47:21] [339/459] UUCT
[22:47:22] [340/459] GCSE
[22:47:22] 🔄 Identity reset
[22:47:22] 🔄 Identity rotated (every 10 requests)
[22:47:23] [341/459] SUSC
[22:47:24] [342/459] MISC
[22:47:25] [343/459] RMBL
[22:47:26] [344/459] CMXN
[22:47:27] [345/459] PVBK
[22:47:28] [346/459] HHCG
[22:47:29] [347/459] SCAG
[22:47:31] [348/459] CNPR
[22:47:32] [349/459] CSER
[22:47:33] [350/459] HLWD
[22:47:33] 🔄 Identity reset
[22:47:33] 🔄 Identity rotated (every 10 requests)
[22:47:34] [351/459] BOLY
[22:47:34] [352/459] SSPG
[22:47:35] [353/459] MUPX
[22:47:37] [354/459] HAMR
[22:47:38] [355/459] SDNC
[22:47:39] [356/459] RTEN
[22:47:40] [357/459] SDTD
[22:47:41] [358/459] KAWS
[22:47:42] [359/459] CMZX
[22:47:42] [360/459] DCDD
[22:47:42] 🔄 Identity reset
[22:47:42] 🔄 Identity rotated (every 10 requests)
[22:47:44] [361/459] ALSN
[22:47:45] [362/459] IMXS
[22:47:46] [363/459] PVFF
[22:47:47] [364/459] PVOO
[22:47:48] [365/459] CFBS
[22:47:50] [366/459] PVER
[22:47:51] [367/459] PPNX
[22:47:52] [368/459] CNRM
[22:47:53] [369/459] PVWW
[22:47:53] [370/459] INMB
[22:47:53] 🔄 Identity reset
[22:47:54] 🔄 Identity rotated (every 10 requests)
[22:47:55] [371/459] CPJR
[22:47:55] [372/459] INRZ
[22:47:56] [373/459] PMSR
[22:47:57] [374/459] GPGM
[22:47:59] [375/459] PGWB
[22:48:00] [376/459] PMBR
[22:48:00] [377/459] GPAM
[22:48:01] [378/459] INBC
[22:48:02] [379/459] PZVK
[22:48:03] [380/459] CPEB
[22:48:03] 🔄 Identity reset
[22:48:03] 🔄 Identity rotated (every 10 requests)
[22:48:04] [381/459] FMLB
[22:48:06] [382/459] INBG
[22:48:07] [383/459] GPBR
[22:48:08] [384/459] PAAS
[22:48:10] [385/459] VTBR
[22:48:11] [386/459] GPMY
[22:48:12] [387/459] GYBU
[22:48:13] [388/459] INBJ
[22:48:14] [389/459] LKTH
[22:48:15] [390/459] NSBR
[22:48:15] 🔄 Identity reset
[22:48:15] 🔄 Identity rotated (every 10 requests)
[22:48:16] [391/459] PDRD
[22:48:17] [392/459] VRBL
[22:48:18] [393/459] VTGB
[22:48:19] [394/459] VTSK
[22:48:20] [395/459] BKDV
[22:48:22] [396/459] SVTB
[22:48:23] [397/459] MLDT
[22:48:24] [398/459] NRBL
[22:48:26] [399/459] SLTR
[22:48:27] [400/459] VNKA
[22:48:27] 🔄 Identity reset
[22:48:27] 🔄 Identity rotated (every 10 requests)
[22:48:28] [401/459] TDCA
[22:48:29] [402/459] INBM
[22:48:29] [403/459] SSNR
[22:48:30] [404/459] BHAC
[22:48:32] [405/459] SDSD
[22:48:33] [406/459] SAMP
[22:48:34] [407/459] RATK
[22:48:35] [408/459] KCBI
[22:48:36] [409/459] URBL
[22:48:37] [410/459] MKBG
[22:48:37] 🔄 Identity reset
[22:48:37] 🔄 Identity rotated (every 10 requests)
[22:48:38] [411/459] ASTB
[22:48:39] [412/459] VBWT
[22:48:40] [413/459] GPSM
[22:48:42] [414/459] ROON
[22:48:43] [415/459] CHTH
[22:48:44] [416/459] SSPA
[22:48:46] [417/459] ANBL
[22:48:47] [418/459] VTBE
[22:48:48] [419/459] SVKT
[22:48:49] [420/459] SVYK
[22:48:49] 🔄 Identity reset
[22:48:49] 🔄 Identity rotated (every 10 requests)
[22:48:50] [421/459] PTBK
[22:48:51] [422/459] RKTB
[22:48:52] [423/459] BALT
[22:48:54] [424/459] STSV
[22:48:55] [425/459] VCCB
[22:48:56] [426/459] SLTB
[22:48:58] [427/459] SBCR
[22:48:59] [428/459] VDCS
[22:49:00] [429/459] MDKI
[22:49:01] [430/459] SMRN
[22:49:01] 🔄 Identity reset
[22:49:01] 🔄 Identity rotated (every 10 requests)
[22:49:02] [431/459] PTBC
[22:49:03] [432/459] RADI
[22:49:04] [433/459] ADCR
[22:49:06] [434/459] SDCS
[22:49:08] [435/459] SRPJ
[22:49:09] [436/459] ARTS
[22:49:10] [437/459] SRHK
[22:49:10] [438/459] SPAY
[22:49:12] [439/459] GPTB
[22:49:13] [440/459] SNNN
[22:49:13] 🔄 Identity reset
[22:49:13] 🔄 Identity rotated (every 10 requests)
[22:49:14] [441/459] BALJ
[22:49:15] [442/459] TRIG
[22:49:16] [443/459] GTYT
[22:49:17] [444/459] ATGN
[22:49:19] [445/459] ANTE
[22:49:20] [446/459] BDCG
[22:49:22] [447/459] VECI
[22:49:24] [448/459] SCPR
[22:49:26] [449/459] RTEA
[22:49:27] [450/459] JSAI
[22:49:27] 🔄 Identity reset
[22:49:27] 🔄 Identity rotated (every 10 requests)
[22:49:28] [451/459] VJTP
[22:49:29] [452/459] GNDS
[22:49:30] [453/459] PAXA
[22:49:32] [454/459] CGGM
[22:49:33] [455/459] ACKZ
[22:49:34] [456/459] EMCC
[22:49:35] [457/459] KLSK
[22:49:36] [458/459] AVCK
[22:49:38] [459/459] JTCK
[22:49:39] 🧹 Deduping shows
[22:49:39] ✅ DONE | Shows=4553 | Movies=105
[23:31:44] 🚀 SCRIPT STARTED
[23:31:44] [1/459] NECA
[23:31:44] 🧠 New identity created
[23:31:45] [2/459] BJLC
[23:31:46] [3/459] BASU
[23:31:47] [4/459] RUPI
[23:31:48] [5/459] LCBK
[23:31:49] [6/459] PMAC
[23:31:50] [7/459] AMLC
[23:31:51] [8/459] LICL
[23:31:52] [9/459] UDMM
[23:31:53] [10/459] STBZ
[23:31:53] 🔄 Identity reset
[23:31:53] 🔄 Identity rotated (every 10 requests)
[23:31:54] [11/459] UUBT
[23:31:54] [12/459] SJKC
[23:31:55] [13/459] TUAL
[23:31:56] [14/459] MRSE
[23:31:57] [15/459] RMRK
[23:31:58] [16/459] TTKP
[23:31:59] [17/459] KTKO
[23:32:01] [18/459] SDBK
[23:32:02] [19/459] MCPR
[23:32:03] [20/459] CHTI
[23:32:03] 🔄 Identity reset
[23:32:03] 🔄 Identity rotated (every 10 requests)
[23:32:04] [21/459] GCCP
[23:32:05] [22/459] SRMY
[23:32:05] [23/459] NYST
[23:32:06] [24/459] NYAG
[23:32:08] [25/459] SBMT
[23:32:08] [26/459] INGA
[23:32:09] [27/459] WSIC
[23:32:10] [28/459] SCSS
[23:32:11] [29/459] COPG
[23:32:11] [30/459] RCGR
[23:32:11] 🔄 Identity reset
[23:32:11] 🔄 Identity rotated (every 10 requests)
[23:32:13] [31/459] TCZA
[23:32:14] [32/459] CNLP
[23:32:14] [33/459] CLKN
[23:32:15] [34/459] LHDF
[23:32:16] [35/459] ELKC
[23:32:17] [36/459] VCEM
[23:32:18] [37/459] SSZA
[23:32:19] [38/459] KRMT
[23:32:20] [39/459] LCMV
[23:32:21] [40/459] AYCZ
[23:32:21] 🔄 Identity reset
[23:32:21] 🔄 Identity rotated (every 10 requests)
[23:32:22] [41/459] CUMS
[23:32:22] [42/459] BOCK
[23:32:23] [43/459] PNMR
[23:32:24] [44/459] PJCP
[23:32:25] [45/459] JDDD
[23:32:26] [46/459] STMS
[23:32:27] [47/459] FLMB
[23:32:28] [48/459] PKCM
[23:32:29] [49/459] SPPR
[23:32:30] [50/459] EYLH
[23:32:30] 🔄 Identity reset
[23:32:30] 🔄 Identity rotated (every 10 requests)
[23:32:31] [51/459] RJCC
[23:32:32] [52/459] MMPS
[23:32:33] [53/459] SHMX
[23:32:34] [54/459] CCNL
[23:32:35] [55/459] RCNV
[23:32:36] [56/459] MAAG
[23:32:37] [57/459] LXCM
[23:32:38] [58/459] RCNI
[23:32:38] [59/459] SNNI
[23:32:39] [60/459] LALC
[23:32:39] 🔄 Identity reset
[23:32:39] 🔄 Identity rotated (every 10 requests)
[23:32:40] [61/459] SOCN
[23:32:41] [62/459] JHTP
[23:32:42] [63/459] PITP
[23:32:43] [64/459] CCKW
[23:32:43] [65/459] MCMC
[23:32:44] [66/459] DEES
[23:32:45] [67/459] SABT
[23:32:46] [68/459] VSPP
[23:32:47] [69/459] ABCT
[23:32:48] [70/459] JVTB
[23:32:48] 🔄 Identity reset
[23:32:48] 🔄 Identity rotated (every 10 requests)
[23:32:48] [71/459] VCBD
[23:32:49] [72/459] RMGG
[23:32:50] [73/459] RNMH
[23:32:51] [74/459] SPGL
[23:32:52] [75/459] JTTR
[23:32:53] [76/459] SICS
[23:32:54] [77/459] SRMI
[23:32:55] [78/459] SSIJ
[23:32:55] [79/459] KFMT
[23:32:56] [80/459] VBIT
[23:32:56] 🔄 Identity reset
[23:32:56] 🔄 Identity rotated (every 10 requests)
[23:32:57] [81/459] JKCT
[23:32:58] [82/459] GCGP
[23:32:59] [83/459] GDCS
[23:33:00] [84/459] TRBA
[23:33:01] [85/459] QUST
[23:33:02] [86/459] VSHM
[23:33:03] [87/459] SDCP
[23:33:04] [88/459] SNVS
[23:33:04] [89/459] NYTO
[23:33:05] [90/459] URWC
[23:33:05] 🔄 Identity reset
[23:33:05] 🔄 Identity rotated (every 10 requests)
[23:33:06] [91/459] GTWH
[23:33:07] [92/459] PFCM
[23:33:08] [93/459] KRTA
[23:33:08] [94/459] AXMC
[23:33:09] [95/459] EVMC
[23:33:10] [96/459] HGSM
[23:33:11] [97/459] ACVM
[23:33:12] [98/459] PSKL
[23:33:13] [99/459] RDMP
[23:33:14] [100/459] RHGH
[23:33:14] 🔄 Identity reset
[23:33:14] 🔄 Identity rotated (every 10 requests)
[23:33:15] [101/459] OMCM
[23:33:16] [102/459] DCCP
[23:33:16] [103/459] MCPB
[23:33:17] [104/459] ALCI
[23:33:18] [105/459] BLMX
[23:33:18] [106/459] BTMV
[23:33:19] [107/459] FVPN
[23:33:20] [108/459] CMAR
[23:33:21] [109/459] CEIM
[23:33:21] [110/459] CMVA
[23:33:21] 🔄 Identity reset
[23:33:21] 🔄 Identity rotated (every 10 requests)
[23:33:22] [111/459] CPIV
[23:33:23] [112/459] CNPE
[23:33:24] [113/459] COLV
[23:33:24] [114/459] DNNV
[23:33:25] [115/459] HCAD
[23:33:26] [116/459] TAKA
[23:33:27] [117/459] INVD
[23:33:28] [118/459] IRMM
[23:33:28] [119/459] INSE
[23:33:29] [120/459] MRSW
[23:33:29] 🔄 Identity reset
[23:33:29] 🔄 Identity rotated (every 10 requests)
[23:33:30] [121/459] MCVD
[23:33:31] [122/459] MCSO
[23:33:31] [123/459] PEVM
[23:33:32] [124/459] PVNL
[23:33:33] [125/459] PTCV
[23:33:34] [126/459] PRTC
[23:33:35] [127/459] RCVA
[23:33:36] [128/459] MTBN
[23:33:37] [129/459] LUCP
[23:33:38] [130/459] FMPT
[23:33:38] 🔄 Identity reset
[23:33:38] 🔄 Identity rotated (every 10 requests)
[23:33:39] [131/459] JLSL
[23:33:39] [132/459] SBHA
[23:33:40] [133/459] SHRC
[23:33:41] [134/459] AVPS
[23:33:42] [135/459] STPM
[23:33:44] [136/459] ATRD
[23:33:45] [137/459] VTED
[23:33:46] [138/459] ACAI
[23:33:47] [139/459] SMAE
[23:33:48] [140/459] VMAT
[23:33:48] 🔄 Identity reset
[23:33:48] 🔄 Identity rotated (every 10 requests)
[23:33:49] [141/459] LKCT
[23:33:49] [142/459] JTVK
[23:33:50] [143/459] PRTY
[23:33:51] [144/459] GETT
[23:33:52] [145/459] ESAP
[23:33:52] [146/459] NCPM
[23:33:53] [147/459] PCPA
[23:33:54] [148/459] MMOM
[23:33:54] [149/459] PHUP
[23:33:55] [150/459] CCPI
[23:33:55] 🔄 Identity reset
[23:33:55] 🔄 Identity rotated (every 10 requests)
[23:33:56] [151/459] CNTD
[23:33:57] [152/459] NLJR
[23:33:58] [153/459] SRNG
[23:33:59] [154/459] MHAL
[23:33:59] [155/459] PNSM
[23:34:00] [156/459] DRMY
[23:34:01] [157/459] CCMU
[23:34:01] [158/459] SCMY
[23:34:02] [159/459] PVSY
[23:34:03] [160/459] SDLM
[23:34:03] 🔄 Identity reset
[23:34:03] 🔄 Identity rotated (every 10 requests)
[23:34:04] [161/459] ICCM
[23:34:05] [162/459] PYSU
[23:34:06] [163/459] GATM
[23:34:07] [164/459] WOTM
[23:34:07] [165/459] RKTS
[23:34:08] [166/459] PMTY
[23:34:09] [167/459] LYMS
[23:34:10] [168/459] TGCA
[23:34:11] [169/459] DSTA
[23:34:12] [170/459] CNGE
[23:34:12] 🔄 Identity reset
[23:34:12] 🔄 Identity rotated (every 10 requests)
[23:34:12] [171/459] VSTG
[23:34:13] [172/459] GTCK
[23:34:14] [173/459] TGNT
[23:34:15] [174/459] ASLC
[23:34:16] [175/459] SSST
[23:34:17] [176/459] KBTT
[23:34:17] [177/459] HKCP
[23:34:18] [178/459] SWLC
[23:34:19] [179/459] RTND
[23:34:19] [180/459] PKKT
[23:34:19] 🔄 Identity reset
[23:34:19] 🔄 Identity rotated (every 10 requests)
[23:34:20] [181/459] HSTK
[23:34:21] [182/459] SPTT
[23:34:22] [183/459] IMPM
[23:34:23] [184/459] SCMV
[23:34:24] [185/459] SPCT
[23:34:25] [186/459] JBCA
[23:34:26] [187/459] ATTR
[23:34:26] [188/459] SPMT
[23:34:27] [189/459] LCTM
[23:34:27] [190/459] SCVL
[23:34:27] 🔄 Identity reset
[23:34:27] 🔄 Identity rotated (every 10 requests)
[23:34:28] [191/459] SCVT
[23:34:29] [192/459] KRIC
[23:34:29] [193/459] CTMG
[23:34:30] [194/459] ACNC
[23:34:31] [195/459] DMCK
[23:34:32] [196/459] KMTV
[23:34:33] [197/459] PFCJ
[23:34:33] [198/459] VNMD
[23:34:34] [199/459] VPCZ
[23:34:35] [200/459] SRYR
[23:34:35] 🔄 Identity reset
[23:34:35] 🔄 Identity rotated (every 10 requests)
[23:34:36] [201/459] SYTR
[23:34:37] [202/459] GATR
[23:34:39] [203/459] URTR
[23:34:40] [204/459] MKSM
[23:34:41] [205/459] VSMH
[23:34:42] [206/459] SKRJ
[23:34:43] [207/459] SSJR
[23:34:43] [208/459] SVSM
[23:34:44] [209/459] RUCM
[23:34:45] [210/459] PRKN
[23:34:45] 🔄 Identity reset
[23:34:45] 🔄 Identity rotated (every 10 requests)
[23:34:46] [211/459] RROH
[23:34:47] [212/459] SCTN
[23:34:47] [213/459] RTDM
[23:34:48] [214/459] ASRM
[23:34:49] [215/459] SKMD
[23:34:49] [216/459] SUTD
[23:34:50] [217/459] SADM
[23:34:51] [218/459] WCNR
[23:34:52] [219/459] CNED
[23:34:53] [220/459] MPDB
[23:34:53] 🔄 Identity reset
[23:34:53] 🔄 Identity rotated (every 10 requests)
[23:34:54] [221/459] KTBH
[23:34:55] [222/459] IDRM
[23:34:56] [223/459] PJJT
[23:34:57] [224/459] PFCV
[23:34:58] [225/459] AACT
[23:34:58] [226/459] AAAD
[23:34:59] [227/459] ANES
[23:35:00] [228/459] MNCA
[23:35:00] [229/459] RMGU
[23:35:01] [230/459] DLCN
[23:35:01] 🔄 Identity reset
[23:35:01] 🔄 Identity rotated (every 10 requests)
[23:35:02] [231/459] LJWT
[23:35:03] [232/459] MCBG
[23:35:04] [233/459] MYBG
[23:35:05] [234/459] GCCA
[23:35:06] [235/459] GCGA
[23:35:07] [236/459] ECGN
[23:35:08] [237/459] PRAB
[23:35:08] [238/459] PNMP
[23:35:09] [239/459] GCPT
[23:35:10] [240/459] ROYN
[23:35:10] 🔄 Identity reset
[23:35:10] 🔄 Identity rotated (every 10 requests)
[23:35:11] [241/459] VATM
[23:35:11] [242/459] KSNT
[23:35:12] [243/459] ACTC
[23:35:13] [244/459] PLTD
[23:35:14] [245/459] SKMK
[23:35:15] [246/459] CMTT
[23:35:15] [247/459] SMXP
[23:35:16] [248/459] SCMX
[23:35:17] [249/459] ACXN
[23:35:18] [250/459] ASWT
[23:35:18] 🔄 Identity reset
[23:35:18] 🔄 Identity rotated (every 10 requests)
[23:35:19] [251/459] VVVL
[23:35:20] [252/459] NAGO
[23:35:21] [253/459] SNCN
[23:35:21] [254/459] MCKP
[23:35:22] [255/459] SAMO
[23:35:23] [256/459] JBTV
[23:35:24] [257/459] DCVV
[23:35:25] [258/459] KMSV
[23:35:26] [259/459] KDCN
[23:35:27] [260/459] CNCP
[23:35:27] 🔄 Identity reset
[23:35:27] 🔄 Identity rotated (every 10 requests)
[23:35:28] [261/459] HAMC
[23:35:29] [262/459] CCVZ
[23:35:30] [263/459] NCCK
[23:35:30] [264/459] MCHR
[23:35:31] [265/459] SCHT
[23:35:32] [266/459] ESSH
[23:35:33] [267/459] CUJC
[23:35:34] [268/459] PECP
[23:35:35] [269/459] PMMI
[23:35:36] [270/459] PCCH
[23:35:36] 🔄 Identity reset
[23:35:36] 🔄 Identity rotated (every 10 requests)
[23:35:37] [271/459] PRPM
[23:35:39] [272/459] PVKL
[23:35:39] [273/459] CBSM
[23:35:40] [274/459] PVCZ
[23:35:41] [275/459] PCVV
[23:35:42] [276/459] CTMJ
[23:35:42] [277/459] RCPS
[23:35:43] [278/459] PCIT
[23:35:44] [279/459] FNCH
[23:35:44] [280/459] INZD
[23:35:44] 🔄 Identity reset
[23:35:44] 🔄 Identity rotated (every 10 requests)
[23:35:45] [281/459] INPC
[23:35:46] [282/459] LCZP
[23:35:47] [283/459] SMCB
[23:35:48] [284/459] PTSB
[23:35:49] [285/459] TPSI
[23:35:50] [286/459] KHMJ
[23:35:50] [287/459] RCCJ
[23:35:51] [288/459] NCJA
[23:35:52] [289/459] NCJN
[23:35:53] [290/459] BTDP
[23:35:53] 🔄 Identity reset
[23:35:53] 🔄 Identity rotated (every 10 requests)
[23:35:54] [291/459] PADY
[23:35:54] [292/459] NYBH
[23:35:55] [293/459] MTBR
[23:35:56] [294/459] KRBC
[23:35:57] [295/459] DKTI
[23:35:58] [296/459] ANAN
[23:35:58] [297/459] INBP
[23:35:59] [298/459] PATB
[23:36:00] [299/459] RGNT
[23:36:00] [300/459] CGPM
[23:36:00] 🔄 Identity reset
[23:36:00] 🔄 Identity rotated (every 10 requests)
[23:36:01] [301/459] INTN
[23:36:02] [302/459] MCMP
[23:36:03] [303/459] ASRG
[23:36:04] [304/459] CXJD
[23:36:05] [305/459] SPCP
[23:36:06] [306/459] CSTP
[23:36:06] [307/459] PKVC
[23:36:07] [308/459] ESCP
[23:36:08] [309/459] CAEP
[23:36:09] [310/459] CCSP
[23:36:09] 🔄 Identity reset
[23:36:09] 🔄 Identity rotated (every 10 requests)
[23:36:10] [311/459] KTPC
[23:36:11] [312/459] DACA
[23:36:11] [313/459] NVKY
[23:36:12] [314/459] PTIN
[23:36:13] [315/459] SCIN
[23:36:14] [316/459] MCTY
[23:36:14] [317/459] PCMX
[23:36:15] [318/459] INIC
[23:36:16] [319/459] MMZM
[23:36:17] [320/459] SSLP
[23:36:17] 🔄 Identity reset
[23:36:17] 🔄 Identity rotated (every 10 requests)
[23:36:18] [321/459] DTDT
[23:36:19] [322/459] FFCX
[23:36:20] [323/459] RCMM
[23:36:21] [324/459] KYID
[23:36:21] [325/459] CSCI
[23:36:22] [326/459] FCMC
[23:36:23] [327/459] MMXI
[23:36:24] [328/459] ASTC
[23:36:25] [329/459] CMRA
[23:36:26] [330/459] DICI
[23:36:26] 🔄 Identity reset
[23:36:26] 🔄 Identity rotated (every 10 requests)
[23:36:27] [331/459] KDIN
[23:36:28] [332/459] PRFI
[23:36:29] [333/459] SVFC
[23:36:29] [334/459] UCPL
[23:36:30] [335/459] COOC
[23:36:32] [336/459] SCAL
[23:36:32] [337/459] SVFF
[23:36:33] [338/459] VCMG
[23:36:34] [339/459] UUCT
[23:36:35] [340/459] GCSE
[23:36:35] 🔄 Identity reset
[23:36:35] 🔄 Identity rotated (every 10 requests)
[23:36:36] [341/459] SUSC
[23:36:37] [342/459] MISC
[23:36:37] [343/459] RMBL
[23:36:38] [344/459] CMXN
[23:36:39] [345/459] PVBK
[23:36:40] [346/459] HHCG
[23:36:41] [347/459] SCAG
[23:36:42] [348/459] CNPR
[23:36:43] [349/459] CSER
[23:36:43] [350/459] HLWD
[23:36:43] 🔄 Identity reset
[23:36:43] 🔄 Identity rotated (every 10 requests)
[23:36:45] [351/459] BOLY
[23:36:47] [352/459] SSPG
[23:36:48] [353/459] MUPX
[23:36:48] [354/459] HAMR
[23:36:49] [355/459] SDNC
[23:36:50] [356/459] RTEN
[23:36:51] [357/459] SDTD
[23:36:51] [358/459] KAWS
[23:36:52] [359/459] CMZX
[23:36:54] [360/459] DCDD
[23:36:54] 🔄 Identity reset
[23:36:54] 🔄 Identity rotated (every 10 requests)
[23:36:55] [361/459] ALSN
[23:36:56] [362/459] IMXS
[23:36:57] [363/459] PVFF
[23:36:58] [364/459] PVOO
[23:36:59] [365/459] CFBS
[23:37:00] [366/459] PVER
[23:37:00] [367/459] PPNX
[23:37:01] [368/459] CNRM
[23:37:03] [369/459] PVWW
[23:37:03] [370/459] INMB
[23:37:03] 🔄 Identity reset
[23:37:03] 🔄 Identity rotated (every 10 requests)
[23:37:04] [371/459] CPJR
[23:37:05] [372/459] INRZ
[23:37:06] [373/459] PMSR
[23:37:07] [374/459] GPGM
[23:37:08] [375/459] PGWB
[23:37:09] [376/459] PMBR
[23:37:09] [377/459] GPAM
[23:37:10] [378/459] INBC
[23:37:12] [379/459] PZVK
[23:37:12] [380/459] CPEB
[23:37:12] 🔄 Identity reset
[23:37:12] 🔄 Identity rotated (every 10 requests)
[23:37:13] [381/459] FMLB
[23:37:14] [382/459] INBG
[23:37:16] [383/459] GPBR
[23:37:17] [384/459] PAAS
[23:37:18] [385/459] VTBR
[23:37:19] [386/459] GPMY
[23:37:19] [387/459] GYBU
[23:37:21] [388/459] INBJ
[23:37:22] [389/459] LKTH
[23:37:23] [390/459] NSBR
[23:37:23] 🔄 Identity reset
[23:37:23] 🔄 Identity rotated (every 10 requests)
[23:37:24] [391/459] PDRD
[23:37:25] [392/459] VRBL
[23:37:25] [393/459] VTGB
[23:37:26] [394/459] VTSK
[23:37:27] [395/459] BKDV
[23:37:28] [396/459] SVTB
[23:37:28] [397/459] MLDT
[23:37:29] [398/459] NRBL
[23:37:30] [399/459] SLTR
[23:37:31] [400/459] VNKA
[23:37:31] 🔄 Identity reset
[23:37:31] 🔄 Identity rotated (every 10 requests)
[23:37:32] [401/459] TDCA
[23:37:32] [402/459] INBM
[23:37:33] [403/459] SSNR
[23:37:34] [404/459] BHAC
[23:37:35] [405/459] SDSD
[23:37:35] [406/459] SAMP
[23:37:36] [407/459] RATK
[23:37:37] [408/459] KCBI
[23:37:38] [409/459] URBL
[23:37:39] [410/459] MKBG
[23:37:39] 🔄 Identity reset
[23:37:39] 🔄 Identity rotated (every 10 requests)
[23:37:40] [411/459] ASTB
[23:37:40] [412/459] VBWT
[23:37:41] [413/459] GPSM
[23:37:42] [414/459] ROON
[23:37:43] [415/459] CHTH
[23:37:44] [416/459] SSPA
[23:37:45] [417/459] ANBL
[23:37:46] [418/459] VTBE
[23:37:46] [419/459] SVKT
[23:37:47] [420/459] SVYK
[23:37:47] 🔄 Identity reset
[23:37:47] 🔄 Identity rotated (every 10 requests)
[23:37:48] [421/459] PTBK
[23:37:49] [422/459] RKTB
[23:37:49] [423/459] BALT
[23:37:50] [424/459] STSV
[23:37:51] [425/459] VCCB
[23:37:52] [426/459] SLTB
[23:37:53] [427/459] SBCR
[23:37:54] [428/459] VDCS
[23:37:54] [429/459] MDKI
[23:37:55] [430/459] SMRN
[23:37:55] 🔄 Identity reset
[23:37:55] 🔄 Identity rotated (every 10 requests)
[23:37:56] [431/459] PTBC
[23:37:57] [432/459] RADI
[23:37:58] [433/459] ADCR
[23:37:59] [434/459] SDCS
[23:38:00] [435/459] SRPJ
[23:38:01] [436/459] ARTS
[23:38:02] [437/459] SRHK
[23:38:02] [438/459] SPAY
[23:38:03] [439/459] GPTB
[23:38:04] [440/459] SNNN
[23:38:04] 🔄 Identity reset
[23:38:04] 🔄 Identity rotated (every 10 requests)
[23:38:05] [441/459] BALJ
[23:38:06] [442/459] TRIG
[23:38:07] [443/459] GTYT
[23:38:07] [444/459] ATGN
[23:38:08] [445/459] ANTE
[23:38:09] [446/459] BDCG
[23:38:10] [447/459] VECI
[23:38:11] [448/459] SCPR
[23:38:12] [449/459] RTEA
[23:38:12] [450/459] JSAI
[23:38:12] 🔄 Identity reset
[23:38:12] 🔄 Identity rotated (every 10 requests)
[23:38:13] [451/459] VJTP
[23:38:14] [452/459] GNDS
[23:38:15] [453/459] PAXA
[23:38:16] [454/459] CGGM
[23:38:16] [455/459] ACKZ
[23:38:17] [456/459] EMCC
[23:38:18] [457/459] KLSK
[23:38:19] [458/459] AVCK
[23:38:20] [459/459] JTCK
[23:38:21] 🧹 Deduping shows
[23:38:21] ✅ DONE | Shows=4579 | Movies=105
