[09:43:58] 🚀 SCRIPT STARTED (enhanced anti‑detection)
[09:43:58] [1/445] TGMR
[09:43:58] 🧠 New identity created
[09:43:59] [2/445] CXKR
[09:44:00] [3/445] SROP
[09:44:00] [4/445] GTSV
[09:44:02] [5/445] SNTY
[09:44:03] [6/445] SMYY
[09:44:04] [7/445] CNCS
[09:44:06] [8/445] CSTM
[09:44:08] [9/445] NUCD
[09:44:09] [10/445] SHCZ
[09:44:09] 🔄 Identity reset
[09:44:09] 🔄 Identity rotated (every 10 requests)
[09:44:09] [11/445] NJCT
[09:44:10] [12/445] COPC
[09:44:11] [13/445] STVV
[09:44:12] [14/445] SKRN
[09:44:13] [15/445] APPZ
[09:44:14] [16/445] YMGN
[09:44:15] [17/445] SVTU
[09:44:16] [18/445] GTAD
[09:44:17] [19/445] PSUS
[09:44:18] [20/445] SMCD
[09:44:18] 🔄 Identity reset
[09:44:18] 🔄 Identity rotated (every 10 requests)
[09:44:19] [21/445] CMCM
[09:44:20] [22/445] SYCT
[09:44:21] [23/445] STLY
[09:44:23] [24/445] CMHU
[09:44:24] [25/445] CMSA
[09:44:24] [26/445] CLCU
[09:44:25] [27/445] PPNT
[09:44:26] [28/445] JTAB
[09:44:27] [29/445] BUUC
[09:44:28] [30/445] BSVK
[09:44:29] 🔄 Identity reset
[09:44:29] 🔄 Identity rotated (every 10 requests)
[09:44:29] [31/445] VVVQ
[09:44:30] [32/445] TKMU
[09:44:31] [33/445] ESYL
[09:44:32] [34/445] ACHP
[09:44:33] [35/445] BTKD
[09:44:34] [36/445] DESA
[09:44:35] [37/445] GBCT
[09:44:37] [38/445] BLLD
[09:44:37] [39/445] SKNT
[09:44:38] [40/445] SSTE
[09:44:39] 🔄 Identity reset
[09:44:39] 🔄 Identity rotated (every 10 requests)
[09:44:40] [41/445] VJMR
[09:44:41] [42/445] NTPU
[09:44:42] [43/445] RDKN
[09:44:43] [44/445] ADGC
[09:44:44] [45/445] VRBP
[09:44:45] [46/445] NMNA
[09:44:46] [47/445] CMMX
[09:44:47] [48/445] PTKO
[09:44:48] [49/445] RBML
[09:44:49] [50/445] SAIC
[09:44:49] 🔄 Identity reset
[09:44:49] 🔄 Identity rotated (every 10 requests)
[09:44:50] [51/445] SVTJ
[09:44:50] [52/445] MRTE
[09:44:51] [53/445] RBTP
[09:44:52] [54/445] NLPS
[09:44:54] [55/445] GTNA
[09:44:55] [56/445] DGGC
[09:44:56] [57/445] SMCR
[09:44:57] [58/445] SCGD
[09:44:58] [59/445] SRRJ
[09:44:58] [60/445] CNRY
[09:44:59] 🔄 Identity reset
[09:44:59] 🔄 Identity rotated (every 10 requests)
[09:44:59] [61/445] KTDI
[09:45:00] [62/445] SNJL
[09:45:01] [63/445] RKMD
[09:45:02] [64/445] SMDC
[09:45:04] [65/445] TADG
[09:45:05] [66/445] MCGS
[09:45:06] [67/445] PETK
[09:45:07] [68/445] CHAG
[09:45:07] [69/445] KSTL
[09:45:08] [70/445] AADS
[09:45:09] 🔄 Identity reset
[09:45:09] 🔄 Identity rotated (every 10 requests)
[09:45:09] [71/445] NTHZ
[09:45:10] [72/445] HCKI
[09:45:12] [73/445] SSEF
[09:45:13] [74/445] MCGX
[09:45:14] [75/445] ERRA
[09:45:15] [76/445] SDTW
[09:45:16] [77/445] RMPK
[09:45:17] [78/445] PTHK
[09:45:18] [79/445] PXCS
[09:45:19] [80/445] SVLU
[09:45:19] 🔄 Identity reset
[09:45:19] 🔄 Identity rotated (every 10 requests)
[09:45:20] [81/445] STAH
[09:45:21] [82/445] JRGF
[09:45:22] [83/445] CDOK
[09:45:23] [84/445] CMSG
[09:45:24] [85/445] APTD
[09:45:24] [86/445] KMPG
[09:45:25] [87/445] MUTJ
[09:45:26] [88/445] VCCI
[09:45:27] [89/445] URBE
[09:45:27] [90/445] TCTS
[09:45:28] 🔄 Identity reset
[09:45:28] 🔄 Identity rotated (every 10 requests)
[09:45:28] [91/445] STSN
[09:45:29] [92/445] AKCH
[09:45:31] [93/445] APSC
[09:45:32] [94/445] VLTB
[09:45:33] [95/445] SANU
[09:45:34] [96/445] AXAM
[09:45:35] [97/445] MGMG
[09:45:36] [98/445] HTBY
[09:45:37] [99/445] MMZS
[09:45:37] [100/445] SUDR
[09:45:38] 🔄 Identity reset
[09:45:38] 🔄 Identity rotated (every 10 requests)
[09:45:38] [101/445] CCAD
[09:45:40] [102/445] SKKC
[09:45:41] [103/445] RMCD
[09:45:42] [104/445] SBCQ
[09:45:43] [105/445] DCCT
[09:45:44] [106/445] VTKP
[09:45:44] [107/445] MLAM
[09:45:45] [108/445] SAVT
[09:45:46] [109/445] GEPL
[09:45:47] [110/445] AMCD
[09:45:48] 🔄 Identity reset
[09:45:48] 🔄 Identity rotated (every 10 requests)
[09:45:48] [111/445] CCXR
[09:45:49] [112/445] GRNG
[09:45:49] [113/445] EBCA
[09:45:51] [114/445] CNVG
[09:45:51] [115/445] MWSS
[09:45:52] [116/445] VBOR
[09:45:54] [117/445] NEEB
[09:45:55] [118/445] SUTH
[09:45:56] [119/445] ANDB
[09:45:57] [120/445] MMXS
[09:45:57] 🔄 Identity reset
[09:45:57] 🔄 Identity rotated (every 10 requests)
[09:45:57] [121/445] CNPD
[09:45:58] [122/445] SDCE
[09:46:00] [123/445] DHCB
[09:46:01] [124/445] ODEN
[09:46:01] [125/445] TNTC
[09:46:02] [126/445] VBKM
[09:46:03] [127/445] RZYM
[09:46:04] [128/445] JEMC
[09:46:05] [129/445] CMAU
[09:46:05] [130/445] SIVP
[09:46:06] 🔄 Identity reset
[09:46:06] 🔄 Identity rotated (every 10 requests)
[09:46:06] [131/445] ATAG
[09:46:07] [132/445] CHTM
[09:46:08] [133/445] AAEE
[09:46:09] [134/445] IWPM
[09:46:10] [135/445] KCMW
[09:46:11] [136/445] MCTD
[09:46:12] [137/445] SPWR
[09:46:13] [138/445] SDPO
[09:46:13] [139/445] PCSK
[09:46:14] [140/445] ACHV
[09:46:15] 🔄 Identity reset
[09:46:15] 🔄 Identity rotated (every 10 requests)
[09:46:15] [141/445] SVLA
[09:46:16] [142/445] PICT
[09:46:17] [143/445] BXDR
[09:46:18] [144/445] SPWA
[09:46:19] [145/445] MCKO
[09:46:20] [146/445] RTHK
[09:46:21] [147/445] CCMF
[09:46:22] [148/445] MRGB
[09:46:23] [149/445] CPLC
[09:46:24] [150/445] RACD
[09:46:24] 🔄 Identity reset
[09:46:24] 🔄 Identity rotated (every 10 requests)
[09:46:25] [151/445] ATKT
[09:46:26] [152/445] SARN
[09:46:26] [153/445] KKUI
[09:46:28] [154/445] RGCM
[09:46:29] [155/445] BRVP
[09:46:30] [156/445] HRSR
[09:46:31] [157/445] GKGM
[09:46:31] [158/445] TTCD
[09:46:32] [159/445] PTTI
[09:46:33] [160/445] MPTT
[09:46:34] 🔄 Identity reset
[09:46:34] 🔄 Identity rotated (every 10 requests)
[09:46:34] [161/445] CVTT
[09:46:35] [162/445] PCXD
[09:46:36] [163/445] GCDC
[09:46:37] [164/445] CCCF
[09:46:38] [165/445] MRAD
[09:46:39] [166/445] CPLK
[09:46:39] [167/445] SATB
[09:46:40] [168/445] SNVG
[09:46:41] [169/445] JMBA
[09:46:42] [170/445] TEJA
[09:46:42] 🔄 Identity reset
[09:46:42] 🔄 Identity rotated (every 10 requests)
[09:46:43] [171/445] STYO
[09:46:44] [172/445] JTBP
[09:46:45] [173/445] KRGD
[09:46:46] [174/445] SLJJ
[09:46:47] [175/445] SPTJ
[09:46:48] [176/445] SWJG
[09:46:49] [177/445] LKRT
[09:46:49] [178/445] KCKA
[09:46:51] [179/445] SNCR
[09:46:52] [180/445] SMKL
[09:46:52] 🔄 Identity reset
[09:46:52] 🔄 Identity rotated (every 10 requests)
[09:46:53] [181/445] GCFA
[09:46:54] [182/445] DDCK
[09:46:54] [183/445] NCHJ
[09:46:55] [184/445] RDMA
[09:46:57] [185/445] SVSV
[09:46:58] [186/445] SCJG
[09:47:00] [187/445] VKLP
[09:47:01] [188/445] NWCC
[09:47:02] [189/445] VKNS
[09:47:03] [190/445] SDDP
[09:47:03] 🔄 Identity reset
[09:47:03] 🔄 Identity rotated (every 10 requests)
[09:47:03] [191/445] ACSI
[09:47:04] [192/445] SATG
[09:47:06] [193/445] SCMW
[09:47:07] [194/445] LKTK
[09:47:07] [195/445] VCKV
[09:47:09] [196/445] KKPE
[09:47:11] [197/445] KIGH
[09:47:12] [198/445] SRPM
[09:47:12] [199/445] SCAH
[09:47:13] [200/445] MUTA
[09:47:14] 🔄 Identity reset
[09:47:14] 🔄 Identity rotated (every 10 requests)
[09:47:14] [201/445] SEPU
[09:47:15] [202/445] INOA
[09:47:16] [203/445] BASK
[09:47:17] [204/445] NECB
[09:47:18] [205/445] GTTG
[09:47:19] [206/445] ASSA
[09:47:19] [207/445] ANCL
[09:47:20] [208/445] GCTI
[09:47:22] [209/445] RCTS
[09:47:23] [210/445] ACNL
[09:47:23] 🔄 Identity reset
[09:47:23] 🔄 Identity rotated (every 10 requests)
[09:47:23] [211/445] MYCT
[09:47:24] [212/445] NMHT
[09:47:26] [213/445] MDIT
[09:47:26] [214/445] LATG
[09:47:27] [215/445] SMTY
[09:47:28] [216/445] CVCT
[09:47:29] [217/445] RAMB
[09:47:30] [218/445] TGMS
[09:47:31] [219/445] BHEL
[09:47:32] [220/445] SHCT
[09:47:32] 🔄 Identity reset
[09:47:32] 🔄 Identity rotated (every 10 requests)
[09:47:33] [221/445] SVCT
[09:47:33] [222/445] MRIY
[09:47:34] [223/445] SARO
[09:47:36] [224/445] STCT
[09:47:37] [225/445] JKKC
[09:47:37] [226/445] PLTT
[09:47:38] [227/445] SRNT
[09:47:39] [228/445] YAST
[09:47:41] [229/445] PERL
[09:47:41] [230/445] CICM
[09:47:42] 🔄 Identity reset
[09:47:42] 🔄 Identity rotated (every 10 requests)
[09:47:42] [231/445] MMTR
[09:47:44] [232/445] ABTK
[09:47:44] [233/445] ATYY
[09:47:46] [234/445] ASTK
[09:47:47] [235/445] VVCK
[09:47:48] [236/445] ATKY
[09:47:49] [237/445] GWEK
[09:47:50] [238/445] SVFH
[09:47:51] [239/445] SLTA
[09:47:53] [240/445] AASH
[09:47:53] 🔄 Identity reset
[09:47:53] 🔄 Identity rotated (every 10 requests)
[09:47:54] [241/445] ACXB
[09:47:56] [242/445] SMTX
[09:47:57] [243/445] AZDH
[09:47:58] [244/445] CMMH
[09:47:59] [245/445] SCSZ
[09:48:00] [246/445] SCKP
[09:48:01] [247/445] NXTM
[09:48:02] [248/445] NWCS
[09:48:02] [249/445] CXMH
[09:48:04] [250/445] PCMA
[09:48:05] 🔄 Identity reset
[09:48:05] 🔄 Identity rotated (every 10 requests)
[09:48:05] [251/445] SGCM
[09:48:06] [252/445] SDTU
[09:48:07] [253/445] MMVI
[09:48:08] [254/445] JKCM
[09:48:09] [255/445] VCMM
[09:48:10] [256/445] SYEE
[09:48:11] [257/445] VASD
[09:48:11] [258/445] BDRB
[09:48:12] [259/445] LASM
[09:48:13] [260/445] DCRL
[09:48:14] 🔄 Identity reset
[09:48:14] 🔄 Identity rotated (every 10 requests)
[09:48:14] [261/445] DVPM
[09:48:15] [262/445] SBMJ
[09:48:16] [263/445] CBMU
[09:48:17] [264/445] IUBS
[09:48:17] [265/445] INAP
[09:48:18] [266/445] SRRC
[09:48:19] [267/445] SAGR
[09:48:21] [268/445] CPMJ
[09:48:22] [269/445] ATJL
[09:48:23] [270/445] NNTD
[09:48:24] 🔄 Identity reset
[09:48:24] 🔄 Identity rotated (every 10 requests)
[09:48:24] [271/445] JHCJ
[09:48:25] [272/445] CMMP
[09:48:26] [273/445] RSDR
[09:48:28] [274/445] AMTI
[09:48:29] [275/445] NYSG
[09:48:31] [276/445] AVSG
[09:48:32] [277/445] SYTP
[09:48:33] [278/445] LARC
[09:48:33] [279/445] RJTP
[09:48:34] [280/445] LAKC
[09:48:35] 🔄 Identity reset
[09:48:35] 🔄 Identity rotated (every 10 requests)
[09:48:35] [281/445] MCXE
[09:48:36] [282/445] CCZC
[09:48:37] [283/445] AVCH
[09:48:38] [284/445] CMBE
[09:48:39] [285/445] MRRC
[09:48:39] [286/445] PCPY
[09:48:41] [287/445] SRMH
[09:48:42] [288/445] SVGS
[09:48:43] [289/445] PCSE
[09:48:44] [290/445] SVFT
[09:48:45] 🔄 Identity reset
[09:48:45] 🔄 Identity rotated (every 10 requests)
[09:48:46] [291/445] TNZP
[09:48:46] [292/445] ICTP
[09:48:47] [293/445] ACTZ
[09:48:48] [294/445] GTUR
[09:48:50] [295/445] MAFC
[09:48:51] [296/445] MINL
[09:48:52] [297/445] MRCL
[09:48:53] [298/445] RCRP
[09:48:54] [299/445] RFFG
[09:48:55] [300/445] RMAS
[09:48:55] 🔄 Identity reset
[09:48:55] 🔄 Identity rotated (every 10 requests)
[09:48:56] [301/445] INVR
[09:48:57] [302/445] RMAR
[09:48:58] [303/445] CNIS
[09:48:59] [304/445] RHRJ
[09:49:00] [305/445] INXR
[09:49:02] [306/445] VALT
[09:49:03] [307/445] LCSH
[09:49:03] [308/445] CMVS
[09:49:04] [309/445] CNMS
[09:49:05] [310/445] ROOG
[09:49:06] 🔄 Identity reset
[09:49:06] 🔄 Identity rotated (every 10 requests)
[09:49:07] [311/445] ISRM
[09:49:08] [312/445] RCRM
[09:49:09] [313/445] ACJA
[09:49:10] [314/445] RCVS
[09:49:11] [315/445] CPUS
[09:49:12] [316/445] TGCS
[09:49:13] [317/445] RKCJ
[09:49:14] [318/445] MKSB
[09:49:15] [319/445] TCSJ
[09:49:16] [320/445] RMGP
[09:49:17] 🔄 Identity reset
[09:49:17] 🔄 Identity rotated (every 10 requests)
[09:49:18] [321/445] CLLP
[09:49:19] [322/445] RCMV
[09:49:19] [323/445] CCKS
[09:49:20] [324/445] RSRP
[09:49:21] [325/445] APLP
[09:49:22] [326/445] CNVS
[09:49:23] [327/445] RMVY
[09:49:24] [328/445] PGBD
[09:49:25] [329/445] KLMS
[09:49:26] [330/445] RUST
[09:49:26] 🔄 Identity reset
[09:49:26] 🔄 Identity rotated (every 10 requests)
[09:49:27] [331/445] MASM
[09:49:28] [332/445] BACS
[09:49:30] [333/445] BWST
[09:49:31] [334/445] RRFH
[09:49:32] [335/445] SJTM
[09:49:32] [336/445] BEMR
[09:49:33] [337/445] MCGR
[09:49:34] [338/445] SDSK
[09:49:35] [339/445] VBOL
[09:49:36] [340/445] RMGM
[09:49:37] 🔄 Identity reset
[09:49:37] 🔄 Identity rotated (every 10 requests)
[09:49:38] [341/445] NOPL
[09:49:39] [342/445] MKJK
[09:49:40] [343/445] CVRN
[09:49:41] [344/445] MMEN
[09:49:41] [345/445] AMNG
[09:49:42] [346/445] INTM
[09:49:43] [347/445] SLCZ
[09:49:44] [348/445] AMJN
[09:49:45] [349/445] ACJN
[09:49:46] [350/445] AMKN
[09:49:47] 🔄 Identity reset
[09:49:47] 🔄 Identity rotated (every 10 requests)
[09:49:47] [351/445] BTCN
[09:49:48] [352/445] AMBT
[09:49:49] [353/445] PACN
[09:49:50] [354/445] LCNS
[09:49:50] [355/445] PPKC
[09:49:51] [356/445] JYYN
[09:49:52] [357/445] JTNR
[09:49:53] [358/445] GTEE
[09:49:54] [359/445] SRNM
[09:49:55] [360/445] SDTC
[09:49:56] 🔄 Identity reset
[09:49:56] 🔄 Identity rotated (every 10 requests)
[09:49:56] [361/445] VPCA
[09:49:57] [362/445] VLRA
[09:49:58] [363/445] SHKR
[09:49:59] [364/445] SBKD
[09:49:59] [365/445] SAAD
[09:50:00] [366/445] JTGN
[09:50:01] [367/445] SLAM
[09:50:03] [368/445] VTPM
[09:50:04] [369/445] ANPT
[09:50:05] [370/445] PUNB
[09:50:06] 🔄 Identity reset
[09:50:06] 🔄 Identity rotated (every 10 requests)
[09:50:06] [371/445] CPKT
[09:50:07] [372/445] CNWE
[09:50:08] [373/445] ECPP
[09:50:09] [374/445] CPAR
[09:50:10] [375/445] ESBW
[09:50:10] [376/445] PKPU
[09:50:11] [377/445] CPRP
[09:50:12] [378/445] RAHU
[09:50:13] [379/445] RHMN
[09:50:14] [380/445] FMJP
[09:50:15] 🔄 Identity reset
[09:50:15] 🔄 Identity rotated (every 10 requests)
[09:50:16] [381/445] CTMP
[09:50:17] [382/445] INPN
[09:50:18] [383/445] STTG
[09:50:19] [384/445] CTRD
[09:50:20] [385/445] PUVB
[09:50:21] [386/445] ESVP
[09:50:22] [387/445] CPFT
[09:50:23] [388/445] LCPC
[09:50:24] [389/445] VBCT
[09:50:25] [390/445] FSCW
[09:50:26] 🔄 Identity reset
[09:50:26] 🔄 Identity rotated (every 10 requests)
[09:50:26] [391/445] VCMP
[09:50:27] [392/445] ASHC
[09:50:28] [393/445] VLCX
[09:50:29] [394/445] SHEV
[09:50:30] [395/445] APCO
[09:50:31] [396/445] SILC
[09:50:32] [397/445] SNMR
[09:50:33] [398/445] KYBO
[09:50:35] [399/445] SATK
[09:50:36] [400/445] SSCS
[09:50:37] 🔄 Identity reset
[09:50:37] 🔄 Identity rotated (every 10 requests)
[09:50:37] [401/445] CLSB
[09:50:39] [402/445] KMJR
[09:50:39] [403/445] FSCK
[09:50:40] [404/445] NNKA
[09:50:41] [405/445] CLMK
[09:50:42] [406/445] DMPZ
[09:50:43] [407/445] INQM
[09:50:45] [408/445] CAML
[09:50:46] [409/445] INRK
[09:50:47] [410/445] IMKN
[09:50:47] 🔄 Identity reset
[09:50:47] 🔄 Identity rotated (every 10 requests)
[09:50:48] [411/445] SVNR
[09:50:49] [412/445] INSL
[09:50:50] [413/445] MSMA
[09:50:50] [414/445] MCKK
[09:50:51] [415/445] FCHP
[09:50:52] [416/445] SFCR
[09:50:53] [417/445] NACK
[09:50:54] [418/445] PVAK
[09:50:55] [419/445] INER
[09:50:55] [420/445] RDBK
[09:50:56] 🔄 Identity reset
[09:50:56] 🔄 Identity rotated (every 10 requests)
[09:50:57] [421/445] SVFN
[09:50:57] [422/445] IFRM
[09:50:58] [423/445] ATCK
[09:50:59] [424/445] ASKO
[09:51:00] [425/445] STKT
[09:51:01] [426/445] SVFB
[09:51:02] [427/445] INKS
[09:51:03] [428/445] PCRA
[09:51:03] [429/445] ATJA
[09:51:04] [430/445] IMJN
[09:51:05] 🔄 Identity reset
[09:51:05] 🔄 Identity rotated (every 10 requests)
[09:51:05] [431/445] INHD
[09:51:06] [432/445] BARA
[09:51:08] [433/445] MCSL
[09:51:09] [434/445] RTOY
[09:51:09] [435/445] MENO
[09:51:10] [436/445] PUDM
[09:51:11] [437/445] PRCN
[09:51:12] [438/445] JMJR
[09:51:13] [439/445] SSGK
[09:51:15] [440/445] SSRL
[09:51:15] 🔄 Identity reset
[09:51:15] 🔄 Identity rotated (every 10 requests)
[09:51:16] [441/445] JYKL
[09:51:16] [442/445] ACNB
[09:51:17] [443/445] SONP
[09:51:18] [444/445] EMCI
[09:51:20] [445/445] MRJH
[09:51:21] 🧹 Deduping shows
[09:51:21] ✅ DONE | Shows=616 | Movies=38
[23:46:41] 🚀 SCRIPT STARTED (enhanced anti‑detection)
[23:46:41] [1/445] TGMR
[23:46:42] 🧠 New identity created
[23:46:42] [2/445] CXKR
[23:46:43] [3/445] SROP
[23:46:44] [4/445] GTSV
[23:46:45] [5/445] SNTY
[23:46:46] [6/445] SMYY
[23:46:48] [7/445] CNCS
[23:46:49] [8/445] CSTM
[23:46:49] [9/445] NUCD
[23:46:50] [10/445] SHCZ
[23:46:51] 🔄 Identity reset
[23:46:51] 🔄 Identity rotated (every 10 requests)
[23:46:51] [11/445] NJCT
[23:46:52] [12/445] COPC
[23:46:54] [13/445] STVV
[23:46:55] [14/445] SKRN
[23:46:56] [15/445] APPZ
[23:46:57] [16/445] YMGN
[23:46:58] [17/445] SVTU
[23:46:59] [18/445] GTAD
[23:46:59] [19/445] PSUS
[23:47:01] [20/445] SMCD
[23:47:01] 🔄 Identity reset
[23:47:01] 🔄 Identity rotated (every 10 requests)
[23:47:02] [21/445] CMCM
[23:47:03] [22/445] SYCT
[23:47:03] [23/445] STLY
[23:47:04] [24/445] CMHU
[23:47:05] [25/445] CMSA
[23:47:06] [26/445] CLCU
[23:47:07] [27/445] PPNT
[23:47:09] [28/445] JTAB
[23:47:09] [29/445] BUUC
[23:47:10] [30/445] BSVK
[23:47:11] 🔄 Identity reset
[23:47:11] 🔄 Identity rotated (every 10 requests)
[23:47:11] [31/445] VVVQ
[23:47:12] [32/445] TKMU
[23:47:13] [33/445] ESYL
[23:47:14] [34/445] ACHP
[23:47:15] [35/445] BTKD
[23:47:16] [36/445] DESA
[23:47:17] [37/445] GBCT
[23:47:18] [38/445] BLLD
[23:47:19] [39/445] SKNT
[23:47:19] [40/445] SSTE
[23:47:20] 🔄 Identity reset
[23:47:20] 🔄 Identity rotated (every 10 requests)
[23:47:20] [41/445] VJMR
[23:47:21] [42/445] NTPU
[23:47:22] [43/445] RDKN
[23:47:23] [44/445] ADGC
[23:47:24] [45/445] VRBP
[23:47:25] [46/445] NMNA
[23:47:27] [47/445] CMMX
[23:47:28] [48/445] PTKO
[23:47:29] [49/445] RBML
[23:47:30] [50/445] SAIC
[23:47:30] 🔄 Identity reset
[23:47:30] 🔄 Identity rotated (every 10 requests)
[23:47:31] [51/445] SVTJ
[23:47:32] [52/445] MRTE
[23:47:33] [53/445] RBTP
[23:47:34] [54/445] NLPS
[23:47:35] [55/445] GTNA
[23:47:35] [56/445] DGGC
[23:47:36] [57/445] SMCR
[23:47:38] [58/445] SCGD
[23:47:39] [59/445] SRRJ
[23:47:40] [60/445] CNRY
[23:47:40] 🔄 Identity reset
[23:47:40] 🔄 Identity rotated (every 10 requests)
[23:47:41] [61/445] KTDI
[23:47:41] [62/445] SNJL
[23:47:43] [63/445] RKMD
[23:47:44] [64/445] SMDC
[23:47:45] [65/445] TADG
[23:47:46] [66/445] MCGS
[23:47:47] [67/445] PETK
[23:47:47] [68/445] CHAG
[23:47:48] [69/445] KSTL
[23:47:49] [70/445] AADS
[23:47:50] 🔄 Identity reset
[23:47:50] 🔄 Identity rotated (every 10 requests)
[23:47:50] [71/445] NTHZ
[23:47:51] [72/445] HCKI
[23:47:52] [73/445] SSEF
[23:47:53] [74/445] MCGX
[23:47:54] [75/445] ERRA
[23:47:55] [76/445] SDTW
[23:47:55] [77/445] RMPK
[23:47:56] [78/445] PTHK
[23:47:58] [79/445] PXCS
[23:47:59] [80/445] SVLU
[23:48:00] 🔄 Identity reset
[23:48:00] 🔄 Identity rotated (every 10 requests)
[23:48:00] [81/445] STAH
[23:48:01] [82/445] JRGF
[23:48:02] [83/445] CDOK
[23:48:03] [84/445] CMSG
[23:48:03] [85/445] APTD
[23:48:04] [86/445] KMPG
[23:48:05] [87/445] MUTJ
[23:48:06] [88/445] VCCI
[23:48:07] [89/445] URBE
[23:48:08] [90/445] TCTS
[23:48:08] 🔄 Identity reset
[23:48:08] 🔄 Identity rotated (every 10 requests)
[23:48:10] [91/445] STSN
[23:48:11] [92/445] AKCH
[23:48:11] [93/445] APSC
[23:48:12] [94/445] VLTB
[23:48:13] [95/445] SANU
[23:48:14] [96/445] AXAM
[23:48:15] [97/445] MGMG
[23:48:16] [98/445] HTBY
[23:48:17] [99/445] MMZS
[23:48:18] [100/445] SUDR
[23:48:19] 🔄 Identity reset
[23:48:19] 🔄 Identity rotated (every 10 requests)
[23:48:19] 🔄 Retry 1/5 for SUDR in 2.8s
[23:48:19] 🔄 Identity reset
[23:48:22] 🧠 New identity created
[23:48:22] [101/445] CCAD
[23:48:23] [102/445] SKKC
[23:48:24] [103/445] RMCD
[23:48:25] [104/445] SBCQ
[23:48:25] [105/445] DCCT
[23:48:26] [106/445] VTKP
[23:48:27] [107/445] MLAM
[23:48:28] [108/445] SAVT
[23:48:29] [109/445] GEPL
[23:48:30] 🔄 Identity reset
[23:48:30] 🔄 Identity rotated (every 10 requests)
[23:48:30] [110/445] AMCD
[23:48:31] [111/445] CCXR
[23:48:32] [112/445] GRNG
[23:48:34] [113/445] EBCA
[23:48:34] [114/445] CNVG
[23:48:35] [115/445] MWSS
[23:48:36] [116/445] VBOR
[23:48:37] [117/445] NEEB
[23:48:38] [118/445] SUTH
[23:48:39] [119/445] ANDB
[23:48:39] 🔄 Identity reset
[23:48:39] 🔄 Identity rotated (every 10 requests)
[23:48:39] [120/445] MMXS
[23:48:40] [121/445] CNPD
[23:48:41] [122/445] SDCE
[23:48:42] [123/445] DHCB
[23:48:44] [124/445] ODEN
[23:48:45] [125/445] TNTC
[23:48:46] [126/445] VBKM
[23:48:46] [127/445] RZYM
[23:48:47] [128/445] JEMC
[23:48:48] [129/445] CMAU
[23:48:49] 🔄 Identity reset
[23:48:49] 🔄 Identity rotated (every 10 requests)
[23:48:49] [130/445] SIVP
[23:48:50] [131/445] ATAG
[23:48:51] [132/445] CHTM
[23:48:52] [133/445] AAEE
[23:48:53] [134/445] IWPM
[23:48:54] [135/445] KCMW
[23:48:55] [136/445] MCTD
[23:48:55] [137/445] SPWR
[23:48:56] [138/445] SDPO
[23:48:57] [139/445] PCSK
[23:48:58] 🔄 Identity reset
[23:48:58] 🔄 Identity rotated (every 10 requests)
[23:48:58] [140/445] ACHV
[23:48:59] [141/445] SVLA
[23:49:00] [142/445] PICT
[23:49:01] [143/445] BXDR
[23:49:02] [144/445] SPWA
[23:49:03] [145/445] MCKO
[23:49:04] [146/445] RTHK
[23:49:05] [147/445] CCMF
[23:49:05] [148/445] MRGB
[23:49:07] [149/445] CPLC
[23:49:08] 🔄 Identity reset
[23:49:08] 🔄 Identity rotated (every 10 requests)
[23:49:08] [150/445] RACD
[23:49:09] [151/445] ATKT
[23:49:10] [152/445] SARN
[23:49:11] [153/445] KKUI
[23:49:12] [154/445] RGCM
[23:49:13] [155/445] BRVP
[23:49:13] [156/445] HRSR
[23:49:14] [157/445] GKGM
[23:49:15] [158/445] TTCD
[23:49:16] [159/445] PTTI
[23:49:17] 🔄 Identity reset
[23:49:17] 🔄 Identity rotated (every 10 requests)
[23:49:18] [160/445] MPTT
[23:49:19] [161/445] CVTT
[23:49:20] [162/445] PCXD
[23:49:21] [163/445] GCDC
[23:49:22] [164/445] CCCF
[23:49:23] [165/445] MRAD
[23:49:24] [166/445] CPLK
[23:49:25] [167/445] SATB
[23:49:26] [168/445] SNVG
[23:49:27] [169/445] JMBA
[23:49:27] 🔄 Identity reset
[23:49:27] 🔄 Identity rotated (every 10 requests)
[23:49:28] [170/445] TEJA
[23:49:29] [171/445] STYO
[23:49:29] [172/445] JTBP
[23:49:30] [173/445] KRGD
[23:49:31] [174/445] SLJJ
[23:49:32] [175/445] SPTJ
[23:49:33] [176/445] SWJG
[23:49:34] [177/445] LKRT
[23:49:35] [178/445] KCKA
[23:49:35] [179/445] SNCR
[23:49:36] 🔄 Identity reset
[23:49:36] 🔄 Identity rotated (every 10 requests)
[23:49:36] [180/445] SMKL
[23:49:37] [181/445] GCFA
[23:49:39] [182/445] DDCK
[23:49:40] [183/445] NCHJ
[23:49:41] [184/445] RDMA
[23:49:42] [185/445] SVSV
[23:49:43] [186/445] SCJG
[23:49:44] [187/445] VKLP
[23:49:45] [188/445] NWCC
[23:49:45] [189/445] VKNS
[23:49:46] 🔄 Identity reset
[23:49:46] 🔄 Identity rotated (every 10 requests)
[23:49:46] [190/445] SDDP
[23:49:48] [191/445] ACSI
[23:49:49] [192/445] SATG
[23:49:50] [193/445] SCMW
[23:49:51] [194/445] LKTK
[23:49:53] [195/445] VCKV
[23:49:54] [196/445] KKPE
[23:49:55] [197/445] KIGH
[23:49:55] [198/445] SRPM
[23:49:56] [199/445] SCAH
[23:49:57] 🔄 Identity reset
[23:49:57] 🔄 Identity rotated (every 10 requests)
[23:49:57] [200/445] MUTA
[23:49:58] [201/445] SEPU
[23:49:59] [202/445] INOA
[23:50:00] [203/445] BASK
[23:50:02] [204/445] NECB
[23:50:02] [205/445] GTTG
[23:50:03] [206/445] ASSA
[23:50:04] [207/445] ANCL
[23:50:05] [208/445] GCTI
[23:50:06] [209/445] RCTS
[23:50:07] 🔄 Identity reset
[23:50:07] 🔄 Identity rotated (every 10 requests)
[23:50:08] [210/445] ACNL
[23:50:09] [211/445] MYCT
[23:50:09] [212/445] NMHT
[23:50:10] [213/445] MDIT
[23:50:11] [214/445] LATG
[23:50:13] [215/445] SMTY
[23:50:14] [216/445] CVCT
[23:50:15] [217/445] RAMB
[23:50:16] [218/445] TGMS
[23:50:17] [219/445] BHEL
[23:50:17] 🔄 Identity reset
[23:50:17] 🔄 Identity rotated (every 10 requests)
[23:50:18] [220/445] SHCT
[23:50:19] [221/445] SVCT
[23:50:19] [222/445] MRIY
[23:50:20] [223/445] SARO
[23:50:21] [224/445] STCT
[23:50:22] [225/445] JKKC
[23:50:23] [226/445] PLTT
[23:50:24] [227/445] SRNT
[23:50:25] [228/445] YAST
[23:50:26] [229/445] PERL
[23:50:27] 🔄 Identity reset
[23:50:27] 🔄 Identity rotated (every 10 requests)
[23:50:27] 🔄 Retry 1/5 for PERL in 2.9s
[23:50:27] 🔄 Identity reset
[23:50:30] 🧠 New identity created
[23:50:30] [230/445] CICM
[23:50:31] [231/445] MMTR
[23:50:32] [232/445] ABTK
[23:50:33] [233/445] ATYY
[23:50:34] [234/445] ASTK
[23:50:35] [235/445] VVCK
[23:50:36] [236/445] ATKY
[23:50:37] [237/445] GWEK
[23:50:38] [238/445] SVFH
[23:50:38] 🔄 Identity reset
[23:50:38] 🔄 Identity rotated (every 10 requests)
[23:50:39] [239/445] SLTA
[23:50:39] [240/445] AASH
[23:50:40] [241/445] ACXB
[23:50:41] [242/445] SMTX
[23:50:43] [243/445] AZDH
[23:50:44] [244/445] CMMH
[23:50:45] [245/445] SCSZ
[23:50:46] [246/445] SCKP
[23:50:47] [247/445] NXTM
[23:50:48] [248/445] NWCS
[23:50:48] 🔄 Identity reset
[23:50:48] 🔄 Identity rotated (every 10 requests)
[23:50:49] [249/445] CXMH
[23:50:50] [250/445] PCMA
[23:50:51] [251/445] SGCM
[23:50:52] [252/445] SDTU
[23:50:53] [253/445] MMVI
[23:50:54] [254/445] JKCM
[23:50:55] [255/445] VCMM
[23:50:56] [256/445] SYEE
[23:50:57] [257/445] VASD
[23:50:58] [258/445] BDRB
[23:50:58] 🔄 Identity reset
[23:50:58] 🔄 Identity rotated (every 10 requests)
[23:50:59] [259/445] LASM
[23:51:00] [260/445] DCRL
[23:51:01] [261/445] DVPM
[23:51:02] [262/445] SBMJ
[23:51:03] [263/445] CBMU
[23:51:05] [264/445] IUBS
[23:51:06] [265/445] INAP
[23:51:07] [266/445] SRRC
[23:51:08] [267/445] SAGR
[23:51:08] [268/445] CPMJ
[23:51:09] 🔄 Identity reset
[23:51:09] 🔄 Identity rotated (every 10 requests)
[23:51:10] [269/445] ATJL
[23:51:11] [270/445] NNTD
[23:51:12] [271/445] JHCJ
[23:51:13] [272/445] CMMP
[23:51:14] [273/445] RSDR
[23:51:14] [274/445] AMTI
[23:51:16] [275/445] NYSG
[23:51:17] [276/445] AVSG
[23:51:18] [277/445] SYTP
[23:51:19] [278/445] LARC
[23:51:20] 🔄 Identity reset
[23:51:20] 🔄 Identity rotated (every 10 requests)
[23:51:20] [279/445] RJTP
[23:51:21] [280/445] LAKC
[23:51:22] [281/445] MCXE
[23:51:23] [282/445] CCZC
[23:51:24] [283/445] AVCH
[23:51:25] [284/445] CMBE
[23:51:26] [285/445] MRRC
[23:51:27] [286/445] PCPY
[23:51:28] [287/445] SRMH
[23:51:29] [288/445] SVGS
[23:51:29] 🔄 Identity reset
[23:51:29] 🔄 Identity rotated (every 10 requests)
[23:51:30] [289/445] PCSE
[23:51:30] [290/445] SVFT
[23:51:31] [291/445] TNZP
[23:51:32] [292/445] ICTP
[23:51:33] [293/445] ACTZ
[23:51:34] [294/445] GTUR
[23:51:35] [295/445] MAFC
[23:51:36] [296/445] MINL
[23:51:37] [297/445] MRCL
[23:51:38] [298/445] RCRP
[23:51:38] 🔄 Identity reset
[23:51:38] 🔄 Identity rotated (every 10 requests)
[23:51:39] [299/445] RFFG
[23:51:40] [300/445] RMAS
[23:51:41] [301/445] INVR
[23:51:41] [302/445] RMAR
[23:51:42] [303/445] CNIS
[23:51:43] [304/445] RHRJ
[23:51:44] [305/445] INXR
[23:51:45] [306/445] VALT
[23:51:46] [307/445] LCSH
[23:51:47] [308/445] CMVS
[23:51:48] 🔄 Identity reset
[23:51:48] 🔄 Identity rotated (every 10 requests)
[23:51:48] [309/445] CNMS
[23:51:49] [310/445] ROOG
[23:51:50] [311/445] ISRM
[23:51:51] [312/445] RCRM
[23:51:52] [313/445] ACJA
[23:51:53] [314/445] RCVS
[23:51:54] [315/445] CPUS
[23:51:54] [316/445] TGCS
[23:51:55] [317/445] RKCJ
[23:51:56] [318/445] MKSB
[23:51:57] 🔄 Identity reset
[23:51:57] 🔄 Identity rotated (every 10 requests)
[23:51:57] [319/445] TCSJ
[23:51:58] [320/445] RMGP
[23:52:00] [321/445] CLLP
[23:52:01] [322/445] RCMV
[23:52:02] [323/445] CCKS
[23:52:02] [324/445] RSRP
[23:52:04] [325/445] APLP
[23:52:04] [326/445] CNVS
[23:52:05] [327/445] RMVY
[23:52:06] [328/445] PGBD
[23:52:07] 🔄 Identity reset
[23:52:07] 🔄 Identity rotated (every 10 requests)
[23:52:07] [329/445] KLMS
[23:52:08] [330/445] RUST
[23:52:09] [331/445] MASM
[23:52:09] [332/445] BACS
[23:52:10] [333/445] BWST
[23:52:12] [334/445] RRFH
[23:52:13] [335/445] SJTM
[23:52:14] [336/445] BEMR
[23:52:15] [337/445] MCGR
[23:52:16] [338/445] SDSK
[23:52:17] 🔄 Identity reset
[23:52:17] 🔄 Identity rotated (every 10 requests)
[23:52:17] [339/445] VBOL
[23:52:18] [340/445] RMGM
[23:52:19] [341/445] NOPL
[23:52:19] [342/445] MKJK
[23:52:21] [343/445] CVRN
[23:52:22] [344/445] MMEN
[23:52:23] [345/445] AMNG
[23:52:24] [346/445] INTM
[23:52:24] [347/445] SLCZ
[23:52:25] [348/445] AMJN
[23:52:26] 🔄 Identity reset
[23:52:26] 🔄 Identity rotated (every 10 requests)
[23:52:26] [349/445] ACJN
[23:52:27] [350/445] AMKN
[23:52:28] [351/445] BTCN
[23:52:29] [352/445] AMBT
[23:52:30] [353/445] PACN
[23:52:31] [354/445] LCNS
[23:52:32] [355/445] PPKC
[23:52:32] [356/445] JYYN
[23:52:33] [357/445] JTNR
[23:52:34] [358/445] GTEE
[23:52:35] 🔄 Identity reset
[23:52:35] 🔄 Identity rotated (every 10 requests)
[23:52:35] [359/445] SRNM
[23:52:36] [360/445] SDTC
[23:52:37] [361/445] VPCA
[23:52:38] [362/445] VLRA
[23:52:40] [363/445] SHKR
[23:52:40] [364/445] SBKD
[23:52:41] [365/445] SAAD
[23:52:42] [366/445] JTGN
[23:52:43] [367/445] SLAM
[23:52:44] [368/445] VTPM
[23:52:45] 🔄 Identity reset
[23:52:45] 🔄 Identity rotated (every 10 requests)
[23:52:45] [369/445] ANPT
[23:52:46] [370/445] PUNB
[23:52:47] [371/445] CPKT
[23:52:48] [372/445] CNWE
[23:52:49] [373/445] ECPP
[23:52:50] [374/445] CPAR
[23:52:51] [375/445] ESBW
[23:52:51] [376/445] PKPU
[23:52:52] [377/445] CPRP
[23:52:53] [378/445] RAHU
[23:52:54] 🔄 Identity reset
[23:52:54] 🔄 Identity rotated (every 10 requests)
[23:52:54] [379/445] RHMN
[23:52:55] [380/445] FMJP
[23:52:56] [381/445] CTMP
[23:52:57] [382/445] INPN
[23:52:58] [383/445] STTG
[23:52:59] [384/445] CTRD
[23:53:01] [385/445] PUVB
[23:53:01] [386/445] ESVP
[23:53:02] [387/445] CPFT
[23:53:03] [388/445] LCPC
[23:53:04] 🔄 Identity reset
[23:53:04] 🔄 Identity rotated (every 10 requests)
[23:53:04] [389/445] VBCT
[23:53:05] [390/445] FSCW
[23:53:06] [391/445] VCMP
[23:53:08] [392/445] ASHC
[23:53:08] [393/445] VLCX
[23:53:09] [394/445] SHEV
[23:53:10] [395/445] APCO
[23:53:11] [396/445] SILC
[23:53:12] [397/445] SNMR
[23:53:13] [398/445] KYBO
[23:53:14] 🔄 Identity reset
[23:53:14] 🔄 Identity rotated (every 10 requests)
[23:53:15] [399/445] SATK
[23:53:15] [400/445] SSCS
[23:53:16] [401/445] CLSB
[23:53:17] [402/445] KMJR
[23:53:18] [403/445] FSCK
[23:53:19] [404/445] NNKA
[23:53:20] [405/445] CLMK
[23:53:21] [406/445] DMPZ
[23:53:22] [407/445] INQM
[23:53:23] [408/445] CAML
[23:53:23] 🔄 Identity reset
[23:53:23] 🔄 Identity rotated (every 10 requests)
[23:53:25] [409/445] INRK
[23:53:25] [410/445] IMKN
[23:53:26] [411/445] SVNR
[23:53:27] [412/445] INSL
[23:53:28] [413/445] MSMA
[23:53:29] [414/445] MCKK
[23:53:30] [415/445] FCHP
[23:53:31] [416/445] SFCR
[23:53:32] [417/445] NACK
[23:53:33] [418/445] PVAK
[23:53:33] 🔄 Identity reset
[23:53:33] 🔄 Identity rotated (every 10 requests)
[23:53:33] [419/445] INER
[23:53:34] [420/445] RDBK
[23:53:35] [421/445] SVFN
[23:53:36] [422/445] IFRM
[23:53:37] [423/445] ATCK
[23:53:38] [424/445] ASKO
[23:53:39] [425/445] STKT
[23:53:40] [426/445] SVFB
[23:53:41] [427/445] INKS
[23:53:42] [428/445] PCRA
[23:53:42] 🔄 Identity reset
[23:53:42] 🔄 Identity rotated (every 10 requests)
[23:53:42] [429/445] ATJA
[23:53:43] [430/445] IMJN
[23:53:44] [431/445] INHD
[23:53:45] [432/445] BARA
[23:53:46] [433/445] MCSL
[23:53:47] [434/445] RTOY
[23:53:48] [435/445] MENO
[23:53:49] [436/445] PUDM
[23:53:49] [437/445] PRCN
[23:53:50] [438/445] JMJR
[23:53:51] 🔄 Identity reset
[23:53:51] 🔄 Identity rotated (every 10 requests)
[23:53:52] [439/445] SSGK
[23:53:53] [440/445] SSRL
[23:53:54] [441/445] JYKL
[23:53:55] [442/445] ACNB
[23:53:55] [443/445] SONP
[23:53:56] [444/445] EMCI
[23:53:57] [445/445] MRJH
[23:53:58] 🧹 Deduping shows
[23:53:58] ✅ DONE | Shows=967 | Movies=48
[18:45:41] 🚀 SCRIPT STARTED (enhanced anti‑detection)
[18:45:41] [1/445] TGMR
[18:45:42] 🧠 New identity created
[18:45:42] 🔄 Retry 1/5 for TGMR in 2.0s
[18:45:42] 🔄 Identity reset
[18:45:44] 🧠 New identity created
[18:45:45] [2/445] CXKR
[18:45:46] [3/445] SROP
[18:45:46] [4/445] GTSV
[18:45:47] [5/445] SNTY
[18:45:48] [6/445] SMYY
[18:45:49] [7/445] CNCS
[18:45:50] [8/445] CSTM
[18:45:51] [9/445] NUCD
[18:45:51] 🔄 Identity reset
[18:45:51] 🔄 Identity rotated (every 10 requests)
[18:45:51] 🔄 Retry 1/5 for NUCD in 2.3s
[18:45:51] 🔄 Identity reset
[18:45:54] 🧠 New identity created
[18:45:54] [10/445] SHCZ
[18:45:55] [11/445] NJCT
[18:45:56] [12/445] COPC
[18:45:57] [13/445] STVV
[18:45:58] [14/445] SKRN
[18:45:59] [15/445] APPZ
[18:46:00] [16/445] YMGN
[18:46:02] [17/445] SVTU
[18:46:03] [18/445] GTAD
[18:46:03] 🔄 Identity reset
[18:46:03] 🔄 Identity rotated (every 10 requests)
[18:46:04] 🔄 Retry 1/5 for GTAD in 2.7s
[18:46:04] 🔄 Identity reset
[18:46:06] 🧠 New identity created
[18:46:07] [19/445] PSUS
[18:46:07] [20/445] SMCD
[18:46:08] [21/445] CMCM
[18:46:09] [22/445] SYCT
[18:46:10] [23/445] STLY
[18:46:11] [24/445] CMHU
[18:46:12] [25/445] CMSA
[18:46:12] [26/445] CLCU
[18:46:13] [27/445] PPNT
[18:46:14] 🔄 Identity reset
[18:46:14] 🔄 Identity rotated (every 10 requests)
[18:46:14] [28/445] JTAB
[18:46:15] [29/445] BUUC
[18:46:16] [30/445] BSVK
[18:46:17] [31/445] VVVQ
[18:46:18] [32/445] TKMU
[18:46:19] [33/445] ESYL
[18:46:20] [34/445] ACHP
[18:46:21] [35/445] BTKD
[18:46:21] [36/445] DESA
[18:46:22] [37/445] GBCT
[18:46:23] 🔄 Identity reset
[18:46:23] 🔄 Identity rotated (every 10 requests)
[18:46:23] 🔄 Retry 1/5 for GBCT in 2.4s
[18:46:23] 🔄 Identity reset
[18:46:26] 🧠 New identity created
[18:46:26] [38/445] BLLD
[18:46:27] [39/445] SKNT
[18:46:27] [40/445] SSTE
[18:46:28] [41/445] VJMR
[18:46:29] [42/445] NTPU
[18:46:30] [43/445] RDKN
[18:46:31] [44/445] ADGC
[18:46:32] [45/445] VRBP
[18:46:33] [46/445] NMNA
[18:46:33] 🔄 Identity reset
[18:46:33] 🔄 Identity rotated (every 10 requests)
[18:46:34] [47/445] CMMX
[18:46:34] [48/445] PTKO
[18:46:35] [49/445] RBML
[18:46:36] [50/445] SAIC
[18:46:37] [51/445] SVTJ
[18:46:38] [52/445] MRTE
[18:46:39] [53/445] RBTP
[18:46:40] [54/445] NLPS
[18:46:41] [55/445] GTNA
[18:46:42] [56/445] DGGC
[18:46:42] 🔄 Identity reset
[18:46:42] 🔄 Identity rotated (every 10 requests)
[18:46:42] 🔄 Retry 1/5 for DGGC in 2.5s
[18:46:42] 🔄 Identity reset
[18:46:45] 🧠 New identity created
[18:46:45] 🔄 Retry 2/5 for DGGC in 4.1s
[18:46:45] 🔄 Identity reset
[18:46:49] 🧠 New identity created
[18:46:49] 🔄 Retry 3/5 for DGGC in 8.0s
[18:46:49] 🔄 Identity reset
[18:46:57] 🧠 New identity created
[18:46:58] [57/445] SMCR
[18:46:59] [58/445] SCGD
[18:47:00] [59/445] SRRJ
[18:47:01] [60/445] CNRY
[18:47:02] [61/445] KTDI
[18:47:03] [62/445] SNJL
[18:47:04] [63/445] RKMD
[18:47:04] 🔄 Identity reset
[18:47:04] 🔄 Identity rotated (every 10 requests)
[18:47:05] [64/445] SMDC
[18:47:05] [65/445] TADG
[18:47:06] [66/445] MCGS
[18:47:07] [67/445] PETK
[18:47:08] [68/445] CHAG
[18:47:09] [69/445] KSTL
[18:47:10] [70/445] AADS
[18:47:11] [71/445] NTHZ
[18:47:12] [72/445] HCKI
[18:47:12] [73/445] SSEF
[18:47:13] 🔄 Identity reset
[18:47:13] 🔄 Identity rotated (every 10 requests)
[18:47:13] [74/445] MCGX
[18:47:14] [75/445] ERRA
[18:47:15] [76/445] SDTW
[18:47:16] [77/445] RMPK
[18:47:17] [78/445] PTHK
[18:47:18] [79/445] PXCS
[18:47:19] [80/445] SVLU
[18:47:20] [81/445] STAH
[18:47:21] [82/445] JRGF
[18:47:21] [83/445] CDOK
[18:47:22] 🔄 Identity reset
[18:47:22] 🔄 Identity rotated (every 10 requests)
[18:47:22] [84/445] CMSG
[18:47:24] [85/445] APTD
[18:47:25] [86/445] KMPG
[18:47:25] [87/445] MUTJ
[18:47:26] [88/445] VCCI
[18:47:27] [89/445] URBE
[18:47:28] [90/445] TCTS
[18:47:29] [91/445] STSN
[18:47:30] [92/445] AKCH
[18:47:30] [93/445] APSC
[18:47:31] 🔄 Identity reset
[18:47:31] 🔄 Identity rotated (every 10 requests)
[18:47:31] [94/445] VLTB
[18:47:32] [95/445] SANU
[18:47:33] [96/445] AXAM
[18:47:34] [97/445] MGMG
[18:47:34] [98/445] HTBY
[18:47:36] [99/445] MMZS
[18:47:37] [100/445] SUDR
[18:47:38] [101/445] CCAD
[18:47:39] [102/445] SKKC
[18:47:40] [103/445] RMCD
[18:47:40] 🔄 Identity reset
[18:47:40] 🔄 Identity rotated (every 10 requests)
[18:47:41] [104/445] SBCQ
[18:47:41] [105/445] DCCT
[18:47:42] [106/445] VTKP
[18:47:43] [107/445] MLAM
[18:47:44] [108/445] SAVT
[18:47:45] [109/445] GEPL
[18:47:45] [110/445] AMCD
[18:47:47] [111/445] CCXR
[18:47:48] [112/445] GRNG
[18:47:49] [113/445] EBCA
[18:47:50] 🔄 Identity reset
[18:47:50] 🔄 Identity rotated (every 10 requests)
[18:47:50] 🔄 Retry 1/5 for EBCA in 2.9s
[18:47:50] 🔄 Identity reset
[18:47:53] 🧠 New identity created
[18:47:53] [114/445] CNVG
[18:47:54] [115/445] MWSS
[18:47:55] [116/445] VBOR
[18:47:56] [117/445] NEEB
[18:47:56] [118/445] SUTH
[18:47:58] [119/445] ANDB
[18:47:59] [120/445] MMXS
[18:48:00] [121/445] CNPD
[18:48:01] [122/445] SDCE
[18:48:02] 🔄 Identity reset
[18:48:02] 🔄 Identity rotated (every 10 requests)
[18:48:02] [123/445] DHCB
[18:48:03] [124/445] ODEN
[18:48:04] [125/445] TNTC
[18:48:04] [126/445] VBKM
[18:48:05] [127/445] RZYM
[18:48:06] [128/445] JEMC
[18:48:07] [129/445] CMAU
[18:48:08] [130/445] SIVP
[18:48:09] [131/445] ATAG
[18:48:10] [132/445] CHTM
[18:48:10] 🔄 Identity reset
[18:48:10] 🔄 Identity rotated (every 10 requests)
[18:48:10] 🔄 Retry 1/5 for CHTM in 2.9s
[18:48:10] 🔄 Identity reset
[18:48:13] 🧠 New identity created
[18:48:14] [133/445] AAEE
[18:48:15] [134/445] IWPM
[18:48:16] [135/445] KCMW
[18:48:17] [136/445] MCTD
[18:48:17] [137/445] SPWR
[18:48:18] [138/445] SDPO
[18:48:20] [139/445] PCSK
[18:48:21] [140/445] ACHV
[18:48:22] [141/445] SVLA
[18:48:22] 🔄 Identity reset
[18:48:22] 🔄 Identity rotated (every 10 requests)
[18:48:23] [142/445] PICT
[18:48:24] [143/445] BXDR
[18:48:25] [144/445] SPWA
[18:48:25] [145/445] MCKO
[18:48:26] [146/445] RTHK
[18:48:27] [147/445] CCMF
[18:48:28] [148/445] MRGB
[18:48:29] [149/445] CPLC
[18:48:30] [150/445] RACD
[18:48:31] [151/445] ATKT
[18:48:32] 🔄 Identity reset
[18:48:32] 🔄 Identity rotated (every 10 requests)
[18:48:32] [152/445] SARN
[18:48:33] [153/445] KKUI
[18:48:34] [154/445] RGCM
[18:48:35] [155/445] BRVP
[18:48:36] [156/445] HRSR
[18:48:37] [157/445] GKGM
[18:48:38] [158/445] TTCD
[18:48:38] [159/445] PTTI
[18:48:40] [160/445] MPTT
[18:48:41] [161/445] CVTT
[18:48:42] 🔄 Identity reset
[18:48:42] 🔄 Identity rotated (every 10 requests)
[18:48:42] 🔄 Retry 1/5 for CVTT in 2.5s
[18:48:42] 🔄 Identity reset
[18:48:44] 🧠 New identity created
[18:48:45] [162/445] PCXD
[18:48:46] [163/445] GCDC
[18:48:47] [164/445] CCCF
[18:48:48] [165/445] MRAD
[18:48:49] [166/445] CPLK
[18:48:49] [167/445] SATB
[18:48:50] [168/445] SNVG
[18:48:51] [169/445] JMBA
[18:48:52] [170/445] TEJA
[18:48:53] 🔄 Identity reset
[18:48:53] 🔄 Identity rotated (every 10 requests)
[18:48:53] [171/445] STYO
[18:48:54] [172/445] JTBP
[18:48:54] [173/445] KRGD
[18:48:55] [174/445] SLJJ
[18:48:56] [175/445] SPTJ
[18:48:57] [176/445] SWJG
[18:48:58] [177/445] LKRT
[18:48:59] [178/445] KCKA
[18:48:59] [179/445] SNCR
[18:49:01] [180/445] SMKL
[18:49:01] 🔄 Identity reset
[18:49:01] 🔄 Identity rotated (every 10 requests)
[18:49:02] [181/445] GCFA
[18:49:03] [182/445] DDCK
[18:49:03] [183/445] NCHJ
[18:49:04] [184/445] RDMA
[18:49:05] [185/445] SVSV
[18:49:06] [186/445] SCJG
[18:49:07] [187/445] VKLP
[18:49:08] [188/445] NWCC
[18:49:09] [189/445] VKNS
[18:49:10] [190/445] SDDP
[18:49:11] 🔄 Identity reset
[18:49:11] 🔄 Identity rotated (every 10 requests)
[18:49:11] 🔄 Retry 1/5 for SDDP in 2.3s
[18:49:11] 🔄 Identity reset
[18:49:13] 🧠 New identity created
[18:49:13] [191/445] ACSI
[18:49:15] [192/445] SATG
[18:49:15] [193/445] SCMW
[18:49:17] [194/445] LKTK
[18:49:18] [195/445] VCKV
[18:49:18] [196/445] KKPE
[18:49:19] [197/445] KIGH
[18:49:20] [198/445] SRPM
[18:49:20] [199/445] SCAH
[18:49:21] 🔄 Identity reset
[18:49:21] 🔄 Identity rotated (every 10 requests)
[18:49:21] [200/445] MUTA
[18:49:22] [201/445] SEPU
[18:49:23] [202/445] INOA
[18:49:24] [203/445] BASK
[18:49:25] [204/445] NECB
[18:49:26] [205/445] GTTG
[18:49:26] [206/445] ASSA
[18:49:27] [207/445] ANCL
[18:49:28] [208/445] GCTI
[18:49:29] [209/445] RCTS
[18:49:30] 🔄 Identity reset
[18:49:30] 🔄 Identity rotated (every 10 requests)
[18:49:30] [210/445] ACNL
[18:49:31] [211/445] MYCT
[18:49:32] [212/445] NMHT
[18:49:33] [213/445] MDIT
[18:49:34] [214/445] LATG
[18:49:35] [215/445] SMTY
[18:49:36] [216/445] CVCT
[18:49:37] [217/445] RAMB
[18:49:38] [218/445] TGMS
[18:49:39] [219/445] BHEL
[18:49:39] 🔄 Identity reset
[18:49:39] 🔄 Identity rotated (every 10 requests)
[18:49:39] [220/445] SHCT
[18:49:40] [221/445] SVCT
[18:49:41] [222/445] MRIY
[18:49:42] [223/445] SARO
[18:49:43] [224/445] STCT
[18:49:43] [225/445] JKKC
[18:49:44] [226/445] PLTT
[18:49:45] [227/445] SRNT
[18:49:46] [228/445] YAST
[18:49:47] [229/445] PERL
[18:49:47] 🔄 Identity reset
[18:49:47] 🔄 Identity rotated (every 10 requests)
[18:49:48] [230/445] CICM
[18:49:49] [231/445] MMTR
[18:49:50] [232/445] ABTK
[18:49:51] [233/445] ATYY
[18:49:52] [234/445] ASTK
[18:49:53] [235/445] VVCK
[18:49:54] [236/445] ATKY
[18:49:55] [237/445] GWEK
[18:49:55] [238/445] SVFH
[18:49:56] [239/445] SLTA
[18:49:57] 🔄 Identity reset
[18:49:57] 🔄 Identity rotated (every 10 requests)
[18:49:57] [240/445] AASH
[18:49:58] [241/445] ACXB
[18:49:59] [242/445] SMTX
[18:50:00] [243/445] AZDH
[18:50:01] [244/445] CMMH
[18:50:01] [245/445] SCSZ
[18:50:02] [246/445] SCKP
[18:50:03] [247/445] NXTM
[18:50:04] [248/445] NWCS
[18:50:05] [249/445] CXMH
[18:50:06] 🔄 Identity reset
[18:50:06] 🔄 Identity rotated (every 10 requests)
[18:50:07] [250/445] PCMA
[18:50:08] [251/445] SGCM
[18:50:09] [252/445] SDTU
[18:50:10] [253/445] MMVI
[18:50:11] [254/445] JKCM
[18:50:12] [255/445] VCMM
[18:50:14] [256/445] SYEE
[18:50:15] [257/445] VASD
[18:50:16] [258/445] BDRB
[18:50:17] [259/445] LASM
[18:50:17] 🔄 Identity reset
[18:50:17] 🔄 Identity rotated (every 10 requests)
[18:50:17] 🔄 Retry 1/5 for LASM in 2.5s
[18:50:17] 🔄 Identity reset
[18:50:20] 🧠 New identity created
[18:50:20] [260/445] DCRL
[18:50:21] [261/445] DVPM
[18:50:22] [262/445] SBMJ
[18:50:23] [263/445] CBMU
[18:50:24] [264/445] IUBS
[18:50:25] [265/445] INAP
[18:50:26] [266/445] SRRC
[18:50:27] [267/445] SAGR
[18:50:28] [268/445] CPMJ
[18:50:28] 🔄 Identity reset
[18:50:28] 🔄 Identity rotated (every 10 requests)
[18:50:29] [269/445] ATJL
[18:50:30] [270/445] NNTD
[18:50:30] [271/445] JHCJ
[18:50:31] [272/445] CMMP
[18:50:32] [273/445] RSDR
[18:50:33] [274/445] AMTI
[18:50:34] [275/445] NYSG
[18:50:35] [276/445] AVSG
[18:50:36] [277/445] SYTP
[18:50:37] [278/445] LARC
[18:50:37] 🔄 Identity reset
[18:50:37] 🔄 Identity rotated (every 10 requests)
[18:50:37] [279/445] RJTP
[18:50:38] [280/445] LAKC
[18:50:39] [281/445] MCXE
[18:50:41] [282/445] CCZC
[18:50:42] [283/445] AVCH
[18:50:43] [284/445] CMBE
[18:50:43] [285/445] MRRC
[18:50:44] [286/445] PCPY
[18:50:45] [287/445] SRMH
[18:50:47] [288/445] SVGS
[18:50:47] 🔄 Identity reset
[18:50:47] 🔄 Identity rotated (every 10 requests)
[18:50:48] [289/445] PCSE
[18:50:49] [290/445] SVFT
[18:50:49] [291/445] TNZP
[18:50:50] [292/445] ICTP
[18:50:51] [293/445] ACTZ
[18:50:52] [294/445] GTUR
[18:50:53] [295/445] MAFC
[18:50:53] [296/445] MINL
[18:50:54] [297/445] MRCL
[18:50:55] [298/445] RCRP
[18:50:56] 🔄 Identity reset
[18:50:56] 🔄 Identity rotated (every 10 requests)
[18:50:56] [299/445] RFFG
[18:50:57] [300/445] RMAS
[18:50:58] [301/445] INVR
[18:50:58] [302/445] RMAR
[18:51:00] [303/445] CNIS
[18:51:01] [304/445] RHRJ
[18:51:02] [305/445] INXR
[18:51:03] [306/445] VALT
[18:51:04] [307/445] LCSH
[18:51:05] [308/445] CMVS
[18:51:05] 🔄 Identity reset
[18:51:05] 🔄 Identity rotated (every 10 requests)
[18:51:06] [309/445] CNMS
[18:51:07] [310/445] ROOG
[18:51:08] [311/445] ISRM
[18:51:08] [312/445] RCRM
[18:51:09] [313/445] ACJA
[18:51:10] [314/445] RCVS
[18:51:11] [315/445] CPUS
[18:51:12] [316/445] TGCS
[18:51:13] [317/445] RKCJ
[18:51:14] [318/445] MKSB
[18:51:14] 🔄 Identity reset
[18:51:14] 🔄 Identity rotated (every 10 requests)
[18:51:14] 🔄 Retry 1/5 for MKSB in 2.5s
[18:51:14] 🔄 Identity reset
[18:51:17] 🧠 New identity created
[18:51:17] 🔄 Retry 2/5 for MKSB in 4.9s
[18:51:17] 🔄 Identity reset
[18:51:22] 🧠 New identity created
[18:51:22] [319/445] TCSJ
[18:51:23] [320/445] RMGP
[18:51:24] [321/445] CLLP
[18:51:25] [322/445] RCMV
[18:51:25] [323/445] CCKS
[18:51:26] [324/445] RSRP
[18:51:27] [325/445] APLP
[18:51:28] [326/445] CNVS
[18:51:28] 🔄 Identity reset
[18:51:28] 🔄 Identity rotated (every 10 requests)
[18:51:29] [327/445] RMVY
[18:51:30] [328/445] PGBD
[18:51:30] [329/445] KLMS
[18:51:31] [330/445] RUST
[18:51:32] [331/445] MASM
[18:51:33] [332/445] BACS
[18:51:34] [333/445] BWST
[18:51:34] [334/445] RRFH
[18:51:35] [335/445] SJTM
[18:51:36] [336/445] BEMR
[18:51:37] 🔄 Identity reset
[18:51:37] 🔄 Identity rotated (every 10 requests)
[18:51:37] [337/445] MCGR
[18:51:38] [338/445] SDSK
[18:51:38] [339/445] VBOL
[18:51:39] [340/445] RMGM
[18:51:40] [341/445] NOPL
[18:51:41] [342/445] MKJK
[18:51:42] [343/445] CVRN
[18:51:43] [344/445] MMEN
[18:51:44] [345/445] AMNG
[18:51:44] [346/445] INTM
[18:51:45] 🔄 Identity reset
[18:51:45] 🔄 Identity rotated (every 10 requests)
[18:51:45] [347/445] SLCZ
[18:51:46] [348/445] AMJN
[18:51:47] [349/445] ACJN
[18:51:48] [350/445] AMKN
[18:51:49] [351/445] BTCN
[18:51:49] [352/445] AMBT
[18:51:50] [353/445] PACN
[18:51:51] [354/445] LCNS
[18:51:52] [355/445] PPKC
[18:51:53] [356/445] JYYN
[18:51:53] 🔄 Identity reset
[18:51:53] 🔄 Identity rotated (every 10 requests)
[18:51:54] [357/445] JTNR
[18:51:55] [358/445] GTEE
[18:51:55] [359/445] SRNM
[18:51:56] [360/445] SDTC
[18:51:57] [361/445] VPCA
[18:51:59] [362/445] VLRA
[18:52:00] [363/445] SHKR
[18:52:00] [364/445] SBKD
[18:52:01] [365/445] SAAD
[18:52:02] [366/445] JTGN
[18:52:03] 🔄 Identity reset
[18:52:03] 🔄 Identity rotated (every 10 requests)
[18:52:03] [367/445] SLAM
[18:52:04] [368/445] VTPM
[18:52:05] [369/445] ANPT
[18:52:06] [370/445] PUNB
[18:52:07] [371/445] CPKT
[18:52:07] [372/445] CNWE
[18:52:08] [373/445] ECPP
[18:52:09] [374/445] CPAR
[18:52:10] [375/445] ESBW
[18:52:11] [376/445] PKPU
[18:52:12] 🔄 Identity reset
[18:52:12] 🔄 Identity rotated (every 10 requests)
[18:52:12] [377/445] CPRP
[18:52:13] [378/445] RAHU
[18:52:14] [379/445] RHMN
[18:52:15] [380/445] FMJP
[18:52:16] [381/445] CTMP
[18:52:17] [382/445] INPN
[18:52:18] [383/445] STTG
[18:52:19] [384/445] CTRD
[18:52:20] [385/445] PUVB
[18:52:20] [386/445] ESVP
[18:52:21] 🔄 Identity reset
[18:52:21] 🔄 Identity rotated (every 10 requests)
[18:52:21] [387/445] CPFT
[18:52:22] [388/445] LCPC
[18:52:23] [389/445] VBCT
[18:52:24] [390/445] FSCW
[18:52:25] [391/445] VCMP
[18:52:26] [392/445] ASHC
[18:52:27] [393/445] VLCX
[18:52:28] [394/445] SHEV
[18:52:29] [395/445] APCO
[18:52:30] [396/445] SILC
[18:52:30] 🔄 Identity reset
[18:52:30] 🔄 Identity rotated (every 10 requests)
[18:52:31] [397/445] SNMR
[18:52:32] [398/445] KYBO
[18:52:33] [399/445] SATK
[18:52:34] [400/445] SSCS
[18:52:35] [401/445] CLSB
[18:52:35] [402/445] KMJR
[18:52:36] [403/445] FSCK
[18:52:37] [404/445] NNKA
[18:52:38] [405/445] CLMK
[18:52:39] [406/445] DMPZ
[18:52:39] 🔄 Identity reset
[18:52:39] 🔄 Identity rotated (every 10 requests)
[18:52:40] [407/445] INQM
[18:52:41] [408/445] CAML
[18:52:42] [409/445] INRK
[18:52:43] [410/445] IMKN
[18:52:44] [411/445] SVNR
[18:52:45] [412/445] INSL
[18:52:46] [413/445] MSMA
[18:52:47] [414/445] MCKK
[18:52:47] [415/445] FCHP
[18:52:49] [416/445] SFCR
[18:52:50] 🔄 Identity reset
[18:52:50] 🔄 Identity rotated (every 10 requests)
[18:52:50] [417/445] NACK
[18:52:51] [418/445] PVAK
[18:52:52] [419/445] INER
[18:52:53] [420/445] RDBK
[18:52:53] [421/445] SVFN
[18:52:54] [422/445] IFRM
[18:52:55] [423/445] ATCK
[18:52:56] [424/445] ASKO
[18:52:57] [425/445] STKT
[18:52:58] [426/445] SVFB
[18:52:58] 🔄 Identity reset
[18:52:58] 🔄 Identity rotated (every 10 requests)
[18:52:59] [427/445] INKS
[18:52:59] [428/445] PCRA
[18:53:00] [429/445] ATJA
[18:53:01] [430/445] IMJN
[18:53:02] [431/445] INHD
[18:53:03] [432/445] BARA
[18:53:04] [433/445] MCSL
[18:53:05] [434/445] RTOY
[18:53:06] [435/445] MENO
[18:53:07] [436/445] PUDM
[18:53:07] 🔄 Identity reset
[18:53:07] 🔄 Identity rotated (every 10 requests)
[18:53:08] [437/445] PRCN
[18:53:08] [438/445] JMJR
[18:53:09] [439/445] SSGK
[18:53:10] [440/445] SSRL
[18:53:12] [441/445] JYKL
[18:53:13] [442/445] ACNB
[18:53:14] [443/445] SONP
[18:53:15] [444/445] EMCI
[18:53:16] [445/445] MRJH
[18:53:17] 🧹 Deduping shows
[18:53:17] ✅ DONE | Shows=1362 | Movies=53
[17:58:18] 🚀 SCRIPT STARTED (enhanced anti‑detection)
[17:58:18] [1/445] TGMR
[17:58:19] 🧠 New identity created
[17:58:19] [2/445] CXKR
[17:58:20] [3/445] SROP
[17:58:21] [4/445] GTSV
[17:58:22] [5/445] SNTY
[17:58:23] [6/445] SMYY
[17:58:24] [7/445] CNCS
[17:58:25] [8/445] CSTM
[17:58:26] [9/445] NUCD
[17:58:27] [10/445] SHCZ
[17:58:27] 🔄 Identity reset
[17:58:27] 🔄 Identity rotated (every 10 requests)
[17:58:28] [11/445] NJCT
[17:58:29] [12/445] COPC
[17:58:29] [13/445] STVV
[17:58:30] [14/445] SKRN
[17:58:31] [15/445] APPZ
[17:58:33] [16/445] YMGN
[17:58:34] [17/445] SVTU
[17:58:35] [18/445] GTAD
[17:58:37] [19/445] PSUS
[17:58:38] [20/445] SMCD
[17:58:38] 🔄 Identity reset
[17:58:38] 🔄 Identity rotated (every 10 requests)
[17:58:39] [21/445] CMCM
[17:58:40] [22/445] SYCT
[17:58:41] [23/445] STLY
[17:58:42] [24/445] CMHU
[17:58:43] [25/445] CMSA
[17:58:44] [26/445] CLCU
[17:58:45] [27/445] PPNT
[17:58:46] [28/445] JTAB
[17:58:47] [29/445] BUUC
[17:58:48] [30/445] BSVK
[17:58:49] 🔄 Identity reset
[17:58:49] 🔄 Identity rotated (every 10 requests)
[17:58:49] [31/445] VVVQ
[17:58:50] [32/445] TKMU
[17:58:51] [33/445] ESYL
[17:58:52] [34/445] ACHP
[17:58:54] [35/445] BTKD
[17:58:55] [36/445] DESA
[17:58:56] [37/445] GBCT
[17:58:57] [38/445] BLLD
[17:58:58] [39/445] SKNT
[17:58:59] [40/445] SSTE
[17:58:59] 🔄 Identity reset
[17:58:59] 🔄 Identity rotated (every 10 requests)
[17:58:59] 🔄 Retry 1/5 for SSTE in 2.8s
[17:58:59] 🔄 Identity reset
[17:59:02] 🧠 New identity created
[17:59:02] 🔄 Retry 2/5 for SSTE in 4.8s
[17:59:02] 🔄 Identity reset
[17:59:07] 🧠 New identity created
[17:59:08] [41/445] VJMR
[17:59:09] [42/445] NTPU
[17:59:10] [43/445] RDKN
[17:59:11] [44/445] ADGC
[17:59:12] [45/445] VRBP
[17:59:13] [46/445] NMNA
[17:59:14] [47/445] CMMX
[17:59:15] [48/445] PTKO
[17:59:15] 🔄 Identity reset
[17:59:15] 🔄 Identity rotated (every 10 requests)
[17:59:16] [49/445] RBML
[17:59:16] [50/445] SAIC
[17:59:17] [51/445] SVTJ
[17:59:18] [52/445] MRTE
[17:59:19] [53/445] RBTP
[17:59:20] [54/445] NLPS
[17:59:21] [55/445] GTNA
[17:59:22] [56/445] DGGC
[17:59:22] [57/445] SMCR
[17:59:23] [58/445] SCGD
[17:59:24] 🔄 Identity reset
[17:59:24] 🔄 Identity rotated (every 10 requests)
[17:59:25] [59/445] SRRJ
[17:59:26] [60/445] CNRY
[17:59:27] [61/445] KTDI
[17:59:28] [62/445] SNJL
[17:59:29] [63/445] RKMD
[17:59:31] [64/445] SMDC
[17:59:33] [65/445] TADG
[17:59:34] [66/445] MCGS
[17:59:35] [67/445] PETK
[17:59:37] [68/445] CHAG
[17:59:37] 🔄 Identity reset
[17:59:37] 🔄 Identity rotated (every 10 requests)
[17:59:39] [69/445] KSTL
[17:59:40] [70/445] AADS
[17:59:41] [71/445] NTHZ
[17:59:42] [72/445] HCKI
[17:59:43] [73/445] SSEF
[17:59:44] [74/445] MCGX
[17:59:45] [75/445] ERRA
[17:59:46] [76/445] SDTW
[17:59:47] [77/445] RMPK
[17:59:49] [78/445] PTHK
[17:59:49] 🔄 Identity reset
[17:59:49] 🔄 Identity rotated (every 10 requests)
[17:59:49] [79/445] PXCS
[17:59:50] [80/445] SVLU
[17:59:52] [81/445] STAH
[17:59:53] [82/445] JRGF
[17:59:54] [83/445] CDOK
[17:59:55] [84/445] CMSG
[17:59:56] [85/445] APTD
[17:59:57] [86/445] KMPG
[17:59:58] [87/445] MUTJ
[17:59:59] [88/445] VCCI
[17:59:59] 🔄 Identity reset
[17:59:59] 🔄 Identity rotated (every 10 requests)
[17:59:59] 🔄 Retry 1/5 for VCCI in 2.8s
[17:59:59] 🔄 Identity reset
[18:00:02] 🧠 New identity created
[18:00:03] [89/445] URBE
[18:00:03] [90/445] TCTS
[18:00:05] [91/445] STSN
[18:00:06] [92/445] AKCH
[18:00:07] [93/445] APSC
[18:00:08] [94/445] VLTB
[18:00:09] [95/445] SANU
[18:00:10] [96/445] AXAM
[18:00:11] [97/445] MGMG
[18:00:11] 🔄 Identity reset
[18:00:11] 🔄 Identity rotated (every 10 requests)
[18:00:12] [98/445] HTBY
[18:00:12] [99/445] MMZS
[18:00:13] [100/445] SUDR
[18:00:14] [101/445] CCAD
[18:00:15] [102/445] SKKC
[18:00:16] [103/445] RMCD
[18:00:17] [104/445] SBCQ
[18:00:18] [105/445] DCCT
[18:00:18] [106/445] VTKP
[18:00:20] [107/445] MLAM
[18:00:21] 🔄 Identity reset
[18:00:21] 🔄 Identity rotated (every 10 requests)
[18:00:21] [108/445] SAVT
[18:00:22] [109/445] GEPL
[18:00:24] [110/445] AMCD
[18:00:25] [111/445] CCXR
[18:00:26] [112/445] GRNG
[18:00:27] [113/445] EBCA
[18:00:28] [114/445] CNVG
[18:00:28] [115/445] MWSS
[18:00:29] [116/445] VBOR
[18:00:31] [117/445] NEEB
[18:00:32] 🔄 Identity reset
[18:00:32] 🔄 Identity rotated (every 10 requests)
[18:00:32] [118/445] SUTH
[18:00:33] [119/445] ANDB
[18:00:34] [120/445] MMXS
[18:00:35] [121/445] CNPD
[18:00:36] [122/445] SDCE
[18:00:37] [123/445] DHCB
[18:00:38] [124/445] ODEN
[18:00:38] [125/445] TNTC
[18:00:39] [126/445] VBKM
[18:00:40] [127/445] RZYM
[18:00:41] 🔄 Identity reset
[18:00:41] 🔄 Identity rotated (every 10 requests)
[18:00:41] [128/445] JEMC
[18:00:42] [129/445] CMAU
[18:00:43] [130/445] SIVP
[18:00:45] [131/445] ATAG
[18:00:46] [132/445] CHTM
[18:00:47] [133/445] AAEE
[18:00:48] [134/445] IWPM
[18:00:50] [135/445] KCMW
[18:00:51] [136/445] MCTD
[18:00:52] [137/445] SPWR
[18:00:52] 🔄 Identity reset
[18:00:52] 🔄 Identity rotated (every 10 requests)
[18:00:53] [138/445] SDPO
[18:00:53] [139/445] PCSK
[18:00:54] [140/445] ACHV
[18:00:55] [141/445] SVLA
[18:00:56] [142/445] PICT
[18:00:57] [143/445] BXDR
[18:00:59] [144/445] SPWA
[18:01:00] [145/445] MCKO
[18:01:01] [146/445] RTHK
[18:01:02] [147/445] CCMF
[18:01:03] 🔄 Identity reset
[18:01:03] 🔄 Identity rotated (every 10 requests)
[18:01:03] [148/445] MRGB
[18:01:05] [149/445] CPLC
[18:01:06] [150/445] RACD
[18:01:07] [151/445] ATKT
[18:01:08] [152/445] SARN
[18:01:09] [153/445] KKUI
[18:01:11] [154/445] RGCM
[18:01:12] [155/445] BRVP
[18:01:13] [156/445] HRSR
[18:01:14] [157/445] GKGM
[18:01:14] 🔄 Identity reset
[18:01:14] 🔄 Identity rotated (every 10 requests)
[18:01:15] [158/445] TTCD
[18:01:16] [159/445] PTTI
[18:01:17] [160/445] MPTT
[18:01:18] [161/445] CVTT
[18:01:18] [162/445] PCXD
[18:01:20] [163/445] GCDC
[18:01:21] [164/445] CCCF
[18:01:22] [165/445] MRAD
[18:01:23] [166/445] CPLK
[18:01:24] [167/445] SATB
[18:01:25] 🔄 Identity reset
[18:01:25] 🔄 Identity rotated (every 10 requests)
[18:01:26] [168/445] SNVG
[18:01:27] [169/445] JMBA
[18:01:28] [170/445] TEJA
[18:01:29] [171/445] STYO
[18:01:30] [172/445] JTBP
[18:01:31] [173/445] KRGD
[18:01:32] [174/445] SLJJ
[18:01:33] [175/445] SPTJ
[18:01:34] [176/445] SWJG
[18:01:35] [177/445] LKRT
[18:01:36] 🔄 Identity reset
[18:01:36] 🔄 Identity rotated (every 10 requests)
[18:01:36] [178/445] KCKA
[18:01:37] [179/445] SNCR
[18:01:38] [180/445] SMKL
[18:01:39] [181/445] GCFA
[18:01:40] [182/445] DDCK
[18:01:41] [183/445] NCHJ
[18:01:42] [184/445] RDMA
[18:01:43] [185/445] SVSV
[18:01:45] [186/445] SCJG
[18:01:45] [187/445] VKLP
[18:01:46] 🔄 Identity reset
[18:01:46] 🔄 Identity rotated (every 10 requests)
[18:01:46] [188/445] NWCC
[18:01:47] [189/445] VKNS
[18:01:48] [190/445] SDDP
[18:01:49] [191/445] ACSI
[18:01:50] [192/445] SATG
[18:01:51] [193/445] SCMW
[18:01:52] [194/445] LKTK
[18:01:53] [195/445] VCKV
[18:01:54] [196/445] KKPE
[18:01:55] [197/445] KIGH
[18:01:55] 🔄 Identity reset
[18:01:55] 🔄 Identity rotated (every 10 requests)
[18:01:56] [198/445] SRPM
[18:01:57] [199/445] SCAH
[18:01:58] [200/445] MUTA
[18:01:59] [201/445] SEPU
[18:02:00] [202/445] INOA
[18:02:01] [203/445] BASK
[18:02:02] [204/445] NECB
[18:02:04] [205/445] GTTG
[18:02:05] [206/445] ASSA
[18:02:05] [207/445] ANCL
[18:02:06] 🔄 Identity reset
[18:02:06] 🔄 Identity rotated (every 10 requests)
[18:02:06] [208/445] GCTI
[18:02:07] [209/445] RCTS
[18:02:08] [210/445] ACNL
[18:02:09] [211/445] MYCT
[18:02:10] [212/445] NMHT
[18:02:11] [213/445] MDIT
[18:02:12] [214/445] LATG
[18:02:13] [215/445] SMTY
[18:02:14] [216/445] CVCT
[18:02:15] [217/445] RAMB
[18:02:16] 🔄 Identity reset
[18:02:16] 🔄 Identity rotated (every 10 requests)
[18:02:16] [218/445] TGMS
[18:02:17] [219/445] BHEL
[18:02:18] [220/445] SHCT
[18:02:19] [221/445] SVCT
[18:02:20] [222/445] MRIY
[18:02:20] [223/445] SARO
[18:02:21] [224/445] STCT
[18:02:22] [225/445] JKKC
[18:02:23] [226/445] PLTT
[18:02:25] [227/445] SRNT
[18:02:26] 🔄 Identity reset
[18:02:26] 🔄 Identity rotated (every 10 requests)
[18:02:26] [228/445] YAST
[18:02:27] [229/445] PERL
[18:02:28] [230/445] CICM
[18:02:29] [231/445] MMTR
[18:02:30] [232/445] ABTK
[18:02:31] [233/445] ATYY
[18:02:32] [234/445] ASTK
[18:02:32] [235/445] VVCK
[18:02:34] [236/445] ATKY
[18:02:35] [237/445] GWEK
[18:02:35] 🔄 Identity reset
[18:02:35] 🔄 Identity rotated (every 10 requests)
[18:02:36] [238/445] SVFH
[18:02:37] [239/445] SLTA
[18:02:39] [240/445] AASH
[18:02:40] [241/445] ACXB
[18:02:41] [242/445] SMTX
[18:02:42] [243/445] AZDH
[18:02:43] [244/445] CMMH
[18:02:43] [245/445] SCSZ
[18:02:45] [246/445] SCKP
[18:02:45] [247/445] NXTM
[18:02:46] 🔄 Identity reset
[18:02:46] 🔄 Identity rotated (every 10 requests)
[18:02:46] 🔄 Retry 1/5 for NXTM in 2.1s
[18:02:46] 🔄 Identity reset
[18:02:48] 🧠 New identity created
[18:02:48] 🔄 Retry 2/5 for NXTM in 4.4s
[18:02:48] 🔄 Identity reset
[18:02:53] 🧠 New identity created
[18:02:53] [248/445] NWCS
[18:02:54] [249/445] CXMH
[18:02:55] [250/445] PCMA
[18:02:56] [251/445] SGCM
[18:02:57] [252/445] SDTU
[18:02:58] [253/445] MMVI
[18:02:58] [254/445] JKCM
[18:02:59] [255/445] VCMM
[18:03:00] 🔄 Identity reset
[18:03:00] 🔄 Identity rotated (every 10 requests)
[18:03:00] [256/445] SYEE
[18:03:01] [257/445] VASD
[18:03:02] [258/445] BDRB
[18:03:03] [259/445] LASM
[18:03:04] [260/445] DCRL
[18:03:05] [261/445] DVPM
[18:03:06] [262/445] SBMJ
[18:03:07] [263/445] CBMU
[18:03:08] [264/445] IUBS
[18:03:09] [265/445] INAP
[18:03:10] 🔄 Identity reset
[18:03:10] 🔄 Identity rotated (every 10 requests)
[18:03:10] [266/445] SRRC
[18:03:11] [267/445] SAGR
[18:03:12] [268/445] CPMJ
[18:03:13] [269/445] ATJL
[18:03:14] [270/445] NNTD
[18:03:15] [271/445] JHCJ
[18:03:16] [272/445] CMMP
[18:03:17] [273/445] RSDR
[18:03:18] [274/445] AMTI
[18:03:19] [275/445] NYSG
[18:03:20] 🔄 Identity reset
[18:03:20] 🔄 Identity rotated (every 10 requests)
[18:03:21] [276/445] AVSG
[18:03:21] [277/445] SYTP
[18:03:22] [278/445] LARC
[18:03:23] [279/445] RJTP
[18:03:24] [280/445] LAKC
[18:03:25] [281/445] MCXE
[18:03:26] [282/445] CCZC
[18:03:27] [283/445] AVCH
[18:03:27] [284/445] CMBE
[18:03:28] [285/445] MRRC
[18:03:29] 🔄 Identity reset
[18:03:29] 🔄 Identity rotated (every 10 requests)
[18:03:29] [286/445] PCPY
[18:03:30] [287/445] SRMH
[18:03:31] [288/445] SVGS
[18:03:32] [289/445] PCSE
[18:03:33] [290/445] SVFT
[18:03:34] [291/445] TNZP
[18:03:36] [292/445] ICTP
[18:03:37] [293/445] ACTZ
[18:03:38] [294/445] GTUR
[18:03:39] [295/445] MAFC
[18:03:39] 🔄 Identity reset
[18:03:39] 🔄 Identity rotated (every 10 requests)
[18:03:39] [296/445] MINL
[18:03:40] [297/445] MRCL
[18:03:42] [298/445] RCRP
[18:03:43] [299/445] RFFG
[18:03:45] [300/445] RMAS
[18:03:46] [301/445] INVR
[18:03:47] [302/445] RMAR
[18:03:48] [303/445] CNIS
[18:03:49] [304/445] RHRJ
[18:03:49] [305/445] INXR
[18:03:50] 🔄 Identity reset
[18:03:50] 🔄 Identity rotated (every 10 requests)
[18:03:50] [306/445] VALT
[18:03:51] [307/445] LCSH
[18:03:52] [308/445] CMVS
[18:03:53] [309/445] CNMS
[18:03:54] [310/445] ROOG
[18:03:56] [311/445] ISRM
[18:03:57] [312/445] RCRM
[18:03:58] [313/445] ACJA
[18:03:58] [314/445] RCVS
[18:03:59] [315/445] CPUS
[18:04:00] 🔄 Identity reset
[18:04:00] 🔄 Identity rotated (every 10 requests)
[18:04:00] [316/445] TGCS
[18:04:01] [317/445] RKCJ
[18:04:02] [318/445] MKSB
[18:04:03] [319/445] TCSJ
[18:04:04] [320/445] RMGP
[18:04:05] [321/445] CLLP
[18:04:06] [322/445] RCMV
[18:04:07] [323/445] CCKS
[18:04:08] [324/445] RSRP
[18:04:08] [325/445] APLP
[18:04:09] 🔄 Identity reset
[18:04:09] 🔄 Identity rotated (every 10 requests)
[18:04:09] 🔄 Retry 1/5 for APLP in 2.8s
[18:04:09] 🔄 Identity reset
[18:04:12] 🧠 New identity created
[18:04:12] 🔄 Retry 2/5 for APLP in 4.6s
[18:04:12] 🔄 Identity reset
[18:04:17] 🧠 New identity created
[18:04:17] [326/445] CNVS
[18:04:18] [327/445] RMVY
[18:04:19] [328/445] PGBD
[18:04:20] [329/445] KLMS
[18:04:21] [330/445] RUST
[18:04:22] [331/445] MASM
[18:04:23] [332/445] BACS
[18:04:24] [333/445] BWST
[18:04:24] 🔄 Identity reset
[18:04:24] 🔄 Identity rotated (every 10 requests)
[18:04:25] [334/445] RRFH
[18:04:25] [335/445] SJTM
[18:04:26] [336/445] BEMR
[18:04:27] [337/445] MCGR
[18:04:28] [338/445] SDSK
[18:04:29] [339/445] VBOL
[18:04:30] [340/445] RMGM
[18:04:31] [341/445] NOPL
[18:04:33] [342/445] MKJK
[18:04:34] [343/445] CVRN
[18:04:35] 🔄 Identity reset
[18:04:35] 🔄 Identity rotated (every 10 requests)
[18:04:35] [344/445] MMEN
[18:04:36] [345/445] AMNG
[18:04:37] [346/445] INTM
[18:04:38] [347/445] SLCZ
[18:04:40] [348/445] AMJN
[18:04:41] [349/445] ACJN
[18:04:42] [350/445] AMKN
[18:04:43] [351/445] BTCN
[18:04:45] [352/445] AMBT
[18:04:45] [353/445] PACN
[18:04:46] 🔄 Identity reset
[18:04:46] 🔄 Identity rotated (every 10 requests)
[18:04:46] [354/445] LCNS
[18:04:47] [355/445] PPKC
[18:04:48] [356/445] JYYN
[18:04:49] [357/445] JTNR
[18:04:50] [358/445] GTEE
[18:04:52] [359/445] SRNM
[18:04:52] [360/445] SDTC
[18:04:54] [361/445] VPCA
[18:04:56] [362/445] VLRA
[18:04:57] [363/445] SHKR
[18:04:57] 🔄 Identity reset
[18:04:57] 🔄 Identity rotated (every 10 requests)
[18:04:58] [364/445] SBKD
[18:04:59] [365/445] SAAD
[18:05:00] [366/445] JTGN
[18:05:01] [367/445] SLAM
[18:05:02] [368/445] VTPM
[18:05:03] [369/445] ANPT
[18:05:04] [370/445] PUNB
[18:05:05] [371/445] CPKT
[18:05:07] [372/445] CNWE
[18:05:08] [373/445] ECPP
[18:05:08] 🔄 Identity reset
[18:05:08] 🔄 Identity rotated (every 10 requests)
[18:05:09] [374/445] CPAR
[18:05:10] [375/445] ESBW
[18:05:11] [376/445] PKPU
[18:05:12] [377/445] CPRP
[18:05:13] [378/445] RAHU
[18:05:14] [379/445] RHMN
[18:05:15] [380/445] FMJP
[18:05:16] [381/445] CTMP
[18:05:18] [382/445] INPN
[18:05:20] [383/445] STTG
[18:05:20] 🔄 Identity reset
[18:05:20] 🔄 Identity rotated (every 10 requests)
[18:05:21] [384/445] CTRD
[18:05:21] [385/445] PUVB
[18:05:22] [386/445] ESVP
[18:05:23] [387/445] CPFT
[18:05:24] [388/445] LCPC
[18:05:25] [389/445] VBCT
[18:05:26] [390/445] FSCW
[18:05:27] [391/445] VCMP
[18:05:28] [392/445] ASHC
[18:05:29] [393/445] VLCX
[18:05:29] 🔄 Identity reset
[18:05:30] 🔄 Identity rotated (every 10 requests)
[18:05:30] [394/445] SHEV
[18:05:31] [395/445] APCO
[18:05:32] [396/445] SILC
[18:05:32] [397/445] SNMR
[18:05:33] [398/445] KYBO
[18:05:34] [399/445] SATK
[18:05:35] [400/445] SSCS
[18:05:36] [401/445] CLSB
[18:05:37] [402/445] KMJR
[18:05:38] [403/445] FSCK
[18:05:39] 🔄 Identity reset
[18:05:39] 🔄 Identity rotated (every 10 requests)
[18:05:39] [404/445] NNKA
[18:05:40] [405/445] CLMK
[18:05:41] [406/445] DMPZ
[18:05:42] [407/445] INQM
[18:05:43] [408/445] CAML
[18:05:45] [409/445] INRK
[18:05:46] [410/445] IMKN
[18:05:47] [411/445] SVNR
[18:05:48] [412/445] INSL
[18:05:49] [413/445] MSMA
[18:05:49] 🔄 Identity reset
[18:05:49] 🔄 Identity rotated (every 10 requests)
[18:05:50] [414/445] MCKK
[18:05:52] [415/445] FCHP
[18:05:52] [416/445] SFCR
[18:05:54] [417/445] NACK
[18:05:54] [418/445] PVAK
[18:05:55] [419/445] INER
[18:05:56] [420/445] RDBK
[18:05:57] [421/445] SVFN
[18:05:58] [422/445] IFRM
[18:05:59] [423/445] ATCK
[18:06:00] 🔄 Identity reset
[18:06:00] 🔄 Identity rotated (every 10 requests)
[18:06:00] [424/445] ASKO
[18:06:01] [425/445] STKT
[18:06:02] [426/445] SVFB
[18:06:03] [427/445] INKS
[18:06:04] [428/445] PCRA
[18:06:05] [429/445] ATJA
[18:06:05] [430/445] IMJN
[18:06:06] [431/445] INHD
[18:06:07] [432/445] BARA
[18:06:08] [433/445] MCSL
[18:06:09] 🔄 Identity reset
[18:06:09] 🔄 Identity rotated (every 10 requests)
[18:06:09] [434/445] RTOY
[18:06:10] [435/445] MENO
[18:06:11] [436/445] PUDM
[18:06:12] [437/445] PRCN
[18:06:13] [438/445] JMJR
[18:06:14] [439/445] SSGK
[18:06:15] [440/445] SSRL
[18:06:16] [441/445] JYKL
[18:06:17] [442/445] ACNB
[18:06:18] [443/445] SONP
[18:06:18] 🔄 Identity reset
[18:06:18] 🔄 Identity rotated (every 10 requests)
[18:06:19] [444/445] EMCI
[18:06:20] [445/445] MRJH
[18:06:21] 🧹 Deduping shows
[18:06:21] ✅ DONE | Shows=1700 | Movies=55
[10:36:02] 🚀 SCRIPT STARTED
[10:36:02] [1/445] TGMR
[10:36:02] 🧠 New identity created
[10:36:04] [2/445] CXKR
[10:36:05] [3/445] SROP
[10:36:06] [4/445] GTSV
[10:36:07] [5/445] SNTY
[10:36:08] [6/445] SMYY
[10:36:09] [7/445] CNCS
[10:36:09] [8/445] CSTM
[10:36:11] [9/445] NUCD
[10:36:12] [10/445] SHCZ
[10:36:12] 🔄 Identity reset
[10:36:12] 🔄 Identity rotated (every 10 requests)
[10:36:13] [11/445] NJCT
[10:36:14] [12/445] COPC
[10:36:15] [13/445] STVV
[10:36:16] [14/445] SKRN
[10:36:17] [15/445] APPZ
[10:36:18] [16/445] YMGN
[10:36:19] [17/445] SVTU
[10:36:20] [18/445] GTAD
[10:36:21] [19/445] PSUS
[10:36:22] [20/445] SMCD
[10:36:22] 🔄 Identity reset
[10:36:22] 🔄 Identity rotated (every 10 requests)
[10:36:23] [21/445] CMCM
[10:36:24] [22/445] SYCT
[10:36:25] [23/445] STLY
[10:36:26] [24/445] CMHU
[10:36:28] [25/445] CMSA
[10:36:29] [26/445] CLCU
[10:36:30] [27/445] PPNT
[10:36:30] [28/445] JTAB
[10:36:32] [29/445] BUUC
[10:36:33] [30/445] BSVK
[10:36:33] 🔄 Identity reset
[10:36:33] 🔄 Identity rotated (every 10 requests)
[10:36:34] [31/445] VVVQ
[10:36:36] [32/445] TKMU
[10:36:37] [33/445] ESYL
[10:36:38] [34/445] ACHP
[10:36:39] [35/445] BTKD
[10:36:40] [36/445] DESA
[10:36:41] [37/445] GBCT
[10:36:41] [38/445] BLLD
[10:36:42] [39/445] SKNT
[10:36:43] [40/445] SSTE
[10:36:43] 🔄 Identity reset
[10:36:43] 🔄 Identity rotated (every 10 requests)
[10:36:45] [41/445] VJMR
[10:36:46] [42/445] NTPU
[10:36:47] [43/445] RDKN
[10:36:48] [44/445] ADGC
[10:36:49] [45/445] VRBP
[10:36:50] [46/445] NMNA
[10:36:51] [47/445] CMMX
[10:36:52] [48/445] PTKO
[10:36:53] [49/445] RBML
[10:36:54] [50/445] SAIC
[10:36:54] 🔄 Identity reset
[10:36:54] 🔄 Identity rotated (every 10 requests)
[10:36:55] [51/445] SVTJ
[10:36:56] [52/445] MRTE
[10:36:57] [53/445] RBTP
[10:36:58] [54/445] NLPS
[10:36:59] [55/445] GTNA
[10:37:00] [56/445] DGGC
[10:37:01] [57/445] SMCR
[10:37:02] [58/445] SCGD
[10:37:03] [59/445] SRRJ
[10:37:04] [60/445] CNRY
[10:37:04] 🔄 Identity reset
[10:37:04] 🔄 Identity rotated (every 10 requests)
[10:37:06] [61/445] KTDI
[10:37:07] [62/445] SNJL
[10:37:08] [63/445] RKMD
[10:37:10] [64/445] SMDC
[10:37:11] [65/445] TADG
[10:37:12] [66/445] MCGS
[10:37:13] [67/445] PETK
[10:37:14] [68/445] CHAG
[10:37:14] [69/445] KSTL
[10:37:15] [70/445] AADS
[10:37:15] 🔄 Identity reset
[10:37:15] 🔄 Identity rotated (every 10 requests)
[10:37:16] [71/445] NTHZ
[10:37:18] [72/445] HCKI
[10:37:19] [73/445] SSEF
[10:37:20] [74/445] MCGX
[10:37:21] [75/445] ERRA
[10:37:22] [76/445] SDTW
[10:37:23] [77/445] RMPK
[10:37:24] [78/445] PTHK
[10:37:25] [79/445] PXCS
[10:37:26] [80/445] SVLU
[10:37:26] 🔄 Identity reset
[10:37:26] 🔄 Identity rotated (every 10 requests)
[10:37:27] [81/445] STAH
[10:37:28] [82/445] JRGF
[10:37:29] [83/445] CDOK
[10:37:30] [84/445] CMSG
[10:37:30] [85/445] APTD
[10:37:32] [86/445] KMPG
[10:37:33] [87/445] MUTJ
[10:37:35] [88/445] VCCI
[10:37:36] [89/445] URBE
[10:37:37] [90/445] TCTS
[10:37:37] 🔄 Identity reset
[10:37:37] 🔄 Identity rotated (every 10 requests)
[10:37:38] [91/445] STSN
[10:37:39] [92/445] AKCH
[10:37:40] [93/445] APSC
[10:37:41] [94/445] VLTB
[10:37:42] [95/445] SANU
[10:37:43] [96/445] AXAM
[10:37:44] [97/445] MGMG
[10:37:45] [98/445] HTBY
[10:37:45] [99/445] MMZS
[10:37:46] [100/445] SUDR
[10:37:46] 🔄 Identity reset
[10:37:46] 🔄 Identity rotated (every 10 requests)
[10:37:48] [101/445] CCAD
[10:37:48] [102/445] SKKC
[10:37:50] [103/445] RMCD
[10:37:51] [104/445] SBCQ
[10:37:52] [105/445] DCCT
[10:37:53] [106/445] VTKP
[10:37:54] [107/445] MLAM
[10:37:55] [108/445] SAVT
[10:37:56] [109/445] GEPL
[10:37:57] [110/445] AMCD
[10:37:57] 🔄 Identity reset
[10:37:57] 🔄 Identity rotated (every 10 requests)
[10:37:58] [111/445] CCXR
[10:37:59] [112/445] GRNG
[10:38:01] [113/445] EBCA
[10:38:02] [114/445] CNVG
[10:38:03] [115/445] MWSS
[10:38:04] [116/445] VBOR
[10:38:05] [117/445] NEEB
[10:38:06] [118/445] SUTH
[10:38:06] [119/445] ANDB
[10:38:07] [120/445] MMXS
[10:38:07] 🔄 Identity reset
[10:38:07] 🔄 Identity rotated (every 10 requests)
[10:38:08] [121/445] CNPD
[10:38:09] [122/445] SDCE
[10:38:10] [123/445] DHCB
[10:38:11] [124/445] ODEN
[10:38:13] [125/445] TNTC
[10:38:14] [126/445] VBKM
[10:38:15] [127/445] RZYM
[10:38:16] [128/445] JEMC
[10:38:16] [129/445] CMAU
[10:38:17] [130/445] SIVP
[10:38:17] 🔄 Identity reset
[10:38:17] 🔄 Identity rotated (every 10 requests)
[10:38:19] [131/445] ATAG
[10:38:20] [132/445] CHTM
[10:38:21] [133/445] AAEE
[10:38:22] [134/445] IWPM
[10:38:23] [135/445] KCMW
[10:38:24] [136/445] MCTD
[10:38:25] [137/445] SPWR
[10:38:27] [138/445] SDPO
[10:38:28] [139/445] PCSK
[10:38:29] [140/445] ACHV
[10:38:29] 🔄 Identity reset
[10:38:29] 🔄 Identity rotated (every 10 requests)
[10:38:30] [141/445] SVLA
[10:38:31] [142/445] PICT
[10:38:32] [143/445] BXDR
[10:38:33] [144/445] SPWA
[10:38:34] [145/445] MCKO
[10:38:35] [146/445] RTHK
[10:38:37] [147/445] CCMF
[10:38:38] [148/445] MRGB
[10:38:38] [149/445] CPLC
[10:38:40] [150/445] RACD
[10:38:40] 🔄 Identity reset
[10:38:40] 🔄 Identity rotated (every 10 requests)
[10:38:41] [151/445] ATKT
[10:38:41] [152/445] SARN
[10:38:42] [153/445] KKUI
[10:38:43] [154/445] RGCM
[10:38:44] [155/445] BRVP
[10:38:45] [156/445] HRSR
[10:38:46] [157/445] GKGM
[10:38:47] [158/445] TTCD
[10:38:48] [159/445] PTTI
[10:38:49] [160/445] MPTT
[10:38:49] 🔄 Identity reset
[10:38:49] 🔄 Identity rotated (every 10 requests)
[10:38:50] [161/445] CVTT
[10:38:52] [162/445] PCXD
[10:38:53] [163/445] GCDC
[10:38:54] [164/445] CCCF
[10:38:54] [165/445] MRAD
[10:38:56] [166/445] CPLK
[10:38:57] [167/445] SATB
[10:38:58] [168/445] SNVG
[10:38:59] [169/445] JMBA
[10:39:00] [170/445] TEJA
[10:39:00] 🔄 Identity reset
[10:39:00] 🔄 Identity rotated (every 10 requests)
[10:39:00] [171/445] STYO
[10:39:02] [172/445] JTBP
[10:39:03] [173/445] KRGD
[10:39:04] [174/445] SLJJ
[10:39:05] [175/445] SPTJ
[10:39:06] [176/445] SWJG
[10:39:07] [177/445] LKRT
[10:39:08] [178/445] KCKA
[10:39:09] [179/445] SNCR
[10:39:09] [180/445] SMKL
[10:39:09] 🔄 Identity reset
[10:39:10] 🔄 Identity rotated (every 10 requests)
[10:39:10] [181/445] GCFA
[10:39:11] [182/445] DDCK
[10:39:12] [183/445] NCHJ
[10:39:14] [184/445] RDMA
[10:39:15] [185/445] SVSV
[10:39:16] [186/445] SCJG
[10:39:17] [187/445] VKLP
[10:39:18] [188/445] NWCC
[10:39:19] [189/445] VKNS
[10:39:20] [190/445] SDDP
[10:39:20] 🔄 Identity reset
[10:39:20] 🔄 Identity rotated (every 10 requests)
[10:39:21] [191/445] ACSI
[10:39:23] [192/445] SATG
[10:39:24] [193/445] SCMW
[10:39:25] [194/445] LKTK
[10:39:27] [195/445] VCKV
[10:39:28] [196/445] KKPE
[10:39:29] [197/445] KIGH
[10:39:30] [198/445] SRPM
[10:39:32] [199/445] SCAH
[10:39:33] [200/445] MUTA
[10:39:33] 🔄 Identity reset
[10:39:33] 🔄 Identity rotated (every 10 requests)
[10:39:34] [201/445] SEPU
[10:39:35] [202/445] INOA
[10:39:36] [203/445] BASK
[10:39:37] [204/445] NECB
[10:39:37] [205/445] GTTG
[10:39:38] [206/445] ASSA
[10:39:39] [207/445] ANCL
[10:39:40] [208/445] GCTI
[10:39:41] [209/445] RCTS
[10:39:42] [210/445] ACNL
[10:39:42] 🔄 Identity reset
[10:39:42] 🔄 Identity rotated (every 10 requests)
[10:39:43] [211/445] MYCT
[10:39:44] [212/445] NMHT
[10:39:45] [213/445] MDIT
[10:39:46] [214/445] LATG
[10:39:47] [215/445] SMTY
[10:39:48] [216/445] CVCT
[10:39:48] [217/445] RAMB
[10:39:50] [218/445] TGMS
[10:39:51] [219/445] BHEL
[10:39:51] [220/445] SHCT
[10:39:51] 🔄 Identity reset
[10:39:52] 🔄 Identity rotated (every 10 requests)
[10:39:52] [221/445] SVCT
[10:39:53] [222/445] MRIY
[10:39:55] [223/445] SARO
[10:39:56] [224/445] STCT
[10:39:57] [225/445] JKKC
[10:39:58] [226/445] PLTT
[10:39:59] [227/445] SRNT
[10:40:00] [228/445] YAST
[10:40:01] [229/445] PERL
[10:40:02] [230/445] CICM
[10:40:02] 🔄 Identity reset
[10:40:02] 🔄 Identity rotated (every 10 requests)
[10:40:03] [231/445] MMTR
[10:40:04] [232/445] ABTK
[10:40:04] [233/445] ATYY
[10:40:05] [234/445] ASTK
[10:40:06] [235/445] VVCK
[10:40:07] [236/445] ATKY
[10:40:08] [237/445] GWEK
[10:40:09] [238/445] SVFH
[10:40:10] [239/445] SLTA
[10:40:11] [240/445] AASH
[10:40:11] 🔄 Identity reset
[10:40:11] 🔄 Identity rotated (every 10 requests)
[10:40:12] [241/445] ACXB
[10:40:13] [242/445] SMTX
[10:40:14] [243/445] AZDH
[10:40:15] [244/445] CMMH
[10:40:17] [245/445] SCSZ
[10:40:18] [246/445] SCKP
[10:40:18] [247/445] NXTM
[10:40:19] [248/445] NWCS
[10:40:20] [249/445] CXMH
[10:40:21] [250/445] PCMA
[10:40:21] 🔄 Identity reset
[10:40:21] 🔄 Identity rotated (every 10 requests)
[10:40:22] [251/445] SGCM
[10:40:23] [252/445] SDTU
[10:40:24] [253/445] MMVI
[10:40:25] [254/445] JKCM
[10:40:26] [255/445] VCMM
[10:40:27] [256/445] SYEE
[10:40:28] [257/445] VASD
[10:40:29] [258/445] BDRB
[10:40:30] [259/445] LASM
[10:40:31] [260/445] DCRL
[10:40:31] 🔄 Identity reset
[10:40:31] 🔄 Identity rotated (every 10 requests)
[10:40:33] [261/445] DVPM
[10:40:34] [262/445] SBMJ
[10:40:35] [263/445] CBMU
[10:40:36] [264/445] IUBS
[10:40:37] [265/445] INAP
[10:40:37] [266/445] SRRC
[10:40:38] [267/445] SAGR
[10:40:39] [268/445] CPMJ
[10:40:40] [269/445] ATJL
[10:40:41] [270/445] NNTD
[10:40:41] 🔄 Identity reset
[10:40:41] 🔄 Identity rotated (every 10 requests)
[10:40:42] [271/445] JHCJ
[10:40:44] [272/445] CMMP
[10:40:45] [273/445] RSDR
[10:40:46] [274/445] AMTI
[10:40:46] [275/445] NYSG
[10:40:47] [276/445] AVSG
[10:40:48] [277/445] SYTP
[10:40:49] [278/445] LARC
[10:40:50] [279/445] RJTP
[10:40:51] [280/445] LAKC
[10:40:51] 🔄 Identity reset
[10:40:51] 🔄 Identity rotated (every 10 requests)
[10:40:52] [281/445] MCXE
[10:40:53] [282/445] CCZC
[10:40:54] [283/445] AVCH
[10:40:55] [284/445] CMBE
[10:40:56] [285/445] MRRC
[10:40:57] [286/445] PCPY
[10:40:58] [287/445] SRMH
[10:40:58] [288/445] SVGS
[10:40:59] [289/445] PCSE
[10:41:00] [290/445] SVFT
[10:41:00] 🔄 Identity reset
[10:41:00] 🔄 Identity rotated (every 10 requests)
[10:41:02] [291/445] TNZP
[10:41:03] [292/445] ICTP
[10:41:05] [293/445] ACTZ
[10:41:06] [294/445] GTUR
[10:41:08] [295/445] MAFC
[10:41:09] [296/445] MINL
[10:41:10] [297/445] MRCL
[10:41:11] [298/445] RCRP
[10:41:12] [299/445] RFFG
[10:41:13] [300/445] RMAS
[10:41:13] 🔄 Identity reset
[10:41:13] 🔄 Identity rotated (every 10 requests)
[10:41:14] [301/445] INVR
[10:41:15] [302/445] RMAR
[10:41:16] [303/445] CNIS
[10:41:17] [304/445] RHRJ
[10:41:18] [305/445] INXR
[10:41:19] [306/445] VALT
[10:41:20] [307/445] LCSH
[10:41:21] [308/445] CMVS
[10:41:22] [309/445] CNMS
[10:41:23] [310/445] ROOG
[10:41:23] 🔄 Identity reset
[10:41:23] 🔄 Identity rotated (every 10 requests)
[10:41:24] [311/445] ISRM
[10:41:25] [312/445] RCRM
[10:41:26] [313/445] ACJA
[10:41:27] [314/445] RCVS
[10:41:27] [315/445] CPUS
[10:41:28] [316/445] TGCS
[10:41:29] [317/445] RKCJ
[10:41:30] [318/445] MKSB
[10:41:31] [319/445] TCSJ
[10:41:32] [320/445] RMGP
[10:41:32] 🔄 Identity reset
[10:41:32] 🔄 Identity rotated (every 10 requests)
[10:41:33] [321/445] CLLP
[10:41:34] [322/445] RCMV
[10:41:35] [323/445] CCKS
[10:41:36] [324/445] RSRP
[10:41:37] [325/445] APLP
[10:41:38] [326/445] CNVS
[10:41:39] [327/445] RMVY
[10:41:40] [328/445] PGBD
[10:41:41] [329/445] KLMS
[10:41:42] [330/445] RUST
[10:41:42] 🔄 Identity reset
[10:41:42] 🔄 Identity rotated (every 10 requests)
[10:41:44] [331/445] MASM
[10:41:44] [332/445] BACS
[10:41:45] [333/445] BWST
[10:41:46] [334/445] RRFH
[10:41:48] [335/445] SJTM
[10:41:49] [336/445] BEMR
[10:41:50] [337/445] MCGR
[10:41:51] [338/445] SDSK
[10:41:52] [339/445] VBOL
[10:41:53] [340/445] RMGM
[10:41:53] 🔄 Identity reset
[10:41:53] 🔄 Identity rotated (every 10 requests)
[10:41:54] [341/445] NOPL
[10:41:54] [342/445] MKJK
[10:41:55] [343/445] CVRN
[10:41:56] [344/445] MMEN
[10:41:57] [345/445] AMNG
[10:41:58] [346/445] INTM
[10:41:59] [347/445] SLCZ
[10:42:00] [348/445] AMJN
[10:42:02] [349/445] ACJN
[10:42:03] [350/445] AMKN
[10:42:03] 🔄 Identity reset
[10:42:03] 🔄 Identity rotated (every 10 requests)
[10:42:04] [351/445] BTCN
[10:42:05] [352/445] AMBT
[10:42:06] [353/445] PACN
[10:42:07] [354/445] LCNS
[10:42:07] [355/445] PPKC
[10:42:08] [356/445] JYYN
[10:42:09] [357/445] JTNR
[10:42:10] [358/445] GTEE
[10:42:11] [359/445] SRNM
[10:42:13] [360/445] SDTC
[10:42:13] 🔄 Identity reset
[10:42:13] 🔄 Identity rotated (every 10 requests)
[10:42:14] [361/445] VPCA
[10:42:15] [362/445] VLRA
[10:42:16] [363/445] SHKR
[10:42:17] [364/445] SBKD
[10:42:17] [365/445] SAAD
[10:42:18] [366/445] JTGN
[10:42:19] [367/445] SLAM
[10:42:20] [368/445] VTPM
[10:42:22] [369/445] ANPT
[10:42:23] [370/445] PUNB
[10:42:23] 🔄 Identity reset
[10:42:23] 🔄 Identity rotated (every 10 requests)
[10:42:24] [371/445] CPKT
[10:42:25] [372/445] CNWE
[10:42:26] [373/445] ECPP
[10:42:27] [374/445] CPAR
[10:42:29] [375/445] ESBW
[10:42:30] [376/445] PKPU
[10:42:31] [377/445] CPRP
[10:42:32] [378/445] RAHU
[10:42:33] [379/445] RHMN
[10:42:34] [380/445] FMJP
[10:42:34] 🔄 Identity reset
[10:42:34] 🔄 Identity rotated (every 10 requests)
[10:42:35] [381/445] CTMP
[10:42:36] [382/445] INPN
[10:42:37] [383/445] STTG
[10:42:39] [384/445] CTRD
[10:42:40] [385/445] PUVB
[10:42:41] [386/445] ESVP
[10:42:42] [387/445] CPFT
[10:42:44] [388/445] LCPC
[10:42:45] [389/445] VBCT
[10:42:46] [390/445] FSCW
[10:42:46] 🔄 Identity reset
[10:42:46] 🔄 Identity rotated (every 10 requests)
[10:42:47] [391/445] VCMP
[10:42:48] [392/445] ASHC
[10:42:48] [393/445] VLCX
[10:42:49] [394/445] SHEV
[10:42:51] [395/445] APCO
[10:42:52] [396/445] SILC
[10:42:53] [397/445] SNMR
[10:42:53] [398/445] KYBO
[10:42:55] [399/445] SATK
[10:42:56] [400/445] SSCS
[10:42:56] 🔄 Identity reset
[10:42:56] 🔄 Identity rotated (every 10 requests)
[10:42:57] [401/445] CLSB
[10:42:58] [402/445] KMJR
[10:42:59] [403/445] FSCK
[10:43:00] [404/445] NNKA
[10:43:01] [405/445] CLMK
[10:43:03] [406/445] DMPZ
[10:43:04] [407/445] INQM
[10:43:05] [408/445] CAML
[10:43:06] [409/445] INRK
[10:43:07] [410/445] IMKN
[10:43:07] 🔄 Identity reset
[10:43:07] 🔄 Identity rotated (every 10 requests)
[10:43:08] [411/445] SVNR
[10:43:09] [412/445] INSL
[10:43:10] [413/445] MSMA
[10:43:11] [414/445] MCKK
[10:43:12] [415/445] FCHP
[10:43:12] [416/445] SFCR
[10:43:13] [417/445] NACK
[10:43:14] [418/445] PVAK
[10:43:16] [419/445] INER
[10:43:17] [420/445] RDBK
[10:43:17] 🔄 Identity reset
[10:43:17] 🔄 Identity rotated (every 10 requests)
[10:43:18] [421/445] SVFN
[10:43:19] [422/445] IFRM
[10:43:20] [423/445] ATCK
[10:43:21] [424/445] ASKO
[10:43:22] [425/445] STKT
[10:43:23] [426/445] SVFB
[10:43:24] [427/445] INKS
[10:43:25] [428/445] PCRA
[10:43:26] [429/445] ATJA
[10:43:27] [430/445] IMJN
[10:43:27] 🔄 Identity reset
[10:43:27] 🔄 Identity rotated (every 10 requests)
[10:43:29] [431/445] INHD
[10:43:30] [432/445] BARA
[10:43:30] [433/445] MCSL
[10:43:32] [434/445] RTOY
[10:43:33] [435/445] MENO
[10:43:34] [436/445] PUDM
[10:43:35] [437/445] PRCN
[10:43:36] [438/445] JMJR
[10:43:37] [439/445] SSGK
[10:43:38] [440/445] SSRL
[10:43:38] 🔄 Identity reset
[10:43:38] 🔄 Identity rotated (every 10 requests)
[10:43:39] [441/445] JYKL
[10:43:40] [442/445] ACNB
[10:43:41] [443/445] SONP
[10:43:42] [444/445] EMCI
[10:43:43] [445/445] MRJH
[10:43:44] 🧹 Deduping shows
[10:43:44] ✅ DONE | Shows=3102 | Movies=81
[17:26:58] 🚀 SCRIPT STARTED
[17:26:58] [1/445] TGMR
[17:26:58] 🧠 New identity created
[17:26:59] [2/445] CXKR
[17:27:00] [3/445] SROP
[17:27:01] [4/445] GTSV
[17:27:02] [5/445] SNTY
[17:27:02] [6/445] SMYY
[17:27:04] [7/445] CNCS
[17:27:05] [8/445] CSTM
[17:27:05] [9/445] NUCD
[17:27:06] [10/445] SHCZ
[17:27:06] 🔄 Identity reset
[17:27:06] 🔄 Identity rotated (every 10 requests)
[17:27:07] [11/445] NJCT
[17:27:08] [12/445] COPC
[17:27:09] [13/445] STVV
[17:27:10] [14/445] SKRN
[17:27:11] [15/445] APPZ
[17:27:12] [16/445] YMGN
[17:27:13] [17/445] SVTU
[17:27:13] [18/445] GTAD
[17:27:15] [19/445] PSUS
[17:27:15] [20/445] SMCD
[17:27:15] 🔄 Identity reset
[17:27:15] 🔄 Identity rotated (every 10 requests)
[17:27:16] [21/445] CMCM
[17:27:17] [22/445] SYCT
[17:27:18] [23/445] STLY
[17:27:19] [24/445] CMHU
[17:27:20] [25/445] CMSA
[17:27:21] [26/445] CLCU
[17:27:22] [27/445] PPNT
[17:27:23] [28/445] JTAB
[17:27:24] [29/445] BUUC
[17:27:25] [30/445] BSVK
[17:27:25] 🔄 Identity reset
[17:27:25] 🔄 Identity rotated (every 10 requests)
[17:27:26] [31/445] VVVQ
[17:27:27] [32/445] TKMU
[17:27:27] [33/445] ESYL
[17:27:28] [34/445] ACHP
[17:27:29] [35/445] BTKD
[17:27:30] [36/445] DESA
[17:27:31] [37/445] GBCT
[17:27:32] [38/445] BLLD
[17:27:33] [39/445] SKNT
[17:27:34] [40/445] SSTE
[17:27:34] 🔄 Identity reset
[17:27:34] 🔄 Identity rotated (every 10 requests)
[17:27:35] [41/445] VJMR
[17:27:36] [42/445] NTPU
[17:27:38] [43/445] RDKN
[17:27:38] [44/445] ADGC
[17:27:39] [45/445] VRBP
[17:27:40] [46/445] NMNA
[17:27:41] [47/445] CMMX
[17:27:42] [48/445] PTKO
[17:27:43] [49/445] RBML
[17:27:44] [50/445] SAIC
[17:27:44] 🔄 Identity reset
[17:27:44] 🔄 Identity rotated (every 10 requests)
[17:27:45] [51/445] SVTJ
[17:27:46] [52/445] MRTE
[17:27:47] [53/445] RBTP
[17:27:47] [54/445] NLPS
[17:27:48] [55/445] GTNA
[17:27:49] [56/445] DGGC
[17:27:50] [57/445] SMCR
[17:27:51] [58/445] SCGD
[17:27:52] [59/445] SRRJ
[17:27:53] [60/445] CNRY
[17:27:53] 🔄 Identity reset
[17:27:53] 🔄 Identity rotated (every 10 requests)
[17:27:54] [61/445] KTDI
[17:27:56] [62/445] SNJL
[17:27:57] [63/445] RKMD
[17:27:58] [64/445] SMDC
[17:27:59] [65/445] TADG
[17:28:00] [66/445] MCGS
[17:28:00] [67/445] PETK
[17:28:01] [68/445] CHAG
[17:28:02] [69/445] KSTL
[17:28:03] [70/445] AADS
[17:28:03] 🔄 Identity reset
[17:28:03] 🔄 Identity rotated (every 10 requests)
[17:28:04] [71/445] NTHZ
[17:28:05] [72/445] HCKI
[17:28:05] [73/445] SSEF
[17:28:06] [74/445] MCGX
[17:28:07] [75/445] ERRA
[17:28:08] [76/445] SDTW
[17:28:09] [77/445] RMPK
[17:28:10] [78/445] PTHK
[17:28:11] [79/445] PXCS
[17:28:12] [80/445] SVLU
[17:28:12] 🔄 Identity reset
[17:28:12] 🔄 Identity rotated (every 10 requests)
[17:28:13] [81/445] STAH
[17:28:14] [82/445] JRGF
[17:28:15] [83/445] CDOK
[17:28:16] [84/445] CMSG
[17:28:17] [85/445] APTD
[17:28:18] [86/445] KMPG
[17:28:19] [87/445] MUTJ
[17:28:20] [88/445] VCCI
[17:28:21] [89/445] URBE
[17:28:22] [90/445] TCTS
[17:28:22] 🔄 Identity reset
[17:28:22] 🔄 Identity rotated (every 10 requests)
[17:28:23] [91/445] STSN
[17:28:23] [92/445] AKCH
[17:28:24] [93/445] APSC
[17:28:25] [94/445] VLTB
[17:28:26] [95/445] SANU
[17:28:27] [96/445] AXAM
[17:28:28] [97/445] MGMG
[17:28:29] [98/445] HTBY
[17:28:30] [99/445] MMZS
[17:28:31] [100/445] SUDR
[17:28:31] 🔄 Identity reset
[17:28:31] 🔄 Identity rotated (every 10 requests)
[17:28:32] [101/445] CCAD
[17:28:33] [102/445] SKKC
[17:28:34] [103/445] RMCD
[17:28:34] [104/445] SBCQ
[17:28:35] [105/445] DCCT
[17:28:37] [106/445] VTKP
[17:28:38] [107/445] MLAM
[17:28:39] [108/445] SAVT
[17:28:40] [109/445] GEPL
[17:28:40] [110/445] AMCD
[17:28:40] 🔄 Identity reset
[17:28:40] 🔄 Identity rotated (every 10 requests)
[17:28:41] [111/445] CCXR
[17:28:42] [112/445] GRNG
[17:28:43] [113/445] EBCA
[17:28:44] [114/445] CNVG
[17:28:45] [115/445] MWSS
[17:28:46] [116/445] VBOR
[17:28:47] [117/445] NEEB
[17:28:48] [118/445] SUTH
[17:28:49] [119/445] ANDB
[17:28:50] [120/445] MMXS
[17:28:50] 🔄 Identity reset
[17:28:50] 🔄 Identity rotated (every 10 requests)
[17:28:51] [121/445] CNPD
[17:28:52] [122/445] SDCE
[17:28:52] [123/445] DHCB
[17:28:53] [124/445] ODEN
[17:28:54] [125/445] TNTC
[17:28:55] [126/445] VBKM
[17:28:56] [127/445] RZYM
[17:28:57] [128/445] JEMC
[17:28:57] [129/445] CMAU
[17:28:59] [130/445] SIVP
[17:28:59] 🔄 Identity reset
[17:28:59] 🔄 Identity rotated (every 10 requests)
[17:29:00] [131/445] ATAG
[17:29:01] [132/445] CHTM
[17:29:02] [133/445] AAEE
[17:29:03] [134/445] IWPM
[17:29:04] [135/445] KCMW
[17:29:05] [136/445] MCTD
[17:29:06] [137/445] SPWR
[17:29:07] [138/445] SDPO
[17:29:08] [139/445] PCSK
[17:29:09] [140/445] ACHV
[17:29:09] 🔄 Identity reset
[17:29:09] 🔄 Identity rotated (every 10 requests)
[17:29:10] [141/445] SVLA
[17:29:11] [142/445] PICT
[17:29:12] [143/445] BXDR
[17:29:13] [144/445] SPWA
[17:29:14] [145/445] MCKO
[17:29:15] [146/445] RTHK
[17:29:17] [147/445] CCMF
[17:29:18] [148/445] MRGB
[17:29:19] [149/445] CPLC
[17:29:20] [150/445] RACD
[17:29:20] 🔄 Identity reset
[17:29:20] 🔄 Identity rotated (every 10 requests)
[17:29:21] [151/445] ATKT
[17:29:21] [152/445] SARN
[17:29:22] [153/445] KKUI
[17:29:23] [154/445] RGCM
[17:29:24] [155/445] BRVP
[17:29:25] [156/445] HRSR
[17:29:26] [157/445] GKGM
[17:29:27] [158/445] TTCD
[17:29:28] [159/445] PTTI
[17:29:29] [160/445] MPTT
[17:29:29] 🔄 Identity reset
[17:29:29] 🔄 Identity rotated (every 10 requests)
[17:29:30] [161/445] CVTT
[17:29:31] [162/445] PCXD
[17:29:32] [163/445] GCDC
[17:29:33] [164/445] CCCF
[17:29:33] [165/445] MRAD
[17:29:35] [166/445] CPLK
[17:29:35] [167/445] SATB
[17:29:36] [168/445] SNVG
[17:29:37] [169/445] JMBA
[17:29:38] [170/445] TEJA
[17:29:38] 🔄 Identity reset
[17:29:38] 🔄 Identity rotated (every 10 requests)
[17:29:39] [171/445] STYO
[17:29:40] [172/445] JTBP
[17:29:41] [173/445] KRGD
[17:29:42] [174/445] SLJJ
[17:29:43] [175/445] SPTJ
[17:29:44] [176/445] SWJG
[17:29:44] [177/445] LKRT
[17:29:45] [178/445] KCKA
[17:29:46] [179/445] SNCR
[17:29:47] [180/445] SMKL
[17:29:47] 🔄 Identity reset
[17:29:47] 🔄 Identity rotated (every 10 requests)
[17:29:48] [181/445] GCFA
[17:29:49] [182/445] DDCK
[17:29:50] [183/445] NCHJ
[17:29:51] [184/445] RDMA
[17:29:52] [185/445] SVSV
[17:29:53] [186/445] SCJG
[17:29:53] [187/445] VKLP
[17:29:54] [188/445] NWCC
[17:29:55] [189/445] VKNS
[17:29:56] [190/445] SDDP
[17:29:56] 🔄 Identity reset
[17:29:56] 🔄 Identity rotated (every 10 requests)
[17:29:56] 🔄 Retry 1/5 for SDDP in 2.7s
[17:29:56] 🔄 Identity reset
[17:29:59] 🧠 New identity created
[17:30:00] [191/445] ACSI
[17:30:01] [192/445] SATG
[17:30:02] [193/445] SCMW
[17:30:03] [194/445] LKTK
[17:30:04] [195/445] VCKV
[17:30:05] [196/445] KKPE
[17:30:06] [197/445] KIGH
[17:30:07] [198/445] SRPM
[17:30:08] [199/445] SCAH
[17:30:08] 🔄 Identity reset
[17:30:08] 🔄 Identity rotated (every 10 requests)
[17:30:09] [200/445] MUTA
[17:30:10] [201/445] SEPU
[17:30:11] [202/445] INOA
[17:30:13] [203/445] BASK
[17:30:14] [204/445] NECB
[17:30:14] [205/445] GTTG
[17:30:15] [206/445] ASSA
[17:30:16] [207/445] ANCL
[17:30:17] [208/445] GCTI
[17:30:18] [209/445] RCTS
[17:30:18] 🔄 Identity reset
[17:30:18] 🔄 Identity rotated (every 10 requests)
[17:30:19] [210/445] ACNL
[17:30:21] [211/445] MYCT
[17:30:22] [212/445] NMHT
[17:30:22] [213/445] MDIT
[17:30:23] [214/445] LATG
[17:30:24] [215/445] SMTY
[17:30:25] [216/445] CVCT
[17:30:26] [217/445] RAMB
[17:30:27] [218/445] TGMS
[17:30:28] [219/445] BHEL
[17:30:28] 🔄 Identity reset
[17:30:28] 🔄 Identity rotated (every 10 requests)
[17:30:29] [220/445] SHCT
[17:30:30] [221/445] SVCT
[17:30:31] [222/445] MRIY
[17:30:32] [223/445] SARO
[17:30:33] [224/445] STCT
[17:30:34] [225/445] JKKC
[17:30:35] [226/445] PLTT
[17:30:36] [227/445] SRNT
[17:30:37] [228/445] YAST
[17:30:38] [229/445] PERL
[17:30:38] 🔄 Identity reset
[17:30:38] 🔄 Identity rotated (every 10 requests)
[17:30:39] [230/445] CICM
[17:30:40] [231/445] MMTR
[17:30:42] [232/445] ABTK
[17:30:43] [233/445] ATYY
[17:30:43] [234/445] ASTK
[17:30:44] [235/445] VVCK
[17:30:45] [236/445] ATKY
[17:30:46] [237/445] GWEK
[17:30:47] [238/445] SVFH
[17:30:48] [239/445] SLTA
[17:30:48] 🔄 Identity reset
[17:30:48] 🔄 Identity rotated (every 10 requests)
[17:30:49] [240/445] AASH
[17:30:50] [241/445] ACXB
[17:30:51] [242/445] SMTX
[17:30:51] [243/445] AZDH
[17:30:52] [244/445] CMMH
[17:30:53] [245/445] SCSZ
[17:30:54] [246/445] SCKP
[17:30:55] [247/445] NXTM
[17:30:56] [248/445] NWCS
[17:30:57] [249/445] CXMH
[17:30:57] 🔄 Identity reset
[17:30:57] 🔄 Identity rotated (every 10 requests)
[17:30:59] [250/445] PCMA
[17:31:00] [251/445] SGCM
[17:31:01] [252/445] SDTU
[17:31:02] [253/445] MMVI
[17:31:02] [254/445] JKCM
[17:31:03] [255/445] VCMM
[17:31:04] [256/445] SYEE
[17:31:05] [257/445] VASD
[17:31:06] [258/445] BDRB
[17:31:08] [259/445] LASM
[17:31:08] 🔄 Identity reset
[17:31:08] 🔄 Identity rotated (every 10 requests)
[17:31:09] [260/445] DCRL
[17:31:10] [261/445] DVPM
[17:31:10] [262/445] SBMJ
[17:31:12] [263/445] CBMU
[17:31:13] [264/445] IUBS
[17:31:14] [265/445] INAP
[17:31:15] [266/445] SRRC
[17:31:16] [267/445] SAGR
[17:31:17] [268/445] CPMJ
[17:31:18] [269/445] ATJL
[17:31:18] 🔄 Identity reset
[17:31:18] 🔄 Identity rotated (every 10 requests)
[17:31:19] [270/445] NNTD
[17:31:20] [271/445] JHCJ
[17:31:21] [272/445] CMMP
[17:31:22] [273/445] RSDR
[17:31:22] [274/445] AMTI
[17:31:24] [275/445] NYSG
[17:31:24] [276/445] AVSG
[17:31:25] [277/445] SYTP
[17:31:26] [278/445] LARC
[17:31:28] [279/445] RJTP
[17:31:28] 🔄 Identity reset
[17:31:28] 🔄 Identity rotated (every 10 requests)
[17:31:29] [280/445] LAKC
[17:31:30] [281/445] MCXE
[17:31:31] [282/445] CCZC
[17:31:32] [283/445] AVCH
[17:31:33] [284/445] CMBE
[17:31:34] [285/445] MRRC
[17:31:35] [286/445] PCPY
[17:31:36] [287/445] SRMH
[17:31:37] [288/445] SVGS
[17:31:38] [289/445] PCSE
[17:31:38] 🔄 Identity reset
[17:31:38] 🔄 Identity rotated (every 10 requests)
[17:31:39] [290/445] SVFT
[17:31:39] [291/445] TNZP
[17:31:40] [292/445] ICTP
[17:31:41] [293/445] ACTZ
[17:31:42] [294/445] GTUR
[17:31:43] [295/445] MAFC
[17:31:44] [296/445] MINL
[17:31:45] [297/445] MRCL
[17:31:46] [298/445] RCRP
[17:31:47] [299/445] RFFG
[17:31:47] 🔄 Identity reset
[17:31:47] 🔄 Identity rotated (every 10 requests)
[17:31:48] [300/445] RMAS
[17:31:49] [301/445] INVR
[17:31:50] [302/445] RMAR
[17:31:51] [303/445] CNIS
[17:31:51] [304/445] RHRJ
[17:31:52] [305/445] INXR
[17:31:53] [306/445] VALT
[17:31:54] [307/445] LCSH
[17:31:55] [308/445] CMVS
[17:31:56] [309/445] CNMS
[17:31:56] 🔄 Identity reset
[17:31:56] 🔄 Identity rotated (every 10 requests)
[17:31:57] [310/445] ROOG
[17:31:58] [311/445] ISRM
[17:31:59] [312/445] RCRM
[17:32:00] [313/445] ACJA
[17:32:01] [314/445] RCVS
[17:32:02] [315/445] CPUS
[17:32:03] [316/445] TGCS
[17:32:04] [317/445] RKCJ
[17:32:05] [318/445] MKSB
[17:32:06] [319/445] TCSJ
[17:32:06] 🔄 Identity reset
[17:32:06] 🔄 Identity rotated (every 10 requests)
[17:32:07] [320/445] RMGP
[17:32:08] [321/445] CLLP
[17:32:09] [322/445] RCMV
[17:32:10] [323/445] CCKS
[17:32:11] [324/445] RSRP
[17:32:12] [325/445] APLP
[17:32:13] [326/445] CNVS
[17:32:15] [327/445] RMVY
[17:32:16] [328/445] PGBD
[17:32:17] [329/445] KLMS
[17:32:17] 🔄 Identity reset
[17:32:17] 🔄 Identity rotated (every 10 requests)
[17:32:17] [330/445] RUST
[17:32:18] [331/445] MASM
[17:32:19] [332/445] BACS
[17:32:20] [333/445] BWST
[17:32:22] [334/445] RRFH
[17:32:23] [335/445] SJTM
[17:32:24] [336/445] BEMR
[17:32:25] [337/445] MCGR
[17:32:27] [338/445] SDSK
[17:32:28] [339/445] VBOL
[17:32:28] 🔄 Identity reset
[17:32:28] 🔄 Identity rotated (every 10 requests)
[17:32:29] [340/445] RMGM
[17:32:31] [341/445] NOPL
[17:32:32] [342/445] MKJK
[17:32:32] [343/445] CVRN
[17:32:34] [344/445] MMEN
[17:32:34] [345/445] AMNG
[17:32:35] [346/445] INTM
[17:32:36] [347/445] SLCZ
[17:32:37] [348/445] AMJN
[17:32:38] [349/445] ACJN
[17:32:38] 🔄 Identity reset
[17:32:38] 🔄 Identity rotated (every 10 requests)
[17:32:39] [350/445] AMKN
[17:32:40] [351/445] BTCN
[17:32:41] [352/445] AMBT
[17:32:42] [353/445] PACN
[17:32:43] [354/445] LCNS
[17:32:44] [355/445] PPKC
[17:32:45] [356/445] JYYN
[17:32:46] [357/445] JTNR
[17:32:47] [358/445] GTEE
[17:32:48] [359/445] SRNM
[17:32:48] 🔄 Identity reset
[17:32:48] 🔄 Identity rotated (every 10 requests)
[17:32:49] [360/445] SDTC
[17:32:50] [361/445] VPCA
[17:32:51] [362/445] VLRA
[17:32:52] [363/445] SHKR
[17:32:53] [364/445] SBKD
[17:32:54] [365/445] SAAD
[17:32:55] [366/445] JTGN
[17:32:55] [367/445] SLAM
[17:32:56] [368/445] VTPM
[17:32:57] [369/445] ANPT
[17:32:57] 🔄 Identity reset
[17:32:57] 🔄 Identity rotated (every 10 requests)
[17:32:58] [370/445] PUNB
[17:32:59] [371/445] CPKT
[17:33:00] [372/445] CNWE
[17:33:01] [373/445] ECPP
[17:33:02] [374/445] CPAR
[17:33:03] [375/445] ESBW
[17:33:04] [376/445] PKPU
[17:33:05] [377/445] CPRP
[17:33:05] [378/445] RAHU
[17:33:06] [379/445] RHMN
[17:33:06] 🔄 Identity reset
[17:33:06] 🔄 Identity rotated (every 10 requests)
[17:33:08] [380/445] FMJP
[17:33:09] [381/445] CTMP
[17:33:10] [382/445] INPN
[17:33:11] [383/445] STTG
[17:33:12] [384/445] CTRD
[17:33:13] [385/445] PUVB
[17:33:14] [386/445] ESVP
[17:33:15] [387/445] CPFT
[17:33:16] [388/445] LCPC
[17:33:17] [389/445] VBCT
[17:33:17] 🔄 Identity reset
[17:33:17] 🔄 Identity rotated (every 10 requests)
[17:33:19] [390/445] FSCW
[17:33:20] [391/445] VCMP
[17:33:20] [392/445] ASHC
[17:33:21] [393/445] VLCX
[17:33:23] [394/445] SHEV
[17:33:23] [395/445] APCO
[17:33:24] [396/445] SILC
[17:33:25] [397/445] SNMR
[17:33:27] [398/445] KYBO
[17:33:27] [399/445] SATK
[17:33:27] 🔄 Identity reset
[17:33:27] 🔄 Identity rotated (every 10 requests)
[17:33:29] [400/445] SSCS
[17:33:30] [401/445] CLSB
[17:33:31] [402/445] KMJR
[17:33:32] [403/445] FSCK
[17:33:33] [404/445] NNKA
[17:33:34] [405/445] CLMK
[17:33:35] [406/445] DMPZ
[17:33:36] [407/445] INQM
[17:33:37] [408/445] CAML
[17:33:38] [409/445] INRK
[17:33:38] 🔄 Identity reset
[17:33:38] 🔄 Identity rotated (every 10 requests)
[17:33:39] [410/445] IMKN
[17:33:39] [411/445] SVNR
[17:33:40] [412/445] INSL
[17:33:42] [413/445] MSMA
[17:33:44] [414/445] MCKK
[17:33:45] [415/445] FCHP
[17:33:46] [416/445] SFCR
[17:33:47] [417/445] NACK
[17:33:48] [418/445] PVAK
[17:33:49] [419/445] INER
[17:33:49] 🔄 Identity reset
[17:33:49] 🔄 Identity rotated (every 10 requests)
[17:33:49] [420/445] RDBK
[17:33:50] [421/445] SVFN
[17:33:51] [422/445] IFRM
[17:33:52] [423/445] ATCK
[17:33:53] [424/445] ASKO
[17:33:54] [425/445] STKT
[17:33:54] [426/445] SVFB
[17:33:55] [427/445] INKS
[17:33:56] [428/445] PCRA
[17:33:57] [429/445] ATJA
[17:33:57] 🔄 Identity reset
[17:33:57] 🔄 Identity rotated (every 10 requests)
[17:33:58] [430/445] IMJN
[17:33:59] [431/445] INHD
[17:34:00] [432/445] BARA
[17:34:00] [433/445] MCSL
[17:34:01] [434/445] RTOY
[17:34:02] [435/445] MENO
[17:34:03] [436/445] PUDM
[17:34:04] [437/445] PRCN
[17:34:05] [438/445] JMJR
[17:34:06] [439/445] SSGK
[17:34:06] 🔄 Identity reset
[17:34:06] 🔄 Identity rotated (every 10 requests)
[17:34:06] [440/445] SSRL
[17:34:07] [441/445] JYKL
[17:34:08] [442/445] ACNB
[17:34:09] [443/445] SONP
[17:34:10] [444/445] EMCI
[17:34:10] [445/445] MRJH
[17:34:11] 🧹 Deduping shows
[17:34:11] ✅ DONE | Shows=3397 | Movies=80
[22:44:27] 🚀 SCRIPT STARTED
[22:44:27] [1/445] TGMR
[22:44:27] 🧠 New identity created
[22:44:28] [2/445] CXKR
[22:44:28] [3/445] SROP
[22:44:29] [4/445] GTSV
[22:44:30] [5/445] SNTY
[22:44:31] [6/445] SMYY
[22:44:32] [7/445] CNCS
[22:44:32] [8/445] CSTM
[22:44:33] [9/445] NUCD
[22:44:34] [10/445] SHCZ
[22:44:34] 🔄 Identity reset
[22:44:34] 🔄 Identity rotated (every 10 requests)
[22:44:35] [11/445] NJCT
[22:44:36] [12/445] COPC
[22:44:37] [13/445] STVV
[22:44:38] [14/445] SKRN
[22:44:39] [15/445] APPZ
[22:44:40] [16/445] YMGN
[22:44:41] [17/445] SVTU
[22:44:42] [18/445] GTAD
[22:44:42] [19/445] PSUS
[22:44:43] [20/445] SMCD
[22:44:43] 🔄 Identity reset
[22:44:43] 🔄 Identity rotated (every 10 requests)
[22:44:44] [21/445] CMCM
[22:44:45] [22/445] SYCT
[22:44:46] [23/445] STLY
[22:44:47] [24/445] CMHU
[22:44:48] [25/445] CMSA
[22:44:48] [26/445] CLCU
[22:44:49] [27/445] PPNT
[22:44:50] [28/445] JTAB
[22:44:50] [29/445] BUUC
[22:44:51] [30/445] BSVK
[22:44:51] 🔄 Identity reset
[22:44:51] 🔄 Identity rotated (every 10 requests)
[22:44:52] [31/445] VVVQ
[22:44:54] [32/445] TKMU
[22:44:55] [33/445] ESYL
[22:44:56] [34/445] ACHP
[22:44:57] [35/445] BTKD
[22:44:59] [36/445] DESA
[22:45:00] [37/445] GBCT
[22:45:01] [38/445] BLLD
[22:45:01] [39/445] SKNT
[22:45:02] [40/445] SSTE
[22:45:02] 🔄 Identity reset
[22:45:02] 🔄 Identity rotated (every 10 requests)
[22:45:03] [41/445] VJMR
[22:45:04] [42/445] NTPU
[22:45:04] [43/445] RDKN
[22:45:05] [44/445] ADGC
[22:45:07] [45/445] VRBP
[22:45:08] [46/445] NMNA
[22:45:09] [47/445] CMMX
[22:45:10] [48/445] PTKO
[22:45:11] [49/445] RBML
[22:45:13] [50/445] SAIC
[22:45:13] 🔄 Identity reset
[22:45:13] 🔄 Identity rotated (every 10 requests)
[22:45:14] [51/445] SVTJ
[22:45:14] [52/445] MRTE
[22:45:15] [53/445] RBTP
[22:45:16] [54/445] NLPS
[22:45:17] [55/445] GTNA
[22:45:18] [56/445] DGGC
[22:45:19] [57/445] SMCR
[22:45:20] [58/445] SCGD
[22:45:20] [59/445] SRRJ
[22:45:22] [60/445] CNRY
[22:45:22] 🔄 Identity reset
[22:45:22] 🔄 Identity rotated (every 10 requests)
[22:45:23] [61/445] KTDI
[22:45:24] [62/445] SNJL
[22:45:25] [63/445] RKMD
[22:45:26] [64/445] SMDC
[22:45:27] [65/445] TADG
[22:45:28] [66/445] MCGS
[22:45:29] [67/445] PETK
[22:45:30] [68/445] CHAG
[22:45:31] [69/445] KSTL
[22:45:32] [70/445] AADS
[22:45:32] 🔄 Identity reset
[22:45:32] 🔄 Identity rotated (every 10 requests)
[22:45:33] [71/445] NTHZ
[22:45:33] [72/445] HCKI
[22:45:35] [73/445] SSEF
[22:45:36] [74/445] MCGX
[22:45:37] [75/445] ERRA
[22:45:38] [76/445] SDTW
[22:45:39] [77/445] RMPK
[22:45:40] [78/445] PTHK
[22:45:40] [79/445] PXCS
[22:45:41] [80/445] SVLU
[22:45:41] 🔄 Identity reset
[22:45:41] 🔄 Identity rotated (every 10 requests)
[22:45:42] [81/445] STAH
[22:45:44] [82/445] JRGF
[22:45:45] [83/445] CDOK
[22:45:45] [84/445] CMSG
[22:45:47] [85/445] APTD
[22:45:48] [86/445] KMPG
[22:45:49] [87/445] MUTJ
[22:45:50] [88/445] VCCI
[22:45:51] [89/445] URBE
[22:45:51] [90/445] TCTS
[22:45:51] 🔄 Identity reset
[22:45:52] 🔄 Identity rotated (every 10 requests)
[22:45:53] [91/445] STSN
[22:45:53] [92/445] AKCH
[22:45:55] [93/445] APSC
[22:45:56] [94/445] VLTB
[22:45:57] [95/445] SANU
[22:45:58] [96/445] AXAM
[22:45:59] [97/445] MGMG
[22:46:01] [98/445] HTBY
[22:46:02] [99/445] MMZS
[22:46:03] [100/445] SUDR
[22:46:03] 🔄 Identity reset
[22:46:03] 🔄 Identity rotated (every 10 requests)
[22:46:04] [101/445] CCAD
[22:46:05] [102/445] SKKC
[22:46:06] [103/445] RMCD
[22:46:07] [104/445] SBCQ
[22:46:07] [105/445] DCCT
[22:46:08] [106/445] VTKP
[22:46:09] [107/445] MLAM
[22:46:10] [108/445] SAVT
[22:46:11] [109/445] GEPL
[22:46:12] [110/445] AMCD
[22:46:12] 🔄 Identity reset
[22:46:12] 🔄 Identity rotated (every 10 requests)
[22:46:13] [111/445] CCXR
[22:46:14] [112/445] GRNG
[22:46:15] [113/445] EBCA
[22:46:15] [114/445] CNVG
[22:46:16] [115/445] MWSS
[22:46:17] [116/445] VBOR
[22:46:18] [117/445] NEEB
[22:46:19] [118/445] SUTH
[22:46:21] [119/445] ANDB
[22:46:22] [120/445] MMXS
[22:46:22] 🔄 Identity reset
[22:46:22] 🔄 Identity rotated (every 10 requests)
[22:46:23] [121/445] CNPD
[22:46:25] [122/445] SDCE
[22:46:26] [123/445] DHCB
[22:46:27] [124/445] ODEN
[22:46:28] [125/445] TNTC
[22:46:29] [126/445] VBKM
[22:46:29] [127/445] RZYM
[22:46:30] [128/445] JEMC
[22:46:31] [129/445] CMAU
[22:46:32] [130/445] SIVP
[22:46:32] 🔄 Identity reset
[22:46:32] 🔄 Identity rotated (every 10 requests)
[22:46:33] [131/445] ATAG
[22:46:34] [132/445] CHTM
[22:46:35] [133/445] AAEE
[22:46:36] [134/445] IWPM
[22:46:37] [135/445] KCMW
[22:46:38] [136/445] MCTD
[22:46:39] [137/445] SPWR
[22:46:40] [138/445] SDPO
[22:46:41] [139/445] PCSK
[22:46:42] [140/445] ACHV
[22:46:42] 🔄 Identity reset
[22:46:42] 🔄 Identity rotated (every 10 requests)
[22:46:43] [141/445] SVLA
[22:46:44] [142/445] PICT
[22:46:44] [143/445] BXDR
[22:46:46] [144/445] SPWA
[22:46:46] [145/445] MCKO
[22:46:47] [146/445] RTHK
[22:46:48] [147/445] CCMF
[22:46:49] [148/445] MRGB
[22:46:50] [149/445] CPLC
[22:46:51] [150/445] RACD
[22:46:51] 🔄 Identity reset
[22:46:51] 🔄 Identity rotated (every 10 requests)
[22:46:52] [151/445] ATKT
[22:46:53] [152/445] SARN
[22:46:54] [153/445] KKUI
[22:46:55] [154/445] RGCM
[22:46:56] [155/445] BRVP
[22:46:57] [156/445] HRSR
[22:46:57] [157/445] GKGM
[22:46:58] [158/445] TTCD
[22:47:00] [159/445] PTTI
[22:47:01] [160/445] MPTT
[22:47:01] 🔄 Identity reset
[22:47:01] 🔄 Identity rotated (every 10 requests)
[22:47:03] [161/445] CVTT
[22:47:04] [162/445] PCXD
[22:47:05] [163/445] GCDC
[22:47:05] [164/445] CCCF
[22:47:06] [165/445] MRAD
[22:47:07] [166/445] CPLK
[22:47:08] [167/445] SATB
[22:47:09] [168/445] SNVG
[22:47:10] [169/445] JMBA
[22:47:11] [170/445] TEJA
[22:47:11] 🔄 Identity reset
[22:47:11] 🔄 Identity rotated (every 10 requests)
[22:47:12] [171/445] STYO
[22:47:13] [172/445] JTBP
[22:47:14] [173/445] KRGD
[22:47:15] [174/445] SLJJ
[22:47:16] [175/445] SPTJ
[22:47:17] [176/445] SWJG
[22:47:17] [177/445] LKRT
[22:47:19] [178/445] KCKA
[22:47:20] [179/445] SNCR
[22:47:21] [180/445] SMKL
[22:47:21] 🔄 Identity reset
[22:47:21] 🔄 Identity rotated (every 10 requests)
[22:47:22] [181/445] GCFA
[22:47:23] [182/445] DDCK
[22:47:24] [183/445] NCHJ
[22:47:25] [184/445] RDMA
[22:47:26] [185/445] SVSV
[22:47:27] [186/445] SCJG
[22:47:28] [187/445] VKLP
[22:47:29] [188/445] NWCC
[22:47:30] [189/445] VKNS
[22:47:31] [190/445] SDDP
[22:47:31] 🔄 Identity reset
[22:47:31] 🔄 Identity rotated (every 10 requests)
[22:47:32] [191/445] ACSI
[22:47:33] [192/445] SATG
[22:47:34] [193/445] SCMW
[22:47:35] [194/445] LKTK
[22:47:36] [195/445] VCKV
[22:47:37] [196/445] KKPE
[22:47:38] [197/445] KIGH
[22:47:39] [198/445] SRPM
[22:47:40] [199/445] SCAH
[22:47:41] [200/445] MUTA
[22:47:41] 🔄 Identity reset
[22:47:41] 🔄 Identity rotated (every 10 requests)
[22:47:42] [201/445] SEPU
[22:47:43] [202/445] INOA
[22:47:44] [203/445] BASK
[22:47:45] [204/445] NECB
[22:47:46] [205/445] GTTG
[22:47:47] [206/445] ASSA
[22:47:48] [207/445] ANCL
[22:47:50] [208/445] GCTI
[22:47:51] [209/445] RCTS
[22:47:52] [210/445] ACNL
[22:47:52] 🔄 Identity reset
[22:47:52] 🔄 Identity rotated (every 10 requests)
[22:47:53] [211/445] MYCT
[22:47:54] [212/445] NMHT
[22:47:55] [213/445] MDIT
[22:47:56] [214/445] LATG
[22:47:57] [215/445] SMTY
[22:47:58] [216/445] CVCT
[22:47:59] [217/445] RAMB
[22:48:00] [218/445] TGMS
[22:48:01] [219/445] BHEL
[22:48:02] [220/445] SHCT
[22:48:02] 🔄 Identity reset
[22:48:02] 🔄 Identity rotated (every 10 requests)
[22:48:03] [221/445] SVCT
[22:48:04] [222/445] MRIY
[22:48:05] [223/445] SARO
[22:48:07] [224/445] STCT
[22:48:08] [225/445] JKKC
[22:48:09] [226/445] PLTT
[22:48:10] [227/445] SRNT
[22:48:11] [228/445] YAST
[22:48:12] [229/445] PERL
[22:48:13] [230/445] CICM
[22:48:13] 🔄 Identity reset
[22:48:13] 🔄 Identity rotated (every 10 requests)
[22:48:14] [231/445] MMTR
[22:48:15] [232/445] ABTK
[22:48:16] [233/445] ATYY
[22:48:17] [234/445] ASTK
[22:48:18] [235/445] VVCK
[22:48:19] [236/445] ATKY
[22:48:20] [237/445] GWEK
[22:48:21] [238/445] SVFH
[22:48:22] [239/445] SLTA
[22:48:23] [240/445] AASH
[22:48:23] 🔄 Identity reset
[22:48:23] 🔄 Identity rotated (every 10 requests)
[22:48:24] [241/445] ACXB
[22:48:25] [242/445] SMTX
[22:48:26] [243/445] AZDH
[22:48:27] [244/445] CMMH
[22:48:28] [245/445] SCSZ
[22:48:29] [246/445] SCKP
[22:48:30] [247/445] NXTM
[22:48:31] [248/445] NWCS
[22:48:32] [249/445] CXMH
[22:48:33] [250/445] PCMA
[22:48:33] 🔄 Identity reset
[22:48:33] 🔄 Identity rotated (every 10 requests)
[22:48:34] [251/445] SGCM
[22:48:35] [252/445] SDTU
[22:48:36] [253/445] MMVI
[22:48:37] [254/445] JKCM
[22:48:38] [255/445] VCMM
[22:48:39] [256/445] SYEE
[22:48:40] [257/445] VASD
[22:48:41] [258/445] BDRB
[22:48:43] [259/445] LASM
[22:48:44] [260/445] DCRL
[22:48:44] 🔄 Identity reset
[22:48:44] 🔄 Identity rotated (every 10 requests)
[22:48:45] [261/445] DVPM
[22:48:46] [262/445] SBMJ
[22:48:47] [263/445] CBMU
[22:48:48] [264/445] IUBS
[22:48:49] [265/445] INAP
[22:48:50] [266/445] SRRC
[22:48:51] [267/445] SAGR
[22:48:52] [268/445] CPMJ
[22:48:53] [269/445] ATJL
[22:48:54] [270/445] NNTD
[22:48:54] 🔄 Identity reset
[22:48:54] 🔄 Identity rotated (every 10 requests)
[22:48:54] [271/445] JHCJ
[22:48:55] [272/445] CMMP
[22:48:56] [273/445] RSDR
[22:48:57] [274/445] AMTI
[22:48:58] [275/445] NYSG
[22:48:59] [276/445] AVSG
[22:49:00] [277/445] SYTP
[22:49:01] [278/445] LARC
[22:49:02] [279/445] RJTP
[22:49:03] [280/445] LAKC
[22:49:03] 🔄 Identity reset
[22:49:03] 🔄 Identity rotated (every 10 requests)
[22:49:04] [281/445] MCXE
[22:49:05] [282/445] CCZC
[22:49:06] [283/445] AVCH
[22:49:07] [284/445] CMBE
[22:49:07] [285/445] MRRC
[22:49:08] [286/445] PCPY
[22:49:09] [287/445] SRMH
[22:49:10] [288/445] SVGS
[22:49:11] [289/445] PCSE
[22:49:13] [290/445] SVFT
[22:49:13] 🔄 Identity reset
[22:49:13] 🔄 Identity rotated (every 10 requests)
[22:49:14] [291/445] TNZP
[22:49:15] [292/445] ICTP
[22:49:16] [293/445] ACTZ
[22:49:17] [294/445] GTUR
[22:49:18] [295/445] MAFC
[22:49:19] [296/445] MINL
[22:49:20] [297/445] MRCL
[22:49:21] [298/445] RCRP
[22:49:22] [299/445] RFFG
[22:49:23] [300/445] RMAS
[22:49:23] 🔄 Identity reset
[22:49:23] 🔄 Identity rotated (every 10 requests)
[22:49:24] [301/445] INVR
[22:49:26] [302/445] RMAR
[22:49:27] [303/445] CNIS
[22:49:28] [304/445] RHRJ
[22:49:29] [305/445] INXR
[22:49:30] [306/445] VALT
[22:49:31] [307/445] LCSH
[22:49:32] [308/445] CMVS
[22:49:34] [309/445] CNMS
[22:49:34] [310/445] ROOG
[22:49:34] 🔄 Identity reset
[22:49:34] 🔄 Identity rotated (every 10 requests)
[22:49:36] [311/445] ISRM
[22:49:36] [312/445] RCRM
[22:49:37] [313/445] ACJA
[22:49:38] [314/445] RCVS
[22:49:39] [315/445] CPUS
[22:49:40] [316/445] TGCS
[22:49:41] [317/445] RKCJ
[22:49:42] [318/445] MKSB
[22:49:43] [319/445] TCSJ
[22:49:43] [320/445] RMGP
[22:49:43] 🔄 Identity reset
[22:49:43] 🔄 Identity rotated (every 10 requests)
[22:49:44] [321/445] CLLP
[22:49:45] [322/445] RCMV
[22:49:46] [323/445] CCKS
[22:49:47] [324/445] RSRP
[22:49:48] [325/445] APLP
[22:49:50] [326/445] CNVS
[22:49:50] [327/445] RMVY
[22:49:51] [328/445] PGBD
[22:49:52] [329/445] KLMS
[22:49:53] [330/445] RUST
[22:49:53] 🔄 Identity reset
[22:49:53] 🔄 Identity rotated (every 10 requests)
[22:49:54] [331/445] MASM
[22:49:55] [332/445] BACS
[22:49:56] [333/445] BWST
[22:49:57] [334/445] RRFH
[22:49:58] [335/445] SJTM
[22:49:59] [336/445] BEMR
[22:50:00] [337/445] MCGR
[22:50:01] [338/445] SDSK
[22:50:02] [339/445] VBOL
[22:50:03] [340/445] RMGM
[22:50:03] 🔄 Identity reset
[22:50:03] 🔄 Identity rotated (every 10 requests)
[22:50:04] [341/445] NOPL
[22:50:05] [342/445] MKJK
[22:50:06] [343/445] CVRN
[22:50:07] [344/445] MMEN
[22:50:08] [345/445] AMNG
[22:50:09] [346/445] INTM
[22:50:10] [347/445] SLCZ
[22:50:11] [348/445] AMJN
[22:50:12] [349/445] ACJN
[22:50:13] [350/445] AMKN
[22:50:13] 🔄 Identity reset
[22:50:13] 🔄 Identity rotated (every 10 requests)
[22:50:14] [351/445] BTCN
[22:50:15] [352/445] AMBT
[22:50:16] [353/445] PACN
[22:50:17] [354/445] LCNS
[22:50:18] [355/445] PPKC
[22:50:19] [356/445] JYYN
[22:50:20] [357/445] JTNR
[22:50:22] [358/445] GTEE
[22:50:23] [359/445] SRNM
[22:50:24] [360/445] SDTC
[22:50:24] 🔄 Identity reset
[22:50:24] 🔄 Identity rotated (every 10 requests)
[22:50:25] [361/445] VPCA
[22:50:26] [362/445] VLRA
[22:50:27] [363/445] SHKR
[22:50:28] [364/445] SBKD
[22:50:29] [365/445] SAAD
[22:50:29] [366/445] JTGN
[22:50:30] [367/445] SLAM
[22:50:31] [368/445] VTPM
[22:50:32] [369/445] ANPT
[22:50:33] [370/445] PUNB
[22:50:33] 🔄 Identity reset
[22:50:33] 🔄 Identity rotated (every 10 requests)
[22:50:34] [371/445] CPKT
[22:50:35] [372/445] CNWE
[22:50:36] [373/445] ECPP
[22:50:37] [374/445] CPAR
[22:50:38] [375/445] ESBW
[22:50:39] [376/445] PKPU
[22:50:41] [377/445] CPRP
[22:50:42] [378/445] RAHU
[22:50:42] [379/445] RHMN
[22:50:43] [380/445] FMJP
[22:50:43] 🔄 Identity reset
[22:50:43] 🔄 Identity rotated (every 10 requests)
[22:50:44] [381/445] CTMP
[22:50:45] [382/445] INPN
[22:50:46] [383/445] STTG
[22:50:47] [384/445] CTRD
[22:50:48] [385/445] PUVB
[22:50:49] [386/445] ESVP
[22:50:50] [387/445] CPFT
[22:50:51] [388/445] LCPC
[22:50:52] [389/445] VBCT
[22:50:53] [390/445] FSCW
[22:50:53] 🔄 Identity reset
[22:50:53] 🔄 Identity rotated (every 10 requests)
[22:50:55] [391/445] VCMP
[22:50:56] [392/445] ASHC
[22:50:57] [393/445] VLCX
[22:50:58] [394/445] SHEV
[22:50:59] [395/445] APCO
[22:51:00] [396/445] SILC
[22:51:00] [397/445] SNMR
[22:51:02] [398/445] KYBO
[22:51:04] [399/445] SATK
[22:51:05] [400/445] SSCS
[22:51:05] 🔄 Identity reset
[22:51:05] 🔄 Identity rotated (every 10 requests)
[22:51:06] [401/445] CLSB
[22:51:07] [402/445] KMJR
[22:51:08] [403/445] FSCK
[22:51:10] [404/445] NNKA
[22:51:10] [405/445] CLMK
[22:51:11] [406/445] DMPZ
[22:51:12] [407/445] INQM
[22:51:13] [408/445] CAML
[22:51:14] [409/445] INRK
[22:51:15] [410/445] IMKN
[22:51:15] 🔄 Identity reset
[22:51:15] 🔄 Identity rotated (every 10 requests)
[22:51:17] [411/445] SVNR
[22:51:17] [412/445] INSL
[22:51:18] [413/445] MSMA
[22:51:19] [414/445] MCKK
[22:51:20] [415/445] FCHP
[22:51:21] [416/445] SFCR
[22:51:22] [417/445] NACK
[22:51:23] [418/445] PVAK
[22:51:24] [419/445] INER
[22:51:25] [420/445] RDBK
[22:51:25] 🔄 Identity reset
[22:51:25] 🔄 Identity rotated (every 10 requests)
[22:51:26] [421/445] SVFN
[22:51:27] [422/445] IFRM
[22:51:28] [423/445] ATCK
[22:51:29] [424/445] ASKO
[22:51:29] [425/445] STKT
[22:51:30] [426/445] SVFB
[22:51:31] [427/445] INKS
[22:51:33] [428/445] PCRA
[22:51:34] [429/445] ATJA
[22:51:35] [430/445] IMJN
[22:51:35] 🔄 Identity reset
[22:51:35] 🔄 Identity rotated (every 10 requests)
[22:51:36] [431/445] INHD
[22:51:38] [432/445] BARA
[22:51:38] [433/445] MCSL
[22:51:39] [434/445] RTOY
[22:51:40] [435/445] MENO
[22:51:42] [436/445] PUDM
[22:51:43] [437/445] PRCN
[22:51:43] [438/445] JMJR
[22:51:44] [439/445] SSGK
[22:51:46] [440/445] SSRL
[22:51:46] 🔄 Identity reset
[22:51:46] 🔄 Identity rotated (every 10 requests)
[22:51:47] [441/445] JYKL
[22:51:48] [442/445] ACNB
[22:51:49] [443/445] SONP
[22:51:50] [444/445] EMCI
[22:51:51] [445/445] MRJH
[22:51:52] 🧹 Deduping shows
[22:51:52] ✅ DONE | Shows=3485 | Movies=82
[23:31:39] 🚀 SCRIPT STARTED
[23:31:39] [1/445] TGMR
[23:31:39] 🧠 New identity created
[23:31:40] [2/445] CXKR
[23:31:41] [3/445] SROP
[23:31:43] [4/445] GTSV
[23:31:44] [5/445] SNTY
[23:31:45] [6/445] SMYY
[23:31:46] [7/445] CNCS
[23:31:47] [8/445] CSTM
[23:31:48] [9/445] NUCD
[23:31:49] [10/445] SHCZ
[23:31:49] 🔄 Identity reset
[23:31:49] 🔄 Identity rotated (every 10 requests)
[23:31:50] [11/445] NJCT
[23:31:50] [12/445] COPC
[23:31:51] [13/445] STVV
[23:31:52] [14/445] SKRN
[23:31:53] [15/445] APPZ
[23:31:54] [16/445] YMGN
[23:31:55] [17/445] SVTU
[23:31:56] [18/445] GTAD
[23:31:57] [19/445] PSUS
[23:31:58] [20/445] SMCD
[23:31:58] 🔄 Identity reset
[23:31:58] 🔄 Identity rotated (every 10 requests)
[23:31:59] [21/445] CMCM
[23:32:00] [22/445] SYCT
[23:32:01] [23/445] STLY
[23:32:02] [24/445] CMHU
[23:32:03] [25/445] CMSA
[23:32:04] [26/445] CLCU
[23:32:05] [27/445] PPNT
[23:32:06] [28/445] JTAB
[23:32:06] [29/445] BUUC
[23:32:07] [30/445] BSVK
[23:32:07] 🔄 Identity reset
[23:32:07] 🔄 Identity rotated (every 10 requests)
[23:32:09] [31/445] VVVQ
[23:32:10] [32/445] TKMU
[23:32:11] [33/445] ESYL
[23:32:11] [34/445] ACHP
[23:32:12] [35/445] BTKD
[23:32:13] [36/445] DESA
[23:32:14] [37/445] GBCT
[23:32:15] [38/445] BLLD
[23:32:16] [39/445] SKNT
[23:32:17] [40/445] SSTE
[23:32:17] 🔄 Identity reset
[23:32:17] 🔄 Identity rotated (every 10 requests)
[23:32:18] [41/445] VJMR
[23:32:19] [42/445] NTPU
[23:32:19] [43/445] RDKN
[23:32:20] [44/445] ADGC
[23:32:21] [45/445] VRBP
[23:32:22] [46/445] NMNA
[23:32:23] [47/445] CMMX
[23:32:24] [48/445] PTKO
[23:32:25] [49/445] RBML
[23:32:26] [50/445] SAIC
[23:32:26] 🔄 Identity reset
[23:32:26] 🔄 Identity rotated (every 10 requests)
[23:32:27] [51/445] SVTJ
[23:32:27] [52/445] MRTE
[23:32:28] [53/445] RBTP
[23:32:29] [54/445] NLPS
[23:32:30] [55/445] GTNA
[23:32:31] [56/445] DGGC
[23:32:32] [57/445] SMCR
[23:32:33] [58/445] SCGD
[23:32:34] [59/445] SRRJ
[23:32:35] [60/445] CNRY
[23:32:35] 🔄 Identity reset
[23:32:35] 🔄 Identity rotated (every 10 requests)
[23:32:35] 🔄 Retry 1/5 for CNRY in 2.3s
[23:32:35] 🔄 Identity reset
[23:32:37] 🧠 New identity created
[23:32:38] [61/445] KTDI
[23:32:39] [62/445] SNJL
[23:32:40] [63/445] RKMD
[23:32:41] [64/445] SMDC
[23:32:42] [65/445] TADG
[23:32:43] [66/445] MCGS
[23:32:43] [67/445] PETK
[23:32:44] [68/445] CHAG
[23:32:45] [69/445] KSTL
[23:32:45] 🔄 Identity reset
[23:32:45] 🔄 Identity rotated (every 10 requests)
[23:32:46] [70/445] AADS
[23:32:47] [71/445] NTHZ
[23:32:48] [72/445] HCKI
[23:32:49] [73/445] SSEF
[23:32:50] [74/445] MCGX
[23:32:51] [75/445] ERRA
[23:32:52] [76/445] SDTW
[23:32:52] [77/445] RMPK
[23:32:54] [78/445] PTHK
[23:32:54] [79/445] PXCS
[23:32:54] 🔄 Identity reset
[23:32:54] 🔄 Identity rotated (every 10 requests)
[23:32:56] [80/445] SVLU
[23:32:57] [81/445] STAH
[23:32:58] [82/445] JRGF
[23:32:59] [83/445] CDOK
[23:33:00] [84/445] CMSG
[23:33:01] [85/445] APTD
[23:33:02] [86/445] KMPG
[23:33:03] [87/445] MUTJ
[23:33:05] [88/445] VCCI
[23:33:06] [89/445] URBE
[23:33:06] 🔄 Identity reset
[23:33:06] 🔄 Identity rotated (every 10 requests)
[23:33:07] [90/445] TCTS
[23:33:08] [91/445] STSN
[23:33:09] [92/445] AKCH
[23:33:10] [93/445] APSC
[23:33:11] [94/445] VLTB
[23:33:11] [95/445] SANU
[23:33:12] [96/445] AXAM
[23:33:14] [97/445] MGMG
[23:33:14] [98/445] HTBY
[23:33:16] [99/445] MMZS
[23:33:16] 🔄 Identity reset
[23:33:16] 🔄 Identity rotated (every 10 requests)
[23:33:17] [100/445] SUDR
[23:33:19] [101/445] CCAD
[23:33:20] [102/445] SKKC
[23:33:21] [103/445] RMCD
[23:33:22] [104/445] SBCQ
[23:33:23] [105/445] DCCT
[23:33:24] [106/445] VTKP
[23:33:25] [107/445] MLAM
[23:33:26] [108/445] SAVT
[23:33:27] [109/445] GEPL
[23:33:27] 🔄 Identity reset
[23:33:27] 🔄 Identity rotated (every 10 requests)
[23:33:28] [110/445] AMCD
[23:33:29] [111/445] CCXR
[23:33:30] [112/445] GRNG
[23:33:31] [113/445] EBCA
[23:33:32] [114/445] CNVG
[23:33:33] [115/445] MWSS
[23:33:34] [116/445] VBOR
[23:33:35] [117/445] NEEB
[23:33:36] [118/445] SUTH
[23:33:37] [119/445] ANDB
[23:33:37] 🔄 Identity reset
[23:33:37] 🔄 Identity rotated (every 10 requests)
[23:33:38] [120/445] MMXS
[23:33:39] [121/445] CNPD
[23:33:40] [122/445] SDCE
[23:33:41] [123/445] DHCB
[23:33:42] [124/445] ODEN
[23:33:43] [125/445] TNTC
[23:33:44] [126/445] VBKM
[23:33:45] [127/445] RZYM
[23:33:46] [128/445] JEMC
[23:33:47] [129/445] CMAU
[23:33:47] 🔄 Identity reset
[23:33:47] 🔄 Identity rotated (every 10 requests)
[23:33:48] [130/445] SIVP
[23:33:49] [131/445] ATAG
[23:33:50] [132/445] CHTM
[23:33:51] [133/445] AAEE
[23:33:52] [134/445] IWPM
[23:33:53] [135/445] KCMW
[23:33:54] [136/445] MCTD
[23:33:55] [137/445] SPWR
[23:33:55] [138/445] SDPO
[23:33:56] [139/445] PCSK
[23:33:56] 🔄 Identity reset
[23:33:56] 🔄 Identity rotated (every 10 requests)
[23:33:57] [140/445] ACHV
[23:33:58] [141/445] SVLA
[23:33:59] [142/445] PICT
[23:34:00] [143/445] BXDR
[23:34:01] [144/445] SPWA
[23:34:02] [145/445] MCKO
[23:34:03] [146/445] RTHK
[23:34:04] [147/445] CCMF
[23:34:05] [148/445] MRGB
[23:34:06] [149/445] CPLC
[23:34:06] 🔄 Identity reset
[23:34:06] 🔄 Identity rotated (every 10 requests)
[23:34:07] [150/445] RACD
[23:34:08] [151/445] ATKT
[23:34:09] [152/445] SARN
[23:34:10] [153/445] KKUI
[23:34:11] [154/445] RGCM
[23:34:12] [155/445] BRVP
[23:34:13] [156/445] HRSR
[23:34:14] [157/445] GKGM
[23:34:15] [158/445] TTCD
[23:34:16] [159/445] PTTI
[23:34:16] 🔄 Identity reset
[23:34:16] 🔄 Identity rotated (every 10 requests)
[23:34:17] [160/445] MPTT
[23:34:18] [161/445] CVTT
[23:34:19] [162/445] PCXD
[23:34:20] [163/445] GCDC
[23:34:21] [164/445] CCCF
[23:34:22] [165/445] MRAD
[23:34:23] [166/445] CPLK
[23:34:24] [167/445] SATB
[23:34:26] [168/445] SNVG
[23:34:27] [169/445] JMBA
[23:34:27] 🔄 Identity reset
[23:34:27] 🔄 Identity rotated (every 10 requests)
[23:34:28] [170/445] TEJA
[23:34:29] [171/445] STYO
[23:34:30] [172/445] JTBP
[23:34:31] [173/445] KRGD
[23:34:32] [174/445] SLJJ
[23:34:33] [175/445] SPTJ
[23:34:35] [176/445] SWJG
[23:34:36] [177/445] LKRT
[23:34:37] [178/445] KCKA
[23:34:38] [179/445] SNCR
[23:34:38] 🔄 Identity reset
[23:34:38] 🔄 Identity rotated (every 10 requests)
[23:34:39] [180/445] SMKL
[23:34:40] [181/445] GCFA
[23:34:41] [182/445] DDCK
[23:34:42] [183/445] NCHJ
[23:34:43] [184/445] RDMA
[23:34:44] [185/445] SVSV
[23:34:45] [186/445] SCJG
[23:34:45] [187/445] VKLP
[23:34:46] [188/445] NWCC
[23:34:47] [189/445] VKNS
[23:34:47] 🔄 Identity reset
[23:34:47] 🔄 Identity rotated (every 10 requests)
[23:34:48] [190/445] SDDP
[23:34:49] [191/445] ACSI
[23:34:50] [192/445] SATG
[23:34:51] [193/445] SCMW
[23:34:53] [194/445] LKTK
[23:34:54] [195/445] VCKV
[23:34:55] [196/445] KKPE
[23:34:56] [197/445] KIGH
[23:34:57] [198/445] SRPM
[23:34:58] [199/445] SCAH
[23:34:58] 🔄 Identity reset
[23:34:58] 🔄 Identity rotated (every 10 requests)
[23:34:59] [200/445] MUTA
[23:35:00] [201/445] SEPU
[23:35:01] [202/445] INOA
[23:35:02] [203/445] BASK
[23:35:03] [204/445] NECB
[23:35:04] [205/445] GTTG
[23:35:05] [206/445] ASSA
[23:35:06] [207/445] ANCL
[23:35:07] [208/445] GCTI
[23:35:08] [209/445] RCTS
[23:35:08] 🔄 Identity reset
[23:35:08] 🔄 Identity rotated (every 10 requests)
[23:35:09] [210/445] ACNL
[23:35:10] [211/445] MYCT
[23:35:11] [212/445] NMHT
[23:35:12] [213/445] MDIT
[23:35:13] [214/445] LATG
[23:35:14] [215/445] SMTY
[23:35:15] [216/445] CVCT
[23:35:15] [217/445] RAMB
[23:35:16] [218/445] TGMS
[23:35:18] [219/445] BHEL
[23:35:18] 🔄 Identity reset
[23:35:18] 🔄 Identity rotated (every 10 requests)
[23:35:19] [220/445] SHCT
[23:35:20] [221/445] SVCT
[23:35:21] [222/445] MRIY
[23:35:22] [223/445] SARO
[23:35:22] [224/445] STCT
[23:35:23] [225/445] JKKC
[23:35:24] [226/445] PLTT
[23:35:25] [227/445] SRNT
[23:35:26] [228/445] YAST
[23:35:28] [229/445] PERL
[23:35:28] 🔄 Identity reset
[23:35:28] 🔄 Identity rotated (every 10 requests)
[23:35:29] [230/445] CICM
[23:35:31] [231/445] MMTR
[23:35:33] [232/445] ABTK
[23:35:35] [233/445] ATYY
[23:35:36] [234/445] ASTK
[23:35:37] [235/445] VVCK
[23:35:38] [236/445] ATKY
[23:35:39] [237/445] GWEK
[23:35:40] [238/445] SVFH
[23:35:41] [239/445] SLTA
[23:35:41] 🔄 Identity reset
[23:35:41] 🔄 Identity rotated (every 10 requests)
[23:35:42] [240/445] AASH
[23:35:42] [241/445] ACXB
[23:35:43] [242/445] SMTX
[23:35:44] [243/445] AZDH
[23:35:46] [244/445] CMMH
[23:35:47] [245/445] SCSZ
[23:35:48] [246/445] SCKP
[23:35:49] [247/445] NXTM
[23:35:49] [248/445] NWCS
[23:35:50] [249/445] CXMH
[23:35:50] 🔄 Identity reset
[23:35:50] 🔄 Identity rotated (every 10 requests)
[23:35:51] [250/445] PCMA
[23:35:52] [251/445] SGCM
[23:35:53] [252/445] SDTU
[23:35:54] [253/445] MMVI
[23:35:55] [254/445] JKCM
[23:35:56] [255/445] VCMM
[23:35:57] [256/445] SYEE
[23:35:58] [257/445] VASD
[23:35:59] [258/445] BDRB
[23:35:59] [259/445] LASM
[23:35:59] 🔄 Identity reset
[23:35:59] 🔄 Identity rotated (every 10 requests)
[23:36:00] [260/445] DCRL
[23:36:02] [261/445] DVPM
[23:36:02] [262/445] SBMJ
[23:36:03] [263/445] CBMU
[23:36:04] [264/445] IUBS
[23:36:05] [265/445] INAP
[23:36:06] [266/445] SRRC
[23:36:07] [267/445] SAGR
[23:36:08] [268/445] CPMJ
[23:36:09] [269/445] ATJL
[23:36:09] 🔄 Identity reset
[23:36:09] 🔄 Identity rotated (every 10 requests)
[23:36:10] [270/445] NNTD
[23:36:11] [271/445] JHCJ
[23:36:12] [272/445] CMMP
[23:36:13] [273/445] RSDR
[23:36:14] [274/445] AMTI
[23:36:15] [275/445] NYSG
[23:36:16] [276/445] AVSG
[23:36:17] [277/445] SYTP
[23:36:18] [278/445] LARC
[23:36:19] [279/445] RJTP
[23:36:19] 🔄 Identity reset
[23:36:19] 🔄 Identity rotated (every 10 requests)
[23:36:20] [280/445] LAKC
[23:36:21] [281/445] MCXE
[23:36:22] [282/445] CCZC
[23:36:23] [283/445] AVCH
[23:36:24] [284/445] CMBE
[23:36:25] [285/445] MRRC
[23:36:26] [286/445] PCPY
[23:36:27] [287/445] SRMH
[23:36:29] [288/445] SVGS
[23:36:30] [289/445] PCSE
[23:36:30] 🔄 Identity reset
[23:36:30] 🔄 Identity rotated (every 10 requests)
[23:36:31] [290/445] SVFT
[23:36:32] [291/445] TNZP
[23:36:33] [292/445] ICTP
[23:36:34] [293/445] ACTZ
[23:36:35] [294/445] GTUR
[23:36:36] [295/445] MAFC
[23:36:37] [296/445] MINL
[23:36:37] [297/445] MRCL
[23:36:39] [298/445] RCRP
[23:36:40] [299/445] RFFG
[23:36:40] 🔄 Identity reset
[23:36:40] 🔄 Identity rotated (every 10 requests)
[23:36:41] [300/445] RMAS
[23:36:42] [301/445] INVR
[23:36:43] [302/445] RMAR
[23:36:44] [303/445] CNIS
[23:36:45] [304/445] RHRJ
[23:36:46] [305/445] INXR
[23:36:47] [306/445] VALT
[23:36:48] [307/445] LCSH
[23:36:49] [308/445] CMVS
[23:36:50] [309/445] CNMS
[23:36:50] 🔄 Identity reset
[23:36:50] 🔄 Identity rotated (every 10 requests)
[23:36:51] [310/445] ROOG
[23:36:52] [311/445] ISRM
[23:36:53] [312/445] RCRM
[23:36:54] [313/445] ACJA
[23:36:55] [314/445] RCVS
[23:36:56] [315/445] CPUS
[23:36:57] [316/445] TGCS
[23:36:58] [317/445] RKCJ
[23:36:59] [318/445] MKSB
[23:37:00] [319/445] TCSJ
[23:37:00] 🔄 Identity reset
[23:37:00] 🔄 Identity rotated (every 10 requests)
[23:37:01] [320/445] RMGP
[23:37:02] [321/445] CLLP
[23:37:03] [322/445] RCMV
[23:37:03] [323/445] CCKS
[23:37:05] [324/445] RSRP
[23:37:06] [325/445] APLP
[23:37:07] [326/445] CNVS
[23:37:08] [327/445] RMVY
[23:37:09] [328/445] PGBD
[23:37:10] [329/445] KLMS
[23:37:10] 🔄 Identity reset
[23:37:10] 🔄 Identity rotated (every 10 requests)
[23:37:11] [330/445] RUST
[23:37:12] [331/445] MASM
[23:37:13] [332/445] BACS
[23:37:14] [333/445] BWST
[23:37:15] [334/445] RRFH
[23:37:16] [335/445] SJTM
[23:37:17] [336/445] BEMR
[23:37:18] [337/445] MCGR
[23:37:19] [338/445] SDSK
[23:37:20] [339/445] VBOL
[23:37:20] 🔄 Identity reset
[23:37:20] 🔄 Identity rotated (every 10 requests)
[23:37:21] [340/445] RMGM
[23:37:22] [341/445] NOPL
[23:37:23] [342/445] MKJK
[23:37:24] [343/445] CVRN
[23:37:25] [344/445] MMEN
[23:37:26] [345/445] AMNG
[23:37:27] [346/445] INTM
[23:37:28] [347/445] SLCZ
[23:37:29] [348/445] AMJN
[23:37:30] [349/445] ACJN
[23:37:30] 🔄 Identity reset
[23:37:30] 🔄 Identity rotated (every 10 requests)
[23:37:31] [350/445] AMKN
[23:37:32] [351/445] BTCN
[23:37:33] [352/445] AMBT
[23:37:34] [353/445] PACN
[23:37:35] [354/445] LCNS
[23:37:36] [355/445] PPKC
[23:37:36] [356/445] JYYN
[23:37:37] [357/445] JTNR
[23:37:38] [358/445] GTEE
[23:37:39] [359/445] SRNM
[23:37:39] 🔄 Identity reset
[23:37:39] 🔄 Identity rotated (every 10 requests)
[23:37:40] [360/445] SDTC
[23:37:41] [361/445] VPCA
[23:37:42] [362/445] VLRA
[23:37:43] [363/445] SHKR
[23:37:44] [364/445] SBKD
[23:37:45] [365/445] SAAD
[23:37:46] [366/445] JTGN
[23:37:47] [367/445] SLAM
[23:37:49] [368/445] VTPM
[23:37:50] [369/445] ANPT
[23:37:50] 🔄 Identity reset
[23:37:50] 🔄 Identity rotated (every 10 requests)
[23:37:51] [370/445] PUNB
[23:37:52] [371/445] CPKT
[23:37:53] [372/445] CNWE
[23:37:55] [373/445] ECPP
[23:37:56] [374/445] CPAR
[23:37:57] [375/445] ESBW
[23:37:58] [376/445] PKPU
[23:37:59] [377/445] CPRP
[23:38:00] [378/445] RAHU
[23:38:01] [379/445] RHMN
[23:38:01] 🔄 Identity reset
[23:38:01] 🔄 Identity rotated (every 10 requests)
[23:38:02] [380/445] FMJP
[23:38:03] [381/445] CTMP
[23:38:04] [382/445] INPN
[23:38:05] [383/445] STTG
[23:38:06] [384/445] CTRD
[23:38:07] [385/445] PUVB
[23:38:08] [386/445] ESVP
[23:38:09] [387/445] CPFT
[23:38:10] [388/445] LCPC
[23:38:11] [389/445] VBCT
[23:38:11] 🔄 Identity reset
[23:38:11] 🔄 Identity rotated (every 10 requests)
[23:38:11] 🔄 Retry 1/5 for VBCT in 2.3s
[23:38:11] 🔄 Identity reset
[23:38:14] 🧠 New identity created
[23:38:15] [390/445] FSCW
[23:38:17] [391/445] VCMP
[23:38:18] [392/445] ASHC
[23:38:20] [393/445] VLCX
[23:38:21] [394/445] SHEV
[23:38:22] [395/445] APCO
[23:38:23] [396/445] SILC
[23:38:25] [397/445] SNMR
[23:38:26] [398/445] KYBO
[23:38:26] 🔄 Identity reset
[23:38:26] 🔄 Identity rotated (every 10 requests)
[23:38:27] [399/445] SATK
[23:38:28] [400/445] SSCS
[23:38:29] [401/445] CLSB
[23:38:29] [402/445] KMJR
[23:38:31] [403/445] FSCK
[23:38:31] [404/445] NNKA
[23:38:32] [405/445] CLMK
[23:38:33] [406/445] DMPZ
[23:38:34] [407/445] INQM
[23:38:35] [408/445] CAML
[23:38:35] 🔄 Identity reset
[23:38:35] 🔄 Identity rotated (every 10 requests)
[23:38:36] [409/445] INRK
[23:38:37] [410/445] IMKN
[23:38:38] [411/445] SVNR
[23:38:39] [412/445] INSL
[23:38:40] [413/445] MSMA
[23:38:41] [414/445] MCKK
[23:38:42] [415/445] FCHP
[23:38:43] [416/445] SFCR
[23:38:44] [417/445] NACK
[23:38:45] [418/445] PVAK
[23:38:45] 🔄 Identity reset
[23:38:45] 🔄 Identity rotated (every 10 requests)
[23:38:47] [419/445] INER
[23:38:47] [420/445] RDBK
[23:38:48] [421/445] SVFN
[23:38:49] [422/445] IFRM
[23:38:50] [423/445] ATCK
[23:38:51] [424/445] ASKO
[23:38:52] [425/445] STKT
[23:38:53] [426/445] SVFB
[23:38:54] [427/445] INKS
[23:38:55] [428/445] PCRA
[23:38:55] 🔄 Identity reset
[23:38:55] 🔄 Identity rotated (every 10 requests)
[23:38:56] [429/445] ATJA
[23:38:57] [430/445] IMJN
[23:38:59] [431/445] INHD
[23:39:00] [432/445] BARA
[23:39:01] [433/445] MCSL
[23:39:02] [434/445] RTOY
[23:39:03] [435/445] MENO
[23:39:04] [436/445] PUDM
[23:39:06] [437/445] PRCN
[23:39:07] [438/445] JMJR
[23:39:07] 🔄 Identity reset
[23:39:07] 🔄 Identity rotated (every 10 requests)
[23:39:07] [439/445] SSGK
[23:39:08] [440/445] SSRL
[23:39:09] [441/445] JYKL
[23:39:10] [442/445] ACNB
[23:39:11] [443/445] SONP
[23:39:12] [444/445] EMCI
[23:39:13] [445/445] MRJH
[23:39:14] 🧹 Deduping shows
[23:39:14] ✅ DONE | Shows=3481 | Movies=82
