[00:16:44] 🚀 BMS DAILY TRACKER STARTED (enhanced anti‑detection)
[00:16:44] [1/326] BSAT
[00:16:45] 🧠 New identity created
[00:16:45] [2/326] RSSM
[00:16:46] [3/326] GCTA
[00:16:47] [4/326] TOPN
[00:16:48] [5/326] MCUS
[00:16:49] [6/326] SHRL
[00:16:50] [7/326] UPTP
[00:16:50] [8/326] TMMP
[00:16:51] [9/326] DNRP
[00:16:52] [10/326] SRLT
[00:16:52] 🔄 Identity reset
[00:16:52] 🔄 Identity rotated (every 10 requests)
[00:16:53] [11/326] RCNS
[00:16:54] [12/326] DCBH
[00:16:54] [13/326] NAGJ
[00:16:55] [14/326] JVRC
[00:16:56] [15/326] KRJG
[00:16:57] [16/326] SRTJ
[00:16:58] [17/326] CMXM
[00:16:59] [18/326] STMI
[00:17:00] [19/326] SLST
[00:17:01] [20/326] DTCN
[00:17:02] 🔄 Identity reset
[00:17:02] 🔄 Identity rotated (every 10 requests)
[00:17:02] [21/326] STYN
[00:17:03] [22/326] SZVR
[00:17:04] [23/326] SRKO
[00:17:06] [24/326] JTGT
[00:17:07] [25/326] SVFD
[00:17:07] [26/326] SISD
[00:17:09] [27/326] ABDD
[00:17:10] [28/326] DRCA
[00:17:11] [29/326] AVCS
[00:17:11] [30/326] MVKH
[00:17:12] 🔄 Identity reset
[00:17:12] 🔄 Identity rotated (every 10 requests)
[00:17:12] [31/326] ACPR
[00:17:13] [32/326] STIP
[00:17:14] [33/326] MTRA
[00:17:15] [34/326] RMKH
[00:17:16] [35/326] NKRL
[00:17:17] [36/326] PCWN
[00:17:18] [37/326] BLMT
[00:17:19] [38/326] GDPG
[00:17:20] [39/326] SRMX
[00:17:21] [40/326] JACP
[00:17:21] 🔄 Identity reset
[00:17:21] 🔄 Identity rotated (every 10 requests)
[00:17:22] [41/326] CPSH
[00:17:22] [42/326] MCCD
[00:17:23] [43/326] ECGH
[00:17:25] [44/326] MKCK
[00:17:26] [45/326] SRMM
[00:17:26] [46/326] SKYR
[00:17:27] [47/326] PCKC
[00:17:29] [48/326] JCMA
[00:17:30] [49/326] BSMP
[00:17:31] [50/326] VSPA
[00:17:31] 🔄 Identity reset
[00:17:31] 🔄 Identity rotated (every 10 requests)
[00:17:32] [51/326] DJYA
[00:17:32] [52/326] DIMP
[00:17:33] [53/326] FXDR
[00:17:34] [54/326] SSRC
[00:17:36] [55/326] STHP
[00:17:37] [56/326] CPPD
[00:17:37] [57/326] FCLK
[00:17:38] [58/326] SCPP
[00:17:39] [59/326] DCMJ
[00:17:40] [60/326] RCCR
[00:17:41] 🔄 Identity reset
[00:17:41] 🔄 Identity rotated (every 10 requests)
[00:17:41] [61/326] INMT
[00:17:42] [62/326] LXTK
[00:17:43] [63/326] SRYK
[00:17:44] [64/326] SGDK
[00:17:45] [65/326] PPKA
[00:17:46] [66/326] SPKA
[00:17:46] [67/326] CGHH
[00:17:47] [68/326] DCJN
[00:17:48] [69/326] SRKV
[00:17:49] [70/326] SAJC
[00:17:49] 🔄 Identity reset
[00:17:49] 🔄 Identity rotated (every 10 requests)
[00:17:50] [71/326] SUSR
[00:17:50] [72/326] STYG
[00:17:52] [73/326] NTKP
[00:17:53] [74/326] AKTG
[00:17:53] [75/326] CGCM
[00:17:54] [76/326] TULC
[00:17:55] [77/326] NYYZ
[00:17:56] [78/326] NYBW
[00:17:58] [79/326] MACB
[00:17:59] [80/326] SLVT
[00:17:59] 🔄 Identity reset
[00:17:59] 🔄 Identity rotated (every 10 requests)
[00:17:59] [81/326] SANA
[00:18:00] [82/326] ACMR
[00:18:01] [83/326] CPKN
[00:18:02] [84/326] DLGK
[00:18:03] [85/326] CWCK
[00:18:04] [86/326] FDDH
[00:18:04] [87/326] MMMD
[00:18:05] [88/326] CMEH
[00:18:06] [89/326] GGGV
[00:18:07] [90/326] SPJL
[00:18:08] 🔄 Identity reset
[00:18:08] 🔄 Identity rotated (every 10 requests)
[00:18:08] [91/326] RCCD
[00:18:09] [92/326] STTZ
[00:18:10] [93/326] BTCF
[00:18:11] [94/326] TSTZ
[00:18:11] [95/326] IPMM
[00:18:12] [96/326] PMPW
[00:18:13] [97/326] PCMZ
[00:18:14] [98/326] ESEM
[00:18:15] [99/326] PIPO
[00:18:16] [100/326] MATK
[00:18:16] 🔄 Identity reset
[00:18:16] 🔄 Identity rotated (every 10 requests)
[00:18:17] [101/326] PGHM
[00:18:17] [102/326] CTSR
[00:18:19] [103/326] CYKR
[00:18:19] [104/326] MSCM
[00:18:20] [105/326] RFNP
[00:18:21] [106/326] PDCP
[00:18:22] [107/326] NPSE
[00:18:22] [108/326] MKML
[00:18:23] [109/326] FTDP
[00:18:24] [110/326] MMXA
[00:18:25] 🔄 Identity reset
[00:18:25] 🔄 Identity rotated (every 10 requests)
[00:18:25] [111/326] CEPO
[00:18:26] [112/326] CMVP
[00:18:27] [113/326] SGTH
[00:18:28] [114/326] SAYN
[00:18:29] [115/326] URVS
[00:18:30] [116/326] VJTN
[00:18:31] [117/326] BBYK
[00:18:32] [118/326] SHBO
[00:18:33] [119/326] VCMR
[00:18:34] [120/326] MACT
[00:18:34] 🔄 Identity reset
[00:18:34] 🔄 Identity rotated (every 10 requests)
[00:18:34] [121/326] JMNP
[00:18:35] [122/326] VICS
[00:18:36] [123/326] VCDA
[00:18:37] [124/326] GCMM
[00:18:38] [125/326] INVS
[00:18:39] [126/326] SCGM
[00:18:40] [127/326] PCDA
[00:18:41] [128/326] KDCT
[00:18:41] [129/326] JACS
[00:18:42] [130/326] GMMC
[00:18:43] 🔄 Identity reset
[00:18:43] 🔄 Identity rotated (every 10 requests)
[00:18:43] [131/326] AICM
[00:18:44] [132/326] TJCM
[00:18:45] [133/326] RMTI
[00:18:46] [134/326] SHAC
[00:18:47] [135/326] APJC
[00:18:48] [136/326] GCTG
[00:18:48] [137/326] SSMC
[00:18:49] [138/326] THRM
[00:18:50] [139/326] RBCT
[00:18:51] [140/326] DIKT
[00:18:51] 🔄 Identity reset
[00:18:51] 🔄 Identity rotated (every 10 requests)
[00:18:51] [141/326] MIDL
[00:18:52] [142/326] VCSN
[00:18:53] [143/326] SKTG
[00:18:54] [144/326] SMWC
[00:18:55] [145/326] MNKH
[00:18:55] [146/326] PIAT
[00:18:56] [147/326] LTTP
[00:18:57] [148/326] PTPU
[00:18:58] [149/326] ACMG
[00:18:59] [150/326] SHMM
[00:19:00] 🔄 Identity reset
[00:19:00] 🔄 Identity rotated (every 10 requests)
[00:19:00] [151/326] MCMN
[00:19:02] [152/326] GLDC
[00:19:02] [153/326] HOUT
[00:19:03] [154/326] SVRP
[00:19:04] [155/326] PVDN
[00:19:05] [156/326] SCPY
[00:19:06] [157/326] DTPY
[00:19:07] [158/326] GKCS
[00:19:08] [159/326] NCAM
[00:19:08] [160/326] BSRM
[00:19:09] 🔄 Identity reset
[00:19:09] 🔄 Identity rotated (every 10 requests)
[00:19:09] [161/326] RCLC
[00:19:10] [162/326] SKKD
[00:19:11] [163/326] ACHU
[00:19:12] [164/326] RSCF
[00:19:13] [165/326] IMSH
[00:19:14] [166/326] MACX
[00:19:15] [167/326] HMMW
[00:19:16] [168/326] JTCP
[00:19:16] [169/326] SREN
[00:19:17] [170/326] PJRR
[00:19:18] 🔄 Identity reset
[00:19:18] 🔄 Identity rotated (every 10 requests)
[00:19:18] [171/326] INAC
[00:19:20] [172/326] BMCA
[00:19:21] [173/326] SHCB
[00:19:22] [174/326] GABA
[00:19:22] [175/326] SBCT
[00:19:23] [176/326] GCMA
[00:19:24] [177/326] MYTK
[00:19:25] [178/326] INZS
[00:19:26] [179/326] RMIK
[00:19:27] [180/326] NYCH
[00:19:28] 🔄 Identity reset
[00:19:28] 🔄 Identity rotated (every 10 requests)
[00:19:28] [181/326] RAVE
[00:19:29] [182/326] PSXM
[00:19:30] [183/326] MCGP
[00:19:31] [184/326] PDDK
[00:19:32] [185/326] SPCK
[00:19:33] [186/326] MCRL
[00:19:34] [187/326] MHKT
[00:19:34] [188/326] ANRR
[00:19:35] [189/326] SAPK
[00:19:36] [190/326] NCUK
[00:19:36] 🔄 Identity reset
[00:19:36] 🔄 Identity rotated (every 10 requests)
[00:19:37] [191/326] JUGA
[00:19:37] [192/326] DBSC
[00:19:38] [193/326] LALK
[00:19:39] [194/326] GUCK
[00:19:40] [195/326] STSG
[00:19:41] [196/326] PPPZ
[00:19:42] [197/326] CNCY
[00:19:43] [198/326] MTAR
[00:19:44] [199/326] VNKD
[00:19:45] [200/326] KMAJ
[00:19:45] 🔄 Identity reset
[00:19:45] 🔄 Identity rotated (every 10 requests)
[00:19:46] [201/326] ACXK
[00:19:46] [202/326] UTKC
[00:19:47] [203/326] PBLK
[00:19:48] [204/326] ACBX
[00:19:49] [205/326] PTGM
[00:19:50] [206/326] BTDA
[00:19:52] [207/326] PJMB
[00:19:52] [208/326] TPDA
[00:19:53] [209/326] AMOE
[00:19:54] [210/326] PRHT
[00:19:55] 🔄 Identity reset
[00:19:55] 🔄 Identity rotated (every 10 requests)
[00:19:55] [211/326] PRTA
[00:19:56] [212/326] STAM
[00:19:57] [213/326] MSAA
[00:19:57] [214/326] SDLU
[00:19:58] [215/326] RCHH
[00:19:59] [216/326] KANT
[00:20:00] [217/326] FCRT
[00:20:00] [218/326] DNKM
[00:20:01] [219/326] RYCP
[00:20:02] [220/326] MYRP
[00:20:03] 🔄 Identity reset
[00:20:03] 🔄 Identity rotated (every 10 requests)
[00:20:03] [221/326] PPAK
[00:20:04] [222/326] NVPK
[00:20:04] [223/326] PRMC
[00:20:05] [224/326] JBCS
[00:20:06] [225/326] GXCK
[00:20:07] [226/326] USKO
[00:20:07] [227/326] GTEM
[00:20:08] [228/326] SMBU
[00:20:09] [229/326] VETC
[00:20:10] [230/326] LCDA
[00:20:10] 🔄 Identity reset
[00:20:10] 🔄 Identity rotated (every 10 requests)
[00:20:11] [231/326] MTVT
[00:20:12] [232/326] PYCP
[00:20:13] [233/326] PNSC
[00:20:15] [234/326] PPCC
[00:20:16] [235/326] TGRT
[00:20:17] [236/326] JYOT
[00:20:18] [237/326] SRCZ
[00:20:18] [238/326] SJTE
[00:20:20] [239/326] DESC
[00:20:21] [240/326] JHVN
[00:20:22] 🔄 Identity reset
[00:20:22] 🔄 Identity rotated (every 10 requests)
[00:20:22] [241/326] IPSG
[00:20:23] [242/326] IPCM
[00:20:24] [243/326] PDRS
[00:20:25] [244/326] ANCV
[00:20:26] [245/326] CMVV
[00:20:27] [246/326] SHYP
[00:20:28] [247/326] DNCS
[00:20:29] [248/326] GAJK
[00:20:29] [249/326] AKTN
[00:20:30] [250/326] KAYA
[00:20:31] 🔄 Identity reset
[00:20:31] 🔄 Identity rotated (every 10 requests)
[00:20:31] [251/326] SBRC
[00:20:32] [252/326] CHTP
[00:20:33] [253/326] SHRT
[00:20:34] [254/326] BCKU
[00:20:34] [255/326] FCPS
[00:20:35] [256/326] ARDD
[00:20:36] [257/326] CPCM
[00:20:38] [258/326] CGSM
[00:20:39] [259/326] PSMP
[00:20:40] [260/326] SDAL
[00:20:40] 🔄 Identity reset
[00:20:40] 🔄 Identity rotated (every 10 requests)
[00:20:40] [261/326] RTNB
[00:20:41] [262/326] LMCR
[00:20:42] [263/326] CIMA
[00:20:42] [264/326] RNAS
[00:20:43] [265/326] LITH
[00:20:45] [266/326] PBOX
[00:20:46] [267/326] FRTS
[00:20:46] [268/326] RKIC
[00:20:47] [269/326] PTAI
[00:20:48] [270/326] GCIC
[00:20:49] 🔄 Identity reset
[00:20:49] 🔄 Identity rotated (every 10 requests)
[00:20:50] [271/326] FNAS
[00:20:50] [272/326] SCAR
[00:20:51] [273/326] MTCA
[00:20:52] [274/326] SCTS
[00:20:53] [275/326] SYCS
[00:20:54] [276/326] RDMS
[00:20:55] [277/326] KAMP
[00:20:55] [278/326] ERSD
[00:20:56] [279/326] MJMJ
[00:20:58] [280/326] SRCJ
[00:20:58] 🔄 Identity reset
[00:20:58] 🔄 Identity rotated (every 10 requests)
[00:20:59] [281/326] SCXE
[00:20:59] [282/326] SVFR
[00:21:00] [283/326] BHCS
[00:21:01] [284/326] IMCC
[00:21:02] [285/326] PCBO
[00:21:03] [286/326] PRVN
[00:21:04] [287/326] AUPM
[00:21:05] [288/326] INBW
[00:21:07] [289/326] SVCW
[00:21:08] [290/326] RKCF
[00:21:08] 🔄 Identity reset
[00:21:08] 🔄 Identity rotated (every 10 requests)
[00:21:09] [291/326] UVBH
[00:21:09] [292/326] DNCY
[00:21:10] [293/326] ABCN
[00:21:11] [294/326] PRUR
[00:21:12] [295/326] PFMR
[00:21:13] [296/326] RKCN
[00:21:14] [297/326] CFEA
[00:21:15] [298/326] SDBG
[00:21:16] [299/326] SNAR
[00:21:16] [300/326] YISI
[00:21:17] 🔄 Identity reset
[00:21:17] 🔄 Identity rotated (every 10 requests)
[00:21:17] [301/326] JCFF
[00:21:18] [302/326] VTRK
[00:21:19] [303/326] PCLZ
[00:21:20] [304/326] DIMY
[00:21:21] [305/326] BBTS
[00:21:22] [306/326] GATH
[00:21:22] [307/326] GTMN
[00:21:23] [308/326] VTMH
[00:21:25] [309/326] CCKP
[00:21:26] [310/326] GPKA
[00:21:26] 🔄 Identity reset
[00:21:26] 🔄 Identity rotated (every 10 requests)
[00:21:26] [311/326] MHCL
[00:21:27] [312/326] ATCL
[00:21:28] [313/326] SBCK
[00:21:29] [314/326] AMMR
[00:21:30] [315/326] MADC
[00:21:30] [316/326] TMMA
[00:21:31] [317/326] CACC
[00:21:32] [318/326] CHAL
[00:21:33] [319/326] DURG
[00:21:34] [320/326] GMKU
[00:21:34] 🔄 Identity reset
[00:21:34] 🔄 Identity rotated (every 10 requests)
[00:21:35] [321/326] GECA
[00:21:35] [322/326] KYRR
[00:21:36] [323/326] KSDE
[00:21:37] [324/326] LMCI
[00:21:38] [325/326] NKCP
[00:21:39] [326/326] BGTC
[00:21:39] ✅ DONE | Shows=0 | Movies=0
[01:16:39] 🚀 BMS DAILY TRACKER STARTED (enhanced anti‑detection)
[01:16:39] [1/326] BSAT
[01:16:39] 🧠 New identity created
[01:16:40] [2/326] RSSM
[01:16:41] [3/326] GCTA
[01:16:42] [4/326] TOPN
[01:16:43] [5/326] MCUS
[01:16:44] [6/326] SHRL
[01:16:46] [7/326] UPTP
[01:16:48] [8/326] TMMP
[01:16:49] [9/326] DNRP
[01:16:49] [10/326] SRLT
[01:16:50] 🔄 Identity reset
[01:16:50] 🔄 Identity rotated (every 10 requests)
[01:16:51] [11/326] RCNS
[01:16:52] [12/326] DCBH
[01:16:53] [13/326] NAGJ
[01:16:54] [14/326] JVRC
[01:16:55] [15/326] KRJG
[01:16:57] [16/326] SRTJ
[01:16:58] [17/326] CMXM
[01:16:59] [18/326] STMI
[01:17:00] [19/326] SLST
[01:17:01] [20/326] DTCN
[01:17:02] 🔄 Identity reset
[01:17:02] 🔄 Identity rotated (every 10 requests)
[01:17:02] [21/326] STYN
[01:17:03] [22/326] SZVR
[01:17:04] [23/326] SRKO
[01:17:06] [24/326] JTGT
[01:17:07] [25/326] SVFD
[01:17:08] [26/326] SISD
[01:17:09] [27/326] ABDD
[01:17:10] [28/326] DRCA
[01:17:12] [29/326] AVCS
[01:17:13] [30/326] MVKH
[01:17:14] 🔄 Identity reset
[01:17:14] 🔄 Identity rotated (every 10 requests)
[01:17:14] [31/326] ACPR
[01:17:15] [32/326] STIP
[01:17:16] [33/326] MTRA
[01:17:17] [34/326] RMKH
[01:17:18] [35/326] NKRL
[01:17:18] [36/326] PCWN
[01:17:19] [37/326] BLMT
[01:17:20] [38/326] GDPG
[01:17:21] [39/326] SRMX
[01:17:22] [40/326] JACP
[01:17:23] 🔄 Identity reset
[01:17:23] 🔄 Identity rotated (every 10 requests)
[01:17:23] [41/326] CPSH
[01:17:24] [42/326] MCCD
[01:17:26] [43/326] ECGH
[01:17:27] [44/326] MKCK
[01:17:28] [45/326] SRMM
[01:17:30] [46/326] SKYR
[01:17:31] [47/326] PCKC
[01:17:33] [48/326] JCMA
[01:17:34] [49/326] BSMP
[01:17:34] [50/326] VSPA
[01:17:35] 🔄 Identity reset
[01:17:35] 🔄 Identity rotated (every 10 requests)
[01:17:36] [51/326] DJYA
[01:17:38] [52/326] DIMP
[01:17:39] [53/326] FXDR
[01:17:40] [54/326] SSRC
[01:17:41] [55/326] STHP
[01:17:42] [56/326] CPPD
[01:17:43] [57/326] FCLK
[01:17:43] [58/326] SCPP
[01:17:44] [59/326] DCMJ
[01:17:46] [60/326] RCCR
[01:17:47] 🔄 Identity reset
[01:17:47] 🔄 Identity rotated (every 10 requests)
[01:17:47] [61/326] INMT
[01:17:48] [62/326] LXTK
[01:17:50] [63/326] SRYK
[01:17:51] [64/326] SGDK
[01:17:52] [65/326] PPKA
[01:17:53] [66/326] SPKA
[01:17:55] [67/326] CGHH
[01:17:56] [68/326] DCJN
[01:17:57] [69/326] SRKV
[01:17:59] [70/326] SAJC
[01:18:00] 🔄 Identity reset
[01:18:00] 🔄 Identity rotated (every 10 requests)
[01:18:00] [71/326] SUSR
[01:18:01] [72/326] STYG
[01:18:02] [73/326] NTKP
[01:18:03] [74/326] AKTG
[01:18:04] [75/326] CGCM
[01:18:05] [76/326] TULC
[01:18:07] [77/326] NYYZ
[01:18:08] [78/326] NYBW
[01:18:09] [79/326] MACB
[01:18:10] [80/326] SLVT
[01:18:10] 🔄 Identity reset
[01:18:10] 🔄 Identity rotated (every 10 requests)
[01:18:11] [81/326] SANA
[01:18:13] [82/326] ACMR
[01:18:14] [83/326] CPKN
[01:18:15] [84/326] DLGK
[01:18:17] [85/326] CWCK
[01:18:17] [86/326] FDDH
[01:18:18] [87/326] MMMD
[01:18:20] [88/326] CMEH
[01:18:22] [89/326] GGGV
[01:18:22] [90/326] SPJL
[01:18:23] 🔄 Identity reset
[01:18:23] 🔄 Identity rotated (every 10 requests)
[01:18:23] [91/326] RCCD
[01:18:24] [92/326] STTZ
[01:18:25] [93/326] BTCF
[01:18:26] [94/326] TSTZ
[01:18:27] [95/326] IPMM
[01:18:28] [96/326] PMPW
[01:18:29] [97/326] PCMZ
[01:18:30] [98/326] ESEM
[01:18:31] [99/326] PIPO
[01:18:32] [100/326] MATK
[01:18:32] 🔄 Identity reset
[01:18:32] 🔄 Identity rotated (every 10 requests)
[01:18:33] [101/326] PGHM
[01:18:33] [102/326] CTSR
[01:18:35] [103/326] CYKR
[01:18:36] [104/326] MSCM
[01:18:37] [105/326] RFNP
[01:18:38] [106/326] PDCP
[01:18:39] [107/326] NPSE
[01:18:40] [108/326] MKML
[01:18:41] [109/326] FTDP
[01:18:42] [110/326] MMXA
[01:18:42] 🔄 Identity reset
[01:18:42] 🔄 Identity rotated (every 10 requests)
[01:18:42] [111/326] CEPO
[01:18:43] [112/326] CMVP
[01:18:44] [113/326] SGTH
[01:18:45] [114/326] SAYN
[01:18:47] [115/326] URVS
[01:18:48] [116/326] VJTN
[01:18:49] [117/326] BBYK
[01:18:51] [118/326] SHBO
[01:18:52] [119/326] VCMR
[01:18:54] [120/326] MACT
[01:18:55] 🔄 Identity reset
[01:18:55] 🔄 Identity rotated (every 10 requests)
[01:18:55] [121/326] JMNP
[01:18:56] [122/326] VICS
[01:18:57] [123/326] VCDA
[01:18:58] [124/326] GCMM
[01:18:59] [125/326] INVS
[01:19:00] [126/326] SCGM
[01:19:01] [127/326] PCDA
[01:19:02] [128/326] KDCT
[01:19:03] [129/326] JACS
[01:19:04] [130/326] GMMC
[01:19:04] 🔄 Identity reset
[01:19:04] 🔄 Identity rotated (every 10 requests)
[01:19:04] [131/326] AICM
[01:19:06] [132/326] TJCM
[01:19:07] [133/326] RMTI
[01:19:07] [134/326] SHAC
[01:19:08] [135/326] APJC
[01:19:09] [136/326] GCTG
[01:19:11] [137/326] SSMC
[01:19:11] [138/326] THRM
[01:19:12] [139/326] RBCT
[01:19:13] [140/326] DIKT
[01:19:14] 🔄 Identity reset
[01:19:14] 🔄 Identity rotated (every 10 requests)
[01:19:15] [141/326] MIDL
[01:19:15] [142/326] VCSN
[01:19:17] [143/326] SKTG
[01:19:19] [144/326] SMWC
[01:19:19] [145/326] MNKH
[01:19:20] [146/326] PIAT
[01:19:22] [147/326] LTTP
[01:19:23] [148/326] PTPU
[01:19:25] [149/326] ACMG
[01:19:26] [150/326] SHMM
[01:19:27] 🔄 Identity reset
[01:19:27] 🔄 Identity rotated (every 10 requests)
[01:19:27] [151/326] MCMN
[01:19:28] [152/326] GLDC
[01:19:30] [153/326] HOUT
[01:19:31] [154/326] SVRP
[01:19:32] [155/326] PVDN
[01:19:33] [156/326] SCPY
[01:19:34] [157/326] DTPY
[01:19:35] [158/326] GKCS
[01:19:36] [159/326] NCAM
[01:19:37] [160/326] BSRM
[01:19:37] 🔄 Identity reset
[01:19:37] 🔄 Identity rotated (every 10 requests)
[01:19:38] [161/326] RCLC
[01:19:38] [162/326] SKKD
[01:19:39] [163/326] ACHU
[01:19:41] [164/326] RSCF
[01:19:42] [165/326] IMSH
[01:19:44] [166/326] MACX
[01:19:44] [167/326] HMMW
[01:19:46] [168/326] JTCP
[01:19:47] [169/326] SREN
[01:19:49] [170/326] PJRR
[01:19:50] 🔄 Identity reset
[01:19:50] 🔄 Identity rotated (every 10 requests)
[01:19:51] [171/326] INAC
[01:19:52] [172/326] BMCA
[01:19:52] [173/326] SHCB
[01:19:54] [174/326] GABA
[01:19:55] [175/326] SBCT
[01:19:56] [176/326] GCMA
[01:19:56] [177/326] MYTK
[01:19:57] [178/326] INZS
[01:19:58] [179/326] RMIK
[01:19:59] [180/326] NYCH
[01:20:00] 🔄 Identity reset
[01:20:00] 🔄 Identity rotated (every 10 requests)
[01:20:00] [181/326] RAVE
[01:20:01] [182/326] PSXM
[01:20:03] [183/326] MCGP
[01:20:04] [184/326] PDDK
[01:20:05] [185/326] SPCK
[01:20:06] [186/326] MCRL
[01:20:08] [187/326] MHKT
[01:20:09] [188/326] ANRR
[01:20:10] [189/326] SAPK
[01:20:11] [190/326] NCUK
[01:20:12] 🔄 Identity reset
[01:20:12] 🔄 Identity rotated (every 10 requests)
[01:20:13] [191/326] JUGA
[01:20:14] [192/326] DBSC
[01:20:15] [193/326] LALK
[01:20:16] [194/326] GUCK
[01:20:17] [195/326] STSG
[01:20:18] [196/326] PPPZ
[01:20:19] [197/326] CNCY
[01:20:20] [198/326] MTAR
[01:20:21] [199/326] VNKD
[01:20:22] [200/326] KMAJ
[01:20:22] 🔄 Identity reset
[01:20:22] 🔄 Identity rotated (every 10 requests)
[01:20:23] [201/326] ACXK
[01:20:23] [202/326] UTKC
[01:20:24] [203/326] PBLK
[01:20:26] [204/326] ACBX
[01:20:26] [205/326] PTGM
[01:20:28] [206/326] BTDA
[01:20:29] [207/326] PJMB
[01:20:31] [208/326] TPDA
[01:20:32] [209/326] AMOE
[01:20:33] [210/326] PRHT
[01:20:34] 🔄 Identity reset
[01:20:34] 🔄 Identity rotated (every 10 requests)
[01:20:34] [211/326] PRTA
[01:20:35] [212/326] STAM
[01:20:37] [213/326] MSAA
[01:20:38] [214/326] SDLU
[01:20:38] [215/326] RCHH
[01:20:40] [216/326] KANT
[01:20:42] [217/326] FCRT
[01:20:43] [218/326] DNKM
[01:20:44] [219/326] RYCP
[01:20:45] [220/326] MYRP
[01:20:46] 🔄 Identity reset
[01:20:46] 🔄 Identity rotated (every 10 requests)
[01:20:46] 🔄 Retry 1/5 for MYRP in 2.2s
[01:20:46] 🔄 Identity reset
[01:20:48] 🧠 New identity created
[01:20:48] [221/326] PPAK
[01:20:49] [222/326] NVPK
[01:20:51] [223/326] PRMC
[01:20:51] [224/326] JBCS
[01:20:53] [225/326] GXCK
[01:20:55] [226/326] USKO
[01:20:56] [227/326] GTEM
[01:20:57] [228/326] SMBU
[01:20:58] [229/326] VETC
[01:20:58] 🔄 Identity reset
[01:20:58] 🔄 Identity rotated (every 10 requests)
[01:20:59] [230/326] LCDA
[01:21:01] [231/326] MTVT
[01:21:01] [232/326] PYCP
[01:21:03] [233/326] PNSC
[01:21:05] [234/326] PPCC
[01:21:06] [235/326] TGRT
[01:21:08] [236/326] JYOT
[01:21:10] [237/326] SRCZ
[01:21:11] [238/326] SJTE
[01:21:13] [239/326] DESC
[01:21:13] 🔄 Identity reset
[01:21:14] 🔄 Identity rotated (every 10 requests)
[01:21:14] [240/326] JHVN
[01:21:15] [241/326] IPSG
[01:21:16] [242/326] IPCM
[01:21:17] [243/326] PDRS
[01:21:18] [244/326] ANCV
[01:21:20] [245/326] CMVV
[01:21:21] [246/326] SHYP
[01:21:21] [247/326] DNCS
[01:21:23] [248/326] GAJK
[01:21:24] [249/326] AKTN
[01:21:25] 🔄 Identity reset
[01:21:25] 🔄 Identity rotated (every 10 requests)
[01:21:25] [250/326] KAYA
[01:21:26] [251/326] SBRC
[01:21:27] [252/326] CHTP
[01:21:28] [253/326] SHRT
[01:21:30] [254/326] BCKU
[01:21:31] [255/326] FCPS
[01:21:33] [256/326] ARDD
[01:21:34] [257/326] CPCM
[01:21:35] [258/326] CGSM
[01:21:37] [259/326] PSMP
[01:21:38] 🔄 Identity reset
[01:21:38] 🔄 Identity rotated (every 10 requests)
[01:21:39] [260/326] SDAL
[01:21:40] [261/326] RTNB
[01:21:41] [262/326] LMCR
[01:21:42] [263/326] CIMA
[01:21:44] [264/326] RNAS
[01:21:45] [265/326] LITH
[01:21:46] [266/326] PBOX
[01:21:48] [267/326] FRTS
[01:21:49] [268/326] RKIC
[01:21:50] [269/326] PTAI
[01:21:51] 🔄 Identity reset
[01:21:51] 🔄 Identity rotated (every 10 requests)
[01:21:52] [270/326] GCIC
[01:21:53] [271/326] FNAS
[01:21:54] [272/326] SCAR
[01:21:54] [273/326] MTCA
[01:21:56] [274/326] SCTS
[01:21:57] [275/326] SYCS
[01:21:57] [276/326] RDMS
[01:21:58] [277/326] KAMP
[01:21:59] [278/326] ERSD
[01:22:01] [279/326] MJMJ
[01:22:01] 🔄 Identity reset
[01:22:01] 🔄 Identity rotated (every 10 requests)
[01:22:03] [280/326] SRCJ
[01:22:04] [281/326] SCXE
[01:22:05] [282/326] SVFR
[01:22:07] [283/326] BHCS
[01:22:08] [284/326] IMCC
[01:22:10] [285/326] PCBO
[01:22:10] [286/326] PRVN
[01:22:11] [287/326] AUPM
[01:22:12] [288/326] INBW
[01:22:14] [289/326] SVCW
[01:22:14] 🔄 Identity reset
[01:22:14] 🔄 Identity rotated (every 10 requests)
[01:22:15] [290/326] RKCF
[01:22:16] [291/326] UVBH
[01:22:17] [292/326] DNCY
[01:22:19] [293/326] ABCN
[01:22:20] [294/326] PRUR
[01:22:21] [295/326] PFMR
[01:22:22] [296/326] RKCN
[01:22:23] [297/326] CFEA
[01:22:24] [298/326] SDBG
[01:22:25] [299/326] SNAR
[01:22:26] 🔄 Identity reset
[01:22:26] 🔄 Identity rotated (every 10 requests)
[01:22:26] [300/326] YISI
[01:22:28] [301/326] JCFF
[01:22:30] [302/326] VTRK
[01:22:31] [303/326] PCLZ
[01:22:33] [304/326] DIMY
[01:22:34] [305/326] BBTS
[01:22:35] [306/326] GATH
[01:22:36] [307/326] GTMN
[01:22:36] [308/326] VTMH
[01:22:38] [309/326] CCKP
[01:22:38] 🔄 Identity reset
[01:22:39] 🔄 Identity rotated (every 10 requests)
[01:22:39] [310/326] GPKA
[01:22:40] [311/326] MHCL
[01:22:40] [312/326] ATCL
[01:22:42] [313/326] SBCK
[01:22:43] [314/326] AMMR
[01:22:44] [315/326] MADC
[01:22:45] [316/326] TMMA
[01:22:46] [317/326] CACC
[01:22:47] [318/326] CHAL
[01:22:48] [319/326] DURG
[01:22:49] 🔄 Identity reset
[01:22:49] 🔄 Identity rotated (every 10 requests)
[01:22:50] [320/326] GMKU
[01:22:50] [321/326] GECA
[01:22:51] [322/326] KYRR
[01:22:52] [323/326] KSDE
[01:22:53] [324/326] LMCI
[01:22:54] [325/326] NKCP
[01:22:56] [326/326] BGTC
[01:22:58] ✅ DONE | Shows=0 | Movies=0
[02:16:37] 🚀 BMS DAILY TRACKER STARTED (enhanced anti‑detection)
[02:16:37] [1/326] BSAT
[02:16:38] 🧠 New identity created
[02:16:39] [2/326] RSSM
[02:16:41] [3/326] GCTA
[02:16:41] [4/326] TOPN
[02:16:42] [5/326] MCUS
[02:16:43] [6/326] SHRL
[02:16:44] [7/326] UPTP
[02:16:45] [8/326] TMMP
[02:16:46] [9/326] DNRP
[02:16:48] [10/326] SRLT
[02:16:48] 🔄 Identity reset
[02:16:48] 🔄 Identity rotated (every 10 requests)
[02:16:49] [11/326] RCNS
[02:16:51] [12/326] DCBH
[02:16:52] [13/326] NAGJ
[02:16:54] [14/326] JVRC
[02:16:56] [15/326] KRJG
[02:16:56] [16/326] SRTJ
[02:16:58] [17/326] CMXM
[02:17:00] [18/326] STMI
[02:17:01] [19/326] SLST
[02:17:02] [20/326] DTCN
[02:17:03] 🔄 Identity reset
[02:17:03] 🔄 Identity rotated (every 10 requests)
[02:17:04] [21/326] STYN
[02:17:06] [22/326] SZVR
[02:17:07] [23/326] SRKO
[02:17:09] [24/326] JTGT
[02:17:11] [25/326] SVFD
[02:17:12] [26/326] SISD
[02:17:13] [27/326] ABDD
[02:17:15] [28/326] DRCA
[02:17:17] [29/326] AVCS
[02:17:19] [30/326] MVKH
[02:17:19] 🔄 Identity reset
[02:17:19] 🔄 Identity rotated (every 10 requests)
[02:17:21] [31/326] ACPR
[02:17:23] [32/326] STIP
[02:17:24] [33/326] MTRA
[02:17:25] [34/326] RMKH
[02:17:27] [35/326] NKRL
[02:17:29] [36/326] PCWN
[02:17:29] [37/326] BLMT
[02:17:31] [38/326] GDPG
[02:17:32] [39/326] SRMX
[02:17:34] [40/326] JACP
[02:17:34] 🔄 Identity reset
[02:17:35] 🔄 Identity rotated (every 10 requests)
[02:17:36] [41/326] CPSH
[02:17:38] [42/326] MCCD
[02:17:39] [43/326] ECGH
[02:17:40] [44/326] MKCK
[02:17:42] [45/326] SRMM
[02:17:44] [46/326] SKYR
[02:17:46] [47/326] PCKC
[02:17:47] [48/326] JCMA
[02:17:49] [49/326] BSMP
[02:17:50] [50/326] VSPA
[02:17:50] 🔄 Identity reset
[02:17:50] 🔄 Identity rotated (every 10 requests)
[02:17:51] [51/326] DJYA
[02:17:53] [52/326] DIMP
[02:17:54] [53/326] FXDR
[02:17:55] [54/326] SSRC
[02:17:57] [55/326] STHP
[02:17:58] [56/326] CPPD
[02:17:59] [57/326] FCLK
[02:18:00] [58/326] SCPP
[02:18:00] [59/326] DCMJ
[02:18:02] [60/326] RCCR
[02:18:03] 🔄 Identity reset
[02:18:03] 🔄 Identity rotated (every 10 requests)
[02:18:04] [61/326] INMT
[02:18:05] [62/326] LXTK
[02:18:07] [63/326] SRYK
[02:18:09] [64/326] SGDK
[02:18:11] [65/326] PPKA
[02:18:12] [66/326] SPKA
[02:18:14] [67/326] CGHH
[02:18:16] [68/326] DCJN
[02:18:18] [69/326] SRKV
[02:18:19] [70/326] SAJC
[02:18:20] 🔄 Identity reset
[02:18:20] 🔄 Identity rotated (every 10 requests)
[02:18:20] [71/326] SUSR
[02:18:22] [72/326] STYG
[02:18:24] [73/326] NTKP
[02:18:24] [74/326] AKTG
[02:18:26] [75/326] CGCM
[02:18:27] [76/326] TULC
[02:18:29] [77/326] NYYZ
[02:18:30] [78/326] NYBW
[02:18:31] [79/326] MACB
[02:18:32] [80/326] SLVT
[02:18:33] 🔄 Identity reset
[02:18:33] 🔄 Identity rotated (every 10 requests)
[02:18:33] 🔄 Retry 1/5 for SLVT in 2.9s
[02:18:33] 🔄 Identity reset
[02:18:36] 🧠 New identity created
[02:18:37] [81/326] SANA
[02:18:38] [82/326] ACMR
[02:18:38] [83/326] CPKN
[02:18:39] [84/326] DLGK
[02:18:41] [85/326] CWCK
[02:18:43] [86/326] FDDH
[02:18:45] [87/326] MMMD
[02:18:46] [88/326] CMEH
[02:18:48] [89/326] GGGV
[02:18:49] 🔄 Identity reset
[02:18:49] 🔄 Identity rotated (every 10 requests)
[02:18:50] [90/326] SPJL
[02:18:51] [91/326] RCCD
[02:18:53] [92/326] STTZ
[02:18:54] [93/326] BTCF
[02:18:55] [94/326] TSTZ
[02:18:55] [95/326] IPMM
[02:18:56] [96/326] PMPW
[02:18:58] [97/326] PCMZ
[02:19:00] [98/326] ESEM
[02:19:02] [99/326] PIPO
[02:19:02] 🔄 Identity reset
[02:19:02] 🔄 Identity rotated (every 10 requests)
[02:19:03] [100/326] MATK
[02:19:05] [101/326] PGHM
[02:19:06] [102/326] CTSR
[02:19:08] [103/326] CYKR
[02:19:08] [104/326] MSCM
[02:19:10] [105/326] RFNP
[02:19:12] [106/326] PDCP
[02:19:13] [107/326] NPSE
[02:19:14] [108/326] MKML
[02:19:15] [109/326] FTDP
[02:19:15] 🔄 Identity reset
[02:19:15] 🔄 Identity rotated (every 10 requests)
[02:19:15] [110/326] MMXA
[02:19:16] [111/326] CEPO
[02:19:18] [112/326] CMVP
[02:19:19] [113/326] SGTH
[02:19:21] [114/326] SAYN
[02:19:22] [115/326] URVS
[02:19:23] [116/326] VJTN
[02:19:25] [117/326] BBYK
[02:19:26] [118/326] SHBO
[02:19:28] [119/326] VCMR
[02:19:28] 🔄 Identity reset
[02:19:28] 🔄 Identity rotated (every 10 requests)
[02:19:29] [120/326] MACT
[02:19:31] [121/326] JMNP
[02:19:32] [122/326] VICS
[02:19:34] [123/326] VCDA
[02:19:36] [124/326] GCMM
[02:19:37] [125/326] INVS
[02:19:39] [126/326] SCGM
[02:19:40] [127/326] PCDA
[02:19:42] [128/326] KDCT
[02:19:44] [129/326] JACS
[02:19:45] 🔄 Identity reset
[02:19:45] 🔄 Identity rotated (every 10 requests)
[02:19:46] [130/326] GMMC
[02:19:48] [131/326] AICM
[02:19:49] [132/326] TJCM
[02:19:50] [133/326] RMTI
[02:19:51] [134/326] SHAC
[02:19:53] [135/326] APJC
[02:19:55] [136/326] GCTG
[02:19:55] [137/326] SSMC
[02:19:56] [138/326] THRM
[02:19:57] [139/326] RBCT
[02:19:58] 🔄 Identity reset
[02:19:58] 🔄 Identity rotated (every 10 requests)
[02:19:59] [140/326] DIKT
[02:20:01] [141/326] MIDL
[02:20:03] [142/326] VCSN
[02:20:05] [143/326] SKTG
[02:20:06] [144/326] SMWC
[02:20:08] [145/326] MNKH
[02:20:09] [146/326] PIAT
[02:20:11] [147/326] LTTP
[02:20:13] [148/326] PTPU
[02:20:14] [149/326] ACMG
[02:20:15] 🔄 Identity reset
[02:20:15] 🔄 Identity rotated (every 10 requests)
[02:20:15] [150/326] SHMM
[02:20:16] [151/326] MCMN
[02:20:18] [152/326] GLDC
[02:20:19] [153/326] HOUT
[02:20:19] [154/326] SVRP
[02:20:21] [155/326] PVDN
[02:20:22] [156/326] SCPY
[02:20:23] [157/326] DTPY
[02:20:24] [158/326] GKCS
[02:20:25] [159/326] NCAM
[02:20:26] 🔄 Identity reset
[02:20:26] 🔄 Identity rotated (every 10 requests)
[02:20:27] [160/326] BSRM
[02:20:28] [161/326] RCLC
[02:20:29] [162/326] SKKD
[02:20:31] [163/326] ACHU
[02:20:32] [164/326] RSCF
[02:20:33] [165/326] IMSH
[02:20:35] [166/326] MACX
[02:20:37] [167/326] HMMW
[02:20:38] [168/326] JTCP
[02:20:39] [169/326] SREN
[02:20:40] 🔄 Identity reset
[02:20:40] 🔄 Identity rotated (every 10 requests)
[02:20:40] [170/326] PJRR
[02:20:41] [171/326] INAC
[02:20:43] [172/326] BMCA
[02:20:45] [173/326] SHCB
[02:20:46] [174/326] GABA
[02:20:48] [175/326] SBCT
[02:20:50] [176/326] GCMA
[02:20:51] [177/326] MYTK
[02:20:52] [178/326] INZS
[02:20:53] [179/326] RMIK
[02:20:54] 🔄 Identity reset
[02:20:54] 🔄 Identity rotated (every 10 requests)
[02:20:55] [180/326] NYCH
[02:20:57] [181/326] RAVE
[02:20:58] [182/326] PSXM
[02:20:59] [183/326] MCGP
[02:21:01] [184/326] PDDK
[02:21:02] [185/326] SPCK
[02:21:04] [186/326] MCRL
[02:21:05] [187/326] MHKT
[02:21:07] [188/326] ANRR
[02:21:08] [189/326] SAPK
[02:21:09] 🔄 Identity reset
[02:21:09] 🔄 Identity rotated (every 10 requests)
[02:21:10] [190/326] NCUK
[02:21:11] [191/326] JUGA
[02:21:12] [192/326] DBSC
[02:21:13] [193/326] LALK
[02:21:15] [194/326] GUCK
[02:21:16] [195/326] STSG
[02:21:18] [196/326] PPPZ
[02:21:20] [197/326] CNCY
[02:21:21] [198/326] MTAR
[02:21:22] [199/326] VNKD
[02:21:22] 🔄 Identity reset
[02:21:22] 🔄 Identity rotated (every 10 requests)
[02:21:23] [200/326] KMAJ
[02:21:25] [201/326] ACXK
[02:21:26] [202/326] UTKC
[02:21:28] [203/326] PBLK
[02:21:30] [204/326] ACBX
[02:21:31] [205/326] PTGM
[02:21:33] [206/326] BTDA
[02:21:35] [207/326] PJMB
[02:21:36] [208/326] TPDA
[02:21:37] [209/326] AMOE
[02:21:38] 🔄 Identity reset
[02:21:38] 🔄 Identity rotated (every 10 requests)
[02:21:39] [210/326] PRHT
[02:21:41] [211/326] PRTA
[02:21:43] [212/326] STAM
[02:21:44] [213/326] MSAA
[02:21:45] [214/326] SDLU
[02:21:46] [215/326] RCHH
[02:21:47] [216/326] KANT
[02:21:49] [217/326] FCRT
[02:21:50] [218/326] DNKM
[02:21:52] [219/326] RYCP
[02:21:52] 🔄 Identity reset
[02:21:53] 🔄 Identity rotated (every 10 requests)
[02:21:53] [220/326] MYRP
[02:21:55] [221/326] PPAK
[02:21:56] [222/326] NVPK
[02:21:57] [223/326] PRMC
[02:21:58] [224/326] JBCS
[02:21:59] [225/326] GXCK
[02:22:01] [226/326] USKO
[02:22:03] [227/326] GTEM
[02:22:04] [228/326] SMBU
[02:22:06] [229/326] VETC
[02:22:07] 🔄 Identity reset
[02:22:07] 🔄 Identity rotated (every 10 requests)
[02:22:08] [230/326] LCDA
[02:22:10] [231/326] MTVT
[02:22:11] [232/326] PYCP
[02:22:13] [233/326] PNSC
[02:22:15] [234/326] PPCC
[02:22:16] [235/326] TGRT
[02:22:17] [236/326] JYOT
[02:22:19] [237/326] SRCZ
[02:22:21] [238/326] SJTE
[02:22:22] [239/326] DESC
[02:22:23] 🔄 Identity reset
[02:22:23] 🔄 Identity rotated (every 10 requests)
[02:22:24] [240/326] JHVN
[02:22:26] [241/326] IPSG
[02:22:27] [242/326] IPCM
[02:22:29] [243/326] PDRS
[02:22:30] [244/326] ANCV
[02:22:32] [245/326] CMVV
[02:22:34] [246/326] SHYP
[02:22:36] [247/326] DNCS
[02:22:37] [248/326] GAJK
[02:22:39] [249/326] AKTN
[02:22:40] 🔄 Identity reset
[02:22:40] 🔄 Identity rotated (every 10 requests)
[02:22:40] [250/326] KAYA
[02:22:41] [251/326] SBRC
[02:22:42] [252/326] CHTP
[02:22:44] [253/326] SHRT
[02:22:45] [254/326] BCKU
[02:22:47] [255/326] FCPS
[02:22:49] [256/326] ARDD
[02:22:51] [257/326] CPCM
[02:22:51] [258/326] CGSM
[02:22:53] [259/326] PSMP
[02:22:53] 🔄 Identity reset
[02:22:53] 🔄 Identity rotated (every 10 requests)
[02:22:55] [260/326] SDAL
[02:22:56] [261/326] RTNB
[02:22:58] [262/326] LMCR
[02:22:59] [263/326] CIMA
[02:23:01] [264/326] RNAS
[02:23:03] [265/326] LITH
[02:23:04] [266/326] PBOX
[02:23:06] [267/326] FRTS
[02:23:08] [268/326] RKIC
[02:23:09] [269/326] PTAI
[02:23:09] 🔄 Identity reset
[02:23:09] 🔄 Identity rotated (every 10 requests)
[02:23:10] [270/326] GCIC
[02:23:12] [271/326] FNAS
[02:23:13] [272/326] SCAR
[02:23:15] [273/326] MTCA
[02:23:16] [274/326] SCTS
[02:23:17] [275/326] SYCS
[02:23:19] [276/326] RDMS
[02:23:20] [277/326] KAMP
[02:23:22] [278/326] ERSD
[02:23:23] [279/326] MJMJ
[02:23:24] 🔄 Identity reset
[02:23:24] 🔄 Identity rotated (every 10 requests)
[02:23:25] [280/326] SRCJ
[02:23:27] [281/326] SCXE
[02:23:28] [282/326] SVFR
[02:23:29] [283/326] BHCS
[02:23:30] [284/326] IMCC
[02:23:32] [285/326] PCBO
[02:23:33] [286/326] PRVN
[02:23:35] [287/326] AUPM
[02:23:37] [288/326] INBW
[02:23:39] [289/326] SVCW
[02:23:39] 🔄 Identity reset
[02:23:39] 🔄 Identity rotated (every 10 requests)
[02:23:40] [290/326] RKCF
[02:23:41] [291/326] UVBH
[02:23:43] [292/326] DNCY
[02:23:44] [293/326] ABCN
[02:23:46] [294/326] PRUR
[02:23:47] [295/326] PFMR
[02:23:48] [296/326] RKCN
[02:23:49] [297/326] CFEA
[02:23:51] [298/326] SDBG
[02:23:52] [299/326] SNAR
[02:23:53] 🔄 Identity reset
[02:23:53] 🔄 Identity rotated (every 10 requests)
[02:23:54] [300/326] YISI
[02:23:56] [301/326] JCFF
[02:23:57] [302/326] VTRK
[02:23:59] [303/326] PCLZ
[02:24:00] [304/326] DIMY
[02:24:02] [305/326] BBTS
[02:24:04] [306/326] GATH
[02:24:04] [307/326] GTMN
[02:24:06] [308/326] VTMH
[02:24:08] [309/326] CCKP
[02:24:08] 🔄 Identity reset
[02:24:08] 🔄 Identity rotated (every 10 requests)
[02:24:09] [310/326] GPKA
[02:24:11] [311/326] MHCL
[02:24:12] [312/326] ATCL
[02:24:13] [313/326] SBCK
[02:24:14] [314/326] AMMR
[02:24:15] [315/326] MADC
[02:24:16] [316/326] TMMA
[02:24:18] [317/326] CACC
[02:24:20] [318/326] CHAL
[02:24:22] [319/326] DURG
[02:24:22] 🔄 Identity reset
[02:24:22] 🔄 Identity rotated (every 10 requests)
[02:24:23] [320/326] GMKU
[02:24:25] [321/326] GECA
[02:24:26] [322/326] KYRR
[02:24:27] [323/326] KSDE
[02:24:29] [324/326] LMCI
[02:24:30] [325/326] NKCP
[02:24:31] [326/326] BGTC
[02:24:33] ✅ DONE | Shows=0 | Movies=0
[03:16:31] 🚀 BMS DAILY TRACKER STARTED (enhanced anti‑detection)
[03:16:31] [1/326] BSAT
[03:16:31] 🧠 New identity created
[03:16:32] [2/326] RSSM
[03:16:32] [3/326] GCTA
[03:16:34] [4/326] TOPN
[03:16:35] [5/326] MCUS
[03:16:36] [6/326] SHRL
[03:16:37] [7/326] UPTP
[03:16:38] [8/326] TMMP
[03:16:39] [9/326] DNRP
[03:16:40] [10/326] SRLT
[03:16:41] 🔄 Identity reset
[03:16:41] 🔄 Identity rotated (every 10 requests)
[03:16:42] [11/326] RCNS
[03:16:43] [12/326] DCBH
[03:16:44] [13/326] NAGJ
[03:16:45] [14/326] JVRC
[03:16:46] [15/326] KRJG
[03:16:48] [16/326] SRTJ
[03:16:49] [17/326] CMXM
[03:16:49] [18/326] STMI
[03:16:51] [19/326] SLST
[03:16:52] [20/326] DTCN
[03:16:52] 🔄 Identity reset
[03:16:52] 🔄 Identity rotated (every 10 requests)
[03:16:53] [21/326] STYN
[03:16:54] [22/326] SZVR
[03:16:55] [23/326] SRKO
[03:16:56] [24/326] JTGT
[03:16:58] [25/326] SVFD
[03:16:59] [26/326] SISD
[03:17:00] [27/326] ABDD
[03:17:01] [28/326] DRCA
[03:17:02] [29/326] AVCS
[03:17:02] [30/326] MVKH
[03:17:03] 🔄 Identity reset
[03:17:03] 🔄 Identity rotated (every 10 requests)
[03:17:04] [31/326] ACPR
[03:17:05] [32/326] STIP
[03:17:06] [33/326] MTRA
[03:17:07] [34/326] RMKH
[03:17:07] [35/326] NKRL
[03:17:08] [36/326] PCWN
[03:17:09] [37/326] BLMT
[03:17:11] [38/326] GDPG
[03:17:12] [39/326] SRMX
[03:17:12] [40/326] JACP
[03:17:13] 🔄 Identity reset
[03:17:13] 🔄 Identity rotated (every 10 requests)
[03:17:14] [41/326] CPSH
[03:17:15] [42/326] MCCD
[03:17:16] [43/326] ECGH
[03:17:17] [44/326] MKCK
[03:17:18] [45/326] SRMM
[03:17:20] [46/326] SKYR
[03:17:21] [47/326] PCKC
[03:17:23] [48/326] JCMA
[03:17:24] [49/326] BSMP
[03:17:25] [50/326] VSPA
[03:17:26] 🔄 Identity reset
[03:17:26] 🔄 Identity rotated (every 10 requests)
[03:17:26] [51/326] DJYA
[03:17:27] [52/326] DIMP
[03:17:29] [53/326] FXDR
[03:17:30] [54/326] SSRC
[03:17:31] [55/326] STHP
[03:17:32] [56/326] CPPD
[03:17:33] [57/326] FCLK
[03:17:33] [58/326] SCPP
[03:17:34] [59/326] DCMJ
[03:17:36] [60/326] RCCR
[03:17:36] 🔄 Identity reset
[03:17:36] 🔄 Identity rotated (every 10 requests)
[03:17:37] [61/326] INMT
[03:17:38] [62/326] LXTK
[03:17:40] [63/326] SRYK
[03:17:41] [64/326] SGDK
[03:17:42] [65/326] PPKA
[03:17:43] [66/326] SPKA
[03:17:44] [67/326] CGHH
[03:17:45] [68/326] DCJN
[03:17:46] [69/326] SRKV
[03:17:47] [70/326] SAJC
[03:17:48] 🔄 Identity reset
[03:17:48] 🔄 Identity rotated (every 10 requests)
[03:17:48] [71/326] SUSR
[03:17:49] [72/326] STYG
[03:17:50] [73/326] NTKP
[03:17:51] [74/326] AKTG
[03:17:52] [75/326] CGCM
[03:17:53] [76/326] TULC
[03:17:55] [77/326] NYYZ
[03:17:57] [78/326] NYBW
[03:17:58] [79/326] MACB
[03:17:59] [80/326] SLVT
[03:18:00] 🔄 Identity reset
[03:18:00] 🔄 Identity rotated (every 10 requests)
[03:18:01] [81/326] SANA
[03:18:02] [82/326] ACMR
[03:18:03] [83/326] CPKN
[03:18:04] [84/326] DLGK
[03:18:05] [85/326] CWCK
[03:18:06] [86/326] FDDH
[03:18:07] [87/326] MMMD
[03:18:09] [88/326] CMEH
[03:18:09] [89/326] GGGV
[03:18:10] [90/326] SPJL
[03:18:11] 🔄 Identity reset
[03:18:11] 🔄 Identity rotated (every 10 requests)
[03:18:11] [91/326] RCCD
[03:18:12] [92/326] STTZ
[03:18:13] [93/326] BTCF
[03:18:14] [94/326] TSTZ
[03:18:15] [95/326] IPMM
[03:18:16] [96/326] PMPW
[03:18:17] [97/326] PCMZ
[03:18:18] [98/326] ESEM
[03:18:19] [99/326] PIPO
[03:18:20] [100/326] MATK
[03:18:21] 🔄 Identity reset
[03:18:21] 🔄 Identity rotated (every 10 requests)
[03:18:22] [101/326] PGHM
[03:18:23] [102/326] CTSR
[03:18:24] [103/326] CYKR
[03:18:25] [104/326] MSCM
[03:18:27] [105/326] RFNP
[03:18:28] [106/326] PDCP
[03:18:29] [107/326] NPSE
[03:18:29] [108/326] MKML
[03:18:30] [109/326] FTDP
[03:18:31] [110/326] MMXA
[03:18:32] 🔄 Identity reset
[03:18:32] 🔄 Identity rotated (every 10 requests)
[03:18:33] [111/326] CEPO
[03:18:34] [112/326] CMVP
[03:18:34] [113/326] SGTH
[03:18:35] [114/326] SAYN
[03:18:36] [115/326] URVS
[03:18:37] [116/326] VJTN
[03:18:39] [117/326] BBYK
[03:18:39] [118/326] SHBO
[03:18:41] [119/326] VCMR
[03:18:43] [120/326] MACT
[03:18:43] 🔄 Identity reset
[03:18:43] 🔄 Identity rotated (every 10 requests)
[03:18:43] [121/326] JMNP
[03:18:44] [122/326] VICS
[03:18:45] [123/326] VCDA
[03:18:47] [124/326] GCMM
[03:18:48] [125/326] INVS
[03:18:50] [126/326] SCGM
[03:18:51] [127/326] PCDA
[03:18:52] [128/326] KDCT
[03:18:53] [129/326] JACS
[03:18:54] [130/326] GMMC
[03:18:54] 🔄 Identity reset
[03:18:54] 🔄 Identity rotated (every 10 requests)
[03:18:55] [131/326] AICM
[03:18:56] [132/326] TJCM
[03:18:58] [133/326] RMTI
[03:18:58] [134/326] SHAC
[03:19:00] [135/326] APJC
[03:19:01] [136/326] GCTG
[03:19:02] [137/326] SSMC
[03:19:03] [138/326] THRM
[03:19:04] [139/326] RBCT
[03:19:05] [140/326] DIKT
[03:19:06] 🔄 Identity reset
[03:19:06] 🔄 Identity rotated (every 10 requests)
[03:19:07] [141/326] MIDL
[03:19:08] [142/326] VCSN
[03:19:09] [143/326] SKTG
[03:19:10] [144/326] SMWC
[03:19:12] [145/326] MNKH
[03:19:13] [146/326] PIAT
[03:19:14] [147/326] LTTP
[03:19:16] [148/326] PTPU
[03:19:16] [149/326] ACMG
[03:19:17] [150/326] SHMM
[03:19:18] 🔄 Identity reset
[03:19:18] 🔄 Identity rotated (every 10 requests)
[03:19:18] [151/326] MCMN
[03:19:19] [152/326] GLDC
[03:19:21] [153/326] HOUT
[03:19:22] [154/326] SVRP
[03:19:23] [155/326] PVDN
[03:19:24] [156/326] SCPY
[03:19:26] [157/326] DTPY
[03:19:26] [158/326] GKCS
[03:19:27] [159/326] NCAM
[03:19:28] [160/326] BSRM
[03:19:28] 🔄 Identity reset
[03:19:28] 🔄 Identity rotated (every 10 requests)
[03:19:29] [161/326] RCLC
[03:19:30] [162/326] SKKD
[03:19:31] [163/326] ACHU
[03:19:32] [164/326] RSCF
[03:19:34] [165/326] IMSH
[03:19:35] [166/326] MACX
[03:19:36] [167/326] HMMW
[03:19:38] [168/326] JTCP
[03:19:39] [169/326] SREN
[03:19:40] [170/326] PJRR
[03:19:41] 🔄 Identity reset
[03:19:41] 🔄 Identity rotated (every 10 requests)
[03:19:42] [171/326] INAC
[03:19:43] [172/326] BMCA
[03:19:44] [173/326] SHCB
[03:19:44] [174/326] GABA
[03:19:46] [175/326] SBCT
[03:19:47] [176/326] GCMA
[03:19:48] [177/326] MYTK
[03:19:49] [178/326] INZS
[03:19:50] [179/326] RMIK
[03:19:51] [180/326] NYCH
[03:19:52] 🔄 Identity reset
[03:19:52] 🔄 Identity rotated (every 10 requests)
[03:19:53] [181/326] RAVE
[03:19:54] [182/326] PSXM
[03:19:55] [183/326] MCGP
[03:19:56] [184/326] PDDK
[03:19:57] [185/326] SPCK
[03:19:57] [186/326] MCRL
[03:19:59] [187/326] MHKT
[03:20:00] [188/326] ANRR
[03:20:00] [189/326] SAPK
[03:20:02] [190/326] NCUK
[03:20:03] 🔄 Identity reset
[03:20:03] 🔄 Identity rotated (every 10 requests)
[03:20:03] [191/326] JUGA
[03:20:04] [192/326] DBSC
[03:20:05] [193/326] LALK
[03:20:06] [194/326] GUCK
[03:20:06] [195/326] STSG
[03:20:07] [196/326] PPPZ
[03:20:09] [197/326] CNCY
[03:20:10] [198/326] MTAR
[03:20:11] [199/326] VNKD
[03:20:12] [200/326] KMAJ
[03:20:12] 🔄 Identity reset
[03:20:12] 🔄 Identity rotated (every 10 requests)
[03:20:13] [201/326] ACXK
[03:20:13] [202/326] UTKC
[03:20:15] [203/326] PBLK
[03:20:16] [204/326] ACBX
[03:20:17] [205/326] PTGM
[03:20:18] [206/326] BTDA
[03:20:20] [207/326] PJMB
[03:20:21] [208/326] TPDA
[03:20:22] [209/326] AMOE
[03:20:24] [210/326] PRHT
[03:20:24] 🔄 Identity reset
[03:20:24] 🔄 Identity rotated (every 10 requests)
[03:20:25] [211/326] PRTA
[03:20:26] [212/326] STAM
[03:20:28] [213/326] MSAA
[03:20:29] [214/326] SDLU
[03:20:30] [215/326] RCHH
[03:20:31] [216/326] KANT
[03:20:32] [217/326] FCRT
[03:20:33] [218/326] DNKM
[03:20:35] [219/326] RYCP
[03:20:36] [220/326] MYRP
[03:20:37] 🔄 Identity reset
[03:20:37] 🔄 Identity rotated (every 10 requests)
[03:20:37] [221/326] PPAK
[03:20:38] [222/326] NVPK
[03:20:39] [223/326] PRMC
[03:20:40] [224/326] JBCS
[03:20:40] [225/326] GXCK
[03:20:42] [226/326] USKO
[03:20:44] [227/326] GTEM
[03:20:44] [228/326] SMBU
[03:20:45] [229/326] VETC
[03:20:47] [230/326] LCDA
[03:20:48] 🔄 Identity reset
[03:20:48] 🔄 Identity rotated (every 10 requests)
[03:20:48] [231/326] MTVT
[03:20:49] [232/326] PYCP
[03:20:51] [233/326] PNSC
[03:20:52] [234/326] PPCC
[03:20:54] [235/326] TGRT
[03:20:56] [236/326] JYOT
[03:20:57] [237/326] SRCZ
[03:20:58] [238/326] SJTE
[03:21:00] [239/326] DESC
[03:21:01] [240/326] JHVN
[03:21:01] 🔄 Identity reset
[03:21:01] 🔄 Identity rotated (every 10 requests)
[03:21:01] [241/326] IPSG
[03:21:03] [242/326] IPCM
[03:21:04] [243/326] PDRS
[03:21:05] [244/326] ANCV
[03:21:07] [245/326] CMVV
[03:21:08] [246/326] SHYP
[03:21:09] [247/326] DNCS
[03:21:11] [248/326] GAJK
[03:21:12] [249/326] AKTN
[03:21:14] [250/326] KAYA
[03:21:15] 🔄 Identity reset
[03:21:15] 🔄 Identity rotated (every 10 requests)
[03:21:16] [251/326] SBRC
[03:21:17] [252/326] CHTP
[03:21:17] [253/326] SHRT
[03:21:18] [254/326] BCKU
[03:21:20] [255/326] FCPS
[03:21:22] [256/326] ARDD
[03:21:23] [257/326] CPCM
[03:21:23] [258/326] CGSM
[03:21:25] [259/326] PSMP
[03:21:26] [260/326] SDAL
[03:21:27] 🔄 Identity reset
[03:21:27] 🔄 Identity rotated (every 10 requests)
[03:21:27] [261/326] RTNB
[03:21:29] [262/326] LMCR
[03:21:30] [263/326] CIMA
[03:21:31] [264/326] RNAS
[03:21:32] [265/326] LITH
[03:21:34] [266/326] PBOX
[03:21:35] [267/326] FRTS
[03:21:36] [268/326] RKIC
[03:21:37] [269/326] PTAI
[03:21:39] [270/326] GCIC
[03:21:39] 🔄 Identity reset
[03:21:39] 🔄 Identity rotated (every 10 requests)
[03:21:40] [271/326] FNAS
[03:21:41] [272/326] SCAR
[03:21:42] [273/326] MTCA
[03:21:43] [274/326] SCTS
[03:21:44] [275/326] SYCS
[03:21:45] [276/326] RDMS
[03:21:46] [277/326] KAMP
[03:21:47] [278/326] ERSD
[03:21:48] [279/326] MJMJ
[03:21:49] [280/326] SRCJ
[03:21:50] 🔄 Identity reset
[03:21:50] 🔄 Identity rotated (every 10 requests)
[03:21:51] [281/326] SCXE
[03:21:52] [282/326] SVFR
[03:21:54] [283/326] BHCS
[03:21:55] [284/326] IMCC
[03:21:57] [285/326] PCBO
[03:21:58] [286/326] PRVN
[03:21:59] [287/326] AUPM
[03:22:00] [288/326] INBW
[03:22:02] [289/326] SVCW
[03:22:03] [290/326] RKCF
[03:22:03] 🔄 Identity reset
[03:22:03] 🔄 Identity rotated (every 10 requests)
[03:22:04] [291/326] UVBH
[03:22:05] [292/326] DNCY
[03:22:06] [293/326] ABCN
[03:22:07] [294/326] PRUR
[03:22:09] [295/326] PFMR
[03:22:10] [296/326] RKCN
[03:22:11] [297/326] CFEA
[03:22:12] [298/326] SDBG
[03:22:13] [299/326] SNAR
[03:22:14] [300/326] YISI
[03:22:15] 🔄 Identity reset
[03:22:15] 🔄 Identity rotated (every 10 requests)
[03:22:16] [301/326] JCFF
[03:22:17] [302/326] VTRK
[03:22:18] [303/326] PCLZ
[03:22:20] [304/326] DIMY
[03:22:21] [305/326] BBTS
[03:22:21] [306/326] GATH
[03:22:22] [307/326] GTMN
[03:22:23] [308/326] VTMH
[03:22:25] [309/326] CCKP
[03:22:26] [310/326] GPKA
[03:22:27] 🔄 Identity reset
[03:22:27] 🔄 Identity rotated (every 10 requests)
[03:22:27] [311/326] MHCL
[03:22:28] [312/326] ATCL
[03:22:29] [313/326] SBCK
[03:22:29] [314/326] AMMR
[03:22:30] [315/326] MADC
[03:22:31] [316/326] TMMA
[03:22:32] [317/326] CACC
[03:22:33] [318/326] CHAL
[03:22:34] [319/326] DURG
[03:22:35] [320/326] GMKU
[03:22:36] 🔄 Identity reset
[03:22:36] 🔄 Identity rotated (every 10 requests)
[03:22:36] [321/326] GECA
[03:22:37] [322/326] KYRR
[03:22:38] [323/326] KSDE
[03:22:39] [324/326] LMCI
[03:22:40] [325/326] NKCP
[03:22:42] [326/326] BGTC
[03:22:44] ✅ DONE | Shows=0 | Movies=0
[04:17:43] 🚀 BMS DAILY TRACKER STARTED (enhanced anti‑detection)
[04:17:43] [1/326] BSAT
[04:17:43] 🧠 New identity created
[04:17:45] [2/326] RSSM
[04:17:46] [3/326] GCTA
[04:17:46] [4/326] TOPN
[04:17:47] [5/326] MCUS
[04:17:49] [6/326] SHRL
[04:17:51] [7/326] UPTP
[04:17:52] [8/326] TMMP
[04:17:53] [9/326] DNRP
[04:17:54] [10/326] SRLT
[04:17:55] 🔄 Identity reset
[04:17:55] 🔄 Identity rotated (every 10 requests)
[04:17:56] [11/326] RCNS
[04:17:57] [12/326] DCBH
[04:17:58] [13/326] NAGJ
[04:17:59] [14/326] JVRC
[04:18:00] [15/326] KRJG
[04:18:02] [16/326] SRTJ
[04:18:03] [17/326] CMXM
[04:18:05] [18/326] STMI
[04:18:06] [19/326] SLST
[04:18:08] [20/326] DTCN
[04:18:09] 🔄 Identity reset
[04:18:09] 🔄 Identity rotated (every 10 requests)
[04:18:10] [21/326] STYN
[04:18:12] [22/326] SZVR
[04:18:12] [23/326] SRKO
[04:18:13] [24/326] JTGT
[04:18:15] [25/326] SVFD
[04:18:16] [26/326] SISD
[04:18:17] [27/326] ABDD
[04:18:18] [28/326] DRCA
[04:18:20] [29/326] AVCS
[04:18:22] [30/326] MVKH
[04:18:22] 🔄 Identity reset
[04:18:22] 🔄 Identity rotated (every 10 requests)
[04:18:23] [31/326] ACPR
[04:18:25] [32/326] STIP
[04:18:27] [33/326] MTRA
[04:18:28] [34/326] RMKH
[04:18:30] [35/326] NKRL
[04:18:31] [36/326] PCWN
[04:18:31] [37/326] BLMT
[04:18:33] [38/326] GDPG
[04:18:35] [39/326] SRMX
[04:18:36] [40/326] JACP
[04:18:36] 🔄 Identity reset
[04:18:36] 🔄 Identity rotated (every 10 requests)
[04:18:37] [41/326] CPSH
[04:18:39] [42/326] MCCD
[04:18:41] [43/326] ECGH
[04:18:43] [44/326] MKCK
[04:18:44] [45/326] SRMM
[04:18:46] [46/326] SKYR
[04:18:48] [47/326] PCKC
[04:18:50] [48/326] JCMA
[04:18:51] [49/326] BSMP
[04:18:52] [50/326] VSPA
[04:18:53] 🔄 Identity reset
[04:18:53] 🔄 Identity rotated (every 10 requests)
[04:18:54] [51/326] DJYA
[04:18:56] [52/326] DIMP
[04:18:57] [53/326] FXDR
[04:18:58] [54/326] SSRC
[04:19:00] [55/326] STHP
[04:19:01] [56/326] CPPD
[04:19:02] [57/326] FCLK
[04:19:03] [58/326] SCPP
[04:19:04] [59/326] DCMJ
[04:19:05] [60/326] RCCR
[04:19:05] 🔄 Identity reset
[04:19:05] 🔄 Identity rotated (every 10 requests)
[04:19:06] [61/326] INMT
[04:19:07] [62/326] LXTK
[04:19:09] [63/326] SRYK
[04:19:10] [64/326] SGDK
[04:19:12] [65/326] PPKA
[04:19:14] [66/326] SPKA
[04:19:15] [67/326] CGHH
[04:19:17] [68/326] DCJN
[04:19:18] [69/326] SRKV
[04:19:19] [70/326] SAJC
[04:19:20] 🔄 Identity reset
[04:19:20] 🔄 Identity rotated (every 10 requests)
[04:19:20] [71/326] SUSR
[04:19:22] [72/326] STYG
[04:19:24] [73/326] NTKP
[04:19:26] [74/326] AKTG
[04:19:28] [75/326] CGCM
[04:19:28] [76/326] TULC
[04:19:29] [77/326] NYYZ
[04:19:31] [78/326] NYBW
[04:19:33] [79/326] MACB
[04:19:34] [80/326] SLVT
[04:19:35] 🔄 Identity reset
[04:19:35] 🔄 Identity rotated (every 10 requests)
[04:19:36] [81/326] SANA
[04:19:38] [82/326] ACMR
[04:19:39] [83/326] CPKN
[04:19:40] [84/326] DLGK
[04:19:42] [85/326] CWCK
[04:19:44] [86/326] FDDH
[04:19:46] [87/326] MMMD
[04:19:48] [88/326] CMEH
[04:19:49] [89/326] GGGV
[04:19:51] [90/326] SPJL
[04:19:51] 🔄 Identity reset
[04:19:51] 🔄 Identity rotated (every 10 requests)
[04:19:53] [91/326] RCCD
[04:19:54] [92/326] STTZ
[04:19:56] [93/326] BTCF
[04:19:58] [94/326] TSTZ
[04:19:59] [95/326] IPMM
[04:20:01] [96/326] PMPW
[04:20:02] [97/326] PCMZ
[04:20:04] [98/326] ESEM
[04:20:05] [99/326] PIPO
[04:20:07] [100/326] MATK
[04:20:07] 🔄 Identity reset
[04:20:07] 🔄 Identity rotated (every 10 requests)
[04:20:08] [101/326] PGHM
[04:20:09] [102/326] CTSR
[04:20:11] [103/326] CYKR
[04:20:12] [104/326] MSCM
[04:20:14] [105/326] RFNP
[04:20:15] [106/326] PDCP
[04:20:16] [107/326] NPSE
[04:20:18] [108/326] MKML
[04:20:19] [109/326] FTDP
[04:20:20] [110/326] MMXA
[04:20:21] 🔄 Identity reset
[04:20:21] 🔄 Identity rotated (every 10 requests)
[04:20:21] [111/326] CEPO
[04:20:23] [112/326] CMVP
[04:20:24] [113/326] SGTH
[04:20:26] [114/326] SAYN
[04:20:28] [115/326] URVS
[04:20:28] [116/326] VJTN
[04:20:30] [117/326] BBYK
[04:20:32] [118/326] SHBO
[04:20:33] [119/326] VCMR
[04:20:34] [120/326] MACT
[04:20:34] 🔄 Identity reset
[04:20:34] 🔄 Identity rotated (every 10 requests)
[04:20:35] [121/326] JMNP
[04:20:35] [122/326] VICS
[04:20:37] [123/326] VCDA
[04:20:39] [124/326] GCMM
[04:20:40] [125/326] INVS
[04:20:42] [126/326] SCGM
[04:20:44] [127/326] PCDA
[04:20:45] [128/326] KDCT
[04:20:47] [129/326] JACS
[04:20:49] [130/326] GMMC
[04:20:50] 🔄 Identity reset
[04:20:50] 🔄 Identity rotated (every 10 requests)
[04:20:51] [131/326] AICM
[04:20:52] [132/326] TJCM
[04:20:53] [133/326] RMTI
[04:20:54] [134/326] SHAC
[04:20:56] [135/326] APJC
[04:20:58] [136/326] GCTG
[04:21:00] [137/326] SSMC
[04:21:01] [138/326] THRM
[04:21:03] [139/326] RBCT
[04:21:05] [140/326] DIKT
[04:21:05] 🔄 Identity reset
[04:21:05] 🔄 Identity rotated (every 10 requests)
[04:21:07] [141/326] MIDL
[04:21:08] [142/326] VCSN
[04:21:10] [143/326] SKTG
[04:21:12] [144/326] SMWC
[04:21:14] [145/326] MNKH
[04:21:16] [146/326] PIAT
[04:21:17] [147/326] LTTP
[04:21:19] [148/326] PTPU
[04:21:21] [149/326] ACMG
[04:21:23] [150/326] SHMM
[04:21:23] 🔄 Identity reset
[04:21:23] 🔄 Identity rotated (every 10 requests)
[04:21:24] [151/326] MCMN
[04:21:25] [152/326] GLDC
[04:21:27] [153/326] HOUT
[04:21:28] [154/326] SVRP
[04:21:30] [155/326] PVDN
[04:21:31] [156/326] SCPY
[04:21:32] [157/326] DTPY
[04:21:33] [158/326] GKCS
[04:21:35] [159/326] NCAM
[04:21:37] [160/326] BSRM
[04:21:37] 🔄 Identity reset
[04:21:37] 🔄 Identity rotated (every 10 requests)
[04:21:39] [161/326] RCLC
[04:21:40] [162/326] SKKD
[04:21:41] [163/326] ACHU
[04:21:43] [164/326] RSCF
[04:21:45] [165/326] IMSH
[04:21:47] [166/326] MACX
[04:21:48] [167/326] HMMW
[04:21:49] [168/326] JTCP
[04:21:51] [169/326] SREN
[04:21:53] [170/326] PJRR
[04:21:53] 🔄 Identity reset
[04:21:53] 🔄 Identity rotated (every 10 requests)
[04:21:54] [171/326] INAC
[04:21:55] [172/326] BMCA
[04:21:57] [173/326] SHCB
[04:21:58] [174/326] GABA
[04:21:59] [175/326] SBCT
[04:22:01] [176/326] GCMA
[04:22:03] [177/326] MYTK
[04:22:04] [178/326] INZS
[04:22:06] [179/326] RMIK
[04:22:08] [180/326] NYCH
[04:22:09] 🔄 Identity reset
[04:22:09] 🔄 Identity rotated (every 10 requests)
[04:22:10] [181/326] RAVE
[04:22:11] [182/326] PSXM
[04:22:13] [183/326] MCGP
[04:22:15] [184/326] PDDK
[04:22:15] [185/326] SPCK
[04:22:17] [186/326] MCRL
[04:22:18] [187/326] MHKT
[04:22:19] [188/326] ANRR
[04:22:20] [189/326] SAPK
[04:22:22] [190/326] NCUK
[04:22:23] 🔄 Identity reset
[04:22:23] 🔄 Identity rotated (every 10 requests)
[04:22:24] [191/326] JUGA
[04:22:25] [192/326] DBSC
[04:22:26] [193/326] LALK
[04:22:28] [194/326] GUCK
[04:22:30] [195/326] STSG
[04:22:31] [196/326] PPPZ
[04:22:33] [197/326] CNCY
[04:22:34] [198/326] MTAR
[04:22:36] [199/326] VNKD
[04:22:38] [200/326] KMAJ
[04:22:38] 🔄 Identity reset
[04:22:38] 🔄 Identity rotated (every 10 requests)
[04:22:40] [201/326] ACXK
[04:22:41] [202/326] UTKC
[04:22:43] [203/326] PBLK
[04:22:45] [204/326] ACBX
[04:22:46] [205/326] PTGM
[04:22:48] [206/326] BTDA
[04:22:49] [207/326] PJMB
[04:22:51] [208/326] TPDA
[04:22:53] [209/326] AMOE
[04:22:55] [210/326] PRHT
[04:22:55] 🔄 Identity reset
[04:22:55] 🔄 Identity rotated (every 10 requests)
[04:22:56] [211/326] PRTA
[04:22:58] [212/326] STAM
[04:22:59] [213/326] MSAA
[04:23:00] [214/326] SDLU
[04:23:02] [215/326] RCHH
[04:23:03] [216/326] KANT
[04:23:04] [217/326] FCRT
[04:23:05] [218/326] DNKM
[04:23:06] [219/326] RYCP
[04:23:07] [220/326] MYRP
[04:23:08] 🔄 Identity reset
[04:23:08] 🔄 Identity rotated (every 10 requests)
[04:23:09] [221/326] PPAK
[04:23:10] [222/326] NVPK
[04:23:11] [223/326] PRMC
[04:23:13] [224/326] JBCS
[04:23:14] [225/326] GXCK
[04:23:15] [226/326] USKO
[04:23:16] [227/326] GTEM
[04:23:18] [228/326] SMBU
[04:23:20] [229/326] VETC
[04:23:21] [230/326] LCDA
[04:23:22] 🔄 Identity reset
[04:23:22] 🔄 Identity rotated (every 10 requests)
[04:23:23] [231/326] MTVT
[04:23:24] [232/326] PYCP
[04:23:25] [233/326] PNSC
[04:23:27] [234/326] PPCC
[04:23:29] [235/326] TGRT
[04:23:30] [236/326] JYOT
[04:23:32] [237/326] SRCZ
[04:23:33] [238/326] SJTE
[04:23:33] [239/326] DESC
[04:23:35] [240/326] JHVN
[04:23:36] 🔄 Identity reset
[04:23:36] 🔄 Identity rotated (every 10 requests)
[04:23:37] [241/326] IPSG
[04:23:39] [242/326] IPCM
[04:23:40] [243/326] PDRS
[04:23:42] [244/326] ANCV
[04:23:44] [245/326] CMVV
[04:23:45] [246/326] SHYP
[04:23:47] [247/326] DNCS
[04:23:49] [248/326] GAJK
[04:23:50] [249/326] AKTN
[04:23:51] [250/326] KAYA
[04:23:52] 🔄 Identity reset
[04:23:52] 🔄 Identity rotated (every 10 requests)
[04:23:53] [251/326] SBRC
[04:23:54] [252/326] CHTP
[04:23:56] [253/326] SHRT
[04:23:57] [254/326] BCKU
[04:23:59] [255/326] FCPS
[04:24:01] [256/326] ARDD
[04:24:03] [257/326] CPCM
[04:24:04] [258/326] CGSM
[04:24:05] [259/326] PSMP
[04:24:07] [260/326] SDAL
[04:24:08] 🔄 Identity reset
[04:24:08] 🔄 Identity rotated (every 10 requests)
[04:24:08] [261/326] RTNB
[04:24:10] [262/326] LMCR
[04:24:12] [263/326] CIMA
[04:24:13] [264/326] RNAS
[04:24:15] [265/326] LITH
[04:24:16] [266/326] PBOX
[04:24:18] [267/326] FRTS
[04:24:20] [268/326] RKIC
[04:24:21] [269/326] PTAI
[04:24:22] [270/326] GCIC
[04:24:23] 🔄 Identity reset
[04:24:23] 🔄 Identity rotated (every 10 requests)
[04:24:24] [271/326] FNAS
[04:24:25] [272/326] SCAR
[04:24:27] [273/326] MTCA
[04:24:28] [274/326] SCTS
[04:24:30] [275/326] SYCS
[04:24:32] [276/326] RDMS
[04:24:33] [277/326] KAMP
[04:24:34] [278/326] ERSD
[04:24:36] [279/326] MJMJ
[04:24:38] [280/326] SRCJ
[04:24:39] 🔄 Identity reset
[04:24:39] 🔄 Identity rotated (every 10 requests)
[04:24:40] [281/326] SCXE
[04:24:41] [282/326] SVFR
[04:24:42] [283/326] BHCS
[04:24:43] [284/326] IMCC
[04:24:45] [285/326] PCBO
[04:24:47] [286/326] PRVN
[04:24:49] [287/326] AUPM
[04:24:50] [288/326] INBW
[04:24:52] [289/326] SVCW
[04:24:54] [290/326] RKCF
[04:24:54] 🔄 Identity reset
[04:24:54] 🔄 Identity rotated (every 10 requests)
[04:24:55] [291/326] UVBH
[04:24:56] [292/326] DNCY
[04:24:57] [293/326] ABCN
[04:24:59] [294/326] PRUR
[04:25:00] [295/326] PFMR
[04:25:01] [296/326] RKCN
[04:25:03] [297/326] CFEA
[04:25:04] [298/326] SDBG
[04:25:06] [299/326] SNAR
[04:25:07] [300/326] YISI
[04:25:08] 🔄 Identity reset
[04:25:08] 🔄 Identity rotated (every 10 requests)
[04:25:09] [301/326] JCFF
[04:25:11] [302/326] VTRK
[04:25:12] [303/326] PCLZ
[04:25:14] [304/326] DIMY
[04:25:16] [305/326] BBTS
[04:25:17] [306/326] GATH
[04:25:19] [307/326] GTMN
[04:25:20] [308/326] VTMH
[04:25:22] [309/326] CCKP
[04:25:23] [310/326] GPKA
[04:25:23] 🔄 Identity reset
[04:25:23] 🔄 Identity rotated (every 10 requests)
[04:25:24] [311/326] MHCL
[04:25:25] [312/326] ATCL
[04:25:27] [313/326] SBCK
[04:25:28] [314/326] AMMR
[04:25:30] [315/326] MADC
[04:25:31] [316/326] TMMA
[04:25:33] [317/326] CACC
[04:25:35] [318/326] CHAL
[04:25:37] [319/326] DURG
[04:25:38] [320/326] GMKU
[04:25:39] 🔄 Identity reset
[04:25:39] 🔄 Identity rotated (every 10 requests)
[04:25:40] [321/326] GECA
[04:25:41] [322/326] KYRR
[04:25:43] [323/326] KSDE
[04:25:44] [324/326] LMCI
[04:25:45] [325/326] NKCP
[04:25:47] [326/326] BGTC
[04:25:49] ✅ DONE | Shows=2 | Movies=2
[05:16:32] 🚀 BMS DAILY TRACKER STARTED (enhanced anti‑detection)
[05:16:32] [1/326] BSAT
[05:16:33] 🧠 New identity created
[05:16:34] [2/326] RSSM
[05:16:35] [3/326] GCTA
[05:16:36] [4/326] TOPN
[05:16:37] [5/326] MCUS
[05:16:38] [6/326] SHRL
[05:16:39] [7/326] UPTP
[05:16:41] [8/326] TMMP
[05:16:42] [9/326] DNRP
[05:16:43] [10/326] SRLT
[05:16:44] 🔄 Identity reset
[05:16:44] 🔄 Identity rotated (every 10 requests)
[05:16:45] [11/326] RCNS
[05:16:47] [12/326] DCBH
[05:16:48] [13/326] NAGJ
[05:16:50] [14/326] JVRC
[05:16:52] [15/326] KRJG
[05:16:53] [16/326] SRTJ
[05:16:55] [17/326] CMXM
[05:16:57] [18/326] STMI
[05:16:59] [19/326] SLST
[05:17:00] [20/326] DTCN
[05:17:01] 🔄 Identity reset
[05:17:01] 🔄 Identity rotated (every 10 requests)
[05:17:02] [21/326] STYN
[05:17:03] [22/326] SZVR
[05:17:04] [23/326] SRKO
[05:17:06] [24/326] JTGT
[05:17:08] [25/326] SVFD
[05:17:09] [26/326] SISD
[05:17:10] [27/326] ABDD
[05:17:11] [28/326] DRCA
[05:17:13] [29/326] AVCS
[05:17:15] [30/326] MVKH
[05:17:15] 🔄 Identity reset
[05:17:15] 🔄 Identity rotated (every 10 requests)
[05:17:16] [31/326] ACPR
[05:17:18] [32/326] STIP
[05:17:20] [33/326] MTRA
[05:17:21] [34/326] RMKH
[05:17:23] [35/326] NKRL
[05:17:24] [36/326] PCWN
[05:17:25] [37/326] BLMT
[05:17:26] [38/326] GDPG
[05:17:28] [39/326] SRMX
[05:17:30] [40/326] JACP
[05:17:30] 🔄 Identity reset
[05:17:30] 🔄 Identity rotated (every 10 requests)
[05:17:31] [41/326] CPSH
[05:17:32] [42/326] MCCD
[05:17:34] [43/326] ECGH
[05:17:36] [44/326] MKCK
[05:17:38] [45/326] SRMM
[05:17:39] [46/326] SKYR
[05:17:41] [47/326] PCKC
[05:17:42] [48/326] JCMA
[05:17:43] [49/326] BSMP
[05:17:44] [50/326] VSPA
[05:17:44] 🔄 Identity reset
[05:17:44] 🔄 Identity rotated (every 10 requests)
[05:17:45] [51/326] DJYA
[05:17:47] [52/326] DIMP
[05:17:49] [53/326] FXDR
[05:17:50] [54/326] SSRC
[05:17:52] [55/326] STHP
[05:17:53] [56/326] CPPD
[05:17:54] [57/326] FCLK
[05:17:55] [58/326] SCPP
[05:17:56] [59/326] DCMJ
[05:17:58] [60/326] RCCR
[05:17:58] 🔄 Identity reset
[05:17:58] 🔄 Identity rotated (every 10 requests)
[05:18:00] [61/326] INMT
[05:18:01] [62/326] LXTK
[05:18:02] [63/326] SRYK
[05:18:04] [64/326] SGDK
[05:18:05] [65/326] PPKA
[05:18:07] [66/326] SPKA
[05:18:09] [67/326] CGHH
[05:18:10] [68/326] DCJN
[05:18:12] [69/326] SRKV
[05:18:13] [70/326] SAJC
[05:18:14] 🔄 Identity reset
[05:18:14] 🔄 Identity rotated (every 10 requests)
[05:18:14] [71/326] SUSR
[05:18:16] [72/326] STYG
[05:18:17] [73/326] NTKP
[05:18:19] [74/326] AKTG
[05:18:20] [75/326] CGCM
[05:18:21] [76/326] TULC
[05:18:22] [77/326] NYYZ
[05:18:24] [78/326] NYBW
[05:18:26] [79/326] MACB
[05:18:28] [80/326] SLVT
[05:18:28] 🔄 Identity reset
[05:18:28] 🔄 Identity rotated (every 10 requests)
[05:18:29] [81/326] SANA
[05:18:30] [82/326] ACMR
[05:18:31] [83/326] CPKN
[05:18:32] [84/326] DLGK
[05:18:34] [85/326] CWCK
[05:18:35] [86/326] FDDH
[05:18:37] [87/326] MMMD
[05:18:39] [88/326] CMEH
[05:18:41] [89/326] GGGV
[05:18:43] [90/326] SPJL
[05:18:43] 🔄 Identity reset
[05:18:43] 🔄 Identity rotated (every 10 requests)
[05:18:44] [91/326] RCCD
[05:18:46] [92/326] STTZ
[05:18:47] [93/326] BTCF
[05:18:48] [94/326] TSTZ
[05:18:49] [95/326] IPMM
[05:18:51] [96/326] PMPW
[05:18:52] [97/326] PCMZ
[05:18:54] [98/326] ESEM
[05:18:55] [99/326] PIPO
[05:18:57] [100/326] MATK
[05:18:58] 🔄 Identity reset
[05:18:58] 🔄 Identity rotated (every 10 requests)
[05:18:58] [101/326] PGHM
[05:18:59] [102/326] CTSR
[05:19:01] [103/326] CYKR
[05:19:02] [104/326] MSCM
[05:19:04] [105/326] RFNP
[05:19:06] [106/326] PDCP
[05:19:06] [107/326] NPSE
[05:19:07] [108/326] MKML
[05:19:08] [109/326] FTDP
[05:19:09] [110/326] MMXA
[05:19:10] 🔄 Identity reset
[05:19:10] 🔄 Identity rotated (every 10 requests)
[05:19:10] [111/326] CEPO
[05:19:12] [112/326] CMVP
[05:19:14] [113/326] SGTH
[05:19:15] [114/326] SAYN
[05:19:16] [115/326] URVS
[05:19:17] [116/326] VJTN
[05:19:19] [117/326] BBYK
[05:19:21] [118/326] SHBO
[05:19:22] [119/326] VCMR
[05:19:24] [120/326] MACT
[05:19:24] 🔄 Identity reset
[05:19:24] 🔄 Identity rotated (every 10 requests)
[05:19:25] [121/326] JMNP
[05:19:26] [122/326] VICS
[05:19:27] [123/326] VCDA
[05:19:29] [124/326] GCMM
[05:19:31] [125/326] INVS
[05:19:31] [126/326] SCGM
[05:19:33] [127/326] PCDA
[05:19:35] [128/326] KDCT
[05:19:36] [129/326] JACS
[05:19:38] [130/326] GMMC
[05:19:38] 🔄 Identity reset
[05:19:38] 🔄 Identity rotated (every 10 requests)
[05:19:39] [131/326] AICM
[05:19:40] [132/326] TJCM
[05:19:42] [133/326] RMTI
[05:19:43] [134/326] SHAC
[05:19:45] [135/326] APJC
[05:19:47] [136/326] GCTG
[05:19:48] [137/326] SSMC
[05:19:50] [138/326] THRM
[05:19:52] [139/326] RBCT
[05:19:53] [140/326] DIKT
[05:19:53] 🔄 Identity reset
[05:19:53] 🔄 Identity rotated (every 10 requests)
[05:19:55] [141/326] MIDL
[05:19:56] [142/326] VCSN
[05:19:58] [143/326] SKTG
[05:20:00] [144/326] SMWC
[05:20:01] [145/326] MNKH
[05:20:03] [146/326] PIAT
[05:20:05] [147/326] LTTP
[05:20:06] [148/326] PTPU
[05:20:08] [149/326] ACMG
[05:20:10] [150/326] SHMM
[05:20:11] 🔄 Identity reset
[05:20:11] 🔄 Identity rotated (every 10 requests)
[05:20:12] [151/326] MCMN
[05:20:14] [152/326] GLDC
[05:20:15] [153/326] HOUT
[05:20:16] [154/326] SVRP
[05:20:18] [155/326] PVDN
[05:20:19] [156/326] SCPY
[05:20:20] [157/326] DTPY
[05:20:21] [158/326] GKCS
[05:20:23] [159/326] NCAM
[05:20:25] [160/326] BSRM
[05:20:26] 🔄 Identity reset
[05:20:26] 🔄 Identity rotated (every 10 requests)
[05:20:27] [161/326] RCLC
[05:20:28] [162/326] SKKD
[05:20:30] [163/326] ACHU
[05:20:31] [164/326] RSCF
[05:20:33] [165/326] IMSH
[05:20:35] [166/326] MACX
[05:20:36] [167/326] HMMW
[05:20:38] [168/326] JTCP
[05:20:40] [169/326] SREN
[05:20:41] [170/326] PJRR
[05:20:41] 🔄 Identity reset
[05:20:41] 🔄 Identity rotated (every 10 requests)
[05:20:42] [171/326] INAC
[05:20:43] [172/326] BMCA
[05:20:44] [173/326] SHCB
[05:20:46] [174/326] GABA
[05:20:48] [175/326] SBCT
[05:20:50] [176/326] GCMA
[05:20:52] [177/326] MYTK
[05:20:53] [178/326] INZS
[05:20:55] [179/326] RMIK
[05:20:57] [180/326] NYCH
[05:20:57] 🔄 Identity reset
[05:20:57] 🔄 Identity rotated (every 10 requests)
[05:20:58] [181/326] RAVE
[05:20:59] [182/326] PSXM
[05:21:01] [183/326] MCGP
[05:21:03] [184/326] PDDK
[05:21:04] [185/326] SPCK
[05:21:06] [186/326] MCRL
[05:21:08] [187/326] MHKT
[05:21:09] [188/326] ANRR
[05:21:11] [189/326] SAPK
[05:21:13] [190/326] NCUK
[05:21:13] 🔄 Identity reset
[05:21:13] 🔄 Identity rotated (every 10 requests)
[05:21:14] [191/326] JUGA
[05:21:15] [192/326] DBSC
[05:21:16] [193/326] LALK
[05:21:18] [194/326] GUCK
[05:21:20] [195/326] STSG
[05:21:21] [196/326] PPPZ
[05:21:23] [197/326] CNCY
[05:21:24] [198/326] MTAR
[05:21:26] [199/326] VNKD
[05:21:27] [200/326] KMAJ
[05:21:28] 🔄 Identity reset
[05:21:28] 🔄 Identity rotated (every 10 requests)
[05:21:29] [201/326] ACXK
[05:21:30] [202/326] UTKC
[05:21:32] [203/326] PBLK
[05:21:33] [204/326] ACBX
[05:21:34] [205/326] PTGM
[05:21:36] [206/326] BTDA
[05:21:37] [207/326] PJMB
[05:21:38] [208/326] TPDA
[05:21:39] [209/326] AMOE
[05:21:41] [210/326] PRHT
[05:21:42] 🔄 Identity reset
[05:21:42] 🔄 Identity rotated (every 10 requests)
[05:21:43] [211/326] PRTA
[05:21:45] [212/326] STAM
[05:21:46] [213/326] MSAA
[05:21:46] [214/326] SDLU
[05:21:48] [215/326] RCHH
[05:21:50] [216/326] KANT
[05:21:51] [217/326] FCRT
[05:21:52] [218/326] DNKM
[05:21:54] [219/326] RYCP
[05:21:55] [220/326] MYRP
[05:21:56] 🔄 Identity reset
[05:21:56] 🔄 Identity rotated (every 10 requests)
[05:21:57] [221/326] PPAK
[05:21:58] [222/326] NVPK
[05:22:00] [223/326] PRMC
[05:22:02] [224/326] JBCS
[05:22:04] [225/326] GXCK
[05:22:05] [226/326] USKO
[05:22:07] [227/326] GTEM
[05:22:08] [228/326] SMBU
[05:22:10] [229/326] VETC
[05:22:12] [230/326] LCDA
[05:22:12] 🔄 Identity reset
[05:22:12] 🔄 Identity rotated (every 10 requests)
[05:22:14] [231/326] MTVT
[05:22:15] [232/326] PYCP
[05:22:16] [233/326] PNSC
[05:22:18] [234/326] PPCC
[05:22:19] [235/326] TGRT
[05:22:21] [236/326] JYOT
[05:22:23] [237/326] SRCZ
[05:22:24] [238/326] SJTE
[05:22:25] [239/326] DESC
[05:22:26] [240/326] JHVN
[05:22:27] 🔄 Identity reset
[05:22:27] 🔄 Identity rotated (every 10 requests)
[05:22:28] [241/326] IPSG
[05:22:30] [242/326] IPCM
[05:22:31] [243/326] PDRS
[05:22:32] [244/326] ANCV
[05:22:33] [245/326] CMVV
[05:22:34] [246/326] SHYP
[05:22:35] [247/326] DNCS
[05:22:36] [248/326] GAJK
[05:22:37] [249/326] AKTN
[05:22:38] [250/326] KAYA
[05:22:39] 🔄 Identity reset
[05:22:39] 🔄 Identity rotated (every 10 requests)
[05:22:40] [251/326] SBRC
[05:22:41] [252/326] CHTP
[05:22:43] [253/326] SHRT
[05:22:44] [254/326] BCKU
[05:22:46] [255/326] FCPS
[05:22:48] [256/326] ARDD
[05:22:50] [257/326] CPCM
[05:22:50] [258/326] CGSM
[05:22:51] [259/326] PSMP
[05:22:53] [260/326] SDAL
[05:22:54] 🔄 Identity reset
[05:22:54] 🔄 Identity rotated (every 10 requests)
[05:22:54] [261/326] RTNB
[05:22:55] [262/326] LMCR
[05:22:57] [263/326] CIMA
[05:22:58] [264/326] RNAS
[05:23:00] [265/326] LITH
[05:23:01] [266/326] PBOX
[05:23:03] [267/326] FRTS
[05:23:05] [268/326] RKIC
[05:23:06] [269/326] PTAI
[05:23:08] [270/326] GCIC
[05:23:09] 🔄 Identity reset
[05:23:09] 🔄 Identity rotated (every 10 requests)
[05:23:10] [271/326] FNAS
[05:23:11] [272/326] SCAR
[05:23:12] [273/326] MTCA
[05:23:14] [274/326] SCTS
[05:23:16] [275/326] SYCS
[05:23:17] [276/326] RDMS
[05:23:18] [277/326] KAMP
[05:23:19] [278/326] ERSD
[05:23:21] [279/326] MJMJ
[05:23:22] [280/326] SRCJ
[05:23:23] 🔄 Identity reset
[05:23:23] 🔄 Identity rotated (every 10 requests)
[05:23:24] [281/326] SCXE
[05:23:25] [282/326] SVFR
[05:23:27] [283/326] BHCS
[05:23:28] [284/326] IMCC
[05:23:29] [285/326] PCBO
[05:23:30] [286/326] PRVN
[05:23:32] [287/326] AUPM
[05:23:33] [288/326] INBW
[05:23:35] [289/326] SVCW
[05:23:36] [290/326] RKCF
[05:23:37] 🔄 Identity reset
[05:23:37] 🔄 Identity rotated (every 10 requests)
[05:23:37] [291/326] UVBH
[05:23:39] [292/326] DNCY
[05:23:40] [293/326] ABCN
[05:23:42] [294/326] PRUR
[05:23:44] [295/326] PFMR
[05:23:45] [296/326] RKCN
[05:23:46] [297/326] CFEA
[05:23:47] [298/326] SDBG
[05:23:49] [299/326] SNAR
[05:23:50] [300/326] YISI
[05:23:51] 🔄 Identity reset
[05:23:51] 🔄 Identity rotated (every 10 requests)
[05:23:52] [301/326] JCFF
[05:23:53] [302/326] VTRK
[05:23:54] [303/326] PCLZ
[05:23:56] [304/326] DIMY
[05:23:56] [305/326] BBTS
[05:23:58] [306/326] GATH
[05:24:00] [307/326] GTMN
[05:24:01] [308/326] VTMH
[05:24:03] [309/326] CCKP
[05:24:04] [310/326] GPKA
[05:24:05] 🔄 Identity reset
[05:24:05] 🔄 Identity rotated (every 10 requests)
[05:24:06] [311/326] MHCL
[05:24:07] [312/326] ATCL
[05:24:09] [313/326] SBCK
[05:24:10] [314/326] AMMR
[05:24:12] [315/326] MADC
[05:24:13] [316/326] TMMA
[05:24:15] [317/326] CACC
[05:24:16] [318/326] CHAL
[05:24:18] [319/326] DURG
[05:24:19] [320/326] GMKU
[05:24:20] 🔄 Identity reset
[05:24:20] 🔄 Identity rotated (every 10 requests)
[05:24:20] [321/326] GECA
[05:24:21] [322/326] KYRR
[05:24:22] [323/326] KSDE
[05:24:24] [324/326] LMCI
[05:24:26] [325/326] NKCP
[05:24:27] [326/326] BGTC
[05:24:28] ✅ DONE | Shows=17 | Movies=10
[05:51:38] 🚀 BMS DAILY TRACKER STARTED (enhanced anti‑detection)
[05:51:38] [1/326] BSAT
[05:51:38] 🧠 New identity created
[05:51:39] [2/326] RSSM
[05:51:40] [3/326] GCTA
[05:51:42] [4/326] TOPN
[05:51:43] [5/326] MCUS
[05:51:44] [6/326] SHRL
[05:51:46] [7/326] UPTP
[05:51:47] [8/326] TMMP
[05:51:49] [9/326] DNRP
[05:51:50] [10/326] SRLT
[05:51:51] 🔄 Identity reset
[05:51:51] 🔄 Identity rotated (every 10 requests)
[05:51:52] [11/326] RCNS
[05:51:54] [12/326] DCBH
[05:51:55] [13/326] NAGJ
[05:51:56] [14/326] JVRC
[05:51:58] [15/326] KRJG
[05:52:00] [16/326] SRTJ
[05:52:01] [17/326] CMXM
[05:52:03] [18/326] STMI
[05:52:04] [19/326] SLST
[05:52:06] [20/326] DTCN
[05:52:07] 🔄 Identity reset
[05:52:07] 🔄 Identity rotated (every 10 requests)
[05:52:08] [21/326] STYN
[05:52:09] [22/326] SZVR
[05:52:10] [23/326] SRKO
[05:52:11] [24/326] JTGT
[05:52:13] [25/326] SVFD
[05:52:14] [26/326] SISD
[05:52:15] [27/326] ABDD
[05:52:16] [28/326] DRCA
[05:52:17] [29/326] AVCS
[05:52:19] [30/326] MVKH
[05:52:20] 🔄 Identity reset
[05:52:20] 🔄 Identity rotated (every 10 requests)
[05:52:21] [31/326] ACPR
[05:52:22] [32/326] STIP
[05:52:24] [33/326] MTRA
[05:52:25] [34/326] RMKH
[05:52:26] [35/326] NKRL
[05:52:28] [36/326] PCWN
[05:52:29] [37/326] BLMT
[05:52:30] [38/326] GDPG
[05:52:32] [39/326] SRMX
[05:52:33] [40/326] JACP
[05:52:33] 🔄 Identity reset
[05:52:34] 🔄 Identity rotated (every 10 requests)
[05:52:34] [41/326] CPSH
[05:52:36] [42/326] MCCD
[05:52:37] [43/326] ECGH
[05:52:39] [44/326] MKCK
[05:52:41] [45/326] SRMM
[05:52:43] [46/326] SKYR
[05:52:45] [47/326] PCKC
[05:52:46] [48/326] JCMA
[05:52:48] [49/326] BSMP
[05:52:49] [50/326] VSPA
[05:52:50] 🔄 Identity reset
[05:52:50] 🔄 Identity rotated (every 10 requests)
[05:52:51] [51/326] DJYA
[05:52:52] [52/326] DIMP
[05:52:54] [53/326] FXDR
[05:52:56] [54/326] SSRC
[05:52:58] [55/326] STHP
[05:52:59] [56/326] CPPD
[05:53:00] [57/326] FCLK
[05:53:01] [58/326] SCPP
[05:53:03] [59/326] DCMJ
[05:53:04] [60/326] RCCR
[05:53:05] 🔄 Identity reset
[05:53:05] 🔄 Identity rotated (every 10 requests)
[05:53:06] [61/326] INMT
[05:53:07] [62/326] LXTK
[05:53:08] [63/326] SRYK
[05:53:10] [64/326] SGDK
[05:53:11] [65/326] PPKA
[05:53:13] [66/326] SPKA
[05:53:15] [67/326] CGHH
[05:53:17] [68/326] DCJN
[05:53:17] [69/326] SRKV
[05:53:18] [70/326] SAJC
[05:53:19] 🔄 Identity reset
[05:53:19] 🔄 Identity rotated (every 10 requests)
[05:53:19] [71/326] SUSR
[05:53:21] [72/326] STYG
[05:53:23] [73/326] NTKP
[05:53:25] [74/326] AKTG
[05:53:26] [75/326] CGCM
[05:53:27] [76/326] TULC
[05:53:28] [77/326] NYYZ
[05:53:29] [78/326] NYBW
[05:53:31] [79/326] MACB
[05:53:33] [80/326] SLVT
[05:53:34] 🔄 Identity reset
[05:53:34] 🔄 Identity rotated (every 10 requests)
[05:53:35] [81/326] SANA
[05:53:36] [82/326] ACMR
[05:53:37] [83/326] CPKN
[05:53:39] [84/326] DLGK
[05:53:41] [85/326] CWCK
[05:53:42] [86/326] FDDH
[05:53:44] [87/326] MMMD
[05:53:46] [88/326] CMEH
[05:53:47] [89/326] GGGV
[05:53:47] [90/326] SPJL
[05:53:48] 🔄 Identity reset
[05:53:48] 🔄 Identity rotated (every 10 requests)
[05:53:49] [91/326] RCCD
[05:53:51] [92/326] STTZ
[05:53:52] [93/326] BTCF
[05:53:53] [94/326] TSTZ
[05:53:54] [95/326] IPMM
[05:53:56] [96/326] PMPW
[05:53:57] [97/326] PCMZ
[05:53:59] [98/326] ESEM
[05:54:00] [99/326] PIPO
[05:54:02] [100/326] MATK
[05:54:02] 🔄 Identity reset
[05:54:02] 🔄 Identity rotated (every 10 requests)
[05:54:03] [101/326] PGHM
[05:54:04] [102/326] CTSR
[05:54:06] [103/326] CYKR
[05:54:07] [104/326] MSCM
[05:54:09] [105/326] RFNP
[05:54:10] [106/326] PDCP
[05:54:11] [107/326] NPSE
[05:54:13] [108/326] MKML
[05:54:14] [109/326] FTDP
[05:54:15] [110/326] MMXA
[05:54:16] 🔄 Identity reset
[05:54:16] 🔄 Identity rotated (every 10 requests)
[05:54:17] [111/326] CEPO
[05:54:19] [112/326] CMVP
[05:54:21] [113/326] SGTH
[05:54:22] [114/326] SAYN
[05:54:23] [115/326] URVS
[05:54:24] [116/326] VJTN
[05:54:25] [117/326] BBYK
[05:54:27] [118/326] SHBO
[05:54:28] [119/326] VCMR
[05:54:30] [120/326] MACT
[05:54:31] 🔄 Identity reset
[05:54:31] 🔄 Identity rotated (every 10 requests)
[05:54:32] [121/326] JMNP
[05:54:33] [122/326] VICS
[05:54:35] [123/326] VCDA
[05:54:36] [124/326] GCMM
[05:54:38] [125/326] INVS
[05:54:40] [126/326] SCGM
[05:54:42] [127/326] PCDA
[05:54:43] [128/326] KDCT
[05:54:45] [129/326] JACS
[05:54:47] [130/326] GMMC
[05:54:47] 🔄 Identity reset
[05:54:47] 🔄 Identity rotated (every 10 requests)
[05:54:49] [131/326] AICM
[05:54:50] [132/326] TJCM
[05:54:51] [133/326] RMTI
[05:54:52] [134/326] SHAC
[05:54:54] [135/326] APJC
[05:54:56] [136/326] GCTG
[05:54:57] [137/326] SSMC
[05:54:58] [138/326] THRM
[05:55:00] [139/326] RBCT
[05:55:02] [140/326] DIKT
[05:55:02] 🔄 Identity reset
[05:55:02] 🔄 Identity rotated (every 10 requests)
[05:55:03] [141/326] MIDL
[05:55:05] [142/326] VCSN
[05:55:07] [143/326] SKTG
[05:55:08] [144/326] SMWC
[05:55:10] [145/326] MNKH
[05:55:12] [146/326] PIAT
[05:55:14] [147/326] LTTP
[05:55:15] [148/326] PTPU
[05:55:17] [149/326] ACMG
[05:55:18] [150/326] SHMM
[05:55:19] 🔄 Identity reset
[05:55:19] 🔄 Identity rotated (every 10 requests)
[05:55:19] [151/326] MCMN
[05:55:21] [152/326] GLDC
[05:55:23] [153/326] HOUT
[05:55:23] [154/326] SVRP
[05:55:25] [155/326] PVDN
[05:55:26] [156/326] SCPY
[05:55:28] [157/326] DTPY
[05:55:29] [158/326] GKCS
[05:55:31] [159/326] NCAM
[05:55:32] [160/326] BSRM
[05:55:33] 🔄 Identity reset
[05:55:33] 🔄 Identity rotated (every 10 requests)
[05:55:34] [161/326] RCLC
[05:55:36] [162/326] SKKD
[05:55:38] [163/326] ACHU
[05:55:39] [164/326] RSCF
[05:55:41] [165/326] IMSH
[05:55:43] [166/326] MACX
[05:55:44] [167/326] HMMW
[05:55:46] [168/326] JTCP
[05:55:47] [169/326] SREN
[05:55:49] [170/326] PJRR
[05:55:49] 🔄 Identity reset
[05:55:49] 🔄 Identity rotated (every 10 requests)
[05:55:50] [171/326] INAC
[05:55:52] [172/326] BMCA
[05:55:54] [173/326] SHCB
[05:55:55] [174/326] GABA
[05:55:57] [175/326] SBCT
[05:55:58] [176/326] GCMA
[05:55:59] [177/326] MYTK
[05:56:01] [178/326] INZS
[05:56:02] [179/326] RMIK
[05:56:03] [180/326] NYCH
[05:56:04] 🔄 Identity reset
[05:56:04] 🔄 Identity rotated (every 10 requests)
[05:56:05] [181/326] RAVE
[05:56:06] [182/326] PSXM
[05:56:08] [183/326] MCGP
[05:56:09] [184/326] PDDK
[05:56:11] [185/326] SPCK
[05:56:13] [186/326] MCRL
[05:56:14] [187/326] MHKT
[05:56:16] [188/326] ANRR
[05:56:18] [189/326] SAPK
[05:56:19] [190/326] NCUK
[05:56:20] 🔄 Identity reset
[05:56:20] 🔄 Identity rotated (every 10 requests)
[05:56:20] [191/326] JUGA
[05:56:22] [192/326] DBSC
[05:56:23] [193/326] LALK
[05:56:24] [194/326] GUCK
[05:56:26] [195/326] STSG
[05:56:28] [196/326] PPPZ
[05:56:29] [197/326] CNCY
[05:56:31] [198/326] MTAR
[05:56:32] [199/326] VNKD
[05:56:34] [200/326] KMAJ
[05:56:35] 🔄 Identity reset
[05:56:35] 🔄 Identity rotated (every 10 requests)
[05:56:36] [201/326] ACXK
[05:56:37] [202/326] UTKC
[05:56:39] [203/326] PBLK
[05:56:41] [204/326] ACBX
[05:56:43] [205/326] PTGM
[05:56:44] [206/326] BTDA
[05:56:45] [207/326] PJMB
[05:56:46] [208/326] TPDA
[05:56:48] [209/326] AMOE
[05:56:50] [210/326] PRHT
[05:56:50] 🔄 Identity reset
[05:56:50] 🔄 Identity rotated (every 10 requests)
[05:56:52] [211/326] PRTA
[05:56:53] [212/326] STAM
[05:56:54] [213/326] MSAA
[05:56:56] [214/326] SDLU
[05:56:58] [215/326] RCHH
[05:56:59] [216/326] KANT
[05:57:01] [217/326] FCRT
[05:57:03] [218/326] DNKM
[05:57:05] [219/326] RYCP
[05:57:06] [220/326] MYRP
[05:57:07] 🔄 Identity reset
[05:57:07] 🔄 Identity rotated (every 10 requests)
[05:57:08] [221/326] PPAK
[05:57:09] [222/326] NVPK
[05:57:11] [223/326] PRMC
[05:57:12] [224/326] JBCS
[05:57:13] [225/326] GXCK
[05:57:15] [226/326] USKO
[05:57:16] [227/326] GTEM
[05:57:17] [228/326] SMBU
[05:57:19] [229/326] VETC
[05:57:21] [230/326] LCDA
[05:57:21] 🔄 Identity reset
[05:57:21] 🔄 Identity rotated (every 10 requests)
[05:57:22] [231/326] MTVT
[05:57:23] [232/326] PYCP
[05:57:25] [233/326] PNSC
[05:57:27] [234/326] PPCC
[05:57:28] [235/326] TGRT
[05:57:30] [236/326] JYOT
[05:57:32] [237/326] SRCZ
[05:57:33] [238/326] SJTE
[05:57:34] [239/326] DESC
[05:57:36] [240/326] JHVN
[05:57:37] 🔄 Identity reset
[05:57:37] 🔄 Identity rotated (every 10 requests)
[05:57:38] [241/326] IPSG
[05:57:39] [242/326] IPCM
[05:57:40] [243/326] PDRS
[05:57:40] [244/326] ANCV
[05:57:42] [245/326] CMVV
[05:57:43] [246/326] SHYP
[05:57:45] [247/326] DNCS
[05:57:46] [248/326] GAJK
[05:57:48] [249/326] AKTN
[05:57:49] [250/326] KAYA
[05:57:49] 🔄 Identity reset
[05:57:49] 🔄 Identity rotated (every 10 requests)
[05:57:50] [251/326] SBRC
[05:57:51] [252/326] CHTP
[05:57:53] [253/326] SHRT
[05:57:54] [254/326] BCKU
[05:57:56] [255/326] FCPS
[05:57:57] [256/326] ARDD
[05:57:59] [257/326] CPCM
[05:58:01] [258/326] CGSM
[05:58:02] [259/326] PSMP
[05:58:04] [260/326] SDAL
[05:58:05] 🔄 Identity reset
[05:58:05] 🔄 Identity rotated (every 10 requests)
[05:58:05] [261/326] RTNB
[05:58:07] [262/326] LMCR
[05:58:08] [263/326] CIMA
[05:58:10] [264/326] RNAS
[05:58:12] [265/326] LITH
[05:58:13] [266/326] PBOX
[05:58:15] [267/326] FRTS
[05:58:17] [268/326] RKIC
[05:58:18] [269/326] PTAI
[05:58:20] [270/326] GCIC
[05:58:20] 🔄 Identity reset
[05:58:20] 🔄 Identity rotated (every 10 requests)
[05:58:21] [271/326] FNAS
[05:58:22] [272/326] SCAR
[05:58:23] [273/326] MTCA
[05:58:25] [274/326] SCTS
[05:58:27] [275/326] SYCS
[05:58:28] [276/326] RDMS
[05:58:30] [277/326] KAMP
[05:58:32] [278/326] ERSD
[05:58:33] [279/326] MJMJ
[05:58:34] [280/326] SRCJ
[05:58:35] 🔄 Identity reset
[05:58:35] 🔄 Identity rotated (every 10 requests)
[05:58:36] [281/326] SCXE
[05:58:37] [282/326] SVFR
[05:58:39] [283/326] BHCS
[05:58:40] [284/326] IMCC
[05:58:42] [285/326] PCBO
[05:58:43] [286/326] PRVN
[05:58:45] [287/326] AUPM
[05:58:46] [288/326] INBW
[05:58:48] [289/326] SVCW
[05:58:50] [290/326] RKCF
[05:58:50] 🔄 Identity reset
[05:58:50] 🔄 Identity rotated (every 10 requests)
[05:58:51] [291/326] UVBH
[05:58:53] [292/326] DNCY
[05:58:54] [293/326] ABCN
[05:58:55] [294/326] PRUR
[05:58:57] [295/326] PFMR
[05:58:58] [296/326] RKCN
[05:58:59] [297/326] CFEA
[05:59:01] [298/326] SDBG
[05:59:03] [299/326] SNAR
[05:59:03] [300/326] YISI
[05:59:04] 🔄 Identity reset
[05:59:04] 🔄 Identity rotated (every 10 requests)
[05:59:04] [301/326] JCFF
[05:59:06] [302/326] VTRK
[05:59:07] [303/326] PCLZ
[05:59:08] [304/326] DIMY
[05:59:09] [305/326] BBTS
[05:59:10] [306/326] GATH
[05:59:12] [307/326] GTMN
[05:59:14] [308/326] VTMH
[05:59:16] [309/326] CCKP
[05:59:17] [310/326] GPKA
[05:59:18] 🔄 Identity reset
[05:59:18] 🔄 Identity rotated (every 10 requests)
[05:59:18] [311/326] MHCL
[05:59:19] [312/326] ATCL
[05:59:21] [313/326] SBCK
[05:59:22] [314/326] AMMR
[05:59:23] [315/326] MADC
[05:59:25] [316/326] TMMA
[05:59:27] [317/326] CACC
[05:59:29] [318/326] CHAL
[05:59:30] [319/326] DURG
[05:59:31] [320/326] GMKU
[05:59:32] 🔄 Identity reset
[05:59:32] 🔄 Identity rotated (every 10 requests)
[05:59:32] [321/326] GECA
[05:59:33] [322/326] KYRR
[05:59:34] [323/326] KSDE
[05:59:35] [324/326] LMCI
[05:59:36] [325/326] NKCP
[05:59:38] [326/326] BGTC
[05:59:40] ✅ DONE | Shows=94 | Movies=28
[06:06:41] 🚀 BMS DAILY TRACKER STARTED (enhanced anti‑detection)
[06:06:41] [1/326] BSAT
[06:06:41] 🧠 New identity created
[06:06:41] [2/326] RSSM
[06:06:42] [3/326] GCTA
[06:06:44] [4/326] TOPN
[06:06:44] [5/326] MCUS
[06:06:45] [6/326] SHRL
[06:06:46] [7/326] UPTP
[06:06:46] [8/326] TMMP
[06:06:47] [9/326] DNRP
[06:06:48] [10/326] SRLT
[06:06:48] 🔄 Identity reset
[06:06:48] 🔄 Identity rotated (every 10 requests)
[06:06:49] [11/326] RCNS
[06:06:50] [12/326] DCBH
[06:06:50] [13/326] NAGJ
[06:06:51] [14/326] JVRC
[06:06:52] [15/326] KRJG
[06:06:53] [16/326] SRTJ
[06:06:54] [17/326] CMXM
[06:06:55] [18/326] STMI
[06:06:55] [19/326] SLST
[06:06:56] [20/326] DTCN
[06:06:57] 🔄 Identity reset
[06:06:57] 🔄 Identity rotated (every 10 requests)
[06:06:58] [21/326] STYN
[06:06:59] [22/326] SZVR
[06:07:00] [23/326] SRKO
[06:07:01] [24/326] JTGT
[06:07:02] [25/326] SVFD
[06:07:03] [26/326] SISD
[06:07:04] [27/326] ABDD
[06:07:05] [28/326] DRCA
[06:07:06] [29/326] AVCS
[06:07:06] [30/326] MVKH
[06:07:07] 🔄 Identity reset
[06:07:07] 🔄 Identity rotated (every 10 requests)
[06:07:08] [31/326] ACPR
[06:07:09] [32/326] STIP
[06:07:10] [33/326] MTRA
[06:07:10] [34/326] RMKH
[06:07:11] [35/326] NKRL
[06:07:13] [36/326] PCWN
[06:07:13] [37/326] BLMT
[06:07:14] [38/326] GDPG
[06:07:15] [39/326] SRMX
[06:07:16] [40/326] JACP
[06:07:17] 🔄 Identity reset
[06:07:17] 🔄 Identity rotated (every 10 requests)
[06:07:17] [41/326] CPSH
[06:07:18] [42/326] MCCD
[06:07:18] [43/326] ECGH
[06:07:19] [44/326] MKCK
[06:07:20] [45/326] SRMM
[06:07:21] [46/326] SKYR
[06:07:22] [47/326] PCKC
[06:07:23] [48/326] JCMA
[06:07:24] [49/326] BSMP
[06:07:25] [50/326] VSPA
[06:07:25] 🔄 Identity reset
[06:07:25] 🔄 Identity rotated (every 10 requests)
[06:07:26] [51/326] DJYA
[06:07:27] [52/326] DIMP
[06:07:29] [53/326] FXDR
[06:07:29] [54/326] SSRC
[06:07:31] [55/326] STHP
[06:07:31] [56/326] CPPD
[06:07:32] [57/326] FCLK
[06:07:33] [58/326] SCPP
[06:07:34] [59/326] DCMJ
[06:07:35] [60/326] RCCR
[06:07:36] 🔄 Identity reset
[06:07:36] 🔄 Identity rotated (every 10 requests)
[06:07:37] [61/326] INMT
[06:07:38] [62/326] LXTK
[06:07:40] [63/326] SRYK
[06:07:40] [64/326] SGDK
[06:07:41] [65/326] PPKA
[06:07:42] [66/326] SPKA
[06:07:43] [67/326] CGHH
[06:07:44] [68/326] DCJN
[06:07:45] [69/326] SRKV
[06:07:46] [70/326] SAJC
[06:07:47] 🔄 Identity reset
[06:07:47] 🔄 Identity rotated (every 10 requests)
[06:07:47] [71/326] SUSR
[06:07:48] [72/326] STYG
[06:07:49] [73/326] NTKP
[06:07:50] [74/326] AKTG
[06:07:52] [75/326] CGCM
[06:07:53] [76/326] TULC
[06:07:54] [77/326] NYYZ
[06:07:55] [78/326] NYBW
[06:07:55] [79/326] MACB
[06:07:56] [80/326] SLVT
[06:07:57] 🔄 Identity reset
[06:07:57] 🔄 Identity rotated (every 10 requests)
[06:07:57] [81/326] SANA
[06:07:59] [82/326] ACMR
[06:08:00] [83/326] CPKN
[06:08:01] [84/326] DLGK
[06:08:02] [85/326] CWCK
[06:08:03] [86/326] FDDH
[06:08:05] [87/326] MMMD
[06:08:06] [88/326] CMEH
[06:08:07] [89/326] GGGV
[06:08:08] [90/326] SPJL
[06:08:08] 🔄 Identity reset
[06:08:08] 🔄 Identity rotated (every 10 requests)
[06:08:09] [91/326] RCCD
[06:08:09] [92/326] STTZ
[06:08:10] [93/326] BTCF
[06:08:11] [94/326] TSTZ
[06:08:12] [95/326] IPMM
[06:08:13] [96/326] PMPW
[06:08:14] [97/326] PCMZ
[06:08:14] [98/326] ESEM
[06:08:16] [99/326] PIPO
[06:08:18] [100/326] MATK
[06:08:18] 🔄 Identity reset
[06:08:18] 🔄 Identity rotated (every 10 requests)
[06:08:19] [101/326] PGHM
[06:08:19] [102/326] CTSR
[06:08:21] [103/326] CYKR
[06:08:21] [104/326] MSCM
[06:08:22] [105/326] RFNP
[06:08:23] [106/326] PDCP
[06:08:24] [107/326] NPSE
[06:08:25] [108/326] MKML
[06:08:26] [109/326] FTDP
[06:08:26] [110/326] MMXA
[06:08:27] 🔄 Identity reset
[06:08:27] 🔄 Identity rotated (every 10 requests)
[06:08:27] [111/326] CEPO
[06:08:29] [112/326] CMVP
[06:08:30] [113/326] SGTH
[06:08:31] [114/326] SAYN
[06:08:32] [115/326] URVS
[06:08:32] [116/326] VJTN
[06:08:34] [117/326] BBYK
[06:08:35] [118/326] SHBO
[06:08:35] [119/326] VCMR
[06:08:36] [120/326] MACT
[06:08:37] 🔄 Identity reset
[06:08:37] 🔄 Identity rotated (every 10 requests)
[06:08:37] [121/326] JMNP
[06:08:38] [122/326] VICS
[06:08:38] [123/326] VCDA
[06:08:40] [124/326] GCMM
[06:08:41] [125/326] INVS
[06:08:42] [126/326] SCGM
[06:08:43] [127/326] PCDA
[06:08:44] [128/326] KDCT
[06:08:45] [129/326] JACS
[06:08:46] [130/326] GMMC
[06:08:46] 🔄 Identity reset
[06:08:46] 🔄 Identity rotated (every 10 requests)
[06:08:46] [131/326] AICM
[06:08:47] [132/326] TJCM
[06:08:48] [133/326] RMTI
[06:08:50] [134/326] SHAC
[06:08:51] [135/326] APJC
[06:08:52] [136/326] GCTG
[06:08:53] [137/326] SSMC
[06:08:54] [138/326] THRM
[06:08:55] [139/326] RBCT
[06:08:56] [140/326] DIKT
[06:08:57] 🔄 Identity reset
[06:08:57] 🔄 Identity rotated (every 10 requests)
[06:08:58] [141/326] MIDL
[06:08:58] [142/326] VCSN
[06:08:59] [143/326] SKTG
[06:09:00] [144/326] SMWC
[06:09:01] [145/326] MNKH
[06:09:01] [146/326] PIAT
[06:09:03] [147/326] LTTP
[06:09:04] [148/326] PTPU
[06:09:05] [149/326] ACMG
[06:09:06] [150/326] SHMM
[06:09:06] 🔄 Identity reset
[06:09:06] 🔄 Identity rotated (every 10 requests)
[06:09:06] [151/326] MCMN
[06:09:07] [152/326] GLDC
[06:09:08] [153/326] HOUT
[06:09:09] [154/326] SVRP
[06:09:09] [155/326] PVDN
[06:09:10] [156/326] SCPY
[06:09:11] [157/326] DTPY
[06:09:11] [158/326] GKCS
[06:09:12] [159/326] NCAM
[06:09:13] [160/326] BSRM
[06:09:13] 🔄 Identity reset
[06:09:13] 🔄 Identity rotated (every 10 requests)
[06:09:14] [161/326] RCLC
[06:09:15] [162/326] SKKD
[06:09:16] [163/326] ACHU
[06:09:18] [164/326] RSCF
[06:09:19] [165/326] IMSH
[06:09:20] [166/326] MACX
[06:09:21] [167/326] HMMW
[06:09:22] [168/326] JTCP
[06:09:23] [169/326] SREN
[06:09:24] [170/326] PJRR
[06:09:25] 🔄 Identity reset
[06:09:25] 🔄 Identity rotated (every 10 requests)
[06:09:26] [171/326] INAC
[06:09:27] [172/326] BMCA
[06:09:28] [173/326] SHCB
[06:09:28] [174/326] GABA
[06:09:29] [175/326] SBCT
[06:09:30] [176/326] GCMA
[06:09:32] [177/326] MYTK
[06:09:33] [178/326] INZS
[06:09:34] [179/326] RMIK
[06:09:34] [180/326] NYCH
[06:09:35] 🔄 Identity reset
[06:09:35] 🔄 Identity rotated (every 10 requests)
[06:09:35] [181/326] RAVE
[06:09:36] [182/326] PSXM
[06:09:37] [183/326] MCGP
[06:09:38] [184/326] PDDK
[06:09:40] [185/326] SPCK
[06:09:40] [186/326] MCRL
[06:09:41] [187/326] MHKT
[06:09:42] [188/326] ANRR
[06:09:43] [189/326] SAPK
[06:09:45] [190/326] NCUK
[06:09:45] 🔄 Identity reset
[06:09:45] 🔄 Identity rotated (every 10 requests)
[06:09:46] [191/326] JUGA
[06:09:47] [192/326] DBSC
[06:09:47] [193/326] LALK
[06:09:48] [194/326] GUCK
[06:09:49] [195/326] STSG
[06:09:51] [196/326] PPPZ
[06:09:53] [197/326] CNCY
[06:09:54] [198/326] MTAR
[06:09:54] [199/326] VNKD
[06:09:56] [200/326] KMAJ
[06:09:57] 🔄 Identity reset
[06:09:57] 🔄 Identity rotated (every 10 requests)
[06:09:57] [201/326] ACXK
[06:09:58] [202/326] UTKC
[06:09:59] [203/326] PBLK
[06:10:00] [204/326] ACBX
[06:10:01] [205/326] PTGM
[06:10:02] [206/326] BTDA
[06:10:03] [207/326] PJMB
[06:10:05] [208/326] TPDA
[06:10:05] [209/326] AMOE
[06:10:06] [210/326] PRHT
[06:10:07] 🔄 Identity reset
[06:10:07] 🔄 Identity rotated (every 10 requests)
[06:10:07] [211/326] PRTA
[06:10:08] [212/326] STAM
[06:10:09] [213/326] MSAA
[06:10:10] [214/326] SDLU
[06:10:11] [215/326] RCHH
[06:10:12] [216/326] KANT
[06:10:14] [217/326] FCRT
[06:10:15] [218/326] DNKM
[06:10:16] [219/326] RYCP
[06:10:17] [220/326] MYRP
[06:10:18] 🔄 Identity reset
[06:10:18] 🔄 Identity rotated (every 10 requests)
[06:10:18] [221/326] PPAK
[06:10:19] [222/326] NVPK
[06:10:20] [223/326] PRMC
[06:10:21] [224/326] JBCS
[06:10:22] [225/326] GXCK
[06:10:24] [226/326] USKO
[06:10:25] [227/326] GTEM
[06:10:25] [228/326] SMBU
[06:10:26] [229/326] VETC
[06:10:27] [230/326] LCDA
[06:10:28] 🔄 Identity reset
[06:10:28] 🔄 Identity rotated (every 10 requests)
[06:10:28] [231/326] MTVT
[06:10:29] [232/326] PYCP
[06:10:30] [233/326] PNSC
[06:10:31] [234/326] PPCC
[06:10:33] [235/326] TGRT
[06:10:34] [236/326] JYOT
[06:10:35] [237/326] SRCZ
[06:10:36] [238/326] SJTE
[06:10:37] [239/326] DESC
[06:10:38] [240/326] JHVN
[06:10:39] 🔄 Identity reset
[06:10:39] 🔄 Identity rotated (every 10 requests)
[06:10:39] [241/326] IPSG
[06:10:41] [242/326] IPCM
[06:10:42] [243/326] PDRS
[06:10:43] [244/326] ANCV
[06:10:44] [245/326] CMVV
[06:10:45] [246/326] SHYP
[06:10:46] [247/326] DNCS
[06:10:47] [248/326] GAJK
[06:10:48] [249/326] AKTN
[06:10:49] [250/326] KAYA
[06:10:49] 🔄 Identity reset
[06:10:49] 🔄 Identity rotated (every 10 requests)
[06:10:50] [251/326] SBRC
[06:10:51] [252/326] CHTP
[06:10:53] [253/326] SHRT
[06:10:54] [254/326] BCKU
[06:10:56] [255/326] FCPS
[06:10:57] [256/326] ARDD
[06:10:59] [257/326] CPCM
[06:11:00] [258/326] CGSM
[06:11:01] [259/326] PSMP
[06:11:02] [260/326] SDAL
[06:11:03] 🔄 Identity reset
[06:11:03] 🔄 Identity rotated (every 10 requests)
[06:11:03] [261/326] RTNB
[06:11:05] [262/326] LMCR
[06:11:06] [263/326] CIMA
[06:11:07] [264/326] RNAS
[06:11:08] [265/326] LITH
[06:11:09] [266/326] PBOX
[06:11:11] [267/326] FRTS
[06:11:14] [268/326] RKIC
[06:11:15] [269/326] PTAI
[06:11:16] [270/326] GCIC
[06:11:17] 🔄 Identity reset
[06:11:17] 🔄 Identity rotated (every 10 requests)
[06:11:17] [271/326] FNAS
[06:11:19] [272/326] SCAR
[06:11:20] [273/326] MTCA
[06:11:21] [274/326] SCTS
[06:11:22] [275/326] SYCS
[06:11:23] [276/326] RDMS
[06:11:24] [277/326] KAMP
[06:11:25] [278/326] ERSD
[06:11:26] [279/326] MJMJ
[06:11:27] [280/326] SRCJ
[06:11:28] 🔄 Identity reset
[06:11:28] 🔄 Identity rotated (every 10 requests)
[06:11:29] [281/326] SCXE
[06:11:31] [282/326] SVFR
[06:11:33] [283/326] BHCS
[06:11:34] [284/326] IMCC
[06:11:35] [285/326] PCBO
[06:11:36] [286/326] PRVN
[06:11:37] [287/326] AUPM
[06:11:38] [288/326] INBW
[06:11:39] [289/326] SVCW
[06:11:40] [290/326] RKCF
[06:11:41] 🔄 Identity reset
[06:11:41] 🔄 Identity rotated (every 10 requests)
[06:11:42] [291/326] UVBH
[06:11:43] [292/326] DNCY
[06:11:44] [293/326] ABCN
[06:11:45] [294/326] PRUR
[06:11:46] [295/326] PFMR
[06:11:47] [296/326] RKCN
[06:11:48] [297/326] CFEA
[06:11:49] [298/326] SDBG
[06:11:51] [299/326] SNAR
[06:11:51] [300/326] YISI
[06:11:52] 🔄 Identity reset
[06:11:52] 🔄 Identity rotated (every 10 requests)
[06:11:52] [301/326] JCFF
[06:11:54] [302/326] VTRK
[06:11:55] [303/326] PCLZ
[06:11:57] [304/326] DIMY
[06:11:58] [305/326] BBTS
[06:11:58] [306/326] GATH
[06:11:59] [307/326] GTMN
[06:12:00] [308/326] VTMH
[06:12:02] [309/326] CCKP
[06:12:03] [310/326] GPKA
[06:12:03] 🔄 Identity reset
[06:12:03] 🔄 Identity rotated (every 10 requests)
[06:12:04] [311/326] MHCL
[06:12:05] [312/326] ATCL
[06:12:06] [313/326] SBCK
[06:12:07] [314/326] AMMR
[06:12:08] [315/326] MADC
[06:12:09] [316/326] TMMA
[06:12:10] [317/326] CACC
[06:12:11] [318/326] CHAL
[06:12:12] [319/326] DURG
[06:12:13] [320/326] GMKU
[06:12:13] 🔄 Identity reset
[06:12:13] 🔄 Identity rotated (every 10 requests)
[06:12:14] [321/326] GECA
[06:12:15] [322/326] KYRR
[06:12:16] [323/326] KSDE
[06:12:17] [324/326] LMCI
[06:12:18] [325/326] NKCP
[06:12:20] [326/326] BGTC
[06:12:21] ✅ DONE | Shows=133 | Movies=33
[07:06:28] 🚀 BMS DAILY TRACKER STARTED (enhanced anti‑detection)
[07:06:28] [1/326] BSAT
[07:06:29] 🧠 New identity created
[07:06:30] [2/326] RSSM
[07:06:31] [3/326] GCTA
[07:06:32] [4/326] TOPN
[07:06:33] [5/326] MCUS
[07:06:34] [6/326] SHRL
[07:06:36] [7/326] UPTP
[07:06:37] [8/326] TMMP
[07:06:38] [9/326] DNRP
[07:06:39] [10/326] SRLT
[07:06:39] 🔄 Identity reset
[07:06:39] 🔄 Identity rotated (every 10 requests)
[07:06:40] [11/326] RCNS
[07:06:41] [12/326] DCBH
[07:06:42] [13/326] NAGJ
[07:06:44] [14/326] JVRC
[07:06:46] [15/326] KRJG
[07:06:48] [16/326] SRTJ
[07:06:49] [17/326] CMXM
[07:06:51] [18/326] STMI
[07:06:53] [19/326] SLST
[07:06:54] [20/326] DTCN
[07:06:54] 🔄 Identity reset
[07:06:54] 🔄 Identity rotated (every 10 requests)
[07:06:55] [21/326] STYN
[07:06:57] [22/326] SZVR
[07:06:59] [23/326] SRKO
[07:07:00] [24/326] JTGT
[07:07:02] [25/326] SVFD
[07:07:03] [26/326] SISD
[07:07:05] [27/326] ABDD
[07:07:06] [28/326] DRCA
[07:07:08] [29/326] AVCS
[07:07:09] [30/326] MVKH
[07:07:10] 🔄 Identity reset
[07:07:10] 🔄 Identity rotated (every 10 requests)
[07:07:11] [31/326] ACPR
[07:07:12] [32/326] STIP
[07:07:14] [33/326] MTRA
[07:07:15] [34/326] RMKH
[07:07:16] [35/326] NKRL
[07:07:17] [36/326] PCWN
[07:07:18] [37/326] BLMT
[07:07:19] [38/326] GDPG
[07:07:20] [39/326] SRMX
[07:07:21] [40/326] JACP
[07:07:22] 🔄 Identity reset
[07:07:22] 🔄 Identity rotated (every 10 requests)
[07:07:22] [41/326] CPSH
[07:07:24] [42/326] MCCD
[07:07:25] [43/326] ECGH
[07:07:27] [44/326] MKCK
[07:07:28] [45/326] SRMM
[07:07:29] [46/326] SKYR
[07:07:31] [47/326] PCKC
[07:07:33] [48/326] JCMA
[07:07:35] [49/326] BSMP
[07:07:35] [50/326] VSPA
[07:07:36] 🔄 Identity reset
[07:07:36] 🔄 Identity rotated (every 10 requests)
[07:07:37] [51/326] DJYA
[07:07:39] [52/326] DIMP
[07:07:40] [53/326] FXDR
[07:07:41] [54/326] SSRC
[07:07:43] [55/326] STHP
[07:07:44] [56/326] CPPD
[07:07:45] [57/326] FCLK
[07:07:46] [58/326] SCPP
[07:07:48] [59/326] DCMJ
[07:07:49] [60/326] RCCR
[07:07:50] 🔄 Identity reset
[07:07:50] 🔄 Identity rotated (every 10 requests)
[07:07:51] [61/326] INMT
[07:07:52] [62/326] LXTK
[07:07:54] [63/326] SRYK
[07:07:56] [64/326] SGDK
[07:07:57] [65/326] PPKA
[07:07:58] [66/326] SPKA
[07:08:00] [67/326] CGHH
[07:08:01] [68/326] DCJN
[07:08:02] [69/326] SRKV
[07:08:04] [70/326] SAJC
[07:08:04] 🔄 Identity reset
[07:08:04] 🔄 Identity rotated (every 10 requests)
[07:08:05] [71/326] SUSR
[07:08:07] [72/326] STYG
[07:08:09] [73/326] NTKP
[07:08:11] [74/326] AKTG
[07:08:12] [75/326] CGCM
[07:08:14] [76/326] TULC
[07:08:15] [77/326] NYYZ
[07:08:16] [78/326] NYBW
[07:08:18] [79/326] MACB
[07:08:19] [80/326] SLVT
[07:08:20] 🔄 Identity reset
[07:08:20] 🔄 Identity rotated (every 10 requests)
[07:08:21] [81/326] SANA
[07:08:22] [82/326] ACMR
[07:08:23] [83/326] CPKN
[07:08:25] [84/326] DLGK
[07:08:27] [85/326] CWCK
[07:08:28] [86/326] FDDH
[07:08:30] [87/326] MMMD
[07:08:31] [88/326] CMEH
[07:08:32] [89/326] GGGV
[07:08:33] [90/326] SPJL
[07:08:34] 🔄 Identity reset
[07:08:34] 🔄 Identity rotated (every 10 requests)
[07:08:35] [91/326] RCCD
[07:08:36] [92/326] STTZ
[07:08:37] [93/326] BTCF
[07:08:38] [94/326] TSTZ
[07:08:40] [95/326] IPMM
[07:08:42] [96/326] PMPW
[07:08:43] [97/326] PCMZ
[07:08:45] [98/326] ESEM
[07:08:46] [99/326] PIPO
[07:08:48] [100/326] MATK
[07:08:48] 🔄 Identity reset
[07:08:48] 🔄 Identity rotated (every 10 requests)
[07:08:50] [101/326] PGHM
[07:08:50] [102/326] CTSR
[07:08:52] [103/326] CYKR
[07:08:53] [104/326] MSCM
[07:08:55] [105/326] RFNP
[07:08:57] [106/326] PDCP
[07:08:57] [107/326] NPSE
[07:08:58] [108/326] MKML
[07:08:59] [109/326] FTDP
[07:09:00] [110/326] MMXA
[07:09:01] 🔄 Identity reset
[07:09:01] 🔄 Identity rotated (every 10 requests)
[07:09:01] [111/326] CEPO
[07:09:03] [112/326] CMVP
[07:09:04] [113/326] SGTH
[07:09:05] [114/326] SAYN
[07:09:07] [115/326] URVS
[07:09:08] [116/326] VJTN
[07:09:09] [117/326] BBYK
[07:09:11] [118/326] SHBO
[07:09:13] [119/326] VCMR
[07:09:14] [120/326] MACT
[07:09:15] 🔄 Identity reset
[07:09:15] 🔄 Identity rotated (every 10 requests)
[07:09:16] [121/326] JMNP
[07:09:17] [122/326] VICS
[07:09:19] [123/326] VCDA
[07:09:21] [124/326] GCMM
[07:09:22] [125/326] INVS
[07:09:24] [126/326] SCGM
[07:09:25] [127/326] PCDA
[07:09:27] [128/326] KDCT
[07:09:29] [129/326] JACS
[07:09:31] [130/326] GMMC
[07:09:31] 🔄 Identity reset
[07:09:31] 🔄 Identity rotated (every 10 requests)
[07:09:33] [131/326] AICM
[07:09:35] [132/326] TJCM
[07:09:36] [133/326] RMTI
[07:09:38] [134/326] SHAC
[07:09:39] [135/326] APJC
[07:09:41] [136/326] GCTG
[07:09:43] [137/326] SSMC
[07:09:45] [138/326] THRM
[07:09:47] [139/326] RBCT
[07:09:48] [140/326] DIKT
[07:09:48] 🔄 Identity reset
[07:09:48] 🔄 Identity rotated (every 10 requests)
[07:09:48] [141/326] MIDL
[07:09:50] [142/326] VCSN
[07:09:52] [143/326] SKTG
[07:09:54] [144/326] SMWC
[07:09:56] [145/326] MNKH
[07:09:57] [146/326] PIAT
[07:09:59] [147/326] LTTP
[07:10:01] [148/326] PTPU
[07:10:03] [149/326] ACMG
[07:10:04] [150/326] SHMM
[07:10:05] 🔄 Identity reset
[07:10:05] 🔄 Identity rotated (every 10 requests)
[07:10:05] [151/326] MCMN
[07:10:07] [152/326] GLDC
[07:10:08] [153/326] HOUT
[07:10:09] [154/326] SVRP
[07:10:11] [155/326] PVDN
[07:10:12] [156/326] SCPY
[07:10:13] [157/326] DTPY
[07:10:14] [158/326] GKCS
[07:10:15] [159/326] NCAM
[07:10:17] [160/326] BSRM
[07:10:18] 🔄 Identity reset
[07:10:18] 🔄 Identity rotated (every 10 requests)
[07:10:19] [161/326] RCLC
[07:10:20] [162/326] SKKD
[07:10:21] [163/326] ACHU
[07:10:23] [164/326] RSCF
[07:10:24] [165/326] IMSH
[07:10:26] [166/326] MACX
[07:10:27] [167/326] HMMW
[07:10:29] [168/326] JTCP
[07:10:31] [169/326] SREN
[07:10:32] [170/326] PJRR
[07:10:32] 🔄 Identity reset
[07:10:32] 🔄 Identity rotated (every 10 requests)
[07:10:34] [171/326] INAC
[07:10:35] [172/326] BMCA
[07:10:37] [173/326] SHCB
[07:10:38] [174/326] GABA
[07:10:39] [175/326] SBCT
[07:10:41] [176/326] GCMA
[07:10:43] [177/326] MYTK
[07:10:44] [178/326] INZS
[07:10:46] [179/326] RMIK
[07:10:48] [180/326] NYCH
[07:10:48] 🔄 Identity reset
[07:10:48] 🔄 Identity rotated (every 10 requests)
[07:10:49] [181/326] RAVE
[07:10:50] [182/326] PSXM
[07:10:52] [183/326] MCGP
[07:10:54] [184/326] PDDK
[07:10:55] [185/326] SPCK
[07:10:57] [186/326] MCRL
[07:10:58] [187/326] MHKT
[07:11:00] [188/326] ANRR
[07:11:01] [189/326] SAPK
[07:11:03] [190/326] NCUK
[07:11:04] 🔄 Identity reset
[07:11:04] 🔄 Identity rotated (every 10 requests)
[07:11:05] [191/326] JUGA
[07:11:06] [192/326] DBSC
[07:11:07] [193/326] LALK
[07:11:08] [194/326] GUCK
[07:11:09] [195/326] STSG
[07:11:10] [196/326] PPPZ
[07:11:11] [197/326] CNCY
[07:11:12] [198/326] MTAR
[07:11:14] [199/326] VNKD
[07:11:15] [200/326] KMAJ
[07:11:16] 🔄 Identity reset
[07:11:16] 🔄 Identity rotated (every 10 requests)
[07:11:17] [201/326] ACXK
[07:11:18] [202/326] UTKC
[07:11:20] [203/326] PBLK
[07:11:21] [204/326] ACBX
[07:11:23] [205/326] PTGM
[07:11:24] [206/326] BTDA
[07:11:25] [207/326] PJMB
[07:11:26] [208/326] TPDA
[07:11:28] [209/326] AMOE
[07:11:30] [210/326] PRHT
[07:11:30] 🔄 Identity reset
[07:11:30] 🔄 Identity rotated (every 10 requests)
[07:11:31] [211/326] PRTA
[07:11:33] [212/326] STAM
[07:11:34] [213/326] MSAA
[07:11:36] [214/326] SDLU
[07:11:37] [215/326] RCHH
[07:11:39] [216/326] KANT
[07:11:41] [217/326] FCRT
[07:11:42] [218/326] DNKM
[07:11:44] [219/326] RYCP
[07:11:44] [220/326] MYRP
[07:11:45] 🔄 Identity reset
[07:11:45] 🔄 Identity rotated (every 10 requests)
[07:11:46] [221/326] PPAK
[07:11:48] [222/326] NVPK
[07:11:50] [223/326] PRMC
[07:11:51] [224/326] JBCS
[07:11:52] [225/326] GXCK
[07:11:54] [226/326] USKO
[07:11:55] [227/326] GTEM
[07:11:57] [228/326] SMBU
[07:11:58] [229/326] VETC
[07:12:00] [230/326] LCDA
[07:12:01] 🔄 Identity reset
[07:12:01] 🔄 Identity rotated (every 10 requests)
[07:12:02] [231/326] MTVT
[07:12:04] [232/326] PYCP
[07:12:05] [233/326] PNSC
[07:12:07] [234/326] PPCC
[07:12:09] [235/326] TGRT
[07:12:10] [236/326] JYOT
[07:12:12] [237/326] SRCZ
[07:12:14] [238/326] SJTE
[07:12:15] [239/326] DESC
[07:12:17] [240/326] JHVN
[07:12:18] 🔄 Identity reset
[07:12:18] 🔄 Identity rotated (every 10 requests)
[07:12:19] [241/326] IPSG
[07:12:20] [242/326] IPCM
[07:12:21] [243/326] PDRS
[07:12:22] [244/326] ANCV
[07:12:24] [245/326] CMVV
[07:12:25] [246/326] SHYP
[07:12:27] [247/326] DNCS
[07:12:29] [248/326] GAJK
[07:12:30] [249/326] AKTN
[07:12:31] [250/326] KAYA
[07:12:31] 🔄 Identity reset
[07:12:31] 🔄 Identity rotated (every 10 requests)
[07:12:33] [251/326] SBRC
[07:12:34] [252/326] CHTP
[07:12:35] [253/326] SHRT
[07:12:37] [254/326] BCKU
[07:12:39] [255/326] FCPS
[07:12:40] [256/326] ARDD
[07:12:41] [257/326] CPCM
[07:12:42] [258/326] CGSM
[07:12:44] [259/326] PSMP
[07:12:45] [260/326] SDAL
[07:12:46] 🔄 Identity reset
[07:12:46] 🔄 Identity rotated (every 10 requests)
[07:12:46] [261/326] RTNB
[07:12:47] [262/326] LMCR
[07:12:49] [263/326] CIMA
[07:12:50] [264/326] RNAS
[07:12:51] [265/326] LITH
[07:12:53] [266/326] PBOX
[07:12:54] [267/326] FRTS
[07:12:55] [268/326] RKIC
[07:12:56] [269/326] PTAI
[07:12:58] [270/326] GCIC
[07:12:59] 🔄 Identity reset
[07:12:59] 🔄 Identity rotated (every 10 requests)
[07:13:00] [271/326] FNAS
[07:13:01] [272/326] SCAR
[07:13:03] [273/326] MTCA
[07:13:04] [274/326] SCTS
[07:13:06] [275/326] SYCS
[07:13:08] [276/326] RDMS
[07:13:08] [277/326] KAMP
[07:13:10] [278/326] ERSD
[07:13:12] [279/326] MJMJ
[07:13:13] [280/326] SRCJ
[07:13:14] 🔄 Identity reset
[07:13:14] 🔄 Identity rotated (every 10 requests)
[07:13:15] [281/326] SCXE
[07:13:17] [282/326] SVFR
[07:13:19] [283/326] BHCS
[07:13:19] [284/326] IMCC
[07:13:20] [285/326] PCBO
[07:13:21] [286/326] PRVN
[07:13:22] [287/326] AUPM
[07:13:24] [288/326] INBW
[07:13:25] [289/326] SVCW
[07:13:26] [290/326] RKCF
[07:13:27] 🔄 Identity reset
[07:13:27] 🔄 Identity rotated (every 10 requests)
[07:13:27] [291/326] UVBH
[07:13:28] [292/326] DNCY
[07:13:29] [293/326] ABCN
[07:13:31] [294/326] PRUR
[07:13:33] [295/326] PFMR
[07:13:34] [296/326] RKCN
[07:13:35] [297/326] CFEA
[07:13:37] [298/326] SDBG
[07:13:39] [299/326] SNAR
[07:13:40] [300/326] YISI
[07:13:40] 🔄 Identity reset
[07:13:40] 🔄 Identity rotated (every 10 requests)
[07:13:41] [301/326] JCFF
[07:13:43] [302/326] VTRK
[07:13:45] [303/326] PCLZ
[07:13:46] [304/326] DIMY
[07:13:48] [305/326] BBTS
[07:13:50] [306/326] GATH
[07:13:52] [307/326] GTMN
[07:13:53] [308/326] VTMH
[07:13:54] [309/326] CCKP
[07:13:56] [310/326] GPKA
[07:13:57] 🔄 Identity reset
[07:13:57] 🔄 Identity rotated (every 10 requests)
[07:13:58] [311/326] MHCL
[07:13:59] [312/326] ATCL
[07:14:01] [313/326] SBCK
[07:14:03] [314/326] AMMR
[07:14:04] [315/326] MADC
[07:14:06] [316/326] TMMA
[07:14:08] [317/326] CACC
[07:14:09] [318/326] CHAL
[07:14:11] [319/326] DURG
[07:14:12] [320/326] GMKU
[07:14:13] 🔄 Identity reset
[07:14:13] 🔄 Identity rotated (every 10 requests)
[07:14:14] [321/326] GECA
[07:14:15] [322/326] KYRR
[07:14:16] [323/326] KSDE
[07:14:17] [324/326] LMCI
[07:14:18] [325/326] NKCP
[07:14:20] [326/326] BGTC
[07:14:21] ✅ DONE | Shows=317 | Movies=51
[08:06:28] 🚀 BMS DAILY TRACKER STARTED (enhanced anti‑detection)
[08:06:28] [1/326] BSAT
[08:06:28] 🧠 New identity created
[08:06:29] [2/326] RSSM
[08:06:29] [3/326] GCTA
[08:06:30] [4/326] TOPN
[08:06:31] [5/326] MCUS
[08:06:32] [6/326] SHRL
[08:06:33] [7/326] UPTP
[08:06:34] [8/326] TMMP
[08:06:36] [9/326] DNRP
[08:06:37] [10/326] SRLT
[08:06:37] 🔄 Identity reset
[08:06:37] 🔄 Identity rotated (every 10 requests)
[08:06:38] [11/326] RCNS
[08:06:39] [12/326] DCBH
[08:06:39] [13/326] NAGJ
[08:06:40] [14/326] JVRC
[08:06:41] [15/326] KRJG
[08:06:43] [16/326] SRTJ
[08:06:44] [17/326] CMXM
[08:06:45] [18/326] STMI
[08:06:47] [19/326] SLST
[08:06:48] [20/326] DTCN
[08:06:49] 🔄 Identity reset
[08:06:49] 🔄 Identity rotated (every 10 requests)
[08:06:50] [21/326] STYN
[08:06:51] [22/326] SZVR
[08:06:52] [23/326] SRKO
[08:06:53] [24/326] JTGT
[08:06:55] [25/326] SVFD
[08:06:55] [26/326] SISD
[08:06:56] [27/326] ABDD
[08:06:57] [28/326] DRCA
[08:06:58] [29/326] AVCS
[08:06:59] [30/326] MVKH
[08:07:00] 🔄 Identity reset
[08:07:00] 🔄 Identity rotated (every 10 requests)
[08:07:00] [31/326] ACPR
[08:07:01] [32/326] STIP
[08:07:01] [33/326] MTRA
[08:07:02] [34/326] RMKH
[08:07:03] [35/326] NKRL
[08:07:04] [36/326] PCWN
[08:07:05] [37/326] BLMT
[08:07:06] [38/326] GDPG
[08:07:07] [39/326] SRMX
[08:07:08] [40/326] JACP
[08:07:09] 🔄 Identity reset
[08:07:09] 🔄 Identity rotated (every 10 requests)
[08:07:10] [41/326] CPSH
[08:07:11] [42/326] MCCD
[08:07:11] [43/326] ECGH
[08:07:12] [44/326] MKCK
[08:07:13] [45/326] SRMM
[08:07:14] [46/326] SKYR
[08:07:16] [47/326] PCKC
[08:07:17] [48/326] JCMA
[08:07:18] [49/326] BSMP
[08:07:19] [50/326] VSPA
[08:07:19] 🔄 Identity reset
[08:07:19] 🔄 Identity rotated (every 10 requests)
[08:07:20] [51/326] DJYA
[08:07:20] [52/326] DIMP
[08:07:22] [53/326] FXDR
[08:07:23] [54/326] SSRC
[08:07:24] [55/326] STHP
[08:07:25] [56/326] CPPD
[08:07:26] [57/326] FCLK
[08:07:26] [58/326] SCPP
[08:07:27] [59/326] DCMJ
[08:07:28] [60/326] RCCR
[08:07:29] 🔄 Identity reset
[08:07:29] 🔄 Identity rotated (every 10 requests)
[08:07:29] [61/326] INMT
[08:07:31] [62/326] LXTK
[08:07:32] [63/326] SRYK
[08:07:34] [64/326] SGDK
[08:07:34] [65/326] PPKA
[08:07:35] [66/326] SPKA
[08:07:36] [67/326] CGHH
[08:07:37] [68/326] DCJN
[08:07:38] [69/326] SRKV
[08:07:39] [70/326] SAJC
[08:07:40] 🔄 Identity reset
[08:07:40] 🔄 Identity rotated (every 10 requests)
[08:07:40] [71/326] SUSR
[08:07:41] [72/326] STYG
[08:07:42] [73/326] NTKP
[08:07:43] [74/326] AKTG
[08:07:45] [75/326] CGCM
[08:07:46] [76/326] TULC
[08:07:48] [77/326] NYYZ
[08:07:48] [78/326] NYBW
[08:07:50] [79/326] MACB
[08:07:51] [80/326] SLVT
[08:07:51] 🔄 Identity reset
[08:07:51] 🔄 Identity rotated (every 10 requests)
[08:07:51] [81/326] SANA
[08:07:52] [82/326] ACMR
[08:07:53] [83/326] CPKN
[08:07:54] [84/326] DLGK
[08:07:56] [85/326] CWCK
[08:07:56] [86/326] FDDH
[08:07:58] [87/326] MMMD
[08:08:00] [88/326] CMEH
[08:08:01] [89/326] GGGV
[08:08:02] [90/326] SPJL
[08:08:03] 🔄 Identity reset
[08:08:03] 🔄 Identity rotated (every 10 requests)
[08:08:03] [91/326] RCCD
[08:08:04] [92/326] STTZ
[08:08:05] [93/326] BTCF
[08:08:06] [94/326] TSTZ
[08:08:07] [95/326] IPMM
[08:08:08] [96/326] PMPW
[08:08:09] [97/326] PCMZ
[08:08:11] [98/326] ESEM
[08:08:12] [99/326] PIPO
[08:08:13] [100/326] MATK
[08:08:14] 🔄 Identity reset
[08:08:14] 🔄 Identity rotated (every 10 requests)
[08:08:15] [101/326] PGHM
[08:08:16] [102/326] CTSR
[08:08:17] [103/326] CYKR
[08:08:18] [104/326] MSCM
[08:08:19] [105/326] RFNP
[08:08:20] [106/326] PDCP
[08:08:20] [107/326] NPSE
[08:08:21] [108/326] MKML
[08:08:22] [109/326] FTDP
[08:08:23] [110/326] MMXA
[08:08:24] 🔄 Identity reset
[08:08:24] 🔄 Identity rotated (every 10 requests)
[08:08:24] [111/326] CEPO
[08:08:25] [112/326] CMVP
[08:08:26] [113/326] SGTH
[08:08:26] [114/326] SAYN
[08:08:27] [115/326] URVS
[08:08:29] [116/326] VJTN
[08:08:30] [117/326] BBYK
[08:08:31] [118/326] SHBO
[08:08:33] [119/326] VCMR
[08:08:34] [120/326] MACT
[08:08:34] 🔄 Identity reset
[08:08:34] 🔄 Identity rotated (every 10 requests)
[08:08:35] [121/326] JMNP
[08:08:35] [122/326] VICS
[08:08:37] [123/326] VCDA
[08:08:38] [124/326] GCMM
[08:08:39] [125/326] INVS
[08:08:40] [126/326] SCGM
[08:08:41] [127/326] PCDA
[08:08:42] [128/326] KDCT
[08:08:43] [129/326] JACS
[08:08:43] [130/326] GMMC
[08:08:44] 🔄 Identity reset
[08:08:44] 🔄 Identity rotated (every 10 requests)
[08:08:44] [131/326] AICM
[08:08:45] [132/326] TJCM
[08:08:46] [133/326] RMTI
[08:08:47] [134/326] SHAC
[08:08:48] [135/326] APJC
[08:08:49] [136/326] GCTG
[08:08:50] [137/326] SSMC
[08:08:51] [138/326] THRM
[08:08:52] [139/326] RBCT
[08:08:54] [140/326] DIKT
[08:08:54] 🔄 Identity reset
[08:08:54] 🔄 Identity rotated (every 10 requests)
[08:08:55] [141/326] MIDL
[08:08:56] [142/326] VCSN
[08:08:57] [143/326] SKTG
[08:08:59] [144/326] SMWC
[08:08:59] [145/326] MNKH
[08:09:00] [146/326] PIAT
[08:09:01] [147/326] LTTP
[08:09:02] [148/326] PTPU
[08:09:04] [149/326] ACMG
[08:09:06] [150/326] SHMM
[08:09:06] 🔄 Identity reset
[08:09:06] 🔄 Identity rotated (every 10 requests)
[08:09:07] [151/326] MCMN
[08:09:08] [152/326] GLDC
[08:09:09] [153/326] HOUT
[08:09:10] [154/326] SVRP
[08:09:10] [155/326] PVDN
[08:09:11] [156/326] SCPY
[08:09:12] [157/326] DTPY
[08:09:13] [158/326] GKCS
[08:09:13] [159/326] NCAM
[08:09:14] [160/326] BSRM
[08:09:15] 🔄 Identity reset
[08:09:15] 🔄 Identity rotated (every 10 requests)
[08:09:16] [161/326] RCLC
[08:09:17] [162/326] SKKD
[08:09:18] [163/326] ACHU
[08:09:19] [164/326] RSCF
[08:09:20] [165/326] IMSH
[08:09:22] [166/326] MACX
[08:09:23] [167/326] HMMW
[08:09:24] [168/326] JTCP
[08:09:25] [169/326] SREN
[08:09:26] [170/326] PJRR
[08:09:26] 🔄 Identity reset
[08:09:26] 🔄 Identity rotated (every 10 requests)
[08:09:28] [171/326] INAC
[08:09:29] [172/326] BMCA
[08:09:30] [173/326] SHCB
[08:09:31] [174/326] GABA
[08:09:32] [175/326] SBCT
[08:09:33] [176/326] GCMA
[08:09:35] [177/326] MYTK
[08:09:35] [178/326] INZS
[08:09:36] [179/326] RMIK
[08:09:37] [180/326] NYCH
[08:09:38] 🔄 Identity reset
[08:09:38] 🔄 Identity rotated (every 10 requests)
[08:09:39] [181/326] RAVE
[08:09:40] [182/326] PSXM
[08:09:41] [183/326] MCGP
[08:09:42] [184/326] PDDK
[08:09:43] [185/326] SPCK
[08:09:43] [186/326] MCRL
[08:09:45] [187/326] MHKT
[08:09:46] [188/326] ANRR
[08:09:47] [189/326] SAPK
[08:09:48] [190/326] NCUK
[08:09:48] 🔄 Identity reset
[08:09:48] 🔄 Identity rotated (every 10 requests)
[08:09:48] [191/326] JUGA
[08:09:49] [192/326] DBSC
[08:09:50] [193/326] LALK
[08:09:51] [194/326] GUCK
[08:09:52] [195/326] STSG
[08:09:54] [196/326] PPPZ
[08:09:55] [197/326] CNCY
[08:09:56] [198/326] MTAR
[08:09:57] [199/326] VNKD
[08:09:57] [200/326] KMAJ
[08:09:58] 🔄 Identity reset
[08:09:58] 🔄 Identity rotated (every 10 requests)
[08:09:59] [201/326] ACXK
[08:10:01] [202/326] UTKC
[08:10:02] [203/326] PBLK
[08:10:03] [204/326] ACBX
[08:10:04] [205/326] PTGM
[08:10:05] [206/326] BTDA
[08:10:06] [207/326] PJMB
[08:10:07] [208/326] TPDA
[08:10:08] [209/326] AMOE
[08:10:10] [210/326] PRHT
[08:10:10] 🔄 Identity reset
[08:10:11] 🔄 Identity rotated (every 10 requests)
[08:10:11] [211/326] PRTA
[08:10:12] [212/326] STAM
[08:10:13] [213/326] MSAA
[08:10:14] [214/326] SDLU
[08:10:15] [215/326] RCHH
[08:10:16] [216/326] KANT
[08:10:18] [217/326] FCRT
[08:10:18] [218/326] DNKM
[08:10:19] [219/326] RYCP
[08:10:20] [220/326] MYRP
[08:10:21] 🔄 Identity reset
[08:10:21] 🔄 Identity rotated (every 10 requests)
[08:10:21] [221/326] PPAK
[08:10:22] [222/326] NVPK
[08:10:23] [223/326] PRMC
[08:10:24] [224/326] JBCS
[08:10:25] [225/326] GXCK
[08:10:27] [226/326] USKO
[08:10:28] [227/326] GTEM
[08:10:30] [228/326] SMBU
[08:10:31] [229/326] VETC
[08:10:32] [230/326] LCDA
[08:10:33] 🔄 Identity reset
[08:10:33] 🔄 Identity rotated (every 10 requests)
[08:10:33] [231/326] MTVT
[08:10:34] [232/326] PYCP
[08:10:35] [233/326] PNSC
[08:10:37] [234/326] PPCC
[08:10:38] [235/326] TGRT
[08:10:39] [236/326] JYOT
[08:10:40] [237/326] SRCZ
[08:10:42] [238/326] SJTE
[08:10:44] [239/326] DESC
[08:10:44] [240/326] JHVN
[08:10:45] 🔄 Identity reset
[08:10:45] 🔄 Identity rotated (every 10 requests)
[08:10:45] [241/326] IPSG
[08:10:47] [242/326] IPCM
[08:10:48] [243/326] PDRS
[08:10:49] [244/326] ANCV
[08:10:51] [245/326] CMVV
[08:10:52] [246/326] SHYP
[08:10:52] [247/326] DNCS
[08:10:54] [248/326] GAJK
[08:10:55] [249/326] AKTN
[08:10:56] [250/326] KAYA
[08:10:57] 🔄 Identity reset
[08:10:57] 🔄 Identity rotated (every 10 requests)
[08:10:58] [251/326] SBRC
[08:10:58] [252/326] CHTP
[08:10:59] [253/326] SHRT
[08:11:01] [254/326] BCKU
[08:11:02] [255/326] FCPS
[08:11:04] [256/326] ARDD
[08:11:05] [257/326] CPCM
[08:11:05] [258/326] CGSM
[08:11:07] [259/326] PSMP
[08:11:08] [260/326] SDAL
[08:11:08] 🔄 Identity reset
[08:11:08] 🔄 Identity rotated (every 10 requests)
[08:11:09] [261/326] RTNB
[08:11:11] [262/326] LMCR
[08:11:12] [263/326] CIMA
[08:11:13] [264/326] RNAS
[08:11:14] [265/326] LITH
[08:11:14] [266/326] PBOX
[08:11:16] [267/326] FRTS
[08:11:17] [268/326] RKIC
[08:11:17] [269/326] PTAI
[08:11:19] [270/326] GCIC
[08:11:20] 🔄 Identity reset
[08:11:20] 🔄 Identity rotated (every 10 requests)
[08:11:20] [271/326] FNAS
[08:11:21] [272/326] SCAR
[08:11:22] [273/326] MTCA
[08:11:23] [274/326] SCTS
[08:11:24] [275/326] SYCS
[08:11:25] [276/326] RDMS
[08:11:26] [277/326] KAMP
[08:11:27] [278/326] ERSD
[08:11:28] [279/326] MJMJ
[08:11:29] [280/326] SRCJ
[08:11:30] 🔄 Identity reset
[08:11:30] 🔄 Identity rotated (every 10 requests)
[08:11:31] [281/326] SCXE
[08:11:32] [282/326] SVFR
[08:11:33] [283/326] BHCS
[08:11:34] [284/326] IMCC
[08:11:35] [285/326] PCBO
[08:11:36] [286/326] PRVN
[08:11:37] [287/326] AUPM
[08:11:39] [288/326] INBW
[08:11:40] [289/326] SVCW
[08:11:42] [290/326] RKCF
[08:11:43] 🔄 Identity reset
[08:11:43] 🔄 Identity rotated (every 10 requests)
[08:11:43] [291/326] UVBH
[08:11:45] [292/326] DNCY
[08:11:45] [293/326] ABCN
[08:11:46] [294/326] PRUR
[08:11:48] [295/326] PFMR
[08:11:49] [296/326] RKCN
[08:11:50] [297/326] CFEA
[08:11:51] [298/326] SDBG
[08:11:52] [299/326] SNAR
[08:11:53] [300/326] YISI
[08:11:54] 🔄 Identity reset
[08:11:54] 🔄 Identity rotated (every 10 requests)
[08:11:54] [301/326] JCFF
[08:11:55] [302/326] VTRK
[08:11:56] [303/326] PCLZ
[08:11:57] [304/326] DIMY
[08:11:58] [305/326] BBTS
[08:11:59] [306/326] GATH
[08:12:00] [307/326] GTMN
[08:12:01] [308/326] VTMH
[08:12:03] [309/326] CCKP
[08:12:04] [310/326] GPKA
[08:12:04] 🔄 Identity reset
[08:12:04] 🔄 Identity rotated (every 10 requests)
[08:12:05] [311/326] MHCL
[08:12:05] [312/326] ATCL
[08:12:06] [313/326] SBCK
[08:12:07] [314/326] AMMR
[08:12:08] [315/326] MADC
[08:12:09] [316/326] TMMA
[08:12:11] [317/326] CACC
[08:12:12] [318/326] CHAL
[08:12:13] [319/326] DURG
[08:12:15] [320/326] GMKU
[08:12:15] 🔄 Identity reset
[08:12:15] 🔄 Identity rotated (every 10 requests)
[08:12:16] [321/326] GECA
[08:12:17] [322/326] KYRR
[08:12:18] [323/326] KSDE
[08:12:18] [324/326] LMCI
[08:12:19] [325/326] NKCP
[08:12:21] [326/326] BGTC
[08:12:23] ✅ DONE | Shows=494 | Movies=67
[09:06:22] 🚀 BMS DAILY TRACKER STARTED (enhanced anti‑detection)
[09:06:22] [1/326] BSAT
[09:06:22] 🧠 New identity created
[09:06:23] [2/326] RSSM
[09:06:24] [3/326] GCTA
[09:06:24] [4/326] TOPN
[09:06:25] [5/326] MCUS
[09:06:26] [6/326] SHRL
[09:06:27] [7/326] UPTP
[09:06:28] [8/326] TMMP
[09:06:29] [9/326] DNRP
[09:06:29] [10/326] SRLT
[09:06:30] 🔄 Identity reset
[09:06:30] 🔄 Identity rotated (every 10 requests)
[09:06:31] [11/326] RCNS
[09:06:32] [12/326] DCBH
[09:06:33] [13/326] NAGJ
[09:06:34] [14/326] JVRC
[09:06:35] [15/326] KRJG
[09:06:36] [16/326] SRTJ
[09:06:37] [17/326] CMXM
[09:06:37] [18/326] STMI
[09:06:38] [19/326] SLST
[09:06:39] [20/326] DTCN
[09:06:40] 🔄 Identity reset
[09:06:40] 🔄 Identity rotated (every 10 requests)
[09:06:40] [21/326] STYN
[09:06:41] [22/326] SZVR
[09:06:42] [23/326] SRKO
[09:06:44] [24/326] JTGT
[09:06:45] [25/326] SVFD
[09:06:46] [26/326] SISD
[09:06:47] [27/326] ABDD
[09:06:47] [28/326] DRCA
[09:06:48] [29/326] AVCS
[09:06:49] [30/326] MVKH
[09:06:50] 🔄 Identity reset
[09:06:50] 🔄 Identity rotated (every 10 requests)
[09:06:50] [31/326] ACPR
[09:06:51] [32/326] STIP
[09:06:52] [33/326] MTRA
[09:06:52] [34/326] RMKH
[09:06:53] [35/326] NKRL
[09:06:54] [36/326] PCWN
[09:06:55] [37/326] BLMT
[09:06:56] [38/326] GDPG
[09:06:57] [39/326] SRMX
[09:06:58] [40/326] JACP
[09:06:59] 🔄 Identity reset
[09:06:59] 🔄 Identity rotated (every 10 requests)
[09:06:59] [41/326] CPSH
[09:07:00] [42/326] MCCD
[09:07:01] [43/326] ECGH
[09:07:02] [44/326] MKCK
[09:07:02] [45/326] SRMM
[09:07:03] [46/326] SKYR
[09:07:04] [47/326] PCKC
[09:07:06] [48/326] JCMA
[09:07:07] [49/326] BSMP
[09:07:07] [50/326] VSPA
[09:07:08] 🔄 Identity reset
[09:07:08] 🔄 Identity rotated (every 10 requests)
[09:07:08] [51/326] DJYA
[09:07:09] [52/326] DIMP
[09:07:10] [53/326] FXDR
[09:07:11] [54/326] SSRC
[09:07:13] [55/326] STHP
[09:07:14] [56/326] CPPD
[09:07:14] [57/326] FCLK
[09:07:15] [58/326] SCPP
[09:07:16] [59/326] DCMJ
[09:07:17] [60/326] RCCR
[09:07:18] 🔄 Identity reset
[09:07:18] 🔄 Identity rotated (every 10 requests)
[09:07:18] [61/326] INMT
[09:07:19] [62/326] LXTK
[09:07:20] [63/326] SRYK
[09:07:21] [64/326] SGDK
[09:07:22] [65/326] PPKA
[09:07:23] [66/326] SPKA
[09:07:24] [67/326] CGHH
[09:07:25] [68/326] DCJN
[09:07:27] [69/326] SRKV
[09:07:27] [70/326] SAJC
[09:07:28] 🔄 Identity reset
[09:07:28] 🔄 Identity rotated (every 10 requests)
[09:07:28] [71/326] SUSR
[09:07:29] [72/326] STYG
[09:07:30] [73/326] NTKP
[09:07:31] [74/326] AKTG
[09:07:32] [75/326] CGCM
[09:07:33] [76/326] TULC
[09:07:34] [77/326] NYYZ
[09:07:34] [78/326] NYBW
[09:07:35] [79/326] MACB
[09:07:36] [80/326] SLVT
[09:07:36] 🔄 Identity reset
[09:07:36] 🔄 Identity rotated (every 10 requests)
[09:07:37] [81/326] SANA
[09:07:38] [82/326] ACMR
[09:07:39] [83/326] CPKN
[09:07:40] [84/326] DLGK
[09:07:40] [85/326] CWCK
[09:07:41] [86/326] FDDH
[09:07:42] [87/326] MMMD
[09:07:44] [88/326] CMEH
[09:07:45] [89/326] GGGV
[09:07:46] [90/326] SPJL
[09:07:46] 🔄 Identity reset
[09:07:46] 🔄 Identity rotated (every 10 requests)
[09:07:46] [91/326] RCCD
[09:07:47] [92/326] STTZ
[09:07:48] [93/326] BTCF
[09:07:49] [94/326] TSTZ
[09:07:50] [95/326] IPMM
[09:07:51] [96/326] PMPW
[09:07:52] [97/326] PCMZ
[09:07:53] [98/326] ESEM
[09:07:54] [99/326] PIPO
[09:07:55] [100/326] MATK
[09:07:56] 🔄 Identity reset
[09:07:56] 🔄 Identity rotated (every 10 requests)
[09:07:57] [101/326] PGHM
[09:07:58] [102/326] CTSR
[09:07:59] [103/326] CYKR
[09:08:00] [104/326] MSCM
[09:08:00] [105/326] RFNP
[09:08:01] [106/326] PDCP
[09:08:02] [107/326] NPSE
[09:08:03] [108/326] MKML
[09:08:04] [109/326] FTDP
[09:08:05] [110/326] MMXA
[09:08:06] 🔄 Identity reset
[09:08:06] 🔄 Identity rotated (every 10 requests)
[09:08:06] [111/326] CEPO
[09:08:07] [112/326] CMVP
[09:08:08] [113/326] SGTH
[09:08:09] [114/326] SAYN
[09:08:10] [115/326] URVS
[09:08:11] [116/326] VJTN
[09:08:11] [117/326] BBYK
[09:08:13] [118/326] SHBO
[09:08:14] [119/326] VCMR
[09:08:15] [120/326] MACT
[09:08:15] 🔄 Identity reset
[09:08:15] 🔄 Identity rotated (every 10 requests)
[09:08:15] [121/326] JMNP
[09:08:17] [122/326] VICS
[09:08:18] [123/326] VCDA
[09:08:18] [124/326] GCMM
[09:08:19] [125/326] INVS
[09:08:20] [126/326] SCGM
[09:08:21] [127/326] PCDA
[09:08:22] [128/326] KDCT
[09:08:22] [129/326] JACS
[09:08:23] [130/326] GMMC
[09:08:24] 🔄 Identity reset
[09:08:24] 🔄 Identity rotated (every 10 requests)
[09:08:24] [131/326] AICM
[09:08:25] [132/326] TJCM
[09:08:26] [133/326] RMTI
[09:08:27] [134/326] SHAC
[09:08:27] [135/326] APJC
[09:08:28] [136/326] GCTG
[09:08:29] [137/326] SSMC
[09:08:30] [138/326] THRM
[09:08:31] [139/326] RBCT
[09:08:32] [140/326] DIKT
[09:08:32] 🔄 Identity reset
[09:08:32] 🔄 Identity rotated (every 10 requests)
[09:08:32] [141/326] MIDL
[09:08:33] [142/326] VCSN
[09:08:34] [143/326] SKTG
[09:08:35] [144/326] SMWC
[09:08:36] [145/326] MNKH
[09:08:37] [146/326] PIAT
[09:08:37] [147/326] LTTP
[09:08:38] [148/326] PTPU
[09:08:39] [149/326] ACMG
[09:08:40] [150/326] SHMM
[09:08:41] 🔄 Identity reset
[09:08:41] 🔄 Identity rotated (every 10 requests)
[09:08:41] [151/326] MCMN
[09:08:42] [152/326] GLDC
[09:08:43] [153/326] HOUT
[09:08:43] [154/326] SVRP
[09:08:44] [155/326] PVDN
[09:08:45] [156/326] SCPY
[09:08:47] [157/326] DTPY
[09:08:48] [158/326] GKCS
[09:08:49] [159/326] NCAM
[09:08:49] [160/326] BSRM
[09:08:50] 🔄 Identity reset
[09:08:50] 🔄 Identity rotated (every 10 requests)
[09:08:50] [161/326] RCLC
[09:08:52] [162/326] SKKD
[09:08:53] [163/326] ACHU
[09:08:54] [164/326] RSCF
[09:08:55] [165/326] IMSH
[09:08:55] [166/326] MACX
[09:08:56] [167/326] HMMW
[09:08:58] [168/326] JTCP
[09:08:58] [169/326] SREN
[09:08:59] [170/326] PJRR
[09:09:00] 🔄 Identity reset
[09:09:00] 🔄 Identity rotated (every 10 requests)
[09:09:01] [171/326] INAC
[09:09:02] [172/326] BMCA
[09:09:03] [173/326] SHCB
[09:09:04] [174/326] GABA
[09:09:05] [175/326] SBCT
[09:09:06] [176/326] GCMA
[09:09:06] [177/326] MYTK
[09:09:07] [178/326] INZS
[09:09:08] [179/326] RMIK
[09:09:09] [180/326] NYCH
[09:09:10] 🔄 Identity reset
[09:09:10] 🔄 Identity rotated (every 10 requests)
[09:09:10] [181/326] RAVE
[09:09:11] [182/326] PSXM
[09:09:12] [183/326] MCGP
[09:09:13] [184/326] PDDK
[09:09:14] [185/326] SPCK
[09:09:15] [186/326] MCRL
[09:09:16] [187/326] MHKT
[09:09:17] [188/326] ANRR
[09:09:17] [189/326] SAPK
[09:09:18] [190/326] NCUK
[09:09:19] 🔄 Identity reset
[09:09:19] 🔄 Identity rotated (every 10 requests)
[09:09:19] [191/326] JUGA
[09:09:20] [192/326] DBSC
[09:09:21] [193/326] LALK
[09:09:22] [194/326] GUCK
[09:09:23] [195/326] STSG
[09:09:25] [196/326] PPPZ
[09:09:25] [197/326] CNCY
[09:09:26] [198/326] MTAR
[09:09:27] [199/326] VNKD
[09:09:28] [200/326] KMAJ
[09:09:28] 🔄 Identity reset
[09:09:28] 🔄 Identity rotated (every 10 requests)
[09:09:29] [201/326] ACXK
[09:09:30] [202/326] UTKC
[09:09:31] [203/326] PBLK
[09:09:32] [204/326] ACBX
[09:09:33] [205/326] PTGM
[09:09:33] [206/326] BTDA
[09:09:34] [207/326] PJMB
[09:09:35] [208/326] TPDA
[09:09:36] [209/326] AMOE
[09:09:37] [210/326] PRHT
[09:09:38] 🔄 Identity reset
[09:09:38] 🔄 Identity rotated (every 10 requests)
[09:09:38] [211/326] PRTA
[09:09:39] [212/326] STAM
[09:09:40] [213/326] MSAA
[09:09:41] [214/326] SDLU
[09:09:42] [215/326] RCHH
[09:09:42] [216/326] KANT
[09:09:43] [217/326] FCRT
[09:09:44] [218/326] DNKM
[09:09:45] [219/326] RYCP
[09:09:46] [220/326] MYRP
[09:09:46] 🔄 Identity reset
[09:09:46] 🔄 Identity rotated (every 10 requests)
[09:09:46] [221/326] PPAK
[09:09:47] [222/326] NVPK
[09:09:48] [223/326] PRMC
[09:09:49] [224/326] JBCS
[09:09:50] [225/326] GXCK
[09:09:51] [226/326] USKO
[09:09:52] [227/326] GTEM
[09:09:53] [228/326] SMBU
[09:09:54] [229/326] VETC
[09:09:55] [230/326] LCDA
[09:09:56] 🔄 Identity reset
[09:09:56] 🔄 Identity rotated (every 10 requests)
[09:09:56] [231/326] MTVT
[09:09:57] [232/326] PYCP
[09:09:58] [233/326] PNSC
[09:09:58] [234/326] PPCC
[09:09:59] [235/326] TGRT
[09:10:00] [236/326] JYOT
[09:10:01] [237/326] SRCZ
[09:10:02] [238/326] SJTE
[09:10:03] [239/326] DESC
[09:10:04] [240/326] JHVN
[09:10:04] 🔄 Identity reset
[09:10:04] 🔄 Identity rotated (every 10 requests)
[09:10:05] [241/326] IPSG
[09:10:05] [242/326] IPCM
[09:10:07] [243/326] PDRS
[09:10:08] [244/326] ANCV
[09:10:09] [245/326] CMVV
[09:10:10] [246/326] SHYP
[09:10:11] [247/326] DNCS
[09:10:11] [248/326] GAJK
[09:10:12] [249/326] AKTN
[09:10:13] [250/326] KAYA
[09:10:14] 🔄 Identity reset
[09:10:14] 🔄 Identity rotated (every 10 requests)
[09:10:14] [251/326] SBRC
[09:10:15] [252/326] CHTP
[09:10:17] [253/326] SHRT
[09:10:18] [254/326] BCKU
[09:10:19] [255/326] FCPS
[09:10:20] [256/326] ARDD
[09:10:21] [257/326] CPCM
[09:10:22] [258/326] CGSM
[09:10:23] [259/326] PSMP
[09:10:23] [260/326] SDAL
[09:10:24] 🔄 Identity reset
[09:10:24] 🔄 Identity rotated (every 10 requests)
[09:10:24] [261/326] RTNB
[09:10:25] [262/326] LMCR
[09:10:26] [263/326] CIMA
[09:10:27] [264/326] RNAS
[09:10:28] [265/326] LITH
[09:10:29] [266/326] PBOX
[09:10:29] [267/326] FRTS
[09:10:30] [268/326] RKIC
[09:10:31] [269/326] PTAI
[09:10:32] [270/326] GCIC
[09:10:33] 🔄 Identity reset
[09:10:33] 🔄 Identity rotated (every 10 requests)
[09:10:33] [271/326] FNAS
[09:10:34] [272/326] SCAR
[09:10:34] [273/326] MTCA
[09:10:35] [274/326] SCTS
[09:10:36] [275/326] SYCS
[09:10:37] [276/326] RDMS
[09:10:38] [277/326] KAMP
[09:10:39] [278/326] ERSD
[09:10:40] [279/326] MJMJ
[09:10:40] [280/326] SRCJ
[09:10:41] 🔄 Identity reset
[09:10:41] 🔄 Identity rotated (every 10 requests)
[09:10:41] [281/326] SCXE
[09:10:42] [282/326] SVFR
[09:10:43] [283/326] BHCS
[09:10:44] [284/326] IMCC
[09:10:45] [285/326] PCBO
[09:10:46] [286/326] PRVN
[09:10:46] [287/326] AUPM
[09:10:47] [288/326] INBW
[09:10:49] [289/326] SVCW
[09:10:50] [290/326] RKCF
[09:10:51] 🔄 Identity reset
[09:10:51] 🔄 Identity rotated (every 10 requests)
[09:10:52] [291/326] UVBH
[09:10:52] [292/326] DNCY
[09:10:53] [293/326] ABCN
[09:10:54] [294/326] PRUR
[09:10:55] [295/326] PFMR
[09:10:57] [296/326] RKCN
[09:10:58] [297/326] CFEA
[09:10:59] [298/326] SDBG
[09:11:00] [299/326] SNAR
[09:11:00] [300/326] YISI
[09:11:01] 🔄 Identity reset
[09:11:01] 🔄 Identity rotated (every 10 requests)
[09:11:02] [301/326] JCFF
[09:11:03] [302/326] VTRK
[09:11:04] [303/326] PCLZ
[09:11:05] [304/326] DIMY
[09:11:06] [305/326] BBTS
[09:11:07] [306/326] GATH
[09:11:08] [307/326] GTMN
[09:11:09] [308/326] VTMH
[09:11:11] [309/326] CCKP
[09:11:11] [310/326] GPKA
[09:11:12] 🔄 Identity reset
[09:11:12] 🔄 Identity rotated (every 10 requests)
[09:11:12] [311/326] MHCL
[09:11:14] [312/326] ATCL
[09:11:15] [313/326] SBCK
[09:11:15] [314/326] AMMR
[09:11:16] [315/326] MADC
[09:11:18] [316/326] TMMA
[09:11:19] [317/326] CACC
[09:11:20] [318/326] CHAL
[09:11:21] [319/326] DURG
[09:11:22] [320/326] GMKU
[09:11:23] 🔄 Identity reset
[09:11:23] 🔄 Identity rotated (every 10 requests)
[09:11:23] [321/326] GECA
[09:11:24] [322/326] KYRR
[09:11:25] [323/326] KSDE
[09:11:26] [324/326] LMCI
[09:11:27] [325/326] NKCP
[09:11:29] [326/326] BGTC
[09:11:30] ✅ DONE | Shows=688 | Movies=78
[10:06:22] 🚀 BMS DAILY TRACKER STARTED (enhanced anti‑detection)
[10:06:22] [1/326] BSAT
[10:06:22] 🧠 New identity created
[10:06:23] [2/326] RSSM
[10:06:23] [3/326] GCTA
[10:06:24] [4/326] TOPN
[10:06:25] [5/326] MCUS
[10:06:26] [6/326] SHRL
[10:06:26] [7/326] UPTP
[10:06:27] [8/326] TMMP
[10:06:28] [9/326] DNRP
[10:06:29] [10/326] SRLT
[10:06:29] 🔄 Identity reset
[10:06:29] 🔄 Identity rotated (every 10 requests)
[10:06:29] [11/326] RCNS
[10:06:30] [12/326] DCBH
[10:06:32] [13/326] NAGJ
[10:06:33] [14/326] JVRC
[10:06:34] [15/326] KRJG
[10:06:35] [16/326] SRTJ
[10:06:35] [17/326] CMXM
[10:06:36] [18/326] STMI
[10:06:37] [19/326] SLST
[10:06:38] [20/326] DTCN
[10:06:38] 🔄 Identity reset
[10:06:38] 🔄 Identity rotated (every 10 requests)
[10:06:39] [21/326] STYN
[10:06:39] [22/326] SZVR
[10:06:40] [23/326] SRKO
[10:06:42] [24/326] JTGT
[10:06:43] [25/326] SVFD
[10:06:44] [26/326] SISD
[10:06:44] [27/326] ABDD
[10:06:45] [28/326] DRCA
[10:06:46] [29/326] AVCS
[10:06:47] [30/326] MVKH
[10:06:48] 🔄 Identity reset
[10:06:48] 🔄 Identity rotated (every 10 requests)
[10:06:48] [31/326] ACPR
[10:06:49] [32/326] STIP
[10:06:49] [33/326] MTRA
[10:06:50] [34/326] RMKH
[10:06:51] [35/326] NKRL
[10:06:52] [36/326] PCWN
[10:06:53] [37/326] BLMT
[10:06:54] [38/326] GDPG
[10:06:55] [39/326] SRMX
[10:06:56] [40/326] JACP
[10:06:56] 🔄 Identity reset
[10:06:56] 🔄 Identity rotated (every 10 requests)
[10:06:57] [41/326] CPSH
[10:06:57] [42/326] MCCD
[10:06:59] [43/326] ECGH
[10:07:00] [44/326] MKCK
[10:07:01] [45/326] SRMM
[10:07:02] [46/326] SKYR
[10:07:04] [47/326] PCKC
[10:07:05] [48/326] JCMA
[10:07:05] [49/326] BSMP
[10:07:06] [50/326] VSPA
[10:07:07] 🔄 Identity reset
[10:07:07] 🔄 Identity rotated (every 10 requests)
[10:07:07] [51/326] DJYA
[10:07:08] [52/326] DIMP
[10:07:09] [53/326] FXDR
[10:07:10] [54/326] SSRC
[10:07:11] [55/326] STHP
[10:07:11] [56/326] CPPD
[10:07:12] [57/326] FCLK
[10:07:13] [58/326] SCPP
[10:07:14] [59/326] DCMJ
[10:07:15] [60/326] RCCR
[10:07:15] 🔄 Identity reset
[10:07:15] 🔄 Identity rotated (every 10 requests)
[10:07:16] [61/326] INMT
[10:07:16] [62/326] LXTK
[10:07:17] [63/326] SRYK
[10:07:18] [64/326] SGDK
[10:07:19] [65/326] PPKA
[10:07:20] [66/326] SPKA
[10:07:21] [67/326] CGHH
[10:07:22] [68/326] DCJN
[10:07:23] [69/326] SRKV
[10:07:24] [70/326] SAJC
[10:07:25] 🔄 Identity reset
[10:07:25] 🔄 Identity rotated (every 10 requests)
[10:07:26] [71/326] SUSR
[10:07:27] [72/326] STYG
[10:07:28] [73/326] NTKP
[10:07:28] [74/326] AKTG
[10:07:29] [75/326] CGCM
[10:07:30] [76/326] TULC
[10:07:32] [77/326] NYYZ
[10:07:33] [78/326] NYBW
[10:07:33] [79/326] MACB
[10:07:35] [80/326] SLVT
[10:07:35] 🔄 Identity reset
[10:07:35] 🔄 Identity rotated (every 10 requests)
[10:07:36] [81/326] SANA
[10:07:37] [82/326] ACMR
[10:07:38] [83/326] CPKN
[10:07:39] [84/326] DLGK
[10:07:40] [85/326] CWCK
[10:07:41] [86/326] FDDH
[10:07:42] [87/326] MMMD
[10:07:43] [88/326] CMEH
[10:07:44] [89/326] GGGV
[10:07:45] [90/326] SPJL
[10:07:46] 🔄 Identity reset
[10:07:46] 🔄 Identity rotated (every 10 requests)
[10:07:46] [91/326] RCCD
[10:07:47] [92/326] STTZ
[10:07:48] [93/326] BTCF
[10:07:49] [94/326] TSTZ
[10:07:49] [95/326] IPMM
[10:07:50] [96/326] PMPW
[10:07:51] [97/326] PCMZ
[10:07:52] [98/326] ESEM
[10:07:53] [99/326] PIPO
[10:07:54] [100/326] MATK
[10:07:54] 🔄 Identity reset
[10:07:54] 🔄 Identity rotated (every 10 requests)
[10:07:55] [101/326] PGHM
[10:07:56] [102/326] CTSR
[10:07:57] [103/326] CYKR
[10:07:58] [104/326] MSCM
[10:07:58] [105/326] RFNP
[10:07:59] [106/326] PDCP
[10:08:01] [107/326] NPSE
[10:08:01] [108/326] MKML
[10:08:02] [109/326] FTDP
[10:08:03] [110/326] MMXA
[10:08:04] 🔄 Identity reset
[10:08:04] 🔄 Identity rotated (every 10 requests)
[10:08:04] [111/326] CEPO
[10:08:05] [112/326] CMVP
[10:08:06] [113/326] SGTH
[10:08:06] [114/326] SAYN
[10:08:07] [115/326] URVS
[10:08:08] [116/326] VJTN
[10:08:09] [117/326] BBYK
[10:08:10] [118/326] SHBO
[10:08:11] [119/326] VCMR
[10:08:12] [120/326] MACT
[10:08:12] 🔄 Identity reset
[10:08:12] 🔄 Identity rotated (every 10 requests)
[10:08:12] [121/326] JMNP
[10:08:13] [122/326] VICS
[10:08:14] [123/326] VCDA
[10:08:15] [124/326] GCMM
[10:08:16] [125/326] INVS
[10:08:17] [126/326] SCGM
[10:08:17] [127/326] PCDA
[10:08:18] [128/326] KDCT
[10:08:19] [129/326] JACS
[10:08:20] [130/326] GMMC
[10:08:20] 🔄 Identity reset
[10:08:20] 🔄 Identity rotated (every 10 requests)
[10:08:20] [131/326] AICM
[10:08:21] [132/326] TJCM
[10:08:22] [133/326] RMTI
[10:08:23] [134/326] SHAC
[10:08:24] [135/326] APJC
[10:08:24] [136/326] GCTG
[10:08:25] [137/326] SSMC
[10:08:26] [138/326] THRM
[10:08:27] [139/326] RBCT
[10:08:28] [140/326] DIKT
[10:08:28] 🔄 Identity reset
[10:08:28] 🔄 Identity rotated (every 10 requests)
[10:08:29] [141/326] MIDL
[10:08:29] [142/326] VCSN
[10:08:30] [143/326] SKTG
[10:08:31] [144/326] SMWC
[10:08:32] [145/326] MNKH
[10:08:33] [146/326] PIAT
[10:08:34] [147/326] LTTP
[10:08:35] [148/326] PTPU
[10:08:36] [149/326] ACMG
[10:08:37] [150/326] SHMM
[10:08:38] 🔄 Identity reset
[10:08:38] 🔄 Identity rotated (every 10 requests)
[10:08:38] [151/326] MCMN
[10:08:39] [152/326] GLDC
[10:08:40] [153/326] HOUT
[10:08:41] [154/326] SVRP
[10:08:42] [155/326] PVDN
[10:08:42] [156/326] SCPY
[10:08:44] [157/326] DTPY
[10:08:45] [158/326] GKCS
[10:08:46] [159/326] NCAM
[10:08:46] [160/326] BSRM
[10:08:47] 🔄 Identity reset
[10:08:47] 🔄 Identity rotated (every 10 requests)
[10:08:47] [161/326] RCLC
[10:08:48] [162/326] SKKD
[10:08:49] [163/326] ACHU
[10:08:50] [164/326] RSCF
[10:08:51] [165/326] IMSH
[10:08:52] [166/326] MACX
[10:08:53] [167/326] HMMW
[10:08:54] [168/326] JTCP
[10:08:54] [169/326] SREN
[10:08:55] [170/326] PJRR
[10:08:56] 🔄 Identity reset
[10:08:56] 🔄 Identity rotated (every 10 requests)
[10:08:57] [171/326] INAC
[10:08:58] [172/326] BMCA
[10:08:58] [173/326] SHCB
[10:08:59] [174/326] GABA
[10:09:00] [175/326] SBCT
[10:09:01] [176/326] GCMA
[10:09:02] [177/326] MYTK
[10:09:03] [178/326] INZS
[10:09:04] [179/326] RMIK
[10:09:04] [180/326] NYCH
[10:09:05] 🔄 Identity reset
[10:09:05] 🔄 Identity rotated (every 10 requests)
[10:09:06] [181/326] RAVE
[10:09:07] [182/326] PSXM
[10:09:08] [183/326] MCGP
[10:09:09] [184/326] PDDK
[10:09:10] [185/326] SPCK
[10:09:11] [186/326] MCRL
[10:09:11] [187/326] MHKT
[10:09:12] [188/326] ANRR
[10:09:13] [189/326] SAPK
[10:09:14] [190/326] NCUK
[10:09:15] 🔄 Identity reset
[10:09:15] 🔄 Identity rotated (every 10 requests)
[10:09:15] [191/326] JUGA
[10:09:16] [192/326] DBSC
[10:09:17] [193/326] LALK
[10:09:18] [194/326] GUCK
[10:09:18] [195/326] STSG
[10:09:19] [196/326] PPPZ
[10:09:20] [197/326] CNCY
[10:09:21] [198/326] MTAR
[10:09:22] [199/326] VNKD
[10:09:22] [200/326] KMAJ
[10:09:23] 🔄 Identity reset
[10:09:23] 🔄 Identity rotated (every 10 requests)
[10:09:23] [201/326] ACXK
[10:09:24] [202/326] UTKC
[10:09:25] [203/326] PBLK
[10:09:26] [204/326] ACBX
[10:09:27] [205/326] PTGM
[10:09:27] [206/326] BTDA
[10:09:28] [207/326] PJMB
[10:09:29] [208/326] TPDA
[10:09:30] [209/326] AMOE
[10:09:31] [210/326] PRHT
[10:09:31] 🔄 Identity reset
[10:09:31] 🔄 Identity rotated (every 10 requests)
[10:09:32] [211/326] PRTA
[10:09:32] [212/326] STAM
[10:09:33] [213/326] MSAA
[10:09:34] [214/326] SDLU
[10:09:35] [215/326] RCHH
[10:09:36] [216/326] KANT
[10:09:37] [217/326] FCRT
[10:09:37] [218/326] DNKM
[10:09:38] [219/326] RYCP
[10:09:39] [220/326] MYRP
[10:09:40] 🔄 Identity reset
[10:09:40] 🔄 Identity rotated (every 10 requests)
[10:09:40] [221/326] PPAK
[10:09:41] [222/326] NVPK
[10:09:42] [223/326] PRMC
[10:09:43] [224/326] JBCS
[10:09:44] [225/326] GXCK
[10:09:45] [226/326] USKO
[10:09:46] [227/326] GTEM
[10:09:47] [228/326] SMBU
[10:09:48] [229/326] VETC
[10:09:49] [230/326] LCDA
[10:09:49] 🔄 Identity reset
[10:09:49] 🔄 Identity rotated (every 10 requests)
[10:09:50] [231/326] MTVT
[10:09:50] [232/326] PYCP
[10:09:51] [233/326] PNSC
[10:09:52] [234/326] PPCC
[10:09:52] [235/326] TGRT
[10:09:53] [236/326] JYOT
[10:09:54] [237/326] SRCZ
[10:09:55] [238/326] SJTE
[10:09:56] [239/326] DESC
[10:09:57] [240/326] JHVN
[10:09:57] 🔄 Identity reset
[10:09:57] 🔄 Identity rotated (every 10 requests)
[10:09:57] [241/326] IPSG
[10:09:58] [242/326] IPCM
[10:09:59] [243/326] PDRS
[10:10:00] [244/326] ANCV
[10:10:01] [245/326] CMVV
[10:10:02] [246/326] SHYP
[10:10:02] [247/326] DNCS
[10:10:04] [248/326] GAJK
[10:10:05] [249/326] AKTN
[10:10:05] [250/326] KAYA
[10:10:06] 🔄 Identity reset
[10:10:06] 🔄 Identity rotated (every 10 requests)
[10:10:06] [251/326] SBRC
[10:10:07] [252/326] CHTP
[10:10:09] [253/326] SHRT
[10:10:11] [254/326] BCKU
[10:10:12] [255/326] FCPS
[10:10:13] [256/326] ARDD
[10:10:14] [257/326] CPCM
[10:10:15] [258/326] CGSM
[10:10:16] [259/326] PSMP
[10:10:17] [260/326] SDAL
[10:10:17] 🔄 Identity reset
[10:10:17] 🔄 Identity rotated (every 10 requests)
[10:10:18] [261/326] RTNB
[10:10:20] [262/326] LMCR
[10:10:21] [263/326] CIMA
[10:10:22] [264/326] RNAS
[10:10:23] [265/326] LITH
[10:10:24] [266/326] PBOX
[10:10:25] [267/326] FRTS
[10:10:25] [268/326] RKIC
[10:10:26] [269/326] PTAI
[10:10:27] [270/326] GCIC
[10:10:28] 🔄 Identity reset
[10:10:28] 🔄 Identity rotated (every 10 requests)
[10:10:28] [271/326] FNAS
[10:10:29] [272/326] SCAR
[10:10:30] [273/326] MTCA
[10:10:31] [274/326] SCTS
[10:10:32] [275/326] SYCS
[10:10:33] [276/326] RDMS
[10:10:33] [277/326] KAMP
[10:10:34] [278/326] ERSD
[10:10:35] [279/326] MJMJ
[10:10:36] [280/326] SRCJ
[10:10:37] 🔄 Identity reset
[10:10:37] 🔄 Identity rotated (every 10 requests)
[10:10:37] [281/326] SCXE
[10:10:39] [282/326] SVFR
[10:10:40] [283/326] BHCS
[10:10:40] [284/326] IMCC
[10:10:41] [285/326] PCBO
[10:10:42] [286/326] PRVN
[10:10:43] [287/326] AUPM
[10:10:45] [288/326] INBW
[10:10:46] [289/326] SVCW
[10:10:47] [290/326] RKCF
[10:10:48] 🔄 Identity reset
[10:10:48] 🔄 Identity rotated (every 10 requests)
[10:10:48] [291/326] UVBH
[10:10:49] [292/326] DNCY
[10:10:49] [293/326] ABCN
[10:10:50] [294/326] PRUR
[10:10:52] [295/326] PFMR
[10:10:53] [296/326] RKCN
[10:10:54] [297/326] CFEA
[10:10:55] [298/326] SDBG
[10:10:56] [299/326] SNAR
[10:10:57] [300/326] YISI
[10:10:57] 🔄 Identity reset
[10:10:57] 🔄 Identity rotated (every 10 requests)
[10:10:57] [301/326] JCFF
[10:10:59] [302/326] VTRK
[10:11:00] [303/326] PCLZ
[10:11:00] [304/326] DIMY
[10:11:01] [305/326] BBTS
[10:11:03] [306/326] GATH
[10:11:04] [307/326] GTMN
[10:11:05] [308/326] VTMH
[10:11:07] [309/326] CCKP
[10:11:07] [310/326] GPKA
[10:11:08] 🔄 Identity reset
[10:11:08] 🔄 Identity rotated (every 10 requests)
[10:11:08] [311/326] MHCL
[10:11:09] [312/326] ATCL
[10:11:10] [313/326] SBCK
[10:11:11] [314/326] AMMR
[10:11:11] [315/326] MADC
[10:11:12] [316/326] TMMA
[10:11:13] [317/326] CACC
[10:11:14] [318/326] CHAL
[10:11:15] [319/326] DURG
[10:11:16] [320/326] GMKU
[10:11:17] 🔄 Identity reset
[10:11:17] 🔄 Identity rotated (every 10 requests)
[10:11:17] [321/326] GECA
[10:11:18] [322/326] KYRR
[10:11:18] [323/326] KSDE
[10:11:20] [324/326] LMCI
[10:11:21] [325/326] NKCP
[10:11:23] [326/326] BGTC
[10:11:24] ✅ DONE | Shows=861 | Movies=80
[11:07:38] 🚀 BMS DAILY TRACKER STARTED (enhanced anti‑detection)
[11:07:38] [1/326] BSAT
[11:07:39] 🧠 New identity created
[11:07:39] [2/326] RSSM
[11:07:40] [3/326] GCTA
[11:07:41] [4/326] TOPN
[11:07:42] [5/326] MCUS
[11:07:43] [6/326] SHRL
[11:07:44] [7/326] UPTP
[11:07:45] [8/326] TMMP
[11:07:46] [9/326] DNRP
[11:07:47] [10/326] SRLT
[11:07:48] 🔄 Identity reset
[11:07:48] 🔄 Identity rotated (every 10 requests)
[11:07:48] [11/326] RCNS
[11:07:49] [12/326] DCBH
[11:07:50] [13/326] NAGJ
[11:07:51] [14/326] JVRC
[11:07:51] [15/326] KRJG
[11:07:52] [16/326] SRTJ
[11:07:53] [17/326] CMXM
[11:07:55] [18/326] STMI
[11:07:56] [19/326] SLST
[11:07:57] [20/326] DTCN
[11:07:57] 🔄 Identity reset
[11:07:57] 🔄 Identity rotated (every 10 requests)
[11:07:58] [21/326] STYN
[11:07:59] [22/326] SZVR
[11:07:59] [23/326] SRKO
[11:08:01] [24/326] JTGT
[11:08:02] [25/326] SVFD
[11:08:03] [26/326] SISD
[11:08:04] [27/326] ABDD
[11:08:05] [28/326] DRCA
[11:08:06] [29/326] AVCS
[11:08:07] [30/326] MVKH
[11:08:07] 🔄 Identity reset
[11:08:07] 🔄 Identity rotated (every 10 requests)
[11:08:08] [31/326] ACPR
[11:08:09] [32/326] STIP
[11:08:10] [33/326] MTRA
[11:08:11] [34/326] RMKH
[11:08:12] [35/326] NKRL
[11:08:13] [36/326] PCWN
[11:08:14] [37/326] BLMT
[11:08:14] [38/326] GDPG
[11:08:15] [39/326] SRMX
[11:08:16] [40/326] JACP
[11:08:16] 🔄 Identity reset
[11:08:16] 🔄 Identity rotated (every 10 requests)
[11:08:17] [41/326] CPSH
[11:08:18] [42/326] MCCD
[11:08:18] [43/326] ECGH
[11:08:19] [44/326] MKCK
[11:08:20] [45/326] SRMM
[11:08:21] [46/326] SKYR
[11:08:22] [47/326] PCKC
[11:08:23] [48/326] JCMA
[11:08:24] [49/326] BSMP
[11:08:25] [50/326] VSPA
[11:08:25] 🔄 Identity reset
[11:08:25] 🔄 Identity rotated (every 10 requests)
[11:08:25] [51/326] DJYA
[11:08:26] [52/326] DIMP
[11:08:27] [53/326] FXDR
[11:08:28] [54/326] SSRC
[11:08:29] [55/326] STHP
[11:08:31] [56/326] CPPD
[11:08:32] [57/326] FCLK
[11:08:33] [58/326] SCPP
[11:08:34] [59/326] DCMJ
[11:08:34] [60/326] RCCR
[11:08:35] 🔄 Identity reset
[11:08:35] 🔄 Identity rotated (every 10 requests)
[11:08:35] [61/326] INMT
[11:08:37] [62/326] LXTK
[11:08:38] [63/326] SRYK
[11:08:39] [64/326] SGDK
[11:08:40] [65/326] PPKA
[11:08:41] [66/326] SPKA
[11:08:41] [67/326] CGHH
[11:08:42] [68/326] DCJN
[11:08:44] [69/326] SRKV
[11:08:44] [70/326] SAJC
[11:08:45] 🔄 Identity reset
[11:08:45] 🔄 Identity rotated (every 10 requests)
[11:08:45] [71/326] SUSR
[11:08:46] [72/326] STYG
[11:08:47] [73/326] NTKP
[11:08:48] [74/326] AKTG
[11:08:48] [75/326] CGCM
[11:08:49] [76/326] TULC
[11:08:50] [77/326] NYYZ
[11:08:51] [78/326] NYBW
[11:08:52] [79/326] MACB
[11:08:53] [80/326] SLVT
[11:08:54] 🔄 Identity reset
[11:08:54] 🔄 Identity rotated (every 10 requests)
[11:08:54] [81/326] SANA
[11:08:55] [82/326] ACMR
[11:08:56] [83/326] CPKN
[11:08:57] [84/326] DLGK
[11:08:58] [85/326] CWCK
[11:08:59] [86/326] FDDH
[11:09:00] [87/326] MMMD
[11:09:01] [88/326] CMEH
[11:09:02] [89/326] GGGV
[11:09:03] [90/326] SPJL
[11:09:03] 🔄 Identity reset
[11:09:03] 🔄 Identity rotated (every 10 requests)
[11:09:04] [91/326] RCCD
[11:09:05] [92/326] STTZ
[11:09:06] [93/326] BTCF
[11:09:07] [94/326] TSTZ
[11:09:08] [95/326] IPMM
[11:09:09] [96/326] PMPW
[11:09:10] [97/326] PCMZ
[11:09:11] [98/326] ESEM
[11:09:11] [99/326] PIPO
[11:09:12] [100/326] MATK
[11:09:13] 🔄 Identity reset
[11:09:13] 🔄 Identity rotated (every 10 requests)
[11:09:14] [101/326] PGHM
[11:09:16] [102/326] CTSR
[11:09:17] [103/326] CYKR
[11:09:18] [104/326] MSCM
[11:09:19] [105/326] RFNP
[11:09:20] [106/326] PDCP
[11:09:21] [107/326] NPSE
[11:09:22] [108/326] MKML
[11:09:23] [109/326] FTDP
[11:09:23] [110/326] MMXA
[11:09:24] 🔄 Identity reset
[11:09:24] 🔄 Identity rotated (every 10 requests)
[11:09:24] [111/326] CEPO
[11:09:26] [112/326] CMVP
[11:09:27] [113/326] SGTH
[11:09:28] [114/326] SAYN
[11:09:30] [115/326] URVS
[11:09:31] [116/326] VJTN
[11:09:32] [117/326] BBYK
[11:09:32] [118/326] SHBO
[11:09:33] [119/326] VCMR
[11:09:35] [120/326] MACT
[11:09:35] 🔄 Identity reset
[11:09:35] 🔄 Identity rotated (every 10 requests)
[11:09:36] [121/326] JMNP
[11:09:37] [122/326] VICS
[11:09:38] [123/326] VCDA
[11:09:39] [124/326] GCMM
[11:09:40] [125/326] INVS
[11:09:41] [126/326] SCGM
[11:09:42] [127/326] PCDA
[11:09:43] [128/326] KDCT
[11:09:44] [129/326] JACS
[11:09:45] [130/326] GMMC
[11:09:45] 🔄 Identity reset
[11:09:45] 🔄 Identity rotated (every 10 requests)
[11:09:46] [131/326] AICM
[11:09:46] [132/326] TJCM
[11:09:47] [133/326] RMTI
[11:09:48] [134/326] SHAC
[11:09:49] [135/326] APJC
[11:09:50] [136/326] GCTG
[11:09:51] [137/326] SSMC
[11:09:52] [138/326] THRM
[11:09:53] [139/326] RBCT
[11:09:54] [140/326] DIKT
[11:09:54] 🔄 Identity reset
[11:09:54] 🔄 Identity rotated (every 10 requests)
[11:09:55] [141/326] MIDL
[11:09:56] [142/326] VCSN
[11:09:57] [143/326] SKTG
[11:09:58] [144/326] SMWC
[11:09:58] [145/326] MNKH
[11:09:59] [146/326] PIAT
[11:10:00] [147/326] LTTP
[11:10:02] [148/326] PTPU
[11:10:02] [149/326] ACMG
[11:10:03] [150/326] SHMM
[11:10:04] 🔄 Identity reset
[11:10:04] 🔄 Identity rotated (every 10 requests)
[11:10:04] [151/326] MCMN
[11:10:05] [152/326] GLDC
[11:10:06] [153/326] HOUT
[11:10:08] [154/326] SVRP
[11:10:09] [155/326] PVDN
[11:10:10] [156/326] SCPY
[11:10:12] [157/326] DTPY
[11:10:13] [158/326] GKCS
[11:10:13] [159/326] NCAM
[11:10:14] [160/326] BSRM
[11:10:15] 🔄 Identity reset
[11:10:15] 🔄 Identity rotated (every 10 requests)
[11:10:15] [161/326] RCLC
[11:10:16] [162/326] SKKD
[11:10:17] [163/326] ACHU
[11:10:18] [164/326] RSCF
[11:10:19] [165/326] IMSH
[11:10:19] [166/326] MACX
[11:10:20] [167/326] HMMW
[11:10:21] [168/326] JTCP
[11:10:22] [169/326] SREN
[11:10:23] [170/326] PJRR
[11:10:24] 🔄 Identity reset
[11:10:24] 🔄 Identity rotated (every 10 requests)
[11:10:25] [171/326] INAC
[11:10:26] [172/326] BMCA
[11:10:27] [173/326] SHCB
[11:10:28] [174/326] GABA
[11:10:29] [175/326] SBCT
[11:10:29] [176/326] GCMA
[11:10:30] [177/326] MYTK
[11:10:31] [178/326] INZS
[11:10:32] [179/326] RMIK
[11:10:33] [180/326] NYCH
[11:10:34] 🔄 Identity reset
[11:10:34] 🔄 Identity rotated (every 10 requests)
[11:10:34] [181/326] RAVE
[11:10:35] [182/326] PSXM
[11:10:36] [183/326] MCGP
[11:10:37] [184/326] PDDK
[11:10:38] [185/326] SPCK
[11:10:39] [186/326] MCRL
[11:10:40] [187/326] MHKT
[11:10:41] [188/326] ANRR
[11:10:42] [189/326] SAPK
[11:10:44] [190/326] NCUK
[11:10:44] 🔄 Identity reset
[11:10:44] 🔄 Identity rotated (every 10 requests)
[11:10:45] [191/326] JUGA
[11:10:45] [192/326] DBSC
[11:10:46] [193/326] LALK
[11:10:47] [194/326] GUCK
[11:10:48] [195/326] STSG
[11:10:50] [196/326] PPPZ
[11:10:51] [197/326] CNCY
[11:10:52] [198/326] MTAR
[11:10:53] [199/326] VNKD
[11:10:54] [200/326] KMAJ
[11:10:55] 🔄 Identity reset
[11:10:55] 🔄 Identity rotated (every 10 requests)
[11:10:55] [201/326] ACXK
[11:10:56] [202/326] UTKC
[11:10:57] [203/326] PBLK
[11:10:58] [204/326] ACBX
[11:10:58] [205/326] PTGM
[11:10:59] [206/326] BTDA
[11:11:00] [207/326] PJMB
[11:11:01] [208/326] TPDA
[11:11:02] [209/326] AMOE
[11:11:03] [210/326] PRHT
[11:11:04] 🔄 Identity reset
[11:11:04] 🔄 Identity rotated (every 10 requests)
[11:11:04] [211/326] PRTA
[11:11:05] [212/326] STAM
[11:11:07] [213/326] MSAA
[11:11:08] [214/326] SDLU
[11:11:09] [215/326] RCHH
[11:11:10] [216/326] KANT
[11:11:10] [217/326] FCRT
[11:11:11] [218/326] DNKM
[11:11:12] [219/326] RYCP
[11:11:13] [220/326] MYRP
[11:11:13] 🔄 Identity reset
[11:11:13] 🔄 Identity rotated (every 10 requests)
[11:11:14] [221/326] PPAK
[11:11:14] [222/326] NVPK
[11:11:15] [223/326] PRMC
[11:11:16] [224/326] JBCS
[11:11:17] [225/326] GXCK
[11:11:19] [226/326] USKO
[11:11:20] [227/326] GTEM
[11:11:21] [228/326] SMBU
[11:11:21] [229/326] VETC
[11:11:22] [230/326] LCDA
[11:11:23] 🔄 Identity reset
[11:11:23] 🔄 Identity rotated (every 10 requests)
[11:11:23] [231/326] MTVT
[11:11:24] [232/326] PYCP
[11:11:25] [233/326] PNSC
[11:11:26] [234/326] PPCC
[11:11:27] [235/326] TGRT
[11:11:28] [236/326] JYOT
[11:11:29] [237/326] SRCZ
[11:11:30] [238/326] SJTE
[11:11:30] [239/326] DESC
[11:11:31] [240/326] JHVN
[11:11:32] 🔄 Identity reset
[11:11:32] 🔄 Identity rotated (every 10 requests)
[11:11:32] [241/326] IPSG
[11:11:33] [242/326] IPCM
[11:11:34] [243/326] PDRS
[11:11:36] [244/326] ANCV
[11:11:37] [245/326] CMVV
[11:11:38] [246/326] SHYP
[11:11:39] [247/326] DNCS
[11:11:41] [248/326] GAJK
[11:11:42] [249/326] AKTN
[11:11:43] [250/326] KAYA
[11:11:43] 🔄 Identity reset
[11:11:43] 🔄 Identity rotated (every 10 requests)
[11:11:44] [251/326] SBRC
[11:11:44] [252/326] CHTP
[11:11:46] [253/326] SHRT
[11:11:47] [254/326] BCKU
[11:11:48] [255/326] FCPS
[11:11:49] [256/326] ARDD
[11:11:49] [257/326] CPCM
[11:11:51] [258/326] CGSM
[11:11:52] [259/326] PSMP
[11:11:53] [260/326] SDAL
[11:11:54] 🔄 Identity reset
[11:11:54] 🔄 Identity rotated (every 10 requests)
[11:11:54] [261/326] RTNB
[11:11:55] [262/326] LMCR
[11:11:56] [263/326] CIMA
[11:11:57] [264/326] RNAS
[11:11:57] [265/326] LITH
[11:11:58] [266/326] PBOX
[11:11:59] [267/326] FRTS
[11:12:00] [268/326] RKIC
[11:12:01] [269/326] PTAI
[11:12:02] [270/326] GCIC
[11:12:02] 🔄 Identity reset
[11:12:02] 🔄 Identity rotated (every 10 requests)
[11:12:02] [271/326] FNAS
[11:12:03] [272/326] SCAR
[11:12:04] [273/326] MTCA
[11:12:06] [274/326] SCTS
[11:12:07] [275/326] SYCS
[11:12:07] [276/326] RDMS
[11:12:08] [277/326] KAMP
[11:12:09] [278/326] ERSD
[11:12:10] [279/326] MJMJ
[11:12:11] [280/326] SRCJ
[11:12:12] 🔄 Identity reset
[11:12:12] 🔄 Identity rotated (every 10 requests)
[11:12:12] [281/326] SCXE
[11:12:14] [282/326] SVFR
[11:12:14] [283/326] BHCS
[11:12:15] [284/326] IMCC
[11:12:16] [285/326] PCBO
[11:12:17] [286/326] PRVN
[11:12:18] [287/326] AUPM
[11:12:19] [288/326] INBW
[11:12:21] [289/326] SVCW
[11:12:22] [290/326] RKCF
[11:12:22] 🔄 Identity reset
[11:12:22] 🔄 Identity rotated (every 10 requests)
[11:12:23] [291/326] UVBH
[11:12:24] [292/326] DNCY
[11:12:25] [293/326] ABCN
[11:12:26] [294/326] PRUR
[11:12:28] [295/326] PFMR
[11:12:29] [296/326] RKCN
[11:12:30] [297/326] CFEA
[11:12:30] [298/326] SDBG
[11:12:31] [299/326] SNAR
[11:12:32] [300/326] YISI
[11:12:33] 🔄 Identity reset
[11:12:33] 🔄 Identity rotated (every 10 requests)
[11:12:33] [301/326] JCFF
[11:12:34] [302/326] VTRK
[11:12:36] [303/326] PCLZ
[11:12:37] [304/326] DIMY
[11:12:38] [305/326] BBTS
[11:12:38] [306/326] GATH
[11:12:39] [307/326] GTMN
[11:12:40] [308/326] VTMH
[11:12:42] [309/326] CCKP
[11:12:42] [310/326] GPKA
[11:12:43] 🔄 Identity reset
[11:12:43] 🔄 Identity rotated (every 10 requests)
[11:12:43] [311/326] MHCL
[11:12:44] [312/326] ATCL
[11:12:45] [313/326] SBCK
[11:12:46] [314/326] AMMR
[11:12:47] [315/326] MADC
[11:12:48] [316/326] TMMA
[11:12:49] [317/326] CACC
[11:12:50] [318/326] CHAL
[11:12:51] [319/326] DURG
[11:12:52] [320/326] GMKU
[11:12:52] 🔄 Identity reset
[11:12:52] 🔄 Identity rotated (every 10 requests)
[11:12:53] [321/326] GECA
[11:12:54] [322/326] KYRR
[11:12:54] [323/326] KSDE
[11:12:55] [324/326] LMCI
[11:12:57] [325/326] NKCP
[11:12:58] [326/326] BGTC
[11:12:59] ✅ DONE | Shows=1067 | Movies=84
[11:18:36] 🚀 BMS DAILY TRACKER STARTED (enhanced anti‑detection)
[11:18:36] [1/326] BSAT
[11:18:36] 🧠 New identity created
[11:18:37] [2/326] RSSM
[11:18:38] [3/326] GCTA
[11:18:39] [4/326] TOPN
[11:18:39] [5/326] MCUS
[11:18:40] [6/326] SHRL
[11:18:41] [7/326] UPTP
[11:18:42] [8/326] TMMP
[11:18:43] [9/326] DNRP
[11:18:44] [10/326] SRLT
[11:18:44] 🔄 Identity reset
[11:18:44] 🔄 Identity rotated (every 10 requests)
[11:18:45] [11/326] RCNS
[11:18:46] [12/326] DCBH
[11:18:46] [13/326] NAGJ
[11:18:47] [14/326] JVRC
[11:18:48] [15/326] KRJG
[11:18:49] [16/326] SRTJ
[11:18:50] [17/326] CMXM
[11:18:50] [18/326] STMI
[11:18:51] [19/326] SLST
[11:18:52] [20/326] DTCN
[11:18:53] 🔄 Identity reset
[11:18:53] 🔄 Identity rotated (every 10 requests)
[11:18:53] [21/326] STYN
[11:18:54] [22/326] SZVR
[11:18:55] [23/326] SRKO
[11:18:56] [24/326] JTGT
[11:18:57] [25/326] SVFD
[11:18:58] [26/326] SISD
[11:19:00] [27/326] ABDD
[11:19:00] [28/326] DRCA
[11:19:01] [29/326] AVCS
[11:19:02] [30/326] MVKH
[11:19:03] 🔄 Identity reset
[11:19:03] 🔄 Identity rotated (every 10 requests)
[11:19:03] [31/326] ACPR
[11:19:04] [32/326] STIP
[11:19:05] [33/326] MTRA
[11:19:06] [34/326] RMKH
[11:19:07] [35/326] NKRL
[11:19:08] [36/326] PCWN
[11:19:08] [37/326] BLMT
[11:19:09] [38/326] GDPG
[11:19:11] [39/326] SRMX
[11:19:12] [40/326] JACP
[11:19:12] 🔄 Identity reset
[11:19:12] 🔄 Identity rotated (every 10 requests)
[11:19:13] [41/326] CPSH
[11:19:14] [42/326] MCCD
[11:19:15] [43/326] ECGH
[11:19:16] [44/326] MKCK
[11:19:16] [45/326] SRMM
[11:19:17] [46/326] SKYR
[11:19:18] [47/326] PCKC
[11:19:19] [48/326] JCMA
[11:19:20] [49/326] BSMP
[11:19:21] [50/326] VSPA
[11:19:21] 🔄 Identity reset
[11:19:22] 🔄 Identity rotated (every 10 requests)
[11:19:22] [51/326] DJYA
[11:19:23] [52/326] DIMP
[11:19:24] [53/326] FXDR
[11:19:25] [54/326] SSRC
[11:19:25] [55/326] STHP
[11:19:26] [56/326] CPPD
[11:19:27] [57/326] FCLK
[11:19:28] [58/326] SCPP
[11:19:29] [59/326] DCMJ
[11:19:30] [60/326] RCCR
[11:19:30] 🔄 Identity reset
[11:19:31] 🔄 Identity rotated (every 10 requests)
[11:19:31] [61/326] INMT
[11:19:32] [62/326] LXTK
[11:19:33] [63/326] SRYK
[11:19:34] [64/326] SGDK
[11:19:34] [65/326] PPKA
[11:19:35] [66/326] SPKA
[11:19:36] [67/326] CGHH
[11:19:37] [68/326] DCJN
[11:19:38] [69/326] SRKV
[11:19:39] [70/326] SAJC
[11:19:40] 🔄 Identity reset
[11:19:40] 🔄 Identity rotated (every 10 requests)
[11:19:40] [71/326] SUSR
[11:19:41] [72/326] STYG
[11:19:42] [73/326] NTKP
[11:19:42] [74/326] AKTG
[11:19:43] [75/326] CGCM
[11:19:44] [76/326] TULC
[11:19:45] [77/326] NYYZ
[11:19:46] [78/326] NYBW
[11:19:47] [79/326] MACB
[11:19:48] [80/326] SLVT
[11:19:48] 🔄 Identity reset
[11:19:48] 🔄 Identity rotated (every 10 requests)
[11:19:48] [81/326] SANA
[11:19:49] [82/326] ACMR
[11:19:50] [83/326] CPKN
[11:19:51] [84/326] DLGK
[11:19:52] [85/326] CWCK
[11:19:53] [86/326] FDDH
[11:19:54] [87/326] MMMD
[11:19:55] [88/326] CMEH
[11:19:55] [89/326] GGGV
[11:19:56] [90/326] SPJL
[11:19:57] 🔄 Identity reset
[11:19:57] 🔄 Identity rotated (every 10 requests)
[11:19:57] [91/326] RCCD
[11:19:58] [92/326] STTZ
[11:19:59] [93/326] BTCF
[11:20:00] [94/326] TSTZ
[11:20:02] [95/326] IPMM
[11:20:03] [96/326] PMPW
[11:20:04] [97/326] PCMZ
[11:20:05] [98/326] ESEM
[11:20:06] [99/326] PIPO
[11:20:06] [100/326] MATK
[11:20:07] 🔄 Identity reset
[11:20:07] 🔄 Identity rotated (every 10 requests)
[11:20:07] [101/326] PGHM
[11:20:09] [102/326] CTSR
[11:20:10] [103/326] CYKR
[11:20:11] [104/326] MSCM
[11:20:11] [105/326] RFNP
[11:20:12] [106/326] PDCP
[11:20:13] [107/326] NPSE
[11:20:14] [108/326] MKML
[11:20:15] [109/326] FTDP
[11:20:16] [110/326] MMXA
[11:20:17] 🔄 Identity reset
[11:20:17] 🔄 Identity rotated (every 10 requests)
[11:20:17] [111/326] CEPO
[11:20:18] [112/326] CMVP
[11:20:19] [113/326] SGTH
[11:20:20] [114/326] SAYN
[11:20:22] [115/326] URVS
[11:20:23] [116/326] VJTN
[11:20:23] [117/326] BBYK
[11:20:24] [118/326] SHBO
[11:20:25] [119/326] VCMR
[11:20:26] [120/326] MACT
[11:20:27] 🔄 Identity reset
[11:20:27] 🔄 Identity rotated (every 10 requests)
[11:20:27] [121/326] JMNP
[11:20:28] [122/326] VICS
[11:20:29] [123/326] VCDA
[11:20:30] [124/326] GCMM
[11:20:30] [125/326] INVS
[11:20:32] [126/326] SCGM
[11:20:33] [127/326] PCDA
[11:20:34] [128/326] KDCT
[11:20:35] [129/326] JACS
[11:20:36] [130/326] GMMC
[11:20:36] 🔄 Identity reset
[11:20:36] 🔄 Identity rotated (every 10 requests)
[11:20:37] [131/326] AICM
[11:20:38] [132/326] TJCM
[11:20:39] [133/326] RMTI
[11:20:40] [134/326] SHAC
[11:20:40] [135/326] APJC
[11:20:41] [136/326] GCTG
[11:20:42] [137/326] SSMC
[11:20:43] [138/326] THRM
[11:20:44] [139/326] RBCT
[11:20:45] [140/326] DIKT
[11:20:45] 🔄 Identity reset
[11:20:45] 🔄 Identity rotated (every 10 requests)
[11:20:46] [141/326] MIDL
[11:20:46] [142/326] VCSN
[11:20:47] [143/326] SKTG
[11:20:48] [144/326] SMWC
[11:20:49] [145/326] MNKH
[11:20:50] [146/326] PIAT
[11:20:51] [147/326] LTTP
[11:20:52] [148/326] PTPU
[11:20:53] [149/326] ACMG
[11:20:54] [150/326] SHMM
[11:20:55] 🔄 Identity reset
[11:20:55] 🔄 Identity rotated (every 10 requests)
[11:20:55] [151/326] MCMN
[11:20:56] [152/326] GLDC
[11:20:57] [153/326] HOUT
[11:20:58] [154/326] SVRP
[11:20:59] [155/326] PVDN
[11:20:59] [156/326] SCPY
[11:21:01] [157/326] DTPY
[11:21:02] [158/326] GKCS
[11:21:03] [159/326] NCAM
[11:21:04] [160/326] BSRM
[11:21:04] 🔄 Identity reset
[11:21:04] 🔄 Identity rotated (every 10 requests)
[11:21:05] [161/326] RCLC
[11:21:05] [162/326] SKKD
[11:21:06] [163/326] ACHU
[11:21:08] [164/326] RSCF
[11:21:09] [165/326] IMSH
[11:21:10] [166/326] MACX
[11:21:11] [167/326] HMMW
[11:21:12] [168/326] JTCP
[11:21:13] [169/326] SREN
[11:21:14] [170/326] PJRR
[11:21:14] 🔄 Identity reset
[11:21:14] 🔄 Identity rotated (every 10 requests)
[11:21:16] [171/326] INAC
[11:21:16] [172/326] BMCA
[11:21:17] [173/326] SHCB
[11:21:18] [174/326] GABA
[11:21:19] [175/326] SBCT
[11:21:20] [176/326] GCMA
[11:21:21] [177/326] MYTK
[11:21:22] [178/326] INZS
[11:21:23] [179/326] RMIK
[11:21:23] [180/326] NYCH
[11:21:24] 🔄 Identity reset
[11:21:24] 🔄 Identity rotated (every 10 requests)
[11:21:25] [181/326] RAVE
[11:21:25] [182/326] PSXM
[11:21:26] [183/326] MCGP
[11:21:27] [184/326] PDDK
[11:21:28] [185/326] SPCK
[11:21:29] [186/326] MCRL
[11:21:30] [187/326] MHKT
[11:21:32] [188/326] ANRR
[11:21:33] [189/326] SAPK
[11:21:34] [190/326] NCUK
[11:21:34] 🔄 Identity reset
[11:21:34] 🔄 Identity rotated (every 10 requests)
[11:21:34] [191/326] JUGA
[11:21:35] [192/326] DBSC
[11:21:36] [193/326] LALK
[11:21:37] [194/326] GUCK
[11:21:38] [195/326] STSG
[11:21:39] [196/326] PPPZ
[11:21:40] [197/326] CNCY
[11:21:41] [198/326] MTAR
[11:21:42] [199/326] VNKD
[11:21:42] [200/326] KMAJ
[11:21:43] 🔄 Identity reset
[11:21:43] 🔄 Identity rotated (every 10 requests)
[11:21:43] [201/326] ACXK
[11:21:45] [202/326] UTKC
[11:21:46] [203/326] PBLK
[11:21:47] [204/326] ACBX
[11:21:47] [205/326] PTGM
[11:21:48] [206/326] BTDA
[11:21:49] [207/326] PJMB
[11:21:50] [208/326] TPDA
[11:21:51] [209/326] AMOE
[11:21:52] [210/326] PRHT
[11:21:53] 🔄 Identity reset
[11:21:53] 🔄 Identity rotated (every 10 requests)
[11:21:53] [211/326] PRTA
[11:21:54] [212/326] STAM
[11:21:55] [213/326] MSAA
[11:21:56] [214/326] SDLU
[11:21:57] [215/326] RCHH
[11:21:58] [216/326] KANT
[11:21:59] [217/326] FCRT
[11:22:00] [218/326] DNKM
[11:22:00] [219/326] RYCP
[11:22:01] [220/326] MYRP
[11:22:02] 🔄 Identity reset
[11:22:02] 🔄 Identity rotated (every 10 requests)
[11:22:02] [221/326] PPAK
[11:22:03] [222/326] NVPK
[11:22:04] [223/326] PRMC
[11:22:05] [224/326] JBCS
[11:22:06] [225/326] GXCK
[11:22:07] [226/326] USKO
[11:22:08] [227/326] GTEM
[11:22:09] [228/326] SMBU
[11:22:10] [229/326] VETC
[11:22:11] [230/326] LCDA
[11:22:11] 🔄 Identity reset
[11:22:11] 🔄 Identity rotated (every 10 requests)
[11:22:12] [231/326] MTVT
[11:22:13] [232/326] PYCP
[11:22:14] [233/326] PNSC
[11:22:15] [234/326] PPCC
[11:22:16] [235/326] TGRT
[11:22:17] [236/326] JYOT
[11:22:17] [237/326] SRCZ
[11:22:18] [238/326] SJTE
[11:22:20] [239/326] DESC
[11:22:21] [240/326] JHVN
[11:22:21] 🔄 Identity reset
[11:22:22] 🔄 Identity rotated (every 10 requests)
[11:22:22] [241/326] IPSG
[11:22:23] [242/326] IPCM
[11:22:24] [243/326] PDRS
[11:22:25] [244/326] ANCV
[11:22:27] [245/326] CMVV
[11:22:28] [246/326] SHYP
[11:22:29] [247/326] DNCS
[11:22:30] [248/326] GAJK
[11:22:31] [249/326] AKTN
[11:22:31] [250/326] KAYA
[11:22:32] 🔄 Identity reset
[11:22:32] 🔄 Identity rotated (every 10 requests)
[11:22:32] [251/326] SBRC
[11:22:33] [252/326] CHTP
[11:22:34] [253/326] SHRT
[11:22:36] [254/326] BCKU
[11:22:37] [255/326] FCPS
[11:22:39] [256/326] ARDD
[11:22:40] [257/326] CPCM
[11:22:41] [258/326] CGSM
[11:22:43] [259/326] PSMP
[11:22:44] [260/326] SDAL
[11:22:44] 🔄 Identity reset
[11:22:44] 🔄 Identity rotated (every 10 requests)
[11:22:45] [261/326] RTNB
[11:22:46] [262/326] LMCR
[11:22:47] [263/326] CIMA
[11:22:48] [264/326] RNAS
[11:22:49] [265/326] LITH
[11:22:50] [266/326] PBOX
[11:22:51] [267/326] FRTS
[11:22:52] [268/326] RKIC
[11:22:53] [269/326] PTAI
[11:22:54] [270/326] GCIC
[11:22:55] 🔄 Identity reset
[11:22:55] 🔄 Identity rotated (every 10 requests)
[11:22:55] [271/326] FNAS
[11:22:56] [272/326] SCAR
[11:22:57] [273/326] MTCA
[11:22:58] [274/326] SCTS
[11:22:59] [275/326] SYCS
[11:23:00] [276/326] RDMS
[11:23:01] [277/326] KAMP
[11:23:02] [278/326] ERSD
[11:23:03] [279/326] MJMJ
[11:23:03] [280/326] SRCJ
[11:23:04] 🔄 Identity reset
[11:23:04] 🔄 Identity rotated (every 10 requests)
[11:23:04] [281/326] SCXE
[11:23:05] [282/326] SVFR
[11:23:06] [283/326] BHCS
[11:23:07] [284/326] IMCC
[11:23:08] [285/326] PCBO
[11:23:09] [286/326] PRVN
[11:23:10] [287/326] AUPM
[11:23:10] [288/326] INBW
[11:23:12] [289/326] SVCW
[11:23:13] [290/326] RKCF
[11:23:14] 🔄 Identity reset
[11:23:14] 🔄 Identity rotated (every 10 requests)
[11:23:14] [291/326] UVBH
[11:23:15] [292/326] DNCY
[11:23:16] [293/326] ABCN
[11:23:17] [294/326] PRUR
[11:23:19] [295/326] PFMR
[11:23:20] [296/326] RKCN
[11:23:20] [297/326] CFEA
[11:23:22] [298/326] SDBG
[11:23:23] [299/326] SNAR
[11:23:24] [300/326] YISI
[11:23:24] 🔄 Identity reset
[11:23:24] 🔄 Identity rotated (every 10 requests)
[11:23:24] [301/326] JCFF
[11:23:25] [302/326] VTRK
[11:23:26] [303/326] PCLZ
[11:23:27] [304/326] DIMY
[11:23:28] [305/326] BBTS
[11:23:29] [306/326] GATH
[11:23:30] [307/326] GTMN
[11:23:31] [308/326] VTMH
[11:23:32] [309/326] CCKP
[11:23:33] [310/326] GPKA
[11:23:33] 🔄 Identity reset
[11:23:33] 🔄 Identity rotated (every 10 requests)
[11:23:34] [311/326] MHCL
[11:23:34] [312/326] ATCL
[11:23:35] [313/326] SBCK
[11:23:36] [314/326] AMMR
[11:23:37] [315/326] MADC
[11:23:38] [316/326] TMMA
[11:23:39] [317/326] CACC
[11:23:40] [318/326] CHAL
[11:23:40] [319/326] DURG
[11:23:41] [320/326] GMKU
[11:23:42] 🔄 Identity reset
[11:23:42] 🔄 Identity rotated (every 10 requests)
[11:23:42] [321/326] GECA
[11:23:43] [322/326] KYRR
[11:23:44] [323/326] KSDE
[11:23:45] [324/326] LMCI
[11:23:46] [325/326] NKCP
[11:23:47] [326/326] BGTC
[11:23:48] ✅ DONE | Shows=1105 | Movies=84
[12:06:35] 🚀 BMS DAILY TRACKER STARTED (enhanced anti‑detection)
[12:06:35] [1/326] BSAT
[12:06:36] 🧠 New identity created
[12:06:36] [2/326] RSSM
[12:06:37] [3/326] GCTA
[12:06:38] [4/326] TOPN
[12:06:39] [5/326] MCUS
[12:06:41] [6/326] SHRL
[12:06:41] [7/326] UPTP
[12:06:42] [8/326] TMMP
[12:06:43] [9/326] DNRP
[12:06:47] [10/326] SRLT
[12:06:47] 🔄 Identity reset
[12:06:47] 🔄 Identity rotated (every 10 requests)
[12:06:48] [11/326] RCNS
[12:06:48] [12/326] DCBH
[12:06:49] [13/326] NAGJ
[12:06:50] [14/326] JVRC
[12:06:51] [15/326] KRJG
[12:06:52] [16/326] SRTJ
[12:06:53] [17/326] CMXM
[12:06:54] [18/326] STMI
[12:06:54] [19/326] SLST
[12:06:55] [20/326] DTCN
[12:06:56] 🔄 Identity reset
[12:06:56] 🔄 Identity rotated (every 10 requests)
[12:06:56] [21/326] STYN
[12:06:57] [22/326] SZVR
[12:06:58] [23/326] SRKO
[12:06:59] [24/326] JTGT
[12:06:59] [25/326] SVFD
[12:07:00] [26/326] SISD
[12:07:01] [27/326] ABDD
[12:07:04] [28/326] DRCA
[12:07:05] [29/326] AVCS
[12:07:06] [30/326] MVKH
[12:07:07] 🔄 Identity reset
[12:07:07] 🔄 Identity rotated (every 10 requests)
[12:07:07] [31/326] ACPR
[12:07:08] [32/326] STIP
[12:07:09] [33/326] MTRA
[12:07:10] [34/326] RMKH
[12:07:10] [35/326] NKRL
[12:07:11] [36/326] PCWN
[12:07:12] [37/326] BLMT
[12:07:13] [38/326] GDPG
[12:07:14] [39/326] SRMX
[12:07:15] [40/326] JACP
[12:07:15] 🔄 Identity reset
[12:07:15] 🔄 Identity rotated (every 10 requests)
[12:07:16] [41/326] CPSH
[12:07:17] [42/326] MCCD
[12:07:17] [43/326] ECGH
[12:07:18] [44/326] MKCK
[12:07:19] [45/326] SRMM
[12:07:20] [46/326] SKYR
[12:07:21] [47/326] PCKC
[12:07:22] [48/326] JCMA
[12:07:24] [49/326] BSMP
[12:07:24] [50/326] VSPA
[12:07:25] 🔄 Identity reset
[12:07:25] 🔄 Identity rotated (every 10 requests)
[12:07:25] [51/326] DJYA
[12:07:26] [52/326] DIMP
[12:07:27] [53/326] FXDR
[12:07:28] [54/326] SSRC
[12:07:29] [55/326] STHP
[12:07:29] [56/326] CPPD
[12:07:30] [57/326] FCLK
[12:07:31] [58/326] SCPP
[12:07:32] [59/326] DCMJ
[12:07:33] [60/326] RCCR
[12:07:34] 🔄 Identity reset
[12:07:34] 🔄 Identity rotated (every 10 requests)
[12:07:34] [61/326] INMT
[12:07:35] [62/326] LXTK
[12:07:36] [63/326] SRYK
[12:07:37] [64/326] SGDK
[12:07:37] [65/326] PPKA
[12:07:38] [66/326] SPKA
[12:07:39] [67/326] CGHH
[12:07:41] [68/326] DCJN
[12:07:42] [69/326] SRKV
[12:07:43] [70/326] SAJC
[12:07:44] 🔄 Identity reset
[12:07:44] 🔄 Identity rotated (every 10 requests)
[12:07:44] [71/326] SUSR
[12:07:45] [72/326] STYG
[12:07:46] [73/326] NTKP
[12:07:47] [74/326] AKTG
[12:07:48] [75/326] CGCM
[12:07:49] [76/326] TULC
[12:07:50] [77/326] NYYZ
[12:07:51] [78/326] NYBW
[12:07:52] [79/326] MACB
[12:07:53] [80/326] SLVT
[12:07:53] 🔄 Identity reset
[12:07:53] 🔄 Identity rotated (every 10 requests)
[12:07:54] [81/326] SANA
[12:07:55] [82/326] ACMR
[12:07:56] [83/326] CPKN
[12:07:57] [84/326] DLGK
[12:07:58] [85/326] CWCK
[12:07:58] [86/326] FDDH
[12:07:59] [87/326] MMMD
[12:08:00] [88/326] CMEH
[12:08:01] [89/326] GGGV
[12:08:02] [90/326] SPJL
[12:08:02] 🔄 Identity reset
[12:08:02] 🔄 Identity rotated (every 10 requests)
[12:08:03] [91/326] RCCD
[12:08:03] [92/326] STTZ
[12:08:04] [93/326] BTCF
[12:08:05] [94/326] TSTZ
[12:08:06] [95/326] IPMM
[12:08:07] [96/326] PMPW
[12:08:08] [97/326] PCMZ
[12:08:09] [98/326] ESEM
[12:08:10] [99/326] PIPO
[12:08:11] [100/326] MATK
[12:08:12] 🔄 Identity reset
[12:08:12] 🔄 Identity rotated (every 10 requests)
[12:08:12] [101/326] PGHM
[12:08:13] [102/326] CTSR
[12:08:14] [103/326] CYKR
[12:08:15] [104/326] MSCM
[12:08:16] [105/326] RFNP
[12:08:17] [106/326] PDCP
[12:08:18] [107/326] NPSE
[12:08:18] [108/326] MKML
[12:08:19] [109/326] FTDP
[12:08:20] [110/326] MMXA
[12:08:21] 🔄 Identity reset
[12:08:21] 🔄 Identity rotated (every 10 requests)
[12:08:21] [111/326] CEPO
[12:08:22] [112/326] CMVP
[12:08:23] [113/326] SGTH
[12:08:23] [114/326] SAYN
[12:08:24] [115/326] URVS
[12:08:25] [116/326] VJTN
[12:08:26] [117/326] BBYK
[12:08:27] [118/326] SHBO
[12:08:28] [119/326] VCMR
[12:08:29] [120/326] MACT
[12:08:29] 🔄 Identity reset
[12:08:29] 🔄 Identity rotated (every 10 requests)
[12:08:30] [121/326] JMNP
[12:08:31] [122/326] VICS
[12:08:32] [123/326] VCDA
[12:08:32] [124/326] GCMM
[12:08:33] [125/326] INVS
[12:08:34] [126/326] SCGM
[12:08:35] [127/326] PCDA
[12:08:36] [128/326] KDCT
[12:08:38] [129/326] JACS
[12:08:39] [130/326] GMMC
[12:08:39] 🔄 Identity reset
[12:08:39] 🔄 Identity rotated (every 10 requests)
[12:08:40] [131/326] AICM
[12:08:41] [132/326] TJCM
[12:08:42] [133/326] RMTI
[12:08:43] [134/326] SHAC
[12:08:44] [135/326] APJC
[12:08:46] [136/326] GCTG
[12:08:46] [137/326] SSMC
[12:08:47] [138/326] THRM
[12:08:48] [139/326] RBCT
[12:08:49] [140/326] DIKT
[12:08:50] 🔄 Identity reset
[12:08:50] 🔄 Identity rotated (every 10 requests)
[12:08:50] [141/326] MIDL
[12:08:52] [142/326] VCSN
[12:08:53] [143/326] SKTG
[12:08:54] [144/326] SMWC
[12:08:55] [145/326] MNKH
[12:08:56] [146/326] PIAT
[12:08:57] [147/326] LTTP
[12:08:58] [148/326] PTPU
[12:08:59] [149/326] ACMG
[12:09:00] [150/326] SHMM
[12:09:00] 🔄 Identity reset
[12:09:00] 🔄 Identity rotated (every 10 requests)
[12:09:01] [151/326] MCMN
[12:09:02] [152/326] GLDC
[12:09:03] [153/326] HOUT
[12:09:03] [154/326] SVRP
[12:09:04] [155/326] PVDN
[12:09:05] [156/326] SCPY
[12:09:06] [157/326] DTPY
[12:09:07] [158/326] GKCS
[12:09:08] [159/326] NCAM
[12:09:09] [160/326] BSRM
[12:09:09] 🔄 Identity reset
[12:09:09] 🔄 Identity rotated (every 10 requests)
[12:09:09] [161/326] RCLC
[12:09:10] [162/326] SKKD
[12:09:11] [163/326] ACHU
[12:09:12] [164/326] RSCF
[12:09:13] [165/326] IMSH
[12:09:14] [166/326] MACX
[12:09:15] [167/326] HMMW
[12:09:16] [168/326] JTCP
[12:09:17] [169/326] SREN
[12:09:18] [170/326] PJRR
[12:09:18] 🔄 Identity reset
[12:09:18] 🔄 Identity rotated (every 10 requests)
[12:09:18] [171/326] INAC
[12:09:19] [172/326] BMCA
[12:09:20] [173/326] SHCB
[12:09:21] [174/326] GABA
[12:09:22] [175/326] SBCT
[12:09:23] [176/326] GCMA
[12:09:24] [177/326] MYTK
[12:09:25] [178/326] INZS
[12:09:26] [179/326] RMIK
[12:09:27] [180/326] NYCH
[12:09:27] 🔄 Identity reset
[12:09:27] 🔄 Identity rotated (every 10 requests)
[12:09:28] [181/326] RAVE
[12:09:28] [182/326] PSXM
[12:09:29] [183/326] MCGP
[12:09:30] [184/326] PDDK
[12:09:31] [185/326] SPCK
[12:09:32] [186/326] MCRL
[12:09:33] [187/326] MHKT
[12:09:34] [188/326] ANRR
[12:09:35] [189/326] SAPK
[12:09:37] [190/326] NCUK
[12:09:37] 🔄 Identity reset
[12:09:37] 🔄 Identity rotated (every 10 requests)
[12:09:38] [191/326] JUGA
[12:09:38] [192/326] DBSC
[12:09:39] [193/326] LALK
[12:09:40] [194/326] GUCK
[12:09:41] [195/326] STSG
[12:09:42] [196/326] PPPZ
[12:09:43] [197/326] CNCY
[12:09:44] [198/326] MTAR
[12:09:45] [199/326] VNKD
[12:09:46] [200/326] KMAJ
[12:09:47] 🔄 Identity reset
[12:09:47] 🔄 Identity rotated (every 10 requests)
[12:09:47] [201/326] ACXK
[12:09:48] [202/326] UTKC
[12:09:48] [203/326] PBLK
[12:09:50] [204/326] ACBX
[12:09:51] [205/326] PTGM
[12:09:52] [206/326] BTDA
[12:09:53] [207/326] PJMB
[12:09:54] [208/326] TPDA
[12:09:55] [209/326] AMOE
[12:09:55] [210/326] PRHT
[12:09:56] 🔄 Identity reset
[12:09:56] 🔄 Identity rotated (every 10 requests)
[12:09:56] [211/326] PRTA
[12:09:57] [212/326] STAM
[12:09:58] [213/326] MSAA
[12:09:59] [214/326] SDLU
[12:10:00] [215/326] RCHH
[12:10:01] [216/326] KANT
[12:10:01] [217/326] FCRT
[12:10:02] [218/326] DNKM
[12:10:03] [219/326] RYCP
[12:10:04] [220/326] MYRP
[12:10:05] 🔄 Identity reset
[12:10:05] 🔄 Identity rotated (every 10 requests)
[12:10:05] [221/326] PPAK
[12:10:06] [222/326] NVPK
[12:10:07] [223/326] PRMC
[12:10:08] [224/326] JBCS
[12:10:09] [225/326] GXCK
[12:10:10] [226/326] USKO
[12:10:11] [227/326] GTEM
[12:10:12] [228/326] SMBU
[12:10:13] [229/326] VETC
[12:10:14] [230/326] LCDA
[12:10:14] 🔄 Identity reset
[12:10:14] 🔄 Identity rotated (every 10 requests)
[12:10:15] [231/326] MTVT
[12:10:16] [232/326] PYCP
[12:10:17] [233/326] PNSC
[12:10:18] [234/326] PPCC
[12:10:19] [235/326] TGRT
[12:10:20] [236/326] JYOT
[12:10:21] [237/326] SRCZ
[12:10:22] [238/326] SJTE
[12:10:23] [239/326] DESC
[12:10:24] [240/326] JHVN
[12:10:24] 🔄 Identity reset
[12:10:24] 🔄 Identity rotated (every 10 requests)
[12:10:25] [241/326] IPSG
[12:10:25] [242/326] IPCM
[12:10:27] [243/326] PDRS
[12:10:28] [244/326] ANCV
[12:10:29] [245/326] CMVV
[12:10:30] [246/326] SHYP
[12:10:31] [247/326] DNCS
[12:10:32] [248/326] GAJK
[12:10:33] [249/326] AKTN
[12:10:34] [250/326] KAYA
[12:10:35] 🔄 Identity reset
[12:10:35] 🔄 Identity rotated (every 10 requests)
[12:10:35] [251/326] SBRC
[12:10:36] [252/326] CHTP
[12:10:37] [253/326] SHRT
[12:10:38] [254/326] BCKU
[12:10:39] [255/326] FCPS
[12:10:40] [256/326] ARDD
[12:10:41] [257/326] CPCM
[12:10:42] [258/326] CGSM
[12:10:43] [259/326] PSMP
[12:10:44] [260/326] SDAL
[12:10:45] 🔄 Identity reset
[12:10:45] 🔄 Identity rotated (every 10 requests)
[12:10:45] [261/326] RTNB
[12:10:47] [262/326] LMCR
[12:10:48] [263/326] CIMA
[12:10:49] [264/326] RNAS
[12:10:50] [265/326] LITH
[12:10:50] [266/326] PBOX
[12:10:51] [267/326] FRTS
[12:10:52] [268/326] RKIC
[12:10:53] [269/326] PTAI
[12:10:54] [270/326] GCIC
[12:10:55] 🔄 Identity reset
[12:10:55] 🔄 Identity rotated (every 10 requests)
[12:10:55] [271/326] FNAS
[12:10:56] [272/326] SCAR
[12:10:57] [273/326] MTCA
[12:10:58] [274/326] SCTS
[12:10:59] [275/326] SYCS
[12:11:00] [276/326] RDMS
[12:11:00] [277/326] KAMP
[12:11:01] [278/326] ERSD
[12:11:02] [279/326] MJMJ
[12:11:03] [280/326] SRCJ
[12:11:04] 🔄 Identity reset
[12:11:04] 🔄 Identity rotated (every 10 requests)
[12:11:04] [281/326] SCXE
[12:11:05] [282/326] SVFR
[12:11:06] [283/326] BHCS
[12:11:07] [284/326] IMCC
[12:11:07] [285/326] PCBO
[12:11:08] [286/326] PRVN
[12:11:09] [287/326] AUPM
[12:11:10] [288/326] INBW
[12:11:11] [289/326] SVCW
[12:11:12] [290/326] RKCF
[12:11:13] 🔄 Identity reset
[12:11:13] 🔄 Identity rotated (every 10 requests)
[12:11:13] [291/326] UVBH
[12:11:15] [292/326] DNCY
[12:11:16] [293/326] ABCN
[12:11:17] [294/326] PRUR
[12:11:18] [295/326] PFMR
[12:11:19] [296/326] RKCN
[12:11:20] [297/326] CFEA
[12:11:20] [298/326] SDBG
[12:11:21] [299/326] SNAR
[12:11:22] [300/326] YISI
[12:11:23] 🔄 Identity reset
[12:11:23] 🔄 Identity rotated (every 10 requests)
[12:11:23] [301/326] JCFF
[12:11:24] [302/326] VTRK
[12:11:25] [303/326] PCLZ
[12:11:26] [304/326] DIMY
[12:11:27] [305/326] BBTS
[12:11:28] [306/326] GATH
[12:11:29] [307/326] GTMN
[12:11:30] [308/326] VTMH
[12:11:31] [309/326] CCKP
[12:11:32] [310/326] GPKA
[12:11:32] 🔄 Identity reset
[12:11:32] 🔄 Identity rotated (every 10 requests)
[12:11:34] [311/326] MHCL
[12:11:35] [312/326] ATCL
[12:11:36] [313/326] SBCK
[12:11:37] [314/326] AMMR
[12:11:38] [315/326] MADC
[12:11:39] [316/326] TMMA
[12:11:40] [317/326] CACC
[12:11:41] [318/326] CHAL
[12:11:41] [319/326] DURG
[12:11:42] [320/326] GMKU
[12:11:43] 🔄 Identity reset
[12:11:43] 🔄 Identity rotated (every 10 requests)
[12:11:43] [321/326] GECA
[12:11:44] [322/326] KYRR
[12:11:45] [323/326] KSDE
[12:11:46] [324/326] LMCI
[12:11:47] [325/326] NKCP
[12:11:47] [326/326] BGTC
[12:11:48] ✅ DONE | Shows=1271 | Movies=85
[13:06:31] 🚀 BMS DAILY TRACKER STARTED (enhanced anti‑detection)
[13:06:31] [1/326] BSAT
[13:06:31] 🧠 New identity created
[13:06:31] 🔄 Retry 1/5 for BSAT in 2.1s
[13:06:31] 🔄 Identity reset
[13:06:34] 🧠 New identity created
[13:06:34] [2/326] RSSM
[13:06:35] [3/326] GCTA
[13:06:36] [4/326] TOPN
[13:06:36] [5/326] MCUS
[13:06:37] [6/326] SHRL
[13:06:38] [7/326] UPTP
[13:06:39] [8/326] TMMP
[13:06:40] [9/326] DNRP
[13:06:40] 🔄 Identity reset
[13:06:40] 🔄 Identity rotated (every 10 requests)
[13:06:41] [10/326] SRLT
[13:06:42] [11/326] RCNS
[13:06:43] [12/326] DCBH
[13:06:44] [13/326] NAGJ
[13:06:45] [14/326] JVRC
[13:06:46] [15/326] KRJG
[13:06:46] [16/326] SRTJ
[13:06:47] [17/326] CMXM
[13:06:48] [18/326] STMI
[13:06:49] [19/326] SLST
[13:06:50] 🔄 Identity reset
[13:06:50] 🔄 Identity rotated (every 10 requests)
[13:06:50] [20/326] DTCN
[13:06:51] [21/326] STYN
[13:06:51] [22/326] SZVR
[13:06:52] [23/326] SRKO
[13:06:54] [24/326] JTGT
[13:06:55] [25/326] SVFD
[13:06:55] [26/326] SISD
[13:06:56] [27/326] ABDD
[13:06:57] [28/326] DRCA
[13:06:59] [29/326] AVCS
[13:06:59] 🔄 Identity reset
[13:06:59] 🔄 Identity rotated (every 10 requests)
[13:06:59] [30/326] MVKH
[13:07:00] [31/326] ACPR
[13:07:01] [32/326] STIP
[13:07:02] [33/326] MTRA
[13:07:03] [34/326] RMKH
[13:07:03] [35/326] NKRL
[13:07:04] [36/326] PCWN
[13:07:05] [37/326] BLMT
[13:07:07] [38/326] GDPG
[13:07:08] [39/326] SRMX
[13:07:09] 🔄 Identity reset
[13:07:09] 🔄 Identity rotated (every 10 requests)
[13:07:09] [40/326] JACP
[13:07:10] [41/326] CPSH
[13:07:10] [42/326] MCCD
[13:07:11] [43/326] ECGH
[13:07:12] [44/326] MKCK
[13:07:13] [45/326] SRMM
[13:07:14] [46/326] SKYR
[13:07:15] [47/326] PCKC
[13:07:16] [48/326] JCMA
[13:07:17] [49/326] BSMP
[13:07:17] 🔄 Identity reset
[13:07:17] 🔄 Identity rotated (every 10 requests)
[13:07:18] [50/326] VSPA
[13:07:18] [51/326] DJYA
[13:07:19] [52/326] DIMP
[13:07:20] [53/326] FXDR
[13:07:21] [54/326] SSRC
[13:07:22] [55/326] STHP
[13:07:23] [56/326] CPPD
[13:07:24] [57/326] FCLK
[13:07:24] [58/326] SCPP
[13:07:25] [59/326] DCMJ
[13:07:26] 🔄 Identity reset
[13:07:26] 🔄 Identity rotated (every 10 requests)
[13:07:26] [60/326] RCCR
[13:07:27] [61/326] INMT
[13:07:28] [62/326] LXTK
[13:07:29] [63/326] SRYK
[13:07:30] [64/326] SGDK
[13:07:31] [65/326] PPKA
[13:07:31] [66/326] SPKA
[13:07:32] [67/326] CGHH
[13:07:33] [68/326] DCJN
[13:07:34] [69/326] SRKV
[13:07:35] 🔄 Identity reset
[13:07:35] 🔄 Identity rotated (every 10 requests)
[13:07:35] [70/326] SAJC
[13:07:36] [71/326] SUSR
[13:07:37] [72/326] STYG
[13:07:38] [73/326] NTKP
[13:07:39] [74/326] AKTG
[13:07:39] [75/326] CGCM
[13:07:40] [76/326] TULC
[13:07:41] [77/326] NYYZ
[13:07:42] [78/326] NYBW
[13:07:43] [79/326] MACB
[13:07:43] 🔄 Identity reset
[13:07:43] 🔄 Identity rotated (every 10 requests)
[13:07:44] [80/326] SLVT
[13:07:44] [81/326] SANA
[13:07:45] [82/326] ACMR
[13:07:46] [83/326] CPKN
[13:07:47] [84/326] DLGK
[13:07:48] [85/326] CWCK
[13:07:49] [86/326] FDDH
[13:07:50] [87/326] MMMD
[13:07:51] [88/326] CMEH
[13:07:52] [89/326] GGGV
[13:07:53] 🔄 Identity reset
[13:07:53] 🔄 Identity rotated (every 10 requests)
[13:07:53] [90/326] SPJL
[13:07:54] [91/326] RCCD
[13:07:55] [92/326] STTZ
[13:07:56] [93/326] BTCF
[13:07:57] [94/326] TSTZ
[13:07:58] [95/326] IPMM
[13:07:59] [96/326] PMPW
[13:08:00] [97/326] PCMZ
[13:08:01] [98/326] ESEM
[13:08:01] [99/326] PIPO
[13:08:02] 🔄 Identity reset
[13:08:02] 🔄 Identity rotated (every 10 requests)
[13:08:02] [100/326] MATK
[13:08:03] [101/326] PGHM
[13:08:04] [102/326] CTSR
[13:08:05] [103/326] CYKR
[13:08:06] [104/326] MSCM
[13:08:07] [105/326] RFNP
[13:08:08] [106/326] PDCP
[13:08:09] [107/326] NPSE
[13:08:09] [108/326] MKML
[13:08:10] [109/326] FTDP
[13:08:11] 🔄 Identity reset
[13:08:11] 🔄 Identity rotated (every 10 requests)
[13:08:12] [110/326] MMXA
[13:08:13] [111/326] CEPO
[13:08:14] [112/326] CMVP
[13:08:15] [113/326] SGTH
[13:08:16] [114/326] SAYN
[13:08:17] [115/326] URVS
[13:08:18] [116/326] VJTN
[13:08:19] [117/326] BBYK
[13:08:20] [118/326] SHBO
[13:08:20] [119/326] VCMR
[13:08:21] 🔄 Identity reset
[13:08:21] 🔄 Identity rotated (every 10 requests)
[13:08:21] [120/326] MACT
[13:08:22] [121/326] JMNP
[13:08:23] [122/326] VICS
[13:08:24] [123/326] VCDA
[13:08:25] [124/326] GCMM
[13:08:26] [125/326] INVS
[13:08:27] [126/326] SCGM
[13:08:28] [127/326] PCDA
[13:08:29] [128/326] KDCT
[13:08:29] [129/326] JACS
[13:08:30] 🔄 Identity reset
[13:08:30] 🔄 Identity rotated (every 10 requests)
[13:08:31] [130/326] GMMC
[13:08:32] [131/326] AICM
[13:08:32] [132/326] TJCM
[13:08:33] [133/326] RMTI
[13:08:34] [134/326] SHAC
[13:08:35] [135/326] APJC
[13:08:36] [136/326] GCTG
[13:08:37] [137/326] SSMC
[13:08:38] [138/326] THRM
[13:08:38] [139/326] RBCT
[13:08:39] 🔄 Identity reset
[13:08:39] 🔄 Identity rotated (every 10 requests)
[13:08:39] [140/326] DIKT
[13:08:40] [141/326] MIDL
[13:08:41] [142/326] VCSN
[13:08:41] [143/326] SKTG
[13:08:42] [144/326] SMWC
[13:08:43] [145/326] MNKH
[13:08:44] [146/326] PIAT
[13:08:45] [147/326] LTTP
[13:08:45] [148/326] PTPU
[13:08:46] [149/326] ACMG
[13:08:47] 🔄 Identity reset
[13:08:47] 🔄 Identity rotated (every 10 requests)
[13:08:47] [150/326] SHMM
[13:08:48] [151/326] MCMN
[13:08:49] [152/326] GLDC
[13:08:50] [153/326] HOUT
[13:08:51] [154/326] SVRP
[13:08:52] [155/326] PVDN
[13:08:53] [156/326] SCPY
[13:08:53] [157/326] DTPY
[13:08:55] [158/326] GKCS
[13:08:56] [159/326] NCAM
[13:08:57] 🔄 Identity reset
[13:08:57] 🔄 Identity rotated (every 10 requests)
[13:08:57] [160/326] BSRM
[13:08:58] [161/326] RCLC
[13:08:59] [162/326] SKKD
[13:09:00] [163/326] ACHU
[13:09:01] [164/326] RSCF
[13:09:02] [165/326] IMSH
[13:09:03] [166/326] MACX
[13:09:04] [167/326] HMMW
[13:09:05] [168/326] JTCP
[13:09:06] [169/326] SREN
[13:09:07] 🔄 Identity reset
[13:09:07] 🔄 Identity rotated (every 10 requests)
[13:09:07] [170/326] PJRR
[13:09:09] [171/326] INAC
[13:09:10] [172/326] BMCA
[13:09:10] [173/326] SHCB
[13:09:11] [174/326] GABA
[13:09:12] [175/326] SBCT
[13:09:13] [176/326] GCMA
[13:09:14] [177/326] MYTK
[13:09:15] [178/326] INZS
[13:09:15] [179/326] RMIK
[13:09:16] 🔄 Identity reset
[13:09:16] 🔄 Identity rotated (every 10 requests)
[13:09:16] [180/326] NYCH
[13:09:17] [181/326] RAVE
[13:09:18] [182/326] PSXM
[13:09:19] [183/326] MCGP
[13:09:20] [184/326] PDDK
[13:09:21] [185/326] SPCK
[13:09:22] [186/326] MCRL
[13:09:23] [187/326] MHKT
[13:09:24] [188/326] ANRR
[13:09:25] [189/326] SAPK
[13:09:25] 🔄 Identity reset
[13:09:25] 🔄 Identity rotated (every 10 requests)
[13:09:25] [190/326] NCUK
[13:09:26] [191/326] JUGA
[13:09:27] [192/326] DBSC
[13:09:28] [193/326] LALK
[13:09:29] [194/326] GUCK
[13:09:30] [195/326] STSG
[13:09:32] [196/326] PPPZ
[13:09:33] [197/326] CNCY
[13:09:34] [198/326] MTAR
[13:09:35] [199/326] VNKD
[13:09:35] 🔄 Identity reset
[13:09:35] 🔄 Identity rotated (every 10 requests)
[13:09:36] [200/326] KMAJ
[13:09:36] [201/326] ACXK
[13:09:37] [202/326] UTKC
[13:09:38] [203/326] PBLK
[13:09:39] [204/326] ACBX
[13:09:40] [205/326] PTGM
[13:09:41] [206/326] BTDA
[13:09:41] [207/326] PJMB
[13:09:42] [208/326] TPDA
[13:09:43] [209/326] AMOE
[13:09:43] 🔄 Identity reset
[13:09:43] 🔄 Identity rotated (every 10 requests)
[13:09:44] [210/326] PRHT
[13:09:44] [211/326] PRTA
[13:09:45] [212/326] STAM
[13:09:46] [213/326] MSAA
[13:09:47] [214/326] SDLU
[13:09:48] [215/326] RCHH
[13:09:49] [216/326] KANT
[13:09:50] [217/326] FCRT
[13:09:51] [218/326] DNKM
[13:09:51] [219/326] RYCP
[13:09:52] 🔄 Identity reset
[13:09:52] 🔄 Identity rotated (every 10 requests)
[13:09:52] [220/326] MYRP
[13:09:53] [221/326] PPAK
[13:09:55] [222/326] NVPK
[13:09:55] [223/326] PRMC
[13:09:56] [224/326] JBCS
[13:09:57] [225/326] GXCK
[13:09:59] [226/326] USKO
[13:10:00] [227/326] GTEM
[13:10:01] [228/326] SMBU
[13:10:02] [229/326] VETC
[13:10:03] 🔄 Identity reset
[13:10:03] 🔄 Identity rotated (every 10 requests)
[13:10:03] [230/326] LCDA
[13:10:04] [231/326] MTVT
[13:10:05] [232/326] PYCP
[13:10:06] [233/326] PNSC
[13:10:06] [234/326] PPCC
[13:10:07] [235/326] TGRT
[13:10:08] [236/326] JYOT
[13:10:09] [237/326] SRCZ
[13:10:10] [238/326] SJTE
[13:10:11] [239/326] DESC
[13:10:11] 🔄 Identity reset
[13:10:11] 🔄 Identity rotated (every 10 requests)
[13:10:12] [240/326] JHVN
[13:10:13] [241/326] IPSG
[13:10:13] [242/326] IPCM
[13:10:14] [243/326] PDRS
[13:10:15] [244/326] ANCV
[13:10:17] [245/326] CMVV
[13:10:17] [246/326] SHYP
[13:10:18] [247/326] DNCS
[13:10:20] [248/326] GAJK
[13:10:21] [249/326] AKTN
[13:10:21] 🔄 Identity reset
[13:10:21] 🔄 Identity rotated (every 10 requests)
[13:10:22] [250/326] KAYA
[13:10:23] [251/326] SBRC
[13:10:24] [252/326] CHTP
[13:10:24] [253/326] SHRT
[13:10:26] [254/326] BCKU
[13:10:27] [255/326] FCPS
[13:10:28] [256/326] ARDD
[13:10:29] [257/326] CPCM
[13:10:30] [258/326] CGSM
[13:10:30] [259/326] PSMP
[13:10:31] 🔄 Identity reset
[13:10:31] 🔄 Identity rotated (every 10 requests)
[13:10:31] [260/326] SDAL
[13:10:32] [261/326] RTNB
[13:10:33] [262/326] LMCR
[13:10:34] [263/326] CIMA
[13:10:35] [264/326] RNAS
[13:10:36] [265/326] LITH
[13:10:37] [266/326] PBOX
[13:10:38] [267/326] FRTS
[13:10:39] [268/326] RKIC
[13:10:40] [269/326] PTAI
[13:10:40] 🔄 Identity reset
[13:10:40] 🔄 Identity rotated (every 10 requests)
[13:10:40] [270/326] GCIC
[13:10:41] [271/326] FNAS
[13:10:42] [272/326] SCAR
[13:10:43] [273/326] MTCA
[13:10:44] [274/326] SCTS
[13:10:45] [275/326] SYCS
[13:10:45] [276/326] RDMS
[13:10:46] [277/326] KAMP
[13:10:47] [278/326] ERSD
[13:10:48] [279/326] MJMJ
[13:10:49] 🔄 Identity reset
[13:10:49] 🔄 Identity rotated (every 10 requests)
[13:10:49] [280/326] SRCJ
[13:10:50] [281/326] SCXE
[13:10:51] [282/326] SVFR
[13:10:52] [283/326] BHCS
[13:10:52] [284/326] IMCC
[13:10:54] [285/326] PCBO
[13:10:55] [286/326] PRVN
[13:10:56] [287/326] AUPM
[13:10:57] [288/326] INBW
[13:10:57] [289/326] SVCW
[13:10:58] 🔄 Identity reset
[13:10:58] 🔄 Identity rotated (every 10 requests)
[13:10:58] [290/326] RKCF
[13:10:59] [291/326] UVBH
[13:11:00] [292/326] DNCY
[13:11:01] [293/326] ABCN
[13:11:03] [294/326] PRUR
[13:11:04] [295/326] PFMR
[13:11:06] [296/326] RKCN
[13:11:06] [297/326] CFEA
[13:11:07] [298/326] SDBG
[13:11:08] [299/326] SNAR
[13:11:08] 🔄 Identity reset
[13:11:09] 🔄 Identity rotated (every 10 requests)
[13:11:09] [300/326] YISI
[13:11:09] [301/326] JCFF
[13:11:10] [302/326] VTRK
[13:11:11] [303/326] PCLZ
[13:11:12] [304/326] DIMY
[13:11:14] [305/326] BBTS
[13:11:14] [306/326] GATH
[13:11:15] [307/326] GTMN
[13:11:16] [308/326] VTMH
[13:11:17] [309/326] CCKP
[13:11:17] 🔄 Identity reset
[13:11:17] 🔄 Identity rotated (every 10 requests)
[13:11:18] [310/326] GPKA
[13:11:19] [311/326] MHCL
[13:11:21] [312/326] ATCL
[13:11:21] [313/326] SBCK
[13:11:22] [314/326] AMMR
[13:11:23] [315/326] MADC
[13:11:24] [316/326] TMMA
[13:11:25] [317/326] CACC
[13:11:26] [318/326] CHAL
[13:11:27] [319/326] DURG
[13:11:27] 🔄 Identity reset
[13:11:27] 🔄 Identity rotated (every 10 requests)
[13:11:27] [320/326] GMKU
[13:11:29] [321/326] GECA
[13:11:30] [322/326] KYRR
[13:11:31] [323/326] KSDE
[13:11:31] [324/326] LMCI
[13:11:33] [325/326] NKCP
[13:11:34] [326/326] BGTC
[13:11:35] ✅ DONE | Shows=1453 | Movies=89
[14:06:30] 🚀 BMS DAILY TRACKER STARTED (enhanced anti‑detection)
[14:06:30] [1/326] BSAT
[14:06:31] 🧠 New identity created
[14:06:31] [2/326] RSSM
[14:06:32] [3/326] GCTA
[14:06:33] [4/326] TOPN
[14:06:34] [5/326] MCUS
[14:06:35] [6/326] SHRL
[14:06:36] [7/326] UPTP
[14:06:37] [8/326] TMMP
[14:06:38] [9/326] DNRP
[14:06:39] [10/326] SRLT
[14:06:40] 🔄 Identity reset
[14:06:40] 🔄 Identity rotated (every 10 requests)
[14:06:40] [11/326] RCNS
[14:06:41] [12/326] DCBH
[14:06:42] [13/326] NAGJ
[14:06:42] [14/326] JVRC
[14:06:43] [15/326] KRJG
[14:06:44] [16/326] SRTJ
[14:06:45] [17/326] CMXM
[14:06:46] [18/326] STMI
[14:06:47] [19/326] SLST
[14:06:48] [20/326] DTCN
[14:06:48] 🔄 Identity reset
[14:06:48] 🔄 Identity rotated (every 10 requests)
[14:06:49] [21/326] STYN
[14:06:50] [22/326] SZVR
[14:06:51] [23/326] SRKO
[14:06:52] [24/326] JTGT
[14:06:53] [25/326] SVFD
[14:06:54] [26/326] SISD
[14:06:55] [27/326] ABDD
[14:06:56] [28/326] DRCA
[14:06:57] [29/326] AVCS
[14:06:57] [30/326] MVKH
[14:06:58] 🔄 Identity reset
[14:06:58] 🔄 Identity rotated (every 10 requests)
[14:06:58] [31/326] ACPR
[14:06:59] [32/326] STIP
[14:07:00] [33/326] MTRA
[14:07:01] [34/326] RMKH
[14:07:03] [35/326] NKRL
[14:07:04] [36/326] PCWN
[14:07:05] [37/326] BLMT
[14:07:06] [38/326] GDPG
[14:07:06] [39/326] SRMX
[14:07:07] [40/326] JACP
[14:07:08] 🔄 Identity reset
[14:07:08] 🔄 Identity rotated (every 10 requests)
[14:07:08] [41/326] CPSH
[14:07:09] [42/326] MCCD
[14:07:10] [43/326] ECGH
[14:07:11] [44/326] MKCK
[14:07:12] [45/326] SRMM
[14:07:13] [46/326] SKYR
[14:07:14] [47/326] PCKC
[14:07:15] [48/326] JCMA
[14:07:16] [49/326] BSMP
[14:07:17] [50/326] VSPA
[14:07:18] 🔄 Identity reset
[14:07:18] 🔄 Identity rotated (every 10 requests)
[14:07:18] [51/326] DJYA
[14:07:19] [52/326] DIMP
[14:07:20] [53/326] FXDR
[14:07:21] [54/326] SSRC
[14:07:22] [55/326] STHP
[14:07:23] [56/326] CPPD
[14:07:24] [57/326] FCLK
[14:07:25] [58/326] SCPP
[14:07:26] [59/326] DCMJ
[14:07:27] [60/326] RCCR
[14:07:28] 🔄 Identity reset
[14:07:28] 🔄 Identity rotated (every 10 requests)
[14:07:28] [61/326] INMT
[14:07:29] [62/326] LXTK
[14:07:30] [63/326] SRYK
[14:07:31] [64/326] SGDK
[14:07:32] [65/326] PPKA
[14:07:33] [66/326] SPKA
[14:07:34] [67/326] CGHH
[14:07:35] [68/326] DCJN
[14:07:36] [69/326] SRKV
[14:07:37] [70/326] SAJC
[14:07:37] 🔄 Identity reset
[14:07:37] 🔄 Identity rotated (every 10 requests)
[14:07:38] [71/326] SUSR
[14:07:39] [72/326] STYG
[14:07:40] [73/326] NTKP
[14:07:40] [74/326] AKTG
[14:07:41] [75/326] CGCM
[14:07:42] [76/326] TULC
[14:07:43] [77/326] NYYZ
[14:07:44] [78/326] NYBW
[14:07:45] [79/326] MACB
[14:07:46] [80/326] SLVT
[14:07:47] 🔄 Identity reset
[14:07:47] 🔄 Identity rotated (every 10 requests)
[14:07:47] [81/326] SANA
[14:07:48] [82/326] ACMR
[14:07:49] [83/326] CPKN
[14:07:50] [84/326] DLGK
[14:07:51] [85/326] CWCK
[14:07:51] [86/326] FDDH
[14:07:52] [87/326] MMMD
[14:07:53] [88/326] CMEH
[14:07:54] [89/326] GGGV
[14:07:55] [90/326] SPJL
[14:07:56] 🔄 Identity reset
[14:07:56] 🔄 Identity rotated (every 10 requests)
[14:07:56] [91/326] RCCD
[14:07:57] [92/326] STTZ
[14:07:58] [93/326] BTCF
[14:07:59] [94/326] TSTZ
[14:08:00] [95/326] IPMM
[14:08:01] [96/326] PMPW
[14:08:02] [97/326] PCMZ
[14:08:03] [98/326] ESEM
[14:08:04] [99/326] PIPO
[14:08:05] [100/326] MATK
[14:08:06] 🔄 Identity reset
[14:08:06] 🔄 Identity rotated (every 10 requests)
[14:08:06] [101/326] PGHM
[14:08:07] [102/326] CTSR
[14:08:08] [103/326] CYKR
[14:08:09] [104/326] MSCM
[14:08:10] [105/326] RFNP
[14:08:11] [106/326] PDCP
[14:08:11] [107/326] NPSE
[14:08:12] [108/326] MKML
[14:08:13] [109/326] FTDP
[14:08:14] [110/326] MMXA
[14:08:15] 🔄 Identity reset
[14:08:15] 🔄 Identity rotated (every 10 requests)
[14:08:15] [111/326] CEPO
[14:08:16] [112/326] CMVP
[14:08:17] [113/326] SGTH
[14:08:19] [114/326] SAYN
[14:08:20] [115/326] URVS
[14:08:21] [116/326] VJTN
[14:08:22] [117/326] BBYK
[14:08:23] [118/326] SHBO
[14:08:24] [119/326] VCMR
[14:08:25] [120/326] MACT
[14:08:25] 🔄 Identity reset
[14:08:26] 🔄 Identity rotated (every 10 requests)
[14:08:26] [121/326] JMNP
[14:08:27] [122/326] VICS
[14:08:29] [123/326] VCDA
[14:08:30] [124/326] GCMM
[14:08:31] [125/326] INVS
[14:08:32] [126/326] SCGM
[14:08:33] [127/326] PCDA
[14:08:34] [128/326] KDCT
[14:08:36] [129/326] JACS
[14:08:37] [130/326] GMMC
[14:08:37] 🔄 Identity reset
[14:08:37] 🔄 Identity rotated (every 10 requests)
[14:08:37] [131/326] AICM
[14:08:38] [132/326] TJCM
[14:08:39] [133/326] RMTI
[14:08:40] [134/326] SHAC
[14:08:41] [135/326] APJC
[14:08:42] [136/326] GCTG
[14:08:43] [137/326] SSMC
[14:08:44] [138/326] THRM
[14:08:45] [139/326] RBCT
[14:08:46] [140/326] DIKT
[14:08:46] 🔄 Identity reset
[14:08:46] 🔄 Identity rotated (every 10 requests)
[14:08:47] [141/326] MIDL
[14:08:48] [142/326] VCSN
[14:08:49] [143/326] SKTG
[14:08:50] [144/326] SMWC
[14:08:51] [145/326] MNKH
[14:08:51] [146/326] PIAT
[14:08:52] [147/326] LTTP
[14:08:53] [148/326] PTPU
[14:08:54] [149/326] ACMG
[14:08:55] [150/326] SHMM
[14:08:55] 🔄 Identity reset
[14:08:56] 🔄 Identity rotated (every 10 requests)
[14:08:56] [151/326] MCMN
[14:08:57] [152/326] GLDC
[14:08:58] [153/326] HOUT
[14:08:59] [154/326] SVRP
[14:08:59] [155/326] PVDN
[14:09:00] [156/326] SCPY
[14:09:01] [157/326] DTPY
[14:09:02] [158/326] GKCS
[14:09:03] [159/326] NCAM
[14:09:04] [160/326] BSRM
[14:09:04] 🔄 Identity reset
[14:09:05] 🔄 Identity rotated (every 10 requests)
[14:09:05] [161/326] RCLC
[14:09:06] [162/326] SKKD
[14:09:07] [163/326] ACHU
[14:09:08] [164/326] RSCF
[14:09:09] [165/326] IMSH
[14:09:10] [166/326] MACX
[14:09:11] [167/326] HMMW
[14:09:12] [168/326] JTCP
[14:09:13] [169/326] SREN
[14:09:15] [170/326] PJRR
[14:09:16] 🔄 Identity reset
[14:09:16] 🔄 Identity rotated (every 10 requests)
[14:09:16] [171/326] INAC
[14:09:17] [172/326] BMCA
[14:09:18] [173/326] SHCB
[14:09:20] [174/326] GABA
[14:09:20] [175/326] SBCT
[14:09:22] [176/326] GCMA
[14:09:22] [177/326] MYTK
[14:09:23] [178/326] INZS
[14:09:24] [179/326] RMIK
[14:09:25] [180/326] NYCH
[14:09:26] 🔄 Identity reset
[14:09:26] 🔄 Identity rotated (every 10 requests)
[14:09:27] [181/326] RAVE
[14:09:28] [182/326] PSXM
[14:09:29] [183/326] MCGP
[14:09:30] [184/326] PDDK
[14:09:30] [185/326] SPCK
[14:09:31] [186/326] MCRL
[14:09:32] [187/326] MHKT
[14:09:33] [188/326] ANRR
[14:09:34] [189/326] SAPK
[14:09:34] [190/326] NCUK
[14:09:35] 🔄 Identity reset
[14:09:35] 🔄 Identity rotated (every 10 requests)
[14:09:35] [191/326] JUGA
[14:09:36] [192/326] DBSC
[14:09:37] [193/326] LALK
[14:09:38] [194/326] GUCK
[14:09:39] [195/326] STSG
[14:09:40] [196/326] PPPZ
[14:09:41] [197/326] CNCY
[14:09:42] [198/326] MTAR
[14:09:44] [199/326] VNKD
[14:09:45] [200/326] KMAJ
[14:09:45] 🔄 Identity reset
[14:09:45] 🔄 Identity rotated (every 10 requests)
[14:09:45] [201/326] ACXK
[14:09:46] [202/326] UTKC
[14:09:47] [203/326] PBLK
[14:09:48] [204/326] ACBX
[14:09:49] [205/326] PTGM
[14:09:50] [206/326] BTDA
[14:09:51] [207/326] PJMB
[14:09:52] [208/326] TPDA
[14:09:54] [209/326] AMOE
[14:09:55] [210/326] PRHT
[14:09:55] 🔄 Identity reset
[14:09:55] 🔄 Identity rotated (every 10 requests)
[14:09:56] [211/326] PRTA
[14:09:57] [212/326] STAM
[14:09:58] [213/326] MSAA
[14:09:58] [214/326] SDLU
[14:09:59] [215/326] RCHH
[14:10:00] [216/326] KANT
[14:10:01] [217/326] FCRT
[14:10:02] [218/326] DNKM
[14:10:03] [219/326] RYCP
[14:10:04] [220/326] MYRP
[14:10:05] 🔄 Identity reset
[14:10:05] 🔄 Identity rotated (every 10 requests)
[14:10:05] [221/326] PPAK
[14:10:06] [222/326] NVPK
[14:10:07] [223/326] PRMC
[14:10:08] [224/326] JBCS
[14:10:09] [225/326] GXCK
[14:10:10] [226/326] USKO
[14:10:10] [227/326] GTEM
[14:10:11] [228/326] SMBU
[14:10:12] [229/326] VETC
[14:10:13] [230/326] LCDA
[14:10:14] 🔄 Identity reset
[14:10:14] 🔄 Identity rotated (every 10 requests)
[14:10:14] [231/326] MTVT
[14:10:15] [232/326] PYCP
[14:10:16] [233/326] PNSC
[14:10:17] [234/326] PPCC
[14:10:18] [235/326] TGRT
[14:10:19] [236/326] JYOT
[14:10:20] [237/326] SRCZ
[14:10:21] [238/326] SJTE
[14:10:22] [239/326] DESC
[14:10:22] [240/326] JHVN
[14:10:23] 🔄 Identity reset
[14:10:23] 🔄 Identity rotated (every 10 requests)
[14:10:24] [241/326] IPSG
[14:10:25] [242/326] IPCM
[14:10:26] [243/326] PDRS
[14:10:27] [244/326] ANCV
[14:10:28] [245/326] CMVV
[14:10:29] [246/326] SHYP
[14:10:30] [247/326] DNCS
[14:10:31] [248/326] GAJK
[14:10:32] [249/326] AKTN
[14:10:33] [250/326] KAYA
[14:10:33] 🔄 Identity reset
[14:10:33] 🔄 Identity rotated (every 10 requests)
[14:10:34] [251/326] SBRC
[14:10:35] [252/326] CHTP
[14:10:36] [253/326] SHRT
[14:10:37] [254/326] BCKU
[14:10:37] [255/326] FCPS
[14:10:38] [256/326] ARDD
[14:10:39] [257/326] CPCM
[14:10:40] [258/326] CGSM
[14:10:42] [259/326] PSMP
[14:10:43] [260/326] SDAL
[14:10:43] 🔄 Identity reset
[14:10:43] 🔄 Identity rotated (every 10 requests)
[14:10:44] [261/326] RTNB
[14:10:44] [262/326] LMCR
[14:10:45] [263/326] CIMA
[14:10:46] [264/326] RNAS
[14:10:47] [265/326] LITH
[14:10:48] [266/326] PBOX
[14:10:49] [267/326] FRTS
[14:10:50] [268/326] RKIC
[14:10:51] [269/326] PTAI
[14:10:52] [270/326] GCIC
[14:10:52] 🔄 Identity reset
[14:10:52] 🔄 Identity rotated (every 10 requests)
[14:10:53] [271/326] FNAS
[14:10:54] [272/326] SCAR
[14:10:55] [273/326] MTCA
[14:10:56] [274/326] SCTS
[14:10:57] [275/326] SYCS
[14:10:58] [276/326] RDMS
[14:10:59] [277/326] KAMP
[14:11:00] [278/326] ERSD
[14:11:01] [279/326] MJMJ
[14:11:02] [280/326] SRCJ
[14:11:03] 🔄 Identity reset
[14:11:03] 🔄 Identity rotated (every 10 requests)
[14:11:03] [281/326] SCXE
[14:11:04] [282/326] SVFR
[14:11:05] [283/326] BHCS
[14:11:06] [284/326] IMCC
[14:11:07] [285/326] PCBO
[14:11:08] [286/326] PRVN
[14:11:09] [287/326] AUPM
[14:11:10] [288/326] INBW
[14:11:12] [289/326] SVCW
[14:11:13] [290/326] RKCF
[14:11:13] 🔄 Identity reset
[14:11:14] 🔄 Identity rotated (every 10 requests)
[14:11:14] [291/326] UVBH
[14:11:15] [292/326] DNCY
[14:11:16] [293/326] ABCN
[14:11:17] [294/326] PRUR
[14:11:17] [295/326] PFMR
[14:11:18] [296/326] RKCN
[14:11:19] [297/326] CFEA
[14:11:20] [298/326] SDBG
[14:11:21] [299/326] SNAR
[14:11:22] [300/326] YISI
[14:11:23] 🔄 Identity reset
[14:11:23] 🔄 Identity rotated (every 10 requests)
[14:11:23] [301/326] JCFF
[14:11:24] [302/326] VTRK
[14:11:25] [303/326] PCLZ
[14:11:27] [304/326] DIMY
[14:11:28] [305/326] BBTS
[14:11:29] [306/326] GATH
[14:11:29] [307/326] GTMN
[14:11:30] [308/326] VTMH
[14:11:31] [309/326] CCKP
[14:11:32] [310/326] GPKA
[14:11:33] 🔄 Identity reset
[14:11:33] 🔄 Identity rotated (every 10 requests)
[14:11:33] [311/326] MHCL
[14:11:34] [312/326] ATCL
[14:11:35] [313/326] SBCK
[14:11:36] [314/326] AMMR
[14:11:37] [315/326] MADC
[14:11:38] [316/326] TMMA
[14:11:39] [317/326] CACC
[14:11:40] [318/326] CHAL
[14:11:41] [319/326] DURG
[14:11:42] [320/326] GMKU
[14:11:43] 🔄 Identity reset
[14:11:43] 🔄 Identity rotated (every 10 requests)
[14:11:43] [321/326] GECA
[14:11:44] [322/326] KYRR
[14:11:45] [323/326] KSDE
[14:11:46] [324/326] LMCI
[14:11:47] [325/326] NKCP
[14:11:48] [326/326] BGTC
[14:11:49] ✅ DONE | Shows=1566 | Movies=94
[15:06:38] 🚀 BMS DAILY TRACKER STARTED (enhanced anti‑detection)
[15:06:38] [1/326] BSAT
[15:06:39] 🧠 New identity created
[15:06:39] [2/326] RSSM
[15:06:40] [3/326] GCTA
[15:06:41] [4/326] TOPN
[15:06:42] [5/326] MCUS
[15:06:43] [6/326] SHRL
[15:06:44] [7/326] UPTP
[15:06:45] [8/326] TMMP
[15:06:46] [9/326] DNRP
[15:06:47] [10/326] SRLT
[15:06:48] 🔄 Identity reset
[15:06:48] 🔄 Identity rotated (every 10 requests)
[15:06:49] [11/326] RCNS
[15:06:50] [12/326] DCBH
[15:06:51] [13/326] NAGJ
[15:06:51] [14/326] JVRC
[15:06:52] [15/326] KRJG
[15:06:53] [16/326] SRTJ
[15:06:54] [17/326] CMXM
[15:06:55] [18/326] STMI
[15:06:56] [19/326] SLST
[15:06:57] [20/326] DTCN
[15:06:57] 🔄 Identity reset
[15:06:57] 🔄 Identity rotated (every 10 requests)
[15:06:57] [21/326] STYN
[15:06:58] [22/326] SZVR
[15:07:00] [23/326] SRKO
[15:07:02] [24/326] JTGT
[15:07:02] [25/326] SVFD
[15:07:03] [26/326] SISD
[15:07:04] [27/326] ABDD
[15:07:05] [28/326] DRCA
[15:07:06] [29/326] AVCS
[15:07:07] [30/326] MVKH
[15:07:07] 🔄 Identity reset
[15:07:08] 🔄 Identity rotated (every 10 requests)
[15:07:08] [31/326] ACPR
[15:07:09] [32/326] STIP
[15:07:10] [33/326] MTRA
[15:07:11] [34/326] RMKH
[15:07:11] [35/326] NKRL
[15:07:12] [36/326] PCWN
[15:07:13] [37/326] BLMT
[15:07:14] [38/326] GDPG
[15:07:16] [39/326] SRMX
[15:07:17] [40/326] JACP
[15:07:17] 🔄 Identity reset
[15:07:17] 🔄 Identity rotated (every 10 requests)
[15:07:18] [41/326] CPSH
[15:07:19] [42/326] MCCD
[15:07:20] [43/326] ECGH
[15:07:21] [44/326] MKCK
[15:07:22] [45/326] SRMM
[15:07:23] [46/326] SKYR
[15:07:24] [47/326] PCKC
[15:07:24] [48/326] JCMA
[15:07:25] [49/326] BSMP
[15:07:26] [50/326] VSPA
[15:07:27] 🔄 Identity reset
[15:07:27] 🔄 Identity rotated (every 10 requests)
[15:07:27] [51/326] DJYA
[15:07:28] [52/326] DIMP
[15:07:29] [53/326] FXDR
[15:07:30] [54/326] SSRC
[15:07:31] [55/326] STHP
[15:07:32] [56/326] CPPD
[15:07:33] [57/326] FCLK
[15:07:34] [58/326] SCPP
[15:07:35] [59/326] DCMJ
[15:07:35] [60/326] RCCR
[15:07:36] 🔄 Identity reset
[15:07:36] 🔄 Identity rotated (every 10 requests)
[15:07:36] [61/326] INMT
[15:07:37] [62/326] LXTK
[15:07:38] [63/326] SRYK
[15:07:39] [64/326] SGDK
[15:07:40] [65/326] PPKA
[15:07:41] [66/326] SPKA
[15:07:42] [67/326] CGHH
[15:07:43] [68/326] DCJN
[15:07:44] [69/326] SRKV
[15:07:45] [70/326] SAJC
[15:07:45] 🔄 Identity reset
[15:07:46] 🔄 Identity rotated (every 10 requests)
[15:07:46] [71/326] SUSR
[15:07:47] [72/326] STYG
[15:07:47] [73/326] NTKP
[15:07:48] [74/326] AKTG
[15:07:49] [75/326] CGCM
[15:07:50] [76/326] TULC
[15:07:52] [77/326] NYYZ
[15:07:53] [78/326] NYBW
[15:07:53] [79/326] MACB
[15:07:55] [80/326] SLVT
[15:07:56] 🔄 Identity reset
[15:07:56] 🔄 Identity rotated (every 10 requests)
[15:07:56] [81/326] SANA
[15:07:57] [82/326] ACMR
[15:07:58] [83/326] CPKN
[15:07:58] [84/326] DLGK
[15:07:59] [85/326] CWCK
[15:08:00] [86/326] FDDH
[15:08:01] [87/326] MMMD
[15:08:02] [88/326] CMEH
[15:08:03] [89/326] GGGV
[15:08:04] [90/326] SPJL
[15:08:04] 🔄 Identity reset
[15:08:04] 🔄 Identity rotated (every 10 requests)
[15:08:05] [91/326] RCCD
[15:08:05] [92/326] STTZ
[15:08:06] [93/326] BTCF
[15:08:07] [94/326] TSTZ
[15:08:08] [95/326] IPMM
[15:08:09] [96/326] PMPW
[15:08:10] [97/326] PCMZ
[15:08:12] [98/326] ESEM
[15:08:13] [99/326] PIPO
[15:08:14] [100/326] MATK
[15:08:14] 🔄 Identity reset
[15:08:14] 🔄 Identity rotated (every 10 requests)
[15:08:15] [101/326] PGHM
[15:08:15] [102/326] CTSR
[15:08:16] [103/326] CYKR
[15:08:17] [104/326] MSCM
[15:08:18] [105/326] RFNP
[15:08:19] [106/326] PDCP
[15:08:20] [107/326] NPSE
[15:08:20] [108/326] MKML
[15:08:21] [109/326] FTDP
[15:08:22] [110/326] MMXA
[15:08:23] 🔄 Identity reset
[15:08:23] 🔄 Identity rotated (every 10 requests)
[15:08:23] [111/326] CEPO
[15:08:24] [112/326] CMVP
[15:08:25] [113/326] SGTH
[15:08:25] [114/326] SAYN
[15:08:26] [115/326] URVS
[15:08:27] [116/326] VJTN
[15:08:28] [117/326] BBYK
[15:08:29] [118/326] SHBO
[15:08:30] [119/326] VCMR
[15:08:32] [120/326] MACT
[15:08:32] 🔄 Identity reset
[15:08:32] 🔄 Identity rotated (every 10 requests)
[15:08:32] [121/326] JMNP
[15:08:33] [122/326] VICS
[15:08:34] [123/326] VCDA
[15:08:35] [124/326] GCMM
[15:08:36] [125/326] INVS
[15:08:37] [126/326] SCGM
[15:08:38] [127/326] PCDA
[15:08:39] [128/326] KDCT
[15:08:40] [129/326] JACS
[15:08:42] [130/326] GMMC
[15:08:43] 🔄 Identity reset
[15:08:43] 🔄 Identity rotated (every 10 requests)
[15:08:43] [131/326] AICM
[15:08:44] [132/326] TJCM
[15:08:44] [133/326] RMTI
[15:08:45] [134/326] SHAC
[15:08:46] [135/326] APJC
[15:08:47] [136/326] GCTG
[15:08:48] [137/326] SSMC
[15:08:49] [138/326] THRM
[15:08:50] [139/326] RBCT
[15:08:50] [140/326] DIKT
[15:08:51] 🔄 Identity reset
[15:08:51] 🔄 Identity rotated (every 10 requests)
[15:08:51] [141/326] MIDL
[15:08:52] [142/326] VCSN
[15:08:53] [143/326] SKTG
[15:08:54] [144/326] SMWC
[15:08:54] [145/326] MNKH
[15:08:55] [146/326] PIAT
[15:08:56] [147/326] LTTP
[15:08:58] [148/326] PTPU
[15:08:59] [149/326] ACMG
[15:09:00] [150/326] SHMM
[15:09:00] 🔄 Identity reset
[15:09:00] 🔄 Identity rotated (every 10 requests)
[15:09:00] [151/326] MCMN
[15:09:01] [152/326] GLDC
[15:09:02] [153/326] HOUT
[15:09:03] [154/326] SVRP
[15:09:04] [155/326] PVDN
[15:09:05] [156/326] SCPY
[15:09:06] [157/326] DTPY
[15:09:07] [158/326] GKCS
[15:09:07] [159/326] NCAM
[15:09:08] [160/326] BSRM
[15:09:09] 🔄 Identity reset
[15:09:09] 🔄 Identity rotated (every 10 requests)
[15:09:09] [161/326] RCLC
[15:09:10] [162/326] SKKD
[15:09:12] [163/326] ACHU
[15:09:13] [164/326] RSCF
[15:09:14] [165/326] IMSH
[15:09:14] [166/326] MACX
[15:09:15] [167/326] HMMW
[15:09:16] [168/326] JTCP
[15:09:17] [169/326] SREN
[15:09:18] [170/326] PJRR
[15:09:19] 🔄 Identity reset
[15:09:19] 🔄 Identity rotated (every 10 requests)
[15:09:20] [171/326] INAC
[15:09:21] [172/326] BMCA
[15:09:22] [173/326] SHCB
[15:09:22] [174/326] GABA
[15:09:23] [175/326] SBCT
[15:09:24] [176/326] GCMA
[15:09:25] [177/326] MYTK
[15:09:26] [178/326] INZS
[15:09:27] [179/326] RMIK
[15:09:28] [180/326] NYCH
[15:09:28] 🔄 Identity reset
[15:09:28] 🔄 Identity rotated (every 10 requests)
[15:09:28] [181/326] RAVE
[15:09:29] [182/326] PSXM
[15:09:30] [183/326] MCGP
[15:09:31] [184/326] PDDK
[15:09:32] [185/326] SPCK
[15:09:33] [186/326] MCRL
[15:09:34] [187/326] MHKT
[15:09:35] [188/326] ANRR
[15:09:36] [189/326] SAPK
[15:09:38] [190/326] NCUK
[15:09:38] 🔄 Identity reset
[15:09:38] 🔄 Identity rotated (every 10 requests)
[15:09:39] [191/326] JUGA
[15:09:39] [192/326] DBSC
[15:09:40] [193/326] LALK
[15:09:42] [194/326] GUCK
[15:09:42] [195/326] STSG
[15:09:43] [196/326] PPPZ
[15:09:44] [197/326] CNCY
[15:09:45] [198/326] MTAR
[15:09:46] [199/326] VNKD
[15:09:47] [200/326] KMAJ
[15:09:48] 🔄 Identity reset
[15:09:48] 🔄 Identity rotated (every 10 requests)
[15:09:48] [201/326] ACXK
[15:09:49] [202/326] UTKC
[15:09:50] [203/326] PBLK
[15:09:51] [204/326] ACBX
[15:09:52] [205/326] PTGM
[15:09:54] [206/326] BTDA
[15:09:54] [207/326] PJMB
[15:09:55] [208/326] TPDA
[15:09:56] [209/326] AMOE
[15:09:57] [210/326] PRHT
[15:09:58] 🔄 Identity reset
[15:09:58] 🔄 Identity rotated (every 10 requests)
[15:09:58] [211/326] PRTA
[15:09:59] [212/326] STAM
[15:10:00] [213/326] MSAA
[15:10:01] [214/326] SDLU
[15:10:02] [215/326] RCHH
[15:10:03] [216/326] KANT
[15:10:03] [217/326] FCRT
[15:10:05] [218/326] DNKM
[15:10:06] [219/326] RYCP
[15:10:07] [220/326] MYRP
[15:10:08] 🔄 Identity reset
[15:10:08] 🔄 Identity rotated (every 10 requests)
[15:10:08] [221/326] PPAK
[15:10:09] [222/326] NVPK
[15:10:11] [223/326] PRMC
[15:10:12] [224/326] JBCS
[15:10:13] [225/326] GXCK
[15:10:14] [226/326] USKO
[15:10:15] [227/326] GTEM
[15:10:16] [228/326] SMBU
[15:10:17] [229/326] VETC
[15:10:18] [230/326] LCDA
[15:10:19] 🔄 Identity reset
[15:10:19] 🔄 Identity rotated (every 10 requests)
[15:10:19] [231/326] MTVT
[15:10:20] [232/326] PYCP
[15:10:21] [233/326] PNSC
[15:10:21] [234/326] PPCC
[15:10:22] [235/326] TGRT
[15:10:23] [236/326] JYOT
[15:10:24] [237/326] SRCZ
[15:10:26] [238/326] SJTE
[15:10:28] [239/326] DESC
[15:10:29] [240/326] JHVN
[15:10:29] 🔄 Identity reset
[15:10:29] 🔄 Identity rotated (every 10 requests)
[15:10:29] [241/326] IPSG
[15:10:30] [242/326] IPCM
[15:10:31] [243/326] PDRS
[15:10:33] [244/326] ANCV
[15:10:33] [245/326] CMVV
[15:10:34] [246/326] SHYP
[15:10:36] [247/326] DNCS
[15:10:37] [248/326] GAJK
[15:10:38] [249/326] AKTN
[15:10:39] [250/326] KAYA
[15:10:39] 🔄 Identity reset
[15:10:39] 🔄 Identity rotated (every 10 requests)
[15:10:40] [251/326] SBRC
[15:10:40] [252/326] CHTP
[15:10:42] [253/326] SHRT
[15:10:43] [254/326] BCKU
[15:10:45] [255/326] FCPS
[15:10:45] [256/326] ARDD
[15:10:46] [257/326] CPCM
[15:10:47] [258/326] CGSM
[15:10:48] [259/326] PSMP
[15:10:49] [260/326] SDAL
[15:10:50] 🔄 Identity reset
[15:10:50] 🔄 Identity rotated (every 10 requests)
[15:10:50] [261/326] RTNB
[15:10:51] [262/326] LMCR
[15:10:53] [263/326] CIMA
[15:10:54] [264/326] RNAS
[15:10:55] [265/326] LITH
[15:10:56] [266/326] PBOX
[15:10:57] [267/326] FRTS
[15:10:57] [268/326] RKIC
[15:10:58] [269/326] PTAI
[15:10:59] [270/326] GCIC
[15:11:00] 🔄 Identity reset
[15:11:00] 🔄 Identity rotated (every 10 requests)
[15:11:00] [271/326] FNAS
[15:11:01] [272/326] SCAR
[15:11:02] [273/326] MTCA
[15:11:03] [274/326] SCTS
[15:11:04] [275/326] SYCS
[15:11:05] [276/326] RDMS
[15:11:06] [277/326] KAMP
[15:11:07] [278/326] ERSD
[15:11:08] [279/326] MJMJ
[15:11:08] [280/326] SRCJ
[15:11:09] 🔄 Identity reset
[15:11:09] 🔄 Identity rotated (every 10 requests)
[15:11:09] [281/326] SCXE
[15:11:10] [282/326] SVFR
[15:11:11] [283/326] BHCS
[15:11:12] [284/326] IMCC
[15:11:13] [285/326] PCBO
[15:11:14] [286/326] PRVN
[15:11:16] [287/326] AUPM
[15:11:16] [288/326] INBW
[15:11:18] [289/326] SVCW
[15:11:19] [290/326] RKCF
[15:11:19] 🔄 Identity reset
[15:11:19] 🔄 Identity rotated (every 10 requests)
[15:11:20] [291/326] UVBH
[15:11:21] [292/326] DNCY
[15:11:22] [293/326] ABCN
[15:11:23] [294/326] PRUR
[15:11:25] [295/326] PFMR
[15:11:26] [296/326] RKCN
[15:11:27] [297/326] CFEA
[15:11:27] [298/326] SDBG
[15:11:28] [299/326] SNAR
[15:11:29] [300/326] YISI
[15:11:30] 🔄 Identity reset
[15:11:30] 🔄 Identity rotated (every 10 requests)
[15:11:30] [301/326] JCFF
[15:11:31] [302/326] VTRK
[15:11:32] [303/326] PCLZ
[15:11:33] [304/326] DIMY
[15:11:34] [305/326] BBTS
[15:11:35] [306/326] GATH
[15:11:36] [307/326] GTMN
[15:11:37] [308/326] VTMH
[15:11:38] [309/326] CCKP
[15:11:39] [310/326] GPKA
[15:11:39] 🔄 Identity reset
[15:11:39] 🔄 Identity rotated (every 10 requests)
[15:11:40] [311/326] MHCL
[15:11:41] [312/326] ATCL
[15:11:42] [313/326] SBCK
[15:11:43] [314/326] AMMR
[15:11:44] [315/326] MADC
[15:11:45] [316/326] TMMA
[15:11:46] [317/326] CACC
[15:11:46] [318/326] CHAL
[15:11:47] [319/326] DURG
[15:11:49] [320/326] GMKU
[15:11:49] 🔄 Identity reset
[15:11:49] 🔄 Identity rotated (every 10 requests)
[15:11:50] [321/326] GECA
[15:11:50] [322/326] KYRR
[15:11:51] [323/326] KSDE
[15:11:52] [324/326] LMCI
[15:11:53] [325/326] NKCP
[15:11:54] [326/326] BGTC
[15:11:55] ✅ DONE | Shows=1840 | Movies=94
[16:06:36] 🚀 BMS DAILY TRACKER STARTED (enhanced anti‑detection)
[16:06:36] [1/326] BSAT
[16:06:37] 🧠 New identity created
[16:06:37] [2/326] RSSM
[16:06:38] [3/326] GCTA
[16:06:39] [4/326] TOPN
[16:06:40] [5/326] MCUS
[16:06:41] [6/326] SHRL
[16:06:42] [7/326] UPTP
[16:06:42] [8/326] TMMP
[16:06:43] [9/326] DNRP
[16:06:44] [10/326] SRLT
[16:06:45] 🔄 Identity reset
[16:06:45] 🔄 Identity rotated (every 10 requests)
[16:06:45] [11/326] RCNS
[16:06:46] [12/326] DCBH
[16:06:47] [13/326] NAGJ
[16:06:48] [14/326] JVRC
[16:06:50] [15/326] KRJG
[16:06:51] [16/326] SRTJ
[16:06:52] [17/326] CMXM
[16:06:53] [18/326] STMI
[16:06:54] [19/326] SLST
[16:06:54] [20/326] DTCN
[16:06:55] 🔄 Identity reset
[16:06:55] 🔄 Identity rotated (every 10 requests)
[16:06:56] [21/326] STYN
[16:06:57] [22/326] SZVR
[16:06:58] [23/326] SRKO
[16:06:59] [24/326] JTGT
[16:07:00] [25/326] SVFD
[16:07:01] [26/326] SISD
[16:07:02] [27/326] ABDD
[16:07:03] [28/326] DRCA
[16:07:04] [29/326] AVCS
[16:07:05] [30/326] MVKH
[16:07:06] 🔄 Identity reset
[16:07:06] 🔄 Identity rotated (every 10 requests)
[16:07:06] [31/326] ACPR
[16:07:07] [32/326] STIP
[16:07:08] [33/326] MTRA
[16:07:09] [34/326] RMKH
[16:07:10] [35/326] NKRL
[16:07:12] [36/326] PCWN
[16:07:12] [37/326] BLMT
[16:07:13] [38/326] GDPG
[16:07:15] [39/326] SRMX
[16:07:16] [40/326] JACP
[16:07:17] 🔄 Identity reset
[16:07:17] 🔄 Identity rotated (every 10 requests)
[16:07:17] [41/326] CPSH
[16:07:18] [42/326] MCCD
[16:07:19] [43/326] ECGH
[16:07:20] [44/326] MKCK
[16:07:21] [45/326] SRMM
[16:07:22] [46/326] SKYR
[16:07:23] [47/326] PCKC
[16:07:23] [48/326] JCMA
[16:07:24] [49/326] BSMP
[16:07:25] [50/326] VSPA
[16:07:26] 🔄 Identity reset
[16:07:26] 🔄 Identity rotated (every 10 requests)
[16:07:26] [51/326] DJYA
[16:07:27] [52/326] DIMP
[16:07:28] [53/326] FXDR
[16:07:29] [54/326] SSRC
[16:07:31] [55/326] STHP
[16:07:32] [56/326] CPPD
[16:07:33] [57/326] FCLK
[16:07:34] [58/326] SCPP
[16:07:35] [59/326] DCMJ
[16:07:36] [60/326] RCCR
[16:07:36] 🔄 Identity reset
[16:07:36] 🔄 Identity rotated (every 10 requests)
[16:07:37] [61/326] INMT
[16:07:38] [62/326] LXTK
[16:07:39] [63/326] SRYK
[16:07:40] [64/326] SGDK
[16:07:41] [65/326] PPKA
[16:07:42] [66/326] SPKA
[16:07:43] [67/326] CGHH
[16:07:44] [68/326] DCJN
[16:07:45] [69/326] SRKV
[16:07:46] [70/326] SAJC
[16:07:47] 🔄 Identity reset
[16:07:47] 🔄 Identity rotated (every 10 requests)
[16:07:47] [71/326] SUSR
[16:07:48] [72/326] STYG
[16:07:49] [73/326] NTKP
[16:07:50] [74/326] AKTG
[16:07:50] [75/326] CGCM
[16:07:51] [76/326] TULC
[16:07:52] [77/326] NYYZ
[16:07:53] [78/326] NYBW
[16:07:55] [79/326] MACB
[16:07:57] [80/326] SLVT
[16:07:58] 🔄 Identity reset
[16:07:58] 🔄 Identity rotated (every 10 requests)
[16:07:58] [81/326] SANA
[16:07:59] [82/326] ACMR
[16:08:01] [83/326] CPKN
[16:08:02] [84/326] DLGK
[16:08:03] [85/326] CWCK
[16:08:03] [86/326] FDDH
[16:08:05] [87/326] MMMD
[16:08:06] [88/326] CMEH
[16:08:07] [89/326] GGGV
[16:08:08] [90/326] SPJL
[16:08:09] 🔄 Identity reset
[16:08:09] 🔄 Identity rotated (every 10 requests)
[16:08:09] [91/326] RCCD
[16:08:10] [92/326] STTZ
[16:08:11] [93/326] BTCF
[16:08:12] [94/326] TSTZ
[16:08:13] [95/326] IPMM
[16:08:14] [96/326] PMPW
[16:08:15] [97/326] PCMZ
[16:08:16] [98/326] ESEM
[16:08:16] [99/326] PIPO
[16:08:17] [100/326] MATK
[16:08:18] 🔄 Identity reset
[16:08:18] 🔄 Identity rotated (every 10 requests)
[16:08:18] [101/326] PGHM
[16:08:19] [102/326] CTSR
[16:08:20] [103/326] CYKR
[16:08:21] [104/326] MSCM
[16:08:22] [105/326] RFNP
[16:08:22] [106/326] PDCP
[16:08:24] [107/326] NPSE
[16:08:25] [108/326] MKML
[16:08:26] [109/326] FTDP
[16:08:27] [110/326] MMXA
[16:08:27] 🔄 Identity reset
[16:08:27] 🔄 Identity rotated (every 10 requests)
[16:08:28] [111/326] CEPO
[16:08:29] [112/326] CMVP
[16:08:30] [113/326] SGTH
[16:08:31] [114/326] SAYN
[16:08:32] [115/326] URVS
[16:08:33] [116/326] VJTN
[16:08:34] [117/326] BBYK
[16:08:34] [118/326] SHBO
[16:08:35] [119/326] VCMR
[16:08:36] [120/326] MACT
[16:08:37] 🔄 Identity reset
[16:08:37] 🔄 Identity rotated (every 10 requests)
[16:08:37] [121/326] JMNP
[16:08:39] [122/326] VICS
[16:08:40] [123/326] VCDA
[16:08:41] [124/326] GCMM
[16:08:41] [125/326] INVS
[16:08:42] [126/326] SCGM
[16:08:43] [127/326] PCDA
[16:08:44] [128/326] KDCT
[16:08:45] [129/326] JACS
[16:08:46] [130/326] GMMC
[16:08:47] 🔄 Identity reset
[16:08:47] 🔄 Identity rotated (every 10 requests)
[16:08:48] [131/326] AICM
[16:08:49] [132/326] TJCM
[16:08:50] [133/326] RMTI
[16:08:50] [134/326] SHAC
[16:08:51] [135/326] APJC
[16:08:52] [136/326] GCTG
[16:08:53] [137/326] SSMC
[16:08:54] [138/326] THRM
[16:08:55] [139/326] RBCT
[16:08:56] [140/326] DIKT
[16:08:56] 🔄 Identity reset
[16:08:56] 🔄 Identity rotated (every 10 requests)
[16:08:57] [141/326] MIDL
[16:08:58] [142/326] VCSN
[16:08:59] [143/326] SKTG
[16:09:00] [144/326] SMWC
[16:09:01] [145/326] MNKH
[16:09:02] [146/326] PIAT
[16:09:03] [147/326] LTTP
[16:09:03] [148/326] PTPU
[16:09:04] [149/326] ACMG
[16:09:05] [150/326] SHMM
[16:09:06] 🔄 Identity reset
[16:09:06] 🔄 Identity rotated (every 10 requests)
[16:09:06] [151/326] MCMN
[16:09:07] [152/326] GLDC
[16:09:08] [153/326] HOUT
[16:09:09] [154/326] SVRP
[16:09:10] [155/326] PVDN
[16:09:11] [156/326] SCPY
[16:09:12] [157/326] DTPY
[16:09:13] [158/326] GKCS
[16:09:14] [159/326] NCAM
[16:09:15] [160/326] BSRM
[16:09:15] 🔄 Identity reset
[16:09:15] 🔄 Identity rotated (every 10 requests)
[16:09:16] [161/326] RCLC
[16:09:17] [162/326] SKKD
[16:09:18] [163/326] ACHU
[16:09:19] [164/326] RSCF
[16:09:20] [165/326] IMSH
[16:09:21] [166/326] MACX
[16:09:22] [167/326] HMMW
[16:09:24] [168/326] JTCP
[16:09:25] [169/326] SREN
[16:09:26] [170/326] PJRR
[16:09:27] 🔄 Identity reset
[16:09:27] 🔄 Identity rotated (every 10 requests)
[16:09:27] [171/326] INAC
[16:09:28] [172/326] BMCA
[16:09:29] [173/326] SHCB
[16:09:30] [174/326] GABA
[16:09:31] [175/326] SBCT
[16:09:33] [176/326] GCMA
[16:09:33] [177/326] MYTK
[16:09:34] [178/326] INZS
[16:09:35] [179/326] RMIK
[16:09:36] [180/326] NYCH
[16:09:37] 🔄 Identity reset
[16:09:37] 🔄 Identity rotated (every 10 requests)
[16:09:37] [181/326] RAVE
[16:09:38] [182/326] PSXM
[16:09:39] [183/326] MCGP
[16:09:40] [184/326] PDDK
[16:09:41] [185/326] SPCK
[16:09:42] [186/326] MCRL
[16:09:42] [187/326] MHKT
[16:09:43] [188/326] ANRR
[16:09:44] [189/326] SAPK
[16:09:45] [190/326] NCUK
[16:09:45] 🔄 Identity reset
[16:09:45] 🔄 Identity rotated (every 10 requests)
[16:09:46] [191/326] JUGA
[16:09:47] [192/326] DBSC
[16:09:48] [193/326] LALK
[16:09:49] [194/326] GUCK
[16:09:50] [195/326] STSG
[16:09:51] [196/326] PPPZ
[16:09:52] [197/326] CNCY
[16:09:53] [198/326] MTAR
[16:09:53] [199/326] VNKD
[16:09:54] [200/326] KMAJ
[16:09:55] 🔄 Identity reset
[16:09:55] 🔄 Identity rotated (every 10 requests)
[16:09:55] [201/326] ACXK
[16:09:56] [202/326] UTKC
[16:09:57] [203/326] PBLK
[16:09:58] [204/326] ACBX
[16:09:59] [205/326] PTGM
[16:10:00] [206/326] BTDA
[16:10:01] [207/326] PJMB
[16:10:01] [208/326] TPDA
[16:10:02] [209/326] AMOE
[16:10:03] [210/326] PRHT
[16:10:04] 🔄 Identity reset
[16:10:04] 🔄 Identity rotated (every 10 requests)
[16:10:04] [211/326] PRTA
[16:10:05] [212/326] STAM
[16:10:06] [213/326] MSAA
[16:10:07] [214/326] SDLU
[16:10:08] [215/326] RCHH
[16:10:09] [216/326] KANT
[16:10:11] [217/326] FCRT
[16:10:12] [218/326] DNKM
[16:10:13] [219/326] RYCP
[16:10:14] [220/326] MYRP
[16:10:14] 🔄 Identity reset
[16:10:14] 🔄 Identity rotated (every 10 requests)
[16:10:15] [221/326] PPAK
[16:10:16] [222/326] NVPK
[16:10:17] [223/326] PRMC
[16:10:17] [224/326] JBCS
[16:10:18] [225/326] GXCK
[16:10:19] [226/326] USKO
[16:10:20] [227/326] GTEM
[16:10:21] [228/326] SMBU
[16:10:22] [229/326] VETC
[16:10:23] [230/326] LCDA
[16:10:24] 🔄 Identity reset
[16:10:24] 🔄 Identity rotated (every 10 requests)
[16:10:24] [231/326] MTVT
[16:10:25] [232/326] PYCP
[16:10:26] [233/326] PNSC
[16:10:26] [234/326] PPCC
[16:10:27] [235/326] TGRT
[16:10:28] [236/326] JYOT
[16:10:29] [237/326] SRCZ
[16:10:30] [238/326] SJTE
[16:10:31] [239/326] DESC
[16:10:31] [240/326] JHVN
[16:10:32] 🔄 Identity reset
[16:10:32] 🔄 Identity rotated (every 10 requests)
[16:10:32] [241/326] IPSG
[16:10:33] [242/326] IPCM
[16:10:34] [243/326] PDRS
[16:10:36] [244/326] ANCV
[16:10:37] [245/326] CMVV
[16:10:38] [246/326] SHYP
[16:10:38] [247/326] DNCS
[16:10:39] [248/326] GAJK
[16:10:40] [249/326] AKTN
[16:10:41] [250/326] KAYA
[16:10:42] 🔄 Identity reset
[16:10:42] 🔄 Identity rotated (every 10 requests)
[16:10:42] [251/326] SBRC
[16:10:43] [252/326] CHTP
[16:10:44] [253/326] SHRT
[16:10:45] [254/326] BCKU
[16:10:46] [255/326] FCPS
[16:10:46] [256/326] ARDD
[16:10:47] [257/326] CPCM
[16:10:48] [258/326] CGSM
[16:10:49] [259/326] PSMP
[16:10:50] [260/326] SDAL
[16:10:51] 🔄 Identity reset
[16:10:51] 🔄 Identity rotated (every 10 requests)
[16:10:51] [261/326] RTNB
[16:10:52] [262/326] LMCR
[16:10:53] [263/326] CIMA
[16:10:54] [264/326] RNAS
[16:10:55] [265/326] LITH
[16:10:56] [266/326] PBOX
[16:10:57] [267/326] FRTS
[16:10:58] [268/326] RKIC
[16:10:59] [269/326] PTAI
[16:11:00] [270/326] GCIC
[16:11:01] 🔄 Identity reset
[16:11:01] 🔄 Identity rotated (every 10 requests)
[16:11:01] [271/326] FNAS
[16:11:02] [272/326] SCAR
[16:11:03] [273/326] MTCA
[16:11:04] [274/326] SCTS
[16:11:05] [275/326] SYCS
[16:11:06] [276/326] RDMS
[16:11:07] [277/326] KAMP
[16:11:07] [278/326] ERSD
[16:11:08] [279/326] MJMJ
[16:11:10] [280/326] SRCJ
[16:11:11] 🔄 Identity reset
[16:11:11] 🔄 Identity rotated (every 10 requests)
[16:11:11] [281/326] SCXE
[16:11:12] [282/326] SVFR
[16:11:13] [283/326] BHCS
[16:11:14] [284/326] IMCC
[16:11:14] [285/326] PCBO
[16:11:15] [286/326] PRVN
[16:11:16] [287/326] AUPM
[16:11:17] [288/326] INBW
[16:11:19] [289/326] SVCW
[16:11:20] [290/326] RKCF
[16:11:21] 🔄 Identity reset
[16:11:21] 🔄 Identity rotated (every 10 requests)
[16:11:21] [291/326] UVBH
[16:11:23] [292/326] DNCY
[16:11:24] [293/326] ABCN
[16:11:25] [294/326] PRUR
[16:11:26] [295/326] PFMR
[16:11:27] [296/326] RKCN
[16:11:28] [297/326] CFEA
[16:11:29] [298/326] SDBG
[16:11:30] [299/326] SNAR
[16:11:31] [300/326] YISI
[16:11:31] 🔄 Identity reset
[16:11:31] 🔄 Identity rotated (every 10 requests)
[16:11:32] [301/326] JCFF
[16:11:33] [302/326] VTRK
[16:11:34] [303/326] PCLZ
[16:11:34] [304/326] DIMY
[16:11:35] [305/326] BBTS
[16:11:36] [306/326] GATH
[16:11:37] [307/326] GTMN
[16:11:39] [308/326] VTMH
[16:11:40] [309/326] CCKP
[16:11:42] [310/326] GPKA
[16:11:43] 🔄 Identity reset
[16:11:43] 🔄 Identity rotated (every 10 requests)
[16:11:44] [311/326] MHCL
[16:11:44] [312/326] ATCL
[16:11:45] [313/326] SBCK
[16:11:46] [314/326] AMMR
[16:11:47] [315/326] MADC
[16:11:48] [316/326] TMMA
[16:11:49] [317/326] CACC
[16:11:50] [318/326] CHAL
[16:11:51] [319/326] DURG
[16:11:53] [320/326] GMKU
[16:11:53] 🔄 Identity reset
[16:11:53] 🔄 Identity rotated (every 10 requests)
[16:11:54] [321/326] GECA
[16:11:54] [322/326] KYRR
[16:11:55] [323/326] KSDE
[16:11:56] [324/326] LMCI
[16:11:57] [325/326] NKCP
[16:11:58] [326/326] BGTC
[16:11:59] ✅ DONE | Shows=2038 | Movies=94
[16:38:52] 🚀 BMS DAILY TRACKER STARTED (enhanced anti‑detection)
[16:38:52] [1/326] BSAT
[16:38:53] 🧠 New identity created
[16:38:53] [2/326] RSSM
[16:38:54] [3/326] GCTA
[16:38:55] [4/326] TOPN
[16:38:56] [5/326] MCUS
[16:38:58] [6/326] SHRL
[16:38:58] [7/326] UPTP
[16:38:59] [8/326] TMMP
[16:39:00] [9/326] DNRP
[16:39:01] [10/326] SRLT
[16:39:02] 🔄 Identity reset
[16:39:02] 🔄 Identity rotated (every 10 requests)
[16:39:02] [11/326] RCNS
[16:39:03] [12/326] DCBH
[16:39:04] [13/326] NAGJ
[16:39:05] [14/326] JVRC
[16:39:06] [15/326] KRJG
[16:39:07] [16/326] SRTJ
[16:39:08] [17/326] CMXM
[16:39:10] [18/326] STMI
[16:39:11] [19/326] SLST
[16:39:12] [20/326] DTCN
[16:39:13] 🔄 Identity reset
[16:39:13] 🔄 Identity rotated (every 10 requests)
[16:39:13] [21/326] STYN
[16:39:14] [22/326] SZVR
[16:39:16] [23/326] SRKO
[16:39:17] [24/326] JTGT
[16:39:18] [25/326] SVFD
[16:39:19] [26/326] SISD
[16:39:20] [27/326] ABDD
[16:39:21] [28/326] DRCA
[16:39:21] [29/326] AVCS
[16:39:22] [30/326] MVKH
[16:39:23] 🔄 Identity reset
[16:39:23] 🔄 Identity rotated (every 10 requests)
[16:39:23] [31/326] ACPR
[16:39:24] [32/326] STIP
[16:39:25] [33/326] MTRA
[16:39:26] [34/326] RMKH
[16:39:27] [35/326] NKRL
[16:39:29] [36/326] PCWN
[16:39:29] [37/326] BLMT
[16:39:30] [38/326] GDPG
[16:39:31] [39/326] SRMX
[16:39:32] [40/326] JACP
[16:39:32] 🔄 Identity reset
[16:39:33] 🔄 Identity rotated (every 10 requests)
[16:39:33] [41/326] CPSH
[16:39:34] [42/326] MCCD
[16:39:35] [43/326] ECGH
[16:39:36] [44/326] MKCK
[16:39:38] [45/326] SRMM
[16:39:38] [46/326] SKYR
[16:39:39] [47/326] PCKC
[16:39:41] [48/326] JCMA
[16:39:42] [49/326] BSMP
[16:39:42] [50/326] VSPA
[16:39:43] 🔄 Identity reset
[16:39:43] 🔄 Identity rotated (every 10 requests)
[16:39:44] [51/326] DJYA
[16:39:44] [52/326] DIMP
[16:39:46] [53/326] FXDR
[16:39:47] [54/326] SSRC
[16:39:48] [55/326] STHP
[16:39:48] [56/326] CPPD
[16:39:49] [57/326] FCLK
[16:39:50] [58/326] SCPP
[16:39:51] [59/326] DCMJ
[16:39:52] [60/326] RCCR
[16:39:53] 🔄 Identity reset
[16:39:53] 🔄 Identity rotated (every 10 requests)
[16:39:53] [61/326] INMT
[16:39:54] [62/326] LXTK
[16:39:55] [63/326] SRYK
[16:39:56] [64/326] SGDK
[16:39:57] [65/326] PPKA
[16:39:58] [66/326] SPKA
[16:39:59] [67/326] CGHH
[16:40:00] [68/326] DCJN
[16:40:01] [69/326] SRKV
[16:40:02] [70/326] SAJC
[16:40:02] 🔄 Identity reset
[16:40:02] 🔄 Identity rotated (every 10 requests)
[16:40:03] [71/326] SUSR
[16:40:03] [72/326] STYG
[16:40:04] [73/326] NTKP
[16:40:05] [74/326] AKTG
[16:40:06] [75/326] CGCM
[16:40:07] [76/326] TULC
[16:40:08] [77/326] NYYZ
[16:40:09] [78/326] NYBW
[16:40:10] [79/326] MACB
[16:40:11] [80/326] SLVT
[16:40:11] 🔄 Identity reset
[16:40:11] 🔄 Identity rotated (every 10 requests)
[16:40:12] [81/326] SANA
[16:40:13] [82/326] ACMR
[16:40:14] [83/326] CPKN
[16:40:15] [84/326] DLGK
[16:40:17] [85/326] CWCK
[16:40:18] [86/326] FDDH
[16:40:18] [87/326] MMMD
[16:40:19] [88/326] CMEH
[16:40:21] [89/326] GGGV
[16:40:22] [90/326] SPJL
[16:40:22] 🔄 Identity reset
[16:40:22] 🔄 Identity rotated (every 10 requests)
[16:40:23] [91/326] RCCD
[16:40:24] [92/326] STTZ
[16:40:26] [93/326] BTCF
[16:40:26] [94/326] TSTZ
[16:40:27] [95/326] IPMM
[16:40:28] [96/326] PMPW
[16:40:30] [97/326] PCMZ
[16:40:31] [98/326] ESEM
[16:40:31] [99/326] PIPO
[16:40:32] [100/326] MATK
[16:40:33] 🔄 Identity reset
[16:40:33] 🔄 Identity rotated (every 10 requests)
[16:40:33] [101/326] PGHM
[16:40:34] [102/326] CTSR
[16:40:35] [103/326] CYKR
[16:40:36] [104/326] MSCM
[16:40:37] [105/326] RFNP
[16:40:38] [106/326] PDCP
[16:40:38] [107/326] NPSE
[16:40:39] [108/326] MKML
[16:40:40] [109/326] FTDP
[16:40:41] [110/326] MMXA
[16:40:41] 🔄 Identity reset
[16:40:41] 🔄 Identity rotated (every 10 requests)
[16:40:42] [111/326] CEPO
[16:40:43] [112/326] CMVP
[16:40:44] [113/326] SGTH
[16:40:45] [114/326] SAYN
[16:40:45] [115/326] URVS
[16:40:46] [116/326] VJTN
[16:40:47] [117/326] BBYK
[16:40:48] [118/326] SHBO
[16:40:49] [119/326] VCMR
[16:40:50] [120/326] MACT
[16:40:51] 🔄 Identity reset
[16:40:51] 🔄 Identity rotated (every 10 requests)
[16:40:51] [121/326] JMNP
[16:40:52] [122/326] VICS
[16:40:53] [123/326] VCDA
[16:40:54] [124/326] GCMM
[16:40:55] [125/326] INVS
[16:40:55] [126/326] SCGM
[16:40:56] [127/326] PCDA
[16:40:57] [128/326] KDCT
[16:40:58] [129/326] JACS
[16:40:59] [130/326] GMMC
[16:41:00] 🔄 Identity reset
[16:41:00] 🔄 Identity rotated (every 10 requests)
[16:41:00] [131/326] AICM
[16:41:01] [132/326] TJCM
[16:41:02] [133/326] RMTI
[16:41:03] [134/326] SHAC
[16:41:04] [135/326] APJC
[16:41:05] [136/326] GCTG
[16:41:06] [137/326] SSMC
[16:41:07] [138/326] THRM
[16:41:08] [139/326] RBCT
[16:41:09] [140/326] DIKT
[16:41:09] 🔄 Identity reset
[16:41:09] 🔄 Identity rotated (every 10 requests)
[16:41:10] [141/326] MIDL
[16:41:11] [142/326] VCSN
[16:41:12] [143/326] SKTG
[16:41:13] [144/326] SMWC
[16:41:13] [145/326] MNKH
[16:41:15] [146/326] PIAT
[16:41:16] [147/326] LTTP
[16:41:17] [148/326] PTPU
[16:41:18] [149/326] ACMG
[16:41:19] [150/326] SHMM
[16:41:20] 🔄 Identity reset
[16:41:20] 🔄 Identity rotated (every 10 requests)
[16:41:21] [151/326] MCMN
[16:41:21] [152/326] GLDC
[16:41:22] [153/326] HOUT
[16:41:23] [154/326] SVRP
[16:41:24] [155/326] PVDN
[16:41:25] [156/326] SCPY
[16:41:26] [157/326] DTPY
[16:41:27] [158/326] GKCS
[16:41:27] [159/326] NCAM
[16:41:28] [160/326] BSRM
[16:41:29] 🔄 Identity reset
[16:41:29] 🔄 Identity rotated (every 10 requests)
[16:41:29] [161/326] RCLC
[16:41:30] [162/326] SKKD
[16:41:32] [163/326] ACHU
[16:41:33] [164/326] RSCF
[16:41:34] [165/326] IMSH
[16:41:34] [166/326] MACX
[16:41:35] [167/326] HMMW
[16:41:36] [168/326] JTCP
[16:41:37] [169/326] SREN
[16:41:38] [170/326] PJRR
[16:41:38] 🔄 Identity reset
[16:41:38] 🔄 Identity rotated (every 10 requests)
[16:41:39] [171/326] INAC
[16:41:40] [172/326] BMCA
[16:41:41] [173/326] SHCB
[16:41:43] [174/326] GABA
[16:41:44] [175/326] SBCT
[16:41:44] [176/326] GCMA
[16:41:45] [177/326] MYTK
[16:41:46] [178/326] INZS
[16:41:47] [179/326] RMIK
[16:41:48] [180/326] NYCH
[16:41:48] 🔄 Identity reset
[16:41:48] 🔄 Identity rotated (every 10 requests)
[16:41:49] [181/326] RAVE
[16:41:50] [182/326] PSXM
[16:41:51] [183/326] MCGP
[16:41:52] [184/326] PDDK
[16:41:53] [185/326] SPCK
[16:41:54] [186/326] MCRL
[16:41:55] [187/326] MHKT
[16:41:56] [188/326] ANRR
[16:41:57] [189/326] SAPK
[16:41:57] [190/326] NCUK
[16:41:58] 🔄 Identity reset
[16:41:58] 🔄 Identity rotated (every 10 requests)
[16:41:58] [191/326] JUGA
[16:41:59] [192/326] DBSC
[16:42:00] [193/326] LALK
[16:42:01] [194/326] GUCK
[16:42:02] [195/326] STSG
[16:42:03] [196/326] PPPZ
[16:42:04] [197/326] CNCY
[16:42:05] [198/326] MTAR
[16:42:06] [199/326] VNKD
[16:42:07] [200/326] KMAJ
[16:42:07] 🔄 Identity reset
[16:42:07] 🔄 Identity rotated (every 10 requests)
[16:42:08] [201/326] ACXK
[16:42:09] [202/326] UTKC
[16:42:10] [203/326] PBLK
[16:42:11] [204/326] ACBX
[16:42:12] [205/326] PTGM
[16:42:13] [206/326] BTDA
[16:42:14] [207/326] PJMB
[16:42:15] [208/326] TPDA
[16:42:15] [209/326] AMOE
[16:42:16] [210/326] PRHT
[16:42:17] 🔄 Identity reset
[16:42:17] 🔄 Identity rotated (every 10 requests)
[16:42:17] [211/326] PRTA
[16:42:18] [212/326] STAM
[16:42:19] [213/326] MSAA
[16:42:21] [214/326] SDLU
[16:42:21] [215/326] RCHH
[16:42:22] [216/326] KANT
[16:42:23] [217/326] FCRT
[16:42:24] [218/326] DNKM
[16:42:25] [219/326] RYCP
[16:42:26] [220/326] MYRP
[16:42:26] 🔄 Identity reset
[16:42:26] 🔄 Identity rotated (every 10 requests)
[16:42:27] [221/326] PPAK
[16:42:28] [222/326] NVPK
[16:42:28] [223/326] PRMC
[16:42:29] [224/326] JBCS
[16:42:30] [225/326] GXCK
[16:42:31] [226/326] USKO
[16:42:32] [227/326] GTEM
[16:42:33] [228/326] SMBU
[16:42:34] [229/326] VETC
[16:42:35] [230/326] LCDA
[16:42:35] 🔄 Identity reset
[16:42:35] 🔄 Identity rotated (every 10 requests)
[16:42:35] [231/326] MTVT
[16:42:36] [232/326] PYCP
[16:42:37] [233/326] PNSC
[16:42:39] [234/326] PPCC
[16:42:39] [235/326] TGRT
[16:42:40] [236/326] JYOT
[16:42:41] [237/326] SRCZ
[16:42:42] [238/326] SJTE
[16:42:43] [239/326] DESC
[16:42:44] [240/326] JHVN
[16:42:45] 🔄 Identity reset
[16:42:45] 🔄 Identity rotated (every 10 requests)
[16:42:45] [241/326] IPSG
[16:42:46] [242/326] IPCM
[16:42:47] [243/326] PDRS
[16:42:48] [244/326] ANCV
[16:42:49] [245/326] CMVV
[16:42:49] [246/326] SHYP
[16:42:50] [247/326] DNCS
[16:42:51] [248/326] GAJK
[16:42:52] [249/326] AKTN
[16:42:53] [250/326] KAYA
[16:42:53] 🔄 Identity reset
[16:42:53] 🔄 Identity rotated (every 10 requests)
[16:42:54] [251/326] SBRC
[16:42:55] [252/326] CHTP
[16:42:55] [253/326] SHRT
[16:42:56] [254/326] BCKU
[16:42:57] [255/326] FCPS
[16:42:58] [256/326] ARDD
[16:42:59] [257/326] CPCM
[16:43:00] [258/326] CGSM
[16:43:01] [259/326] PSMP
[16:43:02] [260/326] SDAL
[16:43:02] 🔄 Identity reset
[16:43:02] 🔄 Identity rotated (every 10 requests)
[16:43:02] [261/326] RTNB
[16:43:03] [262/326] LMCR
[16:43:04] [263/326] CIMA
[16:43:05] [264/326] RNAS
[16:43:06] [265/326] LITH
[16:43:07] [266/326] PBOX
[16:43:08] [267/326] FRTS
[16:43:09] [268/326] RKIC
[16:43:10] [269/326] PTAI
[16:43:11] [270/326] GCIC
[16:43:11] 🔄 Identity reset
[16:43:12] 🔄 Identity rotated (every 10 requests)
[16:43:12] [271/326] FNAS
[16:43:13] [272/326] SCAR
[16:43:14] [273/326] MTCA
[16:43:15] [274/326] SCTS
[16:43:16] [275/326] SYCS
[16:43:17] [276/326] RDMS
[16:43:18] [277/326] KAMP
[16:43:19] [278/326] ERSD
[16:43:20] [279/326] MJMJ
[16:43:21] [280/326] SRCJ
[16:43:21] 🔄 Identity reset
[16:43:21] 🔄 Identity rotated (every 10 requests)
[16:43:22] [281/326] SCXE
[16:43:23] [282/326] SVFR
[16:43:24] [283/326] BHCS
[16:43:25] [284/326] IMCC
[16:43:26] [285/326] PCBO
[16:43:27] [286/326] PRVN
[16:43:28] [287/326] AUPM
[16:43:29] [288/326] INBW
[16:43:30] [289/326] SVCW
[16:43:31] [290/326] RKCF
[16:43:32] 🔄 Identity reset
[16:43:32] 🔄 Identity rotated (every 10 requests)
[16:43:32] [291/326] UVBH
[16:43:33] [292/326] DNCY
[16:43:34] [293/326] ABCN
[16:43:35] [294/326] PRUR
[16:43:37] [295/326] PFMR
[16:43:38] [296/326] RKCN
[16:43:38] [297/326] CFEA
[16:43:39] [298/326] SDBG
[16:43:40] [299/326] SNAR
[16:43:41] [300/326] YISI
[16:43:42] 🔄 Identity reset
[16:43:42] 🔄 Identity rotated (every 10 requests)
[16:43:42] [301/326] JCFF
[16:43:43] [302/326] VTRK
[16:43:44] [303/326] PCLZ
[16:43:44] [304/326] DIMY
[16:43:46] [305/326] BBTS
[16:43:47] [306/326] GATH
[16:43:49] [307/326] GTMN
[16:43:49] [308/326] VTMH
[16:43:50] [309/326] CCKP
[16:43:51] [310/326] GPKA
[16:43:52] 🔄 Identity reset
[16:43:52] 🔄 Identity rotated (every 10 requests)
[16:43:52] [311/326] MHCL
[16:43:53] [312/326] ATCL
[16:43:54] [313/326] SBCK
[16:43:55] [314/326] AMMR
[16:43:55] [315/326] MADC
[16:43:56] [316/326] TMMA
[16:43:57] [317/326] CACC
[16:43:58] [318/326] CHAL
[16:43:59] [319/326] DURG
[16:44:00] [320/326] GMKU
[16:44:00] 🔄 Identity reset
[16:44:01] 🔄 Identity rotated (every 10 requests)
[16:44:01] [321/326] GECA
[16:44:02] [322/326] KYRR
[16:44:03] [323/326] KSDE
[16:44:04] [324/326] LMCI
[16:44:05] [325/326] NKCP
[16:44:06] [326/326] BGTC
[16:44:07] ✅ DONE | Shows=2110 | Movies=94
[17:06:39] 🚀 BMS DAILY TRACKER STARTED (enhanced anti‑detection)
[17:06:39] [1/326] BSAT
[17:06:39] 🧠 New identity created
[17:06:40] [2/326] RSSM
[17:06:41] [3/326] GCTA
[17:06:42] [4/326] TOPN
[17:06:42] [5/326] MCUS
[17:06:44] [6/326] SHRL
[17:06:45] [7/326] UPTP
[17:06:46] [8/326] TMMP
[17:06:47] [9/326] DNRP
[17:06:48] [10/326] SRLT
[17:06:48] 🔄 Identity reset
[17:06:48] 🔄 Identity rotated (every 10 requests)
[17:06:49] [11/326] RCNS
[17:06:50] [12/326] DCBH
[17:06:51] [13/326] NAGJ
[17:06:52] [14/326] JVRC
[17:06:53] [15/326] KRJG
[17:06:54] [16/326] SRTJ
[17:06:55] [17/326] CMXM
[17:06:56] [18/326] STMI
[17:06:57] [19/326] SLST
[17:06:58] [20/326] DTCN
[17:06:58] 🔄 Identity reset
[17:06:58] 🔄 Identity rotated (every 10 requests)
[17:06:59] [21/326] STYN
[17:07:00] [22/326] SZVR
[17:07:00] [23/326] SRKO
[17:07:01] [24/326] JTGT
[17:07:02] [25/326] SVFD
[17:07:03] [26/326] SISD
[17:07:04] [27/326] ABDD
[17:07:05] [28/326] DRCA
[17:07:06] [29/326] AVCS
[17:07:07] [30/326] MVKH
[17:07:07] 🔄 Identity reset
[17:07:07] 🔄 Identity rotated (every 10 requests)
[17:07:08] [31/326] ACPR
[17:07:10] [32/326] STIP
[17:07:10] [33/326] MTRA
[17:07:11] [34/326] RMKH
[17:07:12] [35/326] NKRL
[17:07:13] [36/326] PCWN
[17:07:14] [37/326] BLMT
[17:07:15] [38/326] GDPG
[17:07:16] [39/326] SRMX
[17:07:17] [40/326] JACP
[17:07:17] 🔄 Identity reset
[17:07:17] 🔄 Identity rotated (every 10 requests)
[17:07:17] [41/326] CPSH
[17:07:18] [42/326] MCCD
[17:07:19] [43/326] ECGH
[17:07:20] [44/326] MKCK
[17:07:21] [45/326] SRMM
[17:07:22] [46/326] SKYR
[17:07:23] [47/326] PCKC
[17:07:24] [48/326] JCMA
[17:07:25] [49/326] BSMP
[17:07:26] [50/326] VSPA
[17:07:26] 🔄 Identity reset
[17:07:26] 🔄 Identity rotated (every 10 requests)
[17:07:27] [51/326] DJYA
[17:07:28] [52/326] DIMP
[17:07:29] [53/326] FXDR
[17:07:30] [54/326] SSRC
[17:07:31] [55/326] STHP
[17:07:32] [56/326] CPPD
[17:07:33] [57/326] FCLK
[17:07:33] [58/326] SCPP
[17:07:34] [59/326] DCMJ
[17:07:35] [60/326] RCCR
[17:07:36] 🔄 Identity reset
[17:07:36] 🔄 Identity rotated (every 10 requests)
[17:07:36] [61/326] INMT
[17:07:37] [62/326] LXTK
[17:07:38] [63/326] SRYK
[17:07:39] [64/326] SGDK
[17:07:41] [65/326] PPKA
[17:07:41] [66/326] SPKA
[17:07:42] [67/326] CGHH
[17:07:44] [68/326] DCJN
[17:07:45] [69/326] SRKV
[17:07:46] [70/326] SAJC
[17:07:46] 🔄 Identity reset
[17:07:46] 🔄 Identity rotated (every 10 requests)
[17:07:47] [71/326] SUSR
[17:07:48] [72/326] STYG
[17:07:49] [73/326] NTKP
[17:07:50] [74/326] AKTG
[17:07:51] [75/326] CGCM
[17:07:51] [76/326] TULC
[17:07:52] [77/326] NYYZ
[17:07:53] [78/326] NYBW
[17:07:54] [79/326] MACB
[17:07:55] [80/326] SLVT
[17:07:56] 🔄 Identity reset
[17:07:56] 🔄 Identity rotated (every 10 requests)
[17:07:56] [81/326] SANA
[17:07:57] [82/326] ACMR
[17:07:58] [83/326] CPKN
[17:07:59] [84/326] DLGK
[17:08:00] [85/326] CWCK
[17:08:01] [86/326] FDDH
[17:08:02] [87/326] MMMD
[17:08:03] [88/326] CMEH
[17:08:04] [89/326] GGGV
[17:08:05] [90/326] SPJL
[17:08:06] 🔄 Identity reset
[17:08:06] 🔄 Identity rotated (every 10 requests)
[17:08:06] [91/326] RCCD
[17:08:07] [92/326] STTZ
[17:08:09] [93/326] BTCF
[17:08:10] [94/326] TSTZ
[17:08:11] [95/326] IPMM
[17:08:12] [96/326] PMPW
[17:08:12] [97/326] PCMZ
[17:08:13] [98/326] ESEM
[17:08:14] [99/326] PIPO
[17:08:15] [100/326] MATK
[17:08:16] 🔄 Identity reset
[17:08:16] 🔄 Identity rotated (every 10 requests)
[17:08:16] [101/326] PGHM
[17:08:17] [102/326] CTSR
[17:08:19] [103/326] CYKR
[17:08:20] [104/326] MSCM
[17:08:21] [105/326] RFNP
[17:08:22] [106/326] PDCP
[17:08:23] [107/326] NPSE
[17:08:23] [108/326] MKML
[17:08:24] [109/326] FTDP
[17:08:25] [110/326] MMXA
[17:08:26] 🔄 Identity reset
[17:08:26] 🔄 Identity rotated (every 10 requests)
[17:08:26] [111/326] CEPO
[17:08:28] [112/326] CMVP
[17:08:29] [113/326] SGTH
[17:08:30] [114/326] SAYN
[17:08:31] [115/326] URVS
[17:08:32] [116/326] VJTN
[17:08:34] [117/326] BBYK
[17:08:35] [118/326] SHBO
[17:08:36] [119/326] VCMR
[17:08:37] [120/326] MACT
[17:08:38] 🔄 Identity reset
[17:08:38] 🔄 Identity rotated (every 10 requests)
[17:08:38] [121/326] JMNP
[17:08:39] [122/326] VICS
[17:08:40] [123/326] VCDA
[17:08:42] [124/326] GCMM
[17:08:43] [125/326] INVS
[17:08:44] [126/326] SCGM
[17:08:45] [127/326] PCDA
[17:08:46] [128/326] KDCT
[17:08:47] [129/326] JACS
[17:08:48] [130/326] GMMC
[17:08:48] 🔄 Identity reset
[17:08:48] 🔄 Identity rotated (every 10 requests)
[17:08:49] [131/326] AICM
[17:08:50] [132/326] TJCM
[17:08:51] [133/326] RMTI
[17:08:52] [134/326] SHAC
[17:08:52] [135/326] APJC
[17:08:53] [136/326] GCTG
[17:08:55] [137/326] SSMC
[17:08:56] [138/326] THRM
[17:08:56] [139/326] RBCT
[17:08:57] [140/326] DIKT
[17:08:58] 🔄 Identity reset
[17:08:58] 🔄 Identity rotated (every 10 requests)
[17:08:58] [141/326] MIDL
[17:08:59] [142/326] VCSN
[17:09:00] [143/326] SKTG
[17:09:01] [144/326] SMWC
[17:09:02] [145/326] MNKH
[17:09:03] [146/326] PIAT
[17:09:04] [147/326] LTTP
[17:09:05] [148/326] PTPU
[17:09:07] [149/326] ACMG
[17:09:08] [150/326] SHMM
[17:09:09] 🔄 Identity reset
[17:09:09] 🔄 Identity rotated (every 10 requests)
[17:09:10] [151/326] MCMN
[17:09:11] [152/326] GLDC
[17:09:12] [153/326] HOUT
[17:09:13] [154/326] SVRP
[17:09:14] [155/326] PVDN
[17:09:16] [156/326] SCPY
[17:09:17] [157/326] DTPY
[17:09:18] [158/326] GKCS
[17:09:19] [159/326] NCAM
[17:09:20] [160/326] BSRM
[17:09:20] 🔄 Identity reset
[17:09:20] 🔄 Identity rotated (every 10 requests)
[17:09:21] [161/326] RCLC
[17:09:22] [162/326] SKKD
[17:09:23] [163/326] ACHU
[17:09:24] [164/326] RSCF
[17:09:25] [165/326] IMSH
[17:09:26] [166/326] MACX
[17:09:27] [167/326] HMMW
[17:09:28] [168/326] JTCP
[17:09:29] [169/326] SREN
[17:09:30] [170/326] PJRR
[17:09:30] 🔄 Identity reset
[17:09:30] 🔄 Identity rotated (every 10 requests)
[17:09:31] [171/326] INAC
[17:09:32] [172/326] BMCA
[17:09:32] [173/326] SHCB
[17:09:33] [174/326] GABA
[17:09:34] [175/326] SBCT
[17:09:35] [176/326] GCMA
[17:09:36] [177/326] MYTK
[17:09:37] [178/326] INZS
[17:09:38] [179/326] RMIK
[17:09:39] [180/326] NYCH
[17:09:39] 🔄 Identity reset
[17:09:39] 🔄 Identity rotated (every 10 requests)
[17:09:40] [181/326] RAVE
[17:09:40] [182/326] PSXM
[17:09:41] [183/326] MCGP
[17:09:42] [184/326] PDDK
[17:09:43] [185/326] SPCK
[17:09:44] [186/326] MCRL
[17:09:45] [187/326] MHKT
[17:09:46] [188/326] ANRR
[17:09:47] [189/326] SAPK
[17:09:47] [190/326] NCUK
[17:09:48] 🔄 Identity reset
[17:09:48] 🔄 Identity rotated (every 10 requests)
[17:09:48] [191/326] JUGA
[17:09:49] [192/326] DBSC
[17:09:50] [193/326] LALK
[17:09:51] [194/326] GUCK
[17:09:52] [195/326] STSG
[17:09:53] [196/326] PPPZ
[17:09:54] [197/326] CNCY
[17:09:55] [198/326] MTAR
[17:09:56] [199/326] VNKD
[17:09:57] [200/326] KMAJ
[17:09:58] 🔄 Identity reset
[17:09:58] 🔄 Identity rotated (every 10 requests)
[17:09:58] [201/326] ACXK
[17:09:59] [202/326] UTKC
[17:10:00] [203/326] PBLK
[17:10:01] [204/326] ACBX
[17:10:02] [205/326] PTGM
[17:10:03] [206/326] BTDA
[17:10:04] [207/326] PJMB
[17:10:04] [208/326] TPDA
[17:10:05] [209/326] AMOE
[17:10:07] [210/326] PRHT
[17:10:08] 🔄 Identity reset
[17:10:08] 🔄 Identity rotated (every 10 requests)
[17:10:09] [211/326] PRTA
[17:10:10] [212/326] STAM
[17:10:11] [213/326] MSAA
[17:10:12] [214/326] SDLU
[17:10:13] [215/326] RCHH
[17:10:14] [216/326] KANT
[17:10:15] [217/326] FCRT
[17:10:16] [218/326] DNKM
[17:10:17] [219/326] RYCP
[17:10:17] [220/326] MYRP
[17:10:18] 🔄 Identity reset
[17:10:18] 🔄 Identity rotated (every 10 requests)
[17:10:18] [221/326] PPAK
[17:10:19] [222/326] NVPK
[17:10:20] [223/326] PRMC
[17:10:21] [224/326] JBCS
[17:10:22] [225/326] GXCK
[17:10:24] [226/326] USKO
[17:10:25] [227/326] GTEM
[17:10:26] [228/326] SMBU
[17:10:27] [229/326] VETC
[17:10:27] [230/326] LCDA
[17:10:28] 🔄 Identity reset
[17:10:28] 🔄 Identity rotated (every 10 requests)
[17:10:28] [231/326] MTVT
[17:10:29] [232/326] PYCP
[17:10:30] [233/326] PNSC
[17:10:31] [234/326] PPCC
[17:10:32] [235/326] TGRT
[17:10:33] [236/326] JYOT
[17:10:33] [237/326] SRCZ
[17:10:34] [238/326] SJTE
[17:10:35] [239/326] DESC
[17:10:36] [240/326] JHVN
[17:10:37] 🔄 Identity reset
[17:10:37] 🔄 Identity rotated (every 10 requests)
[17:10:37] [241/326] IPSG
[17:10:38] [242/326] IPCM
[17:10:39] [243/326] PDRS
[17:10:40] [244/326] ANCV
[17:10:41] [245/326] CMVV
[17:10:42] [246/326] SHYP
[17:10:43] [247/326] DNCS
[17:10:43] [248/326] GAJK
[17:10:44] [249/326] AKTN
[17:10:45] [250/326] KAYA
[17:10:46] 🔄 Identity reset
[17:10:46] 🔄 Identity rotated (every 10 requests)
[17:10:46] [251/326] SBRC
[17:10:47] [252/326] CHTP
[17:10:48] [253/326] SHRT
[17:10:49] [254/326] BCKU
[17:10:50] [255/326] FCPS
[17:10:51] [256/326] ARDD
[17:10:52] [257/326] CPCM
[17:10:52] [258/326] CGSM
[17:10:53] [259/326] PSMP
[17:10:56] [260/326] SDAL
[17:10:57] 🔄 Identity reset
[17:10:57] 🔄 Identity rotated (every 10 requests)
[17:10:57] [261/326] RTNB
[17:10:58] [262/326] LMCR
[17:10:59] [263/326] CIMA
[17:11:00] [264/326] RNAS
[17:11:02] [265/326] LITH
[17:11:03] [266/326] PBOX
[17:11:04] [267/326] FRTS
[17:11:05] [268/326] RKIC
[17:11:05] [269/326] PTAI
[17:11:07] [270/326] GCIC
[17:11:08] 🔄 Identity reset
[17:11:08] 🔄 Identity rotated (every 10 requests)
[17:11:08] [271/326] FNAS
[17:11:09] [272/326] SCAR
[17:11:10] [273/326] MTCA
[17:11:11] [274/326] SCTS
[17:11:12] [275/326] SYCS
[17:11:13] [276/326] RDMS
[17:11:14] [277/326] KAMP
[17:11:15] [278/326] ERSD
[17:11:16] [279/326] MJMJ
[17:11:17] [280/326] SRCJ
[17:11:18] 🔄 Identity reset
[17:11:18] 🔄 Identity rotated (every 10 requests)
[17:11:18] [281/326] SCXE
[17:11:19] [282/326] SVFR
[17:11:20] [283/326] BHCS
[17:11:21] [284/326] IMCC
[17:11:22] [285/326] PCBO
[17:11:23] [286/326] PRVN
[17:11:24] [287/326] AUPM
[17:11:25] [288/326] INBW
[17:11:26] [289/326] SVCW
[17:11:27] [290/326] RKCF
[17:11:27] 🔄 Identity reset
[17:11:28] 🔄 Identity rotated (every 10 requests)
[17:11:28] [291/326] UVBH
[17:11:29] [292/326] DNCY
[17:11:30] [293/326] ABCN
[17:11:31] [294/326] PRUR
[17:11:31] [295/326] PFMR
[17:11:32] [296/326] RKCN
[17:11:33] [297/326] CFEA
[17:11:34] [298/326] SDBG
[17:11:35] [299/326] SNAR
[17:11:36] [300/326] YISI
[17:11:36] 🔄 Identity reset
[17:11:36] 🔄 Identity rotated (every 10 requests)
[17:11:37] [301/326] JCFF
[17:11:38] [302/326] VTRK
[17:11:39] [303/326] PCLZ
[17:11:39] [304/326] DIMY
[17:11:40] [305/326] BBTS
[17:11:41] [306/326] GATH
[17:11:42] [307/326] GTMN
[17:11:43] [308/326] VTMH
[17:11:44] [309/326] CCKP
[17:11:45] [310/326] GPKA
[17:11:46] 🔄 Identity reset
[17:11:46] 🔄 Identity rotated (every 10 requests)
[17:11:46] [311/326] MHCL
[17:11:47] [312/326] ATCL
[17:11:48] [313/326] SBCK
[17:11:49] [314/326] AMMR
[17:11:50] [315/326] MADC
[17:11:51] [316/326] TMMA
[17:11:52] [317/326] CACC
[17:11:53] [318/326] CHAL
[17:11:54] [319/326] DURG
[17:11:55] [320/326] GMKU
[17:11:56] 🔄 Identity reset
[17:11:56] 🔄 Identity rotated (every 10 requests)
[17:11:56] [321/326] GECA
[17:11:57] [322/326] KYRR
[17:11:58] [323/326] KSDE
[17:11:59] [324/326] LMCI
[17:12:00] [325/326] NKCP
[17:12:01] [326/326] BGTC
[17:12:02] ✅ DONE | Shows=2159 | Movies=94
[18:06:37] 🚀 BMS DAILY TRACKER STARTED (enhanced anti‑detection)
[18:06:37] [1/326] BSAT
[18:06:37] 🧠 New identity created
[18:06:38] [2/326] RSSM
[18:06:39] [3/326] GCTA
[18:06:40] [4/326] TOPN
[18:06:41] [5/326] MCUS
[18:06:42] [6/326] SHRL
[18:06:43] [7/326] UPTP
[18:06:44] [8/326] TMMP
[18:06:44] [9/326] DNRP
[18:06:45] [10/326] SRLT
[18:06:46] 🔄 Identity reset
[18:06:46] 🔄 Identity rotated (every 10 requests)
[18:06:46] [11/326] RCNS
[18:06:47] [12/326] DCBH
[18:06:48] [13/326] NAGJ
[18:06:49] [14/326] JVRC
[18:06:50] [15/326] KRJG
[18:06:51] [16/326] SRTJ
[18:06:52] [17/326] CMXM
[18:06:53] [18/326] STMI
[18:06:54] [19/326] SLST
[18:06:56] [20/326] DTCN
[18:06:56] 🔄 Identity reset
[18:06:56] 🔄 Identity rotated (every 10 requests)
[18:06:56] [21/326] STYN
[18:06:58] [22/326] SZVR
[18:06:59] [23/326] SRKO
[18:07:00] [24/326] JTGT
[18:07:01] [25/326] SVFD
[18:07:02] [26/326] SISD
[18:07:03] [27/326] ABDD
[18:07:04] [28/326] DRCA
[18:07:05] [29/326] AVCS
[18:07:07] [30/326] MVKH
[18:07:08] 🔄 Identity reset
[18:07:08] 🔄 Identity rotated (every 10 requests)
[18:07:08] [31/326] ACPR
[18:07:09] [32/326] STIP
[18:07:10] [33/326] MTRA
[18:07:11] [34/326] RMKH
[18:07:12] [35/326] NKRL
[18:07:13] [36/326] PCWN
[18:07:14] [37/326] BLMT
[18:07:15] [38/326] GDPG
[18:07:15] [39/326] SRMX
[18:07:16] [40/326] JACP
[18:07:17] 🔄 Identity reset
[18:07:17] 🔄 Identity rotated (every 10 requests)
[18:07:17] [41/326] CPSH
[18:07:18] [42/326] MCCD
[18:07:19] [43/326] ECGH
[18:07:20] [44/326] MKCK
[18:07:21] [45/326] SRMM
[18:07:22] [46/326] SKYR
[18:07:23] [47/326] PCKC
[18:07:23] [48/326] JCMA
[18:07:24] [49/326] BSMP
[18:07:25] [50/326] VSPA
[18:07:26] 🔄 Identity reset
[18:07:26] 🔄 Identity rotated (every 10 requests)
[18:07:26] [51/326] DJYA
[18:07:27] [52/326] DIMP
[18:07:28] [53/326] FXDR
[18:07:29] [54/326] SSRC
[18:07:30] [55/326] STHP
[18:07:30] [56/326] CPPD
[18:07:31] [57/326] FCLK
[18:07:32] [58/326] SCPP
[18:07:33] [59/326] DCMJ
[18:07:34] [60/326] RCCR
[18:07:35] 🔄 Identity reset
[18:07:35] 🔄 Identity rotated (every 10 requests)
[18:07:35] [61/326] INMT
[18:07:36] [62/326] LXTK
[18:07:38] [63/326] SRYK
[18:07:38] [64/326] SGDK
[18:07:39] [65/326] PPKA
[18:07:40] [66/326] SPKA
[18:07:41] [67/326] CGHH
[18:07:42] [68/326] DCJN
[18:07:43] [69/326] SRKV
[18:07:44] [70/326] SAJC
[18:07:44] 🔄 Identity reset
[18:07:44] 🔄 Identity rotated (every 10 requests)
[18:07:44] [71/326] SUSR
[18:07:45] [72/326] STYG
[18:07:46] [73/326] NTKP
[18:07:47] [74/326] AKTG
[18:07:48] [75/326] CGCM
[18:07:49] [76/326] TULC
[18:07:50] [77/326] NYYZ
[18:07:51] [78/326] NYBW
[18:07:52] [79/326] MACB
[18:07:53] [80/326] SLVT
[18:07:54] 🔄 Identity reset
[18:07:54] 🔄 Identity rotated (every 10 requests)
[18:07:54] [81/326] SANA
[18:07:55] [82/326] ACMR
[18:07:56] [83/326] CPKN
[18:07:57] [84/326] DLGK
[18:07:57] [85/326] CWCK
[18:07:58] [86/326] FDDH
[18:07:59] [87/326] MMMD
[18:08:00] [88/326] CMEH
[18:08:01] [89/326] GGGV
[18:08:03] [90/326] SPJL
[18:08:03] 🔄 Identity reset
[18:08:03] 🔄 Identity rotated (every 10 requests)
[18:08:04] [91/326] RCCD
[18:08:04] [92/326] STTZ
[18:08:05] [93/326] BTCF
[18:08:06] [94/326] TSTZ
[18:08:07] [95/326] IPMM
[18:08:08] [96/326] PMPW
[18:08:09] [97/326] PCMZ
[18:08:10] [98/326] ESEM
[18:08:11] [99/326] PIPO
[18:08:11] [100/326] MATK
[18:08:12] 🔄 Identity reset
[18:08:12] 🔄 Identity rotated (every 10 requests)
[18:08:12] [101/326] PGHM
[18:08:13] [102/326] CTSR
[18:08:14] [103/326] CYKR
[18:08:15] [104/326] MSCM
[18:08:16] [105/326] RFNP
[18:08:17] [106/326] PDCP
[18:08:18] [107/326] NPSE
[18:08:19] [108/326] MKML
[18:08:19] [109/326] FTDP
[18:08:20] [110/326] MMXA
[18:08:21] 🔄 Identity reset
[18:08:21] 🔄 Identity rotated (every 10 requests)
[18:08:21] [111/326] CEPO
[18:08:22] [112/326] CMVP
[18:08:23] [113/326] SGTH
[18:08:25] [114/326] SAYN
[18:08:26] [115/326] URVS
[18:08:28] [116/326] VJTN
[18:08:28] [117/326] BBYK
[18:08:29] [118/326] SHBO
[18:08:30] [119/326] VCMR
[18:08:31] [120/326] MACT
[18:08:32] 🔄 Identity reset
[18:08:32] 🔄 Identity rotated (every 10 requests)
[18:08:32] [121/326] JMNP
[18:08:34] [122/326] VICS
[18:08:35] [123/326] VCDA
[18:08:36] [124/326] GCMM
[18:08:37] [125/326] INVS
[18:08:38] [126/326] SCGM
[18:08:39] [127/326] PCDA
[18:08:40] [128/326] KDCT
[18:08:41] [129/326] JACS
[18:08:42] [130/326] GMMC
[18:08:43] 🔄 Identity reset
[18:08:43] 🔄 Identity rotated (every 10 requests)
[18:08:43] [131/326] AICM
[18:08:44] [132/326] TJCM
[18:08:45] [133/326] RMTI
[18:08:46] [134/326] SHAC
[18:08:46] [135/326] APJC
[18:08:47] [136/326] GCTG
[18:08:48] [137/326] SSMC
[18:08:49] [138/326] THRM
[18:08:50] [139/326] RBCT
[18:08:51] [140/326] DIKT
[18:08:51] 🔄 Identity reset
[18:08:51] 🔄 Identity rotated (every 10 requests)
[18:08:52] [141/326] MIDL
[18:08:53] [142/326] VCSN
[18:08:54] [143/326] SKTG
[18:08:55] [144/326] SMWC
[18:08:56] [145/326] MNKH
[18:08:57] [146/326] PIAT
[18:08:58] [147/326] LTTP
[18:08:59] [148/326] PTPU
[18:09:00] [149/326] ACMG
[18:09:01] [150/326] SHMM
[18:09:01] 🔄 Identity reset
[18:09:01] 🔄 Identity rotated (every 10 requests)
[18:09:02] [151/326] MCMN
[18:09:03] [152/326] GLDC
[18:09:03] [153/326] HOUT
[18:09:04] [154/326] SVRP
[18:09:06] [155/326] PVDN
[18:09:07] [156/326] SCPY
[18:09:08] [157/326] DTPY
[18:09:09] [158/326] GKCS
[18:09:10] [159/326] NCAM
[18:09:11] [160/326] BSRM
[18:09:12] 🔄 Identity reset
[18:09:12] 🔄 Identity rotated (every 10 requests)
[18:09:12] [161/326] RCLC
[18:09:13] [162/326] SKKD
[18:09:14] [163/326] ACHU
[18:09:15] [164/326] RSCF
[18:09:16] [165/326] IMSH
[18:09:17] [166/326] MACX
[18:09:18] [167/326] HMMW
[18:09:19] [168/326] JTCP
[18:09:20] [169/326] SREN
[18:09:21] [170/326] PJRR
[18:09:22] 🔄 Identity reset
[18:09:22] 🔄 Identity rotated (every 10 requests)
[18:09:22] [171/326] INAC
[18:09:23] [172/326] BMCA
[18:09:24] [173/326] SHCB
[18:09:25] [174/326] GABA
[18:09:26] [175/326] SBCT
[18:09:27] [176/326] GCMA
[18:09:28] [177/326] MYTK
[18:09:29] [178/326] INZS
[18:09:30] [179/326] RMIK
[18:09:31] [180/326] NYCH
[18:09:31] 🔄 Identity reset
[18:09:31] 🔄 Identity rotated (every 10 requests)
[18:09:32] [181/326] RAVE
[18:09:33] [182/326] PSXM
[18:09:34] [183/326] MCGP
[18:09:34] [184/326] PDDK
[18:09:36] [185/326] SPCK
[18:09:37] [186/326] MCRL
[18:09:38] [187/326] MHKT
[18:09:39] [188/326] ANRR
[18:09:40] [189/326] SAPK
[18:09:40] [190/326] NCUK
[18:09:41] 🔄 Identity reset
[18:09:41] 🔄 Identity rotated (every 10 requests)
[18:09:41] [191/326] JUGA
[18:09:42] [192/326] DBSC
[18:09:43] [193/326] LALK
[18:09:44] [194/326] GUCK
[18:09:45] [195/326] STSG
[18:09:46] [196/326] PPPZ
[18:09:47] [197/326] CNCY
[18:09:48] [198/326] MTAR
[18:09:48] [199/326] VNKD
[18:09:49] [200/326] KMAJ
[18:09:50] 🔄 Identity reset
[18:09:50] 🔄 Identity rotated (every 10 requests)
[18:09:50] [201/326] ACXK
[18:09:52] [202/326] UTKC
[18:09:52] [203/326] PBLK
[18:09:53] [204/326] ACBX
[18:09:54] [205/326] PTGM
[18:09:55] [206/326] BTDA
[18:09:56] [207/326] PJMB
[18:09:57] [208/326] TPDA
[18:09:58] [209/326] AMOE
[18:09:59] [210/326] PRHT
[18:09:59] 🔄 Identity reset
[18:09:59] 🔄 Identity rotated (every 10 requests)
[18:09:59] [211/326] PRTA
[18:10:00] [212/326] STAM
[18:10:01] [213/326] MSAA
[18:10:02] [214/326] SDLU
[18:10:03] [215/326] RCHH
[18:10:04] [216/326] KANT
[18:10:05] [217/326] FCRT
[18:10:06] [218/326] DNKM
[18:10:07] [219/326] RYCP
[18:10:08] [220/326] MYRP
[18:10:09] 🔄 Identity reset
[18:10:09] 🔄 Identity rotated (every 10 requests)
[18:10:09] [221/326] PPAK
[18:10:10] [222/326] NVPK
[18:10:12] [223/326] PRMC
[18:10:13] [224/326] JBCS
[18:10:14] [225/326] GXCK
[18:10:15] [226/326] USKO
[18:10:16] [227/326] GTEM
[18:10:18] [228/326] SMBU
[18:10:19] [229/326] VETC
[18:10:19] [230/326] LCDA
[18:10:20] 🔄 Identity reset
[18:10:20] 🔄 Identity rotated (every 10 requests)
[18:10:20] [231/326] MTVT
[18:10:21] [232/326] PYCP
[18:10:22] [233/326] PNSC
[18:10:23] [234/326] PPCC
[18:10:24] [235/326] TGRT
[18:10:25] [236/326] JYOT
[18:10:26] [237/326] SRCZ
[18:10:26] [238/326] SJTE
[18:10:27] [239/326] DESC
[18:10:29] [240/326] JHVN
[18:10:30] 🔄 Identity reset
[18:10:30] 🔄 Identity rotated (every 10 requests)
[18:10:30] [241/326] IPSG
[18:10:31] [242/326] IPCM
[18:10:32] [243/326] PDRS
[18:10:32] [244/326] ANCV
[18:10:34] [245/326] CMVV
[18:10:35] [246/326] SHYP
[18:10:36] [247/326] DNCS
[18:10:37] [248/326] GAJK
[18:10:38] [249/326] AKTN
[18:10:38] [250/326] KAYA
[18:10:39] 🔄 Identity reset
[18:10:39] 🔄 Identity rotated (every 10 requests)
[18:10:39] [251/326] SBRC
[18:10:41] [252/326] CHTP
[18:10:42] [253/326] SHRT
[18:10:43] [254/326] BCKU
[18:10:44] [255/326] FCPS
[18:10:45] [256/326] ARDD
[18:10:45] [257/326] CPCM
[18:10:46] [258/326] CGSM
[18:10:47] [259/326] PSMP
[18:10:48] [260/326] SDAL
[18:10:49] 🔄 Identity reset
[18:10:49] 🔄 Identity rotated (every 10 requests)
[18:10:49] [261/326] RTNB
[18:10:50] [262/326] LMCR
[18:10:51] [263/326] CIMA
[18:10:53] [264/326] RNAS
[18:10:54] [265/326] LITH
[18:10:54] [266/326] PBOX
[18:10:55] [267/326] FRTS
[18:10:56] [268/326] RKIC
[18:10:57] [269/326] PTAI
[18:10:58] [270/326] GCIC
[18:10:59] 🔄 Identity reset
[18:10:59] 🔄 Identity rotated (every 10 requests)
[18:10:59] [271/326] FNAS
[18:11:01] [272/326] SCAR
[18:11:02] [273/326] MTCA
[18:11:03] [274/326] SCTS
[18:11:04] [275/326] SYCS
[18:11:05] [276/326] RDMS
[18:11:06] [277/326] KAMP
[18:11:07] [278/326] ERSD
[18:11:08] [279/326] MJMJ
[18:11:09] [280/326] SRCJ
[18:11:09] 🔄 Identity reset
[18:11:09] 🔄 Identity rotated (every 10 requests)
[18:11:09] [281/326] SCXE
[18:11:11] [282/326] SVFR
[18:11:12] [283/326] BHCS
[18:11:13] [284/326] IMCC
[18:11:14] [285/326] PCBO
[18:11:15] [286/326] PRVN
[18:11:16] [287/326] AUPM
[18:11:17] [288/326] INBW
[18:11:18] [289/326] SVCW
[18:11:19] [290/326] RKCF
[18:11:20] 🔄 Identity reset
[18:11:20] 🔄 Identity rotated (every 10 requests)
[18:11:20] [291/326] UVBH
[18:11:21] [292/326] DNCY
[18:11:22] [293/326] ABCN
[18:11:23] [294/326] PRUR
[18:11:24] [295/326] PFMR
[18:11:25] [296/326] RKCN
[18:11:26] [297/326] CFEA
[18:11:27] [298/326] SDBG
[18:11:28] [299/326] SNAR
[18:11:29] [300/326] YISI
[18:11:30] 🔄 Identity reset
[18:11:30] 🔄 Identity rotated (every 10 requests)
[18:11:30] [301/326] JCFF
[18:11:31] [302/326] VTRK
[18:11:32] [303/326] PCLZ
[18:11:34] [304/326] DIMY
[18:11:35] [305/326] BBTS
[18:11:36] [306/326] GATH
[18:11:37] [307/326] GTMN
[18:11:38] [308/326] VTMH
[18:11:39] [309/326] CCKP
[18:11:40] [310/326] GPKA
[18:11:40] 🔄 Identity reset
[18:11:40] 🔄 Identity rotated (every 10 requests)
[18:11:41] [311/326] MHCL
[18:11:41] [312/326] ATCL
[18:11:42] [313/326] SBCK
[18:11:44] [314/326] AMMR
[18:11:45] [315/326] MADC
[18:11:46] [316/326] TMMA
[18:11:46] [317/326] CACC
[18:11:47] [318/326] CHAL
[18:11:48] [319/326] DURG
[18:11:49] [320/326] GMKU
[18:11:50] 🔄 Identity reset
[18:11:50] 🔄 Identity rotated (every 10 requests)
[18:11:50] [321/326] GECA
[18:11:51] [322/326] KYRR
[18:11:52] [323/326] KSDE
[18:11:53] [324/326] LMCI
[18:11:54] [325/326] NKCP
[18:11:55] [326/326] BGTC
[18:11:56] ✅ DONE | Shows=2362 | Movies=94
