[09:48:22] 🚀 SCRIPT STARTED (enhanced anti‑detection)
[09:48:22] [1/455] MXGN
[09:48:22] 🧠 New identity created
[09:48:23] [2/455] PGGM
[09:48:24] [3/455] IPMJ
[09:48:25] [4/455] M2PP
[09:48:26] [5/455] PMMS
[09:48:27] [6/455] SCJN
[09:48:28] [7/455] CPUM
[09:48:28] [8/455] SCND
[09:48:29] [9/455] INWM
[09:48:30] [10/455] DVDC
[09:48:31] 🔄 Identity reset
[09:48:31] 🔄 Identity rotated (every 10 requests)
[09:48:31] 🔄 Retry 1/5 for DVDC in 2.7s
[09:48:31] 🔄 Identity reset
[09:48:34] 🧠 New identity created
[09:48:35] [11/455] WVND
[09:48:36] [12/455] LBDL
[09:48:37] [13/455] CRGM
[09:48:37] [14/455] PVKS
[09:48:38] [15/455] PBLL
[09:48:39] [16/455] FNLN
[09:48:40] [17/455] PPDA
[09:48:41] [18/455] SCPT
[09:48:42] [19/455] IAJS
[09:48:42] 🔄 Identity reset
[09:48:42] 🔄 Identity rotated (every 10 requests)
[09:48:43] [20/455] MMZG
[09:48:43] [21/455] MCTI
[09:48:44] [22/455] PPMF
[09:48:45] [23/455] FNSD
[09:48:46] [24/455] M2RH
[09:48:47] [25/455] CPGV
[09:48:47] [26/455] PECD
[09:48:48] [27/455] CTEE
[09:48:49] [28/455] IOMG
[09:48:50] [29/455] CIJA
[09:48:51] 🔄 Identity reset
[09:48:51] 🔄 Identity rotated (every 10 requests)
[09:48:51] 🔄 Retry 1/5 for CIJA in 2.6s
[09:48:51] 🔄 Identity reset
[09:48:53] 🧠 New identity created
[09:48:54] [30/455] NYCG
[09:48:54] [31/455] CEST
[09:48:55] [32/455] WVRG
[09:48:56] [33/455] DPDC
[09:48:57] [34/455] PDIV
[09:48:58] [35/455] MTPP
[09:48:59] [36/455] MHNU
[09:49:00] [37/455] WUPG
[09:49:01] [38/455] USCO
[09:49:01] 🔄 Identity reset
[09:49:01] 🔄 Identity rotated (every 10 requests)
[09:49:03] [39/455] INFR
[09:49:03] [40/455] PVPD
[09:49:05] [41/455] RONC
[09:49:07] [42/455] IOCP
[09:49:07] [43/455] EMPS
[09:49:08] [44/455] PNAD
[09:49:09] [45/455] VVGZ
[09:49:10] [46/455] MDDC
[09:49:11] [47/455] MMAP
[09:49:12] [48/455] GPDC
[09:49:13] 🔄 Identity reset
[09:49:13] 🔄 Identity rotated (every 10 requests)
[09:49:13] [49/455] PVPU
[09:49:14] [50/455] DCMV
[09:49:15] [51/455] PCCF
[09:49:16] [52/455] MCEF
[09:49:17] [53/455] INRD
[09:49:18] [54/455] CCPZ
[09:49:18] [55/455] BCWG
[09:49:19] [56/455] PMGU
[09:49:21] [57/455] MCVM
[09:49:22] [58/455] MCDE
[09:49:22] 🔄 Identity reset
[09:49:22] 🔄 Identity rotated (every 10 requests)
[09:49:22] 🔄 Retry 1/5 for MCDE in 2.3s
[09:49:22] 🔄 Identity reset
[09:49:25] 🧠 New identity created
[09:49:25] [59/455] IEFM
[09:49:26] [60/455] MXCS
[09:49:27] [61/455] RNMT
[09:49:28] [62/455] PSDD
[09:49:29] [63/455] PETA
[09:49:30] [64/455] IZOP
[09:49:31] [65/455] PDEI
[09:49:32] [66/455] MTND
[09:49:32] [67/455] PCPL
[09:49:33] 🔄 Identity reset
[09:49:33] 🔄 Identity rotated (every 10 requests)
[09:49:33] 🔄 Retry 1/5 for PCPL in 3.0s
[09:49:33] 🔄 Identity reset
[09:49:36] 🧠 New identity created
[09:49:36] [68/455] LSCM
[09:49:37] [69/455] BTFD
[09:49:38] [70/455] MERM
[09:49:39] [71/455] PVMS
[09:49:40] [72/455] CIGK
[09:49:41] [73/455] INSG
[09:49:42] [74/455] IDEN
[09:49:42] [75/455] MCGN
[09:49:43] [76/455] IGAM
[09:49:44] 🔄 Identity reset
[09:49:44] 🔄 Identity rotated (every 10 requests)
[09:49:44] [77/455] SLCU
[09:49:45] [78/455] MIMU
[09:49:46] [79/455] QLAC
[09:49:47] [80/455] MENL
[09:49:48] [81/455] SCUR
[09:49:49] [82/455] MDGD
[09:49:51] [83/455] LSRS
[09:49:52] [84/455] KMLG
[09:49:52] [85/455] MKLJ
[09:49:53] [86/455] IBYG
[09:49:54] 🔄 Identity reset
[09:49:54] 🔄 Identity rotated (every 10 requests)
[09:49:54] [87/455] ISML
[09:49:55] [88/455] MJMM
[09:49:56] [89/455] RCGD
[09:49:57] [90/455] MMOC
[09:49:58] [91/455] RRCO
[09:49:59] [92/455] MEDM
[09:49:59] [93/455] MCAZ
[09:50:00] [94/455] STWA
[09:50:01] [95/455] PFFG
[09:50:02] [96/455] GAGC
[09:50:02] 🔄 Identity reset
[09:50:02] 🔄 Identity rotated (every 10 requests)
[09:50:03] [97/455] PMPM
[09:50:04] [98/455] HVCD
[09:50:05] [99/455] AKRF
[09:50:06] [100/455] AKRC
[09:50:07] [101/455] MIDA
[09:50:08] [102/455] MAGX
[09:50:09] [103/455] ESOS
[09:50:10] [104/455] BBCL
[09:50:11] [105/455] LYAS
[09:50:12] [106/455] NRMS
[09:50:12] 🔄 Identity reset
[09:50:12] 🔄 Identity rotated (every 10 requests)
[09:50:13] 🔄 Retry 1/5 for NRMS in 2.5s
[09:50:13] 🔄 Identity reset
[09:50:15] 🧠 New identity created
[09:50:15] [107/455] BHUC
[09:50:17] [108/455] SRIC
[09:50:17] [109/455] PDME
[09:50:18] [110/455] MJCS
[09:50:19] [111/455] NRAA
[09:50:20] [112/455] VATA
[09:50:21] [113/455] MNKC
[09:50:22] [114/455] DHCL
[09:50:23] [115/455] JCPC
[09:50:24] 🔄 Identity reset
[09:50:24] 🔄 Identity rotated (every 10 requests)
[09:50:24] [116/455] CTML
[09:50:25] [117/455] RMMR
[09:50:26] [118/455] STTL
[09:50:27] [119/455] CNPS
[09:50:28] [120/455] ACKL
[09:50:29] [121/455] SCAU
[09:50:30] [122/455] RMIA
[09:50:32] [123/455] MANU
[09:50:33] [124/455] ARDC
[09:50:34] [125/455] GLDA
[09:50:34] 🔄 Identity reset
[09:50:34] 🔄 Identity rotated (every 10 requests)
[09:50:35] [126/455] KVSW
[09:50:35] [127/455] CGCA
[09:50:36] [128/455] CMLO
[09:50:37] [129/455] CECB
[09:50:38] [130/455] RCPN
[09:50:39] [131/455] ASMW
[09:50:40] [132/455] PWLM
[09:50:40] [133/455] ASGM
[09:50:41] [134/455] ACWH
[09:50:42] [135/455] AAPW
[09:50:43] 🔄 Identity reset
[09:50:43] 🔄 Identity rotated (every 10 requests)
[09:50:43] [136/455] RTWA
[09:50:44] [137/455] RAMW
[09:50:45] [138/455] VKTR
[09:50:46] [139/455] SMBH
[09:50:47] [140/455] BVDR
[09:50:49] [141/455] MRTP
[09:50:49] [142/455] BLBR
[09:50:50] [143/455] LPIN
[09:50:51] [144/455] SNPC
[09:50:52] [145/455] PDCB
[09:50:53] 🔄 Identity reset
[09:50:53] 🔄 Identity rotated (every 10 requests)
[09:50:53] [146/455] DYPK
[09:50:54] [147/455] INMK
[09:50:55] [148/455] PDCK
[09:50:55] [149/455] PCKR
[09:50:56] [150/455] SHUA
[09:50:57] [151/455] SCVK
[09:50:58] [152/455] STPA
[09:50:59] [153/455] WVHD
[09:51:00] [154/455] MRCH
[09:51:00] [155/455] MCNP
[09:51:01] 🔄 Identity reset
[09:51:01] 🔄 Identity rotated (every 10 requests)
[09:51:01] [156/455] RCAG
[09:51:03] [157/455] JTSN
[09:51:03] [158/455] AANS
[09:51:04] [159/455] GDDR
[09:51:05] [160/455] SRER
[09:51:06] [161/455] JKMA
[09:51:07] [162/455] ARAN
[09:51:08] [163/455] ALCT
[09:51:08] [164/455] CCTA
[09:51:09] [165/455] CNCT
[09:51:10] 🔄 Identity reset
[09:51:10] 🔄 Identity rotated (every 10 requests)
[09:51:10] 🔄 Retry 1/5 for CNCT in 2.2s
[09:51:10] 🔄 Identity reset
[09:51:12] 🧠 New identity created
[09:51:13] [166/455] NZBL
[09:51:14] [167/455] SRRA
[09:51:15] [168/455] SVPW
[09:51:16] [169/455] SRTW
[09:51:17] [170/455] XMTD
[09:51:18] [171/455] SCCZ
[09:51:18] [172/455] PBCR
[09:51:19] [173/455] RTSC
[09:51:20] [174/455] TLSV
[09:51:21] 🔄 Identity reset
[09:51:21] 🔄 Identity rotated (every 10 requests)
[09:51:21] [175/455] RMTK
[09:51:23] [176/455] SRAT
[09:51:24] [177/455] GCYC
[09:51:25] [178/455] HCAJ
[09:51:26] [179/455] LCXA
[09:51:28] [180/455] BINT
[09:51:29] [181/455] IXIM
[09:51:30] [182/455] MBCR
[09:51:31] [183/455] BMCJ
[09:51:32] [184/455] NICJ
[09:51:33] 🔄 Identity reset
[09:51:33] 🔄 Identity rotated (every 10 requests)
[09:51:33] [185/455] SCAJ
[09:51:34] [186/455] CMXS
[09:51:35] [187/455] MMSR
[09:51:35] [188/455] PRKT
[09:51:36] [189/455] LPTH
[09:51:38] [190/455] SARP
[09:51:39] [191/455] MNPP
[09:51:40] [192/455] PRLR
[09:51:40] [193/455] RCMW
[09:51:41] [194/455] FCMG
[09:51:42] 🔄 Identity reset
[09:51:42] 🔄 Identity rotated (every 10 requests)
[09:51:43] [195/455] RTNK
[09:51:44] [196/455] LRCP
[09:51:45] [197/455] DBJR
[09:51:45] [198/455] CACN
[09:51:46] [199/455] AMRL
[09:51:48] [200/455] SBBC
[09:51:49] [201/455] VENN
[09:51:49] [202/455] STSS
[09:51:50] [203/455] SMRB
[09:51:51] [204/455] CCMX
[09:51:52] 🔄 Identity reset
[09:51:52] 🔄 Identity rotated (every 10 requests)
[09:51:52] [205/455] KCMR
[09:51:53] [206/455] SALH
[09:51:54] [207/455] CGTT
[09:51:55] [208/455] PMDR
[09:51:56] [209/455] VCPM
[09:51:57] [210/455] RZMX
[09:51:58] [211/455] TMSY
[09:51:59] [212/455] NTMS
[09:52:00] [213/455] VTAG
[09:52:01] [214/455] REMA
[09:52:01] 🔄 Identity reset
[09:52:01] 🔄 Identity rotated (every 10 requests)
[09:52:01] [215/455] NXCC
[09:52:02] [216/455] SKYM
[09:52:03] [217/455] CCMO
[09:52:04] [218/455] DMXM
[09:52:05] [219/455] SPPM
[09:52:06] [220/455] PTKL
[09:52:07] [221/455] SLVO
[09:52:07] [222/455] VASL
[09:52:08] [223/455] CBCM
[09:52:09] [224/455] STMA
[09:52:10] 🔄 Identity reset
[09:52:10] 🔄 Identity rotated (every 10 requests)
[09:52:11] [225/455] LASK
[09:52:11] [226/455] VITE
[09:52:12] [227/455] AAST
[09:52:13] [228/455] JTPT
[09:52:14] [229/455] RRSH
[09:52:15] [230/455] CINL
[09:52:16] [231/455] MCSR
[09:52:17] [232/455] SBCF
[09:52:18] [233/455] GCDU
[09:52:19] [234/455] PSPR
[09:52:19] 🔄 Identity reset
[09:52:19] 🔄 Identity rotated (every 10 requests)
[09:52:20] [235/455] IMMO
[09:52:21] [236/455] CLGM
[09:52:22] [237/455] PBMM
[09:52:23] [238/455] CEHR
[09:52:24] [239/455] CPOE
[09:52:24] [240/455] PGFD
[09:52:25] [241/455] PSLC
[09:52:26] [242/455] MSMD
[09:52:27] [243/455] FMFB
[09:52:28] [244/455] RKCL
[09:52:29] 🔄 Identity reset
[09:52:29] 🔄 Identity rotated (every 10 requests)
[09:52:29] 🔄 Retry 1/5 for RKCL in 2.6s
[09:52:29] 🔄 Identity reset
[09:52:31] 🧠 New identity created
[09:52:32] [245/455] PMMC
[09:52:33] [246/455] SKMM
[09:52:34] [247/455] VOIB
[09:52:35] [248/455] KINO
[09:52:35] [249/455] VCTP
[09:52:36] [250/455] PDWR
[09:52:37] [251/455] SAED
[09:52:38] [252/455] SRRT
[09:52:39] [253/455] CVLG
[09:52:40] 🔄 Identity reset
[09:52:40] 🔄 Identity rotated (every 10 requests)
[09:52:41] [254/455] SNGN
[09:52:41] [255/455] SIDA
[09:52:42] [256/455] IMCB
[09:52:43] [257/455] SMHP
[09:52:44] [258/455] GDTY
[09:52:45] [259/455] VYCH
[09:52:47] [260/455] PDYA
[09:52:48] [261/455] RKDO
[09:52:49] [262/455] VECG
[09:52:50] [263/455] NFGD
[09:52:50] 🔄 Identity reset
[09:52:50] 🔄 Identity rotated (every 10 requests)
[09:52:50] [264/455] SNDC
[09:52:51] [265/455] SDJH
[09:52:52] [266/455] HASV
[09:52:53] [267/455] PTYK
[09:52:54] [268/455] MUTB
[09:52:55] [269/455] AMRT
[09:52:56] [270/455] VACD
[09:52:56] [271/455] SKDD
[09:52:57] [272/455] STGR
[09:52:58] [273/455] GDAK
[09:52:59] 🔄 Identity reset
[09:52:59] 🔄 Identity rotated (every 10 requests)
[09:52:59] 🔄 Retry 1/5 for GDAK in 2.9s
[09:52:59] 🔄 Identity reset
[09:53:02] 🧠 New identity created
[09:53:02] [274/455] SKHK
[09:53:03] [275/455] SLND
[09:53:04] [276/455] APAP
[09:53:05] [277/455] AYYA
[09:53:06] [278/455] VCCZ
[09:53:07] [279/455] MEML
[09:53:07] [280/455] MAOU
[09:53:08] [281/455] ESND
[09:53:09] [282/455] PTBZ
[09:53:09] 🔄 Identity reset
[09:53:09] 🔄 Identity rotated (every 10 requests)
[09:53:10] [283/455] LBCN
[09:53:10] [284/455] PAWA
[09:53:11] [285/455] ZEIC
[09:53:12] [286/455] CGMM
[09:53:13] [287/455] PJPM
[09:53:14] [288/455] ECMR
[09:53:15] [289/455] SHMZ
[09:53:16] [290/455] STCA
[09:53:17] [291/455] VDRC
[09:53:18] [292/455] SEEM
[09:53:18] 🔄 Identity reset
[09:53:18] 🔄 Identity rotated (every 10 requests)
[09:53:18] [293/455] MKNS
[09:53:19] [294/455] KPPP
[09:53:20] [295/455] CCML
[09:53:21] [296/455] CIBA
[09:53:22] [297/455] NACS
[09:53:23] [298/455] CTMK
[09:53:25] [299/455] CTCT
[09:53:26] [300/455] MCSN
[09:53:27] [301/455] MAXX
[09:53:27] [302/455] MECB
[09:53:28] 🔄 Identity reset
[09:53:28] 🔄 Identity rotated (every 10 requests)
[09:53:28] [303/455] NTBY
[09:53:29] [304/455] UTBI
[09:53:30] [305/455] RADK
[09:53:31] [306/455] STBY
[09:53:32] [307/455] GTBY
[09:53:33] [308/455] RRMB
[09:53:33] [309/455] ABRN
[09:53:34] [310/455] GTSG
[09:53:35] [311/455] GBTG
[09:53:36] [312/455] SBGS
[09:53:37] 🔄 Identity reset
[09:53:37] 🔄 Identity rotated (every 10 requests)
[09:53:37] [313/455] KBPM
[09:53:38] [314/455] SMHT
[09:53:38] [315/455] VTDM
[09:53:39] [316/455] ASCT
[09:53:40] [317/455] AWCT
[09:53:41] [318/455] DCCU
[09:53:42] [319/455] PSCE
[09:53:43] [320/455] KSNY
[09:53:44] [321/455] ACID
[09:53:45] [322/455] LVCD
[09:53:45] 🔄 Identity reset
[09:53:45] 🔄 Identity rotated (every 10 requests)
[09:53:46] [323/455] KSSB
[09:53:46] [324/455] SWTD
[09:53:47] [325/455] RBMR
[09:53:48] [326/455] SCBC
[09:53:49] [327/455] RKME
[09:53:50] [328/455] GALX
[09:53:51] [329/455] GCCH
[09:53:52] [330/455] RATR
[09:53:52] [331/455] GTGA
[09:53:53] [332/455] LTTR
[09:53:54] 🔄 Identity reset
[09:53:54] 🔄 Identity rotated (every 10 requests)
[09:53:55] [333/455] TTAA
[09:53:56] [334/455] TVHP
[09:53:56] [335/455] KVCS
[09:53:57] [336/455] CBMC
[09:53:58] [337/455] MAYJ
[09:53:59] [338/455] INPR
[09:54:00] [339/455] RSSC
[09:54:01] [340/455] PCAN
[09:54:02] [341/455] PVHR
[09:54:03] [342/455] AGSM
[09:54:03] 🔄 Identity reset
[09:54:03] 🔄 Identity rotated (every 10 requests)
[09:54:03] [343/455] PVES
[09:54:04] [344/455] INTO
[09:54:05] [345/455] ACON
[09:54:06] [346/455] PVPZ
[09:54:07] [347/455] PVHC
[09:54:08] [348/455] KSTK
[09:54:09] [349/455] PVSR
[09:54:10] [350/455] ACTN
[09:54:11] [351/455] FMCN
[09:54:11] [352/455] PABC
[09:54:12] 🔄 Identity reset
[09:54:12] 🔄 Identity rotated (every 10 requests)
[09:54:12] 🔄 Retry 1/5 for PABC in 2.3s
[09:54:12] 🔄 Identity reset
[09:54:14] 🧠 New identity created
[09:54:15] [353/455] SUTC
[09:54:16] [354/455] PGMV
[09:54:17] [355/455] GKCP
[09:54:17] [356/455] INCH
[09:54:18] [357/455] MLMT
[09:54:19] [358/455] SSCC
[09:54:21] [359/455] SLMP
[09:54:22] [360/455] VVTN
[09:54:22] [361/455] SBTR
[09:54:23] 🔄 Identity reset
[09:54:23] 🔄 Identity rotated (every 10 requests)
[09:54:24] [362/455] PGRA
[09:54:25] [363/455] PBRM
[09:54:26] [364/455] GCRP
[09:54:27] [365/455] MCSK
[09:54:27] [366/455] NLTC
[09:54:28] [367/455] MTLM
[09:54:29] [368/455] VECT
[09:54:31] [369/455] KMRM
[09:54:32] [370/455] RACM
[09:54:33] [371/455] WSTC
[09:54:33] 🔄 Identity reset
[09:54:33] 🔄 Identity rotated (every 10 requests)
[09:54:33] 🔄 Retry 1/5 for WSTC in 2.2s
[09:54:33] 🔄 Identity reset
[09:54:35] 🧠 New identity created
[09:54:36] [372/455] PVTJ
[09:54:37] [373/455] MMKC
[09:54:38] [374/455] SVWT
[09:54:38] [375/455] JOTG
[09:54:40] [376/455] VCDK
[09:54:41] [377/455] ANAC
[09:54:42] [378/455] GRTC
[09:54:43] [379/455] JTPL
[09:54:44] [380/455] VRCP
[09:54:44] 🔄 Identity reset
[09:54:44] 🔄 Identity rotated (every 10 requests)
[09:54:45] [381/455] REMC
[09:54:45] [382/455] ATMG
[09:54:46] [383/455] GAHC
[09:54:47] [384/455] JTMV
[09:54:48] [385/455] OMTT
[09:54:49] [386/455] GKKC
[09:54:49] [387/455] BBPO
[09:54:50] [388/455] ZCBB
[09:54:51] [389/455] DCGO
[09:54:52] [390/455] STOP
[09:54:52] 🔄 Identity reset
[09:54:53] 🔄 Identity rotated (every 10 requests)
[09:54:53] [391/455] BSPC
[09:54:54] [392/455] SOND
[09:54:55] [393/455] GCKG
[09:54:56] [394/455] PCDB
[09:54:57] [395/455] PGRC
[09:54:57] [396/455] CSCT
[09:54:58] [397/455] STDA
[09:54:59] [398/455] JAYD
[09:55:00] [399/455] PPPD
[09:55:01] [400/455] KRTT
[09:55:01] 🔄 Identity reset
[09:55:01] 🔄 Identity rotated (every 10 requests)
[09:55:02] [401/455] PTDT
[09:55:03] [402/455] TRSV
[09:55:04] [403/455] VELR
[09:55:05] [404/455] STDT
[09:55:06] [405/455] SATT
[09:55:06] [406/455] KCPM
[09:55:07] [407/455] MFCP
[09:55:08] [408/455] AXMP
[09:55:09] [409/455] LTVB
[09:55:10] [410/455] APST
[09:55:11] 🔄 Identity reset
[09:55:11] 🔄 Identity rotated (every 10 requests)
[09:55:11] [411/455] DTVP
[09:55:12] [412/455] AAVB
[09:55:13] [413/455] PMBL
[09:55:14] [414/455] STKC
[09:55:15] [415/455] KKMA
[09:55:16] [416/455] NMXS
[09:55:17] [417/455] DECX
[09:55:18] [418/455] MAPJ
[09:55:18] [419/455] SMLK
[09:55:19] [420/455] PMPU
[09:55:20] 🔄 Identity reset
[09:55:20] 🔄 Identity rotated (every 10 requests)
[09:55:20] [421/455] AFST
[09:55:21] [422/455] SRSY
[09:55:22] [423/455] RMKT
[09:55:24] [424/455] RAJX
[09:55:25] [425/455] UVCD
[09:55:26] [426/455] LISA
[09:55:27] [427/455] LMSR
[09:55:28] [428/455] PMCA
[09:55:29] [429/455] INPO
[09:55:30] [430/455] INGO
[09:55:30] 🔄 Identity reset
[09:55:30] 🔄 Identity rotated (every 10 requests)
[09:55:31] [431/455] HFSQ
[09:55:31] [432/455] INMG
[09:55:32] [433/455] NYCP
[09:55:33] [434/455] HFSV
[09:55:34] [435/455] MMZP
[09:55:35] [436/455] KSES
[09:55:36] [437/455] HFSA
[09:55:37] [438/455] ACMM
[09:55:38] [439/455] RCKD
[09:55:39] [440/455] BCKR
[09:55:40] 🔄 Identity reset
[09:55:40] 🔄 Identity rotated (every 10 requests)
[09:55:40] [441/455] SFCO
[09:55:41] [442/455] JCCB
[09:55:42] [443/455] BCCR
[09:55:43] [444/455] NWCB
[09:55:44] [445/455] SAMT
[09:55:44] [446/455] TMST
[09:55:45] [447/455] SJCN
[09:55:46] [448/455] MCBS
[09:55:47] [449/455] CMKR
[09:55:48] [450/455] INPM
[09:55:49] 🔄 Identity reset
[09:55:49] 🔄 Identity rotated (every 10 requests)
[09:55:49] [451/455] WVMT
[09:55:50] [452/455] NYSM
[09:55:51] [453/455] RCMA
[09:55:51] [454/455] RECM
[09:55:52] [455/455] CYCM
[09:55:53] 🧹 Deduping shows
[09:55:53] ✅ DONE | Shows=458 | Movies=30
[16:37:42] 🚀 SCRIPT STARTED (enhanced anti‑detection)
[16:37:42] [1/455] MXGN
[16:37:43] 🧠 New identity created
[16:37:43] [2/455] PGGM
[16:37:44] [3/455] IPMJ
[16:37:46] [4/455] M2PP
[16:37:46] [5/455] PMMS
[16:37:47] [6/455] SCJN
[16:37:48] [7/455] CPUM
[16:37:49] [8/455] SCND
[16:37:50] [9/455] INWM
[16:37:51] [10/455] DVDC
[16:37:52] 🔄 Identity reset
[16:37:52] 🔄 Identity rotated (every 10 requests)
[16:37:52] [11/455] WVND
[16:37:53] [12/455] LBDL
[16:37:54] [13/455] CRGM
[16:37:55] [14/455] PVKS
[16:37:55] [15/455] PBLL
[16:37:56] [16/455] FNLN
[16:37:57] [17/455] PPDA
[16:37:58] [18/455] SCPT
[16:37:59] [19/455] IAJS
[16:38:00] [20/455] MMZG
[16:38:01] 🔄 Identity reset
[16:38:01] 🔄 Identity rotated (every 10 requests)
[16:38:01] [21/455] MCTI
[16:38:02] [22/455] PPMF
[16:38:03] [23/455] FNSD
[16:38:04] [24/455] M2RH
[16:38:05] [25/455] CPGV
[16:38:06] [26/455] PECD
[16:38:07] [27/455] CTEE
[16:38:08] [28/455] IOMG
[16:38:09] [29/455] CIJA
[16:38:10] [30/455] NYCG
[16:38:11] 🔄 Identity reset
[16:38:11] 🔄 Identity rotated (every 10 requests)
[16:38:11] [31/455] CEST
[16:38:12] [32/455] WVRG
[16:38:13] [33/455] DPDC
[16:38:14] [34/455] PDIV
[16:38:15] [35/455] MTPP
[16:38:16] [36/455] MHNU
[16:38:17] [37/455] WUPG
[16:38:18] [38/455] USCO
[16:38:19] [39/455] INFR
[16:38:20] [40/455] PVPD
[16:38:21] 🔄 Identity reset
[16:38:21] 🔄 Identity rotated (every 10 requests)
[16:38:21] [41/455] RONC
[16:38:22] [42/455] IOCP
[16:38:23] [43/455] EMPS
[16:38:24] [44/455] PNAD
[16:38:25] [45/455] VVGZ
[16:38:27] [46/455] MDDC
[16:38:28] [47/455] MMAP
[16:38:29] [48/455] GPDC
[16:38:29] [49/455] PVPU
[16:38:30] [50/455] DCMV
[16:38:31] 🔄 Identity reset
[16:38:31] 🔄 Identity rotated (every 10 requests)
[16:38:31] [51/455] PCCF
[16:38:32] [52/455] MCEF
[16:38:33] [53/455] INRD
[16:38:34] [54/455] CCPZ
[16:38:35] [55/455] BCWG
[16:38:36] [56/455] PMGU
[16:38:37] [57/455] MCVM
[16:38:38] [58/455] MCDE
[16:38:39] [59/455] IEFM
[16:38:40] [60/455] MXCS
[16:38:41] 🔄 Identity reset
[16:38:41] 🔄 Identity rotated (every 10 requests)
[16:38:41] [61/455] RNMT
[16:38:42] [62/455] PSDD
[16:38:43] [63/455] PETA
[16:38:44] [64/455] IZOP
[16:38:45] [65/455] PDEI
[16:38:46] [66/455] MTND
[16:38:47] [67/455] PCPL
[16:38:48] [68/455] LSCM
[16:38:49] [69/455] BTFD
[16:38:50] [70/455] MERM
[16:38:51] 🔄 Identity reset
[16:38:51] 🔄 Identity rotated (every 10 requests)
[16:38:51] [71/455] PVMS
[16:38:52] [72/455] CIGK
[16:38:53] [73/455] INSG
[16:38:54] [74/455] IDEN
[16:38:55] [75/455] MCGN
[16:38:56] [76/455] IGAM
[16:38:57] [77/455] SLCU
[16:38:57] [78/455] MIMU
[16:38:58] [79/455] QLAC
[16:38:59] [80/455] MENL
[16:39:00] 🔄 Identity reset
[16:39:00] 🔄 Identity rotated (every 10 requests)
[16:39:00] [81/455] SCUR
[16:39:01] [82/455] MDGD
[16:39:02] [83/455] LSRS
[16:39:03] [84/455] KMLG
[16:39:04] [85/455] MKLJ
[16:39:05] [86/455] IBYG
[16:39:07] [87/455] ISML
[16:39:08] [88/455] MJMM
[16:39:09] [89/455] RCGD
[16:39:09] [90/455] MMOC
[16:39:10] 🔄 Identity reset
[16:39:10] 🔄 Identity rotated (every 10 requests)
[16:39:10] [91/455] RRCO
[16:39:11] [92/455] MEDM
[16:39:13] [93/455] MCAZ
[16:39:14] [94/455] STWA
[16:39:15] [95/455] PFFG
[16:39:16] [96/455] GAGC
[16:39:17] [97/455] PMPM
[16:39:18] [98/455] HVCD
[16:39:19] [99/455] AKRF
[16:39:20] [100/455] AKRC
[16:39:21] 🔄 Identity reset
[16:39:21] 🔄 Identity rotated (every 10 requests)
[16:39:21] [101/455] MIDA
[16:39:22] [102/455] MAGX
[16:39:23] [103/455] ESOS
[16:39:24] [104/455] BBCL
[16:39:25] [105/455] LYAS
[16:39:26] [106/455] NRMS
[16:39:27] [107/455] BHUC
[16:39:29] [108/455] SRIC
[16:39:29] [109/455] PDME
[16:39:30] [110/455] MJCS
[16:39:31] 🔄 Identity reset
[16:39:31] 🔄 Identity rotated (every 10 requests)
[16:39:31] [111/455] NRAA
[16:39:33] [112/455] VATA
[16:39:34] [113/455] MNKC
[16:39:35] [114/455] DHCL
[16:39:36] [115/455] JCPC
[16:39:37] [116/455] CTML
[16:39:38] [117/455] RMMR
[16:39:40] [118/455] STTL
[16:39:40] [119/455] CNPS
[16:39:41] [120/455] ACKL
[16:39:42] 🔄 Identity reset
[16:39:42] 🔄 Identity rotated (every 10 requests)
[16:39:42] [121/455] SCAU
[16:39:43] [122/455] RMIA
[16:39:45] [123/455] MANU
[16:39:46] [124/455] ARDC
[16:39:47] [125/455] GLDA
[16:39:48] [126/455] KVSW
[16:39:48] [127/455] CGCA
[16:39:49] [128/455] CMLO
[16:39:50] [129/455] CECB
[16:39:51] [130/455] RCPN
[16:39:52] 🔄 Identity reset
[16:39:52] 🔄 Identity rotated (every 10 requests)
[16:39:52] [131/455] ASMW
[16:39:53] [132/455] PWLM
[16:39:54] [133/455] ASGM
[16:39:55] [134/455] ACWH
[16:39:56] [135/455] AAPW
[16:39:57] [136/455] RTWA
[16:39:58] [137/455] RAMW
[16:39:59] [138/455] VKTR
[16:40:00] [139/455] SMBH
[16:40:01] [140/455] BVDR
[16:40:01] 🔄 Identity reset
[16:40:01] 🔄 Identity rotated (every 10 requests)
[16:40:02] [141/455] MRTP
[16:40:03] [142/455] BLBR
[16:40:04] [143/455] LPIN
[16:40:05] [144/455] SNPC
[16:40:06] [145/455] PDCB
[16:40:07] [146/455] DYPK
[16:40:08] [147/455] INMK
[16:40:09] [148/455] PDCK
[16:40:10] [149/455] PCKR
[16:40:11] [150/455] SHUA
[16:40:12] 🔄 Identity reset
[16:40:12] 🔄 Identity rotated (every 10 requests)
[16:40:13] [151/455] SCVK
[16:40:14] [152/455] STPA
[16:40:16] [153/455] WVHD
[16:40:17] [154/455] MRCH
[16:40:18] [155/455] MCNP
[16:40:19] [156/455] RCAG
[16:40:20] [157/455] JTSN
[16:40:21] [158/455] AANS
[16:40:22] [159/455] GDDR
[16:40:23] [160/455] SRER
[16:40:23] 🔄 Identity reset
[16:40:23] 🔄 Identity rotated (every 10 requests)
[16:40:24] [161/455] JKMA
[16:40:25] [162/455] ARAN
[16:40:26] [163/455] ALCT
[16:40:27] [164/455] CCTA
[16:40:28] [165/455] CNCT
[16:40:29] [166/455] NZBL
[16:40:30] [167/455] SRRA
[16:40:31] [168/455] SVPW
[16:40:32] [169/455] SRTW
[16:40:33] [170/455] XMTD
[16:40:34] 🔄 Identity reset
[16:40:34] 🔄 Identity rotated (every 10 requests)
[16:40:34] [171/455] SCCZ
[16:40:35] [172/455] PBCR
[16:40:36] [173/455] RTSC
[16:40:37] [174/455] TLSV
[16:40:37] [175/455] RMTK
[16:40:38] [176/455] SRAT
[16:40:39] [177/455] GCYC
[16:40:40] [178/455] HCAJ
[16:40:41] [179/455] LCXA
[16:40:43] [180/455] BINT
[16:40:43] 🔄 Identity reset
[16:40:43] 🔄 Identity rotated (every 10 requests)
[16:40:44] [181/455] IXIM
[16:40:44] [182/455] MBCR
[16:40:45] [183/455] BMCJ
[16:40:46] [184/455] NICJ
[16:40:48] [185/455] SCAJ
[16:40:49] [186/455] CMXS
[16:40:50] [187/455] MMSR
[16:40:50] [188/455] PRKT
[16:40:51] [189/455] LPTH
[16:40:52] [190/455] SARP
[16:40:53] 🔄 Identity reset
[16:40:53] 🔄 Identity rotated (every 10 requests)
[16:40:53] [191/455] MNPP
[16:40:54] [192/455] PRLR
[16:40:55] [193/455] RCMW
[16:40:56] [194/455] FCMG
[16:40:57] [195/455] RTNK
[16:40:58] [196/455] LRCP
[16:40:59] [197/455] DBJR
[16:40:59] [198/455] CACN
[16:41:00] [199/455] AMRL
[16:41:01] [200/455] SBBC
[16:41:02] 🔄 Identity reset
[16:41:02] 🔄 Identity rotated (every 10 requests)
[16:41:02] [201/455] VENN
[16:41:03] [202/455] STSS
[16:41:04] [203/455] SMRB
[16:41:05] [204/455] CCMX
[16:41:06] [205/455] KCMR
[16:41:07] [206/455] SALH
[16:41:07] [207/455] CGTT
[16:41:08] [208/455] PMDR
[16:41:09] [209/455] VCPM
[16:41:10] [210/455] RZMX
[16:41:11] 🔄 Identity reset
[16:41:11] 🔄 Identity rotated (every 10 requests)
[16:41:11] [211/455] TMSY
[16:41:12] [212/455] NTMS
[16:41:13] [213/455] VTAG
[16:41:14] [214/455] REMA
[16:41:15] [215/455] NXCC
[16:41:16] [216/455] SKYM
[16:41:16] [217/455] CCMO
[16:41:17] [218/455] DMXM
[16:41:18] [219/455] SPPM
[16:41:19] [220/455] PTKL
[16:41:20] 🔄 Identity reset
[16:41:20] 🔄 Identity rotated (every 10 requests)
[16:41:20] [221/455] SLVO
[16:41:21] [222/455] VASL
[16:41:22] [223/455] CBCM
[16:41:23] [224/455] STMA
[16:41:23] [225/455] LASK
[16:41:24] [226/455] VITE
[16:41:25] [227/455] AAST
[16:41:26] [228/455] JTPT
[16:41:27] [229/455] RRSH
[16:41:28] [230/455] CINL
[16:41:28] 🔄 Identity reset
[16:41:28] 🔄 Identity rotated (every 10 requests)
[16:41:29] [231/455] MCSR
[16:41:30] [232/455] SBCF
[16:41:31] [233/455] GCDU
[16:41:32] [234/455] PSPR
[16:41:33] [235/455] IMMO
[16:41:34] [236/455] CLGM
[16:41:34] [237/455] PBMM
[16:41:35] [238/455] CEHR
[16:41:36] [239/455] CPOE
[16:41:37] [240/455] PGFD
[16:41:38] 🔄 Identity reset
[16:41:38] 🔄 Identity rotated (every 10 requests)
[16:41:39] [241/455] PSLC
[16:41:40] [242/455] MSMD
[16:41:40] [243/455] FMFB
[16:41:41] [244/455] RKCL
[16:41:42] [245/455] PMMC
[16:41:43] [246/455] SKMM
[16:41:44] [247/455] VOIB
[16:41:45] [248/455] KINO
[16:41:46] [249/455] VCTP
[16:41:48] [250/455] PDWR
[16:41:49] 🔄 Identity reset
[16:41:49] 🔄 Identity rotated (every 10 requests)
[16:41:49] [251/455] SAED
[16:41:50] [252/455] SRRT
[16:41:51] [253/455] CVLG
[16:41:52] [254/455] SNGN
[16:41:53] [255/455] SIDA
[16:41:54] [256/455] IMCB
[16:41:54] [257/455] SMHP
[16:41:55] [258/455] GDTY
[16:41:56] [259/455] VYCH
[16:41:57] [260/455] PDYA
[16:41:58] 🔄 Identity reset
[16:41:58] 🔄 Identity rotated (every 10 requests)
[16:41:58] [261/455] RKDO
[16:41:59] [262/455] VECG
[16:42:00] [263/455] NFGD
[16:42:01] [264/455] SNDC
[16:42:02] [265/455] SDJH
[16:42:03] [266/455] HASV
[16:42:04] [267/455] PTYK
[16:42:05] [268/455] MUTB
[16:42:06] [269/455] AMRT
[16:42:07] [270/455] VACD
[16:42:08] 🔄 Identity reset
[16:42:08] 🔄 Identity rotated (every 10 requests)
[16:42:09] [271/455] SKDD
[16:42:10] [272/455] STGR
[16:42:11] [273/455] GDAK
[16:42:11] [274/455] SKHK
[16:42:12] [275/455] SLND
[16:42:13] [276/455] APAP
[16:42:14] [277/455] AYYA
[16:42:16] [278/455] VCCZ
[16:42:17] [279/455] MEML
[16:42:18] [280/455] MAOU
[16:42:18] 🔄 Identity reset
[16:42:18] 🔄 Identity rotated (every 10 requests)
[16:42:19] [281/455] ESND
[16:42:20] [282/455] PTBZ
[16:42:21] [283/455] LBCN
[16:42:21] [284/455] PAWA
[16:42:22] [285/455] ZEIC
[16:42:23] [286/455] CGMM
[16:42:24] [287/455] PJPM
[16:42:25] [288/455] ECMR
[16:42:26] [289/455] SHMZ
[16:42:27] [290/455] STCA
[16:42:28] 🔄 Identity reset
[16:42:28] 🔄 Identity rotated (every 10 requests)
[16:42:28] [291/455] VDRC
[16:42:29] [292/455] SEEM
[16:42:30] [293/455] MKNS
[16:42:31] [294/455] KPPP
[16:42:32] [295/455] CCML
[16:42:33] [296/455] CIBA
[16:42:35] [297/455] NACS
[16:42:36] [298/455] CTMK
[16:42:37] [299/455] CTCT
[16:42:37] [300/455] MCSN
[16:42:38] 🔄 Identity reset
[16:42:38] 🔄 Identity rotated (every 10 requests)
[16:42:38] [301/455] MAXX
[16:42:40] [302/455] MECB
[16:42:41] [303/455] NTBY
[16:42:42] [304/455] UTBI
[16:42:43] [305/455] RADK
[16:42:44] [306/455] STBY
[16:42:45] [307/455] GTBY
[16:42:46] [308/455] RRMB
[16:42:47] [309/455] ABRN
[16:42:48] [310/455] GTSG
[16:42:48] 🔄 Identity reset
[16:42:48] 🔄 Identity rotated (every 10 requests)
[16:42:49] [311/455] GBTG
[16:42:49] [312/455] SBGS
[16:42:50] [313/455] KBPM
[16:42:52] [314/455] SMHT
[16:42:53] [315/455] VTDM
[16:42:54] [316/455] ASCT
[16:42:55] [317/455] AWCT
[16:42:57] [318/455] DCCU
[16:42:57] [319/455] PSCE
[16:42:58] [320/455] KSNY
[16:42:59] 🔄 Identity reset
[16:42:59] 🔄 Identity rotated (every 10 requests)
[16:42:59] [321/455] ACID
[16:43:00] [322/455] LVCD
[16:43:01] [323/455] KSSB
[16:43:02] [324/455] SWTD
[16:43:03] [325/455] RBMR
[16:43:04] [326/455] SCBC
[16:43:05] [327/455] RKME
[16:43:06] [328/455] GALX
[16:43:07] [329/455] GCCH
[16:43:08] [330/455] RATR
[16:43:08] 🔄 Identity reset
[16:43:08] 🔄 Identity rotated (every 10 requests)
[16:43:08] [331/455] GTGA
[16:43:09] [332/455] LTTR
[16:43:10] [333/455] TTAA
[16:43:11] [334/455] TVHP
[16:43:13] [335/455] KVCS
[16:43:14] [336/455] CBMC
[16:43:15] [337/455] MAYJ
[16:43:16] [338/455] INPR
[16:43:17] [339/455] RSSC
[16:43:18] [340/455] PCAN
[16:43:19] 🔄 Identity reset
[16:43:19] 🔄 Identity rotated (every 10 requests)
[16:43:19] [341/455] PVHR
[16:43:21] [342/455] AGSM
[16:43:21] [343/455] PVES
[16:43:22] [344/455] INTO
[16:43:23] [345/455] ACON
[16:43:25] [346/455] PVPZ
[16:43:26] [347/455] PVHC
[16:43:27] [348/455] KSTK
[16:43:27] [349/455] PVSR
[16:43:28] [350/455] ACTN
[16:43:29] 🔄 Identity reset
[16:43:29] 🔄 Identity rotated (every 10 requests)
[16:43:29] [351/455] FMCN
[16:43:30] [352/455] PABC
[16:43:31] [353/455] SUTC
[16:43:32] [354/455] PGMV
[16:43:34] [355/455] GKCP
[16:43:35] [356/455] INCH
[16:43:36] [357/455] MLMT
[16:43:36] [358/455] SSCC
[16:43:37] [359/455] SLMP
[16:43:38] [360/455] VVTN
[16:43:39] 🔄 Identity reset
[16:43:39] 🔄 Identity rotated (every 10 requests)
[16:43:39] [361/455] SBTR
[16:43:40] [362/455] PGRA
[16:43:41] [363/455] PBRM
[16:43:42] [364/455] GCRP
[16:43:43] [365/455] MCSK
[16:43:44] [366/455] NLTC
[16:43:45] [367/455] MTLM
[16:43:46] [368/455] VECT
[16:43:47] [369/455] KMRM
[16:43:48] [370/455] RACM
[16:43:49] 🔄 Identity reset
[16:43:49] 🔄 Identity rotated (every 10 requests)
[16:43:49] [371/455] WSTC
[16:43:50] [372/455] PVTJ
[16:43:51] [373/455] MMKC
[16:43:52] [374/455] SVWT
[16:43:53] [375/455] JOTG
[16:43:54] [376/455] VCDK
[16:43:55] [377/455] ANAC
[16:43:56] [378/455] GRTC
[16:43:57] [379/455] JTPL
[16:43:58] [380/455] VRCP
[16:43:58] 🔄 Identity reset
[16:43:58] 🔄 Identity rotated (every 10 requests)
[16:43:59] [381/455] REMC
[16:43:59] [382/455] ATMG
[16:44:00] [383/455] GAHC
[16:44:01] [384/455] JTMV
[16:44:02] [385/455] OMTT
[16:44:03] [386/455] GKKC
[16:44:04] [387/455] BBPO
[16:44:04] [388/455] ZCBB
[16:44:05] [389/455] DCGO
[16:44:06] [390/455] STOP
[16:44:07] 🔄 Identity reset
[16:44:07] 🔄 Identity rotated (every 10 requests)
[16:44:07] [391/455] BSPC
[16:44:08] [392/455] SOND
[16:44:09] [393/455] GCKG
[16:44:10] [394/455] PCDB
[16:44:11] [395/455] PGRC
[16:44:12] [396/455] CSCT
[16:44:13] [397/455] STDA
[16:44:14] [398/455] JAYD
[16:44:15] [399/455] PPPD
[16:44:16] [400/455] KRTT
[16:44:16] 🔄 Identity reset
[16:44:16] 🔄 Identity rotated (every 10 requests)
[16:44:18] [401/455] PTDT
[16:44:19] [402/455] TRSV
[16:44:20] [403/455] VELR
[16:44:21] [404/455] STDT
[16:44:22] [405/455] SATT
[16:44:22] [406/455] KCPM
[16:44:23] [407/455] MFCP
[16:44:24] [408/455] AXMP
[16:44:25] [409/455] LTVB
[16:44:26] [410/455] APST
[16:44:27] 🔄 Identity reset
[16:44:27] 🔄 Identity rotated (every 10 requests)
[16:44:27] [411/455] DTVP
[16:44:28] [412/455] AAVB
[16:44:29] [413/455] PMBL
[16:44:29] [414/455] STKC
[16:44:30] [415/455] KKMA
[16:44:31] [416/455] NMXS
[16:44:33] [417/455] DECX
[16:44:35] [418/455] MAPJ
[16:44:36] [419/455] SMLK
[16:44:36] [420/455] PMPU
[16:44:37] 🔄 Identity reset
[16:44:37] 🔄 Identity rotated (every 10 requests)
[16:44:37] [421/455] AFST
[16:44:38] [422/455] SRSY
[16:44:39] [423/455] RMKT
[16:44:41] [424/455] RAJX
[16:44:42] [425/455] UVCD
[16:44:43] [426/455] LISA
[16:44:44] [427/455] LMSR
[16:44:45] [428/455] PMCA
[16:44:45] [429/455] INPO
[16:44:46] [430/455] INGO
[16:44:47] 🔄 Identity reset
[16:44:47] 🔄 Identity rotated (every 10 requests)
[16:44:47] [431/455] HFSQ
[16:44:48] [432/455] INMG
[16:44:49] [433/455] NYCP
[16:44:50] [434/455] HFSV
[16:44:51] [435/455] MMZP
[16:44:52] [436/455] KSES
[16:44:53] [437/455] HFSA
[16:44:54] [438/455] ACMM
[16:44:55] [439/455] RCKD
[16:44:57] [440/455] BCKR
[16:44:57] 🔄 Identity reset
[16:44:57] 🔄 Identity rotated (every 10 requests)
[16:44:58] [441/455] SFCO
[16:44:59] [442/455] JCCB
[16:45:00] [443/455] BCCR
[16:45:01] [444/455] NWCB
[16:45:02] [445/455] SAMT
[16:45:03] [446/455] TMST
[16:45:03] [447/455] SJCN
[16:45:04] [448/455] MCBS
[16:45:05] [449/455] CMKR
[16:45:06] [450/455] INPM
[16:45:07] 🔄 Identity reset
[16:45:07] 🔄 Identity rotated (every 10 requests)
[16:45:07] [451/455] WVMT
[16:45:08] [452/455] NYSM
[16:45:09] [453/455] RCMA
[16:45:10] [454/455] RECM
[16:45:11] [455/455] CYCM
[16:45:12] 🧹 Deduping shows
[16:45:12] ✅ DONE | Shows=573 | Movies=34
[04:37:33] 🚀 SCRIPT STARTED (enhanced anti‑detection)
[04:37:33] [1/455] MXGN
[04:37:33] 🧠 New identity created
[04:37:34] [2/455] PGGM
[04:37:35] [3/455] IPMJ
[04:37:36] [4/455] M2PP
[04:37:37] [5/455] PMMS
[04:37:38] [6/455] SCJN
[04:37:39] [7/455] CPUM
[04:37:40] [8/455] SCND
[04:37:41] [9/455] INWM
[04:37:42] [10/455] DVDC
[04:37:42] 🔄 Identity reset
[04:37:42] 🔄 Identity rotated (every 10 requests)
[04:37:43] [11/455] WVND
[04:37:43] [12/455] LBDL
[04:37:45] [13/455] CRGM
[04:37:46] [14/455] PVKS
[04:37:47] [15/455] PBLL
[04:37:47] [16/455] FNLN
[04:37:48] [17/455] PPDA
[04:37:49] [18/455] SCPT
[04:37:50] [19/455] IAJS
[04:37:51] [20/455] MMZG
[04:37:51] 🔄 Identity reset
[04:37:51] 🔄 Identity rotated (every 10 requests)
[04:37:51] [21/455] MCTI
[04:37:52] [22/455] PPMF
[04:37:53] [23/455] FNSD
[04:37:54] [24/455] M2RH
[04:37:55] [25/455] CPGV
[04:37:56] [26/455] PECD
[04:37:57] [27/455] CTEE
[04:37:57] [28/455] IOMG
[04:37:58] [29/455] CIJA
[04:37:59] [30/455] NYCG
[04:38:00] 🔄 Identity reset
[04:38:00] 🔄 Identity rotated (every 10 requests)
[04:38:00] 🔄 Retry 1/5 for NYCG in 2.0s
[04:38:00] 🔄 Identity reset
[04:38:02] 🧠 New identity created
[04:38:03] [31/455] CEST
[04:38:04] [32/455] WVRG
[04:38:05] [33/455] DPDC
[04:38:06] [34/455] PDIV
[04:38:07] [35/455] MTPP
[04:38:08] [36/455] MHNU
[04:38:09] [37/455] WUPG
[04:38:10] [38/455] USCO
[04:38:11] [39/455] INFR
[04:38:11] 🔄 Identity reset
[04:38:11] 🔄 Identity rotated (every 10 requests)
[04:38:11] 🔄 Retry 1/5 for INFR in 2.8s
[04:38:11] 🔄 Identity reset
[04:38:14] 🧠 New identity created
[04:38:15] [40/455] PVPD
[04:38:15] [41/455] RONC
[04:38:16] [42/455] IOCP
[04:38:17] [43/455] EMPS
[04:38:18] [44/455] PNAD
[04:38:19] [45/455] VVGZ
[04:38:20] [46/455] MDDC
[04:38:21] [47/455] MMAP
[04:38:21] [48/455] GPDC
[04:38:22] 🔄 Identity reset
[04:38:22] 🔄 Identity rotated (every 10 requests)
[04:38:22] [49/455] PVPU
[04:38:23] [50/455] DCMV
[04:38:24] [51/455] PCCF
[04:38:25] [52/455] MCEF
[04:38:26] [53/455] INRD
[04:38:27] [54/455] CCPZ
[04:38:28] [55/455] BCWG
[04:38:29] [56/455] PMGU
[04:38:29] [57/455] MCVM
[04:38:30] [58/455] MCDE
[04:38:31] 🔄 Identity reset
[04:38:31] 🔄 Identity rotated (every 10 requests)
[04:38:31] [59/455] IEFM
[04:38:32] [60/455] MXCS
[04:38:33] [61/455] RNMT
[04:38:34] [62/455] PSDD
[04:38:35] [63/455] PETA
[04:38:36] [64/455] IZOP
[04:38:37] [65/455] PDEI
[04:38:38] [66/455] MTND
[04:38:39] [67/455] PCPL
[04:38:41] [68/455] LSCM
[04:38:41] 🔄 Identity reset
[04:38:41] 🔄 Identity rotated (every 10 requests)
[04:38:42] [69/455] BTFD
[04:38:42] [70/455] MERM
[04:38:43] [71/455] PVMS
[04:38:44] [72/455] CIGK
[04:38:45] [73/455] INSG
[04:38:46] [74/455] IDEN
[04:38:47] [75/455] MCGN
[04:38:48] [76/455] IGAM
[04:38:49] [77/455] SLCU
[04:38:50] [78/455] MIMU
[04:38:51] 🔄 Identity reset
[04:38:51] 🔄 Identity rotated (every 10 requests)
[04:38:51] [79/455] QLAC
[04:38:52] [80/455] MENL
[04:38:53] [81/455] SCUR
[04:38:54] [82/455] MDGD
[04:38:55] [83/455] LSRS
[04:38:56] [84/455] KMLG
[04:38:57] [85/455] MKLJ
[04:38:57] [86/455] IBYG
[04:38:58] [87/455] ISML
[04:38:59] [88/455] MJMM
[04:39:00] 🔄 Identity reset
[04:39:00] 🔄 Identity rotated (every 10 requests)
[04:39:00] [89/455] RCGD
[04:39:01] [90/455] MMOC
[04:39:02] [91/455] RRCO
[04:39:03] [92/455] MEDM
[04:39:04] [93/455] MCAZ
[04:39:05] [94/455] STWA
[04:39:06] [95/455] PFFG
[04:39:07] [96/455] GAGC
[04:39:08] [97/455] PMPM
[04:39:09] [98/455] HVCD
[04:39:10] 🔄 Identity reset
[04:39:10] 🔄 Identity rotated (every 10 requests)
[04:39:10] [99/455] AKRF
[04:39:11] [100/455] AKRC
[04:39:12] [101/455] MIDA
[04:39:13] [102/455] MAGX
[04:39:14] [103/455] ESOS
[04:39:15] [104/455] BBCL
[04:39:16] [105/455] LYAS
[04:39:17] [106/455] NRMS
[04:39:18] [107/455] BHUC
[04:39:19] [108/455] SRIC
[04:39:19] 🔄 Identity reset
[04:39:19] 🔄 Identity rotated (every 10 requests)
[04:39:20] [109/455] PDME
[04:39:21] [110/455] MJCS
[04:39:22] [111/455] NRAA
[04:39:23] [112/455] VATA
[04:39:23] [113/455] MNKC
[04:39:24] [114/455] DHCL
[04:39:25] [115/455] JCPC
[04:39:27] [116/455] CTML
[04:39:27] [117/455] RMMR
[04:39:28] [118/455] STTL
[04:39:29] 🔄 Identity reset
[04:39:29] 🔄 Identity rotated (every 10 requests)
[04:39:29] [119/455] CNPS
[04:39:30] [120/455] ACKL
[04:39:32] [121/455] SCAU
[04:39:33] [122/455] RMIA
[04:39:35] [123/455] MANU
[04:39:36] [124/455] ARDC
[04:39:36] [125/455] GLDA
[04:39:37] [126/455] KVSW
[04:39:38] [127/455] CGCA
[04:39:40] [128/455] CMLO
[04:39:41] 🔄 Identity reset
[04:39:41] 🔄 Identity rotated (every 10 requests)
[04:39:41] [129/455] CECB
[04:39:42] [130/455] RCPN
[04:39:43] [131/455] ASMW
[04:39:43] [132/455] PWLM
[04:39:44] [133/455] ASGM
[04:39:45] [134/455] ACWH
[04:39:46] [135/455] AAPW
[04:39:47] [136/455] RTWA
[04:39:48] [137/455] RAMW
[04:39:49] [138/455] VKTR
[04:39:50] 🔄 Identity reset
[04:39:50] 🔄 Identity rotated (every 10 requests)
[04:39:50] [139/455] SMBH
[04:39:51] [140/455] BVDR
[04:39:52] [141/455] MRTP
[04:39:53] [142/455] BLBR
[04:39:54] [143/455] LPIN
[04:39:55] [144/455] SNPC
[04:39:56] [145/455] PDCB
[04:39:56] [146/455] DYPK
[04:39:57] [147/455] INMK
[04:39:58] [148/455] PDCK
[04:39:59] 🔄 Identity reset
[04:39:59] 🔄 Identity rotated (every 10 requests)
[04:40:00] [149/455] PCKR
[04:40:01] [150/455] SHUA
[04:40:01] [151/455] SCVK
[04:40:03] [152/455] STPA
[04:40:04] [153/455] WVHD
[04:40:05] [154/455] MRCH
[04:40:05] [155/455] MCNP
[04:40:06] [156/455] RCAG
[04:40:07] [157/455] JTSN
[04:40:08] [158/455] AANS
[04:40:09] 🔄 Identity reset
[04:40:09] 🔄 Identity rotated (every 10 requests)
[04:40:10] [159/455] GDDR
[04:40:11] [160/455] SRER
[04:40:11] [161/455] JKMA
[04:40:12] [162/455] ARAN
[04:40:13] [163/455] ALCT
[04:40:14] [164/455] CCTA
[04:40:15] [165/455] CNCT
[04:40:16] [166/455] NZBL
[04:40:18] [167/455] SRRA
[04:40:19] [168/455] SVPW
[04:40:19] 🔄 Identity reset
[04:40:19] 🔄 Identity rotated (every 10 requests)
[04:40:19] 🔄 Retry 1/5 for SVPW in 2.4s
[04:40:19] 🔄 Identity reset
[04:40:22] 🧠 New identity created
[04:40:22] [169/455] SRTW
[04:40:23] [170/455] XMTD
[04:40:24] [171/455] SCCZ
[04:40:25] [172/455] PBCR
[04:40:26] [173/455] RTSC
[04:40:27] [174/455] TLSV
[04:40:28] [175/455] RMTK
[04:40:29] [176/455] SRAT
[04:40:30] [177/455] GCYC
[04:40:31] 🔄 Identity reset
[04:40:31] 🔄 Identity rotated (every 10 requests)
[04:40:31] [178/455] HCAJ
[04:40:32] [179/455] LCXA
[04:40:33] [180/455] BINT
[04:40:34] [181/455] IXIM
[04:40:35] [182/455] MBCR
[04:40:35] [183/455] BMCJ
[04:40:37] [184/455] NICJ
[04:40:38] [185/455] SCAJ
[04:40:38] [186/455] CMXS
[04:40:39] [187/455] MMSR
[04:40:40] 🔄 Identity reset
[04:40:40] 🔄 Identity rotated (every 10 requests)
[04:40:40] [188/455] PRKT
[04:40:41] [189/455] LPTH
[04:40:42] [190/455] SARP
[04:40:43] [191/455] MNPP
[04:40:44] [192/455] PRLR
[04:40:45] [193/455] RCMW
[04:40:46] [194/455] FCMG
[04:40:47] [195/455] RTNK
[04:40:48] [196/455] LRCP
[04:40:49] [197/455] DBJR
[04:40:50] 🔄 Identity reset
[04:40:50] 🔄 Identity rotated (every 10 requests)
[04:40:50] [198/455] CACN
[04:40:51] [199/455] AMRL
[04:40:52] [200/455] SBBC
[04:40:54] [201/455] VENN
[04:40:54] [202/455] STSS
[04:40:55] [203/455] SMRB
[04:40:56] [204/455] CCMX
[04:40:57] [205/455] KCMR
[04:40:58] [206/455] SALH
[04:41:00] [207/455] CGTT
[04:41:00] 🔄 Identity reset
[04:41:00] 🔄 Identity rotated (every 10 requests)
[04:41:00] [208/455] PMDR
[04:41:01] [209/455] VCPM
[04:41:02] [210/455] RZMX
[04:41:03] [211/455] TMSY
[04:41:04] [212/455] NTMS
[04:41:05] [213/455] VTAG
[04:41:06] [214/455] REMA
[04:41:07] [215/455] NXCC
[04:41:08] [216/455] SKYM
[04:41:08] [217/455] CCMO
[04:41:09] 🔄 Identity reset
[04:41:09] 🔄 Identity rotated (every 10 requests)
[04:41:09] [218/455] DMXM
[04:41:10] [219/455] SPPM
[04:41:11] [220/455] PTKL
[04:41:12] [221/455] SLVO
[04:41:13] [222/455] VASL
[04:41:13] [223/455] CBCM
[04:41:14] [224/455] STMA
[04:41:15] [225/455] LASK
[04:41:16] [226/455] VITE
[04:41:17] [227/455] AAST
[04:41:18] 🔄 Identity reset
[04:41:18] 🔄 Identity rotated (every 10 requests)
[04:41:18] 🔄 Retry 1/5 for AAST in 2.6s
[04:41:18] 🔄 Identity reset
[04:41:20] 🧠 New identity created
[04:41:20] 🔄 Retry 2/5 for AAST in 4.2s
[04:41:20] 🔄 Identity reset
[04:41:25] 🧠 New identity created
[04:41:25] [228/455] JTPT
[04:41:26] [229/455] RRSH
[04:41:27] [230/455] CINL
[04:41:28] [231/455] MCSR
[04:41:28] [232/455] SBCF
[04:41:29] [233/455] GCDU
[04:41:30] [234/455] PSPR
[04:41:31] [235/455] IMMO
[04:41:32] 🔄 Identity reset
[04:41:32] 🔄 Identity rotated (every 10 requests)
[04:41:33] [236/455] CLGM
[04:41:34] [237/455] PBMM
[04:41:35] [238/455] CEHR
[04:41:37] [239/455] CPOE
[04:41:37] [240/455] PGFD
[04:41:38] [241/455] PSLC
[04:41:39] [242/455] MSMD
[04:41:40] [243/455] FMFB
[04:41:41] [244/455] RKCL
[04:41:42] [245/455] PMMC
[04:41:42] 🔄 Identity reset
[04:41:42] 🔄 Identity rotated (every 10 requests)
[04:41:43] [246/455] SKMM
[04:41:43] [247/455] VOIB
[04:41:44] [248/455] KINO
[04:41:45] [249/455] VCTP
[04:41:46] [250/455] PDWR
[04:41:47] [251/455] SAED
[04:41:48] [252/455] SRRT
[04:41:49] [253/455] CVLG
[04:41:50] [254/455] SNGN
[04:41:51] [255/455] SIDA
[04:41:52] 🔄 Identity reset
[04:41:52] 🔄 Identity rotated (every 10 requests)
[04:41:52] [256/455] IMCB
[04:41:53] [257/455] SMHP
[04:41:54] [258/455] GDTY
[04:41:55] [259/455] VYCH
[04:41:56] [260/455] PDYA
[04:41:57] [261/455] RKDO
[04:41:59] [262/455] VECG
[04:42:00] [263/455] NFGD
[04:42:01] [264/455] SNDC
[04:42:02] [265/455] SDJH
[04:42:02] 🔄 Identity reset
[04:42:02] 🔄 Identity rotated (every 10 requests)
[04:42:04] [266/455] HASV
[04:42:04] [267/455] PTYK
[04:42:05] [268/455] MUTB
[04:42:06] [269/455] AMRT
[04:42:07] [270/455] VACD
[04:42:08] [271/455] SKDD
[04:42:09] [272/455] STGR
[04:42:10] [273/455] GDAK
[04:42:11] [274/455] SKHK
[04:42:13] [275/455] SLND
[04:42:13] 🔄 Identity reset
[04:42:13] 🔄 Identity rotated (every 10 requests)
[04:42:14] [276/455] APAP
[04:42:15] [277/455] AYYA
[04:42:16] [278/455] VCCZ
[04:42:17] [279/455] MEML
[04:42:18] [280/455] MAOU
[04:42:19] [281/455] ESND
[04:42:20] [282/455] PTBZ
[04:42:21] [283/455] LBCN
[04:42:22] [284/455] PAWA
[04:42:23] [285/455] ZEIC
[04:42:23] 🔄 Identity reset
[04:42:23] 🔄 Identity rotated (every 10 requests)
[04:42:23] [286/455] CGMM
[04:42:24] [287/455] PJPM
[04:42:26] [288/455] ECMR
[04:42:26] [289/455] SHMZ
[04:42:27] [290/455] STCA
[04:42:28] [291/455] VDRC
[04:42:29] [292/455] SEEM
[04:42:30] [293/455] MKNS
[04:42:31] [294/455] KPPP
[04:42:31] [295/455] CCML
[04:42:32] 🔄 Identity reset
[04:42:32] 🔄 Identity rotated (every 10 requests)
[04:42:33] [296/455] CIBA
[04:42:34] [297/455] NACS
[04:42:35] [298/455] CTMK
[04:42:36] [299/455] CTCT
[04:42:37] [300/455] MCSN
[04:42:37] [301/455] MAXX
[04:42:38] [302/455] MECB
[04:42:39] [303/455] NTBY
[04:42:41] [304/455] UTBI
[04:42:42] [305/455] RADK
[04:42:42] 🔄 Identity reset
[04:42:42] 🔄 Identity rotated (every 10 requests)
[04:42:43] [306/455] STBY
[04:42:44] [307/455] GTBY
[04:42:45] [308/455] RRMB
[04:42:46] [309/455] ABRN
[04:42:46] [310/455] GTSG
[04:42:47] [311/455] GBTG
[04:42:49] [312/455] SBGS
[04:42:50] [313/455] KBPM
[04:42:50] [314/455] SMHT
[04:42:51] [315/455] VTDM
[04:42:52] 🔄 Identity reset
[04:42:52] 🔄 Identity rotated (every 10 requests)
[04:42:53] [316/455] ASCT
[04:42:54] [317/455] AWCT
[04:42:55] [318/455] DCCU
[04:42:55] [319/455] PSCE
[04:42:56] [320/455] KSNY
[04:42:57] [321/455] ACID
[04:42:58] [322/455] LVCD
[04:42:59] [323/455] KSSB
[04:43:00] [324/455] SWTD
[04:43:01] [325/455] RBMR
[04:43:02] 🔄 Identity reset
[04:43:02] 🔄 Identity rotated (every 10 requests)
[04:43:02] [326/455] SCBC
[04:43:03] [327/455] RKME
[04:43:04] [328/455] GALX
[04:43:05] [329/455] GCCH
[04:43:05] [330/455] RATR
[04:43:07] [331/455] GTGA
[04:43:08] [332/455] LTTR
[04:43:09] [333/455] TTAA
[04:43:10] [334/455] TVHP
[04:43:11] [335/455] KVCS
[04:43:12] 🔄 Identity reset
[04:43:12] 🔄 Identity rotated (every 10 requests)
[04:43:12] [336/455] CBMC
[04:43:13] [337/455] MAYJ
[04:43:14] [338/455] INPR
[04:43:15] [339/455] RSSC
[04:43:16] [340/455] PCAN
[04:43:17] [341/455] PVHR
[04:43:17] [342/455] AGSM
[04:43:18] [343/455] PVES
[04:43:19] [344/455] INTO
[04:43:20] [345/455] ACON
[04:43:21] 🔄 Identity reset
[04:43:21] 🔄 Identity rotated (every 10 requests)
[04:43:21] [346/455] PVPZ
[04:43:22] [347/455] PVHC
[04:43:23] [348/455] KSTK
[04:43:24] [349/455] PVSR
[04:43:24] [350/455] ACTN
[04:43:25] [351/455] FMCN
[04:43:26] [352/455] PABC
[04:43:27] [353/455] SUTC
[04:43:28] [354/455] PGMV
[04:43:29] [355/455] GKCP
[04:43:29] 🔄 Identity reset
[04:43:29] 🔄 Identity rotated (every 10 requests)
[04:43:30] [356/455] INCH
[04:43:31] [357/455] MLMT
[04:43:32] [358/455] SSCC
[04:43:33] [359/455] SLMP
[04:43:34] [360/455] VVTN
[04:43:35] [361/455] SBTR
[04:43:36] [362/455] PGRA
[04:43:36] [363/455] PBRM
[04:43:37] [364/455] GCRP
[04:43:38] [365/455] MCSK
[04:43:38] 🔄 Identity reset
[04:43:38] 🔄 Identity rotated (every 10 requests)
[04:43:39] [366/455] NLTC
[04:43:40] [367/455] MTLM
[04:43:40] [368/455] VECT
[04:43:41] [369/455] KMRM
[04:43:42] [370/455] RACM
[04:43:43] [371/455] WSTC
[04:43:44] [372/455] PVTJ
[04:43:45] [373/455] MMKC
[04:43:46] [374/455] SVWT
[04:43:46] [375/455] JOTG
[04:43:47] 🔄 Identity reset
[04:43:47] 🔄 Identity rotated (every 10 requests)
[04:43:47] [376/455] VCDK
[04:43:48] [377/455] ANAC
[04:43:49] [378/455] GRTC
[04:43:50] [379/455] JTPL
[04:43:51] [380/455] VRCP
[04:43:52] [381/455] REMC
[04:43:53] [382/455] ATMG
[04:43:54] [383/455] GAHC
[04:43:55] [384/455] JTMV
[04:43:56] [385/455] OMTT
[04:43:57] 🔄 Identity reset
[04:43:57] 🔄 Identity rotated (every 10 requests)
[04:43:57] [386/455] GKKC
[04:43:58] [387/455] BBPO
[04:43:59] [388/455] ZCBB
[04:44:00] [389/455] DCGO
[04:44:01] [390/455] STOP
[04:44:02] [391/455] BSPC
[04:44:03] [392/455] SOND
[04:44:05] [393/455] GCKG
[04:44:05] [394/455] PCDB
[04:44:06] [395/455] PGRC
[04:44:07] 🔄 Identity reset
[04:44:07] 🔄 Identity rotated (every 10 requests)
[04:44:07] 🔄 Retry 1/5 for PGRC in 2.3s
[04:44:07] 🔄 Identity reset
[04:44:09] 🧠 New identity created
[04:44:10] [396/455] CSCT
[04:44:10] [397/455] STDA
[04:44:11] [398/455] JAYD
[04:44:12] [399/455] PPPD
[04:44:13] [400/455] KRTT
[04:44:14] [401/455] PTDT
[04:44:15] [402/455] TRSV
[04:44:15] [403/455] VELR
[04:44:16] [404/455] STDT
[04:44:17] 🔄 Identity reset
[04:44:17] 🔄 Identity rotated (every 10 requests)
[04:44:17] [405/455] SATT
[04:44:18] [406/455] KCPM
[04:44:19] [407/455] MFCP
[04:44:20] [408/455] AXMP
[04:44:20] [409/455] LTVB
[04:44:21] [410/455] APST
[04:44:22] [411/455] DTVP
[04:44:23] [412/455] AAVB
[04:44:24] [413/455] PMBL
[04:44:26] [414/455] STKC
[04:44:26] 🔄 Identity reset
[04:44:26] 🔄 Identity rotated (every 10 requests)
[04:44:27] [415/455] KKMA
[04:44:28] [416/455] NMXS
[04:44:29] [417/455] DECX
[04:44:30] [418/455] MAPJ
[04:44:31] [419/455] SMLK
[04:44:32] [420/455] PMPU
[04:44:33] [421/455] AFST
[04:44:34] [422/455] SRSY
[04:44:35] [423/455] RMKT
[04:44:36] [424/455] RAJX
[04:44:37] 🔄 Identity reset
[04:44:37] 🔄 Identity rotated (every 10 requests)
[04:44:37] [425/455] UVCD
[04:44:38] [426/455] LISA
[04:44:39] [427/455] LMSR
[04:44:40] [428/455] PMCA
[04:44:41] [429/455] INPO
[04:44:42] [430/455] INGO
[04:44:42] [431/455] HFSQ
[04:44:44] [432/455] INMG
[04:44:45] [433/455] NYCP
[04:44:45] [434/455] HFSV
[04:44:46] 🔄 Identity reset
[04:44:46] 🔄 Identity rotated (every 10 requests)
[04:44:46] [435/455] MMZP
[04:44:47] [436/455] KSES
[04:44:48] [437/455] HFSA
[04:44:49] [438/455] ACMM
[04:44:50] [439/455] RCKD
[04:44:51] [440/455] BCKR
[04:44:52] [441/455] SFCO
[04:44:53] [442/455] JCCB
[04:44:54] [443/455] BCCR
[04:44:55] [444/455] NWCB
[04:44:56] 🔄 Identity reset
[04:44:56] 🔄 Identity rotated (every 10 requests)
[04:44:56] [445/455] SAMT
[04:44:57] [446/455] TMST
[04:44:58] [447/455] SJCN
[04:44:59] [448/455] MCBS
[04:45:00] [449/455] CMKR
[04:45:01] [450/455] INPM
[04:45:02] [451/455] WVMT
[04:45:03] [452/455] NYSM
[04:45:04] [453/455] RCMA
[04:45:05] [454/455] RECM
[04:45:05] 🔄 Identity reset
[04:45:05] 🔄 Identity rotated (every 10 requests)
[04:45:05] [455/455] CYCM
[04:45:06] 🧹 Deduping shows
[04:45:06] ✅ DONE | Shows=676 | Movies=41
[21:44:46] 🚀 SCRIPT STARTED (enhanced anti‑detection)
[21:44:46] [1/455] MXGN
[21:44:47] 🧠 New identity created
[21:44:47] [2/455] PGGM
[21:44:48] [3/455] IPMJ
[21:44:49] [4/455] M2PP
[21:44:50] [5/455] PMMS
[21:44:51] [6/455] SCJN
[21:44:53] [7/455] CPUM
[21:44:54] [8/455] SCND
[21:44:55] [9/455] INWM
[21:44:56] [10/455] DVDC
[21:44:56] 🔄 Identity reset
[21:44:56] 🔄 Identity rotated (every 10 requests)
[21:44:57] [11/455] WVND
[21:44:57] [12/455] LBDL
[21:44:58] [13/455] CRGM
[21:44:59] [14/455] PVKS
[21:45:00] [15/455] PBLL
[21:45:01] [16/455] FNLN
[21:45:02] [17/455] PPDA
[21:45:04] [18/455] SCPT
[21:45:05] [19/455] IAJS
[21:45:05] [20/455] MMZG
[21:45:06] 🔄 Identity reset
[21:45:06] 🔄 Identity rotated (every 10 requests)
[21:45:06] [21/455] MCTI
[21:45:07] [22/455] PPMF
[21:45:08] [23/455] FNSD
[21:45:09] [24/455] M2RH
[21:45:10] [25/455] CPGV
[21:45:11] [26/455] PECD
[21:45:11] [27/455] CTEE
[21:45:12] [28/455] IOMG
[21:45:13] [29/455] CIJA
[21:45:14] [30/455] NYCG
[21:45:15] 🔄 Identity reset
[21:45:15] 🔄 Identity rotated (every 10 requests)
[21:45:15] [31/455] CEST
[21:45:16] [32/455] WVRG
[21:45:17] [33/455] DPDC
[21:45:18] [34/455] PDIV
[21:45:19] [35/455] MTPP
[21:45:20] [36/455] MHNU
[21:45:20] [37/455] WUPG
[21:45:21] [38/455] USCO
[21:45:22] [39/455] INFR
[21:45:23] [40/455] PVPD
[21:45:24] 🔄 Identity reset
[21:45:24] 🔄 Identity rotated (every 10 requests)
[21:45:24] [41/455] RONC
[21:45:25] [42/455] IOCP
[21:45:26] [43/455] EMPS
[21:45:27] [44/455] PNAD
[21:45:28] [45/455] VVGZ
[21:45:29] [46/455] MDDC
[21:45:30] [47/455] MMAP
[21:45:31] [48/455] GPDC
[21:45:32] [49/455] PVPU
[21:45:33] [50/455] DCMV
[21:45:33] 🔄 Identity reset
[21:45:33] 🔄 Identity rotated (every 10 requests)
[21:45:33] [51/455] PCCF
[21:45:34] [52/455] MCEF
[21:45:35] [53/455] INRD
[21:45:36] [54/455] CCPZ
[21:45:37] [55/455] BCWG
[21:45:38] [56/455] PMGU
[21:45:39] [57/455] MCVM
[21:45:40] [58/455] MCDE
[21:45:41] [59/455] IEFM
[21:45:42] [60/455] MXCS
[21:45:42] 🔄 Identity reset
[21:45:42] 🔄 Identity rotated (every 10 requests)
[21:45:43] [61/455] RNMT
[21:45:44] [62/455] PSDD
[21:45:45] [63/455] PETA
[21:45:46] [64/455] IZOP
[21:45:47] [65/455] PDEI
[21:45:48] [66/455] MTND
[21:45:48] [67/455] PCPL
[21:45:49] [68/455] LSCM
[21:45:50] [69/455] BTFD
[21:45:51] [70/455] MERM
[21:45:52] 🔄 Identity reset
[21:45:52] 🔄 Identity rotated (every 10 requests)
[21:45:52] [71/455] PVMS
[21:45:53] [72/455] CIGK
[21:45:54] [73/455] INSG
[21:45:55] [74/455] IDEN
[21:45:56] [75/455] MCGN
[21:45:57] [76/455] IGAM
[21:45:57] [77/455] SLCU
[21:45:58] [78/455] MIMU
[21:45:59] [79/455] QLAC
[21:46:01] [80/455] MENL
[21:46:01] 🔄 Identity reset
[21:46:01] 🔄 Identity rotated (every 10 requests)
[21:46:01] 🔄 Retry 1/5 for MENL in 2.4s
[21:46:01] 🔄 Identity reset
[21:46:04] 🧠 New identity created
[21:46:04] [81/455] SCUR
[21:46:06] [82/455] MDGD
[21:46:06] [83/455] LSRS
[21:46:07] [84/455] KMLG
[21:46:08] [85/455] MKLJ
[21:46:09] [86/455] IBYG
[21:46:10] [87/455] ISML
[21:46:11] [88/455] MJMM
[21:46:12] [89/455] RCGD
[21:46:12] 🔄 Identity reset
[21:46:12] 🔄 Identity rotated (every 10 requests)
[21:46:13] [90/455] MMOC
[21:46:14] [91/455] RRCO
[21:46:15] [92/455] MEDM
[21:46:16] [93/455] MCAZ
[21:46:16] [94/455] STWA
[21:46:18] [95/455] PFFG
[21:46:19] [96/455] GAGC
[21:46:20] [97/455] PMPM
[21:46:21] [98/455] HVCD
[21:46:22] [99/455] AKRF
[21:46:23] 🔄 Identity reset
[21:46:23] 🔄 Identity rotated (every 10 requests)
[21:46:23] [100/455] AKRC
[21:46:24] [101/455] MIDA
[21:46:25] [102/455] MAGX
[21:46:26] [103/455] ESOS
[21:46:27] [104/455] BBCL
[21:46:28] [105/455] LYAS
[21:46:28] [106/455] NRMS
[21:46:29] [107/455] BHUC
[21:46:30] [108/455] SRIC
[21:46:31] [109/455] PDME
[21:46:31] 🔄 Identity reset
[21:46:31] 🔄 Identity rotated (every 10 requests)
[21:46:32] [110/455] MJCS
[21:46:33] [111/455] NRAA
[21:46:33] [112/455] VATA
[21:46:34] [113/455] MNKC
[21:46:35] [114/455] DHCL
[21:46:36] [115/455] JCPC
[21:46:37] [116/455] CTML
[21:46:38] [117/455] RMMR
[21:46:39] [118/455] STTL
[21:46:40] [119/455] CNPS
[21:46:41] 🔄 Identity reset
[21:46:41] 🔄 Identity rotated (every 10 requests)
[21:46:41] [120/455] ACKL
[21:46:42] [121/455] SCAU
[21:46:43] [122/455] RMIA
[21:46:44] [123/455] MANU
[21:46:45] [124/455] ARDC
[21:46:46] [125/455] GLDA
[21:46:47] [126/455] KVSW
[21:46:47] [127/455] CGCA
[21:46:48] [128/455] CMLO
[21:46:49] [129/455] CECB
[21:46:50] 🔄 Identity reset
[21:46:50] 🔄 Identity rotated (every 10 requests)
[21:46:50] [130/455] RCPN
[21:46:51] [131/455] ASMW
[21:46:53] [132/455] PWLM
[21:46:54] [133/455] ASGM
[21:46:55] [134/455] ACWH
[21:46:55] [135/455] AAPW
[21:46:56] [136/455] RTWA
[21:46:57] [137/455] RAMW
[21:46:58] [138/455] VKTR
[21:46:59] [139/455] SMBH
[21:47:00] 🔄 Identity reset
[21:47:00] 🔄 Identity rotated (every 10 requests)
[21:47:00] [140/455] BVDR
[21:47:01] [141/455] MRTP
[21:47:02] [142/455] BLBR
[21:47:03] [143/455] LPIN
[21:47:03] [144/455] SNPC
[21:47:04] [145/455] PDCB
[21:47:05] [146/455] DYPK
[21:47:06] [147/455] INMK
[21:47:07] [148/455] PDCK
[21:47:08] [149/455] PCKR
[21:47:08] 🔄 Identity reset
[21:47:08] 🔄 Identity rotated (every 10 requests)
[21:47:09] [150/455] SHUA
[21:47:10] [151/455] SCVK
[21:47:11] [152/455] STPA
[21:47:11] [153/455] WVHD
[21:47:12] [154/455] MRCH
[21:47:14] [155/455] MCNP
[21:47:15] [156/455] RCAG
[21:47:16] [157/455] JTSN
[21:47:17] [158/455] AANS
[21:47:18] [159/455] GDDR
[21:47:18] 🔄 Identity reset
[21:47:19] 🔄 Identity rotated (every 10 requests)
[21:47:19] [160/455] SRER
[21:47:20] [161/455] JKMA
[21:47:21] [162/455] ARAN
[21:47:22] [163/455] ALCT
[21:47:23] [164/455] CCTA
[21:47:24] [165/455] CNCT
[21:47:25] [166/455] NZBL
[21:47:26] [167/455] SRRA
[21:47:27] [168/455] SVPW
[21:47:29] [169/455] SRTW
[21:47:29] 🔄 Identity reset
[21:47:30] 🔄 Identity rotated (every 10 requests)
[21:47:30] [170/455] XMTD
[21:47:31] [171/455] SCCZ
[21:47:32] [172/455] PBCR
[21:47:33] [173/455] RTSC
[21:47:34] [174/455] TLSV
[21:47:35] [175/455] RMTK
[21:47:37] [176/455] SRAT
[21:47:38] [177/455] GCYC
[21:47:38] [178/455] HCAJ
[21:47:39] [179/455] LCXA
[21:47:40] 🔄 Identity reset
[21:47:40] 🔄 Identity rotated (every 10 requests)
[21:47:40] [180/455] BINT
[21:47:41] [181/455] IXIM
[21:47:42] [182/455] MBCR
[21:47:42] [183/455] BMCJ
[21:47:43] [184/455] NICJ
[21:47:44] [185/455] SCAJ
[21:47:45] [186/455] CMXS
[21:47:46] [187/455] MMSR
[21:47:47] [188/455] PRKT
[21:47:48] [189/455] LPTH
[21:47:48] 🔄 Identity reset
[21:47:48] 🔄 Identity rotated (every 10 requests)
[21:47:49] [190/455] SARP
[21:47:50] [191/455] MNPP
[21:47:51] [192/455] PRLR
[21:47:52] [193/455] RCMW
[21:47:53] [194/455] FCMG
[21:47:53] [195/455] RTNK
[21:47:55] [196/455] LRCP
[21:47:56] [197/455] DBJR
[21:47:57] [198/455] CACN
[21:47:58] [199/455] AMRL
[21:47:58] 🔄 Identity reset
[21:47:58] 🔄 Identity rotated (every 10 requests)
[21:47:59] [200/455] SBBC
[21:48:00] [201/455] VENN
[21:48:01] [202/455] STSS
[21:48:02] [203/455] SMRB
[21:48:03] [204/455] CCMX
[21:48:04] [205/455] KCMR
[21:48:05] [206/455] SALH
[21:48:05] [207/455] CGTT
[21:48:06] [208/455] PMDR
[21:48:07] [209/455] VCPM
[21:48:08] 🔄 Identity reset
[21:48:08] 🔄 Identity rotated (every 10 requests)
[21:48:08] [210/455] RZMX
[21:48:09] [211/455] TMSY
[21:48:10] [212/455] NTMS
[21:48:10] [213/455] VTAG
[21:48:11] [214/455] REMA
[21:48:12] [215/455] NXCC
[21:48:13] [216/455] SKYM
[21:48:15] [217/455] CCMO
[21:48:16] [218/455] DMXM
[21:48:17] [219/455] SPPM
[21:48:18] 🔄 Identity reset
[21:48:18] 🔄 Identity rotated (every 10 requests)
[21:48:18] [220/455] PTKL
[21:48:19] [221/455] SLVO
[21:48:20] [222/455] VASL
[21:48:21] [223/455] CBCM
[21:48:22] [224/455] STMA
[21:48:23] [225/455] LASK
[21:48:23] [226/455] VITE
[21:48:25] [227/455] AAST
[21:48:26] [228/455] JTPT
[21:48:26] [229/455] RRSH
[21:48:27] 🔄 Identity reset
[21:48:27] 🔄 Identity rotated (every 10 requests)
[21:48:28] [230/455] CINL
[21:48:28] [231/455] MCSR
[21:48:29] [232/455] SBCF
[21:48:30] [233/455] GCDU
[21:48:31] [234/455] PSPR
[21:48:32] [235/455] IMMO
[21:48:33] [236/455] CLGM
[21:48:34] [237/455] PBMM
[21:48:35] [238/455] CEHR
[21:48:36] [239/455] CPOE
[21:48:37] 🔄 Identity reset
[21:48:37] 🔄 Identity rotated (every 10 requests)
[21:48:37] [240/455] PGFD
[21:48:38] [241/455] PSLC
[21:48:39] [242/455] MSMD
[21:48:40] [243/455] FMFB
[21:48:41] [244/455] RKCL
[21:48:42] [245/455] PMMC
[21:48:43] [246/455] SKMM
[21:48:43] [247/455] VOIB
[21:48:44] [248/455] KINO
[21:48:45] [249/455] VCTP
[21:48:46] 🔄 Identity reset
[21:48:46] 🔄 Identity rotated (every 10 requests)
[21:48:46] [250/455] PDWR
[21:48:47] [251/455] SAED
[21:48:48] [252/455] SRRT
[21:48:49] [253/455] CVLG
[21:48:50] [254/455] SNGN
[21:48:51] [255/455] SIDA
[21:48:52] [256/455] IMCB
[21:48:53] [257/455] SMHP
[21:48:54] [258/455] GDTY
[21:48:55] [259/455] VYCH
[21:48:55] 🔄 Identity reset
[21:48:55] 🔄 Identity rotated (every 10 requests)
[21:48:56] [260/455] PDYA
[21:48:57] [261/455] RKDO
[21:48:58] [262/455] VECG
[21:48:59] [263/455] NFGD
[21:49:00] [264/455] SNDC
[21:49:01] [265/455] SDJH
[21:49:02] [266/455] HASV
[21:49:02] [267/455] PTYK
[21:49:03] [268/455] MUTB
[21:49:04] [269/455] AMRT
[21:49:05] 🔄 Identity reset
[21:49:05] 🔄 Identity rotated (every 10 requests)
[21:49:05] [270/455] VACD
[21:49:06] [271/455] SKDD
[21:49:07] [272/455] STGR
[21:49:08] [273/455] GDAK
[21:49:08] [274/455] SKHK
[21:49:09] [275/455] SLND
[21:49:11] [276/455] APAP
[21:49:12] [277/455] AYYA
[21:49:13] [278/455] VCCZ
[21:49:14] [279/455] MEML
[21:49:14] 🔄 Identity reset
[21:49:14] 🔄 Identity rotated (every 10 requests)
[21:49:15] [280/455] MAOU
[21:49:16] [281/455] ESND
[21:49:17] [282/455] PTBZ
[21:49:18] [283/455] LBCN
[21:49:19] [284/455] PAWA
[21:49:20] [285/455] ZEIC
[21:49:20] [286/455] CGMM
[21:49:21] [287/455] PJPM
[21:49:22] [288/455] ECMR
[21:49:23] [289/455] SHMZ
[21:49:24] 🔄 Identity reset
[21:49:24] 🔄 Identity rotated (every 10 requests)
[21:49:24] [290/455] STCA
[21:49:25] [291/455] VDRC
[21:49:26] [292/455] SEEM
[21:49:27] [293/455] MKNS
[21:49:27] [294/455] KPPP
[21:49:28] [295/455] CCML
[21:49:29] [296/455] CIBA
[21:49:31] [297/455] NACS
[21:49:31] [298/455] CTMK
[21:49:32] [299/455] CTCT
[21:49:33] 🔄 Identity reset
[21:49:33] 🔄 Identity rotated (every 10 requests)
[21:49:33] [300/455] MCSN
[21:49:34] [301/455] MAXX
[21:49:35] [302/455] MECB
[21:49:36] [303/455] NTBY
[21:49:37] [304/455] UTBI
[21:49:37] [305/455] RADK
[21:49:38] [306/455] STBY
[21:49:39] [307/455] GTBY
[21:49:41] [308/455] RRMB
[21:49:42] [309/455] ABRN
[21:49:42] 🔄 Identity reset
[21:49:42] 🔄 Identity rotated (every 10 requests)
[21:49:43] [310/455] GTSG
[21:49:44] [311/455] GBTG
[21:49:44] [312/455] SBGS
[21:49:45] [313/455] KBPM
[21:49:46] [314/455] SMHT
[21:49:47] [315/455] VTDM
[21:49:48] [316/455] ASCT
[21:49:49] [317/455] AWCT
[21:49:50] [318/455] DCCU
[21:49:51] [319/455] PSCE
[21:49:51] 🔄 Identity reset
[21:49:51] 🔄 Identity rotated (every 10 requests)
[21:49:52] [320/455] KSNY
[21:49:53] [321/455] ACID
[21:49:53] [322/455] LVCD
[21:49:54] [323/455] KSSB
[21:49:55] [324/455] SWTD
[21:49:56] [325/455] RBMR
[21:49:58] [326/455] SCBC
[21:49:58] [327/455] RKME
[21:49:59] [328/455] GALX
[21:50:00] [329/455] GCCH
[21:50:01] 🔄 Identity reset
[21:50:01] 🔄 Identity rotated (every 10 requests)
[21:50:01] [330/455] RATR
[21:50:02] [331/455] GTGA
[21:50:03] [332/455] LTTR
[21:50:04] [333/455] TTAA
[21:50:05] [334/455] TVHP
[21:50:06] [335/455] KVCS
[21:50:07] [336/455] CBMC
[21:50:08] [337/455] MAYJ
[21:50:09] [338/455] INPR
[21:50:10] [339/455] RSSC
[21:50:10] 🔄 Identity reset
[21:50:10] 🔄 Identity rotated (every 10 requests)
[21:50:11] [340/455] PCAN
[21:50:12] [341/455] PVHR
[21:50:12] [342/455] AGSM
[21:50:13] [343/455] PVES
[21:50:14] [344/455] INTO
[21:50:16] [345/455] ACON
[21:50:17] [346/455] PVPZ
[21:50:18] [347/455] PVHC
[21:50:19] [348/455] KSTK
[21:50:20] [349/455] PVSR
[21:50:21] 🔄 Identity reset
[21:50:21] 🔄 Identity rotated (every 10 requests)
[21:50:21] [350/455] ACTN
[21:50:22] [351/455] FMCN
[21:50:24] [352/455] PABC
[21:50:25] [353/455] SUTC
[21:50:26] [354/455] PGMV
[21:50:26] [355/455] GKCP
[21:50:27] [356/455] INCH
[21:50:28] [357/455] MLMT
[21:50:29] [358/455] SSCC
[21:50:30] [359/455] SLMP
[21:50:31] 🔄 Identity reset
[21:50:31] 🔄 Identity rotated (every 10 requests)
[21:50:31] [360/455] VVTN
[21:50:32] [361/455] SBTR
[21:50:34] [362/455] PGRA
[21:50:35] [363/455] PBRM
[21:50:35] [364/455] GCRP
[21:50:36] [365/455] MCSK
[21:50:37] [366/455] NLTC
[21:50:38] [367/455] MTLM
[21:50:40] [368/455] VECT
[21:50:41] [369/455] KMRM
[21:50:41] 🔄 Identity reset
[21:50:41] 🔄 Identity rotated (every 10 requests)
[21:50:42] [370/455] RACM
[21:50:42] [371/455] WSTC
[21:50:43] [372/455] PVTJ
[21:50:44] [373/455] MMKC
[21:50:46] [374/455] SVWT
[21:50:47] [375/455] JOTG
[21:50:48] [376/455] VCDK
[21:50:49] [377/455] ANAC
[21:50:50] [378/455] GRTC
[21:50:50] [379/455] JTPL
[21:50:51] 🔄 Identity reset
[21:50:51] 🔄 Identity rotated (every 10 requests)
[21:50:51] [380/455] VRCP
[21:50:53] [381/455] REMC
[21:50:54] [382/455] ATMG
[21:50:55] [383/455] GAHC
[21:50:56] [384/455] JTMV
[21:50:57] [385/455] OMTT
[21:50:57] [386/455] GKKC
[21:50:59] [387/455] BBPO
[21:51:00] [388/455] ZCBB
[21:51:01] [389/455] DCGO
[21:51:02] 🔄 Identity reset
[21:51:02] 🔄 Identity rotated (every 10 requests)
[21:51:02] [390/455] STOP
[21:51:03] [391/455] BSPC
[21:51:04] [392/455] SOND
[21:51:05] [393/455] GCKG
[21:51:06] [394/455] PCDB
[21:51:07] [395/455] PGRC
[21:51:08] [396/455] CSCT
[21:51:08] [397/455] STDA
[21:51:10] [398/455] JAYD
[21:51:11] [399/455] PPPD
[21:51:11] 🔄 Identity reset
[21:51:11] 🔄 Identity rotated (every 10 requests)
[21:51:12] [400/455] KRTT
[21:51:12] [401/455] PTDT
[21:51:13] [402/455] TRSV
[21:51:14] [403/455] VELR
[21:51:16] [404/455] STDT
[21:51:17] [405/455] SATT
[21:51:18] [406/455] KCPM
[21:51:19] [407/455] MFCP
[21:51:20] [408/455] AXMP
[21:51:21] [409/455] LTVB
[21:51:21] 🔄 Identity reset
[21:51:21] 🔄 Identity rotated (every 10 requests)
[21:51:21] [410/455] APST
[21:51:22] [411/455] DTVP
[21:51:23] [412/455] AAVB
[21:51:24] [413/455] PMBL
[21:51:25] [414/455] STKC
[21:51:26] [415/455] KKMA
[21:51:27] [416/455] NMXS
[21:51:28] [417/455] DECX
[21:51:29] [418/455] MAPJ
[21:51:30] [419/455] SMLK
[21:51:31] 🔄 Identity reset
[21:51:31] 🔄 Identity rotated (every 10 requests)
[21:51:31] [420/455] PMPU
[21:51:32] [421/455] AFST
[21:51:33] [422/455] SRSY
[21:51:34] [423/455] RMKT
[21:51:35] [424/455] RAJX
[21:51:36] [425/455] UVCD
[21:51:37] [426/455] LISA
[21:51:38] [427/455] LMSR
[21:51:39] [428/455] PMCA
[21:51:41] [429/455] INPO
[21:51:42] 🔄 Identity reset
[21:51:42] 🔄 Identity rotated (every 10 requests)
[21:51:42] [430/455] INGO
[21:51:43] [431/455] HFSQ
[21:51:44] [432/455] INMG
[21:51:45] [433/455] NYCP
[21:51:46] [434/455] HFSV
[21:51:46] [435/455] MMZP
[21:51:48] [436/455] KSES
[21:51:48] [437/455] HFSA
[21:51:49] [438/455] ACMM
[21:51:50] [439/455] RCKD
[21:51:51] 🔄 Identity reset
[21:51:51] 🔄 Identity rotated (every 10 requests)
[21:51:51] [440/455] BCKR
[21:51:52] [441/455] SFCO
[21:51:53] [442/455] JCCB
[21:51:53] [443/455] BCCR
[21:51:54] [444/455] NWCB
[21:51:55] [445/455] SAMT
[21:51:56] [446/455] TMST
[21:51:58] [447/455] SJCN
[21:51:58] [448/455] MCBS
[21:51:59] [449/455] CMKR
[21:52:00] 🔄 Identity reset
[21:52:00] 🔄 Identity rotated (every 10 requests)
[21:52:00] [450/455] INPM
[21:52:01] [451/455] WVMT
[21:52:02] [452/455] NYSM
[21:52:03] [453/455] RCMA
[21:52:04] [454/455] RECM
[21:52:05] [455/455] CYCM
[21:52:06] 🧹 Deduping shows
[21:52:06] ✅ DONE | Shows=1080 | Movies=51
[16:01:21] 🚀 SCRIPT STARTED (enhanced anti‑detection)
[16:01:21] [1/455] MXGN
[16:01:22] 🧠 New identity created
[16:01:22] [2/455] PGGM
[16:01:23] [3/455] IPMJ
[16:01:24] [4/455] M2PP
[16:01:25] [5/455] PMMS
[16:01:26] [6/455] SCJN
[16:01:27] [7/455] CPUM
[16:01:28] [8/455] SCND
[16:01:29] [9/455] INWM
[16:01:30] [10/455] DVDC
[16:01:31] 🔄 Identity reset
[16:01:31] 🔄 Identity rotated (every 10 requests)
[16:01:31] [11/455] WVND
[16:01:32] [12/455] LBDL
[16:01:33] [13/455] CRGM
[16:01:34] [14/455] PVKS
[16:01:35] [15/455] PBLL
[16:01:36] [16/455] FNLN
[16:01:36] [17/455] PPDA
[16:01:37] [18/455] SCPT
[16:01:38] [19/455] IAJS
[16:01:40] [20/455] MMZG
[16:01:41] 🔄 Identity reset
[16:01:41] 🔄 Identity rotated (every 10 requests)
[16:01:41] [21/455] MCTI
[16:01:42] [22/455] PPMF
[16:01:43] [23/455] FNSD
[16:01:44] [24/455] M2RH
[16:01:45] [25/455] CPGV
[16:01:47] [26/455] PECD
[16:01:48] [27/455] CTEE
[16:01:48] [28/455] IOMG
[16:01:49] [29/455] CIJA
[16:01:50] [30/455] NYCG
[16:01:51] 🔄 Identity reset
[16:01:51] 🔄 Identity rotated (every 10 requests)
[16:01:51] [31/455] CEST
[16:01:52] [32/455] WVRG
[16:01:54] [33/455] DPDC
[16:01:55] [34/455] PDIV
[16:01:55] [35/455] MTPP
[16:01:56] [36/455] MHNU
[16:01:57] [37/455] WUPG
[16:01:58] [38/455] USCO
[16:01:59] [39/455] INFR
[16:02:00] [40/455] PVPD
[16:02:00] 🔄 Identity reset
[16:02:00] 🔄 Identity rotated (every 10 requests)
[16:02:01] [41/455] RONC
[16:02:02] [42/455] IOCP
[16:02:03] [43/455] EMPS
[16:02:04] [44/455] PNAD
[16:02:05] [45/455] VVGZ
[16:02:06] [46/455] MDDC
[16:02:07] [47/455] MMAP
[16:02:09] [48/455] GPDC
[16:02:10] [49/455] PVPU
[16:02:10] [50/455] DCMV
[16:02:11] 🔄 Identity reset
[16:02:11] 🔄 Identity rotated (every 10 requests)
[16:02:11] [51/455] PCCF
[16:02:13] [52/455] MCEF
[16:02:14] [53/455] INRD
[16:02:15] [54/455] CCPZ
[16:02:16] [55/455] BCWG
[16:02:17] [56/455] PMGU
[16:02:18] [57/455] MCVM
[16:02:19] [58/455] MCDE
[16:02:20] [59/455] IEFM
[16:02:20] [60/455] MXCS
[16:02:21] 🔄 Identity reset
[16:02:21] 🔄 Identity rotated (every 10 requests)
[16:02:21] [61/455] RNMT
[16:02:22] [62/455] PSDD
[16:02:23] [63/455] PETA
[16:02:24] [64/455] IZOP
[16:02:25] [65/455] PDEI
[16:02:26] [66/455] MTND
[16:02:28] [67/455] PCPL
[16:02:28] [68/455] LSCM
[16:02:29] [69/455] BTFD
[16:02:30] [70/455] MERM
[16:02:31] 🔄 Identity reset
[16:02:31] 🔄 Identity rotated (every 10 requests)
[16:02:31] [71/455] PVMS
[16:02:32] [72/455] CIGK
[16:02:33] [73/455] INSG
[16:02:34] [74/455] IDEN
[16:02:35] [75/455] MCGN
[16:02:36] [76/455] IGAM
[16:02:38] [77/455] SLCU
[16:02:39] [78/455] MIMU
[16:02:40] [79/455] QLAC
[16:02:41] [80/455] MENL
[16:02:41] 🔄 Identity reset
[16:02:42] 🔄 Identity rotated (every 10 requests)
[16:02:42] [81/455] SCUR
[16:02:43] [82/455] MDGD
[16:02:44] [83/455] LSRS
[16:02:45] [84/455] KMLG
[16:02:46] [85/455] MKLJ
[16:02:46] [86/455] IBYG
[16:02:47] [87/455] ISML
[16:02:49] [88/455] MJMM
[16:02:50] [89/455] RCGD
[16:02:51] [90/455] MMOC
[16:02:51] 🔄 Identity reset
[16:02:51] 🔄 Identity rotated (every 10 requests)
[16:02:52] [91/455] RRCO
[16:02:53] [92/455] MEDM
[16:02:54] [93/455] MCAZ
[16:02:55] [94/455] STWA
[16:02:55] [95/455] PFFG
[16:02:56] [96/455] GAGC
[16:02:57] [97/455] PMPM
[16:02:58] [98/455] HVCD
[16:02:59] [99/455] AKRF
[16:03:01] [100/455] AKRC
[16:03:01] 🔄 Identity reset
[16:03:01] 🔄 Identity rotated (every 10 requests)
[16:03:02] [101/455] MIDA
[16:03:03] [102/455] MAGX
[16:03:03] [103/455] ESOS
[16:03:04] [104/455] BBCL
[16:03:05] [105/455] LYAS
[16:03:06] [106/455] NRMS
[16:03:07] [107/455] BHUC
[16:03:08] [108/455] SRIC
[16:03:09] [109/455] PDME
[16:03:10] [110/455] MJCS
[16:03:10] 🔄 Identity reset
[16:03:10] 🔄 Identity rotated (every 10 requests)
[16:03:10] [111/455] NRAA
[16:03:11] [112/455] VATA
[16:03:12] [113/455] MNKC
[16:03:13] [114/455] DHCL
[16:03:14] [115/455] JCPC
[16:03:15] [116/455] CTML
[16:03:16] [117/455] RMMR
[16:03:17] [118/455] STTL
[16:03:18] [119/455] CNPS
[16:03:19] [120/455] ACKL
[16:03:19] 🔄 Identity reset
[16:03:19] 🔄 Identity rotated (every 10 requests)
[16:03:19] [121/455] SCAU
[16:03:20] [122/455] RMIA
[16:03:21] [123/455] MANU
[16:03:23] [124/455] ARDC
[16:03:24] [125/455] GLDA
[16:03:25] [126/455] KVSW
[16:03:26] [127/455] CGCA
[16:03:26] [128/455] CMLO
[16:03:28] [129/455] CECB
[16:03:29] [130/455] RCPN
[16:03:30] 🔄 Identity reset
[16:03:30] 🔄 Identity rotated (every 10 requests)
[16:03:30] [131/455] ASMW
[16:03:31] [132/455] PWLM
[16:03:32] [133/455] ASGM
[16:03:33] [134/455] ACWH
[16:03:34] [135/455] AAPW
[16:03:35] [136/455] RTWA
[16:03:36] [137/455] RAMW
[16:03:36] [138/455] VKTR
[16:03:37] [139/455] SMBH
[16:03:38] [140/455] BVDR
[16:03:39] 🔄 Identity reset
[16:03:39] 🔄 Identity rotated (every 10 requests)
[16:03:39] [141/455] MRTP
[16:03:41] [142/455] BLBR
[16:03:42] [143/455] LPIN
[16:03:43] [144/455] SNPC
[16:03:44] [145/455] PDCB
[16:03:45] [146/455] DYPK
[16:03:47] [147/455] INMK
[16:03:47] [148/455] PDCK
[16:03:48] [149/455] PCKR
[16:03:49] [150/455] SHUA
[16:03:50] 🔄 Identity reset
[16:03:50] 🔄 Identity rotated (every 10 requests)
[16:03:50] [151/455] SCVK
[16:03:51] [152/455] STPA
[16:03:52] [153/455] WVHD
[16:03:54] [154/455] MRCH
[16:03:55] [155/455] MCNP
[16:03:55] [156/455] RCAG
[16:03:56] [157/455] JTSN
[16:03:57] [158/455] AANS
[16:03:58] [159/455] GDDR
[16:03:59] [160/455] SRER
[16:04:00] 🔄 Identity reset
[16:04:00] 🔄 Identity rotated (every 10 requests)
[16:04:00] [161/455] JKMA
[16:04:01] [162/455] ARAN
[16:04:02] [163/455] ALCT
[16:04:03] [164/455] CCTA
[16:04:03] [165/455] CNCT
[16:04:04] [166/455] NZBL
[16:04:05] [167/455] SRRA
[16:04:06] [168/455] SVPW
[16:04:07] [169/455] SRTW
[16:04:08] [170/455] XMTD
[16:04:09] 🔄 Identity reset
[16:04:09] 🔄 Identity rotated (every 10 requests)
[16:04:10] [171/455] SCCZ
[16:04:11] [172/455] PBCR
[16:04:12] [173/455] RTSC
[16:04:13] [174/455] TLSV
[16:04:14] [175/455] RMTK
[16:04:14] [176/455] SRAT
[16:04:15] [177/455] GCYC
[16:04:16] [178/455] HCAJ
[16:04:17] [179/455] LCXA
[16:04:19] [180/455] BINT
[16:04:19] 🔄 Identity reset
[16:04:19] 🔄 Identity rotated (every 10 requests)
[16:04:20] [181/455] IXIM
[16:04:22] [182/455] MBCR
[16:04:22] [183/455] BMCJ
[16:04:23] [184/455] NICJ
[16:04:24] [185/455] SCAJ
[16:04:25] [186/455] CMXS
[16:04:26] [187/455] MMSR
[16:04:27] [188/455] PRKT
[16:04:28] [189/455] LPTH
[16:04:29] [190/455] SARP
[16:04:30] 🔄 Identity reset
[16:04:30] 🔄 Identity rotated (every 10 requests)
[16:04:31] [191/455] MNPP
[16:04:32] [192/455] PRLR
[16:04:33] [193/455] RCMW
[16:04:34] [194/455] FCMG
[16:04:35] [195/455] RTNK
[16:04:35] [196/455] LRCP
[16:04:36] [197/455] DBJR
[16:04:38] [198/455] CACN
[16:04:39] [199/455] AMRL
[16:04:40] [200/455] SBBC
[16:04:40] 🔄 Identity reset
[16:04:40] 🔄 Identity rotated (every 10 requests)
[16:04:40] [201/455] VENN
[16:04:41] [202/455] STSS
[16:04:42] [203/455] SMRB
[16:04:43] [204/455] CCMX
[16:04:44] [205/455] KCMR
[16:04:45] [206/455] SALH
[16:04:46] [207/455] CGTT
[16:04:47] [208/455] PMDR
[16:04:47] [209/455] VCPM
[16:04:48] [210/455] RZMX
[16:04:49] 🔄 Identity reset
[16:04:49] 🔄 Identity rotated (every 10 requests)
[16:04:49] [211/455] TMSY
[16:04:50] [212/455] NTMS
[16:04:51] [213/455] VTAG
[16:04:52] [214/455] REMA
[16:04:53] [215/455] NXCC
[16:04:54] [216/455] SKYM
[16:04:55] [217/455] CCMO
[16:04:56] [218/455] DMXM
[16:04:57] [219/455] SPPM
[16:04:58] [220/455] PTKL
[16:04:58] 🔄 Identity reset
[16:04:58] 🔄 Identity rotated (every 10 requests)
[16:04:58] [221/455] SLVO
[16:04:59] [222/455] VASL
[16:05:00] [223/455] CBCM
[16:05:01] [224/455] STMA
[16:05:02] [225/455] LASK
[16:05:03] [226/455] VITE
[16:05:04] [227/455] AAST
[16:05:05] [228/455] JTPT
[16:05:06] [229/455] RRSH
[16:05:07] [230/455] CINL
[16:05:07] 🔄 Identity reset
[16:05:07] 🔄 Identity rotated (every 10 requests)
[16:05:09] [231/455] MCSR
[16:05:09] [232/455] SBCF
[16:05:11] [233/455] GCDU
[16:05:12] [234/455] PSPR
[16:05:13] [235/455] IMMO
[16:05:14] [236/455] CLGM
[16:05:14] [237/455] PBMM
[16:05:15] [238/455] CEHR
[16:05:16] [239/455] CPOE
[16:05:17] [240/455] PGFD
[16:05:18] 🔄 Identity reset
[16:05:18] 🔄 Identity rotated (every 10 requests)
[16:05:18] [241/455] PSLC
[16:05:20] [242/455] MSMD
[16:05:21] [243/455] FMFB
[16:05:22] [244/455] RKCL
[16:05:23] [245/455] PMMC
[16:05:23] [246/455] SKMM
[16:05:24] [247/455] VOIB
[16:05:25] [248/455] KINO
[16:05:26] [249/455] VCTP
[16:05:27] [250/455] PDWR
[16:05:27] 🔄 Identity reset
[16:05:28] 🔄 Identity rotated (every 10 requests)
[16:05:28] [251/455] SAED
[16:05:29] [252/455] SRRT
[16:05:30] [253/455] CVLG
[16:05:30] [254/455] SNGN
[16:05:32] [255/455] SIDA
[16:05:33] [256/455] IMCB
[16:05:34] [257/455] SMHP
[16:05:35] [258/455] GDTY
[16:05:35] [259/455] VYCH
[16:05:36] [260/455] PDYA
[16:05:37] 🔄 Identity reset
[16:05:37] 🔄 Identity rotated (every 10 requests)
[16:05:37] [261/455] RKDO
[16:05:38] [262/455] VECG
[16:05:39] [263/455] NFGD
[16:05:40] [264/455] SNDC
[16:05:41] [265/455] SDJH
[16:05:43] [266/455] HASV
[16:05:44] [267/455] PTYK
[16:05:45] [268/455] MUTB
[16:05:46] [269/455] AMRT
[16:05:47] [270/455] VACD
[16:05:48] 🔄 Identity reset
[16:05:48] 🔄 Identity rotated (every 10 requests)
[16:05:48] [271/455] SKDD
[16:05:49] [272/455] STGR
[16:05:50] [273/455] GDAK
[16:05:51] [274/455] SKHK
[16:05:52] [275/455] SLND
[16:05:53] [276/455] APAP
[16:05:53] [277/455] AYYA
[16:05:54] [278/455] VCCZ
[16:05:55] [279/455] MEML
[16:05:56] [280/455] MAOU
[16:05:56] 🔄 Identity reset
[16:05:56] 🔄 Identity rotated (every 10 requests)
[16:05:57] [281/455] ESND
[16:05:58] [282/455] PTBZ
[16:06:00] [283/455] LBCN
[16:06:01] [284/455] PAWA
[16:06:02] [285/455] ZEIC
[16:06:04] [286/455] CGMM
[16:06:04] [287/455] PJPM
[16:06:05] [288/455] ECMR
[16:06:06] [289/455] SHMZ
[16:06:07] [290/455] STCA
[16:06:08] 🔄 Identity reset
[16:06:08] 🔄 Identity rotated (every 10 requests)
[16:06:09] [291/455] VDRC
[16:06:10] [292/455] SEEM
[16:06:11] [293/455] MKNS
[16:06:11] [294/455] KPPP
[16:06:12] [295/455] CCML
[16:06:13] [296/455] CIBA
[16:06:14] [297/455] NACS
[16:06:15] [298/455] CTMK
[16:06:16] [299/455] CTCT
[16:06:17] [300/455] MCSN
[16:06:17] 🔄 Identity reset
[16:06:17] 🔄 Identity rotated (every 10 requests)
[16:06:18] [301/455] MAXX
[16:06:19] [302/455] MECB
[16:06:19] [303/455] NTBY
[16:06:20] [304/455] UTBI
[16:06:21] [305/455] RADK
[16:06:22] [306/455] STBY
[16:06:23] [307/455] GTBY
[16:06:24] [308/455] RRMB
[16:06:25] [309/455] ABRN
[16:06:26] [310/455] GTSG
[16:06:27] 🔄 Identity reset
[16:06:27] 🔄 Identity rotated (every 10 requests)
[16:06:28] [311/455] GBTG
[16:06:29] [312/455] SBGS
[16:06:30] [313/455] KBPM
[16:06:31] [314/455] SMHT
[16:06:32] [315/455] VTDM
[16:06:33] [316/455] ASCT
[16:06:33] [317/455] AWCT
[16:06:34] [318/455] DCCU
[16:06:35] [319/455] PSCE
[16:06:36] [320/455] KSNY
[16:06:37] 🔄 Identity reset
[16:06:37] 🔄 Identity rotated (every 10 requests)
[16:06:38] [321/455] ACID
[16:06:39] [322/455] LVCD
[16:06:40] [323/455] KSSB
[16:06:41] [324/455] SWTD
[16:06:42] [325/455] RBMR
[16:06:43] [326/455] SCBC
[16:06:44] [327/455] RKME
[16:06:45] [328/455] GALX
[16:06:46] [329/455] GCCH
[16:06:47] [330/455] RATR
[16:06:47] 🔄 Identity reset
[16:06:47] 🔄 Identity rotated (every 10 requests)
[16:06:48] [331/455] GTGA
[16:06:49] [332/455] LTTR
[16:06:50] [333/455] TTAA
[16:06:51] [334/455] TVHP
[16:06:52] [335/455] KVCS
[16:06:53] [336/455] CBMC
[16:06:53] [337/455] MAYJ
[16:06:54] [338/455] INPR
[16:06:55] [339/455] RSSC
[16:06:56] [340/455] PCAN
[16:06:57] 🔄 Identity reset
[16:06:57] 🔄 Identity rotated (every 10 requests)
[16:06:57] [341/455] PVHR
[16:06:58] [342/455] AGSM
[16:06:59] [343/455] PVES
[16:07:00] [344/455] INTO
[16:07:01] [345/455] ACON
[16:07:02] [346/455] PVPZ
[16:07:03] [347/455] PVHC
[16:07:03] [348/455] KSTK
[16:07:05] [349/455] PVSR
[16:07:06] [350/455] ACTN
[16:07:06] 🔄 Identity reset
[16:07:06] 🔄 Identity rotated (every 10 requests)
[16:07:07] [351/455] FMCN
[16:07:07] [352/455] PABC
[16:07:08] [353/455] SUTC
[16:07:09] [354/455] PGMV
[16:07:10] [355/455] GKCP
[16:07:11] [356/455] INCH
[16:07:12] [357/455] MLMT
[16:07:13] [358/455] SSCC
[16:07:14] [359/455] SLMP
[16:07:15] [360/455] VVTN
[16:07:15] 🔄 Identity reset
[16:07:15] 🔄 Identity rotated (every 10 requests)
[16:07:16] [361/455] SBTR
[16:07:17] [362/455] PGRA
[16:07:18] [363/455] PBRM
[16:07:18] [364/455] GCRP
[16:07:19] [365/455] MCSK
[16:07:20] [366/455] NLTC
[16:07:21] [367/455] MTLM
[16:07:22] [368/455] VECT
[16:07:23] [369/455] KMRM
[16:07:24] [370/455] RACM
[16:07:24] 🔄 Identity reset
[16:07:24] 🔄 Identity rotated (every 10 requests)
[16:07:25] [371/455] WSTC
[16:07:26] [372/455] PVTJ
[16:07:27] [373/455] MMKC
[16:07:27] [374/455] SVWT
[16:07:28] [375/455] JOTG
[16:07:29] [376/455] VCDK
[16:07:30] [377/455] ANAC
[16:07:31] [378/455] GRTC
[16:07:32] [379/455] JTPL
[16:07:33] [380/455] VRCP
[16:07:34] 🔄 Identity reset
[16:07:34] 🔄 Identity rotated (every 10 requests)
[16:07:34] [381/455] REMC
[16:07:35] [382/455] ATMG
[16:07:36] [383/455] GAHC
[16:07:37] [384/455] JTMV
[16:07:38] [385/455] OMTT
[16:07:39] [386/455] GKKC
[16:07:39] [387/455] BBPO
[16:07:40] [388/455] ZCBB
[16:07:41] [389/455] DCGO
[16:07:42] [390/455] STOP
[16:07:43] 🔄 Identity reset
[16:07:43] 🔄 Identity rotated (every 10 requests)
[16:07:44] [391/455] BSPC
[16:07:45] [392/455] SOND
[16:07:46] [393/455] GCKG
[16:07:46] [394/455] PCDB
[16:07:47] [395/455] PGRC
[16:07:48] [396/455] CSCT
[16:07:49] [397/455] STDA
[16:07:50] [398/455] JAYD
[16:07:50] [399/455] PPPD
[16:07:51] [400/455] KRTT
[16:07:52] 🔄 Identity reset
[16:07:52] 🔄 Identity rotated (every 10 requests)
[16:07:52] [401/455] PTDT
[16:07:53] [402/455] TRSV
[16:07:54] [403/455] VELR
[16:07:55] [404/455] STDT
[16:07:56] [405/455] SATT
[16:07:56] [406/455] KCPM
[16:07:57] [407/455] MFCP
[16:07:58] [408/455] AXMP
[16:07:59] [409/455] LTVB
[16:08:00] [410/455] APST
[16:08:00] 🔄 Identity reset
[16:08:00] 🔄 Identity rotated (every 10 requests)
[16:08:01] [411/455] DTVP
[16:08:01] [412/455] AAVB
[16:08:02] [413/455] PMBL
[16:08:03] [414/455] STKC
[16:08:04] [415/455] KKMA
[16:08:05] [416/455] NMXS
[16:08:06] [417/455] DECX
[16:08:07] [418/455] MAPJ
[16:08:07] [419/455] SMLK
[16:08:08] [420/455] PMPU
[16:08:09] 🔄 Identity reset
[16:08:09] 🔄 Identity rotated (every 10 requests)
[16:08:09] [421/455] AFST
[16:08:10] [422/455] SRSY
[16:08:11] [423/455] RMKT
[16:08:12] [424/455] RAJX
[16:08:13] [425/455] UVCD
[16:08:13] [426/455] LISA
[16:08:14] [427/455] LMSR
[16:08:15] [428/455] PMCA
[16:08:16] [429/455] INPO
[16:08:17] [430/455] INGO
[16:08:17] 🔄 Identity reset
[16:08:17] 🔄 Identity rotated (every 10 requests)
[16:08:18] [431/455] HFSQ
[16:08:19] [432/455] INMG
[16:08:19] [433/455] NYCP
[16:08:20] [434/455] HFSV
[16:08:21] [435/455] MMZP
[16:08:22] [436/455] KSES
[16:08:23] [437/455] HFSA
[16:08:23] [438/455] ACMM
[16:08:25] [439/455] RCKD
[16:08:26] [440/455] BCKR
[16:08:26] 🔄 Identity reset
[16:08:27] 🔄 Identity rotated (every 10 requests)
[16:08:27] [441/455] SFCO
[16:08:27] [442/455] JCCB
[16:08:29] [443/455] BCCR
[16:08:31] [444/455] NWCB
[16:08:31] [445/455] SAMT
[16:08:32] [446/455] TMST
[16:08:33] [447/455] SJCN
[16:08:34] [448/455] MCBS
[16:08:35] [449/455] CMKR
[16:08:36] [450/455] INPM
[16:08:37] 🔄 Identity reset
[16:08:37] 🔄 Identity rotated (every 10 requests)
[16:08:37] [451/455] WVMT
[16:08:38] [452/455] NYSM
[16:08:39] [453/455] RCMA
[16:08:40] [454/455] RECM
[16:08:40] [455/455] CYCM
[16:08:42] 🧹 Deduping shows
[16:08:42] ✅ DONE | Shows=1966 | Movies=64
[00:06:07] 🚀 SCRIPT STARTED
[00:06:07] [1/455] MXGN
[00:06:07] 🧠 New identity created
[00:06:08] [2/455] PGGM
[00:06:09] [3/455] IPMJ
[00:06:11] [4/455] M2PP
[00:06:11] [5/455] PMMS
[00:06:12] [6/455] SCJN
[00:06:13] [7/455] CPUM
[00:06:14] [8/455] SCND
[00:06:15] [9/455] INWM
[00:06:16] [10/455] DVDC
[00:06:16] 🔄 Identity reset
[00:06:16] 🔄 Identity rotated (every 10 requests)
[00:06:17] [11/455] WVND
[00:06:18] [12/455] LBDL
[00:06:19] [13/455] CRGM
[00:06:20] [14/455] PVKS
[00:06:21] [15/455] PBLL
[00:06:22] [16/455] FNLN
[00:06:23] [17/455] PPDA
[00:06:24] [18/455] SCPT
[00:06:25] [19/455] IAJS
[00:06:26] [20/455] MMZG
[00:06:26] 🔄 Identity reset
[00:06:26] 🔄 Identity rotated (every 10 requests)
[00:06:27] [21/455] MCTI
[00:06:28] [22/455] PPMF
[00:06:29] [23/455] FNSD
[00:06:30] [24/455] M2RH
[00:06:31] [25/455] CPGV
[00:06:32] [26/455] PECD
[00:06:33] [27/455] CTEE
[00:06:34] [28/455] IOMG
[00:06:35] [29/455] CIJA
[00:06:35] [30/455] NYCG
[00:06:35] 🔄 Identity reset
[00:06:35] 🔄 Identity rotated (every 10 requests)
[00:06:37] [31/455] CEST
[00:06:37] [32/455] WVRG
[00:06:38] [33/455] DPDC
[00:06:39] [34/455] PDIV
[00:06:40] [35/455] MTPP
[00:06:41] [36/455] MHNU
[00:06:42] [37/455] WUPG
[00:06:43] [38/455] USCO
[00:06:44] [39/455] INFR
[00:06:45] [40/455] PVPD
[00:06:45] 🔄 Identity reset
[00:06:45] 🔄 Identity rotated (every 10 requests)
[00:06:46] [41/455] RONC
[00:06:47] [42/455] IOCP
[00:06:48] [43/455] EMPS
[00:06:48] [44/455] PNAD
[00:06:49] [45/455] VVGZ
[00:06:51] [46/455] MDDC
[00:06:52] [47/455] MMAP
[00:06:53] [48/455] GPDC
[00:06:54] [49/455] PVPU
[00:06:55] [50/455] DCMV
[00:06:55] 🔄 Identity reset
[00:06:55] 🔄 Identity rotated (every 10 requests)
[00:06:56] [51/455] PCCF
[00:06:57] [52/455] MCEF
[00:06:58] [53/455] INRD
[00:06:59] [54/455] CCPZ
[00:07:00] [55/455] BCWG
[00:07:01] [56/455] PMGU
[00:07:02] [57/455] MCVM
[00:07:03] [58/455] MCDE
[00:07:04] [59/455] IEFM
[00:07:05] [60/455] MXCS
[00:07:05] 🔄 Identity reset
[00:07:05] 🔄 Identity rotated (every 10 requests)
[00:07:06] [61/455] RNMT
[00:07:07] [62/455] PSDD
[00:07:08] [63/455] PETA
[00:07:09] [64/455] IZOP
[00:07:10] [65/455] PDEI
[00:07:11] [66/455] MTND
[00:07:12] [67/455] PCPL
[00:07:14] [68/455] LSCM
[00:07:15] [69/455] BTFD
[00:07:15] [70/455] MERM
[00:07:15] 🔄 Identity reset
[00:07:15] 🔄 Identity rotated (every 10 requests)
[00:07:16] [71/455] PVMS
[00:07:17] [72/455] CIGK
[00:07:19] [73/455] INSG
[00:07:20] [74/455] IDEN
[00:07:20] [75/455] MCGN
[00:07:22] [76/455] IGAM
[00:07:23] [77/455] SLCU
[00:07:24] [78/455] MIMU
[00:07:25] [79/455] QLAC
[00:07:26] [80/455] MENL
[00:07:26] 🔄 Identity reset
[00:07:26] 🔄 Identity rotated (every 10 requests)
[00:07:27] [81/455] SCUR
[00:07:28] [82/455] MDGD
[00:07:29] [83/455] LSRS
[00:07:30] [84/455] KMLG
[00:07:31] [85/455] MKLJ
[00:07:32] [86/455] IBYG
[00:07:32] [87/455] ISML
[00:07:34] [88/455] MJMM
[00:07:35] [89/455] RCGD
[00:07:36] [90/455] MMOC
[00:07:36] 🔄 Identity reset
[00:07:36] 🔄 Identity rotated (every 10 requests)
[00:07:37] [91/455] RRCO
[00:07:39] [92/455] MEDM
[00:07:40] [93/455] MCAZ
[00:07:41] [94/455] STWA
[00:07:42] [95/455] PFFG
[00:07:43] [96/455] GAGC
[00:07:44] [97/455] PMPM
[00:07:45] [98/455] HVCD
[00:07:46] [99/455] AKRF
[00:07:47] [100/455] AKRC
[00:07:47] 🔄 Identity reset
[00:07:47] 🔄 Identity rotated (every 10 requests)
[00:07:48] [101/455] MIDA
[00:07:49] [102/455] MAGX
[00:07:50] [103/455] ESOS
[00:07:51] [104/455] BBCL
[00:07:52] [105/455] LYAS
[00:07:53] [106/455] NRMS
[00:07:54] [107/455] BHUC
[00:07:55] [108/455] SRIC
[00:07:56] [109/455] PDME
[00:07:56] [110/455] MJCS
[00:07:56] 🔄 Identity reset
[00:07:56] 🔄 Identity rotated (every 10 requests)
[00:07:58] [111/455] NRAA
[00:07:59] [112/455] VATA
[00:08:00] [113/455] MNKC
[00:08:01] [114/455] DHCL
[00:08:02] [115/455] JCPC
[00:08:03] [116/455] CTML
[00:08:03] [117/455] RMMR
[00:08:04] [118/455] STTL
[00:08:05] [119/455] CNPS
[00:08:06] [120/455] ACKL
[00:08:06] 🔄 Identity reset
[00:08:06] 🔄 Identity rotated (every 10 requests)
[00:08:06] 🔄 Retry 1/5 for ACKL in 2.8s
[00:08:06] 🔄 Identity reset
[00:08:09] 🧠 New identity created
[00:08:10] [121/455] SCAU
[00:08:11] [122/455] RMIA
[00:08:12] [123/455] MANU
[00:08:13] [124/455] ARDC
[00:08:13] [125/455] GLDA
[00:08:14] [126/455] KVSW
[00:08:15] [127/455] CGCA
[00:08:17] [128/455] CMLO
[00:08:18] [129/455] CECB
[00:08:18] 🔄 Identity reset
[00:08:18] 🔄 Identity rotated (every 10 requests)
[00:08:18] [130/455] RCPN
[00:08:19] [131/455] ASMW
[00:08:20] [132/455] PWLM
[00:08:21] [133/455] ASGM
[00:08:21] [134/455] ACWH
[00:08:22] [135/455] AAPW
[00:08:24] [136/455] RTWA
[00:08:25] [137/455] RAMW
[00:08:26] [138/455] VKTR
[00:08:27] [139/455] SMBH
[00:08:27] 🔄 Identity reset
[00:08:28] 🔄 Identity rotated (every 10 requests)
[00:08:28] [140/455] BVDR
[00:08:29] [141/455] MRTP
[00:08:30] [142/455] BLBR
[00:08:31] [143/455] LPIN
[00:08:32] [144/455] SNPC
[00:08:33] [145/455] PDCB
[00:08:34] [146/455] DYPK
[00:08:35] [147/455] INMK
[00:08:36] [148/455] PDCK
[00:08:37] [149/455] PCKR
[00:08:37] 🔄 Identity reset
[00:08:37] 🔄 Identity rotated (every 10 requests)
[00:08:37] [150/455] SHUA
[00:08:39] [151/455] SCVK
[00:08:39] [152/455] STPA
[00:08:40] [153/455] WVHD
[00:08:41] [154/455] MRCH
[00:08:42] [155/455] MCNP
[00:08:43] [156/455] RCAG
[00:08:44] [157/455] JTSN
[00:08:45] [158/455] AANS
[00:08:46] [159/455] GDDR
[00:08:46] 🔄 Identity reset
[00:08:46] 🔄 Identity rotated (every 10 requests)
[00:08:47] [160/455] SRER
[00:08:47] [161/455] JKMA
[00:08:48] [162/455] ARAN
[00:08:49] [163/455] ALCT
[00:08:50] [164/455] CCTA
[00:08:51] [165/455] CNCT
[00:08:52] [166/455] NZBL
[00:08:52] [167/455] SRRA
[00:08:54] [168/455] SVPW
[00:08:55] [169/455] SRTW
[00:08:55] 🔄 Identity reset
[00:08:55] 🔄 Identity rotated (every 10 requests)
[00:08:56] [170/455] XMTD
[00:08:57] [171/455] SCCZ
[00:08:58] [172/455] PBCR
[00:08:58] [173/455] RTSC
[00:08:59] [174/455] TLSV
[00:09:00] [175/455] RMTK
[00:09:01] [176/455] SRAT
[00:09:02] [177/455] GCYC
[00:09:03] [178/455] HCAJ
[00:09:04] [179/455] LCXA
[00:09:04] 🔄 Identity reset
[00:09:04] 🔄 Identity rotated (every 10 requests)
[00:09:04] [180/455] BINT
[00:09:05] [181/455] IXIM
[00:09:06] [182/455] MBCR
[00:09:07] [183/455] BMCJ
[00:09:08] [184/455] NICJ
[00:09:09] [185/455] SCAJ
[00:09:10] [186/455] CMXS
[00:09:11] [187/455] MMSR
[00:09:12] [188/455] PRKT
[00:09:13] [189/455] LPTH
[00:09:13] 🔄 Identity reset
[00:09:13] 🔄 Identity rotated (every 10 requests)
[00:09:14] [190/455] SARP
[00:09:15] [191/455] MNPP
[00:09:16] [192/455] PRLR
[00:09:17] [193/455] RCMW
[00:09:18] [194/455] FCMG
[00:09:19] [195/455] RTNK
[00:09:20] [196/455] LRCP
[00:09:21] [197/455] DBJR
[00:09:22] [198/455] CACN
[00:09:23] [199/455] AMRL
[00:09:23] 🔄 Identity reset
[00:09:23] 🔄 Identity rotated (every 10 requests)
[00:09:24] [200/455] SBBC
[00:09:25] [201/455] VENN
[00:09:26] [202/455] STSS
[00:09:27] [203/455] SMRB
[00:09:27] [204/455] CCMX
[00:09:28] [205/455] KCMR
[00:09:29] [206/455] SALH
[00:09:30] [207/455] CGTT
[00:09:31] [208/455] PMDR
[00:09:32] [209/455] VCPM
[00:09:32] 🔄 Identity reset
[00:09:32] 🔄 Identity rotated (every 10 requests)
[00:09:33] [210/455] RZMX
[00:09:34] [211/455] TMSY
[00:09:35] [212/455] NTMS
[00:09:36] [213/455] VTAG
[00:09:37] [214/455] REMA
[00:09:38] [215/455] NXCC
[00:09:38] [216/455] SKYM
[00:09:39] [217/455] CCMO
[00:09:40] [218/455] DMXM
[00:09:41] [219/455] SPPM
[00:09:41] 🔄 Identity reset
[00:09:41] 🔄 Identity rotated (every 10 requests)
[00:09:42] [220/455] PTKL
[00:09:43] [221/455] SLVO
[00:09:43] [222/455] VASL
[00:09:45] [223/455] CBCM
[00:09:46] [224/455] STMA
[00:09:47] [225/455] LASK
[00:09:48] [226/455] VITE
[00:09:49] [227/455] AAST
[00:09:50] [228/455] JTPT
[00:09:51] [229/455] RRSH
[00:09:51] 🔄 Identity reset
[00:09:51] 🔄 Identity rotated (every 10 requests)
[00:09:52] [230/455] CINL
[00:09:53] [231/455] MCSR
[00:09:54] [232/455] SBCF
[00:09:55] [233/455] GCDU
[00:09:56] [234/455] PSPR
[00:09:57] [235/455] IMMO
[00:09:58] [236/455] CLGM
[00:09:59] [237/455] PBMM
[00:09:59] [238/455] CEHR
[00:10:00] [239/455] CPOE
[00:10:00] 🔄 Identity reset
[00:10:00] 🔄 Identity rotated (every 10 requests)
[00:10:01] [240/455] PGFD
[00:10:02] [241/455] PSLC
[00:10:03] [242/455] MSMD
[00:10:03] [243/455] FMFB
[00:10:04] [244/455] RKCL
[00:10:05] [245/455] PMMC
[00:10:06] [246/455] SKMM
[00:10:07] [247/455] VOIB
[00:10:08] [248/455] KINO
[00:10:09] [249/455] VCTP
[00:10:09] 🔄 Identity reset
[00:10:09] 🔄 Identity rotated (every 10 requests)
[00:10:10] [250/455] PDWR
[00:10:11] [251/455] SAED
[00:10:12] [252/455] SRRT
[00:10:13] [253/455] CVLG
[00:10:14] [254/455] SNGN
[00:10:15] [255/455] SIDA
[00:10:16] [256/455] IMCB
[00:10:17] [257/455] SMHP
[00:10:18] [258/455] GDTY
[00:10:19] [259/455] VYCH
[00:10:19] 🔄 Identity reset
[00:10:19] 🔄 Identity rotated (every 10 requests)
[00:10:20] [260/455] PDYA
[00:10:21] [261/455] RKDO
[00:10:22] [262/455] VECG
[00:10:23] [263/455] NFGD
[00:10:23] [264/455] SNDC
[00:10:24] [265/455] SDJH
[00:10:25] [266/455] HASV
[00:10:26] [267/455] PTYK
[00:10:27] [268/455] MUTB
[00:10:28] [269/455] AMRT
[00:10:28] 🔄 Identity reset
[00:10:28] 🔄 Identity rotated (every 10 requests)
[00:10:29] [270/455] VACD
[00:10:30] [271/455] SKDD
[00:10:31] [272/455] STGR
[00:10:32] [273/455] GDAK
[00:10:33] [274/455] SKHK
[00:10:35] [275/455] SLND
[00:10:36] [276/455] APAP
[00:10:38] [277/455] AYYA
[00:10:39] [278/455] VCCZ
[00:10:39] [279/455] MEML
[00:10:39] 🔄 Identity reset
[00:10:39] 🔄 Identity rotated (every 10 requests)
[00:10:40] [280/455] MAOU
[00:10:41] [281/455] ESND
[00:10:42] [282/455] PTBZ
[00:10:43] [283/455] LBCN
[00:10:45] [284/455] PAWA
[00:10:45] [285/455] ZEIC
[00:10:47] [286/455] CGMM
[00:10:47] [287/455] PJPM
[00:10:48] [288/455] ECMR
[00:10:49] [289/455] SHMZ
[00:10:49] 🔄 Identity reset
[00:10:49] 🔄 Identity rotated (every 10 requests)
[00:10:50] [290/455] STCA
[00:10:51] [291/455] VDRC
[00:10:52] [292/455] SEEM
[00:10:53] [293/455] MKNS
[00:10:54] [294/455] KPPP
[00:10:55] [295/455] CCML
[00:10:56] [296/455] CIBA
[00:10:57] [297/455] NACS
[00:10:57] [298/455] CTMK
[00:10:58] [299/455] CTCT
[00:10:58] 🔄 Identity reset
[00:10:58] 🔄 Identity rotated (every 10 requests)
[00:10:59] [300/455] MCSN
[00:11:00] [301/455] MAXX
[00:11:00] [302/455] MECB
[00:11:01] [303/455] NTBY
[00:11:02] [304/455] UTBI
[00:11:03] [305/455] RADK
[00:11:03] [306/455] STBY
[00:11:05] [307/455] GTBY
[00:11:06] [308/455] RRMB
[00:11:07] [309/455] ABRN
[00:11:07] 🔄 Identity reset
[00:11:07] 🔄 Identity rotated (every 10 requests)
[00:11:08] [310/455] GTSG
[00:11:09] [311/455] GBTG
[00:11:10] [312/455] SBGS
[00:11:11] [313/455] KBPM
[00:11:12] [314/455] SMHT
[00:11:12] [315/455] VTDM
[00:11:13] [316/455] ASCT
[00:11:14] [317/455] AWCT
[00:11:15] [318/455] DCCU
[00:11:16] [319/455] PSCE
[00:11:16] 🔄 Identity reset
[00:11:16] 🔄 Identity rotated (every 10 requests)
[00:11:17] [320/455] KSNY
[00:11:18] [321/455] ACID
[00:11:19] [322/455] LVCD
[00:11:20] [323/455] KSSB
[00:11:21] [324/455] SWTD
[00:11:22] [325/455] RBMR
[00:11:23] [326/455] SCBC
[00:11:23] [327/455] RKME
[00:11:24] [328/455] GALX
[00:11:25] [329/455] GCCH
[00:11:25] 🔄 Identity reset
[00:11:25] 🔄 Identity rotated (every 10 requests)
[00:11:26] [330/455] RATR
[00:11:27] [331/455] GTGA
[00:11:28] [332/455] LTTR
[00:11:29] [333/455] TTAA
[00:11:29] [334/455] TVHP
[00:11:30] [335/455] KVCS
[00:11:31] [336/455] CBMC
[00:11:32] [337/455] MAYJ
[00:11:33] [338/455] INPR
[00:11:34] [339/455] RSSC
[00:11:34] 🔄 Identity reset
[00:11:34] 🔄 Identity rotated (every 10 requests)
[00:11:35] [340/455] PCAN
[00:11:36] [341/455] PVHR
[00:11:36] [342/455] AGSM
[00:11:37] [343/455] PVES
[00:11:39] [344/455] INTO
[00:11:40] [345/455] ACON
[00:11:41] [346/455] PVPZ
[00:11:42] [347/455] PVHC
[00:11:43] [348/455] KSTK
[00:11:44] [349/455] PVSR
[00:11:44] 🔄 Identity reset
[00:11:44] 🔄 Identity rotated (every 10 requests)
[00:11:45] [350/455] ACTN
[00:11:47] [351/455] FMCN
[00:11:48] [352/455] PABC
[00:11:49] [353/455] SUTC
[00:11:50] [354/455] PGMV
[00:11:51] [355/455] GKCP
[00:11:52] [356/455] INCH
[00:11:53] [357/455] MLMT
[00:11:54] [358/455] SSCC
[00:11:55] [359/455] SLMP
[00:11:55] 🔄 Identity reset
[00:11:55] 🔄 Identity rotated (every 10 requests)
[00:11:56] [360/455] VVTN
[00:11:56] [361/455] SBTR
[00:11:57] [362/455] PGRA
[00:11:59] [363/455] PBRM
[00:12:00] [364/455] GCRP
[00:12:01] [365/455] MCSK
[00:12:02] [366/455] NLTC
[00:12:03] [367/455] MTLM
[00:12:04] [368/455] VECT
[00:12:05] [369/455] KMRM
[00:12:05] 🔄 Identity reset
[00:12:05] 🔄 Identity rotated (every 10 requests)
[00:12:07] [370/455] RACM
[00:12:07] [371/455] WSTC
[00:12:08] [372/455] PVTJ
[00:12:09] [373/455] MMKC
[00:12:10] [374/455] SVWT
[00:12:11] [375/455] JOTG
[00:12:12] [376/455] VCDK
[00:12:13] [377/455] ANAC
[00:12:13] [378/455] GRTC
[00:12:14] [379/455] JTPL
[00:12:14] 🔄 Identity reset
[00:12:14] 🔄 Identity rotated (every 10 requests)
[00:12:15] [380/455] VRCP
[00:12:16] [381/455] REMC
[00:12:16] [382/455] ATMG
[00:12:18] [383/455] GAHC
[00:12:19] [384/455] JTMV
[00:12:20] [385/455] OMTT
[00:12:21] [386/455] GKKC
[00:12:22] [387/455] BBPO
[00:12:23] [388/455] ZCBB
[00:12:23] [389/455] DCGO
[00:12:23] 🔄 Identity reset
[00:12:23] 🔄 Identity rotated (every 10 requests)
[00:12:24] [390/455] STOP
[00:12:25] [391/455] BSPC
[00:12:26] [392/455] SOND
[00:12:28] [393/455] GCKG
[00:12:29] [394/455] PCDB
[00:12:30] [395/455] PGRC
[00:12:31] [396/455] CSCT
[00:12:31] [397/455] STDA
[00:12:33] [398/455] JAYD
[00:12:34] [399/455] PPPD
[00:12:34] 🔄 Identity reset
[00:12:34] 🔄 Identity rotated (every 10 requests)
[00:12:34] [400/455] KRTT
[00:12:35] [401/455] PTDT
[00:12:36] [402/455] TRSV
[00:12:37] [403/455] VELR
[00:12:37] [404/455] STDT
[00:12:39] [405/455] SATT
[00:12:40] [406/455] KCPM
[00:12:41] [407/455] MFCP
[00:12:41] [408/455] AXMP
[00:12:43] [409/455] LTVB
[00:12:43] 🔄 Identity reset
[00:12:43] 🔄 Identity rotated (every 10 requests)
[00:12:44] [410/455] APST
[00:12:45] [411/455] DTVP
[00:12:46] [412/455] AAVB
[00:12:47] [413/455] PMBL
[00:12:48] [414/455] STKC
[00:12:49] [415/455] KKMA
[00:12:50] [416/455] NMXS
[00:12:51] [417/455] DECX
[00:12:52] [418/455] MAPJ
[00:12:53] [419/455] SMLK
[00:12:53] 🔄 Identity reset
[00:12:53] 🔄 Identity rotated (every 10 requests)
[00:12:53] [420/455] PMPU
[00:12:55] [421/455] AFST
[00:12:55] [422/455] SRSY
[00:12:57] [423/455] RMKT
[00:12:58] [424/455] RAJX
[00:12:59] [425/455] UVCD
[00:12:59] [426/455] LISA
[00:13:00] [427/455] LMSR
[00:13:01] [428/455] PMCA
[00:13:02] [429/455] INPO
[00:13:02] 🔄 Identity reset
[00:13:02] 🔄 Identity rotated (every 10 requests)
[00:13:03] [430/455] INGO
[00:13:03] [431/455] HFSQ
[00:13:05] [432/455] INMG
[00:13:06] [433/455] NYCP
[00:13:07] [434/455] HFSV
[00:13:08] [435/455] MMZP
[00:13:08] [436/455] KSES
[00:13:09] [437/455] HFSA
[00:13:10] [438/455] ACMM
[00:13:11] [439/455] RCKD
[00:13:11] 🔄 Identity reset
[00:13:11] 🔄 Identity rotated (every 10 requests)
[00:13:12] [440/455] BCKR
[00:13:13] [441/455] SFCO
[00:13:13] [442/455] JCCB
[00:13:14] [443/455] BCCR
[00:13:15] [444/455] NWCB
[00:13:16] [445/455] SAMT
[00:13:17] [446/455] TMST
[00:13:18] [447/455] SJCN
[00:13:19] [448/455] MCBS
[00:13:20] [449/455] CMKR
[00:13:20] 🔄 Identity reset
[00:13:20] 🔄 Identity rotated (every 10 requests)
[00:13:21] [450/455] INPM
[00:13:22] [451/455] WVMT
[00:13:23] [452/455] NYSM
[00:13:24] [453/455] RCMA
[00:13:24] [454/455] RECM
[00:13:26] [455/455] CYCM
[00:13:27] 🧹 Deduping shows
[00:13:27] ✅ DONE | Shows=3386 | Movies=70
[10:42:23] 🚀 SCRIPT STARTED
[10:42:23] [1/455] MXGN
[10:42:23] 🧠 New identity created
[10:42:24] [2/455] PGGM
[10:42:25] [3/455] IPMJ
[10:42:26] [4/455] M2PP
[10:42:27] [5/455] PMMS
[10:42:28] [6/455] SCJN
[10:42:30] [7/455] CPUM
[10:42:31] [8/455] SCND
[10:42:32] [9/455] INWM
[10:42:33] [10/455] DVDC
[10:42:33] 🔄 Identity reset
[10:42:33] 🔄 Identity rotated (every 10 requests)
[10:42:34] [11/455] WVND
[10:42:35] [12/455] LBDL
[10:42:36] [13/455] CRGM
[10:42:37] [14/455] PVKS
[10:42:37] [15/455] PBLL
[10:42:39] [16/455] FNLN
[10:42:39] [17/455] PPDA
[10:42:41] [18/455] SCPT
[10:42:42] [19/455] IAJS
[10:42:43] [20/455] MMZG
[10:42:43] 🔄 Identity reset
[10:42:43] 🔄 Identity rotated (every 10 requests)
[10:42:45] [21/455] MCTI
[10:42:45] [22/455] PPMF
[10:42:47] [23/455] FNSD
[10:42:48] [24/455] M2RH
[10:42:49] [25/455] CPGV
[10:42:50] [26/455] PECD
[10:42:51] [27/455] CTEE
[10:42:52] [28/455] IOMG
[10:42:53] [29/455] CIJA
[10:42:54] [30/455] NYCG
[10:42:54] 🔄 Identity reset
[10:42:54] 🔄 Identity rotated (every 10 requests)
[10:42:55] [31/455] CEST
[10:42:56] [32/455] WVRG
[10:42:57] [33/455] DPDC
[10:42:58] [34/455] PDIV
[10:42:59] [35/455] MTPP
[10:43:00] [36/455] MHNU
[10:43:01] [37/455] WUPG
[10:43:02] [38/455] USCO
[10:43:03] [39/455] INFR
[10:43:04] [40/455] PVPD
[10:43:04] 🔄 Identity reset
[10:43:04] 🔄 Identity rotated (every 10 requests)
[10:43:06] [41/455] RONC
[10:43:07] [42/455] IOCP
[10:43:08] [43/455] EMPS
[10:43:09] [44/455] PNAD
[10:43:11] [45/455] VVGZ
[10:43:12] [46/455] MDDC
[10:43:13] [47/455] MMAP
[10:43:14] [48/455] GPDC
[10:43:15] [49/455] PVPU
[10:43:16] [50/455] DCMV
[10:43:16] 🔄 Identity reset
[10:43:16] 🔄 Identity rotated (every 10 requests)
[10:43:17] [51/455] PCCF
[10:43:18] [52/455] MCEF
[10:43:19] [53/455] INRD
[10:43:20] [54/455] CCPZ
[10:43:21] [55/455] BCWG
[10:43:22] [56/455] PMGU
[10:43:23] [57/455] MCVM
[10:43:24] [58/455] MCDE
[10:43:25] [59/455] IEFM
[10:43:26] [60/455] MXCS
[10:43:26] 🔄 Identity reset
[10:43:26] 🔄 Identity rotated (every 10 requests)
[10:43:27] [61/455] RNMT
[10:43:28] [62/455] PSDD
[10:43:29] [63/455] PETA
[10:43:30] [64/455] IZOP
[10:43:32] [65/455] PDEI
[10:43:33] [66/455] MTND
[10:43:34] [67/455] PCPL
[10:43:35] [68/455] LSCM
[10:43:36] [69/455] BTFD
[10:43:37] [70/455] MERM
[10:43:37] 🔄 Identity reset
[10:43:37] 🔄 Identity rotated (every 10 requests)
[10:43:39] [71/455] PVMS
[10:43:40] [72/455] CIGK
[10:43:41] [73/455] INSG
[10:43:42] [74/455] IDEN
[10:43:43] [75/455] MCGN
[10:43:44] [76/455] IGAM
[10:43:45] [77/455] SLCU
[10:43:46] [78/455] MIMU
[10:43:47] [79/455] QLAC
[10:43:48] [80/455] MENL
[10:43:48] 🔄 Identity reset
[10:43:48] 🔄 Identity rotated (every 10 requests)
[10:43:49] [81/455] SCUR
[10:43:51] [82/455] MDGD
[10:43:52] [83/455] LSRS
[10:43:53] [84/455] KMLG
[10:43:54] [85/455] MKLJ
[10:43:55] [86/455] IBYG
[10:43:56] [87/455] ISML
[10:43:57] [88/455] MJMM
[10:43:58] [89/455] RCGD
[10:43:59] [90/455] MMOC
[10:43:59] 🔄 Identity reset
[10:43:59] 🔄 Identity rotated (every 10 requests)
[10:44:00] [91/455] RRCO
[10:44:01] [92/455] MEDM
[10:44:02] [93/455] MCAZ
[10:44:03] [94/455] STWA
[10:44:04] [95/455] PFFG
[10:44:05] [96/455] GAGC
[10:44:06] [97/455] PMPM
[10:44:06] [98/455] HVCD
[10:44:07] [99/455] AKRF
[10:44:08] [100/455] AKRC
[10:44:08] 🔄 Identity reset
[10:44:08] 🔄 Identity rotated (every 10 requests)
[10:44:09] [101/455] MIDA
[10:44:10] [102/455] MAGX
[10:44:11] [103/455] ESOS
[10:44:12] [104/455] BBCL
[10:44:13] [105/455] LYAS
[10:44:14] [106/455] NRMS
[10:44:15] [107/455] BHUC
[10:44:16] [108/455] SRIC
[10:44:17] [109/455] PDME
[10:44:18] [110/455] MJCS
[10:44:18] 🔄 Identity reset
[10:44:18] 🔄 Identity rotated (every 10 requests)
[10:44:19] [111/455] NRAA
[10:44:20] [112/455] VATA
[10:44:21] [113/455] MNKC
[10:44:22] [114/455] DHCL
[10:44:23] [115/455] JCPC
[10:44:24] [116/455] CTML
[10:44:25] [117/455] RMMR
[10:44:26] [118/455] STTL
[10:44:27] [119/455] CNPS
[10:44:28] [120/455] ACKL
[10:44:28] 🔄 Identity reset
[10:44:28] 🔄 Identity rotated (every 10 requests)
[10:44:29] [121/455] SCAU
[10:44:30] [122/455] RMIA
[10:44:31] [123/455] MANU
[10:44:32] [124/455] ARDC
[10:44:32] [125/455] GLDA
[10:44:33] [126/455] KVSW
[10:44:35] [127/455] CGCA
[10:44:36] [128/455] CMLO
[10:44:37] [129/455] CECB
[10:44:38] [130/455] RCPN
[10:44:38] 🔄 Identity reset
[10:44:38] 🔄 Identity rotated (every 10 requests)
[10:44:39] [131/455] ASMW
[10:44:39] [132/455] PWLM
[10:44:40] [133/455] ASGM
[10:44:42] [134/455] ACWH
[10:44:43] [135/455] AAPW
[10:44:44] [136/455] RTWA
[10:44:45] [137/455] RAMW
[10:44:46] [138/455] VKTR
[10:44:47] [139/455] SMBH
[10:44:48] [140/455] BVDR
[10:44:48] 🔄 Identity reset
[10:44:48] 🔄 Identity rotated (every 10 requests)
[10:44:50] [141/455] MRTP
[10:44:51] [142/455] BLBR
[10:44:52] [143/455] LPIN
[10:44:53] [144/455] SNPC
[10:44:53] [145/455] PDCB
[10:44:54] [146/455] DYPK
[10:44:55] [147/455] INMK
[10:44:56] [148/455] PDCK
[10:44:57] [149/455] PCKR
[10:44:58] [150/455] SHUA
[10:44:58] 🔄 Identity reset
[10:44:58] 🔄 Identity rotated (every 10 requests)
[10:44:59] [151/455] SCVK
[10:45:00] [152/455] STPA
[10:45:01] [153/455] WVHD
[10:45:02] [154/455] MRCH
[10:45:03] [155/455] MCNP
[10:45:04] [156/455] RCAG
[10:45:05] [157/455] JTSN
[10:45:06] [158/455] AANS
[10:45:07] [159/455] GDDR
[10:45:08] [160/455] SRER
[10:45:08] 🔄 Identity reset
[10:45:08] 🔄 Identity rotated (every 10 requests)
[10:45:09] [161/455] JKMA
[10:45:10] [162/455] ARAN
[10:45:11] [163/455] ALCT
[10:45:12] [164/455] CCTA
[10:45:13] [165/455] CNCT
[10:45:14] [166/455] NZBL
[10:45:15] [167/455] SRRA
[10:45:16] [168/455] SVPW
[10:45:17] [169/455] SRTW
[10:45:18] [170/455] XMTD
[10:45:18] 🔄 Identity reset
[10:45:18] 🔄 Identity rotated (every 10 requests)
[10:45:19] [171/455] SCCZ
[10:45:20] [172/455] PBCR
[10:45:21] [173/455] RTSC
[10:45:22] [174/455] TLSV
[10:45:23] [175/455] RMTK
[10:45:24] [176/455] SRAT
[10:45:25] [177/455] GCYC
[10:45:26] [178/455] HCAJ
[10:45:27] [179/455] LCXA
[10:45:28] [180/455] BINT
[10:45:28] 🔄 Identity reset
[10:45:28] 🔄 Identity rotated (every 10 requests)
[10:45:29] [181/455] IXIM
[10:45:30] [182/455] MBCR
[10:45:31] [183/455] BMCJ
[10:45:32] [184/455] NICJ
[10:45:33] [185/455] SCAJ
[10:45:34] [186/455] CMXS
[10:45:35] [187/455] MMSR
[10:45:36] [188/455] PRKT
[10:45:38] [189/455] LPTH
[10:45:39] [190/455] SARP
[10:45:39] 🔄 Identity reset
[10:45:39] 🔄 Identity rotated (every 10 requests)
[10:45:40] [191/455] MNPP
[10:45:41] [192/455] PRLR
[10:45:42] [193/455] RCMW
[10:45:43] [194/455] FCMG
[10:45:44] [195/455] RTNK
[10:45:45] [196/455] LRCP
[10:45:46] [197/455] DBJR
[10:45:47] [198/455] CACN
[10:45:47] [199/455] AMRL
[10:45:48] [200/455] SBBC
[10:45:48] 🔄 Identity reset
[10:45:48] 🔄 Identity rotated (every 10 requests)
[10:45:49] [201/455] VENN
[10:45:50] [202/455] STSS
[10:45:51] [203/455] SMRB
[10:45:52] [204/455] CCMX
[10:45:53] [205/455] KCMR
[10:45:54] [206/455] SALH
[10:45:55] [207/455] CGTT
[10:45:56] [208/455] PMDR
[10:45:57] [209/455] VCPM
[10:45:58] [210/455] RZMX
[10:45:58] 🔄 Identity reset
[10:45:58] 🔄 Identity rotated (every 10 requests)
[10:45:59] [211/455] TMSY
[10:46:00] [212/455] NTMS
[10:46:01] [213/455] VTAG
[10:46:02] [214/455] REMA
[10:46:03] [215/455] NXCC
[10:46:04] [216/455] SKYM
[10:46:05] [217/455] CCMO
[10:46:06] [218/455] DMXM
[10:46:07] [219/455] SPPM
[10:46:08] [220/455] PTKL
[10:46:08] 🔄 Identity reset
[10:46:08] 🔄 Identity rotated (every 10 requests)
[10:46:09] [221/455] SLVO
[10:46:10] [222/455] VASL
[10:46:11] [223/455] CBCM
[10:46:13] [224/455] STMA
[10:46:14] [225/455] LASK
[10:46:15] [226/455] VITE
[10:46:16] [227/455] AAST
[10:46:17] [228/455] JTPT
[10:46:17] [229/455] RRSH
[10:46:18] [230/455] CINL
[10:46:18] 🔄 Identity reset
[10:46:18] 🔄 Identity rotated (every 10 requests)
[10:46:19] [231/455] MCSR
[10:46:20] [232/455] SBCF
[10:46:21] [233/455] GCDU
[10:46:22] [234/455] PSPR
[10:46:23] [235/455] IMMO
[10:46:24] [236/455] CLGM
[10:46:25] [237/455] PBMM
[10:46:26] [238/455] CEHR
[10:46:28] [239/455] CPOE
[10:46:28] [240/455] PGFD
[10:46:28] 🔄 Identity reset
[10:46:28] 🔄 Identity rotated (every 10 requests)
[10:46:29] [241/455] PSLC
[10:46:30] [242/455] MSMD
[10:46:31] [243/455] FMFB
[10:46:33] [244/455] RKCL
[10:46:34] [245/455] PMMC
[10:46:35] [246/455] SKMM
[10:46:36] [247/455] VOIB
[10:46:37] [248/455] KINO
[10:46:38] [249/455] VCTP
[10:46:39] [250/455] PDWR
[10:46:39] 🔄 Identity reset
[10:46:39] 🔄 Identity rotated (every 10 requests)
[10:46:40] [251/455] SAED
[10:46:41] [252/455] SRRT
[10:46:42] [253/455] CVLG
[10:46:43] [254/455] SNGN
[10:46:44] [255/455] SIDA
[10:46:45] [256/455] IMCB
[10:46:46] [257/455] SMHP
[10:46:47] [258/455] GDTY
[10:46:48] [259/455] VYCH
[10:46:49] [260/455] PDYA
[10:46:49] 🔄 Identity reset
[10:46:49] 🔄 Identity rotated (every 10 requests)
[10:46:50] [261/455] RKDO
[10:46:51] [262/455] VECG
[10:46:52] [263/455] NFGD
[10:46:53] [264/455] SNDC
[10:46:54] [265/455] SDJH
[10:46:55] [266/455] HASV
[10:46:56] [267/455] PTYK
[10:46:56] [268/455] MUTB
[10:46:58] [269/455] AMRT
[10:46:59] [270/455] VACD
[10:46:59] 🔄 Identity reset
[10:46:59] 🔄 Identity rotated (every 10 requests)
[10:47:00] [271/455] SKDD
[10:47:01] [272/455] STGR
[10:47:02] [273/455] GDAK
[10:47:03] [274/455] SKHK
[10:47:04] [275/455] SLND
[10:47:04] [276/455] APAP
[10:47:05] [277/455] AYYA
[10:47:06] [278/455] VCCZ
[10:47:07] [279/455] MEML
[10:47:08] [280/455] MAOU
[10:47:08] 🔄 Identity reset
[10:47:08] 🔄 Identity rotated (every 10 requests)
[10:47:10] [281/455] ESND
[10:47:12] [282/455] PTBZ
[10:47:13] [283/455] LBCN
[10:47:14] [284/455] PAWA
[10:47:15] [285/455] ZEIC
[10:47:16] [286/455] CGMM
[10:47:17] [287/455] PJPM
[10:47:18] [288/455] ECMR
[10:47:19] [289/455] SHMZ
[10:47:20] [290/455] STCA
[10:47:20] 🔄 Identity reset
[10:47:20] 🔄 Identity rotated (every 10 requests)
[10:47:21] [291/455] VDRC
[10:47:22] [292/455] SEEM
[10:47:23] [293/455] MKNS
[10:47:24] [294/455] KPPP
[10:47:26] [295/455] CCML
[10:47:28] [296/455] CIBA
[10:47:29] [297/455] NACS
[10:47:29] [298/455] CTMK
[10:47:30] [299/455] CTCT
[10:47:31] [300/455] MCSN
[10:47:31] 🔄 Identity reset
[10:47:31] 🔄 Identity rotated (every 10 requests)
[10:47:32] [301/455] MAXX
[10:47:33] [302/455] MECB
[10:47:34] [303/455] NTBY
[10:47:35] [304/455] UTBI
[10:47:36] [305/455] RADK
[10:47:37] [306/455] STBY
[10:47:38] [307/455] GTBY
[10:47:39] [308/455] RRMB
[10:47:40] [309/455] ABRN
[10:47:41] [310/455] GTSG
[10:47:41] 🔄 Identity reset
[10:47:41] 🔄 Identity rotated (every 10 requests)
[10:47:42] [311/455] GBTG
[10:47:43] [312/455] SBGS
[10:47:44] [313/455] KBPM
[10:47:45] [314/455] SMHT
[10:47:46] [315/455] VTDM
[10:47:47] [316/455] ASCT
[10:47:48] [317/455] AWCT
[10:47:49] [318/455] DCCU
[10:47:50] [319/455] PSCE
[10:47:51] [320/455] KSNY
[10:47:51] 🔄 Identity reset
[10:47:51] 🔄 Identity rotated (every 10 requests)
[10:47:52] [321/455] ACID
[10:47:53] [322/455] LVCD
[10:47:54] [323/455] KSSB
[10:47:55] [324/455] SWTD
[10:47:56] [325/455] RBMR
[10:47:57] [326/455] SCBC
[10:47:58] [327/455] RKME
[10:47:59] [328/455] GALX
[10:48:00] [329/455] GCCH
[10:48:01] [330/455] RATR
[10:48:01] 🔄 Identity reset
[10:48:01] 🔄 Identity rotated (every 10 requests)
[10:48:02] [331/455] GTGA
[10:48:03] [332/455] LTTR
[10:48:04] [333/455] TTAA
[10:48:05] [334/455] TVHP
[10:48:06] [335/455] KVCS
[10:48:07] [336/455] CBMC
[10:48:08] [337/455] MAYJ
[10:48:09] [338/455] INPR
[10:48:10] [339/455] RSSC
[10:48:11] [340/455] PCAN
[10:48:11] 🔄 Identity reset
[10:48:11] 🔄 Identity rotated (every 10 requests)
[10:48:12] [341/455] PVHR
[10:48:13] [342/455] AGSM
[10:48:14] [343/455] PVES
[10:48:15] [344/455] INTO
[10:48:16] [345/455] ACON
[10:48:17] [346/455] PVPZ
[10:48:18] [347/455] PVHC
[10:48:19] [348/455] KSTK
[10:48:19] [349/455] PVSR
[10:48:20] [350/455] ACTN
[10:48:20] 🔄 Identity reset
[10:48:20] 🔄 Identity rotated (every 10 requests)
[10:48:21] [351/455] FMCN
[10:48:22] [352/455] PABC
[10:48:23] [353/455] SUTC
[10:48:24] [354/455] PGMV
[10:48:26] [355/455] GKCP
[10:48:27] [356/455] INCH
[10:48:28] [357/455] MLMT
[10:48:29] [358/455] SSCC
[10:48:30] [359/455] SLMP
[10:48:31] [360/455] VVTN
[10:48:31] 🔄 Identity reset
[10:48:31] 🔄 Identity rotated (every 10 requests)
[10:48:32] [361/455] SBTR
[10:48:33] [362/455] PGRA
[10:48:34] [363/455] PBRM
[10:48:35] [364/455] GCRP
[10:48:37] [365/455] MCSK
[10:48:38] [366/455] NLTC
[10:48:39] [367/455] MTLM
[10:48:40] [368/455] VECT
[10:48:41] [369/455] KMRM
[10:48:42] [370/455] RACM
[10:48:42] 🔄 Identity reset
[10:48:42] 🔄 Identity rotated (every 10 requests)
[10:48:43] [371/455] WSTC
[10:48:44] [372/455] PVTJ
[10:48:45] [373/455] MMKC
[10:48:46] [374/455] SVWT
[10:48:47] [375/455] JOTG
[10:48:48] [376/455] VCDK
[10:48:49] [377/455] ANAC
[10:48:50] [378/455] GRTC
[10:48:51] [379/455] JTPL
[10:48:52] [380/455] VRCP
[10:48:52] 🔄 Identity reset
[10:48:52] 🔄 Identity rotated (every 10 requests)
[10:48:53] [381/455] REMC
[10:48:54] [382/455] ATMG
[10:48:55] [383/455] GAHC
[10:48:56] [384/455] JTMV
[10:48:57] [385/455] OMTT
[10:48:57] [386/455] GKKC
[10:48:59] [387/455] BBPO
[10:49:01] [388/455] ZCBB
[10:49:01] [389/455] DCGO
[10:49:02] [390/455] STOP
[10:49:02] 🔄 Identity reset
[10:49:02] 🔄 Identity rotated (every 10 requests)
[10:49:03] [391/455] BSPC
[10:49:04] [392/455] SOND
[10:49:05] [393/455] GCKG
[10:49:07] [394/455] PCDB
[10:49:09] [395/455] PGRC
[10:49:09] [396/455] CSCT
[10:49:10] [397/455] STDA
[10:49:11] [398/455] JAYD
[10:49:12] [399/455] PPPD
[10:49:13] [400/455] KRTT
[10:49:13] 🔄 Identity reset
[10:49:13] 🔄 Identity rotated (every 10 requests)
[10:49:14] [401/455] PTDT
[10:49:15] [402/455] TRSV
[10:49:16] [403/455] VELR
[10:49:17] [404/455] STDT
[10:49:19] [405/455] SATT
[10:49:20] [406/455] KCPM
[10:49:21] [407/455] MFCP
[10:49:22] [408/455] AXMP
[10:49:23] [409/455] LTVB
[10:49:23] [410/455] APST
[10:49:23] 🔄 Identity reset
[10:49:23] 🔄 Identity rotated (every 10 requests)
[10:49:24] [411/455] DTVP
[10:49:25] [412/455] AAVB
[10:49:26] [413/455] PMBL
[10:49:27] [414/455] STKC
[10:49:28] [415/455] KKMA
[10:49:29] [416/455] NMXS
[10:49:30] [417/455] DECX
[10:49:31] [418/455] MAPJ
[10:49:32] [419/455] SMLK
[10:49:33] [420/455] PMPU
[10:49:33] 🔄 Identity reset
[10:49:33] 🔄 Identity rotated (every 10 requests)
[10:49:34] [421/455] AFST
[10:49:35] [422/455] SRSY
[10:49:36] [423/455] RMKT
[10:49:37] [424/455] RAJX
[10:49:38] [425/455] UVCD
[10:49:39] [426/455] LISA
[10:49:40] [427/455] LMSR
[10:49:41] [428/455] PMCA
[10:49:42] [429/455] INPO
[10:49:43] [430/455] INGO
[10:49:43] 🔄 Identity reset
[10:49:43] 🔄 Identity rotated (every 10 requests)
[10:49:44] [431/455] HFSQ
[10:49:45] [432/455] INMG
[10:49:46] [433/455] NYCP
[10:49:48] [434/455] HFSV
[10:49:49] [435/455] MMZP
[10:49:50] [436/455] KSES
[10:49:51] [437/455] HFSA
[10:49:52] [438/455] ACMM
[10:49:53] [439/455] RCKD
[10:49:54] [440/455] BCKR
[10:49:54] 🔄 Identity reset
[10:49:54] 🔄 Identity rotated (every 10 requests)
[10:49:55] [441/455] SFCO
[10:49:56] [442/455] JCCB
[10:49:57] [443/455] BCCR
[10:49:58] [444/455] NWCB
[10:49:59] [445/455] SAMT
[10:50:01] [446/455] TMST
[10:50:02] [447/455] SJCN
[10:50:02] [448/455] MCBS
[10:50:04] [449/455] CMKR
[10:50:05] [450/455] INPM
[10:50:05] 🔄 Identity reset
[10:50:05] 🔄 Identity rotated (every 10 requests)
[10:50:06] [451/455] WVMT
[10:50:08] [452/455] NYSM
[10:50:09] [453/455] RCMA
[10:50:10] [454/455] RECM
[10:50:11] [455/455] CYCM
[10:50:12] 🧹 Deduping shows
[10:50:12] ✅ DONE | Shows=3674 | Movies=70
[17:43:05] 🚀 SCRIPT STARTED
[17:43:05] [1/455] MXGN
[17:43:05] 🧠 New identity created
[17:43:06] [2/455] PGGM
[17:43:07] [3/455] IPMJ
[17:43:07] [4/455] M2PP
[17:43:08] [5/455] PMMS
[17:43:09] [6/455] SCJN
[17:43:10] [7/455] CPUM
[17:43:11] [8/455] SCND
[17:43:12] [9/455] INWM
[17:43:13] [10/455] DVDC
[17:43:13] 🔄 Identity reset
[17:43:13] 🔄 Identity rotated (every 10 requests)
[17:43:14] [11/455] WVND
[17:43:15] [12/455] LBDL
[17:43:16] [13/455] CRGM
[17:43:17] [14/455] PVKS
[17:43:18] [15/455] PBLL
[17:43:19] [16/455] FNLN
[17:43:20] [17/455] PPDA
[17:43:21] [18/455] SCPT
[17:43:21] [19/455] IAJS
[17:43:22] [20/455] MMZG
[17:43:22] 🔄 Identity reset
[17:43:22] 🔄 Identity rotated (every 10 requests)
[17:43:23] [21/455] MCTI
[17:43:24] [22/455] PPMF
[17:43:25] [23/455] FNSD
[17:43:26] [24/455] M2RH
[17:43:27] [25/455] CPGV
[17:43:28] [26/455] PECD
[17:43:29] [27/455] CTEE
[17:43:30] [28/455] IOMG
[17:43:31] [29/455] CIJA
[17:43:32] [30/455] NYCG
[17:43:32] 🔄 Identity reset
[17:43:32] 🔄 Identity rotated (every 10 requests)
[17:43:32] 🔄 Retry 1/5 for NYCG in 2.1s
[17:43:32] 🔄 Identity reset
[17:43:34] 🧠 New identity created
[17:43:35] [31/455] CEST
[17:43:36] [32/455] WVRG
[17:43:37] [33/455] DPDC
[17:43:38] [34/455] PDIV
[17:43:38] [35/455] MTPP
[17:43:39] [36/455] MHNU
[17:43:40] [37/455] WUPG
[17:43:41] [38/455] USCO
[17:43:42] [39/455] INFR
[17:43:42] 🔄 Identity reset
[17:43:42] 🔄 Identity rotated (every 10 requests)
[17:43:43] [40/455] PVPD
[17:43:44] [41/455] RONC
[17:43:45] [42/455] IOCP
[17:43:46] [43/455] EMPS
[17:43:47] [44/455] PNAD
[17:43:48] [45/455] VVGZ
[17:43:49] [46/455] MDDC
[17:43:50] [47/455] MMAP
[17:43:51] [48/455] GPDC
[17:43:52] [49/455] PVPU
[17:43:52] 🔄 Identity reset
[17:43:52] 🔄 Identity rotated (every 10 requests)
[17:43:52] 🔄 Retry 1/5 for PVPU in 2.5s
[17:43:52] 🔄 Identity reset
[17:43:55] 🧠 New identity created
[17:43:56] [50/455] DCMV
[17:43:57] [51/455] PCCF
[17:43:58] [52/455] MCEF
[17:43:59] [53/455] INRD
[17:43:59] [54/455] CCPZ
[17:44:01] [55/455] BCWG
[17:44:01] [56/455] PMGU
[17:44:02] [57/455] MCVM
[17:44:03] [58/455] MCDE
[17:44:03] 🔄 Identity reset
[17:44:03] 🔄 Identity rotated (every 10 requests)
[17:44:04] [59/455] IEFM
[17:44:05] [60/455] MXCS
[17:44:06] [61/455] RNMT
[17:44:07] [62/455] PSDD
[17:44:08] [63/455] PETA
[17:44:09] [64/455] IZOP
[17:44:10] [65/455] PDEI
[17:44:11] [66/455] MTND
[17:44:12] [67/455] PCPL
[17:44:13] [68/455] LSCM
[17:44:13] 🔄 Identity reset
[17:44:13] 🔄 Identity rotated (every 10 requests)
[17:44:15] [69/455] BTFD
[17:44:16] [70/455] MERM
[17:44:16] [71/455] PVMS
[17:44:18] [72/455] CIGK
[17:44:19] [73/455] INSG
[17:44:20] [74/455] IDEN
[17:44:21] [75/455] MCGN
[17:44:22] [76/455] IGAM
[17:44:23] [77/455] SLCU
[17:44:23] [78/455] MIMU
[17:44:23] 🔄 Identity reset
[17:44:23] 🔄 Identity rotated (every 10 requests)
[17:44:23] 🔄 Retry 1/5 for MIMU in 3.0s
[17:44:23] 🔄 Identity reset
[17:44:26] 🧠 New identity created
[17:44:28] [79/455] QLAC
[17:44:28] [80/455] MENL
[17:44:29] [81/455] SCUR
[17:44:30] [82/455] MDGD
[17:44:31] [83/455] LSRS
[17:44:32] [84/455] KMLG
[17:44:33] [85/455] MKLJ
[17:44:34] [86/455] IBYG
[17:44:36] [87/455] ISML
[17:44:36] 🔄 Identity reset
[17:44:36] 🔄 Identity rotated (every 10 requests)
[17:44:36] 🔄 Retry 1/5 for ISML in 2.0s
[17:44:36] 🔄 Identity reset
[17:44:38] 🧠 New identity created
[17:44:40] [88/455] MJMM
[17:44:41] [89/455] RCGD
[17:44:42] [90/455] MMOC
[17:44:44] [91/455] RRCO
[17:44:45] [92/455] MEDM
[17:44:46] [93/455] MCAZ
[17:44:46] [94/455] STWA
[17:44:47] [95/455] PFFG
[17:44:48] [96/455] GAGC
[17:44:48] 🔄 Identity reset
[17:44:48] 🔄 Identity rotated (every 10 requests)
[17:44:49] [97/455] PMPM
[17:44:50] [98/455] HVCD
[17:44:51] [99/455] AKRF
[17:44:52] [100/455] AKRC
[17:44:53] [101/455] MIDA
[17:44:54] [102/455] MAGX
[17:44:55] [103/455] ESOS
[17:44:56] [104/455] BBCL
[17:44:57] [105/455] LYAS
[17:44:58] [106/455] NRMS
[17:44:58] 🔄 Identity reset
[17:44:58] 🔄 Identity rotated (every 10 requests)
[17:44:59] [107/455] BHUC
[17:45:00] [108/455] SRIC
[17:45:02] [109/455] PDME
[17:45:03] [110/455] MJCS
[17:45:04] [111/455] NRAA
[17:45:05] [112/455] VATA
[17:45:06] [113/455] MNKC
[17:45:07] [114/455] DHCL
[17:45:08] [115/455] JCPC
[17:45:09] [116/455] CTML
[17:45:09] 🔄 Identity reset
[17:45:09] 🔄 Identity rotated (every 10 requests)
[17:45:09] 🔄 Retry 1/5 for CTML in 2.1s
[17:45:09] 🔄 Identity reset
[17:45:11] 🧠 New identity created
[17:45:12] [117/455] RMMR
[17:45:14] [118/455] STTL
[17:45:15] [119/455] CNPS
[17:45:16] [120/455] ACKL
[17:45:17] [121/455] SCAU
[17:45:18] [122/455] RMIA
[17:45:19] [123/455] MANU
[17:45:20] [124/455] ARDC
[17:45:21] [125/455] GLDA
[17:45:21] 🔄 Identity reset
[17:45:21] 🔄 Identity rotated (every 10 requests)
[17:45:22] [126/455] KVSW
[17:45:23] [127/455] CGCA
[17:45:23] [128/455] CMLO
[17:45:24] [129/455] CECB
[17:45:25] [130/455] RCPN
[17:45:26] [131/455] ASMW
[17:45:27] [132/455] PWLM
[17:45:28] [133/455] ASGM
[17:45:29] [134/455] ACWH
[17:45:30] [135/455] AAPW
[17:45:30] 🔄 Identity reset
[17:45:30] 🔄 Identity rotated (every 10 requests)
[17:45:30] [136/455] RTWA
[17:45:31] [137/455] RAMW
[17:45:32] [138/455] VKTR
[17:45:33] [139/455] SMBH
[17:45:34] [140/455] BVDR
[17:45:35] [141/455] MRTP
[17:45:36] [142/455] BLBR
[17:45:37] [143/455] LPIN
[17:45:38] [144/455] SNPC
[17:45:39] [145/455] PDCB
[17:45:39] 🔄 Identity reset
[17:45:39] 🔄 Identity rotated (every 10 requests)
[17:45:40] [146/455] DYPK
[17:45:41] [147/455] INMK
[17:45:42] [148/455] PDCK
[17:45:42] [149/455] PCKR
[17:45:43] [150/455] SHUA
[17:45:44] [151/455] SCVK
[17:45:46] [152/455] STPA
[17:45:47] [153/455] WVHD
[17:45:48] [154/455] MRCH
[17:45:49] [155/455] MCNP
[17:45:49] 🔄 Identity reset
[17:45:49] 🔄 Identity rotated (every 10 requests)
[17:45:50] [156/455] RCAG
[17:45:51] [157/455] JTSN
[17:45:52] [158/455] AANS
[17:45:53] [159/455] GDDR
[17:45:55] [160/455] SRER
[17:45:56] [161/455] JKMA
[17:45:57] [162/455] ARAN
[17:45:57] [163/455] ALCT
[17:45:58] [164/455] CCTA
[17:45:59] [165/455] CNCT
[17:45:59] 🔄 Identity reset
[17:45:59] 🔄 Identity rotated (every 10 requests)
[17:46:00] [166/455] NZBL
[17:46:01] [167/455] SRRA
[17:46:02] [168/455] SVPW
[17:46:03] [169/455] SRTW
[17:46:04] [170/455] XMTD
[17:46:05] [171/455] SCCZ
[17:46:05] [172/455] PBCR
[17:46:07] [173/455] RTSC
[17:46:08] [174/455] TLSV
[17:46:09] [175/455] RMTK
[17:46:09] 🔄 Identity reset
[17:46:09] 🔄 Identity rotated (every 10 requests)
[17:46:10] [176/455] SRAT
[17:46:10] [177/455] GCYC
[17:46:11] [178/455] HCAJ
[17:46:12] [179/455] LCXA
[17:46:13] [180/455] BINT
[17:46:14] [181/455] IXIM
[17:46:15] [182/455] MBCR
[17:46:16] [183/455] BMCJ
[17:46:17] [184/455] NICJ
[17:46:18] [185/455] SCAJ
[17:46:18] 🔄 Identity reset
[17:46:18] 🔄 Identity rotated (every 10 requests)
[17:46:19] [186/455] CMXS
[17:46:20] [187/455] MMSR
[17:46:21] [188/455] PRKT
[17:46:22] [189/455] LPTH
[17:46:23] [190/455] SARP
[17:46:25] [191/455] MNPP
[17:46:26] [192/455] PRLR
[17:46:27] [193/455] RCMW
[17:46:28] [194/455] FCMG
[17:46:28] [195/455] RTNK
[17:46:28] 🔄 Identity reset
[17:46:28] 🔄 Identity rotated (every 10 requests)
[17:46:29] [196/455] LRCP
[17:46:30] [197/455] DBJR
[17:46:31] [198/455] CACN
[17:46:32] [199/455] AMRL
[17:46:33] [200/455] SBBC
[17:46:34] [201/455] VENN
[17:46:35] [202/455] STSS
[17:46:36] [203/455] SMRB
[17:46:37] [204/455] CCMX
[17:46:38] [205/455] KCMR
[17:46:38] 🔄 Identity reset
[17:46:38] 🔄 Identity rotated (every 10 requests)
[17:46:40] [206/455] SALH
[17:46:40] [207/455] CGTT
[17:46:41] [208/455] PMDR
[17:46:42] [209/455] VCPM
[17:46:44] [210/455] RZMX
[17:46:45] [211/455] TMSY
[17:46:46] [212/455] NTMS
[17:46:46] [213/455] VTAG
[17:46:47] [214/455] REMA
[17:46:48] [215/455] NXCC
[17:46:48] 🔄 Identity reset
[17:46:48] 🔄 Identity rotated (every 10 requests)
[17:46:49] [216/455] SKYM
[17:46:50] [217/455] CCMO
[17:46:51] [218/455] DMXM
[17:46:52] [219/455] SPPM
[17:46:53] [220/455] PTKL
[17:46:54] [221/455] SLVO
[17:46:55] [222/455] VASL
[17:46:56] [223/455] CBCM
[17:46:57] [224/455] STMA
[17:46:58] [225/455] LASK
[17:46:58] 🔄 Identity reset
[17:46:58] 🔄 Identity rotated (every 10 requests)
[17:46:59] [226/455] VITE
[17:47:00] [227/455] AAST
[17:47:01] [228/455] JTPT
[17:47:02] [229/455] RRSH
[17:47:03] [230/455] CINL
[17:47:04] [231/455] MCSR
[17:47:06] [232/455] SBCF
[17:47:07] [233/455] GCDU
[17:47:08] [234/455] PSPR
[17:47:08] [235/455] IMMO
[17:47:08] 🔄 Identity reset
[17:47:09] 🔄 Identity rotated (every 10 requests)
[17:47:09] [236/455] CLGM
[17:47:10] [237/455] PBMM
[17:47:11] [238/455] CEHR
[17:47:12] [239/455] CPOE
[17:47:13] [240/455] PGFD
[17:47:14] [241/455] PSLC
[17:47:15] [242/455] MSMD
[17:47:16] [243/455] FMFB
[17:47:17] [244/455] RKCL
[17:47:19] [245/455] PMMC
[17:47:19] 🔄 Identity reset
[17:47:19] 🔄 Identity rotated (every 10 requests)
[17:47:20] [246/455] SKMM
[17:47:21] [247/455] VOIB
[17:47:22] [248/455] KINO
[17:47:23] [249/455] VCTP
[17:47:24] [250/455] PDWR
[17:47:25] [251/455] SAED
[17:47:26] [252/455] SRRT
[17:47:27] [253/455] CVLG
[17:47:27] [254/455] SNGN
[17:47:29] [255/455] SIDA
[17:47:29] 🔄 Identity reset
[17:47:29] 🔄 Identity rotated (every 10 requests)
[17:47:30] [256/455] IMCB
[17:47:31] [257/455] SMHP
[17:47:32] [258/455] GDTY
[17:47:33] [259/455] VYCH
[17:47:34] [260/455] PDYA
[17:47:35] [261/455] RKDO
[17:47:35] [262/455] VECG
[17:47:37] [263/455] NFGD
[17:47:38] [264/455] SNDC
[17:47:40] [265/455] SDJH
[17:47:40] 🔄 Identity reset
[17:47:40] 🔄 Identity rotated (every 10 requests)
[17:47:41] [266/455] HASV
[17:47:42] [267/455] PTYK
[17:47:43] [268/455] MUTB
[17:47:44] [269/455] AMRT
[17:47:45] [270/455] VACD
[17:47:46] [271/455] SKDD
[17:47:47] [272/455] STGR
[17:47:48] [273/455] GDAK
[17:47:49] [274/455] SKHK
[17:47:50] [275/455] SLND
[17:47:50] 🔄 Identity reset
[17:47:50] 🔄 Identity rotated (every 10 requests)
[17:47:51] [276/455] APAP
[17:47:51] [277/455] AYYA
[17:47:52] [278/455] VCCZ
[17:47:54] [279/455] MEML
[17:47:55] [280/455] MAOU
[17:47:56] [281/455] ESND
[17:47:57] [282/455] PTBZ
[17:47:59] [283/455] LBCN
[17:47:59] [284/455] PAWA
[17:48:00] [285/455] ZEIC
[17:48:00] 🔄 Identity reset
[17:48:00] 🔄 Identity rotated (every 10 requests)
[17:48:02] [286/455] CGMM
[17:48:02] [287/455] PJPM
[17:48:03] [288/455] ECMR
[17:48:04] [289/455] SHMZ
[17:48:05] [290/455] STCA
[17:48:06] [291/455] VDRC
[17:48:07] [292/455] SEEM
[17:48:08] [293/455] MKNS
[17:48:09] [294/455] KPPP
[17:48:10] [295/455] CCML
[17:48:10] 🔄 Identity reset
[17:48:10] 🔄 Identity rotated (every 10 requests)
[17:48:11] [296/455] CIBA
[17:48:12] [297/455] NACS
[17:48:13] [298/455] CTMK
[17:48:14] [299/455] CTCT
[17:48:15] [300/455] MCSN
[17:48:15] [301/455] MAXX
[17:48:17] [302/455] MECB
[17:48:17] [303/455] NTBY
[17:48:18] [304/455] UTBI
[17:48:19] [305/455] RADK
[17:48:19] 🔄 Identity reset
[17:48:19] 🔄 Identity rotated (every 10 requests)
[17:48:21] [306/455] STBY
[17:48:22] [307/455] GTBY
[17:48:23] [308/455] RRMB
[17:48:24] [309/455] ABRN
[17:48:25] [310/455] GTSG
[17:48:26] [311/455] GBTG
[17:48:28] [312/455] SBGS
[17:48:29] [313/455] KBPM
[17:48:30] [314/455] SMHT
[17:48:31] [315/455] VTDM
[17:48:31] 🔄 Identity reset
[17:48:31] 🔄 Identity rotated (every 10 requests)
[17:48:32] [316/455] ASCT
[17:48:33] [317/455] AWCT
[17:48:34] [318/455] DCCU
[17:48:35] [319/455] PSCE
[17:48:36] [320/455] KSNY
[17:48:37] [321/455] ACID
[17:48:37] [322/455] LVCD
[17:48:38] [323/455] KSSB
[17:48:39] [324/455] SWTD
[17:48:40] [325/455] RBMR
[17:48:40] 🔄 Identity reset
[17:48:40] 🔄 Identity rotated (every 10 requests)
[17:48:41] [326/455] SCBC
[17:48:42] [327/455] RKME
[17:48:43] [328/455] GALX
[17:48:44] [329/455] GCCH
[17:48:46] [330/455] RATR
[17:48:46] [331/455] GTGA
[17:48:48] [332/455] LTTR
[17:48:49] [333/455] TTAA
[17:48:50] [334/455] TVHP
[17:48:51] [335/455] KVCS
[17:48:51] 🔄 Identity reset
[17:48:51] 🔄 Identity rotated (every 10 requests)
[17:48:52] [336/455] CBMC
[17:48:53] [337/455] MAYJ
[17:48:54] [338/455] INPR
[17:48:54] [339/455] RSSC
[17:48:55] [340/455] PCAN
[17:48:56] [341/455] PVHR
[17:48:57] [342/455] AGSM
[17:48:58] [343/455] PVES
[17:48:59] [344/455] INTO
[17:49:00] [345/455] ACON
[17:49:00] 🔄 Identity reset
[17:49:00] 🔄 Identity rotated (every 10 requests)
[17:49:01] [346/455] PVPZ
[17:49:01] [347/455] PVHC
[17:49:02] [348/455] KSTK
[17:49:03] [349/455] PVSR
[17:49:04] [350/455] ACTN
[17:49:05] [351/455] FMCN
[17:49:06] [352/455] PABC
[17:49:07] [353/455] SUTC
[17:49:08] [354/455] PGMV
[17:49:09] [355/455] GKCP
[17:49:09] 🔄 Identity reset
[17:49:09] 🔄 Identity rotated (every 10 requests)
[17:49:10] [356/455] INCH
[17:49:11] [357/455] MLMT
[17:49:12] [358/455] SSCC
[17:49:13] [359/455] SLMP
[17:49:14] [360/455] VVTN
[17:49:15] [361/455] SBTR
[17:49:16] [362/455] PGRA
[17:49:17] [363/455] PBRM
[17:49:18] [364/455] GCRP
[17:49:18] [365/455] MCSK
[17:49:18] 🔄 Identity reset
[17:49:18] 🔄 Identity rotated (every 10 requests)
[17:49:19] [366/455] NLTC
[17:49:20] [367/455] MTLM
[17:49:21] [368/455] VECT
[17:49:22] [369/455] KMRM
[17:49:23] [370/455] RACM
[17:49:24] [371/455] WSTC
[17:49:25] [372/455] PVTJ
[17:49:26] [373/455] MMKC
[17:49:26] [374/455] SVWT
[17:49:27] [375/455] JOTG
[17:49:27] 🔄 Identity reset
[17:49:27] 🔄 Identity rotated (every 10 requests)
[17:49:28] [376/455] VCDK
[17:49:29] [377/455] ANAC
[17:49:31] [378/455] GRTC
[17:49:32] [379/455] JTPL
[17:49:32] [380/455] VRCP
[17:49:33] [381/455] REMC
[17:49:35] [382/455] ATMG
[17:49:36] [383/455] GAHC
[17:49:37] [384/455] JTMV
[17:49:38] [385/455] OMTT
[17:49:38] 🔄 Identity reset
[17:49:38] 🔄 Identity rotated (every 10 requests)
[17:49:39] [386/455] GKKC
[17:49:40] [387/455] BBPO
[17:49:41] [388/455] ZCBB
[17:49:43] [389/455] DCGO
[17:49:44] [390/455] STOP
[17:49:44] [391/455] BSPC
[17:49:45] [392/455] SOND
[17:49:46] [393/455] GCKG
[17:49:47] [394/455] PCDB
[17:49:48] [395/455] PGRC
[17:49:48] 🔄 Identity reset
[17:49:48] 🔄 Identity rotated (every 10 requests)
[17:49:49] [396/455] CSCT
[17:49:50] [397/455] STDA
[17:49:51] [398/455] JAYD
[17:49:53] [399/455] PPPD
[17:49:54] [400/455] KRTT
[17:49:55] [401/455] PTDT
[17:49:56] [402/455] TRSV
[17:49:58] [403/455] VELR
[17:49:59] [404/455] STDT
[17:50:00] [405/455] SATT
[17:50:00] 🔄 Identity reset
[17:50:00] 🔄 Identity rotated (every 10 requests)
[17:50:01] [406/455] KCPM
[17:50:02] [407/455] MFCP
[17:50:03] [408/455] AXMP
[17:50:04] [409/455] LTVB
[17:50:05] [410/455] APST
[17:50:05] [411/455] DTVP
[17:50:06] [412/455] AAVB
[17:50:07] [413/455] PMBL
[17:50:08] [414/455] STKC
[17:50:09] [415/455] KKMA
[17:50:09] 🔄 Identity reset
[17:50:09] 🔄 Identity rotated (every 10 requests)
[17:50:10] [416/455] NMXS
[17:50:11] [417/455] DECX
[17:50:13] [418/455] MAPJ
[17:50:13] [419/455] SMLK
[17:50:14] [420/455] PMPU
[17:50:15] [421/455] AFST
[17:50:16] [422/455] SRSY
[17:50:17] [423/455] RMKT
[17:50:19] [424/455] RAJX
[17:50:21] [425/455] UVCD
[17:50:21] 🔄 Identity reset
[17:50:21] 🔄 Identity rotated (every 10 requests)
[17:50:22] [426/455] LISA
[17:50:23] [427/455] LMSR
[17:50:24] [428/455] PMCA
[17:50:25] [429/455] INPO
[17:50:26] [430/455] INGO
[17:50:26] [431/455] HFSQ
[17:50:28] [432/455] INMG
[17:50:29] [433/455] NYCP
[17:50:30] [434/455] HFSV
[17:50:31] [435/455] MMZP
[17:50:31] 🔄 Identity reset
[17:50:31] 🔄 Identity rotated (every 10 requests)
[17:50:32] [436/455] KSES
[17:50:33] [437/455] HFSA
[17:50:34] [438/455] ACMM
[17:50:35] [439/455] RCKD
[17:50:36] [440/455] BCKR
[17:50:36] [441/455] SFCO
[17:50:37] [442/455] JCCB
[17:50:38] [443/455] BCCR
[17:50:39] [444/455] NWCB
[17:50:40] [445/455] SAMT
[17:50:40] 🔄 Identity reset
[17:50:40] 🔄 Identity rotated (every 10 requests)
[17:50:42] [446/455] TMST
[17:50:43] [447/455] SJCN
[17:50:43] [448/455] MCBS
[17:50:44] [449/455] CMKR
[17:50:45] [450/455] INPM
[17:50:46] [451/455] WVMT
[17:50:47] [452/455] NYSM
[17:50:48] [453/455] RCMA
[17:50:49] [454/455] RECM
[17:50:50] [455/455] CYCM
[17:50:50] 🔄 Identity reset
[17:50:50] 🔄 Identity rotated (every 10 requests)
[17:50:51] 🧹 Deduping shows
[17:50:51] ✅ DONE | Shows=4422 | Movies=72
[22:04:32] 🚀 SCRIPT STARTED
[22:04:32] [1/455] MXGN
[22:04:32] 🧠 New identity created
[22:04:33] [2/455] PGGM
[22:04:35] [3/455] IPMJ
[22:04:36] [4/455] M2PP
[22:04:37] [5/455] PMMS
[22:04:38] [6/455] SCJN
[22:04:39] [7/455] CPUM
[22:04:40] [8/455] SCND
[22:04:41] [9/455] INWM
[22:04:42] [10/455] DVDC
[22:04:42] 🔄 Identity reset
[22:04:42] 🔄 Identity rotated (every 10 requests)
[22:04:43] [11/455] WVND
[22:04:44] [12/455] LBDL
[22:04:45] [13/455] CRGM
[22:04:46] [14/455] PVKS
[22:04:46] [15/455] PBLL
[22:04:47] [16/455] FNLN
[22:04:48] [17/455] PPDA
[22:04:49] [18/455] SCPT
[22:04:50] [19/455] IAJS
[22:04:51] [20/455] MMZG
[22:04:51] 🔄 Identity reset
[22:04:51] 🔄 Identity rotated (every 10 requests)
[22:04:52] [21/455] MCTI
[22:04:53] [22/455] PPMF
[22:04:55] [23/455] FNSD
[22:04:56] [24/455] M2RH
[22:04:57] [25/455] CPGV
[22:04:58] [26/455] PECD
[22:04:59] [27/455] CTEE
[22:05:00] [28/455] IOMG
[22:05:00] [29/455] CIJA
[22:05:01] [30/455] NYCG
[22:05:01] 🔄 Identity reset
[22:05:02] 🔄 Identity rotated (every 10 requests)
[22:05:03] [31/455] CEST
[22:05:04] [32/455] WVRG
[22:05:05] [33/455] DPDC
[22:05:06] [34/455] PDIV
[22:05:07] [35/455] MTPP
[22:05:07] [36/455] MHNU
[22:05:08] [37/455] WUPG
[22:05:09] [38/455] USCO
[22:05:10] [39/455] INFR
[22:05:11] [40/455] PVPD
[22:05:11] 🔄 Identity reset
[22:05:11] 🔄 Identity rotated (every 10 requests)
[22:05:11] 🔄 Retry 1/5 for PVPD in 2.1s
[22:05:11] 🔄 Identity reset
[22:05:13] 🧠 New identity created
[22:05:14] [41/455] RONC
[22:05:15] [42/455] IOCP
[22:05:16] [43/455] EMPS
[22:05:17] [44/455] PNAD
[22:05:18] [45/455] VVGZ
[22:05:19] [46/455] MDDC
[22:05:20] [47/455] MMAP
[22:05:21] [48/455] GPDC
[22:05:22] [49/455] PVPU
[22:05:22] 🔄 Identity reset
[22:05:22] 🔄 Identity rotated (every 10 requests)
[22:05:23] [50/455] DCMV
[22:05:24] [51/455] PCCF
[22:05:25] [52/455] MCEF
[22:05:26] [53/455] INRD
[22:05:27] [54/455] CCPZ
[22:05:29] [55/455] BCWG
[22:05:30] [56/455] PMGU
[22:05:31] [57/455] MCVM
[22:05:32] [58/455] MCDE
[22:05:32] [59/455] IEFM
[22:05:32] 🔄 Identity reset
[22:05:32] 🔄 Identity rotated (every 10 requests)
[22:05:34] [60/455] MXCS
[22:05:34] [61/455] RNMT
[22:05:35] [62/455] PSDD
[22:05:37] [63/455] PETA
[22:05:37] [64/455] IZOP
[22:05:38] [65/455] PDEI
[22:05:39] [66/455] MTND
[22:05:40] [67/455] PCPL
[22:05:41] [68/455] LSCM
[22:05:42] [69/455] BTFD
[22:05:42] 🔄 Identity reset
[22:05:42] 🔄 Identity rotated (every 10 requests)
[22:05:43] [70/455] MERM
[22:05:44] [71/455] PVMS
[22:05:45] [72/455] CIGK
[22:05:46] [73/455] INSG
[22:05:47] [74/455] IDEN
[22:05:48] [75/455] MCGN
[22:05:49] [76/455] IGAM
[22:05:49] [77/455] SLCU
[22:05:50] [78/455] MIMU
[22:05:51] [79/455] QLAC
[22:05:51] 🔄 Identity reset
[22:05:51] 🔄 Identity rotated (every 10 requests)
[22:05:51] 🔄 Retry 1/5 for QLAC in 2.9s
[22:05:51] 🔄 Identity reset
[22:05:54] 🧠 New identity created
[22:05:55] [80/455] MENL
[22:05:56] [81/455] SCUR
[22:05:57] [82/455] MDGD
[22:05:58] [83/455] LSRS
[22:05:59] [84/455] KMLG
[22:06:00] [85/455] MKLJ
[22:06:01] [86/455] IBYG
[22:06:02] [87/455] ISML
[22:06:02] [88/455] MJMM
[22:06:02] 🔄 Identity reset
[22:06:02] 🔄 Identity rotated (every 10 requests)
[22:06:04] [89/455] RCGD
[22:06:05] [90/455] MMOC
[22:06:05] [91/455] RRCO
[22:06:06] [92/455] MEDM
[22:06:07] [93/455] MCAZ
[22:06:08] [94/455] STWA
[22:06:09] [95/455] PFFG
[22:06:10] [96/455] GAGC
[22:06:11] [97/455] PMPM
[22:06:12] [98/455] HVCD
[22:06:12] 🔄 Identity reset
[22:06:12] 🔄 Identity rotated (every 10 requests)
[22:06:14] [99/455] AKRF
[22:06:15] [100/455] AKRC
[22:06:16] [101/455] MIDA
[22:06:17] [102/455] MAGX
[22:06:18] [103/455] ESOS
[22:06:18] [104/455] BBCL
[22:06:19] [105/455] LYAS
[22:06:20] [106/455] NRMS
[22:06:21] [107/455] BHUC
[22:06:22] [108/455] SRIC
[22:06:22] 🔄 Identity reset
[22:06:22] 🔄 Identity rotated (every 10 requests)
[22:06:23] [109/455] PDME
[22:06:24] [110/455] MJCS
[22:06:25] [111/455] NRAA
[22:06:26] [112/455] VATA
[22:06:27] [113/455] MNKC
[22:06:28] [114/455] DHCL
[22:06:29] [115/455] JCPC
[22:06:29] [116/455] CTML
[22:06:30] [117/455] RMMR
[22:06:31] [118/455] STTL
[22:06:31] 🔄 Identity reset
[22:06:31] 🔄 Identity rotated (every 10 requests)
[22:06:32] [119/455] CNPS
[22:06:33] [120/455] ACKL
[22:06:34] [121/455] SCAU
[22:06:35] [122/455] RMIA
[22:06:36] [123/455] MANU
[22:06:37] [124/455] ARDC
[22:06:38] [125/455] GLDA
[22:06:39] [126/455] KVSW
[22:06:40] [127/455] CGCA
[22:06:41] [128/455] CMLO
[22:06:41] 🔄 Identity reset
[22:06:41] 🔄 Identity rotated (every 10 requests)
[22:06:41] 🔄 Retry 1/5 for CMLO in 2.3s
[22:06:41] 🔄 Identity reset
[22:06:43] 🧠 New identity created
[22:06:44] [129/455] CECB
[22:06:44] [130/455] RCPN
[22:06:45] [131/455] ASMW
[22:06:46] [132/455] PWLM
[22:06:47] [133/455] ASGM
[22:06:48] [134/455] ACWH
[22:06:49] [135/455] AAPW
[22:06:50] [136/455] RTWA
[22:06:52] [137/455] RAMW
[22:06:52] 🔄 Identity reset
[22:06:52] 🔄 Identity rotated (every 10 requests)
[22:06:53] [138/455] VKTR
[22:06:54] [139/455] SMBH
[22:06:54] [140/455] BVDR
[22:06:55] [141/455] MRTP
[22:06:56] [142/455] BLBR
[22:06:57] [143/455] LPIN
[22:06:59] [144/455] SNPC
[22:07:00] [145/455] PDCB
[22:07:01] [146/455] DYPK
[22:07:02] [147/455] INMK
[22:07:02] 🔄 Identity reset
[22:07:02] 🔄 Identity rotated (every 10 requests)
[22:07:03] 🔄 Retry 1/5 for INMK in 2.4s
[22:07:03] 🔄 Identity reset
[22:07:05] 🧠 New identity created
[22:07:06] [148/455] PDCK
[22:07:07] [149/455] PCKR
[22:07:08] [150/455] SHUA
[22:07:08] [151/455] SCVK
[22:07:09] [152/455] STPA
[22:07:10] [153/455] WVHD
[22:07:11] [154/455] MRCH
[22:07:12] [155/455] MCNP
[22:07:13] [156/455] RCAG
[22:07:13] 🔄 Identity reset
[22:07:13] 🔄 Identity rotated (every 10 requests)
[22:07:14] [157/455] JTSN
[22:07:15] [158/455] AANS
[22:07:16] [159/455] GDDR
[22:07:17] [160/455] SRER
[22:07:17] [161/455] JKMA
[22:07:18] [162/455] ARAN
[22:07:19] [163/455] ALCT
[22:07:20] [164/455] CCTA
[22:07:21] [165/455] CNCT
[22:07:22] [166/455] NZBL
[22:07:22] 🔄 Identity reset
[22:07:22] 🔄 Identity rotated (every 10 requests)
[22:07:23] [167/455] SRRA
[22:07:24] [168/455] SVPW
[22:07:25] [169/455] SRTW
[22:07:26] [170/455] XMTD
[22:07:27] [171/455] SCCZ
[22:07:28] [172/455] PBCR
[22:07:29] [173/455] RTSC
[22:07:30] [174/455] TLSV
[22:07:31] [175/455] RMTK
[22:07:32] [176/455] SRAT
[22:07:32] 🔄 Identity reset
[22:07:32] 🔄 Identity rotated (every 10 requests)
[22:07:33] [177/455] GCYC
[22:07:34] [178/455] HCAJ
[22:07:35] [179/455] LCXA
[22:07:36] [180/455] BINT
[22:07:37] [181/455] IXIM
[22:07:38] [182/455] MBCR
[22:07:39] [183/455] BMCJ
[22:07:40] [184/455] NICJ
[22:07:41] [185/455] SCAJ
[22:07:41] [186/455] CMXS
[22:07:41] 🔄 Identity reset
[22:07:41] 🔄 Identity rotated (every 10 requests)
[22:07:43] [187/455] MMSR
[22:07:44] [188/455] PRKT
[22:07:45] [189/455] LPTH
[22:07:45] [190/455] SARP
[22:07:46] [191/455] MNPP
[22:07:47] [192/455] PRLR
[22:07:49] [193/455] RCMW
[22:07:50] [194/455] FCMG
[22:07:51] [195/455] RTNK
[22:07:52] [196/455] LRCP
[22:07:52] 🔄 Identity reset
[22:07:52] 🔄 Identity rotated (every 10 requests)
[22:07:52] [197/455] DBJR
[22:07:53] [198/455] CACN
[22:07:54] [199/455] AMRL
[22:07:55] [200/455] SBBC
[22:07:56] [201/455] VENN
[22:07:56] [202/455] STSS
[22:07:57] [203/455] SMRB
[22:07:58] [204/455] CCMX
[22:07:59] [205/455] KCMR
[22:08:00] [206/455] SALH
[22:08:00] 🔄 Identity reset
[22:08:00] 🔄 Identity rotated (every 10 requests)
[22:08:01] [207/455] CGTT
[22:08:02] [208/455] PMDR
[22:08:03] [209/455] VCPM
[22:08:04] [210/455] RZMX
[22:08:05] [211/455] TMSY
[22:08:06] [212/455] NTMS
[22:08:07] [213/455] VTAG
[22:08:09] [214/455] REMA
[22:08:10] [215/455] NXCC
[22:08:11] [216/455] SKYM
[22:08:11] 🔄 Identity reset
[22:08:11] 🔄 Identity rotated (every 10 requests)
[22:08:12] [217/455] CCMO
[22:08:13] [218/455] DMXM
[22:08:14] [219/455] SPPM
[22:08:16] [220/455] PTKL
[22:08:16] [221/455] SLVO
[22:08:17] [222/455] VASL
[22:08:18] [223/455] CBCM
[22:08:19] [224/455] STMA
[22:08:20] [225/455] LASK
[22:08:22] [226/455] VITE
[22:08:22] 🔄 Identity reset
[22:08:22] 🔄 Identity rotated (every 10 requests)
[22:08:22] [227/455] AAST
[22:08:23] [228/455] JTPT
[22:08:24] [229/455] RRSH
[22:08:25] [230/455] CINL
[22:08:26] [231/455] MCSR
[22:08:27] [232/455] SBCF
[22:08:28] [233/455] GCDU
[22:08:28] [234/455] PSPR
[22:08:29] [235/455] IMMO
[22:08:30] [236/455] CLGM
[22:08:30] 🔄 Identity reset
[22:08:30] 🔄 Identity rotated (every 10 requests)
[22:08:31] [237/455] PBMM
[22:08:32] [238/455] CEHR
[22:08:32] [239/455] CPOE
[22:08:33] [240/455] PGFD
[22:08:34] [241/455] PSLC
[22:08:35] [242/455] MSMD
[22:08:36] [243/455] FMFB
[22:08:37] [244/455] RKCL
[22:08:37] [245/455] PMMC
[22:08:38] [246/455] SKMM
[22:08:38] 🔄 Identity reset
[22:08:38] 🔄 Identity rotated (every 10 requests)
[22:08:39] [247/455] VOIB
[22:08:40] [248/455] KINO
[22:08:41] [249/455] VCTP
[22:08:42] [250/455] PDWR
[22:08:42] [251/455] SAED
[22:08:44] [252/455] SRRT
[22:08:44] [253/455] CVLG
[22:08:45] [254/455] SNGN
[22:08:46] [255/455] SIDA
[22:08:47] [256/455] IMCB
[22:08:47] 🔄 Identity reset
[22:08:47] 🔄 Identity rotated (every 10 requests)
[22:08:47] 🔄 Retry 1/5 for IMCB in 2.4s
[22:08:47] 🔄 Identity reset
[22:08:49] 🧠 New identity created
[22:08:50] [257/455] SMHP
[22:08:51] [258/455] GDTY
[22:08:52] [259/455] VYCH
[22:08:53] [260/455] PDYA
[22:08:54] [261/455] RKDO
[22:08:55] [262/455] VECG
[22:08:56] [263/455] NFGD
[22:08:57] [264/455] SNDC
[22:08:58] [265/455] SDJH
[22:08:58] 🔄 Identity reset
[22:08:58] 🔄 Identity rotated (every 10 requests)
[22:08:59] [266/455] HASV
[22:09:00] [267/455] PTYK
[22:09:01] [268/455] MUTB
[22:09:02] [269/455] AMRT
[22:09:03] [270/455] VACD
[22:09:03] [271/455] SKDD
[22:09:04] [272/455] STGR
[22:09:05] [273/455] GDAK
[22:09:06] [274/455] SKHK
[22:09:07] [275/455] SLND
[22:09:07] 🔄 Identity reset
[22:09:07] 🔄 Identity rotated (every 10 requests)
[22:09:08] [276/455] APAP
[22:09:09] [277/455] AYYA
[22:09:10] [278/455] VCCZ
[22:09:11] [279/455] MEML
[22:09:12] [280/455] MAOU
[22:09:13] [281/455] ESND
[22:09:13] [282/455] PTBZ
[22:09:14] [283/455] LBCN
[22:09:15] [284/455] PAWA
[22:09:16] [285/455] ZEIC
[22:09:16] 🔄 Identity reset
[22:09:16] 🔄 Identity rotated (every 10 requests)
[22:09:16] [286/455] CGMM
[22:09:18] [287/455] PJPM
[22:09:18] [288/455] ECMR
[22:09:19] [289/455] SHMZ
[22:09:20] [290/455] STCA
[22:09:21] [291/455] VDRC
[22:09:22] [292/455] SEEM
[22:09:23] [293/455] MKNS
[22:09:24] [294/455] KPPP
[22:09:25] [295/455] CCML
[22:09:25] 🔄 Identity reset
[22:09:25] 🔄 Identity rotated (every 10 requests)
[22:09:26] [296/455] CIBA
[22:09:27] [297/455] NACS
[22:09:27] [298/455] CTMK
[22:09:28] [299/455] CTCT
[22:09:29] [300/455] MCSN
[22:09:30] [301/455] MAXX
[22:09:31] [302/455] MECB
[22:09:31] [303/455] NTBY
[22:09:32] [304/455] UTBI
[22:09:33] [305/455] RADK
[22:09:33] 🔄 Identity reset
[22:09:33] 🔄 Identity rotated (every 10 requests)
[22:09:34] [306/455] STBY
[22:09:35] [307/455] GTBY
[22:09:36] [308/455] RRMB
[22:09:37] [309/455] ABRN
[22:09:38] [310/455] GTSG
[22:09:38] [311/455] GBTG
[22:09:39] [312/455] SBGS
[22:09:40] [313/455] KBPM
[22:09:41] [314/455] SMHT
[22:09:42] [315/455] VTDM
[22:09:42] 🔄 Identity reset
[22:09:42] 🔄 Identity rotated (every 10 requests)
[22:09:43] [316/455] ASCT
[22:09:44] [317/455] AWCT
[22:09:45] [318/455] DCCU
[22:09:46] [319/455] PSCE
[22:09:47] [320/455] KSNY
[22:09:48] [321/455] ACID
[22:09:49] [322/455] LVCD
[22:09:50] [323/455] KSSB
[22:09:50] [324/455] SWTD
[22:09:51] [325/455] RBMR
[22:09:51] 🔄 Identity reset
[22:09:51] 🔄 Identity rotated (every 10 requests)
[22:09:52] [326/455] SCBC
[22:09:53] [327/455] RKME
[22:09:54] [328/455] GALX
[22:09:55] [329/455] GCCH
[22:09:56] [330/455] RATR
[22:09:57] [331/455] GTGA
[22:09:58] [332/455] LTTR
[22:09:59] [333/455] TTAA
[22:10:00] [334/455] TVHP
[22:10:01] [335/455] KVCS
[22:10:01] 🔄 Identity reset
[22:10:01] 🔄 Identity rotated (every 10 requests)
[22:10:02] [336/455] CBMC
[22:10:03] [337/455] MAYJ
[22:10:04] [338/455] INPR
[22:10:04] [339/455] RSSC
[22:10:05] [340/455] PCAN
[22:10:06] [341/455] PVHR
[22:10:07] [342/455] AGSM
[22:10:08] [343/455] PVES
[22:10:08] [344/455] INTO
[22:10:09] [345/455] ACON
[22:10:09] 🔄 Identity reset
[22:10:09] 🔄 Identity rotated (every 10 requests)
[22:10:10] [346/455] PVPZ
[22:10:11] [347/455] PVHC
[22:10:12] [348/455] KSTK
[22:10:13] [349/455] PVSR
[22:10:14] [350/455] ACTN
[22:10:15] [351/455] FMCN
[22:10:16] [352/455] PABC
[22:10:17] [353/455] SUTC
[22:10:17] [354/455] PGMV
[22:10:18] [355/455] GKCP
[22:10:18] 🔄 Identity reset
[22:10:18] 🔄 Identity rotated (every 10 requests)
[22:10:19] [356/455] INCH
[22:10:20] [357/455] MLMT
[22:10:21] [358/455] SSCC
[22:10:22] [359/455] SLMP
[22:10:23] [360/455] VVTN
[22:10:24] [361/455] SBTR
[22:10:24] [362/455] PGRA
[22:10:25] [363/455] PBRM
[22:10:26] [364/455] GCRP
[22:10:28] [365/455] MCSK
[22:10:28] 🔄 Identity reset
[22:10:28] 🔄 Identity rotated (every 10 requests)
[22:10:29] [366/455] NLTC
[22:10:30] [367/455] MTLM
[22:10:31] [368/455] VECT
[22:10:32] [369/455] KMRM
[22:10:33] [370/455] RACM
[22:10:33] [371/455] WSTC
[22:10:34] [372/455] PVTJ
[22:10:35] [373/455] MMKC
[22:10:36] [374/455] SVWT
[22:10:37] [375/455] JOTG
[22:10:37] 🔄 Identity reset
[22:10:37] 🔄 Identity rotated (every 10 requests)
[22:10:38] [376/455] VCDK
[22:10:39] [377/455] ANAC
[22:10:40] [378/455] GRTC
[22:10:40] [379/455] JTPL
[22:10:41] [380/455] VRCP
[22:10:42] [381/455] REMC
[22:10:43] [382/455] ATMG
[22:10:44] [383/455] GAHC
[22:10:46] [384/455] JTMV
[22:10:47] [385/455] OMTT
[22:10:47] 🔄 Identity reset
[22:10:47] 🔄 Identity rotated (every 10 requests)
[22:10:48] [386/455] GKKC
[22:10:49] [387/455] BBPO
[22:10:50] [388/455] ZCBB
[22:10:51] [389/455] DCGO
[22:10:52] [390/455] STOP
[22:10:53] [391/455] BSPC
[22:10:54] [392/455] SOND
[22:10:55] [393/455] GCKG
[22:10:56] [394/455] PCDB
[22:10:57] [395/455] PGRC
[22:10:57] 🔄 Identity reset
[22:10:57] 🔄 Identity rotated (every 10 requests)
[22:10:58] [396/455] CSCT
[22:10:59] [397/455] STDA
[22:11:00] [398/455] JAYD
[22:11:01] [399/455] PPPD
[22:11:01] [400/455] KRTT
[22:11:03] [401/455] PTDT
[22:11:04] [402/455] TRSV
[22:11:05] [403/455] VELR
[22:11:05] [404/455] STDT
[22:11:06] [405/455] SATT
[22:11:06] 🔄 Identity reset
[22:11:06] 🔄 Identity rotated (every 10 requests)
[22:11:07] [406/455] KCPM
[22:11:08] [407/455] MFCP
[22:11:09] [408/455] AXMP
[22:11:10] [409/455] LTVB
[22:11:10] [410/455] APST
[22:11:11] [411/455] DTVP
[22:11:13] [412/455] AAVB
[22:11:14] [413/455] PMBL
[22:11:14] [414/455] STKC
[22:11:15] [415/455] KKMA
[22:11:15] 🔄 Identity reset
[22:11:15] 🔄 Identity rotated (every 10 requests)
[22:11:16] [416/455] NMXS
[22:11:17] [417/455] DECX
[22:11:18] [418/455] MAPJ
[22:11:19] [419/455] SMLK
[22:11:20] [420/455] PMPU
[22:11:20] [421/455] AFST
[22:11:21] [422/455] SRSY
[22:11:22] [423/455] RMKT
[22:11:23] [424/455] RAJX
[22:11:24] [425/455] UVCD
[22:11:24] 🔄 Identity reset
[22:11:24] 🔄 Identity rotated (every 10 requests)
[22:11:25] [426/455] LISA
[22:11:25] [427/455] LMSR
[22:11:26] [428/455] PMCA
[22:11:27] [429/455] INPO
[22:11:28] [430/455] INGO
[22:11:29] [431/455] HFSQ
[22:11:29] [432/455] INMG
[22:11:30] [433/455] NYCP
[22:11:32] [434/455] HFSV
[22:11:32] [435/455] MMZP
[22:11:32] 🔄 Identity reset
[22:11:32] 🔄 Identity rotated (every 10 requests)
[22:11:33] [436/455] KSES
[22:11:34] [437/455] HFSA
[22:11:35] [438/455] ACMM
[22:11:36] [439/455] RCKD
[22:11:37] [440/455] BCKR
[22:11:38] [441/455] SFCO
[22:11:39] [442/455] JCCB
[22:11:40] [443/455] BCCR
[22:11:40] [444/455] NWCB
[22:11:41] [445/455] SAMT
[22:11:41] 🔄 Identity reset
[22:11:41] 🔄 Identity rotated (every 10 requests)
[22:11:42] [446/455] TMST
[22:11:43] [447/455] SJCN
[22:11:44] [448/455] MCBS
[22:11:44] [449/455] CMKR
[22:11:45] [450/455] INPM
[22:11:46] [451/455] WVMT
[22:11:47] [452/455] NYSM
[22:11:48] [453/455] RCMA
[22:11:49] [454/455] RECM
[22:11:50] [455/455] CYCM
[22:11:50] 🔄 Identity reset
[22:11:50] 🔄 Identity rotated (every 10 requests)
[22:11:51] 🧹 Deduping shows
[22:11:51] ✅ DONE | Shows=4677 | Movies=73
[23:31:31] 🚀 SCRIPT STARTED
[23:31:31] [1/455] MXGN
[23:31:31] 🧠 New identity created
[23:31:33] [2/455] PGGM
[23:31:34] [3/455] IPMJ
[23:31:35] [4/455] M2PP
[23:31:36] [5/455] PMMS
[23:31:37] [6/455] SCJN
[23:31:38] [7/455] CPUM
[23:31:38] [8/455] SCND
[23:31:40] [9/455] INWM
[23:31:41] [10/455] DVDC
[23:31:41] 🔄 Identity reset
[23:31:41] 🔄 Identity rotated (every 10 requests)
[23:31:43] [11/455] WVND
[23:31:44] [12/455] LBDL
[23:31:45] [13/455] CRGM
[23:31:46] [14/455] PVKS
[23:31:47] [15/455] PBLL
[23:31:48] [16/455] FNLN
[23:31:48] [17/455] PPDA
[23:31:49] [18/455] SCPT
[23:31:51] [19/455] IAJS
[23:31:52] [20/455] MMZG
[23:31:52] 🔄 Identity reset
[23:31:52] 🔄 Identity rotated (every 10 requests)
[23:31:52] 🔄 Retry 1/5 for MMZG in 2.5s
[23:31:52] 🔄 Identity reset
[23:31:54] 🧠 New identity created
[23:31:55] [21/455] MCTI
[23:31:56] [22/455] PPMF
[23:31:57] [23/455] FNSD
[23:31:58] [24/455] M2RH
[23:31:59] [25/455] CPGV
[23:32:01] [26/455] PECD
[23:32:02] [27/455] CTEE
[23:32:03] [28/455] IOMG
[23:32:04] [29/455] CIJA
[23:32:04] 🔄 Identity reset
[23:32:04] 🔄 Identity rotated (every 10 requests)
[23:32:05] [30/455] NYCG
[23:32:06] [31/455] CEST
[23:32:07] [32/455] WVRG
[23:32:08] [33/455] DPDC
[23:32:09] [34/455] PDIV
[23:32:10] [35/455] MTPP
[23:32:11] [36/455] MHNU
[23:32:12] [37/455] WUPG
[23:32:13] [38/455] USCO
[23:32:14] [39/455] INFR
[23:32:14] 🔄 Identity reset
[23:32:14] 🔄 Identity rotated (every 10 requests)
[23:32:15] [40/455] PVPD
[23:32:16] [41/455] RONC
[23:32:17] [42/455] IOCP
[23:32:18] [43/455] EMPS
[23:32:19] [44/455] PNAD
[23:32:20] [45/455] VVGZ
[23:32:22] [46/455] MDDC
[23:32:23] [47/455] MMAP
[23:32:24] [48/455] GPDC
[23:32:25] [49/455] PVPU
[23:32:25] 🔄 Identity reset
[23:32:25] 🔄 Identity rotated (every 10 requests)
[23:32:26] [50/455] DCMV
[23:32:27] [51/455] PCCF
[23:32:28] [52/455] MCEF
[23:32:29] [53/455] INRD
[23:32:30] [54/455] CCPZ
[23:32:31] [55/455] BCWG
[23:32:32] [56/455] PMGU
[23:32:33] [57/455] MCVM
[23:32:34] [58/455] MCDE
[23:32:35] [59/455] IEFM
[23:32:35] 🔄 Identity reset
[23:32:35] 🔄 Identity rotated (every 10 requests)
[23:32:36] [60/455] MXCS
[23:32:37] [61/455] RNMT
[23:32:38] [62/455] PSDD
[23:32:39] [63/455] PETA
[23:32:41] [64/455] IZOP
[23:32:41] [65/455] PDEI
[23:32:42] [66/455] MTND
[23:32:43] [67/455] PCPL
[23:32:44] [68/455] LSCM
[23:32:45] [69/455] BTFD
[23:32:45] 🔄 Identity reset
[23:32:45] 🔄 Identity rotated (every 10 requests)
[23:32:45] 🔄 Retry 1/5 for BTFD in 2.2s
[23:32:45] 🔄 Identity reset
[23:32:48] 🧠 New identity created
[23:32:49] [70/455] MERM
[23:32:50] [71/455] PVMS
[23:32:51] [72/455] CIGK
[23:32:52] [73/455] INSG
[23:32:53] [74/455] IDEN
[23:32:54] [75/455] MCGN
[23:32:55] [76/455] IGAM
[23:32:55] [77/455] SLCU
[23:32:56] [78/455] MIMU
[23:32:56] 🔄 Identity reset
[23:32:57] 🔄 Identity rotated (every 10 requests)
[23:32:58] [79/455] QLAC
[23:32:58] [80/455] MENL
[23:32:59] [81/455] SCUR
[23:33:01] [82/455] MDGD
[23:33:01] [83/455] LSRS
[23:33:02] [84/455] KMLG
[23:33:03] [85/455] MKLJ
[23:33:04] [86/455] IBYG
[23:33:05] [87/455] ISML
[23:33:06] [88/455] MJMM
[23:33:06] 🔄 Identity reset
[23:33:06] 🔄 Identity rotated (every 10 requests)
[23:33:07] [89/455] RCGD
[23:33:09] [90/455] MMOC
[23:33:11] [91/455] RRCO
[23:33:12] [92/455] MEDM
[23:33:12] [93/455] MCAZ
[23:33:13] [94/455] STWA
[23:33:14] [95/455] PFFG
[23:33:15] [96/455] GAGC
[23:33:16] [97/455] PMPM
[23:33:17] [98/455] HVCD
[23:33:17] 🔄 Identity reset
[23:33:17] 🔄 Identity rotated (every 10 requests)
[23:33:18] [99/455] AKRF
[23:33:19] [100/455] AKRC
[23:33:20] [101/455] MIDA
[23:33:21] [102/455] MAGX
[23:33:21] [103/455] ESOS
[23:33:22] [104/455] BBCL
[23:33:23] [105/455] LYAS
[23:33:24] [106/455] NRMS
[23:33:26] [107/455] BHUC
[23:33:27] [108/455] SRIC
[23:33:27] 🔄 Identity reset
[23:33:27] 🔄 Identity rotated (every 10 requests)
[23:33:28] [109/455] PDME
[23:33:29] [110/455] MJCS
[23:33:30] [111/455] NRAA
[23:33:31] [112/455] VATA
[23:33:32] [113/455] MNKC
[23:33:33] [114/455] DHCL
[23:33:34] [115/455] JCPC
[23:33:35] [116/455] CTML
[23:33:36] [117/455] RMMR
[23:33:37] [118/455] STTL
[23:33:37] 🔄 Identity reset
[23:33:37] 🔄 Identity rotated (every 10 requests)
[23:33:38] [119/455] CNPS
[23:33:40] [120/455] ACKL
[23:33:41] [121/455] SCAU
[23:33:42] [122/455] RMIA
[23:33:43] [123/455] MANU
[23:33:44] [124/455] ARDC
[23:33:45] [125/455] GLDA
[23:33:46] [126/455] KVSW
[23:33:47] [127/455] CGCA
[23:33:48] [128/455] CMLO
[23:33:48] 🔄 Identity reset
[23:33:48] 🔄 Identity rotated (every 10 requests)
[23:33:50] [129/455] CECB
[23:33:51] [130/455] RCPN
[23:33:52] [131/455] ASMW
[23:33:53] [132/455] PWLM
[23:33:54] [133/455] ASGM
[23:33:55] [134/455] ACWH
[23:33:57] [135/455] AAPW
[23:33:58] [136/455] RTWA
[23:33:59] [137/455] RAMW
[23:33:59] [138/455] VKTR
[23:33:59] 🔄 Identity reset
[23:33:59] 🔄 Identity rotated (every 10 requests)
[23:34:01] [139/455] SMBH
[23:34:01] [140/455] BVDR
[23:34:02] [141/455] MRTP
[23:34:03] [142/455] BLBR
[23:34:05] [143/455] LPIN
[23:34:06] [144/455] SNPC
[23:34:07] [145/455] PDCB
[23:34:08] [146/455] DYPK
[23:34:09] [147/455] INMK
[23:34:11] [148/455] PDCK
[23:34:11] 🔄 Identity reset
[23:34:11] 🔄 Identity rotated (every 10 requests)
[23:34:12] [149/455] PCKR
[23:34:13] [150/455] SHUA
[23:34:14] [151/455] SCVK
[23:34:15] [152/455] STPA
[23:34:16] [153/455] WVHD
[23:34:17] [154/455] MRCH
[23:34:18] [155/455] MCNP
[23:34:19] [156/455] RCAG
[23:34:20] [157/455] JTSN
[23:34:21] [158/455] AANS
[23:34:21] 🔄 Identity reset
[23:34:21] 🔄 Identity rotated (every 10 requests)
[23:34:21] 🔄 Retry 1/5 for AANS in 2.1s
[23:34:21] 🔄 Identity reset
[23:34:23] 🧠 New identity created
[23:34:23] 🔄 Retry 2/5 for AANS in 4.8s
[23:34:23] 🔄 Identity reset
[23:34:28] 🧠 New identity created
[23:34:28] 🔄 Retry 3/5 for AANS in 8.1s
[23:34:28] 🔄 Identity reset
[23:34:36] 🧠 New identity created
[23:34:37] [159/455] GDDR
[23:34:38] [160/455] SRER
[23:34:39] [161/455] JKMA
[23:34:40] [162/455] ARAN
[23:34:41] [163/455] ALCT
[23:34:42] [164/455] CCTA
[23:34:43] [165/455] CNCT
[23:34:43] 🔄 Identity reset
[23:34:43] 🔄 Identity rotated (every 10 requests)
[23:34:44] [166/455] NZBL
[23:34:45] [167/455] SRRA
[23:34:46] [168/455] SVPW
[23:34:47] [169/455] SRTW
[23:34:48] [170/455] XMTD
[23:34:49] [171/455] SCCZ
[23:34:50] [172/455] PBCR
[23:34:51] [173/455] RTSC
[23:34:52] [174/455] TLSV
[23:34:53] [175/455] RMTK
[23:34:53] 🔄 Identity reset
[23:34:53] 🔄 Identity rotated (every 10 requests)
[23:34:53] 🔄 Retry 1/5 for RMTK in 2.7s
[23:34:53] 🔄 Identity reset
[23:34:56] 🧠 New identity created
[23:34:56] 🔄 Retry 2/5 for RMTK in 4.8s
[23:34:56] 🔄 Identity reset
[23:35:01] 🧠 New identity created
[23:35:02] [176/455] SRAT
[23:35:03] [177/455] GCYC
[23:35:04] [178/455] HCAJ
[23:35:04] [179/455] LCXA
[23:35:05] [180/455] BINT
[23:35:06] [181/455] IXIM
[23:35:07] [182/455] MBCR
[23:35:09] [183/455] BMCJ
[23:35:09] 🔄 Identity reset
[23:35:09] 🔄 Identity rotated (every 10 requests)
[23:35:09] [184/455] NICJ
[23:35:10] [185/455] SCAJ
[23:35:12] [186/455] CMXS
[23:35:13] [187/455] MMSR
[23:35:14] [188/455] PRKT
[23:35:16] [189/455] LPTH
[23:35:17] [190/455] SARP
[23:35:18] [191/455] MNPP
[23:35:18] [192/455] PRLR
[23:35:19] [193/455] RCMW
[23:35:19] 🔄 Identity reset
[23:35:19] 🔄 Identity rotated (every 10 requests)
[23:35:21] [194/455] FCMG
[23:35:22] [195/455] RTNK
[23:35:23] [196/455] LRCP
[23:35:24] [197/455] DBJR
[23:35:25] [198/455] CACN
[23:35:26] [199/455] AMRL
[23:35:27] [200/455] SBBC
[23:35:28] [201/455] VENN
[23:35:29] [202/455] STSS
[23:35:30] [203/455] SMRB
[23:35:30] 🔄 Identity reset
[23:35:30] 🔄 Identity rotated (every 10 requests)
[23:35:32] [204/455] CCMX
[23:35:32] [205/455] KCMR
[23:35:33] [206/455] SALH
[23:35:34] [207/455] CGTT
[23:35:36] [208/455] PMDR
[23:35:37] [209/455] VCPM
[23:35:38] [210/455] RZMX
[23:35:39] [211/455] TMSY
[23:35:40] [212/455] NTMS
[23:35:41] [213/455] VTAG
[23:35:41] 🔄 Identity reset
[23:35:41] 🔄 Identity rotated (every 10 requests)
[23:35:41] 🔄 Retry 1/5 for VTAG in 2.3s
[23:35:41] 🔄 Identity reset
[23:35:43] 🧠 New identity created
[23:35:45] [214/455] REMA
[23:35:46] [215/455] NXCC
[23:35:48] [216/455] SKYM
[23:35:49] [217/455] CCMO
[23:35:50] [218/455] DMXM
[23:35:51] [219/455] SPPM
[23:35:52] [220/455] PTKL
[23:35:53] [221/455] SLVO
[23:35:54] [222/455] VASL
[23:35:54] 🔄 Identity reset
[23:35:54] 🔄 Identity rotated (every 10 requests)
[23:35:55] [223/455] CBCM
[23:35:56] [224/455] STMA
[23:35:57] [225/455] LASK
[23:35:58] [226/455] VITE
[23:35:59] [227/455] AAST
[23:35:59] [228/455] JTPT
[23:36:00] [229/455] RRSH
[23:36:02] [230/455] CINL
[23:36:03] [231/455] MCSR
[23:36:04] [232/455] SBCF
[23:36:04] 🔄 Identity reset
[23:36:04] 🔄 Identity rotated (every 10 requests)
[23:36:05] [233/455] GCDU
[23:36:06] [234/455] PSPR
[23:36:07] [235/455] IMMO
[23:36:08] [236/455] CLGM
[23:36:09] [237/455] PBMM
[23:36:10] [238/455] CEHR
[23:36:11] [239/455] CPOE
[23:36:12] [240/455] PGFD
[23:36:13] [241/455] PSLC
[23:36:15] [242/455] MSMD
[23:36:15] 🔄 Identity reset
[23:36:15] 🔄 Identity rotated (every 10 requests)
[23:36:16] [243/455] FMFB
[23:36:17] [244/455] RKCL
[23:36:18] [245/455] PMMC
[23:36:19] [246/455] SKMM
[23:36:20] [247/455] VOIB
[23:36:21] [248/455] KINO
[23:36:22] [249/455] VCTP
[23:36:22] [250/455] PDWR
[23:36:23] [251/455] SAED
[23:36:24] [252/455] SRRT
[23:36:24] 🔄 Identity reset
[23:36:24] 🔄 Identity rotated (every 10 requests)
[23:36:24] 🔄 Retry 1/5 for SRRT in 2.5s
[23:36:24] 🔄 Identity reset
[23:36:27] 🧠 New identity created
[23:36:27] 🔄 Retry 2/5 for SRRT in 4.2s
[23:36:27] 🔄 Identity reset
[23:36:31] 🧠 New identity created
[23:36:33] [253/455] CVLG
[23:36:33] [254/455] SNGN
[23:36:34] [255/455] SIDA
[23:36:35] [256/455] IMCB
[23:36:37] [257/455] SMHP
[23:36:38] [258/455] GDTY
[23:36:39] [259/455] VYCH
[23:36:40] [260/455] PDYA
[23:36:40] 🔄 Identity reset
[23:36:40] 🔄 Identity rotated (every 10 requests)
[23:36:41] [261/455] RKDO
[23:36:41] [262/455] VECG
[23:36:42] [263/455] NFGD
[23:36:43] [264/455] SNDC
[23:36:44] [265/455] SDJH
[23:36:45] [266/455] HASV
[23:36:46] [267/455] PTYK
[23:36:47] [268/455] MUTB
[23:36:48] [269/455] AMRT
[23:36:49] [270/455] VACD
[23:36:49] 🔄 Identity reset
[23:36:49] 🔄 Identity rotated (every 10 requests)
[23:36:50] [271/455] SKDD
[23:36:51] [272/455] STGR
[23:36:52] [273/455] GDAK
[23:36:53] [274/455] SKHK
[23:36:53] [275/455] SLND
[23:36:54] [276/455] APAP
[23:36:55] [277/455] AYYA
[23:36:56] [278/455] VCCZ
[23:36:57] [279/455] MEML
[23:36:58] [280/455] MAOU
[23:36:58] 🔄 Identity reset
[23:36:58] 🔄 Identity rotated (every 10 requests)
[23:36:59] [281/455] ESND
[23:37:01] [282/455] PTBZ
[23:37:02] [283/455] LBCN
[23:37:03] [284/455] PAWA
[23:37:04] [285/455] ZEIC
[23:37:04] [286/455] CGMM
[23:37:05] [287/455] PJPM
[23:37:06] [288/455] ECMR
[23:37:07] [289/455] SHMZ
[23:37:08] [290/455] STCA
[23:37:08] 🔄 Identity reset
[23:37:08] 🔄 Identity rotated (every 10 requests)
[23:37:09] [291/455] VDRC
[23:37:10] [292/455] SEEM
[23:37:11] [293/455] MKNS
[23:37:12] [294/455] KPPP
[23:37:13] [295/455] CCML
[23:37:14] [296/455] CIBA
[23:37:15] [297/455] NACS
[23:37:16] [298/455] CTMK
[23:37:17] [299/455] CTCT
[23:37:17] [300/455] MCSN
[23:37:17] 🔄 Identity reset
[23:37:17] 🔄 Identity rotated (every 10 requests)
[23:37:18] [301/455] MAXX
[23:37:19] [302/455] MECB
[23:37:20] [303/455] NTBY
[23:37:21] [304/455] UTBI
[23:37:22] [305/455] RADK
[23:37:23] [306/455] STBY
[23:37:24] [307/455] GTBY
[23:37:25] [308/455] RRMB
[23:37:27] [309/455] ABRN
[23:37:28] [310/455] GTSG
[23:37:28] 🔄 Identity reset
[23:37:28] 🔄 Identity rotated (every 10 requests)
[23:37:28] 🔄 Retry 1/5 for GTSG in 2.7s
[23:37:28] 🔄 Identity reset
[23:37:30] 🧠 New identity created
[23:37:30] 🔄 Retry 2/5 for GTSG in 4.5s
[23:37:30] 🔄 Identity reset
[23:37:35] 🧠 New identity created
[23:37:36] [311/455] GBTG
[23:37:37] [312/455] SBGS
[23:37:38] [313/455] KBPM
[23:37:40] [314/455] SMHT
[23:37:40] [315/455] VTDM
[23:37:41] [316/455] ASCT
[23:37:42] [317/455] AWCT
[23:37:43] [318/455] DCCU
[23:37:43] 🔄 Identity reset
[23:37:43] 🔄 Identity rotated (every 10 requests)
[23:37:44] [319/455] PSCE
[23:37:45] [320/455] KSNY
[23:37:46] [321/455] ACID
[23:37:47] [322/455] LVCD
[23:37:48] [323/455] KSSB
[23:37:49] [324/455] SWTD
[23:37:50] [325/455] RBMR
[23:37:51] [326/455] SCBC
[23:37:52] [327/455] RKME
[23:37:53] [328/455] GALX
[23:37:53] 🔄 Identity reset
[23:37:53] 🔄 Identity rotated (every 10 requests)
[23:37:53] 🔄 Retry 1/5 for GALX in 2.1s
[23:37:53] 🔄 Identity reset
[23:37:55] 🧠 New identity created
[23:37:55] 🔄 Retry 2/5 for GALX in 4.1s
[23:37:55] 🔄 Identity reset
[23:38:00] 🧠 New identity created
[23:38:00] [329/455] GCCH
[23:38:02] [330/455] RATR
[23:38:02] [331/455] GTGA
[23:38:03] [332/455] LTTR
[23:38:04] [333/455] TTAA
[23:38:05] [334/455] TVHP
[23:38:06] [335/455] KVCS
[23:38:07] [336/455] CBMC
[23:38:07] 🔄 Identity reset
[23:38:07] 🔄 Identity rotated (every 10 requests)
[23:38:08] [337/455] MAYJ
[23:38:09] [338/455] INPR
[23:38:10] [339/455] RSSC
[23:38:10] [340/455] PCAN
[23:38:11] [341/455] PVHR
[23:38:12] [342/455] AGSM
[23:38:13] [343/455] PVES
[23:38:14] [344/455] INTO
[23:38:15] [345/455] ACON
[23:38:16] [346/455] PVPZ
[23:38:16] 🔄 Identity reset
[23:38:16] 🔄 Identity rotated (every 10 requests)
[23:38:17] [347/455] PVHC
[23:38:18] [348/455] KSTK
[23:38:19] [349/455] PVSR
[23:38:19] [350/455] ACTN
[23:38:20] [351/455] FMCN
[23:38:21] [352/455] PABC
[23:38:22] [353/455] SUTC
[23:38:23] [354/455] PGMV
[23:38:24] [355/455] GKCP
[23:38:25] [356/455] INCH
[23:38:25] 🔄 Identity reset
[23:38:25] 🔄 Identity rotated (every 10 requests)
[23:38:26] [357/455] MLMT
[23:38:27] [358/455] SSCC
[23:38:28] [359/455] SLMP
[23:38:29] [360/455] VVTN
[23:38:30] [361/455] SBTR
[23:38:31] [362/455] PGRA
[23:38:32] [363/455] PBRM
[23:38:33] [364/455] GCRP
[23:38:34] [365/455] MCSK
[23:38:35] [366/455] NLTC
[23:38:35] 🔄 Identity reset
[23:38:35] 🔄 Identity rotated (every 10 requests)
[23:38:36] [367/455] MTLM
[23:38:37] [368/455] VECT
[23:38:38] [369/455] KMRM
[23:38:40] [370/455] RACM
[23:38:41] [371/455] WSTC
[23:38:42] [372/455] PVTJ
[23:38:43] [373/455] MMKC
[23:38:44] [374/455] SVWT
[23:38:45] [375/455] JOTG
[23:38:46] [376/455] VCDK
[23:38:46] 🔄 Identity reset
[23:38:46] 🔄 Identity rotated (every 10 requests)
[23:38:47] [377/455] ANAC
[23:38:47] [378/455] GRTC
[23:38:48] [379/455] JTPL
[23:38:49] [380/455] VRCP
[23:38:50] [381/455] REMC
[23:38:51] [382/455] ATMG
[23:38:52] [383/455] GAHC
[23:38:53] [384/455] JTMV
[23:38:54] [385/455] OMTT
[23:38:55] [386/455] GKKC
[23:38:55] 🔄 Identity reset
[23:38:55] 🔄 Identity rotated (every 10 requests)
[23:38:56] [387/455] BBPO
[23:38:58] [388/455] ZCBB
[23:38:59] [389/455] DCGO
[23:39:00] [390/455] STOP
[23:39:01] [391/455] BSPC
[23:39:02] [392/455] SOND
[23:39:03] [393/455] GCKG
[23:39:04] [394/455] PCDB
[23:39:05] [395/455] PGRC
[23:39:06] [396/455] CSCT
[23:39:06] 🔄 Identity reset
[23:39:06] 🔄 Identity rotated (every 10 requests)
[23:39:07] [397/455] STDA
[23:39:08] [398/455] JAYD
[23:39:09] [399/455] PPPD
[23:39:10] [400/455] KRTT
[23:39:11] [401/455] PTDT
[23:39:12] [402/455] TRSV
[23:39:14] [403/455] VELR
[23:39:15] [404/455] STDT
[23:39:15] [405/455] SATT
[23:39:16] [406/455] KCPM
[23:39:16] 🔄 Identity reset
[23:39:16] 🔄 Identity rotated (every 10 requests)
[23:39:17] [407/455] MFCP
[23:39:18] [408/455] AXMP
[23:39:19] [409/455] LTVB
[23:39:20] [410/455] APST
[23:39:21] [411/455] DTVP
[23:39:22] [412/455] AAVB
[23:39:23] [413/455] PMBL
[23:39:23] [414/455] STKC
[23:39:24] [415/455] KKMA
[23:39:26] [416/455] NMXS
[23:39:26] 🔄 Identity reset
[23:39:26] 🔄 Identity rotated (every 10 requests)
[23:39:27] [417/455] DECX
[23:39:28] [418/455] MAPJ
[23:39:28] [419/455] SMLK
[23:39:29] [420/455] PMPU
[23:39:30] [421/455] AFST
[23:39:31] [422/455] SRSY
[23:39:32] [423/455] RMKT
[23:39:33] [424/455] RAJX
[23:39:34] [425/455] UVCD
[23:39:35] [426/455] LISA
[23:39:35] 🔄 Identity reset
[23:39:35] 🔄 Identity rotated (every 10 requests)
[23:39:35] 🔄 Retry 1/5 for LISA in 2.5s
[23:39:35] 🔄 Identity reset
[23:39:38] 🧠 New identity created
[23:39:38] [427/455] LMSR
[23:39:39] [428/455] PMCA
[23:39:40] [429/455] INPO
[23:39:41] [430/455] INGO
[23:39:42] [431/455] HFSQ
[23:39:43] [432/455] INMG
[23:39:44] [433/455] NYCP
[23:39:45] [434/455] HFSV
[23:39:46] [435/455] MMZP
[23:39:46] 🔄 Identity reset
[23:39:46] 🔄 Identity rotated (every 10 requests)
[23:39:46] 🔄 Retry 1/5 for MMZP in 2.7s
[23:39:46] 🔄 Identity reset
[23:39:49] 🧠 New identity created
[23:39:50] [436/455] KSES
[23:39:52] [437/455] HFSA
[23:39:53] [438/455] ACMM
[23:39:53] [439/455] RCKD
[23:39:54] [440/455] BCKR
[23:39:55] [441/455] SFCO
[23:39:57] [442/455] JCCB
[23:39:58] [443/455] BCCR
[23:39:59] [444/455] NWCB
[23:39:59] 🔄 Identity reset
[23:39:59] 🔄 Identity rotated (every 10 requests)
[23:40:00] [445/455] SAMT
[23:40:01] [446/455] TMST
[23:40:02] [447/455] SJCN
[23:40:03] [448/455] MCBS
[23:40:03] [449/455] CMKR
[23:40:05] [450/455] INPM
[23:40:06] [451/455] WVMT
[23:40:07] [452/455] NYSM
[23:40:08] [453/455] RCMA
[23:40:09] [454/455] RECM
[23:40:09] 🔄 Identity reset
[23:40:09] 🔄 Identity rotated (every 10 requests)
[23:40:10] [455/455] CYCM
[23:40:10] 🧹 Deduping shows
[23:40:11] ✅ DONE | Shows=4691 | Movies=73
