[00:16:17] 🚀 BMS DAILY TRACKER STARTED (enhanced anti‑detection)
[00:16:17] [1/456] FNDB
[00:16:18] 🧠 New identity created
[00:16:18] 🔄 Retry 1/5 for FNDB in 2.7s
[00:16:18] 🔄 Identity reset
[00:16:21] 🧠 New identity created
[00:16:21] [2/456] AMBH
[00:16:22] [3/456] PRHN
[00:16:23] [4/456] ACPM
[00:16:24] [5/456] PVFS
[00:16:25] [6/456] AACN
[00:16:26] [7/456] ACAS
[00:16:27] [8/456] CTNR
[00:16:28] [9/456] MMAH
[00:16:29] 🔄 Identity reset
[00:16:29] 🔄 Identity rotated (every 10 requests)
[00:16:29] [10/456] CPMH
[00:16:30] [11/456] IGMH
[00:16:32] [12/456] ABCS
[00:16:33] [13/456] CMMA
[00:16:35] [14/456] GPRH
[00:16:35] [15/456] PNNG
[00:16:36] [16/456] AMCA
[00:16:37] [17/456] ISTN
[00:16:38] [18/456] PIIC
[00:16:39] [19/456] AHMH
[00:16:40] 🔄 Identity reset
[00:16:40] 🔄 Identity rotated (every 10 requests)
[00:16:40] [20/456] ASHN
[00:16:41] [21/456] INHY
[00:16:42] [22/456] SRMO
[00:16:42] [23/456] PIMH
[00:16:43] [24/456] PVTS
[00:16:44] [25/456] MMCA
[00:16:45] [26/456] AKYJ
[00:16:46] [27/456] BRKH
[00:16:47] [28/456] MAHM
[00:16:48] [29/456] CPHY
[00:16:48] 🔄 Identity reset
[00:16:48] 🔄 Identity rotated (every 10 requests)
[00:16:48] 🔄 Retry 1/5 for CPHY in 2.2s
[00:16:48] 🔄 Identity reset
[00:16:50] 🧠 New identity created
[00:16:51] [30/456] PVTP
[00:16:52] [31/456] SMMR
[00:16:52] [32/456] PVHM
[00:16:53] [33/456] SNDY
[00:16:54] [34/456] GOKU
[00:16:55] [35/456] ACEV
[00:16:56] [36/456] PVUM
[00:16:58] [37/456] VSWA
[00:16:59] [38/456] IPRS
[00:16:59] 🔄 Identity reset
[00:16:59] 🔄 Identity rotated (every 10 requests)
[00:17:00] [39/456] BKMV
[00:17:01] [40/456] PVYH
[00:17:03] [41/456] INKM
[00:17:03] [42/456] ARJU
[00:17:04] [43/456] JJPP
[00:17:05] [44/456] SSRM
[00:17:06] [45/456] HMHD
[00:17:07] [46/456] SNKH
[00:17:08] [47/456] ACHI
[00:17:09] [48/456] MRAA
[00:17:09] 🔄 Identity reset
[00:17:09] 🔄 Identity rotated (every 10 requests)
[00:17:10] [49/456] INMH
[00:17:11] [50/456] ARMH
[00:17:11] [51/456] DVRR
[00:17:12] [52/456] SUDA
[00:17:13] [53/456] MCSS
[00:17:14] [54/456] VRKC
[00:17:15] [55/456] PRCX
[00:17:16] [56/456] ASJY
[00:17:17] [57/456] MTHY
[00:17:18] [58/456] SRCM
[00:17:18] 🔄 Identity reset
[00:17:18] 🔄 Identity rotated (every 10 requests)
[00:17:19] [59/456] TVHY
[00:17:20] [60/456] STHD
[00:17:21] [61/456] CPCL
[00:17:22] [62/456] PSMJ
[00:17:23] [63/456] MRGT
[00:17:24] [64/456] ARYH
[00:17:25] [65/456] VTRB
[00:17:26] [66/456] SCHC
[00:17:27] [67/456] MRRG
[00:17:28] [68/456] SPCB
[00:17:29] 🔄 Identity reset
[00:17:29] 🔄 Identity rotated (every 10 requests)
[00:17:29] [69/456] AMCM
[00:17:30] [70/456] IVNM
[00:17:31] [71/456] TRHY
[00:17:31] [72/456] PTTH
[00:17:33] [73/456] RKMH
[00:17:34] [74/456] PRCS
[00:17:36] [75/456] VAJA
[00:17:37] [76/456] BJNG
[00:17:37] [77/456] SCVM
[00:17:38] [78/456] GNHB
[00:17:39] 🔄 Identity reset
[00:17:39] 🔄 Identity rotated (every 10 requests)
[00:17:39] [79/456] TLUR
[00:17:40] [80/456] UKCC
[00:17:41] [81/456] SRKR
[00:17:42] [82/456] RMKN
[00:17:43] [83/456] SLRT
[00:17:43] [84/456] LKMT
[00:17:44] [85/456] SSRJ
[00:17:45] [86/456] SPHT
[00:17:46] [87/456] ANTT
[00:17:47] [88/456] SRCH
[00:17:47] 🔄 Identity reset
[00:17:47] 🔄 Identity rotated (every 10 requests)
[00:17:48] [89/456] SRCA
[00:17:48] [90/456] ARTH
[00:17:49] [91/456] MCBH
[00:17:50] [92/456] SNIB
[00:17:51] [93/456] SART
[00:17:52] [94/456] SKTA
[00:17:53] [95/456] YAKT
[00:17:55] [96/456] MLCK
[00:17:55] [97/456] ANTS
[00:17:56] [98/456] DGCA
[00:17:57] 🔄 Identity reset
[00:17:57] 🔄 Identity rotated (every 10 requests)
[00:17:57] [99/456] SGMP
[00:17:59] [100/456] ASWN
[00:18:00] [101/456] KFVU
[00:18:01] [102/456] POOR
[00:18:02] [103/456] GKDN
[00:18:03] [104/456] EOSE
[00:18:04] [105/456] GTTT
[00:18:05] [106/456] ARRO
[00:18:06] [107/456] CMMK
[00:18:07] [108/456] MSCN
[00:18:07] 🔄 Identity reset
[00:18:07] 🔄 Identity rotated (every 10 requests)
[00:18:08] [109/456] GDKH
[00:18:08] [110/456] DLMT
[00:18:09] [111/456] PVMF
[00:18:10] [112/456] CPCK
[00:18:11] [113/456] VMHE
[00:18:12] [114/456] PVLC
[00:18:13] [115/456] PCVB
[00:18:14] [116/456] SNYK
[00:18:15] [117/456] KTEK
[00:18:16] [118/456] PCNM
[00:18:16] 🔄 Identity reset
[00:18:16] 🔄 Identity rotated (every 10 requests)
[00:18:17] [119/456] NTTR
[00:18:18] [120/456] CPSK
[00:18:19] [121/456] JMMA
[00:18:20] [122/456] GCFK
[00:18:21] [123/456] MYCA
[00:18:22] [124/456] KSNP
[00:18:23] [125/456] PMCE
[00:18:23] [126/456] SCKI
[00:18:25] [127/456] FSMA
[00:18:26] [128/456] CETA
[00:18:27] 🔄 Identity reset
[00:18:27] 🔄 Identity rotated (every 10 requests)
[00:18:28] [129/456] MCIK
[00:18:29] [130/456] MYCR
[00:18:30] [131/456] EVMP
[00:18:31] [132/456] SSGT
[00:18:32] [133/456] KCTK
[00:18:33] [134/456] ZTKC
[00:18:34] [135/456] MMTA
[00:18:35] [136/456] MAJT
[00:18:36] [137/456] ACPK
[00:18:37] [138/456] JMAX
[00:18:37] 🔄 Identity reset
[00:18:37] 🔄 Identity rotated (every 10 requests)
[00:18:38] [139/456] SETK
[00:18:40] [140/456] CAIS
[00:18:41] [141/456] AGCD
[00:18:42] [142/456] URCL
[00:18:43] [143/456] VTDS
[00:18:44] [144/456] JCNM
[00:18:45] [145/456] KCAM
[00:18:46] [146/456] ADCU
[00:18:47] [147/456] GXYN
[00:18:48] [148/456] SMJG
[00:18:49] 🔄 Identity reset
[00:18:49] 🔄 Identity rotated (every 10 requests)
[00:18:49] [149/456] EYCJ
[00:18:50] [150/456] CCEJ
[00:18:51] [151/456] MARS
[00:18:52] [152/456] CPVJ
[00:18:53] [153/456] INVP
[00:18:54] [154/456] CPOV
[00:18:55] [155/456] VIJK
[00:18:55] [156/456] LAIM
[00:18:56] [157/456] STHV
[00:18:57] [158/456] SVLJ
[00:18:58] 🔄 Identity reset
[00:18:58] 🔄 Identity rotated (every 10 requests)
[00:18:58] [159/456] ATVJ
[00:18:59] [160/456] JTSC
[00:19:00] [161/456] RMTV
[00:19:01] [162/456] MGGG
[00:19:02] [163/456] SWTH
[00:19:03] [164/456] INVJ
[00:19:04] [165/456] PRSV
[00:19:05] [166/456] JATV
[00:19:06] [167/456] RCVD
[00:19:07] [168/456] BDMA
[00:19:07] 🔄 Identity reset
[00:19:08] 🔄 Identity rotated (every 10 requests)
[00:19:08] 🔄 Retry 1/5 for BDMA in 2.9s
[00:19:08] 🔄 Identity reset
[00:19:11] 🧠 New identity created
[00:19:11] [169/456] BLJI
[00:19:12] [170/456] SWOT
[00:19:13] [171/456] SWRN
[00:19:14] [172/456] TVRA
[00:19:14] [173/456] NVRN
[00:19:15] [174/456] SIKC
[00:19:16] [175/456] VAKR
[00:19:17] [176/456] SYLN
[00:19:18] [177/456] KLJL
[00:19:19] 🔄 Identity reset
[00:19:19] 🔄 Identity rotated (every 10 requests)
[00:19:19] [178/456] LKMY
[00:19:20] [179/456] VSLY
[00:19:21] [180/456] CIKO
[00:19:22] [181/456] GPBG
[00:19:23] [182/456] CECM
[00:19:24] [183/456] SLKB
[00:19:25] [184/456] MTBO
[00:19:26] [185/456] SSHB
[00:19:27] [186/456] VPCS
[00:19:28] [187/456] RCSR
[00:19:28] 🔄 Identity reset
[00:19:28] 🔄 Identity rotated (every 10 requests)
[00:19:29] [188/456] RJRM
[00:19:30] [189/456] KPPB
[00:19:31] [190/456] SEDC
[00:19:32] [191/456] SCAI
[00:19:33] [192/456] RMTR
[00:19:34] [193/456] ASST
[00:19:35] [194/456] GCAK
[00:19:36] [195/456] ANNK
[00:19:37] [196/456] KDDF
[00:19:38] [197/456] NRDP
[00:19:38] 🔄 Identity reset
[00:19:38] 🔄 Identity rotated (every 10 requests)
[00:19:39] [198/456] PLAK
[00:19:40] [199/456] GCMC
[00:19:41] [200/456] ALPY
[00:19:42] [201/456] SICE
[00:19:42] [202/456] SISR
[00:19:43] [203/456] SRPZ
[00:19:45] [204/456] SRSW
[00:19:46] [205/456] SUYA
[00:19:47] [206/456] AMMT
[00:19:48] [207/456] BHCU
[00:19:48] 🔄 Identity reset
[00:19:48] 🔄 Identity rotated (every 10 requests)
[00:19:49] [208/456] KLPA
[00:19:50] [209/456] NVKH
[00:19:51] [210/456] JMRC
[00:19:52] [211/456] KTTT
[00:19:53] [212/456] MAGH
[00:19:54] [213/456] MMMX
[00:19:55] [214/456] SALJ
[00:19:56] [215/456] GTJA
[00:19:57] [216/456] MAHT
[00:19:59] [217/456] SSNN
[00:19:59] 🔄 Identity reset
[00:19:59] 🔄 Identity rotated (every 10 requests)
[00:20:00] [218/456] ARRP
[00:20:01] [219/456] ATNS
[00:20:01] [220/456] SKDT
[00:20:02] [221/456] ACAT
[00:20:03] [222/456] APRC
[00:20:04] [223/456] SWAG
[00:20:05] [224/456] SDPT
[00:20:06] [225/456] STPS
[00:20:08] [226/456] WWCZ
[00:20:09] [227/456] LLCH
[00:20:09] 🔄 Identity reset
[00:20:09] 🔄 Identity rotated (every 10 requests)
[00:20:09] [228/456] MZHA
[00:20:10] [229/456] CRJG
[00:20:11] [230/456] JGTK
[00:20:12] [231/456] KCSR
[00:20:13] [232/456] CHTL
[00:20:14] [233/456] EDSR
[00:20:15] [234/456] CSWO
[00:20:16] [235/456] CPVM
[00:20:17] [236/456] MXBY
[00:20:18] [237/456] FMMA
[00:20:18] 🔄 Identity reset
[00:20:18] 🔄 Identity rotated (every 10 requests)
[00:20:19] [238/456] POVI
[00:20:20] [239/456] MTHB
[00:20:21] [240/456] INRC
[00:20:22] [241/456] PIPP
[00:20:23] [242/456] BMXC
[00:20:24] [243/456] PCMM
[00:20:25] [244/456] PMKM
[00:20:26] [245/456] GATY
[00:20:27] [246/456] IMCM
[00:20:28] [247/456] POPE
[00:20:28] 🔄 Identity reset
[00:20:28] 🔄 Identity rotated (every 10 requests)
[00:20:29] [248/456] MTCR
[00:20:30] [249/456] PVAE
[00:20:30] [250/456] PVMI
[00:20:32] [251/456] CPNM
[00:20:32] [252/456] FMRL
[00:20:33] [253/456] MCIW
[00:20:35] [254/456] MXBO
[00:20:35] [255/456] FMKY
[00:20:36] [256/456] FMDA
[00:20:37] [257/456] THAB
[00:20:38] 🔄 Identity reset
[00:20:38] 🔄 Identity rotated (every 10 requests)
[00:20:39] [258/456] PRCW
[00:20:40] [259/456] PITI
[00:20:41] [260/456] MCFF
[00:20:42] [261/456] PDDV
[00:20:43] [262/456] MCRM
[00:20:44] [263/456] KKMB
[00:20:45] [264/456] INKO
[00:20:46] [265/456] PLXP
[00:20:47] [266/456] MMHA
[00:20:48] [267/456] FMVS
[00:20:48] 🔄 Identity reset
[00:20:48] 🔄 Identity rotated (every 10 requests)
[00:20:49] [268/456] POLM
[00:20:50] [269/456] STER
[00:20:50] [270/456] PVWJ
[00:20:51] [271/456] IMJW
[00:20:52] [272/456] FNAN
[00:20:54] [273/456] CAGL
[00:20:55] [274/456] IPBG
[00:20:56] [275/456] SMFV
[00:20:57] [276/456] MMMR
[00:20:58] [277/456] MMWM
[00:20:59] 🔄 Identity reset
[00:20:59] 🔄 Identity rotated (every 10 requests)
[00:20:59] [278/456] FNCM
[00:21:00] [279/456] MDVA
[00:21:02] [280/456] MMET
[00:21:03] [281/456] MIDO
[00:21:04] [282/456] INNP
[00:21:04] [283/456] MIFU
[00:21:05] [284/456] MMSZ
[00:21:06] [285/456] BMXA
[00:21:07] [286/456] MCAA
[00:21:08] [287/456] SCVP
[00:21:09] 🔄 Identity reset
[00:21:09] 🔄 Identity rotated (every 10 requests)
[00:21:09] [288/456] PLUS
[00:21:10] [289/456] MUCK
[00:21:11] [290/456] MTMA
[00:21:12] [291/456] HPVR
[00:21:13] [292/456] PMPK
[00:21:14] [293/456] MAJB
[00:21:15] [294/456] CTRR
[00:21:15] [295/456] MCTG
[00:21:16] [296/456] MACE
[00:21:17] [297/456] AAAS
[00:21:18] 🔄 Identity reset
[00:21:18] 🔄 Identity rotated (every 10 requests)
[00:21:18] [298/456] CPVV
[00:21:19] [299/456] RCHG
[00:21:20] [300/456] MCNE
[00:21:21] [301/456] EMNC
[00:21:22] [302/456] MCAN
[00:21:23] [303/456] TCDM
[00:21:24] [304/456] IRGT
[00:21:25] [305/456] GCMG
[00:21:26] [306/456] MXSN
[00:21:26] [307/456] MXCK
[00:21:27] 🔄 Identity reset
[00:21:27] 🔄 Identity rotated (every 10 requests)
[00:21:27] 🔄 Retry 1/5 for MXCK in 2.7s
[00:21:27] 🔄 Identity reset
[00:21:30] 🧠 New identity created
[00:21:30] [308/456] MCRC
[00:21:31] [309/456] RSMI
[00:21:32] [310/456] WAML
[00:21:33] [311/456] MTSC
[00:21:34] [312/456] FMDR
[00:21:35] [313/456] LEPV
[00:21:36] [314/456] MTGD
[00:21:37] [315/456] IMOB
[00:21:38] [316/456] CLMM
[00:21:38] 🔄 Identity reset
[00:21:38] 🔄 Identity rotated (every 10 requests)
[00:21:39] [317/456] PZCD
[00:21:40] [318/456] GOCS
[00:21:41] [319/456] KCMA
[00:21:41] [320/456] CCMP
[00:21:42] [321/456] MTSU
[00:21:43] [322/456] SNGL
[00:21:44] [323/456] MMMC
[00:21:45] [324/456] MMAA
[00:21:46] [325/456] GCDM
[00:21:47] [326/456] KTMV
[00:21:48] 🔄 Identity reset
[00:21:48] 🔄 Identity rotated (every 10 requests)
[00:21:48] [327/456] AETE
[00:21:49] [328/456] OMCS
[00:21:51] [329/456] GDCD
[00:21:51] [330/456] NYMD
[00:21:52] [331/456] RNCV
[00:21:53] [332/456] KKMT
[00:21:54] [333/456] GDTH
[00:21:55] [334/456] KMMV
[00:21:56] [335/456] NHCG
[00:21:57] [336/456] PJDW
[00:21:57] 🔄 Identity reset
[00:21:57] 🔄 Identity rotated (every 10 requests)
[00:21:58] [337/456] MMCV
[00:21:59] [338/456] FQSA
[00:21:59] [339/456] KURL
[00:22:00] [340/456] NNNX
[00:22:02] [341/456] AMAU
[00:22:03] [342/456] VVVM
[00:22:05] [343/456] VECU
[00:22:05] [344/456] WCVR
[00:22:07] [345/456] MTGG
[00:22:08] [346/456] SGTG
[00:22:09] 🔄 Identity reset
[00:22:09] 🔄 Identity rotated (every 10 requests)
[00:22:09] [347/456] MNTG
[00:22:10] [348/456] JDDG
[00:22:11] [349/456] MBTK
[00:22:12] [350/456] SGCD
[00:22:13] [351/456] MCTC
[00:22:14] [352/456] JTPC
[00:22:16] [353/456] SDKT
[00:22:17] [354/456] KRCC
[00:22:18] [355/456] RMMD
[00:22:19] [356/456] AAME
[00:22:20] 🔄 Identity reset
[00:22:20] 🔄 Identity rotated (every 10 requests)
[00:22:20] [357/456] TMWC
[00:22:21] [358/456] NRWY
[00:22:22] [359/456] CITD
[00:22:23] [360/456] VERD
[00:22:24] [361/456] MKSK
[00:22:25] [362/456] STSM
[00:22:26] [363/456] MJDG
[00:22:27] [364/456] RKPM
[00:22:28] [365/456] SSCE
[00:22:29] [366/456] VMAE
[00:22:30] 🔄 Identity reset
[00:22:30] 🔄 Identity rotated (every 10 requests)
[00:22:30] [367/456] SBRU
[00:22:31] [368/456] AMBC
[00:22:32] [369/456] AMLU
[00:22:33] [370/456] INVZ
[00:22:34] [371/456] LGTV
[00:22:35] [372/456] SVAD
[00:22:36] [373/456] SMSA
[00:22:37] [374/456] SPCZ
[00:22:38] [375/456] GTCX
[00:22:39] [376/456] SCSL
[00:22:39] 🔄 Identity reset
[00:22:39] 🔄 Identity rotated (every 10 requests)
[00:22:40] [377/456] SAHU
[00:22:40] [378/456] NCDA
[00:22:41] [379/456] SCCG
[00:22:42] [380/456] VKTL
[00:22:43] [381/456] PUUJ
[00:22:44] [382/456] STEJ
[00:22:45] [383/456] RJAL
[00:22:46] [384/456] ACJC
[00:22:47] [385/456] ARVB
[00:22:48] [386/456] AUBB
[00:22:48] 🔄 Identity reset
[00:22:48] 🔄 Identity rotated (every 10 requests)
[00:22:49] [387/456] GDBR
[00:22:50] [388/456] PVND
[00:22:51] [389/456] BGRJ
[00:22:52] [390/456] RJMM
[00:22:53] [391/456] MCSA
[00:22:54] [392/456] BODA
[00:22:55] [393/456] JAGG
[00:22:55] [394/456] SCGA
[00:22:56] [395/456] LRCM
[00:22:57] [396/456] CPCN
[00:22:58] 🔄 Identity reset
[00:22:58] 🔄 Identity rotated (every 10 requests)
[00:22:58] [397/456] SSTF
[00:22:59] [398/456] SRXP
[00:23:00] [399/456] CNFX
[00:23:01] [400/456] ANDI
[00:23:02] [401/456] SYEW
[00:23:03] [402/456] RCRE
[00:23:04] [403/456] SCRW
[00:23:04] [404/456] MBKR
[00:23:05] [405/456] ASNT
[00:23:07] [406/456] JTMT
[00:23:07] 🔄 Identity reset
[00:23:07] 🔄 Identity rotated (every 10 requests)
[00:23:08] [407/456] SHAY
[00:23:09] [408/456] VRTH
[00:23:10] [409/456] SPTI
[00:23:11] [410/456] DPTD
[00:23:12] [411/456] TGSN
[00:23:13] [412/456] RCWV
[00:23:14] [413/456] OCUR
[00:23:16] [414/456] KSTC
[00:23:17] [415/456] SANI
[00:23:18] [416/456] MLCA
[00:23:18] 🔄 Identity reset
[00:23:18] 🔄 Identity rotated (every 10 requests)
[00:23:19] [417/456] EGCA
[00:23:20] [418/456] SYSN
[00:23:21] [419/456] PKTA
[00:23:22] [420/456] PRCC
[00:23:23] [421/456] KSTR
[00:23:24] [422/456] SNTP
[00:23:25] [423/456] RCHA
[00:23:27] [424/456] SEEA
[00:23:27] [425/456] ALAT
[00:23:28] [426/456] AATV
[00:23:29] 🔄 Identity reset
[00:23:29] 🔄 Identity rotated (every 10 requests)
[00:23:29] 🔄 Retry 1/5 for AATV in 2.5s
[00:23:29] 🔄 Identity reset
[00:23:31] 🧠 New identity created
[00:23:33] [427/456] RJTE
[00:23:34] [428/456] AAPP
[00:23:35] [429/456] PMMH
[00:23:35] [430/456] INRJ
[00:23:36] [431/456] SARB
[00:23:37] [432/456] PCJL
[00:23:38] [433/456] PFJJ
[00:23:39] [434/456] GRDC
[00:23:40] [435/456] BCBA
[00:23:40] 🔄 Identity reset
[00:23:41] 🔄 Identity rotated (every 10 requests)
[00:23:41] [436/456] VIXL
[00:23:42] [437/456] CSTL
[00:23:44] [438/456] MTDK
[00:23:45] [439/456] TDAC
[00:23:45] [440/456] GTDN
[00:23:46] [441/456] TTDE
[00:23:47] [442/456] ASTS
[00:23:48] [443/456] CPNS
[00:23:49] [444/456] PVVW
[00:23:50] [445/456] USEB
[00:23:50] 🔄 Identity reset
[00:23:50] 🔄 Identity rotated (every 10 requests)
[00:23:51] [446/456] DTYN
[00:23:51] [447/456] PVLE
[00:23:53] [448/456] CIPS
[00:23:54] [449/456] PAEG
[00:23:55] [450/456] PTCW
[00:23:55] [451/456] G3SR
[00:23:57] [452/456] PGND
[00:23:58] [453/456] INVM
[00:23:59] [454/456] SPIA
[00:24:00] [455/456] PCSN
[00:24:00] 🔄 Identity reset
[00:24:00] 🔄 Identity rotated (every 10 requests)
[00:24:01] [456/456] PPGV
[00:24:01] ✅ DONE | Shows=0 | Movies=0
[01:16:07] 🚀 BMS DAILY TRACKER STARTED (enhanced anti‑detection)
[01:16:07] [1/456] FNDB
[01:16:08] 🧠 New identity created
[01:16:08] [2/456] AMBH
[01:16:09] [3/456] PRHN
[01:16:09] [4/456] ACPM
[01:16:10] [5/456] PVFS
[01:16:11] [6/456] AACN
[01:16:11] [7/456] ACAS
[01:16:12] [8/456] CTNR
[01:16:12] [9/456] MMAH
[01:16:13] [10/456] CPMH
[01:16:14] 🔄 Identity reset
[01:16:14] 🔄 Identity rotated (every 10 requests)
[01:16:14] [11/456] IGMH
[01:16:14] [12/456] ABCS
[01:16:15] [13/456] CMMA
[01:16:16] [14/456] GPRH
[01:16:16] [15/456] PNNG
[01:16:17] [16/456] AMCA
[01:16:18] [17/456] ISTN
[01:16:18] [18/456] PIIC
[01:16:19] [19/456] AHMH
[01:16:19] [20/456] ASHN
[01:16:20] 🔄 Identity reset
[01:16:20] 🔄 Identity rotated (every 10 requests)
[01:16:20] [21/456] INHY
[01:16:21] [22/456] SRMO
[01:16:21] [23/456] PIMH
[01:16:22] [24/456] PVTS
[01:16:23] [25/456] MMCA
[01:16:23] [26/456] AKYJ
[01:16:24] [27/456] BRKH
[01:16:25] [28/456] MAHM
[01:16:25] [29/456] CPHY
[01:16:26] [30/456] PVTP
[01:16:27] 🔄 Identity reset
[01:16:27] 🔄 Identity rotated (every 10 requests)
[01:16:27] [31/456] SMMR
[01:16:27] [32/456] PVHM
[01:16:28] [33/456] SNDY
[01:16:29] [34/456] GOKU
[01:16:29] [35/456] ACEV
[01:16:30] [36/456] PVUM
[01:16:31] [37/456] VSWA
[01:16:31] [38/456] IPRS
[01:16:32] [39/456] BKMV
[01:16:32] [40/456] PVYH
[01:16:33] 🔄 Identity reset
[01:16:33] 🔄 Identity rotated (every 10 requests)
[01:16:33] [41/456] INKM
[01:16:34] [42/456] ARJU
[01:16:34] [43/456] JJPP
[01:16:35] [44/456] SSRM
[01:16:36] [45/456] HMHD
[01:16:36] [46/456] SNKH
[01:16:37] [47/456] ACHI
[01:16:38] [48/456] MRAA
[01:16:39] [49/456] INMH
[01:16:39] [50/456] ARMH
[01:16:40] 🔄 Identity reset
[01:16:40] 🔄 Identity rotated (every 10 requests)
[01:16:40] [51/456] DVRR
[01:16:41] [52/456] SUDA
[01:16:41] [53/456] MCSS
[01:16:42] [54/456] VRKC
[01:16:43] [55/456] PRCX
[01:16:43] [56/456] ASJY
[01:16:44] [57/456] MTHY
[01:16:44] [58/456] SRCM
[01:16:45] [59/456] TVHY
[01:16:46] [60/456] STHD
[01:16:46] 🔄 Identity reset
[01:16:46] 🔄 Identity rotated (every 10 requests)
[01:16:46] [61/456] CPCL
[01:16:47] [62/456] PSMJ
[01:16:48] [63/456] MRGT
[01:16:48] [64/456] ARYH
[01:16:49] [65/456] VTRB
[01:16:50] [66/456] SCHC
[01:16:50] [67/456] MRRG
[01:16:51] [68/456] SPCB
[01:16:51] [69/456] AMCM
[01:16:52] [70/456] IVNM
[01:16:53] 🔄 Identity reset
[01:16:53] 🔄 Identity rotated (every 10 requests)
[01:16:53] [71/456] TRHY
[01:16:53] [72/456] PTTH
[01:16:54] [73/456] RKMH
[01:16:54] [74/456] PRCS
[01:16:55] [75/456] VAJA
[01:16:56] [76/456] BJNG
[01:16:56] [77/456] SCVM
[01:16:57] [78/456] GNHB
[01:16:58] [79/456] TLUR
[01:16:58] [80/456] UKCC
[01:16:59] 🔄 Identity reset
[01:16:59] 🔄 Identity rotated (every 10 requests)
[01:16:59] [81/456] SRKR
[01:17:00] [82/456] RMKN
[01:17:01] [83/456] SLRT
[01:17:01] [84/456] LKMT
[01:17:02] [85/456] SSRJ
[01:17:03] [86/456] SPHT
[01:17:03] [87/456] ANTT
[01:17:04] [88/456] SRCH
[01:17:05] [89/456] SRCA
[01:17:05] [90/456] ARTH
[01:17:06] 🔄 Identity reset
[01:17:06] 🔄 Identity rotated (every 10 requests)
[01:17:06] [91/456] MCBH
[01:17:07] [92/456] SNIB
[01:17:07] [93/456] SART
[01:17:08] [94/456] SKTA
[01:17:08] [95/456] YAKT
[01:17:09] [96/456] MLCK
[01:17:10] [97/456] ANTS
[01:17:10] [98/456] DGCA
[01:17:11] [99/456] SGMP
[01:17:12] [100/456] ASWN
[01:17:12] 🔄 Identity reset
[01:17:12] 🔄 Identity rotated (every 10 requests)
[01:17:12] [101/456] KFVU
[01:17:13] [102/456] POOR
[01:17:14] [103/456] GKDN
[01:17:14] [104/456] EOSE
[01:17:15] [105/456] GTTT
[01:17:16] [106/456] ARRO
[01:17:16] [107/456] CMMK
[01:17:17] [108/456] MSCN
[01:17:17] [109/456] GDKH
[01:17:18] [110/456] DLMT
[01:17:19] 🔄 Identity reset
[01:17:19] 🔄 Identity rotated (every 10 requests)
[01:17:19] [111/456] PVMF
[01:17:19] [112/456] CPCK
[01:17:20] [113/456] VMHE
[01:17:21] [114/456] PVLC
[01:17:21] [115/456] PCVB
[01:17:22] [116/456] SNYK
[01:17:23] [117/456] KTEK
[01:17:23] [118/456] PCNM
[01:17:24] [119/456] NTTR
[01:17:25] [120/456] CPSK
[01:17:25] 🔄 Identity reset
[01:17:25] 🔄 Identity rotated (every 10 requests)
[01:17:25] [121/456] JMMA
[01:17:26] [122/456] GCFK
[01:17:27] [123/456] MYCA
[01:17:27] [124/456] KSNP
[01:17:28] [125/456] PMCE
[01:17:29] [126/456] SCKI
[01:17:29] [127/456] FSMA
[01:17:30] [128/456] CETA
[01:17:31] [129/456] MCIK
[01:17:32] [130/456] MYCR
[01:17:32] 🔄 Identity reset
[01:17:32] 🔄 Identity rotated (every 10 requests)
[01:17:32] [131/456] EVMP
[01:17:33] [132/456] SSGT
[01:17:33] [133/456] KCTK
[01:17:34] [134/456] ZTKC
[01:17:35] [135/456] MMTA
[01:17:35] [136/456] MAJT
[01:17:36] [137/456] ACPK
[01:17:37] [138/456] JMAX
[01:17:37] [139/456] SETK
[01:17:38] [140/456] CAIS
[01:17:38] 🔄 Identity reset
[01:17:38] 🔄 Identity rotated (every 10 requests)
[01:17:38] [141/456] AGCD
[01:17:39] [142/456] URCL
[01:17:40] [143/456] VTDS
[01:17:41] [144/456] JCNM
[01:17:41] [145/456] KCAM
[01:17:42] [146/456] ADCU
[01:17:42] [147/456] GXYN
[01:17:43] [148/456] SMJG
[01:17:44] [149/456] EYCJ
[01:17:44] [150/456] CCEJ
[01:17:45] 🔄 Identity reset
[01:17:45] 🔄 Identity rotated (every 10 requests)
[01:17:45] [151/456] MARS
[01:17:46] [152/456] CPVJ
[01:17:46] [153/456] INVP
[01:17:47] [154/456] CPOV
[01:17:48] [155/456] VIJK
[01:17:48] [156/456] LAIM
[01:17:49] [157/456] STHV
[01:17:50] [158/456] SVLJ
[01:17:51] [159/456] ATVJ
[01:17:51] [160/456] JTSC
[01:17:52] 🔄 Identity reset
[01:17:52] 🔄 Identity rotated (every 10 requests)
[01:17:52] [161/456] RMTV
[01:17:53] [162/456] MGGG
[01:17:54] [163/456] SWTH
[01:17:55] [164/456] INVJ
[01:17:56] [165/456] PRSV
[01:17:57] [166/456] JATV
[01:17:58] [167/456] RCVD
[01:17:59] [168/456] BDMA
[01:17:59] [169/456] BLJI
[01:18:00] [170/456] SWOT
[01:18:01] 🔄 Identity reset
[01:18:01] 🔄 Identity rotated (every 10 requests)
[01:18:01] [171/456] SWRN
[01:18:02] [172/456] TVRA
[01:18:03] [173/456] NVRN
[01:18:04] [174/456] SIKC
[01:18:05] [175/456] VAKR
[01:18:06] [176/456] SYLN
[01:18:07] [177/456] KLJL
[01:18:07] [178/456] LKMY
[01:18:08] [179/456] VSLY
[01:18:09] [180/456] CIKO
[01:18:09] 🔄 Identity reset
[01:18:10] 🔄 Identity rotated (every 10 requests)
[01:18:10] [181/456] GPBG
[01:18:10] [182/456] CECM
[01:18:11] [183/456] SLKB
[01:18:13] [184/456] MTBO
[01:18:14] [185/456] SSHB
[01:18:15] [186/456] VPCS
[01:18:16] [187/456] RCSR
[01:18:16] [188/456] RJRM
[01:18:17] [189/456] KPPB
[01:18:18] [190/456] SEDC
[01:18:19] 🔄 Identity reset
[01:18:19] 🔄 Identity rotated (every 10 requests)
[01:18:19] [191/456] SCAI
[01:18:20] [192/456] RMTR
[01:18:21] [193/456] ASST
[01:18:22] [194/456] GCAK
[01:18:23] [195/456] ANNK
[01:18:24] [196/456] KDDF
[01:18:25] [197/456] NRDP
[01:18:26] [198/456] PLAK
[01:18:27] [199/456] GCMC
[01:18:28] [200/456] ALPY
[01:18:29] 🔄 Identity reset
[01:18:29] 🔄 Identity rotated (every 10 requests)
[01:18:30] [201/456] SICE
[01:18:31] [202/456] SISR
[01:18:32] [203/456] SRPZ
[01:18:33] [204/456] SRSW
[01:18:34] [205/456] SUYA
[01:18:34] [206/456] AMMT
[01:18:35] [207/456] BHCU
[01:18:36] [208/456] KLPA
[01:18:37] [209/456] NVKH
[01:18:38] [210/456] JMRC
[01:18:38] 🔄 Identity reset
[01:18:38] 🔄 Identity rotated (every 10 requests)
[01:18:39] [211/456] KTTT
[01:18:40] [212/456] MAGH
[01:18:41] [213/456] MMMX
[01:18:41] [214/456] SALJ
[01:18:42] [215/456] GTJA
[01:18:43] [216/456] MAHT
[01:18:43] [217/456] SSNN
[01:18:44] [218/456] ARRP
[01:18:45] [219/456] ATNS
[01:18:46] [220/456] SKDT
[01:18:47] 🔄 Identity reset
[01:18:47] 🔄 Identity rotated (every 10 requests)
[01:18:47] [221/456] ACAT
[01:18:48] [222/456] APRC
[01:18:48] [223/456] SWAG
[01:18:49] [224/456] SDPT
[01:18:50] [225/456] STPS
[01:18:51] [226/456] WWCZ
[01:18:51] [227/456] LLCH
[01:18:52] [228/456] MZHA
[01:18:53] [229/456] CRJG
[01:18:54] [230/456] JGTK
[01:18:55] 🔄 Identity reset
[01:18:55] 🔄 Identity rotated (every 10 requests)
[01:18:55] [231/456] KCSR
[01:18:56] [232/456] CHTL
[01:18:56] [233/456] EDSR
[01:18:57] [234/456] CSWO
[01:18:58] [235/456] CPVM
[01:18:59] [236/456] MXBY
[01:19:00] [237/456] FMMA
[01:19:01] [238/456] POVI
[01:19:01] [239/456] MTHB
[01:19:02] [240/456] INRC
[01:19:03] 🔄 Identity reset
[01:19:03] 🔄 Identity rotated (every 10 requests)
[01:19:03] [241/456] PIPP
[01:19:04] [242/456] BMXC
[01:19:05] [243/456] PCMM
[01:19:05] [244/456] PMKM
[01:19:06] [245/456] GATY
[01:19:07] [246/456] IMCM
[01:19:08] [247/456] POPE
[01:19:09] [248/456] MTCR
[01:19:10] [249/456] PVAE
[01:19:11] [250/456] PVMI
[01:19:12] 🔄 Identity reset
[01:19:12] 🔄 Identity rotated (every 10 requests)
[01:19:12] [251/456] CPNM
[01:19:12] [252/456] FMRL
[01:19:13] [253/456] MCIW
[01:19:14] [254/456] MXBO
[01:19:15] [255/456] FMKY
[01:19:16] [256/456] FMDA
[01:19:17] [257/456] THAB
[01:19:18] [258/456] PRCW
[01:19:19] [259/456] PITI
[01:19:19] [260/456] MCFF
[01:19:20] 🔄 Identity reset
[01:19:20] 🔄 Identity rotated (every 10 requests)
[01:19:20] [261/456] PDDV
[01:19:21] [262/456] MCRM
[01:19:22] [263/456] KKMB
[01:19:23] [264/456] INKO
[01:19:23] [265/456] PLXP
[01:19:24] [266/456] MMHA
[01:19:25] [267/456] FMVS
[01:19:26] [268/456] POLM
[01:19:26] [269/456] STER
[01:19:27] [270/456] PVWJ
[01:19:27] 🔄 Identity reset
[01:19:27] 🔄 Identity rotated (every 10 requests)
[01:19:28] [271/456] IMJW
[01:19:28] [272/456] FNAN
[01:19:29] [273/456] CAGL
[01:19:30] [274/456] IPBG
[01:19:31] [275/456] SMFV
[01:19:32] [276/456] MMMR
[01:19:33] [277/456] MMWM
[01:19:33] [278/456] FNCM
[01:19:35] [279/456] MDVA
[01:19:36] [280/456] MMET
[01:19:36] 🔄 Identity reset
[01:19:36] 🔄 Identity rotated (every 10 requests)
[01:19:36] [281/456] MIDO
[01:19:37] [282/456] INNP
[01:19:38] [283/456] MIFU
[01:19:39] [284/456] MMSZ
[01:19:40] [285/456] BMXA
[01:19:40] [286/456] MCAA
[01:19:41] [287/456] SCVP
[01:19:42] [288/456] PLUS
[01:19:43] [289/456] MUCK
[01:19:44] [290/456] MTMA
[01:19:44] 🔄 Identity reset
[01:19:44] 🔄 Identity rotated (every 10 requests)
[01:19:45] [291/456] HPVR
[01:19:46] [292/456] PMPK
[01:19:46] [293/456] MAJB
[01:19:48] [294/456] CTRR
[01:19:49] [295/456] MCTG
[01:19:49] [296/456] MACE
[01:19:50] [297/456] AAAS
[01:19:51] [298/456] CPVV
[01:19:52] [299/456] RCHG
[01:19:53] [300/456] MCNE
[01:19:53] 🔄 Identity reset
[01:19:53] 🔄 Identity rotated (every 10 requests)
[01:19:53] 🔄 Retry 1/5 for MCNE in 2.0s
[01:19:53] 🔄 Identity reset
[01:19:55] 🧠 New identity created
[01:19:56] [301/456] EMNC
[01:19:56] [302/456] MCAN
[01:19:57] [303/456] TCDM
[01:19:58] [304/456] IRGT
[01:19:58] [305/456] GCMG
[01:19:59] [306/456] MXSN
[01:20:00] [307/456] MXCK
[01:20:00] [308/456] MCRC
[01:20:01] [309/456] RSMI
[01:20:01] 🔄 Identity reset
[01:20:01] 🔄 Identity rotated (every 10 requests)
[01:20:02] [310/456] WAML
[01:20:02] [311/456] MTSC
[01:20:03] [312/456] FMDR
[01:20:04] [313/456] LEPV
[01:20:05] [314/456] MTGD
[01:20:06] [315/456] IMOB
[01:20:07] [316/456] CLMM
[01:20:07] [317/456] PZCD
[01:20:08] [318/456] GOCS
[01:20:09] [319/456] KCMA
[01:20:10] 🔄 Identity reset
[01:20:10] 🔄 Identity rotated (every 10 requests)
[01:20:10] [320/456] CCMP
[01:20:11] [321/456] MTSU
[01:20:12] [322/456] SNGL
[01:20:13] [323/456] MMMC
[01:20:13] [324/456] MMAA
[01:20:14] [325/456] GCDM
[01:20:15] [326/456] KTMV
[01:20:16] [327/456] AETE
[01:20:18] [328/456] OMCS
[01:20:18] [329/456] GDCD
[01:20:19] 🔄 Identity reset
[01:20:19] 🔄 Identity rotated (every 10 requests)
[01:20:19] 🔄 Retry 1/5 for GDCD in 2.3s
[01:20:19] 🔄 Identity reset
[01:20:21] 🧠 New identity created
[01:20:21] [330/456] NYMD
[01:20:22] [331/456] RNCV
[01:20:23] [332/456] KKMT
[01:20:23] [333/456] GDTH
[01:20:24] [334/456] KMMV
[01:20:25] [335/456] NHCG
[01:20:26] [336/456] PJDW
[01:20:26] [337/456] MMCV
[01:20:27] [338/456] FQSA
[01:20:28] 🔄 Identity reset
[01:20:28] 🔄 Identity rotated (every 10 requests)
[01:20:28] [339/456] KURL
[01:20:28] [340/456] NNNX
[01:20:29] [341/456] AMAU
[01:20:29] [342/456] VVVM
[01:20:30] [343/456] VECU
[01:20:31] [344/456] WCVR
[01:20:31] [345/456] MTGG
[01:20:32] [346/456] SGTG
[01:20:33] [347/456] MNTG
[01:20:34] [348/456] JDDG
[01:20:34] 🔄 Identity reset
[01:20:34] 🔄 Identity rotated (every 10 requests)
[01:20:35] [349/456] MBTK
[01:20:36] [350/456] SGCD
[01:20:36] [351/456] MCTC
[01:20:37] [352/456] JTPC
[01:20:38] [353/456] SDKT
[01:20:39] [354/456] KRCC
[01:20:40] [355/456] RMMD
[01:20:40] [356/456] AAME
[01:20:41] [357/456] TMWC
[01:20:42] [358/456] NRWY
[01:20:43] 🔄 Identity reset
[01:20:43] 🔄 Identity rotated (every 10 requests)
[01:20:43] [359/456] CITD
[01:20:44] [360/456] VERD
[01:20:44] [361/456] MKSK
[01:20:45] [362/456] STSM
[01:20:46] [363/456] MJDG
[01:20:47] [364/456] RKPM
[01:20:48] [365/456] SSCE
[01:20:48] [366/456] VMAE
[01:20:49] [367/456] SBRU
[01:20:50] [368/456] AMBC
[01:20:51] 🔄 Identity reset
[01:20:51] 🔄 Identity rotated (every 10 requests)
[01:20:51] [369/456] AMLU
[01:20:52] [370/456] INVZ
[01:20:53] [371/456] LGTV
[01:20:53] [372/456] SVAD
[01:20:54] [373/456] SMSA
[01:20:55] [374/456] SPCZ
[01:20:56] [375/456] GTCX
[01:20:57] [376/456] SCSL
[01:20:58] [377/456] SAHU
[01:20:59] [378/456] NCDA
[01:21:00] 🔄 Identity reset
[01:21:00] 🔄 Identity rotated (every 10 requests)
[01:21:00] [379/456] SCCG
[01:21:01] [380/456] VKTL
[01:21:02] [381/456] PUUJ
[01:21:03] [382/456] STEJ
[01:21:03] [383/456] RJAL
[01:21:04] [384/456] ACJC
[01:21:05] [385/456] ARVB
[01:21:06] [386/456] AUBB
[01:21:07] [387/456] GDBR
[01:21:08] [388/456] PVND
[01:21:08] 🔄 Identity reset
[01:21:08] 🔄 Identity rotated (every 10 requests)
[01:21:09] [389/456] BGRJ
[01:21:09] [390/456] RJMM
[01:21:10] [391/456] MCSA
[01:21:11] [392/456] BODA
[01:21:12] [393/456] JAGG
[01:21:13] [394/456] SCGA
[01:21:13] [395/456] LRCM
[01:21:14] [396/456] CPCN
[01:21:16] [397/456] SSTF
[01:21:17] [398/456] SRXP
[01:21:18] 🔄 Identity reset
[01:21:18] 🔄 Identity rotated (every 10 requests)
[01:21:18] [399/456] CNFX
[01:21:20] [400/456] ANDI
[01:21:21] [401/456] SYEW
[01:21:22] [402/456] RCRE
[01:21:23] [403/456] SCRW
[01:21:24] [404/456] MBKR
[01:21:24] [405/456] ASNT
[01:21:25] [406/456] JTMT
[01:21:26] [407/456] SHAY
[01:21:27] [408/456] VRTH
[01:21:28] 🔄 Identity reset
[01:21:28] 🔄 Identity rotated (every 10 requests)
[01:21:28] [409/456] SPTI
[01:21:29] [410/456] DPTD
[01:21:29] [411/456] TGSN
[01:21:30] [412/456] RCWV
[01:21:31] [413/456] OCUR
[01:21:32] [414/456] KSTC
[01:21:32] [415/456] SANI
[01:21:33] [416/456] MLCA
[01:21:34] [417/456] EGCA
[01:21:35] [418/456] SYSN
[01:21:35] 🔄 Identity reset
[01:21:35] 🔄 Identity rotated (every 10 requests)
[01:21:35] [419/456] PKTA
[01:21:36] [420/456] PRCC
[01:21:37] [421/456] KSTR
[01:21:38] [422/456] SNTP
[01:21:39] [423/456] RCHA
[01:21:40] [424/456] SEEA
[01:21:41] [425/456] ALAT
[01:21:42] [426/456] AATV
[01:21:43] [427/456] RJTE
[01:21:45] [428/456] AAPP
[01:21:45] 🔄 Identity reset
[01:21:45] 🔄 Identity rotated (every 10 requests)
[01:21:46] [429/456] PMMH
[01:21:47] [430/456] INRJ
[01:21:48] [431/456] SARB
[01:21:49] [432/456] PCJL
[01:21:50] [433/456] PFJJ
[01:21:50] [434/456] GRDC
[01:21:51] [435/456] BCBA
[01:21:52] [436/456] VIXL
[01:21:53] [437/456] CSTL
[01:21:54] [438/456] MTDK
[01:21:54] 🔄 Identity reset
[01:21:54] 🔄 Identity rotated (every 10 requests)
[01:21:55] [439/456] TDAC
[01:21:55] [440/456] GTDN
[01:21:56] [441/456] TTDE
[01:21:57] [442/456] ASTS
[01:21:58] [443/456] CPNS
[01:21:59] [444/456] PVVW
[01:22:00] [445/456] USEB
[01:22:01] [446/456] DTYN
[01:22:02] [447/456] PVLE
[01:22:02] [448/456] CIPS
[01:22:03] 🔄 Identity reset
[01:22:03] 🔄 Identity rotated (every 10 requests)
[01:22:03] [449/456] PAEG
[01:22:04] [450/456] PTCW
[01:22:06] [451/456] G3SR
[01:22:07] [452/456] PGND
[01:22:07] [453/456] INVM
[01:22:08] [454/456] SPIA
[01:22:09] [455/456] PCSN
[01:22:10] [456/456] PPGV
[01:22:11] ✅ DONE | Shows=0 | Movies=0
[02:16:05] 🚀 BMS DAILY TRACKER STARTED (enhanced anti‑detection)
[02:16:05] [1/456] FNDB
[02:16:06] 🧠 New identity created
[02:16:06] [2/456] AMBH
[02:16:07] [3/456] PRHN
[02:16:08] [4/456] ACPM
[02:16:09] [5/456] PVFS
[02:16:10] [6/456] AACN
[02:16:11] [7/456] ACAS
[02:16:12] [8/456] CTNR
[02:16:12] [9/456] MMAH
[02:16:13] [10/456] CPMH
[02:16:14] 🔄 Identity reset
[02:16:14] 🔄 Identity rotated (every 10 requests)
[02:16:15] [11/456] IGMH
[02:16:16] [12/456] ABCS
[02:16:17] [13/456] CMMA
[02:16:18] [14/456] GPRH
[02:16:19] [15/456] PNNG
[02:16:19] [16/456] AMCA
[02:16:20] [17/456] ISTN
[02:16:21] [18/456] PIIC
[02:16:22] [19/456] AHMH
[02:16:23] [20/456] ASHN
[02:16:24] 🔄 Identity reset
[02:16:24] 🔄 Identity rotated (every 10 requests)
[02:16:24] 🔄 Retry 1/5 for ASHN in 2.8s
[02:16:24] 🔄 Identity reset
[02:16:27] 🧠 New identity created
[02:16:27] 🔄 Retry 2/5 for ASHN in 4.5s
[02:16:27] 🔄 Identity reset
[02:16:31] 🧠 New identity created
[02:16:32] [21/456] INHY
[02:16:32] [22/456] SRMO
[02:16:33] [23/456] PIMH
[02:16:34] [24/456] PVTS
[02:16:35] [25/456] MMCA
[02:16:36] [26/456] AKYJ
[02:16:37] [27/456] BRKH
[02:16:38] [28/456] MAHM
[02:16:39] 🔄 Identity reset
[02:16:39] 🔄 Identity rotated (every 10 requests)
[02:16:39] 🔄 Retry 1/5 for MAHM in 2.1s
[02:16:39] 🔄 Identity reset
[02:16:41] 🧠 New identity created
[02:16:42] [29/456] CPHY
[02:16:43] [30/456] PVTP
[02:16:44] [31/456] SMMR
[02:16:45] [32/456] PVHM
[02:16:46] [33/456] SNDY
[02:16:47] [34/456] GOKU
[02:16:48] [35/456] ACEV
[02:16:49] [36/456] PVUM
[02:16:50] [37/456] VSWA
[02:16:50] 🔄 Identity reset
[02:16:50] 🔄 Identity rotated (every 10 requests)
[02:16:50] [38/456] IPRS
[02:16:51] [39/456] BKMV
[02:16:52] [40/456] PVYH
[02:16:53] [41/456] INKM
[02:16:54] [42/456] ARJU
[02:16:55] [43/456] JJPP
[02:16:56] [44/456] SSRM
[02:16:56] [45/456] HMHD
[02:16:57] [46/456] SNKH
[02:16:58] [47/456] ACHI
[02:16:59] 🔄 Identity reset
[02:16:59] 🔄 Identity rotated (every 10 requests)
[02:16:59] [48/456] MRAA
[02:17:00] [49/456] INMH
[02:17:01] [50/456] ARMH
[02:17:02] [51/456] DVRR
[02:17:03] [52/456] SUDA
[02:17:03] [53/456] MCSS
[02:17:04] [54/456] VRKC
[02:17:06] [55/456] PRCX
[02:17:06] [56/456] ASJY
[02:17:07] [57/456] MTHY
[02:17:08] 🔄 Identity reset
[02:17:08] 🔄 Identity rotated (every 10 requests)
[02:17:08] [58/456] SRCM
[02:17:09] [59/456] TVHY
[02:17:10] [60/456] STHD
[02:17:11] [61/456] CPCL
[02:17:11] [62/456] PSMJ
[02:17:12] [63/456] MRGT
[02:17:13] [64/456] ARYH
[02:17:14] [65/456] VTRB
[02:17:16] [66/456] SCHC
[02:17:17] [67/456] MRRG
[02:17:17] 🔄 Identity reset
[02:17:17] 🔄 Identity rotated (every 10 requests)
[02:17:18] [68/456] SPCB
[02:17:19] [69/456] AMCM
[02:17:19] [70/456] IVNM
[02:17:20] [71/456] TRHY
[02:17:21] [72/456] PTTH
[02:17:23] [73/456] RKMH
[02:17:24] [74/456] PRCS
[02:17:25] [75/456] VAJA
[02:17:26] [76/456] BJNG
[02:17:27] [77/456] SCVM
[02:17:27] 🔄 Identity reset
[02:17:27] 🔄 Identity rotated (every 10 requests)
[02:17:28] [78/456] GNHB
[02:17:28] [79/456] TLUR
[02:17:29] [80/456] UKCC
[02:17:30] [81/456] SRKR
[02:17:31] [82/456] RMKN
[02:17:32] [83/456] SLRT
[02:17:33] [84/456] LKMT
[02:17:34] [85/456] SSRJ
[02:17:35] [86/456] SPHT
[02:17:36] [87/456] ANTT
[02:17:37] 🔄 Identity reset
[02:17:37] 🔄 Identity rotated (every 10 requests)
[02:17:37] [88/456] SRCH
[02:17:38] [89/456] SRCA
[02:17:39] [90/456] ARTH
[02:17:40] [91/456] MCBH
[02:17:41] [92/456] SNIB
[02:17:42] [93/456] SART
[02:17:43] [94/456] SKTA
[02:17:44] [95/456] YAKT
[02:17:45] [96/456] MLCK
[02:17:46] [97/456] ANTS
[02:17:47] 🔄 Identity reset
[02:17:47] 🔄 Identity rotated (every 10 requests)
[02:17:47] [98/456] DGCA
[02:17:48] [99/456] SGMP
[02:17:49] [100/456] ASWN
[02:17:50] [101/456] KFVU
[02:17:51] [102/456] POOR
[02:17:51] [103/456] GKDN
[02:17:52] [104/456] EOSE
[02:17:53] [105/456] GTTT
[02:17:54] [106/456] ARRO
[02:17:55] [107/456] CMMK
[02:17:56] 🔄 Identity reset
[02:17:56] 🔄 Identity rotated (every 10 requests)
[02:17:56] [108/456] MSCN
[02:17:57] [109/456] GDKH
[02:17:58] [110/456] DLMT
[02:17:59] [111/456] PVMF
[02:18:00] [112/456] CPCK
[02:18:02] [113/456] VMHE
[02:18:03] [114/456] PVLC
[02:18:04] [115/456] PCVB
[02:18:05] [116/456] SNYK
[02:18:07] [117/456] KTEK
[02:18:08] 🔄 Identity reset
[02:18:08] 🔄 Identity rotated (every 10 requests)
[02:18:09] [118/456] PCNM
[02:18:09] [119/456] NTTR
[02:18:10] [120/456] CPSK
[02:18:12] [121/456] JMMA
[02:18:13] [122/456] GCFK
[02:18:14] [123/456] MYCA
[02:18:15] [124/456] KSNP
[02:18:15] [125/456] PMCE
[02:18:16] [126/456] SCKI
[02:18:18] [127/456] FSMA
[02:18:18] 🔄 Identity reset
[02:18:18] 🔄 Identity rotated (every 10 requests)
[02:18:18] 🔄 Retry 1/5 for FSMA in 2.4s
[02:18:18] 🔄 Identity reset
[02:18:21] 🧠 New identity created
[02:18:21] [128/456] CETA
[02:18:22] [129/456] MCIK
[02:18:23] [130/456] MYCR
[02:18:24] [131/456] EVMP
[02:18:25] [132/456] SSGT
[02:18:26] [133/456] KCTK
[02:18:27] [134/456] ZTKC
[02:18:28] [135/456] MMTA
[02:18:28] [136/456] MAJT
[02:18:29] 🔄 Identity reset
[02:18:29] 🔄 Identity rotated (every 10 requests)
[02:18:29] [137/456] ACPK
[02:18:30] [138/456] JMAX
[02:18:31] [139/456] SETK
[02:18:32] [140/456] CAIS
[02:18:33] [141/456] AGCD
[02:18:34] [142/456] URCL
[02:18:34] [143/456] VTDS
[02:18:36] [144/456] JCNM
[02:18:37] [145/456] KCAM
[02:18:38] [146/456] ADCU
[02:18:38] 🔄 Identity reset
[02:18:38] 🔄 Identity rotated (every 10 requests)
[02:18:39] [147/456] GXYN
[02:18:40] [148/456] SMJG
[02:18:40] [149/456] EYCJ
[02:18:41] [150/456] CCEJ
[02:18:42] [151/456] MARS
[02:18:43] [152/456] CPVJ
[02:18:44] [153/456] INVP
[02:18:45] [154/456] CPOV
[02:18:46] [155/456] VIJK
[02:18:46] [156/456] LAIM
[02:18:47] 🔄 Identity reset
[02:18:47] 🔄 Identity rotated (every 10 requests)
[02:18:47] 🔄 Retry 1/5 for LAIM in 2.9s
[02:18:47] 🔄 Identity reset
[02:18:50] 🧠 New identity created
[02:18:50] [157/456] STHV
[02:18:51] [158/456] SVLJ
[02:18:52] [159/456] ATVJ
[02:18:53] [160/456] JTSC
[02:18:54] [161/456] RMTV
[02:18:54] [162/456] MGGG
[02:18:55] [163/456] SWTH
[02:18:56] [164/456] INVJ
[02:18:57] [165/456] PRSV
[02:18:58] 🔄 Identity reset
[02:18:58] 🔄 Identity rotated (every 10 requests)
[02:18:58] 🔄 Retry 1/5 for PRSV in 2.8s
[02:18:58] 🔄 Identity reset
[02:19:01] 🧠 New identity created
[02:19:01] [166/456] JATV
[02:19:02] [167/456] RCVD
[02:19:03] [168/456] BDMA
[02:19:04] [169/456] BLJI
[02:19:05] [170/456] SWOT
[02:19:06] [171/456] SWRN
[02:19:07] [172/456] TVRA
[02:19:08] [173/456] NVRN
[02:19:08] [174/456] SIKC
[02:19:09] 🔄 Identity reset
[02:19:09] 🔄 Identity rotated (every 10 requests)
[02:19:10] [175/456] VAKR
[02:19:10] [176/456] SYLN
[02:19:11] [177/456] KLJL
[02:19:12] [178/456] LKMY
[02:19:13] [179/456] VSLY
[02:19:14] [180/456] CIKO
[02:19:14] [181/456] GPBG
[02:19:15] [182/456] CECM
[02:19:16] [183/456] SLKB
[02:19:17] [184/456] MTBO
[02:19:18] 🔄 Identity reset
[02:19:18] 🔄 Identity rotated (every 10 requests)
[02:19:18] [185/456] SSHB
[02:19:19] [186/456] VPCS
[02:19:20] [187/456] RCSR
[02:19:21] [188/456] RJRM
[02:19:22] [189/456] KPPB
[02:19:22] [190/456] SEDC
[02:19:24] [191/456] SCAI
[02:19:25] [192/456] RMTR
[02:19:26] [193/456] ASST
[02:19:27] [194/456] GCAK
[02:19:27] 🔄 Identity reset
[02:19:27] 🔄 Identity rotated (every 10 requests)
[02:19:28] [195/456] ANNK
[02:19:29] [196/456] KDDF
[02:19:30] [197/456] NRDP
[02:19:31] [198/456] PLAK
[02:19:32] [199/456] GCMC
[02:19:33] [200/456] ALPY
[02:19:34] [201/456] SICE
[02:19:35] [202/456] SISR
[02:19:37] [203/456] SRPZ
[02:19:37] [204/456] SRSW
[02:19:38] 🔄 Identity reset
[02:19:38] 🔄 Identity rotated (every 10 requests)
[02:19:39] [205/456] SUYA
[02:19:41] [206/456] AMMT
[02:19:42] [207/456] BHCU
[02:19:43] [208/456] KLPA
[02:19:44] [209/456] NVKH
[02:19:45] [210/456] JMRC
[02:19:45] [211/456] KTTT
[02:19:47] [212/456] MAGH
[02:19:47] [213/456] MMMX
[02:19:48] [214/456] SALJ
[02:19:49] 🔄 Identity reset
[02:19:49] 🔄 Identity rotated (every 10 requests)
[02:19:49] [215/456] GTJA
[02:19:50] [216/456] MAHT
[02:19:51] [217/456] SSNN
[02:19:52] [218/456] ARRP
[02:19:53] [219/456] ATNS
[02:19:54] [220/456] SKDT
[02:19:55] [221/456] ACAT
[02:19:55] [222/456] APRC
[02:19:56] [223/456] SWAG
[02:19:57] [224/456] SDPT
[02:19:58] 🔄 Identity reset
[02:19:58] 🔄 Identity rotated (every 10 requests)
[02:19:58] [225/456] STPS
[02:19:59] [226/456] WWCZ
[02:20:00] [227/456] LLCH
[02:20:01] [228/456] MZHA
[02:20:02] [229/456] CRJG
[02:20:03] [230/456] JGTK
[02:20:04] [231/456] KCSR
[02:20:05] [232/456] CHTL
[02:20:06] [233/456] EDSR
[02:20:06] [234/456] CSWO
[02:20:07] 🔄 Identity reset
[02:20:07] 🔄 Identity rotated (every 10 requests)
[02:20:07] 🔄 Retry 1/5 for CSWO in 2.8s
[02:20:07] 🔄 Identity reset
[02:20:10] 🧠 New identity created
[02:20:10] [235/456] CPVM
[02:20:11] [236/456] MXBY
[02:20:13] [237/456] FMMA
[02:20:14] [238/456] POVI
[02:20:15] [239/456] MTHB
[02:20:16] [240/456] INRC
[02:20:17] [241/456] PIPP
[02:20:18] [242/456] BMXC
[02:20:19] [243/456] PCMM
[02:20:19] 🔄 Identity reset
[02:20:19] 🔄 Identity rotated (every 10 requests)
[02:20:20] [244/456] PMKM
[02:20:21] [245/456] GATY
[02:20:22] [246/456] IMCM
[02:20:23] [247/456] POPE
[02:20:24] [248/456] MTCR
[02:20:25] [249/456] PVAE
[02:20:26] [250/456] PVMI
[02:20:27] [251/456] CPNM
[02:20:28] [252/456] FMRL
[02:20:28] [253/456] MCIW
[02:20:29] 🔄 Identity reset
[02:20:29] 🔄 Identity rotated (every 10 requests)
[02:20:30] [254/456] MXBO
[02:20:31] [255/456] FMKY
[02:20:33] [256/456] FMDA
[02:20:34] [257/456] THAB
[02:20:35] [258/456] PRCW
[02:20:37] [259/456] PITI
[02:20:38] [260/456] MCFF
[02:20:40] [261/456] PDDV
[02:20:41] [262/456] MCRM
[02:20:42] [263/456] KKMB
[02:20:42] 🔄 Identity reset
[02:20:42] 🔄 Identity rotated (every 10 requests)
[02:20:43] [264/456] INKO
[02:20:44] [265/456] PLXP
[02:20:45] [266/456] MMHA
[02:20:45] [267/456] FMVS
[02:20:46] [268/456] POLM
[02:20:47] [269/456] STER
[02:20:48] [270/456] PVWJ
[02:20:49] [271/456] IMJW
[02:20:50] [272/456] FNAN
[02:20:51] [273/456] CAGL
[02:20:52] 🔄 Identity reset
[02:20:52] 🔄 Identity rotated (every 10 requests)
[02:20:52] [274/456] IPBG
[02:20:54] [275/456] SMFV
[02:20:54] [276/456] MMMR
[02:20:56] [277/456] MMWM
[02:20:57] [278/456] FNCM
[02:20:58] [279/456] MDVA
[02:20:59] [280/456] MMET
[02:20:59] [281/456] MIDO
[02:21:00] [282/456] INNP
[02:21:01] [283/456] MIFU
[02:21:02] 🔄 Identity reset
[02:21:02] 🔄 Identity rotated (every 10 requests)
[02:21:02] [284/456] MMSZ
[02:21:03] [285/456] BMXA
[02:21:04] [286/456] MCAA
[02:21:05] [287/456] SCVP
[02:21:06] [288/456] PLUS
[02:21:06] [289/456] MUCK
[02:21:07] [290/456] MTMA
[02:21:08] [291/456] HPVR
[02:21:09] [292/456] PMPK
[02:21:10] [293/456] MAJB
[02:21:11] 🔄 Identity reset
[02:21:11] 🔄 Identity rotated (every 10 requests)
[02:21:11] [294/456] CTRR
[02:21:12] [295/456] MCTG
[02:21:13] [296/456] MACE
[02:21:14] [297/456] AAAS
[02:21:15] [298/456] CPVV
[02:21:16] [299/456] RCHG
[02:21:17] [300/456] MCNE
[02:21:18] [301/456] EMNC
[02:21:19] [302/456] MCAN
[02:21:21] [303/456] TCDM
[02:21:21] 🔄 Identity reset
[02:21:21] 🔄 Identity rotated (every 10 requests)
[02:21:21] 🔄 Retry 1/5 for TCDM in 2.4s
[02:21:21] 🔄 Identity reset
[02:21:24] 🧠 New identity created
[02:21:24] [304/456] IRGT
[02:21:25] [305/456] GCMG
[02:21:26] [306/456] MXSN
[02:21:27] [307/456] MXCK
[02:21:28] [308/456] MCRC
[02:21:29] [309/456] RSMI
[02:21:30] [310/456] WAML
[02:21:31] [311/456] MTSC
[02:21:32] [312/456] FMDR
[02:21:32] 🔄 Identity reset
[02:21:32] 🔄 Identity rotated (every 10 requests)
[02:21:33] [313/456] LEPV
[02:21:34] [314/456] MTGD
[02:21:35] [315/456] IMOB
[02:21:36] [316/456] CLMM
[02:21:37] [317/456] PZCD
[02:21:38] [318/456] GOCS
[02:21:40] [319/456] KCMA
[02:21:40] [320/456] CCMP
[02:21:42] [321/456] MTSU
[02:21:43] [322/456] SNGL
[02:21:44] 🔄 Identity reset
[02:21:44] 🔄 Identity rotated (every 10 requests)
[02:21:44] [323/456] MMMC
[02:21:45] [324/456] MMAA
[02:21:46] [325/456] GCDM
[02:21:47] [326/456] KTMV
[02:21:47] [327/456] AETE
[02:21:48] [328/456] OMCS
[02:21:49] [329/456] GDCD
[02:21:50] [330/456] NYMD
[02:21:51] [331/456] RNCV
[02:21:52] [332/456] KKMT
[02:21:53] 🔄 Identity reset
[02:21:53] 🔄 Identity rotated (every 10 requests)
[02:21:53] [333/456] GDTH
[02:21:54] [334/456] KMMV
[02:21:55] [335/456] NHCG
[02:21:56] [336/456] PJDW
[02:21:57] [337/456] MMCV
[02:21:58] [338/456] FQSA
[02:21:59] [339/456] KURL
[02:21:59] [340/456] NNNX
[02:22:00] [341/456] AMAU
[02:22:01] [342/456] VVVM
[02:22:02] 🔄 Identity reset
[02:22:02] 🔄 Identity rotated (every 10 requests)
[02:22:02] [343/456] VECU
[02:22:03] [344/456] WCVR
[02:22:04] [345/456] MTGG
[02:22:05] [346/456] SGTG
[02:22:06] [347/456] MNTG
[02:22:07] [348/456] JDDG
[02:22:07] [349/456] MBTK
[02:22:08] [350/456] SGCD
[02:22:09] [351/456] MCTC
[02:22:10] [352/456] JTPC
[02:22:11] 🔄 Identity reset
[02:22:11] 🔄 Identity rotated (every 10 requests)
[02:22:11] [353/456] SDKT
[02:22:12] [354/456] KRCC
[02:22:13] [355/456] RMMD
[02:22:14] [356/456] AAME
[02:22:15] [357/456] TMWC
[02:22:17] [358/456] NRWY
[02:22:17] [359/456] CITD
[02:22:19] [360/456] VERD
[02:22:20] [361/456] MKSK
[02:22:21] [362/456] STSM
[02:22:21] 🔄 Identity reset
[02:22:21] 🔄 Identity rotated (every 10 requests)
[02:22:22] [363/456] MJDG
[02:22:23] [364/456] RKPM
[02:22:23] [365/456] SSCE
[02:22:24] [366/456] VMAE
[02:22:25] [367/456] SBRU
[02:22:26] [368/456] AMBC
[02:22:27] [369/456] AMLU
[02:22:28] [370/456] INVZ
[02:22:29] [371/456] LGTV
[02:22:30] [372/456] SVAD
[02:22:31] 🔄 Identity reset
[02:22:31] 🔄 Identity rotated (every 10 requests)
[02:22:31] [373/456] SMSA
[02:22:32] [374/456] SPCZ
[02:22:33] [375/456] GTCX
[02:22:34] [376/456] SCSL
[02:22:34] [377/456] SAHU
[02:22:36] [378/456] NCDA
[02:22:37] [379/456] SCCG
[02:22:38] [380/456] VKTL
[02:22:39] [381/456] PUUJ
[02:22:40] [382/456] STEJ
[02:22:41] 🔄 Identity reset
[02:22:41] 🔄 Identity rotated (every 10 requests)
[02:22:41] 🔄 Retry 1/5 for STEJ in 2.5s
[02:22:41] 🔄 Identity reset
[02:22:43] 🧠 New identity created
[02:22:44] [383/456] RJAL
[02:22:45] [384/456] ACJC
[02:22:46] [385/456] ARVB
[02:22:46] [386/456] AUBB
[02:22:47] [387/456] GDBR
[02:22:48] [388/456] PVND
[02:22:49] [389/456] BGRJ
[02:22:50] [390/456] RJMM
[02:22:51] [391/456] MCSA
[02:22:51] 🔄 Identity reset
[02:22:51] 🔄 Identity rotated (every 10 requests)
[02:22:52] [392/456] BODA
[02:22:52] [393/456] JAGG
[02:22:53] [394/456] SCGA
[02:22:54] [395/456] LRCM
[02:22:55] [396/456] CPCN
[02:22:56] [397/456] SSTF
[02:22:57] [398/456] SRXP
[02:22:58] [399/456] CNFX
[02:22:59] [400/456] ANDI
[02:23:00] [401/456] SYEW
[02:23:01] 🔄 Identity reset
[02:23:01] 🔄 Identity rotated (every 10 requests)
[02:23:01] [402/456] RCRE
[02:23:02] [403/456] SCRW
[02:23:03] [404/456] MBKR
[02:23:04] [405/456] ASNT
[02:23:05] [406/456] JTMT
[02:23:06] [407/456] SHAY
[02:23:06] [408/456] VRTH
[02:23:07] [409/456] SPTI
[02:23:08] [410/456] DPTD
[02:23:09] [411/456] TGSN
[02:23:10] 🔄 Identity reset
[02:23:10] 🔄 Identity rotated (every 10 requests)
[02:23:11] [412/456] RCWV
[02:23:12] [413/456] OCUR
[02:23:13] [414/456] KSTC
[02:23:14] [415/456] SANI
[02:23:15] [416/456] MLCA
[02:23:16] [417/456] EGCA
[02:23:17] [418/456] SYSN
[02:23:18] [419/456] PKTA
[02:23:18] [420/456] PRCC
[02:23:19] [421/456] KSTR
[02:23:20] 🔄 Identity reset
[02:23:20] 🔄 Identity rotated (every 10 requests)
[02:23:20] [422/456] SNTP
[02:23:21] [423/456] RCHA
[02:23:22] [424/456] SEEA
[02:23:23] [425/456] ALAT
[02:23:25] [426/456] AATV
[02:23:25] [427/456] RJTE
[02:23:27] [428/456] AAPP
[02:23:28] [429/456] PMMH
[02:23:29] [430/456] INRJ
[02:23:30] [431/456] SARB
[02:23:30] 🔄 Identity reset
[02:23:30] 🔄 Identity rotated (every 10 requests)
[02:23:30] [432/456] PCJL
[02:23:31] [433/456] PFJJ
[02:23:33] [434/456] GRDC
[02:23:34] [435/456] BCBA
[02:23:35] [436/456] VIXL
[02:23:36] [437/456] CSTL
[02:23:37] [438/456] MTDK
[02:23:38] [439/456] TDAC
[02:23:38] [440/456] GTDN
[02:23:39] [441/456] TTDE
[02:23:40] 🔄 Identity reset
[02:23:40] 🔄 Identity rotated (every 10 requests)
[02:23:40] [442/456] ASTS
[02:23:41] [443/456] CPNS
[02:23:42] [444/456] PVVW
[02:23:43] [445/456] USEB
[02:23:44] [446/456] DTYN
[02:23:45] [447/456] PVLE
[02:23:46] [448/456] CIPS
[02:23:47] [449/456] PAEG
[02:23:48] [450/456] PTCW
[02:23:49] [451/456] G3SR
[02:23:50] 🔄 Identity reset
[02:23:50] 🔄 Identity rotated (every 10 requests)
[02:23:50] [452/456] PGND
[02:23:51] [453/456] INVM
[02:23:52] [454/456] SPIA
[02:23:53] [455/456] PCSN
[02:23:54] [456/456] PPGV
[02:23:55] ✅ DONE | Shows=0 | Movies=0
[02:54:02] 🚀 BMS DAILY TRACKER STARTED (enhanced anti‑detection)
[02:54:02] [1/456] FNDB
[02:54:02] 🧠 New identity created
[02:54:02] [2/456] AMBH
[02:54:03] [3/456] PRHN
[02:54:04] [4/456] ACPM
[02:54:05] [5/456] PVFS
[02:54:06] [6/456] AACN
[02:54:07] [7/456] ACAS
[02:54:08] [8/456] CTNR
[02:54:09] [9/456] MMAH
[02:54:10] [10/456] CPMH
[02:54:10] 🔄 Identity reset
[02:54:10] 🔄 Identity rotated (every 10 requests)
[02:54:11] [11/456] IGMH
[02:54:12] [12/456] ABCS
[02:54:13] [13/456] CMMA
[02:54:13] [14/456] GPRH
[02:54:14] [15/456] PNNG
[02:54:15] [16/456] AMCA
[02:54:17] [17/456] ISTN
[02:54:18] [18/456] PIIC
[02:54:19] [19/456] AHMH
[02:54:19] [20/456] ASHN
[02:54:20] 🔄 Identity reset
[02:54:20] 🔄 Identity rotated (every 10 requests)
[02:54:20] [21/456] INHY
[02:54:21] [22/456] SRMO
[02:54:22] [23/456] PIMH
[02:54:23] [24/456] PVTS
[02:54:24] [25/456] MMCA
[02:54:25] [26/456] AKYJ
[02:54:26] [27/456] BRKH
[02:54:27] [28/456] MAHM
[02:54:28] [29/456] CPHY
[02:54:29] [30/456] PVTP
[02:54:29] 🔄 Identity reset
[02:54:29] 🔄 Identity rotated (every 10 requests)
[02:54:30] [31/456] SMMR
[02:54:31] [32/456] PVHM
[02:54:32] [33/456] SNDY
[02:54:33] [34/456] GOKU
[02:54:33] [35/456] ACEV
[02:54:34] [36/456] PVUM
[02:54:35] [37/456] VSWA
[02:54:36] [38/456] IPRS
[02:54:37] [39/456] BKMV
[02:54:38] [40/456] PVYH
[02:54:38] 🔄 Identity reset
[02:54:38] 🔄 Identity rotated (every 10 requests)
[02:54:39] [41/456] INKM
[02:54:40] [42/456] ARJU
[02:54:40] [43/456] JJPP
[02:54:41] [44/456] SSRM
[02:54:42] [45/456] HMHD
[02:54:43] [46/456] SNKH
[02:54:44] [47/456] ACHI
[02:54:45] [48/456] MRAA
[02:54:46] [49/456] INMH
[02:54:47] [50/456] ARMH
[02:54:48] 🔄 Identity reset
[02:54:48] 🔄 Identity rotated (every 10 requests)
[02:54:49] [51/456] DVRR
[02:54:50] [52/456] SUDA
[02:54:51] [53/456] MCSS
[02:54:52] [54/456] VRKC
[02:54:53] [55/456] PRCX
[02:54:54] [56/456] ASJY
[02:54:55] [57/456] MTHY
[02:54:56] [58/456] SRCM
[02:54:57] [59/456] TVHY
[02:54:58] [60/456] STHD
[02:54:58] 🔄 Identity reset
[02:54:58] 🔄 Identity rotated (every 10 requests)
[02:54:59] [61/456] CPCL
[02:55:00] [62/456] PSMJ
[02:55:01] [63/456] MRGT
[02:55:02] [64/456] ARYH
[02:55:03] [65/456] VTRB
[02:55:04] [66/456] SCHC
[02:55:05] [67/456] MRRG
[02:55:06] [68/456] SPCB
[02:55:07] [69/456] AMCM
[02:55:08] [70/456] IVNM
[02:55:08] 🔄 Identity reset
[02:55:08] 🔄 Identity rotated (every 10 requests)
[02:55:08] [71/456] TRHY
[02:55:09] [72/456] PTTH
[02:55:10] [73/456] RKMH
[02:55:11] [74/456] PRCS
[02:55:12] [75/456] VAJA
[02:55:13] [76/456] BJNG
[02:55:14] [77/456] SCVM
[02:55:15] [78/456] GNHB
[02:55:15] [79/456] TLUR
[02:55:16] [80/456] UKCC
[02:55:17] 🔄 Identity reset
[02:55:17] 🔄 Identity rotated (every 10 requests)
[02:55:17] [81/456] SRKR
[02:55:18] [82/456] RMKN
[02:55:19] [83/456] SLRT
[02:55:20] [84/456] LKMT
[02:55:21] [85/456] SSRJ
[02:55:22] [86/456] SPHT
[02:55:22] [87/456] ANTT
[02:55:23] [88/456] SRCH
[02:55:24] [89/456] SRCA
[02:55:25] [90/456] ARTH
[02:55:25] 🔄 Identity reset
[02:55:25] 🔄 Identity rotated (every 10 requests)
[02:55:26] [91/456] MCBH
[02:55:27] [92/456] SNIB
[02:55:28] [93/456] SART
[02:55:29] [94/456] SKTA
[02:55:29] [95/456] YAKT
[02:55:31] [96/456] MLCK
[02:55:32] [97/456] ANTS
[02:55:33] [98/456] DGCA
[02:55:33] [99/456] SGMP
[02:55:35] [100/456] ASWN
[02:55:35] 🔄 Identity reset
[02:55:35] 🔄 Identity rotated (every 10 requests)
[02:55:36] [101/456] KFVU
[02:55:37] [102/456] POOR
[02:55:38] [103/456] GKDN
[02:55:39] [104/456] EOSE
[02:55:40] [105/456] GTTT
[02:55:41] [106/456] ARRO
[02:55:42] [107/456] CMMK
[02:55:43] [108/456] MSCN
[02:55:44] [109/456] GDKH
[02:55:45] [110/456] DLMT
[02:55:45] 🔄 Identity reset
[02:55:45] 🔄 Identity rotated (every 10 requests)
[02:55:46] [111/456] PVMF
[02:55:46] [112/456] CPCK
[02:55:47] [113/456] VMHE
[02:55:49] [114/456] PVLC
[02:55:50] [115/456] PCVB
[02:55:51] [116/456] SNYK
[02:55:52] [117/456] KTEK
[02:55:53] [118/456] PCNM
[02:55:55] [119/456] NTTR
[02:55:56] [120/456] CPSK
[02:55:56] 🔄 Identity reset
[02:55:56] 🔄 Identity rotated (every 10 requests)
[02:55:57] [121/456] JMMA
[02:55:58] [122/456] GCFK
[02:55:59] [123/456] MYCA
[02:56:00] [124/456] KSNP
[02:56:01] [125/456] PMCE
[02:56:02] [126/456] SCKI
[02:56:03] [127/456] FSMA
[02:56:04] [128/456] CETA
[02:56:05] [129/456] MCIK
[02:56:06] [130/456] MYCR
[02:56:07] 🔄 Identity reset
[02:56:07] 🔄 Identity rotated (every 10 requests)
[02:56:07] [131/456] EVMP
[02:56:08] [132/456] SSGT
[02:56:09] [133/456] KCTK
[02:56:10] [134/456] ZTKC
[02:56:11] [135/456] MMTA
[02:56:12] [136/456] MAJT
[02:56:13] [137/456] ACPK
[02:56:14] [138/456] JMAX
[02:56:16] [139/456] SETK
[02:56:18] [140/456] CAIS
[02:56:18] 🔄 Identity reset
[02:56:18] 🔄 Identity rotated (every 10 requests)
[02:56:18] [141/456] AGCD
[02:56:19] [142/456] URCL
[02:56:20] [143/456] VTDS
[02:56:21] [144/456] JCNM
[02:56:22] [145/456] KCAM
[02:56:23] [146/456] ADCU
[02:56:23] [147/456] GXYN
[02:56:24] [148/456] SMJG
[02:56:25] [149/456] EYCJ
[02:56:26] [150/456] CCEJ
[02:56:27] 🔄 Identity reset
[02:56:27] 🔄 Identity rotated (every 10 requests)
[02:56:27] [151/456] MARS
[02:56:28] [152/456] CPVJ
[02:56:28] [153/456] INVP
[02:56:29] [154/456] CPOV
[02:56:30] [155/456] VIJK
[02:56:31] [156/456] LAIM
[02:56:32] [157/456] STHV
[02:56:34] [158/456] SVLJ
[02:56:35] [159/456] ATVJ
[02:56:35] [160/456] JTSC
[02:56:36] 🔄 Identity reset
[02:56:36] 🔄 Identity rotated (every 10 requests)
[02:56:36] [161/456] RMTV
[02:56:37] [162/456] MGGG
[02:56:38] [163/456] SWTH
[02:56:39] [164/456] INVJ
[02:56:40] [165/456] PRSV
[02:56:41] [166/456] JATV
[02:56:42] [167/456] RCVD
[02:56:43] [168/456] BDMA
[02:56:44] [169/456] BLJI
[02:56:45] [170/456] SWOT
[02:56:45] 🔄 Identity reset
[02:56:45] 🔄 Identity rotated (every 10 requests)
[02:56:45] 🔄 Retry 1/5 for SWOT in 2.7s
[02:56:45] 🔄 Identity reset
[02:56:48] 🧠 New identity created
[02:56:48] [171/456] SWRN
[02:56:49] [172/456] TVRA
[02:56:50] [173/456] NVRN
[02:56:51] [174/456] SIKC
[02:56:52] [175/456] VAKR
[02:56:53] [176/456] SYLN
[02:56:54] [177/456] KLJL
[02:56:54] [178/456] LKMY
[02:56:55] [179/456] VSLY
[02:56:56] 🔄 Identity reset
[02:56:56] 🔄 Identity rotated (every 10 requests)
[02:56:56] [180/456] CIKO
[02:56:57] [181/456] GPBG
[02:56:59] [182/456] CECM
[02:57:00] [183/456] SLKB
[02:57:01] [184/456] MTBO
[02:57:02] [185/456] SSHB
[02:57:03] [186/456] VPCS
[02:57:04] [187/456] RCSR
[02:57:05] [188/456] RJRM
[02:57:06] [189/456] KPPB
[02:57:06] 🔄 Identity reset
[02:57:06] 🔄 Identity rotated (every 10 requests)
[02:57:07] [190/456] SEDC
[02:57:08] [191/456] SCAI
[02:57:09] [192/456] RMTR
[02:57:10] [193/456] ASST
[02:57:11] [194/456] GCAK
[02:57:11] [195/456] ANNK
[02:57:12] [196/456] KDDF
[02:57:13] [197/456] NRDP
[02:57:14] [198/456] PLAK
[02:57:14] [199/456] GCMC
[02:57:15] 🔄 Identity reset
[02:57:15] 🔄 Identity rotated (every 10 requests)
[02:57:15] [200/456] ALPY
[02:57:16] [201/456] SICE
[02:57:17] [202/456] SISR
[02:57:18] [203/456] SRPZ
[02:57:19] [204/456] SRSW
[02:57:20] [205/456] SUYA
[02:57:21] [206/456] AMMT
[02:57:22] [207/456] BHCU
[02:57:23] [208/456] KLPA
[02:57:24] [209/456] NVKH
[02:57:24] 🔄 Identity reset
[02:57:24] 🔄 Identity rotated (every 10 requests)
[02:57:25] [210/456] JMRC
[02:57:25] [211/456] KTTT
[02:57:26] [212/456] MAGH
[02:57:27] [213/456] MMMX
[02:57:28] [214/456] SALJ
[02:57:29] [215/456] GTJA
[02:57:29] [216/456] MAHT
[02:57:30] [217/456] SSNN
[02:57:31] [218/456] ARRP
[02:57:32] [219/456] ATNS
[02:57:33] 🔄 Identity reset
[02:57:33] 🔄 Identity rotated (every 10 requests)
[02:57:34] [220/456] SKDT
[02:57:35] [221/456] ACAT
[02:57:36] [222/456] APRC
[02:57:36] [223/456] SWAG
[02:57:37] [224/456] SDPT
[02:57:39] [225/456] STPS
[02:57:40] [226/456] WWCZ
[02:57:41] [227/456] LLCH
[02:57:41] [228/456] MZHA
[02:57:42] [229/456] CRJG
[02:57:43] 🔄 Identity reset
[02:57:43] 🔄 Identity rotated (every 10 requests)
[02:57:43] [230/456] JGTK
[02:57:44] [231/456] KCSR
[02:57:45] [232/456] CHTL
[02:57:45] [233/456] EDSR
[02:57:46] [234/456] CSWO
[02:57:47] [235/456] CPVM
[02:57:47] [236/456] MXBY
[02:57:48] [237/456] FMMA
[02:57:49] [238/456] POVI
[02:57:50] [239/456] MTHB
[02:57:50] 🔄 Identity reset
[02:57:50] 🔄 Identity rotated (every 10 requests)
[02:57:51] [240/456] INRC
[02:57:51] [241/456] PIPP
[02:57:52] [242/456] BMXC
[02:57:53] [243/456] PCMM
[02:57:55] [244/456] PMKM
[02:57:55] [245/456] GATY
[02:57:57] [246/456] IMCM
[02:57:58] [247/456] POPE
[02:57:59] [248/456] MTCR
[02:57:59] [249/456] PVAE
[02:58:00] 🔄 Identity reset
[02:58:00] 🔄 Identity rotated (every 10 requests)
[02:58:00] [250/456] PVMI
[02:58:01] [251/456] CPNM
[02:58:02] [252/456] FMRL
[02:58:03] [253/456] MCIW
[02:58:03] [254/456] MXBO
[02:58:04] [255/456] FMKY
[02:58:05] [256/456] FMDA
[02:58:06] [257/456] THAB
[02:58:07] [258/456] PRCW
[02:58:07] [259/456] PITI
[02:58:08] 🔄 Identity reset
[02:58:08] 🔄 Identity rotated (every 10 requests)
[02:58:08] [260/456] MCFF
[02:58:09] [261/456] PDDV
[02:58:10] [262/456] MCRM
[02:58:11] [263/456] KKMB
[02:58:12] [264/456] INKO
[02:58:12] [265/456] PLXP
[02:58:13] [266/456] MMHA
[02:58:14] [267/456] FMVS
[02:58:15] [268/456] POLM
[02:58:17] [269/456] STER
[02:58:17] 🔄 Identity reset
[02:58:17] 🔄 Identity rotated (every 10 requests)
[02:58:17] 🔄 Retry 1/5 for STER in 2.1s
[02:58:17] 🔄 Identity reset
[02:58:20] 🧠 New identity created
[02:58:20] [270/456] PVWJ
[02:58:21] [271/456] IMJW
[02:58:21] [272/456] FNAN
[02:58:22] [273/456] CAGL
[02:58:23] [274/456] IPBG
[02:58:25] [275/456] SMFV
[02:58:26] [276/456] MMMR
[02:58:27] [277/456] MMWM
[02:58:28] [278/456] FNCM
[02:58:28] 🔄 Identity reset
[02:58:28] 🔄 Identity rotated (every 10 requests)
[02:58:29] [279/456] MDVA
[02:58:30] [280/456] MMET
[02:58:31] [281/456] MIDO
[02:58:32] [282/456] INNP
[02:58:32] [283/456] MIFU
[02:58:33] [284/456] MMSZ
[02:58:34] [285/456] BMXA
[02:58:34] [286/456] MCAA
[02:58:36] [287/456] SCVP
[02:58:37] [288/456] PLUS
[02:58:37] 🔄 Identity reset
[02:58:37] 🔄 Identity rotated (every 10 requests)
[02:58:38] [289/456] MUCK
[02:58:38] [290/456] MTMA
[02:58:39] [291/456] HPVR
[02:58:40] [292/456] PMPK
[02:58:41] [293/456] MAJB
[02:58:41] [294/456] CTRR
[02:58:42] [295/456] MCTG
[02:58:43] [296/456] MACE
[02:58:43] [297/456] AAAS
[02:58:44] [298/456] CPVV
[02:58:45] 🔄 Identity reset
[02:58:45] 🔄 Identity rotated (every 10 requests)
[02:58:45] [299/456] RCHG
[02:58:46] [300/456] MCNE
[02:58:47] [301/456] EMNC
[02:58:48] [302/456] MCAN
[02:58:48] [303/456] TCDM
[02:58:49] [304/456] IRGT
[02:58:50] [305/456] GCMG
[02:58:50] [306/456] MXSN
[02:58:52] [307/456] MXCK
[02:58:52] [308/456] MCRC
[02:58:53] 🔄 Identity reset
[02:58:53] 🔄 Identity rotated (every 10 requests)
[02:58:53] [309/456] RSMI
[02:58:54] [310/456] WAML
[02:58:55] [311/456] MTSC
[02:58:55] [312/456] FMDR
[02:58:56] [313/456] LEPV
[02:58:57] [314/456] MTGD
[02:58:58] [315/456] IMOB
[02:58:59] [316/456] CLMM
[02:59:00] [317/456] PZCD
[02:59:00] [318/456] GOCS
[02:59:01] 🔄 Identity reset
[02:59:01] 🔄 Identity rotated (every 10 requests)
[02:59:01] [319/456] KCMA
[02:59:02] [320/456] CCMP
[02:59:03] [321/456] MTSU
[02:59:03] [322/456] SNGL
[02:59:04] [323/456] MMMC
[02:59:05] [324/456] MMAA
[02:59:05] [325/456] GCDM
[02:59:06] [326/456] KTMV
[02:59:07] [327/456] AETE
[02:59:08] [328/456] OMCS
[02:59:08] 🔄 Identity reset
[02:59:08] 🔄 Identity rotated (every 10 requests)
[02:59:09] [329/456] GDCD
[02:59:09] [330/456] NYMD
[02:59:10] [331/456] RNCV
[02:59:11] [332/456] KKMT
[02:59:12] [333/456] GDTH
[02:59:13] [334/456] KMMV
[02:59:13] [335/456] NHCG
[02:59:14] [336/456] PJDW
[02:59:15] [337/456] MMCV
[02:59:15] [338/456] FQSA
[02:59:16] 🔄 Identity reset
[02:59:16] 🔄 Identity rotated (every 10 requests)
[02:59:16] [339/456] KURL
[02:59:17] [340/456] NNNX
[02:59:18] [341/456] AMAU
[02:59:19] [342/456] VVVM
[02:59:20] [343/456] VECU
[02:59:21] [344/456] WCVR
[02:59:22] [345/456] MTGG
[02:59:23] [346/456] SGTG
[02:59:24] [347/456] MNTG
[02:59:25] [348/456] JDDG
[02:59:26] 🔄 Identity reset
[02:59:26] 🔄 Identity rotated (every 10 requests)
[02:59:26] [349/456] MBTK
[02:59:27] [350/456] SGCD
[02:59:28] [351/456] MCTC
[02:59:29] [352/456] JTPC
[02:59:30] [353/456] SDKT
[02:59:31] [354/456] KRCC
[02:59:32] [355/456] RMMD
[02:59:33] [356/456] AAME
[02:59:33] [357/456] TMWC
[02:59:34] [358/456] NRWY
[02:59:35] 🔄 Identity reset
[02:59:35] 🔄 Identity rotated (every 10 requests)
[02:59:36] [359/456] CITD
[02:59:38] [360/456] VERD
[02:59:39] [361/456] MKSK
[02:59:39] [362/456] STSM
[02:59:40] [363/456] MJDG
[02:59:41] [364/456] RKPM
[02:59:42] [365/456] SSCE
[02:59:43] [366/456] VMAE
[02:59:43] [367/456] SBRU
[02:59:44] [368/456] AMBC
[02:59:45] 🔄 Identity reset
[02:59:45] 🔄 Identity rotated (every 10 requests)
[02:59:45] 🔄 Retry 1/5 for AMBC in 3.0s
[02:59:45] 🔄 Identity reset
[02:59:48] 🧠 New identity created
[02:59:48] [369/456] AMLU
[02:59:49] [370/456] INVZ
[02:59:50] [371/456] LGTV
[02:59:51] [372/456] SVAD
[02:59:52] [373/456] SMSA
[02:59:53] [374/456] SPCZ
[02:59:53] [375/456] GTCX
[02:59:54] [376/456] SCSL
[02:59:55] [377/456] SAHU
[02:59:56] 🔄 Identity reset
[02:59:56] 🔄 Identity rotated (every 10 requests)
[02:59:56] [378/456] NCDA
[02:59:57] [379/456] SCCG
[02:59:58] [380/456] VKTL
[02:59:59] [381/456] PUUJ
[03:00:00] [382/456] STEJ
[03:00:01] [383/456] RJAL
[03:00:01] [384/456] ACJC
[03:00:02] [385/456] ARVB
[03:00:03] [386/456] AUBB
[03:00:04] [387/456] GDBR
[03:00:04] 🔄 Identity reset
[03:00:04] 🔄 Identity rotated (every 10 requests)
[03:00:05] 🔄 Retry 1/5 for GDBR in 2.1s
[03:00:05] 🔄 Identity reset
[03:00:07] 🧠 New identity created
[03:00:07] 🔄 Retry 2/5 for GDBR in 5.0s
[03:00:07] 🔄 Identity reset
[03:00:12] 🧠 New identity created
[03:00:12] 🔄 Retry 3/5 for GDBR in 8.5s
[03:00:12] 🔄 Identity reset
[03:00:20] 🧠 New identity created
[03:00:21] [388/456] PVND
[03:00:21] [389/456] BGRJ
[03:00:22] [390/456] RJMM
[03:00:23] [391/456] MCSA
[03:00:24] [392/456] BODA
[03:00:24] [393/456] JAGG
[03:00:25] [394/456] SCGA
[03:00:25] 🔄 Identity reset
[03:00:25] 🔄 Identity rotated (every 10 requests)
[03:00:26] [395/456] LRCM
[03:00:27] [396/456] CPCN
[03:00:28] [397/456] SSTF
[03:00:30] [398/456] SRXP
[03:00:30] [399/456] CNFX
[03:00:31] [400/456] ANDI
[03:00:32] [401/456] SYEW
[03:00:33] [402/456] RCRE
[03:00:33] [403/456] SCRW
[03:00:34] [404/456] MBKR
[03:00:35] 🔄 Identity reset
[03:00:35] 🔄 Identity rotated (every 10 requests)
[03:00:35] [405/456] ASNT
[03:00:36] [406/456] JTMT
[03:00:37] [407/456] SHAY
[03:00:38] [408/456] VRTH
[03:00:38] [409/456] SPTI
[03:00:39] [410/456] DPTD
[03:00:40] [411/456] TGSN
[03:00:41] [412/456] RCWV
[03:00:42] [413/456] OCUR
[03:00:43] [414/456] KSTC
[03:00:44] 🔄 Identity reset
[03:00:44] 🔄 Identity rotated (every 10 requests)
[03:00:44] [415/456] SANI
[03:00:44] [416/456] MLCA
[03:00:45] [417/456] EGCA
[03:00:45] [418/456] SYSN
[03:00:47] [419/456] PKTA
[03:00:48] [420/456] PRCC
[03:00:48] [421/456] KSTR
[03:00:49] [422/456] SNTP
[03:00:50] [423/456] RCHA
[03:00:51] [424/456] SEEA
[03:00:51] 🔄 Identity reset
[03:00:51] 🔄 Identity rotated (every 10 requests)
[03:00:52] [425/456] ALAT
[03:00:53] [426/456] AATV
[03:00:53] [427/456] RJTE
[03:00:54] [428/456] AAPP
[03:00:55] [429/456] PMMH
[03:00:56] [430/456] INRJ
[03:00:57] [431/456] SARB
[03:00:58] [432/456] PCJL
[03:00:58] [433/456] PFJJ
[03:00:59] [434/456] GRDC
[03:01:00] 🔄 Identity reset
[03:01:00] 🔄 Identity rotated (every 10 requests)
[03:01:00] 🔄 Retry 1/5 for GRDC in 2.1s
[03:01:00] 🔄 Identity reset
[03:01:02] 🧠 New identity created
[03:01:02] [435/456] BCBA
[03:01:03] [436/456] VIXL
[03:01:04] [437/456] CSTL
[03:01:04] [438/456] MTDK
[03:01:05] [439/456] TDAC
[03:01:06] [440/456] GTDN
[03:01:07] [441/456] TTDE
[03:01:07] [442/456] ASTS
[03:01:08] [443/456] CPNS
[03:01:09] 🔄 Identity reset
[03:01:09] 🔄 Identity rotated (every 10 requests)
[03:01:09] 🔄 Retry 1/5 for CPNS in 2.4s
[03:01:09] 🔄 Identity reset
[03:01:11] 🧠 New identity created
[03:01:12] [444/456] PVVW
[03:01:13] [445/456] USEB
[03:01:13] [446/456] DTYN
[03:01:14] [447/456] PVLE
[03:01:15] [448/456] CIPS
[03:01:15] [449/456] PAEG
[03:01:16] [450/456] PTCW
[03:01:16] [451/456] G3SR
[03:01:17] [452/456] PGND
[03:01:18] 🔄 Identity reset
[03:01:18] 🔄 Identity rotated (every 10 requests)
[03:01:18] [453/456] INVM
[03:01:19] [454/456] SPIA
[03:01:19] [455/456] PCSN
[03:01:20] [456/456] PPGV
[03:01:21] ✅ DONE | Shows=0 | Movies=0
[03:16:55] 🚀 BMS DAILY TRACKER STARTED (enhanced anti‑detection)
[03:16:55] [1/456] FNDB
[03:16:56] 🧠 New identity created
[03:16:57] [2/456] AMBH
[03:16:58] [3/456] PRHN
[03:16:59] [4/456] ACPM
[03:17:00] [5/456] PVFS
[03:17:01] [6/456] AACN
[03:17:02] [7/456] ACAS
[03:17:03] [8/456] CTNR
[03:17:04] [9/456] MMAH
[03:17:05] [10/456] CPMH
[03:17:06] 🔄 Identity reset
[03:17:06] 🔄 Identity rotated (every 10 requests)
[03:17:06] [11/456] IGMH
[03:17:07] [12/456] ABCS
[03:17:08] [13/456] CMMA
[03:17:09] [14/456] GPRH
[03:17:10] [15/456] PNNG
[03:17:11] [16/456] AMCA
[03:17:12] [17/456] ISTN
[03:17:13] [18/456] PIIC
[03:17:14] [19/456] AHMH
[03:17:15] [20/456] ASHN
[03:17:16] 🔄 Identity reset
[03:17:16] 🔄 Identity rotated (every 10 requests)
[03:17:16] 🔄 Retry 1/5 for ASHN in 2.5s
[03:17:16] 🔄 Identity reset
[03:17:18] 🧠 New identity created
[03:17:19] [21/456] INHY
[03:17:20] [22/456] SRMO
[03:17:21] [23/456] PIMH
[03:17:21] [24/456] PVTS
[03:17:22] [25/456] MMCA
[03:17:23] [26/456] AKYJ
[03:17:24] [27/456] BRKH
[03:17:25] [28/456] MAHM
[03:17:26] [29/456] CPHY
[03:17:27] 🔄 Identity reset
[03:17:27] 🔄 Identity rotated (every 10 requests)
[03:17:27] 🔄 Retry 1/5 for CPHY in 2.1s
[03:17:27] 🔄 Identity reset
[03:17:29] 🧠 New identity created
[03:17:29] 🔄 Retry 2/5 for CPHY in 4.6s
[03:17:29] 🔄 Identity reset
[03:17:33] 🧠 New identity created
[03:17:34] [30/456] PVTP
[03:17:35] [31/456] SMMR
[03:17:36] [32/456] PVHM
[03:17:37] [33/456] SNDY
[03:17:38] [34/456] GOKU
[03:17:39] [35/456] ACEV
[03:17:40] [36/456] PVUM
[03:17:42] [37/456] VSWA
[03:17:43] 🔄 Identity reset
[03:17:43] 🔄 Identity rotated (every 10 requests)
[03:17:43] [38/456] IPRS
[03:17:45] [39/456] BKMV
[03:17:46] [40/456] PVYH
[03:17:46] [41/456] INKM
[03:17:47] [42/456] ARJU
[03:17:48] [43/456] JJPP
[03:17:50] [44/456] SSRM
[03:17:51] [45/456] HMHD
[03:17:52] [46/456] SNKH
[03:17:53] [47/456] ACHI
[03:17:53] 🔄 Identity reset
[03:17:53] 🔄 Identity rotated (every 10 requests)
[03:17:54] [48/456] MRAA
[03:17:55] [49/456] INMH
[03:17:56] [50/456] ARMH
[03:17:56] [51/456] DVRR
[03:17:58] [52/456] SUDA
[03:17:58] [53/456] MCSS
[03:17:59] [54/456] VRKC
[03:18:00] [55/456] PRCX
[03:18:02] [56/456] ASJY
[03:18:03] [57/456] MTHY
[03:18:04] 🔄 Identity reset
[03:18:04] 🔄 Identity rotated (every 10 requests)
[03:18:04] [58/456] SRCM
[03:18:06] [59/456] TVHY
[03:18:07] [60/456] STHD
[03:18:08] [61/456] CPCL
[03:18:09] [62/456] PSMJ
[03:18:10] [63/456] MRGT
[03:18:11] [64/456] ARYH
[03:18:12] [65/456] VTRB
[03:18:13] [66/456] SCHC
[03:18:14] [67/456] MRRG
[03:18:15] 🔄 Identity reset
[03:18:15] 🔄 Identity rotated (every 10 requests)
[03:18:15] [68/456] SPCB
[03:18:16] [69/456] AMCM
[03:18:17] [70/456] IVNM
[03:18:18] [71/456] TRHY
[03:18:19] [72/456] PTTH
[03:18:20] [73/456] RKMH
[03:18:21] [74/456] PRCS
[03:18:22] [75/456] VAJA
[03:18:23] [76/456] BJNG
[03:18:24] [77/456] SCVM
[03:18:25] 🔄 Identity reset
[03:18:25] 🔄 Identity rotated (every 10 requests)
[03:18:25] [78/456] GNHB
[03:18:26] [79/456] TLUR
[03:18:27] [80/456] UKCC
[03:18:28] [81/456] SRKR
[03:18:29] [82/456] RMKN
[03:18:30] [83/456] SLRT
[03:18:31] [84/456] LKMT
[03:18:32] [85/456] SSRJ
[03:18:33] [86/456] SPHT
[03:18:34] [87/456] ANTT
[03:18:34] 🔄 Identity reset
[03:18:34] 🔄 Identity rotated (every 10 requests)
[03:18:35] [88/456] SRCH
[03:18:36] [89/456] SRCA
[03:18:37] [90/456] ARTH
[03:18:38] [91/456] MCBH
[03:18:39] [92/456] SNIB
[03:18:40] [93/456] SART
[03:18:41] [94/456] SKTA
[03:18:42] [95/456] YAKT
[03:18:43] [96/456] MLCK
[03:18:44] [97/456] ANTS
[03:18:45] 🔄 Identity reset
[03:18:45] 🔄 Identity rotated (every 10 requests)
[03:18:45] [98/456] DGCA
[03:18:46] [99/456] SGMP
[03:18:47] [100/456] ASWN
[03:18:48] [101/456] KFVU
[03:18:49] [102/456] POOR
[03:18:50] [103/456] GKDN
[03:18:51] [104/456] EOSE
[03:18:52] [105/456] GTTT
[03:18:53] [106/456] ARRO
[03:18:54] [107/456] CMMK
[03:18:55] 🔄 Identity reset
[03:18:55] 🔄 Identity rotated (every 10 requests)
[03:18:55] 🔄 Retry 1/5 for CMMK in 2.9s
[03:18:55] 🔄 Identity reset
[03:18:58] 🧠 New identity created
[03:18:58] [108/456] MSCN
[03:18:59] [109/456] GDKH
[03:19:00] [110/456] DLMT
[03:19:01] [111/456] PVMF
[03:19:03] [112/456] CPCK
[03:19:04] [113/456] VMHE
[03:19:04] [114/456] PVLC
[03:19:05] [115/456] PCVB
[03:19:06] [116/456] SNYK
[03:19:07] 🔄 Identity reset
[03:19:07] 🔄 Identity rotated (every 10 requests)
[03:19:07] [117/456] KTEK
[03:19:08] [118/456] PCNM
[03:19:09] [119/456] NTTR
[03:19:10] [120/456] CPSK
[03:19:11] [121/456] JMMA
[03:19:12] [122/456] GCFK
[03:19:12] [123/456] MYCA
[03:19:13] [124/456] KSNP
[03:19:14] [125/456] PMCE
[03:19:15] [126/456] SCKI
[03:19:16] 🔄 Identity reset
[03:19:16] 🔄 Identity rotated (every 10 requests)
[03:19:17] [127/456] FSMA
[03:19:18] [128/456] CETA
[03:19:19] [129/456] MCIK
[03:19:20] [130/456] MYCR
[03:19:21] [131/456] EVMP
[03:19:22] [132/456] SSGT
[03:19:24] [133/456] KCTK
[03:19:25] [134/456] ZTKC
[03:19:26] [135/456] MMTA
[03:19:27] [136/456] MAJT
[03:19:27] 🔄 Identity reset
[03:19:27] 🔄 Identity rotated (every 10 requests)
[03:19:28] [137/456] ACPK
[03:19:29] [138/456] JMAX
[03:19:29] [139/456] SETK
[03:19:30] [140/456] CAIS
[03:19:31] [141/456] AGCD
[03:19:32] [142/456] URCL
[03:19:33] [143/456] VTDS
[03:19:35] [144/456] JCNM
[03:19:36] [145/456] KCAM
[03:19:37] [146/456] ADCU
[03:19:38] 🔄 Identity reset
[03:19:38] 🔄 Identity rotated (every 10 requests)
[03:19:38] [147/456] GXYN
[03:19:39] [148/456] SMJG
[03:19:40] [149/456] EYCJ
[03:19:41] [150/456] CCEJ
[03:19:42] [151/456] MARS
[03:19:43] [152/456] CPVJ
[03:19:43] [153/456] INVP
[03:19:44] [154/456] CPOV
[03:19:45] [155/456] VIJK
[03:19:46] [156/456] LAIM
[03:19:47] 🔄 Identity reset
[03:19:47] 🔄 Identity rotated (every 10 requests)
[03:19:47] [157/456] STHV
[03:19:48] [158/456] SVLJ
[03:19:49] [159/456] ATVJ
[03:19:50] [160/456] JTSC
[03:19:51] [161/456] RMTV
[03:19:52] [162/456] MGGG
[03:19:53] [163/456] SWTH
[03:19:54] [164/456] INVJ
[03:19:55] [165/456] PRSV
[03:19:56] [166/456] JATV
[03:19:57] 🔄 Identity reset
[03:19:57] 🔄 Identity rotated (every 10 requests)
[03:19:57] [167/456] RCVD
[03:19:58] [168/456] BDMA
[03:19:59] [169/456] BLJI
[03:20:00] [170/456] SWOT
[03:20:01] [171/456] SWRN
[03:20:01] [172/456] TVRA
[03:20:02] [173/456] NVRN
[03:20:03] [174/456] SIKC
[03:20:05] [175/456] VAKR
[03:20:06] [176/456] SYLN
[03:20:07] 🔄 Identity reset
[03:20:07] 🔄 Identity rotated (every 10 requests)
[03:20:07] [177/456] KLJL
[03:20:08] [178/456] LKMY
[03:20:09] [179/456] VSLY
[03:20:10] [180/456] CIKO
[03:20:11] [181/456] GPBG
[03:20:12] [182/456] CECM
[03:20:13] [183/456] SLKB
[03:20:13] [184/456] MTBO
[03:20:14] [185/456] SSHB
[03:20:15] [186/456] VPCS
[03:20:16] 🔄 Identity reset
[03:20:16] 🔄 Identity rotated (every 10 requests)
[03:20:17] [187/456] RCSR
[03:20:18] [188/456] RJRM
[03:20:18] [189/456] KPPB
[03:20:19] [190/456] SEDC
[03:20:20] [191/456] SCAI
[03:20:22] [192/456] RMTR
[03:20:23] [193/456] ASST
[03:20:24] [194/456] GCAK
[03:20:25] [195/456] ANNK
[03:20:26] [196/456] KDDF
[03:20:26] 🔄 Identity reset
[03:20:26] 🔄 Identity rotated (every 10 requests)
[03:20:27] [197/456] NRDP
[03:20:27] [198/456] PLAK
[03:20:28] [199/456] GCMC
[03:20:29] [200/456] ALPY
[03:20:30] [201/456] SICE
[03:20:31] [202/456] SISR
[03:20:33] [203/456] SRPZ
[03:20:34] [204/456] SRSW
[03:20:35] [205/456] SUYA
[03:20:36] [206/456] AMMT
[03:20:37] 🔄 Identity reset
[03:20:37] 🔄 Identity rotated (every 10 requests)
[03:20:37] [207/456] BHCU
[03:20:38] [208/456] KLPA
[03:20:39] [209/456] NVKH
[03:20:40] [210/456] JMRC
[03:20:41] [211/456] KTTT
[03:20:42] [212/456] MAGH
[03:20:43] [213/456] MMMX
[03:20:44] [214/456] SALJ
[03:20:45] [215/456] GTJA
[03:20:46] [216/456] MAHT
[03:20:46] 🔄 Identity reset
[03:20:46] 🔄 Identity rotated (every 10 requests)
[03:20:47] [217/456] SSNN
[03:20:48] [218/456] ARRP
[03:20:49] [219/456] ATNS
[03:20:50] [220/456] SKDT
[03:20:51] [221/456] ACAT
[03:20:51] [222/456] APRC
[03:20:53] [223/456] SWAG
[03:20:54] [224/456] SDPT
[03:20:55] [225/456] STPS
[03:20:56] [226/456] WWCZ
[03:20:57] 🔄 Identity reset
[03:20:57] 🔄 Identity rotated (every 10 requests)
[03:20:57] [227/456] LLCH
[03:20:58] [228/456] MZHA
[03:20:59] [229/456] CRJG
[03:21:00] [230/456] JGTK
[03:21:01] [231/456] KCSR
[03:21:02] [232/456] CHTL
[03:21:03] [233/456] EDSR
[03:21:04] [234/456] CSWO
[03:21:05] [235/456] CPVM
[03:21:05] [236/456] MXBY
[03:21:06] 🔄 Identity reset
[03:21:06] 🔄 Identity rotated (every 10 requests)
[03:21:07] [237/456] FMMA
[03:21:08] [238/456] POVI
[03:21:09] [239/456] MTHB
[03:21:10] [240/456] INRC
[03:21:11] [241/456] PIPP
[03:21:12] [242/456] BMXC
[03:21:13] [243/456] PCMM
[03:21:14] [244/456] PMKM
[03:21:15] [245/456] GATY
[03:21:16] [246/456] IMCM
[03:21:17] 🔄 Identity reset
[03:21:17] 🔄 Identity rotated (every 10 requests)
[03:21:17] [247/456] POPE
[03:21:18] [248/456] MTCR
[03:21:19] [249/456] PVAE
[03:21:20] [250/456] PVMI
[03:21:21] [251/456] CPNM
[03:21:22] [252/456] FMRL
[03:21:23] [253/456] MCIW
[03:21:24] [254/456] MXBO
[03:21:26] [255/456] FMKY
[03:21:27] [256/456] FMDA
[03:21:27] 🔄 Identity reset
[03:21:27] 🔄 Identity rotated (every 10 requests)
[03:21:28] [257/456] THAB
[03:21:29] [258/456] PRCW
[03:21:29] [259/456] PITI
[03:21:30] [260/456] MCFF
[03:21:31] [261/456] PDDV
[03:21:32] [262/456] MCRM
[03:21:33] [263/456] KKMB
[03:21:34] [264/456] INKO
[03:21:36] [265/456] PLXP
[03:21:37] [266/456] MMHA
[03:21:37] 🔄 Identity reset
[03:21:37] 🔄 Identity rotated (every 10 requests)
[03:21:38] [267/456] FMVS
[03:21:39] [268/456] POLM
[03:21:39] [269/456] STER
[03:21:40] [270/456] PVWJ
[03:21:41] [271/456] IMJW
[03:21:42] [272/456] FNAN
[03:21:43] [273/456] CAGL
[03:21:44] [274/456] IPBG
[03:21:46] [275/456] SMFV
[03:21:47] [276/456] MMMR
[03:21:47] 🔄 Identity reset
[03:21:47] 🔄 Identity rotated (every 10 requests)
[03:21:48] [277/456] MMWM
[03:21:49] [278/456] FNCM
[03:21:51] [279/456] MDVA
[03:21:52] [280/456] MMET
[03:21:54] [281/456] MIDO
[03:21:55] [282/456] INNP
[03:21:56] [283/456] MIFU
[03:21:56] [284/456] MMSZ
[03:21:57] [285/456] BMXA
[03:21:58] [286/456] MCAA
[03:21:59] 🔄 Identity reset
[03:21:59] 🔄 Identity rotated (every 10 requests)
[03:22:00] [287/456] SCVP
[03:22:00] [288/456] PLUS
[03:22:02] [289/456] MUCK
[03:22:03] [290/456] MTMA
[03:22:04] [291/456] HPVR
[03:22:05] [292/456] PMPK
[03:22:06] [293/456] MAJB
[03:22:07] [294/456] CTRR
[03:22:08] [295/456] MCTG
[03:22:09] [296/456] MACE
[03:22:10] 🔄 Identity reset
[03:22:10] 🔄 Identity rotated (every 10 requests)
[03:22:10] [297/456] AAAS
[03:22:12] [298/456] CPVV
[03:22:14] [299/456] RCHG
[03:22:15] [300/456] MCNE
[03:22:16] [301/456] EMNC
[03:22:17] [302/456] MCAN
[03:22:18] [303/456] TCDM
[03:22:19] [304/456] IRGT
[03:22:20] [305/456] GCMG
[03:22:21] [306/456] MXSN
[03:22:22] 🔄 Identity reset
[03:22:22] 🔄 Identity rotated (every 10 requests)
[03:22:22] 🔄 Retry 1/5 for MXSN in 2.1s
[03:22:22] 🔄 Identity reset
[03:22:24] 🧠 New identity created
[03:22:24] [307/456] MXCK
[03:22:25] [308/456] MCRC
[03:22:26] [309/456] RSMI
[03:22:27] [310/456] WAML
[03:22:28] [311/456] MTSC
[03:22:29] [312/456] FMDR
[03:22:30] [313/456] LEPV
[03:22:31] [314/456] MTGD
[03:22:32] [315/456] IMOB
[03:22:32] 🔄 Identity reset
[03:22:32] 🔄 Identity rotated (every 10 requests)
[03:22:33] [316/456] CLMM
[03:22:34] [317/456] PZCD
[03:22:34] [318/456] GOCS
[03:22:35] [319/456] KCMA
[03:22:36] [320/456] CCMP
[03:22:37] [321/456] MTSU
[03:22:38] [322/456] SNGL
[03:22:39] [323/456] MMMC
[03:22:40] [324/456] MMAA
[03:22:41] [325/456] GCDM
[03:22:41] 🔄 Identity reset
[03:22:41] 🔄 Identity rotated (every 10 requests)
[03:22:41] 🔄 Retry 1/5 for GCDM in 2.5s
[03:22:41] 🔄 Identity reset
[03:22:44] 🧠 New identity created
[03:22:44] [326/456] KTMV
[03:22:45] [327/456] AETE
[03:22:46] [328/456] OMCS
[03:22:47] [329/456] GDCD
[03:22:48] [330/456] NYMD
[03:22:49] [331/456] RNCV
[03:22:50] [332/456] KKMT
[03:22:51] [333/456] GDTH
[03:22:52] [334/456] KMMV
[03:22:53] 🔄 Identity reset
[03:22:53] 🔄 Identity rotated (every 10 requests)
[03:22:53] [335/456] NHCG
[03:22:54] [336/456] PJDW
[03:22:55] [337/456] MMCV
[03:22:57] [338/456] FQSA
[03:22:57] [339/456] KURL
[03:22:58] [340/456] NNNX
[03:22:59] [341/456] AMAU
[03:23:01] [342/456] VVVM
[03:23:02] [343/456] VECU
[03:23:03] [344/456] WCVR
[03:23:04] 🔄 Identity reset
[03:23:04] 🔄 Identity rotated (every 10 requests)
[03:23:04] [345/456] MTGG
[03:23:05] [346/456] SGTG
[03:23:06] [347/456] MNTG
[03:23:07] [348/456] JDDG
[03:23:07] [349/456] MBTK
[03:23:08] [350/456] SGCD
[03:23:09] [351/456] MCTC
[03:23:10] [352/456] JTPC
[03:23:11] [353/456] SDKT
[03:23:12] [354/456] KRCC
[03:23:13] 🔄 Identity reset
[03:23:13] 🔄 Identity rotated (every 10 requests)
[03:23:13] [355/456] RMMD
[03:23:14] [356/456] AAME
[03:23:15] [357/456] TMWC
[03:23:16] [358/456] NRWY
[03:23:17] [359/456] CITD
[03:23:18] [360/456] VERD
[03:23:19] [361/456] MKSK
[03:23:21] [362/456] STSM
[03:23:22] [363/456] MJDG
[03:23:23] [364/456] RKPM
[03:23:24] 🔄 Identity reset
[03:23:24] 🔄 Identity rotated (every 10 requests)
[03:23:24] [365/456] SSCE
[03:23:25] [366/456] VMAE
[03:23:27] [367/456] SBRU
[03:23:28] [368/456] AMBC
[03:23:28] [369/456] AMLU
[03:23:29] [370/456] INVZ
[03:23:30] [371/456] LGTV
[03:23:31] [372/456] SVAD
[03:23:32] [373/456] SMSA
[03:23:33] [374/456] SPCZ
[03:23:34] 🔄 Identity reset
[03:23:34] 🔄 Identity rotated (every 10 requests)
[03:23:34] [375/456] GTCX
[03:23:35] [376/456] SCSL
[03:23:37] [377/456] SAHU
[03:23:38] [378/456] NCDA
[03:23:39] [379/456] SCCG
[03:23:40] [380/456] VKTL
[03:23:41] [381/456] PUUJ
[03:23:42] [382/456] STEJ
[03:23:43] [383/456] RJAL
[03:23:44] [384/456] ACJC
[03:23:45] 🔄 Identity reset
[03:23:45] 🔄 Identity rotated (every 10 requests)
[03:23:45] [385/456] ARVB
[03:23:46] [386/456] AUBB
[03:23:47] [387/456] GDBR
[03:23:48] [388/456] PVND
[03:23:49] [389/456] BGRJ
[03:23:50] [390/456] RJMM
[03:23:50] [391/456] MCSA
[03:23:51] [392/456] BODA
[03:23:52] [393/456] JAGG
[03:23:53] [394/456] SCGA
[03:23:54] 🔄 Identity reset
[03:23:54] 🔄 Identity rotated (every 10 requests)
[03:23:54] [395/456] LRCM
[03:23:55] [396/456] CPCN
[03:23:56] [397/456] SSTF
[03:23:57] [398/456] SRXP
[03:23:58] [399/456] CNFX
[03:23:59] [400/456] ANDI
[03:24:00] [401/456] SYEW
[03:24:01] [402/456] RCRE
[03:24:02] [403/456] SCRW
[03:24:03] [404/456] MBKR
[03:24:04] 🔄 Identity reset
[03:24:04] 🔄 Identity rotated (every 10 requests)
[03:24:04] 🔄 Retry 1/5 for MBKR in 2.3s
[03:24:04] 🔄 Identity reset
[03:24:06] 🧠 New identity created
[03:24:07] 🔄 Retry 2/5 for MBKR in 4.5s
[03:24:07] 🔄 Identity reset
[03:24:11] 🧠 New identity created
[03:24:11] [405/456] ASNT
[03:24:12] [406/456] JTMT
[03:24:13] [407/456] SHAY
[03:24:14] [408/456] VRTH
[03:24:15] [409/456] SPTI
[03:24:17] [410/456] DPTD
[03:24:18] [411/456] TGSN
[03:24:19] [412/456] RCWV
[03:24:19] 🔄 Identity reset
[03:24:19] 🔄 Identity rotated (every 10 requests)
[03:24:20] [413/456] OCUR
[03:24:21] [414/456] KSTC
[03:24:22] [415/456] SANI
[03:24:23] [416/456] MLCA
[03:24:24] [417/456] EGCA
[03:24:25] [418/456] SYSN
[03:24:26] [419/456] PKTA
[03:24:27] [420/456] PRCC
[03:24:28] [421/456] KSTR
[03:24:29] [422/456] SNTP
[03:24:29] 🔄 Identity reset
[03:24:29] 🔄 Identity rotated (every 10 requests)
[03:24:30] [423/456] RCHA
[03:24:31] [424/456] SEEA
[03:24:32] [425/456] ALAT
[03:24:33] [426/456] AATV
[03:24:34] [427/456] RJTE
[03:24:35] [428/456] AAPP
[03:24:36] [429/456] PMMH
[03:24:37] [430/456] INRJ
[03:24:38] [431/456] SARB
[03:24:39] [432/456] PCJL
[03:24:40] 🔄 Identity reset
[03:24:40] 🔄 Identity rotated (every 10 requests)
[03:24:41] [433/456] PFJJ
[03:24:42] [434/456] GRDC
[03:24:42] [435/456] BCBA
[03:24:44] [436/456] VIXL
[03:24:45] [437/456] CSTL
[03:24:46] [438/456] MTDK
[03:24:47] [439/456] TDAC
[03:24:49] [440/456] GTDN
[03:24:50] [441/456] TTDE
[03:24:52] [442/456] ASTS
[03:24:53] 🔄 Identity reset
[03:24:53] 🔄 Identity rotated (every 10 requests)
[03:24:53] [443/456] CPNS
[03:24:54] [444/456] PVVW
[03:24:55] [445/456] USEB
[03:24:56] [446/456] DTYN
[03:24:57] [447/456] PVLE
[03:24:58] [448/456] CIPS
[03:24:59] [449/456] PAEG
[03:24:59] [450/456] PTCW
[03:25:00] [451/456] G3SR
[03:25:02] [452/456] PGND
[03:25:03] 🔄 Identity reset
[03:25:03] 🔄 Identity rotated (every 10 requests)
[03:25:03] [453/456] INVM
[03:25:04] [454/456] SPIA
[03:25:05] [455/456] PCSN
[03:25:06] [456/456] PPGV
[03:25:07] ✅ DONE | Shows=0 | Movies=0
[04:16:01] 🚀 BMS DAILY TRACKER STARTED (enhanced anti‑detection)
[04:16:01] [1/456] FNDB
[04:16:02] 🧠 New identity created
[04:16:02] 🔄 Retry 1/5 for FNDB in 2.0s
[04:16:02] 🔄 Identity reset
[04:16:04] 🧠 New identity created
[04:16:04] [2/456] AMBH
[04:16:05] [3/456] PRHN
[04:16:07] [4/456] ACPM
[04:16:08] [5/456] PVFS
[04:16:08] [6/456] AACN
[04:16:09] [7/456] ACAS
[04:16:11] [8/456] CTNR
[04:16:12] [9/456] MMAH
[04:16:12] 🔄 Identity reset
[04:16:12] 🔄 Identity rotated (every 10 requests)
[04:16:13] [10/456] CPMH
[04:16:14] [11/456] IGMH
[04:16:15] [12/456] ABCS
[04:16:16] [13/456] CMMA
[04:16:18] [14/456] GPRH
[04:16:19] [15/456] PNNG
[04:16:20] [16/456] AMCA
[04:16:21] [17/456] ISTN
[04:16:22] [18/456] PIIC
[04:16:23] [19/456] AHMH
[04:16:24] 🔄 Identity reset
[04:16:24] 🔄 Identity rotated (every 10 requests)
[04:16:24] [20/456] ASHN
[04:16:25] [21/456] INHY
[04:16:26] [22/456] SRMO
[04:16:27] [23/456] PIMH
[04:16:28] [24/456] PVTS
[04:16:28] [25/456] MMCA
[04:16:29] [26/456] AKYJ
[04:16:31] [27/456] BRKH
[04:16:31] [28/456] MAHM
[04:16:33] [29/456] CPHY
[04:16:34] 🔄 Identity reset
[04:16:34] 🔄 Identity rotated (every 10 requests)
[04:16:34] 🔄 Retry 1/5 for CPHY in 2.6s
[04:16:34] 🔄 Identity reset
[04:16:36] 🧠 New identity created
[04:16:38] [30/456] PVTP
[04:16:38] [31/456] SMMR
[04:16:39] [32/456] PVHM
[04:16:40] [33/456] SNDY
[04:16:40] [34/456] GOKU
[04:16:41] [35/456] ACEV
[04:16:42] [36/456] PVUM
[04:16:42] [37/456] VSWA
[04:16:43] [38/456] IPRS
[04:16:44] 🔄 Identity reset
[04:16:44] 🔄 Identity rotated (every 10 requests)
[04:16:44] [39/456] BKMV
[04:16:45] [40/456] PVYH
[04:16:46] [41/456] INKM
[04:16:47] [42/456] ARJU
[04:16:48] [43/456] JJPP
[04:16:48] [44/456] SSRM
[04:16:49] [45/456] HMHD
[04:16:50] [46/456] SNKH
[04:16:51] [47/456] ACHI
[04:16:52] [48/456] MRAA
[04:16:53] 🔄 Identity reset
[04:16:53] 🔄 Identity rotated (every 10 requests)
[04:16:54] [49/456] INMH
[04:16:55] [50/456] ARMH
[04:16:56] [51/456] DVRR
[04:16:57] [52/456] SUDA
[04:16:57] [53/456] MCSS
[04:16:58] [54/456] VRKC
[04:16:59] [55/456] PRCX
[04:17:00] [56/456] ASJY
[04:17:01] [57/456] MTHY
[04:17:02] [58/456] SRCM
[04:17:03] 🔄 Identity reset
[04:17:03] 🔄 Identity rotated (every 10 requests)
[04:17:03] [59/456] TVHY
[04:17:03] [60/456] STHD
[04:17:04] [61/456] CPCL
[04:17:05] [62/456] PSMJ
[04:17:05] [63/456] MRGT
[04:17:06] [64/456] ARYH
[04:17:08] [65/456] VTRB
[04:17:09] [66/456] SCHC
[04:17:09] [67/456] MRRG
[04:17:11] [68/456] SPCB
[04:17:12] 🔄 Identity reset
[04:17:12] 🔄 Identity rotated (every 10 requests)
[04:17:12] [69/456] AMCM
[04:17:13] [70/456] IVNM
[04:17:14] [71/456] TRHY
[04:17:14] [72/456] PTTH
[04:17:15] [73/456] RKMH
[04:17:15] [74/456] PRCS
[04:17:16] [75/456] VAJA
[04:17:16] [76/456] BJNG
[04:17:18] [77/456] SCVM
[04:17:19] [78/456] GNHB
[04:17:19] 🔄 Identity reset
[04:17:19] 🔄 Identity rotated (every 10 requests)
[04:17:19] 🔄 Retry 1/5 for GNHB in 2.2s
[04:17:19] 🔄 Identity reset
[04:17:22] 🧠 New identity created
[04:17:22] [79/456] TLUR
[04:17:23] [80/456] UKCC
[04:17:24] [81/456] SRKR
[04:17:24] [82/456] RMKN
[04:17:25] [83/456] SLRT
[04:17:26] [84/456] LKMT
[04:17:27] [85/456] SSRJ
[04:17:27] [86/456] SPHT
[04:17:28] [87/456] ANTT
[04:17:29] 🔄 Identity reset
[04:17:29] 🔄 Identity rotated (every 10 requests)
[04:17:29] [88/456] SRCH
[04:17:30] [89/456] SRCA
[04:17:30] [90/456] ARTH
[04:17:31] [91/456] MCBH
[04:17:32] [92/456] SNIB
[04:17:33] [93/456] SART
[04:17:33] [94/456] SKTA
[04:17:34] [95/456] YAKT
[04:17:35] [96/456] MLCK
[04:17:36] [97/456] ANTS
[04:17:36] 🔄 Identity reset
[04:17:36] 🔄 Identity rotated (every 10 requests)
[04:17:37] [98/456] DGCA
[04:17:38] [99/456] SGMP
[04:17:38] [100/456] ASWN
[04:17:39] [101/456] KFVU
[04:17:40] [102/456] POOR
[04:17:41] [103/456] GKDN
[04:17:43] [104/456] EOSE
[04:17:44] [105/456] GTTT
[04:17:45] [106/456] ARRO
[04:17:46] [107/456] CMMK
[04:17:46] 🔄 Identity reset
[04:17:46] 🔄 Identity rotated (every 10 requests)
[04:17:47] [108/456] MSCN
[04:17:48] [109/456] GDKH
[04:17:48] [110/456] DLMT
[04:17:50] [111/456] PVMF
[04:17:51] [112/456] CPCK
[04:17:52] [113/456] VMHE
[04:17:52] [114/456] PVLC
[04:17:53] [115/456] PCVB
[04:17:54] [116/456] SNYK
[04:17:55] [117/456] KTEK
[04:17:56] 🔄 Identity reset
[04:17:56] 🔄 Identity rotated (every 10 requests)
[04:17:56] 🔄 Retry 1/5 for KTEK in 2.5s
[04:17:56] 🔄 Identity reset
[04:17:58] 🧠 New identity created
[04:17:58] 🔄 Retry 2/5 for KTEK in 4.2s
[04:17:58] 🔄 Identity reset
[04:18:03] 🧠 New identity created
[04:18:03] 🔄 Retry 3/5 for KTEK in 9.0s
[04:18:03] 🔄 Identity reset
[04:18:12] 🧠 New identity created
[04:18:12] [118/456] PCNM
[04:18:14] [119/456] NTTR
[04:18:15] [120/456] CPSK
[04:18:16] [121/456] JMMA
[04:18:16] [122/456] GCFK
[04:18:17] [123/456] MYCA
[04:18:18] [124/456] KSNP
[04:18:19] 🔄 Identity reset
[04:18:19] 🔄 Identity rotated (every 10 requests)
[04:18:19] [125/456] PMCE
[04:18:20] [126/456] SCKI
[04:18:21] [127/456] FSMA
[04:18:22] [128/456] CETA
[04:18:23] [129/456] MCIK
[04:18:24] [130/456] MYCR
[04:18:25] [131/456] EVMP
[04:18:26] [132/456] SSGT
[04:18:27] [133/456] KCTK
[04:18:28] [134/456] ZTKC
[04:18:28] 🔄 Identity reset
[04:18:28] 🔄 Identity rotated (every 10 requests)
[04:18:28] [135/456] MMTA
[04:18:30] [136/456] MAJT
[04:18:31] [137/456] ACPK
[04:18:32] [138/456] JMAX
[04:18:33] [139/456] SETK
[04:18:34] [140/456] CAIS
[04:18:35] [141/456] AGCD
[04:18:36] [142/456] URCL
[04:18:36] [143/456] VTDS
[04:18:37] [144/456] JCNM
[04:18:37] 🔄 Identity reset
[04:18:37] 🔄 Identity rotated (every 10 requests)
[04:18:38] [145/456] KCAM
[04:18:38] [146/456] ADCU
[04:18:40] [147/456] GXYN
[04:18:41] [148/456] SMJG
[04:18:42] [149/456] EYCJ
[04:18:43] [150/456] CCEJ
[04:18:44] [151/456] MARS
[04:18:45] [152/456] CPVJ
[04:18:46] [153/456] INVP
[04:18:47] [154/456] CPOV
[04:18:48] 🔄 Identity reset
[04:18:48] 🔄 Identity rotated (every 10 requests)
[04:18:48] [155/456] VIJK
[04:18:49] [156/456] LAIM
[04:18:51] [157/456] STHV
[04:18:51] [158/456] SVLJ
[04:18:52] [159/456] ATVJ
[04:18:53] [160/456] JTSC
[04:18:54] [161/456] RMTV
[04:18:55] [162/456] MGGG
[04:18:57] [163/456] SWTH
[04:18:57] [164/456] INVJ
[04:18:58] 🔄 Identity reset
[04:18:58] 🔄 Identity rotated (every 10 requests)
[04:18:58] 🔄 Retry 1/5 for INVJ in 2.0s
[04:18:58] 🔄 Identity reset
[04:19:00] 🧠 New identity created
[04:19:00] [165/456] PRSV
[04:19:01] [166/456] JATV
[04:19:02] [167/456] RCVD
[04:19:04] [168/456] BDMA
[04:19:05] [169/456] BLJI
[04:19:06] [170/456] SWOT
[04:19:07] [171/456] SWRN
[04:19:07] [172/456] TVRA
[04:19:08] [173/456] NVRN
[04:19:09] 🔄 Identity reset
[04:19:09] 🔄 Identity rotated (every 10 requests)
[04:19:09] 🔄 Retry 1/5 for NVRN in 2.2s
[04:19:09] 🔄 Identity reset
[04:19:11] 🧠 New identity created
[04:19:11] [174/456] SIKC
[04:19:12] [175/456] VAKR
[04:19:13] [176/456] SYLN
[04:19:14] [177/456] KLJL
[04:19:15] [178/456] LKMY
[04:19:16] [179/456] VSLY
[04:19:17] [180/456] CIKO
[04:19:17] [181/456] GPBG
[04:19:18] [182/456] CECM
[04:19:19] 🔄 Identity reset
[04:19:19] 🔄 Identity rotated (every 10 requests)
[04:19:20] [183/456] SLKB
[04:19:20] [184/456] MTBO
[04:19:21] [185/456] SSHB
[04:19:22] [186/456] VPCS
[04:19:23] [187/456] RCSR
[04:19:25] [188/456] RJRM
[04:19:25] [189/456] KPPB
[04:19:26] [190/456] SEDC
[04:19:27] [191/456] SCAI
[04:19:28] [192/456] RMTR
[04:19:29] 🔄 Identity reset
[04:19:29] 🔄 Identity rotated (every 10 requests)
[04:19:29] [193/456] ASST
[04:19:31] [194/456] GCAK
[04:19:32] [195/456] ANNK
[04:19:33] [196/456] KDDF
[04:19:34] [197/456] NRDP
[04:19:35] [198/456] PLAK
[04:19:35] [199/456] GCMC
[04:19:36] [200/456] ALPY
[04:19:37] [201/456] SICE
[04:19:38] [202/456] SISR
[04:19:39] 🔄 Identity reset
[04:19:39] 🔄 Identity rotated (every 10 requests)
[04:19:39] [203/456] SRPZ
[04:19:40] [204/456] SRSW
[04:19:41] [205/456] SUYA
[04:19:43] [206/456] AMMT
[04:19:44] [207/456] BHCU
[04:19:45] [208/456] KLPA
[04:19:46] [209/456] NVKH
[04:19:47] [210/456] JMRC
[04:19:48] [211/456] KTTT
[04:19:50] [212/456] MAGH
[04:19:50] 🔄 Identity reset
[04:19:50] 🔄 Identity rotated (every 10 requests)
[04:19:50] [213/456] MMMX
[04:19:51] [214/456] SALJ
[04:19:52] [215/456] GTJA
[04:19:53] [216/456] MAHT
[04:19:54] [217/456] SSNN
[04:19:55] [218/456] ARRP
[04:19:56] [219/456] ATNS
[04:19:57] [220/456] SKDT
[04:19:58] [221/456] ACAT
[04:19:59] [222/456] APRC
[04:19:59] 🔄 Identity reset
[04:19:59] 🔄 Identity rotated (every 10 requests)
[04:20:00] [223/456] SWAG
[04:20:00] [224/456] SDPT
[04:20:01] [225/456] STPS
[04:20:02] [226/456] WWCZ
[04:20:03] [227/456] LLCH
[04:20:04] [228/456] MZHA
[04:20:05] [229/456] CRJG
[04:20:06] [230/456] JGTK
[04:20:07] [231/456] KCSR
[04:20:08] [232/456] CHTL
[04:20:08] 🔄 Identity reset
[04:20:08] 🔄 Identity rotated (every 10 requests)
[04:20:08] 🔄 Retry 1/5 for CHTL in 3.0s
[04:20:08] 🔄 Identity reset
[04:20:11] 🧠 New identity created
[04:20:11] 🔄 Retry 2/5 for CHTL in 5.0s
[04:20:11] 🔄 Identity reset
[04:20:16] 🧠 New identity created
[04:20:17] [233/456] EDSR
[04:20:17] [234/456] CSWO
[04:20:18] [235/456] CPVM
[04:20:20] [236/456] MXBY
[04:20:21] [237/456] FMMA
[04:20:22] [238/456] POVI
[04:20:23] [239/456] MTHB
[04:20:24] [240/456] INRC
[04:20:25] 🔄 Identity reset
[04:20:25] 🔄 Identity rotated (every 10 requests)
[04:20:25] [241/456] PIPP
[04:20:27] [242/456] BMXC
[04:20:28] [243/456] PCMM
[04:20:29] [244/456] PMKM
[04:20:30] [245/456] GATY
[04:20:31] [246/456] IMCM
[04:20:32] [247/456] POPE
[04:20:33] [248/456] MTCR
[04:20:34] [249/456] PVAE
[04:20:35] [250/456] PVMI
[04:20:36] 🔄 Identity reset
[04:20:36] 🔄 Identity rotated (every 10 requests)
[04:20:36] [251/456] CPNM
[04:20:37] [252/456] FMRL
[04:20:38] [253/456] MCIW
[04:20:40] [254/456] MXBO
[04:20:41] [255/456] FMKY
[04:20:42] [256/456] FMDA
[04:20:42] [257/456] THAB
[04:20:43] [258/456] PRCW
[04:20:44] [259/456] PITI
[04:20:45] [260/456] MCFF
[04:20:46] 🔄 Identity reset
[04:20:46] 🔄 Identity rotated (every 10 requests)
[04:20:46] [261/456] PDDV
[04:20:47] [262/456] MCRM
[04:20:48] [263/456] KKMB
[04:20:50] [264/456] INKO
[04:20:51] [265/456] PLXP
[04:20:52] [266/456] MMHA
[04:20:53] [267/456] FMVS
[04:20:53] [268/456] POLM
[04:20:54] [269/456] STER
[04:20:55] [270/456] PVWJ
[04:20:56] 🔄 Identity reset
[04:20:56] 🔄 Identity rotated (every 10 requests)
[04:20:56] [271/456] IMJW
[04:20:58] [272/456] FNAN
[04:20:59] [273/456] CAGL
[04:21:00] [274/456] IPBG
[04:21:01] [275/456] SMFV
[04:21:02] [276/456] MMMR
[04:21:03] [277/456] MMWM
[04:21:04] [278/456] FNCM
[04:21:05] [279/456] MDVA
[04:21:06] [280/456] MMET
[04:21:06] 🔄 Identity reset
[04:21:06] 🔄 Identity rotated (every 10 requests)
[04:21:07] [281/456] MIDO
[04:21:08] [282/456] INNP
[04:21:09] [283/456] MIFU
[04:21:10] [284/456] MMSZ
[04:21:11] [285/456] BMXA
[04:21:12] [286/456] MCAA
[04:21:13] [287/456] SCVP
[04:21:14] [288/456] PLUS
[04:21:15] [289/456] MUCK
[04:21:15] [290/456] MTMA
[04:21:16] 🔄 Identity reset
[04:21:16] 🔄 Identity rotated (every 10 requests)
[04:21:17] [291/456] HPVR
[04:21:19] [292/456] PMPK
[04:21:19] [293/456] MAJB
[04:21:20] [294/456] CTRR
[04:21:21] [295/456] MCTG
[04:21:22] [296/456] MACE
[04:21:23] [297/456] AAAS
[04:21:24] [298/456] CPVV
[04:21:25] [299/456] RCHG
[04:21:26] [300/456] MCNE
[04:21:27] 🔄 Identity reset
[04:21:27] 🔄 Identity rotated (every 10 requests)
[04:21:27] [301/456] EMNC
[04:21:28] [302/456] MCAN
[04:21:29] [303/456] TCDM
[04:21:30] [304/456] IRGT
[04:21:31] [305/456] GCMG
[04:21:32] [306/456] MXSN
[04:21:33] [307/456] MXCK
[04:21:34] [308/456] MCRC
[04:21:34] [309/456] RSMI
[04:21:35] [310/456] WAML
[04:21:36] 🔄 Identity reset
[04:21:36] 🔄 Identity rotated (every 10 requests)
[04:21:36] 🔄 Retry 1/5 for WAML in 2.6s
[04:21:36] 🔄 Identity reset
[04:21:39] 🧠 New identity created
[04:21:39] [311/456] MTSC
[04:21:41] [312/456] FMDR
[04:21:41] [313/456] LEPV
[04:21:42] [314/456] MTGD
[04:21:43] [315/456] IMOB
[04:21:44] [316/456] CLMM
[04:21:45] [317/456] PZCD
[04:21:46] [318/456] GOCS
[04:21:47] [319/456] KCMA
[04:21:48] 🔄 Identity reset
[04:21:48] 🔄 Identity rotated (every 10 requests)
[04:21:48] [320/456] CCMP
[04:21:49] [321/456] MTSU
[04:21:51] [322/456] SNGL
[04:21:51] [323/456] MMMC
[04:21:52] [324/456] MMAA
[04:21:53] [325/456] GCDM
[04:21:54] [326/456] KTMV
[04:21:55] [327/456] AETE
[04:21:56] [328/456] OMCS
[04:21:57] [329/456] GDCD
[04:21:58] 🔄 Identity reset
[04:21:58] 🔄 Identity rotated (every 10 requests)
[04:21:58] [330/456] NYMD
[04:21:59] [331/456] RNCV
[04:22:01] [332/456] KKMT
[04:22:01] [333/456] GDTH
[04:22:02] [334/456] KMMV
[04:22:03] [335/456] NHCG
[04:22:05] [336/456] PJDW
[04:22:06] [337/456] MMCV
[04:22:07] [338/456] FQSA
[04:22:08] [339/456] KURL
[04:22:08] 🔄 Identity reset
[04:22:08] 🔄 Identity rotated (every 10 requests)
[04:22:09] [340/456] NNNX
[04:22:10] [341/456] AMAU
[04:22:10] [342/456] VVVM
[04:22:11] [343/456] VECU
[04:22:12] [344/456] WCVR
[04:22:13] [345/456] MTGG
[04:22:14] [346/456] SGTG
[04:22:15] [347/456] MNTG
[04:22:16] [348/456] JDDG
[04:22:17] [349/456] MBTK
[04:22:17] 🔄 Identity reset
[04:22:17] 🔄 Identity rotated (every 10 requests)
[04:22:18] [350/456] SGCD
[04:22:19] [351/456] MCTC
[04:22:20] [352/456] JTPC
[04:22:21] [353/456] SDKT
[04:22:22] [354/456] KRCC
[04:22:23] [355/456] RMMD
[04:22:24] [356/456] AAME
[04:22:25] [357/456] TMWC
[04:22:26] [358/456] NRWY
[04:22:27] [359/456] CITD
[04:22:27] 🔄 Identity reset
[04:22:27] 🔄 Identity rotated (every 10 requests)
[04:22:28] [360/456] VERD
[04:22:29] [361/456] MKSK
[04:22:31] [362/456] STSM
[04:22:33] [363/456] MJDG
[04:22:34] [364/456] RKPM
[04:22:35] [365/456] SSCE
[04:22:36] [366/456] VMAE
[04:22:37] [367/456] SBRU
[04:22:38] [368/456] AMBC
[04:22:39] [369/456] AMLU
[04:22:40] 🔄 Identity reset
[04:22:40] 🔄 Identity rotated (every 10 requests)
[04:22:40] [370/456] INVZ
[04:22:41] [371/456] LGTV
[04:22:42] [372/456] SVAD
[04:22:44] [373/456] SMSA
[04:22:44] [374/456] SPCZ
[04:22:45] [375/456] GTCX
[04:22:46] [376/456] SCSL
[04:22:47] [377/456] SAHU
[04:22:48] [378/456] NCDA
[04:22:50] [379/456] SCCG
[04:22:50] 🔄 Identity reset
[04:22:50] 🔄 Identity rotated (every 10 requests)
[04:22:51] [380/456] VKTL
[04:22:52] [381/456] PUUJ
[04:22:53] [382/456] STEJ
[04:22:54] [383/456] RJAL
[04:22:55] [384/456] ACJC
[04:22:56] [385/456] ARVB
[04:22:58] [386/456] AUBB
[04:22:59] [387/456] GDBR
[04:23:00] [388/456] PVND
[04:23:00] [389/456] BGRJ
[04:23:01] 🔄 Identity reset
[04:23:01] 🔄 Identity rotated (every 10 requests)
[04:23:01] [390/456] RJMM
[04:23:03] [391/456] MCSA
[04:23:03] [392/456] BODA
[04:23:04] [393/456] JAGG
[04:23:05] [394/456] SCGA
[04:23:06] [395/456] LRCM
[04:23:07] [396/456] CPCN
[04:23:08] [397/456] SSTF
[04:23:09] [398/456] SRXP
[04:23:09] [399/456] CNFX
[04:23:10] 🔄 Identity reset
[04:23:10] 🔄 Identity rotated (every 10 requests)
[04:23:11] [400/456] ANDI
[04:23:12] [401/456] SYEW
[04:23:13] [402/456] RCRE
[04:23:14] [403/456] SCRW
[04:23:15] [404/456] MBKR
[04:23:16] [405/456] ASNT
[04:23:17] [406/456] JTMT
[04:23:18] [407/456] SHAY
[04:23:19] [408/456] VRTH
[04:23:20] [409/456] SPTI
[04:23:21] 🔄 Identity reset
[04:23:21] 🔄 Identity rotated (every 10 requests)
[04:23:21] [410/456] DPTD
[04:23:22] [411/456] TGSN
[04:23:23] [412/456] RCWV
[04:23:25] [413/456] OCUR
[04:23:26] [414/456] KSTC
[04:23:27] [415/456] SANI
[04:23:28] [416/456] MLCA
[04:23:29] [417/456] EGCA
[04:23:30] [418/456] SYSN
[04:23:31] [419/456] PKTA
[04:23:32] 🔄 Identity reset
[04:23:32] 🔄 Identity rotated (every 10 requests)
[04:23:32] [420/456] PRCC
[04:23:33] [421/456] KSTR
[04:23:34] [422/456] SNTP
[04:23:35] [423/456] RCHA
[04:23:36] [424/456] SEEA
[04:23:38] [425/456] ALAT
[04:23:39] [426/456] AATV
[04:23:40] [427/456] RJTE
[04:23:41] [428/456] AAPP
[04:23:42] [429/456] PMMH
[04:23:43] 🔄 Identity reset
[04:23:43] 🔄 Identity rotated (every 10 requests)
[04:23:43] [430/456] INRJ
[04:23:44] [431/456] SARB
[04:23:45] [432/456] PCJL
[04:23:46] [433/456] PFJJ
[04:23:47] [434/456] GRDC
[04:23:48] [435/456] BCBA
[04:23:49] [436/456] VIXL
[04:23:50] [437/456] CSTL
[04:23:52] [438/456] MTDK
[04:23:52] [439/456] TDAC
[04:23:53] 🔄 Identity reset
[04:23:53] 🔄 Identity rotated (every 10 requests)
[04:23:53] [440/456] GTDN
[04:23:54] [441/456] TTDE
[04:23:56] [442/456] ASTS
[04:23:57] [443/456] CPNS
[04:23:58] [444/456] PVVW
[04:23:59] [445/456] USEB
[04:24:00] [446/456] DTYN
[04:24:00] [447/456] PVLE
[04:24:02] [448/456] CIPS
[04:24:03] [449/456] PAEG
[04:24:04] 🔄 Identity reset
[04:24:04] 🔄 Identity rotated (every 10 requests)
[04:24:04] [450/456] PTCW
[04:24:06] [451/456] G3SR
[04:24:06] [452/456] PGND
[04:24:07] [453/456] INVM
[04:24:08] [454/456] SPIA
[04:24:09] [455/456] PCSN
[04:24:10] [456/456] PPGV
[04:24:11] ✅ DONE | Shows=10 | Movies=5
[05:12:56] 🚀 BMS DAILY TRACKER STARTED (enhanced anti‑detection)
[05:12:56] [1/456] FNDB
[05:12:56] 🧠 New identity created
[05:12:57] [2/456] AMBH
[05:12:57] [3/456] PRHN
[05:12:58] [4/456] ACPM
[05:12:59] [5/456] PVFS
[05:13:00] [6/456] AACN
[05:13:01] [7/456] ACAS
[05:13:02] [8/456] CTNR
[05:13:03] [9/456] MMAH
[05:13:04] [10/456] CPMH
[05:13:05] 🔄 Identity reset
[05:13:05] 🔄 Identity rotated (every 10 requests)
[05:13:05] [11/456] IGMH
[05:13:06] [12/456] ABCS
[05:13:07] [13/456] CMMA
[05:13:09] [14/456] GPRH
[05:13:10] [15/456] PNNG
[05:13:11] [16/456] AMCA
[05:13:12] [17/456] ISTN
[05:13:13] [18/456] PIIC
[05:13:14] [19/456] AHMH
[05:13:15] [20/456] ASHN
[05:13:16] 🔄 Identity reset
[05:13:16] 🔄 Identity rotated (every 10 requests)
[05:13:16] [21/456] INHY
[05:13:17] [22/456] SRMO
[05:13:18] [23/456] PIMH
[05:13:19] [24/456] PVTS
[05:13:20] [25/456] MMCA
[05:13:21] [26/456] AKYJ
[05:13:22] [27/456] BRKH
[05:13:23] [28/456] MAHM
[05:13:24] [29/456] CPHY
[05:13:25] [30/456] PVTP
[05:13:25] 🔄 Identity reset
[05:13:25] 🔄 Identity rotated (every 10 requests)
[05:13:26] [31/456] SMMR
[05:13:27] [32/456] PVHM
[05:13:28] [33/456] SNDY
[05:13:29] [34/456] GOKU
[05:13:30] [35/456] ACEV
[05:13:31] [36/456] PVUM
[05:13:31] [37/456] VSWA
[05:13:32] [38/456] IPRS
[05:13:33] [39/456] BKMV
[05:13:34] [40/456] PVYH
[05:13:35] 🔄 Identity reset
[05:13:35] 🔄 Identity rotated (every 10 requests)
[05:13:35] [41/456] INKM
[05:13:36] [42/456] ARJU
[05:13:37] [43/456] JJPP
[05:13:38] [44/456] SSRM
[05:13:39] [45/456] HMHD
[05:13:40] [46/456] SNKH
[05:13:40] [47/456] ACHI
[05:13:42] [48/456] MRAA
[05:13:43] [49/456] INMH
[05:13:44] [50/456] ARMH
[05:13:45] 🔄 Identity reset
[05:13:45] 🔄 Identity rotated (every 10 requests)
[05:13:45] [51/456] DVRR
[05:13:46] [52/456] SUDA
[05:13:47] [53/456] MCSS
[05:13:47] [54/456] VRKC
[05:13:48] [55/456] PRCX
[05:13:49] [56/456] ASJY
[05:13:50] [57/456] MTHY
[05:13:51] [58/456] SRCM
[05:13:52] [59/456] TVHY
[05:13:53] [60/456] STHD
[05:13:53] 🔄 Identity reset
[05:13:53] 🔄 Identity rotated (every 10 requests)
[05:13:54] [61/456] CPCL
[05:13:55] [62/456] PSMJ
[05:13:56] [63/456] MRGT
[05:13:57] [64/456] ARYH
[05:13:58] [65/456] VTRB
[05:14:00] [66/456] SCHC
[05:14:01] [67/456] MRRG
[05:14:02] [68/456] SPCB
[05:14:02] [69/456] AMCM
[05:14:03] [70/456] IVNM
[05:14:04] 🔄 Identity reset
[05:14:04] 🔄 Identity rotated (every 10 requests)
[05:14:04] [71/456] TRHY
[05:14:05] [72/456] PTTH
[05:14:06] [73/456] RKMH
[05:14:07] [74/456] PRCS
[05:14:08] [75/456] VAJA
[05:14:09] [76/456] BJNG
[05:14:10] [77/456] SCVM
[05:14:11] [78/456] GNHB
[05:14:12] [79/456] TLUR
[05:14:13] [80/456] UKCC
[05:14:13] 🔄 Identity reset
[05:14:13] 🔄 Identity rotated (every 10 requests)
[05:14:14] [81/456] SRKR
[05:14:15] [82/456] RMKN
[05:14:16] [83/456] SLRT
[05:14:17] [84/456] LKMT
[05:14:18] [85/456] SSRJ
[05:14:19] [86/456] SPHT
[05:14:20] [87/456] ANTT
[05:14:21] [88/456] SRCH
[05:14:22] [89/456] SRCA
[05:14:22] [90/456] ARTH
[05:14:23] 🔄 Identity reset
[05:14:23] 🔄 Identity rotated (every 10 requests)
[05:14:23] [91/456] MCBH
[05:14:25] [92/456] SNIB
[05:14:26] [93/456] SART
[05:14:26] [94/456] SKTA
[05:14:27] [95/456] YAKT
[05:14:28] [96/456] MLCK
[05:14:29] [97/456] ANTS
[05:14:30] [98/456] DGCA
[05:14:31] [99/456] SGMP
[05:14:33] [100/456] ASWN
[05:14:33] 🔄 Identity reset
[05:14:33] 🔄 Identity rotated (every 10 requests)
[05:14:33] 🔄 Retry 1/5 for ASWN in 2.4s
[05:14:33] 🔄 Identity reset
[05:14:36] 🧠 New identity created
[05:14:36] [101/456] KFVU
[05:14:38] [102/456] POOR
[05:14:39] [103/456] GKDN
[05:14:40] [104/456] EOSE
[05:14:40] [105/456] GTTT
[05:14:41] [106/456] ARRO
[05:14:42] [107/456] CMMK
[05:14:43] [108/456] MSCN
[05:14:44] [109/456] GDKH
[05:14:44] 🔄 Identity reset
[05:14:44] 🔄 Identity rotated (every 10 requests)
[05:14:45] [110/456] DLMT
[05:14:45] [111/456] PVMF
[05:14:46] [112/456] CPCK
[05:14:47] [113/456] VMHE
[05:14:49] [114/456] PVLC
[05:14:50] [115/456] PCVB
[05:14:51] [116/456] SNYK
[05:14:51] [117/456] KTEK
[05:14:52] [118/456] PCNM
[05:14:53] [119/456] NTTR
[05:14:54] 🔄 Identity reset
[05:14:54] 🔄 Identity rotated (every 10 requests)
[05:14:54] [120/456] CPSK
[05:14:55] [121/456] JMMA
[05:14:56] [122/456] GCFK
[05:14:57] [123/456] MYCA
[05:14:58] [124/456] KSNP
[05:14:59] [125/456] PMCE
[05:15:00] [126/456] SCKI
[05:15:01] [127/456] FSMA
[05:15:03] [128/456] CETA
[05:15:04] [129/456] MCIK
[05:15:04] 🔄 Identity reset
[05:15:04] 🔄 Identity rotated (every 10 requests)
[05:15:05] [130/456] MYCR
[05:15:06] [131/456] EVMP
[05:15:07] [132/456] SSGT
[05:15:08] [133/456] KCTK
[05:15:09] [134/456] ZTKC
[05:15:10] [135/456] MMTA
[05:15:10] [136/456] MAJT
[05:15:11] [137/456] ACPK
[05:15:12] [138/456] JMAX
[05:15:13] [139/456] SETK
[05:15:14] 🔄 Identity reset
[05:15:14] 🔄 Identity rotated (every 10 requests)
[05:15:14] [140/456] CAIS
[05:15:15] [141/456] AGCD
[05:15:16] [142/456] URCL
[05:15:17] [143/456] VTDS
[05:15:18] [144/456] JCNM
[05:15:19] [145/456] KCAM
[05:15:20] [146/456] ADCU
[05:15:21] [147/456] GXYN
[05:15:22] [148/456] SMJG
[05:15:23] [149/456] EYCJ
[05:15:24] 🔄 Identity reset
[05:15:24] 🔄 Identity rotated (every 10 requests)
[05:15:24] [150/456] CCEJ
[05:15:25] [151/456] MARS
[05:15:25] [152/456] CPVJ
[05:15:26] [153/456] INVP
[05:15:27] [154/456] CPOV
[05:15:28] [155/456] VIJK
[05:15:29] [156/456] LAIM
[05:15:29] [157/456] STHV
[05:15:30] [158/456] SVLJ
[05:15:31] [159/456] ATVJ
[05:15:32] 🔄 Identity reset
[05:15:32] 🔄 Identity rotated (every 10 requests)
[05:15:32] [160/456] JTSC
[05:15:33] [161/456] RMTV
[05:15:35] [162/456] MGGG
[05:15:36] [163/456] SWTH
[05:15:36] [164/456] INVJ
[05:15:37] [165/456] PRSV
[05:15:38] [166/456] JATV
[05:15:39] [167/456] RCVD
[05:15:40] [168/456] BDMA
[05:15:41] [169/456] BLJI
[05:15:42] 🔄 Identity reset
[05:15:42] 🔄 Identity rotated (every 10 requests)
[05:15:42] 🔄 Retry 1/5 for BLJI in 2.9s
[05:15:42] 🔄 Identity reset
[05:15:44] 🧠 New identity created
[05:15:45] 🔄 Retry 2/5 for BLJI in 4.9s
[05:15:45] 🔄 Identity reset
[05:15:49] 🧠 New identity created
[05:15:50] [170/456] SWOT
[05:15:51] [171/456] SWRN
[05:15:52] [172/456] TVRA
[05:15:53] [173/456] NVRN
[05:15:54] [174/456] SIKC
[05:15:55] [175/456] VAKR
[05:15:57] [176/456] SYLN
[05:15:57] [177/456] KLJL
[05:15:58] 🔄 Identity reset
[05:15:58] 🔄 Identity rotated (every 10 requests)
[05:15:59] [178/456] LKMY
[05:16:00] [179/456] VSLY
[05:16:01] [180/456] CIKO
[05:16:02] [181/456] GPBG
[05:16:03] [182/456] CECM
[05:16:03] [183/456] SLKB
[05:16:04] [184/456] MTBO
[05:16:05] [185/456] SSHB
[05:16:06] [186/456] VPCS
[05:16:07] [187/456] RCSR
[05:16:08] 🔄 Identity reset
[05:16:08] 🔄 Identity rotated (every 10 requests)
[05:16:08] 🔄 Retry 1/5 for RCSR in 2.1s
[05:16:08] 🔄 Identity reset
[05:16:10] 🧠 New identity created
[05:16:10] 🔄 Retry 2/5 for RCSR in 4.7s
[05:16:10] 🔄 Identity reset
[05:16:15] 🧠 New identity created
[05:16:15] [188/456] RJRM
[05:16:16] [189/456] KPPB
[05:16:17] [190/456] SEDC
[05:16:18] [191/456] SCAI
[05:16:18] [192/456] RMTR
[05:16:19] [193/456] ASST
[05:16:20] [194/456] GCAK
[05:16:21] [195/456] ANNK
[05:16:22] 🔄 Identity reset
[05:16:22] 🔄 Identity rotated (every 10 requests)
[05:16:23] [196/456] KDDF
[05:16:23] [197/456] NRDP
[05:16:25] [198/456] PLAK
[05:16:26] [199/456] GCMC
[05:16:27] [200/456] ALPY
[05:16:27] [201/456] SICE
[05:16:29] [202/456] SISR
[05:16:30] [203/456] SRPZ
[05:16:30] [204/456] SRSW
[05:16:31] [205/456] SUYA
[05:16:32] 🔄 Identity reset
[05:16:32] 🔄 Identity rotated (every 10 requests)
[05:16:32] [206/456] AMMT
[05:16:33] [207/456] BHCU
[05:16:34] [208/456] KLPA
[05:16:35] [209/456] NVKH
[05:16:35] [210/456] JMRC
[05:16:36] [211/456] KTTT
[05:16:37] [212/456] MAGH
[05:16:38] [213/456] MMMX
[05:16:39] [214/456] SALJ
[05:16:40] [215/456] GTJA
[05:16:41] 🔄 Identity reset
[05:16:41] 🔄 Identity rotated (every 10 requests)
[05:16:41] 🔄 Retry 1/5 for GTJA in 2.8s
[05:16:41] 🔄 Identity reset
[05:16:44] 🧠 New identity created
[05:16:44] [216/456] MAHT
[05:16:45] [217/456] SSNN
[05:16:46] [218/456] ARRP
[05:16:47] [219/456] ATNS
[05:16:48] [220/456] SKDT
[05:16:49] [221/456] ACAT
[05:16:50] [222/456] APRC
[05:16:51] [223/456] SWAG
[05:16:51] [224/456] SDPT
[05:16:52] 🔄 Identity reset
[05:16:52] 🔄 Identity rotated (every 10 requests)
[05:16:52] [225/456] STPS
[05:16:54] [226/456] WWCZ
[05:16:55] [227/456] LLCH
[05:16:56] [228/456] MZHA
[05:16:57] [229/456] CRJG
[05:16:57] [230/456] JGTK
[05:16:58] [231/456] KCSR
[05:16:59] [232/456] CHTL
[05:17:00] [233/456] EDSR
[05:17:01] [234/456] CSWO
[05:17:02] 🔄 Identity reset
[05:17:02] 🔄 Identity rotated (every 10 requests)
[05:17:02] [235/456] CPVM
[05:17:03] [236/456] MXBY
[05:17:04] [237/456] FMMA
[05:17:04] [238/456] POVI
[05:17:05] [239/456] MTHB
[05:17:06] [240/456] INRC
[05:17:07] [241/456] PIPP
[05:17:08] [242/456] BMXC
[05:17:09] [243/456] PCMM
[05:17:10] [244/456] PMKM
[05:17:10] 🔄 Identity reset
[05:17:10] 🔄 Identity rotated (every 10 requests)
[05:17:11] [245/456] GATY
[05:17:12] [246/456] IMCM
[05:17:13] [247/456] POPE
[05:17:14] [248/456] MTCR
[05:17:15] [249/456] PVAE
[05:17:16] [250/456] PVMI
[05:17:17] [251/456] CPNM
[05:17:18] [252/456] FMRL
[05:17:19] [253/456] MCIW
[05:17:20] [254/456] MXBO
[05:17:20] 🔄 Identity reset
[05:17:20] 🔄 Identity rotated (every 10 requests)
[05:17:21] [255/456] FMKY
[05:17:22] [256/456] FMDA
[05:17:22] [257/456] THAB
[05:17:23] [258/456] PRCW
[05:17:25] [259/456] PITI
[05:17:26] [260/456] MCFF
[05:17:26] [261/456] PDDV
[05:17:27] [262/456] MCRM
[05:17:28] [263/456] KKMB
[05:17:29] [264/456] INKO
[05:17:30] 🔄 Identity reset
[05:17:30] 🔄 Identity rotated (every 10 requests)
[05:17:30] [265/456] PLXP
[05:17:32] [266/456] MMHA
[05:17:33] [267/456] FMVS
[05:17:34] [268/456] POLM
[05:17:35] [269/456] STER
[05:17:36] [270/456] PVWJ
[05:17:37] [271/456] IMJW
[05:17:38] [272/456] FNAN
[05:17:39] [273/456] CAGL
[05:17:40] [274/456] IPBG
[05:17:40] 🔄 Identity reset
[05:17:40] 🔄 Identity rotated (every 10 requests)
[05:17:41] [275/456] SMFV
[05:17:41] [276/456] MMMR
[05:17:42] [277/456] MMWM
[05:17:43] [278/456] FNCM
[05:17:44] [279/456] MDVA
[05:17:45] [280/456] MMET
[05:17:46] [281/456] MIDO
[05:17:47] [282/456] INNP
[05:17:47] [283/456] MIFU
[05:17:48] [284/456] MMSZ
[05:17:49] 🔄 Identity reset
[05:17:49] 🔄 Identity rotated (every 10 requests)
[05:17:49] [285/456] BMXA
[05:17:50] [286/456] MCAA
[05:17:51] [287/456] SCVP
[05:17:52] [288/456] PLUS
[05:17:53] [289/456] MUCK
[05:17:54] [290/456] MTMA
[05:17:55] [291/456] HPVR
[05:17:55] [292/456] PMPK
[05:17:56] [293/456] MAJB
[05:17:57] [294/456] CTRR
[05:17:57] 🔄 Identity reset
[05:17:57] 🔄 Identity rotated (every 10 requests)
[05:17:58] [295/456] MCTG
[05:17:59] [296/456] MACE
[05:18:00] [297/456] AAAS
[05:18:01] [298/456] CPVV
[05:18:01] [299/456] RCHG
[05:18:02] [300/456] MCNE
[05:18:03] [301/456] EMNC
[05:18:04] [302/456] MCAN
[05:18:05] [303/456] TCDM
[05:18:06] [304/456] IRGT
[05:18:07] 🔄 Identity reset
[05:18:07] 🔄 Identity rotated (every 10 requests)
[05:18:07] [305/456] GCMG
[05:18:08] [306/456] MXSN
[05:18:09] [307/456] MXCK
[05:18:10] [308/456] MCRC
[05:18:11] [309/456] RSMI
[05:18:12] [310/456] WAML
[05:18:13] [311/456] MTSC
[05:18:14] [312/456] FMDR
[05:18:14] [313/456] LEPV
[05:18:15] [314/456] MTGD
[05:18:16] 🔄 Identity reset
[05:18:16] 🔄 Identity rotated (every 10 requests)
[05:18:17] [315/456] IMOB
[05:18:18] [316/456] CLMM
[05:18:20] [317/456] PZCD
[05:18:20] [318/456] GOCS
[05:18:22] [319/456] KCMA
[05:18:23] [320/456] CCMP
[05:18:24] [321/456] MTSU
[05:18:25] [322/456] SNGL
[05:18:26] [323/456] MMMC
[05:18:27] [324/456] MMAA
[05:18:27] 🔄 Identity reset
[05:18:27] 🔄 Identity rotated (every 10 requests)
[05:18:27] [325/456] GCDM
[05:18:29] [326/456] KTMV
[05:18:30] [327/456] AETE
[05:18:31] [328/456] OMCS
[05:18:31] [329/456] GDCD
[05:18:32] [330/456] NYMD
[05:18:33] [331/456] RNCV
[05:18:34] [332/456] KKMT
[05:18:35] [333/456] GDTH
[05:18:35] [334/456] KMMV
[05:18:36] 🔄 Identity reset
[05:18:36] 🔄 Identity rotated (every 10 requests)
[05:18:36] [335/456] NHCG
[05:18:38] [336/456] PJDW
[05:18:39] [337/456] MMCV
[05:18:39] [338/456] FQSA
[05:18:40] [339/456] KURL
[05:18:41] [340/456] NNNX
[05:18:42] [341/456] AMAU
[05:18:43] [342/456] VVVM
[05:18:44] [343/456] VECU
[05:18:45] [344/456] WCVR
[05:18:46] 🔄 Identity reset
[05:18:46] 🔄 Identity rotated (every 10 requests)
[05:18:46] [345/456] MTGG
[05:18:47] [346/456] SGTG
[05:18:48] [347/456] MNTG
[05:18:49] [348/456] JDDG
[05:18:50] [349/456] MBTK
[05:18:50] [350/456] SGCD
[05:18:51] [351/456] MCTC
[05:18:52] [352/456] JTPC
[05:18:53] [353/456] SDKT
[05:18:54] [354/456] KRCC
[05:18:54] 🔄 Identity reset
[05:18:54] 🔄 Identity rotated (every 10 requests)
[05:18:55] [355/456] RMMD
[05:18:56] [356/456] AAME
[05:18:56] [357/456] TMWC
[05:18:58] [358/456] NRWY
[05:18:59] [359/456] CITD
[05:19:00] [360/456] VERD
[05:19:01] [361/456] MKSK
[05:19:02] [362/456] STSM
[05:19:02] [363/456] MJDG
[05:19:03] [364/456] RKPM
[05:19:04] 🔄 Identity reset
[05:19:04] 🔄 Identity rotated (every 10 requests)
[05:19:05] [365/456] SSCE
[05:19:06] [366/456] VMAE
[05:19:07] [367/456] SBRU
[05:19:07] [368/456] AMBC
[05:19:08] [369/456] AMLU
[05:19:09] [370/456] INVZ
[05:19:10] [371/456] LGTV
[05:19:11] [372/456] SVAD
[05:19:12] [373/456] SMSA
[05:19:12] [374/456] SPCZ
[05:19:13] 🔄 Identity reset
[05:19:13] 🔄 Identity rotated (every 10 requests)
[05:19:14] [375/456] GTCX
[05:19:15] [376/456] SCSL
[05:19:16] [377/456] SAHU
[05:19:17] [378/456] NCDA
[05:19:18] [379/456] SCCG
[05:19:19] [380/456] VKTL
[05:19:20] [381/456] PUUJ
[05:19:21] [382/456] STEJ
[05:19:22] [383/456] RJAL
[05:19:23] [384/456] ACJC
[05:19:23] 🔄 Identity reset
[05:19:23] 🔄 Identity rotated (every 10 requests)
[05:19:24] [385/456] ARVB
[05:19:25] [386/456] AUBB
[05:19:26] [387/456] GDBR
[05:19:27] [388/456] PVND
[05:19:28] [389/456] BGRJ
[05:19:29] [390/456] RJMM
[05:19:30] [391/456] MCSA
[05:19:31] [392/456] BODA
[05:19:32] [393/456] JAGG
[05:19:32] [394/456] SCGA
[05:19:33] 🔄 Identity reset
[05:19:33] 🔄 Identity rotated (every 10 requests)
[05:19:33] [395/456] LRCM
[05:19:34] [396/456] CPCN
[05:19:35] [397/456] SSTF
[05:19:36] [398/456] SRXP
[05:19:37] [399/456] CNFX
[05:19:38] [400/456] ANDI
[05:19:39] [401/456] SYEW
[05:19:40] [402/456] RCRE
[05:19:42] [403/456] SCRW
[05:19:43] [404/456] MBKR
[05:19:43] 🔄 Identity reset
[05:19:43] 🔄 Identity rotated (every 10 requests)
[05:19:43] [405/456] ASNT
[05:19:44] [406/456] JTMT
[05:19:45] [407/456] SHAY
[05:19:46] [408/456] VRTH
[05:19:47] [409/456] SPTI
[05:19:48] [410/456] DPTD
[05:19:49] [411/456] TGSN
[05:19:50] [412/456] RCWV
[05:19:51] [413/456] OCUR
[05:19:53] [414/456] KSTC
[05:19:53] 🔄 Identity reset
[05:19:53] 🔄 Identity rotated (every 10 requests)
[05:19:54] [415/456] SANI
[05:19:55] [416/456] MLCA
[05:19:55] [417/456] EGCA
[05:19:56] [418/456] SYSN
[05:19:57] [419/456] PKTA
[05:19:58] [420/456] PRCC
[05:19:59] [421/456] KSTR
[05:20:00] [422/456] SNTP
[05:20:00] [423/456] RCHA
[05:20:01] [424/456] SEEA
[05:20:02] 🔄 Identity reset
[05:20:02] 🔄 Identity rotated (every 10 requests)
[05:20:02] [425/456] ALAT
[05:20:03] [426/456] AATV
[05:20:04] [427/456] RJTE
[05:20:05] [428/456] AAPP
[05:20:06] [429/456] PMMH
[05:20:07] [430/456] INRJ
[05:20:08] [431/456] SARB
[05:20:09] [432/456] PCJL
[05:20:09] [433/456] PFJJ
[05:20:11] [434/456] GRDC
[05:20:11] 🔄 Identity reset
[05:20:11] 🔄 Identity rotated (every 10 requests)
[05:20:12] [435/456] BCBA
[05:20:12] [436/456] VIXL
[05:20:13] [437/456] CSTL
[05:20:15] [438/456] MTDK
[05:20:16] [439/456] TDAC
[05:20:17] [440/456] GTDN
[05:20:18] [441/456] TTDE
[05:20:19] [442/456] ASTS
[05:20:20] [443/456] CPNS
[05:20:21] [444/456] PVVW
[05:20:21] 🔄 Identity reset
[05:20:21] 🔄 Identity rotated (every 10 requests)
[05:20:22] [445/456] USEB
[05:20:23] [446/456] DTYN
[05:20:24] [447/456] PVLE
[05:20:25] [448/456] CIPS
[05:20:27] [449/456] PAEG
[05:20:27] [450/456] PTCW
[05:20:28] [451/456] G3SR
[05:20:29] [452/456] PGND
[05:20:30] [453/456] INVM
[05:20:31] [454/456] SPIA
[05:20:31] 🔄 Identity reset
[05:20:31] 🔄 Identity rotated (every 10 requests)
[05:20:32] [455/456] PCSN
[05:20:32] [456/456] PPGV
[05:20:33] ✅ DONE | Shows=29 | Movies=7
