[00:16:41] 🚀 BMS DAILY TRACKER STARTED (enhanced anti‑detection)
[00:16:41] [1/455] MXGN
[00:16:42] 🧠 New identity created
[00:16:42] [2/455] PGGM
[00:16:43] [3/455] IPMJ
[00:16:44] [4/455] M2PP
[00:16:45] [5/455] PMMS
[00:16:46] [6/455] SCJN
[00:16:47] [7/455] CPUM
[00:16:48] [8/455] SCND
[00:16:49] [9/455] INWM
[00:16:50] [10/455] DVDC
[00:16:50] 🔄 Identity reset
[00:16:50] 🔄 Identity rotated (every 10 requests)
[00:16:52] [11/455] WVND
[00:16:53] [12/455] LBDL
[00:16:53] [13/455] CRGM
[00:16:54] [14/455] PVKS
[00:16:55] [15/455] PBLL
[00:16:56] [16/455] FNLN
[00:16:57] [17/455] PPDA
[00:16:58] [18/455] SCPT
[00:16:59] [19/455] IAJS
[00:17:00] [20/455] MMZG
[00:17:01] 🔄 Identity reset
[00:17:01] 🔄 Identity rotated (every 10 requests)
[00:17:01] [21/455] MCTI
[00:17:02] [22/455] PPMF
[00:17:03] [23/455] FNSD
[00:17:04] [24/455] M2RH
[00:17:05] [25/455] CPGV
[00:17:06] [26/455] PECD
[00:17:07] [27/455] CTEE
[00:17:08] [28/455] IOMG
[00:17:09] [29/455] CIJA
[00:17:09] [30/455] NYCG
[00:17:10] 🔄 Identity reset
[00:17:10] 🔄 Identity rotated (every 10 requests)
[00:17:11] [31/455] CEST
[00:17:12] [32/455] WVRG
[00:17:13] [33/455] DPDC
[00:17:13] [34/455] PDIV
[00:17:14] [35/455] MTPP
[00:17:15] [36/455] MHNU
[00:17:16] [37/455] WUPG
[00:17:17] [38/455] USCO
[00:17:19] [39/455] INFR
[00:17:20] [40/455] PVPD
[00:17:20] 🔄 Identity reset
[00:17:20] 🔄 Identity rotated (every 10 requests)
[00:17:21] [41/455] RONC
[00:17:22] [42/455] IOCP
[00:17:23] [43/455] EMPS
[00:17:24] [44/455] PNAD
[00:17:25] [45/455] VVGZ
[00:17:26] [46/455] MDDC
[00:17:27] [47/455] MMAP
[00:17:28] [48/455] GPDC
[00:17:29] [49/455] PVPU
[00:17:30] [50/455] DCMV
[00:17:31] 🔄 Identity reset
[00:17:31] 🔄 Identity rotated (every 10 requests)
[00:17:31] [51/455] PCCF
[00:17:32] [52/455] MCEF
[00:17:33] [53/455] INRD
[00:17:34] [54/455] CCPZ
[00:17:35] [55/455] BCWG
[00:17:36] [56/455] PMGU
[00:17:37] [57/455] MCVM
[00:17:38] [58/455] MCDE
[00:17:39] [59/455] IEFM
[00:17:40] [60/455] MXCS
[00:17:41] 🔄 Identity reset
[00:17:41] 🔄 Identity rotated (every 10 requests)
[00:17:41] [61/455] RNMT
[00:17:42] [62/455] PSDD
[00:17:43] [63/455] PETA
[00:17:44] [64/455] IZOP
[00:17:46] [65/455] PDEI
[00:17:46] [66/455] MTND
[00:17:47] [67/455] PCPL
[00:17:48] [68/455] LSCM
[00:17:49] [69/455] BTFD
[00:17:50] [70/455] MERM
[00:17:51] 🔄 Identity reset
[00:17:51] 🔄 Identity rotated (every 10 requests)
[00:17:52] [71/455] PVMS
[00:17:53] [72/455] CIGK
[00:17:54] [73/455] INSG
[00:17:55] [74/455] IDEN
[00:17:57] [75/455] MCGN
[00:17:58] [76/455] IGAM
[00:17:58] [77/455] SLCU
[00:17:59] [78/455] MIMU
[00:18:01] [79/455] QLAC
[00:18:02] [80/455] MENL
[00:18:03] 🔄 Identity reset
[00:18:03] 🔄 Identity rotated (every 10 requests)
[00:18:04] [81/455] SCUR
[00:18:05] [82/455] MDGD
[00:18:05] [83/455] LSRS
[00:18:07] [84/455] KMLG
[00:18:08] [85/455] MKLJ
[00:18:09] [86/455] IBYG
[00:18:10] [87/455] ISML
[00:18:11] [88/455] MJMM
[00:18:12] [89/455] RCGD
[00:18:13] [90/455] MMOC
[00:18:14] 🔄 Identity reset
[00:18:14] 🔄 Identity rotated (every 10 requests)
[00:18:14] [91/455] RRCO
[00:18:15] [92/455] MEDM
[00:18:16] [93/455] MCAZ
[00:18:17] [94/455] STWA
[00:18:18] [95/455] PFFG
[00:18:19] [96/455] GAGC
[00:18:20] [97/455] PMPM
[00:18:21] [98/455] HVCD
[00:18:22] [99/455] AKRF
[00:18:23] [100/455] AKRC
[00:18:24] 🔄 Identity reset
[00:18:24] 🔄 Identity rotated (every 10 requests)
[00:18:24] [101/455] MIDA
[00:18:25] [102/455] MAGX
[00:18:26] [103/455] ESOS
[00:18:28] [104/455] BBCL
[00:18:29] [105/455] LYAS
[00:18:30] [106/455] NRMS
[00:18:31] [107/455] BHUC
[00:18:32] [108/455] SRIC
[00:18:33] [109/455] PDME
[00:18:34] [110/455] MJCS
[00:18:34] 🔄 Identity reset
[00:18:34] 🔄 Identity rotated (every 10 requests)
[00:18:35] [111/455] NRAA
[00:18:36] [112/455] VATA
[00:18:37] [113/455] MNKC
[00:18:38] [114/455] DHCL
[00:18:39] [115/455] JCPC
[00:18:40] [116/455] CTML
[00:18:41] [117/455] RMMR
[00:18:42] [118/455] STTL
[00:18:43] [119/455] CNPS
[00:18:44] [120/455] ACKL
[00:18:45] 🔄 Identity reset
[00:18:45] 🔄 Identity rotated (every 10 requests)
[00:18:45] [121/455] SCAU
[00:18:46] [122/455] RMIA
[00:18:47] [123/455] MANU
[00:18:48] [124/455] ARDC
[00:18:50] [125/455] GLDA
[00:18:52] [126/455] KVSW
[00:18:53] [127/455] CGCA
[00:18:54] [128/455] CMLO
[00:18:54] [129/455] CECB
[00:18:56] [130/455] RCPN
[00:18:56] 🔄 Identity reset
[00:18:56] 🔄 Identity rotated (every 10 requests)
[00:18:57] [131/455] ASMW
[00:18:58] [132/455] PWLM
[00:18:59] [133/455] ASGM
[00:19:00] [134/455] ACWH
[00:19:00] [135/455] AAPW
[00:19:01] [136/455] RTWA
[00:19:03] [137/455] RAMW
[00:19:04] [138/455] VKTR
[00:19:05] [139/455] SMBH
[00:19:06] [140/455] BVDR
[00:19:07] 🔄 Identity reset
[00:19:07] 🔄 Identity rotated (every 10 requests)
[00:19:07] [141/455] MRTP
[00:19:08] [142/455] BLBR
[00:19:09] [143/455] LPIN
[00:19:11] [144/455] SNPC
[00:19:11] [145/455] PDCB
[00:19:12] [146/455] DYPK
[00:19:13] [147/455] INMK
[00:19:14] [148/455] PDCK
[00:19:15] [149/455] PCKR
[00:19:16] [150/455] SHUA
[00:19:16] 🔄 Identity reset
[00:19:16] 🔄 Identity rotated (every 10 requests)
[00:19:17] [151/455] SCVK
[00:19:18] [152/455] STPA
[00:19:19] [153/455] WVHD
[00:19:19] [154/455] MRCH
[00:19:20] [155/455] MCNP
[00:19:21] [156/455] RCAG
[00:19:22] [157/455] JTSN
[00:19:23] [158/455] AANS
[00:19:24] [159/455] GDDR
[00:19:25] [160/455] SRER
[00:19:26] 🔄 Identity reset
[00:19:26] 🔄 Identity rotated (every 10 requests)
[00:19:26] [161/455] JKMA
[00:19:27] [162/455] ARAN
[00:19:28] [163/455] ALCT
[00:19:29] [164/455] CCTA
[00:19:30] [165/455] CNCT
[00:19:31] [166/455] NZBL
[00:19:32] [167/455] SRRA
[00:19:33] [168/455] SVPW
[00:19:34] [169/455] SRTW
[00:19:35] [170/455] XMTD
[00:19:35] 🔄 Identity reset
[00:19:35] 🔄 Identity rotated (every 10 requests)
[00:19:36] [171/455] SCCZ
[00:19:37] [172/455] PBCR
[00:19:38] [173/455] RTSC
[00:19:39] [174/455] TLSV
[00:19:39] [175/455] RMTK
[00:19:40] [176/455] SRAT
[00:19:41] [177/455] GCYC
[00:19:42] [178/455] HCAJ
[00:19:43] [179/455] LCXA
[00:19:44] [180/455] BINT
[00:19:44] 🔄 Identity reset
[00:19:45] 🔄 Identity rotated (every 10 requests)
[00:19:45] [181/455] IXIM
[00:19:46] [182/455] MBCR
[00:19:47] [183/455] BMCJ
[00:19:48] [184/455] NICJ
[00:19:49] [185/455] SCAJ
[00:19:50] [186/455] CMXS
[00:19:51] [187/455] MMSR
[00:19:52] [188/455] PRKT
[00:19:53] [189/455] LPTH
[00:19:54] [190/455] SARP
[00:19:55] 🔄 Identity reset
[00:19:55] 🔄 Identity rotated (every 10 requests)
[00:19:55] [191/455] MNPP
[00:19:56] [192/455] PRLR
[00:19:57] [193/455] RCMW
[00:19:58] [194/455] FCMG
[00:19:59] [195/455] RTNK
[00:20:00] [196/455] LRCP
[00:20:01] [197/455] DBJR
[00:20:03] [198/455] CACN
[00:20:04] [199/455] AMRL
[00:20:05] [200/455] SBBC
[00:20:06] 🔄 Identity reset
[00:20:06] 🔄 Identity rotated (every 10 requests)
[00:20:06] [201/455] VENN
[00:20:07] [202/455] STSS
[00:20:08] [203/455] SMRB
[00:20:09] [204/455] CCMX
[00:20:10] [205/455] KCMR
[00:20:11] [206/455] SALH
[00:20:12] [207/455] CGTT
[00:20:12] [208/455] PMDR
[00:20:13] [209/455] VCPM
[00:20:14] [210/455] RZMX
[00:20:15] 🔄 Identity reset
[00:20:15] 🔄 Identity rotated (every 10 requests)
[00:20:15] [211/455] TMSY
[00:20:16] [212/455] NTMS
[00:20:17] [213/455] VTAG
[00:20:18] [214/455] REMA
[00:20:19] [215/455] NXCC
[00:20:20] [216/455] SKYM
[00:20:21] [217/455] CCMO
[00:20:21] [218/455] DMXM
[00:20:22] [219/455] SPPM
[00:20:23] [220/455] PTKL
[00:20:24] 🔄 Identity reset
[00:20:24] 🔄 Identity rotated (every 10 requests)
[00:20:24] [221/455] SLVO
[00:20:25] [222/455] VASL
[00:20:26] [223/455] CBCM
[00:20:27] [224/455] STMA
[00:20:28] [225/455] LASK
[00:20:29] [226/455] VITE
[00:20:30] [227/455] AAST
[00:20:32] [228/455] JTPT
[00:20:33] [229/455] RRSH
[00:20:34] [230/455] CINL
[00:20:35] 🔄 Identity reset
[00:20:35] 🔄 Identity rotated (every 10 requests)
[00:20:35] [231/455] MCSR
[00:20:36] [232/455] SBCF
[00:20:37] [233/455] GCDU
[00:20:37] [234/455] PSPR
[00:20:39] [235/455] IMMO
[00:20:39] [236/455] CLGM
[00:20:40] [237/455] PBMM
[00:20:41] [238/455] CEHR
[00:20:42] [239/455] CPOE
[00:20:43] [240/455] PGFD
[00:20:44] 🔄 Identity reset
[00:20:44] 🔄 Identity rotated (every 10 requests)
[00:20:45] [241/455] PSLC
[00:20:46] [242/455] MSMD
[00:20:46] [243/455] FMFB
[00:20:47] [244/455] RKCL
[00:20:48] [245/455] PMMC
[00:20:50] [246/455] SKMM
[00:20:51] [247/455] VOIB
[00:20:51] [248/455] KINO
[00:20:52] [249/455] VCTP
[00:20:53] [250/455] PDWR
[00:20:54] 🔄 Identity reset
[00:20:54] 🔄 Identity rotated (every 10 requests)
[00:20:54] [251/455] SAED
[00:20:55] [252/455] SRRT
[00:20:56] [253/455] CVLG
[00:20:57] [254/455] SNGN
[00:20:58] [255/455] SIDA
[00:20:59] [256/455] IMCB
[00:21:00] [257/455] SMHP
[00:21:01] [258/455] GDTY
[00:21:02] [259/455] VYCH
[00:21:03] [260/455] PDYA
[00:21:04] 🔄 Identity reset
[00:21:04] 🔄 Identity rotated (every 10 requests)
[00:21:04] [261/455] RKDO
[00:21:05] [262/455] VECG
[00:21:06] [263/455] NFGD
[00:21:07] [264/455] SNDC
[00:21:08] [265/455] SDJH
[00:21:09] [266/455] HASV
[00:21:10] [267/455] PTYK
[00:21:11] [268/455] MUTB
[00:21:12] [269/455] AMRT
[00:21:13] [270/455] VACD
[00:21:14] 🔄 Identity reset
[00:21:14] 🔄 Identity rotated (every 10 requests)
[00:21:14] [271/455] SKDD
[00:21:15] [272/455] STGR
[00:21:17] [273/455] GDAK
[00:21:18] [274/455] SKHK
[00:21:19] [275/455] SLND
[00:21:20] [276/455] APAP
[00:21:21] [277/455] AYYA
[00:21:22] [278/455] VCCZ
[00:21:23] [279/455] MEML
[00:21:24] [280/455] MAOU
[00:21:25] 🔄 Identity reset
[00:21:25] 🔄 Identity rotated (every 10 requests)
[00:21:25] [281/455] ESND
[00:21:27] [282/455] PTBZ
[00:21:28] [283/455] LBCN
[00:21:29] [284/455] PAWA
[00:21:31] [285/455] ZEIC
[00:21:32] [286/455] CGMM
[00:21:33] [287/455] PJPM
[00:21:33] [288/455] ECMR
[00:21:34] [289/455] SHMZ
[00:21:35] [290/455] STCA
[00:21:36] 🔄 Identity reset
[00:21:36] 🔄 Identity rotated (every 10 requests)
[00:21:37] [291/455] VDRC
[00:21:38] [292/455] SEEM
[00:21:39] [293/455] MKNS
[00:21:40] [294/455] KPPP
[00:21:41] [295/455] CCML
[00:21:42] [296/455] CIBA
[00:21:42] [297/455] NACS
[00:21:43] [298/455] CTMK
[00:21:44] [299/455] CTCT
[00:21:46] [300/455] MCSN
[00:21:46] 🔄 Identity reset
[00:21:46] 🔄 Identity rotated (every 10 requests)
[00:21:47] [301/455] MAXX
[00:21:48] [302/455] MECB
[00:21:49] [303/455] NTBY
[00:21:49] [304/455] UTBI
[00:21:50] [305/455] RADK
[00:21:51] [306/455] STBY
[00:21:52] [307/455] GTBY
[00:21:53] [308/455] RRMB
[00:21:54] [309/455] ABRN
[00:21:55] [310/455] GTSG
[00:21:56] 🔄 Identity reset
[00:21:56] 🔄 Identity rotated (every 10 requests)
[00:21:56] [311/455] GBTG
[00:21:57] [312/455] SBGS
[00:21:58] [313/455] KBPM
[00:21:59] [314/455] SMHT
[00:22:00] [315/455] VTDM
[00:22:01] [316/455] ASCT
[00:22:01] [317/455] AWCT
[00:22:03] [318/455] DCCU
[00:22:04] [319/455] PSCE
[00:22:05] [320/455] KSNY
[00:22:05] 🔄 Identity reset
[00:22:05] 🔄 Identity rotated (every 10 requests)
[00:22:06] [321/455] ACID
[00:22:07] [322/455] LVCD
[00:22:08] [323/455] KSSB
[00:22:09] [324/455] SWTD
[00:22:10] [325/455] RBMR
[00:22:11] [326/455] SCBC
[00:22:12] [327/455] RKME
[00:22:13] [328/455] GALX
[00:22:14] [329/455] GCCH
[00:22:15] [330/455] RATR
[00:22:16] 🔄 Identity reset
[00:22:16] 🔄 Identity rotated (every 10 requests)
[00:22:17] [331/455] GTGA
[00:22:17] [332/455] LTTR
[00:22:19] [333/455] TTAA
[00:22:19] [334/455] TVHP
[00:22:21] [335/455] KVCS
[00:22:22] [336/455] CBMC
[00:22:23] [337/455] MAYJ
[00:22:24] [338/455] INPR
[00:22:25] [339/455] RSSC
[00:22:26] [340/455] PCAN
[00:22:26] 🔄 Identity reset
[00:22:26] 🔄 Identity rotated (every 10 requests)
[00:22:27] [341/455] PVHR
[00:22:28] [342/455] AGSM
[00:22:29] [343/455] PVES
[00:22:30] [344/455] INTO
[00:22:31] [345/455] ACON
[00:22:32] [346/455] PVPZ
[00:22:33] [347/455] PVHC
[00:22:34] [348/455] KSTK
[00:22:35] [349/455] PVSR
[00:22:36] [350/455] ACTN
[00:22:36] 🔄 Identity reset
[00:22:36] 🔄 Identity rotated (every 10 requests)
[00:22:38] [351/455] FMCN
[00:22:39] [352/455] PABC
[00:22:39] [353/455] SUTC
[00:22:40] [354/455] PGMV
[00:22:41] [355/455] GKCP
[00:22:42] [356/455] INCH
[00:22:43] [357/455] MLMT
[00:22:44] [358/455] SSCC
[00:22:46] [359/455] SLMP
[00:22:47] [360/455] VVTN
[00:22:47] 🔄 Identity reset
[00:22:47] 🔄 Identity rotated (every 10 requests)
[00:22:48] [361/455] SBTR
[00:22:49] [362/455] PGRA
[00:22:50] [363/455] PBRM
[00:22:51] [364/455] GCRP
[00:22:52] [365/455] MCSK
[00:22:53] [366/455] NLTC
[00:22:54] [367/455] MTLM
[00:22:55] [368/455] VECT
[00:22:56] [369/455] KMRM
[00:22:57] [370/455] RACM
[00:22:58] 🔄 Identity reset
[00:22:58] 🔄 Identity rotated (every 10 requests)
[00:22:58] [371/455] WSTC
[00:22:59] [372/455] PVTJ
[00:23:00] [373/455] MMKC
[00:23:01] [374/455] SVWT
[00:23:02] [375/455] JOTG
[00:23:03] [376/455] VCDK
[00:23:04] [377/455] ANAC
[00:23:05] [378/455] GRTC
[00:23:06] [379/455] JTPL
[00:23:07] [380/455] VRCP
[00:23:08] 🔄 Identity reset
[00:23:08] 🔄 Identity rotated (every 10 requests)
[00:23:08] [381/455] REMC
[00:23:09] [382/455] ATMG
[00:23:10] [383/455] GAHC
[00:23:11] [384/455] JTMV
[00:23:12] [385/455] OMTT
[00:23:13] [386/455] GKKC
[00:23:14] [387/455] BBPO
[00:23:15] [388/455] ZCBB
[00:23:16] [389/455] DCGO
[00:23:17] [390/455] STOP
[00:23:18] 🔄 Identity reset
[00:23:18] 🔄 Identity rotated (every 10 requests)
[00:23:18] [391/455] BSPC
[00:23:19] [392/455] SOND
[00:23:20] [393/455] GCKG
[00:23:20] [394/455] PCDB
[00:23:21] [395/455] PGRC
[00:23:22] [396/455] CSCT
[00:23:24] [397/455] STDA
[00:23:25] [398/455] JAYD
[00:23:26] [399/455] PPPD
[00:23:26] [400/455] KRTT
[00:23:27] 🔄 Identity reset
[00:23:27] 🔄 Identity rotated (every 10 requests)
[00:23:27] [401/455] PTDT
[00:23:28] [402/455] TRSV
[00:23:29] [403/455] VELR
[00:23:30] [404/455] STDT
[00:23:31] [405/455] SATT
[00:23:32] [406/455] KCPM
[00:23:33] [407/455] MFCP
[00:23:34] [408/455] AXMP
[00:23:35] [409/455] LTVB
[00:23:36] [410/455] APST
[00:23:37] 🔄 Identity reset
[00:23:37] 🔄 Identity rotated (every 10 requests)
[00:23:37] [411/455] DTVP
[00:23:38] [412/455] AAVB
[00:23:39] [413/455] PMBL
[00:23:40] [414/455] STKC
[00:23:40] [415/455] KKMA
[00:23:41] [416/455] NMXS
[00:23:42] [417/455] DECX
[00:23:44] [418/455] MAPJ
[00:23:45] [419/455] SMLK
[00:23:46] [420/455] PMPU
[00:23:46] 🔄 Identity reset
[00:23:46] 🔄 Identity rotated (every 10 requests)
[00:23:47] [421/455] AFST
[00:23:48] [422/455] SRSY
[00:23:48] [423/455] RMKT
[00:23:49] [424/455] RAJX
[00:23:50] [425/455] UVCD
[00:23:51] [426/455] LISA
[00:23:52] [427/455] LMSR
[00:23:53] [428/455] PMCA
[00:23:54] [429/455] INPO
[00:23:55] [430/455] INGO
[00:23:56] 🔄 Identity reset
[00:23:56] 🔄 Identity rotated (every 10 requests)
[00:23:56] [431/455] HFSQ
[00:23:57] [432/455] INMG
[00:23:58] [433/455] NYCP
[00:23:59] [434/455] HFSV
[00:24:00] [435/455] MMZP
[00:24:01] [436/455] KSES
[00:24:02] [437/455] HFSA
[00:24:04] [438/455] ACMM
[00:24:05] [439/455] RCKD
[00:24:06] [440/455] BCKR
[00:24:06] 🔄 Identity reset
[00:24:06] 🔄 Identity rotated (every 10 requests)
[00:24:07] [441/455] SFCO
[00:24:08] [442/455] JCCB
[00:24:09] [443/455] BCCR
[00:24:10] [444/455] NWCB
[00:24:11] [445/455] SAMT
[00:24:12] [446/455] TMST
[00:24:12] [447/455] SJCN
[00:24:13] [448/455] MCBS
[00:24:14] [449/455] CMKR
[00:24:15] [450/455] INPM
[00:24:16] 🔄 Identity reset
[00:24:16] 🔄 Identity rotated (every 10 requests)
[00:24:16] [451/455] WVMT
[00:24:17] [452/455] NYSM
[00:24:18] [453/455] RCMA
[00:24:19] [454/455] RECM
[00:24:20] [455/455] CYCM
[00:24:21] ✅ DONE | Shows=0 | Movies=0
[01:16:42] 🚀 BMS DAILY TRACKER STARTED (enhanced anti‑detection)
[01:16:42] [1/455] MXGN
[01:16:43] 🧠 New identity created
[01:16:43] [2/455] PGGM
[01:16:44] [3/455] IPMJ
[01:16:45] [4/455] M2PP
[01:16:46] [5/455] PMMS
[01:16:47] [6/455] SCJN
[01:16:47] [7/455] CPUM
[01:16:48] [8/455] SCND
[01:16:49] [9/455] INWM
[01:16:50] [10/455] DVDC
[01:16:51] 🔄 Identity reset
[01:16:51] 🔄 Identity rotated (every 10 requests)
[01:16:51] [11/455] WVND
[01:16:52] [12/455] LBDL
[01:16:54] [13/455] CRGM
[01:16:55] [14/455] PVKS
[01:16:56] [15/455] PBLL
[01:16:57] [16/455] FNLN
[01:16:58] [17/455] PPDA
[01:16:59] [18/455] SCPT
[01:17:00] [19/455] IAJS
[01:17:01] [20/455] MMZG
[01:17:01] 🔄 Identity reset
[01:17:01] 🔄 Identity rotated (every 10 requests)
[01:17:02] [21/455] MCTI
[01:17:03] [22/455] PPMF
[01:17:04] [23/455] FNSD
[01:17:05] [24/455] M2RH
[01:17:05] [25/455] CPGV
[01:17:06] [26/455] PECD
[01:17:07] [27/455] CTEE
[01:17:08] [28/455] IOMG
[01:17:09] [29/455] CIJA
[01:17:10] [30/455] NYCG
[01:17:11] 🔄 Identity reset
[01:17:11] 🔄 Identity rotated (every 10 requests)
[01:17:11] [31/455] CEST
[01:17:12] [32/455] WVRG
[01:17:13] [33/455] DPDC
[01:17:14] [34/455] PDIV
[01:17:16] [35/455] MTPP
[01:17:17] [36/455] MHNU
[01:17:18] [37/455] WUPG
[01:17:18] [38/455] USCO
[01:17:19] [39/455] INFR
[01:17:20] [40/455] PVPD
[01:17:21] 🔄 Identity reset
[01:17:21] 🔄 Identity rotated (every 10 requests)
[01:17:21] [41/455] RONC
[01:17:22] [42/455] IOCP
[01:17:23] [43/455] EMPS
[01:17:24] [44/455] PNAD
[01:17:25] [45/455] VVGZ
[01:17:26] [46/455] MDDC
[01:17:27] [47/455] MMAP
[01:17:28] [48/455] GPDC
[01:17:29] [49/455] PVPU
[01:17:30] [50/455] DCMV
[01:17:31] 🔄 Identity reset
[01:17:31] 🔄 Identity rotated (every 10 requests)
[01:17:31] [51/455] PCCF
[01:17:32] [52/455] MCEF
[01:17:33] [53/455] INRD
[01:17:34] [54/455] CCPZ
[01:17:35] [55/455] BCWG
[01:17:36] [56/455] PMGU
[01:17:37] [57/455] MCVM
[01:17:38] [58/455] MCDE
[01:17:39] [59/455] IEFM
[01:17:40] [60/455] MXCS
[01:17:40] 🔄 Identity reset
[01:17:40] 🔄 Identity rotated (every 10 requests)
[01:17:41] [61/455] RNMT
[01:17:42] [62/455] PSDD
[01:17:43] [63/455] PETA
[01:17:44] [64/455] IZOP
[01:17:45] [65/455] PDEI
[01:17:45] [66/455] MTND
[01:17:46] [67/455] PCPL
[01:17:47] [68/455] LSCM
[01:17:48] [69/455] BTFD
[01:17:49] [70/455] MERM
[01:17:50] 🔄 Identity reset
[01:17:50] 🔄 Identity rotated (every 10 requests)
[01:17:50] [71/455] PVMS
[01:17:51] [72/455] CIGK
[01:17:52] [73/455] INSG
[01:17:53] [74/455] IDEN
[01:17:53] [75/455] MCGN
[01:17:54] [76/455] IGAM
[01:17:55] [77/455] SLCU
[01:17:56] [78/455] MIMU
[01:17:57] [79/455] QLAC
[01:17:59] [80/455] MENL
[01:17:59] 🔄 Identity reset
[01:17:59] 🔄 Identity rotated (every 10 requests)
[01:18:00] [81/455] SCUR
[01:18:00] [82/455] MDGD
[01:18:01] [83/455] LSRS
[01:18:02] [84/455] KMLG
[01:18:03] [85/455] MKLJ
[01:18:04] [86/455] IBYG
[01:18:05] [87/455] ISML
[01:18:06] [88/455] MJMM
[01:18:07] [89/455] RCGD
[01:18:08] [90/455] MMOC
[01:18:08] 🔄 Identity reset
[01:18:08] 🔄 Identity rotated (every 10 requests)
[01:18:09] [91/455] RRCO
[01:18:09] [92/455] MEDM
[01:18:11] [93/455] MCAZ
[01:18:12] [94/455] STWA
[01:18:13] [95/455] PFFG
[01:18:14] [96/455] GAGC
[01:18:14] [97/455] PMPM
[01:18:16] [98/455] HVCD
[01:18:17] [99/455] AKRF
[01:18:18] [100/455] AKRC
[01:18:18] 🔄 Identity reset
[01:18:18] 🔄 Identity rotated (every 10 requests)
[01:18:19] [101/455] MIDA
[01:18:20] [102/455] MAGX
[01:18:21] [103/455] ESOS
[01:18:22] [104/455] BBCL
[01:18:23] [105/455] LYAS
[01:18:23] [106/455] NRMS
[01:18:24] [107/455] BHUC
[01:18:26] [108/455] SRIC
[01:18:27] [109/455] PDME
[01:18:28] [110/455] MJCS
[01:18:28] 🔄 Identity reset
[01:18:28] 🔄 Identity rotated (every 10 requests)
[01:18:29] [111/455] NRAA
[01:18:30] [112/455] VATA
[01:18:31] [113/455] MNKC
[01:18:32] [114/455] DHCL
[01:18:33] [115/455] JCPC
[01:18:34] [116/455] CTML
[01:18:35] [117/455] RMMR
[01:18:35] [118/455] STTL
[01:18:36] [119/455] CNPS
[01:18:37] [120/455] ACKL
[01:18:38] 🔄 Identity reset
[01:18:38] 🔄 Identity rotated (every 10 requests)
[01:18:38] [121/455] SCAU
[01:18:39] [122/455] RMIA
[01:18:41] [123/455] MANU
[01:18:42] [124/455] ARDC
[01:18:43] [125/455] GLDA
[01:18:44] [126/455] KVSW
[01:18:45] [127/455] CGCA
[01:18:46] [128/455] CMLO
[01:18:47] [129/455] CECB
[01:18:48] [130/455] RCPN
[01:18:48] 🔄 Identity reset
[01:18:48] 🔄 Identity rotated (every 10 requests)
[01:18:49] [131/455] ASMW
[01:18:50] [132/455] PWLM
[01:18:50] [133/455] ASGM
[01:18:51] [134/455] ACWH
[01:18:52] [135/455] AAPW
[01:18:53] [136/455] RTWA
[01:18:54] [137/455] RAMW
[01:18:55] [138/455] VKTR
[01:18:56] [139/455] SMBH
[01:18:57] [140/455] BVDR
[01:18:58] 🔄 Identity reset
[01:18:58] 🔄 Identity rotated (every 10 requests)
[01:18:58] [141/455] MRTP
[01:18:59] [142/455] BLBR
[01:19:00] [143/455] LPIN
[01:19:01] [144/455] SNPC
[01:19:02] [145/455] PDCB
[01:19:03] [146/455] DYPK
[01:19:04] [147/455] INMK
[01:19:04] [148/455] PDCK
[01:19:05] [149/455] PCKR
[01:19:06] [150/455] SHUA
[01:19:07] 🔄 Identity reset
[01:19:07] 🔄 Identity rotated (every 10 requests)
[01:19:07] [151/455] SCVK
[01:19:09] [152/455] STPA
[01:19:10] [153/455] WVHD
[01:19:11] [154/455] MRCH
[01:19:12] [155/455] MCNP
[01:19:13] [156/455] RCAG
[01:19:13] [157/455] JTSN
[01:19:14] [158/455] AANS
[01:19:15] [159/455] GDDR
[01:19:16] [160/455] SRER
[01:19:17] 🔄 Identity reset
[01:19:17] 🔄 Identity rotated (every 10 requests)
[01:19:17] [161/455] JKMA
[01:19:18] [162/455] ARAN
[01:19:19] [163/455] ALCT
[01:19:19] [164/455] CCTA
[01:19:20] [165/455] CNCT
[01:19:21] [166/455] NZBL
[01:19:22] [167/455] SRRA
[01:19:23] [168/455] SVPW
[01:19:24] [169/455] SRTW
[01:19:25] [170/455] XMTD
[01:19:25] 🔄 Identity reset
[01:19:25] 🔄 Identity rotated (every 10 requests)
[01:19:26] [171/455] SCCZ
[01:19:27] [172/455] PBCR
[01:19:27] [173/455] RTSC
[01:19:28] [174/455] TLSV
[01:19:29] [175/455] RMTK
[01:19:30] [176/455] SRAT
[01:19:31] [177/455] GCYC
[01:19:32] [178/455] HCAJ
[01:19:33] [179/455] LCXA
[01:19:34] [180/455] BINT
[01:19:34] 🔄 Identity reset
[01:19:34] 🔄 Identity rotated (every 10 requests)
[01:19:34] [181/455] IXIM
[01:19:35] [182/455] MBCR
[01:19:36] [183/455] BMCJ
[01:19:37] [184/455] NICJ
[01:19:38] [185/455] SCAJ
[01:19:39] [186/455] CMXS
[01:19:40] [187/455] MMSR
[01:19:41] [188/455] PRKT
[01:19:42] [189/455] LPTH
[01:19:42] [190/455] SARP
[01:19:43] 🔄 Identity reset
[01:19:43] 🔄 Identity rotated (every 10 requests)
[01:19:43] [191/455] MNPP
[01:19:44] [192/455] PRLR
[01:19:45] [193/455] RCMW
[01:19:46] [194/455] FCMG
[01:19:47] [195/455] RTNK
[01:19:48] [196/455] LRCP
[01:19:48] [197/455] DBJR
[01:19:49] [198/455] CACN
[01:19:50] [199/455] AMRL
[01:19:51] [200/455] SBBC
[01:19:52] 🔄 Identity reset
[01:19:52] 🔄 Identity rotated (every 10 requests)
[01:19:52] [201/455] VENN
[01:19:53] [202/455] STSS
[01:19:54] [203/455] SMRB
[01:19:55] [204/455] CCMX
[01:19:56] [205/455] KCMR
[01:19:57] [206/455] SALH
[01:19:58] [207/455] CGTT
[01:19:59] [208/455] PMDR
[01:20:00] [209/455] VCPM
[01:20:01] [210/455] RZMX
[01:20:02] 🔄 Identity reset
[01:20:02] 🔄 Identity rotated (every 10 requests)
[01:20:02] [211/455] TMSY
[01:20:04] [212/455] NTMS
[01:20:06] [213/455] VTAG
[01:20:07] [214/455] REMA
[01:20:07] [215/455] NXCC
[01:20:08] [216/455] SKYM
[01:20:09] [217/455] CCMO
[01:20:10] [218/455] DMXM
[01:20:11] [219/455] SPPM
[01:20:13] [220/455] PTKL
[01:20:13] 🔄 Identity reset
[01:20:13] 🔄 Identity rotated (every 10 requests)
[01:20:13] [221/455] SLVO
[01:20:14] [222/455] VASL
[01:20:15] [223/455] CBCM
[01:20:16] [224/455] STMA
[01:20:17] [225/455] LASK
[01:20:18] [226/455] VITE
[01:20:19] [227/455] AAST
[01:20:20] [228/455] JTPT
[01:20:21] [229/455] RRSH
[01:20:22] [230/455] CINL
[01:20:22] 🔄 Identity reset
[01:20:22] 🔄 Identity rotated (every 10 requests)
[01:20:23] [231/455] MCSR
[01:20:23] [232/455] SBCF
[01:20:24] [233/455] GCDU
[01:20:25] [234/455] PSPR
[01:20:26] [235/455] IMMO
[01:20:27] [236/455] CLGM
[01:20:28] [237/455] PBMM
[01:20:29] [238/455] CEHR
[01:20:30] [239/455] CPOE
[01:20:31] [240/455] PGFD
[01:20:31] 🔄 Identity reset
[01:20:31] 🔄 Identity rotated (every 10 requests)
[01:20:32] [241/455] PSLC
[01:20:33] [242/455] MSMD
[01:20:34] [243/455] FMFB
[01:20:34] [244/455] RKCL
[01:20:35] [245/455] PMMC
[01:20:36] [246/455] SKMM
[01:20:37] [247/455] VOIB
[01:20:38] [248/455] KINO
[01:20:39] [249/455] VCTP
[01:20:40] [250/455] PDWR
[01:20:41] 🔄 Identity reset
[01:20:41] 🔄 Identity rotated (every 10 requests)
[01:20:42] [251/455] SAED
[01:20:43] [252/455] SRRT
[01:20:44] [253/455] CVLG
[01:20:45] [254/455] SNGN
[01:20:46] [255/455] SIDA
[01:20:46] [256/455] IMCB
[01:20:47] [257/455] SMHP
[01:20:48] [258/455] GDTY
[01:20:49] [259/455] VYCH
[01:20:50] [260/455] PDYA
[01:20:51] 🔄 Identity reset
[01:20:51] 🔄 Identity rotated (every 10 requests)
[01:20:51] [261/455] RKDO
[01:20:52] [262/455] VECG
[01:20:53] [263/455] NFGD
[01:20:53] [264/455] SNDC
[01:20:54] [265/455] SDJH
[01:20:55] [266/455] HASV
[01:20:56] [267/455] PTYK
[01:20:57] [268/455] MUTB
[01:20:58] [269/455] AMRT
[01:20:59] [270/455] VACD
[01:21:00] 🔄 Identity reset
[01:21:00] 🔄 Identity rotated (every 10 requests)
[01:21:00] [271/455] SKDD
[01:21:02] [272/455] STGR
[01:21:02] [273/455] GDAK
[01:21:03] [274/455] SKHK
[01:21:05] [275/455] SLND
[01:21:06] [276/455] APAP
[01:21:07] [277/455] AYYA
[01:21:08] [278/455] VCCZ
[01:21:09] [279/455] MEML
[01:21:10] [280/455] MAOU
[01:21:11] 🔄 Identity reset
[01:21:11] 🔄 Identity rotated (every 10 requests)
[01:21:12] [281/455] ESND
[01:21:12] [282/455] PTBZ
[01:21:13] [283/455] LBCN
[01:21:14] [284/455] PAWA
[01:21:15] [285/455] ZEIC
[01:21:16] [286/455] CGMM
[01:21:17] [287/455] PJPM
[01:21:18] [288/455] ECMR
[01:21:19] [289/455] SHMZ
[01:21:21] [290/455] STCA
[01:21:22] 🔄 Identity reset
[01:21:22] 🔄 Identity rotated (every 10 requests)
[01:21:22] [291/455] VDRC
[01:21:23] [292/455] SEEM
[01:21:24] [293/455] MKNS
[01:21:24] [294/455] KPPP
[01:21:25] [295/455] CCML
[01:21:26] [296/455] CIBA
[01:21:27] [297/455] NACS
[01:21:28] [298/455] CTMK
[01:21:29] [299/455] CTCT
[01:21:29] [300/455] MCSN
[01:21:30] 🔄 Identity reset
[01:21:30] 🔄 Identity rotated (every 10 requests)
[01:21:31] [301/455] MAXX
[01:21:32] [302/455] MECB
[01:21:33] [303/455] NTBY
[01:21:34] [304/455] UTBI
[01:21:35] [305/455] RADK
[01:21:36] [306/455] STBY
[01:21:37] [307/455] GTBY
[01:21:39] [308/455] RRMB
[01:21:39] [309/455] ABRN
[01:21:40] [310/455] GTSG
[01:21:41] 🔄 Identity reset
[01:21:41] 🔄 Identity rotated (every 10 requests)
[01:21:42] [311/455] GBTG
[01:21:43] [312/455] SBGS
[01:21:43] [313/455] KBPM
[01:21:44] [314/455] SMHT
[01:21:45] [315/455] VTDM
[01:21:46] [316/455] ASCT
[01:21:47] [317/455] AWCT
[01:21:48] [318/455] DCCU
[01:21:49] [319/455] PSCE
[01:21:50] [320/455] KSNY
[01:21:51] 🔄 Identity reset
[01:21:51] 🔄 Identity rotated (every 10 requests)
[01:21:51] [321/455] ACID
[01:21:52] [322/455] LVCD
[01:21:54] [323/455] KSSB
[01:21:55] [324/455] SWTD
[01:21:56] [325/455] RBMR
[01:21:56] [326/455] SCBC
[01:21:57] [327/455] RKME
[01:21:58] [328/455] GALX
[01:21:59] [329/455] GCCH
[01:22:00] [330/455] RATR
[01:22:01] 🔄 Identity reset
[01:22:01] 🔄 Identity rotated (every 10 requests)
[01:22:01] [331/455] GTGA
[01:22:02] [332/455] LTTR
[01:22:03] [333/455] TTAA
[01:22:04] [334/455] TVHP
[01:22:05] [335/455] KVCS
[01:22:06] [336/455] CBMC
[01:22:07] [337/455] MAYJ
[01:22:08] [338/455] INPR
[01:22:09] [339/455] RSSC
[01:22:10] [340/455] PCAN
[01:22:11] 🔄 Identity reset
[01:22:11] 🔄 Identity rotated (every 10 requests)
[01:22:11] [341/455] PVHR
[01:22:12] [342/455] AGSM
[01:22:13] [343/455] PVES
[01:22:14] [344/455] INTO
[01:22:15] [345/455] ACON
[01:22:16] [346/455] PVPZ
[01:22:17] [347/455] PVHC
[01:22:18] [348/455] KSTK
[01:22:19] [349/455] PVSR
[01:22:20] [350/455] ACTN
[01:22:20] 🔄 Identity reset
[01:22:21] 🔄 Identity rotated (every 10 requests)
[01:22:21] [351/455] FMCN
[01:22:22] [352/455] PABC
[01:22:22] [353/455] SUTC
[01:22:23] [354/455] PGMV
[01:22:24] [355/455] GKCP
[01:22:25] [356/455] INCH
[01:22:26] [357/455] MLMT
[01:22:27] [358/455] SSCC
[01:22:28] [359/455] SLMP
[01:22:28] [360/455] VVTN
[01:22:29] 🔄 Identity reset
[01:22:29] 🔄 Identity rotated (every 10 requests)
[01:22:29] [361/455] SBTR
[01:22:30] [362/455] PGRA
[01:22:31] [363/455] PBRM
[01:22:32] [364/455] GCRP
[01:22:32] [365/455] MCSK
[01:22:34] [366/455] NLTC
[01:22:35] [367/455] MTLM
[01:22:36] [368/455] VECT
[01:22:36] [369/455] KMRM
[01:22:37] [370/455] RACM
[01:22:38] 🔄 Identity reset
[01:22:38] 🔄 Identity rotated (every 10 requests)
[01:22:39] [371/455] WSTC
[01:22:40] [372/455] PVTJ
[01:22:41] [373/455] MMKC
[01:22:42] [374/455] SVWT
[01:22:43] [375/455] JOTG
[01:22:44] [376/455] VCDK
[01:22:45] [377/455] ANAC
[01:22:46] [378/455] GRTC
[01:22:47] [379/455] JTPL
[01:22:48] [380/455] VRCP
[01:22:48] 🔄 Identity reset
[01:22:48] 🔄 Identity rotated (every 10 requests)
[01:22:49] [381/455] REMC
[01:22:50] [382/455] ATMG
[01:22:51] [383/455] GAHC
[01:22:52] [384/455] JTMV
[01:22:53] [385/455] OMTT
[01:22:54] [386/455] GKKC
[01:22:55] [387/455] BBPO
[01:22:56] [388/455] ZCBB
[01:22:57] [389/455] DCGO
[01:22:58] [390/455] STOP
[01:22:59] 🔄 Identity reset
[01:22:59] 🔄 Identity rotated (every 10 requests)
[01:22:59] [391/455] BSPC
[01:23:00] [392/455] SOND
[01:23:01] [393/455] GCKG
[01:23:02] [394/455] PCDB
[01:23:03] [395/455] PGRC
[01:23:04] [396/455] CSCT
[01:23:05] [397/455] STDA
[01:23:06] [398/455] JAYD
[01:23:07] [399/455] PPPD
[01:23:08] [400/455] KRTT
[01:23:09] 🔄 Identity reset
[01:23:09] 🔄 Identity rotated (every 10 requests)
[01:23:09] [401/455] PTDT
[01:23:10] [402/455] TRSV
[01:23:11] [403/455] VELR
[01:23:12] [404/455] STDT
[01:23:13] [405/455] SATT
[01:23:14] [406/455] KCPM
[01:23:15] [407/455] MFCP
[01:23:15] [408/455] AXMP
[01:23:16] [409/455] LTVB
[01:23:17] [410/455] APST
[01:23:18] 🔄 Identity reset
[01:23:18] 🔄 Identity rotated (every 10 requests)
[01:23:18] [411/455] DTVP
[01:23:19] [412/455] AAVB
[01:23:20] [413/455] PMBL
[01:23:21] [414/455] STKC
[01:23:22] [415/455] KKMA
[01:23:23] [416/455] NMXS
[01:23:23] [417/455] DECX
[01:23:24] [418/455] MAPJ
[01:23:25] [419/455] SMLK
[01:23:26] [420/455] PMPU
[01:23:27] 🔄 Identity reset
[01:23:27] 🔄 Identity rotated (every 10 requests)
[01:23:27] [421/455] AFST
[01:23:28] [422/455] SRSY
[01:23:29] [423/455] RMKT
[01:23:30] [424/455] RAJX
[01:23:30] [425/455] UVCD
[01:23:31] [426/455] LISA
[01:23:32] [427/455] LMSR
[01:23:33] [428/455] PMCA
[01:23:34] [429/455] INPO
[01:23:35] [430/455] INGO
[01:23:35] 🔄 Identity reset
[01:23:35] 🔄 Identity rotated (every 10 requests)
[01:23:36] [431/455] HFSQ
[01:23:37] [432/455] INMG
[01:23:38] [433/455] NYCP
[01:23:39] [434/455] HFSV
[01:23:40] [435/455] MMZP
[01:23:41] [436/455] KSES
[01:23:42] [437/455] HFSA
[01:23:43] [438/455] ACMM
[01:23:43] [439/455] RCKD
[01:23:45] [440/455] BCKR
[01:23:46] 🔄 Identity reset
[01:23:46] 🔄 Identity rotated (every 10 requests)
[01:23:46] [441/455] SFCO
[01:23:47] [442/455] JCCB
[01:23:48] [443/455] BCCR
[01:23:49] [444/455] NWCB
[01:23:50] [445/455] SAMT
[01:23:51] [446/455] TMST
[01:23:52] [447/455] SJCN
[01:23:53] [448/455] MCBS
[01:23:54] [449/455] CMKR
[01:23:55] [450/455] INPM
[01:23:56] 🔄 Identity reset
[01:23:56] 🔄 Identity rotated (every 10 requests)
[01:23:56] [451/455] WVMT
[01:23:57] [452/455] NYSM
[01:23:59] [453/455] RCMA
[01:24:00] [454/455] RECM
[01:24:01] [455/455] CYCM
[01:24:02] ✅ DONE | Shows=0 | Movies=0
[01:45:31] 🚀 BMS DAILY TRACKER STARTED (enhanced anti‑detection)
[01:45:31] [1/455] MXGN
[01:45:32] 🧠 New identity created
[01:45:33] [2/455] PGGM
[01:45:34] [3/455] IPMJ
[01:45:35] [4/455] M2PP
[01:45:36] [5/455] PMMS
[01:45:37] [6/455] SCJN
[01:45:38] [7/455] CPUM
[01:45:39] [8/455] SCND
[01:45:40] [9/455] INWM
[01:45:41] [10/455] DVDC
[01:45:41] 🔄 Identity reset
[01:45:41] 🔄 Identity rotated (every 10 requests)
[01:45:42] [11/455] WVND
[01:45:43] [12/455] LBDL
[01:45:44] [13/455] CRGM
[01:45:45] [14/455] PVKS
[01:45:46] [15/455] PBLL
[01:45:48] [16/455] FNLN
[01:45:49] [17/455] PPDA
[01:45:50] [18/455] SCPT
[01:45:51] [19/455] IAJS
[01:45:52] [20/455] MMZG
[01:45:52] 🔄 Identity reset
[01:45:52] 🔄 Identity rotated (every 10 requests)
[01:45:53] [21/455] MCTI
[01:45:54] [22/455] PPMF
[01:45:54] [23/455] FNSD
[01:45:55] [24/455] M2RH
[01:45:56] [25/455] CPGV
[01:45:57] [26/455] PECD
[01:45:59] [27/455] CTEE
[01:46:00] [28/455] IOMG
[01:46:01] [29/455] CIJA
[01:46:02] [30/455] NYCG
[01:46:03] 🔄 Identity reset
[01:46:03] 🔄 Identity rotated (every 10 requests)
[01:46:03] [31/455] CEST
[01:46:05] [32/455] WVRG
[01:46:06] [33/455] DPDC
[01:46:07] [34/455] PDIV
[01:46:08] [35/455] MTPP
[01:46:09] [36/455] MHNU
[01:46:10] [37/455] WUPG
[01:46:11] [38/455] USCO
[01:46:12] [39/455] INFR
[01:46:13] [40/455] PVPD
[01:46:14] 🔄 Identity reset
[01:46:14] 🔄 Identity rotated (every 10 requests)
[01:46:14] [41/455] RONC
[01:46:15] [42/455] IOCP
[01:46:16] [43/455] EMPS
[01:46:17] [44/455] PNAD
[01:46:18] [45/455] VVGZ
[01:46:20] [46/455] MDDC
[01:46:21] [47/455] MMAP
[01:46:22] [48/455] GPDC
[01:46:23] [49/455] PVPU
[01:46:24] [50/455] DCMV
[01:46:24] 🔄 Identity reset
[01:46:24] 🔄 Identity rotated (every 10 requests)
[01:46:26] [51/455] PCCF
[01:46:26] [52/455] MCEF
[01:46:27] [53/455] INRD
[01:46:28] [54/455] CCPZ
[01:46:29] [55/455] BCWG
[01:46:30] [56/455] PMGU
[01:46:31] [57/455] MCVM
[01:46:33] [58/455] MCDE
[01:46:33] [59/455] IEFM
[01:46:34] [60/455] MXCS
[01:46:35] 🔄 Identity reset
[01:46:35] 🔄 Identity rotated (every 10 requests)
[01:46:35] [61/455] RNMT
[01:46:36] [62/455] PSDD
[01:46:37] [63/455] PETA
[01:46:38] [64/455] IZOP
[01:46:39] [65/455] PDEI
[01:46:40] [66/455] MTND
[01:46:41] [67/455] PCPL
[01:46:42] [68/455] LSCM
[01:46:42] [69/455] BTFD
[01:46:44] [70/455] MERM
[01:46:44] 🔄 Identity reset
[01:46:44] 🔄 Identity rotated (every 10 requests)
[01:46:45] [71/455] PVMS
[01:46:46] [72/455] CIGK
[01:46:46] [73/455] INSG
[01:46:48] [74/455] IDEN
[01:46:49] [75/455] MCGN
[01:46:50] [76/455] IGAM
[01:46:51] [77/455] SLCU
[01:46:52] [78/455] MIMU
[01:46:53] [79/455] QLAC
[01:46:53] [80/455] MENL
[01:46:54] 🔄 Identity reset
[01:46:54] 🔄 Identity rotated (every 10 requests)
[01:46:54] [81/455] SCUR
[01:46:55] [82/455] MDGD
[01:46:56] [83/455] LSRS
[01:46:58] [84/455] KMLG
[01:46:59] [85/455] MKLJ
[01:47:01] [86/455] IBYG
[01:47:02] [87/455] ISML
[01:47:03] [88/455] MJMM
[01:47:04] [89/455] RCGD
[01:47:05] [90/455] MMOC
[01:47:05] 🔄 Identity reset
[01:47:05] 🔄 Identity rotated (every 10 requests)
[01:47:06] [91/455] RRCO
[01:47:07] [92/455] MEDM
[01:47:08] [93/455] MCAZ
[01:47:09] [94/455] STWA
[01:47:10] [95/455] PFFG
[01:47:11] [96/455] GAGC
[01:47:12] [97/455] PMPM
[01:47:12] [98/455] HVCD
[01:47:14] [99/455] AKRF
[01:47:14] [100/455] AKRC
[01:47:15] 🔄 Identity reset
[01:47:15] 🔄 Identity rotated (every 10 requests)
[01:47:15] [101/455] MIDA
[01:47:16] [102/455] MAGX
[01:47:17] [103/455] ESOS
[01:47:18] [104/455] BBCL
[01:47:19] [105/455] LYAS
[01:47:20] [106/455] NRMS
[01:47:21] [107/455] BHUC
[01:47:22] [108/455] SRIC
[01:47:23] [109/455] PDME
[01:47:24] [110/455] MJCS
[01:47:25] 🔄 Identity reset
[01:47:25] 🔄 Identity rotated (every 10 requests)
[01:47:25] [111/455] NRAA
[01:47:26] [112/455] VATA
[01:47:27] [113/455] MNKC
[01:47:28] [114/455] DHCL
[01:47:29] [115/455] JCPC
[01:47:30] [116/455] CTML
[01:47:31] [117/455] RMMR
[01:47:32] [118/455] STTL
[01:47:33] [119/455] CNPS
[01:47:34] [120/455] ACKL
[01:47:35] 🔄 Identity reset
[01:47:35] 🔄 Identity rotated (every 10 requests)
[01:47:36] [121/455] SCAU
[01:47:37] [122/455] RMIA
[01:47:38] [123/455] MANU
[01:47:39] [124/455] ARDC
[01:47:40] [125/455] GLDA
[01:47:41] [126/455] KVSW
[01:47:43] [127/455] CGCA
[01:47:44] [128/455] CMLO
[01:47:45] [129/455] CECB
[01:47:46] [130/455] RCPN
[01:47:46] 🔄 Identity reset
[01:47:46] 🔄 Identity rotated (every 10 requests)
[01:47:47] [131/455] ASMW
[01:47:48] [132/455] PWLM
[01:47:49] [133/455] ASGM
[01:47:50] [134/455] ACWH
[01:47:51] [135/455] AAPW
[01:47:51] [136/455] RTWA
[01:47:52] [137/455] RAMW
[01:47:53] [138/455] VKTR
[01:47:54] [139/455] SMBH
[01:47:55] [140/455] BVDR
[01:47:56] 🔄 Identity reset
[01:47:56] 🔄 Identity rotated (every 10 requests)
[01:47:56] [141/455] MRTP
[01:47:57] [142/455] BLBR
[01:47:58] [143/455] LPIN
[01:47:59] [144/455] SNPC
[01:48:00] [145/455] PDCB
[01:48:01] [146/455] DYPK
[01:48:02] [147/455] INMK
[01:48:03] [148/455] PDCK
[01:48:04] [149/455] PCKR
[01:48:05] [150/455] SHUA
[01:48:06] 🔄 Identity reset
[01:48:06] 🔄 Identity rotated (every 10 requests)
[01:48:06] [151/455] SCVK
[01:48:07] [152/455] STPA
[01:48:08] [153/455] WVHD
[01:48:09] [154/455] MRCH
[01:48:10] [155/455] MCNP
[01:48:11] [156/455] RCAG
[01:48:11] [157/455] JTSN
[01:48:13] [158/455] AANS
[01:48:15] [159/455] GDDR
[01:48:16] [160/455] SRER
[01:48:17] 🔄 Identity reset
[01:48:17] 🔄 Identity rotated (every 10 requests)
[01:48:17] [161/455] JKMA
[01:48:18] [162/455] ARAN
[01:48:19] [163/455] ALCT
[01:48:20] [164/455] CCTA
[01:48:21] [165/455] CNCT
[01:48:22] [166/455] NZBL
[01:48:22] [167/455] SRRA
[01:48:23] [168/455] SVPW
[01:48:25] [169/455] SRTW
[01:48:26] [170/455] XMTD
[01:48:27] 🔄 Identity reset
[01:48:27] 🔄 Identity rotated (every 10 requests)
[01:48:27] [171/455] SCCZ
[01:48:28] [172/455] PBCR
[01:48:29] [173/455] RTSC
[01:48:30] [174/455] TLSV
[01:48:32] [175/455] RMTK
[01:48:34] [176/455] SRAT
[01:48:35] [177/455] GCYC
[01:48:36] [178/455] HCAJ
[01:48:37] [179/455] LCXA
[01:48:38] [180/455] BINT
[01:48:39] 🔄 Identity reset
[01:48:39] 🔄 Identity rotated (every 10 requests)
[01:48:39] [181/455] IXIM
[01:48:40] [182/455] MBCR
[01:48:41] [183/455] BMCJ
[01:48:42] [184/455] NICJ
[01:48:43] [185/455] SCAJ
[01:48:44] [186/455] CMXS
[01:48:44] [187/455] MMSR
[01:48:45] [188/455] PRKT
[01:48:46] [189/455] LPTH
[01:48:47] [190/455] SARP
[01:48:48] 🔄 Identity reset
[01:48:48] 🔄 Identity rotated (every 10 requests)
[01:48:48] [191/455] MNPP
[01:48:49] [192/455] PRLR
[01:48:50] [193/455] RCMW
[01:48:51] [194/455] FCMG
[01:48:52] [195/455] RTNK
[01:48:53] [196/455] LRCP
[01:48:54] [197/455] DBJR
[01:48:55] [198/455] CACN
[01:48:56] [199/455] AMRL
[01:48:57] [200/455] SBBC
[01:48:58] 🔄 Identity reset
[01:48:58] 🔄 Identity rotated (every 10 requests)
[01:48:58] [201/455] VENN
[01:48:59] [202/455] STSS
[01:49:00] [203/455] SMRB
[01:49:01] [204/455] CCMX
[01:49:02] [205/455] KCMR
[01:49:03] [206/455] SALH
[01:49:04] [207/455] CGTT
[01:49:05] [208/455] PMDR
[01:49:05] [209/455] VCPM
[01:49:06] [210/455] RZMX
[01:49:07] 🔄 Identity reset
[01:49:07] 🔄 Identity rotated (every 10 requests)
[01:49:08] [211/455] TMSY
[01:49:09] [212/455] NTMS
[01:49:10] [213/455] VTAG
[01:49:11] [214/455] REMA
[01:49:12] [215/455] NXCC
[01:49:13] [216/455] SKYM
[01:49:15] [217/455] CCMO
[01:49:16] [218/455] DMXM
[01:49:17] [219/455] SPPM
[01:49:18] [220/455] PTKL
[01:49:18] 🔄 Identity reset
[01:49:18] 🔄 Identity rotated (every 10 requests)
[01:49:19] [221/455] SLVO
[01:49:20] [222/455] VASL
[01:49:21] [223/455] CBCM
[01:49:22] [224/455] STMA
[01:49:22] [225/455] LASK
[01:49:23] [226/455] VITE
[01:49:24] [227/455] AAST
[01:49:25] [228/455] JTPT
[01:49:26] [229/455] RRSH
[01:49:27] [230/455] CINL
[01:49:28] 🔄 Identity reset
[01:49:28] 🔄 Identity rotated (every 10 requests)
[01:49:28] [231/455] MCSR
[01:49:29] [232/455] SBCF
[01:49:30] [233/455] GCDU
[01:49:31] [234/455] PSPR
[01:49:32] [235/455] IMMO
[01:49:33] [236/455] CLGM
[01:49:34] [237/455] PBMM
[01:49:34] [238/455] CEHR
[01:49:35] [239/455] CPOE
[01:49:36] [240/455] PGFD
[01:49:37] 🔄 Identity reset
[01:49:37] 🔄 Identity rotated (every 10 requests)
[01:49:37] [241/455] PSLC
[01:49:38] [242/455] MSMD
[01:49:39] [243/455] FMFB
[01:49:40] [244/455] RKCL
[01:49:41] [245/455] PMMC
[01:49:42] [246/455] SKMM
[01:49:43] [247/455] VOIB
[01:49:44] [248/455] KINO
[01:49:45] [249/455] VCTP
[01:49:46] [250/455] PDWR
[01:49:47] 🔄 Identity reset
[01:49:47] 🔄 Identity rotated (every 10 requests)
[01:49:48] [251/455] SAED
[01:49:49] [252/455] SRRT
[01:49:50] [253/455] CVLG
[01:49:50] [254/455] SNGN
[01:49:51] [255/455] SIDA
[01:49:52] [256/455] IMCB
[01:49:53] [257/455] SMHP
[01:49:54] [258/455] GDTY
[01:49:55] [259/455] VYCH
[01:49:56] [260/455] PDYA
[01:49:57] 🔄 Identity reset
[01:49:57] 🔄 Identity rotated (every 10 requests)
[01:49:57] [261/455] RKDO
[01:49:58] [262/455] VECG
[01:49:59] [263/455] NFGD
[01:50:00] [264/455] SNDC
[01:50:01] [265/455] SDJH
[01:50:02] [266/455] HASV
[01:50:04] [267/455] PTYK
[01:50:05] [268/455] MUTB
[01:50:06] [269/455] AMRT
[01:50:07] [270/455] VACD
[01:50:08] 🔄 Identity reset
[01:50:08] 🔄 Identity rotated (every 10 requests)
[01:50:08] [271/455] SKDD
[01:50:09] [272/455] STGR
[01:50:10] [273/455] GDAK
[01:50:11] [274/455] SKHK
[01:50:11] [275/455] SLND
[01:50:12] [276/455] APAP
[01:50:13] [277/455] AYYA
[01:50:14] [278/455] VCCZ
[01:50:15] [279/455] MEML
[01:50:16] [280/455] MAOU
[01:50:16] 🔄 Identity reset
[01:50:16] 🔄 Identity rotated (every 10 requests)
[01:50:17] [281/455] ESND
[01:50:18] [282/455] PTBZ
[01:50:19] [283/455] LBCN
[01:50:20] [284/455] PAWA
[01:50:20] [285/455] ZEIC
[01:50:21] [286/455] CGMM
[01:50:22] [287/455] PJPM
[01:50:23] [288/455] ECMR
[01:50:25] [289/455] SHMZ
[01:50:26] [290/455] STCA
[01:50:26] 🔄 Identity reset
[01:50:26] 🔄 Identity rotated (every 10 requests)
[01:50:27] [291/455] VDRC
[01:50:28] [292/455] SEEM
[01:50:30] [293/455] MKNS
[01:50:30] [294/455] KPPP
[01:50:31] [295/455] CCML
[01:50:32] [296/455] CIBA
[01:50:33] [297/455] NACS
[01:50:35] [298/455] CTMK
[01:50:36] [299/455] CTCT
[01:50:38] [300/455] MCSN
[01:50:38] 🔄 Identity reset
[01:50:38] 🔄 Identity rotated (every 10 requests)
[01:50:40] [301/455] MAXX
[01:50:41] [302/455] MECB
[01:50:42] [303/455] NTBY
[01:50:43] [304/455] UTBI
[01:50:44] [305/455] RADK
[01:50:45] [306/455] STBY
[01:50:46] [307/455] GTBY
[01:50:47] [308/455] RRMB
[01:50:48] [309/455] ABRN
[01:50:49] [310/455] GTSG
[01:50:49] 🔄 Identity reset
[01:50:49] 🔄 Identity rotated (every 10 requests)
[01:50:51] [311/455] GBTG
[01:50:51] [312/455] SBGS
[01:50:52] [313/455] KBPM
[01:50:53] [314/455] SMHT
[01:50:54] [315/455] VTDM
[01:50:56] [316/455] ASCT
[01:50:57] [317/455] AWCT
[01:50:58] [318/455] DCCU
[01:50:59] [319/455] PSCE
[01:51:01] [320/455] KSNY
[01:51:02] 🔄 Identity reset
[01:51:02] 🔄 Identity rotated (every 10 requests)
[01:51:02] [321/455] ACID
[01:51:03] [322/455] LVCD
[01:51:04] [323/455] KSSB
[01:51:04] [324/455] SWTD
[01:51:05] [325/455] RBMR
[01:51:06] [326/455] SCBC
[01:51:07] [327/455] RKME
[01:51:08] [328/455] GALX
[01:51:09] [329/455] GCCH
[01:51:11] [330/455] RATR
[01:51:11] 🔄 Identity reset
[01:51:11] 🔄 Identity rotated (every 10 requests)
[01:51:12] [331/455] GTGA
[01:51:13] [332/455] LTTR
[01:51:14] [333/455] TTAA
[01:51:15] [334/455] TVHP
[01:51:16] [335/455] KVCS
[01:51:16] [336/455] CBMC
[01:51:17] [337/455] MAYJ
[01:51:18] [338/455] INPR
[01:51:19] [339/455] RSSC
[01:51:21] [340/455] PCAN
[01:51:21] 🔄 Identity reset
[01:51:21] 🔄 Identity rotated (every 10 requests)
[01:51:21] [341/455] PVHR
[01:51:22] [342/455] AGSM
[01:51:23] [343/455] PVES
[01:51:24] [344/455] INTO
[01:51:25] [345/455] ACON
[01:51:26] [346/455] PVPZ
[01:51:28] [347/455] PVHC
[01:51:29] [348/455] KSTK
[01:51:30] [349/455] PVSR
[01:51:31] [350/455] ACTN
[01:51:32] 🔄 Identity reset
[01:51:32] 🔄 Identity rotated (every 10 requests)
[01:51:32] [351/455] FMCN
[01:51:34] [352/455] PABC
[01:51:35] [353/455] SUTC
[01:51:36] [354/455] PGMV
[01:51:37] [355/455] GKCP
[01:51:37] [356/455] INCH
[01:51:38] [357/455] MLMT
[01:51:39] [358/455] SSCC
[01:51:40] [359/455] SLMP
[01:51:42] [360/455] VVTN
[01:51:42] 🔄 Identity reset
[01:51:42] 🔄 Identity rotated (every 10 requests)
[01:51:43] [361/455] SBTR
[01:51:44] [362/455] PGRA
[01:51:45] [363/455] PBRM
[01:51:46] [364/455] GCRP
[01:51:47] [365/455] MCSK
[01:51:48] [366/455] NLTC
[01:51:49] [367/455] MTLM
[01:51:50] [368/455] VECT
[01:51:51] [369/455] KMRM
[01:51:52] [370/455] RACM
[01:51:53] 🔄 Identity reset
[01:51:53] 🔄 Identity rotated (every 10 requests)
[01:51:53] [371/455] WSTC
[01:51:54] [372/455] PVTJ
[01:51:56] [373/455] MMKC
[01:51:57] [374/455] SVWT
[01:51:58] [375/455] JOTG
[01:51:59] [376/455] VCDK
[01:51:59] [377/455] ANAC
[01:52:00] [378/455] GRTC
[01:52:01] [379/455] JTPL
[01:52:02] [380/455] VRCP
[01:52:03] 🔄 Identity reset
[01:52:03] 🔄 Identity rotated (every 10 requests)
[01:52:03] [381/455] REMC
[01:52:04] [382/455] ATMG
[01:52:05] [383/455] GAHC
[01:52:07] [384/455] JTMV
[01:52:08] [385/455] OMTT
[01:52:09] [386/455] GKKC
[01:52:11] [387/455] BBPO
[01:52:12] [388/455] ZCBB
[01:52:13] [389/455] DCGO
[01:52:14] [390/455] STOP
[01:52:14] 🔄 Identity reset
[01:52:14] 🔄 Identity rotated (every 10 requests)
[01:52:15] [391/455] BSPC
[01:52:16] [392/455] SOND
[01:52:17] [393/455] GCKG
[01:52:17] [394/455] PCDB
[01:52:18] [395/455] PGRC
[01:52:20] [396/455] CSCT
[01:52:21] [397/455] STDA
[01:52:22] [398/455] JAYD
[01:52:23] [399/455] PPPD
[01:52:24] [400/455] KRTT
[01:52:24] 🔄 Identity reset
[01:52:25] 🔄 Identity rotated (every 10 requests)
[01:52:25] [401/455] PTDT
[01:52:26] [402/455] TRSV
[01:52:27] [403/455] VELR
[01:52:28] [404/455] STDT
[01:52:30] [405/455] SATT
[01:52:31] [406/455] KCPM
[01:52:32] [407/455] MFCP
[01:52:32] [408/455] AXMP
[01:52:33] [409/455] LTVB
[01:52:34] [410/455] APST
[01:52:35] 🔄 Identity reset
[01:52:35] 🔄 Identity rotated (every 10 requests)
[01:52:35] [411/455] DTVP
[01:52:36] [412/455] AAVB
[01:52:37] [413/455] PMBL
[01:52:38] [414/455] STKC
[01:52:39] [415/455] KKMA
[01:52:40] [416/455] NMXS
[01:52:41] [417/455] DECX
[01:52:42] [418/455] MAPJ
[01:52:43] [419/455] SMLK
[01:52:44] [420/455] PMPU
[01:52:45] 🔄 Identity reset
[01:52:45] 🔄 Identity rotated (every 10 requests)
[01:52:45] [421/455] AFST
[01:52:46] [422/455] SRSY
[01:52:48] [423/455] RMKT
[01:52:49] [424/455] RAJX
[01:52:49] [425/455] UVCD
[01:52:50] [426/455] LISA
[01:52:51] [427/455] LMSR
[01:52:52] [428/455] PMCA
[01:52:53] [429/455] INPO
[01:52:54] [430/455] INGO
[01:52:55] 🔄 Identity reset
[01:52:55] 🔄 Identity rotated (every 10 requests)
[01:52:55] [431/455] HFSQ
[01:52:56] [432/455] INMG
[01:52:57] [433/455] NYCP
[01:52:58] [434/455] HFSV
[01:52:59] [435/455] MMZP
[01:53:01] [436/455] KSES
[01:53:01] [437/455] HFSA
[01:53:03] [438/455] ACMM
[01:53:04] [439/455] RCKD
[01:53:04] [440/455] BCKR
[01:53:05] 🔄 Identity reset
[01:53:05] 🔄 Identity rotated (every 10 requests)
[01:53:05] [441/455] SFCO
[01:53:06] [442/455] JCCB
[01:53:07] [443/455] BCCR
[01:53:08] [444/455] NWCB
[01:53:09] [445/455] SAMT
[01:53:10] [446/455] TMST
[01:53:11] [447/455] SJCN
[01:53:12] [448/455] MCBS
[01:53:14] [449/455] CMKR
[01:53:15] [450/455] INPM
[01:53:16] 🔄 Identity reset
[01:53:16] 🔄 Identity rotated (every 10 requests)
[01:53:16] [451/455] WVMT
[01:53:18] [452/455] NYSM
[01:53:19] [453/455] RCMA
[01:53:20] [454/455] RECM
[01:53:21] [455/455] CYCM
[01:53:21] ✅ DONE | Shows=0 | Movies=0
[02:16:43] 🚀 BMS DAILY TRACKER STARTED (enhanced anti‑detection)
[02:16:43] [1/455] MXGN
[02:16:43] 🧠 New identity created
[02:16:44] [2/455] PGGM
[02:16:45] [3/455] IPMJ
[02:16:46] [4/455] M2PP
[02:16:46] [5/455] PMMS
[02:16:48] [6/455] SCJN
[02:16:49] [7/455] CPUM
[02:16:50] [8/455] SCND
[02:16:51] [9/455] INWM
[02:16:52] [10/455] DVDC
[02:16:52] 🔄 Identity reset
[02:16:52] 🔄 Identity rotated (every 10 requests)
[02:16:53] [11/455] WVND
[02:16:54] [12/455] LBDL
[02:16:55] [13/455] CRGM
[02:16:56] [14/455] PVKS
[02:16:57] [15/455] PBLL
[02:16:58] [16/455] FNLN
[02:16:59] [17/455] PPDA
[02:17:00] [18/455] SCPT
[02:17:01] [19/455] IAJS
[02:17:02] [20/455] MMZG
[02:17:02] 🔄 Identity reset
[02:17:02] 🔄 Identity rotated (every 10 requests)
[02:17:03] [21/455] MCTI
[02:17:03] [22/455] PPMF
[02:17:04] [23/455] FNSD
[02:17:05] [24/455] M2RH
[02:17:06] [25/455] CPGV
[02:17:07] [26/455] PECD
[02:17:09] [27/455] CTEE
[02:17:10] [28/455] IOMG
[02:17:11] [29/455] CIJA
[02:17:12] [30/455] NYCG
[02:17:13] 🔄 Identity reset
[02:17:13] 🔄 Identity rotated (every 10 requests)
[02:17:13] [31/455] CEST
[02:17:14] [32/455] WVRG
[02:17:15] [33/455] DPDC
[02:17:16] [34/455] PDIV
[02:17:17] [35/455] MTPP
[02:17:18] [36/455] MHNU
[02:17:18] [37/455] WUPG
[02:17:19] [38/455] USCO
[02:17:21] [39/455] INFR
[02:17:22] [40/455] PVPD
[02:17:23] 🔄 Identity reset
[02:17:23] 🔄 Identity rotated (every 10 requests)
[02:17:23] [41/455] RONC
[02:17:25] [42/455] IOCP
[02:17:26] [43/455] EMPS
[02:17:26] [44/455] PNAD
[02:17:27] [45/455] VVGZ
[02:17:28] [46/455] MDDC
[02:17:29] [47/455] MMAP
[02:17:31] [48/455] GPDC
[02:17:32] [49/455] PVPU
[02:17:33] [50/455] DCMV
[02:17:34] 🔄 Identity reset
[02:17:34] 🔄 Identity rotated (every 10 requests)
[02:17:34] [51/455] PCCF
[02:17:35] [52/455] MCEF
[02:17:36] [53/455] INRD
[02:17:37] [54/455] CCPZ
[02:17:38] [55/455] BCWG
[02:17:39] [56/455] PMGU
[02:17:40] [57/455] MCVM
[02:17:41] [58/455] MCDE
[02:17:42] [59/455] IEFM
[02:17:43] [60/455] MXCS
[02:17:43] 🔄 Identity reset
[02:17:43] 🔄 Identity rotated (every 10 requests)
[02:17:44] [61/455] RNMT
[02:17:45] [62/455] PSDD
[02:17:46] [63/455] PETA
[02:17:47] [64/455] IZOP
[02:17:48] [65/455] PDEI
[02:17:49] [66/455] MTND
[02:17:51] [67/455] PCPL
[02:17:52] [68/455] LSCM
[02:17:53] [69/455] BTFD
[02:17:54] [70/455] MERM
[02:17:55] 🔄 Identity reset
[02:17:55] 🔄 Identity rotated (every 10 requests)
[02:17:55] [71/455] PVMS
[02:17:56] [72/455] CIGK
[02:17:57] [73/455] INSG
[02:17:58] [74/455] IDEN
[02:17:59] [75/455] MCGN
[02:18:00] [76/455] IGAM
[02:18:01] [77/455] SLCU
[02:18:02] [78/455] MIMU
[02:18:03] [79/455] QLAC
[02:18:04] [80/455] MENL
[02:18:04] 🔄 Identity reset
[02:18:04] 🔄 Identity rotated (every 10 requests)
[02:18:05] [81/455] SCUR
[02:18:06] [82/455] MDGD
[02:18:07] [83/455] LSRS
[02:18:08] [84/455] KMLG
[02:18:09] [85/455] MKLJ
[02:18:10] [86/455] IBYG
[02:18:11] [87/455] ISML
[02:18:12] [88/455] MJMM
[02:18:13] [89/455] RCGD
[02:18:14] [90/455] MMOC
[02:18:15] 🔄 Identity reset
[02:18:15] 🔄 Identity rotated (every 10 requests)
[02:18:15] [91/455] RRCO
[02:18:17] [92/455] MEDM
[02:18:18] [93/455] MCAZ
[02:18:19] [94/455] STWA
[02:18:20] [95/455] PFFG
[02:18:22] [96/455] GAGC
[02:18:23] [97/455] PMPM
[02:18:24] [98/455] HVCD
[02:18:25] [99/455] AKRF
[02:18:25] [100/455] AKRC
[02:18:26] 🔄 Identity reset
[02:18:26] 🔄 Identity rotated (every 10 requests)
[02:18:27] [101/455] MIDA
[02:18:28] [102/455] MAGX
[02:18:28] [103/455] ESOS
[02:18:29] [104/455] BBCL
[02:18:31] [105/455] LYAS
[02:18:31] [106/455] NRMS
[02:18:32] [107/455] BHUC
[02:18:33] [108/455] SRIC
[02:18:35] [109/455] PDME
[02:18:37] [110/455] MJCS
[02:18:37] 🔄 Identity reset
[02:18:37] 🔄 Identity rotated (every 10 requests)
[02:18:38] [111/455] NRAA
[02:18:39] [112/455] VATA
[02:18:40] [113/455] MNKC
[02:18:41] [114/455] DHCL
[02:18:42] [115/455] JCPC
[02:18:43] [116/455] CTML
[02:18:44] [117/455] RMMR
[02:18:45] [118/455] STTL
[02:18:46] [119/455] CNPS
[02:18:47] [120/455] ACKL
[02:18:47] 🔄 Identity reset
[02:18:47] 🔄 Identity rotated (every 10 requests)
[02:18:47] [121/455] SCAU
[02:18:49] [122/455] RMIA
[02:18:50] [123/455] MANU
[02:18:51] [124/455] ARDC
[02:18:52] [125/455] GLDA
[02:18:53] [126/455] KVSW
[02:18:54] [127/455] CGCA
[02:18:55] [128/455] CMLO
[02:18:56] [129/455] CECB
[02:18:58] [130/455] RCPN
[02:18:58] 🔄 Identity reset
[02:18:59] 🔄 Identity rotated (every 10 requests)
[02:18:59] [131/455] ASMW
[02:19:00] [132/455] PWLM
[02:19:01] [133/455] ASGM
[02:19:02] [134/455] ACWH
[02:19:03] [135/455] AAPW
[02:19:04] [136/455] RTWA
[02:19:05] [137/455] RAMW
[02:19:06] [138/455] VKTR
[02:19:07] [139/455] SMBH
[02:19:08] [140/455] BVDR
[02:19:09] 🔄 Identity reset
[02:19:09] 🔄 Identity rotated (every 10 requests)
[02:19:09] [141/455] MRTP
[02:19:10] [142/455] BLBR
[02:19:11] [143/455] LPIN
[02:19:12] [144/455] SNPC
[02:19:13] [145/455] PDCB
[02:19:14] [146/455] DYPK
[02:19:14] [147/455] INMK
[02:19:15] [148/455] PDCK
[02:19:16] [149/455] PCKR
[02:19:17] [150/455] SHUA
[02:19:18] 🔄 Identity reset
[02:19:18] 🔄 Identity rotated (every 10 requests)
[02:19:18] [151/455] SCVK
[02:19:19] [152/455] STPA
[02:19:20] [153/455] WVHD
[02:19:21] [154/455] MRCH
[02:19:22] [155/455] MCNP
[02:19:23] [156/455] RCAG
[02:19:24] [157/455] JTSN
[02:19:25] [158/455] AANS
[02:19:26] [159/455] GDDR
[02:19:27] [160/455] SRER
[02:19:28] 🔄 Identity reset
[02:19:28] 🔄 Identity rotated (every 10 requests)
[02:19:28] [161/455] JKMA
[02:19:29] [162/455] ARAN
[02:19:30] [163/455] ALCT
[02:19:31] [164/455] CCTA
[02:19:32] [165/455] CNCT
[02:19:33] [166/455] NZBL
[02:19:34] [167/455] SRRA
[02:19:35] [168/455] SVPW
[02:19:36] [169/455] SRTW
[02:19:37] [170/455] XMTD
[02:19:38] 🔄 Identity reset
[02:19:38] 🔄 Identity rotated (every 10 requests)
[02:19:39] [171/455] SCCZ
[02:19:40] [172/455] PBCR
[02:19:41] [173/455] RTSC
[02:19:42] [174/455] TLSV
[02:19:44] [175/455] RMTK
[02:19:46] [176/455] SRAT
[02:19:47] [177/455] GCYC
[02:19:48] [178/455] HCAJ
[02:19:49] [179/455] LCXA
[02:19:50] [180/455] BINT
[02:19:51] 🔄 Identity reset
[02:19:51] 🔄 Identity rotated (every 10 requests)
[02:19:51] [181/455] IXIM
[02:19:52] [182/455] MBCR
[02:19:53] [183/455] BMCJ
[02:19:55] [184/455] NICJ
[02:19:56] [185/455] SCAJ
[02:19:57] [186/455] CMXS
[02:19:58] [187/455] MMSR
[02:19:59] [188/455] PRKT
[02:20:00] [189/455] LPTH
[02:20:00] [190/455] SARP
[02:20:01] 🔄 Identity reset
[02:20:01] 🔄 Identity rotated (every 10 requests)
[02:20:01] [191/455] MNPP
[02:20:02] [192/455] PRLR
[02:20:03] [193/455] RCMW
[02:20:05] [194/455] FCMG
[02:20:06] [195/455] RTNK
[02:20:08] [196/455] LRCP
[02:20:08] [197/455] DBJR
[02:20:09] [198/455] CACN
[02:20:11] [199/455] AMRL
[02:20:12] [200/455] SBBC
[02:20:13] 🔄 Identity reset
[02:20:13] 🔄 Identity rotated (every 10 requests)
[02:20:13] [201/455] VENN
[02:20:14] [202/455] STSS
[02:20:15] [203/455] SMRB
[02:20:16] [204/455] CCMX
[02:20:17] [205/455] KCMR
[02:20:18] [206/455] SALH
[02:20:19] [207/455] CGTT
[02:20:20] [208/455] PMDR
[02:20:21] [209/455] VCPM
[02:20:22] [210/455] RZMX
[02:20:23] 🔄 Identity reset
[02:20:23] 🔄 Identity rotated (every 10 requests)
[02:20:23] [211/455] TMSY
[02:20:24] [212/455] NTMS
[02:20:25] [213/455] VTAG
[02:20:26] [214/455] REMA
[02:20:27] [215/455] NXCC
[02:20:28] [216/455] SKYM
[02:20:29] [217/455] CCMO
[02:20:30] [218/455] DMXM
[02:20:31] [219/455] SPPM
[02:20:32] [220/455] PTKL
[02:20:32] 🔄 Identity reset
[02:20:32] 🔄 Identity rotated (every 10 requests)
[02:20:33] [221/455] SLVO
[02:20:34] [222/455] VASL
[02:20:35] [223/455] CBCM
[02:20:36] [224/455] STMA
[02:20:36] [225/455] LASK
[02:20:37] [226/455] VITE
[02:20:38] [227/455] AAST
[02:20:39] [228/455] JTPT
[02:20:40] [229/455] RRSH
[02:20:41] [230/455] CINL
[02:20:42] 🔄 Identity reset
[02:20:42] 🔄 Identity rotated (every 10 requests)
[02:20:42] [231/455] MCSR
[02:20:44] [232/455] SBCF
[02:20:44] [233/455] GCDU
[02:20:45] [234/455] PSPR
[02:20:46] [235/455] IMMO
[02:20:47] [236/455] CLGM
[02:20:48] [237/455] PBMM
[02:20:49] [238/455] CEHR
[02:20:50] [239/455] CPOE
[02:20:51] [240/455] PGFD
[02:20:52] 🔄 Identity reset
[02:20:52] 🔄 Identity rotated (every 10 requests)
[02:20:52] [241/455] PSLC
[02:20:53] [242/455] MSMD
[02:20:54] [243/455] FMFB
[02:20:55] [244/455] RKCL
[02:20:56] [245/455] PMMC
[02:20:57] [246/455] SKMM
[02:20:58] [247/455] VOIB
[02:20:59] [248/455] KINO
[02:21:00] [249/455] VCTP
[02:21:01] [250/455] PDWR
[02:21:02] 🔄 Identity reset
[02:21:02] 🔄 Identity rotated (every 10 requests)
[02:21:02] [251/455] SAED
[02:21:03] [252/455] SRRT
[02:21:04] [253/455] CVLG
[02:21:05] [254/455] SNGN
[02:21:07] [255/455] SIDA
[02:21:08] [256/455] IMCB
[02:21:09] [257/455] SMHP
[02:21:10] [258/455] GDTY
[02:21:11] [259/455] VYCH
[02:21:12] [260/455] PDYA
[02:21:12] 🔄 Identity reset
[02:21:12] 🔄 Identity rotated (every 10 requests)
[02:21:13] [261/455] RKDO
[02:21:14] [262/455] VECG
[02:21:15] [263/455] NFGD
[02:21:16] [264/455] SNDC
[02:21:16] [265/455] SDJH
[02:21:17] [266/455] HASV
[02:21:18] [267/455] PTYK
[02:21:19] [268/455] MUTB
[02:21:20] [269/455] AMRT
[02:21:21] [270/455] VACD
[02:21:22] 🔄 Identity reset
[02:21:22] 🔄 Identity rotated (every 10 requests)
[02:21:22] [271/455] SKDD
[02:21:23] [272/455] STGR
[02:21:24] [273/455] GDAK
[02:21:25] [274/455] SKHK
[02:21:26] [275/455] SLND
[02:21:27] [276/455] APAP
[02:21:28] [277/455] AYYA
[02:21:29] [278/455] VCCZ
[02:21:30] [279/455] MEML
[02:21:31] [280/455] MAOU
[02:21:31] 🔄 Identity reset
[02:21:31] 🔄 Identity rotated (every 10 requests)
[02:21:32] [281/455] ESND
[02:21:33] [282/455] PTBZ
[02:21:33] [283/455] LBCN
[02:21:34] [284/455] PAWA
[02:21:35] [285/455] ZEIC
[02:21:36] [286/455] CGMM
[02:21:37] [287/455] PJPM
[02:21:38] [288/455] ECMR
[02:21:39] [289/455] SHMZ
[02:21:40] [290/455] STCA
[02:21:41] 🔄 Identity reset
[02:21:41] 🔄 Identity rotated (every 10 requests)
[02:21:41] [291/455] VDRC
[02:21:42] [292/455] SEEM
[02:21:44] [293/455] MKNS
[02:21:44] [294/455] KPPP
[02:21:45] [295/455] CCML
[02:21:46] [296/455] CIBA
[02:21:47] [297/455] NACS
[02:21:49] [298/455] CTMK
[02:21:50] [299/455] CTCT
[02:21:51] [300/455] MCSN
[02:21:52] 🔄 Identity reset
[02:21:52] 🔄 Identity rotated (every 10 requests)
[02:21:52] [301/455] MAXX
[02:21:54] [302/455] MECB
[02:21:55] [303/455] NTBY
[02:21:57] [304/455] UTBI
[02:21:58] [305/455] RADK
[02:21:59] [306/455] STBY
[02:22:00] [307/455] GTBY
[02:22:01] [308/455] RRMB
[02:22:02] [309/455] ABRN
[02:22:03] [310/455] GTSG
[02:22:03] 🔄 Identity reset
[02:22:04] 🔄 Identity rotated (every 10 requests)
[02:22:04] [311/455] GBTG
[02:22:05] [312/455] SBGS
[02:22:06] [313/455] KBPM
[02:22:07] [314/455] SMHT
[02:22:08] [315/455] VTDM
[02:22:09] [316/455] ASCT
[02:22:09] [317/455] AWCT
[02:22:11] [318/455] DCCU
[02:22:12] [319/455] PSCE
[02:22:13] [320/455] KSNY
[02:22:14] 🔄 Identity reset
[02:22:14] 🔄 Identity rotated (every 10 requests)
[02:22:14] [321/455] ACID
[02:22:15] [322/455] LVCD
[02:22:16] [323/455] KSSB
[02:22:17] [324/455] SWTD
[02:22:18] [325/455] RBMR
[02:22:19] [326/455] SCBC
[02:22:20] [327/455] RKME
[02:22:21] [328/455] GALX
[02:22:22] [329/455] GCCH
[02:22:23] [330/455] RATR
[02:22:23] 🔄 Identity reset
[02:22:23] 🔄 Identity rotated (every 10 requests)
[02:22:24] [331/455] GTGA
[02:22:25] [332/455] LTTR
[02:22:26] [333/455] TTAA
[02:22:27] [334/455] TVHP
[02:22:27] [335/455] KVCS
[02:22:28] [336/455] CBMC
[02:22:29] [337/455] MAYJ
[02:22:30] [338/455] INPR
[02:22:31] [339/455] RSSC
[02:22:32] [340/455] PCAN
[02:22:33] 🔄 Identity reset
[02:22:33] 🔄 Identity rotated (every 10 requests)
[02:22:33] [341/455] PVHR
[02:22:34] [342/455] AGSM
[02:22:35] [343/455] PVES
[02:22:36] [344/455] INTO
[02:22:37] [345/455] ACON
[02:22:38] [346/455] PVPZ
[02:22:40] [347/455] PVHC
[02:22:41] [348/455] KSTK
[02:22:42] [349/455] PVSR
[02:22:43] [350/455] ACTN
[02:22:44] 🔄 Identity reset
[02:22:44] 🔄 Identity rotated (every 10 requests)
[02:22:44] [351/455] FMCN
[02:22:45] [352/455] PABC
[02:22:46] [353/455] SUTC
[02:22:47] [354/455] PGMV
[02:22:49] [355/455] GKCP
[02:22:50] [356/455] INCH
[02:22:51] [357/455] MLMT
[02:22:52] [358/455] SSCC
[02:22:53] [359/455] SLMP
[02:22:54] [360/455] VVTN
[02:22:55] 🔄 Identity reset
[02:22:55] 🔄 Identity rotated (every 10 requests)
[02:22:55] [361/455] SBTR
[02:22:56] [362/455] PGRA
[02:22:57] [363/455] PBRM
[02:22:58] [364/455] GCRP
[02:22:59] [365/455] MCSK
[02:23:00] [366/455] NLTC
[02:23:01] [367/455] MTLM
[02:23:02] [368/455] VECT
[02:23:03] [369/455] KMRM
[02:23:03] [370/455] RACM
[02:23:04] 🔄 Identity reset
[02:23:04] 🔄 Identity rotated (every 10 requests)
[02:23:05] [371/455] WSTC
[02:23:05] [372/455] PVTJ
[02:23:06] [373/455] MMKC
[02:23:08] [374/455] SVWT
[02:23:10] [375/455] JOTG
[02:23:11] [376/455] VCDK
[02:23:12] [377/455] ANAC
[02:23:13] [378/455] GRTC
[02:23:14] [379/455] JTPL
[02:23:15] [380/455] VRCP
[02:23:15] 🔄 Identity reset
[02:23:15] 🔄 Identity rotated (every 10 requests)
[02:23:16] [381/455] REMC
[02:23:17] [382/455] ATMG
[02:23:18] [383/455] GAHC
[02:23:19] [384/455] JTMV
[02:23:20] [385/455] OMTT
[02:23:21] [386/455] GKKC
[02:23:22] [387/455] BBPO
[02:23:23] [388/455] ZCBB
[02:23:24] [389/455] DCGO
[02:23:26] [390/455] STOP
[02:23:26] 🔄 Identity reset
[02:23:26] 🔄 Identity rotated (every 10 requests)
[02:23:26] [391/455] BSPC
[02:23:27] [392/455] SOND
[02:23:28] [393/455] GCKG
[02:23:29] [394/455] PCDB
[02:23:30] [395/455] PGRC
[02:23:31] [396/455] CSCT
[02:23:32] [397/455] STDA
[02:23:34] [398/455] JAYD
[02:23:35] [399/455] PPPD
[02:23:36] [400/455] KRTT
[02:23:36] 🔄 Identity reset
[02:23:36] 🔄 Identity rotated (every 10 requests)
[02:23:37] [401/455] PTDT
[02:23:37] [402/455] TRSV
[02:23:38] [403/455] VELR
[02:23:39] [404/455] STDT
[02:23:40] [405/455] SATT
[02:23:41] [406/455] KCPM
[02:23:42] [407/455] MFCP
[02:23:43] [408/455] AXMP
[02:23:44] [409/455] LTVB
[02:23:45] [410/455] APST
[02:23:46] 🔄 Identity reset
[02:23:46] 🔄 Identity rotated (every 10 requests)
[02:23:46] [411/455] DTVP
[02:23:47] [412/455] AAVB
[02:23:48] [413/455] PMBL
[02:23:49] [414/455] STKC
[02:23:50] [415/455] KKMA
[02:23:51] [416/455] NMXS
[02:23:52] [417/455] DECX
[02:23:53] [418/455] MAPJ
[02:23:54] [419/455] SMLK
[02:23:55] [420/455] PMPU
[02:23:55] 🔄 Identity reset
[02:23:55] 🔄 Identity rotated (every 10 requests)
[02:23:56] [421/455] AFST
[02:23:57] [422/455] SRSY
[02:23:58] [423/455] RMKT
[02:24:00] [424/455] RAJX
[02:24:01] [425/455] UVCD
[02:24:02] [426/455] LISA
[02:24:03] [427/455] LMSR
[02:24:04] [428/455] PMCA
[02:24:05] [429/455] INPO
[02:24:06] [430/455] INGO
[02:24:06] 🔄 Identity reset
[02:24:06] 🔄 Identity rotated (every 10 requests)
[02:24:07] [431/455] HFSQ
[02:24:08] [432/455] INMG
[02:24:09] [433/455] NYCP
[02:24:10] [434/455] HFSV
[02:24:11] [435/455] MMZP
[02:24:12] [436/455] KSES
[02:24:13] [437/455] HFSA
[02:24:13] [438/455] ACMM
[02:24:14] [439/455] RCKD
[02:24:15] [440/455] BCKR
[02:24:16] 🔄 Identity reset
[02:24:16] 🔄 Identity rotated (every 10 requests)
[02:24:16] [441/455] SFCO
[02:24:17] [442/455] JCCB
[02:24:18] [443/455] BCCR
[02:24:19] [444/455] NWCB
[02:24:20] [445/455] SAMT
[02:24:21] [446/455] TMST
[02:24:22] [447/455] SJCN
[02:24:23] [448/455] MCBS
[02:24:25] [449/455] CMKR
[02:24:26] [450/455] INPM
[02:24:26] 🔄 Identity reset
[02:24:26] 🔄 Identity rotated (every 10 requests)
[02:24:27] [451/455] WVMT
[02:24:28] [452/455] NYSM
[02:24:30] [453/455] RCMA
[02:24:31] [454/455] RECM
[02:24:32] [455/455] CYCM
[02:24:33] ✅ DONE | Shows=0 | Movies=0
[03:16:31] 🚀 BMS DAILY TRACKER STARTED (enhanced anti‑detection)
[03:16:31] [1/455] MXGN
[03:16:31] 🧠 New identity created
[03:16:32] [2/455] PGGM
[03:16:33] [3/455] IPMJ
[03:16:33] [4/455] M2PP
[03:16:34] [5/455] PMMS
[03:16:35] [6/455] SCJN
[03:16:36] [7/455] CPUM
[03:16:38] [8/455] SCND
[03:16:39] [9/455] INWM
[03:16:39] [10/455] DVDC
[03:16:40] 🔄 Identity reset
[03:16:40] 🔄 Identity rotated (every 10 requests)
[03:16:40] [11/455] WVND
[03:16:41] [12/455] LBDL
[03:16:42] [13/455] CRGM
[03:16:43] [14/455] PVKS
[03:16:44] [15/455] PBLL
[03:16:45] [16/455] FNLN
[03:16:46] [17/455] PPDA
[03:16:47] [18/455] SCPT
[03:16:48] [19/455] IAJS
[03:16:48] [20/455] MMZG
[03:16:49] 🔄 Identity reset
[03:16:49] 🔄 Identity rotated (every 10 requests)
[03:16:49] [21/455] MCTI
[03:16:50] [22/455] PPMF
[03:16:51] [23/455] FNSD
[03:16:52] [24/455] M2RH
[03:16:53] [25/455] CPGV
[03:16:54] [26/455] PECD
[03:16:55] [27/455] CTEE
[03:16:55] [28/455] IOMG
[03:16:56] [29/455] CIJA
[03:16:57] [30/455] NYCG
[03:16:58] 🔄 Identity reset
[03:16:58] 🔄 Identity rotated (every 10 requests)
[03:16:58] [31/455] CEST
[03:16:59] [32/455] WVRG
[03:17:00] [33/455] DPDC
[03:17:02] [34/455] PDIV
[03:17:02] [35/455] MTPP
[03:17:03] [36/455] MHNU
[03:17:04] [37/455] WUPG
[03:17:05] [38/455] USCO
[03:17:06] [39/455] INFR
[03:17:07] [40/455] PVPD
[03:17:08] 🔄 Identity reset
[03:17:08] 🔄 Identity rotated (every 10 requests)
[03:17:09] [41/455] RONC
[03:17:09] [42/455] IOCP
[03:17:10] [43/455] EMPS
[03:17:12] [44/455] PNAD
[03:17:13] [45/455] VVGZ
[03:17:14] [46/455] MDDC
[03:17:15] [47/455] MMAP
[03:17:16] [48/455] GPDC
[03:17:17] [49/455] PVPU
[03:17:18] [50/455] DCMV
[03:17:18] 🔄 Identity reset
[03:17:18] 🔄 Identity rotated (every 10 requests)
[03:17:19] [51/455] PCCF
[03:17:19] [52/455] MCEF
[03:17:20] [53/455] INRD
[03:17:21] [54/455] CCPZ
[03:17:22] [55/455] BCWG
[03:17:23] [56/455] PMGU
[03:17:24] [57/455] MCVM
[03:17:25] [58/455] MCDE
[03:17:27] [59/455] IEFM
[03:17:27] [60/455] MXCS
[03:17:28] 🔄 Identity reset
[03:17:28] 🔄 Identity rotated (every 10 requests)
[03:17:28] [61/455] RNMT
[03:17:29] [62/455] PSDD
[03:17:30] [63/455] PETA
[03:17:31] [64/455] IZOP
[03:17:32] [65/455] PDEI
[03:17:33] [66/455] MTND
[03:17:34] [67/455] PCPL
[03:17:35] [68/455] LSCM
[03:17:36] [69/455] BTFD
[03:17:36] [70/455] MERM
[03:17:37] 🔄 Identity reset
[03:17:37] 🔄 Identity rotated (every 10 requests)
[03:17:37] [71/455] PVMS
[03:17:39] [72/455] CIGK
[03:17:40] [73/455] INSG
[03:17:41] [74/455] IDEN
[03:17:42] [75/455] MCGN
[03:17:43] [76/455] IGAM
[03:17:43] [77/455] SLCU
[03:17:44] [78/455] MIMU
[03:17:45] [79/455] QLAC
[03:17:46] [80/455] MENL
[03:17:47] 🔄 Identity reset
[03:17:47] 🔄 Identity rotated (every 10 requests)
[03:17:47] [81/455] SCUR
[03:17:48] [82/455] MDGD
[03:17:49] [83/455] LSRS
[03:17:50] [84/455] KMLG
[03:17:51] [85/455] MKLJ
[03:17:51] [86/455] IBYG
[03:17:52] [87/455] ISML
[03:17:53] [88/455] MJMM
[03:17:54] [89/455] RCGD
[03:17:55] [90/455] MMOC
[03:17:55] 🔄 Identity reset
[03:17:55] 🔄 Identity rotated (every 10 requests)
[03:17:56] [91/455] RRCO
[03:17:57] [92/455] MEDM
[03:17:58] [93/455] MCAZ
[03:17:59] [94/455] STWA
[03:18:00] [95/455] PFFG
[03:18:01] [96/455] GAGC
[03:18:02] [97/455] PMPM
[03:18:03] [98/455] HVCD
[03:18:03] [99/455] AKRF
[03:18:04] [100/455] AKRC
[03:18:05] 🔄 Identity reset
[03:18:05] 🔄 Identity rotated (every 10 requests)
[03:18:05] [101/455] MIDA
[03:18:06] [102/455] MAGX
[03:18:07] [103/455] ESOS
[03:18:08] [104/455] BBCL
[03:18:09] [105/455] LYAS
[03:18:09] [106/455] NRMS
[03:18:10] [107/455] BHUC
[03:18:11] [108/455] SRIC
[03:18:12] [109/455] PDME
[03:18:13] [110/455] MJCS
[03:18:13] 🔄 Identity reset
[03:18:13] 🔄 Identity rotated (every 10 requests)
[03:18:13] [111/455] NRAA
[03:18:14] [112/455] VATA
[03:18:15] [113/455] MNKC
[03:18:17] [114/455] DHCL
[03:18:17] [115/455] JCPC
[03:18:18] [116/455] CTML
[03:18:19] [117/455] RMMR
[03:18:20] [118/455] STTL
[03:18:21] [119/455] CNPS
[03:18:22] [120/455] ACKL
[03:18:22] 🔄 Identity reset
[03:18:22] 🔄 Identity rotated (every 10 requests)
[03:18:23] [121/455] SCAU
[03:18:23] [122/455] RMIA
[03:18:24] [123/455] MANU
[03:18:25] [124/455] ARDC
[03:18:26] [125/455] GLDA
[03:18:27] [126/455] KVSW
[03:18:28] [127/455] CGCA
[03:18:29] [128/455] CMLO
[03:18:30] [129/455] CECB
[03:18:30] [130/455] RCPN
[03:18:31] 🔄 Identity reset
[03:18:31] 🔄 Identity rotated (every 10 requests)
[03:18:31] [131/455] ASMW
[03:18:32] [132/455] PWLM
[03:18:33] [133/455] ASGM
[03:18:34] [134/455] ACWH
[03:18:35] [135/455] AAPW
[03:18:35] [136/455] RTWA
[03:18:36] [137/455] RAMW
[03:18:37] [138/455] VKTR
[03:18:38] [139/455] SMBH
[03:18:39] [140/455] BVDR
[03:18:39] 🔄 Identity reset
[03:18:39] 🔄 Identity rotated (every 10 requests)
[03:18:40] [141/455] MRTP
[03:18:41] [142/455] BLBR
[03:18:42] [143/455] LPIN
[03:18:42] [144/455] SNPC
[03:18:43] [145/455] PDCB
[03:18:44] [146/455] DYPK
[03:18:45] [147/455] INMK
[03:18:46] [148/455] PDCK
[03:18:47] [149/455] PCKR
[03:18:47] [150/455] SHUA
[03:18:48] 🔄 Identity reset
[03:18:48] 🔄 Identity rotated (every 10 requests)
[03:18:48] [151/455] SCVK
[03:18:49] [152/455] STPA
[03:18:50] [153/455] WVHD
[03:18:51] [154/455] MRCH
[03:18:52] [155/455] MCNP
[03:18:53] [156/455] RCAG
[03:18:54] [157/455] JTSN
[03:18:55] [158/455] AANS
[03:18:55] [159/455] GDDR
[03:18:56] [160/455] SRER
[03:18:57] 🔄 Identity reset
[03:18:57] 🔄 Identity rotated (every 10 requests)
[03:18:57] [161/455] JKMA
[03:19:10] 🔄 Retry 1/5 for JKMA in 2.9s
[03:19:10] 🔄 Identity reset
[03:19:13] 🧠 New identity created
[03:19:20] [162/455] ARAN
[03:19:21] [163/455] ALCT
[03:19:21] [164/455] CCTA
[03:19:22] [165/455] CNCT
[03:19:23] [166/455] NZBL
[03:19:25] [167/455] SRRA
[03:19:26] [168/455] SVPW
[03:19:27] [169/455] SRTW
[03:19:28] 🔄 Identity reset
[03:19:28] 🔄 Identity rotated (every 10 requests)
[03:19:28] [170/455] XMTD
[03:19:29] [171/455] SCCZ
[03:19:31] [172/455] PBCR
[03:19:32] [173/455] RTSC
[03:19:32] [174/455] TLSV
[03:19:33] [175/455] RMTK
[03:19:34] [176/455] SRAT
[03:19:35] [177/455] GCYC
[03:19:35] [178/455] HCAJ
[03:19:36] [179/455] LCXA
[03:19:37] 🔄 Identity reset
[03:19:37] 🔄 Identity rotated (every 10 requests)
[03:19:37] [180/455] BINT
[03:19:38] [181/455] IXIM
[03:19:39] [182/455] MBCR
[03:19:40] [183/455] BMCJ
[03:19:41] [184/455] NICJ
[03:19:42] [185/455] SCAJ
[03:19:43] [186/455] CMXS
[03:19:43] [187/455] MMSR
[03:19:44] [188/455] PRKT
[03:19:45] [189/455] LPTH
[03:19:46] 🔄 Identity reset
[03:19:46] 🔄 Identity rotated (every 10 requests)
[03:19:46] [190/455] SARP
[03:19:47] [191/455] MNPP
[03:19:48] [192/455] PRLR
[03:19:49] [193/455] RCMW
[03:19:49] [194/455] FCMG
[03:19:50] [195/455] RTNK
[03:19:51] [196/455] LRCP
[03:19:52] [197/455] DBJR
[03:19:53] [198/455] CACN
[03:19:54] [199/455] AMRL
[03:19:55] 🔄 Identity reset
[03:19:55] 🔄 Identity rotated (every 10 requests)
[03:19:55] [200/455] SBBC
[03:19:56] [201/455] VENN
[03:19:57] [202/455] STSS
[03:19:57] [203/455] SMRB
[03:19:58] [204/455] CCMX
[03:19:59] [205/455] KCMR
[03:20:00] [206/455] SALH
[03:20:01] [207/455] CGTT
[03:20:02] [208/455] PMDR
[03:20:02] [209/455] VCPM
[03:20:03] 🔄 Identity reset
[03:20:03] 🔄 Identity rotated (every 10 requests)
[03:20:04] [210/455] RZMX
[03:20:05] [211/455] TMSY
[03:20:06] [212/455] NTMS
[03:20:07] [213/455] VTAG
[03:20:08] [214/455] REMA
[03:20:09] [215/455] NXCC
[03:20:10] [216/455] SKYM
[03:20:11] [217/455] CCMO
[03:20:12] [218/455] DMXM
[03:20:13] [219/455] SPPM
[03:20:13] 🔄 Identity reset
[03:20:13] 🔄 Identity rotated (every 10 requests)
[03:20:14] [220/455] PTKL
[03:20:15] [221/455] SLVO
[03:20:15] [222/455] VASL
[03:20:16] [223/455] CBCM
[03:20:17] [224/455] STMA
[03:20:18] [225/455] LASK
[03:20:19] [226/455] VITE
[03:20:20] [227/455] AAST
[03:20:21] [228/455] JTPT
[03:20:22] [229/455] RRSH
[03:20:22] 🔄 Identity reset
[03:20:22] 🔄 Identity rotated (every 10 requests)
[03:20:23] [230/455] CINL
[03:20:23] [231/455] MCSR
[03:20:24] [232/455] SBCF
[03:20:25] [233/455] GCDU
[03:20:26] [234/455] PSPR
[03:20:27] [235/455] IMMO
[03:20:28] [236/455] CLGM
[03:20:29] [237/455] PBMM
[03:20:30] [238/455] CEHR
[03:20:31] [239/455] CPOE
[03:20:31] 🔄 Identity reset
[03:20:31] 🔄 Identity rotated (every 10 requests)
[03:20:32] [240/455] PGFD
[03:20:32] [241/455] PSLC
[03:20:33] [242/455] MSMD
[03:20:34] [243/455] FMFB
[03:20:35] [244/455] RKCL
[03:20:37] [245/455] PMMC
[03:20:38] [246/455] SKMM
[03:20:39] [247/455] VOIB
[03:20:39] [248/455] KINO
[03:20:40] [249/455] VCTP
[03:20:41] 🔄 Identity reset
[03:20:41] 🔄 Identity rotated (every 10 requests)
[03:20:41] [250/455] PDWR
[03:20:42] [251/455] SAED
[03:20:43] [252/455] SRRT
[03:20:44] [253/455] CVLG
[03:20:45] [254/455] SNGN
[03:20:46] [255/455] SIDA
[03:20:47] [256/455] IMCB
[03:20:48] [257/455] SMHP
[03:20:48] [258/455] GDTY
[03:20:49] [259/455] VYCH
[03:20:50] 🔄 Identity reset
[03:20:50] 🔄 Identity rotated (every 10 requests)
[03:20:50] [260/455] PDYA
[03:20:51] [261/455] RKDO
[03:20:52] [262/455] VECG
[03:20:53] [263/455] NFGD
[03:20:54] [264/455] SNDC
[03:20:55] [265/455] SDJH
[03:20:56] [266/455] HASV
[03:20:57] [267/455] PTYK
[03:20:58] [268/455] MUTB
[03:20:59] [269/455] AMRT
[03:21:00] 🔄 Identity reset
[03:21:00] 🔄 Identity rotated (every 10 requests)
[03:21:00] [270/455] VACD
[03:21:01] [271/455] SKDD
[03:21:03] [272/455] STGR
[03:21:03] [273/455] GDAK
[03:21:04] [274/455] SKHK
[03:21:05] [275/455] SLND
[03:21:06] [276/455] APAP
[03:21:07] [277/455] AYYA
[03:21:09] [278/455] VCCZ
[03:21:09] [279/455] MEML
[03:21:10] 🔄 Identity reset
[03:21:10] 🔄 Identity rotated (every 10 requests)
[03:21:10] [280/455] MAOU
[03:21:11] [281/455] ESND
[03:21:12] [282/455] PTBZ
[03:21:13] [283/455] LBCN
[03:21:14] [284/455] PAWA
[03:21:15] [285/455] ZEIC
[03:21:16] [286/455] CGMM
[03:21:16] [287/455] PJPM
[03:21:17] [288/455] ECMR
[03:21:18] [289/455] SHMZ
[03:21:19] 🔄 Identity reset
[03:21:19] 🔄 Identity rotated (every 10 requests)
[03:21:19] [290/455] STCA
[03:21:20] [291/455] VDRC
[03:21:21] [292/455] SEEM
[03:21:21] [293/455] MKNS
[03:21:22] [294/455] KPPP
[03:21:23] [295/455] CCML
[03:21:24] [296/455] CIBA
[03:21:24] [297/455] NACS
[03:21:25] [298/455] CTMK
[03:21:26] [299/455] CTCT
[03:21:27] 🔄 Identity reset
[03:21:27] 🔄 Identity rotated (every 10 requests)
[03:21:27] [300/455] MCSN
[03:21:28] [301/455] MAXX
[03:21:29] [302/455] MECB
[03:21:30] [303/455] NTBY
[03:21:31] [304/455] UTBI
[03:21:31] [305/455] RADK
[03:21:32] [306/455] STBY
[03:21:33] [307/455] GTBY
[03:21:34] [308/455] RRMB
[03:21:35] [309/455] ABRN
[03:21:36] 🔄 Identity reset
[03:21:36] 🔄 Identity rotated (every 10 requests)
[03:21:36] [310/455] GTSG
[03:21:37] [311/455] GBTG
[03:21:38] [312/455] SBGS
[03:21:39] [313/455] KBPM
[03:21:39] [314/455] SMHT
[03:21:40] [315/455] VTDM
[03:21:41] [316/455] ASCT
[03:21:42] [317/455] AWCT
[03:21:42] [318/455] DCCU
[03:21:43] [319/455] PSCE
[03:21:44] 🔄 Identity reset
[03:21:44] 🔄 Identity rotated (every 10 requests)
[03:21:44] [320/455] KSNY
[03:21:45] [321/455] ACID
[03:21:46] [322/455] LVCD
[03:21:47] [323/455] KSSB
[03:21:48] [324/455] SWTD
[03:21:49] [325/455] RBMR
[03:21:50] [326/455] SCBC
[03:21:51] [327/455] RKME
[03:21:52] [328/455] GALX
[03:21:53] [329/455] GCCH
[03:21:54] 🔄 Identity reset
[03:21:54] 🔄 Identity rotated (every 10 requests)
[03:21:54] [330/455] RATR
[03:21:55] [331/455] GTGA
[03:21:56] [332/455] LTTR
[03:21:57] [333/455] TTAA
[03:21:58] [334/455] TVHP
[03:21:59] [335/455] KVCS
[03:21:59] [336/455] CBMC
[03:22:00] [337/455] MAYJ
[03:22:01] [338/455] INPR
[03:22:02] [339/455] RSSC
[03:22:03] 🔄 Identity reset
[03:22:03] 🔄 Identity rotated (every 10 requests)
[03:22:03] [340/455] PCAN
[03:22:04] [341/455] PVHR
[03:22:05] [342/455] AGSM
[03:22:06] [343/455] PVES
[03:22:07] [344/455] INTO
[03:22:08] [345/455] ACON
[03:22:09] [346/455] PVPZ
[03:22:10] [347/455] PVHC
[03:22:11] [348/455] KSTK
[03:22:11] [349/455] PVSR
[03:22:12] 🔄 Identity reset
[03:22:12] 🔄 Identity rotated (every 10 requests)
[03:22:12] [350/455] ACTN
[03:22:13] [351/455] FMCN
[03:22:14] [352/455] PABC
[03:22:15] [353/455] SUTC
[03:22:16] [354/455] PGMV
[03:22:17] [355/455] GKCP
[03:22:17] [356/455] INCH
[03:22:18] [357/455] MLMT
[03:22:19] [358/455] SSCC
[03:22:20] [359/455] SLMP
[03:22:21] 🔄 Identity reset
[03:22:21] 🔄 Identity rotated (every 10 requests)
[03:22:21] [360/455] VVTN
[03:22:22] [361/455] SBTR
[03:22:23] [362/455] PGRA
[03:22:24] [363/455] PBRM
[03:22:25] [364/455] GCRP
[03:22:26] [365/455] MCSK
[03:22:26] [366/455] NLTC
[03:22:28] [367/455] MTLM
[03:22:29] [368/455] VECT
[03:22:30] [369/455] KMRM
[03:22:30] 🔄 Identity reset
[03:22:30] 🔄 Identity rotated (every 10 requests)
[03:22:31] [370/455] RACM
[03:22:32] [371/455] WSTC
[03:22:33] [372/455] PVTJ
[03:22:34] [373/455] MMKC
[03:22:35] [374/455] SVWT
[03:22:36] [375/455] JOTG
[03:22:36] [376/455] VCDK
[03:22:37] [377/455] ANAC
[03:22:38] [378/455] GRTC
[03:22:39] [379/455] JTPL
[03:22:40] 🔄 Identity reset
[03:22:40] 🔄 Identity rotated (every 10 requests)
[03:22:40] [380/455] VRCP
[03:22:41] [381/455] REMC
[03:22:42] [382/455] ATMG
[03:22:43] [383/455] GAHC
[03:22:44] [384/455] JTMV
[03:22:45] [385/455] OMTT
[03:22:46] [386/455] GKKC
[03:22:47] [387/455] BBPO
[03:22:47] [388/455] ZCBB
[03:22:48] [389/455] DCGO
[03:22:49] 🔄 Identity reset
[03:22:49] 🔄 Identity rotated (every 10 requests)
[03:22:49] [390/455] STOP
[03:22:50] [391/455] BSPC
[03:22:51] [392/455] SOND
[03:22:51] [393/455] GCKG
[03:22:52] [394/455] PCDB
[03:22:53] [395/455] PGRC
[03:22:54] [396/455] CSCT
[03:22:55] [397/455] STDA
[03:22:56] [398/455] JAYD
[03:22:57] [399/455] PPPD
[03:22:58] 🔄 Identity reset
[03:22:58] 🔄 Identity rotated (every 10 requests)
[03:22:58] [400/455] KRTT
[03:22:59] [401/455] PTDT
[03:23:00] [402/455] TRSV
[03:23:01] [403/455] VELR
[03:23:02] [404/455] STDT
[03:23:03] [405/455] SATT
[03:23:04] [406/455] KCPM
[03:23:05] [407/455] MFCP
[03:23:06] [408/455] AXMP
[03:23:07] [409/455] LTVB
[03:23:07] 🔄 Identity reset
[03:23:07] 🔄 Identity rotated (every 10 requests)
[03:23:08] [410/455] APST
[03:23:08] [411/455] DTVP
[03:23:09] [412/455] AAVB
[03:23:10] [413/455] PMBL
[03:23:11] [414/455] STKC
[03:23:12] [415/455] KKMA
[03:23:13] [416/455] NMXS
[03:23:14] [417/455] DECX
[03:23:15] [418/455] MAPJ
[03:23:15] [419/455] SMLK
[03:23:16] 🔄 Identity reset
[03:23:16] 🔄 Identity rotated (every 10 requests)
[03:23:16] [420/455] PMPU
[03:23:17] [421/455] AFST
[03:23:18] [422/455] SRSY
[03:23:19] [423/455] RMKT
[03:23:20] [424/455] RAJX
[03:23:21] [425/455] UVCD
[03:23:22] [426/455] LISA
[03:23:23] [427/455] LMSR
[03:23:24] [428/455] PMCA
[03:23:25] [429/455] INPO
[03:23:25] 🔄 Identity reset
[03:23:25] 🔄 Identity rotated (every 10 requests)
[03:23:26] [430/455] INGO
[03:23:27] [431/455] HFSQ
[03:23:27] [432/455] INMG
[03:23:28] [433/455] NYCP
[03:23:29] [434/455] HFSV
[03:23:30] [435/455] MMZP
[03:23:31] [436/455] KSES
[03:23:32] [437/455] HFSA
[03:23:33] [438/455] ACMM
[03:23:34] [439/455] RCKD
[03:23:35] 🔄 Identity reset
[03:23:35] 🔄 Identity rotated (every 10 requests)
[03:23:35] [440/455] BCKR
[03:23:36] [441/455] SFCO
[03:23:37] [442/455] JCCB
[03:23:37] [443/455] BCCR
[03:23:38] [444/455] NWCB
[03:23:40] [445/455] SAMT
[03:23:40] [446/455] TMST
[03:23:41] [447/455] SJCN
[03:23:42] [448/455] MCBS
[03:23:44] [449/455] CMKR
[03:23:44] 🔄 Identity reset
[03:23:44] 🔄 Identity rotated (every 10 requests)
[03:23:45] [450/455] INPM
[03:23:46] [451/455] WVMT
[03:23:47] [452/455] NYSM
[03:23:48] [453/455] RCMA
[03:23:49] [454/455] RECM
[03:23:51] [455/455] CYCM
[03:23:51] ✅ DONE | Shows=5 | Movies=4
[04:16:37] 🚀 BMS DAILY TRACKER STARTED (enhanced anti‑detection)
[04:16:37] [1/455] MXGN
[04:16:38] 🧠 New identity created
[04:16:38] [2/455] PGGM
[04:16:39] [3/455] IPMJ
[04:16:40] [4/455] M2PP
[04:16:41] [5/455] PMMS
[04:16:42] [6/455] SCJN
[04:16:43] [7/455] CPUM
[04:16:44] [8/455] SCND
[04:16:45] [9/455] INWM
[04:16:47] [10/455] DVDC
[04:16:47] 🔄 Identity reset
[04:16:47] 🔄 Identity rotated (every 10 requests)
[04:16:48] [11/455] WVND
[04:16:49] [12/455] LBDL
[04:16:50] [13/455] CRGM
[04:16:51] [14/455] PVKS
[04:16:53] [15/455] PBLL
[04:16:54] [16/455] FNLN
[04:16:55] [17/455] PPDA
[04:16:56] [18/455] SCPT
[04:16:56] [19/455] IAJS
[04:16:57] [20/455] MMZG
[04:16:58] 🔄 Identity reset
[04:16:58] 🔄 Identity rotated (every 10 requests)
[04:16:58] [21/455] MCTI
[04:16:59] [22/455] PPMF
[04:17:01] [23/455] FNSD
[04:17:02] [24/455] M2RH
[04:17:03] [25/455] CPGV
[04:17:04] [26/455] PECD
[04:17:04] [27/455] CTEE
[04:17:05] [28/455] IOMG
[04:17:06] [29/455] CIJA
[04:17:08] [30/455] NYCG
[04:17:09] 🔄 Identity reset
[04:17:09] 🔄 Identity rotated (every 10 requests)
[04:17:09] [31/455] CEST
[04:17:10] [32/455] WVRG
[04:17:12] [33/455] DPDC
[04:17:13] [34/455] PDIV
[04:17:14] [35/455] MTPP
[04:17:15] [36/455] MHNU
[04:17:16] [37/455] WUPG
[04:17:17] [38/455] USCO
[04:17:18] [39/455] INFR
[04:17:19] [40/455] PVPD
[04:17:20] 🔄 Identity reset
[04:17:20] 🔄 Identity rotated (every 10 requests)
[04:17:20] [41/455] RONC
[04:17:21] [42/455] IOCP
[04:17:22] [43/455] EMPS
[04:17:23] [44/455] PNAD
[04:17:24] [45/455] VVGZ
[04:17:25] [46/455] MDDC
[04:17:26] [47/455] MMAP
[04:17:27] [48/455] GPDC
[04:17:28] [49/455] PVPU
[04:17:29] [50/455] DCMV
[04:17:30] 🔄 Identity reset
[04:17:30] 🔄 Identity rotated (every 10 requests)
[04:17:30] [51/455] PCCF
[04:17:31] [52/455] MCEF
[04:17:32] [53/455] INRD
[04:17:33] [54/455] CCPZ
[04:17:34] [55/455] BCWG
[04:17:36] [56/455] PMGU
[04:17:37] [57/455] MCVM
[04:17:37] [58/455] MCDE
[04:17:39] [59/455] IEFM
[04:17:39] [60/455] MXCS
[04:17:40] 🔄 Identity reset
[04:17:40] 🔄 Identity rotated (every 10 requests)
[04:17:40] [61/455] RNMT
[04:17:41] [62/455] PSDD
[04:17:42] [63/455] PETA
[04:17:43] [64/455] IZOP
[04:17:44] [65/455] PDEI
[04:17:45] [66/455] MTND
[04:17:46] [67/455] PCPL
[04:17:47] [68/455] LSCM
[04:17:49] [69/455] BTFD
[04:17:50] [70/455] MERM
[04:17:50] 🔄 Identity reset
[04:17:50] 🔄 Identity rotated (every 10 requests)
[04:17:50] [71/455] PVMS
[04:17:51] [72/455] CIGK
[04:17:52] [73/455] INSG
[04:17:53] [74/455] IDEN
[04:17:55] [75/455] MCGN
[04:17:56] [76/455] IGAM
[04:17:57] [77/455] SLCU
[04:17:58] [78/455] MIMU
[04:17:59] [79/455] QLAC
[04:18:00] [80/455] MENL
[04:18:01] 🔄 Identity reset
[04:18:01] 🔄 Identity rotated (every 10 requests)
[04:18:02] [81/455] SCUR
[04:18:03] [82/455] MDGD
[04:18:04] [83/455] LSRS
[04:18:04] [84/455] KMLG
[04:18:05] [85/455] MKLJ
[04:18:06] [86/455] IBYG
[04:18:07] [87/455] ISML
[04:18:08] [88/455] MJMM
[04:18:09] [89/455] RCGD
[04:18:10] [90/455] MMOC
[04:18:10] 🔄 Identity reset
[04:18:10] 🔄 Identity rotated (every 10 requests)
[04:18:11] [91/455] RRCO
[04:18:12] [92/455] MEDM
[04:18:13] [93/455] MCAZ
[04:18:14] [94/455] STWA
[04:18:15] [95/455] PFFG
[04:18:16] [96/455] GAGC
[04:18:17] [97/455] PMPM
[04:18:18] [98/455] HVCD
[04:18:19] [99/455] AKRF
[04:18:20] [100/455] AKRC
[04:18:21] 🔄 Identity reset
[04:18:21] 🔄 Identity rotated (every 10 requests)
[04:18:21] [101/455] MIDA
[04:18:22] [102/455] MAGX
[04:18:23] [103/455] ESOS
[04:18:24] [104/455] BBCL
[04:18:25] [105/455] LYAS
[04:18:26] [106/455] NRMS
[04:18:27] [107/455] BHUC
[04:18:28] [108/455] SRIC
[04:18:29] [109/455] PDME
[04:18:30] [110/455] MJCS
[04:18:30] 🔄 Identity reset
[04:18:30] 🔄 Identity rotated (every 10 requests)
[04:18:31] [111/455] NRAA
[04:18:32] [112/455] VATA
[04:18:33] [113/455] MNKC
[04:18:34] [114/455] DHCL
[04:18:35] [115/455] JCPC
[04:18:36] [116/455] CTML
[04:18:37] [117/455] RMMR
[04:18:38] [118/455] STTL
[04:18:39] [119/455] CNPS
[04:18:40] [120/455] ACKL
[04:18:40] 🔄 Identity reset
[04:18:40] 🔄 Identity rotated (every 10 requests)
[04:18:41] [121/455] SCAU
[04:18:42] [122/455] RMIA
[04:18:43] [123/455] MANU
[04:18:44] [124/455] ARDC
[04:18:45] [125/455] GLDA
[04:18:45] [126/455] KVSW
[04:18:46] [127/455] CGCA
[04:18:47] [128/455] CMLO
[04:18:48] [129/455] CECB
[04:18:49] [130/455] RCPN
[04:18:50] 🔄 Identity reset
[04:18:50] 🔄 Identity rotated (every 10 requests)
[04:18:50] [131/455] ASMW
[04:18:51] [132/455] PWLM
[04:18:52] [133/455] ASGM
[04:18:53] [134/455] ACWH
[04:18:54] [135/455] AAPW
[04:18:55] [136/455] RTWA
[04:18:56] [137/455] RAMW
[04:18:56] [138/455] VKTR
[04:18:57] [139/455] SMBH
[04:18:58] [140/455] BVDR
[04:18:59] 🔄 Identity reset
[04:18:59] 🔄 Identity rotated (every 10 requests)
[04:18:59] [141/455] MRTP
[04:19:00] [142/455] BLBR
[04:19:01] [143/455] LPIN
[04:19:02] [144/455] SNPC
[04:19:03] [145/455] PDCB
[04:19:04] [146/455] DYPK
[04:19:05] [147/455] INMK
[04:19:06] [148/455] PDCK
[04:19:07] [149/455] PCKR
[04:19:08] [150/455] SHUA
[04:19:08] 🔄 Identity reset
[04:19:08] 🔄 Identity rotated (every 10 requests)
[04:19:09] [151/455] SCVK
[04:19:10] [152/455] STPA
[04:19:10] [153/455] WVHD
[04:19:11] [154/455] MRCH
[04:19:13] [155/455] MCNP
[04:19:13] [156/455] RCAG
[04:19:14] [157/455] JTSN
[04:19:15] [158/455] AANS
[04:19:16] [159/455] GDDR
[04:19:17] [160/455] SRER
[04:19:17] 🔄 Identity reset
[04:19:17] 🔄 Identity rotated (every 10 requests)
[04:19:18] [161/455] JKMA
[04:19:19] [162/455] ARAN
[04:19:20] [163/455] ALCT
[04:19:21] [164/455] CCTA
[04:19:22] [165/455] CNCT
[04:19:22] [166/455] NZBL
[04:19:23] [167/455] SRRA
[04:19:24] [168/455] SVPW
[04:19:25] [169/455] SRTW
[04:19:26] [170/455] XMTD
[04:19:27] 🔄 Identity reset
[04:19:27] 🔄 Identity rotated (every 10 requests)
[04:19:27] [171/455] SCCZ
[04:19:28] [172/455] PBCR
[04:19:29] [173/455] RTSC
[04:19:30] [174/455] TLSV
[04:19:31] [175/455] RMTK
[04:19:32] [176/455] SRAT
[04:19:33] [177/455] GCYC
[04:19:34] [178/455] HCAJ
[04:19:35] [179/455] LCXA
[04:19:36] [180/455] BINT
[04:19:37] 🔄 Identity reset
[04:19:37] 🔄 Identity rotated (every 10 requests)
[04:19:37] [181/455] IXIM
[04:19:38] [182/455] MBCR
[04:19:39] [183/455] BMCJ
[04:19:40] [184/455] NICJ
[04:19:41] [185/455] SCAJ
[04:19:42] [186/455] CMXS
[04:19:43] [187/455] MMSR
[04:19:44] [188/455] PRKT
[04:19:45] [189/455] LPTH
[04:19:46] [190/455] SARP
[04:19:46] 🔄 Identity reset
[04:19:46] 🔄 Identity rotated (every 10 requests)
[04:19:47] [191/455] MNPP
[04:19:49] [192/455] PRLR
[04:19:50] [193/455] RCMW
[04:19:51] [194/455] FCMG
[04:19:52] [195/455] RTNK
[04:19:53] [196/455] LRCP
[04:19:54] [197/455] DBJR
[04:19:54] [198/455] CACN
[04:19:55] [199/455] AMRL
[04:19:56] [200/455] SBBC
[04:19:57] 🔄 Identity reset
[04:19:57] 🔄 Identity rotated (every 10 requests)
[04:19:57] [201/455] VENN
[04:19:59] [202/455] STSS
[04:20:00] [203/455] SMRB
[04:20:01] [204/455] CCMX
[04:20:02] [205/455] KCMR
[04:20:04] [206/455] SALH
[04:20:05] [207/455] CGTT
[04:20:06] [208/455] PMDR
[04:20:07] [209/455] VCPM
[04:20:07] [210/455] RZMX
[04:20:08] 🔄 Identity reset
[04:20:08] 🔄 Identity rotated (every 10 requests)
[04:20:08] [211/455] TMSY
[04:20:09] [212/455] NTMS
[04:20:10] [213/455] VTAG
[04:20:11] [214/455] REMA
[04:20:12] [215/455] NXCC
[04:20:13] [216/455] SKYM
[04:20:14] [217/455] CCMO
[04:20:15] [218/455] DMXM
[04:20:16] [219/455] SPPM
[04:20:17] [220/455] PTKL
[04:20:17] 🔄 Identity reset
[04:20:17] 🔄 Identity rotated (every 10 requests)
[04:20:18] [221/455] SLVO
[04:20:19] [222/455] VASL
[04:20:20] [223/455] CBCM
[04:20:21] [224/455] STMA
[04:20:22] [225/455] LASK
[04:20:23] [226/455] VITE
[04:20:24] [227/455] AAST
[04:20:25] [228/455] JTPT
[04:20:26] [229/455] RRSH
[04:20:27] [230/455] CINL
[04:20:27] 🔄 Identity reset
[04:20:27] 🔄 Identity rotated (every 10 requests)
[04:20:28] [231/455] MCSR
[04:20:29] [232/455] SBCF
[04:20:29] [233/455] GCDU
[04:20:30] [234/455] PSPR
[04:20:31] [235/455] IMMO
[04:20:32] [236/455] CLGM
[04:20:33] [237/455] PBMM
[04:20:34] [238/455] CEHR
[04:20:35] [239/455] CPOE
[04:20:36] [240/455] PGFD
[04:20:36] 🔄 Identity reset
[04:20:36] 🔄 Identity rotated (every 10 requests)
[04:20:37] [241/455] PSLC
[04:20:38] [242/455] MSMD
[04:20:39] [243/455] FMFB
[04:20:40] [244/455] RKCL
[04:20:41] [245/455] PMMC
[04:20:41] [246/455] SKMM
[04:20:43] [247/455] VOIB
[04:20:45] [248/455] KINO
[04:20:46] [249/455] VCTP
[04:20:47] [250/455] PDWR
[04:20:47] 🔄 Identity reset
[04:20:47] 🔄 Identity rotated (every 10 requests)
[04:20:48] [251/455] SAED
[04:20:49] [252/455] SRRT
[04:20:50] [253/455] CVLG
[04:20:51] [254/455] SNGN
[04:20:52] [255/455] SIDA
[04:20:53] [256/455] IMCB
[04:20:54] [257/455] SMHP
[04:20:55] [258/455] GDTY
[04:20:56] [259/455] VYCH
[04:20:57] [260/455] PDYA
[04:20:58] 🔄 Identity reset
[04:20:58] 🔄 Identity rotated (every 10 requests)
[04:20:58] [261/455] RKDO
[04:20:59] [262/455] VECG
[04:21:00] [263/455] NFGD
[04:21:01] [264/455] SNDC
[04:21:02] [265/455] SDJH
[04:21:03] [266/455] HASV
[04:21:04] [267/455] PTYK
[04:21:05] [268/455] MUTB
[04:21:06] [269/455] AMRT
[04:21:07] [270/455] VACD
[04:21:07] 🔄 Identity reset
[04:21:07] 🔄 Identity rotated (every 10 requests)
[04:21:08] [271/455] SKDD
[04:21:09] [272/455] STGR
[04:21:10] [273/455] GDAK
[04:21:11] [274/455] SKHK
[04:21:12] [275/455] SLND
[04:21:13] [276/455] APAP
[04:21:14] [277/455] AYYA
[04:21:15] [278/455] VCCZ
[04:21:16] [279/455] MEML
[04:21:17] [280/455] MAOU
[04:21:17] 🔄 Identity reset
[04:21:17] 🔄 Identity rotated (every 10 requests)
[04:21:18] [281/455] ESND
[04:21:19] [282/455] PTBZ
[04:21:20] [283/455] LBCN
[04:21:20] [284/455] PAWA
[04:21:22] [285/455] ZEIC
[04:21:23] [286/455] CGMM
[04:21:23] [287/455] PJPM
[04:21:24] [288/455] ECMR
[04:21:25] [289/455] SHMZ
[04:21:26] [290/455] STCA
[04:21:27] 🔄 Identity reset
[04:21:27] 🔄 Identity rotated (every 10 requests)
[04:21:27] [291/455] VDRC
[04:21:29] [292/455] SEEM
[04:21:30] [293/455] MKNS
[04:21:31] [294/455] KPPP
[04:21:32] [295/455] CCML
[04:21:33] [296/455] CIBA
[04:21:34] [297/455] NACS
[04:21:35] [298/455] CTMK
[04:21:36] [299/455] CTCT
[04:21:37] [300/455] MCSN
[04:21:37] 🔄 Identity reset
[04:21:37] 🔄 Identity rotated (every 10 requests)
[04:21:38] [301/455] MAXX
[04:21:39] [302/455] MECB
[04:21:40] [303/455] NTBY
[04:21:40] [304/455] UTBI
[04:21:41] [305/455] RADK
[04:21:42] [306/455] STBY
[04:21:43] [307/455] GTBY
[04:21:44] [308/455] RRMB
[04:21:45] [309/455] ABRN
[04:21:47] [310/455] GTSG
[04:21:48] 🔄 Identity reset
[04:21:48] 🔄 Identity rotated (every 10 requests)
[04:21:48] [311/455] GBTG
[04:21:49] [312/455] SBGS
[04:21:50] [313/455] KBPM
[04:21:51] [314/455] SMHT
[04:21:53] [315/455] VTDM
[04:21:53] [316/455] ASCT
[04:21:54] [317/455] AWCT
[04:21:55] [318/455] DCCU
[04:21:57] [319/455] PSCE
[04:21:57] [320/455] KSNY
[04:21:58] 🔄 Identity reset
[04:21:58] 🔄 Identity rotated (every 10 requests)
[04:21:59] [321/455] ACID
[04:22:00] [322/455] LVCD
[04:22:01] [323/455] KSSB
[04:22:01] [324/455] SWTD
[04:22:02] [325/455] RBMR
[04:22:03] [326/455] SCBC
[04:22:04] [327/455] RKME
[04:22:05] [328/455] GALX
[04:22:06] [329/455] GCCH
[04:22:08] [330/455] RATR
[04:22:09] 🔄 Identity reset
[04:22:09] 🔄 Identity rotated (every 10 requests)
[04:22:09] [331/455] GTGA
[04:22:10] [332/455] LTTR
[04:22:11] [333/455] TTAA
[04:22:12] [334/455] TVHP
[04:22:13] [335/455] KVCS
[04:22:14] [336/455] CBMC
[04:22:15] [337/455] MAYJ
[04:22:16] [338/455] INPR
[04:22:17] [339/455] RSSC
[04:22:19] [340/455] PCAN
[04:22:20] 🔄 Identity reset
[04:22:20] 🔄 Identity rotated (every 10 requests)
[04:22:20] [341/455] PVHR
[04:22:21] [342/455] AGSM
[04:22:22] [343/455] PVES
[04:22:23] [344/455] INTO
[04:22:24] [345/455] ACON
[04:22:25] [346/455] PVPZ
[04:22:26] [347/455] PVHC
[04:22:27] [348/455] KSTK
[04:22:28] [349/455] PVSR
[04:22:29] [350/455] ACTN
[04:22:29] 🔄 Identity reset
[04:22:29] 🔄 Identity rotated (every 10 requests)
[04:22:30] [351/455] FMCN
[04:22:30] [352/455] PABC
[04:22:31] [353/455] SUTC
[04:22:32] [354/455] PGMV
[04:22:33] [355/455] GKCP
[04:22:34] [356/455] INCH
[04:22:35] [357/455] MLMT
[04:22:36] [358/455] SSCC
[04:22:37] [359/455] SLMP
[04:22:38] [360/455] VVTN
[04:22:38] 🔄 Identity reset
[04:22:38] 🔄 Identity rotated (every 10 requests)
[04:22:38] [361/455] SBTR
[04:22:39] [362/455] PGRA
[04:22:40] [363/455] PBRM
[04:22:41] [364/455] GCRP
[04:22:42] [365/455] MCSK
[04:22:43] [366/455] NLTC
[04:22:44] [367/455] MTLM
[04:22:46] [368/455] VECT
[04:22:47] [369/455] KMRM
[04:22:47] [370/455] RACM
[04:22:48] 🔄 Identity reset
[04:22:48] 🔄 Identity rotated (every 10 requests)
[04:22:49] [371/455] WSTC
[04:22:50] [372/455] PVTJ
[04:22:51] [373/455] MMKC
[04:22:51] [374/455] SVWT
[04:22:53] [375/455] JOTG
[04:22:54] [376/455] VCDK
[04:22:55] [377/455] ANAC
[04:22:57] [378/455] GRTC
[04:22:58] [379/455] JTPL
[04:22:58] [380/455] VRCP
[04:22:59] 🔄 Identity reset
[04:22:59] 🔄 Identity rotated (every 10 requests)
[04:22:59] [381/455] REMC
[04:23:00] [382/455] ATMG
[04:23:01] [383/455] GAHC
[04:23:02] [384/455] JTMV
[04:23:03] [385/455] OMTT
[04:23:04] [386/455] GKKC
[04:23:05] [387/455] BBPO
[04:23:06] [388/455] ZCBB
[04:23:07] [389/455] DCGO
[04:23:08] [390/455] STOP
[04:23:08] 🔄 Identity reset
[04:23:08] 🔄 Identity rotated (every 10 requests)
[04:23:08] [391/455] BSPC
[04:23:10] [392/455] SOND
[04:23:11] [393/455] GCKG
[04:23:12] [394/455] PCDB
[04:23:13] [395/455] PGRC
[04:23:14] [396/455] CSCT
[04:23:15] [397/455] STDA
[04:23:16] [398/455] JAYD
[04:23:17] [399/455] PPPD
[04:23:18] [400/455] KRTT
[04:23:18] 🔄 Identity reset
[04:23:19] 🔄 Identity rotated (every 10 requests)
[04:23:19] [401/455] PTDT
[04:23:20] [402/455] TRSV
[04:23:21] [403/455] VELR
[04:23:22] [404/455] STDT
[04:23:23] [405/455] SATT
[04:23:24] [406/455] KCPM
[04:23:25] [407/455] MFCP
[04:23:25] [408/455] AXMP
[04:23:26] [409/455] LTVB
[04:23:27] [410/455] APST
[04:23:28] 🔄 Identity reset
[04:23:28] 🔄 Identity rotated (every 10 requests)
[04:23:29] [411/455] DTVP
[04:23:30] [412/455] AAVB
[04:23:31] [413/455] PMBL
[04:23:32] [414/455] STKC
[04:23:33] [415/455] KKMA
[04:23:35] [416/455] NMXS
[04:23:36] [417/455] DECX
[04:23:37] [418/455] MAPJ
[04:23:37] [419/455] SMLK
[04:23:38] [420/455] PMPU
[04:23:39] 🔄 Identity reset
[04:23:39] 🔄 Identity rotated (every 10 requests)
[04:23:39] [421/455] AFST
[04:23:40] [422/455] SRSY
[04:23:41] [423/455] RMKT
[04:23:42] [424/455] RAJX
[04:23:43] [425/455] UVCD
[04:23:44] [426/455] LISA
[04:23:45] [427/455] LMSR
[04:23:46] [428/455] PMCA
[04:23:47] [429/455] INPO
[04:23:48] [430/455] INGO
[04:23:49] 🔄 Identity reset
[04:23:49] 🔄 Identity rotated (every 10 requests)
[04:23:49] [431/455] HFSQ
[04:23:50] [432/455] INMG
[04:23:51] [433/455] NYCP
[04:23:52] [434/455] HFSV
[04:23:53] [435/455] MMZP
[04:23:54] [436/455] KSES
[04:23:55] [437/455] HFSA
[04:23:56] [438/455] ACMM
[04:23:56] [439/455] RCKD
[04:23:57] [440/455] BCKR
[04:23:58] 🔄 Identity reset
[04:23:58] 🔄 Identity rotated (every 10 requests)
[04:23:58] [441/455] SFCO
[04:23:59] [442/455] JCCB
[04:24:00] [443/455] BCCR
[04:24:01] [444/455] NWCB
[04:24:02] [445/455] SAMT
[04:24:04] [446/455] TMST
[04:24:05] [447/455] SJCN
[04:24:06] [448/455] MCBS
[04:24:07] [449/455] CMKR
[04:24:08] [450/455] INPM
[04:24:08] 🔄 Identity reset
[04:24:08] 🔄 Identity rotated (every 10 requests)
[04:24:09] [451/455] WVMT
[04:24:10] [452/455] NYSM
[04:24:11] [453/455] RCMA
[04:24:12] [454/455] RECM
[04:24:13] [455/455] CYCM
[04:24:14] ✅ DONE | Shows=12 | Movies=7
[05:16:37] 🚀 BMS DAILY TRACKER STARTED (enhanced anti‑detection)
[05:16:37] [1/455] MXGN
[05:16:38] 🧠 New identity created
[05:16:38] [2/455] PGGM
[05:16:39] [3/455] IPMJ
[05:16:40] [4/455] M2PP
[05:16:41] [5/455] PMMS
[05:16:42] [6/455] SCJN
[05:16:43] [7/455] CPUM
[05:16:44] [8/455] SCND
[05:16:45] [9/455] INWM
[05:16:46] [10/455] DVDC
[05:16:46] 🔄 Identity reset
[05:16:46] 🔄 Identity rotated (every 10 requests)
[05:16:46] [11/455] WVND
[05:16:47] [12/455] LBDL
[05:16:48] [13/455] CRGM
[05:16:49] [14/455] PVKS
[05:16:50] [15/455] PBLL
[05:16:51] [16/455] FNLN
[05:16:52] [17/455] PPDA
[05:16:53] [18/455] SCPT
[05:16:55] [19/455] IAJS
[05:16:56] [20/455] MMZG
[05:16:56] 🔄 Identity reset
[05:16:56] 🔄 Identity rotated (every 10 requests)
[05:16:57] [21/455] MCTI
[05:16:58] [22/455] PPMF
[05:16:59] [23/455] FNSD
[05:17:00] [24/455] M2RH
[05:17:00] [25/455] CPGV
[05:17:01] [26/455] PECD
[05:17:02] [27/455] CTEE
[05:17:03] [28/455] IOMG
[05:17:04] [29/455] CIJA
[05:17:05] [30/455] NYCG
[05:17:05] 🔄 Identity reset
[05:17:05] 🔄 Identity rotated (every 10 requests)
[05:17:05] [31/455] CEST
[05:17:06] [32/455] WVRG
[05:17:08] [33/455] DPDC
[05:17:09] [34/455] PDIV
[05:17:10] [35/455] MTPP
[05:17:11] [36/455] MHNU
[05:17:12] [37/455] WUPG
[05:17:13] [38/455] USCO
[05:17:14] [39/455] INFR
[05:17:15] [40/455] PVPD
[05:17:15] 🔄 Identity reset
[05:17:15] 🔄 Identity rotated (every 10 requests)
[05:17:16] [41/455] RONC
[05:17:17] [42/455] IOCP
[05:17:17] [43/455] EMPS
[05:17:18] [44/455] PNAD
[05:17:19] [45/455] VVGZ
[05:17:20] [46/455] MDDC
[05:17:21] [47/455] MMAP
[05:17:21] [48/455] GPDC
[05:17:22] [49/455] PVPU
[05:17:23] [50/455] DCMV
[05:17:24] 🔄 Identity reset
[05:17:24] 🔄 Identity rotated (every 10 requests)
[05:17:24] [51/455] PCCF
[05:17:25] [52/455] MCEF
[05:17:26] [53/455] INRD
[05:17:27] [54/455] CCPZ
[05:17:28] [55/455] BCWG
[05:17:29] [56/455] PMGU
[05:17:29] [57/455] MCVM
[05:17:30] [58/455] MCDE
[05:17:31] [59/455] IEFM
[05:17:32] [60/455] MXCS
[05:17:33] 🔄 Identity reset
[05:17:33] 🔄 Identity rotated (every 10 requests)
[05:17:33] [61/455] RNMT
[05:17:34] [62/455] PSDD
[05:17:35] [63/455] PETA
[05:17:37] [64/455] IZOP
[05:17:38] [65/455] PDEI
[05:17:39] [66/455] MTND
[05:17:39] [67/455] PCPL
[05:17:40] [68/455] LSCM
[05:17:41] [69/455] BTFD
[05:17:42] [70/455] MERM
[05:17:42] 🔄 Identity reset
[05:17:42] 🔄 Identity rotated (every 10 requests)
[05:17:43] [71/455] PVMS
[05:17:44] [72/455] CIGK
[05:17:44] [73/455] INSG
[05:17:46] [74/455] IDEN
[05:17:47] [75/455] MCGN
[05:17:49] [76/455] IGAM
[05:17:49] [77/455] SLCU
[05:17:50] [78/455] MIMU
[05:17:51] [79/455] QLAC
[05:17:52] [80/455] MENL
[05:17:52] 🔄 Identity reset
[05:17:52] 🔄 Identity rotated (every 10 requests)
[05:17:53] [81/455] SCUR
[05:17:53] [82/455] MDGD
[05:17:54] [83/455] LSRS
[05:17:55] [84/455] KMLG
[05:17:56] [85/455] MKLJ
[05:17:57] [86/455] IBYG
[05:17:58] [87/455] ISML
[05:17:59] [88/455] MJMM
[05:18:00] [89/455] RCGD
[05:18:01] [90/455] MMOC
[05:18:01] 🔄 Identity reset
[05:18:01] 🔄 Identity rotated (every 10 requests)
[05:18:02] [91/455] RRCO
[05:18:02] [92/455] MEDM
[05:18:03] [93/455] MCAZ
[05:18:04] [94/455] STWA
[05:18:06] [95/455] PFFG
[05:18:06] [96/455] GAGC
[05:18:07] [97/455] PMPM
[05:18:08] [98/455] HVCD
[05:18:09] [99/455] AKRF
[05:18:10] [100/455] AKRC
[05:18:10] 🔄 Identity reset
[05:18:10] 🔄 Identity rotated (every 10 requests)
[05:18:11] [101/455] MIDA
[05:18:11] [102/455] MAGX
[05:18:12] [103/455] ESOS
[05:18:13] [104/455] BBCL
[05:18:14] [105/455] LYAS
[05:18:15] [106/455] NRMS
[05:18:16] [107/455] BHUC
[05:18:17] [108/455] SRIC
[05:18:18] [109/455] PDME
[05:18:18] [110/455] MJCS
[05:18:19] 🔄 Identity reset
[05:18:19] 🔄 Identity rotated (every 10 requests)
[05:18:19] [111/455] NRAA
[05:18:20] [112/455] VATA
[05:18:21] [113/455] MNKC
[05:18:22] [114/455] DHCL
[05:18:23] [115/455] JCPC
[05:18:24] [116/455] CTML
[05:18:25] [117/455] RMMR
[05:18:26] [118/455] STTL
[05:18:27] [119/455] CNPS
[05:18:28] [120/455] ACKL
[05:18:29] 🔄 Identity reset
[05:18:29] 🔄 Identity rotated (every 10 requests)
[05:18:29] [121/455] SCAU
[05:18:30] [122/455] RMIA
[05:18:32] [123/455] MANU
[05:18:33] [124/455] ARDC
[05:18:33] [125/455] GLDA
[05:18:34] [126/455] KVSW
[05:18:35] [127/455] CGCA
[05:18:36] [128/455] CMLO
[05:18:37] [129/455] CECB
[05:18:38] [130/455] RCPN
[05:18:38] 🔄 Identity reset
[05:18:38] 🔄 Identity rotated (every 10 requests)
[05:18:39] [131/455] ASMW
[05:18:39] [132/455] PWLM
[05:18:40] [133/455] ASGM
[05:18:41] [134/455] ACWH
[05:18:42] [135/455] AAPW
[05:18:43] [136/455] RTWA
[05:18:44] [137/455] RAMW
[05:18:45] [138/455] VKTR
[05:18:46] [139/455] SMBH
[05:18:47] [140/455] BVDR
[05:18:48] 🔄 Identity reset
[05:18:48] 🔄 Identity rotated (every 10 requests)
[05:18:48] [141/455] MRTP
[05:18:49] [142/455] BLBR
[05:18:50] [143/455] LPIN
[05:18:51] [144/455] SNPC
[05:18:51] [145/455] PDCB
[05:18:52] [146/455] DYPK
[05:18:53] [147/455] INMK
[05:18:54] [148/455] PDCK
[05:18:55] [149/455] PCKR
[05:18:56] [150/455] SHUA
[05:18:56] 🔄 Identity reset
[05:18:56] 🔄 Identity rotated (every 10 requests)
[05:18:56] [151/455] SCVK
[05:18:57] [152/455] STPA
[05:18:59] [153/455] WVHD
[05:19:00] [154/455] MRCH
[05:19:01] [155/455] MCNP
[05:19:02] [156/455] RCAG
[05:19:02] [157/455] JTSN
[05:19:03] [158/455] AANS
[05:19:05] [159/455] GDDR
[05:19:06] [160/455] SRER
[05:19:06] 🔄 Identity reset
[05:19:06] 🔄 Identity rotated (every 10 requests)
[05:19:07] [161/455] JKMA
[05:19:08] [162/455] ARAN
[05:19:08] [163/455] ALCT
[05:19:09] [164/455] CCTA
[05:19:11] [165/455] CNCT
[05:19:12] [166/455] NZBL
[05:19:13] [167/455] SRRA
[05:19:14] [168/455] SVPW
[05:19:15] [169/455] SRTW
[05:19:16] [170/455] XMTD
[05:19:16] 🔄 Identity reset
[05:19:16] 🔄 Identity rotated (every 10 requests)
[05:19:17] [171/455] SCCZ
[05:19:17] [172/455] PBCR
[05:19:18] [173/455] RTSC
[05:19:19] [174/455] TLSV
[05:19:20] [175/455] RMTK
[05:19:21] [176/455] SRAT
[05:19:22] [177/455] GCYC
[05:19:23] [178/455] HCAJ
[05:19:24] [179/455] LCXA
[05:19:24] [180/455] BINT
[05:19:25] 🔄 Identity reset
[05:19:25] 🔄 Identity rotated (every 10 requests)
[05:19:25] [181/455] IXIM
[05:19:26] [182/455] MBCR
[05:19:27] [183/455] BMCJ
[05:19:28] [184/455] NICJ
[05:19:29] [185/455] SCAJ
[05:19:30] [186/455] CMXS
[05:19:31] [187/455] MMSR
[05:19:32] [188/455] PRKT
[05:19:33] [189/455] LPTH
[05:19:33] [190/455] SARP
[05:19:34] 🔄 Identity reset
[05:19:34] 🔄 Identity rotated (every 10 requests)
[05:19:35] [191/455] MNPP
[05:19:36] [192/455] PRLR
[05:19:37] [193/455] RCMW
[05:19:38] [194/455] FCMG
[05:19:39] [195/455] RTNK
[05:19:40] [196/455] LRCP
[05:19:41] [197/455] DBJR
[05:19:42] [198/455] CACN
[05:19:43] [199/455] AMRL
[05:19:44] [200/455] SBBC
[05:19:45] 🔄 Identity reset
[05:19:45] 🔄 Identity rotated (every 10 requests)
[05:19:45] [201/455] VENN
[05:19:46] [202/455] STSS
[05:19:46] [203/455] SMRB
[05:19:47] [204/455] CCMX
[05:19:48] [205/455] KCMR
[05:19:49] [206/455] SALH
[05:19:50] [207/455] CGTT
[05:19:51] [208/455] PMDR
[05:19:51] [209/455] VCPM
[05:19:52] [210/455] RZMX
[05:19:53] 🔄 Identity reset
[05:19:53] 🔄 Identity rotated (every 10 requests)
[05:19:53] [211/455] TMSY
[05:19:54] [212/455] NTMS
[05:19:55] [213/455] VTAG
[05:19:56] [214/455] REMA
[05:19:56] [215/455] NXCC
[05:19:57] [216/455] SKYM
[05:19:58] [217/455] CCMO
[05:19:59] [218/455] DMXM
[05:20:00] [219/455] SPPM
[05:20:00] [220/455] PTKL
[05:20:01] 🔄 Identity reset
[05:20:01] 🔄 Identity rotated (every 10 requests)
[05:20:02] [221/455] SLVO
[05:20:03] [222/455] VASL
[05:20:04] [223/455] CBCM
[05:20:05] [224/455] STMA
[05:20:05] [225/455] LASK
[05:20:06] [226/455] VITE
[05:20:07] [227/455] AAST
[05:20:08] [228/455] JTPT
[05:20:09] [229/455] RRSH
[05:20:09] [230/455] CINL
[05:20:10] 🔄 Identity reset
[05:20:10] 🔄 Identity rotated (every 10 requests)
[05:20:10] [231/455] MCSR
[05:20:11] [232/455] SBCF
[05:20:12] [233/455] GCDU
[05:20:13] [234/455] PSPR
[05:20:14] [235/455] IMMO
[05:20:15] [236/455] CLGM
[05:20:16] [237/455] PBMM
[05:20:17] [238/455] CEHR
[05:20:18] [239/455] CPOE
[05:20:19] [240/455] PGFD
[05:20:20] 🔄 Identity reset
[05:20:20] 🔄 Identity rotated (every 10 requests)
[05:20:21] [241/455] PSLC
[05:20:21] [242/455] MSMD
[05:20:22] [243/455] FMFB
[05:20:24] [244/455] RKCL
[05:20:25] [245/455] PMMC
[05:20:26] [246/455] SKMM
[05:20:26] [247/455] VOIB
[05:20:27] [248/455] KINO
[05:20:28] [249/455] VCTP
[05:20:29] [250/455] PDWR
[05:20:30] 🔄 Identity reset
[05:20:30] 🔄 Identity rotated (every 10 requests)
[05:20:30] [251/455] SAED
[05:20:31] [252/455] SRRT
[05:20:32] [253/455] CVLG
[05:20:33] [254/455] SNGN
[05:20:34] [255/455] SIDA
[05:20:35] [256/455] IMCB
[05:20:35] [257/455] SMHP
[05:20:36] [258/455] GDTY
[05:20:37] [259/455] VYCH
[05:20:38] [260/455] PDYA
[05:20:38] 🔄 Identity reset
[05:20:38] 🔄 Identity rotated (every 10 requests)
[05:20:39] [261/455] RKDO
[05:20:40] [262/455] VECG
[05:20:40] [263/455] NFGD
[05:20:41] [264/455] SNDC
[05:20:42] [265/455] SDJH
[05:20:43] [266/455] HASV
[05:20:44] [267/455] PTYK
[05:20:45] [268/455] MUTB
[05:20:45] [269/455] AMRT
[05:20:46] [270/455] VACD
[05:20:47] 🔄 Identity reset
[05:20:47] 🔄 Identity rotated (every 10 requests)
[05:20:47] [271/455] SKDD
[05:20:49] [272/455] STGR
[05:20:50] [273/455] GDAK
[05:20:51] [274/455] SKHK
[05:20:51] [275/455] SLND
[05:20:53] [276/455] APAP
[05:20:54] [277/455] AYYA
[05:20:54] [278/455] VCCZ
[05:20:55] [279/455] MEML
[05:20:56] [280/455] MAOU
[05:20:57] 🔄 Identity reset
[05:20:57] 🔄 Identity rotated (every 10 requests)
[05:20:57] [281/455] ESND
[05:20:58] [282/455] PTBZ
[05:20:59] [283/455] LBCN
[05:21:00] [284/455] PAWA
[05:21:00] [285/455] ZEIC
[05:21:01] [286/455] CGMM
[05:21:02] [287/455] PJPM
[05:21:03] [288/455] ECMR
[05:21:04] [289/455] SHMZ
[05:21:05] [290/455] STCA
[05:21:06] 🔄 Identity reset
[05:21:06] 🔄 Identity rotated (every 10 requests)
[05:21:06] [291/455] VDRC
[05:21:07] [292/455] SEEM
[05:21:08] [293/455] MKNS
[05:21:08] [294/455] KPPP
[05:21:09] [295/455] CCML
[05:21:11] [296/455] CIBA
[05:21:12] [297/455] NACS
[05:21:12] [298/455] CTMK
[05:21:13] [299/455] CTCT
[05:21:14] [300/455] MCSN
[05:21:15] 🔄 Identity reset
[05:21:15] 🔄 Identity rotated (every 10 requests)
[05:21:15] [301/455] MAXX
[05:21:17] [302/455] MECB
[05:21:17] [303/455] NTBY
[05:21:18] [304/455] UTBI
[05:21:19] [305/455] RADK
[05:21:20] [306/455] STBY
[05:21:21] [307/455] GTBY
[05:21:23] [308/455] RRMB
[05:21:23] [309/455] ABRN
[05:21:24] [310/455] GTSG
[05:21:25] 🔄 Identity reset
[05:21:25] 🔄 Identity rotated (every 10 requests)
[05:21:25] [311/455] GBTG
[05:21:26] [312/455] SBGS
[05:21:27] [313/455] KBPM
[05:21:28] [314/455] SMHT
[05:21:28] [315/455] VTDM
[05:21:29] [316/455] ASCT
[05:21:30] [317/455] AWCT
[05:21:31] [318/455] DCCU
[05:21:32] [319/455] PSCE
[05:21:33] [320/455] KSNY
[05:21:33] 🔄 Identity reset
[05:21:33] 🔄 Identity rotated (every 10 requests)
[05:21:34] [321/455] ACID
[05:21:34] [322/455] LVCD
[05:21:35] [323/455] KSSB
[05:21:36] [324/455] SWTD
[05:21:38] [325/455] RBMR
[05:21:38] [326/455] SCBC
[05:21:39] [327/455] RKME
[05:21:40] [328/455] GALX
[05:21:41] [329/455] GCCH
[05:21:42] [330/455] RATR
[05:21:43] 🔄 Identity reset
[05:21:43] 🔄 Identity rotated (every 10 requests)
[05:21:44] [331/455] GTGA
[05:21:45] [332/455] LTTR
[05:21:45] [333/455] TTAA
[05:21:46] [334/455] TVHP
[05:21:47] [335/455] KVCS
[05:21:48] [336/455] CBMC
[05:21:49] [337/455] MAYJ
[05:21:50] [338/455] INPR
[05:21:51] [339/455] RSSC
[05:21:52] [340/455] PCAN
[05:21:53] 🔄 Identity reset
[05:21:53] 🔄 Identity rotated (every 10 requests)
[05:21:53] [341/455] PVHR
[05:21:54] [342/455] AGSM
[05:21:55] [343/455] PVES
[05:21:56] [344/455] INTO
[05:21:57] [345/455] ACON
[05:21:57] [346/455] PVPZ
[05:21:59] [347/455] PVHC
[05:22:00] [348/455] KSTK
[05:22:01] [349/455] PVSR
[05:22:01] [350/455] ACTN
[05:22:02] 🔄 Identity reset
[05:22:02] 🔄 Identity rotated (every 10 requests)
[05:22:02] [351/455] FMCN
[05:22:03] [352/455] PABC
[05:22:04] [353/455] SUTC
[05:22:05] [354/455] PGMV
[05:22:06] [355/455] GKCP
[05:22:07] [356/455] INCH
[05:22:08] [357/455] MLMT
[05:22:08] [358/455] SSCC
[05:22:09] [359/455] SLMP
[05:22:10] [360/455] VVTN
[05:22:11] 🔄 Identity reset
[05:22:11] 🔄 Identity rotated (every 10 requests)
[05:22:11] [361/455] SBTR
[05:22:12] [362/455] PGRA
[05:22:13] [363/455] PBRM
[05:22:14] [364/455] GCRP
[05:22:15] [365/455] MCSK
[05:22:15] [366/455] NLTC
[05:22:16] [367/455] MTLM
[05:22:17] [368/455] VECT
[05:22:18] [369/455] KMRM
[05:22:19] [370/455] RACM
[05:22:19] 🔄 Identity reset
[05:22:19] 🔄 Identity rotated (every 10 requests)
[05:22:20] [371/455] WSTC
[05:22:21] [372/455] PVTJ
[05:22:22] [373/455] MMKC
[05:22:22] [374/455] SVWT
[05:22:23] [375/455] JOTG
[05:22:24] [376/455] VCDK
[05:22:25] [377/455] ANAC
[05:22:26] [378/455] GRTC
[05:22:27] [379/455] JTPL
[05:22:28] [380/455] VRCP
[05:22:28] 🔄 Identity reset
[05:22:28] 🔄 Identity rotated (every 10 requests)
[05:22:29] [381/455] REMC
[05:22:30] [382/455] ATMG
[05:22:31] [383/455] GAHC
[05:22:32] [384/455] JTMV
[05:22:32] [385/455] OMTT
[05:22:34] [386/455] GKKC
[05:22:35] [387/455] BBPO
[05:22:36] [388/455] ZCBB
[05:22:36] [389/455] DCGO
[05:22:37] [390/455] STOP
[05:22:38] 🔄 Identity reset
[05:22:38] 🔄 Identity rotated (every 10 requests)
[05:22:38] [391/455] BSPC
[05:22:39] [392/455] SOND
[05:22:40] [393/455] GCKG
[05:22:41] [394/455] PCDB
[05:22:41] [395/455] PGRC
[05:22:42] [396/455] CSCT
[05:22:44] [397/455] STDA
[05:22:45] [398/455] JAYD
[05:22:46] [399/455] PPPD
[05:22:47] [400/455] KRTT
[05:22:48] 🔄 Identity reset
[05:22:48] 🔄 Identity rotated (every 10 requests)
[05:22:48] [401/455] PTDT
[05:22:49] [402/455] TRSV
[05:22:50] [403/455] VELR
[05:22:50] [404/455] STDT
[05:22:51] [405/455] SATT
[05:22:52] [406/455] KCPM
[05:22:54] [407/455] MFCP
[05:22:55] [408/455] AXMP
[05:22:56] [409/455] LTVB
[05:22:57] [410/455] APST
[05:22:57] 🔄 Identity reset
[05:22:57] 🔄 Identity rotated (every 10 requests)
[05:22:58] [411/455] DTVP
[05:22:59] [412/455] AAVB
[05:23:00] [413/455] PMBL
[05:23:01] [414/455] STKC
[05:23:01] [415/455] KKMA
[05:23:02] [416/455] NMXS
[05:23:03] [417/455] DECX
[05:23:04] [418/455] MAPJ
[05:23:05] [419/455] SMLK
[05:23:05] [420/455] PMPU
[05:23:06] 🔄 Identity reset
[05:23:06] 🔄 Identity rotated (every 10 requests)
[05:23:06] [421/455] AFST
[05:23:07] [422/455] SRSY
[05:23:09] [423/455] RMKT
[05:23:10] [424/455] RAJX
[05:23:11] [425/455] UVCD
[05:23:11] [426/455] LISA
[05:23:12] [427/455] LMSR
[05:23:13] [428/455] PMCA
[05:23:14] [429/455] INPO
[05:23:15] [430/455] INGO
[05:23:15] 🔄 Identity reset
[05:23:15] 🔄 Identity rotated (every 10 requests)
[05:23:15] [431/455] HFSQ
[05:23:17] [432/455] INMG
[05:23:18] [433/455] NYCP
[05:23:18] [434/455] HFSV
[05:23:19] [435/455] MMZP
[05:23:20] [436/455] KSES
[05:23:21] [437/455] HFSA
[05:23:22] [438/455] ACMM
[05:23:23] [439/455] RCKD
[05:23:24] [440/455] BCKR
[05:23:25] 🔄 Identity reset
[05:23:25] 🔄 Identity rotated (every 10 requests)
[05:23:25] [441/455] SFCO
[05:23:26] [442/455] JCCB
[05:23:27] [443/455] BCCR
[05:23:28] [444/455] NWCB
[05:23:29] [445/455] SAMT
[05:23:30] [446/455] TMST
[05:23:31] [447/455] SJCN
[05:23:32] [448/455] MCBS
[05:23:34] [449/455] CMKR
[05:23:35] [450/455] INPM
[05:23:35] 🔄 Identity reset
[05:23:35] 🔄 Identity rotated (every 10 requests)
[05:23:35] [451/455] WVMT
[05:23:37] [452/455] NYSM
[05:23:38] [453/455] RCMA
[05:23:39] [454/455] RECM
[05:23:40] [455/455] CYCM
[05:23:41] ✅ DONE | Shows=36 | Movies=14
[06:06:27] 🚀 BMS DAILY TRACKER STARTED (enhanced anti‑detection)
[06:06:27] [1/455] MXGN
[06:06:27] 🧠 New identity created
[06:06:28] [2/455] PGGM
[06:06:28] [3/455] IPMJ
[06:06:29] [4/455] M2PP
[06:06:30] [5/455] PMMS
[06:06:30] [6/455] SCJN
[06:06:31] [7/455] CPUM
[06:06:32] [8/455] SCND
[06:06:33] [9/455] INWM
[06:06:33] [10/455] DVDC
[06:06:34] 🔄 Identity reset
[06:06:34] 🔄 Identity rotated (every 10 requests)
[06:06:34] [11/455] WVND
[06:06:35] [12/455] LBDL
[06:06:36] [13/455] CRGM
[06:06:36] [14/455] PVKS
[06:06:37] [15/455] PBLL
[06:06:38] [16/455] FNLN
[06:06:39] [17/455] PPDA
[06:06:40] [18/455] SCPT
[06:06:41] [19/455] IAJS
[06:06:42] [20/455] MMZG
[06:06:43] 🔄 Identity reset
[06:06:43] 🔄 Identity rotated (every 10 requests)
[06:06:43] [21/455] MCTI
[06:06:44] [22/455] PPMF
[06:06:45] [23/455] FNSD
[06:06:45] [24/455] M2RH
[06:06:46] [25/455] CPGV
[06:06:47] [26/455] PECD
[06:06:48] [27/455] CTEE
[06:06:48] [28/455] IOMG
[06:06:49] [29/455] CIJA
[06:06:51] [30/455] NYCG
[06:06:52] 🔄 Identity reset
[06:06:52] 🔄 Identity rotated (every 10 requests)
[06:06:52] [31/455] CEST
[06:06:52] [32/455] WVRG
[06:06:53] [33/455] DPDC
[06:06:54] [34/455] PDIV
[06:06:55] [35/455] MTPP
[06:06:56] [36/455] MHNU
[06:06:56] [37/455] WUPG
[06:06:57] [38/455] USCO
[06:06:58] [39/455] INFR
[06:06:58] [40/455] PVPD
[06:06:59] 🔄 Identity reset
[06:06:59] 🔄 Identity rotated (every 10 requests)
[06:06:59] [41/455] RONC
[06:07:00] [42/455] IOCP
[06:07:01] [43/455] EMPS
[06:07:02] [44/455] PNAD
[06:07:02] [45/455] VVGZ
[06:07:03] [46/455] MDDC
[06:07:04] [47/455] MMAP
[06:07:05] [48/455] GPDC
[06:07:06] [49/455] PVPU
[06:07:06] [50/455] DCMV
[06:07:07] 🔄 Identity reset
[06:07:07] 🔄 Identity rotated (every 10 requests)
[06:07:07] [51/455] PCCF
[06:07:08] [52/455] MCEF
[06:07:09] [53/455] INRD
[06:07:10] [54/455] CCPZ
[06:07:12] [55/455] BCWG
[06:07:13] [56/455] PMGU
[06:07:13] [57/455] MCVM
[06:07:14] [58/455] MCDE
[06:07:14] [59/455] IEFM
[06:07:15] [60/455] MXCS
[06:07:16] 🔄 Identity reset
[06:07:16] 🔄 Identity rotated (every 10 requests)
[06:07:16] [61/455] RNMT
[06:07:17] [62/455] PSDD
[06:07:17] [63/455] PETA
[06:07:19] [64/455] IZOP
[06:07:19] [65/455] PDEI
[06:07:20] [66/455] MTND
[06:07:21] [67/455] PCPL
[06:07:22] [68/455] LSCM
[06:07:22] [69/455] BTFD
[06:07:23] [70/455] MERM
[06:07:24] 🔄 Identity reset
[06:07:24] 🔄 Identity rotated (every 10 requests)
[06:07:24] [71/455] PVMS
[06:07:25] [72/455] CIGK
[06:07:25] [73/455] INSG
[06:07:26] [74/455] IDEN
[06:07:27] [75/455] MCGN
[06:07:28] [76/455] IGAM
[06:07:30] [77/455] SLCU
[06:07:30] [78/455] MIMU
[06:07:31] [79/455] QLAC
[06:07:32] [80/455] MENL
[06:07:32] 🔄 Identity reset
[06:07:33] 🔄 Identity rotated (every 10 requests)
[06:07:33] [81/455] SCUR
[06:07:34] [82/455] MDGD
[06:07:34] [83/455] LSRS
[06:07:35] [84/455] KMLG
[06:07:36] [85/455] MKLJ
[06:07:36] [86/455] IBYG
[06:07:37] [87/455] ISML
[06:07:38] [88/455] MJMM
[06:07:39] [89/455] RCGD
[06:07:40] [90/455] MMOC
[06:07:40] 🔄 Identity reset
[06:07:40] 🔄 Identity rotated (every 10 requests)
[06:07:41] [91/455] RRCO
[06:07:41] [92/455] MEDM
[06:07:42] [93/455] MCAZ
[06:07:43] [94/455] STWA
[06:07:44] [95/455] PFFG
[06:07:45] [96/455] GAGC
[06:07:45] [97/455] PMPM
[06:07:47] [98/455] HVCD
[06:07:48] [99/455] AKRF
[06:07:49] [100/455] AKRC
[06:07:49] 🔄 Identity reset
[06:07:49] 🔄 Identity rotated (every 10 requests)
[06:07:50] [101/455] MIDA
[06:07:50] [102/455] MAGX
[06:07:51] [103/455] ESOS
[06:07:52] [104/455] BBCL
[06:07:53] [105/455] LYAS
[06:07:54] [106/455] NRMS
[06:07:55] [107/455] BHUC
[06:07:56] [108/455] SRIC
[06:07:56] [109/455] PDME
[06:07:57] [110/455] MJCS
[06:07:58] 🔄 Identity reset
[06:07:58] 🔄 Identity rotated (every 10 requests)
[06:07:58] [111/455] NRAA
[06:07:59] [112/455] VATA
[06:07:59] [113/455] MNKC
[06:08:00] [114/455] DHCL
[06:08:01] [115/455] JCPC
[06:08:02] [116/455] CTML
[06:08:03] [117/455] RMMR
[06:08:03] [118/455] STTL
[06:08:05] [119/455] CNPS
[06:08:06] [120/455] ACKL
[06:08:06] 🔄 Identity reset
[06:08:06] 🔄 Identity rotated (every 10 requests)
[06:08:07] [121/455] SCAU
[06:08:07] [122/455] RMIA
[06:08:08] [123/455] MANU
[06:08:09] [124/455] ARDC
[06:08:10] [125/455] GLDA
[06:08:11] [126/455] KVSW
[06:08:12] [127/455] CGCA
[06:08:13] [128/455] CMLO
[06:08:14] [129/455] CECB
[06:08:14] [130/455] RCPN
[06:08:15] 🔄 Identity reset
[06:08:15] 🔄 Identity rotated (every 10 requests)
[06:08:15] [131/455] ASMW
[06:08:16] [132/455] PWLM
[06:08:17] [133/455] ASGM
[06:08:18] [134/455] ACWH
[06:08:19] [135/455] AAPW
[06:08:20] [136/455] RTWA
[06:08:21] [137/455] RAMW
[06:08:21] [138/455] VKTR
[06:08:22] [139/455] SMBH
[06:08:23] [140/455] BVDR
[06:08:23] 🔄 Identity reset
[06:08:23] 🔄 Identity rotated (every 10 requests)
[06:08:24] [141/455] MRTP
[06:08:24] [142/455] BLBR
[06:08:25] [143/455] LPIN
[06:08:26] [144/455] SNPC
[06:08:27] [145/455] PDCB
[06:08:28] [146/455] DYPK
[06:08:29] [147/455] INMK
[06:08:31] [148/455] PDCK
[06:08:31] [149/455] PCKR
[06:08:32] [150/455] SHUA
[06:08:33] 🔄 Identity reset
[06:08:33] 🔄 Identity rotated (every 10 requests)
[06:08:33] [151/455] SCVK
[06:08:34] [152/455] STPA
[06:08:35] [153/455] WVHD
[06:08:36] [154/455] MRCH
[06:08:37] [155/455] MCNP
[06:08:38] [156/455] RCAG
[06:08:38] [157/455] JTSN
[06:08:39] [158/455] AANS
[06:08:40] [159/455] GDDR
[06:08:40] [160/455] SRER
[06:08:41] 🔄 Identity reset
[06:08:41] 🔄 Identity rotated (every 10 requests)
[06:08:41] [161/455] JKMA
[06:08:42] [162/455] ARAN
[06:08:43] [163/455] ALCT
[06:08:44] [164/455] CCTA
[06:08:45] [165/455] CNCT
[06:08:46] [166/455] NZBL
[06:08:47] [167/455] SRRA
[06:08:47] [168/455] SVPW
[06:08:48] [169/455] SRTW
[06:08:50] [170/455] XMTD
[06:08:50] 🔄 Identity reset
[06:08:50] 🔄 Identity rotated (every 10 requests)
[06:08:50] [171/455] SCCZ
[06:08:51] [172/455] PBCR
[06:08:52] [173/455] RTSC
[06:08:53] [174/455] TLSV
[06:08:53] [175/455] RMTK
[06:08:55] [176/455] SRAT
[06:08:56] [177/455] GCYC
[06:08:57] [178/455] HCAJ
[06:08:58] [179/455] LCXA
[06:08:59] [180/455] BINT
[06:08:59] 🔄 Identity reset
[06:08:59] 🔄 Identity rotated (every 10 requests)
[06:08:59] [181/455] IXIM
[06:09:00] [182/455] MBCR
[06:09:01] [183/455] BMCJ
[06:09:02] [184/455] NICJ
[06:09:03] [185/455] SCAJ
[06:09:04] [186/455] CMXS
[06:09:06] [187/455] MMSR
[06:09:06] [188/455] PRKT
[06:09:07] [189/455] LPTH
[06:09:08] [190/455] SARP
[06:09:09] 🔄 Identity reset
[06:09:09] 🔄 Identity rotated (every 10 requests)
[06:09:09] [191/455] MNPP
[06:09:10] [192/455] PRLR
[06:09:11] [193/455] RCMW
[06:09:12] [194/455] FCMG
[06:09:12] [195/455] RTNK
[06:09:13] [196/455] LRCP
[06:09:14] [197/455] DBJR
[06:09:15] [198/455] CACN
[06:09:15] [199/455] AMRL
[06:09:16] [200/455] SBBC
[06:09:17] 🔄 Identity reset
[06:09:17] 🔄 Identity rotated (every 10 requests)
[06:09:17] [201/455] VENN
[06:09:18] [202/455] STSS
[06:09:19] [203/455] SMRB
[06:09:20] [204/455] CCMX
[06:09:21] [205/455] KCMR
[06:09:22] [206/455] SALH
[06:09:23] [207/455] CGTT
[06:09:24] [208/455] PMDR
[06:09:25] [209/455] VCPM
[06:09:25] [210/455] RZMX
[06:09:26] 🔄 Identity reset
[06:09:26] 🔄 Identity rotated (every 10 requests)
[06:09:26] [211/455] TMSY
[06:09:27] [212/455] NTMS
[06:09:28] [213/455] VTAG
[06:09:29] [214/455] REMA
[06:09:30] [215/455] NXCC
[06:09:31] [216/455] SKYM
[06:09:32] [217/455] CCMO
[06:09:32] [218/455] DMXM
[06:09:33] [219/455] SPPM
[06:09:34] [220/455] PTKL
[06:09:35] 🔄 Identity reset
[06:09:35] 🔄 Identity rotated (every 10 requests)
[06:09:35] [221/455] SLVO
[06:09:36] [222/455] VASL
[06:09:37] [223/455] CBCM
[06:09:37] [224/455] STMA
[06:09:38] [225/455] LASK
[06:09:39] [226/455] VITE
[06:09:40] [227/455] AAST
[06:09:41] [228/455] JTPT
[06:09:42] [229/455] RRSH
[06:09:43] [230/455] CINL
[06:09:43] 🔄 Identity reset
[06:09:43] 🔄 Identity rotated (every 10 requests)
[06:09:43] [231/455] MCSR
[06:09:44] [232/455] SBCF
[06:09:45] [233/455] GCDU
[06:09:47] [234/455] PSPR
[06:09:48] [235/455] IMMO
[06:09:49] [236/455] CLGM
[06:09:49] [237/455] PBMM
[06:09:50] [238/455] CEHR
[06:09:51] [239/455] CPOE
[06:09:52] [240/455] PGFD
[06:09:52] 🔄 Identity reset
[06:09:53] 🔄 Identity rotated (every 10 requests)
[06:09:53] [241/455] PSLC
[06:09:54] [242/455] MSMD
[06:09:55] [243/455] FMFB
[06:09:56] [244/455] RKCL
[06:09:57] [245/455] PMMC
[06:09:57] [246/455] SKMM
[06:09:58] [247/455] VOIB
[06:09:59] [248/455] KINO
[06:10:00] [249/455] VCTP
[06:10:01] [250/455] PDWR
[06:10:02] 🔄 Identity reset
[06:10:02] 🔄 Identity rotated (every 10 requests)
[06:10:02] [251/455] SAED
[06:10:04] [252/455] SRRT
[06:10:05] [253/455] CVLG
[06:10:06] [254/455] SNGN
[06:10:06] [255/455] SIDA
[06:10:08] [256/455] IMCB
[06:10:09] [257/455] SMHP
[06:10:10] [258/455] GDTY
[06:10:11] [259/455] VYCH
[06:10:12] [260/455] PDYA
[06:10:12] 🔄 Identity reset
[06:10:12] 🔄 Identity rotated (every 10 requests)
[06:10:12] [261/455] RKDO
[06:10:14] [262/455] VECG
[06:10:15] [263/455] NFGD
[06:10:16] [264/455] SNDC
[06:10:17] [265/455] SDJH
[06:10:18] [266/455] HASV
[06:10:19] [267/455] PTYK
[06:10:19] [268/455] MUTB
[06:10:20] [269/455] AMRT
[06:10:21] [270/455] VACD
[06:10:22] 🔄 Identity reset
[06:10:22] 🔄 Identity rotated (every 10 requests)
[06:10:22] [271/455] SKDD
[06:10:23] [272/455] STGR
[06:10:23] [273/455] GDAK
[06:10:24] [274/455] SKHK
[06:10:25] [275/455] SLND
[06:10:26] [276/455] APAP
[06:10:27] [277/455] AYYA
[06:10:28] [278/455] VCCZ
[06:10:29] [279/455] MEML
[06:10:30] [280/455] MAOU
[06:10:31] 🔄 Identity reset
[06:10:31] 🔄 Identity rotated (every 10 requests)
[06:10:31] [281/455] ESND
[06:10:32] [282/455] PTBZ
[06:10:33] [283/455] LBCN
[06:10:34] [284/455] PAWA
[06:10:35] [285/455] ZEIC
[06:10:35] [286/455] CGMM
[06:10:36] [287/455] PJPM
[06:10:37] [288/455] ECMR
[06:10:38] [289/455] SHMZ
[06:10:38] [290/455] STCA
[06:10:39] 🔄 Identity reset
[06:10:39] 🔄 Identity rotated (every 10 requests)
[06:10:39] [291/455] VDRC
[06:10:40] [292/455] SEEM
[06:10:41] [293/455] MKNS
[06:10:42] [294/455] KPPP
[06:10:43] [295/455] CCML
[06:10:43] [296/455] CIBA
[06:10:44] [297/455] NACS
[06:10:45] [298/455] CTMK
[06:10:46] [299/455] CTCT
[06:10:47] [300/455] MCSN
[06:10:47] 🔄 Identity reset
[06:10:47] 🔄 Identity rotated (every 10 requests)
[06:10:48] [301/455] MAXX
[06:10:49] [302/455] MECB
[06:10:49] [303/455] NTBY
[06:10:51] [304/455] UTBI
[06:10:52] [305/455] RADK
[06:10:53] [306/455] STBY
[06:10:54] [307/455] GTBY
[06:10:55] [308/455] RRMB
[06:10:55] [309/455] ABRN
[06:10:56] [310/455] GTSG
[06:10:57] 🔄 Identity reset
[06:10:57] 🔄 Identity rotated (every 10 requests)
[06:10:57] [311/455] GBTG
[06:10:58] [312/455] SBGS
[06:10:59] [313/455] KBPM
[06:11:00] [314/455] SMHT
[06:11:00] [315/455] VTDM
[06:11:01] [316/455] ASCT
[06:11:02] [317/455] AWCT
[06:11:03] [318/455] DCCU
[06:11:04] [319/455] PSCE
[06:11:05] [320/455] KSNY
[06:11:05] 🔄 Identity reset
[06:11:05] 🔄 Identity rotated (every 10 requests)
[06:11:06] [321/455] ACID
[06:11:07] [322/455] LVCD
[06:11:07] [323/455] KSSB
[06:11:08] [324/455] SWTD
[06:11:09] [325/455] RBMR
[06:11:10] [326/455] SCBC
[06:11:12] [327/455] RKME
[06:11:13] [328/455] GALX
[06:11:13] [329/455] GCCH
[06:11:14] [330/455] RATR
[06:11:15] 🔄 Identity reset
[06:11:15] 🔄 Identity rotated (every 10 requests)
[06:11:15] [331/455] GTGA
[06:11:16] [332/455] LTTR
[06:11:17] [333/455] TTAA
[06:11:18] [334/455] TVHP
[06:11:19] [335/455] KVCS
[06:11:20] [336/455] CBMC
[06:11:20] [337/455] MAYJ
[06:11:21] [338/455] INPR
[06:11:22] [339/455] RSSC
[06:11:23] [340/455] PCAN
[06:11:23] 🔄 Identity reset
[06:11:23] 🔄 Identity rotated (every 10 requests)
[06:11:24] [341/455] PVHR
[06:11:26] [342/455] AGSM
[06:11:26] [343/455] PVES
[06:11:27] [344/455] INTO
[06:11:28] [345/455] ACON
[06:11:29] [346/455] PVPZ
[06:11:30] [347/455] PVHC
[06:11:31] [348/455] KSTK
[06:11:32] [349/455] PVSR
[06:11:33] [350/455] ACTN
[06:11:33] 🔄 Identity reset
[06:11:33] 🔄 Identity rotated (every 10 requests)
[06:11:34] [351/455] FMCN
[06:11:34] [352/455] PABC
[06:11:35] [353/455] SUTC
[06:11:37] [354/455] PGMV
[06:11:38] [355/455] GKCP
[06:11:38] [356/455] INCH
[06:11:39] [357/455] MLMT
[06:11:40] [358/455] SSCC
[06:11:42] [359/455] SLMP
[06:11:43] [360/455] VVTN
[06:11:43] 🔄 Identity reset
[06:11:43] 🔄 Identity rotated (every 10 requests)
[06:11:43] [361/455] SBTR
[06:11:44] [362/455] PGRA
[06:11:45] [363/455] PBRM
[06:11:46] [364/455] GCRP
[06:11:47] [365/455] MCSK
[06:11:48] [366/455] NLTC
[06:11:49] [367/455] MTLM
[06:11:50] [368/455] VECT
[06:11:51] [369/455] KMRM
[06:11:51] [370/455] RACM
[06:11:52] 🔄 Identity reset
[06:11:52] 🔄 Identity rotated (every 10 requests)
[06:11:52] [371/455] WSTC
[06:11:53] [372/455] PVTJ
[06:11:55] [373/455] MMKC
[06:11:56] [374/455] SVWT
[06:11:56] [375/455] JOTG
[06:11:57] [376/455] VCDK
[06:11:59] [377/455] ANAC
[06:11:59] [378/455] GRTC
[06:12:00] [379/455] JTPL
[06:12:02] [380/455] VRCP
[06:12:02] 🔄 Identity reset
[06:12:03] 🔄 Identity rotated (every 10 requests)
[06:12:03] [381/455] REMC
[06:12:04] [382/455] ATMG
[06:12:05] [383/455] GAHC
[06:12:06] [384/455] JTMV
[06:12:06] [385/455] OMTT
[06:12:07] [386/455] GKKC
[06:12:08] [387/455] BBPO
[06:12:09] [388/455] ZCBB
[06:12:10] [389/455] DCGO
[06:12:11] [390/455] STOP
[06:12:12] 🔄 Identity reset
[06:12:12] 🔄 Identity rotated (every 10 requests)
[06:12:13] [391/455] BSPC
[06:12:14] [392/455] SOND
[06:12:15] [393/455] GCKG
[06:12:16] [394/455] PCDB
[06:12:17] [395/455] PGRC
[06:12:17] [396/455] CSCT
[06:12:18] [397/455] STDA
[06:12:19] [398/455] JAYD
[06:12:20] [399/455] PPPD
[06:12:21] [400/455] KRTT
[06:12:21] 🔄 Identity reset
[06:12:22] 🔄 Identity rotated (every 10 requests)
[06:12:22] [401/455] PTDT
[06:12:23] [402/455] TRSV
[06:12:23] [403/455] VELR
[06:12:24] [404/455] STDT
[06:12:25] [405/455] SATT
[06:12:26] [406/455] KCPM
[06:12:27] [407/455] MFCP
[06:12:28] [408/455] AXMP
[06:12:29] [409/455] LTVB
[06:12:30] [410/455] APST
[06:12:30] 🔄 Identity reset
[06:12:30] 🔄 Identity rotated (every 10 requests)
[06:12:31] [411/455] DTVP
[06:12:32] [412/455] AAVB
[06:12:33] [413/455] PMBL
[06:12:33] [414/455] STKC
[06:12:34] [415/455] KKMA
[06:12:35] [416/455] NMXS
[06:12:36] [417/455] DECX
[06:12:37] [418/455] MAPJ
[06:12:38] [419/455] SMLK
[06:12:39] [420/455] PMPU
[06:12:39] 🔄 Identity reset
[06:12:39] 🔄 Identity rotated (every 10 requests)
[06:12:39] [421/455] AFST
[06:12:40] [422/455] SRSY
[06:12:41] [423/455] RMKT
[06:12:42] [424/455] RAJX
[06:12:43] [425/455] UVCD
[06:12:44] [426/455] LISA
[06:12:45] [427/455] LMSR
[06:12:46] [428/455] PMCA
[06:12:47] [429/455] INPO
[06:12:48] [430/455] INGO
[06:12:49] 🔄 Identity reset
[06:12:49] 🔄 Identity rotated (every 10 requests)
[06:12:50] [431/455] HFSQ
[06:12:51] [432/455] INMG
[06:12:52] [433/455] NYCP
[06:12:52] [434/455] HFSV
[06:12:53] [435/455] MMZP
[06:12:54] [436/455] KSES
[06:12:55] [437/455] HFSA
[06:12:56] [438/455] ACMM
[06:12:57] [439/455] RCKD
[06:12:57] [440/455] BCKR
[06:12:58] 🔄 Identity reset
[06:12:58] 🔄 Identity rotated (every 10 requests)
[06:12:58] [441/455] SFCO
[06:12:59] [442/455] JCCB
[06:13:00] [443/455] BCCR
[06:13:01] [444/455] NWCB
[06:13:02] [445/455] SAMT
[06:13:02] [446/455] TMST
[06:13:03] [447/455] SJCN
[06:13:04] [448/455] MCBS
[06:13:05] [449/455] CMKR
[06:13:06] [450/455] INPM
[06:13:07] 🔄 Identity reset
[06:13:07] 🔄 Identity rotated (every 10 requests)
[06:13:07] [451/455] WVMT
[06:13:08] [452/455] NYSM
[06:13:09] [453/455] RCMA
[06:13:10] [454/455] RECM
[06:13:11] [455/455] CYCM
[06:13:12] ✅ DONE | Shows=341 | Movies=38
[07:06:26] 🚀 BMS DAILY TRACKER STARTED (enhanced anti‑detection)
[07:06:26] [1/455] MXGN
[07:06:27] 🧠 New identity created
[07:06:28] [2/455] PGGM
[07:06:29] [3/455] IPMJ
[07:06:30] [4/455] M2PP
[07:06:31] [5/455] PMMS
[07:06:31] [6/455] SCJN
[07:06:32] [7/455] CPUM
[07:06:33] [8/455] SCND
[07:06:34] [9/455] INWM
[07:06:35] [10/455] DVDC
[07:06:35] 🔄 Identity reset
[07:06:35] 🔄 Identity rotated (every 10 requests)
[07:06:35] [11/455] WVND
[07:06:37] [12/455] LBDL
[07:06:38] [13/455] CRGM
[07:06:39] [14/455] PVKS
[07:06:40] [15/455] PBLL
[07:06:40] [16/455] FNLN
[07:06:41] [17/455] PPDA
[07:06:42] [18/455] SCPT
[07:06:43] [19/455] IAJS
[07:06:44] [20/455] MMZG
[07:06:45] 🔄 Identity reset
[07:06:45] 🔄 Identity rotated (every 10 requests)
[07:06:45] [21/455] MCTI
[07:06:46] [22/455] PPMF
[07:06:46] [23/455] FNSD
[07:06:47] [24/455] M2RH
[07:06:48] [25/455] CPGV
[07:06:49] [26/455] PECD
[07:06:50] [27/455] CTEE
[07:06:50] [28/455] IOMG
[07:06:52] [29/455] CIJA
[07:06:52] [30/455] NYCG
[07:06:53] 🔄 Identity reset
[07:06:53] 🔄 Identity rotated (every 10 requests)
[07:06:53] [31/455] CEST
[07:06:54] [32/455] WVRG
[07:06:54] [33/455] DPDC
[07:06:55] [34/455] PDIV
[07:06:56] [35/455] MTPP
[07:06:57] [36/455] MHNU
[07:06:58] [37/455] WUPG
[07:06:58] [38/455] USCO
[07:06:59] [39/455] INFR
[07:07:00] [40/455] PVPD
[07:07:00] 🔄 Identity reset
[07:07:00] 🔄 Identity rotated (every 10 requests)
[07:07:01] [41/455] RONC
[07:07:02] [42/455] IOCP
[07:07:03] [43/455] EMPS
[07:07:04] [44/455] PNAD
[07:07:05] [45/455] VVGZ
[07:07:06] [46/455] MDDC
[07:07:06] [47/455] MMAP
[07:07:08] [48/455] GPDC
[07:07:09] [49/455] PVPU
[07:07:10] [50/455] DCMV
[07:07:11] 🔄 Identity reset
[07:07:11] 🔄 Identity rotated (every 10 requests)
[07:07:11] [51/455] PCCF
[07:07:12] [52/455] MCEF
[07:07:13] [53/455] INRD
[07:07:14] [54/455] CCPZ
[07:07:15] [55/455] BCWG
[07:07:16] [56/455] PMGU
[07:07:17] [57/455] MCVM
[07:07:18] [58/455] MCDE
[07:07:18] [59/455] IEFM
[07:07:19] [60/455] MXCS
[07:07:20] 🔄 Identity reset
[07:07:20] 🔄 Identity rotated (every 10 requests)
[07:07:20] [61/455] RNMT
[07:07:21] [62/455] PSDD
[07:07:22] [63/455] PETA
[07:07:23] [64/455] IZOP
[07:07:24] [65/455] PDEI
[07:07:24] [66/455] MTND
[07:07:25] [67/455] PCPL
[07:07:26] [68/455] LSCM
[07:07:26] [69/455] BTFD
[07:07:27] [70/455] MERM
[07:07:28] 🔄 Identity reset
[07:07:28] 🔄 Identity rotated (every 10 requests)
[07:07:28] [71/455] PVMS
[07:07:29] [72/455] CIGK
[07:07:30] [73/455] INSG
[07:07:31] [74/455] IDEN
[07:07:32] [75/455] MCGN
[07:07:33] [76/455] IGAM
[07:07:34] [77/455] SLCU
[07:07:35] [78/455] MIMU
[07:07:36] [79/455] QLAC
[07:07:37] [80/455] MENL
[07:07:38] 🔄 Identity reset
[07:07:38] 🔄 Identity rotated (every 10 requests)
[07:07:38] [81/455] SCUR
[07:07:39] [82/455] MDGD
[07:07:40] [83/455] LSRS
[07:07:41] [84/455] KMLG
[07:07:42] [85/455] MKLJ
[07:07:42] [86/455] IBYG
[07:07:43] [87/455] ISML
[07:07:44] [88/455] MJMM
[07:07:45] [89/455] RCGD
[07:07:45] [90/455] MMOC
[07:07:46] 🔄 Identity reset
[07:07:46] 🔄 Identity rotated (every 10 requests)
[07:07:46] [91/455] RRCO
[07:07:47] [92/455] MEDM
[07:07:48] [93/455] MCAZ
[07:07:49] [94/455] STWA
[07:07:50] [95/455] PFFG
[07:07:51] [96/455] GAGC
[07:07:52] [97/455] PMPM
[07:07:53] [98/455] HVCD
[07:07:53] [99/455] AKRF
[07:07:54] [100/455] AKRC
[07:07:55] 🔄 Identity reset
[07:07:55] 🔄 Identity rotated (every 10 requests)
[07:07:55] [101/455] MIDA
[07:07:56] [102/455] MAGX
[07:07:57] [103/455] ESOS
[07:07:58] [104/455] BBCL
[07:07:59] [105/455] LYAS
[07:08:00] [106/455] NRMS
[07:08:01] [107/455] BHUC
[07:08:02] [108/455] SRIC
[07:08:03] [109/455] PDME
[07:08:04] [110/455] MJCS
[07:08:04] 🔄 Identity reset
[07:08:04] 🔄 Identity rotated (every 10 requests)
[07:08:05] [111/455] NRAA
[07:08:06] [112/455] VATA
[07:08:07] [113/455] MNKC
[07:08:08] [114/455] DHCL
[07:08:09] [115/455] JCPC
[07:08:09] [116/455] CTML
[07:08:10] [117/455] RMMR
[07:08:11] [118/455] STTL
[07:08:12] [119/455] CNPS
[07:08:13] [120/455] ACKL
[07:08:13] 🔄 Identity reset
[07:08:13] 🔄 Identity rotated (every 10 requests)
[07:08:14] [121/455] SCAU
[07:08:14] [122/455] RMIA
[07:08:16] [123/455] MANU
[07:08:17] [124/455] ARDC
[07:08:18] [125/455] GLDA
[07:08:19] [126/455] KVSW
[07:08:20] [127/455] CGCA
[07:08:21] [128/455] CMLO
[07:08:22] [129/455] CECB
[07:08:23] [130/455] RCPN
[07:08:24] 🔄 Identity reset
[07:08:24] 🔄 Identity rotated (every 10 requests)
[07:08:24] [131/455] ASMW
[07:08:25] [132/455] PWLM
[07:08:26] [133/455] ASGM
[07:08:27] [134/455] ACWH
[07:08:29] [135/455] AAPW
[07:08:30] [136/455] RTWA
[07:08:31] [137/455] RAMW
[07:08:32] [138/455] VKTR
[07:08:33] [139/455] SMBH
[07:08:34] [140/455] BVDR
[07:08:34] 🔄 Identity reset
[07:08:34] 🔄 Identity rotated (every 10 requests)
[07:08:35] [141/455] MRTP
[07:08:36] [142/455] BLBR
[07:08:36] [143/455] LPIN
[07:08:37] [144/455] SNPC
[07:08:38] [145/455] PDCB
[07:08:39] [146/455] DYPK
[07:08:40] [147/455] INMK
[07:08:40] [148/455] PDCK
[07:08:41] [149/455] PCKR
[07:08:42] [150/455] SHUA
[07:08:43] 🔄 Identity reset
[07:08:43] 🔄 Identity rotated (every 10 requests)
[07:08:43] [151/455] SCVK
[07:08:44] [152/455] STPA
[07:08:45] [153/455] WVHD
[07:08:45] [154/455] MRCH
[07:08:46] [155/455] MCNP
[07:08:47] [156/455] RCAG
[07:08:48] [157/455] JTSN
[07:08:49] [158/455] AANS
[07:08:50] [159/455] GDDR
[07:08:50] [160/455] SRER
[07:08:51] 🔄 Identity reset
[07:08:51] 🔄 Identity rotated (every 10 requests)
[07:08:51] [161/455] JKMA
[07:08:52] [162/455] ARAN
[07:08:53] [163/455] ALCT
[07:08:54] [164/455] CCTA
[07:08:55] [165/455] CNCT
[07:08:56] [166/455] NZBL
[07:08:57] [167/455] SRRA
[07:08:58] [168/455] SVPW
[07:08:59] [169/455] SRTW
[07:09:00] [170/455] XMTD
[07:09:00] 🔄 Identity reset
[07:09:00] 🔄 Identity rotated (every 10 requests)
[07:09:00] [171/455] SCCZ
[07:09:01] [172/455] PBCR
[07:09:02] [173/455] RTSC
[07:09:03] [174/455] TLSV
[07:09:04] [175/455] RMTK
[07:09:06] [176/455] SRAT
[07:09:07] [177/455] GCYC
[07:09:07] [178/455] HCAJ
[07:09:09] [179/455] LCXA
[07:09:10] [180/455] BINT
[07:09:11] 🔄 Identity reset
[07:09:11] 🔄 Identity rotated (every 10 requests)
[07:09:11] [181/455] IXIM
[07:09:13] [182/455] MBCR
[07:09:13] [183/455] BMCJ
[07:09:14] [184/455] NICJ
[07:09:15] [185/455] SCAJ
[07:09:16] [186/455] CMXS
[07:09:17] [187/455] MMSR
[07:09:18] [188/455] PRKT
[07:09:19] [189/455] LPTH
[07:09:19] [190/455] SARP
[07:09:20] 🔄 Identity reset
[07:09:20] 🔄 Identity rotated (every 10 requests)
[07:09:20] [191/455] MNPP
[07:09:21] [192/455] PRLR
[07:09:23] [193/455] RCMW
[07:09:24] [194/455] FCMG
[07:09:25] [195/455] RTNK
[07:09:25] [196/455] LRCP
[07:09:26] [197/455] DBJR
[07:09:27] [198/455] CACN
[07:09:28] [199/455] AMRL
[07:09:29] [200/455] SBBC
[07:09:30] 🔄 Identity reset
[07:09:30] 🔄 Identity rotated (every 10 requests)
[07:09:30] [201/455] VENN
[07:09:31] [202/455] STSS
[07:09:31] [203/455] SMRB
[07:09:32] [204/455] CCMX
[07:09:33] [205/455] KCMR
[07:09:34] [206/455] SALH
[07:09:35] [207/455] CGTT
[07:09:35] [208/455] PMDR
[07:09:36] [209/455] VCPM
[07:09:37] [210/455] RZMX
[07:09:38] 🔄 Identity reset
[07:09:38] 🔄 Identity rotated (every 10 requests)
[07:09:38] [211/455] TMSY
[07:09:39] [212/455] NTMS
[07:09:40] [213/455] VTAG
[07:09:40] [214/455] REMA
[07:09:41] [215/455] NXCC
[07:09:42] [216/455] SKYM
[07:09:43] [217/455] CCMO
[07:09:44] [218/455] DMXM
[07:09:45] [219/455] SPPM
[07:09:46] [220/455] PTKL
[07:09:46] 🔄 Identity reset
[07:09:46] 🔄 Identity rotated (every 10 requests)
[07:09:47] [221/455] SLVO
[07:09:48] [222/455] VASL
[07:09:48] [223/455] CBCM
[07:09:49] [224/455] STMA
[07:09:51] [225/455] LASK
[07:09:51] [226/455] VITE
[07:09:52] [227/455] AAST
[07:09:53] [228/455] JTPT
[07:09:54] [229/455] RRSH
[07:09:55] [230/455] CINL
[07:09:55] 🔄 Identity reset
[07:09:55] 🔄 Identity rotated (every 10 requests)
[07:09:56] [231/455] MCSR
[07:09:57] [232/455] SBCF
[07:09:58] [233/455] GCDU
[07:09:58] [234/455] PSPR
[07:10:00] [235/455] IMMO
[07:10:01] [236/455] CLGM
[07:10:02] [237/455] PBMM
[07:10:03] [238/455] CEHR
[07:10:03] [239/455] CPOE
[07:10:04] [240/455] PGFD
[07:10:05] 🔄 Identity reset
[07:10:05] 🔄 Identity rotated (every 10 requests)
[07:10:05] [241/455] PSLC
[07:10:06] [242/455] MSMD
[07:10:07] [243/455] FMFB
[07:10:08] [244/455] RKCL
[07:10:09] [245/455] PMMC
[07:10:10] [246/455] SKMM
[07:10:11] [247/455] VOIB
[07:10:12] [248/455] KINO
[07:10:13] [249/455] VCTP
[07:10:14] [250/455] PDWR
[07:10:14] 🔄 Identity reset
[07:10:14] 🔄 Identity rotated (every 10 requests)
[07:10:15] [251/455] SAED
[07:10:15] [252/455] SRRT
[07:10:17] [253/455] CVLG
[07:10:18] [254/455] SNGN
[07:10:19] [255/455] SIDA
[07:10:21] [256/455] IMCB
[07:10:22] [257/455] SMHP
[07:10:23] [258/455] GDTY
[07:10:24] [259/455] VYCH
[07:10:25] [260/455] PDYA
[07:10:25] 🔄 Identity reset
[07:10:25] 🔄 Identity rotated (every 10 requests)
[07:10:26] [261/455] RKDO
[07:10:27] [262/455] VECG
[07:10:30] [263/455] NFGD
[07:10:30] [264/455] SNDC
[07:10:31] [265/455] SDJH
[07:10:32] [266/455] HASV
[07:10:33] [267/455] PTYK
[07:10:34] [268/455] MUTB
[07:10:35] [269/455] AMRT
[07:10:36] [270/455] VACD
[07:10:37] 🔄 Identity reset
[07:10:37] 🔄 Identity rotated (every 10 requests)
[07:10:37] [271/455] SKDD
[07:10:38] [272/455] STGR
[07:10:39] [273/455] GDAK
[07:10:40] [274/455] SKHK
[07:10:41] [275/455] SLND
[07:10:42] [276/455] APAP
[07:10:43] [277/455] AYYA
[07:10:44] [278/455] VCCZ
[07:10:45] [279/455] MEML
[07:10:46] [280/455] MAOU
[07:10:47] 🔄 Identity reset
[07:10:47] 🔄 Identity rotated (every 10 requests)
[07:10:47] [281/455] ESND
[07:10:48] [282/455] PTBZ
[07:10:49] [283/455] LBCN
[07:10:50] [284/455] PAWA
[07:10:51] [285/455] ZEIC
[07:10:52] [286/455] CGMM
[07:10:53] [287/455] PJPM
[07:10:54] [288/455] ECMR
[07:10:55] [289/455] SHMZ
[07:10:56] [290/455] STCA
[07:10:57] 🔄 Identity reset
[07:10:57] 🔄 Identity rotated (every 10 requests)
[07:10:57] [291/455] VDRC
[07:10:58] [292/455] SEEM
[07:10:59] [293/455] MKNS
[07:11:00] [294/455] KPPP
[07:11:01] [295/455] CCML
[07:11:01] [296/455] CIBA
[07:11:02] [297/455] NACS
[07:11:03] [298/455] CTMK
[07:11:04] [299/455] CTCT
[07:11:05] [300/455] MCSN
[07:11:05] 🔄 Identity reset
[07:11:05] 🔄 Identity rotated (every 10 requests)
[07:11:06] [301/455] MAXX
[07:11:06] [302/455] MECB
[07:11:07] [303/455] NTBY
[07:11:08] [304/455] UTBI
[07:11:09] [305/455] RADK
[07:11:10] [306/455] STBY
[07:11:11] [307/455] GTBY
[07:11:12] [308/455] RRMB
[07:11:13] [309/455] ABRN
[07:11:14] [310/455] GTSG
[07:11:15] 🔄 Identity reset
[07:11:15] 🔄 Identity rotated (every 10 requests)
[07:11:15] [311/455] GBTG
[07:11:16] [312/455] SBGS
[07:11:17] [313/455] KBPM
[07:11:18] [314/455] SMHT
[07:11:18] [315/455] VTDM
[07:11:19] [316/455] ASCT
[07:11:20] [317/455] AWCT
[07:11:21] [318/455] DCCU
[07:11:23] [319/455] PSCE
[07:11:24] [320/455] KSNY
[07:11:24] 🔄 Identity reset
[07:11:24] 🔄 Identity rotated (every 10 requests)
[07:11:25] [321/455] ACID
[07:11:26] [322/455] LVCD
[07:11:26] [323/455] KSSB
[07:11:27] [324/455] SWTD
[07:11:28] [325/455] RBMR
[07:11:29] [326/455] SCBC
[07:11:30] [327/455] RKME
[07:11:31] [328/455] GALX
[07:11:32] [329/455] GCCH
[07:11:33] [330/455] RATR
[07:11:34] 🔄 Identity reset
[07:11:34] 🔄 Identity rotated (every 10 requests)
[07:11:34] [331/455] GTGA
[07:11:35] [332/455] LTTR
[07:11:36] [333/455] TTAA
[07:11:37] [334/455] TVHP
[07:11:37] [335/455] KVCS
[07:11:39] [336/455] CBMC
[07:11:39] [337/455] MAYJ
[07:11:40] [338/455] INPR
[07:11:41] [339/455] RSSC
[07:11:42] [340/455] PCAN
[07:11:42] 🔄 Identity reset
[07:11:42] 🔄 Identity rotated (every 10 requests)
[07:11:43] [341/455] PVHR
[07:11:44] [342/455] AGSM
[07:11:45] [343/455] PVES
[07:11:46] [344/455] INTO
[07:11:47] [345/455] ACON
[07:11:48] [346/455] PVPZ
[07:11:49] [347/455] PVHC
[07:11:50] [348/455] KSTK
[07:11:51] [349/455] PVSR
[07:11:52] [350/455] ACTN
[07:11:52] 🔄 Identity reset
[07:11:52] 🔄 Identity rotated (every 10 requests)
[07:11:53] [351/455] FMCN
[07:11:54] [352/455] PABC
[07:11:55] [353/455] SUTC
[07:11:56] [354/455] PGMV
[07:11:56] [355/455] GKCP
[07:11:57] [356/455] INCH
[07:11:58] [357/455] MLMT
[07:11:59] [358/455] SSCC
[07:12:00] [359/455] SLMP
[07:12:01] [360/455] VVTN
[07:12:01] 🔄 Identity reset
[07:12:01] 🔄 Identity rotated (every 10 requests)
[07:12:02] [361/455] SBTR
[07:12:03] [362/455] PGRA
[07:12:03] [363/455] PBRM
[07:12:04] [364/455] GCRP
[07:12:05] [365/455] MCSK
[07:12:06] [366/455] NLTC
[07:12:07] [367/455] MTLM
[07:12:08] [368/455] VECT
[07:12:09] [369/455] KMRM
[07:12:10] [370/455] RACM
[07:12:10] 🔄 Identity reset
[07:12:10] 🔄 Identity rotated (every 10 requests)
[07:12:11] [371/455] WSTC
[07:12:12] [372/455] PVTJ
[07:12:13] [373/455] MMKC
[07:12:14] [374/455] SVWT
[07:12:15] [375/455] JOTG
[07:12:17] [376/455] VCDK
[07:12:18] [377/455] ANAC
[07:12:18] [378/455] GRTC
[07:12:19] [379/455] JTPL
[07:12:20] [380/455] VRCP
[07:12:21] 🔄 Identity reset
[07:12:21] 🔄 Identity rotated (every 10 requests)
[07:12:21] [381/455] REMC
[07:12:22] [382/455] ATMG
[07:12:23] [383/455] GAHC
[07:12:24] [384/455] JTMV
[07:12:25] [385/455] OMTT
[07:12:26] [386/455] GKKC
[07:12:27] [387/455] BBPO
[07:12:28] [388/455] ZCBB
[07:12:29] [389/455] DCGO
[07:12:30] [390/455] STOP
[07:12:31] 🔄 Identity reset
[07:12:31] 🔄 Identity rotated (every 10 requests)
[07:12:32] [391/455] BSPC
[07:12:32] [392/455] SOND
[07:12:33] [393/455] GCKG
[07:12:34] [394/455] PCDB
[07:12:35] [395/455] PGRC
[07:12:36] [396/455] CSCT
[07:12:37] [397/455] STDA
[07:12:38] [398/455] JAYD
[07:12:39] [399/455] PPPD
[07:12:40] [400/455] KRTT
[07:12:41] 🔄 Identity reset
[07:12:41] 🔄 Identity rotated (every 10 requests)
[07:12:41] [401/455] PTDT
[07:12:42] [402/455] TRSV
[07:12:43] [403/455] VELR
[07:12:44] [404/455] STDT
[07:12:45] [405/455] SATT
[07:12:46] [406/455] KCPM
[07:12:46] [407/455] MFCP
[07:12:48] [408/455] AXMP
[07:12:48] [409/455] LTVB
[07:12:49] [410/455] APST
[07:12:50] 🔄 Identity reset
[07:12:50] 🔄 Identity rotated (every 10 requests)
[07:12:50] [411/455] DTVP
[07:12:51] [412/455] AAVB
[07:12:53] [413/455] PMBL
[07:12:54] [414/455] STKC
[07:12:54] [415/455] KKMA
[07:12:55] [416/455] NMXS
[07:12:56] [417/455] DECX
[07:12:57] [418/455] MAPJ
[07:12:58] [419/455] SMLK
[07:12:59] [420/455] PMPU
[07:12:59] 🔄 Identity reset
[07:12:59] 🔄 Identity rotated (every 10 requests)
[07:13:00] [421/455] AFST
[07:13:01] [422/455] SRSY
[07:13:02] [423/455] RMKT
[07:13:03] [424/455] RAJX
[07:13:03] [425/455] UVCD
[07:13:04] [426/455] LISA
[07:13:05] [427/455] LMSR
[07:13:06] [428/455] PMCA
[07:13:07] [429/455] INPO
[07:13:08] [430/455] INGO
[07:13:09] 🔄 Identity reset
[07:13:09] 🔄 Identity rotated (every 10 requests)
[07:13:10] [431/455] HFSQ
[07:13:11] [432/455] INMG
[07:13:12] [433/455] NYCP
[07:13:12] [434/455] HFSV
[07:13:13] [435/455] MMZP
[07:13:14] [436/455] KSES
[07:13:15] [437/455] HFSA
[07:13:16] [438/455] ACMM
[07:13:16] [439/455] RCKD
[07:13:17] [440/455] BCKR
[07:13:18] 🔄 Identity reset
[07:13:18] 🔄 Identity rotated (every 10 requests)
[07:13:18] [441/455] SFCO
[07:13:19] [442/455] JCCB
[07:13:20] [443/455] BCCR
[07:13:22] [444/455] NWCB
[07:13:23] [445/455] SAMT
[07:13:23] [446/455] TMST
[07:13:24] [447/455] SJCN
[07:13:25] [448/455] MCBS
[07:13:26] [449/455] CMKR
[07:13:27] [450/455] INPM
[07:13:28] 🔄 Identity reset
[07:13:28] 🔄 Identity rotated (every 10 requests)
[07:13:28] [451/455] WVMT
[07:13:30] [452/455] NYSM
[07:13:31] [453/455] RCMA
[07:13:31] [454/455] RECM
[07:13:32] [455/455] CYCM
[07:13:33] ✅ DONE | Shows=700 | Movies=57
[08:06:28] 🚀 BMS DAILY TRACKER STARTED (enhanced anti‑detection)
[08:06:28] [1/455] MXGN
[08:06:29] 🧠 New identity created
[08:06:29] [2/455] PGGM
[08:06:30] [3/455] IPMJ
[08:06:31] [4/455] M2PP
[08:06:32] [5/455] PMMS
[08:06:32] [6/455] SCJN
[08:06:33] [7/455] CPUM
[08:06:34] [8/455] SCND
[08:06:35] [9/455] INWM
[08:06:36] [10/455] DVDC
[08:06:37] 🔄 Identity reset
[08:06:37] 🔄 Identity rotated (every 10 requests)
[08:06:37] [11/455] WVND
[08:06:38] [12/455] LBDL
[08:06:39] [13/455] CRGM
[08:06:40] [14/455] PVKS
[08:06:41] [15/455] PBLL
[08:06:42] [16/455] FNLN
[08:06:43] [17/455] PPDA
[08:06:43] [18/455] SCPT
[08:06:44] [19/455] IAJS
[08:06:45] [20/455] MMZG
[08:06:46] 🔄 Identity reset
[08:06:46] 🔄 Identity rotated (every 10 requests)
[08:06:46] [21/455] MCTI
[08:06:47] [22/455] PPMF
[08:06:48] [23/455] FNSD
[08:06:49] [24/455] M2RH
[08:06:50] [25/455] CPGV
[08:06:51] [26/455] PECD
[08:06:51] [27/455] CTEE
[08:06:52] [28/455] IOMG
[08:06:53] [29/455] CIJA
[08:06:54] [30/455] NYCG
[08:06:55] 🔄 Identity reset
[08:06:55] 🔄 Identity rotated (every 10 requests)
[08:06:55] [31/455] CEST
[08:06:56] [32/455] WVRG
[08:06:57] [33/455] DPDC
[08:06:58] [34/455] PDIV
[08:06:59] [35/455] MTPP
[08:07:00] [36/455] MHNU
[08:07:00] [37/455] WUPG
[08:07:01] [38/455] USCO
[08:07:02] [39/455] INFR
[08:07:03] [40/455] PVPD
[08:07:04] 🔄 Identity reset
[08:07:04] 🔄 Identity rotated (every 10 requests)
[08:07:05] [41/455] RONC
[08:07:06] [42/455] IOCP
[08:07:06] [43/455] EMPS
[08:07:07] [44/455] PNAD
[08:07:08] [45/455] VVGZ
[08:07:09] [46/455] MDDC
[08:07:10] [47/455] MMAP
[08:07:11] [48/455] GPDC
[08:07:12] [49/455] PVPU
[08:07:12] [50/455] DCMV
[08:07:13] 🔄 Identity reset
[08:07:13] 🔄 Identity rotated (every 10 requests)
[08:07:13] [51/455] PCCF
[08:07:15] [52/455] MCEF
[08:07:16] [53/455] INRD
[08:07:17] [54/455] CCPZ
[08:07:17] [55/455] BCWG
[08:07:19] [56/455] PMGU
[08:07:20] [57/455] MCVM
[08:07:21] [58/455] MCDE
[08:07:22] [59/455] IEFM
[08:07:23] [60/455] MXCS
[08:07:23] 🔄 Identity reset
[08:07:23] 🔄 Identity rotated (every 10 requests)
[08:07:24] [61/455] RNMT
[08:07:25] [62/455] PSDD
[08:07:26] [63/455] PETA
[08:07:27] [64/455] IZOP
[08:07:28] [65/455] PDEI
[08:07:29] [66/455] MTND
[08:07:29] [67/455] PCPL
[08:07:30] [68/455] LSCM
[08:07:31] [69/455] BTFD
[08:07:32] [70/455] MERM
[08:07:33] 🔄 Identity reset
[08:07:33] 🔄 Identity rotated (every 10 requests)
[08:07:33] [71/455] PVMS
[08:07:34] [72/455] CIGK
[08:07:35] [73/455] INSG
[08:07:35] [74/455] IDEN
[08:07:36] [75/455] MCGN
[08:07:37] [76/455] IGAM
[08:07:38] [77/455] SLCU
[08:07:39] [78/455] MIMU
[08:07:40] [79/455] QLAC
[08:07:40] [80/455] MENL
[08:07:41] 🔄 Identity reset
[08:07:41] 🔄 Identity rotated (every 10 requests)
[08:07:41] [81/455] SCUR
[08:07:42] [82/455] MDGD
[08:07:43] [83/455] LSRS
[08:07:44] [84/455] KMLG
[08:07:45] [85/455] MKLJ
[08:07:46] [86/455] IBYG
[08:07:46] [87/455] ISML
[08:07:47] [88/455] MJMM
[08:07:48] [89/455] RCGD
[08:07:49] [90/455] MMOC
[08:07:50] 🔄 Identity reset
[08:07:50] 🔄 Identity rotated (every 10 requests)
[08:07:50] [91/455] RRCO
[08:07:51] [92/455] MEDM
[08:07:52] [93/455] MCAZ
[08:07:53] [94/455] STWA
[08:07:53] [95/455] PFFG
[08:07:54] [96/455] GAGC
[08:07:55] [97/455] PMPM
[08:07:56] [98/455] HVCD
[08:07:56] [99/455] AKRF
[08:07:57] [100/455] AKRC
[08:07:58] 🔄 Identity reset
[08:07:58] 🔄 Identity rotated (every 10 requests)
[08:07:58] [101/455] MIDA
[08:07:59] [102/455] MAGX
[08:08:00] [103/455] ESOS
[08:08:01] [104/455] BBCL
[08:08:02] [105/455] LYAS
[08:08:03] [106/455] NRMS
[08:08:04] [107/455] BHUC
[08:08:05] [108/455] SRIC
[08:08:06] [109/455] PDME
[08:08:06] [110/455] MJCS
[08:08:07] 🔄 Identity reset
[08:08:07] 🔄 Identity rotated (every 10 requests)
[08:08:07] [111/455] NRAA
[08:08:08] [112/455] VATA
[08:08:09] [113/455] MNKC
[08:08:10] [114/455] DHCL
[08:08:11] [115/455] JCPC
[08:08:12] [116/455] CTML
[08:08:12] [117/455] RMMR
[08:08:13] [118/455] STTL
[08:08:14] [119/455] CNPS
[08:08:16] [120/455] ACKL
[08:08:16] 🔄 Identity reset
[08:08:16] 🔄 Identity rotated (every 10 requests)
[08:08:17] [121/455] SCAU
[08:08:17] [122/455] RMIA
[08:08:18] [123/455] MANU
[08:08:19] [124/455] ARDC
[08:08:20] [125/455] GLDA
[08:08:21] [126/455] KVSW
[08:08:22] [127/455] CGCA
[08:08:23] [128/455] CMLO
[08:08:24] [129/455] CECB
[08:08:25] [130/455] RCPN
[08:08:25] 🔄 Identity reset
[08:08:25] 🔄 Identity rotated (every 10 requests)
[08:08:26] [131/455] ASMW
[08:08:27] [132/455] PWLM
[08:08:28] [133/455] ASGM
[08:08:29] [134/455] ACWH
[08:08:30] [135/455] AAPW
[08:08:31] [136/455] RTWA
[08:08:32] [137/455] RAMW
[08:08:33] [138/455] VKTR
[08:08:34] [139/455] SMBH
[08:08:34] [140/455] BVDR
[08:08:35] 🔄 Identity reset
[08:08:35] 🔄 Identity rotated (every 10 requests)
[08:08:35] [141/455] MRTP
[08:08:36] [142/455] BLBR
[08:08:37] [143/455] LPIN
[08:08:38] [144/455] SNPC
[08:08:39] [145/455] PDCB
[08:08:40] [146/455] DYPK
[08:08:41] [147/455] INMK
[08:08:41] [148/455] PDCK
[08:08:42] [149/455] PCKR
[08:08:43] [150/455] SHUA
[08:08:44] 🔄 Identity reset
[08:08:44] 🔄 Identity rotated (every 10 requests)
[08:08:44] [151/455] SCVK
[08:08:45] [152/455] STPA
[08:08:46] [153/455] WVHD
[08:08:47] [154/455] MRCH
[08:08:47] [155/455] MCNP
[08:08:48] [156/455] RCAG
[08:08:49] [157/455] JTSN
[08:08:51] [158/455] AANS
[08:08:51] [159/455] GDDR
[08:08:52] [160/455] SRER
[08:08:53] 🔄 Identity reset
[08:08:53] 🔄 Identity rotated (every 10 requests)
[08:08:53] [161/455] JKMA
[08:08:54] [162/455] ARAN
[08:08:55] [163/455] ALCT
[08:08:56] [164/455] CCTA
[08:08:57] [165/455] CNCT
[08:08:57] [166/455] NZBL
[08:08:58] [167/455] SRRA
[08:08:59] [168/455] SVPW
[08:09:00] [169/455] SRTW
[08:09:01] [170/455] XMTD
[08:09:01] 🔄 Identity reset
[08:09:01] 🔄 Identity rotated (every 10 requests)
[08:09:02] [171/455] SCCZ
[08:09:03] [172/455] PBCR
[08:09:05] [173/455] RTSC
[08:09:06] [174/455] TLSV
[08:09:07] [175/455] RMTK
[08:09:08] [176/455] SRAT
[08:09:09] [177/455] GCYC
[08:09:10] [178/455] HCAJ
[08:09:11] [179/455] LCXA
[08:09:12] [180/455] BINT
[08:09:12] 🔄 Identity reset
[08:09:12] 🔄 Identity rotated (every 10 requests)
[08:09:13] [181/455] IXIM
[08:09:13] [182/455] MBCR
[08:09:15] [183/455] BMCJ
[08:09:16] [184/455] NICJ
[08:09:17] [185/455] SCAJ
[08:09:18] [186/455] CMXS
[08:09:19] [187/455] MMSR
[08:09:19] [188/455] PRKT
[08:09:20] [189/455] LPTH
[08:09:21] [190/455] SARP
[08:09:22] 🔄 Identity reset
[08:09:22] 🔄 Identity rotated (every 10 requests)
[08:09:22] [191/455] MNPP
[08:09:23] [192/455] PRLR
[08:09:24] [193/455] RCMW
[08:09:26] [194/455] FCMG
[08:09:27] [195/455] RTNK
[08:09:28] [196/455] LRCP
[08:09:29] [197/455] DBJR
[08:09:29] [198/455] CACN
[08:09:30] [199/455] AMRL
[08:09:32] [200/455] SBBC
[08:09:33] 🔄 Identity reset
[08:09:33] 🔄 Identity rotated (every 10 requests)
[08:09:33] [201/455] VENN
[08:09:34] [202/455] STSS
[08:09:36] [203/455] SMRB
[08:09:37] [204/455] CCMX
[08:09:38] [205/455] KCMR
[08:09:39] [206/455] SALH
[08:09:40] [207/455] CGTT
[08:09:41] [208/455] PMDR
[08:09:42] [209/455] VCPM
[08:09:43] [210/455] RZMX
[08:09:44] 🔄 Identity reset
[08:09:44] 🔄 Identity rotated (every 10 requests)
[08:09:44] [211/455] TMSY
[08:09:45] [212/455] NTMS
[08:09:46] [213/455] VTAG
[08:09:47] [214/455] REMA
[08:09:48] [215/455] NXCC
[08:09:49] [216/455] SKYM
[08:09:50] [217/455] CCMO
[08:09:50] [218/455] DMXM
[08:09:51] [219/455] SPPM
[08:09:52] [220/455] PTKL
[08:09:53] 🔄 Identity reset
[08:09:53] 🔄 Identity rotated (every 10 requests)
[08:09:53] [221/455] SLVO
[08:09:54] [222/455] VASL
[08:09:55] [223/455] CBCM
[08:09:56] [224/455] STMA
[08:09:57] [225/455] LASK
[08:09:57] [226/455] VITE
[08:09:58] [227/455] AAST
[08:09:59] [228/455] JTPT
[08:10:00] [229/455] RRSH
[08:10:01] [230/455] CINL
[08:10:01] 🔄 Identity reset
[08:10:01] 🔄 Identity rotated (every 10 requests)
[08:10:02] [231/455] MCSR
[08:10:03] [232/455] SBCF
[08:10:03] [233/455] GCDU
[08:10:04] [234/455] PSPR
[08:10:05] [235/455] IMMO
[08:10:06] [236/455] CLGM
[08:10:07] [237/455] PBMM
[08:10:08] [238/455] CEHR
[08:10:09] [239/455] CPOE
[08:10:10] [240/455] PGFD
[08:10:11] 🔄 Identity reset
[08:10:11] 🔄 Identity rotated (every 10 requests)
[08:10:11] [241/455] PSLC
[08:10:12] [242/455] MSMD
[08:10:13] [243/455] FMFB
[08:10:14] [244/455] RKCL
[08:10:14] [245/455] PMMC
[08:10:15] [246/455] SKMM
[08:10:16] [247/455] VOIB
[08:10:17] [248/455] KINO
[08:10:18] [249/455] VCTP
[08:10:19] [250/455] PDWR
[08:10:19] 🔄 Identity reset
[08:10:19] 🔄 Identity rotated (every 10 requests)
[08:10:20] [251/455] SAED
[08:10:21] [252/455] SRRT
[08:10:21] [253/455] CVLG
[08:10:22] [254/455] SNGN
[08:10:23] [255/455] SIDA
[08:10:24] [256/455] IMCB
[08:10:25] [257/455] SMHP
[08:10:26] [258/455] GDTY
[08:10:27] [259/455] VYCH
[08:10:27] [260/455] PDYA
[08:10:28] 🔄 Identity reset
[08:10:28] 🔄 Identity rotated (every 10 requests)
[08:10:29] [261/455] RKDO
[08:10:30] [262/455] VECG
[08:10:31] [263/455] NFGD
[08:10:31] [264/455] SNDC
[08:10:33] [265/455] SDJH
[08:10:33] [266/455] HASV
[08:10:34] [267/455] PTYK
[08:10:35] [268/455] MUTB
[08:10:36] [269/455] AMRT
[08:10:37] [270/455] VACD
[08:10:37] 🔄 Identity reset
[08:10:37] 🔄 Identity rotated (every 10 requests)
[08:10:38] [271/455] SKDD
[08:10:38] [272/455] STGR
[08:10:39] [273/455] GDAK
[08:10:40] [274/455] SKHK
[08:10:41] [275/455] SLND
[08:10:42] [276/455] APAP
[08:10:43] [277/455] AYYA
[08:10:44] [278/455] VCCZ
[08:10:45] [279/455] MEML
[08:10:46] [280/455] MAOU
[08:10:47] 🔄 Identity reset
[08:10:47] 🔄 Identity rotated (every 10 requests)
[08:10:47] [281/455] ESND
[08:10:48] [282/455] PTBZ
[08:10:49] [283/455] LBCN
[08:10:49] [284/455] PAWA
[08:10:50] [285/455] ZEIC
[08:10:51] [286/455] CGMM
[08:10:52] [287/455] PJPM
[08:10:53] [288/455] ECMR
[08:10:54] [289/455] SHMZ
[08:10:55] [290/455] STCA
[08:10:56] 🔄 Identity reset
[08:10:56] 🔄 Identity rotated (every 10 requests)
[08:10:56] [291/455] VDRC
[08:10:57] [292/455] SEEM
[08:10:58] [293/455] MKNS
[08:10:59] [294/455] KPPP
[08:11:00] [295/455] CCML
[08:11:00] [296/455] CIBA
[08:11:01] [297/455] NACS
[08:11:02] [298/455] CTMK
[08:11:03] [299/455] CTCT
[08:11:04] [300/455] MCSN
[08:11:04] 🔄 Identity reset
[08:11:04] 🔄 Identity rotated (every 10 requests)
[08:11:05] [301/455] MAXX
[08:11:05] [302/455] MECB
[08:11:06] [303/455] NTBY
[08:11:07] [304/455] UTBI
[08:11:08] [305/455] RADK
[08:11:09] [306/455] STBY
[08:11:10] [307/455] GTBY
[08:11:10] [308/455] RRMB
[08:11:11] [309/455] ABRN
[08:11:12] [310/455] GTSG
[08:11:13] 🔄 Identity reset
[08:11:13] 🔄 Identity rotated (every 10 requests)
[08:11:14] [311/455] GBTG
[08:11:15] [312/455] SBGS
[08:11:15] [313/455] KBPM
[08:11:16] [314/455] SMHT
[08:11:17] [315/455] VTDM
[08:11:18] [316/455] ASCT
[08:11:18] [317/455] AWCT
[08:11:19] [318/455] DCCU
[08:11:20] [319/455] PSCE
[08:11:21] [320/455] KSNY
[08:11:22] 🔄 Identity reset
[08:11:22] 🔄 Identity rotated (every 10 requests)
[08:11:23] [321/455] ACID
[08:11:24] [322/455] LVCD
[08:11:25] [323/455] KSSB
[08:11:26] [324/455] SWTD
[08:11:27] [325/455] RBMR
[08:11:28] [326/455] SCBC
[08:11:28] [327/455] RKME
[08:11:29] [328/455] GALX
[08:11:30] [329/455] GCCH
[08:11:31] [330/455] RATR
[08:11:31] 🔄 Identity reset
[08:11:31] 🔄 Identity rotated (every 10 requests)
[08:11:32] [331/455] GTGA
[08:11:33] [332/455] LTTR
[08:11:33] [333/455] TTAA
[08:11:34] [334/455] TVHP
[08:11:35] [335/455] KVCS
[08:11:36] [336/455] CBMC
[08:11:37] [337/455] MAYJ
[08:11:38] [338/455] INPR
[08:11:38] [339/455] RSSC
[08:11:39] [340/455] PCAN
[08:11:40] 🔄 Identity reset
[08:11:40] 🔄 Identity rotated (every 10 requests)
[08:11:40] [341/455] PVHR
[08:11:42] [342/455] AGSM
[08:11:43] [343/455] PVES
[08:11:43] [344/455] INTO
[08:11:44] [345/455] ACON
[08:11:45] [346/455] PVPZ
[08:11:46] [347/455] PVHC
[08:11:47] [348/455] KSTK
[08:11:48] [349/455] PVSR
[08:11:49] [350/455] ACTN
[08:11:50] 🔄 Identity reset
[08:11:50] 🔄 Identity rotated (every 10 requests)
[08:11:50] [351/455] FMCN
[08:11:51] [352/455] PABC
[08:11:52] [353/455] SUTC
[08:11:53] [354/455] PGMV
[08:11:53] [355/455] GKCP
[08:11:54] [356/455] INCH
[08:11:55] [357/455] MLMT
[08:11:56] [358/455] SSCC
[08:11:57] [359/455] SLMP
[08:11:58] [360/455] VVTN
[08:11:58] 🔄 Identity reset
[08:11:58] 🔄 Identity rotated (every 10 requests)
[08:11:58] [361/455] SBTR
[08:11:59] [362/455] PGRA
[08:12:00] [363/455] PBRM
[08:12:01] [364/455] GCRP
[08:12:02] [365/455] MCSK
[08:12:03] [366/455] NLTC
[08:12:03] [367/455] MTLM
[08:12:04] [368/455] VECT
[08:12:05] [369/455] KMRM
[08:12:06] [370/455] RACM
[08:12:07] 🔄 Identity reset
[08:12:07] 🔄 Identity rotated (every 10 requests)
[08:12:08] [371/455] WSTC
[08:12:09] [372/455] PVTJ
[08:12:09] [373/455] MMKC
[08:12:10] [374/455] SVWT
[08:12:11] [375/455] JOTG
[08:12:12] [376/455] VCDK
[08:12:14] [377/455] ANAC
[08:12:14] [378/455] GRTC
[08:12:16] [379/455] JTPL
[08:12:17] [380/455] VRCP
[08:12:17] 🔄 Identity reset
[08:12:17] 🔄 Identity rotated (every 10 requests)
[08:12:18] [381/455] REMC
[08:12:19] [382/455] ATMG
[08:12:19] [383/455] GAHC
[08:12:20] [384/455] JTMV
[08:12:22] [385/455] OMTT
[08:12:22] [386/455] GKKC
[08:12:23] [387/455] BBPO
[08:12:24] [388/455] ZCBB
[08:12:25] [389/455] DCGO
[08:12:26] [390/455] STOP
[08:12:27] 🔄 Identity reset
[08:12:27] 🔄 Identity rotated (every 10 requests)
[08:12:27] [391/455] BSPC
[08:12:28] [392/455] SOND
[08:12:29] [393/455] GCKG
[08:12:30] [394/455] PCDB
[08:12:31] [395/455] PGRC
[08:12:31] [396/455] CSCT
[08:12:32] [397/455] STDA
[08:12:33] [398/455] JAYD
[08:12:34] [399/455] PPPD
[08:12:35] [400/455] KRTT
[08:12:36] 🔄 Identity reset
[08:12:36] 🔄 Identity rotated (every 10 requests)
[08:12:36] [401/455] PTDT
[08:12:38] [402/455] TRSV
[08:12:39] [403/455] VELR
[08:12:39] [404/455] STDT
[08:12:40] [405/455] SATT
[08:12:41] [406/455] KCPM
[08:12:42] [407/455] MFCP
[08:12:43] [408/455] AXMP
[08:12:44] [409/455] LTVB
[08:12:44] [410/455] APST
[08:12:45] 🔄 Identity reset
[08:12:45] 🔄 Identity rotated (every 10 requests)
[08:12:45] [411/455] DTVP
[08:12:46] [412/455] AAVB
[08:12:47] [413/455] PMBL
[08:12:49] [414/455] STKC
[08:12:49] [415/455] KKMA
[08:12:50] [416/455] NMXS
[08:12:51] [417/455] DECX
[08:12:53] [418/455] MAPJ
[08:12:53] [419/455] SMLK
[08:12:54] [420/455] PMPU
[08:12:55] 🔄 Identity reset
[08:12:55] 🔄 Identity rotated (every 10 requests)
[08:12:55] [421/455] AFST
[08:12:56] [422/455] SRSY
[08:12:57] [423/455] RMKT
[08:12:58] [424/455] RAJX
[08:12:59] [425/455] UVCD
[08:13:00] [426/455] LISA
[08:13:01] [427/455] LMSR
[08:13:02] [428/455] PMCA
[08:13:03] [429/455] INPO
[08:13:03] [430/455] INGO
[08:13:04] 🔄 Identity reset
[08:13:04] 🔄 Identity rotated (every 10 requests)
[08:13:04] [431/455] HFSQ
[08:13:05] [432/455] INMG
[08:13:06] [433/455] NYCP
[08:13:07] [434/455] HFSV
[08:13:08] [435/455] MMZP
[08:13:09] [436/455] KSES
[08:13:10] [437/455] HFSA
[08:13:10] [438/455] ACMM
[08:13:11] [439/455] RCKD
[08:13:12] [440/455] BCKR
[08:13:13] 🔄 Identity reset
[08:13:13] 🔄 Identity rotated (every 10 requests)
[08:13:13] [441/455] SFCO
[08:13:14] [442/455] JCCB
[08:13:15] [443/455] BCCR
[08:13:15] [444/455] NWCB
[08:13:16] [445/455] SAMT
[08:13:17] [446/455] TMST
[08:13:18] [447/455] SJCN
[08:13:19] [448/455] MCBS
[08:13:20] [449/455] CMKR
[08:13:20] [450/455] INPM
[08:13:21] 🔄 Identity reset
[08:13:21] 🔄 Identity rotated (every 10 requests)
[08:13:22] [451/455] WVMT
[08:13:22] [452/455] NYSM
[08:13:23] [453/455] RCMA
[08:13:24] [454/455] RECM
[08:13:25] [455/455] CYCM
[08:13:26] ✅ DONE | Shows=946 | Movies=73
