[18:15:49] 🚀 SCRIPT STARTED (enhanced anti‑detection)
[18:15:49] [1/459] NECA
[18:15:49] 🧠 New identity created
[18:15:51] [2/459] BJLC
[18:15:52] [3/459] BASU
[18:15:53] [4/459] RUPI
[18:15:54] [5/459] LCBK
[18:15:54] [6/459] PMAC
[18:15:55] [7/459] AMLC
[18:15:56] [8/459] LICL
[18:15:57] [9/459] UDMM
[18:15:58] [10/459] STBZ
[18:15:59] 🔄 Identity reset
[18:15:59] 🔄 Identity rotated (every 10 requests)
[18:15:59] [11/459] UUBT
[18:16:00] [12/459] SJKC
[18:16:01] [13/459] TUAL
[18:16:02] [14/459] MRSE
[18:16:03] [15/459] RMRK
[18:16:04] [16/459] TTKP
[18:16:05] [17/459] KTKO
[18:16:06] [18/459] SDBK
[18:16:07] [19/459] MCPR
[18:16:08] [20/459] CHTI
[18:16:09] 🔄 Identity reset
[18:16:09] 🔄 Identity rotated (every 10 requests)
[18:16:09] [21/459] GCCP
[18:16:10] [22/459] SRMY
[18:16:11] [23/459] NYST
[18:16:12] [24/459] NYAG
[18:16:13] [25/459] SBMT
[18:16:14] [26/459] INGA
[18:16:14] [27/459] WSIC
[18:16:15] [28/459] SCSS
[18:16:16] [29/459] COPG
[18:16:17] [30/459] RCGR
[18:16:18] 🔄 Identity reset
[18:16:18] 🔄 Identity rotated (every 10 requests)
[18:16:18] [31/459] TCZA
[18:16:19] [32/459] CNLP
[18:16:20] [33/459] CLKN
[18:16:21] [34/459] LHDF
[18:16:22] [35/459] ELKC
[18:16:23] [36/459] VCEM
[18:16:23] [37/459] SSZA
[18:16:24] [38/459] KRMT
[18:16:25] [39/459] LCMV
[18:16:26] [40/459] AYCZ
[18:16:27] 🔄 Identity reset
[18:16:27] 🔄 Identity rotated (every 10 requests)
[18:16:27] [41/459] CUMS
[18:16:28] [42/459] BOCK
[18:16:30] [43/459] PNMR
[18:16:31] [44/459] PJCP
[18:16:32] [45/459] JDDD
[18:16:33] [46/459] STMS
[18:16:34] [47/459] FLMB
[18:16:35] [48/459] PKCM
[18:16:36] [49/459] SPPR
[18:16:37] [50/459] EYLH
[18:16:37] 🔄 Identity reset
[18:16:37] 🔄 Identity rotated (every 10 requests)
[18:16:38] [51/459] RJCC
[18:16:38] [52/459] MMPS
[18:16:39] [53/459] SHMX
[18:16:40] [54/459] CCNL
[18:16:41] [55/459] RCNV
[18:16:42] [56/459] MAAG
[18:16:43] [57/459] LXCM
[18:16:44] [58/459] RCNI
[18:16:45] [59/459] SNNI
[18:16:46] [60/459] LALC
[18:16:46] 🔄 Identity reset
[18:16:46] 🔄 Identity rotated (every 10 requests)
[18:16:46] 🔄 Retry 1/5 for LALC in 2.7s
[18:16:46] 🔄 Identity reset
[18:16:49] 🧠 New identity created
[18:16:50] [61/459] SOCN
[18:16:50] [62/459] JHTP
[18:16:51] [63/459] PITP
[18:16:52] [64/459] CCKW
[18:16:53] [65/459] MCMC
[18:16:54] [66/459] DEES
[18:16:55] [67/459] SABT
[18:16:56] [68/459] VSPP
[18:16:57] [69/459] ABCT
[18:16:58] 🔄 Identity reset
[18:16:58] 🔄 Identity rotated (every 10 requests)
[18:16:58] [70/459] JVTB
[18:16:59] [71/459] VCBD
[18:17:00] [72/459] RMGG
[18:17:02] [73/459] RNMH
[18:17:03] [74/459] SPGL
[18:17:04] [75/459] JTTR
[18:17:05] [76/459] SICS
[18:17:06] [77/459] SRMI
[18:17:07] [78/459] SSIJ
[18:17:08] [79/459] KFMT
[18:17:09] 🔄 Identity reset
[18:17:09] 🔄 Identity rotated (every 10 requests)
[18:17:09] [80/459] VBIT
[18:17:10] [81/459] JKCT
[18:17:11] [82/459] GCGP
[18:17:12] [83/459] GDCS
[18:17:13] [84/459] TRBA
[18:17:14] [85/459] QUST
[18:17:15] [86/459] VSHM
[18:17:17] [87/459] SDCP
[18:17:18] [88/459] SNVS
[18:17:19] [89/459] NYTO
[18:17:19] 🔄 Identity reset
[18:17:19] 🔄 Identity rotated (every 10 requests)
[18:17:20] [90/459] URWC
[18:17:20] [91/459] GTWH
[18:17:21] [92/459] PFCM
[18:17:22] [93/459] KRTA
[18:17:24] [94/459] AXMC
[18:17:25] [95/459] EVMC
[18:17:26] [96/459] HGSM
[18:17:27] [97/459] ACVM
[18:17:28] [98/459] PSKL
[18:17:28] [99/459] RDMP
[18:17:29] 🔄 Identity reset
[18:17:29] 🔄 Identity rotated (every 10 requests)
[18:17:29] 🔄 Retry 1/5 for RDMP in 2.2s
[18:17:29] 🔄 Identity reset
[18:17:31] 🧠 New identity created
[18:17:32] [100/459] RHGH
[18:17:33] [101/459] OMCM
[18:17:33] [102/459] DCCP
[18:17:34] [103/459] MCPB
[18:17:35] [104/459] ALCI
[18:17:36] [105/459] BLMX
[18:17:37] [106/459] BTMV
[18:17:38] [107/459] FVPN
[18:17:39] [108/459] CMAR
[18:17:40] 🔄 Identity reset
[18:17:40] 🔄 Identity rotated (every 10 requests)
[18:17:41] [109/459] CEIM
[18:17:42] [110/459] CMVA
[18:17:43] [111/459] CPIV
[18:17:44] [112/459] CNPE
[18:17:45] [113/459] COLV
[18:17:46] [114/459] DNNV
[18:17:47] [115/459] HCAD
[18:17:48] [116/459] TAKA
[18:17:49] [117/459] INVD
[18:17:50] [118/459] IRMM
[18:17:50] 🔄 Identity reset
[18:17:50] 🔄 Identity rotated (every 10 requests)
[18:17:51] 🔄 Retry 1/5 for IRMM in 2.9s
[18:17:51] 🔄 Identity reset
[18:17:53] 🧠 New identity created
[18:17:53] 🔄 Retry 2/5 for IRMM in 4.6s
[18:17:53] 🔄 Identity reset
[18:17:58] 🧠 New identity created
[18:17:59] [119/459] INSE
[18:18:00] [120/459] MRSW
[18:18:01] [121/459] MCVD
[18:18:01] [122/459] MCSO
[18:18:02] [123/459] PEVM
[18:18:03] [124/459] PVNL
[18:18:04] [125/459] PTCV
[18:18:05] [126/459] PRTC
[18:18:06] 🔄 Identity reset
[18:18:06] 🔄 Identity rotated (every 10 requests)
[18:18:06] 🔄 Retry 1/5 for PRTC in 2.4s
[18:18:06] 🔄 Identity reset
[18:18:08] 🧠 New identity created
[18:18:09] [127/459] RCVA
[18:18:09] [128/459] MTBN
[18:18:10] [129/459] LUCP
[18:18:11] [130/459] FMPT
[18:18:12] [131/459] JLSL
[18:18:13] [132/459] SBHA
[18:18:14] [133/459] SHRC
[18:18:15] [134/459] AVPS
[18:18:16] [135/459] STPM
[18:18:17] 🔄 Identity reset
[18:18:17] 🔄 Identity rotated (every 10 requests)
[18:18:17] 🔄 Retry 1/5 for STPM in 2.8s
[18:18:17] 🔄 Identity reset
[18:18:19] 🧠 New identity created
[18:18:20] [136/459] ATRD
[18:18:22] [137/459] VTED
[18:18:23] [138/459] ACAI
[18:18:24] [139/459] SMAE
[18:18:25] [140/459] VMAT
[18:18:26] [141/459] LKCT
[18:18:26] [142/459] JTVK
[18:18:27] [143/459] PRTY
[18:18:29] [144/459] GETT
[18:18:29] 🔄 Identity reset
[18:18:29] 🔄 Identity rotated (every 10 requests)
[18:18:30] [145/459] ESAP
[18:18:30] [146/459] NCPM
[18:18:31] [147/459] PCPA
[18:18:32] [148/459] MMOM
[18:18:33] [149/459] PHUP
[18:18:35] [150/459] CCPI
[18:18:36] [151/459] CNTD
[18:18:37] [152/459] NLJR
[18:18:38] [153/459] SRNG
[18:18:39] [154/459] MHAL
[18:18:40] 🔄 Identity reset
[18:18:40] 🔄 Identity rotated (every 10 requests)
[18:18:40] [155/459] PNSM
[18:18:41] [156/459] DRMY
[18:18:42] [157/459] CCMU
[18:18:43] [158/459] SCMY
[18:18:44] [159/459] PVSY
[18:18:45] [160/459] SDLM
[18:18:47] [161/459] ICCM
[18:18:48] [162/459] PYSU
[18:18:49] [163/459] GATM
[18:18:50] [164/459] WOTM
[18:18:50] 🔄 Identity reset
[18:18:50] 🔄 Identity rotated (every 10 requests)
[18:18:50] [165/459] RKTS
[18:18:51] [166/459] PMTY
[18:18:53] [167/459] LYMS
[18:18:54] [168/459] TGCA
[18:18:55] [169/459] DSTA
[18:18:56] [170/459] CNGE
[18:18:57] [171/459] VSTG
[18:18:58] [172/459] GTCK
[18:18:58] [173/459] TGNT
[18:18:59] [174/459] ASLC
[18:19:00] 🔄 Identity reset
[18:19:00] 🔄 Identity rotated (every 10 requests)
[18:19:00] [175/459] SSST
[18:19:01] [176/459] KBTT
[18:19:02] [177/459] HKCP
[18:19:03] [178/459] SWLC
[18:19:04] [179/459] RTND
[18:19:05] [180/459] PKKT
[18:19:06] [181/459] HSTK
[18:19:07] [182/459] SPTT
[18:19:08] [183/459] IMPM
[18:19:09] [184/459] SCMV
[18:19:10] 🔄 Identity reset
[18:19:10] 🔄 Identity rotated (every 10 requests)
[18:19:10] [185/459] SPCT
[18:19:11] [186/459] JBCA
[18:19:13] [187/459] ATTR
[18:19:13] [188/459] SPMT
[18:19:14] [189/459] LCTM
[18:19:15] [190/459] SCVL
[18:19:16] [191/459] SCVT
[18:19:17] [192/459] KRIC
[18:19:18] [193/459] CTMG
[18:19:19] [194/459] ACNC
[18:19:20] 🔄 Identity reset
[18:19:20] 🔄 Identity rotated (every 10 requests)
[18:19:20] [195/459] DMCK
[18:19:21] [196/459] KMTV
[18:19:22] [197/459] PFCJ
[18:19:23] [198/459] VNMD
[18:19:24] [199/459] VPCZ
[18:19:25] [200/459] SRYR
[18:19:26] [201/459] SYTR
[18:19:27] [202/459] GATR
[18:19:28] [203/459] URTR
[18:19:29] [204/459] MKSM
[18:19:30] 🔄 Identity reset
[18:19:30] 🔄 Identity rotated (every 10 requests)
[18:19:30] 🔄 Retry 1/5 for MKSM in 2.8s
[18:19:30] 🔄 Identity reset
[18:19:33] 🧠 New identity created
[18:19:33] [205/459] VSMH
[18:19:35] [206/459] SKRJ
[18:19:35] [207/459] SSJR
[18:19:36] [208/459] SVSM
[18:19:37] [209/459] RUCM
[18:19:38] [210/459] PRKN
[18:19:40] [211/459] RROH
[18:19:41] [212/459] SCTN
[18:19:42] [213/459] RTDM
[18:19:42] 🔄 Identity reset
[18:19:42] 🔄 Identity rotated (every 10 requests)
[18:19:44] [214/459] ASRM
[18:19:44] [215/459] SKMD
[18:19:45] [216/459] SUTD
[18:19:46] [217/459] SADM
[18:19:47] [218/459] WCNR
[18:19:48] [219/459] CNED
[18:19:49] [220/459] MPDB
[18:19:50] [221/459] KTBH
[18:19:51] [222/459] IDRM
[18:19:53] [223/459] PJJT
[18:19:53] 🔄 Identity reset
[18:19:53] 🔄 Identity rotated (every 10 requests)
[18:19:54] [224/459] PFCV
[18:19:55] [225/459] AACT
[18:19:56] [226/459] AAAD
[18:19:56] [227/459] ANES
[18:19:57] [228/459] MNCA
[18:19:58] [229/459] RMGU
[18:19:59] [230/459] DLCN
[18:20:00] [231/459] LJWT
[18:20:01] [232/459] MCBG
[18:20:02] [233/459] MYBG
[18:20:03] 🔄 Identity reset
[18:20:03] 🔄 Identity rotated (every 10 requests)
[18:20:03] 🔄 Retry 1/5 for MYBG in 2.7s
[18:20:03] 🔄 Identity reset
[18:20:06] 🧠 New identity created
[18:20:06] [234/459] GCCA
[18:20:07] [235/459] GCGA
[18:20:08] [236/459] ECGN
[18:20:09] [237/459] PRAB
[18:20:10] [238/459] PNMP
[18:20:11] [239/459] GCPT
[18:20:12] [240/459] ROYN
[18:20:13] [241/459] VATM
[18:20:14] [242/459] KSNT
[18:20:14] 🔄 Identity reset
[18:20:14] 🔄 Identity rotated (every 10 requests)
[18:20:14] [243/459] ACTC
[18:20:15] [244/459] PLTD
[18:20:16] [245/459] SKMK
[18:20:17] [246/459] CMTT
[18:20:19] [247/459] SMXP
[18:20:20] [248/459] SCMX
[18:20:21] [249/459] ACXN
[18:20:22] [250/459] ASWT
[18:20:22] [251/459] VVVL
[18:20:23] [252/459] NAGO
[18:20:24] 🔄 Identity reset
[18:20:24] 🔄 Identity rotated (every 10 requests)
[18:20:25] [253/459] SNCN
[18:20:26] [254/459] MCKP
[18:20:27] [255/459] SAMO
[18:20:28] [256/459] JBTV
[18:20:29] [257/459] DCVV
[18:20:30] [258/459] KMSV
[18:20:31] [259/459] KDCN
[18:20:32] [260/459] CNCP
[18:20:33] [261/459] HAMC
[18:20:34] [262/459] CCVZ
[18:20:35] 🔄 Identity reset
[18:20:35] 🔄 Identity rotated (every 10 requests)
[18:20:35] [263/459] NCCK
[18:20:36] [264/459] MCHR
[18:20:37] [265/459] SCHT
[18:20:38] [266/459] ESSH
[18:20:39] [267/459] CUJC
[18:20:39] [268/459] PECP
[18:20:40] [269/459] PMMI
[18:20:41] [270/459] PCCH
[18:20:42] [271/459] PRPM
[18:20:43] [272/459] PVKL
[18:20:44] 🔄 Identity reset
[18:20:44] 🔄 Identity rotated (every 10 requests)
[18:20:44] [273/459] CBSM
[18:20:45] [274/459] PVCZ
[18:20:46] [275/459] PCVV
[18:20:48] [276/459] CTMJ
[18:20:49] [277/459] RCPS
[18:20:50] [278/459] PCIT
[18:20:51] [279/459] FNCH
[18:20:52] [280/459] INZD
[18:20:53] [281/459] INPC
[18:20:54] [282/459] LCZP
[18:20:54] 🔄 Identity reset
[18:20:54] 🔄 Identity rotated (every 10 requests)
[18:20:55] [283/459] SMCB
[18:20:56] [284/459] PTSB
[18:20:58] [285/459] TPSI
[18:20:59] [286/459] KHMJ
[18:21:00] [287/459] RCCJ
[18:21:01] [288/459] NCJA
[18:21:02] [289/459] NCJN
[18:21:02] [290/459] BTDP
[18:21:03] [291/459] PADY
[18:21:04] [292/459] NYBH
[18:21:04] 🔄 Identity reset
[18:21:05] 🔄 Identity rotated (every 10 requests)
[18:21:05] [293/459] MTBR
[18:21:06] [294/459] KRBC
[18:21:07] [295/459] DKTI
[18:21:08] [296/459] ANAN
[18:21:09] [297/459] INBP
[18:21:10] [298/459] PATB
[18:21:11] [299/459] RGNT
[18:21:12] [300/459] CGPM
[18:21:13] [301/459] INTN
[18:21:14] [302/459] MCMP
[18:21:15] 🔄 Identity reset
[18:21:15] 🔄 Identity rotated (every 10 requests)
[18:21:15] [303/459] ASRG
[18:21:16] [304/459] CXJD
[18:21:17] [305/459] SPCP
[18:21:18] [306/459] CSTP
[18:21:19] [307/459] PKVC
[18:21:19] [308/459] ESCP
[18:21:20] [309/459] CAEP
[18:21:21] [310/459] CCSP
[18:21:22] [311/459] KTPC
[18:21:23] [312/459] DACA
[18:21:24] 🔄 Identity reset
[18:21:24] 🔄 Identity rotated (every 10 requests)
[18:21:24] [313/459] NVKY
[18:21:25] [314/459] PTIN
[18:21:26] [315/459] SCIN
[18:21:27] [316/459] MCTY
[18:21:28] [317/459] PCMX
[18:21:29] [318/459] INIC
[18:21:30] [319/459] MMZM
[18:21:31] [320/459] SSLP
[18:21:33] [321/459] DTDT
[18:21:34] [322/459] FFCX
[18:21:34] 🔄 Identity reset
[18:21:34] 🔄 Identity rotated (every 10 requests)
[18:21:35] [323/459] RCMM
[18:21:36] [324/459] KYID
[18:21:37] [325/459] CSCI
[18:21:38] [326/459] FCMC
[18:21:39] [327/459] MMXI
[18:21:40] [328/459] ASTC
[18:21:41] [329/459] CMRA
[18:21:41] [330/459] DICI
[18:21:42] [331/459] KDIN
[18:21:43] [332/459] PRFI
[18:21:44] 🔄 Identity reset
[18:21:44] 🔄 Identity rotated (every 10 requests)
[18:21:45] [333/459] SVFC
[18:21:46] [334/459] UCPL
[18:21:47] [335/459] COOC
[18:21:48] [336/459] SCAL
[18:21:48] [337/459] SVFF
[18:21:50] [338/459] VCMG
[18:21:51] [339/459] UUCT
[18:21:52] [340/459] GCSE
[18:21:53] [341/459] SUSC
[18:21:54] [342/459] MISC
[18:21:54] 🔄 Identity reset
[18:21:54] 🔄 Identity rotated (every 10 requests)
[18:21:54] [343/459] RMBL
[18:21:55] [344/459] CMXN
[18:21:56] [345/459] PVBK
[18:21:57] [346/459] HHCG
[18:21:58] [347/459] SCAG
[18:21:59] [348/459] CNPR
[18:22:00] [349/459] CSER
[18:22:00] [350/459] HLWD
[18:22:02] [351/459] BOLY
[18:22:03] [352/459] SSPG
[18:22:03] 🔄 Identity reset
[18:22:03] 🔄 Identity rotated (every 10 requests)
[18:22:04] [353/459] MUPX
[18:22:05] [354/459] HAMR
[18:22:07] [355/459] SDNC
[18:22:09] [356/459] RTEN
[18:22:10] [357/459] SDTD
[18:22:11] [358/459] KAWS
[18:22:12] [359/459] CMZX
[18:22:13] [360/459] DCDD
[18:22:14] [361/459] ALSN
[18:22:15] [362/459] IMXS
[18:22:16] 🔄 Identity reset
[18:22:16] 🔄 Identity rotated (every 10 requests)
[18:22:16] 🔄 Retry 1/5 for IMXS in 2.6s
[18:22:16] 🔄 Identity reset
[18:22:18] 🧠 New identity created
[18:22:19] [363/459] PVFF
[18:22:20] [364/459] PVOO
[18:22:21] [365/459] CFBS
[18:22:22] [366/459] PVER
[18:22:23] [367/459] PPNX
[18:22:23] [368/459] CNRM
[18:22:24] [369/459] PVWW
[18:22:25] [370/459] INMB
[18:22:26] [371/459] CPJR
[18:22:27] 🔄 Identity reset
[18:22:27] 🔄 Identity rotated (every 10 requests)
[18:22:27] [372/459] INRZ
[18:22:28] [373/459] PMSR
[18:22:29] [374/459] GPGM
[18:22:30] [375/459] PGWB
[18:22:31] [376/459] PMBR
[18:22:32] [377/459] GPAM
[18:22:33] [378/459] INBC
[18:22:34] [379/459] PZVK
[18:22:35] [380/459] CPEB
[18:22:35] [381/459] FMLB
[18:22:36] 🔄 Identity reset
[18:22:36] 🔄 Identity rotated (every 10 requests)
[18:22:37] [382/459] INBG
[18:22:38] [383/459] GPBR
[18:22:39] [384/459] PAAS
[18:22:40] [385/459] VTBR
[18:22:41] [386/459] GPMY
[18:22:41] [387/459] GYBU
[18:22:42] [388/459] INBJ
[18:22:43] [389/459] LKTH
[18:22:44] [390/459] NSBR
[18:22:45] [391/459] PDRD
[18:22:46] 🔄 Identity reset
[18:22:46] 🔄 Identity rotated (every 10 requests)
[18:22:46] [392/459] VRBL
[18:22:47] [393/459] VTGB
[18:22:48] [394/459] VTSK
[18:22:49] [395/459] BKDV
[18:22:50] [396/459] SVTB
[18:22:51] [397/459] MLDT
[18:22:51] [398/459] NRBL
[18:22:52] [399/459] SLTR
[18:22:53] [400/459] VNKA
[18:22:54] [401/459] TDCA
[18:22:55] 🔄 Identity reset
[18:22:55] 🔄 Identity rotated (every 10 requests)
[18:22:55] [402/459] INBM
[18:22:56] [403/459] SSNR
[18:22:57] [404/459] BHAC
[18:22:58] [405/459] SDSD
[18:22:59] [406/459] SAMP
[18:23:00] [407/459] RATK
[18:23:01] [408/459] KCBI
[18:23:02] [409/459] URBL
[18:23:03] [410/459] MKBG
[18:23:04] [411/459] ASTB
[18:23:05] 🔄 Identity reset
[18:23:05] 🔄 Identity rotated (every 10 requests)
[18:23:05] [412/459] VBWT
[18:23:06] [413/459] GPSM
[18:23:07] [414/459] ROON
[18:23:08] [415/459] CHTH
[18:23:09] [416/459] SSPA
[18:23:10] [417/459] ANBL
[18:23:11] [418/459] VTBE
[18:23:12] [419/459] SVKT
[18:23:13] [420/459] SVYK
[18:23:14] [421/459] PTBK
[18:23:14] 🔄 Identity reset
[18:23:14] 🔄 Identity rotated (every 10 requests)
[18:23:15] [422/459] RKTB
[18:23:15] [423/459] BALT
[18:23:16] [424/459] STSV
[18:23:17] [425/459] VCCB
[18:23:18] [426/459] SLTB
[18:23:19] [427/459] SBCR
[18:23:20] [428/459] VDCS
[18:23:21] [429/459] MDKI
[18:23:21] [430/459] SMRN
[18:23:22] [431/459] PTBC
[18:23:23] 🔄 Identity reset
[18:23:23] 🔄 Identity rotated (every 10 requests)
[18:23:24] [432/459] RADI
[18:23:25] [433/459] ADCR
[18:23:26] [434/459] SDCS
[18:23:27] [435/459] SRPJ
[18:23:28] [436/459] ARTS
[18:23:29] [437/459] SRHK
[18:23:29] [438/459] SPAY
[18:23:30] [439/459] GPTB
[18:23:31] [440/459] SNNN
[18:23:32] [441/459] BALJ
[18:23:33] 🔄 Identity reset
[18:23:33] 🔄 Identity rotated (every 10 requests)
[18:23:33] [442/459] TRIG
[18:23:35] [443/459] GTYT
[18:23:36] [444/459] ATGN
[18:23:37] [445/459] ANTE
[18:23:38] [446/459] BDCG
[18:23:39] [447/459] VECI
[18:23:40] [448/459] SCPR
[18:23:41] [449/459] RTEA
[18:23:42] [450/459] JSAI
[18:23:43] [451/459] VJTP
[18:23:44] 🔄 Identity reset
[18:23:44] 🔄 Identity rotated (every 10 requests)
[18:23:44] [452/459] GNDS
[18:23:45] [453/459] PAXA
[18:23:46] [454/459] CGGM
[18:23:47] [455/459] ACKZ
[18:23:48] [456/459] EMCC
[18:23:49] [457/459] KLSK
[18:23:50] [458/459] AVCK
[18:23:51] [459/459] JTCK
[18:23:51] 🧹 Deduping shows
[18:23:51] ✅ DONE | Shows=55 | Movies=5
[01:28:05] 🚀 SCRIPT STARTED (enhanced anti‑detection)
[01:28:05] [1/459] NECA
[01:28:06] 🧠 New identity created
[01:28:06] [2/459] BJLC
[01:28:07] [3/459] BASU
[01:28:08] [4/459] RUPI
[01:28:09] [5/459] LCBK
[01:28:10] [6/459] PMAC
[01:28:11] [7/459] AMLC
[01:28:12] [8/459] LICL
[01:28:13] [9/459] UDMM
[01:28:14] [10/459] STBZ
[01:28:15] 🔄 Identity reset
[01:28:15] 🔄 Identity rotated (every 10 requests)
[01:28:16] [11/459] UUBT
[01:28:17] [12/459] SJKC
[01:28:18] [13/459] TUAL
[01:28:19] [14/459] MRSE
[01:28:20] [15/459] RMRK
[01:28:21] [16/459] TTKP
[01:28:22] [17/459] KTKO
[01:28:22] [18/459] SDBK
[01:28:23] [19/459] MCPR
[01:28:24] [20/459] CHTI
[01:28:25] 🔄 Identity reset
[01:28:25] 🔄 Identity rotated (every 10 requests)
[01:28:25] [21/459] GCCP
[01:28:26] [22/459] SRMY
[01:28:27] [23/459] NYST
[01:28:29] [24/459] NYAG
[01:28:30] [25/459] SBMT
[01:28:31] [26/459] INGA
[01:28:32] [27/459] WSIC
[01:28:33] [28/459] SCSS
[01:28:34] [29/459] COPG
[01:28:35] [30/459] RCGR
[01:28:36] 🔄 Identity reset
[01:28:36] 🔄 Identity rotated (every 10 requests)
[01:28:36] [31/459] TCZA
[01:28:37] [32/459] CNLP
[01:28:38] [33/459] CLKN
[01:28:39] [34/459] LHDF
[01:28:40] [35/459] ELKC
[01:28:41] [36/459] VCEM
[01:28:41] [37/459] SSZA
[01:28:43] [38/459] KRMT
[01:28:44] [39/459] LCMV
[01:28:44] [40/459] AYCZ
[01:28:45] 🔄 Identity reset
[01:28:45] 🔄 Identity rotated (every 10 requests)
[01:28:46] [41/459] CUMS
[01:28:47] [42/459] BOCK
[01:28:48] [43/459] PNMR
[01:28:48] [44/459] PJCP
[01:28:49] [45/459] JDDD
[01:28:50] [46/459] STMS
[01:28:51] [47/459] FLMB
[01:28:52] [48/459] PKCM
[01:28:54] [49/459] SPPR
[01:28:55] [50/459] EYLH
[01:28:56] 🔄 Identity reset
[01:28:56] 🔄 Identity rotated (every 10 requests)
[01:28:56] [51/459] RJCC
[01:28:57] [52/459] MMPS
[01:28:58] [53/459] SHMX
[01:28:59] [54/459] CCNL
[01:29:00] [55/459] RCNV
[01:29:01] [56/459] MAAG
[01:29:01] [57/459] LXCM
[01:29:02] [58/459] RCNI
[01:29:03] [59/459] SNNI
[01:29:04] [60/459] LALC
[01:29:05] 🔄 Identity reset
[01:29:05] 🔄 Identity rotated (every 10 requests)
[01:29:05] [61/459] SOCN
[01:29:06] [62/459] JHTP
[01:29:07] [63/459] PITP
[01:29:08] [64/459] CCKW
[01:29:10] [65/459] MCMC
[01:29:11] [66/459] DEES
[01:29:12] [67/459] SABT
[01:29:13] [68/459] VSPP
[01:29:14] [69/459] ABCT
[01:29:15] [70/459] JVTB
[01:29:15] 🔄 Identity reset
[01:29:15] 🔄 Identity rotated (every 10 requests)
[01:29:16] [71/459] VCBD
[01:29:17] [72/459] RMGG
[01:29:17] [73/459] RNMH
[01:29:18] [74/459] SPGL
[01:29:19] [75/459] JTTR
[01:29:20] [76/459] SICS
[01:29:21] [77/459] SRMI
[01:29:23] [78/459] SSIJ
[01:29:24] [79/459] KFMT
[01:29:25] [80/459] VBIT
[01:29:25] 🔄 Identity reset
[01:29:26] 🔄 Identity rotated (every 10 requests)
[01:29:26] [81/459] JKCT
[01:29:27] [82/459] GCGP
[01:29:28] [83/459] GDCS
[01:29:29] [84/459] TRBA
[01:29:30] [85/459] QUST
[01:29:31] [86/459] VSHM
[01:29:32] [87/459] SDCP
[01:29:33] [88/459] SNVS
[01:29:34] [89/459] NYTO
[01:29:35] [90/459] URWC
[01:29:36] 🔄 Identity reset
[01:29:36] 🔄 Identity rotated (every 10 requests)
[01:29:36] [91/459] GTWH
[01:29:37] [92/459] PFCM
[01:29:38] [93/459] KRTA
[01:29:39] [94/459] AXMC
[01:29:40] [95/459] EVMC
[01:29:41] [96/459] HGSM
[01:29:42] [97/459] ACVM
[01:29:43] [98/459] PSKL
[01:29:44] [99/459] RDMP
[01:29:45] [100/459] RHGH
[01:29:45] 🔄 Identity reset
[01:29:45] 🔄 Identity rotated (every 10 requests)
[01:29:46] [101/459] OMCM
[01:29:47] [102/459] DCCP
[01:29:48] [103/459] MCPB
[01:29:49] [104/459] ALCI
[01:29:50] [105/459] BLMX
[01:29:52] [106/459] BTMV
[01:29:53] [107/459] FVPN
[01:29:54] [108/459] CMAR
[01:29:55] [109/459] CEIM
[01:29:56] [110/459] CMVA
[01:29:57] 🔄 Identity reset
[01:29:57] 🔄 Identity rotated (every 10 requests)
[01:29:57] [111/459] CPIV
[01:29:58] [112/459] CNPE
[01:29:59] [113/459] COLV
[01:30:00] [114/459] DNNV
[01:30:01] [115/459] HCAD
[01:30:02] [116/459] TAKA
[01:30:03] [117/459] INVD
[01:30:04] [118/459] IRMM
[01:30:05] [119/459] INSE
[01:30:06] [120/459] MRSW
[01:30:06] 🔄 Identity reset
[01:30:06] 🔄 Identity rotated (every 10 requests)
[01:30:06] 🔄 Retry 1/5 for MRSW in 2.9s
[01:30:06] 🔄 Identity reset
[01:30:09] 🧠 New identity created
[01:30:11] [121/459] MCVD
[01:30:11] [122/459] MCSO
[01:30:12] [123/459] PEVM
[01:30:13] [124/459] PVNL
[01:30:14] [125/459] PTCV
[01:30:15] [126/459] PRTC
[01:30:16] [127/459] RCVA
[01:30:16] [128/459] MTBN
[01:30:17] [129/459] LUCP
[01:30:18] 🔄 Identity reset
[01:30:18] 🔄 Identity rotated (every 10 requests)
[01:30:18] [130/459] FMPT
[01:30:19] [131/459] JLSL
[01:30:21] [132/459] SBHA
[01:30:23] [133/459] SHRC
[01:30:24] [134/459] AVPS
[01:30:25] [135/459] STPM
[01:30:25] [136/459] ATRD
[01:30:27] [137/459] VTED
[01:30:28] [138/459] ACAI
[01:30:29] [139/459] SMAE
[01:30:30] 🔄 Identity reset
[01:30:30] 🔄 Identity rotated (every 10 requests)
[01:30:30] [140/459] VMAT
[01:30:31] [141/459] LKCT
[01:30:32] [142/459] JTVK
[01:30:33] [143/459] PRTY
[01:30:34] [144/459] GETT
[01:30:35] [145/459] ESAP
[01:30:37] [146/459] NCPM
[01:30:38] [147/459] PCPA
[01:30:39] [148/459] MMOM
[01:30:39] [149/459] PHUP
[01:30:40] 🔄 Identity reset
[01:30:40] 🔄 Identity rotated (every 10 requests)
[01:30:41] [150/459] CCPI
[01:30:41] [151/459] CNTD
[01:30:42] [152/459] NLJR
[01:30:43] [153/459] SRNG
[01:30:44] [154/459] MHAL
[01:30:45] [155/459] PNSM
[01:30:46] [156/459] DRMY
[01:30:47] [157/459] CCMU
[01:30:48] [158/459] SCMY
[01:30:49] [159/459] PVSY
[01:30:50] 🔄 Identity reset
[01:30:50] 🔄 Identity rotated (every 10 requests)
[01:30:50] [160/459] SDLM
[01:30:51] [161/459] ICCM
[01:30:52] [162/459] PYSU
[01:30:53] [163/459] GATM
[01:30:54] [164/459] WOTM
[01:30:55] [165/459] RKTS
[01:30:56] [166/459] PMTY
[01:30:58] [167/459] LYMS
[01:30:59] [168/459] TGCA
[01:31:00] [169/459] DSTA
[01:31:00] 🔄 Identity reset
[01:31:00] 🔄 Identity rotated (every 10 requests)
[01:31:01] [170/459] CNGE
[01:31:02] [171/459] VSTG
[01:31:03] [172/459] GTCK
[01:31:04] [173/459] TGNT
[01:31:05] [174/459] ASLC
[01:31:06] [175/459] SSST
[01:31:07] [176/459] KBTT
[01:31:08] [177/459] HKCP
[01:31:09] [178/459] SWLC
[01:31:10] [179/459] RTND
[01:31:11] 🔄 Identity reset
[01:31:11] 🔄 Identity rotated (every 10 requests)
[01:31:12] [180/459] PKKT
[01:31:13] [181/459] HSTK
[01:31:14] [182/459] SPTT
[01:31:15] [183/459] IMPM
[01:31:16] [184/459] SCMV
[01:31:17] [185/459] SPCT
[01:31:18] [186/459] JBCA
[01:31:19] [187/459] ATTR
[01:31:20] [188/459] SPMT
[01:31:21] [189/459] LCTM
[01:31:22] 🔄 Identity reset
[01:31:22] 🔄 Identity rotated (every 10 requests)
[01:31:22] [190/459] SCVL
[01:31:23] [191/459] SCVT
[01:31:24] [192/459] KRIC
[01:31:25] [193/459] CTMG
[01:31:26] [194/459] ACNC
[01:31:27] [195/459] DMCK
[01:31:28] [196/459] KMTV
[01:31:29] [197/459] PFCJ
[01:31:29] [198/459] VNMD
[01:31:30] [199/459] VPCZ
[01:31:31] 🔄 Identity reset
[01:31:31] 🔄 Identity rotated (every 10 requests)
[01:31:32] [200/459] SRYR
[01:31:33] [201/459] SYTR
[01:31:34] [202/459] GATR
[01:31:35] [203/459] URTR
[01:31:36] [204/459] MKSM
[01:31:37] [205/459] VSMH
[01:31:38] [206/459] SKRJ
[01:31:39] [207/459] SSJR
[01:31:40] [208/459] SVSM
[01:31:41] [209/459] RUCM
[01:31:42] 🔄 Identity reset
[01:31:42] 🔄 Identity rotated (every 10 requests)
[01:31:42] [210/459] PRKN
[01:31:43] [211/459] RROH
[01:31:45] [212/459] SCTN
[01:31:46] [213/459] RTDM
[01:31:47] [214/459] ASRM
[01:31:48] [215/459] SKMD
[01:31:49] [216/459] SUTD
[01:31:50] [217/459] SADM
[01:31:51] [218/459] WCNR
[01:31:52] [219/459] CNED
[01:31:52] 🔄 Identity reset
[01:31:53] 🔄 Identity rotated (every 10 requests)
[01:31:53] [220/459] MPDB
[01:31:55] [221/459] KTBH
[01:31:56] [222/459] IDRM
[01:31:57] [223/459] PJJT
[01:31:58] [224/459] PFCV
[01:31:58] [225/459] AACT
[01:32:00] [226/459] AAAD
[01:32:01] [227/459] ANES
[01:32:02] [228/459] MNCA
[01:32:02] [229/459] RMGU
[01:32:03] 🔄 Identity reset
[01:32:03] 🔄 Identity rotated (every 10 requests)
[01:32:03] [230/459] DLCN
[01:32:04] [231/459] LJWT
[01:32:05] [232/459] MCBG
[01:32:06] [233/459] MYBG
[01:32:07] [234/459] GCCA
[01:32:08] [235/459] GCGA
[01:32:09] [236/459] ECGN
[01:32:10] [237/459] PRAB
[01:32:11] [238/459] PNMP
[01:32:12] [239/459] GCPT
[01:32:12] 🔄 Identity reset
[01:32:12] 🔄 Identity rotated (every 10 requests)
[01:32:13] [240/459] ROYN
[01:32:14] [241/459] VATM
[01:32:15] [242/459] KSNT
[01:32:15] [243/459] ACTC
[01:32:16] [244/459] PLTD
[01:32:17] [245/459] SKMK
[01:32:18] [246/459] CMTT
[01:32:19] [247/459] SMXP
[01:32:20] [248/459] SCMX
[01:32:21] [249/459] ACXN
[01:32:21] 🔄 Identity reset
[01:32:21] 🔄 Identity rotated (every 10 requests)
[01:32:22] [250/459] ASWT
[01:32:24] [251/459] VVVL
[01:32:25] [252/459] NAGO
[01:32:26] [253/459] SNCN
[01:32:27] [254/459] MCKP
[01:32:27] [255/459] SAMO
[01:32:28] [256/459] JBTV
[01:32:29] [257/459] DCVV
[01:32:30] [258/459] KMSV
[01:32:31] [259/459] KDCN
[01:32:32] 🔄 Identity reset
[01:32:32] 🔄 Identity rotated (every 10 requests)
[01:32:32] [260/459] CNCP
[01:32:33] [261/459] HAMC
[01:32:34] [262/459] CCVZ
[01:32:35] [263/459] NCCK
[01:32:36] [264/459] MCHR
[01:32:37] [265/459] SCHT
[01:32:38] [266/459] ESSH
[01:32:39] [267/459] CUJC
[01:32:40] [268/459] PECP
[01:32:40] [269/459] PMMI
[01:32:41] 🔄 Identity reset
[01:32:41] 🔄 Identity rotated (every 10 requests)
[01:32:41] [270/459] PCCH
[01:32:43] [271/459] PRPM
[01:32:44] [272/459] PVKL
[01:32:45] [273/459] CBSM
[01:32:45] [274/459] PVCZ
[01:32:46] [275/459] PCVV
[01:32:48] [276/459] CTMJ
[01:32:49] [277/459] RCPS
[01:32:50] [278/459] PCIT
[01:32:51] [279/459] FNCH
[01:32:51] 🔄 Identity reset
[01:32:51] 🔄 Identity rotated (every 10 requests)
[01:32:52] [280/459] INZD
[01:32:53] [281/459] INPC
[01:32:54] [282/459] LCZP
[01:32:55] [283/459] SMCB
[01:32:55] [284/459] PTSB
[01:32:57] [285/459] TPSI
[01:32:57] [286/459] KHMJ
[01:32:58] [287/459] RCCJ
[01:32:59] [288/459] NCJA
[01:33:00] [289/459] NCJN
[01:33:01] 🔄 Identity reset
[01:33:01] 🔄 Identity rotated (every 10 requests)
[01:33:01] [290/459] BTDP
[01:33:02] [291/459] PADY
[01:33:03] [292/459] NYBH
[01:33:04] [293/459] MTBR
[01:33:05] [294/459] KRBC
[01:33:06] [295/459] DKTI
[01:33:07] [296/459] ANAN
[01:33:08] [297/459] INBP
[01:33:09] [298/459] PATB
[01:33:10] [299/459] RGNT
[01:33:11] 🔄 Identity reset
[01:33:11] 🔄 Identity rotated (every 10 requests)
[01:33:11] [300/459] CGPM
[01:33:12] [301/459] INTN
[01:33:13] [302/459] MCMP
[01:33:14] [303/459] ASRG
[01:33:15] [304/459] CXJD
[01:33:15] [305/459] SPCP
[01:33:16] [306/459] CSTP
[01:33:17] [307/459] PKVC
[01:33:18] [308/459] ESCP
[01:33:19] [309/459] CAEP
[01:33:20] 🔄 Identity reset
[01:33:20] 🔄 Identity rotated (every 10 requests)
[01:33:20] [310/459] CCSP
[01:33:21] [311/459] KTPC
[01:33:22] [312/459] DACA
[01:33:23] [313/459] NVKY
[01:33:24] [314/459] PTIN
[01:33:25] [315/459] SCIN
[01:33:26] [316/459] MCTY
[01:33:26] [317/459] PCMX
[01:33:27] [318/459] INIC
[01:33:28] [319/459] MMZM
[01:33:29] 🔄 Identity reset
[01:33:29] 🔄 Identity rotated (every 10 requests)
[01:33:29] [320/459] SSLP
[01:33:30] [321/459] DTDT
[01:33:31] [322/459] FFCX
[01:33:32] [323/459] RCMM
[01:33:33] [324/459] KYID
[01:33:34] [325/459] CSCI
[01:33:35] [326/459] FCMC
[01:33:36] [327/459] MMXI
[01:33:37] [328/459] ASTC
[01:33:38] [329/459] CMRA
[01:33:39] 🔄 Identity reset
[01:33:39] 🔄 Identity rotated (every 10 requests)
[01:33:40] [330/459] DICI
[01:33:41] [331/459] KDIN
[01:33:42] [332/459] PRFI
[01:33:43] [333/459] SVFC
[01:33:44] [334/459] UCPL
[01:33:45] [335/459] COOC
[01:33:46] [336/459] SCAL
[01:33:47] [337/459] SVFF
[01:33:48] [338/459] VCMG
[01:33:49] [339/459] UUCT
[01:33:50] 🔄 Identity reset
[01:33:50] 🔄 Identity rotated (every 10 requests)
[01:33:50] [340/459] GCSE
[01:33:52] [341/459] SUSC
[01:33:53] [342/459] MISC
[01:33:53] [343/459] RMBL
[01:33:54] [344/459] CMXN
[01:33:55] [345/459] PVBK
[01:33:56] [346/459] HHCG
[01:33:57] [347/459] SCAG
[01:33:58] [348/459] CNPR
[01:33:59] [349/459] CSER
[01:34:00] 🔄 Identity reset
[01:34:00] 🔄 Identity rotated (every 10 requests)
[01:34:00] [350/459] HLWD
[01:34:01] [351/459] BOLY
[01:34:03] [352/459] SSPG
[01:34:04] [353/459] MUPX
[01:34:05] [354/459] HAMR
[01:34:06] [355/459] SDNC
[01:34:06] [356/459] RTEN
[01:34:07] [357/459] SDTD
[01:34:08] [358/459] KAWS
[01:34:09] [359/459] CMZX
[01:34:10] 🔄 Identity reset
[01:34:10] 🔄 Identity rotated (every 10 requests)
[01:34:10] [360/459] DCDD
[01:34:11] [361/459] ALSN
[01:34:12] [362/459] IMXS
[01:34:13] [363/459] PVFF
[01:34:14] [364/459] PVOO
[01:34:15] [365/459] CFBS
[01:34:16] [366/459] PVER
[01:34:17] [367/459] PPNX
[01:34:18] [368/459] CNRM
[01:34:19] [369/459] PVWW
[01:34:20] 🔄 Identity reset
[01:34:20] 🔄 Identity rotated (every 10 requests)
[01:34:21] [370/459] INMB
[01:34:22] [371/459] CPJR
[01:34:23] [372/459] INRZ
[01:34:24] [373/459] PMSR
[01:34:25] [374/459] GPGM
[01:34:26] [375/459] PGWB
[01:34:27] [376/459] PMBR
[01:34:28] [377/459] GPAM
[01:34:29] [378/459] INBC
[01:34:30] [379/459] PZVK
[01:34:31] 🔄 Identity reset
[01:34:31] 🔄 Identity rotated (every 10 requests)
[01:34:32] [380/459] CPEB
[01:34:33] [381/459] FMLB
[01:34:34] [382/459] INBG
[01:34:35] [383/459] GPBR
[01:34:36] [384/459] PAAS
[01:34:37] [385/459] VTBR
[01:34:39] [386/459] GPMY
[01:34:40] [387/459] GYBU
[01:34:41] [388/459] INBJ
[01:34:41] [389/459] LKTH
[01:34:42] 🔄 Identity reset
[01:34:42] 🔄 Identity rotated (every 10 requests)
[01:34:43] [390/459] NSBR
[01:34:44] [391/459] PDRD
[01:34:45] [392/459] VRBL
[01:34:46] [393/459] VTGB
[01:34:47] [394/459] VTSK
[01:34:48] [395/459] BKDV
[01:34:49] [396/459] SVTB
[01:34:50] [397/459] MLDT
[01:34:51] [398/459] NRBL
[01:34:52] [399/459] SLTR
[01:34:53] 🔄 Identity reset
[01:34:53] 🔄 Identity rotated (every 10 requests)
[01:34:53] [400/459] VNKA
[01:34:54] [401/459] TDCA
[01:34:55] [402/459] INBM
[01:34:56] [403/459] SSNR
[01:34:57] [404/459] BHAC
[01:34:58] [405/459] SDSD
[01:34:59] [406/459] SAMP
[01:35:00] [407/459] RATK
[01:35:01] [408/459] KCBI
[01:35:02] [409/459] URBL
[01:35:02] 🔄 Identity reset
[01:35:02] 🔄 Identity rotated (every 10 requests)
[01:35:04] [410/459] MKBG
[01:35:04] [411/459] ASTB
[01:35:06] [412/459] VBWT
[01:35:07] [413/459] GPSM
[01:35:08] [414/459] ROON
[01:35:08] [415/459] CHTH
[01:35:10] [416/459] SSPA
[01:35:11] [417/459] ANBL
[01:35:12] [418/459] VTBE
[01:35:13] [419/459] SVKT
[01:35:13] 🔄 Identity reset
[01:35:13] 🔄 Identity rotated (every 10 requests)
[01:35:14] [420/459] SVYK
[01:35:15] [421/459] PTBK
[01:35:16] [422/459] RKTB
[01:35:17] [423/459] BALT
[01:35:18] [424/459] STSV
[01:35:19] [425/459] VCCB
[01:35:20] [426/459] SLTB
[01:35:21] [427/459] SBCR
[01:35:22] [428/459] VDCS
[01:35:23] [429/459] MDKI
[01:35:23] 🔄 Identity reset
[01:35:23] 🔄 Identity rotated (every 10 requests)
[01:35:24] [430/459] SMRN
[01:35:25] [431/459] PTBC
[01:35:26] [432/459] RADI
[01:35:27] [433/459] ADCR
[01:35:28] [434/459] SDCS
[01:35:29] [435/459] SRPJ
[01:35:30] [436/459] ARTS
[01:35:31] [437/459] SRHK
[01:35:32] [438/459] SPAY
[01:35:33] [439/459] GPTB
[01:35:34] 🔄 Identity reset
[01:35:34] 🔄 Identity rotated (every 10 requests)
[01:35:34] 🔄 Retry 1/5 for GPTB in 2.3s
[01:35:34] 🔄 Identity reset
[01:35:36] 🧠 New identity created
[01:35:36] [440/459] SNNN
[01:35:37] [441/459] BALJ
[01:35:38] [442/459] TRIG
[01:35:39] [443/459] GTYT
[01:35:40] [444/459] ATGN
[01:35:41] [445/459] ANTE
[01:35:42] [446/459] BDCG
[01:35:43] [447/459] VECI
[01:35:44] [448/459] SCPR
[01:35:44] 🔄 Identity reset
[01:35:44] 🔄 Identity rotated (every 10 requests)
[01:35:45] [449/459] RTEA
[01:35:45] [450/459] JSAI
[01:35:46] [451/459] VJTP
[01:35:48] [452/459] GNDS
[01:35:49] [453/459] PAXA
[01:35:50] [454/459] CGGM
[01:35:51] [455/459] ACKZ
[01:35:52] [456/459] EMCC
[01:35:54] [457/459] KLSK
[01:35:55] [458/459] AVCK
[01:35:55] 🔄 Identity reset
[01:35:55] 🔄 Identity rotated (every 10 requests)
[01:35:56] [459/459] JTCK
[01:35:57] 🧹 Deduping shows
[01:35:57] ✅ DONE | Shows=58 | Movies=5
[04:52:06] 🚀 SCRIPT STARTED (enhanced anti‑detection)
[04:52:06] [1/459] NECA
[04:52:07] 🧠 New identity created
[04:52:07] [2/459] BJLC
[04:52:08] [3/459] BASU
[04:52:09] [4/459] RUPI
[04:52:10] [5/459] LCBK
[04:52:11] [6/459] PMAC
[04:52:12] [7/459] AMLC
[04:52:13] [8/459] LICL
[04:52:14] [9/459] UDMM
[04:52:15] [10/459] STBZ
[04:52:15] 🔄 Identity reset
[04:52:15] 🔄 Identity rotated (every 10 requests)
[04:52:16] [11/459] UUBT
[04:52:17] [12/459] SJKC
[04:52:18] [13/459] TUAL
[04:52:19] [14/459] MRSE
[04:52:20] [15/459] RMRK
[04:52:21] [16/459] TTKP
[04:52:22] [17/459] KTKO
[04:52:23] [18/459] SDBK
[04:52:25] [19/459] MCPR
[04:52:26] [20/459] CHTI
[04:52:27] 🔄 Identity reset
[04:52:27] 🔄 Identity rotated (every 10 requests)
[04:52:27] [21/459] GCCP
[04:52:28] [22/459] SRMY
[04:52:29] [23/459] NYST
[04:52:30] [24/459] NYAG
[04:52:30] [25/459] SBMT
[04:52:31] [26/459] INGA
[04:52:32] [27/459] WSIC
[04:52:33] [28/459] SCSS
[04:52:34] [29/459] COPG
[04:52:35] [30/459] RCGR
[04:52:36] 🔄 Identity reset
[04:52:36] 🔄 Identity rotated (every 10 requests)
[04:52:36] [31/459] TCZA
[04:52:37] [32/459] CNLP
[04:52:38] [33/459] CLKN
[04:52:38] [34/459] LHDF
[04:52:39] [35/459] ELKC
[04:52:41] [36/459] VCEM
[04:52:42] [37/459] SSZA
[04:52:43] [38/459] KRMT
[04:52:44] [39/459] LCMV
[04:52:45] [40/459] AYCZ
[04:52:45] 🔄 Identity reset
[04:52:45] 🔄 Identity rotated (every 10 requests)
[04:52:46] [41/459] CUMS
[04:52:47] [42/459] BOCK
[04:52:48] [43/459] PNMR
[04:52:50] [44/459] PJCP
[04:52:50] [45/459] JDDD
[04:52:51] [46/459] STMS
[04:52:52] [47/459] FLMB
[04:52:53] [48/459] PKCM
[04:52:54] [49/459] SPPR
[04:52:55] [50/459] EYLH
[04:52:56] 🔄 Identity reset
[04:52:56] 🔄 Identity rotated (every 10 requests)
[04:52:56] [51/459] RJCC
[04:52:57] [52/459] MMPS
[04:52:58] [53/459] SHMX
[04:52:59] [54/459] CCNL
[04:53:00] [55/459] RCNV
[04:53:01] [56/459] MAAG
[04:53:02] [57/459] LXCM
[04:53:03] [58/459] RCNI
[04:53:04] [59/459] SNNI
[04:53:05] [60/459] LALC
[04:53:05] 🔄 Identity reset
[04:53:05] 🔄 Identity rotated (every 10 requests)
[04:53:05] [61/459] SOCN
[04:53:06] [62/459] JHTP
[04:53:07] [63/459] PITP
[04:53:08] [64/459] CCKW
[04:53:10] [65/459] MCMC
[04:53:11] [66/459] DEES
[04:53:12] [67/459] SABT
[04:53:13] [68/459] VSPP
[04:53:13] [69/459] ABCT
[04:53:15] [70/459] JVTB
[04:53:15] 🔄 Identity reset
[04:53:15] 🔄 Identity rotated (every 10 requests)
[04:53:16] [71/459] VCBD
[04:53:17] [72/459] RMGG
[04:53:18] [73/459] RNMH
[04:53:18] [74/459] SPGL
[04:53:20] [75/459] JTTR
[04:53:21] [76/459] SICS
[04:53:23] [77/459] SRMI
[04:53:24] [78/459] SSIJ
[04:53:25] [79/459] KFMT
[04:53:25] [80/459] VBIT
[04:53:26] 🔄 Identity reset
[04:53:26] 🔄 Identity rotated (every 10 requests)
[04:53:26] [81/459] JKCT
[04:53:27] [82/459] GCGP
[04:53:28] [83/459] GDCS
[04:53:29] [84/459] TRBA
[04:53:30] [85/459] QUST
[04:53:31] [86/459] VSHM
[04:53:32] [87/459] SDCP
[04:53:33] [88/459] SNVS
[04:53:34] [89/459] NYTO
[04:53:35] [90/459] URWC
[04:53:35] 🔄 Identity reset
[04:53:35] 🔄 Identity rotated (every 10 requests)
[04:53:36] [91/459] GTWH
[04:53:37] [92/459] PFCM
[04:53:37] [93/459] KRTA
[04:53:38] [94/459] AXMC
[04:53:39] [95/459] EVMC
[04:53:40] [96/459] HGSM
[04:53:41] [97/459] ACVM
[04:53:42] [98/459] PSKL
[04:53:43] [99/459] RDMP
[04:53:43] [100/459] RHGH
[04:53:44] 🔄 Identity reset
[04:53:44] 🔄 Identity rotated (every 10 requests)
[04:53:44] [101/459] OMCM
[04:53:45] [102/459] DCCP
[04:53:46] [103/459] MCPB
[04:53:47] [104/459] ALCI
[04:53:48] [105/459] BLMX
[04:53:50] [106/459] BTMV
[04:53:50] [107/459] FVPN
[04:53:51] [108/459] CMAR
[04:53:53] [109/459] CEIM
[04:53:54] [110/459] CMVA
[04:53:54] 🔄 Identity reset
[04:53:54] 🔄 Identity rotated (every 10 requests)
[04:53:55] [111/459] CPIV
[04:53:56] [112/459] CNPE
[04:53:57] [113/459] COLV
[04:53:57] [114/459] DNNV
[04:53:58] [115/459] HCAD
[04:54:00] [116/459] TAKA
[04:54:01] [117/459] INVD
[04:54:02] [118/459] IRMM
[04:54:03] [119/459] INSE
[04:54:03] [120/459] MRSW
[04:54:04] 🔄 Identity reset
[04:54:04] 🔄 Identity rotated (every 10 requests)
[04:54:04] [121/459] MCVD
[04:54:05] [122/459] MCSO
[04:54:06] [123/459] PEVM
[04:54:07] [124/459] PVNL
[04:54:08] [125/459] PTCV
[04:54:09] [126/459] PRTC
[04:54:10] [127/459] RCVA
[04:54:11] [128/459] MTBN
[04:54:11] [129/459] LUCP
[04:54:13] [130/459] FMPT
[04:54:13] 🔄 Identity reset
[04:54:13] 🔄 Identity rotated (every 10 requests)
[04:54:14] [131/459] JLSL
[04:54:15] [132/459] SBHA
[04:54:17] [133/459] SHRC
[04:54:18] [134/459] AVPS
[04:54:18] [135/459] STPM
[04:54:20] [136/459] ATRD
[04:54:21] [137/459] VTED
[04:54:22] [138/459] ACAI
[04:54:22] [139/459] SMAE
[04:54:24] [140/459] VMAT
[04:54:24] 🔄 Identity reset
[04:54:24] 🔄 Identity rotated (every 10 requests)
[04:54:25] [141/459] LKCT
[04:54:25] [142/459] JTVK
[04:54:26] [143/459] PRTY
[04:54:27] [144/459] GETT
[04:54:28] [145/459] ESAP
[04:54:29] [146/459] NCPM
[04:54:30] [147/459] PCPA
[04:54:31] [148/459] MMOM
[04:54:32] [149/459] PHUP
[04:54:33] [150/459] CCPI
[04:54:33] 🔄 Identity reset
[04:54:33] 🔄 Identity rotated (every 10 requests)
[04:54:34] [151/459] CNTD
[04:54:35] [152/459] NLJR
[04:54:36] [153/459] SRNG
[04:54:36] [154/459] MHAL
[04:54:37] [155/459] PNSM
[04:54:38] [156/459] DRMY
[04:54:39] [157/459] CCMU
[04:54:40] [158/459] SCMY
[04:54:42] [159/459] PVSY
[04:54:43] [160/459] SDLM
[04:54:43] 🔄 Identity reset
[04:54:43] 🔄 Identity rotated (every 10 requests)
[04:54:44] [161/459] ICCM
[04:54:45] [162/459] PYSU
[04:54:46] [163/459] GATM
[04:54:46] [164/459] WOTM
[04:54:47] [165/459] RKTS
[04:54:48] [166/459] PMTY
[04:54:49] [167/459] LYMS
[04:54:50] [168/459] TGCA
[04:54:51] [169/459] DSTA
[04:54:52] [170/459] CNGE
[04:54:52] 🔄 Identity reset
[04:54:52] 🔄 Identity rotated (every 10 requests)
[04:54:52] [171/459] VSTG
[04:54:53] [172/459] GTCK
[04:54:54] [173/459] TGNT
[04:54:55] [174/459] ASLC
[04:54:56] [175/459] SSST
[04:54:57] [176/459] KBTT
[04:54:58] [177/459] HKCP
[04:55:00] [178/459] SWLC
[04:55:01] [179/459] RTND
[04:55:03] [180/459] PKKT
[04:55:04] 🔄 Identity reset
[04:55:04] 🔄 Identity rotated (every 10 requests)
[04:55:04] [181/459] HSTK
[04:55:05] [182/459] SPTT
[04:55:06] [183/459] IMPM
[04:55:07] [184/459] SCMV
[04:55:08] [185/459] SPCT
[04:55:09] [186/459] JBCA
[04:55:09] [187/459] ATTR
[04:55:10] [188/459] SPMT
[04:55:11] [189/459] LCTM
[04:55:12] [190/459] SCVL
[04:55:13] 🔄 Identity reset
[04:55:13] 🔄 Identity rotated (every 10 requests)
[04:55:13] [191/459] SCVT
[04:55:15] [192/459] KRIC
[04:55:15] [193/459] CTMG
[04:55:16] [194/459] ACNC
[04:55:17] [195/459] DMCK
[04:55:18] [196/459] KMTV
[04:55:19] [197/459] PFCJ
[04:55:20] [198/459] VNMD
[04:55:21] [199/459] VPCZ
[04:55:22] [200/459] SRYR
[04:55:23] 🔄 Identity reset
[04:55:23] 🔄 Identity rotated (every 10 requests)
[04:55:23] [201/459] SYTR
[04:55:24] [202/459] GATR
[04:55:25] [203/459] URTR
[04:55:26] [204/459] MKSM
[04:55:27] [205/459] VSMH
[04:55:28] [206/459] SKRJ
[04:55:28] [207/459] SSJR
[04:55:29] [208/459] SVSM
[04:55:31] [209/459] RUCM
[04:55:32] [210/459] PRKN
[04:55:32] 🔄 Identity reset
[04:55:32] 🔄 Identity rotated (every 10 requests)
[04:55:33] [211/459] RROH
[04:55:33] [212/459] SCTN
[04:55:34] [213/459] RTDM
[04:55:35] [214/459] ASRM
[04:55:37] [215/459] SKMD
[04:55:38] [216/459] SUTD
[04:55:39] [217/459] SADM
[04:55:40] [218/459] WCNR
[04:55:40] [219/459] CNED
[04:55:41] [220/459] MPDB
[04:55:42] 🔄 Identity reset
[04:55:42] 🔄 Identity rotated (every 10 requests)
[04:55:42] [221/459] KTBH
[04:55:43] [222/459] IDRM
[04:55:44] [223/459] PJJT
[04:55:45] [224/459] PFCV
[04:55:45] [225/459] AACT
[04:55:46] [226/459] AAAD
[04:55:48] [227/459] ANES
[04:55:48] [228/459] MNCA
[04:55:49] [229/459] RMGU
[04:55:50] [230/459] DLCN
[04:55:50] 🔄 Identity reset
[04:55:50] 🔄 Identity rotated (every 10 requests)
[04:55:51] [231/459] LJWT
[04:55:52] [232/459] MCBG
[04:55:52] [233/459] MYBG
[04:55:53] [234/459] GCCA
[04:55:54] [235/459] GCGA
[04:55:55] [236/459] ECGN
[04:55:57] [237/459] PRAB
[04:55:58] [238/459] PNMP
[04:55:58] [239/459] GCPT
[04:55:59] [240/459] ROYN
[04:56:00] 🔄 Identity reset
[04:56:00] 🔄 Identity rotated (every 10 requests)
[04:56:00] [241/459] VATM
[04:56:01] [242/459] KSNT
[04:56:02] [243/459] ACTC
[04:56:03] [244/459] PLTD
[04:56:05] [245/459] SKMK
[04:56:06] [246/459] CMTT
[04:56:07] [247/459] SMXP
[04:56:08] [248/459] SCMX
[04:56:09] [249/459] ACXN
[04:56:10] [250/459] ASWT
[04:56:11] 🔄 Identity reset
[04:56:11] 🔄 Identity rotated (every 10 requests)
[04:56:11] [251/459] VVVL
[04:56:12] [252/459] NAGO
[04:56:13] [253/459] SNCN
[04:56:14] [254/459] MCKP
[04:56:15] [255/459] SAMO
[04:56:16] [256/459] JBTV
[04:56:16] [257/459] DCVV
[04:56:17] [258/459] KMSV
[04:56:18] [259/459] KDCN
[04:56:19] [260/459] CNCP
[04:56:20] 🔄 Identity reset
[04:56:20] 🔄 Identity rotated (every 10 requests)
[04:56:20] [261/459] HAMC
[04:56:21] [262/459] CCVZ
[04:56:22] [263/459] NCCK
[04:56:23] [264/459] MCHR
[04:56:24] [265/459] SCHT
[04:56:25] [266/459] ESSH
[04:56:25] [267/459] CUJC
[04:56:26] [268/459] PECP
[04:56:27] [269/459] PMMI
[04:56:28] [270/459] PCCH
[04:56:29] 🔄 Identity reset
[04:56:29] 🔄 Identity rotated (every 10 requests)
[04:56:29] [271/459] PRPM
[04:56:31] [272/459] PVKL
[04:56:32] [273/459] CBSM
[04:56:33] [274/459] PVCZ
[04:56:34] [275/459] PCVV
[04:56:36] [276/459] CTMJ
[04:56:36] [277/459] RCPS
[04:56:37] [278/459] PCIT
[04:56:38] [279/459] FNCH
[04:56:39] [280/459] INZD
[04:56:39] 🔄 Identity reset
[04:56:39] 🔄 Identity rotated (every 10 requests)
[04:56:40] [281/459] INPC
[04:56:40] [282/459] LCZP
[04:56:41] [283/459] SMCB
[04:56:42] [284/459] PTSB
[04:56:43] [285/459] TPSI
[04:56:45] [286/459] KHMJ
[04:56:46] [287/459] RCCJ
[04:56:46] [288/459] NCJA
[04:56:47] [289/459] NCJN
[04:56:48] [290/459] BTDP
[04:56:49] 🔄 Identity reset
[04:56:49] 🔄 Identity rotated (every 10 requests)
[04:56:49] [291/459] PADY
[04:56:50] [292/459] NYBH
[04:56:51] [293/459] MTBR
[04:56:52] [294/459] KRBC
[04:56:53] [295/459] DKTI
[04:56:54] [296/459] ANAN
[04:56:55] [297/459] INBP
[04:56:56] [298/459] PATB
[04:56:57] [299/459] RGNT
[04:56:59] [300/459] CGPM
[04:56:59] 🔄 Identity reset
[04:56:59] 🔄 Identity rotated (every 10 requests)
[04:57:00] [301/459] INTN
[04:57:01] [302/459] MCMP
[04:57:02] [303/459] ASRG
[04:57:03] [304/459] CXJD
[04:57:04] [305/459] SPCP
[04:57:05] [306/459] CSTP
[04:57:06] [307/459] PKVC
[04:57:07] [308/459] ESCP
[04:57:08] [309/459] CAEP
[04:57:09] [310/459] CCSP
[04:57:09] 🔄 Identity reset
[04:57:09] 🔄 Identity rotated (every 10 requests)
[04:57:09] 🔄 Retry 1/5 for CCSP in 2.2s
[04:57:09] 🔄 Identity reset
[04:57:12] 🧠 New identity created
[04:57:12] [311/459] KTPC
[04:57:13] [312/459] DACA
[04:57:14] [313/459] NVKY
[04:57:16] [314/459] PTIN
[04:57:18] [315/459] SCIN
[04:57:18] [316/459] MCTY
[04:57:20] [317/459] PCMX
[04:57:21] [318/459] INIC
[04:57:22] [319/459] MMZM
[04:57:22] 🔄 Identity reset
[04:57:22] 🔄 Identity rotated (every 10 requests)
[04:57:23] [320/459] SSLP
[04:57:24] [321/459] DTDT
[04:57:25] [322/459] FFCX
[04:57:27] [323/459] RCMM
[04:57:28] [324/459] KYID
[04:57:28] [325/459] CSCI
[04:57:29] [326/459] FCMC
[04:57:30] [327/459] MMXI
[04:57:31] [328/459] ASTC
[04:57:32] [329/459] CMRA
[04:57:33] 🔄 Identity reset
[04:57:33] 🔄 Identity rotated (every 10 requests)
[04:57:33] [330/459] DICI
[04:57:34] [331/459] KDIN
[04:57:35] [332/459] PRFI
[04:57:36] [333/459] SVFC
[04:57:36] [334/459] UCPL
[04:57:37] [335/459] COOC
[04:57:38] [336/459] SCAL
[04:57:39] [337/459] SVFF
[04:57:40] [338/459] VCMG
[04:57:41] [339/459] UUCT
[04:57:42] 🔄 Identity reset
[04:57:42] 🔄 Identity rotated (every 10 requests)
[04:57:42] [340/459] GCSE
[04:57:44] [341/459] SUSC
[04:57:45] [342/459] MISC
[04:57:46] [343/459] RMBL
[04:57:47] [344/459] CMXN
[04:57:48] [345/459] PVBK
[04:57:49] [346/459] HHCG
[04:57:50] [347/459] SCAG
[04:57:52] [348/459] CNPR
[04:57:52] [349/459] CSER
[04:57:53] 🔄 Identity reset
[04:57:53] 🔄 Identity rotated (every 10 requests)
[04:57:53] [350/459] HLWD
[04:57:54] [351/459] BOLY
[04:57:55] [352/459] SSPG
[04:57:56] [353/459] MUPX
[04:57:57] [354/459] HAMR
[04:57:58] [355/459] SDNC
[04:57:58] [356/459] RTEN
[04:57:59] [357/459] SDTD
[04:58:00] [358/459] KAWS
[04:58:01] [359/459] CMZX
[04:58:02] 🔄 Identity reset
[04:58:02] 🔄 Identity rotated (every 10 requests)
[04:58:02] 🔄 Retry 1/5 for CMZX in 2.8s
[04:58:02] 🔄 Identity reset
[04:58:05] 🧠 New identity created
[04:58:05] [360/459] DCDD
[04:58:06] [361/459] ALSN
[04:58:07] [362/459] IMXS
[04:58:07] [363/459] PVFF
[04:58:08] [364/459] PVOO
[04:58:09] [365/459] CFBS
[04:58:10] [366/459] PVER
[04:58:11] [367/459] PPNX
[04:58:12] [368/459] CNRM
[04:58:13] 🔄 Identity reset
[04:58:13] 🔄 Identity rotated (every 10 requests)
[04:58:13] [369/459] PVWW
[04:58:14] [370/459] INMB
[04:58:15] [371/459] CPJR
[04:58:16] [372/459] INRZ
[04:58:18] [373/459] PMSR
[04:58:18] [374/459] GPGM
[04:58:19] [375/459] PGWB
[04:58:20] [376/459] PMBR
[04:58:21] [377/459] GPAM
[04:58:22] [378/459] INBC
[04:58:23] 🔄 Identity reset
[04:58:23] 🔄 Identity rotated (every 10 requests)
[04:58:23] [379/459] PZVK
[04:58:24] [380/459] CPEB
[04:58:24] [381/459] FMLB
[04:58:25] [382/459] INBG
[04:58:26] [383/459] GPBR
[04:58:27] [384/459] PAAS
[04:58:28] [385/459] VTBR
[04:58:28] [386/459] GPMY
[04:58:29] [387/459] GYBU
[04:58:31] [388/459] INBJ
[04:58:32] 🔄 Identity reset
[04:58:32] 🔄 Identity rotated (every 10 requests)
[04:58:32] [389/459] LKTH
[04:58:33] [390/459] NSBR
[04:58:34] [391/459] PDRD
[04:58:35] [392/459] VRBL
[04:58:36] [393/459] VTGB
[04:58:37] [394/459] VTSK
[04:58:37] [395/459] BKDV
[04:58:38] [396/459] SVTB
[04:58:39] [397/459] MLDT
[04:58:40] [398/459] NRBL
[04:58:41] 🔄 Identity reset
[04:58:41] 🔄 Identity rotated (every 10 requests)
[04:58:41] [399/459] SLTR
[04:58:42] [400/459] VNKA
[04:58:43] [401/459] TDCA
[04:58:44] [402/459] INBM
[04:58:45] [403/459] SSNR
[04:58:45] [404/459] BHAC
[04:58:46] [405/459] SDSD
[04:58:47] [406/459] SAMP
[04:58:48] [407/459] RATK
[04:58:49] [408/459] KCBI
[04:58:49] 🔄 Identity reset
[04:58:49] 🔄 Identity rotated (every 10 requests)
[04:58:50] [409/459] URBL
[04:58:51] [410/459] MKBG
[04:58:51] [411/459] ASTB
[04:58:52] [412/459] VBWT
[04:58:53] [413/459] GPSM
[04:58:54] [414/459] ROON
[04:58:55] [415/459] CHTH
[04:58:56] [416/459] SSPA
[04:58:56] [417/459] ANBL
[04:58:57] [418/459] VTBE
[04:58:58] 🔄 Identity reset
[04:58:58] 🔄 Identity rotated (every 10 requests)
[04:58:59] [419/459] SVKT
[04:59:00] [420/459] SVYK
[04:59:01] [421/459] PTBK
[04:59:01] [422/459] RKTB
[04:59:02] [423/459] BALT
[04:59:03] [424/459] STSV
[04:59:04] [425/459] VCCB
[04:59:05] [426/459] SLTB
[04:59:06] [427/459] SBCR
[04:59:07] [428/459] VDCS
[04:59:07] 🔄 Identity reset
[04:59:07] 🔄 Identity rotated (every 10 requests)
[04:59:08] [429/459] MDKI
[04:59:09] [430/459] SMRN
[04:59:09] [431/459] PTBC
[04:59:10] [432/459] RADI
[04:59:11] [433/459] ADCR
[04:59:12] [434/459] SDCS
[04:59:13] [435/459] SRPJ
[04:59:13] [436/459] ARTS
[04:59:14] [437/459] SRHK
[04:59:15] [438/459] SPAY
[04:59:16] 🔄 Identity reset
[04:59:16] 🔄 Identity rotated (every 10 requests)
[04:59:16] [439/459] GPTB
[04:59:17] [440/459] SNNN
[04:59:18] [441/459] BALJ
[04:59:19] [442/459] TRIG
[04:59:20] [443/459] GTYT
[04:59:20] [444/459] ATGN
[04:59:21] [445/459] ANTE
[04:59:22] [446/459] BDCG
[04:59:23] [447/459] VECI
[04:59:24] [448/459] SCPR
[04:59:24] 🔄 Identity reset
[04:59:24] 🔄 Identity rotated (every 10 requests)
[04:59:25] [449/459] RTEA
[04:59:26] [450/459] JSAI
[04:59:27] [451/459] VJTP
[04:59:27] [452/459] GNDS
[04:59:28] [453/459] PAXA
[04:59:29] [454/459] CGGM
[04:59:30] [455/459] ACKZ
[04:59:30] [456/459] EMCC
[04:59:32] [457/459] KLSK
[04:59:33] [458/459] AVCK
[04:59:33] 🔄 Identity reset
[04:59:33] 🔄 Identity rotated (every 10 requests)
[04:59:34] [459/459] JTCK
[04:59:35] 🧹 Deduping shows
[04:59:35] ✅ DONE | Shows=58 | Movies=5
[11:04:25] 🚀 SCRIPT STARTED (enhanced anti‑detection)
[11:04:25] [1/459] NECA
[11:04:26] 🧠 New identity created
[11:04:26] [2/459] BJLC
[11:04:27] [3/459] BASU
[11:04:27] [4/459] RUPI
[11:04:28] [5/459] LCBK
[11:04:29] [6/459] PMAC
[11:04:30] [7/459] AMLC
[11:04:31] [8/459] LICL
[11:04:32] [9/459] UDMM
[11:04:33] [10/459] STBZ
[11:04:34] 🔄 Identity reset
[11:04:34] 🔄 Identity rotated (every 10 requests)
[11:04:34] [11/459] UUBT
[11:04:35] [12/459] SJKC
[11:04:37] [13/459] TUAL
[11:04:38] [14/459] MRSE
[11:04:39] [15/459] RMRK
[11:04:40] [16/459] TTKP
[11:04:40] [17/459] KTKO
[11:04:41] [18/459] SDBK
[11:04:42] [19/459] MCPR
[11:04:43] [20/459] CHTI
[11:04:44] 🔄 Identity reset
[11:04:44] 🔄 Identity rotated (every 10 requests)
[11:04:44] [21/459] GCCP
[11:04:45] [22/459] SRMY
[11:04:46] [23/459] NYST
[11:04:48] [24/459] NYAG
[11:04:50] [25/459] SBMT
[11:04:50] [26/459] INGA
[11:04:51] [27/459] WSIC
[11:04:52] [28/459] SCSS
[11:04:53] [29/459] COPG
[11:04:54] [30/459] RCGR
[11:04:55] 🔄 Identity reset
[11:04:55] 🔄 Identity rotated (every 10 requests)
[11:04:55] [31/459] TCZA
[11:04:57] [32/459] CNLP
[11:04:58] [33/459] CLKN
[11:04:59] [34/459] LHDF
[11:05:01] [35/459] ELKC
[11:05:02] [36/459] VCEM
[11:05:03] [37/459] SSZA
[11:05:03] [38/459] KRMT
[11:05:04] [39/459] LCMV
[11:05:05] [40/459] AYCZ
[11:05:06] 🔄 Identity reset
[11:05:06] 🔄 Identity rotated (every 10 requests)
[11:05:06] [41/459] CUMS
[11:05:07] [42/459] BOCK
[11:05:08] [43/459] PNMR
[11:05:09] [44/459] PJCP
[11:05:10] [45/459] JDDD
[11:05:11] [46/459] STMS
[11:05:12] [47/459] FLMB
[11:05:13] [48/459] PKCM
[11:05:14] [49/459] SPPR
[11:05:15] [50/459] EYLH
[11:05:16] 🔄 Identity reset
[11:05:16] 🔄 Identity rotated (every 10 requests)
[11:05:16] [51/459] RJCC
[11:05:17] [52/459] MMPS
[11:05:18] [53/459] SHMX
[11:05:19] [54/459] CCNL
[11:05:19] [55/459] RCNV
[11:05:20] [56/459] MAAG
[11:05:21] [57/459] LXCM
[11:05:22] [58/459] RCNI
[11:05:23] [59/459] SNNI
[11:05:24] [60/459] LALC
[11:05:25] 🔄 Identity reset
[11:05:25] 🔄 Identity rotated (every 10 requests)
[11:05:25] [61/459] SOCN
[11:05:26] [62/459] JHTP
[11:05:27] [63/459] PITP
[11:05:28] [64/459] CCKW
[11:05:29] [65/459] MCMC
[11:05:29] [66/459] DEES
[11:05:30] [67/459] SABT
[11:05:31] [68/459] VSPP
[11:05:32] [69/459] ABCT
[11:05:33] [70/459] JVTB
[11:05:34] 🔄 Identity reset
[11:05:34] 🔄 Identity rotated (every 10 requests)
[11:05:34] [71/459] VCBD
[11:05:35] [72/459] RMGG
[11:05:36] [73/459] RNMH
[11:05:37] [74/459] SPGL
[11:05:38] [75/459] JTTR
[11:05:39] [76/459] SICS
[11:05:40] [77/459] SRMI
[11:05:40] [78/459] SSIJ
[11:05:41] [79/459] KFMT
[11:05:42] [80/459] VBIT
[11:05:43] 🔄 Identity reset
[11:05:43] 🔄 Identity rotated (every 10 requests)
[11:05:43] [81/459] JKCT
[11:05:44] [82/459] GCGP
[11:05:45] [83/459] GDCS
[11:05:46] [84/459] TRBA
[11:05:47] [85/459] QUST
[11:05:49] [86/459] VSHM
[11:05:50] [87/459] SDCP
[11:05:51] [88/459] SNVS
[11:05:52] [89/459] NYTO
[11:05:53] [90/459] URWC
[11:05:54] 🔄 Identity reset
[11:05:54] 🔄 Identity rotated (every 10 requests)
[11:05:54] 🔄 Retry 1/5 for URWC in 2.0s
[11:05:54] 🔄 Identity reset
[11:05:56] 🧠 New identity created
[11:05:57] [91/459] GTWH
[11:05:58] [92/459] PFCM
[11:05:59] [93/459] KRTA
[11:06:00] [94/459] AXMC
[11:06:01] [95/459] EVMC
[11:06:02] [96/459] HGSM
[11:06:03] [97/459] ACVM
[11:06:03] [98/459] PSKL
[11:06:04] [99/459] RDMP
[11:06:05] 🔄 Identity reset
[11:06:05] 🔄 Identity rotated (every 10 requests)
[11:06:05] [100/459] RHGH
[11:06:06] [101/459] OMCM
[11:06:07] [102/459] DCCP
[11:06:08] [103/459] MCPB
[11:06:09] [104/459] ALCI
[11:06:10] [105/459] BLMX
[11:06:11] [106/459] BTMV
[11:06:12] [107/459] FVPN
[11:06:13] [108/459] CMAR
[11:06:14] [109/459] CEIM
[11:06:15] 🔄 Identity reset
[11:06:15] 🔄 Identity rotated (every 10 requests)
[11:06:15] [110/459] CMVA
[11:06:16] [111/459] CPIV
[11:06:18] [112/459] CNPE
[11:06:19] [113/459] COLV
[11:06:20] [114/459] DNNV
[11:06:22] [115/459] HCAD
[11:06:23] [116/459] TAKA
[11:06:24] [117/459] INVD
[11:06:25] [118/459] IRMM
[11:06:26] [119/459] INSE
[11:06:26] 🔄 Identity reset
[11:06:27] 🔄 Identity rotated (every 10 requests)
[11:06:27] [120/459] MRSW
[11:06:28] [121/459] MCVD
[11:06:29] [122/459] MCSO
[11:06:30] [123/459] PEVM
[11:06:31] [124/459] PVNL
[11:06:32] [125/459] PTCV
[11:06:34] [126/459] PRTC
[11:06:35] [127/459] RCVA
[11:06:36] [128/459] MTBN
[11:06:37] [129/459] LUCP
[11:06:37] 🔄 Identity reset
[11:06:37] 🔄 Identity rotated (every 10 requests)
[11:06:37] 🔄 Retry 1/5 for LUCP in 2.7s
[11:06:37] 🔄 Identity reset
[11:06:40] 🧠 New identity created
[11:06:41] [130/459] FMPT
[11:06:42] [131/459] JLSL
[11:06:43] [132/459] SBHA
[11:06:44] [133/459] SHRC
[11:06:45] [134/459] AVPS
[11:06:46] [135/459] STPM
[11:06:47] [136/459] ATRD
[11:06:48] [137/459] VTED
[11:06:48] [138/459] ACAI
[11:06:49] 🔄 Identity reset
[11:06:49] 🔄 Identity rotated (every 10 requests)
[11:06:49] [139/459] SMAE
[11:06:51] [140/459] VMAT
[11:06:52] [141/459] LKCT
[11:06:53] [142/459] JTVK
[11:06:54] [143/459] PRTY
[11:06:55] [144/459] GETT
[11:06:56] [145/459] ESAP
[11:06:57] [146/459] NCPM
[11:06:58] [147/459] PCPA
[11:06:59] [148/459] MMOM
[11:06:59] 🔄 Identity reset
[11:06:59] 🔄 Identity rotated (every 10 requests)
[11:07:00] [149/459] PHUP
[11:07:01] [150/459] CCPI
[11:07:01] [151/459] CNTD
[11:07:02] [152/459] NLJR
[11:07:03] [153/459] SRNG
[11:07:04] [154/459] MHAL
[11:07:06] [155/459] PNSM
[11:07:07] [156/459] DRMY
[11:07:08] [157/459] CCMU
[11:07:09] [158/459] SCMY
[11:07:09] 🔄 Identity reset
[11:07:09] 🔄 Identity rotated (every 10 requests)
[11:07:10] [159/459] PVSY
[11:07:11] [160/459] SDLM
[11:07:11] [161/459] ICCM
[11:07:12] [162/459] PYSU
[11:07:13] [163/459] GATM
[11:07:14] [164/459] WOTM
[11:07:15] [165/459] RKTS
[11:07:16] [166/459] PMTY
[11:07:17] [167/459] LYMS
[11:07:18] [168/459] TGCA
[11:07:19] 🔄 Identity reset
[11:07:19] 🔄 Identity rotated (every 10 requests)
[11:07:19] [169/459] DSTA
[11:07:20] [170/459] CNGE
[11:07:21] [171/459] VSTG
[11:07:22] [172/459] GTCK
[11:07:23] [173/459] TGNT
[11:07:24] [174/459] ASLC
[11:07:25] [175/459] SSST
[11:07:26] [176/459] KBTT
[11:07:27] [177/459] HKCP
[11:07:28] [178/459] SWLC
[11:07:28] 🔄 Identity reset
[11:07:28] 🔄 Identity rotated (every 10 requests)
[11:07:29] [179/459] RTND
[11:07:30] [180/459] PKKT
[11:07:31] [181/459] HSTK
[11:07:32] [182/459] SPTT
[11:07:33] [183/459] IMPM
[11:07:34] [184/459] SCMV
[11:07:35] [185/459] SPCT
[11:07:35] [186/459] JBCA
[11:07:36] [187/459] ATTR
[11:07:37] [188/459] SPMT
[11:07:38] 🔄 Identity reset
[11:07:38] 🔄 Identity rotated (every 10 requests)
[11:07:38] [189/459] LCTM
[11:07:39] [190/459] SCVL
[11:07:40] [191/459] SCVT
[11:07:41] [192/459] KRIC
[11:07:42] [193/459] CTMG
[11:07:42] [194/459] ACNC
[11:07:43] [195/459] DMCK
[11:07:44] [196/459] KMTV
[11:07:45] [197/459] PFCJ
[11:07:46] [198/459] VNMD
[11:07:47] 🔄 Identity reset
[11:07:47] 🔄 Identity rotated (every 10 requests)
[11:07:47] [199/459] VPCZ
[11:07:48] [200/459] SRYR
[11:07:49] [201/459] SYTR
[11:07:50] [202/459] GATR
[11:07:51] [203/459] URTR
[11:07:51] [204/459] MKSM
[11:07:52] [205/459] VSMH
[11:07:53] [206/459] SKRJ
[11:07:54] [207/459] SSJR
[11:07:55] [208/459] SVSM
[11:07:56] 🔄 Identity reset
[11:07:56] 🔄 Identity rotated (every 10 requests)
[11:07:56] [209/459] RUCM
[11:07:57] [210/459] PRKN
[11:07:58] [211/459] RROH
[11:07:59] [212/459] SCTN
[11:08:00] [213/459] RTDM
[11:08:01] [214/459] ASRM
[11:08:01] [215/459] SKMD
[11:08:02] [216/459] SUTD
[11:08:03] [217/459] SADM
[11:08:04] [218/459] WCNR
[11:08:05] 🔄 Identity reset
[11:08:05] 🔄 Identity rotated (every 10 requests)
[11:08:06] [219/459] CNED
[11:08:07] [220/459] MPDB
[11:08:08] [221/459] KTBH
[11:08:09] [222/459] IDRM
[11:08:10] [223/459] PJJT
[11:08:11] [224/459] PFCV
[11:08:12] [225/459] AACT
[11:08:13] [226/459] AAAD
[11:08:14] [227/459] ANES
[11:08:15] [228/459] MNCA
[11:08:15] 🔄 Identity reset
[11:08:15] 🔄 Identity rotated (every 10 requests)
[11:08:15] [229/459] RMGU
[11:08:16] [230/459] DLCN
[11:08:17] [231/459] LJWT
[11:08:18] [232/459] MCBG
[11:08:19] [233/459] MYBG
[11:08:20] [234/459] GCCA
[11:08:21] [235/459] GCGA
[11:08:22] [236/459] ECGN
[11:08:23] [237/459] PRAB
[11:08:24] [238/459] PNMP
[11:08:25] 🔄 Identity reset
[11:08:25] 🔄 Identity rotated (every 10 requests)
[11:08:25] [239/459] GCPT
[11:08:26] [240/459] ROYN
[11:08:27] [241/459] VATM
[11:08:28] [242/459] KSNT
[11:08:29] [243/459] ACTC
[11:08:29] [244/459] PLTD
[11:08:30] [245/459] SKMK
[11:08:31] [246/459] CMTT
[11:08:33] [247/459] SMXP
[11:08:34] [248/459] SCMX
[11:08:34] 🔄 Identity reset
[11:08:34] 🔄 Identity rotated (every 10 requests)
[11:08:35] [249/459] ACXN
[11:08:36] [250/459] ASWT
[11:08:37] [251/459] VVVL
[11:08:37] [252/459] NAGO
[11:08:38] [253/459] SNCN
[11:08:39] [254/459] MCKP
[11:08:41] [255/459] SAMO
[11:08:42] [256/459] JBTV
[11:08:43] [257/459] DCVV
[11:08:44] [258/459] KMSV
[11:08:45] 🔄 Identity reset
[11:08:45] 🔄 Identity rotated (every 10 requests)
[11:08:45] 🔄 Retry 1/5 for KMSV in 2.9s
[11:08:45] 🔄 Identity reset
[11:08:48] 🧠 New identity created
[11:08:48] [259/459] KDCN
[11:08:49] [260/459] CNCP
[11:08:50] [261/459] HAMC
[11:08:50] [262/459] CCVZ
[11:08:52] [263/459] NCCK
[11:08:53] [264/459] MCHR
[11:08:54] [265/459] SCHT
[11:08:55] [266/459] ESSH
[11:08:56] [267/459] CUJC
[11:08:57] 🔄 Identity reset
[11:08:57] 🔄 Identity rotated (every 10 requests)
[11:08:57] [268/459] PECP
[11:08:58] [269/459] PMMI
[11:08:59] [270/459] PCCH
[11:09:00] [271/459] PRPM
[11:09:01] [272/459] PVKL
[11:09:02] [273/459] CBSM
[11:09:03] [274/459] PVCZ
[11:09:04] [275/459] PCVV
[11:09:06] [276/459] CTMJ
[11:09:06] [277/459] RCPS
[11:09:07] 🔄 Identity reset
[11:09:07] 🔄 Identity rotated (every 10 requests)
[11:09:07] [278/459] PCIT
[11:09:08] [279/459] FNCH
[11:09:09] [280/459] INZD
[11:09:10] [281/459] INPC
[11:09:11] [282/459] LCZP
[11:09:12] [283/459] SMCB
[11:09:13] [284/459] PTSB
[11:09:15] [285/459] TPSI
[11:09:16] [286/459] KHMJ
[11:09:17] [287/459] RCCJ
[11:09:17] 🔄 Identity reset
[11:09:17] 🔄 Identity rotated (every 10 requests)
[11:09:18] [288/459] NCJA
[11:09:19] [289/459] NCJN
[11:09:20] [290/459] BTDP
[11:09:21] [291/459] PADY
[11:09:22] [292/459] NYBH
[11:09:23] [293/459] MTBR
[11:09:24] [294/459] KRBC
[11:09:24] [295/459] DKTI
[11:09:25] [296/459] ANAN
[11:09:26] [297/459] INBP
[11:09:27] 🔄 Identity reset
[11:09:27] 🔄 Identity rotated (every 10 requests)
[11:09:27] [298/459] PATB
[11:09:29] [299/459] RGNT
[11:09:30] [300/459] CGPM
[11:09:31] [301/459] INTN
[11:09:32] [302/459] MCMP
[11:09:33] [303/459] ASRG
[11:09:35] [304/459] CXJD
[11:09:36] [305/459] SPCP
[11:09:37] [306/459] CSTP
[11:09:38] [307/459] PKVC
[11:09:39] 🔄 Identity reset
[11:09:39] 🔄 Identity rotated (every 10 requests)
[11:09:39] [308/459] ESCP
[11:09:40] [309/459] CAEP
[11:09:41] [310/459] CCSP
[11:09:42] [311/459] KTPC
[11:09:43] [312/459] DACA
[11:09:44] [313/459] NVKY
[11:09:45] [314/459] PTIN
[11:09:46] [315/459] SCIN
[11:09:48] [316/459] MCTY
[11:09:49] [317/459] PCMX
[11:09:49] 🔄 Identity reset
[11:09:49] 🔄 Identity rotated (every 10 requests)
[11:09:50] [318/459] INIC
[11:09:51] [319/459] MMZM
[11:09:52] [320/459] SSLP
[11:09:53] [321/459] DTDT
[11:09:53] [322/459] FFCX
[11:09:54] [323/459] RCMM
[11:09:55] [324/459] KYID
[11:09:56] [325/459] CSCI
[11:09:57] [326/459] FCMC
[11:09:58] [327/459] MMXI
[11:09:59] 🔄 Identity reset
[11:09:59] 🔄 Identity rotated (every 10 requests)
[11:09:59] 🔄 Retry 1/5 for MMXI in 2.1s
[11:09:59] 🔄 Identity reset
[11:10:01] 🧠 New identity created
[11:10:01] [328/459] ASTC
[11:10:02] [329/459] CMRA
[11:10:03] [330/459] DICI
[11:10:04] [331/459] KDIN
[11:10:05] [332/459] PRFI
[11:10:06] [333/459] SVFC
[11:10:07] [334/459] UCPL
[11:10:08] [335/459] COOC
[11:10:09] [336/459] SCAL
[11:10:09] 🔄 Identity reset
[11:10:09] 🔄 Identity rotated (every 10 requests)
[11:10:10] [337/459] SVFF
[11:10:11] [338/459] VCMG
[11:10:12] [339/459] UUCT
[11:10:13] [340/459] GCSE
[11:10:15] [341/459] SUSC
[11:10:16] [342/459] MISC
[11:10:17] [343/459] RMBL
[11:10:18] [344/459] CMXN
[11:10:20] [345/459] PVBK
[11:10:21] [346/459] HHCG
[11:10:22] 🔄 Identity reset
[11:10:22] 🔄 Identity rotated (every 10 requests)
[11:10:22] [347/459] SCAG
[11:10:23] [348/459] CNPR
[11:10:24] [349/459] CSER
[11:10:25] [350/459] HLWD
[11:10:26] [351/459] BOLY
[11:10:27] [352/459] SSPG
[11:10:28] [353/459] MUPX
[11:10:28] [354/459] HAMR
[11:10:29] [355/459] SDNC
[11:10:30] [356/459] RTEN
[11:10:31] 🔄 Identity reset
[11:10:31] 🔄 Identity rotated (every 10 requests)
[11:10:31] [357/459] SDTD
[11:10:32] [358/459] KAWS
[11:10:33] [359/459] CMZX
[11:10:34] [360/459] DCDD
[11:10:35] [361/459] ALSN
[11:10:36] [362/459] IMXS
[11:10:37] [363/459] PVFF
[11:10:38] [364/459] PVOO
[11:10:39] [365/459] CFBS
[11:10:40] [366/459] PVER
[11:10:40] 🔄 Identity reset
[11:10:40] 🔄 Identity rotated (every 10 requests)
[11:10:40] 🔄 Retry 1/5 for PVER in 2.3s
[11:10:40] 🔄 Identity reset
[11:10:43] 🧠 New identity created
[11:10:43] 🔄 Retry 2/5 for PVER in 4.3s
[11:10:43] 🔄 Identity reset
[11:10:47] 🧠 New identity created
[11:10:48] [367/459] PPNX
[11:10:50] [368/459] CNRM
[11:10:51] [369/459] PVWW
[11:10:51] [370/459] INMB
[11:10:52] [371/459] CPJR
[11:10:53] [372/459] INRZ
[11:10:54] [373/459] PMSR
[11:10:55] [374/459] GPGM
[11:10:56] 🔄 Identity reset
[11:10:56] 🔄 Identity rotated (every 10 requests)
[11:10:56] [375/459] PGWB
[11:10:57] [376/459] PMBR
[11:10:58] [377/459] GPAM
[11:10:59] [378/459] INBC
[11:11:00] [379/459] PZVK
[11:11:01] [380/459] CPEB
[11:11:02] [381/459] FMLB
[11:11:03] [382/459] INBG
[11:11:04] [383/459] GPBR
[11:11:05] [384/459] PAAS
[11:11:05] 🔄 Identity reset
[11:11:05] 🔄 Identity rotated (every 10 requests)
[11:11:06] [385/459] VTBR
[11:11:07] [386/459] GPMY
[11:11:07] [387/459] GYBU
[11:11:08] [388/459] INBJ
[11:11:09] [389/459] LKTH
[11:11:10] [390/459] NSBR
[11:11:11] [391/459] PDRD
[11:11:12] [392/459] VRBL
[11:11:13] [393/459] VTGB
[11:11:15] [394/459] VTSK
[11:11:16] 🔄 Identity reset
[11:11:16] 🔄 Identity rotated (every 10 requests)
[11:11:16] [395/459] BKDV
[11:11:17] [396/459] SVTB
[11:11:18] [397/459] MLDT
[11:11:19] [398/459] NRBL
[11:11:20] [399/459] SLTR
[11:11:21] [400/459] VNKA
[11:11:21] [401/459] TDCA
[11:11:22] [402/459] INBM
[11:11:23] [403/459] SSNR
[11:11:24] [404/459] BHAC
[11:11:25] 🔄 Identity reset
[11:11:25] 🔄 Identity rotated (every 10 requests)
[11:11:25] [405/459] SDSD
[11:11:26] [406/459] SAMP
[11:11:27] [407/459] RATK
[11:11:27] [408/459] KCBI
[11:11:28] [409/459] URBL
[11:11:29] [410/459] MKBG
[11:11:30] [411/459] ASTB
[11:11:31] [412/459] VBWT
[11:11:32] [413/459] GPSM
[11:11:33] [414/459] ROON
[11:11:34] 🔄 Identity reset
[11:11:34] 🔄 Identity rotated (every 10 requests)
[11:11:34] [415/459] CHTH
[11:11:36] [416/459] SSPA
[11:11:37] [417/459] ANBL
[11:11:38] [418/459] VTBE
[11:11:39] [419/459] SVKT
[11:11:40] [420/459] SVYK
[11:11:41] [421/459] PTBK
[11:11:42] [422/459] RKTB
[11:11:43] [423/459] BALT
[11:11:44] [424/459] STSV
[11:11:44] 🔄 Identity reset
[11:11:44] 🔄 Identity rotated (every 10 requests)
[11:11:44] [425/459] VCCB
[11:11:45] [426/459] SLTB
[11:11:46] [427/459] SBCR
[11:11:47] [428/459] VDCS
[11:11:48] [429/459] MDKI
[11:11:49] [430/459] SMRN
[11:11:50] [431/459] PTBC
[11:11:51] [432/459] RADI
[11:11:52] [433/459] ADCR
[11:11:53] [434/459] SDCS
[11:11:54] 🔄 Identity reset
[11:11:54] 🔄 Identity rotated (every 10 requests)
[11:11:54] [435/459] SRPJ
[11:11:55] [436/459] ARTS
[11:11:57] [437/459] SRHK
[11:11:58] [438/459] SPAY
[11:11:59] [439/459] GPTB
[11:12:00] [440/459] SNNN
[11:12:01] [441/459] BALJ
[11:12:02] [442/459] TRIG
[11:12:03] [443/459] GTYT
[11:12:05] [444/459] ATGN
[11:12:05] 🔄 Identity reset
[11:12:05] 🔄 Identity rotated (every 10 requests)
[11:12:06] [445/459] ANTE
[11:12:07] [446/459] BDCG
[11:12:08] [447/459] VECI
[11:12:08] [448/459] SCPR
[11:12:09] [449/459] RTEA
[11:12:10] [450/459] JSAI
[11:12:11] [451/459] VJTP
[11:12:12] [452/459] GNDS
[11:12:13] [453/459] PAXA
[11:12:14] [454/459] CGGM
[11:12:15] 🔄 Identity reset
[11:12:15] 🔄 Identity rotated (every 10 requests)
[11:12:15] [455/459] ACKZ
[11:12:16] [456/459] EMCC
[11:12:17] [457/459] KLSK
[11:12:18] [458/459] AVCK
[11:12:19] [459/459] JTCK
[11:12:20] 🧹 Deduping shows
[11:12:20] ✅ DONE | Shows=58 | Movies=5
[19:28:48] 🚀 SCRIPT STARTED (enhanced anti‑detection)
[19:28:48] [1/459] NECA
[19:28:49] 🧠 New identity created
[19:28:49] 🔄 Retry 1/5 for NECA in 2.8s
[19:28:49] 🔄 Identity reset
[19:28:52] 🧠 New identity created
[19:28:52] [2/459] BJLC
[19:28:53] [3/459] BASU
[19:28:54] [4/459] RUPI
[19:28:55] [5/459] LCBK
[19:28:56] [6/459] PMAC
[19:28:57] [7/459] AMLC
[19:28:58] [8/459] LICL
[19:28:59] [9/459] UDMM
[19:28:59] 🔄 Identity reset
[19:28:59] 🔄 Identity rotated (every 10 requests)
[19:29:00] [10/459] STBZ
[19:29:00] [11/459] UUBT
[19:29:01] [12/459] SJKC
[19:29:02] [13/459] TUAL
[19:29:03] [14/459] MRSE
[19:29:04] [15/459] RMRK
[19:29:05] [16/459] TTKP
[19:29:06] [17/459] KTKO
[19:29:07] [18/459] SDBK
[19:29:08] [19/459] MCPR
[19:29:08] 🔄 Identity reset
[19:29:08] 🔄 Identity rotated (every 10 requests)
[19:29:09] [20/459] CHTI
[19:29:10] [21/459] GCCP
[19:29:11] [22/459] SRMY
[19:29:12] [23/459] NYST
[19:29:13] [24/459] NYAG
[19:29:13] [25/459] SBMT
[19:29:14] [26/459] INGA
[19:29:15] [27/459] WSIC
[19:29:16] [28/459] SCSS
[19:29:17] [29/459] COPG
[19:29:17] 🔄 Identity reset
[19:29:17] 🔄 Identity rotated (every 10 requests)
[19:29:19] [30/459] RCGR
[19:29:20] [31/459] TCZA
[19:29:21] [32/459] CNLP
[19:29:22] [33/459] CLKN
[19:29:23] [34/459] LHDF
[19:29:24] [35/459] ELKC
[19:29:25] [36/459] VCEM
[19:29:26] [37/459] SSZA
[19:29:27] [38/459] KRMT
[19:29:28] [39/459] LCMV
[19:29:28] 🔄 Identity reset
[19:29:28] 🔄 Identity rotated (every 10 requests)
[19:29:29] [40/459] AYCZ
[19:29:29] [41/459] CUMS
[19:29:30] [42/459] BOCK
[19:29:31] [43/459] PNMR
[19:29:33] [44/459] PJCP
[19:29:35] [45/459] JDDD
[19:29:36] [46/459] STMS
[19:29:37] [47/459] FLMB
[19:29:38] [48/459] PKCM
[19:29:39] [49/459] SPPR
[19:29:40] 🔄 Identity reset
[19:29:40] 🔄 Identity rotated (every 10 requests)
[19:29:40] [50/459] EYLH
[19:29:41] [51/459] RJCC
[19:29:42] [52/459] MMPS
[19:29:43] [53/459] SHMX
[19:29:44] [54/459] CCNL
[19:29:44] [55/459] RCNV
[19:29:45] [56/459] MAAG
[19:29:46] [57/459] LXCM
[19:29:47] [58/459] RCNI
[19:29:48] [59/459] SNNI
[19:29:49] 🔄 Identity reset
[19:29:49] 🔄 Identity rotated (every 10 requests)
[19:29:49] [60/459] LALC
[19:29:50] [61/459] SOCN
[19:29:51] [62/459] JHTP
[19:29:52] [63/459] PITP
[19:29:53] [64/459] CCKW
[19:29:54] [65/459] MCMC
[19:29:56] [66/459] DEES
[19:29:58] [67/459] SABT
[19:29:59] [68/459] VSPP
[19:29:59] [69/459] ABCT
[19:30:00] 🔄 Identity reset
[19:30:00] 🔄 Identity rotated (every 10 requests)
[19:30:00] [70/459] JVTB
[19:30:01] [71/459] VCBD
[19:30:02] [72/459] RMGG
[19:30:03] [73/459] RNMH
[19:30:04] [74/459] SPGL
[19:30:05] [75/459] JTTR
[19:30:06] [76/459] SICS
[19:30:07] [77/459] SRMI
[19:30:08] [78/459] SSIJ
[19:30:09] [79/459] KFMT
[19:30:10] 🔄 Identity reset
[19:30:10] 🔄 Identity rotated (every 10 requests)
[19:30:10] [80/459] VBIT
[19:30:11] [81/459] JKCT
[19:30:12] [82/459] GCGP
[19:30:14] [83/459] GDCS
[19:30:15] [84/459] TRBA
[19:30:16] [85/459] QUST
[19:30:17] [86/459] VSHM
[19:30:18] [87/459] SDCP
[19:30:19] [88/459] SNVS
[19:30:30] [89/459] NYTO
[19:30:30] 🔄 Identity reset
[19:30:30] 🔄 Identity rotated (every 10 requests)
[19:30:31] [90/459] URWC
[19:30:31] [91/459] GTWH
[19:30:32] [92/459] PFCM
[19:30:33] [93/459] KRTA
[19:30:34] [94/459] AXMC
[19:30:35] [95/459] EVMC
[19:30:36] [96/459] HGSM
[19:30:37] [97/459] ACVM
[19:30:38] [98/459] PSKL
[19:30:39] [99/459] RDMP
[19:30:39] 🔄 Identity reset
[19:30:39] 🔄 Identity rotated (every 10 requests)
[19:30:39] [100/459] RHGH
[19:30:40] [101/459] OMCM
[19:30:41] [102/459] DCCP
[19:30:43] [103/459] MCPB
[19:30:45] [104/459] ALCI
[19:30:45] [105/459] BLMX
[19:30:46] [106/459] BTMV
[19:30:47] [107/459] FVPN
[19:30:49] [108/459] CMAR
[19:30:50] [109/459] CEIM
[19:30:50] 🔄 Identity reset
[19:30:50] 🔄 Identity rotated (every 10 requests)
[19:30:51] 🔄 Retry 1/5 for CEIM in 2.2s
[19:30:51] 🔄 Identity reset
[19:30:53] 🧠 New identity created
[19:30:53] [110/459] CMVA
[19:30:55] [111/459] CPIV
[19:30:57] [112/459] CNPE
[19:30:58] [113/459] COLV
[19:30:59] [114/459] DNNV
[19:30:59] [115/459] HCAD
[19:31:01] [116/459] TAKA
[19:31:02] [117/459] INVD
[19:31:03] [118/459] IRMM
[19:31:03] 🔄 Identity reset
[19:31:03] 🔄 Identity rotated (every 10 requests)
[19:31:04] [119/459] INSE
[19:31:04] [120/459] MRSW
[19:31:05] [121/459] MCVD
[19:31:07] [122/459] MCSO
[19:31:08] [123/459] PEVM
[19:31:09] [124/459] PVNL
[19:31:10] [125/459] PTCV
[19:31:10] [126/459] PRTC
[19:31:11] [127/459] RCVA
[19:31:12] [128/459] MTBN
[19:31:13] 🔄 Identity reset
[19:31:13] 🔄 Identity rotated (every 10 requests)
[19:31:13] [129/459] LUCP
[19:31:14] [130/459] FMPT
[19:31:15] [131/459] JLSL
[19:31:16] [132/459] SBHA
[19:31:17] [133/459] SHRC
[19:31:18] [134/459] AVPS
[19:31:19] [135/459] STPM
[19:31:20] [136/459] ATRD
[19:31:21] [137/459] VTED
[19:31:21] [138/459] ACAI
[19:31:22] 🔄 Identity reset
[19:31:22] 🔄 Identity rotated (every 10 requests)
[19:31:23] [139/459] SMAE
[19:31:24] [140/459] VMAT
[19:31:25] [141/459] LKCT
[19:31:26] [142/459] JTVK
[19:31:27] [143/459] PRTY
[19:31:28] [144/459] GETT
[19:31:29] [145/459] ESAP
[19:31:30] [146/459] NCPM
[19:31:31] [147/459] PCPA
[19:31:32] [148/459] MMOM
[19:31:33] 🔄 Identity reset
[19:31:33] 🔄 Identity rotated (every 10 requests)
[19:31:34] [149/459] PHUP
[19:31:35] [150/459] CCPI
[19:31:36] [151/459] CNTD
[19:31:37] [152/459] NLJR
[19:31:38] [153/459] SRNG
[19:31:38] [154/459] MHAL
[19:31:40] [155/459] PNSM
[19:31:41] [156/459] DRMY
[19:31:42] [157/459] CCMU
[19:31:43] [158/459] SCMY
[19:31:43] 🔄 Identity reset
[19:31:43] 🔄 Identity rotated (every 10 requests)
[19:31:44] [159/459] PVSY
[19:31:45] [160/459] SDLM
[19:31:46] [161/459] ICCM
[19:31:48] [162/459] PYSU
[19:31:49] [163/459] GATM
[19:31:50] [164/459] WOTM
[19:31:50] [165/459] RKTS
[19:31:51] [166/459] PMTY
[19:31:52] [167/459] LYMS
[19:31:53] [168/459] TGCA
[19:31:54] 🔄 Identity reset
[19:31:54] 🔄 Identity rotated (every 10 requests)
[19:31:54] [169/459] DSTA
[19:31:55] [170/459] CNGE
[19:31:56] [171/459] VSTG
[19:31:58] [172/459] GTCK
[19:31:59] [173/459] TGNT
[19:32:00] [174/459] ASLC
[19:32:01] [175/459] SSST
[19:32:03] [176/459] KBTT
[19:32:03] [177/459] HKCP
[19:32:04] [178/459] SWLC
[19:32:05] 🔄 Identity reset
[19:32:05] 🔄 Identity rotated (every 10 requests)
[19:32:05] [179/459] RTND
[19:32:06] [180/459] PKKT
[19:32:07] [181/459] HSTK
[19:32:08] [182/459] SPTT
[19:32:10] [183/459] IMPM
[19:32:11] [184/459] SCMV
[19:32:12] [185/459] SPCT
[19:32:13] [186/459] JBCA
[19:32:14] [187/459] ATTR
[19:32:15] [188/459] SPMT
[19:32:15] 🔄 Identity reset
[19:32:15] 🔄 Identity rotated (every 10 requests)
[19:32:16] [189/459] LCTM
[19:32:16] [190/459] SCVL
[19:32:17] [191/459] SCVT
[19:32:18] [192/459] KRIC
[19:32:19] [193/459] CTMG
[19:32:20] [194/459] ACNC
[19:32:21] [195/459] DMCK
[19:32:22] [196/459] KMTV
[19:32:23] [197/459] PFCJ
[19:32:24] [198/459] VNMD
[19:32:24] 🔄 Identity reset
[19:32:24] 🔄 Identity rotated (every 10 requests)
[19:32:25] [199/459] VPCZ
[19:32:26] [200/459] SRYR
[19:32:27] [201/459] SYTR
[19:32:28] [202/459] GATR
[19:32:29] [203/459] URTR
[19:32:30] [204/459] MKSM
[19:32:31] [205/459] VSMH
[19:32:32] [206/459] SKRJ
[19:32:32] [207/459] SSJR
[19:32:33] [208/459] SVSM
[19:32:34] 🔄 Identity reset
[19:32:34] 🔄 Identity rotated (every 10 requests)
[19:32:34] [209/459] RUCM
[19:32:35] [210/459] PRKN
[19:32:36] [211/459] RROH
[19:32:37] [212/459] SCTN
[19:32:38] [213/459] RTDM
[19:32:40] [214/459] ASRM
[19:32:42] [215/459] SKMD
[19:32:43] [216/459] SUTD
[19:32:44] [217/459] SADM
[19:32:45] [218/459] WCNR
[19:32:45] 🔄 Identity reset
[19:32:45] 🔄 Identity rotated (every 10 requests)
[19:32:45] 🔄 Retry 1/5 for WCNR in 2.7s
[19:32:45] 🔄 Identity reset
[19:32:48] 🧠 New identity created
[19:32:49] [219/459] CNED
[19:32:50] [220/459] MPDB
[19:32:51] [221/459] KTBH
[19:32:52] [222/459] IDRM
[19:32:53] [223/459] PJJT
[19:32:54] [224/459] PFCV
[19:32:55] [225/459] AACT
[19:32:56] [226/459] AAAD
[19:32:57] [227/459] ANES
[19:32:58] 🔄 Identity reset
[19:32:58] 🔄 Identity rotated (every 10 requests)
[19:32:59] [228/459] MNCA
[19:33:00] [229/459] RMGU
[19:33:01] [230/459] DLCN
[19:33:02] [231/459] LJWT
[19:33:03] [232/459] MCBG
[19:33:04] [233/459] MYBG
[19:33:05] [234/459] GCCA
[19:33:05] [235/459] GCGA
[19:33:06] [236/459] ECGN
[19:33:07] [237/459] PRAB
[19:33:08] 🔄 Identity reset
[19:33:08] 🔄 Identity rotated (every 10 requests)
[19:33:08] [238/459] PNMP
[19:33:09] [239/459] GCPT
[19:33:10] [240/459] ROYN
[19:33:11] [241/459] VATM
[19:33:12] [242/459] KSNT
[19:33:13] [243/459] ACTC
[19:33:13] [244/459] PLTD
[19:33:14] [245/459] SKMK
[19:33:15] [246/459] CMTT
[19:33:16] [247/459] SMXP
[19:33:17] 🔄 Identity reset
[19:33:17] 🔄 Identity rotated (every 10 requests)
[19:33:17] [248/459] SCMX
[19:33:19] [249/459] ACXN
[19:33:20] [250/459] ASWT
[19:33:21] [251/459] VVVL
[19:33:22] [252/459] NAGO
[19:33:23] [253/459] SNCN
[19:33:24] [254/459] MCKP
[19:33:25] [255/459] SAMO
[19:33:26] [256/459] JBTV
[19:33:26] [257/459] DCVV
[19:33:27] 🔄 Identity reset
[19:33:27] 🔄 Identity rotated (every 10 requests)
[19:33:27] [258/459] KMSV
[19:33:28] [259/459] KDCN
[19:33:29] [260/459] CNCP
[19:33:30] [261/459] HAMC
[19:33:32] [262/459] CCVZ
[19:33:32] [263/459] NCCK
[19:33:33] [264/459] MCHR
[19:33:34] [265/459] SCHT
[19:33:35] [266/459] ESSH
[19:33:36] [267/459] CUJC
[19:33:37] 🔄 Identity reset
[19:33:37] 🔄 Identity rotated (every 10 requests)
[19:33:37] [268/459] PECP
[19:33:38] [269/459] PMMI
[19:33:39] [270/459] PCCH
[19:33:40] [271/459] PRPM
[19:33:41] [272/459] PVKL
[19:33:42] [273/459] CBSM
[19:33:44] [274/459] PVCZ
[19:33:44] [275/459] PCVV
[19:33:45] [276/459] CTMJ
[19:33:46] [277/459] RCPS
[19:33:47] 🔄 Identity reset
[19:33:47] 🔄 Identity rotated (every 10 requests)
[19:33:47] [278/459] PCIT
[19:33:48] [279/459] FNCH
[19:33:49] [280/459] INZD
[19:33:51] [281/459] INPC
[19:33:52] [282/459] LCZP
[19:33:53] [283/459] SMCB
[19:33:54] [284/459] PTSB
[19:33:54] [285/459] TPSI
[19:33:55] [286/459] KHMJ
[19:33:56] [287/459] RCCJ
[19:33:57] 🔄 Identity reset
[19:33:57] 🔄 Identity rotated (every 10 requests)
[19:33:57] [288/459] NCJA
[19:33:58] [289/459] NCJN
[19:33:59] [290/459] BTDP
[19:34:00] [291/459] PADY
[19:34:01] [292/459] NYBH
[19:34:02] [293/459] MTBR
[19:34:03] [294/459] KRBC
[19:34:04] [295/459] DKTI
[19:34:05] [296/459] ANAN
[19:34:07] [297/459] INBP
[19:34:07] 🔄 Identity reset
[19:34:07] 🔄 Identity rotated (every 10 requests)
[19:34:08] [298/459] PATB
[19:34:09] [299/459] RGNT
[19:34:10] [300/459] CGPM
[19:34:10] [301/459] INTN
[19:34:11] [302/459] MCMP
[19:34:12] [303/459] ASRG
[19:34:13] [304/459] CXJD
[19:34:14] [305/459] SPCP
[19:34:15] [306/459] CSTP
[19:34:16] [307/459] PKVC
[19:34:17] 🔄 Identity reset
[19:34:17] 🔄 Identity rotated (every 10 requests)
[19:34:17] [308/459] ESCP
[19:34:18] [309/459] CAEP
[19:34:19] [310/459] CCSP
[19:34:20] [311/459] KTPC
[19:34:21] [312/459] DACA
[19:34:22] [313/459] NVKY
[19:34:23] [314/459] PTIN
[19:34:23] [315/459] SCIN
[19:34:24] [316/459] MCTY
[19:34:25] [317/459] PCMX
[19:34:26] 🔄 Identity reset
[19:34:26] 🔄 Identity rotated (every 10 requests)
[19:34:26] [318/459] INIC
[19:34:27] [319/459] MMZM
[19:34:29] [320/459] SSLP
[19:34:30] [321/459] DTDT
[19:34:31] [322/459] FFCX
[19:34:32] [323/459] RCMM
[19:34:33] [324/459] KYID
[19:34:34] [325/459] CSCI
[19:34:35] [326/459] FCMC
[19:34:36] [327/459] MMXI
[19:34:36] 🔄 Identity reset
[19:34:36] 🔄 Identity rotated (every 10 requests)
[19:34:37] [328/459] ASTC
[19:34:38] [329/459] CMRA
[19:34:39] [330/459] DICI
[19:34:40] [331/459] KDIN
[19:34:41] [332/459] PRFI
[19:34:43] [333/459] SVFC
[19:34:44] [334/459] UCPL
[19:34:45] [335/459] COOC
[19:34:46] [336/459] SCAL
[19:34:47] [337/459] SVFF
[19:34:48] 🔄 Identity reset
[19:34:48] 🔄 Identity rotated (every 10 requests)
[19:34:49] [338/459] VCMG
[19:34:49] [339/459] UUCT
[19:34:50] [340/459] GCSE
[19:34:51] [341/459] SUSC
[19:34:52] [342/459] MISC
[19:34:53] [343/459] RMBL
[19:34:54] [344/459] CMXN
[19:34:55] [345/459] PVBK
[19:34:57] [346/459] HHCG
[19:34:58] [347/459] SCAG
[19:34:59] 🔄 Identity reset
[19:34:59] 🔄 Identity rotated (every 10 requests)
[19:34:59] [348/459] CNPR
[19:35:00] [349/459] CSER
[19:35:01] [350/459] HLWD
[19:35:02] [351/459] BOLY
[19:35:03] [352/459] SSPG
[19:35:04] [353/459] MUPX
[19:35:05] [354/459] HAMR
[19:35:06] [355/459] SDNC
[19:35:07] [356/459] RTEN
[19:35:08] [357/459] SDTD
[19:35:08] 🔄 Identity reset
[19:35:08] 🔄 Identity rotated (every 10 requests)
[19:35:09] [358/459] KAWS
[19:35:10] [359/459] CMZX
[19:35:11] [360/459] DCDD
[19:35:12] [361/459] ALSN
[19:35:12] [362/459] IMXS
[19:35:13] [363/459] PVFF
[19:35:14] [364/459] PVOO
[19:35:15] [365/459] CFBS
[19:35:16] [366/459] PVER
[19:35:17] [367/459] PPNX
[19:35:18] 🔄 Identity reset
[19:35:18] 🔄 Identity rotated (every 10 requests)
[19:35:18] [368/459] CNRM
[19:35:19] [369/459] PVWW
[19:35:20] [370/459] INMB
[19:35:21] [371/459] CPJR
[19:35:22] [372/459] INRZ
[19:35:23] [373/459] PMSR
[19:35:24] [374/459] GPGM
[19:35:25] [375/459] PGWB
[19:35:25] [376/459] PMBR
[19:35:26] [377/459] GPAM
[19:35:27] 🔄 Identity reset
[19:35:27] 🔄 Identity rotated (every 10 requests)
[19:35:27] [378/459] INBC
[19:35:28] [379/459] PZVK
[19:35:29] [380/459] CPEB
[19:35:30] [381/459] FMLB
[19:35:31] [382/459] INBG
[19:35:32] [383/459] GPBR
[19:35:33] [384/459] PAAS
[19:35:34] [385/459] VTBR
[19:35:35] [386/459] GPMY
[19:35:36] [387/459] GYBU
[19:35:36] 🔄 Identity reset
[19:35:36] 🔄 Identity rotated (every 10 requests)
[19:35:37] [388/459] INBJ
[19:35:38] [389/459] LKTH
[19:35:38] [390/459] NSBR
[19:35:39] [391/459] PDRD
[19:35:41] [392/459] VRBL
[19:35:42] [393/459] VTGB
[19:35:43] [394/459] VTSK
[19:35:44] [395/459] BKDV
[19:35:45] [396/459] SVTB
[19:35:46] [397/459] MLDT
[19:35:47] 🔄 Identity reset
[19:35:47] 🔄 Identity rotated (every 10 requests)
[19:35:47] [398/459] NRBL
[19:35:48] [399/459] SLTR
[19:35:49] [400/459] VNKA
[19:35:50] [401/459] TDCA
[19:35:51] [402/459] INBM
[19:35:52] [403/459] SSNR
[19:35:53] [404/459] BHAC
[19:35:54] [405/459] SDSD
[19:35:54] [406/459] SAMP
[19:35:56] [407/459] RATK
[19:35:57] 🔄 Identity reset
[19:35:57] 🔄 Identity rotated (every 10 requests)
[19:35:57] [408/459] KCBI
[19:35:58] [409/459] URBL
[19:36:00] [410/459] MKBG
[19:36:01] [411/459] ASTB
[19:36:02] [412/459] VBWT
[19:36:03] [413/459] GPSM
[19:36:04] [414/459] ROON
[19:36:05] [415/459] CHTH
[19:36:06] [416/459] SSPA
[19:36:07] [417/459] ANBL
[19:36:07] 🔄 Identity reset
[19:36:07] 🔄 Identity rotated (every 10 requests)
[19:36:08] [418/459] VTBE
[19:36:09] [419/459] SVKT
[19:36:10] [420/459] SVYK
[19:36:11] [421/459] PTBK
[19:36:12] [422/459] RKTB
[19:36:13] [423/459] BALT
[19:36:14] [424/459] STSV
[19:36:14] [425/459] VCCB
[19:36:15] [426/459] SLTB
[19:36:16] [427/459] SBCR
[19:36:17] 🔄 Identity reset
[19:36:17] 🔄 Identity rotated (every 10 requests)
[19:36:17] [428/459] VDCS
[19:36:18] [429/459] MDKI
[19:36:19] [430/459] SMRN
[19:36:20] [431/459] PTBC
[19:36:21] [432/459] RADI
[19:36:22] [433/459] ADCR
[19:36:23] [434/459] SDCS
[19:36:25] [435/459] SRPJ
[19:36:25] [436/459] ARTS
[19:36:26] [437/459] SRHK
[19:36:27] 🔄 Identity reset
[19:36:27] 🔄 Identity rotated (every 10 requests)
[19:36:27] 🔄 Retry 1/5 for SRHK in 3.0s
[19:36:27] 🔄 Identity reset
[19:36:30] 🧠 New identity created
[19:36:30] [438/459] SPAY
[19:36:31] [439/459] GPTB
[19:36:32] [440/459] SNNN
[19:36:33] [441/459] BALJ
[19:36:34] [442/459] TRIG
[19:36:35] [443/459] GTYT
[19:36:37] [444/459] ATGN
[19:36:38] [445/459] ANTE
[19:36:38] [446/459] BDCG
[19:36:39] 🔄 Identity reset
[19:36:39] 🔄 Identity rotated (every 10 requests)
[19:36:39] 🔄 Retry 1/5 for BDCG in 2.1s
[19:36:39] 🔄 Identity reset
[19:36:41] 🧠 New identity created
[19:36:42] [447/459] VECI
[19:36:43] [448/459] SCPR
[19:36:44] [449/459] RTEA
[19:36:44] [450/459] JSAI
[19:36:45] [451/459] VJTP
[19:36:46] [452/459] GNDS
[19:36:47] [453/459] PAXA
[19:36:48] [454/459] CGGM
[19:36:49] [455/459] ACKZ
[19:36:50] 🔄 Identity reset
[19:36:50] 🔄 Identity rotated (every 10 requests)
[19:36:50] [456/459] EMCC
[19:36:51] [457/459] KLSK
[19:36:52] [458/459] AVCK
[19:36:53] [459/459] JTCK
[19:36:54] 🧹 Deduping shows
[19:36:54] ✅ DONE | Shows=60 | Movies=5
[01:20:34] 🚀 SCRIPT STARTED (enhanced anti‑detection)
[01:20:34] [1/459] NECA
[01:20:35] 🧠 New identity created
[01:20:36] [2/459] BJLC
[01:20:37] [3/459] BASU
[01:20:37] [4/459] RUPI
[01:20:38] [5/459] LCBK
[01:20:39] [6/459] PMAC
[01:20:40] [7/459] AMLC
[01:20:41] [8/459] LICL
[01:20:42] [9/459] UDMM
[01:20:42] [10/459] STBZ
[01:20:43] 🔄 Identity reset
[01:20:43] 🔄 Identity rotated (every 10 requests)
[01:20:43] [11/459] UUBT
[01:20:44] [12/459] SJKC
[01:20:45] [13/459] TUAL
[01:20:46] [14/459] MRSE
[01:20:47] [15/459] RMRK
[01:20:48] [16/459] TTKP
[01:20:49] [17/459] KTKO
[01:20:50] [18/459] SDBK
[01:20:51] [19/459] MCPR
[01:20:52] [20/459] CHTI
[01:20:52] 🔄 Identity reset
[01:20:52] 🔄 Identity rotated (every 10 requests)
[01:20:53] [21/459] GCCP
[01:20:54] [22/459] SRMY
[01:20:55] [23/459] NYST
[01:20:56] [24/459] NYAG
[01:20:57] [25/459] SBMT
[01:20:58] [26/459] INGA
[01:20:59] [27/459] WSIC
[01:21:00] [28/459] SCSS
[01:21:01] [29/459] COPG
[01:21:02] [30/459] RCGR
[01:21:03] 🔄 Identity reset
[01:21:03] 🔄 Identity rotated (every 10 requests)
[01:21:03] [31/459] TCZA
[01:21:04] [32/459] CNLP
[01:21:05] [33/459] CLKN
[01:21:06] [34/459] LHDF
[01:21:07] [35/459] ELKC
[01:21:08] [36/459] VCEM
[01:21:09] [37/459] SSZA
[01:21:10] [38/459] KRMT
[01:21:10] [39/459] LCMV
[01:21:11] [40/459] AYCZ
[01:21:12] 🔄 Identity reset
[01:21:12] 🔄 Identity rotated (every 10 requests)
[01:21:12] [41/459] CUMS
[01:21:13] [42/459] BOCK
[01:21:14] [43/459] PNMR
[01:21:15] [44/459] PJCP
[01:21:16] [45/459] JDDD
[01:21:17] [46/459] STMS
[01:21:18] [47/459] FLMB
[01:21:18] [48/459] PKCM
[01:21:19] [49/459] SPPR
[01:21:21] [50/459] EYLH
[01:21:21] 🔄 Identity reset
[01:21:21] 🔄 Identity rotated (every 10 requests)
[01:21:22] [51/459] RJCC
[01:21:23] [52/459] MMPS
[01:21:24] [53/459] SHMX
[01:21:25] [54/459] CCNL
[01:21:26] [55/459] RCNV
[01:21:27] [56/459] MAAG
[01:21:28] [57/459] LXCM
[01:21:29] [58/459] RCNI
[01:21:30] [59/459] SNNI
[01:21:32] [60/459] LALC
[01:21:32] 🔄 Identity reset
[01:21:32] 🔄 Identity rotated (every 10 requests)
[01:21:33] [61/459] SOCN
[01:21:34] [62/459] JHTP
[01:21:35] [63/459] PITP
[01:21:36] [64/459] CCKW
[01:21:37] [65/459] MCMC
[01:21:38] [66/459] DEES
[01:21:39] [67/459] SABT
[01:21:40] [68/459] VSPP
[01:21:41] [69/459] ABCT
[01:21:42] [70/459] JVTB
[01:21:42] 🔄 Identity reset
[01:21:42] 🔄 Identity rotated (every 10 requests)
[01:21:43] [71/459] VCBD
[01:21:44] [72/459] RMGG
[01:21:44] [73/459] RNMH
[01:21:46] [74/459] SPGL
[01:21:47] [75/459] JTTR
[01:21:48] [76/459] SICS
[01:21:49] [77/459] SRMI
[01:21:50] [78/459] SSIJ
[01:21:51] [79/459] KFMT
[01:21:51] [80/459] VBIT
[01:21:52] 🔄 Identity reset
[01:21:52] 🔄 Identity rotated (every 10 requests)
[01:21:52] [81/459] JKCT
[01:21:53] [82/459] GCGP
[01:21:54] [83/459] GDCS
[01:21:55] [84/459] TRBA
[01:21:56] [85/459] QUST
[01:21:57] [86/459] VSHM
[01:21:58] [87/459] SDCP
[01:21:59] [88/459] SNVS
[01:22:00] [89/459] NYTO
[01:22:01] [90/459] URWC
[01:22:02] 🔄 Identity reset
[01:22:02] 🔄 Identity rotated (every 10 requests)
[01:22:02] [91/459] GTWH
[01:22:03] [92/459] PFCM
[01:22:04] [93/459] KRTA
[01:22:05] [94/459] AXMC
[01:22:06] [95/459] EVMC
[01:22:07] [96/459] HGSM
[01:22:08] [97/459] ACVM
[01:22:09] [98/459] PSKL
[01:22:10] [99/459] RDMP
[01:22:10] [100/459] RHGH
[01:22:11] 🔄 Identity reset
[01:22:11] 🔄 Identity rotated (every 10 requests)
[01:22:11] 🔄 Retry 1/5 for RHGH in 2.4s
[01:22:11] 🔄 Identity reset
[01:22:13] 🧠 New identity created
[01:22:14] [101/459] OMCM
[01:22:15] [102/459] DCCP
[01:22:16] [103/459] MCPB
[01:22:17] [104/459] ALCI
[01:22:18] [105/459] BLMX
[01:22:19] [106/459] BTMV
[01:22:20] [107/459] FVPN
[01:22:21] [108/459] CMAR
[01:22:22] [109/459] CEIM
[01:22:23] 🔄 Identity reset
[01:22:23] 🔄 Identity rotated (every 10 requests)
[01:22:23] 🔄 Retry 1/5 for CEIM in 3.0s
[01:22:23] 🔄 Identity reset
[01:22:26] 🧠 New identity created
[01:22:26] 🔄 Retry 2/5 for CEIM in 5.0s
[01:22:26] 🔄 Identity reset
[01:22:31] 🧠 New identity created
[01:22:31] 🔄 Retry 3/5 for CEIM in 9.0s
[01:22:31] 🔄 Identity reset
[01:22:40] 🧠 New identity created
[01:22:40] [110/459] CMVA
[01:22:41] [111/459] CPIV
[01:22:42] [112/459] CNPE
[01:22:43] [113/459] COLV
[01:22:44] [114/459] DNNV
[01:22:45] [115/459] HCAD
[01:22:46] [116/459] TAKA
[01:22:47] 🔄 Identity reset
[01:22:47] 🔄 Identity rotated (every 10 requests)
[01:22:47] [117/459] INVD
[01:22:48] [118/459] IRMM
[01:22:50] [119/459] INSE
[01:22:51] [120/459] MRSW
[01:22:53] [121/459] MCVD
[01:22:53] [122/459] MCSO
[01:22:54] [123/459] PEVM
[01:22:55] [124/459] PVNL
[01:22:56] [125/459] PTCV
[01:22:57] [126/459] PRTC
[01:22:58] 🔄 Identity reset
[01:22:58] 🔄 Identity rotated (every 10 requests)
[01:22:58] [127/459] RCVA
[01:22:59] [128/459] MTBN
[01:23:00] [129/459] LUCP
[01:23:01] [130/459] FMPT
[01:23:02] [131/459] JLSL
[01:23:03] [132/459] SBHA
[01:23:04] [133/459] SHRC
[01:23:05] [134/459] AVPS
[01:23:06] [135/459] STPM
[01:23:06] [136/459] ATRD
[01:23:07] 🔄 Identity reset
[01:23:07] 🔄 Identity rotated (every 10 requests)
[01:23:08] [137/459] VTED
[01:23:09] [138/459] ACAI
[01:23:10] [139/459] SMAE
[01:23:11] [140/459] VMAT
[01:23:12] [141/459] LKCT
[01:23:13] [142/459] JTVK
[01:23:14] [143/459] PRTY
[01:23:15] [144/459] GETT
[01:23:16] [145/459] ESAP
[01:23:17] [146/459] NCPM
[01:23:17] 🔄 Identity reset
[01:23:17] 🔄 Identity rotated (every 10 requests)
[01:23:18] [147/459] PCPA
[01:23:19] [148/459] MMOM
[01:23:20] [149/459] PHUP
[01:23:21] [150/459] CCPI
[01:23:22] [151/459] CNTD
[01:23:22] [152/459] NLJR
[01:23:23] [153/459] SRNG
[01:23:24] [154/459] MHAL
[01:23:25] [155/459] PNSM
[01:23:26] [156/459] DRMY
[01:23:27] 🔄 Identity reset
[01:23:27] 🔄 Identity rotated (every 10 requests)
[01:23:27] [157/459] CCMU
[01:23:29] [158/459] SCMY
[01:23:30] [159/459] PVSY
[01:23:31] [160/459] SDLM
[01:23:32] [161/459] ICCM
[01:23:32] [162/459] PYSU
[01:23:33] [163/459] GATM
[01:23:34] [164/459] WOTM
[01:23:36] [165/459] RKTS
[01:23:37] [166/459] PMTY
[01:23:37] 🔄 Identity reset
[01:23:37] 🔄 Identity rotated (every 10 requests)
[01:23:38] [167/459] LYMS
[01:23:39] [168/459] TGCA
[01:23:41] [169/459] DSTA
[01:23:42] [170/459] CNGE
[01:23:43] [171/459] VSTG
[01:23:44] [172/459] GTCK
[01:23:45] [173/459] TGNT
[01:23:45] [174/459] ASLC
[01:23:46] [175/459] SSST
[01:23:47] [176/459] KBTT
[01:23:48] 🔄 Identity reset
[01:23:48] 🔄 Identity rotated (every 10 requests)
[01:23:48] [177/459] HKCP
[01:23:49] [178/459] SWLC
[01:23:50] [179/459] RTND
[01:23:51] [180/459] PKKT
[01:23:52] [181/459] HSTK
[01:23:52] [182/459] SPTT
[01:23:53] [183/459] IMPM
[01:23:54] [184/459] SCMV
[01:23:55] [185/459] SPCT
[01:23:56] [186/459] JBCA
[01:23:57] 🔄 Identity reset
[01:23:57] 🔄 Identity rotated (every 10 requests)
[01:23:57] [187/459] ATTR
[01:23:58] [188/459] SPMT
[01:23:59] [189/459] LCTM
[01:24:00] [190/459] SCVL
[01:24:02] [191/459] SCVT
[01:24:02] [192/459] KRIC
[01:24:03] [193/459] CTMG
[01:24:04] [194/459] ACNC
[01:24:05] [195/459] DMCK
[01:24:06] [196/459] KMTV
[01:24:06] 🔄 Identity reset
[01:24:06] 🔄 Identity rotated (every 10 requests)
[01:24:07] [197/459] PFCJ
[01:24:08] [198/459] VNMD
[01:24:08] [199/459] VPCZ
[01:24:09] [200/459] SRYR
[01:24:10] [201/459] SYTR
[01:24:11] [202/459] GATR
[01:24:12] [203/459] URTR
[01:24:13] [204/459] MKSM
[01:24:14] [205/459] VSMH
[01:24:15] [206/459] SKRJ
[01:24:15] 🔄 Identity reset
[01:24:15] 🔄 Identity rotated (every 10 requests)
[01:24:16] [207/459] SSJR
[01:24:17] [208/459] SVSM
[01:24:18] [209/459] RUCM
[01:24:18] [210/459] PRKN
[01:24:19] [211/459] RROH
[01:24:20] [212/459] SCTN
[01:24:22] [213/459] RTDM
[01:24:23] [214/459] ASRM
[01:24:24] [215/459] SKMD
[01:24:25] [216/459] SUTD
[01:24:25] 🔄 Identity reset
[01:24:25] 🔄 Identity rotated (every 10 requests)
[01:24:26] [217/459] SADM
[01:24:27] [218/459] WCNR
[01:24:28] [219/459] CNED
[01:24:29] [220/459] MPDB
[01:24:30] [221/459] KTBH
[01:24:31] [222/459] IDRM
[01:24:32] [223/459] PJJT
[01:24:32] [224/459] PFCV
[01:24:33] [225/459] AACT
[01:24:34] [226/459] AAAD
[01:24:35] 🔄 Identity reset
[01:24:35] 🔄 Identity rotated (every 10 requests)
[01:24:35] [227/459] ANES
[01:24:36] [228/459] MNCA
[01:24:37] [229/459] RMGU
[01:24:38] [230/459] DLCN
[01:24:39] [231/459] LJWT
[01:24:40] [232/459] MCBG
[01:24:41] [233/459] MYBG
[01:24:41] [234/459] GCCA
[01:24:42] [235/459] GCGA
[01:24:43] [236/459] ECGN
[01:24:44] 🔄 Identity reset
[01:24:44] 🔄 Identity rotated (every 10 requests)
[01:24:44] [237/459] PRAB
[01:24:45] [238/459] PNMP
[01:24:46] [239/459] GCPT
[01:24:46] [240/459] ROYN
[01:24:47] [241/459] VATM
[01:24:48] [242/459] KSNT
[01:24:49] [243/459] ACTC
[01:24:50] [244/459] PLTD
[01:24:51] [245/459] SKMK
[01:24:52] [246/459] CMTT
[01:24:52] 🔄 Identity reset
[01:24:52] 🔄 Identity rotated (every 10 requests)
[01:24:52] [247/459] SMXP
[01:24:53] [248/459] SCMX
[01:24:54] [249/459] ACXN
[01:24:55] [250/459] ASWT
[01:24:56] [251/459] VVVL
[01:24:58] [252/459] NAGO
[01:24:58] [253/459] SNCN
[01:24:59] [254/459] MCKP
[01:25:01] [255/459] SAMO
[01:25:02] [256/459] JBTV
[01:25:02] 🔄 Identity reset
[01:25:02] 🔄 Identity rotated (every 10 requests)
[01:25:03] [257/459] DCVV
[01:25:04] [258/459] KMSV
[01:25:05] [259/459] KDCN
[01:25:06] [260/459] CNCP
[01:25:07] [261/459] HAMC
[01:25:08] [262/459] CCVZ
[01:25:09] [263/459] NCCK
[01:25:10] [264/459] MCHR
[01:25:10] [265/459] SCHT
[01:25:11] [266/459] ESSH
[01:25:12] 🔄 Identity reset
[01:25:12] 🔄 Identity rotated (every 10 requests)
[01:25:12] [267/459] CUJC
[01:25:13] [268/459] PECP
[01:25:14] [269/459] PMMI
[01:25:15] [270/459] PCCH
[01:25:16] [271/459] PRPM
[01:25:17] [272/459] PVKL
[01:25:18] [273/459] CBSM
[01:25:19] [274/459] PVCZ
[01:25:19] [275/459] PCVV
[01:25:20] [276/459] CTMJ
[01:25:21] 🔄 Identity reset
[01:25:21] 🔄 Identity rotated (every 10 requests)
[01:25:21] [277/459] RCPS
[01:25:22] [278/459] PCIT
[01:25:23] [279/459] FNCH
[01:25:24] [280/459] INZD
[01:25:25] [281/459] INPC
[01:25:26] [282/459] LCZP
[01:25:27] [283/459] SMCB
[01:25:29] [284/459] PTSB
[01:25:30] [285/459] TPSI
[01:25:31] [286/459] KHMJ
[01:25:31] 🔄 Identity reset
[01:25:31] 🔄 Identity rotated (every 10 requests)
[01:25:32] [287/459] RCCJ
[01:25:33] [288/459] NCJA
[01:25:34] [289/459] NCJN
[01:25:35] [290/459] BTDP
[01:25:36] [291/459] PADY
[01:25:38] [292/459] NYBH
[01:25:39] [293/459] MTBR
[01:25:40] [294/459] KRBC
[01:25:40] [295/459] DKTI
[01:25:41] [296/459] ANAN
[01:25:42] 🔄 Identity reset
[01:25:42] 🔄 Identity rotated (every 10 requests)
[01:25:42] [297/459] INBP
[01:25:44] [298/459] PATB
[01:25:45] [299/459] RGNT
[01:25:46] [300/459] CGPM
[01:25:47] [301/459] INTN
[01:25:48] [302/459] MCMP
[01:25:49] [303/459] ASRG
[01:25:50] [304/459] CXJD
[01:25:51] [305/459] SPCP
[01:25:52] [306/459] CSTP
[01:25:53] 🔄 Identity reset
[01:25:53] 🔄 Identity rotated (every 10 requests)
[01:25:53] [307/459] PKVC
[01:25:54] [308/459] ESCP
[01:25:55] [309/459] CAEP
[01:25:56] [310/459] CCSP
[01:25:57] [311/459] KTPC
[01:25:58] [312/459] DACA
[01:26:00] [313/459] NVKY
[01:26:01] [314/459] PTIN
[01:26:02] [315/459] SCIN
[01:26:02] [316/459] MCTY
[01:26:03] 🔄 Identity reset
[01:26:03] 🔄 Identity rotated (every 10 requests)
[01:26:03] [317/459] PCMX
[01:26:05] [318/459] INIC
[01:26:06] [319/459] MMZM
[01:26:07] [320/459] SSLP
[01:26:07] [321/459] DTDT
[01:26:08] [322/459] FFCX
[01:26:09] [323/459] RCMM
[01:26:10] [324/459] KYID
[01:26:11] [325/459] CSCI
[01:26:12] [326/459] FCMC
[01:26:12] 🔄 Identity reset
[01:26:12] 🔄 Identity rotated (every 10 requests)
[01:26:13] [327/459] MMXI
[01:26:13] [328/459] ASTC
[01:26:14] [329/459] CMRA
[01:26:15] [330/459] DICI
[01:26:16] [331/459] KDIN
[01:26:17] [332/459] PRFI
[01:26:18] [333/459] SVFC
[01:26:19] [334/459] UCPL
[01:26:20] [335/459] COOC
[01:26:21] [336/459] SCAL
[01:26:21] 🔄 Identity reset
[01:26:21] 🔄 Identity rotated (every 10 requests)
[01:26:22] [337/459] SVFF
[01:26:22] [338/459] VCMG
[01:26:23] [339/459] UUCT
[01:26:24] [340/459] GCSE
[01:26:25] [341/459] SUSC
[01:26:26] [342/459] MISC
[01:26:27] [343/459] RMBL
[01:26:29] [344/459] CMXN
[01:26:29] [345/459] PVBK
[01:26:30] [346/459] HHCG
[01:26:31] 🔄 Identity reset
[01:26:31] 🔄 Identity rotated (every 10 requests)
[01:26:31] [347/459] SCAG
[01:26:32] [348/459] CNPR
[01:26:33] [349/459] CSER
[01:26:34] [350/459] HLWD
[01:26:35] [351/459] BOLY
[01:26:36] [352/459] SSPG
[01:26:37] [353/459] MUPX
[01:26:38] [354/459] HAMR
[01:26:39] [355/459] SDNC
[01:26:40] [356/459] RTEN
[01:26:40] 🔄 Identity reset
[01:26:40] 🔄 Identity rotated (every 10 requests)
[01:26:41] [357/459] SDTD
[01:26:41] [358/459] KAWS
[01:26:42] [359/459] CMZX
[01:26:43] [360/459] DCDD
[01:26:44] [361/459] ALSN
[01:26:45] [362/459] IMXS
[01:26:46] [363/459] PVFF
[01:26:47] [364/459] PVOO
[01:26:48] [365/459] CFBS
[01:26:49] [366/459] PVER
[01:26:49] 🔄 Identity reset
[01:26:49] 🔄 Identity rotated (every 10 requests)
[01:26:50] [367/459] PPNX
[01:26:50] [368/459] CNRM
[01:26:51] [369/459] PVWW
[01:26:52] [370/459] INMB
[01:26:53] [371/459] CPJR
[01:26:54] [372/459] INRZ
[01:26:55] [373/459] PMSR
[01:26:56] [374/459] GPGM
[01:26:57] [375/459] PGWB
[01:26:58] [376/459] PMBR
[01:26:58] 🔄 Identity reset
[01:26:58] 🔄 Identity rotated (every 10 requests)
[01:26:58] 🔄 Retry 1/5 for PMBR in 2.7s
[01:26:58] 🔄 Identity reset
[01:27:01] 🧠 New identity created
[01:27:01] [377/459] GPAM
[01:27:02] [378/459] INBC
[01:27:03] [379/459] PZVK
[01:27:04] [380/459] CPEB
[01:27:05] [381/459] FMLB
[01:27:06] [382/459] INBG
[01:27:07] [383/459] GPBR
[01:27:08] [384/459] PAAS
[01:27:09] [385/459] VTBR
[01:27:09] 🔄 Identity reset
[01:27:09] 🔄 Identity rotated (every 10 requests)
[01:27:10] [386/459] GPMY
[01:27:10] [387/459] GYBU
[01:27:11] [388/459] INBJ
[01:27:12] [389/459] LKTH
[01:27:13] [390/459] NSBR
[01:27:14] [391/459] PDRD
[01:27:15] [392/459] VRBL
[01:27:16] [393/459] VTGB
[01:27:17] [394/459] VTSK
[01:27:17] [395/459] BKDV
[01:27:18] 🔄 Identity reset
[01:27:18] 🔄 Identity rotated (every 10 requests)
[01:27:19] [396/459] SVTB
[01:27:19] [397/459] MLDT
[01:27:20] [398/459] NRBL
[01:27:21] [399/459] SLTR
[01:27:22] [400/459] VNKA
[01:27:23] [401/459] TDCA
[01:27:24] [402/459] INBM
[01:27:25] [403/459] SSNR
[01:27:26] [404/459] BHAC
[01:27:27] [405/459] SDSD
[01:27:27] 🔄 Identity reset
[01:27:27] 🔄 Identity rotated (every 10 requests)
[01:27:28] [406/459] SAMP
[01:27:29] [407/459] RATK
[01:27:30] [408/459] KCBI
[01:27:31] [409/459] URBL
[01:27:32] [410/459] MKBG
[01:27:33] [411/459] ASTB
[01:27:34] [412/459] VBWT
[01:27:35] [413/459] GPSM
[01:27:36] [414/459] ROON
[01:27:37] [415/459] CHTH
[01:27:37] 🔄 Identity reset
[01:27:37] 🔄 Identity rotated (every 10 requests)
[01:27:39] [416/459] SSPA
[01:27:40] [417/459] ANBL
[01:27:41] [418/459] VTBE
[01:27:42] [419/459] SVKT
[01:27:43] [420/459] SVYK
[01:27:44] [421/459] PTBK
[01:27:45] [422/459] RKTB
[01:27:46] [423/459] BALT
[01:27:47] [424/459] STSV
[01:27:48] [425/459] VCCB
[01:27:48] 🔄 Identity reset
[01:27:48] 🔄 Identity rotated (every 10 requests)
[01:27:48] [426/459] SLTB
[01:27:49] [427/459] SBCR
[01:27:50] [428/459] VDCS
[01:27:51] [429/459] MDKI
[01:27:53] [430/459] SMRN
[01:27:54] [431/459] PTBC
[01:27:55] [432/459] RADI
[01:27:56] [433/459] ADCR
[01:27:57] [434/459] SDCS
[01:27:57] [435/459] SRPJ
[01:27:58] 🔄 Identity reset
[01:27:58] 🔄 Identity rotated (every 10 requests)
[01:27:58] [436/459] ARTS
[01:27:59] [437/459] SRHK
[01:28:00] [438/459] SPAY
[01:28:01] [439/459] GPTB
[01:28:02] [440/459] SNNN
[01:28:03] [441/459] BALJ
[01:28:04] [442/459] TRIG
[01:28:05] [443/459] GTYT
[01:28:06] [444/459] ATGN
[01:28:07] [445/459] ANTE
[01:28:07] 🔄 Identity reset
[01:28:07] 🔄 Identity rotated (every 10 requests)
[01:28:08] 🔄 Retry 1/5 for ANTE in 2.8s
[01:28:08] 🔄 Identity reset
[01:28:10] 🧠 New identity created
[01:28:12] [446/459] BDCG
[01:28:13] [447/459] VECI
[01:28:14] [448/459] SCPR
[01:28:15] [449/459] RTEA
[01:28:16] [450/459] JSAI
[01:28:16] [451/459] VJTP
[01:28:17] [452/459] GNDS
[01:28:18] [453/459] PAXA
[01:28:20] [454/459] CGGM
[01:28:21] 🔄 Identity reset
[01:28:21] 🔄 Identity rotated (every 10 requests)
[01:28:21] [455/459] ACKZ
[01:28:23] [456/459] EMCC
[01:28:24] [457/459] KLSK
[01:28:24] [458/459] AVCK
[01:28:25] [459/459] JTCK
[01:28:26] 🧹 Deduping shows
[01:28:26] ✅ DONE | Shows=63 | Movies=5
[04:58:54] 🚀 SCRIPT STARTED (enhanced anti‑detection)
[04:58:54] [1/459] NECA
[04:58:55] 🧠 New identity created
[04:58:55] [2/459] BJLC
[04:58:56] [3/459] BASU
[04:58:57] [4/459] RUPI
[04:58:58] [5/459] LCBK
[04:58:59] [6/459] PMAC
[04:59:00] [7/459] AMLC
[04:59:02] [8/459] LICL
[04:59:03] [9/459] UDMM
[04:59:04] [10/459] STBZ
[04:59:04] 🔄 Identity reset
[04:59:04] 🔄 Identity rotated (every 10 requests)
[04:59:05] [11/459] UUBT
[04:59:06] [12/459] SJKC
[04:59:07] [13/459] TUAL
[04:59:08] [14/459] MRSE
[04:59:09] [15/459] RMRK
[04:59:10] [16/459] TTKP
[04:59:11] [17/459] KTKO
[04:59:12] [18/459] SDBK
[04:59:13] [19/459] MCPR
[04:59:13] [20/459] CHTI
[04:59:14] 🔄 Identity reset
[04:59:14] 🔄 Identity rotated (every 10 requests)
[04:59:14] [21/459] GCCP
[04:59:15] [22/459] SRMY
[04:59:16] [23/459] NYST
[04:59:17] [24/459] NYAG
[04:59:18] [25/459] SBMT
[04:59:19] [26/459] INGA
[04:59:20] [27/459] WSIC
[04:59:21] [28/459] SCSS
[04:59:23] [29/459] COPG
[04:59:24] [30/459] RCGR
[04:59:24] 🔄 Identity reset
[04:59:24] 🔄 Identity rotated (every 10 requests)
[04:59:25] [31/459] TCZA
[04:59:25] [32/459] CNLP
[04:59:26] [33/459] CLKN
[04:59:27] [34/459] LHDF
[04:59:28] [35/459] ELKC
[04:59:29] [36/459] VCEM
[04:59:31] [37/459] SSZA
[04:59:32] [38/459] KRMT
[04:59:33] [39/459] LCMV
[04:59:34] [40/459] AYCZ
[04:59:35] 🔄 Identity reset
[04:59:35] 🔄 Identity rotated (every 10 requests)
[04:59:35] [41/459] CUMS
[04:59:36] [42/459] BOCK
[04:59:37] [43/459] PNMR
[04:59:38] [44/459] PJCP
[04:59:39] [45/459] JDDD
[04:59:40] [46/459] STMS
[04:59:41] [47/459] FLMB
[04:59:41] [48/459] PKCM
[04:59:42] [49/459] SPPR
[04:59:43] [50/459] EYLH
[04:59:44] 🔄 Identity reset
[04:59:44] 🔄 Identity rotated (every 10 requests)
[04:59:44] [51/459] RJCC
[04:59:46] [52/459] MMPS
[04:59:47] [53/459] SHMX
[04:59:48] [54/459] CCNL
[04:59:49] [55/459] RCNV
[04:59:50] [56/459] MAAG
[04:59:51] [57/459] LXCM
[04:59:51] [58/459] RCNI
[04:59:52] [59/459] SNNI
[04:59:53] [60/459] LALC
[04:59:54] 🔄 Identity reset
[04:59:54] 🔄 Identity rotated (every 10 requests)
[04:59:54] [61/459] SOCN
[04:59:55] [62/459] JHTP
[04:59:56] [63/459] PITP
[04:59:57] [64/459] CCKW
[04:59:58] [65/459] MCMC
[04:59:59] [66/459] DEES
[05:00:00] [67/459] SABT
[05:00:01] [68/459] VSPP
[05:00:02] [69/459] ABCT
[05:00:03] [70/459] JVTB
[05:00:04] 🔄 Identity reset
[05:00:04] 🔄 Identity rotated (every 10 requests)
[05:00:04] [71/459] VCBD
[05:00:05] [72/459] RMGG
[05:00:06] [73/459] RNMH
[05:00:07] [74/459] SPGL
[05:00:08] [75/459] JTTR
[05:00:09] [76/459] SICS
[05:00:09] [77/459] SRMI
[05:00:10] [78/459] SSIJ
[05:00:11] [79/459] KFMT
[05:00:12] [80/459] VBIT
[05:00:13] 🔄 Identity reset
[05:00:13] 🔄 Identity rotated (every 10 requests)
[05:00:13] [81/459] JKCT
[05:00:14] [82/459] GCGP
[05:00:15] [83/459] GDCS
[05:00:16] [84/459] TRBA
[05:00:17] [85/459] QUST
[05:00:18] [86/459] VSHM
[05:00:18] [87/459] SDCP
[05:00:19] [88/459] SNVS
[05:00:20] [89/459] NYTO
[05:00:21] [90/459] URWC
[05:00:22] 🔄 Identity reset
[05:00:22] 🔄 Identity rotated (every 10 requests)
[05:00:22] [91/459] GTWH
[05:00:23] [92/459] PFCM
[05:00:24] [93/459] KRTA
[05:00:25] [94/459] AXMC
[05:00:27] [95/459] EVMC
[05:00:28] [96/459] HGSM
[05:00:29] [97/459] ACVM
[05:00:31] [98/459] PSKL
[05:00:32] [99/459] RDMP
[05:00:33] [100/459] RHGH
[05:00:34] 🔄 Identity reset
[05:00:34] 🔄 Identity rotated (every 10 requests)
[05:00:34] [101/459] OMCM
[05:00:35] [102/459] DCCP
[05:00:36] [103/459] MCPB
[05:00:37] [104/459] ALCI
[05:00:38] [105/459] BLMX
[05:00:38] [106/459] BTMV
[05:00:39] [107/459] FVPN
[05:00:41] [108/459] CMAR
[05:00:42] [109/459] CEIM
[05:00:43] [110/459] CMVA
[05:00:43] 🔄 Identity reset
[05:00:43] 🔄 Identity rotated (every 10 requests)
[05:00:44] [111/459] CPIV
[05:00:45] [112/459] CNPE
[05:00:46] [113/459] COLV
[05:00:47] [114/459] DNNV
[05:00:48] [115/459] HCAD
[05:00:49] [116/459] TAKA
[05:00:50] [117/459] INVD
[05:00:50] [118/459] IRMM
[05:00:51] [119/459] INSE
[05:00:52] [120/459] MRSW
[05:00:52] 🔄 Identity reset
[05:00:52] 🔄 Identity rotated (every 10 requests)
[05:00:54] [121/459] MCVD
[05:00:55] [122/459] MCSO
[05:00:56] [123/459] PEVM
[05:00:56] [124/459] PVNL
[05:00:57] [125/459] PTCV
[05:00:58] [126/459] PRTC
[05:00:59] [127/459] RCVA
[05:01:00] [128/459] MTBN
[05:01:02] [129/459] LUCP
[05:01:03] [130/459] FMPT
[05:01:03] 🔄 Identity reset
[05:01:03] 🔄 Identity rotated (every 10 requests)
[05:01:04] [131/459] JLSL
[05:01:05] [132/459] SBHA
[05:01:06] [133/459] SHRC
[05:01:07] [134/459] AVPS
[05:01:08] [135/459] STPM
[05:01:09] [136/459] ATRD
[05:01:10] [137/459] VTED
[05:01:11] [138/459] ACAI
[05:01:12] [139/459] SMAE
[05:01:13] [140/459] VMAT
[05:01:13] 🔄 Identity reset
[05:01:13] 🔄 Identity rotated (every 10 requests)
[05:01:13] 🔄 Retry 1/5 for VMAT in 2.6s
[05:01:13] 🔄 Identity reset
[05:01:16] 🧠 New identity created
[05:01:16] [141/459] LKCT
[05:01:18] [142/459] JTVK
[05:01:19] [143/459] PRTY
[05:01:19] [144/459] GETT
[05:01:21] [145/459] ESAP
[05:01:22] [146/459] NCPM
[05:01:23] [147/459] PCPA
[05:01:24] [148/459] MMOM
[05:01:25] [149/459] PHUP
[05:01:26] 🔄 Identity reset
[05:01:26] 🔄 Identity rotated (every 10 requests)
[05:01:26] [150/459] CCPI
[05:01:27] [151/459] CNTD
[05:01:28] [152/459] NLJR
[05:01:29] [153/459] SRNG
[05:01:30] [154/459] MHAL
[05:01:31] [155/459] PNSM
[05:01:32] [156/459] DRMY
[05:01:33] [157/459] CCMU
[05:01:34] [158/459] SCMY
[05:01:35] [159/459] PVSY
[05:01:36] 🔄 Identity reset
[05:01:36] 🔄 Identity rotated (every 10 requests)
[05:01:36] [160/459] SDLM
[05:01:37] [161/459] ICCM
[05:01:38] [162/459] PYSU
[05:01:39] [163/459] GATM
[05:01:40] [164/459] WOTM
[05:01:41] [165/459] RKTS
[05:01:42] [166/459] PMTY
[05:01:42] [167/459] LYMS
[05:01:43] [168/459] TGCA
[05:01:44] [169/459] DSTA
[05:01:44] 🔄 Identity reset
[05:01:44] 🔄 Identity rotated (every 10 requests)
[05:01:45] [170/459] CNGE
[05:01:46] [171/459] VSTG
[05:01:47] [172/459] GTCK
[05:01:48] [173/459] TGNT
[05:01:48] [174/459] ASLC
[05:01:50] [175/459] SSST
[05:01:50] [176/459] KBTT
[05:01:51] [177/459] HKCP
[05:01:52] [178/459] SWLC
[05:01:53] [179/459] RTND
[05:01:54] 🔄 Identity reset
[05:01:54] 🔄 Identity rotated (every 10 requests)
[05:01:54] [180/459] PKKT
[05:01:55] [181/459] HSTK
[05:01:56] [182/459] SPTT
[05:01:57] [183/459] IMPM
[05:01:58] [184/459] SCMV
[05:01:59] [185/459] SPCT
[05:02:00] [186/459] JBCA
[05:02:01] [187/459] ATTR
[05:02:01] [188/459] SPMT
[05:02:02] [189/459] LCTM
[05:02:03] 🔄 Identity reset
[05:02:03] 🔄 Identity rotated (every 10 requests)
[05:02:03] 🔄 Retry 1/5 for LCTM in 2.8s
[05:02:03] 🔄 Identity reset
[05:02:06] 🧠 New identity created
[05:02:06] [190/459] SCVL
[05:02:07] [191/459] SCVT
[05:02:08] [192/459] KRIC
[05:02:09] [193/459] CTMG
[05:02:10] [194/459] ACNC
[05:02:11] [195/459] DMCK
[05:02:12] [196/459] KMTV
[05:02:13] [197/459] PFCJ
[05:02:14] [198/459] VNMD
[05:02:14] 🔄 Identity reset
[05:02:14] 🔄 Identity rotated (every 10 requests)
[05:02:15] [199/459] VPCZ
[05:02:16] [200/459] SRYR
[05:02:17] [201/459] SYTR
[05:02:18] [202/459] GATR
[05:02:19] [203/459] URTR
[05:02:20] [204/459] MKSM
[05:02:21] [205/459] VSMH
[05:02:22] [206/459] SKRJ
[05:02:24] [207/459] SSJR
[05:02:25] [208/459] SVSM
[05:02:25] 🔄 Identity reset
[05:02:25] 🔄 Identity rotated (every 10 requests)
[05:02:26] [209/459] RUCM
[05:02:27] [210/459] PRKN
[05:02:27] [211/459] RROH
[05:02:28] [212/459] SCTN
[05:02:29] [213/459] RTDM
[05:02:30] [214/459] ASRM
[05:02:31] [215/459] SKMD
[05:02:32] [216/459] SUTD
[05:02:33] [217/459] SADM
[05:02:34] [218/459] WCNR
[05:02:34] 🔄 Identity reset
[05:02:34] 🔄 Identity rotated (every 10 requests)
[05:02:35] [219/459] CNED
[05:02:36] [220/459] MPDB
[05:02:36] [221/459] KTBH
[05:02:37] [222/459] IDRM
[05:02:38] [223/459] PJJT
[05:02:39] [224/459] PFCV
[05:02:40] [225/459] AACT
[05:02:41] [226/459] AAAD
[05:02:42] [227/459] ANES
[05:02:43] [228/459] MNCA
[05:02:43] 🔄 Identity reset
[05:02:43] 🔄 Identity rotated (every 10 requests)
[05:02:44] [229/459] RMGU
[05:02:44] [230/459] DLCN
[05:02:45] [231/459] LJWT
[05:02:46] [232/459] MCBG
[05:02:47] [233/459] MYBG
[05:02:48] [234/459] GCCA
[05:02:49] [235/459] GCGA
[05:02:50] [236/459] ECGN
[05:02:50] [237/459] PRAB
[05:02:51] [238/459] PNMP
[05:02:52] 🔄 Identity reset
[05:02:52] 🔄 Identity rotated (every 10 requests)
[05:02:52] [239/459] GCPT
[05:02:53] [240/459] ROYN
[05:02:54] [241/459] VATM
[05:02:55] [242/459] KSNT
[05:02:56] [243/459] ACTC
[05:02:57] [244/459] PLTD
[05:02:58] [245/459] SKMK
[05:02:59] [246/459] CMTT
[05:03:00] [247/459] SMXP
[05:03:01] [248/459] SCMX
[05:03:02] 🔄 Identity reset
[05:03:02] 🔄 Identity rotated (every 10 requests)
[05:03:02] [249/459] ACXN
[05:03:03] [250/459] ASWT
[05:03:05] [251/459] VVVL
[05:03:05] [252/459] NAGO
[05:03:06] [253/459] SNCN
[05:03:07] [254/459] MCKP
[05:03:09] [255/459] SAMO
[05:03:10] [256/459] JBTV
[05:03:11] [257/459] DCVV
[05:03:12] [258/459] KMSV
[05:03:12] 🔄 Identity reset
[05:03:12] 🔄 Identity rotated (every 10 requests)
[05:03:13] [259/459] KDCN
[05:03:14] [260/459] CNCP
[05:03:15] [261/459] HAMC
[05:03:16] [262/459] CCVZ
[05:03:17] [263/459] NCCK
[05:03:17] [264/459] MCHR
[05:03:18] [265/459] SCHT
[05:03:19] [266/459] ESSH
[05:03:20] [267/459] CUJC
[05:03:21] [268/459] PECP
[05:03:22] 🔄 Identity reset
[05:03:22] 🔄 Identity rotated (every 10 requests)
[05:03:22] [269/459] PMMI
[05:03:23] [270/459] PCCH
[05:03:24] [271/459] PRPM
[05:03:25] [272/459] PVKL
[05:03:26] [273/459] CBSM
[05:03:27] [274/459] PVCZ
[05:03:28] [275/459] PCVV
[05:03:30] [276/459] CTMJ
[05:03:31] [277/459] RCPS
[05:03:32] [278/459] PCIT
[05:03:33] 🔄 Identity reset
[05:03:33] 🔄 Identity rotated (every 10 requests)
[05:03:33] [279/459] FNCH
[05:03:34] [280/459] INZD
[05:03:35] [281/459] INPC
[05:03:36] [282/459] LCZP
[05:03:37] [283/459] SMCB
[05:03:38] [284/459] PTSB
[05:03:39] [285/459] TPSI
[05:03:40] [286/459] KHMJ
[05:03:41] [287/459] RCCJ
[05:03:42] [288/459] NCJA
[05:03:43] 🔄 Identity reset
[05:03:43] 🔄 Identity rotated (every 10 requests)
[05:03:43] [289/459] NCJN
[05:03:44] [290/459] BTDP
[05:03:45] [291/459] PADY
[05:03:46] [292/459] NYBH
[05:03:47] [293/459] MTBR
[05:03:48] [294/459] KRBC
[05:03:49] [295/459] DKTI
[05:03:50] [296/459] ANAN
[05:03:51] [297/459] INBP
[05:03:52] [298/459] PATB
[05:03:53] 🔄 Identity reset
[05:03:53] 🔄 Identity rotated (every 10 requests)
[05:03:53] [299/459] RGNT
[05:03:54] [300/459] CGPM
[05:03:55] [301/459] INTN
[05:03:56] [302/459] MCMP
[05:03:57] [303/459] ASRG
[05:03:58] [304/459] CXJD
[05:03:59] [305/459] SPCP
[05:04:00] [306/459] CSTP
[05:04:01] [307/459] PKVC
[05:04:02] [308/459] ESCP
[05:04:03] 🔄 Identity reset
[05:04:03] 🔄 Identity rotated (every 10 requests)
[05:04:03] [309/459] CAEP
[05:04:04] [310/459] CCSP
[05:04:05] [311/459] KTPC
[05:04:06] [312/459] DACA
[05:04:07] [313/459] NVKY
[05:04:07] [314/459] PTIN
[05:04:08] [315/459] SCIN
[05:04:09] [316/459] MCTY
[05:04:11] [317/459] PCMX
[05:04:12] [318/459] INIC
[05:04:13] 🔄 Identity reset
[05:04:13] 🔄 Identity rotated (every 10 requests)
[05:04:13] [319/459] MMZM
[05:04:14] [320/459] SSLP
[05:04:15] [321/459] DTDT
[05:04:16] [322/459] FFCX
[05:04:17] [323/459] RCMM
[05:04:18] [324/459] KYID
[05:04:19] [325/459] CSCI
[05:04:20] [326/459] FCMC
[05:04:21] [327/459] MMXI
[05:04:23] [328/459] ASTC
[05:04:23] 🔄 Identity reset
[05:04:23] 🔄 Identity rotated (every 10 requests)
[05:04:24] [329/459] CMRA
[05:04:25] [330/459] DICI
[05:04:26] [331/459] KDIN
[05:04:27] [332/459] PRFI
[05:04:28] [333/459] SVFC
[05:04:29] [334/459] UCPL
[05:04:31] [335/459] COOC
[05:04:32] [336/459] SCAL
[05:04:33] [337/459] SVFF
[05:04:33] [338/459] VCMG
[05:04:34] 🔄 Identity reset
[05:04:34] 🔄 Identity rotated (every 10 requests)
[05:04:34] [339/459] UUCT
[05:04:35] [340/459] GCSE
[05:04:37] [341/459] SUSC
[05:04:38] [342/459] MISC
[05:04:39] [343/459] RMBL
[05:04:40] [344/459] CMXN
[05:04:40] [345/459] PVBK
[05:04:41] [346/459] HHCG
[05:04:42] [347/459] SCAG
[05:04:43] [348/459] CNPR
[05:04:44] 🔄 Identity reset
[05:04:44] 🔄 Identity rotated (every 10 requests)
[05:04:44] [349/459] CSER
[05:04:45] [350/459] HLWD
[05:04:46] [351/459] BOLY
[05:04:47] [352/459] SSPG
[05:04:49] [353/459] MUPX
[05:04:49] [354/459] HAMR
[05:04:50] [355/459] SDNC
[05:04:51] [356/459] RTEN
[05:04:52] [357/459] SDTD
[05:04:53] [358/459] KAWS
[05:04:54] 🔄 Identity reset
[05:04:54] 🔄 Identity rotated (every 10 requests)
[05:04:54] [359/459] CMZX
[05:04:55] [360/459] DCDD
[05:04:57] [361/459] ALSN
[05:04:57] [362/459] IMXS
[05:04:59] [363/459] PVFF
[05:04:59] [364/459] PVOO
[05:05:00] [365/459] CFBS
[05:05:02] [366/459] PVER
[05:05:03] [367/459] PPNX
[05:05:04] [368/459] CNRM
[05:05:05] 🔄 Identity reset
[05:05:05] 🔄 Identity rotated (every 10 requests)
[05:05:05] [369/459] PVWW
[05:05:06] [370/459] INMB
[05:05:07] [371/459] CPJR
[05:05:08] [372/459] INRZ
[05:05:09] [373/459] PMSR
[05:05:10] [374/459] GPGM
[05:05:11] [375/459] PGWB
[05:05:11] [376/459] PMBR
[05:05:12] [377/459] GPAM
[05:05:13] [378/459] INBC
[05:05:14] 🔄 Identity reset
[05:05:14] 🔄 Identity rotated (every 10 requests)
[05:05:14] [379/459] PZVK
[05:05:15] [380/459] CPEB
[05:05:16] [381/459] FMLB
[05:05:17] [382/459] INBG
[05:05:18] [383/459] GPBR
[05:05:19] [384/459] PAAS
[05:05:20] [385/459] VTBR
[05:05:21] [386/459] GPMY
[05:05:22] [387/459] GYBU
[05:05:23] [388/459] INBJ
[05:05:24] 🔄 Identity reset
[05:05:24] 🔄 Identity rotated (every 10 requests)
[05:05:24] 🔄 Retry 1/5 for INBJ in 2.2s
[05:05:24] 🔄 Identity reset
[05:05:26] 🧠 New identity created
[05:05:26] [389/459] LKTH
[05:05:27] [390/459] NSBR
[05:05:28] [391/459] PDRD
[05:05:29] [392/459] VRBL
[05:05:30] [393/459] VTGB
[05:05:31] [394/459] VTSK
[05:05:32] [395/459] BKDV
[05:05:33] [396/459] SVTB
[05:05:34] [397/459] MLDT
[05:05:34] 🔄 Identity reset
[05:05:34] 🔄 Identity rotated (every 10 requests)
[05:05:35] [398/459] NRBL
[05:05:36] [399/459] SLTR
[05:05:37] [400/459] VNKA
[05:05:38] [401/459] TDCA
[05:05:39] [402/459] INBM
[05:05:40] [403/459] SSNR
[05:05:41] [404/459] BHAC
[05:05:42] [405/459] SDSD
[05:05:43] [406/459] SAMP
[05:05:43] [407/459] RATK
[05:05:44] 🔄 Identity reset
[05:05:44] 🔄 Identity rotated (every 10 requests)
[05:05:44] [408/459] KCBI
[05:05:45] [409/459] URBL
[05:05:46] [410/459] MKBG
[05:05:47] [411/459] ASTB
[05:05:48] [412/459] VBWT
[05:05:49] [413/459] GPSM
[05:05:50] [414/459] ROON
[05:05:50] [415/459] CHTH
[05:05:51] [416/459] SSPA
[05:05:52] [417/459] ANBL
[05:05:53] 🔄 Identity reset
[05:05:53] 🔄 Identity rotated (every 10 requests)
[05:05:53] [418/459] VTBE
[05:05:54] [419/459] SVKT
[05:05:55] [420/459] SVYK
[05:05:56] [421/459] PTBK
[05:05:57] [422/459] RKTB
[05:05:58] [423/459] BALT
[05:05:59] [424/459] STSV
[05:06:00] [425/459] VCCB
[05:06:01] [426/459] SLTB
[05:06:02] [427/459] SBCR
[05:06:02] 🔄 Identity reset
[05:06:02] 🔄 Identity rotated (every 10 requests)
[05:06:03] [428/459] VDCS
[05:06:04] [429/459] MDKI
[05:06:05] [430/459] SMRN
[05:06:06] [431/459] PTBC
[05:06:07] [432/459] RADI
[05:06:07] [433/459] ADCR
[05:06:08] [434/459] SDCS
[05:06:09] [435/459] SRPJ
[05:06:10] [436/459] ARTS
[05:06:11] [437/459] SRHK
[05:06:12] 🔄 Identity reset
[05:06:12] 🔄 Identity rotated (every 10 requests)
[05:06:12] [438/459] SPAY
[05:06:13] [439/459] GPTB
[05:06:14] [440/459] SNNN
[05:06:15] [441/459] BALJ
[05:06:16] [442/459] TRIG
[05:06:17] [443/459] GTYT
[05:06:18] [444/459] ATGN
[05:06:19] [445/459] ANTE
[05:06:19] [446/459] BDCG
[05:06:20] [447/459] VECI
[05:06:21] 🔄 Identity reset
[05:06:21] 🔄 Identity rotated (every 10 requests)
[05:06:21] [448/459] SCPR
[05:06:22] [449/459] RTEA
[05:06:23] [450/459] JSAI
[05:06:24] [451/459] VJTP
[05:06:25] [452/459] GNDS
[05:06:26] [453/459] PAXA
[05:06:27] [454/459] CGGM
[05:06:28] [455/459] ACKZ
[05:06:29] [456/459] EMCC
[05:06:30] [457/459] KLSK
[05:06:30] 🔄 Identity reset
[05:06:30] 🔄 Identity rotated (every 10 requests)
[05:06:30] [458/459] AVCK
[05:06:31] [459/459] JTCK
[05:06:32] 🧹 Deduping shows
[05:06:32] ✅ DONE | Shows=63 | Movies=5
[11:10:00] 🚀 SCRIPT STARTED (enhanced anti‑detection)
[11:10:00] [1/459] NECA
[11:10:01] 🧠 New identity created
[11:10:02] [2/459] BJLC
[11:10:03] [3/459] BASU
[11:10:05] [4/459] RUPI
[11:10:06] [5/459] LCBK
[11:10:07] [6/459] PMAC
[11:10:07] [7/459] AMLC
[11:10:08] [8/459] LICL
[11:10:09] [9/459] UDMM
[11:10:10] [10/459] STBZ
[11:10:11] 🔄 Identity reset
[11:10:11] 🔄 Identity rotated (every 10 requests)
[11:10:11] [11/459] UUBT
[11:10:12] [12/459] SJKC
[11:10:13] [13/459] TUAL
[11:10:14] [14/459] MRSE
[11:10:16] [15/459] RMRK
[11:10:17] [16/459] TTKP
[11:10:18] [17/459] KTKO
[11:10:19] [18/459] SDBK
[11:10:20] [19/459] MCPR
[11:10:21] [20/459] CHTI
[11:10:21] 🔄 Identity reset
[11:10:21] 🔄 Identity rotated (every 10 requests)
[11:10:21] [21/459] GCCP
[11:10:22] [22/459] SRMY
[11:10:24] [23/459] NYST
[11:10:24] [24/459] NYAG
[11:10:25] [25/459] SBMT
[11:10:26] [26/459] INGA
[11:10:27] [27/459] WSIC
[11:10:28] [28/459] SCSS
[11:10:29] [29/459] COPG
[11:10:30] [30/459] RCGR
[11:10:30] 🔄 Identity reset
[11:10:30] 🔄 Identity rotated (every 10 requests)
[11:10:32] [31/459] TCZA
[11:10:33] [32/459] CNLP
[11:10:34] [33/459] CLKN
[11:10:35] [34/459] LHDF
[11:10:35] [35/459] ELKC
[11:10:36] [36/459] VCEM
[11:10:37] [37/459] SSZA
[11:10:38] [38/459] KRMT
[11:10:39] [39/459] LCMV
[11:10:40] [40/459] AYCZ
[11:10:41] 🔄 Identity reset
[11:10:41] 🔄 Identity rotated (every 10 requests)
[11:10:41] [41/459] CUMS
[11:10:42] [42/459] BOCK
[11:10:43] [43/459] PNMR
[11:10:44] [44/459] PJCP
[11:10:45] [45/459] JDDD
[11:10:46] [46/459] STMS
[11:10:46] [47/459] FLMB
[11:10:47] [48/459] PKCM
[11:10:48] [49/459] SPPR
[11:10:49] [50/459] EYLH
[11:10:50] 🔄 Identity reset
[11:10:50] 🔄 Identity rotated (every 10 requests)
[11:10:50] [51/459] RJCC
[11:10:52] [52/459] MMPS
[11:10:53] [53/459] SHMX
[11:10:53] [54/459] CCNL
[11:10:54] [55/459] RCNV
[11:10:56] [56/459] MAAG
[11:10:57] [57/459] LXCM
[11:10:58] [58/459] RCNI
[11:10:59] [59/459] SNNI
[11:10:59] [60/459] LALC
[11:11:00] 🔄 Identity reset
[11:11:00] 🔄 Identity rotated (every 10 requests)
[11:11:01] [61/459] SOCN
[11:11:02] [62/459] JHTP
[11:11:02] [63/459] PITP
[11:11:03] [64/459] CCKW
[11:11:05] [65/459] MCMC
[11:11:06] [66/459] DEES
[11:11:06] [67/459] SABT
[11:11:07] [68/459] VSPP
[11:11:08] [69/459] ABCT
[11:11:09] [70/459] JVTB
[11:11:10] 🔄 Identity reset
[11:11:10] 🔄 Identity rotated (every 10 requests)
[11:11:10] [71/459] VCBD
[11:11:11] [72/459] RMGG
[11:11:12] [73/459] RNMH
[11:11:13] [74/459] SPGL
[11:11:14] [75/459] JTTR
[11:11:15] [76/459] SICS
[11:11:16] [77/459] SRMI
[11:11:17] [78/459] SSIJ
[11:11:17] [79/459] KFMT
[11:11:18] [80/459] VBIT
[11:11:19] 🔄 Identity reset
[11:11:19] 🔄 Identity rotated (every 10 requests)
[11:11:19] 🔄 Retry 1/5 for VBIT in 3.0s
[11:11:19] 🔄 Identity reset
[11:11:22] 🧠 New identity created
[11:11:23] [81/459] JKCT
[11:11:24] [82/459] GCGP
[11:11:25] [83/459] GDCS
[11:11:26] [84/459] TRBA
[11:11:27] [85/459] QUST
[11:11:28] [86/459] VSHM
[11:11:29] [87/459] SDCP
[11:11:30] [88/459] SNVS
[11:11:31] [89/459] NYTO
[11:11:31] 🔄 Identity reset
[11:11:31] 🔄 Identity rotated (every 10 requests)
[11:11:31] [90/459] URWC
[11:11:32] [91/459] GTWH
[11:11:33] [92/459] PFCM
[11:11:34] [93/459] KRTA
[11:11:35] [94/459] AXMC
[11:11:36] [95/459] EVMC
[11:11:37] [96/459] HGSM
[11:11:38] [97/459] ACVM
[11:11:39] [98/459] PSKL
[11:11:40] [99/459] RDMP
[11:11:40] 🔄 Identity reset
[11:11:40] 🔄 Identity rotated (every 10 requests)
[11:11:40] 🔄 Retry 1/5 for RDMP in 2.3s
[11:11:40] 🔄 Identity reset
[11:11:43] 🧠 New identity created
[11:11:43] [100/459] RHGH
[11:11:44] [101/459] OMCM
[11:11:45] [102/459] DCCP
[11:11:46] [103/459] MCPB
[11:11:47] [104/459] ALCI
[11:11:48] [105/459] BLMX
[11:11:49] [106/459] BTMV
[11:11:50] [107/459] FVPN
[11:11:51] [108/459] CMAR
[11:11:51] 🔄 Identity reset
[11:11:51] 🔄 Identity rotated (every 10 requests)
[11:11:51] 🔄 Retry 1/5 for CMAR in 2.4s
[11:11:51] 🔄 Identity reset
[11:11:54] 🧠 New identity created
[11:11:54] [109/459] CEIM
[11:11:55] [110/459] CMVA
[11:11:56] [111/459] CPIV
[11:11:57] [112/459] CNPE
[11:11:58] [113/459] COLV
[11:11:58] [114/459] DNNV
[11:11:59] [115/459] HCAD
[11:12:00] [116/459] TAKA
[11:12:01] [117/459] INVD
[11:12:02] 🔄 Identity reset
[11:12:02] 🔄 Identity rotated (every 10 requests)
[11:12:02] [118/459] IRMM
[11:12:03] [119/459] INSE
[11:12:04] [120/459] MRSW
[11:12:05] [121/459] MCVD
[11:12:06] [122/459] MCSO
[11:12:07] [123/459] PEVM
[11:12:08] [124/459] PVNL
[11:12:09] [125/459] PTCV
[11:12:10] [126/459] PRTC
[11:12:11] [127/459] RCVA
[11:12:11] 🔄 Identity reset
[11:12:11] 🔄 Identity rotated (every 10 requests)
[11:12:12] [128/459] MTBN
[11:12:13] [129/459] LUCP
[11:12:14] [130/459] FMPT
[11:12:16] [131/459] JLSL
[11:12:17] [132/459] SBHA
[11:12:18] [133/459] SHRC
[11:12:19] [134/459] AVPS
[11:12:19] [135/459] STPM
[11:12:20] [136/459] ATRD
[11:12:22] [137/459] VTED
[11:12:23] 🔄 Identity reset
[11:12:23] 🔄 Identity rotated (every 10 requests)
[11:12:23] [138/459] ACAI
[11:12:25] [139/459] SMAE
[11:12:26] [140/459] VMAT
[11:12:27] [141/459] LKCT
[11:12:28] [142/459] JTVK
[11:12:29] [143/459] PRTY
[11:12:29] [144/459] GETT
[11:12:30] [145/459] ESAP
[11:12:32] [146/459] NCPM
[11:12:33] [147/459] PCPA
[11:12:34] 🔄 Identity reset
[11:12:34] 🔄 Identity rotated (every 10 requests)
[11:12:34] [148/459] MMOM
[11:12:36] [149/459] PHUP
[11:12:37] [150/459] CCPI
[11:12:38] [151/459] CNTD
[11:12:39] [152/459] NLJR
[11:12:40] [153/459] SRNG
[11:12:41] [154/459] MHAL
[11:12:41] [155/459] PNSM
[11:12:42] [156/459] DRMY
[11:12:43] [157/459] CCMU
[11:12:44] 🔄 Identity reset
[11:12:44] 🔄 Identity rotated (every 10 requests)
[11:12:44] [158/459] SCMY
[11:12:45] [159/459] PVSY
[11:12:46] [160/459] SDLM
[11:12:47] [161/459] ICCM
[11:12:48] [162/459] PYSU
[11:12:49] [163/459] GATM
[11:12:49] [164/459] WOTM
[11:12:50] [165/459] RKTS
[11:12:51] [166/459] PMTY
[11:12:52] [167/459] LYMS
[11:12:53] 🔄 Identity reset
[11:12:53] 🔄 Identity rotated (every 10 requests)
[11:12:53] [168/459] TGCA
[11:12:54] [169/459] DSTA
[11:12:55] [170/459] CNGE
[11:12:56] [171/459] VSTG
[11:12:57] [172/459] GTCK
[11:12:58] [173/459] TGNT
[11:12:59] [174/459] ASLC
[11:13:00] [175/459] SSST
[11:13:01] [176/459] KBTT
[11:13:02] [177/459] HKCP
[11:13:02] 🔄 Identity reset
[11:13:02] 🔄 Identity rotated (every 10 requests)
[11:13:02] 🔄 Retry 1/5 for HKCP in 2.6s
[11:13:02] 🔄 Identity reset
[11:13:05] 🧠 New identity created
[11:13:05] [178/459] SWLC
[11:13:06] [179/459] RTND
[11:13:07] [180/459] PKKT
[11:13:08] [181/459] HSTK
[11:13:09] [182/459] SPTT
[11:13:10] [183/459] IMPM
[11:13:12] [184/459] SCMV
[11:13:12] [185/459] SPCT
[11:13:13] [186/459] JBCA
[11:13:14] 🔄 Identity reset
[11:13:14] 🔄 Identity rotated (every 10 requests)
[11:13:14] [187/459] ATTR
[11:13:15] [188/459] SPMT
[11:13:16] [189/459] LCTM
[11:13:17] [190/459] SCVL
[11:13:18] [191/459] SCVT
[11:13:19] [192/459] KRIC
[11:13:20] [193/459] CTMG
[11:13:21] [194/459] ACNC
[11:13:21] [195/459] DMCK
[11:13:22] [196/459] KMTV
[11:13:23] 🔄 Identity reset
[11:13:23] 🔄 Identity rotated (every 10 requests)
[11:13:24] [197/459] PFCJ
[11:13:25] [198/459] VNMD
[11:13:26] [199/459] VPCZ
[11:13:27] [200/459] SRYR
[11:13:28] [201/459] SYTR
[11:13:29] [202/459] GATR
[11:13:30] [203/459] URTR
[11:13:31] [204/459] MKSM
[11:13:32] [205/459] VSMH
[11:13:33] [206/459] SKRJ
[11:13:34] 🔄 Identity reset
[11:13:34] 🔄 Identity rotated (every 10 requests)
[11:13:34] 🔄 Retry 1/5 for SKRJ in 2.2s
[11:13:34] 🔄 Identity reset
[11:13:36] 🧠 New identity created
[11:13:36] [207/459] SSJR
[11:13:37] [208/459] SVSM
[11:13:39] [209/459] RUCM
[11:13:40] [210/459] PRKN
[11:13:41] [211/459] RROH
[11:13:42] [212/459] SCTN
[11:13:43] [213/459] RTDM
[11:13:44] [214/459] ASRM
[11:13:45] [215/459] SKMD
[11:13:46] 🔄 Identity reset
[11:13:46] 🔄 Identity rotated (every 10 requests)
[11:13:46] [216/459] SUTD
[11:13:48] [217/459] SADM
[11:13:49] [218/459] WCNR
[11:13:50] [219/459] CNED
[11:13:51] [220/459] MPDB
[11:13:51] [221/459] KTBH
[11:13:53] [222/459] IDRM
[11:13:53] [223/459] PJJT
[11:13:54] [224/459] PFCV
[11:13:55] [225/459] AACT
[11:13:56] 🔄 Identity reset
[11:13:56] 🔄 Identity rotated (every 10 requests)
[11:13:56] [226/459] AAAD
[11:13:57] [227/459] ANES
[11:13:58] [228/459] MNCA
[11:13:59] [229/459] RMGU
[11:14:00] [230/459] DLCN
[11:14:01] [231/459] LJWT
[11:14:01] [232/459] MCBG
[11:14:03] [233/459] MYBG
[11:14:04] [234/459] GCCA
[11:14:05] [235/459] GCGA
[11:14:06] 🔄 Identity reset
[11:14:06] 🔄 Identity rotated (every 10 requests)
[11:14:06] [236/459] ECGN
[11:14:07] [237/459] PRAB
[11:14:08] [238/459] PNMP
[11:14:09] [239/459] GCPT
[11:14:10] [240/459] ROYN
[11:14:11] [241/459] VATM
[11:14:13] [242/459] KSNT
[11:14:14] [243/459] ACTC
[11:14:14] [244/459] PLTD
[11:14:15] [245/459] SKMK
[11:14:16] 🔄 Identity reset
[11:14:16] 🔄 Identity rotated (every 10 requests)
[11:14:16] [246/459] CMTT
[11:14:17] [247/459] SMXP
[11:14:18] [248/459] SCMX
[11:14:19] [249/459] ACXN
[11:14:20] [250/459] ASWT
[11:14:21] [251/459] VVVL
[11:14:22] [252/459] NAGO
[11:14:23] [253/459] SNCN
[11:14:24] [254/459] MCKP
[11:14:25] [255/459] SAMO
[11:14:25] 🔄 Identity reset
[11:14:25] 🔄 Identity rotated (every 10 requests)
[11:14:26] [256/459] JBTV
[11:14:28] [257/459] DCVV
[11:14:28] [258/459] KMSV
[11:14:29] [259/459] KDCN
[11:14:30] [260/459] CNCP
[11:14:31] [261/459] HAMC
[11:14:32] [262/459] CCVZ
[11:14:33] [263/459] NCCK
[11:14:34] [264/459] MCHR
[11:14:35] [265/459] SCHT
[11:14:36] 🔄 Identity reset
[11:14:36] 🔄 Identity rotated (every 10 requests)
[11:14:36] [266/459] ESSH
[11:14:37] [267/459] CUJC
[11:14:38] [268/459] PECP
[11:14:38] [269/459] PMMI
[11:14:40] [270/459] PCCH
[11:14:40] [271/459] PRPM
[11:14:41] [272/459] PVKL
[11:14:42] [273/459] CBSM
[11:14:43] [274/459] PVCZ
[11:14:44] [275/459] PCVV
[11:14:45] 🔄 Identity reset
[11:14:45] 🔄 Identity rotated (every 10 requests)
[11:14:45] [276/459] CTMJ
[11:14:46] [277/459] RCPS
[11:14:47] [278/459] PCIT
[11:14:48] [279/459] FNCH
[11:14:49] [280/459] INZD
[11:14:49] [281/459] INPC
[11:14:50] [282/459] LCZP
[11:14:51] [283/459] SMCB
[11:14:52] [284/459] PTSB
[11:14:53] [285/459] TPSI
[11:14:53] 🔄 Identity reset
[11:14:54] 🔄 Identity rotated (every 10 requests)
[11:14:55] [286/459] KHMJ
[11:14:56] [287/459] RCCJ
[11:14:57] [288/459] NCJA
[11:14:58] [289/459] NCJN
[11:14:58] [290/459] BTDP
[11:14:59] [291/459] PADY
[11:15:00] [292/459] NYBH
[11:15:01] [293/459] MTBR
[11:15:02] [294/459] KRBC
[11:15:03] [295/459] DKTI
[11:15:03] 🔄 Identity reset
[11:15:03] 🔄 Identity rotated (every 10 requests)
[11:15:04] [296/459] ANAN
[11:15:05] [297/459] INBP
[11:15:06] [298/459] PATB
[11:15:06] [299/459] RGNT
[11:15:07] [300/459] CGPM
[11:15:08] [301/459] INTN
[11:15:09] [302/459] MCMP
[11:15:10] [303/459] ASRG
[11:15:11] [304/459] CXJD
[11:15:12] [305/459] SPCP
[11:15:13] 🔄 Identity reset
[11:15:13] 🔄 Identity rotated (every 10 requests)
[11:15:13] [306/459] CSTP
[11:15:14] [307/459] PKVC
[11:15:15] [308/459] ESCP
[11:15:15] [309/459] CAEP
[11:15:16] [310/459] CCSP
[11:15:18] [311/459] KTPC
[11:15:19] [312/459] DACA
[11:15:20] [313/459] NVKY
[11:15:21] [314/459] PTIN
[11:15:21] [315/459] SCIN
[11:15:22] 🔄 Identity reset
[11:15:22] 🔄 Identity rotated (every 10 requests)
[11:15:23] [316/459] MCTY
[11:15:24] [317/459] PCMX
[11:15:25] [318/459] INIC
[11:15:26] [319/459] MMZM
[11:15:27] [320/459] SSLP
[11:15:28] [321/459] DTDT
[11:15:29] [322/459] FFCX
[11:15:29] [323/459] RCMM
[11:15:30] [324/459] KYID
[11:15:31] [325/459] CSCI
[11:15:32] 🔄 Identity reset
[11:15:32] 🔄 Identity rotated (every 10 requests)
[11:15:32] [326/459] FCMC
[11:15:34] [327/459] MMXI
[11:15:36] [328/459] ASTC
[11:15:37] [329/459] CMRA
[11:15:38] [330/459] DICI
[11:15:40] [331/459] KDIN
[11:15:41] [332/459] PRFI
[11:15:43] [333/459] SVFC
[11:15:44] [334/459] UCPL
[11:15:45] [335/459] COOC
[11:15:45] 🔄 Identity reset
[11:15:45] 🔄 Identity rotated (every 10 requests)
[11:15:45] [336/459] SCAL
[11:15:46] [337/459] SVFF
[11:15:48] [338/459] VCMG
[11:15:49] [339/459] UUCT
[11:15:50] [340/459] GCSE
[11:15:51] [341/459] SUSC
[11:15:52] [342/459] MISC
[11:15:53] [343/459] RMBL
[11:15:54] [344/459] CMXN
[11:15:55] [345/459] PVBK
[11:15:56] 🔄 Identity reset
[11:15:56] 🔄 Identity rotated (every 10 requests)
[11:15:57] [346/459] HHCG
[11:15:57] [347/459] SCAG
[11:15:58] [348/459] CNPR
[11:15:59] [349/459] CSER
[11:16:00] [350/459] HLWD
[11:16:01] [351/459] BOLY
[11:16:02] [352/459] SSPG
[11:16:03] [353/459] MUPX
[11:16:04] [354/459] HAMR
[11:16:05] [355/459] SDNC
[11:16:06] 🔄 Identity reset
[11:16:06] 🔄 Identity rotated (every 10 requests)
[11:16:06] [356/459] RTEN
[11:16:07] [357/459] SDTD
[11:16:08] [358/459] KAWS
[11:16:09] [359/459] CMZX
[11:16:09] [360/459] DCDD
[11:16:10] [361/459] ALSN
[11:16:11] [362/459] IMXS
[11:16:13] [363/459] PVFF
[11:16:14] [364/459] PVOO
[11:16:15] [365/459] CFBS
[11:16:16] 🔄 Identity reset
[11:16:16] 🔄 Identity rotated (every 10 requests)
[11:16:16] [366/459] PVER
[11:16:17] [367/459] PPNX
[11:16:18] [368/459] CNRM
[11:16:20] [369/459] PVWW
[11:16:21] [370/459] INMB
[11:16:22] [371/459] CPJR
[11:16:24] [372/459] INRZ
[11:16:25] [373/459] PMSR
[11:16:26] [374/459] GPGM
[11:16:27] [375/459] PGWB
[11:16:28] 🔄 Identity reset
[11:16:28] 🔄 Identity rotated (every 10 requests)
[11:16:29] [376/459] PMBR
[11:16:30] [377/459] GPAM
[11:16:31] [378/459] INBC
[11:16:32] [379/459] PZVK
[11:16:33] [380/459] CPEB
[11:16:35] [381/459] FMLB
[11:16:36] [382/459] INBG
[11:16:37] [383/459] GPBR
[11:16:38] [384/459] PAAS
[11:16:39] [385/459] VTBR
[11:16:40] 🔄 Identity reset
[11:16:40] 🔄 Identity rotated (every 10 requests)
[11:16:40] [386/459] GPMY
[11:16:41] [387/459] GYBU
[11:16:42] [388/459] INBJ
[11:16:43] [389/459] LKTH
[11:16:44] [390/459] NSBR
[11:16:45] [391/459] PDRD
[11:16:47] [392/459] VRBL
[11:16:48] [393/459] VTGB
[11:16:49] [394/459] VTSK
[11:16:50] [395/459] BKDV
[11:16:50] 🔄 Identity reset
[11:16:50] 🔄 Identity rotated (every 10 requests)
[11:16:51] [396/459] SVTB
[11:16:53] [397/459] MLDT
[11:16:54] [398/459] NRBL
[11:16:55] [399/459] SLTR
[11:16:56] [400/459] VNKA
[11:16:57] [401/459] TDCA
[11:16:58] [402/459] INBM
[11:16:59] [403/459] SSNR
[11:17:00] [404/459] BHAC
[11:17:01] [405/459] SDSD
[11:17:02] 🔄 Identity reset
[11:17:02] 🔄 Identity rotated (every 10 requests)
[11:17:02] [406/459] SAMP
[11:17:04] [407/459] RATK
[11:17:05] [408/459] KCBI
[11:17:05] [409/459] URBL
[11:17:06] [410/459] MKBG
[11:17:07] [411/459] ASTB
[11:17:08] [412/459] VBWT
[11:17:09] [413/459] GPSM
[11:17:11] [414/459] ROON
[11:17:11] [415/459] CHTH
[11:17:12] 🔄 Identity reset
[11:17:12] 🔄 Identity rotated (every 10 requests)
[11:17:12] [416/459] SSPA
[11:17:13] [417/459] ANBL
[11:17:14] [418/459] VTBE
[11:17:15] [419/459] SVKT
[11:17:16] [420/459] SVYK
[11:17:17] [421/459] PTBK
[11:17:18] [422/459] RKTB
[11:17:19] [423/459] BALT
[11:17:20] [424/459] STSV
[11:17:21] [425/459] VCCB
[11:17:21] 🔄 Identity reset
[11:17:21] 🔄 Identity rotated (every 10 requests)
[11:17:22] [426/459] SLTB
[11:17:22] [427/459] SBCR
[11:17:23] [428/459] VDCS
[11:17:24] [429/459] MDKI
[11:17:25] [430/459] SMRN
[11:17:26] [431/459] PTBC
[11:17:27] [432/459] RADI
[11:17:28] [433/459] ADCR
[11:17:29] [434/459] SDCS
[11:17:30] [435/459] SRPJ
[11:17:30] 🔄 Identity reset
[11:17:30] 🔄 Identity rotated (every 10 requests)
[11:17:31] [436/459] ARTS
[11:17:32] [437/459] SRHK
[11:17:33] [438/459] SPAY
[11:17:34] [439/459] GPTB
[11:17:35] [440/459] SNNN
[11:17:35] [441/459] BALJ
[11:17:36] [442/459] TRIG
[11:17:37] [443/459] GTYT
[11:17:38] [444/459] ATGN
[11:17:39] [445/459] ANTE
[11:17:40] 🔄 Identity reset
[11:17:40] 🔄 Identity rotated (every 10 requests)
[11:17:41] [446/459] BDCG
[11:17:42] [447/459] VECI
[11:17:43] [448/459] SCPR
[11:17:44] [449/459] RTEA
[11:17:45] [450/459] JSAI
[11:17:45] [451/459] VJTP
[11:17:46] [452/459] GNDS
[11:17:47] [453/459] PAXA
[11:17:48] [454/459] CGGM
[11:17:49] [455/459] ACKZ
[11:17:50] 🔄 Identity reset
[11:17:50] 🔄 Identity rotated (every 10 requests)
[11:17:50] [456/459] EMCC
[11:17:51] [457/459] KLSK
[11:17:52] [458/459] AVCK
[11:17:53] [459/459] JTCK
[11:17:54] 🧹 Deduping shows
[11:17:54] ✅ DONE | Shows=63 | Movies=5
[19:32:51] 🚀 SCRIPT STARTED (enhanced anti‑detection)
[19:32:51] [1/459] NECA
[19:32:52] 🧠 New identity created
[19:32:52] [2/459] BJLC
[19:32:53] [3/459] BASU
[19:32:54] [4/459] RUPI
[19:32:55] [5/459] LCBK
[19:32:56] [6/459] PMAC
[19:32:58] [7/459] AMLC
[19:32:59] [8/459] LICL
[19:32:59] [9/459] UDMM
[19:33:00] [10/459] STBZ
[19:33:01] 🔄 Identity reset
[19:33:01] 🔄 Identity rotated (every 10 requests)
[19:33:01] [11/459] UUBT
[19:33:02] [12/459] SJKC
[19:33:03] [13/459] TUAL
[19:33:04] [14/459] MRSE
[19:33:05] [15/459] RMRK
[19:33:06] [16/459] TTKP
[19:33:07] [17/459] KTKO
[19:33:07] [18/459] SDBK
[19:33:08] [19/459] MCPR
[19:33:09] [20/459] CHTI
[19:33:10] 🔄 Identity reset
[19:33:10] 🔄 Identity rotated (every 10 requests)
[19:33:10] [21/459] GCCP
[19:33:11] [22/459] SRMY
[19:33:12] [23/459] NYST
[19:33:13] [24/459] NYAG
[19:33:14] [25/459] SBMT
[19:33:15] [26/459] INGA
[19:33:16] [27/459] WSIC
[19:33:17] [28/459] SCSS
[19:33:18] [29/459] COPG
[19:33:19] [30/459] RCGR
[19:33:19] 🔄 Identity reset
[19:33:19] 🔄 Identity rotated (every 10 requests)
[19:33:20] [31/459] TCZA
[19:33:21] [32/459] CNLP
[19:33:22] [33/459] CLKN
[19:33:22] [34/459] LHDF
[19:33:23] [35/459] ELKC
[19:33:24] [36/459] VCEM
[19:33:25] [37/459] SSZA
[19:33:27] [38/459] KRMT
[19:33:27] [39/459] LCMV
[19:33:28] [40/459] AYCZ
[19:33:29] 🔄 Identity reset
[19:33:29] 🔄 Identity rotated (every 10 requests)
[19:33:29] [41/459] CUMS
[19:33:30] [42/459] BOCK
[19:33:32] [43/459] PNMR
[19:33:33] [44/459] PJCP
[19:33:33] [45/459] JDDD
[19:33:34] [46/459] STMS
[19:33:35] [47/459] FLMB
[19:33:37] [48/459] PKCM
[19:33:37] [49/459] SPPR
[19:33:38] [50/459] EYLH
[19:33:39] 🔄 Identity reset
[19:33:39] 🔄 Identity rotated (every 10 requests)
[19:33:39] 🔄 Retry 1/5 for EYLH in 2.1s
[19:33:39] 🔄 Identity reset
[19:33:41] 🧠 New identity created
[19:33:42] [51/459] RJCC
[19:33:43] [52/459] MMPS
[19:33:43] [53/459] SHMX
[19:33:44] [54/459] CCNL
[19:33:45] [55/459] RCNV
[19:33:46] [56/459] MAAG
[19:33:47] [57/459] LXCM
[19:33:48] [58/459] RCNI
[19:33:49] [59/459] SNNI
[19:33:50] 🔄 Identity reset
[19:33:50] 🔄 Identity rotated (every 10 requests)
[19:33:50] [60/459] LALC
[19:33:51] [61/459] SOCN
[19:33:52] [62/459] JHTP
[19:33:53] [63/459] PITP
[19:33:54] [64/459] CCKW
[19:33:55] [65/459] MCMC
[19:33:57] [66/459] DEES
[19:33:57] [67/459] SABT
[19:33:58] [68/459] VSPP
[19:33:59] [69/459] ABCT
[19:34:00] 🔄 Identity reset
[19:34:00] 🔄 Identity rotated (every 10 requests)
[19:34:00] [70/459] JVTB
[19:34:01] [71/459] VCBD
[19:34:02] [72/459] RMGG
[19:34:03] [73/459] RNMH
[19:34:04] [74/459] SPGL
[19:34:04] [75/459] JTTR
[19:34:05] [76/459] SICS
[19:34:06] [77/459] SRMI
[19:34:07] [78/459] SSIJ
[19:34:08] [79/459] KFMT
[19:34:09] 🔄 Identity reset
[19:34:09] 🔄 Identity rotated (every 10 requests)
[19:34:09] [80/459] VBIT
[19:34:10] [81/459] JKCT
[19:34:11] [82/459] GCGP
[19:34:12] [83/459] GDCS
[19:34:13] [84/459] TRBA
[19:34:14] [85/459] QUST
[19:34:15] [86/459] VSHM
[19:34:16] [87/459] SDCP
[19:34:18] [88/459] SNVS
[19:34:19] [89/459] NYTO
[19:34:19] 🔄 Identity reset
[19:34:19] 🔄 Identity rotated (every 10 requests)
[19:34:19] [90/459] URWC
[19:34:20] [91/459] GTWH
[19:34:21] [92/459] PFCM
[19:34:22] [93/459] KRTA
[19:34:23] [94/459] AXMC
[19:34:24] [95/459] EVMC
[19:34:26] [96/459] HGSM
[19:34:27] [97/459] ACVM
[19:34:28] [98/459] PSKL
[19:34:29] [99/459] RDMP
[19:34:29] 🔄 Identity reset
[19:34:29] 🔄 Identity rotated (every 10 requests)
[19:34:30] [100/459] RHGH
[19:34:31] [101/459] OMCM
[19:34:33] [102/459] DCCP
[19:34:34] [103/459] MCPB
[19:34:35] [104/459] ALCI
[19:34:35] [105/459] BLMX
[19:34:36] [106/459] BTMV
[19:34:37] [107/459] FVPN
[19:34:38] [108/459] CMAR
[19:34:39] [109/459] CEIM
[19:34:40] 🔄 Identity reset
[19:34:40] 🔄 Identity rotated (every 10 requests)
[19:34:40] [110/459] CMVA
[19:34:41] [111/459] CPIV
[19:34:43] [112/459] CNPE
[19:34:44] [113/459] COLV
[19:34:45] [114/459] DNNV
[19:34:45] [115/459] HCAD
[19:34:46] [116/459] TAKA
[19:34:47] [117/459] INVD
[19:34:48] [118/459] IRMM
[19:34:49] [119/459] INSE
[19:34:50] 🔄 Identity reset
[19:34:50] 🔄 Identity rotated (every 10 requests)
[19:34:50] [120/459] MRSW
[19:34:51] [121/459] MCVD
[19:34:52] [122/459] MCSO
[19:34:53] [123/459] PEVM
[19:34:54] [124/459] PVNL
[19:34:55] [125/459] PTCV
[19:34:57] [126/459] PRTC
[19:34:58] [127/459] RCVA
[19:34:59] [128/459] MTBN
[19:35:00] [129/459] LUCP
[19:35:00] 🔄 Identity reset
[19:35:00] 🔄 Identity rotated (every 10 requests)
[19:35:01] [130/459] FMPT
[19:35:02] [131/459] JLSL
[19:35:02] [132/459] SBHA
[19:35:03] [133/459] SHRC
[19:35:04] [134/459] AVPS
[19:35:05] [135/459] STPM
[19:35:07] [136/459] ATRD
[19:35:08] [137/459] VTED
[19:35:09] [138/459] ACAI
[19:35:10] [139/459] SMAE
[19:35:11] 🔄 Identity reset
[19:35:11] 🔄 Identity rotated (every 10 requests)
[19:35:11] [140/459] VMAT
[19:35:12] [141/459] LKCT
[19:35:13] [142/459] JTVK
[19:35:14] [143/459] PRTY
[19:35:15] [144/459] GETT
[19:35:16] [145/459] ESAP
[19:35:17] [146/459] NCPM
[19:35:18] [147/459] PCPA
[19:35:19] [148/459] MMOM
[19:35:21] [149/459] PHUP
[19:35:21] 🔄 Identity reset
[19:35:21] 🔄 Identity rotated (every 10 requests)
[19:35:22] [150/459] CCPI
[19:35:23] [151/459] CNTD
[19:35:24] [152/459] NLJR
[19:35:24] [153/459] SRNG
[19:35:25] [154/459] MHAL
[19:35:27] [155/459] PNSM
[19:35:28] [156/459] DRMY
[19:35:29] [157/459] CCMU
[19:35:30] [158/459] SCMY
[19:35:31] [159/459] PVSY
[19:35:31] 🔄 Identity reset
[19:35:31] 🔄 Identity rotated (every 10 requests)
[19:35:32] [160/459] SDLM
[19:35:33] [161/459] ICCM
[19:35:34] [162/459] PYSU
[19:35:35] [163/459] GATM
[19:35:36] [164/459] WOTM
[19:35:37] [165/459] RKTS
[19:35:38] [166/459] PMTY
[19:35:39] [167/459] LYMS
[19:35:40] [168/459] TGCA
[19:35:41] [169/459] DSTA
[19:35:42] 🔄 Identity reset
[19:35:42] 🔄 Identity rotated (every 10 requests)
[19:35:42] [170/459] CNGE
[19:35:43] [171/459] VSTG
[19:35:44] [172/459] GTCK
[19:35:46] [173/459] TGNT
[19:35:46] [174/459] ASLC
[19:35:47] [175/459] SSST
[19:35:48] [176/459] KBTT
[19:35:49] [177/459] HKCP
[19:35:50] [178/459] SWLC
[19:35:52] [179/459] RTND
[19:35:52] 🔄 Identity reset
[19:35:52] 🔄 Identity rotated (every 10 requests)
[19:35:53] [180/459] PKKT
[19:35:54] [181/459] HSTK
[19:35:55] [182/459] SPTT
[19:35:56] [183/459] IMPM
[19:35:56] [184/459] SCMV
[19:35:58] [185/459] SPCT
[19:35:59] [186/459] JBCA
[19:36:00] [187/459] ATTR
[19:36:01] [188/459] SPMT
[19:36:02] [189/459] LCTM
[19:36:02] 🔄 Identity reset
[19:36:02] 🔄 Identity rotated (every 10 requests)
[19:36:03] [190/459] SCVL
[19:36:04] [191/459] SCVT
[19:36:05] [192/459] KRIC
[19:36:06] [193/459] CTMG
[19:36:06] [194/459] ACNC
[19:36:07] [195/459] DMCK
[19:36:08] [196/459] KMTV
[19:36:09] [197/459] PFCJ
[19:36:10] [198/459] VNMD
[19:36:11] [199/459] VPCZ
[19:36:12] 🔄 Identity reset
[19:36:12] 🔄 Identity rotated (every 10 requests)
[19:36:12] [200/459] SRYR
[19:36:13] [201/459] SYTR
[19:36:14] [202/459] GATR
[19:36:15] [203/459] URTR
[19:36:16] [204/459] MKSM
[19:36:17] [205/459] VSMH
[19:36:18] [206/459] SKRJ
[19:36:18] [207/459] SSJR
[19:36:20] [208/459] SVSM
[19:36:21] [209/459] RUCM
[19:36:22] 🔄 Identity reset
[19:36:22] 🔄 Identity rotated (every 10 requests)
[19:36:22] [210/459] PRKN
[19:36:23] [211/459] RROH
[19:36:24] [212/459] SCTN
[19:36:25] [213/459] RTDM
[19:36:26] [214/459] ASRM
[19:36:27] [215/459] SKMD
[19:36:28] [216/459] SUTD
[19:36:29] [217/459] SADM
[19:36:30] [218/459] WCNR
[19:36:30] [219/459] CNED
[19:36:31] 🔄 Identity reset
[19:36:31] 🔄 Identity rotated (every 10 requests)
[19:36:32] [220/459] MPDB
[19:36:32] [221/459] KTBH
[19:36:33] [222/459] IDRM
[19:36:34] [223/459] PJJT
[19:36:35] [224/459] PFCV
[19:36:36] [225/459] AACT
[19:36:37] [226/459] AAAD
[19:36:38] [227/459] ANES
[19:36:38] [228/459] MNCA
[19:36:39] [229/459] RMGU
[19:36:40] 🔄 Identity reset
[19:36:40] 🔄 Identity rotated (every 10 requests)
[19:36:40] 🔄 Retry 1/5 for RMGU in 2.9s
[19:36:40] 🔄 Identity reset
[19:36:43] 🧠 New identity created
[19:36:43] 🔄 Retry 2/5 for RMGU in 4.5s
[19:36:43] 🔄 Identity reset
[19:36:48] 🧠 New identity created
[19:36:48] [230/459] DLCN
[19:36:49] [231/459] LJWT
[19:36:51] [232/459] MCBG
[19:36:52] [233/459] MYBG
[19:36:53] [234/459] GCCA
[19:36:53] [235/459] GCGA
[19:36:54] [236/459] ECGN
[19:36:55] [237/459] PRAB
[19:36:56] 🔄 Identity reset
[19:36:56] 🔄 Identity rotated (every 10 requests)
[19:36:56] [238/459] PNMP
[19:36:57] [239/459] GCPT
[19:36:58] [240/459] ROYN
[19:36:59] [241/459] VATM
[19:37:00] [242/459] KSNT
[19:37:01] [243/459] ACTC
[19:37:03] [244/459] PLTD
[19:37:04] [245/459] SKMK
[19:37:05] [246/459] CMTT
[19:37:05] [247/459] SMXP
[19:37:06] 🔄 Identity reset
[19:37:06] 🔄 Identity rotated (every 10 requests)
[19:37:07] [248/459] SCMX
[19:37:08] [249/459] ACXN
[19:37:09] [250/459] ASWT
[19:37:10] [251/459] VVVL
[19:37:10] [252/459] NAGO
[19:37:11] [253/459] SNCN
[19:37:12] [254/459] MCKP
[19:37:13] [255/459] SAMO
[19:37:14] [256/459] JBTV
[19:37:15] [257/459] DCVV
[19:37:16] 🔄 Identity reset
[19:37:16] 🔄 Identity rotated (every 10 requests)
[19:37:16] [258/459] KMSV
[19:37:17] [259/459] KDCN
[19:37:18] [260/459] CNCP
[19:37:19] [261/459] HAMC
[19:37:20] [262/459] CCVZ
[19:37:21] [263/459] NCCK
[19:37:22] [264/459] MCHR
[19:37:23] [265/459] SCHT
[19:37:24] [266/459] ESSH
[19:37:25] [267/459] CUJC
[19:37:25] 🔄 Identity reset
[19:37:25] 🔄 Identity rotated (every 10 requests)
[19:37:26] [268/459] PECP
[19:37:27] [269/459] PMMI
[19:37:28] [270/459] PCCH
[19:37:29] [271/459] PRPM
[19:37:30] [272/459] PVKL
[19:37:30] [273/459] CBSM
[19:37:31] [274/459] PVCZ
[19:37:32] [275/459] PCVV
[19:37:33] [276/459] CTMJ
[19:37:34] [277/459] RCPS
[19:37:35] 🔄 Identity reset
[19:37:35] 🔄 Identity rotated (every 10 requests)
[19:37:35] [278/459] PCIT
[19:37:36] [279/459] FNCH
[19:37:37] [280/459] INZD
[19:37:38] [281/459] INPC
[19:37:39] [282/459] LCZP
[19:37:40] [283/459] SMCB
[19:37:40] [284/459] PTSB
[19:37:41] [285/459] TPSI
[19:37:42] [286/459] KHMJ
[19:37:43] [287/459] RCCJ
[19:37:44] 🔄 Identity reset
[19:37:44] 🔄 Identity rotated (every 10 requests)
[19:37:44] [288/459] NCJA
[19:37:45] [289/459] NCJN
[19:37:46] [290/459] BTDP
[19:37:47] [291/459] PADY
[19:37:48] [292/459] NYBH
[19:37:49] [293/459] MTBR
[19:37:49] [294/459] KRBC
[19:37:50] [295/459] DKTI
[19:37:51] [296/459] ANAN
[19:37:53] [297/459] INBP
[19:37:53] 🔄 Identity reset
[19:37:53] 🔄 Identity rotated (every 10 requests)
[19:37:54] [298/459] PATB
[19:37:55] [299/459] RGNT
[19:37:56] [300/459] CGPM
[19:37:57] [301/459] INTN
[19:37:58] [302/459] MCMP
[19:37:59] [303/459] ASRG
[19:37:59] [304/459] CXJD
[19:38:00] [305/459] SPCP
[19:38:01] [306/459] CSTP
[19:38:02] [307/459] PKVC
[19:38:03] 🔄 Identity reset
[19:38:03] 🔄 Identity rotated (every 10 requests)
[19:38:03] [308/459] ESCP
[19:38:04] [309/459] CAEP
[19:38:05] [310/459] CCSP
[19:38:06] [311/459] KTPC
[19:38:07] [312/459] DACA
[19:38:08] [313/459] NVKY
[19:38:08] [314/459] PTIN
[19:38:09] [315/459] SCIN
[19:38:10] [316/459] MCTY
[19:38:11] [317/459] PCMX
[19:38:11] 🔄 Identity reset
[19:38:11] 🔄 Identity rotated (every 10 requests)
[19:38:12] [318/459] INIC
[19:38:13] [319/459] MMZM
[19:38:14] [320/459] SSLP
[19:38:14] [321/459] DTDT
[19:38:15] [322/459] FFCX
[19:38:16] [323/459] RCMM
[19:38:17] [324/459] KYID
[19:38:19] [325/459] CSCI
[19:38:19] [326/459] FCMC
[19:38:20] [327/459] MMXI
[19:38:21] 🔄 Identity reset
[19:38:21] 🔄 Identity rotated (every 10 requests)
[19:38:21] [328/459] ASTC
[19:38:22] [329/459] CMRA
[19:38:24] [330/459] DICI
[19:38:25] [331/459] KDIN
[19:38:26] [332/459] PRFI
[19:38:27] [333/459] SVFC
[19:38:28] [334/459] UCPL
[19:38:30] [335/459] COOC
[19:38:31] [336/459] SCAL
[19:38:32] [337/459] SVFF
[19:38:32] 🔄 Identity reset
[19:38:33] 🔄 Identity rotated (every 10 requests)
[19:38:33] [338/459] VCMG
[19:38:34] [339/459] UUCT
[19:38:35] [340/459] GCSE
[19:38:36] [341/459] SUSC
[19:38:36] [342/459] MISC
[19:38:38] [343/459] RMBL
[19:38:38] [344/459] CMXN
[19:38:39] [345/459] PVBK
[19:38:40] [346/459] HHCG
[19:38:41] [347/459] SCAG
[19:38:42] 🔄 Identity reset
[19:38:42] 🔄 Identity rotated (every 10 requests)
[19:38:42] 🔄 Retry 1/5 for SCAG in 2.1s
[19:38:42] 🔄 Identity reset
[19:38:44] 🧠 New identity created
[19:38:44] [348/459] CNPR
[19:38:45] [349/459] CSER
[19:38:46] [350/459] HLWD
[19:38:47] [351/459] BOLY
[19:38:48] [352/459] SSPG
[19:38:49] [353/459] MUPX
[19:38:50] [354/459] HAMR
[19:38:51] [355/459] SDNC
[19:38:52] [356/459] RTEN
[19:38:52] 🔄 Identity reset
[19:38:53] 🔄 Identity rotated (every 10 requests)
[19:38:53] [357/459] SDTD
[19:38:54] [358/459] KAWS
[19:38:55] [359/459] CMZX
[19:38:56] [360/459] DCDD
[19:38:57] [361/459] ALSN
[19:38:58] [362/459] IMXS
[19:38:59] [363/459] PVFF
[19:39:00] [364/459] PVOO
[19:39:02] [365/459] CFBS
[19:39:03] [366/459] PVER
[19:39:03] 🔄 Identity reset
[19:39:03] 🔄 Identity rotated (every 10 requests)
[19:39:04] [367/459] PPNX
[19:39:06] [368/459] CNRM
[19:39:07] [369/459] PVWW
[19:39:08] [370/459] INMB
[19:39:09] [371/459] CPJR
[19:39:10] [372/459] INRZ
[19:39:11] [373/459] PMSR
[19:39:12] [374/459] GPGM
[19:39:12] [375/459] PGWB
[19:39:13] [376/459] PMBR
[19:39:14] 🔄 Identity reset
[19:39:14] 🔄 Identity rotated (every 10 requests)
[19:39:14] [377/459] GPAM
[19:39:15] [378/459] INBC
[19:39:16] [379/459] PZVK
[19:39:17] [380/459] CPEB
[19:39:18] [381/459] FMLB
[19:39:19] [382/459] INBG
[19:39:20] [383/459] GPBR
[19:39:20] [384/459] PAAS
[19:39:21] [385/459] VTBR
[19:39:22] [386/459] GPMY
[19:39:23] 🔄 Identity reset
[19:39:23] 🔄 Identity rotated (every 10 requests)
[19:39:23] [387/459] GYBU
[19:39:24] [388/459] INBJ
[19:39:25] [389/459] LKTH
[19:39:26] [390/459] NSBR
[19:39:27] [391/459] PDRD
[19:39:28] [392/459] VRBL
[19:39:29] [393/459] VTGB
[19:39:30] [394/459] VTSK
[19:39:30] [395/459] BKDV
[19:39:31] [396/459] SVTB
[19:39:32] 🔄 Identity reset
[19:39:32] 🔄 Identity rotated (every 10 requests)
[19:39:32] [397/459] MLDT
[19:39:33] [398/459] NRBL
[19:39:34] [399/459] SLTR
[19:39:35] [400/459] VNKA
[19:39:36] [401/459] TDCA
[19:39:37] [402/459] INBM
[19:39:38] [403/459] SSNR
[19:39:39] [404/459] BHAC
[19:39:40] [405/459] SDSD
[19:39:41] [406/459] SAMP
[19:39:41] 🔄 Identity reset
[19:39:41] 🔄 Identity rotated (every 10 requests)
[19:39:41] [407/459] RATK
[19:39:42] [408/459] KCBI
[19:39:43] [409/459] URBL
[19:39:44] [410/459] MKBG
[19:39:45] [411/459] ASTB
[19:39:46] [412/459] VBWT
[19:39:48] [413/459] GPSM
[19:39:49] [414/459] ROON
[19:39:49] [415/459] CHTH
[19:39:51] [416/459] SSPA
[19:39:51] 🔄 Identity reset
[19:39:51] 🔄 Identity rotated (every 10 requests)
[19:39:51] [417/459] ANBL
[19:39:52] [418/459] VTBE
[19:39:53] [419/459] SVKT
[19:39:54] [420/459] SVYK
[19:39:56] [421/459] PTBK
[19:39:57] [422/459] RKTB
[19:39:58] [423/459] BALT
[19:39:59] [424/459] STSV
[19:40:00] [425/459] VCCB
[19:40:01] [426/459] SLTB
[19:40:01] 🔄 Identity reset
[19:40:01] 🔄 Identity rotated (every 10 requests)
[19:40:02] [427/459] SBCR
[19:40:03] [428/459] VDCS
[19:40:04] [429/459] MDKI
[19:40:04] [430/459] SMRN
[19:40:05] [431/459] PTBC
[19:40:06] [432/459] RADI
[19:40:07] [433/459] ADCR
[19:40:08] [434/459] SDCS
[19:40:09] [435/459] SRPJ
[19:40:11] [436/459] ARTS
[19:40:11] 🔄 Identity reset
[19:40:11] 🔄 Identity rotated (every 10 requests)
[19:40:12] [437/459] SRHK
[19:40:13] [438/459] SPAY
[19:40:14] [439/459] GPTB
[19:40:14] [440/459] SNNN
[19:40:15] [441/459] BALJ
[19:40:16] [442/459] TRIG
[19:40:17] [443/459] GTYT
[19:40:18] [444/459] ATGN
[19:40:19] [445/459] ANTE
[19:40:20] [446/459] BDCG
[19:40:21] 🔄 Identity reset
[19:40:21] 🔄 Identity rotated (every 10 requests)
[19:40:21] [447/459] VECI
[19:40:22] [448/459] SCPR
[19:40:23] [449/459] RTEA
[19:40:23] [450/459] JSAI
[19:40:24] [451/459] VJTP
[19:40:25] [452/459] GNDS
[19:40:26] [453/459] PAXA
[19:40:27] [454/459] CGGM
[19:40:28] [455/459] ACKZ
[19:40:29] [456/459] EMCC
[19:40:30] 🔄 Identity reset
[19:40:30] 🔄 Identity rotated (every 10 requests)
[19:40:30] [457/459] KLSK
[19:40:31] [458/459] AVCK
[19:40:32] [459/459] JTCK
[19:40:32] 🧹 Deduping shows
[19:40:32] ✅ DONE | Shows=67 | Movies=6
[01:28:49] 🚀 SCRIPT STARTED (enhanced anti‑detection)
[01:28:49] [1/459] NECA
[01:28:49] 🧠 New identity created
[01:28:50] [2/459] BJLC
[01:28:51] [3/459] BASU
[01:28:52] [4/459] RUPI
[01:28:53] [5/459] LCBK
[01:28:54] [6/459] PMAC
[01:28:55] [7/459] AMLC
[01:28:56] [8/459] LICL
[01:28:56] [9/459] UDMM
[01:28:57] [10/459] STBZ
[01:28:58] 🔄 Identity reset
[01:28:58] 🔄 Identity rotated (every 10 requests)
[01:28:58] [11/459] UUBT
[01:28:59] [12/459] SJKC
[01:29:00] [13/459] TUAL
[01:29:01] [14/459] MRSE
[01:29:02] [15/459] RMRK
[01:29:03] [16/459] TTKP
[01:29:04] [17/459] KTKO
[01:29:05] [18/459] SDBK
[01:29:06] [19/459] MCPR
[01:29:07] [20/459] CHTI
[01:29:07] 🔄 Identity reset
[01:29:07] 🔄 Identity rotated (every 10 requests)
[01:29:08] [21/459] GCCP
[01:29:09] [22/459] SRMY
[01:29:11] [23/459] NYST
[01:29:13] [24/459] NYAG
[01:29:13] [25/459] SBMT
[01:29:14] [26/459] INGA
[01:29:15] [27/459] WSIC
[01:29:16] [28/459] SCSS
[01:29:17] [29/459] COPG
[01:29:18] [30/459] RCGR
[01:29:19] 🔄 Identity reset
[01:29:19] 🔄 Identity rotated (every 10 requests)
[01:29:19] [31/459] TCZA
[01:29:20] [32/459] CNLP
[01:29:21] [33/459] CLKN
[01:29:22] [34/459] LHDF
[01:29:23] [35/459] ELKC
[01:29:24] [36/459] VCEM
[01:29:24] [37/459] SSZA
[01:29:25] [38/459] KRMT
[01:29:26] [39/459] LCMV
[01:29:27] [40/459] AYCZ
[01:29:28] 🔄 Identity reset
[01:29:28] 🔄 Identity rotated (every 10 requests)
[01:29:28] [41/459] CUMS
[01:29:29] [42/459] BOCK
[01:29:30] [43/459] PNMR
[01:29:31] [44/459] PJCP
[01:29:32] [45/459] JDDD
[01:29:32] [46/459] STMS
[01:29:33] [47/459] FLMB
[01:29:34] [48/459] PKCM
[01:29:35] [49/459] SPPR
[01:29:36] [50/459] EYLH
[01:29:37] 🔄 Identity reset
[01:29:37] 🔄 Identity rotated (every 10 requests)
[01:29:37] [51/459] RJCC
[01:29:38] [52/459] MMPS
[01:29:39] [53/459] SHMX
[01:29:39] [54/459] CCNL
[01:29:40] [55/459] RCNV
[01:29:41] [56/459] MAAG
[01:29:42] [57/459] LXCM
[01:29:43] [58/459] RCNI
[01:29:43] [59/459] SNNI
[01:29:44] [60/459] LALC
[01:29:45] 🔄 Identity reset
[01:29:45] 🔄 Identity rotated (every 10 requests)
[01:29:45] [61/459] SOCN
[01:29:46] [62/459] JHTP
[01:29:48] [63/459] PITP
[01:29:49] [64/459] CCKW
[01:29:50] [65/459] MCMC
[01:29:51] [66/459] DEES
[01:29:52] [67/459] SABT
[01:29:53] [68/459] VSPP
[01:29:54] [69/459] ABCT
[01:29:55] [70/459] JVTB
[01:29:56] 🔄 Identity reset
[01:29:56] 🔄 Identity rotated (every 10 requests)
[01:29:56] [71/459] VCBD
[01:29:57] [72/459] RMGG
[01:29:58] [73/459] RNMH
[01:29:58] [74/459] SPGL
[01:29:59] [75/459] JTTR
[01:30:00] [76/459] SICS
[01:30:01] [77/459] SRMI
[01:30:02] [78/459] SSIJ
[01:30:03] [79/459] KFMT
[01:30:04] [80/459] VBIT
[01:30:04] 🔄 Identity reset
[01:30:04] 🔄 Identity rotated (every 10 requests)
[01:30:05] [81/459] JKCT
[01:30:06] [82/459] GCGP
[01:30:06] [83/459] GDCS
[01:30:07] [84/459] TRBA
[01:30:08] [85/459] QUST
[01:30:09] [86/459] VSHM
[01:30:10] [87/459] SDCP
[01:30:11] [88/459] SNVS
[01:30:12] [89/459] NYTO
[01:30:13] [90/459] URWC
[01:30:14] 🔄 Identity reset
[01:30:14] 🔄 Identity rotated (every 10 requests)
[01:30:14] [91/459] GTWH
[01:30:15] [92/459] PFCM
[01:30:16] [93/459] KRTA
[01:30:17] [94/459] AXMC
[01:30:18] [95/459] EVMC
[01:30:19] [96/459] HGSM
[01:30:20] [97/459] ACVM
[01:30:21] [98/459] PSKL
[01:30:23] [99/459] RDMP
[01:30:24] [100/459] RHGH
[01:30:25] 🔄 Identity reset
[01:30:25] 🔄 Identity rotated (every 10 requests)
[01:30:25] [101/459] OMCM
[01:30:26] [102/459] DCCP
[01:30:27] [103/459] MCPB
[01:30:28] [104/459] ALCI
[01:30:29] [105/459] BLMX
[01:30:31] [106/459] BTMV
[01:30:32] [107/459] FVPN
[01:30:33] [108/459] CMAR
[01:30:33] [109/459] CEIM
[01:30:34] [110/459] CMVA
[01:30:35] 🔄 Identity reset
[01:30:35] 🔄 Identity rotated (every 10 requests)
[01:30:35] [111/459] CPIV
[01:30:36] [112/459] CNPE
[01:30:37] [113/459] COLV
[01:30:38] [114/459] DNNV
[01:30:40] [115/459] HCAD
[01:30:41] [116/459] TAKA
[01:30:42] [117/459] INVD
[01:30:43] [118/459] IRMM
[01:30:44] [119/459] INSE
[01:30:44] [120/459] MRSW
[01:30:45] 🔄 Identity reset
[01:30:45] 🔄 Identity rotated (every 10 requests)
[01:30:45] [121/459] MCVD
[01:30:46] [122/459] MCSO
[01:30:47] [123/459] PEVM
[01:30:48] [124/459] PVNL
[01:30:49] [125/459] PTCV
[01:30:49] [126/459] PRTC
[01:30:50] [127/459] RCVA
[01:30:51] [128/459] MTBN
[01:30:52] [129/459] LUCP
[01:30:53] [130/459] FMPT
[01:30:53] 🔄 Identity reset
[01:30:53] 🔄 Identity rotated (every 10 requests)
[01:30:54] [131/459] JLSL
[01:30:55] [132/459] SBHA
[01:30:56] [133/459] SHRC
[01:30:56] [134/459] AVPS
[01:30:57] [135/459] STPM
[01:30:58] [136/459] ATRD
[01:30:59] [137/459] VTED
[01:31:00] [138/459] ACAI
[01:31:01] [139/459] SMAE
[01:31:02] [140/459] VMAT
[01:31:02] 🔄 Identity reset
[01:31:02] 🔄 Identity rotated (every 10 requests)
[01:31:02] 🔄 Retry 1/5 for VMAT in 2.0s
[01:31:02] 🔄 Identity reset
[01:31:04] 🧠 New identity created
[01:31:04] [141/459] LKCT
[01:31:05] [142/459] JTVK
[01:31:06] [143/459] PRTY
[01:31:07] [144/459] GETT
[01:31:09] [145/459] ESAP
[01:31:10] [146/459] NCPM
[01:31:10] [147/459] PCPA
[01:31:11] [148/459] MMOM
[01:31:12] [149/459] PHUP
[01:31:13] 🔄 Identity reset
[01:31:13] 🔄 Identity rotated (every 10 requests)
[01:31:14] [150/459] CCPI
[01:31:15] [151/459] CNTD
[01:31:16] [152/459] NLJR
[01:31:17] [153/459] SRNG
[01:31:17] [154/459] MHAL
[01:31:19] [155/459] PNSM
[01:31:20] [156/459] DRMY
[01:31:21] [157/459] CCMU
[01:31:22] [158/459] SCMY
[01:31:22] [159/459] PVSY
[01:31:23] 🔄 Identity reset
[01:31:23] 🔄 Identity rotated (every 10 requests)
[01:31:23] [160/459] SDLM
[01:31:24] [161/459] ICCM
[01:31:25] [162/459] PYSU
[01:31:25] [163/459] GATM
[01:31:26] [164/459] WOTM
[01:31:27] [165/459] RKTS
[01:31:28] [166/459] PMTY
[01:31:29] [167/459] LYMS
[01:31:30] [168/459] TGCA
[01:31:30] [169/459] DSTA
[01:31:31] 🔄 Identity reset
[01:31:31] 🔄 Identity rotated (every 10 requests)
[01:31:31] 🔄 Retry 1/5 for DSTA in 2.7s
[01:31:31] 🔄 Identity reset
[01:31:34] 🧠 New identity created
[01:31:34] [170/459] CNGE
[01:31:35] [171/459] VSTG
[01:31:36] [172/459] GTCK
[01:31:37] [173/459] TGNT
[01:31:38] [174/459] ASLC
[01:31:38] [175/459] SSST
[01:31:39] [176/459] KBTT
[01:31:40] [177/459] HKCP
[01:31:41] [178/459] SWLC
[01:31:42] 🔄 Identity reset
[01:31:42] 🔄 Identity rotated (every 10 requests)
[01:31:42] [179/459] RTND
[01:31:43] [180/459] PKKT
[01:31:44] [181/459] HSTK
[01:31:45] [182/459] SPTT
[01:31:45] [183/459] IMPM
[01:31:47] [184/459] SCMV
[01:31:47] [185/459] SPCT
[01:31:48] [186/459] JBCA
[01:31:49] [187/459] ATTR
[01:31:50] [188/459] SPMT
[01:31:51] 🔄 Identity reset
[01:31:51] 🔄 Identity rotated (every 10 requests)
[01:31:51] 🔄 Retry 1/5 for SPMT in 2.2s
[01:31:51] 🔄 Identity reset
[01:31:53] 🧠 New identity created
[01:31:53] [189/459] LCTM
[01:31:54] [190/459] SCVL
[01:31:55] [191/459] SCVT
[01:31:56] [192/459] KRIC
[01:31:57] [193/459] CTMG
[01:31:58] [194/459] ACNC
[01:31:58] [195/459] DMCK
[01:31:59] [196/459] KMTV
[01:32:00] [197/459] PFCJ
[01:32:01] 🔄 Identity reset
[01:32:01] 🔄 Identity rotated (every 10 requests)
[01:32:01] [198/459] VNMD
[01:32:02] [199/459] VPCZ
[01:32:03] [200/459] SRYR
[01:32:04] [201/459] SYTR
[01:32:05] [202/459] GATR
[01:32:06] [203/459] URTR
[01:32:07] [204/459] MKSM
[01:32:08] [205/459] VSMH
[01:32:09] [206/459] SKRJ
[01:32:09] [207/459] SSJR
[01:32:10] 🔄 Identity reset
[01:32:10] 🔄 Identity rotated (every 10 requests)
[01:32:10] [208/459] SVSM
[01:32:12] [209/459] RUCM
[01:32:13] [210/459] PRKN
[01:32:13] [211/459] RROH
[01:32:14] [212/459] SCTN
[01:32:15] [213/459] RTDM
[01:32:16] [214/459] ASRM
[01:32:18] [215/459] SKMD
[01:32:19] [216/459] SUTD
[01:32:19] [217/459] SADM
[01:32:20] 🔄 Identity reset
[01:32:20] 🔄 Identity rotated (every 10 requests)
[01:32:20] [218/459] WCNR
[01:32:22] [219/459] CNED
[01:32:22] [220/459] MPDB
[01:32:23] [221/459] KTBH
[01:32:24] [222/459] IDRM
[01:32:25] [223/459] PJJT
[01:32:26] [224/459] PFCV
[01:32:27] [225/459] AACT
[01:32:28] [226/459] AAAD
[01:32:29] [227/459] ANES
[01:32:29] 🔄 Identity reset
[01:32:29] 🔄 Identity rotated (every 10 requests)
[01:32:30] [228/459] MNCA
[01:32:31] [229/459] RMGU
[01:32:32] [230/459] DLCN
[01:32:33] [231/459] LJWT
[01:32:34] [232/459] MCBG
[01:32:35] [233/459] MYBG
[01:32:36] [234/459] GCCA
[01:32:36] [235/459] GCGA
[01:32:37] [236/459] ECGN
[01:32:38] [237/459] PRAB
[01:32:39] 🔄 Identity reset
[01:32:39] 🔄 Identity rotated (every 10 requests)
[01:32:39] [238/459] PNMP
[01:32:40] [239/459] GCPT
[01:32:40] [240/459] ROYN
[01:32:41] [241/459] VATM
[01:32:42] [242/459] KSNT
[01:32:43] [243/459] ACTC
[01:32:44] [244/459] PLTD
[01:32:45] [245/459] SKMK
[01:32:46] [246/459] CMTT
[01:32:47] [247/459] SMXP
[01:32:48] 🔄 Identity reset
[01:32:48] 🔄 Identity rotated (every 10 requests)
[01:32:48] [248/459] SCMX
[01:32:49] [249/459] ACXN
[01:32:50] [250/459] ASWT
[01:32:51] [251/459] VVVL
[01:32:52] [252/459] NAGO
[01:32:54] [253/459] SNCN
[01:32:55] [254/459] MCKP
[01:32:55] [255/459] SAMO
[01:32:56] [256/459] JBTV
[01:32:57] [257/459] DCVV
[01:32:58] 🔄 Identity reset
[01:32:58] 🔄 Identity rotated (every 10 requests)
[01:32:58] [258/459] KMSV
[01:32:59] [259/459] KDCN
[01:33:00] [260/459] CNCP
[01:33:00] [261/459] HAMC
[01:33:01] [262/459] CCVZ
[01:33:02] [263/459] NCCK
[01:33:03] [264/459] MCHR
[01:33:04] [265/459] SCHT
[01:33:05] [266/459] ESSH
[01:33:06] [267/459] CUJC
[01:33:06] 🔄 Identity reset
[01:33:06] 🔄 Identity rotated (every 10 requests)
[01:33:07] [268/459] PECP
[01:33:08] [269/459] PMMI
[01:33:08] [270/459] PCCH
[01:33:09] [271/459] PRPM
[01:33:11] [272/459] PVKL
[01:33:12] [273/459] CBSM
[01:33:13] [274/459] PVCZ
[01:33:13] [275/459] PCVV
[01:33:15] [276/459] CTMJ
[01:33:16] [277/459] RCPS
[01:33:16] 🔄 Identity reset
[01:33:16] 🔄 Identity rotated (every 10 requests)
[01:33:17] [278/459] PCIT
[01:33:18] [279/459] FNCH
[01:33:19] [280/459] INZD
[01:33:20] [281/459] INPC
[01:33:20] [282/459] LCZP
[01:33:21] [283/459] SMCB
[01:33:22] [284/459] PTSB
[01:33:23] [285/459] TPSI
[01:33:24] [286/459] KHMJ
[01:33:25] [287/459] RCCJ
[01:33:25] 🔄 Identity reset
[01:33:25] 🔄 Identity rotated (every 10 requests)
[01:33:26] [288/459] NCJA
[01:33:26] [289/459] NCJN
[01:33:27] [290/459] BTDP
[01:33:28] [291/459] PADY
[01:33:29] [292/459] NYBH
[01:33:30] [293/459] MTBR
[01:33:32] [294/459] KRBC
[01:33:33] [295/459] DKTI
[01:33:33] [296/459] ANAN
[01:33:34] [297/459] INBP
[01:33:35] 🔄 Identity reset
[01:33:35] 🔄 Identity rotated (every 10 requests)
[01:33:35] [298/459] PATB
[01:33:36] [299/459] RGNT
[01:33:37] [300/459] CGPM
[01:33:38] [301/459] INTN
[01:33:39] [302/459] MCMP
[01:33:39] [303/459] ASRG
[01:33:40] [304/459] CXJD
[01:33:42] [305/459] SPCP
[01:33:43] [306/459] CSTP
[01:33:43] [307/459] PKVC
[01:33:44] 🔄 Identity reset
[01:33:44] 🔄 Identity rotated (every 10 requests)
[01:33:44] [308/459] ESCP
[01:33:45] [309/459] CAEP
[01:33:46] [310/459] CCSP
[01:33:47] [311/459] KTPC
[01:33:48] [312/459] DACA
[01:33:49] [313/459] NVKY
[01:33:49] [314/459] PTIN
[01:33:50] [315/459] SCIN
[01:33:51] [316/459] MCTY
[01:33:52] [317/459] PCMX
[01:33:53] 🔄 Identity reset
[01:33:53] 🔄 Identity rotated (every 10 requests)
[01:33:53] [318/459] INIC
[01:33:54] [319/459] MMZM
[01:33:55] [320/459] SSLP
[01:33:55] [321/459] DTDT
[01:33:56] [322/459] FFCX
[01:33:57] [323/459] RCMM
[01:33:58] [324/459] KYID
[01:33:58] [325/459] CSCI
[01:33:59] [326/459] FCMC
[01:34:00] [327/459] MMXI
[01:34:01] 🔄 Identity reset
[01:34:01] 🔄 Identity rotated (every 10 requests)
[01:34:01] [328/459] ASTC
[01:34:02] [329/459] CMRA
[01:34:03] [330/459] DICI
[01:34:04] [331/459] KDIN
[01:34:05] [332/459] PRFI
[01:34:05] [333/459] SVFC
[01:34:06] [334/459] UCPL
[01:34:07] [335/459] COOC
[01:34:08] [336/459] SCAL
[01:34:09] [337/459] SVFF
[01:34:09] 🔄 Identity reset
[01:34:09] 🔄 Identity rotated (every 10 requests)
[01:34:10] [338/459] VCMG
[01:34:10] [339/459] UUCT
[01:34:11] [340/459] GCSE
[01:34:12] [341/459] SUSC
[01:34:13] [342/459] MISC
[01:34:14] [343/459] RMBL
[01:34:15] [344/459] CMXN
[01:34:16] [345/459] PVBK
[01:34:16] [346/459] HHCG
[01:34:17] [347/459] SCAG
[01:34:18] 🔄 Identity reset
[01:34:18] 🔄 Identity rotated (every 10 requests)
[01:34:18] [348/459] CNPR
[01:34:19] [349/459] CSER
[01:34:20] [350/459] HLWD
[01:34:21] [351/459] BOLY
[01:34:22] [352/459] SSPG
[01:34:23] [353/459] MUPX
[01:34:24] [354/459] HAMR
[01:34:24] [355/459] SDNC
[01:34:25] [356/459] RTEN
[01:34:27] [357/459] SDTD
[01:34:27] 🔄 Identity reset
[01:34:27] 🔄 Identity rotated (every 10 requests)
[01:34:28] [358/459] KAWS
[01:34:29] [359/459] CMZX
[01:34:29] [360/459] DCDD
[01:34:30] [361/459] ALSN
[01:34:31] [362/459] IMXS
[01:34:32] [363/459] PVFF
[01:34:33] [364/459] PVOO
[01:34:34] [365/459] CFBS
[01:34:35] [366/459] PVER
[01:34:36] [367/459] PPNX
[01:34:36] 🔄 Identity reset
[01:34:36] 🔄 Identity rotated (every 10 requests)
[01:34:36] [368/459] CNRM
[01:34:37] [369/459] PVWW
[01:34:38] [370/459] INMB
[01:34:39] [371/459] CPJR
[01:34:41] [372/459] INRZ
[01:34:42] [373/459] PMSR
[01:34:43] [374/459] GPGM
[01:34:43] [375/459] PGWB
[01:34:44] [376/459] PMBR
[01:34:45] [377/459] GPAM
[01:34:46] 🔄 Identity reset
[01:34:46] 🔄 Identity rotated (every 10 requests)
[01:34:46] [378/459] INBC
[01:34:47] [379/459] PZVK
[01:34:48] [380/459] CPEB
[01:34:48] [381/459] FMLB
[01:34:49] [382/459] INBG
[01:34:50] [383/459] GPBR
[01:34:51] [384/459] PAAS
[01:34:52] [385/459] VTBR
[01:34:53] [386/459] GPMY
[01:34:54] [387/459] GYBU
[01:34:54] 🔄 Identity reset
[01:34:54] 🔄 Identity rotated (every 10 requests)
[01:34:55] [388/459] INBJ
[01:34:56] [389/459] LKTH
[01:34:56] [390/459] NSBR
[01:34:57] [391/459] PDRD
[01:34:58] [392/459] VRBL
[01:34:59] [393/459] VTGB
[01:35:00] [394/459] VTSK
[01:35:01] [395/459] BKDV
[01:35:02] [396/459] SVTB
[01:35:02] [397/459] MLDT
[01:35:03] 🔄 Identity reset
[01:35:03] 🔄 Identity rotated (every 10 requests)
[01:35:03] [398/459] NRBL
[01:35:04] [399/459] SLTR
[01:35:05] [400/459] VNKA
[01:35:06] [401/459] TDCA
[01:35:07] [402/459] INBM
[01:35:08] [403/459] SSNR
[01:35:08] [404/459] BHAC
[01:35:09] [405/459] SDSD
[01:35:10] [406/459] SAMP
[01:35:11] [407/459] RATK
[01:35:12] 🔄 Identity reset
[01:35:12] 🔄 Identity rotated (every 10 requests)
[01:35:15] [408/459] KCBI
[01:35:16] [409/459] URBL
[01:35:17] [410/459] MKBG
[01:35:18] [411/459] ASTB
[01:35:19] [412/459] VBWT
[01:35:20] [413/459] GPSM
[01:35:21] [414/459] ROON
[01:35:22] [415/459] CHTH
[01:35:23] [416/459] SSPA
[01:35:24] [417/459] ANBL
[01:35:25] 🔄 Identity reset
[01:35:25] 🔄 Identity rotated (every 10 requests)
[01:35:25] [418/459] VTBE
[01:35:26] [419/459] SVKT
[01:35:27] [420/459] SVYK
[01:35:28] [421/459] PTBK
[01:35:28] [422/459] RKTB
[01:35:29] [423/459] BALT
[01:35:30] [424/459] STSV
[01:35:31] [425/459] VCCB
[01:35:32] [426/459] SLTB
[01:35:33] [427/459] SBCR
[01:35:33] 🔄 Identity reset
[01:35:33] 🔄 Identity rotated (every 10 requests)
[01:35:34] [428/459] VDCS
[01:35:34] [429/459] MDKI
[01:35:35] [430/459] SMRN
[01:35:36] [431/459] PTBC
[01:35:38] [432/459] RADI
[01:35:38] [433/459] ADCR
[01:35:39] [434/459] SDCS
[01:35:40] [435/459] SRPJ
[01:35:41] [436/459] ARTS
[01:35:42] [437/459] SRHK
[01:35:43] 🔄 Identity reset
[01:35:43] 🔄 Identity rotated (every 10 requests)
[01:35:43] [438/459] SPAY
[01:35:44] [439/459] GPTB
[01:35:45] [440/459] SNNN
[01:35:45] [441/459] BALJ
[01:35:47] [442/459] TRIG
[01:35:48] [443/459] GTYT
[01:35:48] [444/459] ATGN
[01:35:50] [445/459] ANTE
[01:35:51] [446/459] BDCG
[01:35:52] [447/459] VECI
[01:35:52] 🔄 Identity reset
[01:35:52] 🔄 Identity rotated (every 10 requests)
[01:35:53] [448/459] SCPR
[01:35:53] [449/459] RTEA
[01:35:54] [450/459] JSAI
[01:35:55] [451/459] VJTP
[01:35:56] [452/459] GNDS
[01:35:57] [453/459] PAXA
[01:35:59] [454/459] CGGM
[01:35:59] [455/459] ACKZ
[01:36:00] [456/459] EMCC
[01:36:01] [457/459] KLSK
[01:36:02] 🔄 Identity reset
[01:36:02] 🔄 Identity rotated (every 10 requests)
[01:36:02] [458/459] AVCK
[01:36:03] [459/459] JTCK
[01:36:05] 🧹 Deduping shows
[01:36:05] ✅ DONE | Shows=67 | Movies=6
[04:49:28] 🚀 SCRIPT STARTED (enhanced anti‑detection)
[04:49:28] [1/459] NECA
[04:49:29] 🧠 New identity created
[04:49:29] [2/459] BJLC
[04:49:30] [3/459] BASU
[04:49:31] [4/459] RUPI
[04:49:32] [5/459] LCBK
[04:49:33] [6/459] PMAC
[04:49:34] [7/459] AMLC
[04:49:35] [8/459] LICL
[04:49:35] [9/459] UDMM
[04:49:36] [10/459] STBZ
[04:49:37] 🔄 Identity reset
[04:49:37] 🔄 Identity rotated (every 10 requests)
[04:49:37] [11/459] UUBT
[04:49:38] [12/459] SJKC
[04:49:39] [13/459] TUAL
[04:49:40] [14/459] MRSE
[04:49:41] [15/459] RMRK
[04:49:42] [16/459] TTKP
[04:49:43] [17/459] KTKO
[04:49:44] [18/459] SDBK
[04:49:46] [19/459] MCPR
[04:49:47] [20/459] CHTI
[04:49:48] 🔄 Identity reset
[04:49:48] 🔄 Identity rotated (every 10 requests)
[04:49:48] [21/459] GCCP
[04:49:49] [22/459] SRMY
[04:49:51] [23/459] NYST
[04:49:51] [24/459] NYAG
[04:49:52] [25/459] SBMT
[04:49:53] [26/459] INGA
[04:49:54] [27/459] WSIC
[04:49:55] [28/459] SCSS
[04:49:56] [29/459] COPG
[04:49:58] [30/459] RCGR
[04:49:58] 🔄 Identity reset
[04:49:58] 🔄 Identity rotated (every 10 requests)
[04:49:58] [31/459] TCZA
[04:49:59] [32/459] CNLP
[04:50:00] [33/459] CLKN
[04:50:02] [34/459] LHDF
[04:50:02] [35/459] ELKC
[04:50:03] [36/459] VCEM
[04:50:05] [37/459] SSZA
[04:50:06] [38/459] KRMT
[04:50:07] [39/459] LCMV
[04:50:08] [40/459] AYCZ
[04:50:08] 🔄 Identity reset
[04:50:08] 🔄 Identity rotated (every 10 requests)
[04:50:08] [41/459] CUMS
[04:50:09] [42/459] BOCK
[04:50:10] [43/459] PNMR
[04:50:11] [44/459] PJCP
[04:50:12] [45/459] JDDD
[04:50:13] [46/459] STMS
[04:50:14] [47/459] FLMB
[04:50:15] [48/459] PKCM
[04:50:15] [49/459] SPPR
[04:50:16] [50/459] EYLH
[04:50:17] 🔄 Identity reset
[04:50:17] 🔄 Identity rotated (every 10 requests)
[04:50:18] [51/459] RJCC
[04:50:19] [52/459] MMPS
[04:50:20] [53/459] SHMX
[04:50:21] [54/459] CCNL
[04:50:22] [55/459] RCNV
[04:50:23] [56/459] MAAG
[04:50:24] [57/459] LXCM
[04:50:25] [58/459] RCNI
[04:50:25] [59/459] SNNI
[04:50:26] [60/459] LALC
[04:50:27] 🔄 Identity reset
[04:50:27] 🔄 Identity rotated (every 10 requests)
[04:50:27] [61/459] SOCN
[04:50:28] [62/459] JHTP
[04:50:29] [63/459] PITP
[04:50:30] [64/459] CCKW
[04:50:32] [65/459] MCMC
[04:50:33] [66/459] DEES
[04:50:33] [67/459] SABT
[04:50:35] [68/459] VSPP
[04:50:36] [69/459] ABCT
[04:50:37] [70/459] JVTB
[04:50:37] 🔄 Identity reset
[04:50:37] 🔄 Identity rotated (every 10 requests)
[04:50:37] [71/459] VCBD
[04:50:38] [72/459] RMGG
[04:50:39] [73/459] RNMH
[04:50:40] [74/459] SPGL
[04:50:41] [75/459] JTTR
[04:50:42] [76/459] SICS
[04:50:43] [77/459] SRMI
[04:50:44] [78/459] SSIJ
[04:50:45] [79/459] KFMT
[04:50:46] [80/459] VBIT
[04:50:47] 🔄 Identity reset
[04:50:47] 🔄 Identity rotated (every 10 requests)
[04:50:47] 🔄 Retry 1/5 for VBIT in 2.9s
[04:50:47] 🔄 Identity reset
[04:50:50] 🧠 New identity created
[04:50:50] [81/459] JKCT
[04:50:51] [82/459] GCGP
[04:50:52] [83/459] GDCS
[04:50:53] [84/459] TRBA
[04:50:54] [85/459] QUST
[04:50:55] [86/459] VSHM
[04:50:56] [87/459] SDCP
[04:50:58] [88/459] SNVS
[04:50:59] [89/459] NYTO
[04:51:00] 🔄 Identity reset
[04:51:00] 🔄 Identity rotated (every 10 requests)
[04:51:00] [90/459] URWC
[04:51:01] [91/459] GTWH
[04:51:02] [92/459] PFCM
[04:51:03] [93/459] KRTA
[04:51:03] [94/459] AXMC
[04:51:04] [95/459] EVMC
[04:51:05] [96/459] HGSM
[04:51:06] [97/459] ACVM
[04:51:07] [98/459] PSKL
[04:51:08] [99/459] RDMP
[04:51:09] 🔄 Identity reset
[04:51:09] 🔄 Identity rotated (every 10 requests)
[04:51:09] [100/459] RHGH
[04:51:10] [101/459] OMCM
[04:51:11] [102/459] DCCP
[04:51:12] [103/459] MCPB
[04:51:13] [104/459] ALCI
[04:51:14] [105/459] BLMX
[04:51:15] [106/459] BTMV
[04:51:16] [107/459] FVPN
[04:51:17] [108/459] CMAR
[04:51:18] [109/459] CEIM
[04:51:18] 🔄 Identity reset
[04:51:18] 🔄 Identity rotated (every 10 requests)
[04:51:19] [110/459] CMVA
[04:51:19] [111/459] CPIV
[04:51:20] [112/459] CNPE
[04:51:22] [113/459] COLV
[04:51:23] [114/459] DNNV
[04:51:24] [115/459] HCAD
[04:51:25] [116/459] TAKA
[04:51:25] [117/459] INVD
[04:51:26] [118/459] IRMM
[04:51:27] [119/459] INSE
[04:51:28] 🔄 Identity reset
[04:51:28] 🔄 Identity rotated (every 10 requests)
[04:51:28] 🔄 Retry 1/5 for INSE in 2.3s
[04:51:28] 🔄 Identity reset
[04:51:31] 🧠 New identity created
[04:51:31] [120/459] MRSW
[04:51:33] [121/459] MCVD
[04:51:34] [122/459] MCSO
[04:51:35] [123/459] PEVM
[04:51:35] [124/459] PVNL
[04:51:36] [125/459] PTCV
[04:51:37] [126/459] PRTC
[04:51:38] [127/459] RCVA
[04:51:39] [128/459] MTBN
[04:51:40] 🔄 Identity reset
[04:51:40] 🔄 Identity rotated (every 10 requests)
[04:51:40] [129/459] LUCP
[04:51:41] [130/459] FMPT
[04:51:42] [131/459] JLSL
[04:51:43] [132/459] SBHA
[04:51:44] [133/459] SHRC
[04:51:45] [134/459] AVPS
[04:51:47] [135/459] STPM
[04:51:48] [136/459] ATRD
[04:51:49] [137/459] VTED
[04:51:51] [138/459] ACAI
[04:51:51] 🔄 Identity reset
[04:51:51] 🔄 Identity rotated (every 10 requests)
[04:51:52] [139/459] SMAE
[04:51:53] [140/459] VMAT
[04:51:54] [141/459] LKCT
[04:51:55] [142/459] JTVK
[04:51:56] [143/459] PRTY
[04:51:56] [144/459] GETT
[04:51:57] [145/459] ESAP
[04:51:58] [146/459] NCPM
[04:51:59] [147/459] PCPA
[04:52:00] [148/459] MMOM
[04:52:01] 🔄 Identity reset
[04:52:01] 🔄 Identity rotated (every 10 requests)
[04:52:01] [149/459] PHUP
[04:52:02] [150/459] CCPI
[04:52:03] [151/459] CNTD
[04:52:04] [152/459] NLJR
[04:52:05] [153/459] SRNG
[04:52:05] [154/459] MHAL
[04:52:06] [155/459] PNSM
[04:52:07] [156/459] DRMY
[04:52:08] [157/459] CCMU
[04:52:09] [158/459] SCMY
[04:52:09] 🔄 Identity reset
[04:52:09] 🔄 Identity rotated (every 10 requests)
[04:52:10] [159/459] PVSY
[04:52:10] [160/459] SDLM
[04:52:11] [161/459] ICCM
[04:52:12] [162/459] PYSU
[04:52:13] [163/459] GATM
[04:52:14] [164/459] WOTM
[04:52:15] [165/459] RKTS
[04:52:17] [166/459] PMTY
[04:52:18] [167/459] LYMS
[04:52:18] [168/459] TGCA
[04:52:19] 🔄 Identity reset
[04:52:19] 🔄 Identity rotated (every 10 requests)
[04:52:19] [169/459] DSTA
[04:52:20] [170/459] CNGE
[04:52:21] [171/459] VSTG
[04:52:22] [172/459] GTCK
[04:52:23] [173/459] TGNT
[04:52:24] [174/459] ASLC
[04:52:25] [175/459] SSST
[04:52:26] [176/459] KBTT
[04:52:27] [177/459] HKCP
[04:52:28] [178/459] SWLC
[04:52:29] 🔄 Identity reset
[04:52:29] 🔄 Identity rotated (every 10 requests)
[04:52:29] [179/459] RTND
[04:52:30] [180/459] PKKT
[04:52:32] [181/459] HSTK
[04:52:34] [182/459] SPTT
[04:52:35] [183/459] IMPM
[04:52:35] [184/459] SCMV
[04:52:36] [185/459] SPCT
[04:52:37] [186/459] JBCA
[04:52:38] [187/459] ATTR
[04:52:39] [188/459] SPMT
[04:52:39] 🔄 Identity reset
[04:52:39] 🔄 Identity rotated (every 10 requests)
[04:52:40] [189/459] LCTM
[04:52:41] [190/459] SCVL
[04:52:42] [191/459] SCVT
[04:52:43] [192/459] KRIC
[04:52:43] [193/459] CTMG
[04:52:44] [194/459] ACNC
[04:52:45] [195/459] DMCK
[04:52:46] [196/459] KMTV
[04:52:47] [197/459] PFCJ
[04:52:48] [198/459] VNMD
[04:52:49] 🔄 Identity reset
[04:52:49] 🔄 Identity rotated (every 10 requests)
[04:52:49] [199/459] VPCZ
[04:52:50] [200/459] SRYR
[04:52:51] [201/459] SYTR
[04:52:52] [202/459] GATR
[04:52:53] [203/459] URTR
[04:52:55] [204/459] MKSM
[04:52:56] [205/459] VSMH
[04:52:57] [206/459] SKRJ
[04:52:58] [207/459] SSJR
[04:52:59] [208/459] SVSM
[04:52:59] 🔄 Identity reset
[04:52:59] 🔄 Identity rotated (every 10 requests)
[04:53:00] [209/459] RUCM
[04:53:02] [210/459] PRKN
[04:53:03] [211/459] RROH
[04:53:04] [212/459] SCTN
[04:53:05] [213/459] RTDM
[04:53:06] [214/459] ASRM
[04:53:07] [215/459] SKMD
[04:53:08] [216/459] SUTD
[04:53:09] [217/459] SADM
[04:53:10] [218/459] WCNR
[04:53:11] 🔄 Identity reset
[04:53:11] 🔄 Identity rotated (every 10 requests)
[04:53:11] [219/459] CNED
[04:53:12] [220/459] MPDB
[04:53:14] [221/459] KTBH
[04:53:15] [222/459] IDRM
[04:53:16] [223/459] PJJT
[04:53:17] [224/459] PFCV
[04:53:18] [225/459] AACT
[04:53:20] [226/459] AAAD
[04:53:21] [227/459] ANES
[04:53:22] [228/459] MNCA
[04:53:22] 🔄 Identity reset
[04:53:22] 🔄 Identity rotated (every 10 requests)
[04:53:22] [229/459] RMGU
[04:53:23] [230/459] DLCN
[04:53:24] [231/459] LJWT
[04:53:25] [232/459] MCBG
[04:53:26] [233/459] MYBG
[04:53:27] [234/459] GCCA
[04:53:28] [235/459] GCGA
[04:53:29] [236/459] ECGN
[04:53:30] [237/459] PRAB
[04:53:31] [238/459] PNMP
[04:53:31] 🔄 Identity reset
[04:53:31] 🔄 Identity rotated (every 10 requests)
[04:53:32] [239/459] GCPT
[04:53:33] [240/459] ROYN
[04:53:34] [241/459] VATM
[04:53:35] [242/459] KSNT
[04:53:37] [243/459] ACTC
[04:53:38] [244/459] PLTD
[04:53:39] [245/459] SKMK
[04:53:39] [246/459] CMTT
[04:53:40] [247/459] SMXP
[04:53:41] [248/459] SCMX
[04:53:42] 🔄 Identity reset
[04:53:42] 🔄 Identity rotated (every 10 requests)
[04:53:42] [249/459] ACXN
[04:53:43] [250/459] ASWT
[04:53:44] [251/459] VVVL
[04:53:45] [252/459] NAGO
[04:53:46] [253/459] SNCN
[04:53:47] [254/459] MCKP
[04:53:48] [255/459] SAMO
[04:53:49] [256/459] JBTV
[04:53:50] [257/459] DCVV
[04:53:52] [258/459] KMSV
[04:53:52] 🔄 Identity reset
[04:53:52] 🔄 Identity rotated (every 10 requests)
[04:53:52] 🔄 Retry 1/5 for KMSV in 2.6s
[04:53:52] 🔄 Identity reset
[04:53:55] 🧠 New identity created
[04:53:55] [259/459] KDCN
[04:53:56] [260/459] CNCP
[04:53:57] [261/459] HAMC
[04:53:58] [262/459] CCVZ
[04:53:58] [263/459] NCCK
[04:54:00] [264/459] MCHR
[04:54:00] [265/459] SCHT
[04:54:01] [266/459] ESSH
[04:54:02] [267/459] CUJC
[04:54:03] 🔄 Identity reset
[04:54:03] 🔄 Identity rotated (every 10 requests)
[04:54:03] [268/459] PECP
[04:54:04] [269/459] PMMI
[04:54:05] [270/459] PCCH
[04:54:06] [271/459] PRPM
[04:54:08] [272/459] PVKL
[04:54:08] [273/459] CBSM
[04:54:09] [274/459] PVCZ
[04:54:10] [275/459] PCVV
[04:54:11] [276/459] CTMJ
[04:54:12] [277/459] RCPS
[04:54:13] 🔄 Identity reset
[04:54:13] 🔄 Identity rotated (every 10 requests)
[04:54:13] [278/459] PCIT
[04:54:14] [279/459] FNCH
[04:54:15] [280/459] INZD
[04:54:16] [281/459] INPC
[04:54:17] [282/459] LCZP
[04:54:18] [283/459] SMCB
[04:54:19] [284/459] PTSB
[04:54:20] [285/459] TPSI
[04:54:20] [286/459] KHMJ
[04:54:21] [287/459] RCCJ
[04:54:22] 🔄 Identity reset
[04:54:22] 🔄 Identity rotated (every 10 requests)
[04:54:22] [288/459] NCJA
[04:54:23] [289/459] NCJN
[04:54:24] [290/459] BTDP
[04:54:25] [291/459] PADY
[04:54:26] [292/459] NYBH
[04:54:27] [293/459] MTBR
[04:54:28] [294/459] KRBC
[04:54:29] [295/459] DKTI
[04:54:30] [296/459] ANAN
[04:54:31] [297/459] INBP
[04:54:31] 🔄 Identity reset
[04:54:31] 🔄 Identity rotated (every 10 requests)
[04:54:32] [298/459] PATB
[04:54:33] [299/459] RGNT
[04:54:33] [300/459] CGPM
[04:54:34] [301/459] INTN
[04:54:36] [302/459] MCMP
[04:54:37] [303/459] ASRG
[04:54:38] [304/459] CXJD
[04:54:38] [305/459] SPCP
[04:54:39] [306/459] CSTP
[04:54:40] [307/459] PKVC
[04:54:41] 🔄 Identity reset
[04:54:41] 🔄 Identity rotated (every 10 requests)
[04:54:41] [308/459] ESCP
[04:54:42] [309/459] CAEP
[04:54:44] [310/459] CCSP
[04:54:45] [311/459] KTPC
[04:54:46] [312/459] DACA
[04:54:47] [313/459] NVKY
[04:54:47] [314/459] PTIN
[04:54:48] [315/459] SCIN
[04:54:50] [316/459] MCTY
[04:54:51] [317/459] PCMX
[04:54:51] 🔄 Identity reset
[04:54:51] 🔄 Identity rotated (every 10 requests)
[04:54:52] [318/459] INIC
[04:54:53] [319/459] MMZM
[04:54:54] [320/459] SSLP
[04:54:55] [321/459] DTDT
[04:54:56] [322/459] FFCX
[04:54:57] [323/459] RCMM
[04:54:58] [324/459] KYID
[04:54:59] [325/459] CSCI
[04:55:00] [326/459] FCMC
[04:55:01] [327/459] MMXI
[04:55:02] 🔄 Identity reset
[04:55:02] 🔄 Identity rotated (every 10 requests)
[04:55:02] [328/459] ASTC
[04:55:03] [329/459] CMRA
[04:55:04] [330/459] DICI
[04:55:05] [331/459] KDIN
[04:55:06] [332/459] PRFI
[04:55:07] [333/459] SVFC
[04:55:08] [334/459] UCPL
[04:55:10] [335/459] COOC
[04:55:11] [336/459] SCAL
[04:55:12] [337/459] SVFF
[04:55:13] 🔄 Identity reset
[04:55:13] 🔄 Identity rotated (every 10 requests)
[04:55:13] [338/459] VCMG
[04:55:14] [339/459] UUCT
[04:55:15] [340/459] GCSE
[04:55:16] [341/459] SUSC
[04:55:17] [342/459] MISC
[04:55:18] [343/459] RMBL
[04:55:19] [344/459] CMXN
[04:55:20] [345/459] PVBK
[04:55:21] [346/459] HHCG
[04:55:22] [347/459] SCAG
[04:55:23] 🔄 Identity reset
[04:55:23] 🔄 Identity rotated (every 10 requests)
[04:55:23] [348/459] CNPR
[04:55:24] [349/459] CSER
[04:55:25] [350/459] HLWD
[04:55:26] [351/459] BOLY
[04:55:27] [352/459] SSPG
[04:55:28] [353/459] MUPX
[04:55:28] [354/459] HAMR
[04:55:29] [355/459] SDNC
[04:55:30] [356/459] RTEN
[04:55:31] [357/459] SDTD
[04:55:32] 🔄 Identity reset
[04:55:32] 🔄 Identity rotated (every 10 requests)
[04:55:32] [358/459] KAWS
[04:55:33] [359/459] CMZX
[04:55:34] [360/459] DCDD
[04:55:35] [361/459] ALSN
[04:55:36] [362/459] IMXS
[04:55:37] [363/459] PVFF
[04:55:38] [364/459] PVOO
[04:55:39] [365/459] CFBS
[04:55:40] [366/459] PVER
[04:55:41] [367/459] PPNX
[04:55:41] 🔄 Identity reset
[04:55:41] 🔄 Identity rotated (every 10 requests)
[04:55:42] [368/459] CNRM
[04:55:44] [369/459] PVWW
[04:55:45] [370/459] INMB
[04:55:46] [371/459] CPJR
[04:55:47] [372/459] INRZ
[04:55:48] [373/459] PMSR
[04:55:49] [374/459] GPGM
[04:55:50] [375/459] PGWB
[04:55:51] [376/459] PMBR
[04:55:52] [377/459] GPAM
[04:55:52] 🔄 Identity reset
[04:55:52] 🔄 Identity rotated (every 10 requests)
[04:55:53] [378/459] INBC
[04:55:54] [379/459] PZVK
[04:55:55] [380/459] CPEB
[04:55:56] [381/459] FMLB
[04:55:57] [382/459] INBG
[04:55:58] [383/459] GPBR
[04:55:59] [384/459] PAAS
[04:56:00] [385/459] VTBR
[04:56:01] [386/459] GPMY
[04:56:02] [387/459] GYBU
[04:56:03] 🔄 Identity reset
[04:56:03] 🔄 Identity rotated (every 10 requests)
[04:56:03] [388/459] INBJ
[04:56:04] [389/459] LKTH
[04:56:05] [390/459] NSBR
[04:56:06] [391/459] PDRD
[04:56:07] [392/459] VRBL
[04:56:08] [393/459] VTGB
[04:56:09] [394/459] VTSK
[04:56:10] [395/459] BKDV
[04:56:11] [396/459] SVTB
[04:56:12] [397/459] MLDT
[04:56:12] 🔄 Identity reset
[04:56:12] 🔄 Identity rotated (every 10 requests)
[04:56:13] [398/459] NRBL
[04:56:14] [399/459] SLTR
[04:56:15] [400/459] VNKA
[04:56:16] [401/459] TDCA
[04:56:17] [402/459] INBM
[04:56:17] [403/459] SSNR
[04:56:18] [404/459] BHAC
[04:56:19] [405/459] SDSD
[04:56:20] [406/459] SAMP
[04:56:21] [407/459] RATK
[04:56:22] 🔄 Identity reset
[04:56:22] 🔄 Identity rotated (every 10 requests)
[04:56:22] [408/459] KCBI
[04:56:23] [409/459] URBL
[04:56:24] [410/459] MKBG
[04:56:25] [411/459] ASTB
[04:56:26] [412/459] VBWT
[04:56:27] [413/459] GPSM
[04:56:28] [414/459] ROON
[04:56:29] [415/459] CHTH
[04:56:30] [416/459] SSPA
[04:56:32] [417/459] ANBL
[04:56:33] 🔄 Identity reset
[04:56:33] 🔄 Identity rotated (every 10 requests)
[04:56:34] [418/459] VTBE
[04:56:34] [419/459] SVKT
[04:56:35] [420/459] SVYK
[04:56:36] [421/459] PTBK
[04:56:37] [422/459] RKTB
[04:56:38] [423/459] BALT
[04:56:39] [424/459] STSV
[04:56:41] [425/459] VCCB
[04:56:42] [426/459] SLTB
[04:56:43] [427/459] SBCR
[04:56:43] 🔄 Identity reset
[04:56:43] 🔄 Identity rotated (every 10 requests)
[04:56:44] [428/459] VDCS
[04:56:45] [429/459] MDKI
[04:56:46] [430/459] SMRN
[04:56:47] [431/459] PTBC
[04:56:48] [432/459] RADI
[04:56:49] [433/459] ADCR
[04:56:49] [434/459] SDCS
[04:56:50] [435/459] SRPJ
[04:56:51] [436/459] ARTS
[04:56:52] [437/459] SRHK
[04:56:53] 🔄 Identity reset
[04:56:53] 🔄 Identity rotated (every 10 requests)
[04:56:53] [438/459] SPAY
[04:56:54] [439/459] GPTB
[04:56:55] [440/459] SNNN
[04:56:56] [441/459] BALJ
[04:56:57] [442/459] TRIG
[04:56:58] [443/459] GTYT
[04:56:59] [444/459] ATGN
[04:57:00] [445/459] ANTE
[04:57:01] [446/459] BDCG
[04:57:02] [447/459] VECI
[04:57:02] 🔄 Identity reset
[04:57:02] 🔄 Identity rotated (every 10 requests)
[04:57:02] 🔄 Retry 1/5 for VECI in 2.9s
[04:57:02] 🔄 Identity reset
[04:57:05] 🧠 New identity created
[04:57:05] [448/459] SCPR
[04:57:06] [449/459] RTEA
[04:57:07] [450/459] JSAI
[04:57:08] [451/459] VJTP
[04:57:09] [452/459] GNDS
[04:57:10] [453/459] PAXA
[04:57:11] [454/459] CGGM
[04:57:12] [455/459] ACKZ
[04:57:13] [456/459] EMCC
[04:57:13] 🔄 Identity reset
[04:57:13] 🔄 Identity rotated (every 10 requests)
[04:57:14] [457/459] KLSK
[04:57:15] [458/459] AVCK
[04:57:15] [459/459] JTCK
[04:57:16] 🧹 Deduping shows
[04:57:16] ✅ DONE | Shows=67 | Movies=6
[10:58:48] 🚀 SCRIPT STARTED (enhanced anti‑detection)
[10:58:48] [1/459] NECA
[10:58:49] 🧠 New identity created
[10:58:49] [2/459] BJLC
[10:58:50] [3/459] BASU
[10:58:51] [4/459] RUPI
[10:58:52] [5/459] LCBK
[10:58:53] [6/459] PMAC
[10:58:54] [7/459] AMLC
[10:58:54] [8/459] LICL
[10:58:55] [9/459] UDMM
[10:58:56] [10/459] STBZ
[10:58:57] 🔄 Identity reset
[10:58:57] 🔄 Identity rotated (every 10 requests)
[10:58:57] [11/459] UUBT
[10:58:58] [12/459] SJKC
[10:58:59] [13/459] TUAL
[10:59:00] [14/459] MRSE
[10:59:01] [15/459] RMRK
[10:59:02] [16/459] TTKP
[10:59:03] [17/459] KTKO
[10:59:04] [18/459] SDBK
[10:59:05] [19/459] MCPR
[10:59:06] [20/459] CHTI
[10:59:06] 🔄 Identity reset
[10:59:06] 🔄 Identity rotated (every 10 requests)
[10:59:07] [21/459] GCCP
[10:59:08] [22/459] SRMY
[10:59:09] [23/459] NYST
[10:59:10] [24/459] NYAG
[10:59:10] [25/459] SBMT
[10:59:11] [26/459] INGA
[10:59:12] [27/459] WSIC
[10:59:13] [28/459] SCSS
[10:59:14] [29/459] COPG
[10:59:15] [30/459] RCGR
[10:59:16] 🔄 Identity reset
[10:59:16] 🔄 Identity rotated (every 10 requests)
[10:59:16] [31/459] TCZA
[10:59:17] [32/459] CNLP
[10:59:18] [33/459] CLKN
[10:59:19] [34/459] LHDF
[10:59:20] [35/459] ELKC
[10:59:21] [36/459] VCEM
[10:59:22] [37/459] SSZA
[10:59:23] [38/459] KRMT
[10:59:24] [39/459] LCMV
[10:59:25] [40/459] AYCZ
[10:59:25] 🔄 Identity reset
[10:59:25] 🔄 Identity rotated (every 10 requests)
[10:59:26] [41/459] CUMS
[10:59:26] [42/459] BOCK
[10:59:27] [43/459] PNMR
[10:59:28] [44/459] PJCP
[10:59:29] [45/459] JDDD
[10:59:31] [46/459] STMS
[10:59:31] [47/459] FLMB
[10:59:33] [48/459] PKCM
[10:59:35] [49/459] SPPR
[10:59:36] [50/459] EYLH
[10:59:36] 🔄 Identity reset
[10:59:36] 🔄 Identity rotated (every 10 requests)
[10:59:37] [51/459] RJCC
[10:59:38] [52/459] MMPS
[10:59:39] [53/459] SHMX
[10:59:40] [54/459] CCNL
[10:59:41] [55/459] RCNV
[10:59:41] [56/459] MAAG
[10:59:42] [57/459] LXCM
[10:59:43] [58/459] RCNI
[10:59:45] [59/459] SNNI
[10:59:46] [60/459] LALC
[10:59:46] 🔄 Identity reset
[10:59:46] 🔄 Identity rotated (every 10 requests)
[10:59:47] [61/459] SOCN
[10:59:48] [62/459] JHTP
[10:59:49] [63/459] PITP
[10:59:50] [64/459] CCKW
[10:59:51] [65/459] MCMC
[10:59:51] [66/459] DEES
[10:59:52] [67/459] SABT
[10:59:54] [68/459] VSPP
[10:59:55] [69/459] ABCT
[10:59:55] [70/459] JVTB
[10:59:56] 🔄 Identity reset
[10:59:56] 🔄 Identity rotated (every 10 requests)
[10:59:56] [71/459] VCBD
[10:59:57] [72/459] RMGG
[10:59:58] [73/459] RNMH
[10:59:59] [74/459] SPGL
[11:00:00] [75/459] JTTR
[11:00:01] [76/459] SICS
[11:00:02] [77/459] SRMI
[11:00:04] [78/459] SSIJ
[11:00:05] [79/459] KFMT
[11:00:06] [80/459] VBIT
[11:00:06] 🔄 Identity reset
[11:00:06] 🔄 Identity rotated (every 10 requests)
[11:00:07] [81/459] JKCT
[11:00:09] [82/459] GCGP
[11:00:10] [83/459] GDCS
[11:00:11] [84/459] TRBA
[11:00:11] [85/459] QUST
[11:00:12] [86/459] VSHM
[11:00:13] [87/459] SDCP
[11:00:14] [88/459] SNVS
[11:00:15] [89/459] NYTO
[11:00:16] [90/459] URWC
[11:00:17] 🔄 Identity reset
[11:00:17] 🔄 Identity rotated (every 10 requests)
[11:00:17] 🔄 Retry 1/5 for URWC in 2.9s
[11:00:17] 🔄 Identity reset
[11:00:20] 🧠 New identity created
[11:00:20] [91/459] GTWH
[11:00:21] [92/459] PFCM
[11:00:22] [93/459] KRTA
[11:00:23] [94/459] AXMC
[11:00:24] [95/459] EVMC
[11:00:25] [96/459] HGSM
[11:00:25] [97/459] ACVM
[11:00:27] [98/459] PSKL
[11:00:27] [99/459] RDMP
[11:00:28] 🔄 Identity reset
[11:00:28] 🔄 Identity rotated (every 10 requests)
[11:00:28] [100/459] RHGH
[11:00:29] [101/459] OMCM
[11:00:30] [102/459] DCCP
[11:00:31] [103/459] MCPB
[11:00:32] [104/459] ALCI
[11:00:33] [105/459] BLMX
[11:00:34] [106/459] BTMV
[11:00:35] [107/459] FVPN
[11:00:36] [108/459] CMAR
[11:00:36] [109/459] CEIM
[11:00:37] 🔄 Identity reset
[11:00:37] 🔄 Identity rotated (every 10 requests)
[11:00:38] [110/459] CMVA
[11:00:39] [111/459] CPIV
[11:00:40] [112/459] CNPE
[11:00:41] [113/459] COLV
[11:00:42] [114/459] DNNV
[11:00:43] [115/459] HCAD
[11:00:44] [116/459] TAKA
[11:00:45] [117/459] INVD
[11:00:46] [118/459] IRMM
[11:00:47] [119/459] INSE
[11:00:47] 🔄 Identity reset
[11:00:47] 🔄 Identity rotated (every 10 requests)
[11:00:48] [120/459] MRSW
[11:00:48] [121/459] MCVD
[11:00:49] [122/459] MCSO
[11:00:50] [123/459] PEVM
[11:00:51] [124/459] PVNL
[11:00:53] [125/459] PTCV
[11:00:54] [126/459] PRTC
[11:00:55] [127/459] RCVA
[11:00:56] [128/459] MTBN
[11:00:56] [129/459] LUCP
[11:00:57] 🔄 Identity reset
[11:00:57] 🔄 Identity rotated (every 10 requests)
[11:00:58] [130/459] FMPT
[11:00:59] [131/459] JLSL
[11:01:00] [132/459] SBHA
[11:01:01] [133/459] SHRC
[11:01:01] [134/459] AVPS
[11:01:02] [135/459] STPM
[11:01:03] [136/459] ATRD
[11:01:04] [137/459] VTED
[11:01:05] [138/459] ACAI
[11:01:07] [139/459] SMAE
[11:01:08] 🔄 Identity reset
[11:01:08] 🔄 Identity rotated (every 10 requests)
[11:01:08] [140/459] VMAT
[11:01:09] [141/459] LKCT
[11:01:10] [142/459] JTVK
[11:01:11] [143/459] PRTY
[11:01:12] [144/459] GETT
[11:01:13] [145/459] ESAP
[11:01:14] [146/459] NCPM
[11:01:15] [147/459] PCPA
[11:01:16] [148/459] MMOM
[11:01:17] [149/459] PHUP
[11:01:18] 🔄 Identity reset
[11:01:18] 🔄 Identity rotated (every 10 requests)
[11:01:18] [150/459] CCPI
[11:01:19] [151/459] CNTD
[11:01:20] [152/459] NLJR
[11:01:21] [153/459] SRNG
[11:01:22] [154/459] MHAL
[11:01:23] [155/459] PNSM
[11:01:24] [156/459] DRMY
[11:01:25] [157/459] CCMU
[11:01:26] [158/459] SCMY
[11:01:27] [159/459] PVSY
[11:01:27] 🔄 Identity reset
[11:01:27] 🔄 Identity rotated (every 10 requests)
[11:01:28] [160/459] SDLM
[11:01:29] [161/459] ICCM
[11:01:30] [162/459] PYSU
[11:01:31] [163/459] GATM
[11:01:32] [164/459] WOTM
[11:01:33] [165/459] RKTS
[11:01:34] [166/459] PMTY
[11:01:35] [167/459] LYMS
[11:01:36] [168/459] TGCA
[11:01:37] [169/459] DSTA
[11:01:37] 🔄 Identity reset
[11:01:38] 🔄 Identity rotated (every 10 requests)
[11:01:38] [170/459] CNGE
[11:01:39] [171/459] VSTG
[11:01:40] [172/459] GTCK
[11:01:41] [173/459] TGNT
[11:01:42] [174/459] ASLC
[11:01:43] [175/459] SSST
[11:01:43] [176/459] KBTT
[11:01:44] [177/459] HKCP
[11:01:45] [178/459] SWLC
[11:01:47] [179/459] RTND
[11:01:47] 🔄 Identity reset
[11:01:47] 🔄 Identity rotated (every 10 requests)
[11:01:48] [180/459] PKKT
[11:01:49] [181/459] HSTK
[11:01:49] [182/459] SPTT
[11:01:50] [183/459] IMPM
[11:01:51] [184/459] SCMV
[11:01:52] [185/459] SPCT
[11:01:53] [186/459] JBCA
[11:01:54] [187/459] ATTR
[11:01:55] [188/459] SPMT
[11:01:55] [189/459] LCTM
[11:01:56] 🔄 Identity reset
[11:01:56] 🔄 Identity rotated (every 10 requests)
[11:01:56] [190/459] SCVL
[11:01:57] [191/459] SCVT
[11:01:58] [192/459] KRIC
[11:01:59] [193/459] CTMG
[11:02:00] [194/459] ACNC
[11:02:01] [195/459] DMCK
[11:02:01] [196/459] KMTV
[11:02:02] [197/459] PFCJ
[11:02:03] [198/459] VNMD
[11:02:04] [199/459] VPCZ
[11:02:05] 🔄 Identity reset
[11:02:05] 🔄 Identity rotated (every 10 requests)
[11:02:05] [200/459] SRYR
[11:02:06] [201/459] SYTR
[11:02:07] [202/459] GATR
[11:02:08] [203/459] URTR
[11:02:09] [204/459] MKSM
[11:02:10] [205/459] VSMH
[11:02:11] [206/459] SKRJ
[11:02:12] [207/459] SSJR
[11:02:13] [208/459] SVSM
[11:02:14] [209/459] RUCM
[11:02:14] 🔄 Identity reset
[11:02:14] 🔄 Identity rotated (every 10 requests)
[11:02:15] [210/459] PRKN
[11:02:15] [211/459] RROH
[11:02:16] [212/459] SCTN
[11:02:17] [213/459] RTDM
[11:02:18] [214/459] ASRM
[11:02:19] [215/459] SKMD
[11:02:20] [216/459] SUTD
[11:02:21] [217/459] SADM
[11:02:22] [218/459] WCNR
[11:02:23] [219/459] CNED
[11:02:23] 🔄 Identity reset
[11:02:23] 🔄 Identity rotated (every 10 requests)
[11:02:24] [220/459] MPDB
[11:02:25] [221/459] KTBH
[11:02:27] [222/459] IDRM
[11:02:28] [223/459] PJJT
[11:02:29] [224/459] PFCV
[11:02:30] [225/459] AACT
[11:02:30] [226/459] AAAD
[11:02:31] [227/459] ANES
[11:02:32] [228/459] MNCA
[11:02:33] [229/459] RMGU
[11:02:34] 🔄 Identity reset
[11:02:34] 🔄 Identity rotated (every 10 requests)
[11:02:34] [230/459] DLCN
[11:02:35] [231/459] LJWT
[11:02:36] [232/459] MCBG
[11:02:37] [233/459] MYBG
[11:02:38] [234/459] GCCA
[11:02:38] [235/459] GCGA
[11:02:40] [236/459] ECGN
[11:02:40] [237/459] PRAB
[11:02:41] [238/459] PNMP
[11:02:42] [239/459] GCPT
[11:02:43] 🔄 Identity reset
[11:02:43] 🔄 Identity rotated (every 10 requests)
[11:02:43] [240/459] ROYN
[11:02:44] [241/459] VATM
[11:02:45] [242/459] KSNT
[11:02:47] [243/459] ACTC
[11:02:47] [244/459] PLTD
[11:02:48] [245/459] SKMK
[11:02:49] [246/459] CMTT
[11:02:50] [247/459] SMXP
[11:02:51] [248/459] SCMX
[11:02:52] [249/459] ACXN
[11:02:53] 🔄 Identity reset
[11:02:53] 🔄 Identity rotated (every 10 requests)
[11:02:53] [250/459] ASWT
[11:02:54] [251/459] VVVL
[11:02:55] [252/459] NAGO
[11:02:56] [253/459] SNCN
[11:02:57] [254/459] MCKP
[11:02:58] [255/459] SAMO
[11:02:59] [256/459] JBTV
[11:03:00] [257/459] DCVV
[11:03:00] [258/459] KMSV
[11:03:01] [259/459] KDCN
[11:03:02] 🔄 Identity reset
[11:03:02] 🔄 Identity rotated (every 10 requests)
[11:03:03] [260/459] CNCP
[11:03:03] [261/459] HAMC
[11:03:04] [262/459] CCVZ
[11:03:05] [263/459] NCCK
[11:03:06] [264/459] MCHR
[11:03:07] [265/459] SCHT
[11:03:08] [266/459] ESSH
[11:03:09] [267/459] CUJC
[11:03:10] [268/459] PECP
[11:03:11] [269/459] PMMI
[11:03:11] 🔄 Identity reset
[11:03:11] 🔄 Identity rotated (every 10 requests)
[11:03:12] [270/459] PCCH
[11:03:13] [271/459] PRPM
[11:03:14] [272/459] PVKL
[11:03:14] [273/459] CBSM
[11:03:15] [274/459] PVCZ
[11:03:16] [275/459] PCVV
[11:03:17] [276/459] CTMJ
[11:03:18] [277/459] RCPS
[11:03:19] [278/459] PCIT
[11:03:20] [279/459] FNCH
[11:03:20] 🔄 Identity reset
[11:03:20] 🔄 Identity rotated (every 10 requests)
[11:03:21] [280/459] INZD
[11:03:22] [281/459] INPC
[11:03:23] [282/459] LCZP
[11:03:24] [283/459] SMCB
[11:03:25] [284/459] PTSB
[11:03:26] [285/459] TPSI
[11:03:27] [286/459] KHMJ
[11:03:28] [287/459] RCCJ
[11:03:28] [288/459] NCJA
[11:03:30] [289/459] NCJN
[11:03:30] 🔄 Identity reset
[11:03:30] 🔄 Identity rotated (every 10 requests)
[11:03:30] [290/459] BTDP
[11:03:31] [291/459] PADY
[11:03:32] [292/459] NYBH
[11:03:33] [293/459] MTBR
[11:03:35] [294/459] KRBC
[11:03:36] [295/459] DKTI
[11:03:37] [296/459] ANAN
[11:03:38] [297/459] INBP
[11:03:39] [298/459] PATB
[11:03:40] [299/459] RGNT
[11:03:41] 🔄 Identity reset
[11:03:41] 🔄 Identity rotated (every 10 requests)
[11:03:41] [300/459] CGPM
[11:03:42] [301/459] INTN
[11:03:43] [302/459] MCMP
[11:03:44] [303/459] ASRG
[11:03:45] [304/459] CXJD
[11:03:46] [305/459] SPCP
[11:03:47] [306/459] CSTP
[11:03:48] [307/459] PKVC
[11:03:49] [308/459] ESCP
[11:03:50] [309/459] CAEP
[11:03:50] 🔄 Identity reset
[11:03:50] 🔄 Identity rotated (every 10 requests)
[11:03:51] [310/459] CCSP
[11:03:52] [311/459] KTPC
[11:03:53] [312/459] DACA
[11:03:53] [313/459] NVKY
[11:03:55] [314/459] PTIN
[11:03:56] [315/459] SCIN
[11:03:56] [316/459] MCTY
[11:03:58] [317/459] PCMX
[11:03:59] [318/459] INIC
[11:04:00] [319/459] MMZM
[11:04:01] 🔄 Identity reset
[11:04:01] 🔄 Identity rotated (every 10 requests)
[11:04:01] [320/459] SSLP
[11:04:02] [321/459] DTDT
[11:04:03] [322/459] FFCX
[11:04:04] [323/459] RCMM
[11:04:04] [324/459] KYID
[11:04:05] [325/459] CSCI
[11:04:06] [326/459] FCMC
[11:04:07] [327/459] MMXI
[11:04:08] [328/459] ASTC
[11:04:09] [329/459] CMRA
[11:04:10] 🔄 Identity reset
[11:04:10] 🔄 Identity rotated (every 10 requests)
[11:04:10] [330/459] DICI
[11:04:11] [331/459] KDIN
[11:04:12] [332/459] PRFI
[11:04:13] [333/459] SVFC
[11:04:14] [334/459] UCPL
[11:04:15] [335/459] COOC
[11:04:15] [336/459] SCAL
[11:04:16] [337/459] SVFF
[11:04:18] [338/459] VCMG
[11:04:19] [339/459] UUCT
[11:04:19] 🔄 Identity reset
[11:04:19] 🔄 Identity rotated (every 10 requests)
[11:04:20] [340/459] GCSE
[11:04:21] [341/459] SUSC
[11:04:22] [342/459] MISC
[11:04:23] [343/459] RMBL
[11:04:24] [344/459] CMXN
[11:04:25] [345/459] PVBK
[11:04:26] [346/459] HHCG
[11:04:27] [347/459] SCAG
[11:04:28] [348/459] CNPR
[11:04:29] [349/459] CSER
[11:04:29] 🔄 Identity reset
[11:04:29] 🔄 Identity rotated (every 10 requests)
[11:04:30] [350/459] HLWD
[11:04:31] [351/459] BOLY
[11:04:31] [352/459] SSPG
[11:04:32] [353/459] MUPX
[11:04:33] [354/459] HAMR
[11:04:34] [355/459] SDNC
[11:04:35] [356/459] RTEN
[11:04:36] [357/459] SDTD
[11:04:37] [358/459] KAWS
[11:04:38] [359/459] CMZX
[11:04:39] 🔄 Identity reset
[11:04:39] 🔄 Identity rotated (every 10 requests)
[11:04:39] [360/459] DCDD
[11:04:40] [361/459] ALSN
[11:04:41] [362/459] IMXS
[11:04:42] [363/459] PVFF
[11:04:43] [364/459] PVOO
[11:04:44] [365/459] CFBS
[11:04:44] [366/459] PVER
[11:04:45] [367/459] PPNX
[11:04:46] [368/459] CNRM
[11:04:47] [369/459] PVWW
[11:04:48] 🔄 Identity reset
[11:04:48] 🔄 Identity rotated (every 10 requests)
[11:04:48] [370/459] INMB
[11:04:49] [371/459] CPJR
[11:04:50] [372/459] INRZ
[11:04:51] [373/459] PMSR
[11:04:52] [374/459] GPGM
[11:04:53] [375/459] PGWB
[11:04:54] [376/459] PMBR
[11:04:54] [377/459] GPAM
[11:04:55] [378/459] INBC
[11:04:56] [379/459] PZVK
[11:04:57] 🔄 Identity reset
[11:04:57] 🔄 Identity rotated (every 10 requests)
[11:04:58] [380/459] CPEB
[11:04:59] [381/459] FMLB
[11:05:00] [382/459] INBG
[11:05:01] [383/459] GPBR
[11:05:03] [384/459] PAAS
[11:05:04] [385/459] VTBR
[11:05:05] [386/459] GPMY
[11:05:06] [387/459] GYBU
[11:05:07] [388/459] INBJ
[11:05:08] [389/459] LKTH
[11:05:08] 🔄 Identity reset
[11:05:08] 🔄 Identity rotated (every 10 requests)
[11:05:09] [390/459] NSBR
[11:05:10] [391/459] PDRD
[11:05:11] [392/459] VRBL
[11:05:12] [393/459] VTGB
[11:05:13] [394/459] VTSK
[11:05:14] [395/459] BKDV
[11:05:14] [396/459] SVTB
[11:05:15] [397/459] MLDT
[11:05:16] [398/459] NRBL
[11:05:17] [399/459] SLTR
[11:05:18] 🔄 Identity reset
[11:05:18] 🔄 Identity rotated (every 10 requests)
[11:05:18] [400/459] VNKA
[11:05:19] [401/459] TDCA
[11:05:20] [402/459] INBM
[11:05:21] [403/459] SSNR
[11:05:21] [404/459] BHAC
[11:05:22] [405/459] SDSD
[11:05:23] [406/459] SAMP
[11:05:24] [407/459] RATK
[11:05:25] [408/459] KCBI
[11:05:26] [409/459] URBL
[11:05:27] 🔄 Identity reset
[11:05:27] 🔄 Identity rotated (every 10 requests)
[11:05:27] [410/459] MKBG
[11:05:28] [411/459] ASTB
[11:05:29] [412/459] VBWT
[11:05:30] [413/459] GPSM
[11:05:31] [414/459] ROON
[11:05:32] [415/459] CHTH
[11:05:32] [416/459] SSPA
[11:05:33] [417/459] ANBL
[11:05:34] [418/459] VTBE
[11:05:35] [419/459] SVKT
[11:05:36] 🔄 Identity reset
[11:05:36] 🔄 Identity rotated (every 10 requests)
[11:05:36] [420/459] SVYK
[11:05:37] [421/459] PTBK
[11:05:38] [422/459] RKTB
[11:05:39] [423/459] BALT
[11:05:40] [424/459] STSV
[11:05:41] [425/459] VCCB
[11:05:42] [426/459] SLTB
[11:05:43] [427/459] SBCR
[11:05:44] [428/459] VDCS
[11:05:45] [429/459] MDKI
[11:05:45] 🔄 Identity reset
[11:05:45] 🔄 Identity rotated (every 10 requests)
[11:05:46] [430/459] SMRN
[11:05:47] [431/459] PTBC
[11:05:48] [432/459] RADI
[11:05:49] [433/459] ADCR
[11:05:50] [434/459] SDCS
[11:05:50] [435/459] SRPJ
[11:05:51] [436/459] ARTS
[11:05:52] [437/459] SRHK
[11:05:53] [438/459] SPAY
[11:05:54] [439/459] GPTB
[11:05:55] 🔄 Identity reset
[11:05:55] 🔄 Identity rotated (every 10 requests)
[11:05:55] [440/459] SNNN
[11:05:56] [441/459] BALJ
[11:05:57] [442/459] TRIG
[11:05:58] [443/459] GTYT
[11:05:59] [444/459] ATGN
[11:06:00] [445/459] ANTE
[11:06:01] [446/459] BDCG
[11:06:01] [447/459] VECI
[11:06:02] [448/459] SCPR
[11:06:03] [449/459] RTEA
[11:06:04] 🔄 Identity reset
[11:06:04] 🔄 Identity rotated (every 10 requests)
[11:06:05] [450/459] JSAI
[11:06:06] [451/459] VJTP
[11:06:07] [452/459] GNDS
[11:06:09] [453/459] PAXA
[11:06:10] [454/459] CGGM
[11:06:11] [455/459] ACKZ
[11:06:12] [456/459] EMCC
[11:06:13] [457/459] KLSK
[11:06:14] [458/459] AVCK
[11:06:15] [459/459] JTCK
[11:06:16] 🔄 Identity reset
[11:06:16] 🔄 Identity rotated (every 10 requests)
[11:06:16] 🧹 Deduping shows
[11:06:16] ✅ DONE | Shows=72 | Movies=7
[18:49:10] 🚀 SCRIPT STARTED (enhanced anti‑detection)
[18:49:10] [1/459] NECA
[18:49:10] 🧠 New identity created
[18:49:11] [2/459] BJLC
[18:49:12] [3/459] BASU
[18:49:13] [4/459] RUPI
[18:49:14] [5/459] LCBK
[18:49:15] [6/459] PMAC
[18:49:15] [7/459] AMLC
[18:49:16] [8/459] LICL
[18:49:17] [9/459] UDMM
[18:49:18] [10/459] STBZ
[18:49:19] 🔄 Identity reset
[18:49:19] 🔄 Identity rotated (every 10 requests)
[18:49:20] [11/459] UUBT
[18:49:21] [12/459] SJKC
[18:49:22] [13/459] TUAL
[18:49:23] [14/459] MRSE
[18:49:24] [15/459] RMRK
[18:49:25] [16/459] TTKP
[18:49:26] [17/459] KTKO
[18:49:27] [18/459] SDBK
[18:49:28] [19/459] MCPR
[18:49:28] [20/459] CHTI
[18:49:29] 🔄 Identity reset
[18:49:29] 🔄 Identity rotated (every 10 requests)
[18:49:30] [21/459] GCCP
[18:49:31] [22/459] SRMY
[18:49:31] [23/459] NYST
[18:49:32] [24/459] NYAG
[18:49:33] [25/459] SBMT
[18:49:34] [26/459] INGA
[18:49:35] [27/459] WSIC
[18:49:37] [28/459] SCSS
[18:49:37] [29/459] COPG
[18:49:38] [30/459] RCGR
[18:49:39] 🔄 Identity reset
[18:49:39] 🔄 Identity rotated (every 10 requests)
[18:49:39] 🔄 Retry 1/5 for RCGR in 2.6s
[18:49:39] 🔄 Identity reset
[18:49:42] 🧠 New identity created
[18:49:42] 🔄 Retry 2/5 for RCGR in 4.1s
[18:49:42] 🔄 Identity reset
[18:49:46] 🧠 New identity created
[18:49:46] [31/459] TCZA
[18:49:47] [32/459] CNLP
[18:49:48] [33/459] CLKN
[18:49:49] [34/459] LHDF
[18:49:50] [35/459] ELKC
[18:49:50] [36/459] VCEM
[18:49:51] [37/459] SSZA
[18:49:52] [38/459] KRMT
[18:49:53] 🔄 Identity reset
[18:49:53] 🔄 Identity rotated (every 10 requests)
[18:49:53] [39/459] LCMV
[18:49:54] [40/459] AYCZ
[18:49:55] [41/459] CUMS
[18:49:56] [42/459] BOCK
[18:49:57] [43/459] PNMR
[18:49:58] [44/459] PJCP
[18:49:59] [45/459] JDDD
[18:50:00] [46/459] STMS
[18:50:00] [47/459] FLMB
[18:50:01] [48/459] PKCM
[18:50:02] 🔄 Identity reset
[18:50:02] 🔄 Identity rotated (every 10 requests)
[18:50:02] [49/459] SPPR
[18:50:03] [50/459] EYLH
[18:50:04] [51/459] RJCC
[18:50:06] [52/459] MMPS
[18:50:06] [53/459] SHMX
[18:50:07] [54/459] CCNL
[18:50:08] [55/459] RCNV
[18:50:09] [56/459] MAAG
[18:50:10] [57/459] LXCM
[18:50:11] [58/459] RCNI
[18:50:11] 🔄 Identity reset
[18:50:12] 🔄 Identity rotated (every 10 requests)
[18:50:12] [59/459] SNNI
[18:50:13] [60/459] LALC
[18:50:14] [61/459] SOCN
[18:50:15] [62/459] JHTP
[18:50:16] [63/459] PITP
[18:50:18] [64/459] CCKW
[18:50:19] [65/459] MCMC
[18:50:20] [66/459] DEES
[18:50:21] [67/459] SABT
[18:50:22] [68/459] VSPP
[18:50:23] 🔄 Identity reset
[18:50:23] 🔄 Identity rotated (every 10 requests)
[18:50:23] [69/459] ABCT
[18:50:24] [70/459] JVTB
[18:50:25] [71/459] VCBD
[18:50:26] [72/459] RMGG
[18:50:27] [73/459] RNMH
[18:50:28] [74/459] SPGL
[18:50:29] [75/459] JTTR
[18:50:30] [76/459] SICS
[18:50:31] [77/459] SRMI
[18:50:33] [78/459] SSIJ
[18:50:33] 🔄 Identity reset
[18:50:33] 🔄 Identity rotated (every 10 requests)
[18:50:34] [79/459] KFMT
[18:50:35] [80/459] VBIT
[18:50:36] [81/459] JKCT
[18:50:37] [82/459] GCGP
[18:50:37] [83/459] GDCS
[18:50:38] [84/459] TRBA
[18:50:39] [85/459] QUST
[18:50:40] [86/459] VSHM
[18:50:41] [87/459] SDCP
[18:50:42] [88/459] SNVS
[18:50:42] 🔄 Identity reset
[18:50:42] 🔄 Identity rotated (every 10 requests)
[18:50:44] [89/459] NYTO
[18:50:44] [90/459] URWC
[18:50:46] [91/459] GTWH
[18:50:47] [92/459] PFCM
[18:50:48] [93/459] KRTA
[18:50:49] [94/459] AXMC
[18:50:50] [95/459] EVMC
[18:50:51] [96/459] HGSM
[18:50:52] [97/459] ACVM
[18:50:53] [98/459] PSKL
[18:50:53] 🔄 Identity reset
[18:50:53] 🔄 Identity rotated (every 10 requests)
[18:50:53] [99/459] RDMP
[18:50:54] [100/459] RHGH
[18:50:55] [101/459] OMCM
[18:50:56] [102/459] DCCP
[18:50:57] [103/459] MCPB
[18:50:58] [104/459] ALCI
[18:50:59] [105/459] BLMX
[18:51:03] [106/459] BTMV
[18:51:04] [107/459] FVPN
[18:51:05] [108/459] CMAR
[18:51:06] 🔄 Identity reset
[18:51:06] 🔄 Identity rotated (every 10 requests)
[18:51:06] [109/459] CEIM
[18:51:07] [110/459] CMVA
[18:51:08] [111/459] CPIV
[18:51:09] [112/459] CNPE
[18:51:10] [113/459] COLV
[18:51:11] [114/459] DNNV
[18:51:12] [115/459] HCAD
[18:51:13] [116/459] TAKA
[18:51:13] [117/459] INVD
[18:51:14] [118/459] IRMM
[18:51:15] 🔄 Identity reset
[18:51:15] 🔄 Identity rotated (every 10 requests)
[18:51:15] [119/459] INSE
[18:51:16] [120/459] MRSW
[18:51:17] [121/459] MCVD
[18:51:19] [122/459] MCSO
[18:51:19] [123/459] PEVM
[18:51:20] [124/459] PVNL
[18:51:21] [125/459] PTCV
[18:51:22] [126/459] PRTC
[18:51:23] [127/459] RCVA
[18:51:24] [128/459] MTBN
[18:51:25] 🔄 Identity reset
[18:51:25] 🔄 Identity rotated (every 10 requests)
[18:51:25] [129/459] LUCP
[18:51:26] [130/459] FMPT
[18:51:27] [131/459] JLSL
[18:51:27] [132/459] SBHA
[18:51:29] [133/459] SHRC
[18:51:30] [134/459] AVPS
[18:51:31] [135/459] STPM
[18:51:31] [136/459] ATRD
[18:51:33] [137/459] VTED
[18:51:34] [138/459] ACAI
[18:51:35] 🔄 Identity reset
[18:51:35] 🔄 Identity rotated (every 10 requests)
[18:51:35] [139/459] SMAE
[18:51:36] [140/459] VMAT
[18:51:37] [141/459] LKCT
[18:51:38] [142/459] JTVK
[18:51:39] [143/459] PRTY
[18:51:39] [144/459] GETT
[18:51:40] [145/459] ESAP
[18:51:41] [146/459] NCPM
[18:51:42] [147/459] PCPA
[18:51:43] [148/459] MMOM
[18:51:43] 🔄 Identity reset
[18:51:43] 🔄 Identity rotated (every 10 requests)
[18:51:44] [149/459] PHUP
[18:51:45] [150/459] CCPI
[18:51:45] [151/459] CNTD
[18:51:46] [152/459] NLJR
[18:51:47] [153/459] SRNG
[18:51:48] [154/459] MHAL
[18:51:49] [155/459] PNSM
[18:51:50] [156/459] DRMY
[18:51:50] [157/459] CCMU
[18:51:52] [158/459] SCMY
[18:51:53] 🔄 Identity reset
[18:51:53] 🔄 Identity rotated (every 10 requests)
[18:51:53] [159/459] PVSY
[18:51:54] [160/459] SDLM
[18:51:55] [161/459] ICCM
[18:51:55] [162/459] PYSU
[18:51:56] [163/459] GATM
[18:51:57] [164/459] WOTM
[18:51:58] [165/459] RKTS
[18:51:59] [166/459] PMTY
[18:52:00] [167/459] LYMS
[18:52:01] [168/459] TGCA
[18:52:01] 🔄 Identity reset
[18:52:01] 🔄 Identity rotated (every 10 requests)
[18:52:02] [169/459] DSTA
[18:52:02] [170/459] CNGE
[18:52:03] [171/459] VSTG
[18:52:04] [172/459] GTCK
[18:52:04] [173/459] TGNT
[18:52:06] [174/459] ASLC
[18:52:07] [175/459] SSST
[18:52:08] [176/459] KBTT
[18:52:09] [177/459] HKCP
[18:52:10] [178/459] SWLC
[18:52:10] 🔄 Identity reset
[18:52:10] 🔄 Identity rotated (every 10 requests)
[18:52:11] [179/459] RTND
[18:52:12] [180/459] PKKT
[18:52:13] [181/459] HSTK
[18:52:13] [182/459] SPTT
[18:52:14] [183/459] IMPM
[18:52:15] [184/459] SCMV
[18:52:16] [185/459] SPCT
[18:52:17] [186/459] JBCA
[18:52:18] [187/459] ATTR
[18:52:18] [188/459] SPMT
[18:52:19] 🔄 Identity reset
[18:52:19] 🔄 Identity rotated (every 10 requests)
[18:52:19] [189/459] LCTM
[18:52:20] [190/459] SCVL
[18:52:21] [191/459] SCVT
[18:52:22] [192/459] KRIC
[18:52:23] [193/459] CTMG
[18:52:24] [194/459] ACNC
[18:52:25] [195/459] DMCK
[18:52:26] [196/459] KMTV
[18:52:27] [197/459] PFCJ
[18:52:28] [198/459] VNMD
[18:52:28] 🔄 Identity reset
[18:52:28] 🔄 Identity rotated (every 10 requests)
[18:52:29] [199/459] VPCZ
[18:52:30] [200/459] SRYR
[18:52:30] [201/459] SYTR
[18:52:31] [202/459] GATR
[18:52:32] [203/459] URTR
[18:52:33] [204/459] MKSM
[18:52:34] [205/459] VSMH
[18:52:34] [206/459] SKRJ
[18:52:35] [207/459] SSJR
[18:52:36] [208/459] SVSM
[18:52:37] 🔄 Identity reset
[18:52:37] 🔄 Identity rotated (every 10 requests)
[18:52:37] 🔄 Retry 1/5 for SVSM in 2.6s
[18:52:37] 🔄 Identity reset
[18:52:40] 🧠 New identity created
[18:52:40] [209/459] RUCM
[18:52:41] [210/459] PRKN
[18:52:42] [211/459] RROH
[18:52:42] [212/459] SCTN
[18:52:43] [213/459] RTDM
[18:52:44] [214/459] ASRM
[18:52:45] [215/459] SKMD
[18:52:46] [216/459] SUTD
[18:52:47] [217/459] SADM
[18:52:47] 🔄 Identity reset
[18:52:47] 🔄 Identity rotated (every 10 requests)
[18:52:47] [218/459] WCNR
[18:52:48] [219/459] CNED
[18:52:49] [220/459] MPDB
[18:52:50] [221/459] KTBH
[18:52:51] [222/459] IDRM
[18:52:51] [223/459] PJJT
[18:52:53] [224/459] PFCV
[18:52:54] [225/459] AACT
[18:52:55] [226/459] AAAD
[18:52:56] [227/459] ANES
[18:52:57] 🔄 Identity reset
[18:52:57] 🔄 Identity rotated (every 10 requests)
[18:52:57] [228/459] MNCA
[18:52:58] [229/459] RMGU
[18:52:59] [230/459] DLCN
[18:53:00] [231/459] LJWT
[18:53:01] [232/459] MCBG
[18:53:02] [233/459] MYBG
[18:53:03] [234/459] GCCA
[18:53:04] [235/459] GCGA
[18:53:06] [236/459] ECGN
[18:53:07] [237/459] PRAB
[18:53:07] 🔄 Identity reset
[18:53:07] 🔄 Identity rotated (every 10 requests)
[18:53:08] [238/459] PNMP
[18:53:08] [239/459] GCPT
[18:53:09] [240/459] ROYN
[18:53:10] [241/459] VATM
[18:53:11] [242/459] KSNT
[18:53:12] [243/459] ACTC
[18:53:13] [244/459] PLTD
[18:53:14] [245/459] SKMK
[18:53:14] [246/459] CMTT
[18:53:15] [247/459] SMXP
[18:53:16] 🔄 Identity reset
[18:53:16] 🔄 Identity rotated (every 10 requests)
[18:53:16] [248/459] SCMX
[18:53:17] [249/459] ACXN
[18:53:18] [250/459] ASWT
[18:53:19] [251/459] VVVL
[18:53:20] [252/459] NAGO
[18:53:21] [253/459] SNCN
[18:53:22] [254/459] MCKP
[18:53:23] [255/459] SAMO
[18:53:24] [256/459] JBTV
[18:53:25] [257/459] DCVV
[18:53:25] 🔄 Identity reset
[18:53:25] 🔄 Identity rotated (every 10 requests)
[18:53:25] [258/459] KMSV
[18:53:26] [259/459] KDCN
[18:53:27] [260/459] CNCP
[18:53:28] [261/459] HAMC
[18:53:29] [262/459] CCVZ
[18:53:30] [263/459] NCCK
[18:53:31] [264/459] MCHR
[18:53:32] [265/459] SCHT
[18:53:33] [266/459] ESSH
[18:53:34] [267/459] CUJC
[18:53:34] 🔄 Identity reset
[18:53:34] 🔄 Identity rotated (every 10 requests)
[18:53:35] [268/459] PECP
[18:53:35] [269/459] PMMI
[18:53:36] [270/459] PCCH
[18:53:37] [271/459] PRPM
[18:53:38] [272/459] PVKL
[18:53:39] [273/459] CBSM
[18:53:40] [274/459] PVCZ
[18:53:41] [275/459] PCVV
[18:53:42] [276/459] CTMJ
[18:53:43] [277/459] RCPS
[18:53:43] 🔄 Identity reset
[18:53:43] 🔄 Identity rotated (every 10 requests)
[18:53:43] [278/459] PCIT
[18:53:44] [279/459] FNCH
[18:53:45] [280/459] INZD
[18:53:46] [281/459] INPC
[18:53:47] [282/459] LCZP
[18:53:48] [283/459] SMCB
[18:53:48] [284/459] PTSB
[18:53:49] [285/459] TPSI
[18:53:50] [286/459] KHMJ
[18:53:51] [287/459] RCCJ
[18:53:52] 🔄 Identity reset
[18:53:52] 🔄 Identity rotated (every 10 requests)
[18:53:52] [288/459] NCJA
[18:53:53] [289/459] NCJN
[18:53:54] [290/459] BTDP
[18:53:55] [291/459] PADY
[18:53:56] [292/459] NYBH
[18:53:57] [293/459] MTBR
[18:53:57] [294/459] KRBC
[18:53:58] [295/459] DKTI
[18:53:59] [296/459] ANAN
[18:54:00] [297/459] INBP
[18:54:01] 🔄 Identity reset
[18:54:01] 🔄 Identity rotated (every 10 requests)
[18:54:01] [298/459] PATB
[18:54:02] [299/459] RGNT
[18:54:03] [300/459] CGPM
[18:54:04] [301/459] INTN
[18:54:05] [302/459] MCMP
[18:54:06] [303/459] ASRG
[18:54:07] [304/459] CXJD
[18:54:08] [305/459] SPCP
[18:54:09] [306/459] CSTP
[18:54:10] [307/459] PKVC
[18:54:10] 🔄 Identity reset
[18:54:10] 🔄 Identity rotated (every 10 requests)
[18:54:11] [308/459] ESCP
[18:54:12] [309/459] CAEP
[18:54:13] [310/459] CCSP
[18:54:14] [311/459] KTPC
[18:54:15] [312/459] DACA
[18:54:16] [313/459] NVKY
[18:54:17] [314/459] PTIN
[18:54:18] [315/459] SCIN
[18:54:18] [316/459] MCTY
[18:54:20] [317/459] PCMX
[18:54:21] 🔄 Identity reset
[18:54:21] 🔄 Identity rotated (every 10 requests)
[18:54:21] [318/459] INIC
[18:54:22] [319/459] MMZM
[18:54:23] [320/459] SSLP
[18:54:24] [321/459] DTDT
[18:54:24] [322/459] FFCX
[18:54:25] [323/459] RCMM
[18:54:26] [324/459] KYID
[18:54:27] [325/459] CSCI
[18:54:28] [326/459] FCMC
[18:54:29] [327/459] MMXI
[18:54:29] 🔄 Identity reset
[18:54:29] 🔄 Identity rotated (every 10 requests)
[18:54:29] [328/459] ASTC
[18:54:30] [329/459] CMRA
[18:54:31] [330/459] DICI
[18:54:32] [331/459] KDIN
[18:54:33] [332/459] PRFI
[18:54:34] [333/459] SVFC
[18:54:35] [334/459] UCPL
[18:54:36] [335/459] COOC
[18:54:37] [336/459] SCAL
[18:54:37] [337/459] SVFF
[18:54:38] 🔄 Identity reset
[18:54:38] 🔄 Identity rotated (every 10 requests)
[18:54:38] [338/459] VCMG
[18:54:39] [339/459] UUCT
[18:54:40] [340/459] GCSE
[18:54:41] [341/459] SUSC
[18:54:42] [342/459] MISC
[18:54:43] [343/459] RMBL
[18:54:44] [344/459] CMXN
[18:54:44] [345/459] PVBK
[18:54:45] [346/459] HHCG
[18:54:46] [347/459] SCAG
[18:54:47] 🔄 Identity reset
[18:54:47] 🔄 Identity rotated (every 10 requests)
[18:54:48] [348/459] CNPR
[18:54:49] [349/459] CSER
[18:54:50] [350/459] HLWD
[18:54:50] [351/459] BOLY
[18:54:51] [352/459] SSPG
[18:54:53] [353/459] MUPX
[18:54:54] [354/459] HAMR
[18:54:54] [355/459] SDNC
[18:54:55] [356/459] RTEN
[18:54:56] [357/459] SDTD
[18:54:57] 🔄 Identity reset
[18:54:57] 🔄 Identity rotated (every 10 requests)
[18:54:58] [358/459] KAWS
[18:54:59] [359/459] CMZX
[18:54:59] [360/459] DCDD
[18:55:00] [361/459] ALSN
[18:55:01] [362/459] IMXS
[18:55:02] [363/459] PVFF
[18:55:03] [364/459] PVOO
[18:55:04] [365/459] CFBS
[18:55:05] [366/459] PVER
[18:55:06] [367/459] PPNX
[18:55:06] 🔄 Identity reset
[18:55:06] 🔄 Identity rotated (every 10 requests)
[18:55:07] [368/459] CNRM
[18:55:08] [369/459] PVWW
[18:55:09] [370/459] INMB
[18:55:10] [371/459] CPJR
[18:55:11] [372/459] INRZ
[18:55:11] [373/459] PMSR
[18:55:13] [374/459] GPGM
[18:55:14] [375/459] PGWB
[18:55:15] [376/459] PMBR
[18:55:16] [377/459] GPAM
[18:55:17] 🔄 Identity reset
[18:55:17] 🔄 Identity rotated (every 10 requests)
[18:55:17] [378/459] INBC
[18:55:18] [379/459] PZVK
[18:55:19] [380/459] CPEB
[18:55:20] [381/459] FMLB
[18:55:20] [382/459] INBG
[18:55:21] [383/459] GPBR
[18:55:22] [384/459] PAAS
[18:55:23] [385/459] VTBR
[18:55:24] [386/459] GPMY
[18:55:25] [387/459] GYBU
[18:55:25] 🔄 Identity reset
[18:55:25] 🔄 Identity rotated (every 10 requests)
[18:55:26] [388/459] INBJ
[18:55:27] [389/459] LKTH
[18:55:28] [390/459] NSBR
[18:55:29] [391/459] PDRD
[18:55:29] [392/459] VRBL
[18:55:30] [393/459] VTGB
[18:55:31] [394/459] VTSK
[18:55:32] [395/459] BKDV
[18:55:33] [396/459] SVTB
[18:55:34] [397/459] MLDT
[18:55:35] 🔄 Identity reset
[18:55:35] 🔄 Identity rotated (every 10 requests)
[18:55:35] [398/459] NRBL
[18:55:36] [399/459] SLTR
[18:55:37] [400/459] VNKA
[18:55:38] [401/459] TDCA
[18:55:38] [402/459] INBM
[18:55:39] [403/459] SSNR
[18:55:40] [404/459] BHAC
[18:55:41] [405/459] SDSD
[18:55:42] [406/459] SAMP
[18:55:43] [407/459] RATK
[18:55:44] 🔄 Identity reset
[18:55:44] 🔄 Identity rotated (every 10 requests)
[18:55:44] [408/459] KCBI
[18:55:45] [409/459] URBL
[18:55:46] [410/459] MKBG
[18:55:48] [411/459] ASTB
[18:55:48] [412/459] VBWT
[18:55:49] [413/459] GPSM
[18:55:52] [414/459] ROON
[18:55:53] [415/459] CHTH
[18:55:54] [416/459] SSPA
[18:55:54] [417/459] ANBL
[18:55:55] 🔄 Identity reset
[18:55:55] 🔄 Identity rotated (every 10 requests)
[18:55:55] [418/459] VTBE
[18:55:56] [419/459] SVKT
[18:55:57] [420/459] SVYK
[18:55:58] [421/459] PTBK
[18:55:59] [422/459] RKTB
[18:56:00] [423/459] BALT
[18:56:01] [424/459] STSV
[18:56:01] [425/459] VCCB
[18:56:02] [426/459] SLTB
[18:56:03] [427/459] SBCR
[18:56:04] 🔄 Identity reset
[18:56:04] 🔄 Identity rotated (every 10 requests)
[18:56:05] [428/459] VDCS
[18:56:06] [429/459] MDKI
[18:56:06] [430/459] SMRN
[18:56:07] [431/459] PTBC
[18:56:08] [432/459] RADI
[18:56:09] [433/459] ADCR
[18:56:11] [434/459] SDCS
[18:56:12] [435/459] SRPJ
[18:56:13] [436/459] ARTS
[18:56:14] [437/459] SRHK
[18:56:14] 🔄 Identity reset
[18:56:14] 🔄 Identity rotated (every 10 requests)
[18:56:14] [438/459] SPAY
[18:56:15] [439/459] GPTB
[18:56:17] [440/459] SNNN
[18:56:18] [441/459] BALJ
[18:56:19] [442/459] TRIG
[18:56:20] [443/459] GTYT
[18:56:21] [444/459] ATGN
[18:56:23] [445/459] ANTE
[18:56:23] [446/459] BDCG
[18:56:24] [447/459] VECI
[18:56:25] 🔄 Identity reset
[18:56:25] 🔄 Identity rotated (every 10 requests)
[18:56:25] [448/459] SCPR
[18:56:26] [449/459] RTEA
[18:56:27] [450/459] JSAI
[18:56:28] [451/459] VJTP
[18:56:28] [452/459] GNDS
[18:56:29] [453/459] PAXA
[18:56:30] [454/459] CGGM
[18:56:32] [455/459] ACKZ
[18:56:33] [456/459] EMCC
[18:56:34] [457/459] KLSK
[18:56:34] 🔄 Identity reset
[18:56:34] 🔄 Identity rotated (every 10 requests)
[18:56:35] [458/459] AVCK
[18:56:35] [459/459] JTCK
[18:56:36] 🧹 Deduping shows
[18:56:36] ✅ DONE | Shows=86 | Movies=7
[00:53:10] 🚀 SCRIPT STARTED (enhanced anti‑detection)
[00:53:10] [1/459] NECA
[00:53:11] 🧠 New identity created
[00:53:11] [2/459] BJLC
[00:53:12] [3/459] BASU
[00:53:13] [4/459] RUPI
[00:53:14] [5/459] LCBK
[00:53:15] [6/459] PMAC
[00:53:16] [7/459] AMLC
[00:53:17] [8/459] LICL
[00:53:17] [9/459] UDMM
[00:53:18] [10/459] STBZ
[00:53:19] 🔄 Identity reset
[00:53:19] 🔄 Identity rotated (every 10 requests)
[00:53:19] [11/459] UUBT
[00:53:20] [12/459] SJKC
[00:53:21] [13/459] TUAL
[00:53:22] [14/459] MRSE
[00:53:23] [15/459] RMRK
[00:53:24] [16/459] TTKP
[00:53:25] [17/459] KTKO
[00:53:26] [18/459] SDBK
[00:53:27] [19/459] MCPR
[00:53:28] [20/459] CHTI
[00:53:28] 🔄 Identity reset
[00:53:28] 🔄 Identity rotated (every 10 requests)
[00:53:29] [21/459] GCCP
[00:53:30] [22/459] SRMY
[00:53:31] [23/459] NYST
[00:53:32] [24/459] NYAG
[00:53:34] [25/459] SBMT
[00:53:34] [26/459] INGA
[00:53:35] [27/459] WSIC
[00:53:36] [28/459] SCSS
[00:53:37] [29/459] COPG
[00:53:38] [30/459] RCGR
[00:53:38] 🔄 Identity reset
[00:53:38] 🔄 Identity rotated (every 10 requests)
[00:53:39] [31/459] TCZA
[00:53:40] [32/459] CNLP
[00:53:41] [33/459] CLKN
[00:53:42] [34/459] LHDF
[00:53:42] [35/459] ELKC
[00:53:43] [36/459] VCEM
[00:53:44] [37/459] SSZA
[00:53:45] [38/459] KRMT
[00:53:46] [39/459] LCMV
[00:53:47] [40/459] AYCZ
[00:53:48] 🔄 Identity reset
[00:53:48] 🔄 Identity rotated (every 10 requests)
[00:53:48] [41/459] CUMS
[00:53:49] [42/459] BOCK
[00:53:50] [43/459] PNMR
[00:53:51] [44/459] PJCP
[00:53:52] [45/459] JDDD
[00:53:53] [46/459] STMS
[00:53:53] [47/459] FLMB
[00:53:54] [48/459] PKCM
[00:53:55] [49/459] SPPR
[00:53:56] [50/459] EYLH
[00:53:56] 🔄 Identity reset
[00:53:56] 🔄 Identity rotated (every 10 requests)
[00:53:57] [51/459] RJCC
[00:53:58] [52/459] MMPS
[00:53:59] [53/459] SHMX
[00:54:00] [54/459] CCNL
[00:54:00] [55/459] RCNV
[00:54:01] [56/459] MAAG
[00:54:02] [57/459] LXCM
[00:54:03] [58/459] RCNI
[00:54:04] [59/459] SNNI
[00:54:05] [60/459] LALC
[00:54:05] 🔄 Identity reset
[00:54:05] 🔄 Identity rotated (every 10 requests)
[00:54:06] [61/459] SOCN
[00:54:07] [62/459] JHTP
[00:54:08] [63/459] PITP
[00:54:09] [64/459] CCKW
[00:54:09] [65/459] MCMC
[00:54:10] [66/459] DEES
[00:54:11] [67/459] SABT
[00:54:12] [68/459] VSPP
[00:54:13] [69/459] ABCT
[00:54:14] [70/459] JVTB
[00:54:15] 🔄 Identity reset
[00:54:15] 🔄 Identity rotated (every 10 requests)
[00:54:15] [71/459] VCBD
[00:54:16] [72/459] RMGG
[00:54:17] [73/459] RNMH
[00:54:18] [74/459] SPGL
[00:54:19] [75/459] JTTR
[00:54:20] [76/459] SICS
[00:54:21] [77/459] SRMI
[00:54:22] [78/459] SSIJ
[00:54:23] [79/459] KFMT
[00:54:24] [80/459] VBIT
[00:54:24] 🔄 Identity reset
[00:54:24] 🔄 Identity rotated (every 10 requests)
[00:54:25] [81/459] JKCT
[00:54:26] [82/459] GCGP
[00:54:26] [83/459] GDCS
[00:54:27] [84/459] TRBA
[00:54:28] [85/459] QUST
[00:54:29] [86/459] VSHM
[00:54:30] [87/459] SDCP
[00:54:31] [88/459] SNVS
[00:54:32] [89/459] NYTO
[00:54:33] [90/459] URWC
[00:54:34] 🔄 Identity reset
[00:54:34] 🔄 Identity rotated (every 10 requests)
[00:54:34] [91/459] GTWH
[00:54:35] [92/459] PFCM
[00:54:36] [93/459] KRTA
[00:54:37] [94/459] AXMC
[00:54:38] [95/459] EVMC
[00:54:39] [96/459] HGSM
[00:54:40] [97/459] ACVM
[00:54:41] [98/459] PSKL
[00:54:42] [99/459] RDMP
[00:54:43] [100/459] RHGH
[00:54:43] 🔄 Identity reset
[00:54:43] 🔄 Identity rotated (every 10 requests)
[00:54:44] [101/459] OMCM
[00:54:45] [102/459] DCCP
[00:54:45] [103/459] MCPB
[00:54:46] [104/459] ALCI
[00:54:48] [105/459] BLMX
[00:54:49] [106/459] BTMV
[00:54:50] [107/459] FVPN
[00:54:51] [108/459] CMAR
[00:54:51] [109/459] CEIM
[00:54:52] [110/459] CMVA
[00:54:53] 🔄 Identity reset
[00:54:53] 🔄 Identity rotated (every 10 requests)
[00:54:53] [111/459] CPIV
[00:54:54] [112/459] CNPE
[00:54:55] [113/459] COLV
[00:54:56] [114/459] DNNV
[00:54:56] [115/459] HCAD
[00:54:57] [116/459] TAKA
[00:54:58] [117/459] INVD
[00:54:59] [118/459] IRMM
[00:55:00] [119/459] INSE
[00:55:01] [120/459] MRSW
[00:55:02] 🔄 Identity reset
[00:55:02] 🔄 Identity rotated (every 10 requests)
[00:55:02] [121/459] MCVD
[00:55:03] [122/459] MCSO
[00:55:05] [123/459] PEVM
[00:55:06] [124/459] PVNL
[00:55:06] [125/459] PTCV
[00:55:07] [126/459] PRTC
[00:55:08] [127/459] RCVA
[00:55:09] [128/459] MTBN
[00:55:10] [129/459] LUCP
[00:55:11] [130/459] FMPT
[00:55:11] 🔄 Identity reset
[00:55:11] 🔄 Identity rotated (every 10 requests)
[00:55:12] [131/459] JLSL
[00:55:12] [132/459] SBHA
[00:55:13] [133/459] SHRC
[00:55:14] [134/459] AVPS
[00:55:15] [135/459] STPM
[00:55:16] [136/459] ATRD
[00:55:17] [137/459] VTED
[00:55:18] [138/459] ACAI
[00:55:19] [139/459] SMAE
[00:55:20] [140/459] VMAT
[00:55:20] 🔄 Identity reset
[00:55:20] 🔄 Identity rotated (every 10 requests)
[00:55:21] [141/459] LKCT
[00:55:22] [142/459] JTVK
[00:55:22] [143/459] PRTY
[00:55:23] [144/459] GETT
[00:55:24] [145/459] ESAP
[00:55:26] [146/459] NCPM
[00:55:27] [147/459] PCPA
[00:55:27] [148/459] MMOM
[00:55:28] [149/459] PHUP
[00:55:29] [150/459] CCPI
[00:55:30] 🔄 Identity reset
[00:55:30] 🔄 Identity rotated (every 10 requests)
[00:55:30] [151/459] CNTD
[00:55:31] [152/459] NLJR
[00:55:32] [153/459] SRNG
[00:55:33] [154/459] MHAL
[00:55:34] [155/459] PNSM
[00:55:35] [156/459] DRMY
[00:55:36] [157/459] CCMU
[00:55:37] [158/459] SCMY
[00:55:38] [159/459] PVSY
[00:55:39] [160/459] SDLM
[00:55:40] 🔄 Identity reset
[00:55:40] 🔄 Identity rotated (every 10 requests)
[00:55:40] [161/459] ICCM
[00:55:41] [162/459] PYSU
[00:55:42] [163/459] GATM
[00:55:42] [164/459] WOTM
[00:55:43] [165/459] RKTS
[00:55:44] [166/459] PMTY
[00:55:45] [167/459] LYMS
[00:55:46] [168/459] TGCA
[00:55:46] [169/459] DSTA
[00:55:48] [170/459] CNGE
[00:55:49] 🔄 Identity reset
[00:55:49] 🔄 Identity rotated (every 10 requests)
[00:55:50] [171/459] VSTG
[00:55:50] [172/459] GTCK
[00:55:51] [173/459] TGNT
[00:55:52] [174/459] ASLC
[00:55:53] [175/459] SSST
[00:55:54] [176/459] KBTT
[00:55:55] [177/459] HKCP
[00:55:56] [178/459] SWLC
[00:55:57] [179/459] RTND
[00:55:58] [180/459] PKKT
[00:55:59] 🔄 Identity reset
[00:55:59] 🔄 Identity rotated (every 10 requests)
[00:55:59] 🔄 Retry 1/5 for PKKT in 2.7s
[00:55:59] 🔄 Identity reset
[00:56:02] 🧠 New identity created
[00:56:02] [181/459] HSTK
[00:56:03] [182/459] SPTT
[00:56:04] [183/459] IMPM
[00:56:05] [184/459] SCMV
[00:56:06] [185/459] SPCT
[00:56:06] [186/459] JBCA
[00:56:07] [187/459] ATTR
[00:56:08] [188/459] SPMT
[00:56:09] [189/459] LCTM
[00:56:09] 🔄 Identity reset
[00:56:09] 🔄 Identity rotated (every 10 requests)
[00:56:10] [190/459] SCVL
[00:56:10] [191/459] SCVT
[00:56:11] [192/459] KRIC
[00:56:12] [193/459] CTMG
[00:56:13] [194/459] ACNC
[00:56:14] [195/459] DMCK
[00:56:15] [196/459] KMTV
[00:56:16] [197/459] PFCJ
[00:56:17] [198/459] VNMD
[00:56:18] [199/459] VPCZ
[00:56:18] 🔄 Identity reset
[00:56:18] 🔄 Identity rotated (every 10 requests)
[00:56:18] [200/459] SRYR
[00:56:19] [201/459] SYTR
[00:56:20] [202/459] GATR
[00:56:21] [203/459] URTR
[00:56:22] [204/459] MKSM
[00:56:23] [205/459] VSMH
[00:56:24] [206/459] SKRJ
[00:56:25] [207/459] SSJR
[00:56:25] [208/459] SVSM
[00:56:26] [209/459] RUCM
[00:56:27] 🔄 Identity reset
[00:56:27] 🔄 Identity rotated (every 10 requests)
[00:56:27] [210/459] PRKN
[00:56:28] [211/459] RROH
[00:56:29] [212/459] SCTN
[00:56:30] [213/459] RTDM
[00:56:31] [214/459] ASRM
[00:56:32] [215/459] SKMD
[00:56:32] [216/459] SUTD
[00:56:34] [217/459] SADM
[00:56:35] [218/459] WCNR
[00:56:36] [219/459] CNED
[00:56:37] 🔄 Identity reset
[00:56:37] 🔄 Identity rotated (every 10 requests)
[00:56:38] [220/459] MPDB
[00:56:39] [221/459] KTBH
[00:56:40] [222/459] IDRM
[00:56:41] [223/459] PJJT
[00:56:42] [224/459] PFCV
[00:56:43] [225/459] AACT
[00:56:44] [226/459] AAAD
[00:56:45] [227/459] ANES
[00:56:46] [228/459] MNCA
[00:56:47] [229/459] RMGU
[00:56:47] 🔄 Identity reset
[00:56:47] 🔄 Identity rotated (every 10 requests)
[00:56:48] [230/459] DLCN
[00:56:49] [231/459] LJWT
[00:56:50] [232/459] MCBG
[00:56:51] [233/459] MYBG
[00:56:52] [234/459] GCCA
[00:56:53] [235/459] GCGA
[00:56:54] [236/459] ECGN
[00:56:55] [237/459] PRAB
[00:56:55] [238/459] PNMP
[00:56:56] [239/459] GCPT
[00:56:57] 🔄 Identity reset
[00:56:57] 🔄 Identity rotated (every 10 requests)
[00:56:57] [240/459] ROYN
[00:56:58] [241/459] VATM
[00:56:59] [242/459] KSNT
[00:57:00] [243/459] ACTC
[00:57:01] [244/459] PLTD
[00:57:02] [245/459] SKMK
[00:57:02] [246/459] CMTT
[00:57:03] [247/459] SMXP
[00:57:04] [248/459] SCMX
[00:57:05] [249/459] ACXN
[00:57:06] 🔄 Identity reset
[00:57:06] 🔄 Identity rotated (every 10 requests)
[00:57:06] [250/459] ASWT
[00:57:07] [251/459] VVVL
[00:57:08] [252/459] NAGO
[00:57:09] [253/459] SNCN
[00:57:10] [254/459] MCKP
[00:57:12] [255/459] SAMO
[00:57:13] [256/459] JBTV
[00:57:13] [257/459] DCVV
[00:57:14] [258/459] KMSV
[00:57:16] [259/459] KDCN
[00:57:16] 🔄 Identity reset
[00:57:16] 🔄 Identity rotated (every 10 requests)
[00:57:17] 🔄 Retry 1/5 for KDCN in 2.7s
[00:57:17] 🔄 Identity reset
[00:57:19] 🧠 New identity created
[00:57:20] [260/459] CNCP
[00:57:21] [261/459] HAMC
[00:57:21] [262/459] CCVZ
[00:57:22] [263/459] NCCK
[00:57:23] [264/459] MCHR
[00:57:24] [265/459] SCHT
[00:57:26] [266/459] ESSH
[00:57:27] [267/459] CUJC
[00:57:29] [268/459] PECP
[00:57:30] 🔄 Identity reset
[00:57:30] 🔄 Identity rotated (every 10 requests)
[00:57:30] [269/459] PMMI
[00:57:31] [270/459] PCCH
[00:57:32] [271/459] PRPM
[00:57:32] [272/459] PVKL
[00:57:33] [273/459] CBSM
[00:57:34] [274/459] PVCZ
[00:57:35] [275/459] PCVV
[00:57:36] [276/459] CTMJ
[00:57:37] [277/459] RCPS
[00:57:38] [278/459] PCIT
[00:57:38] 🔄 Identity reset
[00:57:38] 🔄 Identity rotated (every 10 requests)
[00:57:39] [279/459] FNCH
[00:57:40] [280/459] INZD
[00:57:41] [281/459] INPC
[00:57:42] [282/459] LCZP
[00:57:42] [283/459] SMCB
[00:57:43] [284/459] PTSB
[00:57:45] [285/459] TPSI
[00:57:45] [286/459] KHMJ
[00:57:46] [287/459] RCCJ
[00:57:47] [288/459] NCJA
[00:57:48] 🔄 Identity reset
[00:57:48] 🔄 Identity rotated (every 10 requests)
[00:57:48] [289/459] NCJN
[00:57:49] [290/459] BTDP
[00:57:50] [291/459] PADY
[00:57:51] [292/459] NYBH
[00:57:52] [293/459] MTBR
[00:57:53] [294/459] KRBC
[00:57:54] [295/459] DKTI
[00:57:55] [296/459] ANAN
[00:57:56] [297/459] INBP
[00:57:57] [298/459] PATB
[00:57:57] 🔄 Identity reset
[00:57:57] 🔄 Identity rotated (every 10 requests)
[00:57:58] [299/459] RGNT
[00:57:59] [300/459] CGPM
[00:58:00] [301/459] INTN
[00:58:01] [302/459] MCMP
[00:58:02] [303/459] ASRG
[00:58:03] [304/459] CXJD
[00:58:04] [305/459] SPCP
[00:58:05] [306/459] CSTP
[00:58:06] [307/459] PKVC
[00:58:07] [308/459] ESCP
[00:58:07] 🔄 Identity reset
[00:58:07] 🔄 Identity rotated (every 10 requests)
[00:58:07] [309/459] CAEP
[00:58:08] [310/459] CCSP
[00:58:09] [311/459] KTPC
[00:58:10] [312/459] DACA
[00:58:12] [313/459] NVKY
[00:58:12] [314/459] PTIN
[00:58:13] [315/459] SCIN
[00:58:14] [316/459] MCTY
[00:58:16] [317/459] PCMX
[00:58:17] [318/459] INIC
[00:58:17] 🔄 Identity reset
[00:58:18] 🔄 Identity rotated (every 10 requests)
[00:58:18] [319/459] MMZM
[00:58:19] [320/459] SSLP
[00:58:20] [321/459] DTDT
[00:58:21] [322/459] FFCX
[00:58:21] [323/459] RCMM
[00:58:22] [324/459] KYID
[00:58:23] [325/459] CSCI
[00:58:24] [326/459] FCMC
[00:58:25] [327/459] MMXI
[00:58:26] [328/459] ASTC
[00:58:27] 🔄 Identity reset
[00:58:27] 🔄 Identity rotated (every 10 requests)
[00:58:27] [329/459] CMRA
[00:58:28] [330/459] DICI
[00:58:29] [331/459] KDIN
[00:58:30] [332/459] PRFI
[00:58:30] [333/459] SVFC
[00:58:31] [334/459] UCPL
[00:58:32] [335/459] COOC
[00:58:33] [336/459] SCAL
[00:58:34] [337/459] SVFF
[00:58:35] [338/459] VCMG
[00:58:35] 🔄 Identity reset
[00:58:35] 🔄 Identity rotated (every 10 requests)
[00:58:35] 🔄 Retry 1/5 for VCMG in 2.0s
[00:58:35] 🔄 Identity reset
[00:58:37] 🧠 New identity created
[00:58:38] [339/459] UUCT
[00:58:39] [340/459] GCSE
[00:58:40] [341/459] SUSC
[00:58:40] [342/459] MISC
[00:58:41] [343/459] RMBL
[00:58:42] [344/459] CMXN
[00:58:43] [345/459] PVBK
[00:58:44] [346/459] HHCG
[00:58:45] [347/459] SCAG
[00:58:45] 🔄 Identity reset
[00:58:45] 🔄 Identity rotated (every 10 requests)
[00:58:46] [348/459] CNPR
[00:58:47] [349/459] CSER
[00:58:48] [350/459] HLWD
[00:58:49] [351/459] BOLY
[00:58:50] [352/459] SSPG
[00:58:51] [353/459] MUPX
[00:58:52] [354/459] HAMR
[00:58:53] [355/459] SDNC
[00:58:54] [356/459] RTEN
[00:58:55] [357/459] SDTD
[00:58:56] 🔄 Identity reset
[00:58:56] 🔄 Identity rotated (every 10 requests)
[00:58:56] [358/459] KAWS
[00:58:57] [359/459] CMZX
[00:58:58] [360/459] DCDD
[00:58:59] [361/459] ALSN
[00:58:59] [362/459] IMXS
[00:59:00] [363/459] PVFF
[00:59:01] [364/459] PVOO
[00:59:02] [365/459] CFBS
[00:59:03] [366/459] PVER
[00:59:03] [367/459] PPNX
[00:59:04] 🔄 Identity reset
[00:59:04] 🔄 Identity rotated (every 10 requests)
[00:59:05] [368/459] CNRM
[00:59:06] [369/459] PVWW
[00:59:06] [370/459] INMB
[00:59:07] [371/459] CPJR
[00:59:08] [372/459] INRZ
[00:59:09] [373/459] PMSR
[00:59:10] [374/459] GPGM
[00:59:11] [375/459] PGWB
[00:59:13] [376/459] PMBR
[00:59:14] [377/459] GPAM
[00:59:14] 🔄 Identity reset
[00:59:14] 🔄 Identity rotated (every 10 requests)
[00:59:15] [378/459] INBC
[00:59:15] [379/459] PZVK
[00:59:17] [380/459] CPEB
[00:59:17] [381/459] FMLB
[00:59:18] [382/459] INBG
[00:59:19] [383/459] GPBR
[00:59:20] [384/459] PAAS
[00:59:21] [385/459] VTBR
[00:59:22] [386/459] GPMY
[00:59:23] [387/459] GYBU
[00:59:23] 🔄 Identity reset
[00:59:23] 🔄 Identity rotated (every 10 requests)
[00:59:24] [388/459] INBJ
[00:59:25] [389/459] LKTH
[00:59:26] [390/459] NSBR
[00:59:27] [391/459] PDRD
[00:59:28] [392/459] VRBL
[00:59:29] [393/459] VTGB
[00:59:30] [394/459] VTSK
[00:59:30] [395/459] BKDV
[00:59:31] [396/459] SVTB
[00:59:32] [397/459] MLDT
[00:59:33] 🔄 Identity reset
[00:59:33] 🔄 Identity rotated (every 10 requests)
[00:59:33] [398/459] NRBL
[00:59:34] [399/459] SLTR
[00:59:35] [400/459] VNKA
[00:59:36] [401/459] TDCA
[00:59:37] [402/459] INBM
[00:59:38] [403/459] SSNR
[00:59:39] [404/459] BHAC
[00:59:40] [405/459] SDSD
[00:59:41] [406/459] SAMP
[00:59:42] [407/459] RATK
[00:59:43] 🔄 Identity reset
[00:59:43] 🔄 Identity rotated (every 10 requests)
[00:59:43] [408/459] KCBI
[00:59:45] [409/459] URBL
[00:59:46] [410/459] MKBG
[00:59:47] [411/459] ASTB
[00:59:48] [412/459] VBWT
[00:59:49] [413/459] GPSM
[00:59:50] [414/459] ROON
[00:59:51] [415/459] CHTH
[00:59:51] [416/459] SSPA
[00:59:52] [417/459] ANBL
[00:59:53] 🔄 Identity reset
[00:59:53] 🔄 Identity rotated (every 10 requests)
[00:59:54] [418/459] VTBE
[00:59:55] [419/459] SVKT
[00:59:56] [420/459] SVYK
[00:59:56] [421/459] PTBK
[00:59:57] [422/459] RKTB
[00:59:58] [423/459] BALT
[01:00:00] [424/459] STSV
[01:00:00] [425/459] VCCB
[01:00:01] [426/459] SLTB
[01:00:02] [427/459] SBCR
[01:00:03] 🔄 Identity reset
[01:00:03] 🔄 Identity rotated (every 10 requests)
[01:00:03] [428/459] VDCS
[01:00:04] [429/459] MDKI
[01:00:05] [430/459] SMRN
[01:00:06] [431/459] PTBC
[01:00:07] [432/459] RADI
[01:00:08] [433/459] ADCR
[01:00:09] [434/459] SDCS
[01:00:09] [435/459] SRPJ
[01:00:10] [436/459] ARTS
[01:00:11] [437/459] SRHK
[01:00:12] 🔄 Identity reset
[01:00:12] 🔄 Identity rotated (every 10 requests)
[01:00:12] [438/459] SPAY
[01:00:14] [439/459] GPTB
[01:00:15] [440/459] SNNN
[01:00:16] [441/459] BALJ
[01:00:17] [442/459] TRIG
[01:00:18] [443/459] GTYT
[01:00:19] [444/459] ATGN
[01:00:20] [445/459] ANTE
[01:00:21] [446/459] BDCG
[01:00:22] [447/459] VECI
[01:00:22] 🔄 Identity reset
[01:00:22] 🔄 Identity rotated (every 10 requests)
[01:00:23] [448/459] SCPR
[01:00:24] [449/459] RTEA
[01:00:25] [450/459] JSAI
[01:00:25] [451/459] VJTP
[01:00:26] [452/459] GNDS
[01:00:27] [453/459] PAXA
[01:00:29] [454/459] CGGM
[01:00:29] [455/459] ACKZ
[01:00:30] [456/459] EMCC
[01:00:31] [457/459] KLSK
[01:00:32] 🔄 Identity reset
[01:00:32] 🔄 Identity rotated (every 10 requests)
[01:00:32] [458/459] AVCK
[01:00:33] [459/459] JTCK
[01:00:34] 🧹 Deduping shows
[01:00:34] ✅ DONE | Shows=101 | Movies=7
[04:28:07] 🚀 SCRIPT STARTED (enhanced anti‑detection)
[04:28:07] [1/459] NECA
[04:28:08] 🧠 New identity created
[04:28:08] 🔄 Retry 1/5 for NECA in 2.3s
[04:28:08] 🔄 Identity reset
[04:28:10] 🧠 New identity created
[04:28:10] [2/459] BJLC
[04:28:11] [3/459] BASU
[04:28:12] [4/459] RUPI
[04:28:14] [5/459] LCBK
[04:28:14] [6/459] PMAC
[04:28:15] [7/459] AMLC
[04:28:16] [8/459] LICL
[04:28:17] [9/459] UDMM
[04:28:17] 🔄 Identity reset
[04:28:17] 🔄 Identity rotated (every 10 requests)
[04:28:18] [10/459] STBZ
[04:28:18] [11/459] UUBT
[04:28:19] [12/459] SJKC
[04:28:20] [13/459] TUAL
[04:28:21] [14/459] MRSE
[04:28:22] [15/459] RMRK
[04:28:23] [16/459] TTKP
[04:28:23] [17/459] KTKO
[04:28:24] [18/459] SDBK
[04:28:25] [19/459] MCPR
[04:28:25] 🔄 Identity reset
[04:28:26] 🔄 Identity rotated (every 10 requests)
[04:28:26] [20/459] CHTI
[04:28:27] [21/459] GCCP
[04:28:28] [22/459] SRMY
[04:28:29] [23/459] NYST
[04:28:30] [24/459] NYAG
[04:28:30] [25/459] SBMT
[04:28:31] [26/459] INGA
[04:28:32] [27/459] WSIC
[04:28:33] [28/459] SCSS
[04:28:34] [29/459] COPG
[04:28:34] 🔄 Identity reset
[04:28:34] 🔄 Identity rotated (every 10 requests)
[04:28:35] [30/459] RCGR
[04:28:35] [31/459] TCZA
[04:28:36] [32/459] CNLP
[04:28:37] [33/459] CLKN
[04:28:38] [34/459] LHDF
[04:28:39] [35/459] ELKC
[04:28:39] [36/459] VCEM
[04:28:40] [37/459] SSZA
[04:28:42] [38/459] KRMT
[04:28:43] [39/459] LCMV
[04:28:43] 🔄 Identity reset
[04:28:43] 🔄 Identity rotated (every 10 requests)
[04:28:44] [40/459] AYCZ
[04:28:45] [41/459] CUMS
[04:28:45] [42/459] BOCK
[04:28:46] [43/459] PNMR
[04:28:47] [44/459] PJCP
[04:28:48] [45/459] JDDD
[04:28:50] [46/459] STMS
[04:28:51] [47/459] FLMB
[04:28:52] [48/459] PKCM
[04:28:53] [49/459] SPPR
[04:28:53] 🔄 Identity reset
[04:28:53] 🔄 Identity rotated (every 10 requests)
[04:28:54] [50/459] EYLH
[04:28:55] [51/459] RJCC
[04:28:56] [52/459] MMPS
[04:28:57] [53/459] SHMX
[04:28:58] [54/459] CCNL
[04:28:59] [55/459] RCNV
[04:29:00] [56/459] MAAG
[04:29:01] [57/459] LXCM
[04:29:02] [58/459] RCNI
[04:29:03] [59/459] SNNI
[04:29:04] 🔄 Identity reset
[04:29:04] 🔄 Identity rotated (every 10 requests)
[04:29:04] [60/459] LALC
[04:29:05] [61/459] SOCN
[04:29:06] [62/459] JHTP
[04:29:07] [63/459] PITP
[04:29:08] [64/459] CCKW
[04:29:09] [65/459] MCMC
[04:29:10] [66/459] DEES
[04:29:11] [67/459] SABT
[04:29:12] [68/459] VSPP
[04:29:12] [69/459] ABCT
[04:29:13] 🔄 Identity reset
[04:29:13] 🔄 Identity rotated (every 10 requests)
[04:29:13] [70/459] JVTB
[04:29:14] [71/459] VCBD
[04:29:15] [72/459] RMGG
[04:29:16] [73/459] RNMH
[04:29:16] [74/459] SPGL
[04:29:17] [75/459] JTTR
[04:29:18] [76/459] SICS
[04:29:19] [77/459] SRMI
[04:29:20] [78/459] SSIJ
[04:29:21] [79/459] KFMT
[04:29:21] 🔄 Identity reset
[04:29:21] 🔄 Identity rotated (every 10 requests)
[04:29:21] [80/459] VBIT
[04:29:22] [81/459] JKCT
[04:29:23] [82/459] GCGP
[04:29:24] [83/459] GDCS
[04:29:25] [84/459] TRBA
[04:29:26] [85/459] QUST
[04:29:27] [86/459] VSHM
[04:29:28] [87/459] SDCP
[04:29:29] [88/459] SNVS
[04:29:30] [89/459] NYTO
[04:29:30] 🔄 Identity reset
[04:29:30] 🔄 Identity rotated (every 10 requests)
[04:29:31] [90/459] URWC
[04:29:32] [91/459] GTWH
[04:29:33] [92/459] PFCM
[04:29:34] [93/459] KRTA
[04:29:35] [94/459] AXMC
[04:29:35] [95/459] EVMC
[04:29:36] [96/459] HGSM
[04:29:37] [97/459] ACVM
[04:29:38] [98/459] PSKL
[04:29:39] [99/459] RDMP
[04:29:39] 🔄 Identity reset
[04:29:39] 🔄 Identity rotated (every 10 requests)
[04:29:40] [100/459] RHGH
[04:29:41] [101/459] OMCM
[04:29:42] [102/459] DCCP
[04:29:42] [103/459] MCPB
[04:29:43] [104/459] ALCI
[04:29:44] [105/459] BLMX
[04:29:45] [106/459] BTMV
[04:29:45] [107/459] FVPN
[04:29:46] [108/459] CMAR
[04:29:47] [109/459] CEIM
[04:29:48] 🔄 Identity reset
[04:29:48] 🔄 Identity rotated (every 10 requests)
[04:29:48] [110/459] CMVA
[04:29:49] [111/459] CPIV
[04:29:50] [112/459] CNPE
[04:29:51] [113/459] COLV
[04:29:51] [114/459] DNNV
[04:29:52] [115/459] HCAD
[04:29:53] [116/459] TAKA
[04:29:54] [117/459] INVD
[04:29:55] [118/459] IRMM
[04:29:56] [119/459] INSE
[04:29:56] 🔄 Identity reset
[04:29:56] 🔄 Identity rotated (every 10 requests)
[04:29:57] [120/459] MRSW
[04:29:58] [121/459] MCVD
[04:29:58] [122/459] MCSO
[04:29:59] [123/459] PEVM
[04:30:00] [124/459] PVNL
[04:30:01] [125/459] PTCV
[04:30:02] [126/459] PRTC
[04:30:02] [127/459] RCVA
[04:30:03] [128/459] MTBN
[04:30:04] [129/459] LUCP
[04:30:05] 🔄 Identity reset
[04:30:05] 🔄 Identity rotated (every 10 requests)
[04:30:05] [130/459] FMPT
[04:30:06] [131/459] JLSL
[04:30:07] [132/459] SBHA
[04:30:08] [133/459] SHRC
[04:30:09] [134/459] AVPS
[04:30:11] [135/459] STPM
[04:30:11] [136/459] ATRD
[04:30:12] [137/459] VTED
[04:30:13] [138/459] ACAI
[04:30:14] [139/459] SMAE
[04:30:15] 🔄 Identity reset
[04:30:15] 🔄 Identity rotated (every 10 requests)
[04:30:15] [140/459] VMAT
[04:30:17] [141/459] LKCT
[04:30:17] [142/459] JTVK
[04:30:18] [143/459] PRTY
[04:30:19] [144/459] GETT
[04:30:20] [145/459] ESAP
[04:30:21] [146/459] NCPM
[04:30:21] [147/459] PCPA
[04:30:22] [148/459] MMOM
[04:30:23] [149/459] PHUP
[04:30:23] 🔄 Identity reset
[04:30:23] 🔄 Identity rotated (every 10 requests)
[04:30:24] [150/459] CCPI
[04:30:25] [151/459] CNTD
[04:30:26] [152/459] NLJR
[04:30:28] [153/459] SRNG
[04:30:29] [154/459] MHAL
[04:30:30] [155/459] PNSM
[04:30:31] [156/459] DRMY
[04:30:32] [157/459] CCMU
[04:30:33] [158/459] SCMY
[04:30:34] [159/459] PVSY
[04:30:34] 🔄 Identity reset
[04:30:34] 🔄 Identity rotated (every 10 requests)
[04:30:35] [160/459] SDLM
[04:30:35] [161/459] ICCM
[04:30:36] [162/459] PYSU
[04:30:37] [163/459] GATM
[04:30:38] [164/459] WOTM
[04:30:39] [165/459] RKTS
[04:30:40] [166/459] PMTY
[04:30:41] [167/459] LYMS
[04:30:41] [168/459] TGCA
[04:30:42] [169/459] DSTA
[04:30:43] 🔄 Identity reset
[04:30:43] 🔄 Identity rotated (every 10 requests)
[04:30:43] [170/459] CNGE
[04:30:44] [171/459] VSTG
[04:30:45] [172/459] GTCK
[04:30:46] [173/459] TGNT
[04:30:47] [174/459] ASLC
[04:30:48] [175/459] SSST
[04:30:49] [176/459] KBTT
[04:30:50] [177/459] HKCP
[04:30:51] [178/459] SWLC
[04:30:51] [179/459] RTND
[04:30:52] 🔄 Identity reset
[04:30:52] 🔄 Identity rotated (every 10 requests)
[04:30:52] [180/459] PKKT
[04:30:53] [181/459] HSTK
[04:30:54] [182/459] SPTT
[04:30:55] [183/459] IMPM
[04:30:56] [184/459] SCMV
[04:30:57] [185/459] SPCT
[04:30:58] [186/459] JBCA
[04:30:58] [187/459] ATTR
[04:30:59] [188/459] SPMT
[04:31:00] [189/459] LCTM
[04:31:01] 🔄 Identity reset
[04:31:01] 🔄 Identity rotated (every 10 requests)
[04:31:02] [190/459] SCVL
[04:31:03] [191/459] SCVT
[04:31:03] [192/459] KRIC
[04:31:04] [193/459] CTMG
[04:31:05] [194/459] ACNC
[04:31:06] [195/459] DMCK
[04:31:07] [196/459] KMTV
[04:31:08] [197/459] PFCJ
[04:31:09] [198/459] VNMD
[04:31:10] [199/459] VPCZ
[04:31:10] 🔄 Identity reset
[04:31:10] 🔄 Identity rotated (every 10 requests)
[04:31:11] [200/459] SRYR
[04:31:12] [201/459] SYTR
[04:31:13] [202/459] GATR
[04:31:14] [203/459] URTR
[04:31:15] [204/459] MKSM
[04:31:16] [205/459] VSMH
[04:31:18] [206/459] SKRJ
[04:31:18] [207/459] SSJR
[04:31:19] [208/459] SVSM
[04:31:20] [209/459] RUCM
[04:31:21] 🔄 Identity reset
[04:31:21] 🔄 Identity rotated (every 10 requests)
[04:31:21] [210/459] PRKN
[04:31:22] [211/459] RROH
[04:31:23] [212/459] SCTN
[04:31:23] [213/459] RTDM
[04:31:24] [214/459] ASRM
[04:31:25] [215/459] SKMD
[04:31:27] [216/459] SUTD
[04:31:27] [217/459] SADM
[04:31:28] [218/459] WCNR
[04:31:29] [219/459] CNED
[04:31:30] 🔄 Identity reset
[04:31:30] 🔄 Identity rotated (every 10 requests)
[04:31:30] [220/459] MPDB
[04:31:31] [221/459] KTBH
[04:31:32] [222/459] IDRM
[04:31:33] [223/459] PJJT
[04:31:35] [224/459] PFCV
[04:31:36] [225/459] AACT
[04:31:36] [226/459] AAAD
[04:31:37] [227/459] ANES
[04:31:38] [228/459] MNCA
[04:31:39] [229/459] RMGU
[04:31:40] 🔄 Identity reset
[04:31:40] 🔄 Identity rotated (every 10 requests)
[04:31:40] [230/459] DLCN
[04:31:41] [231/459] LJWT
[04:31:42] [232/459] MCBG
[04:31:43] [233/459] MYBG
[04:31:44] [234/459] GCCA
[04:31:45] [235/459] GCGA
[04:31:46] [236/459] ECGN
[04:31:47] [237/459] PRAB
[04:31:48] [238/459] PNMP
[04:31:49] [239/459] GCPT
[04:31:49] 🔄 Identity reset
[04:31:49] 🔄 Identity rotated (every 10 requests)
[04:31:50] [240/459] ROYN
[04:31:51] [241/459] VATM
[04:31:51] [242/459] KSNT
[04:31:52] [243/459] ACTC
[04:31:53] [244/459] PLTD
[04:31:54] [245/459] SKMK
[04:31:55] [246/459] CMTT
[04:31:56] [247/459] SMXP
[04:31:57] [248/459] SCMX
[04:31:58] [249/459] ACXN
[04:31:58] 🔄 Identity reset
[04:31:58] 🔄 Identity rotated (every 10 requests)
[04:31:59] [250/459] ASWT
[04:31:59] [251/459] VVVL
[04:32:00] [252/459] NAGO
[04:32:01] [253/459] SNCN
[04:32:02] [254/459] MCKP
[04:32:03] [255/459] SAMO
[04:32:04] [256/459] JBTV
[04:32:05] [257/459] DCVV
[04:32:06] [258/459] KMSV
[04:32:07] [259/459] KDCN
[04:32:07] 🔄 Identity reset
[04:32:07] 🔄 Identity rotated (every 10 requests)
[04:32:08] [260/459] CNCP
[04:32:09] [261/459] HAMC
[04:32:09] [262/459] CCVZ
[04:32:10] [263/459] NCCK
[04:32:11] [264/459] MCHR
[04:32:12] [265/459] SCHT
[04:32:13] [266/459] ESSH
[04:32:15] [267/459] CUJC
[04:32:15] [268/459] PECP
[04:32:17] [269/459] PMMI
[04:32:17] 🔄 Identity reset
[04:32:17] 🔄 Identity rotated (every 10 requests)
[04:32:18] [270/459] PCCH
[04:32:19] [271/459] PRPM
[04:32:19] [272/459] PVKL
[04:32:21] [273/459] CBSM
[04:32:21] [274/459] PVCZ
[04:32:22] [275/459] PCVV
[04:32:23] [276/459] CTMJ
[04:32:24] [277/459] RCPS
[04:32:26] [278/459] PCIT
[04:32:26] [279/459] FNCH
[04:32:27] 🔄 Identity reset
[04:32:27] 🔄 Identity rotated (every 10 requests)
[04:32:27] [280/459] INZD
[04:32:28] [281/459] INPC
[04:32:29] [282/459] LCZP
[04:32:30] [283/459] SMCB
[04:32:30] [284/459] PTSB
[04:32:31] [285/459] TPSI
[04:32:32] [286/459] KHMJ
[04:32:33] [287/459] RCCJ
[04:32:34] [288/459] NCJA
[04:32:35] [289/459] NCJN
[04:32:35] 🔄 Identity reset
[04:32:35] 🔄 Identity rotated (every 10 requests)
[04:32:36] [290/459] BTDP
[04:32:36] [291/459] PADY
[04:32:37] [292/459] NYBH
[04:32:38] [293/459] MTBR
[04:32:39] [294/459] KRBC
[04:32:40] [295/459] DKTI
[04:32:41] [296/459] ANAN
[04:32:41] [297/459] INBP
[04:32:42] [298/459] PATB
[04:32:43] [299/459] RGNT
[04:32:44] 🔄 Identity reset
[04:32:44] 🔄 Identity rotated (every 10 requests)
[04:32:45] [300/459] CGPM
[04:32:46] [301/459] INTN
[04:32:46] [302/459] MCMP
[04:32:47] [303/459] ASRG
[04:32:48] [304/459] CXJD
[04:32:49] [305/459] SPCP
[04:32:50] [306/459] CSTP
[04:32:51] [307/459] PKVC
[04:32:52] [308/459] ESCP
[04:32:53] [309/459] CAEP
[04:32:54] 🔄 Identity reset
[04:32:54] 🔄 Identity rotated (every 10 requests)
[04:32:54] [310/459] CCSP
[04:32:55] [311/459] KTPC
[04:32:56] [312/459] DACA
[04:32:57] [313/459] NVKY
[04:32:58] [314/459] PTIN
[04:32:59] [315/459] SCIN
[04:33:00] [316/459] MCTY
[04:33:02] [317/459] PCMX
[04:33:03] [318/459] INIC
[04:33:04] [319/459] MMZM
[04:33:05] 🔄 Identity reset
[04:33:05] 🔄 Identity rotated (every 10 requests)
[04:33:05] [320/459] SSLP
[04:33:06] [321/459] DTDT
[04:33:07] [322/459] FFCX
[04:33:08] [323/459] RCMM
[04:33:08] [324/459] KYID
[04:33:09] [325/459] CSCI
[04:33:10] [326/459] FCMC
[04:33:11] [327/459] MMXI
[04:33:12] [328/459] ASTC
[04:33:13] [329/459] CMRA
[04:33:13] 🔄 Identity reset
[04:33:13] 🔄 Identity rotated (every 10 requests)
[04:33:14] [330/459] DICI
[04:33:15] [331/459] KDIN
[04:33:15] [332/459] PRFI
[04:33:17] [333/459] SVFC
[04:33:18] [334/459] UCPL
[04:33:19] [335/459] COOC
[04:33:19] [336/459] SCAL
[04:33:20] [337/459] SVFF
[04:33:21] [338/459] VCMG
[04:33:22] [339/459] UUCT
[04:33:22] 🔄 Identity reset
[04:33:22] 🔄 Identity rotated (every 10 requests)
[04:33:23] [340/459] GCSE
[04:33:24] [341/459] SUSC
[04:33:25] [342/459] MISC
[04:33:26] [343/459] RMBL
[04:33:27] [344/459] CMXN
[04:33:28] [345/459] PVBK
[04:33:29] [346/459] HHCG
[04:33:30] [347/459] SCAG
[04:33:31] [348/459] CNPR
[04:33:32] [349/459] CSER
[04:33:32] 🔄 Identity reset
[04:33:32] 🔄 Identity rotated (every 10 requests)
[04:33:32] [350/459] HLWD
[04:33:33] [351/459] BOLY
[04:33:34] [352/459] SSPG
[04:33:35] [353/459] MUPX
[04:33:36] [354/459] HAMR
[04:33:37] [355/459] SDNC
[04:33:38] [356/459] RTEN
[04:33:38] [357/459] SDTD
[04:33:40] [358/459] KAWS
[04:33:41] [359/459] CMZX
[04:33:41] 🔄 Identity reset
[04:33:41] 🔄 Identity rotated (every 10 requests)
[04:33:42] [360/459] DCDD
[04:33:43] [361/459] ALSN
[04:33:44] [362/459] IMXS
[04:33:44] [363/459] PVFF
[04:33:45] [364/459] PVOO
[04:33:46] [365/459] CFBS
[04:33:47] [366/459] PVER
[04:33:48] [367/459] PPNX
[04:33:48] [368/459] CNRM
[04:33:49] [369/459] PVWW
[04:33:50] 🔄 Identity reset
[04:33:50] 🔄 Identity rotated (every 10 requests)
[04:33:50] [370/459] INMB
[04:33:51] [371/459] CPJR
[04:33:52] [372/459] INRZ
[04:33:53] [373/459] PMSR
[04:33:54] [374/459] GPGM
[04:33:55] [375/459] PGWB
[04:33:56] [376/459] PMBR
[04:33:57] [377/459] GPAM
[04:33:58] [378/459] INBC
[04:33:59] [379/459] PZVK
[04:33:59] 🔄 Identity reset
[04:33:59] 🔄 Identity rotated (every 10 requests)
[04:33:59] [380/459] CPEB
[04:34:00] [381/459] FMLB
[04:34:01] [382/459] INBG
[04:34:02] [383/459] GPBR
[04:34:03] [384/459] PAAS
[04:34:04] [385/459] VTBR
[04:34:05] [386/459] GPMY
[04:34:06] [387/459] GYBU
[04:34:07] [388/459] INBJ
[04:34:08] [389/459] LKTH
[04:34:08] 🔄 Identity reset
[04:34:09] 🔄 Identity rotated (every 10 requests)
[04:34:09] [390/459] NSBR
[04:34:10] [391/459] PDRD
[04:34:11] [392/459] VRBL
[04:34:12] [393/459] VTGB
[04:34:12] [394/459] VTSK
[04:34:13] [395/459] BKDV
[04:34:14] [396/459] SVTB
[04:34:15] [397/459] MLDT
[04:34:16] [398/459] NRBL
[04:34:17] [399/459] SLTR
[04:34:17] 🔄 Identity reset
[04:34:17] 🔄 Identity rotated (every 10 requests)
[04:34:18] [400/459] VNKA
[04:34:19] [401/459] TDCA
[04:34:20] [402/459] INBM
[04:34:20] [403/459] SSNR
[04:34:21] [404/459] BHAC
[04:34:22] [405/459] SDSD
[04:34:23] [406/459] SAMP
[04:34:24] [407/459] RATK
[04:34:25] [408/459] KCBI
[04:34:26] [409/459] URBL
[04:34:26] 🔄 Identity reset
[04:34:26] 🔄 Identity rotated (every 10 requests)
[04:34:27] [410/459] MKBG
[04:34:28] [411/459] ASTB
[04:34:29] [412/459] VBWT
[04:34:30] [413/459] GPSM
[04:34:31] [414/459] ROON
[04:34:32] [415/459] CHTH
[04:34:32] [416/459] SSPA
[04:34:33] [417/459] ANBL
[04:34:34] [418/459] VTBE
[04:34:35] [419/459] SVKT
[04:34:36] 🔄 Identity reset
[04:34:36] 🔄 Identity rotated (every 10 requests)
[04:34:36] [420/459] SVYK
[04:34:37] [421/459] PTBK
[04:34:38] [422/459] RKTB
[04:34:39] [423/459] BALT
[04:34:39] [424/459] STSV
[04:34:40] [425/459] VCCB
[04:34:41] [426/459] SLTB
[04:34:42] [427/459] SBCR
[04:34:43] [428/459] VDCS
[04:34:44] [429/459] MDKI
[04:34:44] 🔄 Identity reset
[04:34:44] 🔄 Identity rotated (every 10 requests)
[04:34:45] [430/459] SMRN
[04:34:46] [431/459] PTBC
[04:34:47] [432/459] RADI
[04:34:48] [433/459] ADCR
[04:34:49] [434/459] SDCS
[04:34:50] [435/459] SRPJ
[04:34:51] [436/459] ARTS
[04:34:52] [437/459] SRHK
[04:34:53] [438/459] SPAY
[04:34:55] [439/459] GPTB
[04:34:56] 🔄 Identity reset
[04:34:56] 🔄 Identity rotated (every 10 requests)
[04:34:56] [440/459] SNNN
[04:34:57] [441/459] BALJ
[04:34:59] [442/459] TRIG
[04:34:59] [443/459] GTYT
[04:35:00] [444/459] ATGN
[04:35:01] [445/459] ANTE
[04:35:02] [446/459] BDCG
[04:35:03] [447/459] VECI
[04:35:04] [448/459] SCPR
[04:35:05] [449/459] RTEA
[04:35:06] 🔄 Identity reset
[04:35:06] 🔄 Identity rotated (every 10 requests)
[04:35:07] [450/459] JSAI
[04:35:08] [451/459] VJTP
[04:35:09] [452/459] GNDS
[04:35:09] [453/459] PAXA
[04:35:10] [454/459] CGGM
[04:35:11] [455/459] ACKZ
[04:35:12] [456/459] EMCC
[04:35:13] [457/459] KLSK
[04:35:14] [458/459] AVCK
[04:35:14] [459/459] JTCK
[04:35:15] 🔄 Identity reset
[04:35:15] 🔄 Identity rotated (every 10 requests)
[04:35:15] 🧹 Deduping shows
[04:35:15] ✅ DONE | Shows=103 | Movies=7
[10:54:39] 🚀 SCRIPT STARTED (enhanced anti‑detection)
[10:54:39] [1/459] NECA
[10:54:40] 🧠 New identity created
[10:54:40] [2/459] BJLC
[10:54:41] [3/459] BASU
[10:54:42] [4/459] RUPI
[10:54:43] [5/459] LCBK
[10:54:44] [6/459] PMAC
[10:54:45] [7/459] AMLC
[10:54:46] [8/459] LICL
[10:54:48] [9/459] UDMM
[10:54:49] [10/459] STBZ
[10:54:50] 🔄 Identity reset
[10:54:50] 🔄 Identity rotated (every 10 requests)
[10:54:50] [11/459] UUBT
[10:54:51] [12/459] SJKC
[10:54:52] [13/459] TUAL
[10:54:53] [14/459] MRSE
[10:54:53] [15/459] RMRK
[10:54:54] [16/459] TTKP
[10:54:55] [17/459] KTKO
[10:54:56] [18/459] SDBK
[10:54:57] [19/459] MCPR
[10:54:58] [20/459] CHTI
[10:54:58] 🔄 Identity reset
[10:54:58] 🔄 Identity rotated (every 10 requests)
[10:54:59] [21/459] GCCP
[10:55:00] [22/459] SRMY
[10:55:00] [23/459] NYST
[10:55:01] [24/459] NYAG
[10:55:02] [25/459] SBMT
[10:55:03] [26/459] INGA
[10:55:05] [27/459] WSIC
[10:55:06] [28/459] SCSS
[10:55:07] [29/459] COPG
[10:55:08] [30/459] RCGR
[10:55:08] 🔄 Identity reset
[10:55:08] 🔄 Identity rotated (every 10 requests)
[10:55:09] [31/459] TCZA
[10:55:10] [32/459] CNLP
[10:55:10] [33/459] CLKN
[10:55:11] [34/459] LHDF
[10:55:12] [35/459] ELKC
[10:55:13] [36/459] VCEM
[10:55:15] [37/459] SSZA
[10:55:15] [38/459] KRMT
[10:55:16] [39/459] LCMV
[10:55:17] [40/459] AYCZ
[10:55:18] 🔄 Identity reset
[10:55:18] 🔄 Identity rotated (every 10 requests)
[10:55:18] [41/459] CUMS
[10:55:19] [42/459] BOCK
[10:55:20] [43/459] PNMR
[10:55:21] [44/459] PJCP
[10:55:22] [45/459] JDDD
[10:55:23] [46/459] STMS
[10:55:25] [47/459] FLMB
[10:55:26] [48/459] PKCM
[10:55:27] [49/459] SPPR
[10:55:29] [50/459] EYLH
[10:55:29] 🔄 Identity reset
[10:55:29] 🔄 Identity rotated (every 10 requests)
[10:55:30] [51/459] RJCC
[10:55:31] [52/459] MMPS
[10:55:32] [53/459] SHMX
[10:55:33] [54/459] CCNL
[10:55:34] [55/459] RCNV
[10:55:34] [56/459] MAAG
[10:55:35] [57/459] LXCM
[10:55:36] [58/459] RCNI
[10:55:37] [59/459] SNNI
[10:55:38] [60/459] LALC
[10:55:39] 🔄 Identity reset
[10:55:39] 🔄 Identity rotated (every 10 requests)
[10:55:39] [61/459] SOCN
[10:55:40] [62/459] JHTP
[10:55:41] [63/459] PITP
[10:55:42] [64/459] CCKW
[10:55:43] [65/459] MCMC
[10:55:43] [66/459] DEES
[10:55:44] [67/459] SABT
[10:55:45] [68/459] VSPP
[10:55:46] [69/459] ABCT
[10:55:47] [70/459] JVTB
[10:55:48] 🔄 Identity reset
[10:55:48] 🔄 Identity rotated (every 10 requests)
[10:55:48] [71/459] VCBD
[10:55:49] [72/459] RMGG
[10:55:50] [73/459] RNMH
[10:55:51] [74/459] SPGL
[10:55:52] [75/459] JTTR
[10:55:53] [76/459] SICS
[10:55:53] [77/459] SRMI
[10:55:54] [78/459] SSIJ
[10:55:55] [79/459] KFMT
[10:55:56] [80/459] VBIT
[10:55:57] 🔄 Identity reset
[10:55:57] 🔄 Identity rotated (every 10 requests)
[10:55:57] [81/459] JKCT
[10:55:59] [82/459] GCGP
[10:56:01] [83/459] GDCS
[10:56:02] [84/459] TRBA
[10:56:02] [85/459] QUST
[10:56:03] [86/459] VSHM
[10:56:04] [87/459] SDCP
[10:56:05] [88/459] SNVS
[10:56:06] [89/459] NYTO
[10:56:07] [90/459] URWC
[10:56:08] 🔄 Identity reset
[10:56:08] 🔄 Identity rotated (every 10 requests)
[10:56:08] [91/459] GTWH
[10:56:09] [92/459] PFCM
[10:56:10] [93/459] KRTA
[10:56:11] [94/459] AXMC
[10:56:12] [95/459] EVMC
[10:56:13] [96/459] HGSM
[10:56:14] [97/459] ACVM
[10:56:15] [98/459] PSKL
[10:56:16] [99/459] RDMP
[10:56:17] [100/459] RHGH
[10:56:17] 🔄 Identity reset
[10:56:17] 🔄 Identity rotated (every 10 requests)
[10:56:17] [101/459] OMCM
[10:56:18] [102/459] DCCP
[10:56:19] [103/459] MCPB
[10:56:20] [104/459] ALCI
[10:56:21] [105/459] BLMX
[10:56:22] [106/459] BTMV
[10:56:24] [107/459] FVPN
[10:56:25] [108/459] CMAR
[10:56:26] [109/459] CEIM
[10:56:26] [110/459] CMVA
[10:56:27] 🔄 Identity reset
[10:56:27] 🔄 Identity rotated (every 10 requests)
[10:56:27] [111/459] CPIV
[10:56:28] [112/459] CNPE
[10:56:29] [113/459] COLV
[10:56:30] [114/459] DNNV
[10:56:31] [115/459] HCAD
[10:56:32] [116/459] TAKA
[10:56:33] [117/459] INVD
[10:56:34] [118/459] IRMM
[10:56:35] [119/459] INSE
[10:56:36] [120/459] MRSW
[10:56:36] 🔄 Identity reset
[10:56:36] 🔄 Identity rotated (every 10 requests)
[10:56:37] [121/459] MCVD
[10:56:38] [122/459] MCSO
[10:56:39] [123/459] PEVM
[10:56:40] [124/459] PVNL
[10:56:41] [125/459] PTCV
[10:56:42] [126/459] PRTC
[10:56:43] [127/459] RCVA
[10:56:44] [128/459] MTBN
[10:56:46] [129/459] LUCP
[10:56:47] [130/459] FMPT
[10:56:47] 🔄 Identity reset
[10:56:47] 🔄 Identity rotated (every 10 requests)
[10:56:48] [131/459] JLSL
[10:56:49] [132/459] SBHA
[10:56:50] [133/459] SHRC
[10:56:51] [134/459] AVPS
[10:56:52] [135/459] STPM
[10:56:53] [136/459] ATRD
[10:56:54] [137/459] VTED
[10:56:56] [138/459] ACAI
[10:56:57] [139/459] SMAE
[10:56:58] [140/459] VMAT
[10:56:58] 🔄 Identity reset
[10:56:58] 🔄 Identity rotated (every 10 requests)
[10:56:59] [141/459] LKCT
[10:57:01] [142/459] JTVK
[10:57:02] [143/459] PRTY
[10:57:03] [144/459] GETT
[10:57:04] [145/459] ESAP
[10:57:05] [146/459] NCPM
[10:57:06] [147/459] PCPA
[10:57:07] [148/459] MMOM
[10:57:07] [149/459] PHUP
[10:57:08] [150/459] CCPI
[10:57:09] 🔄 Identity reset
[10:57:09] 🔄 Identity rotated (every 10 requests)
[10:57:09] [151/459] CNTD
[10:57:10] [152/459] NLJR
[10:57:11] [153/459] SRNG
[10:57:12] [154/459] MHAL
[10:57:13] [155/459] PNSM
[10:57:14] [156/459] DRMY
[10:57:15] [157/459] CCMU
[10:57:16] [158/459] SCMY
[10:57:17] [159/459] PVSY
[10:57:19] [160/459] SDLM
[10:57:19] 🔄 Identity reset
[10:57:19] 🔄 Identity rotated (every 10 requests)
[10:57:20] [161/459] ICCM
[10:57:20] [162/459] PYSU
[10:57:21] [163/459] GATM
[10:57:22] [164/459] WOTM
[10:57:23] [165/459] RKTS
[10:57:24] [166/459] PMTY
[10:57:25] [167/459] LYMS
[10:57:26] [168/459] TGCA
[10:57:27] [169/459] DSTA
[10:57:28] [170/459] CNGE
[10:57:28] 🔄 Identity reset
[10:57:28] 🔄 Identity rotated (every 10 requests)
[10:57:28] [171/459] VSTG
[10:57:29] [172/459] GTCK
[10:57:30] [173/459] TGNT
[10:57:31] [174/459] ASLC
[10:57:32] [175/459] SSST
[10:57:33] [176/459] KBTT
[10:57:34] [177/459] HKCP
[10:57:35] [178/459] SWLC
[10:57:36] [179/459] RTND
[10:57:37] [180/459] PKKT
[10:57:38] 🔄 Identity reset
[10:57:38] 🔄 Identity rotated (every 10 requests)
[10:57:38] [181/459] HSTK
[10:57:40] [182/459] SPTT
[10:57:41] [183/459] IMPM
[10:57:42] [184/459] SCMV
[10:57:43] [185/459] SPCT
[10:57:44] [186/459] JBCA
[10:57:45] [187/459] ATTR
[10:57:46] [188/459] SPMT
[10:57:47] [189/459] LCTM
[10:57:48] [190/459] SCVL
[10:57:48] 🔄 Identity reset
[10:57:48] 🔄 Identity rotated (every 10 requests)
[10:57:49] [191/459] SCVT
[10:57:50] [192/459] KRIC
[10:57:50] [193/459] CTMG
[10:57:51] [194/459] ACNC
[10:57:52] [195/459] DMCK
[10:57:53] [196/459] KMTV
[10:57:54] [197/459] PFCJ
[10:57:55] [198/459] VNMD
[10:57:56] [199/459] VPCZ
[10:57:57] [200/459] SRYR
[10:57:57] 🔄 Identity reset
[10:57:57] 🔄 Identity rotated (every 10 requests)
[10:57:58] [201/459] SYTR
[10:57:59] [202/459] GATR
[10:58:00] [203/459] URTR
[10:58:01] [204/459] MKSM
[10:58:02] [205/459] VSMH
[10:58:03] [206/459] SKRJ
[10:58:04] [207/459] SSJR
[10:58:05] [208/459] SVSM
[10:58:06] [209/459] RUCM
[10:58:07] [210/459] PRKN
[10:58:08] 🔄 Identity reset
[10:58:08] 🔄 Identity rotated (every 10 requests)
[10:58:08] [211/459] RROH
[10:58:09] [212/459] SCTN
[10:58:10] [213/459] RTDM
[10:58:11] [214/459] ASRM
[10:58:12] [215/459] SKMD
[10:58:13] [216/459] SUTD
[10:58:14] [217/459] SADM
[10:58:15] [218/459] WCNR
[10:58:16] [219/459] CNED
[10:58:17] [220/459] MPDB
[10:58:18] 🔄 Identity reset
[10:58:18] 🔄 Identity rotated (every 10 requests)
[10:58:19] [221/459] KTBH
[10:58:20] [222/459] IDRM
[10:58:21] [223/459] PJJT
[10:58:22] [224/459] PFCV
[10:58:24] [225/459] AACT
[10:58:24] [226/459] AAAD
[10:58:25] [227/459] ANES
[10:58:26] [228/459] MNCA
[10:58:27] [229/459] RMGU
[10:58:29] [230/459] DLCN
[10:58:29] 🔄 Identity reset
[10:58:29] 🔄 Identity rotated (every 10 requests)
[10:58:30] [231/459] LJWT
[10:58:31] [232/459] MCBG
[10:58:32] [233/459] MYBG
[10:58:32] [234/459] GCCA
[10:58:34] [235/459] GCGA
[10:58:34] [236/459] ECGN
[10:58:35] [237/459] PRAB
[10:58:36] [238/459] PNMP
[10:58:37] [239/459] GCPT
[10:58:38] [240/459] ROYN
[10:58:39] 🔄 Identity reset
[10:58:39] 🔄 Identity rotated (every 10 requests)
[10:58:39] [241/459] VATM
[10:58:40] [242/459] KSNT
[10:58:41] [243/459] ACTC
[10:58:42] [244/459] PLTD
[10:58:43] [245/459] SKMK
[10:58:44] [246/459] CMTT
[10:58:45] [247/459] SMXP
[10:58:46] [248/459] SCMX
[10:58:47] [249/459] ACXN
[10:58:47] [250/459] ASWT
[10:58:48] 🔄 Identity reset
[10:58:48] 🔄 Identity rotated (every 10 requests)
[10:58:48] [251/459] VVVL
[10:58:49] [252/459] NAGO
[10:58:50] [253/459] SNCN
[10:58:51] [254/459] MCKP
[10:58:53] [255/459] SAMO
[10:58:54] [256/459] JBTV
[10:58:55] [257/459] DCVV
[10:58:56] [258/459] KMSV
[10:58:56] [259/459] KDCN
[10:58:57] [260/459] CNCP
[10:58:58] 🔄 Identity reset
[10:58:58] 🔄 Identity rotated (every 10 requests)
[10:58:58] [261/459] HAMC
[10:58:59] [262/459] CCVZ
[10:59:00] [263/459] NCCK
[10:59:01] [264/459] MCHR
[10:59:02] [265/459] SCHT
[10:59:03] [266/459] ESSH
[10:59:04] [267/459] CUJC
[10:59:04] [268/459] PECP
[10:59:05] [269/459] PMMI
[10:59:06] [270/459] PCCH
[10:59:07] 🔄 Identity reset
[10:59:07] 🔄 Identity rotated (every 10 requests)
[10:59:07] [271/459] PRPM
[10:59:08] [272/459] PVKL
[10:59:09] [273/459] CBSM
[10:59:10] [274/459] PVCZ
[10:59:11] [275/459] PCVV
[10:59:12] [276/459] CTMJ
[10:59:13] [277/459] RCPS
[10:59:13] [278/459] PCIT
[10:59:14] [279/459] FNCH
[10:59:15] [280/459] INZD
[10:59:16] 🔄 Identity reset
[10:59:16] 🔄 Identity rotated (every 10 requests)
[10:59:16] [281/459] INPC
[10:59:17] [282/459] LCZP
[10:59:18] [283/459] SMCB
[10:59:19] [284/459] PTSB
[10:59:20] [285/459] TPSI
[10:59:20] [286/459] KHMJ
[10:59:21] [287/459] RCCJ
[10:59:22] [288/459] NCJA
[10:59:23] [289/459] NCJN
[10:59:24] [290/459] BTDP
[10:59:24] 🔄 Identity reset
[10:59:24] 🔄 Identity rotated (every 10 requests)
[10:59:25] [291/459] PADY
[10:59:26] [292/459] NYBH
[10:59:27] [293/459] MTBR
[10:59:28] [294/459] KRBC
[10:59:30] [295/459] DKTI
[10:59:31] [296/459] ANAN
[10:59:32] [297/459] INBP
[10:59:33] [298/459] PATB
[10:59:34] [299/459] RGNT
[10:59:35] [300/459] CGPM
[10:59:36] 🔄 Identity reset
[10:59:36] 🔄 Identity rotated (every 10 requests)
[10:59:36] [301/459] INTN
[10:59:37] [302/459] MCMP
[10:59:38] [303/459] ASRG
[10:59:39] [304/459] CXJD
[10:59:40] [305/459] SPCP
[10:59:41] [306/459] CSTP
[10:59:41] [307/459] PKVC
[10:59:42] [308/459] ESCP
[10:59:43] [309/459] CAEP
[10:59:44] [310/459] CCSP
[10:59:45] 🔄 Identity reset
[10:59:45] 🔄 Identity rotated (every 10 requests)
[10:59:45] [311/459] KTPC
[10:59:46] [312/459] DACA
[10:59:47] [313/459] NVKY
[10:59:48] [314/459] PTIN
[10:59:49] [315/459] SCIN
[10:59:49] [316/459] MCTY
[10:59:50] [317/459] PCMX
[10:59:51] [318/459] INIC
[10:59:52] [319/459] MMZM
[10:59:53] [320/459] SSLP
[10:59:53] 🔄 Identity reset
[10:59:53] 🔄 Identity rotated (every 10 requests)
[10:59:54] [321/459] DTDT
[10:59:55] [322/459] FFCX
[10:59:56] [323/459] RCMM
[10:59:57] [324/459] KYID
[10:59:58] [325/459] CSCI
[10:59:59] [326/459] FCMC
[11:00:00] [327/459] MMXI
[11:00:00] [328/459] ASTC
[11:00:01] [329/459] CMRA
[11:00:02] [330/459] DICI
[11:00:03] 🔄 Identity reset
[11:00:03] 🔄 Identity rotated (every 10 requests)
[11:00:03] [331/459] KDIN
[11:00:04] [332/459] PRFI
[11:00:05] [333/459] SVFC
[11:00:06] [334/459] UCPL
[11:00:07] [335/459] COOC
[11:00:08] [336/459] SCAL
[11:00:09] [337/459] SVFF
[11:00:10] [338/459] VCMG
[11:00:11] [339/459] UUCT
[11:00:13] [340/459] GCSE
[11:00:13] 🔄 Identity reset
[11:00:13] 🔄 Identity rotated (every 10 requests)
[11:00:14] [341/459] SUSC
[11:00:15] [342/459] MISC
[11:00:15] [343/459] RMBL
[11:00:16] [344/459] CMXN
[11:00:18] [345/459] PVBK
[11:00:19] [346/459] HHCG
[11:00:20] [347/459] SCAG
[11:00:21] [348/459] CNPR
[11:00:22] [349/459] CSER
[11:00:23] [350/459] HLWD
[11:00:24] 🔄 Identity reset
[11:00:24] 🔄 Identity rotated (every 10 requests)
[11:00:24] [351/459] BOLY
[11:00:25] [352/459] SSPG
[11:00:27] [353/459] MUPX
[11:00:28] [354/459] HAMR
[11:00:29] [355/459] SDNC
[11:00:29] [356/459] RTEN
[11:00:30] [357/459] SDTD
[11:00:31] [358/459] KAWS
[11:00:32] [359/459] CMZX
[11:00:33] [360/459] DCDD
[11:00:33] 🔄 Identity reset
[11:00:33] 🔄 Identity rotated (every 10 requests)
[11:00:34] [361/459] ALSN
[11:00:35] [362/459] IMXS
[11:00:35] [363/459] PVFF
[11:00:37] [364/459] PVOO
[11:00:38] [365/459] CFBS
[11:00:39] [366/459] PVER
[11:00:40] [367/459] PPNX
[11:00:40] [368/459] CNRM
[11:00:41] [369/459] PVWW
[11:00:42] [370/459] INMB
[11:00:43] 🔄 Identity reset
[11:00:43] 🔄 Identity rotated (every 10 requests)
[11:00:44] [371/459] CPJR
[11:00:45] [372/459] INRZ
[11:00:46] [373/459] PMSR
[11:00:47] [374/459] GPGM
[11:00:47] [375/459] PGWB
[11:00:48] [376/459] PMBR
[11:00:49] [377/459] GPAM
[11:00:51] [378/459] INBC
[11:00:52] [379/459] PZVK
[11:00:53] [380/459] CPEB
[11:00:54] 🔄 Identity reset
[11:00:54] 🔄 Identity rotated (every 10 requests)
[11:00:54] [381/459] FMLB
[11:00:56] [382/459] INBG
[11:00:56] [383/459] GPBR
[11:00:57] [384/459] PAAS
[11:00:58] [385/459] VTBR
[11:00:59] [386/459] GPMY
[11:01:00] [387/459] GYBU
[11:01:01] [388/459] INBJ
[11:01:02] [389/459] LKTH
[11:01:03] [390/459] NSBR
[11:01:04] 🔄 Identity reset
[11:01:04] 🔄 Identity rotated (every 10 requests)
[11:01:04] [391/459] PDRD
[11:01:05] [392/459] VRBL
[11:01:06] [393/459] VTGB
[11:01:07] [394/459] VTSK
[11:01:08] [395/459] BKDV
[11:01:09] [396/459] SVTB
[11:01:10] [397/459] MLDT
[11:01:11] [398/459] NRBL
[11:01:12] [399/459] SLTR
[11:01:13] [400/459] VNKA
[11:01:13] 🔄 Identity reset
[11:01:13] 🔄 Identity rotated (every 10 requests)
[11:01:14] [401/459] TDCA
[11:01:15] [402/459] INBM
[11:01:16] [403/459] SSNR
[11:01:18] [404/459] BHAC
[11:01:19] [405/459] SDSD
[11:01:20] [406/459] SAMP
[11:01:20] [407/459] RATK
[11:01:22] [408/459] KCBI
[11:01:23] [409/459] URBL
[11:01:24] [410/459] MKBG
[11:01:25] 🔄 Identity reset
[11:01:25] 🔄 Identity rotated (every 10 requests)
[11:01:25] [411/459] ASTB
[11:01:26] [412/459] VBWT
[11:01:27] [413/459] GPSM
[11:01:28] [414/459] ROON
[11:01:29] [415/459] CHTH
[11:01:30] [416/459] SSPA
[11:01:31] [417/459] ANBL
[11:01:32] [418/459] VTBE
[11:01:33] [419/459] SVKT
[11:01:35] [420/459] SVYK
[11:01:35] 🔄 Identity reset
[11:01:35] 🔄 Identity rotated (every 10 requests)
[11:01:36] [421/459] PTBK
[11:01:37] [422/459] RKTB
[11:01:38] [423/459] BALT
[11:01:39] [424/459] STSV
[11:01:40] [425/459] VCCB
[11:01:41] [426/459] SLTB
[11:01:43] [427/459] SBCR
[11:01:44] [428/459] VDCS
[11:01:45] [429/459] MDKI
[11:01:45] [430/459] SMRN
[11:01:46] 🔄 Identity reset
[11:01:46] 🔄 Identity rotated (every 10 requests)
[11:01:46] [431/459] PTBC
[11:01:47] [432/459] RADI
[11:01:48] [433/459] ADCR
[11:01:49] [434/459] SDCS
[11:01:50] [435/459] SRPJ
[11:01:51] [436/459] ARTS
[11:01:52] [437/459] SRHK
[11:01:53] [438/459] SPAY
[11:01:53] [439/459] GPTB
[11:01:54] [440/459] SNNN
[11:01:55] 🔄 Identity reset
[11:01:55] 🔄 Identity rotated (every 10 requests)
[11:01:55] [441/459] BALJ
[11:01:56] [442/459] TRIG
[11:01:57] [443/459] GTYT
[11:01:58] [444/459] ATGN
[11:01:59] [445/459] ANTE
[11:02:00] [446/459] BDCG
[11:02:01] [447/459] VECI
[11:02:02] [448/459] SCPR
[11:02:03] [449/459] RTEA
[11:02:04] [450/459] JSAI
[11:02:05] 🔄 Identity reset
[11:02:05] 🔄 Identity rotated (every 10 requests)
[11:02:05] [451/459] VJTP
[11:02:06] [452/459] GNDS
[11:02:07] [453/459] PAXA
[11:02:08] [454/459] CGGM
[11:02:09] [455/459] ACKZ
[11:02:10] [456/459] EMCC
[11:02:10] [457/459] KLSK
[11:02:12] [458/459] AVCK
[11:02:12] [459/459] JTCK
[11:02:13] 🧹 Deduping shows
[11:02:13] ✅ DONE | Shows=108 | Movies=7
[18:19:53] 🚀 SCRIPT STARTED (enhanced anti‑detection)
[18:19:53] [1/459] NECA
[18:19:53] 🧠 New identity created
[18:19:53] 🔄 Retry 1/5 for NECA in 2.3s
[18:19:53] 🔄 Identity reset
[18:19:56] 🧠 New identity created
[18:19:56] 🔄 Retry 2/5 for NECA in 4.9s
[18:19:56] 🔄 Identity reset
[18:20:01] 🧠 New identity created
[18:20:02] [2/459] BJLC
[18:20:03] [3/459] BASU
[18:20:04] [4/459] RUPI
[18:20:05] [5/459] LCBK
[18:20:06] [6/459] PMAC
[18:20:07] [7/459] AMLC
[18:20:08] [8/459] LICL
[18:20:09] 🔄 Identity reset
[18:20:09] 🔄 Identity rotated (every 10 requests)
[18:20:10] [9/459] UDMM
[18:20:10] [10/459] STBZ
[18:20:11] [11/459] UUBT
[18:20:13] [12/459] SJKC
[18:20:15] [13/459] TUAL
[18:20:16] [14/459] MRSE
[18:20:17] [15/459] RMRK
[18:20:17] [16/459] TTKP
[18:20:18] [17/459] KTKO
[18:20:19] [18/459] SDBK
[18:20:20] 🔄 Identity reset
[18:20:20] 🔄 Identity rotated (every 10 requests)
[18:20:20] [19/459] MCPR
[18:20:21] [20/459] CHTI
[18:20:22] [21/459] GCCP
[18:20:23] [22/459] SRMY
[18:20:23] [23/459] NYST
[18:20:24] [24/459] NYAG
[18:20:25] [25/459] SBMT
[18:20:26] [26/459] INGA
[18:20:27] [27/459] WSIC
[18:20:28] [28/459] SCSS
[18:20:28] 🔄 Identity reset
[18:20:28] 🔄 Identity rotated (every 10 requests)
[18:20:28] 🔄 Retry 1/5 for SCSS in 2.6s
[18:20:28] 🔄 Identity reset
[18:20:31] 🧠 New identity created
[18:20:31] [29/459] COPG
[18:20:32] [30/459] RCGR
[18:20:33] [31/459] TCZA
[18:20:34] [32/459] CNLP
[18:20:35] [33/459] CLKN
[18:20:36] [34/459] LHDF
[18:20:37] [35/459] ELKC
[18:20:38] [36/459] VCEM
[18:20:39] [37/459] SSZA
[18:20:40] 🔄 Identity reset
[18:20:40] 🔄 Identity rotated (every 10 requests)
[18:20:40] [38/459] KRMT
[18:20:41] [39/459] LCMV
[18:20:42] [40/459] AYCZ
[18:20:43] [41/459] CUMS
[18:20:44] [42/459] BOCK
[18:20:44] [43/459] PNMR
[18:20:46] [44/459] PJCP
[18:20:47] [45/459] JDDD
[18:20:48] [46/459] STMS
[18:20:49] [47/459] FLMB
[18:20:49] 🔄 Identity reset
[18:20:49] 🔄 Identity rotated (every 10 requests)
[18:20:50] [48/459] PKCM
[18:20:51] [49/459] SPPR
[18:20:52] [50/459] EYLH
[18:20:53] [51/459] RJCC
[18:20:54] [52/459] MMPS
[18:20:55] [53/459] SHMX
[18:20:56] [54/459] CCNL
[18:20:57] [55/459] RCNV
[18:20:58] [56/459] MAAG
[18:21:00] [57/459] LXCM
[18:21:00] 🔄 Identity reset
[18:21:00] 🔄 Identity rotated (every 10 requests)
[18:21:01] [58/459] RCNI
[18:21:02] [59/459] SNNI
[18:21:04] [60/459] LALC
[18:21:05] [61/459] SOCN
[18:21:06] [62/459] JHTP
[18:21:06] [63/459] PITP
[18:21:07] [64/459] CCKW
[18:21:08] [65/459] MCMC
[18:21:09] [66/459] DEES
[18:21:10] [67/459] SABT
[18:21:10] 🔄 Identity reset
[18:21:10] 🔄 Identity rotated (every 10 requests)
[18:21:11] [68/459] VSPP
[18:21:11] [69/459] ABCT
[18:21:12] [70/459] JVTB
[18:21:13] [71/459] VCBD
[18:21:14] [72/459] RMGG
[18:21:15] [73/459] RNMH
[18:21:16] [74/459] SPGL
[18:21:17] [75/459] JTTR
[18:21:18] [76/459] SICS
[18:21:19] [77/459] SRMI
[18:21:20] 🔄 Identity reset
[18:21:20] 🔄 Identity rotated (every 10 requests)
[18:21:20] 🔄 Retry 1/5 for SRMI in 2.8s
[18:21:20] 🔄 Identity reset
[18:21:23] 🧠 New identity created
[18:21:23] [78/459] SSIJ
[18:21:24] [79/459] KFMT
[18:21:25] [80/459] VBIT
[18:21:26] [81/459] JKCT
[18:21:27] [82/459] GCGP
[18:21:28] [83/459] GDCS
[18:21:29] [84/459] TRBA
[18:21:30] [85/459] QUST
[18:21:31] [86/459] VSHM
[18:21:31] 🔄 Identity reset
[18:21:31] 🔄 Identity rotated (every 10 requests)
[18:21:31] 🔄 Retry 1/5 for VSHM in 2.4s
[18:21:31] 🔄 Identity reset
[18:21:34] 🧠 New identity created
[18:21:34] [87/459] SDCP
[18:21:35] [88/459] SNVS
[18:21:36] [89/459] NYTO
[18:21:37] [90/459] URWC
[18:21:38] [91/459] GTWH
[18:21:38] [92/459] PFCM
[18:21:39] [93/459] KRTA
[18:21:40] [94/459] AXMC
[18:21:41] [95/459] EVMC
[18:21:42] 🔄 Identity reset
[18:21:42] 🔄 Identity rotated (every 10 requests)
[18:21:42] [96/459] HGSM
[18:21:43] [97/459] ACVM
[18:21:44] [98/459] PSKL
[18:21:45] [99/459] RDMP
[18:21:46] [100/459] RHGH
[18:21:47] [101/459] OMCM
[18:21:48] [102/459] DCCP
[18:21:48] [103/459] MCPB
[18:21:49] [104/459] ALCI
[18:21:50] [105/459] BLMX
[18:21:51] 🔄 Identity reset
[18:21:51] 🔄 Identity rotated (every 10 requests)
[18:21:51] 🔄 Retry 1/5 for BLMX in 2.3s
[18:21:51] 🔄 Identity reset
[18:21:53] 🧠 New identity created
[18:21:53] 🔄 Retry 2/5 for BLMX in 4.5s
[18:21:53] 🔄 Identity reset
[18:21:58] 🧠 New identity created
[18:21:59] [106/459] BTMV
[18:22:00] [107/459] FVPN
[18:22:02] [108/459] CMAR
[18:22:03] [109/459] CEIM
[18:22:03] [110/459] CMVA
[18:22:04] [111/459] CPIV
[18:22:05] [112/459] CNPE
[18:22:06] [113/459] COLV
[18:22:07] 🔄 Identity reset
[18:22:07] 🔄 Identity rotated (every 10 requests)
[18:22:07] [114/459] DNNV
[18:22:09] [115/459] HCAD
[18:22:10] [116/459] TAKA
[18:22:11] [117/459] INVD
[18:22:12] [118/459] IRMM
[18:22:14] [119/459] INSE
[18:22:15] [120/459] MRSW
[18:22:16] [121/459] MCVD
[18:22:17] [122/459] MCSO
[18:22:18] [123/459] PEVM
[18:22:18] 🔄 Identity reset
[18:22:18] 🔄 Identity rotated (every 10 requests)
[18:22:19] [124/459] PVNL
[18:22:19] [125/459] PTCV
[18:22:20] [126/459] PRTC
[18:22:22] [127/459] RCVA
[18:22:24] [128/459] MTBN
[18:22:25] [129/459] LUCP
[18:22:26] [130/459] FMPT
[18:22:27] [131/459] JLSL
[18:22:28] [132/459] SBHA
[18:22:29] [133/459] SHRC
[18:22:30] 🔄 Identity reset
[18:22:30] 🔄 Identity rotated (every 10 requests)
[18:22:30] [134/459] AVPS
[18:22:31] [135/459] STPM
[18:22:32] [136/459] ATRD
[18:22:33] [137/459] VTED
[18:22:34] [138/459] ACAI
[18:22:35] [139/459] SMAE
[18:22:36] [140/459] VMAT
[18:22:37] [141/459] LKCT
[18:22:39] [142/459] JTVK
[18:22:40] [143/459] PRTY
[18:22:41] 🔄 Identity reset
[18:22:41] 🔄 Identity rotated (every 10 requests)
[18:22:41] 🔄 Retry 1/5 for PRTY in 2.0s
[18:22:41] 🔄 Identity reset
[18:22:43] 🧠 New identity created
[18:22:43] [144/459] GETT
[18:22:44] [145/459] ESAP
[18:22:45] [146/459] NCPM
[18:22:46] [147/459] PCPA
[18:22:47] [148/459] MMOM
[18:22:47] [149/459] PHUP
[18:22:48] [150/459] CCPI
[18:22:49] [151/459] CNTD
[18:22:50] [152/459] NLJR
[18:22:51] 🔄 Identity reset
[18:22:51] 🔄 Identity rotated (every 10 requests)
[18:22:51] [153/459] SRNG
[18:22:52] [154/459] MHAL
[18:22:53] [155/459] PNSM
[18:22:54] [156/459] DRMY
[18:22:55] [157/459] CCMU
[18:22:57] [158/459] SCMY
[18:22:58] [159/459] PVSY
[18:22:59] [160/459] SDLM
[18:23:00] [161/459] ICCM
[18:23:01] [162/459] PYSU
[18:23:02] 🔄 Identity reset
[18:23:02] 🔄 Identity rotated (every 10 requests)
[18:23:03] [163/459] GATM
[18:23:04] [164/459] WOTM
[18:23:05] [165/459] RKTS
[18:23:06] [166/459] PMTY
[18:23:07] [167/459] LYMS
[18:23:08] [168/459] TGCA
[18:23:09] [169/459] DSTA
[18:23:10] [170/459] CNGE
[18:23:12] [171/459] VSTG
[18:23:14] [172/459] GTCK
[18:23:14] 🔄 Identity reset
[18:23:14] 🔄 Identity rotated (every 10 requests)
[18:23:15] [173/459] TGNT
[18:23:16] [174/459] ASLC
[18:23:17] [175/459] SSST
[18:23:18] [176/459] KBTT
[18:23:19] [177/459] HKCP
[18:23:20] [178/459] SWLC
[18:23:21] [179/459] RTND
[18:23:22] [180/459] PKKT
[18:23:23] [181/459] HSTK
[18:23:24] [182/459] SPTT
[18:23:25] 🔄 Identity reset
[18:23:25] 🔄 Identity rotated (every 10 requests)
[18:23:25] [183/459] IMPM
[18:23:26] [184/459] SCMV
[18:23:27] [185/459] SPCT
[18:23:28] [186/459] JBCA
[18:23:29] [187/459] ATTR
[18:23:30] [188/459] SPMT
[18:23:31] [189/459] LCTM
[18:23:31] [190/459] SCVL
[18:23:32] [191/459] SCVT
[18:23:33] [192/459] KRIC
[18:23:34] 🔄 Identity reset
[18:23:34] 🔄 Identity rotated (every 10 requests)
[18:23:34] [193/459] CTMG
[18:23:36] [194/459] ACNC
[18:23:37] [195/459] DMCK
[18:23:39] [196/459] KMTV
[18:23:40] [197/459] PFCJ
[18:23:41] [198/459] VNMD
[18:23:42] [199/459] VPCZ
[18:23:43] [200/459] SRYR
[18:23:44] [201/459] SYTR
[18:23:46] [202/459] GATR
[18:23:46] 🔄 Identity reset
[18:23:46] 🔄 Identity rotated (every 10 requests)
[18:23:47] [203/459] URTR
[18:23:48] [204/459] MKSM
[18:23:49] [205/459] VSMH
[18:23:49] [206/459] SKRJ
[18:23:51] [207/459] SSJR
[18:23:52] [208/459] SVSM
[18:23:53] [209/459] RUCM
[18:23:54] [210/459] PRKN
[18:23:55] [211/459] RROH
[18:23:55] [212/459] SCTN
[18:23:56] 🔄 Identity reset
[18:23:56] 🔄 Identity rotated (every 10 requests)
[18:23:56] 🔄 Retry 1/5 for SCTN in 2.3s
[18:23:56] 🔄 Identity reset
[18:23:59] 🧠 New identity created
[18:23:59] 🔄 Retry 2/5 for SCTN in 4.1s
[18:23:59] 🔄 Identity reset
[18:24:03] 🧠 New identity created
[18:24:03] [213/459] RTDM
[18:24:04] [214/459] ASRM
[18:24:05] [215/459] SKMD
[18:24:06] [216/459] SUTD
[18:24:07] [217/459] SADM
[18:24:07] [218/459] WCNR
[18:24:08] [219/459] CNED
[18:24:10] [220/459] MPDB
[18:24:10] 🔄 Identity reset
[18:24:10] 🔄 Identity rotated (every 10 requests)
[18:24:11] [221/459] KTBH
[18:24:12] [222/459] IDRM
[18:24:12] [223/459] PJJT
[18:24:13] [224/459] PFCV
[18:24:14] [225/459] AACT
[18:24:15] [226/459] AAAD
[18:24:16] [227/459] ANES
[18:24:17] [228/459] MNCA
[18:24:18] [229/459] RMGU
[18:24:19] [230/459] DLCN
[18:24:20] 🔄 Identity reset
[18:24:20] 🔄 Identity rotated (every 10 requests)
[18:24:20] 🔄 Retry 1/5 for DLCN in 2.1s
[18:24:20] 🔄 Identity reset
[18:24:22] 🧠 New identity created
[18:24:23] [231/459] LJWT
[18:24:24] [232/459] MCBG
[18:24:25] [233/459] MYBG
[18:24:25] [234/459] GCCA
[18:24:26] [235/459] GCGA
[18:24:27] [236/459] ECGN
[18:24:28] [237/459] PRAB
[18:24:30] [238/459] PNMP
[18:24:31] [239/459] GCPT
[18:24:31] 🔄 Identity reset
[18:24:31] 🔄 Identity rotated (every 10 requests)
[18:24:32] [240/459] ROYN
[18:24:33] [241/459] VATM
[18:24:34] [242/459] KSNT
[18:24:35] [243/459] ACTC
[18:24:36] [244/459] PLTD
[18:24:37] [245/459] SKMK
[18:24:38] [246/459] CMTT
[18:24:39] [247/459] SMXP
[18:24:40] [248/459] SCMX
[18:24:42] [249/459] ACXN
[18:24:42] 🔄 Identity reset
[18:24:42] 🔄 Identity rotated (every 10 requests)
[18:24:42] [250/459] ASWT
[18:24:44] [251/459] VVVL
[18:24:45] [252/459] NAGO
[18:24:46] [253/459] SNCN
[18:24:47] [254/459] MCKP
[18:24:48] [255/459] SAMO
[18:24:49] [256/459] JBTV
[18:24:50] [257/459] DCVV
[18:24:51] [258/459] KMSV
[18:24:52] [259/459] KDCN
[18:24:53] 🔄 Identity reset
[18:24:53] 🔄 Identity rotated (every 10 requests)
[18:24:53] [260/459] CNCP
[18:24:55] [261/459] HAMC
[18:24:56] [262/459] CCVZ
[18:24:57] [263/459] NCCK
[18:24:58] [264/459] MCHR
[18:24:59] [265/459] SCHT
[18:25:00] [266/459] ESSH
[18:25:01] [267/459] CUJC
[18:25:02] [268/459] PECP
[18:25:03] [269/459] PMMI
[18:25:04] 🔄 Identity reset
[18:25:04] 🔄 Identity rotated (every 10 requests)
[18:25:04] [270/459] PCCH
[18:25:05] [271/459] PRPM
[18:25:06] [272/459] PVKL
[18:25:07] [273/459] CBSM
[18:25:08] [274/459] PVCZ
[18:25:09] [275/459] PCVV
[18:25:10] [276/459] CTMJ
[18:25:11] [277/459] RCPS
[18:25:12] [278/459] PCIT
[18:25:13] [279/459] FNCH
[18:25:14] 🔄 Identity reset
[18:25:14] 🔄 Identity rotated (every 10 requests)
[18:25:14] [280/459] INZD
[18:25:15] [281/459] INPC
[18:25:16] [282/459] LCZP
[18:25:17] [283/459] SMCB
[18:25:18] [284/459] PTSB
[18:25:19] [285/459] TPSI
[18:25:20] [286/459] KHMJ
[18:25:21] [287/459] RCCJ
[18:25:22] [288/459] NCJA
[18:25:23] [289/459] NCJN
[18:25:23] 🔄 Identity reset
[18:25:23] 🔄 Identity rotated (every 10 requests)
[18:25:23] [290/459] BTDP
[18:25:24] [291/459] PADY
[18:25:25] [292/459] NYBH
[18:25:26] [293/459] MTBR
[18:25:27] [294/459] KRBC
[18:25:28] [295/459] DKTI
[18:25:29] [296/459] ANAN
[18:25:30] [297/459] INBP
[18:25:32] [298/459] PATB
[18:25:33] [299/459] RGNT
[18:25:33] 🔄 Identity reset
[18:25:33] 🔄 Identity rotated (every 10 requests)
[18:25:34] [300/459] CGPM
[18:25:35] [301/459] INTN
[18:25:36] [302/459] MCMP
[18:25:37] [303/459] ASRG
[18:25:37] [304/459] CXJD
[18:25:38] [305/459] SPCP
[18:25:39] [306/459] CSTP
[18:25:40] [307/459] PKVC
[18:25:41] [308/459] ESCP
[18:25:42] [309/459] CAEP
[18:25:42] 🔄 Identity reset
[18:25:42] 🔄 Identity rotated (every 10 requests)
[18:25:43] [310/459] CCSP
[18:25:44] [311/459] KTPC
[18:25:45] [312/459] DACA
[18:25:46] [313/459] NVKY
[18:25:47] [314/459] PTIN
[18:25:48] [315/459] SCIN
[18:25:49] [316/459] MCTY
[18:25:50] [317/459] PCMX
[18:25:50] [318/459] INIC
[18:25:51] [319/459] MMZM
[18:25:52] 🔄 Identity reset
[18:25:52] 🔄 Identity rotated (every 10 requests)
[18:25:52] [320/459] SSLP
[18:25:53] [321/459] DTDT
[18:25:55] [322/459] FFCX
[18:25:56] [323/459] RCMM
[18:25:57] [324/459] KYID
[18:25:58] [325/459] CSCI
[18:25:59] [326/459] FCMC
[18:26:00] [327/459] MMXI
[18:26:01] [328/459] ASTC
[18:26:01] [329/459] CMRA
[18:26:02] 🔄 Identity reset
[18:26:02] 🔄 Identity rotated (every 10 requests)
[18:26:03] [330/459] DICI
[18:26:03] [331/459] KDIN
[18:26:04] [332/459] PRFI
[18:26:06] [333/459] SVFC
[18:26:07] [334/459] UCPL
[18:26:08] [335/459] COOC
[18:26:09] [336/459] SCAL
[18:26:10] [337/459] SVFF
[18:26:11] [338/459] VCMG
[18:26:12] [339/459] UUCT
[18:26:12] 🔄 Identity reset
[18:26:12] 🔄 Identity rotated (every 10 requests)
[18:26:13] [340/459] GCSE
[18:26:14] [341/459] SUSC
[18:26:15] [342/459] MISC
[18:26:15] [343/459] RMBL
[18:26:16] [344/459] CMXN
[18:26:17] [345/459] PVBK
[18:26:18] [346/459] HHCG
[18:26:19] [347/459] SCAG
[18:26:20] [348/459] CNPR
[18:26:21] [349/459] CSER
[18:26:22] 🔄 Identity reset
[18:26:22] 🔄 Identity rotated (every 10 requests)
[18:26:22] [350/459] HLWD
[18:26:23] [351/459] BOLY
[18:26:24] [352/459] SSPG
[18:26:25] [353/459] MUPX
[18:26:27] [354/459] HAMR
[18:26:28] [355/459] SDNC
[18:26:29] [356/459] RTEN
[18:26:29] [357/459] SDTD
[18:26:30] [358/459] KAWS
[18:26:31] [359/459] CMZX
[18:26:32] 🔄 Identity reset
[18:26:32] 🔄 Identity rotated (every 10 requests)
[18:26:32] [360/459] DCDD
[18:26:33] [361/459] ALSN
[18:26:34] [362/459] IMXS
[18:26:36] [363/459] PVFF
[18:26:37] [364/459] PVOO
[18:26:37] [365/459] CFBS
[18:26:38] [366/459] PVER
[18:26:40] [367/459] PPNX
[18:26:41] [368/459] CNRM
[18:26:42] [369/459] PVWW
[18:26:43] 🔄 Identity reset
[18:26:43] 🔄 Identity rotated (every 10 requests)
[18:26:43] [370/459] INMB
[18:26:44] [371/459] CPJR
[18:26:45] [372/459] INRZ
[18:26:46] [373/459] PMSR
[18:26:47] [374/459] GPGM
[18:26:48] [375/459] PGWB
[18:26:49] [376/459] PMBR
[18:26:50] [377/459] GPAM
[18:26:51] [378/459] INBC
[18:26:52] [379/459] PZVK
[18:26:53] 🔄 Identity reset
[18:26:53] 🔄 Identity rotated (every 10 requests)
[18:26:53] [380/459] CPEB
[18:26:54] [381/459] FMLB
[18:26:55] [382/459] INBG
[18:26:56] [383/459] GPBR
[18:26:57] [384/459] PAAS
[18:26:58] [385/459] VTBR
[18:26:59] [386/459] GPMY
[18:27:00] [387/459] GYBU
[18:27:01] [388/459] INBJ
[18:27:02] [389/459] LKTH
[18:27:02] 🔄 Identity reset
[18:27:02] 🔄 Identity rotated (every 10 requests)
[18:27:03] [390/459] NSBR
[18:27:04] [391/459] PDRD
[18:27:05] [392/459] VRBL
[18:27:06] [393/459] VTGB
[18:27:07] [394/459] VTSK
[18:27:08] [395/459] BKDV
[18:27:09] [396/459] SVTB
[18:27:09] [397/459] MLDT
[18:27:10] [398/459] NRBL
[18:27:11] [399/459] SLTR
[18:27:12] 🔄 Identity reset
[18:27:12] 🔄 Identity rotated (every 10 requests)
[18:27:12] [400/459] VNKA
[18:27:14] [401/459] TDCA
[18:27:15] [402/459] INBM
[18:27:16] [403/459] SSNR
[18:27:16] [404/459] BHAC
[18:27:17] [405/459] SDSD
[18:27:18] [406/459] SAMP
[18:27:19] [407/459] RATK
[18:27:20] [408/459] KCBI
[18:27:21] [409/459] URBL
[18:27:22] 🔄 Identity reset
[18:27:22] 🔄 Identity rotated (every 10 requests)
[18:27:23] [410/459] MKBG
[18:27:24] [411/459] ASTB
[18:27:25] [412/459] VBWT
[18:27:26] [413/459] GPSM
[18:27:27] [414/459] ROON
[18:27:28] [415/459] CHTH
[18:27:29] [416/459] SSPA
[18:27:30] [417/459] ANBL
[18:27:31] [418/459] VTBE
[18:27:32] [419/459] SVKT
[18:27:32] 🔄 Identity reset
[18:27:32] 🔄 Identity rotated (every 10 requests)
[18:27:32] 🔄 Retry 1/5 for SVKT in 2.0s
[18:27:32] 🔄 Identity reset
[18:27:34] 🧠 New identity created
[18:27:35] [420/459] SVYK
[18:27:36] [421/459] PTBK
[18:27:37] [422/459] RKTB
[18:27:37] [423/459] BALT
[18:27:38] [424/459] STSV
[18:27:39] [425/459] VCCB
[18:27:40] [426/459] SLTB
[18:27:41] [427/459] SBCR
[18:27:42] [428/459] VDCS
[18:27:42] 🔄 Identity reset
[18:27:42] 🔄 Identity rotated (every 10 requests)
[18:27:43] [429/459] MDKI
[18:27:44] [430/459] SMRN
[18:27:46] [431/459] PTBC
[18:27:46] [432/459] RADI
[18:27:47] [433/459] ADCR
[18:27:48] [434/459] SDCS
[18:27:49] [435/459] SRPJ
[18:27:50] [436/459] ARTS
[18:27:51] [437/459] SRHK
[18:27:53] [438/459] SPAY
[18:27:53] 🔄 Identity reset
[18:27:53] 🔄 Identity rotated (every 10 requests)
[18:27:54] [439/459] GPTB
[18:27:55] [440/459] SNNN
[18:27:56] [441/459] BALJ
[18:27:57] [442/459] TRIG
[18:27:58] [443/459] GTYT
[18:27:59] [444/459] ATGN
[18:28:00] [445/459] ANTE
[18:28:00] [446/459] BDCG
[18:28:02] [447/459] VECI
[18:28:03] [448/459] SCPR
[18:28:04] 🔄 Identity reset
[18:28:04] 🔄 Identity rotated (every 10 requests)
[18:28:04] [449/459] RTEA
[18:28:05] [450/459] JSAI
[18:28:07] [451/459] VJTP
[18:28:08] [452/459] GNDS
[18:28:08] [453/459] PAXA
[18:28:09] [454/459] CGGM
[18:28:10] [455/459] ACKZ
[18:28:11] [456/459] EMCC
[18:28:12] [457/459] KLSK
[18:28:13] [458/459] AVCK
[18:28:13] 🔄 Identity reset
[18:28:13] 🔄 Identity rotated (every 10 requests)
[18:28:14] [459/459] JTCK
[18:28:15] 🧹 Deduping shows
[18:28:15] ✅ DONE | Shows=143 | Movies=7
[00:37:38] 🚀 SCRIPT STARTED (enhanced anti‑detection)
[00:37:38] [1/459] NECA
[00:37:39] 🧠 New identity created
[00:37:40] [2/459] BJLC
[00:37:41] [3/459] BASU
[00:37:42] [4/459] RUPI
[00:37:43] [5/459] LCBK
[00:37:44] [6/459] PMAC
[00:37:44] [7/459] AMLC
[00:37:45] [8/459] LICL
[00:37:46] [9/459] UDMM
[00:37:47] [10/459] STBZ
[00:37:48] 🔄 Identity reset
[00:37:48] 🔄 Identity rotated (every 10 requests)
[00:37:49] [11/459] UUBT
[00:37:50] [12/459] SJKC
[00:37:51] [13/459] TUAL
[00:37:52] [14/459] MRSE
[00:37:53] [15/459] RMRK
[00:37:54] [16/459] TTKP
[00:37:55] [17/459] KTKO
[00:37:56] [18/459] SDBK
[00:37:57] [19/459] MCPR
[00:37:58] [20/459] CHTI
[00:37:58] 🔄 Identity reset
[00:37:58] 🔄 Identity rotated (every 10 requests)
[00:37:58] [21/459] GCCP
[00:38:00] [22/459] SRMY
[00:38:01] [23/459] NYST
[00:38:01] [24/459] NYAG
[00:38:02] [25/459] SBMT
[00:38:04] [26/459] INGA
[00:38:05] [27/459] WSIC
[00:38:06] [28/459] SCSS
[00:38:07] [29/459] COPG
[00:38:08] [30/459] RCGR
[00:38:09] 🔄 Identity reset
[00:38:09] 🔄 Identity rotated (every 10 requests)
[00:38:09] 🔄 Retry 1/5 for RCGR in 2.6s
[00:38:09] 🔄 Identity reset
[00:38:11] 🧠 New identity created
[00:38:12] [31/459] TCZA
[00:38:13] [32/459] CNLP
[00:38:14] [33/459] CLKN
[00:38:15] [34/459] LHDF
[00:38:16] [35/459] ELKC
[00:38:17] [36/459] VCEM
[00:38:18] [37/459] SSZA
[00:38:19] [38/459] KRMT
[00:38:21] [39/459] LCMV
[00:38:21] 🔄 Identity reset
[00:38:21] 🔄 Identity rotated (every 10 requests)
[00:38:22] [40/459] AYCZ
[00:38:22] [41/459] CUMS
[00:38:23] [42/459] BOCK
[00:38:24] [43/459] PNMR
[00:38:25] [44/459] PJCP
[00:38:26] [45/459] JDDD
[00:38:27] [46/459] STMS
[00:38:28] [47/459] FLMB
[00:38:29] [48/459] PKCM
[00:38:30] [49/459] SPPR
[00:38:30] 🔄 Identity reset
[00:38:30] 🔄 Identity rotated (every 10 requests)
[00:38:30] 🔄 Retry 1/5 for SPPR in 2.5s
[00:38:30] 🔄 Identity reset
[00:38:33] 🧠 New identity created
[00:38:33] [50/459] EYLH
[00:38:34] [51/459] RJCC
[00:38:35] [52/459] MMPS
[00:38:36] [53/459] SHMX
[00:38:37] [54/459] CCNL
[00:38:38] [55/459] RCNV
[00:38:40] [56/459] MAAG
[00:38:41] [57/459] LXCM
[00:38:42] [58/459] RCNI
[00:38:42] 🔄 Identity reset
[00:38:42] 🔄 Identity rotated (every 10 requests)
[00:38:43] 🔄 Retry 1/5 for RCNI in 2.2s
[00:38:43] 🔄 Identity reset
[00:38:45] 🧠 New identity created
[00:38:45] [59/459] SNNI
[00:38:46] [60/459] LALC
[00:38:47] [61/459] SOCN
[00:38:48] [62/459] JHTP
[00:38:49] [63/459] PITP
[00:38:50] [64/459] CCKW
[00:38:51] [65/459] MCMC
[00:38:52] [66/459] DEES
[00:38:53] [67/459] SABT
[00:38:54] 🔄 Identity reset
[00:38:54] 🔄 Identity rotated (every 10 requests)
[00:38:54] [68/459] VSPP
[00:38:55] [69/459] ABCT
[00:38:56] [70/459] JVTB
[00:38:57] [71/459] VCBD
[00:38:58] [72/459] RMGG
[00:38:59] [73/459] RNMH
[00:38:59] [74/459] SPGL
[00:39:00] [75/459] JTTR
[00:39:01] [76/459] SICS
[00:39:02] [77/459] SRMI
[00:39:03] 🔄 Identity reset
[00:39:03] 🔄 Identity rotated (every 10 requests)
[00:39:03] 🔄 Retry 1/5 for SRMI in 2.8s
[00:39:03] 🔄 Identity reset
[00:39:06] 🧠 New identity created
[00:39:06] [78/459] SSIJ
[00:39:07] [79/459] KFMT
[00:39:08] [80/459] VBIT
[00:39:09] [81/459] JKCT
[00:39:10] [82/459] GCGP
[00:39:12] [83/459] GDCS
[00:39:12] [84/459] TRBA
[00:39:13] [85/459] QUST
[00:39:14] [86/459] VSHM
[00:39:15] 🔄 Identity reset
[00:39:15] 🔄 Identity rotated (every 10 requests)
[00:39:15] [87/459] SDCP
[00:39:16] [88/459] SNVS
[00:39:17] [89/459] NYTO
[00:39:18] [90/459] URWC
[00:39:19] [91/459] GTWH
[00:39:20] [92/459] PFCM
[00:39:21] [93/459] KRTA
[00:39:23] [94/459] AXMC
[00:39:23] [95/459] EVMC
[00:39:24] [96/459] HGSM
[00:39:25] 🔄 Identity reset
[00:39:25] 🔄 Identity rotated (every 10 requests)
[00:39:25] [97/459] ACVM
[00:39:26] [98/459] PSKL
[00:39:27] [99/459] RDMP
[00:39:28] [100/459] RHGH
[00:39:29] [101/459] OMCM
[00:39:30] [102/459] DCCP
[00:39:31] [103/459] MCPB
[00:39:31] [104/459] ALCI
[00:39:32] [105/459] BLMX
[00:39:33] [106/459] BTMV
[00:39:34] 🔄 Identity reset
[00:39:34] 🔄 Identity rotated (every 10 requests)
[00:39:34] [107/459] FVPN
[00:39:35] [108/459] CMAR
[00:39:36] [109/459] CEIM
[00:39:37] [110/459] CMVA
[00:39:38] [111/459] CPIV
[00:39:39] [112/459] CNPE
[00:39:40] [113/459] COLV
[00:39:42] [114/459] DNNV
[00:39:42] [115/459] HCAD
[00:39:43] [116/459] TAKA
[00:39:44] 🔄 Identity reset
[00:39:44] 🔄 Identity rotated (every 10 requests)
[00:39:45] [117/459] INVD
[00:39:46] [118/459] IRMM
[00:39:47] [119/459] INSE
[00:39:48] [120/459] MRSW
[00:39:49] [121/459] MCVD
[00:39:50] [122/459] MCSO
[00:39:52] [123/459] PEVM
[00:39:52] [124/459] PVNL
[00:39:53] [125/459] PTCV
[00:39:54] [126/459] PRTC
[00:39:55] 🔄 Identity reset
[00:39:55] 🔄 Identity rotated (every 10 requests)
[00:39:55] [127/459] RCVA
[00:39:56] [128/459] MTBN
[00:39:57] [129/459] LUCP
[00:39:58] [130/459] FMPT
[00:39:59] [131/459] JLSL
[00:40:00] [132/459] SBHA
[00:40:01] [133/459] SHRC
[00:40:01] [134/459] AVPS
[00:40:02] [135/459] STPM
[00:40:03] [136/459] ATRD
[00:40:04] 🔄 Identity reset
[00:40:04] 🔄 Identity rotated (every 10 requests)
[00:40:04] [137/459] VTED
[00:40:05] [138/459] ACAI
[00:40:06] [139/459] SMAE
[00:40:07] [140/459] VMAT
[00:40:08] [141/459] LKCT
[00:40:09] [142/459] JTVK
[00:40:10] [143/459] PRTY
[00:40:11] [144/459] GETT
[00:40:12] [145/459] ESAP
[00:40:13] [146/459] NCPM
[00:40:13] 🔄 Identity reset
[00:40:13] 🔄 Identity rotated (every 10 requests)
[00:40:14] [147/459] PCPA
[00:40:15] [148/459] MMOM
[00:40:16] [149/459] PHUP
[00:40:17] [150/459] CCPI
[00:40:18] [151/459] CNTD
[00:40:19] [152/459] NLJR
[00:40:20] [153/459] SRNG
[00:40:22] [154/459] MHAL
[00:40:23] [155/459] PNSM
[00:40:24] [156/459] DRMY
[00:40:24] 🔄 Identity reset
[00:40:24] 🔄 Identity rotated (every 10 requests)
[00:40:25] [157/459] CCMU
[00:40:26] [158/459] SCMY
[00:40:27] [159/459] PVSY
[00:40:28] [160/459] SDLM
[00:40:28] [161/459] ICCM
[00:40:29] [162/459] PYSU
[00:40:30] [163/459] GATM
[00:40:31] [164/459] WOTM
[00:40:32] [165/459] RKTS
[00:40:33] [166/459] PMTY
[00:40:34] 🔄 Identity reset
[00:40:34] 🔄 Identity rotated (every 10 requests)
[00:40:35] [167/459] LYMS
[00:40:36] [168/459] TGCA
[00:40:37] [169/459] DSTA
[00:40:38] [170/459] CNGE
[00:40:39] [171/459] VSTG
[00:40:41] [172/459] GTCK
[00:40:41] [173/459] TGNT
[00:40:42] [174/459] ASLC
[00:40:43] [175/459] SSST
[00:40:44] [176/459] KBTT
[00:40:45] 🔄 Identity reset
[00:40:45] 🔄 Identity rotated (every 10 requests)
[00:40:45] [177/459] HKCP
[00:40:46] [178/459] SWLC
[00:40:48] [179/459] RTND
[00:40:49] [180/459] PKKT
[00:40:50] [181/459] HSTK
[00:40:51] [182/459] SPTT
[00:40:51] [183/459] IMPM
[00:40:52] [184/459] SCMV
[00:40:53] [185/459] SPCT
[00:40:54] [186/459] JBCA
[00:40:55] 🔄 Identity reset
[00:40:55] 🔄 Identity rotated (every 10 requests)
[00:40:55] [187/459] ATTR
[00:40:56] [188/459] SPMT
[00:40:57] [189/459] LCTM
[00:40:58] [190/459] SCVL
[00:40:59] [191/459] SCVT
[00:41:00] [192/459] KRIC
[00:41:01] [193/459] CTMG
[00:41:02] [194/459] ACNC
[00:41:03] [195/459] DMCK
[00:41:04] [196/459] KMTV
[00:41:05] 🔄 Identity reset
[00:41:05] 🔄 Identity rotated (every 10 requests)
[00:41:06] [197/459] PFCJ
[00:41:08] [198/459] VNMD
[00:41:09] [199/459] VPCZ
[00:41:09] [200/459] SRYR
[00:41:10] [201/459] SYTR
[00:41:11] [202/459] GATR
[00:41:12] [203/459] URTR
[00:41:13] [204/459] MKSM
[00:41:14] [205/459] VSMH
[00:41:15] [206/459] SKRJ
[00:41:15] 🔄 Identity reset
[00:41:15] 🔄 Identity rotated (every 10 requests)
[00:41:16] [207/459] SSJR
[00:41:17] [208/459] SVSM
[00:41:17] [209/459] RUCM
[00:41:18] [210/459] PRKN
[00:41:19] [211/459] RROH
[00:41:20] [212/459] SCTN
[00:41:22] [213/459] RTDM
[00:41:23] [214/459] ASRM
[00:41:24] [215/459] SKMD
[00:41:25] [216/459] SUTD
[00:41:25] 🔄 Identity reset
[00:41:25] 🔄 Identity rotated (every 10 requests)
[00:41:27] [217/459] SADM
[00:41:28] [218/459] WCNR
[00:41:29] [219/459] CNED
[00:41:29] [220/459] MPDB
[00:41:30] [221/459] KTBH
[00:41:31] [222/459] IDRM
[00:41:32] [223/459] PJJT
[00:41:34] [224/459] PFCV
[00:41:35] [225/459] AACT
[00:41:36] [226/459] AAAD
[00:41:37] 🔄 Identity reset
[00:41:37] 🔄 Identity rotated (every 10 requests)
[00:41:37] [227/459] ANES
[00:41:38] [228/459] MNCA
[00:41:39] [229/459] RMGU
[00:41:41] [230/459] DLCN
[00:41:42] [231/459] LJWT
[00:41:43] [232/459] MCBG
[00:41:44] [233/459] MYBG
[00:41:45] [234/459] GCCA
[00:41:45] [235/459] GCGA
[00:41:46] [236/459] ECGN
[00:41:47] 🔄 Identity reset
[00:41:47] 🔄 Identity rotated (every 10 requests)
[00:41:47] 🔄 Retry 1/5 for ECGN in 2.1s
[00:41:47] 🔄 Identity reset
[00:41:49] 🧠 New identity created
[00:41:49] [237/459] PRAB
[00:41:50] [238/459] PNMP
[00:41:51] [239/459] GCPT
[00:41:52] [240/459] ROYN
[00:41:53] [241/459] VATM
[00:41:54] [242/459] KSNT
[00:41:55] [243/459] ACTC
[00:41:56] [244/459] PLTD
[00:41:57] [245/459] SKMK
[00:41:58] 🔄 Identity reset
[00:41:58] 🔄 Identity rotated (every 10 requests)
[00:41:58] 🔄 Retry 1/5 for SKMK in 2.5s
[00:41:58] 🔄 Identity reset
[00:42:00] 🧠 New identity created
[00:42:01] [246/459] CMTT
[00:42:02] [247/459] SMXP
[00:42:03] [248/459] SCMX
[00:42:04] [249/459] ACXN
[00:42:05] [250/459] ASWT
[00:42:06] [251/459] VVVL
[00:42:07] [252/459] NAGO
[00:42:08] [253/459] SNCN
[00:42:08] [254/459] MCKP
[00:42:09] 🔄 Identity reset
[00:42:09] 🔄 Identity rotated (every 10 requests)
[00:42:09] [255/459] SAMO
[00:42:10] [256/459] JBTV
[00:42:11] [257/459] DCVV
[00:42:12] [258/459] KMSV
[00:42:13] [259/459] KDCN
[00:42:14] [260/459] CNCP
[00:42:15] [261/459] HAMC
[00:42:16] [262/459] CCVZ
[00:42:17] [263/459] NCCK
[00:42:18] [264/459] MCHR
[00:42:18] 🔄 Identity reset
[00:42:18] 🔄 Identity rotated (every 10 requests)
[00:42:18] [265/459] SCHT
[00:42:19] [266/459] ESSH
[00:42:20] [267/459] CUJC
[00:42:21] [268/459] PECP
[00:42:22] [269/459] PMMI
[00:42:23] [270/459] PCCH
[00:42:24] [271/459] PRPM
[00:42:25] [272/459] PVKL
[00:42:26] [273/459] CBSM
[00:42:28] [274/459] PVCZ
[00:42:28] 🔄 Identity reset
[00:42:28] 🔄 Identity rotated (every 10 requests)
[00:42:29] [275/459] PCVV
[00:42:30] [276/459] CTMJ
[00:42:31] [277/459] RCPS
[00:42:32] [278/459] PCIT
[00:42:32] [279/459] FNCH
[00:42:33] [280/459] INZD
[00:42:34] [281/459] INPC
[00:42:35] [282/459] LCZP
[00:42:36] [283/459] SMCB
[00:42:37] [284/459] PTSB
[00:42:37] 🔄 Identity reset
[00:42:37] 🔄 Identity rotated (every 10 requests)
[00:42:39] [285/459] TPSI
[00:42:40] [286/459] KHMJ
[00:42:42] [287/459] RCCJ
[00:42:43] [288/459] NCJA
[00:42:44] [289/459] NCJN
[00:42:44] [290/459] BTDP
[00:42:45] [291/459] PADY
[00:42:46] [292/459] NYBH
[00:42:47] [293/459] MTBR
[00:42:49] [294/459] KRBC
[00:42:50] 🔄 Identity reset
[00:42:50] 🔄 Identity rotated (every 10 requests)
[00:42:50] [295/459] DKTI
[00:42:51] [296/459] ANAN
[00:42:52] [297/459] INBP
[00:42:53] [298/459] PATB
[00:42:54] [299/459] RGNT
[00:42:55] [300/459] CGPM
[00:42:55] [301/459] INTN
[00:42:56] [302/459] MCMP
[00:42:57] [303/459] ASRG
[00:42:58] [304/459] CXJD
[00:42:59] 🔄 Identity reset
[00:42:59] 🔄 Identity rotated (every 10 requests)
[00:42:59] [305/459] SPCP
[00:43:00] [306/459] CSTP
[00:43:01] [307/459] PKVC
[00:43:02] [308/459] ESCP
[00:43:03] [309/459] CAEP
[00:43:04] [310/459] CCSP
[00:43:05] [311/459] KTPC
[00:43:06] [312/459] DACA
[00:43:07] [313/459] NVKY
[00:43:08] [314/459] PTIN
[00:43:08] 🔄 Identity reset
[00:43:08] 🔄 Identity rotated (every 10 requests)
[00:43:09] 🔄 Retry 1/5 for PTIN in 2.5s
[00:43:09] 🔄 Identity reset
[00:43:11] 🧠 New identity created
[00:43:11] [315/459] SCIN
[00:43:13] [316/459] MCTY
[00:43:15] [317/459] PCMX
[00:43:15] [318/459] INIC
[00:43:16] [319/459] MMZM
[00:43:17] [320/459] SSLP
[00:43:18] [321/459] DTDT
[00:43:19] [322/459] FFCX
[00:43:20] [323/459] RCMM
[00:43:21] 🔄 Identity reset
[00:43:21] 🔄 Identity rotated (every 10 requests)
[00:43:21] [324/459] KYID
[00:43:22] [325/459] CSCI
[00:43:23] [326/459] FCMC
[00:43:24] [327/459] MMXI
[00:43:24] [328/459] ASTC
[00:43:26] [329/459] CMRA
[00:43:26] [330/459] DICI
[00:43:27] [331/459] KDIN
[00:43:28] [332/459] PRFI
[00:43:29] [333/459] SVFC
[00:43:30] 🔄 Identity reset
[00:43:30] 🔄 Identity rotated (every 10 requests)
[00:43:31] [334/459] UCPL
[00:43:32] [335/459] COOC
[00:43:33] [336/459] SCAL
[00:43:34] [337/459] SVFF
[00:43:35] [338/459] VCMG
[00:43:36] [339/459] UUCT
[00:43:37] [340/459] GCSE
[00:43:38] [341/459] SUSC
[00:43:39] [342/459] MISC
[00:43:40] [343/459] RMBL
[00:43:41] 🔄 Identity reset
[00:43:41] 🔄 Identity rotated (every 10 requests)
[00:43:41] [344/459] CMXN
[00:43:42] [345/459] PVBK
[00:43:44] [346/459] HHCG
[00:43:45] [347/459] SCAG
[00:43:46] [348/459] CNPR
[00:43:47] [349/459] CSER
[00:43:48] [350/459] HLWD
[00:43:49] [351/459] BOLY
[00:43:50] [352/459] SSPG
[00:43:50] [353/459] MUPX
[00:43:51] 🔄 Identity reset
[00:43:51] 🔄 Identity rotated (every 10 requests)
[00:43:51] [354/459] HAMR
[00:43:52] [355/459] SDNC
[00:43:53] [356/459] RTEN
[00:43:54] [357/459] SDTD
[00:43:55] [358/459] KAWS
[00:43:57] [359/459] CMZX
[00:43:58] [360/459] DCDD
[00:43:59] [361/459] ALSN
[00:44:00] [362/459] IMXS
[00:44:01] [363/459] PVFF
[00:44:01] 🔄 Identity reset
[00:44:01] 🔄 Identity rotated (every 10 requests)
[00:44:02] [364/459] PVOO
[00:44:03] [365/459] CFBS
[00:44:05] [366/459] PVER
[00:44:05] [367/459] PPNX
[00:44:06] [368/459] CNRM
[00:44:07] [369/459] PVWW
[00:44:08] [370/459] INMB
[00:44:09] [371/459] CPJR
[00:44:10] [372/459] INRZ
[00:44:11] [373/459] PMSR
[00:44:11] 🔄 Identity reset
[00:44:11] 🔄 Identity rotated (every 10 requests)
[00:44:12] [374/459] GPGM
[00:44:13] [375/459] PGWB
[00:44:13] [376/459] PMBR
[00:44:14] [377/459] GPAM
[00:44:15] [378/459] INBC
[00:44:16] [379/459] PZVK
[00:44:17] [380/459] CPEB
[00:44:18] [381/459] FMLB
[00:44:19] [382/459] INBG
[00:44:20] [383/459] GPBR
[00:44:21] 🔄 Identity reset
[00:44:21] 🔄 Identity rotated (every 10 requests)
[00:44:21] [384/459] PAAS
[00:44:22] [385/459] VTBR
[00:44:23] [386/459] GPMY
[00:44:24] [387/459] GYBU
[00:44:25] [388/459] INBJ
[00:44:26] [389/459] LKTH
[00:44:27] [390/459] NSBR
[00:44:29] [391/459] PDRD
[00:44:30] [392/459] VRBL
[00:44:31] [393/459] VTGB
[00:44:32] 🔄 Identity reset
[00:44:32] 🔄 Identity rotated (every 10 requests)
[00:44:32] [394/459] VTSK
[00:44:33] [395/459] BKDV
[00:44:34] [396/459] SVTB
[00:44:35] [397/459] MLDT
[00:44:36] [398/459] NRBL
[00:44:37] [399/459] SLTR
[00:44:38] [400/459] VNKA
[00:44:39] [401/459] TDCA
[00:44:40] [402/459] INBM
[00:44:41] [403/459] SSNR
[00:44:41] 🔄 Identity reset
[00:44:41] 🔄 Identity rotated (every 10 requests)
[00:44:42] [404/459] BHAC
[00:44:42] [405/459] SDSD
[00:44:43] [406/459] SAMP
[00:44:44] [407/459] RATK
[00:44:45] [408/459] KCBI
[00:44:46] [409/459] URBL
[00:44:47] [410/459] MKBG
[00:44:48] [411/459] ASTB
[00:44:49] [412/459] VBWT
[00:44:50] [413/459] GPSM
[00:44:51] 🔄 Identity reset
[00:44:51] 🔄 Identity rotated (every 10 requests)
[00:44:51] [414/459] ROON
[00:44:52] [415/459] CHTH
[00:44:53] [416/459] SSPA
[00:44:54] [417/459] ANBL
[00:44:55] [418/459] VTBE
[00:44:56] [419/459] SVKT
[00:44:58] [420/459] SVYK
[00:44:59] [421/459] PTBK
[00:44:59] [422/459] RKTB
[00:45:00] [423/459] BALT
[00:45:01] 🔄 Identity reset
[00:45:01] 🔄 Identity rotated (every 10 requests)
[00:45:02] [424/459] STSV
[00:45:03] [425/459] VCCB
[00:45:04] [426/459] SLTB
[00:45:05] [427/459] SBCR
[00:45:06] [428/459] VDCS
[00:45:07] [429/459] MDKI
[00:45:08] [430/459] SMRN
[00:45:09] [431/459] PTBC
[00:45:11] [432/459] RADI
[00:45:12] [433/459] ADCR
[00:45:13] 🔄 Identity reset
[00:45:13] 🔄 Identity rotated (every 10 requests)
[00:45:14] [434/459] SDCS
[00:45:15] [435/459] SRPJ
[00:45:16] [436/459] ARTS
[00:45:17] [437/459] SRHK
[00:45:18] [438/459] SPAY
[00:45:19] [439/459] GPTB
[00:45:20] [440/459] SNNN
[00:45:20] [441/459] BALJ
[00:45:21] [442/459] TRIG
[00:45:22] [443/459] GTYT
[00:45:23] 🔄 Identity reset
[00:45:23] 🔄 Identity rotated (every 10 requests)
[00:45:23] [444/459] ATGN
[00:45:24] [445/459] ANTE
[00:45:25] [446/459] BDCG
[00:45:26] [447/459] VECI
[00:45:27] [448/459] SCPR
[00:45:29] [449/459] RTEA
[00:45:30] [450/459] JSAI
[00:45:30] [451/459] VJTP
[00:45:32] [452/459] GNDS
[00:45:33] [453/459] PAXA
[00:45:33] 🔄 Identity reset
[00:45:33] 🔄 Identity rotated (every 10 requests)
[00:45:34] [454/459] CGGM
[00:45:35] [455/459] ACKZ
[00:45:36] [456/459] EMCC
[00:45:37] [457/459] KLSK
[00:45:38] [458/459] AVCK
[00:45:39] [459/459] JTCK
[00:45:40] 🧹 Deduping shows
[00:45:40] ✅ DONE | Shows=150 | Movies=7
