[00:16:44] 🚀 BMS DAILY TRACKER STARTED (enhanced anti‑detection)
[00:16:44] [1/455] MXGN
[00:16:45] 🧠 New identity created
[00:16:45] [2/455] PGGM
[00:16:46] [3/455] IPMJ
[00:16:47] [4/455] M2PP
[00:16:48] [5/455] PMMS
[00:16:49] [6/455] SCJN
[00:16:50] [7/455] CPUM
[00:16:50] [8/455] SCND
[00:16:51] [9/455] INWM
[00:16:52] [10/455] DVDC
[00:16:52] 🔄 Identity reset
[00:16:52] 🔄 Identity rotated (every 10 requests)
[00:16:53] [11/455] WVND
[00:16:54] [12/455] LBDL
[00:16:54] [13/455] CRGM
[00:16:55] [14/455] PVKS
[00:16:56] [15/455] PBLL
[00:16:57] [16/455] FNLN
[00:16:57] [17/455] PPDA
[00:16:58] [18/455] SCPT
[00:16:59] [19/455] IAJS
[00:17:00] [20/455] MMZG
[00:17:01] 🔄 Identity reset
[00:17:01] 🔄 Identity rotated (every 10 requests)
[00:17:02] [21/455] MCTI
[00:17:03] [22/455] PPMF
[00:17:04] [23/455] FNSD
[00:17:05] [24/455] M2RH
[00:17:05] [25/455] CPGV
[00:17:06] [26/455] PECD
[00:17:07] [27/455] CTEE
[00:17:09] [28/455] IOMG
[00:17:09] [29/455] CIJA
[00:17:10] [30/455] NYCG
[00:17:11] 🔄 Identity reset
[00:17:11] 🔄 Identity rotated (every 10 requests)
[00:17:11] [31/455] CEST
[00:17:12] [32/455] WVRG
[00:17:13] [33/455] DPDC
[00:17:14] [34/455] PDIV
[00:17:15] [35/455] MTPP
[00:17:16] [36/455] MHNU
[00:17:17] [37/455] WUPG
[00:17:18] [38/455] USCO
[00:17:19] [39/455] INFR
[00:17:20] [40/455] PVPD
[00:17:20] 🔄 Identity reset
[00:17:20] 🔄 Identity rotated (every 10 requests)
[00:17:21] [41/455] RONC
[00:17:22] [42/455] IOCP
[00:17:23] [43/455] EMPS
[00:17:25] [44/455] PNAD
[00:17:26] [45/455] VVGZ
[00:17:26] [46/455] MDDC
[00:17:27] [47/455] MMAP
[00:17:28] [48/455] GPDC
[00:17:29] [49/455] PVPU
[00:17:30] [50/455] DCMV
[00:17:30] 🔄 Identity reset
[00:17:30] 🔄 Identity rotated (every 10 requests)
[00:17:31] [51/455] PCCF
[00:17:32] [52/455] MCEF
[00:17:32] [53/455] INRD
[00:17:33] [54/455] CCPZ
[00:17:34] [55/455] BCWG
[00:17:35] [56/455] PMGU
[00:17:36] [57/455] MCVM
[00:17:36] [58/455] MCDE
[00:17:37] [59/455] IEFM
[00:17:38] [60/455] MXCS
[00:17:38] 🔄 Identity reset
[00:17:38] 🔄 Identity rotated (every 10 requests)
[00:17:39] [61/455] RNMT
[00:17:39] [62/455] PSDD
[00:17:40] [63/455] PETA
[00:17:41] [64/455] IZOP
[00:17:42] [65/455] PDEI
[00:17:43] [66/455] MTND
[00:17:44] [67/455] PCPL
[00:17:45] [68/455] LSCM
[00:17:46] [69/455] BTFD
[00:17:46] [70/455] MERM
[00:17:47] 🔄 Identity reset
[00:17:47] 🔄 Identity rotated (every 10 requests)
[00:17:47] [71/455] PVMS
[00:17:48] [72/455] CIGK
[00:17:49] [73/455] INSG
[00:17:50] [74/455] IDEN
[00:17:51] [75/455] MCGN
[00:17:51] [76/455] IGAM
[00:17:52] [77/455] SLCU
[00:17:53] [78/455] MIMU
[00:17:54] [79/455] QLAC
[00:17:55] [80/455] MENL
[00:17:55] 🔄 Identity reset
[00:17:55] 🔄 Identity rotated (every 10 requests)
[00:17:56] [81/455] SCUR
[00:17:57] [82/455] MDGD
[00:17:58] [83/455] LSRS
[00:17:59] [84/455] KMLG
[00:18:00] [85/455] MKLJ
[00:18:00] [86/455] IBYG
[00:18:01] [87/455] ISML
[00:18:02] [88/455] MJMM
[00:18:03] [89/455] RCGD
[00:18:04] [90/455] MMOC
[00:18:05] 🔄 Identity reset
[00:18:05] 🔄 Identity rotated (every 10 requests)
[00:18:05] [91/455] RRCO
[00:18:06] [92/455] MEDM
[00:18:07] [93/455] MCAZ
[00:18:08] [94/455] STWA
[00:18:09] [95/455] PFFG
[00:18:10] [96/455] GAGC
[00:18:11] [97/455] PMPM
[00:18:12] [98/455] HVCD
[00:18:13] [99/455] AKRF
[00:18:14] [100/455] AKRC
[00:18:14] 🔄 Identity reset
[00:18:14] 🔄 Identity rotated (every 10 requests)
[00:18:15] [101/455] MIDA
[00:18:16] [102/455] MAGX
[00:18:17] [103/455] ESOS
[00:18:18] [104/455] BBCL
[00:18:19] [105/455] LYAS
[00:18:20] [106/455] NRMS
[00:18:21] [107/455] BHUC
[00:18:22] [108/455] SRIC
[00:18:23] [109/455] PDME
[00:18:24] [110/455] MJCS
[00:18:25] 🔄 Identity reset
[00:18:25] 🔄 Identity rotated (every 10 requests)
[00:18:25] [111/455] NRAA
[00:18:30] [112/455] VATA
[00:18:31] [113/455] MNKC
[00:18:31] [114/455] DHCL
[00:18:32] [115/455] JCPC
[00:18:33] [116/455] CTML
[00:18:34] [117/455] RMMR
[00:18:35] [118/455] STTL
[00:18:36] [119/455] CNPS
[00:18:37] [120/455] ACKL
[00:18:38] 🔄 Identity reset
[00:18:38] 🔄 Identity rotated (every 10 requests)
[00:18:38] [121/455] SCAU
[00:18:38] [122/455] RMIA
[00:18:39] [123/455] MANU
[00:18:40] [124/455] ARDC
[00:18:41] [125/455] GLDA
[00:18:42] [126/455] KVSW
[00:18:43] [127/455] CGCA
[00:18:44] [128/455] CMLO
[00:18:45] [129/455] CECB
[00:18:45] [130/455] RCPN
[00:18:46] 🔄 Identity reset
[00:18:46] 🔄 Identity rotated (every 10 requests)
[00:18:46] [131/455] ASMW
[00:18:47] [132/455] PWLM
[00:18:48] [133/455] ASGM
[00:18:49] [134/455] ACWH
[00:18:50] [135/455] AAPW
[00:18:51] [136/455] RTWA
[00:18:53] [137/455] RAMW
[00:18:54] [138/455] VKTR
[00:18:54] [139/455] SMBH
[00:18:55] [140/455] BVDR
[00:18:56] 🔄 Identity reset
[00:18:56] 🔄 Identity rotated (every 10 requests)
[00:18:56] [141/455] MRTP
[00:18:57] [142/455] BLBR
[00:18:58] [143/455] LPIN
[00:18:59] [144/455] SNPC
[00:18:59] [145/455] PDCB
[00:19:00] [146/455] DYPK
[00:19:01] [147/455] INMK
[00:19:02] [148/455] PDCK
[00:19:03] [149/455] PCKR
[00:19:04] [150/455] SHUA
[00:19:04] 🔄 Identity reset
[00:19:04] 🔄 Identity rotated (every 10 requests)
[00:19:05] [151/455] SCVK
[00:19:05] [152/455] STPA
[00:19:06] [153/455] WVHD
[00:19:08] [154/455] MRCH
[00:19:08] [155/455] MCNP
[00:19:09] [156/455] RCAG
[00:19:10] [157/455] JTSN
[00:19:11] [158/455] AANS
[00:19:12] [159/455] GDDR
[00:19:13] [160/455] SRER
[00:19:13] 🔄 Identity reset
[00:19:13] 🔄 Identity rotated (every 10 requests)
[00:19:13] [161/455] JKMA
[00:19:14] [162/455] ARAN
[00:19:15] [163/455] ALCT
[00:19:16] [164/455] CCTA
[00:19:17] [165/455] CNCT
[00:19:17] [166/455] NZBL
[00:19:18] [167/455] SRRA
[00:19:19] [168/455] SVPW
[00:19:20] [169/455] SRTW
[00:19:21] [170/455] XMTD
[00:19:22] 🔄 Identity reset
[00:19:22] 🔄 Identity rotated (every 10 requests)
[00:19:23] [171/455] SCCZ
[00:19:24] [172/455] PBCR
[00:19:24] [173/455] RTSC
[00:19:26] [174/455] TLSV
[00:19:26] [175/455] RMTK
[00:19:27] [176/455] SRAT
[00:19:28] [177/455] GCYC
[00:19:29] [178/455] HCAJ
[00:19:30] [179/455] LCXA
[00:19:30] [180/455] BINT
[00:19:31] 🔄 Identity reset
[00:19:31] 🔄 Identity rotated (every 10 requests)
[00:19:31] [181/455] IXIM
[00:19:32] [182/455] MBCR
[00:19:33] [183/455] BMCJ
[00:19:33] [184/455] NICJ
[00:19:34] [185/455] SCAJ
[00:19:35] [186/455] CMXS
[00:19:36] [187/455] MMSR
[00:19:37] [188/455] PRKT
[00:19:38] [189/455] LPTH
[00:19:38] [190/455] SARP
[00:19:39] 🔄 Identity reset
[00:19:39] 🔄 Identity rotated (every 10 requests)
[00:19:39] [191/455] MNPP
[00:19:40] [192/455] PRLR
[00:19:41] [193/455] RCMW
[00:19:41] [194/455] FCMG
[00:19:42] [195/455] RTNK
[00:19:43] [196/455] LRCP
[00:19:44] [197/455] DBJR
[00:19:44] [198/455] CACN
[00:19:46] [199/455] AMRL
[00:19:47] [200/455] SBBC
[00:19:47] 🔄 Identity reset
[00:19:47] 🔄 Identity rotated (every 10 requests)
[00:19:47] [201/455] VENN
[00:19:48] [202/455] STSS
[00:19:49] [203/455] SMRB
[00:19:50] [204/455] CCMX
[00:19:51] [205/455] KCMR
[00:19:52] [206/455] SALH
[00:19:53] [207/455] CGTT
[00:19:55] [208/455] PMDR
[00:19:55] [209/455] VCPM
[00:19:56] [210/455] RZMX
[00:19:57] 🔄 Identity reset
[00:19:57] 🔄 Identity rotated (every 10 requests)
[00:19:57] [211/455] TMSY
[00:19:58] [212/455] NTMS
[00:19:59] [213/455] VTAG
[00:20:00] [214/455] REMA
[00:20:01] [215/455] NXCC
[00:20:01] [216/455] SKYM
[00:20:02] [217/455] CCMO
[00:20:03] [218/455] DMXM
[00:20:04] [219/455] SPPM
[00:20:05] [220/455] PTKL
[00:20:05] 🔄 Identity reset
[00:20:05] 🔄 Identity rotated (every 10 requests)
[00:20:06] [221/455] SLVO
[00:20:06] [222/455] VASL
[00:20:07] [223/455] CBCM
[00:20:08] [224/455] STMA
[00:20:09] [225/455] LASK
[00:20:10] [226/455] VITE
[00:20:10] [227/455] AAST
[00:20:11] [228/455] JTPT
[00:20:12] [229/455] RRSH
[00:20:13] [230/455] CINL
[00:20:13] 🔄 Identity reset
[00:20:13] 🔄 Identity rotated (every 10 requests)
[00:20:14] [231/455] MCSR
[00:20:14] [232/455] SBCF
[00:20:15] [233/455] GCDU
[00:20:16] [234/455] PSPR
[00:20:17] [235/455] IMMO
[00:20:18] [236/455] CLGM
[00:20:18] [237/455] PBMM
[00:20:19] [238/455] CEHR
[00:20:20] [239/455] CPOE
[00:20:21] [240/455] PGFD
[00:20:21] 🔄 Identity reset
[00:20:21] 🔄 Identity rotated (every 10 requests)
[00:20:22] [241/455] PSLC
[00:20:22] [242/455] MSMD
[00:20:23] [243/455] FMFB
[00:20:24] [244/455] RKCL
[00:20:25] [245/455] PMMC
[00:20:26] [246/455] SKMM
[00:20:28] [247/455] VOIB
[00:20:29] [248/455] KINO
[00:20:30] [249/455] VCTP
[00:20:31] [250/455] PDWR
[00:20:31] 🔄 Identity reset
[00:20:31] 🔄 Identity rotated (every 10 requests)
[00:20:32] [251/455] SAED
[00:20:33] [252/455] SRRT
[00:20:34] [253/455] CVLG
[00:20:35] [254/455] SNGN
[00:20:35] [255/455] SIDA
[00:20:36] [256/455] IMCB
[00:20:37] [257/455] SMHP
[00:20:38] [258/455] GDTY
[00:20:38] [259/455] VYCH
[00:20:39] [260/455] PDYA
[00:20:40] 🔄 Identity reset
[00:20:40] 🔄 Identity rotated (every 10 requests)
[00:20:40] [261/455] RKDO
[00:20:41] [262/455] VECG
[00:20:42] [263/455] NFGD
[00:20:43] [264/455] SNDC
[00:20:44] [265/455] SDJH
[00:20:45] [266/455] HASV
[00:20:46] [267/455] PTYK
[00:20:46] [268/455] MUTB
[00:20:47] [269/455] AMRT
[00:20:48] [270/455] VACD
[00:20:49] 🔄 Identity reset
[00:20:49] 🔄 Identity rotated (every 10 requests)
[00:20:49] [271/455] SKDD
[00:20:50] [272/455] STGR
[00:20:51] [273/455] GDAK
[00:20:51] [274/455] SKHK
[00:20:52] [275/455] SLND
[00:20:53] [276/455] APAP
[00:20:54] [277/455] AYYA
[00:20:55] [278/455] VCCZ
[00:20:55] [279/455] MEML
[00:20:56] [280/455] MAOU
[00:20:57] 🔄 Identity reset
[00:20:57] 🔄 Identity rotated (every 10 requests)
[00:20:57] [281/455] ESND
[00:20:58] [282/455] PTBZ
[00:20:59] [283/455] LBCN
[00:21:00] [284/455] PAWA
[00:21:01] [285/455] ZEIC
[00:21:01] [286/455] CGMM
[00:21:02] [287/455] PJPM
[00:21:03] [288/455] ECMR
[00:21:04] [289/455] SHMZ
[00:21:05] [290/455] STCA
[00:21:05] 🔄 Identity reset
[00:21:05] 🔄 Identity rotated (every 10 requests)
[00:21:06] [291/455] VDRC
[00:21:06] [292/455] SEEM
[00:21:07] [293/455] MKNS
[00:21:08] [294/455] KPPP
[00:21:09] [295/455] CCML
[00:21:10] [296/455] CIBA
[00:21:11] [297/455] NACS
[00:21:11] [298/455] CTMK
[00:21:12] [299/455] CTCT
[00:21:13] [300/455] MCSN
[00:21:13] 🔄 Identity reset
[00:21:13] 🔄 Identity rotated (every 10 requests)
[00:21:13] [301/455] MAXX
[00:21:14] [302/455] MECB
[00:21:15] [303/455] NTBY
[00:21:16] [304/455] UTBI
[00:21:16] [305/455] RADK
[00:21:17] [306/455] STBY
[00:21:18] [307/455] GTBY
[00:21:18] [308/455] RRMB
[00:21:19] [309/455] ABRN
[00:21:20] [310/455] GTSG
[00:21:21] 🔄 Identity reset
[00:21:21] 🔄 Identity rotated (every 10 requests)
[00:21:21] [311/455] GBTG
[00:21:21] [312/455] SBGS
[00:21:22] [313/455] KBPM
[00:21:23] [314/455] SMHT
[00:21:24] [315/455] VTDM
[00:21:25] [316/455] ASCT
[00:21:26] [317/455] AWCT
[00:21:27] [318/455] DCCU
[00:21:27] [319/455] PSCE
[00:21:28] [320/455] KSNY
[00:21:29] 🔄 Identity reset
[00:21:29] 🔄 Identity rotated (every 10 requests)
[00:21:29] [321/455] ACID
[00:21:30] [322/455] LVCD
[00:21:32] [323/455] KSSB
[00:21:33] [324/455] SWTD
[00:21:34] [325/455] RBMR
[00:21:35] [326/455] SCBC
[00:21:35] [327/455] RKME
[00:21:36] [328/455] GALX
[00:21:37] [329/455] GCCH
[00:21:38] [330/455] RATR
[00:21:38] 🔄 Identity reset
[00:21:38] 🔄 Identity rotated (every 10 requests)
[00:21:39] [331/455] GTGA
[00:21:39] [332/455] LTTR
[00:21:40] [333/455] TTAA
[00:21:41] [334/455] TVHP
[00:21:42] [335/455] KVCS
[00:21:43] [336/455] CBMC
[00:21:45] [337/455] MAYJ
[00:21:45] [338/455] INPR
[00:21:46] [339/455] RSSC
[00:21:47] [340/455] PCAN
[00:21:48] 🔄 Identity reset
[00:21:48] 🔄 Identity rotated (every 10 requests)
[00:21:48] [341/455] PVHR
[00:21:49] [342/455] AGSM
[00:21:50] [343/455] PVES
[00:21:50] [344/455] INTO
[00:21:51] [345/455] ACON
[00:21:52] [346/455] PVPZ
[00:21:52] [347/455] PVHC
[00:21:53] [348/455] KSTK
[00:21:54] [349/455] PVSR
[00:21:55] [350/455] ACTN
[00:21:55] 🔄 Identity reset
[00:21:55] 🔄 Identity rotated (every 10 requests)
[00:21:56] [351/455] FMCN
[00:21:57] [352/455] PABC
[00:21:58] [353/455] SUTC
[00:21:59] [354/455] PGMV
[00:22:00] [355/455] GKCP
[00:22:01] [356/455] INCH
[00:22:01] [357/455] MLMT
[00:22:02] [358/455] SSCC
[00:22:03] [359/455] SLMP
[00:22:04] [360/455] VVTN
[00:22:04] 🔄 Identity reset
[00:22:04] 🔄 Identity rotated (every 10 requests)
[00:22:05] [361/455] SBTR
[00:22:05] [362/455] PGRA
[00:22:06] [363/455] PBRM
[00:22:07] [364/455] GCRP
[00:22:08] [365/455] MCSK
[00:22:08] [366/455] NLTC
[00:22:10] [367/455] MTLM
[00:22:11] [368/455] VECT
[00:22:12] [369/455] KMRM
[00:22:13] [370/455] RACM
[00:22:14] 🔄 Identity reset
[00:22:14] 🔄 Identity rotated (every 10 requests)
[00:22:14] [371/455] WSTC
[00:22:15] [372/455] PVTJ
[00:22:16] [373/455] MMKC
[00:22:17] [374/455] SVWT
[00:22:18] [375/455] JOTG
[00:22:18] [376/455] VCDK
[00:22:19] [377/455] ANAC
[00:22:20] [378/455] GRTC
[00:22:20] [379/455] JTPL
[00:22:21] [380/455] VRCP
[00:22:22] 🔄 Identity reset
[00:22:22] 🔄 Identity rotated (every 10 requests)
[00:22:22] [381/455] REMC
[00:22:23] [382/455] ATMG
[00:22:24] [383/455] GAHC
[00:22:25] [384/455] JTMV
[00:22:26] [385/455] OMTT
[00:22:27] [386/455] GKKC
[00:22:28] [387/455] BBPO
[00:22:29] [388/455] ZCBB
[00:22:30] [389/455] DCGO
[00:22:31] [390/455] STOP
[00:22:31] 🔄 Identity reset
[00:22:31] 🔄 Identity rotated (every 10 requests)
[00:22:31] [391/455] BSPC
[00:22:32] [392/455] SOND
[00:22:33] [393/455] GCKG
[00:22:34] [394/455] PCDB
[00:22:35] [395/455] PGRC
[00:22:36] [396/455] CSCT
[00:22:36] [397/455] STDA
[00:22:37] [398/455] JAYD
[00:22:38] [399/455] PPPD
[00:22:39] [400/455] KRTT
[00:22:39] 🔄 Identity reset
[00:22:39] 🔄 Identity rotated (every 10 requests)
[00:22:40] [401/455] PTDT
[00:22:40] [402/455] TRSV
[00:22:41] [403/455] VELR
[00:22:42] [404/455] STDT
[00:22:42] [405/455] SATT
[00:22:44] [406/455] KCPM
[00:22:45] [407/455] MFCP
[00:22:46] [408/455] AXMP
[00:22:47] [409/455] LTVB
[00:22:48] [410/455] APST
[00:22:48] 🔄 Identity reset
[00:22:48] 🔄 Identity rotated (every 10 requests)
[00:22:49] [411/455] DTVP
[00:22:50] [412/455] AAVB
[00:22:51] [413/455] PMBL
[00:22:52] [414/455] STKC
[00:22:53] [415/455] KKMA
[00:22:54] [416/455] NMXS
[00:22:55] [417/455] DECX
[00:22:55] [418/455] MAPJ
[00:22:57] [419/455] SMLK
[00:22:57] [420/455] PMPU
[00:22:58] 🔄 Identity reset
[00:22:58] 🔄 Identity rotated (every 10 requests)
[00:22:58] [421/455] AFST
[00:23:00] [422/455] SRSY
[00:23:01] [423/455] RMKT
[00:23:02] [424/455] RAJX
[00:23:03] [425/455] UVCD
[00:23:04] [426/455] LISA
[00:23:05] [427/455] LMSR
[00:23:06] [428/455] PMCA
[00:23:06] [429/455] INPO
[00:23:07] [430/455] INGO
[00:23:08] 🔄 Identity reset
[00:23:08] 🔄 Identity rotated (every 10 requests)
[00:23:08] [431/455] HFSQ
[00:23:09] [432/455] INMG
[00:23:10] [433/455] NYCP
[00:23:11] [434/455] HFSV
[00:23:12] [435/455] MMZP
[00:23:13] [436/455] KSES
[00:23:13] [437/455] HFSA
[00:23:15] [438/455] ACMM
[00:23:16] [439/455] RCKD
[00:23:17] [440/455] BCKR
[00:23:17] 🔄 Identity reset
[00:23:17] 🔄 Identity rotated (every 10 requests)
[00:23:18] [441/455] SFCO
[00:23:18] [442/455] JCCB
[00:23:19] [443/455] BCCR
[00:23:20] [444/455] NWCB
[00:23:21] [445/455] SAMT
[00:23:22] [446/455] TMST
[00:23:23] [447/455] SJCN
[00:23:24] [448/455] MCBS
[00:23:24] [449/455] CMKR
[00:23:25] [450/455] INPM
[00:23:26] 🔄 Identity reset
[00:23:26] 🔄 Identity rotated (every 10 requests)
[00:23:26] [451/455] WVMT
[00:23:27] [452/455] NYSM
[00:23:27] [453/455] RCMA
[00:23:28] [454/455] RECM
[00:23:29] [455/455] CYCM
[00:23:30] ✅ DONE | Shows=0 | Movies=0
[01:16:37] 🚀 BMS DAILY TRACKER STARTED (enhanced anti‑detection)
[01:16:37] [1/455] MXGN
[01:16:38] 🧠 New identity created
[01:16:38] [2/455] PGGM
[01:16:39] [3/455] IPMJ
[01:16:40] [4/455] M2PP
[01:16:41] [5/455] PMMS
[01:16:42] [6/455] SCJN
[01:16:43] [7/455] CPUM
[01:16:44] [8/455] SCND
[01:16:45] [9/455] INWM
[01:16:45] [10/455] DVDC
[01:16:46] 🔄 Identity reset
[01:16:46] 🔄 Identity rotated (every 10 requests)
[01:16:46] [11/455] WVND
[01:16:47] [12/455] LBDL
[01:16:48] [13/455] CRGM
[01:16:49] [14/455] PVKS
[01:16:50] [15/455] PBLL
[01:16:51] [16/455] FNLN
[01:16:52] [17/455] PPDA
[01:16:52] [18/455] SCPT
[01:16:53] [19/455] IAJS
[01:16:54] [20/455] MMZG
[01:16:55] 🔄 Identity reset
[01:16:55] 🔄 Identity rotated (every 10 requests)
[01:16:55] [21/455] MCTI
[01:16:56] [22/455] PPMF
[01:16:58] [23/455] FNSD
[01:16:58] [24/455] M2RH
[01:16:59] [25/455] CPGV
[01:17:01] [26/455] PECD
[01:17:01] [27/455] CTEE
[01:17:02] [28/455] IOMG
[01:17:03] [29/455] CIJA
[01:17:04] [30/455] NYCG
[01:17:04] 🔄 Identity reset
[01:17:04] 🔄 Identity rotated (every 10 requests)
[01:17:05] [31/455] CEST
[01:17:06] [32/455] WVRG
[01:17:07] [33/455] DPDC
[01:17:08] [34/455] PDIV
[01:17:09] [35/455] MTPP
[01:17:10] [36/455] MHNU
[01:17:11] [37/455] WUPG
[01:17:12] [38/455] USCO
[01:17:12] [39/455] INFR
[01:17:13] [40/455] PVPD
[01:17:14] 🔄 Identity reset
[01:17:14] 🔄 Identity rotated (every 10 requests)
[01:17:14] [41/455] RONC
[01:17:15] [42/455] IOCP
[01:17:16] [43/455] EMPS
[01:17:17] [44/455] PNAD
[01:17:17] [45/455] VVGZ
[01:17:18] [46/455] MDDC
[01:17:19] [47/455] MMAP
[01:17:20] [48/455] GPDC
[01:17:21] [49/455] PVPU
[01:17:22] [50/455] DCMV
[01:17:22] 🔄 Identity reset
[01:17:22] 🔄 Identity rotated (every 10 requests)
[01:17:23] [51/455] PCCF
[01:17:23] [52/455] MCEF
[01:17:25] [53/455] INRD
[01:17:26] [54/455] CCPZ
[01:17:27] [55/455] BCWG
[01:17:28] [56/455] PMGU
[01:17:29] [57/455] MCVM
[01:17:30] [58/455] MCDE
[01:17:31] [59/455] IEFM
[01:17:32] [60/455] MXCS
[01:17:32] 🔄 Identity reset
[01:17:32] 🔄 Identity rotated (every 10 requests)
[01:17:33] [61/455] RNMT
[01:17:33] [62/455] PSDD
[01:17:34] [63/455] PETA
[01:17:36] [64/455] IZOP
[01:17:37] [65/455] PDEI
[01:17:38] [66/455] MTND
[01:17:39] [67/455] PCPL
[01:17:41] [68/455] LSCM
[01:17:41] [69/455] BTFD
[01:17:42] [70/455] MERM
[01:17:43] 🔄 Identity reset
[01:17:43] 🔄 Identity rotated (every 10 requests)
[01:17:43] [71/455] PVMS
[01:17:44] [72/455] CIGK
[01:17:45] [73/455] INSG
[01:17:46] [74/455] IDEN
[01:17:46] [75/455] MCGN
[01:17:47] [76/455] IGAM
[01:17:48] [77/455] SLCU
[01:17:50] [78/455] MIMU
[01:17:51] [79/455] QLAC
[01:17:52] [80/455] MENL
[01:17:53] 🔄 Identity reset
[01:17:53] 🔄 Identity rotated (every 10 requests)
[01:17:53] [81/455] SCUR
[01:17:54] [82/455] MDGD
[01:17:55] [83/455] LSRS
[01:17:56] [84/455] KMLG
[01:17:57] [85/455] MKLJ
[01:17:58] [86/455] IBYG
[01:17:59] [87/455] ISML
[01:18:00] [88/455] MJMM
[01:18:01] [89/455] RCGD
[01:18:02] [90/455] MMOC
[01:18:03] 🔄 Identity reset
[01:18:03] 🔄 Identity rotated (every 10 requests)
[01:18:03] [91/455] RRCO
[01:18:04] [92/455] MEDM
[01:18:05] [93/455] MCAZ
[01:18:06] [94/455] STWA
[01:18:07] [95/455] PFFG
[01:18:08] [96/455] GAGC
[01:18:09] [97/455] PMPM
[01:18:10] [98/455] HVCD
[01:18:10] [99/455] AKRF
[01:18:11] [100/455] AKRC
[01:18:12] 🔄 Identity reset
[01:18:12] 🔄 Identity rotated (every 10 requests)
[01:18:12] [101/455] MIDA
[01:18:14] [102/455] MAGX
[01:18:15] [103/455] ESOS
[01:18:16] [104/455] BBCL
[01:18:16] [105/455] LYAS
[01:18:17] [106/455] NRMS
[01:18:18] [107/455] BHUC
[01:18:19] [108/455] SRIC
[01:18:20] [109/455] PDME
[01:18:21] [110/455] MJCS
[01:18:22] 🔄 Identity reset
[01:18:22] 🔄 Identity rotated (every 10 requests)
[01:18:22] [111/455] NRAA
[01:18:23] [112/455] VATA
[01:18:24] [113/455] MNKC
[01:18:25] [114/455] DHCL
[01:18:25] [115/455] JCPC
[01:18:27] [116/455] CTML
[01:18:28] [117/455] RMMR
[01:18:28] [118/455] STTL
[01:18:30] [119/455] CNPS
[01:18:31] [120/455] ACKL
[01:18:31] 🔄 Identity reset
[01:18:31] 🔄 Identity rotated (every 10 requests)
[01:18:32] [121/455] SCAU
[01:18:33] [122/455] RMIA
[01:18:34] [123/455] MANU
[01:18:35] [124/455] ARDC
[01:18:36] [125/455] GLDA
[01:18:37] [126/455] KVSW
[01:18:38] [127/455] CGCA
[01:18:38] [128/455] CMLO
[01:18:39] [129/455] CECB
[01:18:40] [130/455] RCPN
[01:18:41] 🔄 Identity reset
[01:18:41] 🔄 Identity rotated (every 10 requests)
[01:18:41] [131/455] ASMW
[01:18:43] [132/455] PWLM
[01:18:44] [133/455] ASGM
[01:18:45] [134/455] ACWH
[01:18:46] [135/455] AAPW
[01:18:47] [136/455] RTWA
[01:18:47] [137/455] RAMW
[01:18:48] [138/455] VKTR
[01:18:49] [139/455] SMBH
[01:18:50] [140/455] BVDR
[01:18:51] 🔄 Identity reset
[01:18:51] 🔄 Identity rotated (every 10 requests)
[01:18:51] [141/455] MRTP
[01:18:52] [142/455] BLBR
[01:18:53] [143/455] LPIN
[01:18:54] [144/455] SNPC
[01:18:54] [145/455] PDCB
[01:18:55] [146/455] DYPK
[01:18:56] [147/455] INMK
[01:18:57] [148/455] PDCK
[01:18:58] [149/455] PCKR
[01:18:59] [150/455] SHUA
[01:18:59] 🔄 Identity reset
[01:18:59] 🔄 Identity rotated (every 10 requests)
[01:19:00] [151/455] SCVK
[01:19:01] [152/455] STPA
[01:19:02] [153/455] WVHD
[01:19:03] [154/455] MRCH
[01:19:04] [155/455] MCNP
[01:19:06] [156/455] RCAG
[01:19:07] [157/455] JTSN
[01:19:08] [158/455] AANS
[01:19:09] [159/455] GDDR
[01:19:09] [160/455] SRER
[01:19:10] 🔄 Identity reset
[01:19:10] 🔄 Identity rotated (every 10 requests)
[01:19:10] [161/455] JKMA
[01:19:11] [162/455] ARAN
[01:19:12] [163/455] ALCT
[01:19:13] [164/455] CCTA
[01:19:14] [165/455] CNCT
[01:19:14] [166/455] NZBL
[01:19:15] [167/455] SRRA
[01:19:16] [168/455] SVPW
[01:19:18] [169/455] SRTW
[01:19:18] [170/455] XMTD
[01:19:19] 🔄 Identity reset
[01:19:19] 🔄 Identity rotated (every 10 requests)
[01:19:19] [171/455] SCCZ
[01:19:20] [172/455] PBCR
[01:19:21] [173/455] RTSC
[01:19:22] [174/455] TLSV
[01:19:23] [175/455] RMTK
[01:19:24] [176/455] SRAT
[01:19:24] [177/455] GCYC
[01:19:25] [178/455] HCAJ
[01:19:26] [179/455] LCXA
[01:19:27] [180/455] BINT
[01:19:27] 🔄 Identity reset
[01:19:27] 🔄 Identity rotated (every 10 requests)
[01:19:28] [181/455] IXIM
[01:19:29] [182/455] MBCR
[01:19:30] [183/455] BMCJ
[01:19:31] [184/455] NICJ
[01:19:32] [185/455] SCAJ
[01:19:33] [186/455] CMXS
[01:19:34] [187/455] MMSR
[01:19:35] [188/455] PRKT
[01:19:36] [189/455] LPTH
[01:19:36] [190/455] SARP
[01:19:37] 🔄 Identity reset
[01:19:37] 🔄 Identity rotated (every 10 requests)
[01:19:38] [191/455] MNPP
[01:19:39] [192/455] PRLR
[01:19:40] [193/455] RCMW
[01:19:41] [194/455] FCMG
[01:19:41] [195/455] RTNK
[01:19:42] [196/455] LRCP
[01:19:43] [197/455] DBJR
[01:19:44] [198/455] CACN
[01:19:44] [199/455] AMRL
[01:19:45] [200/455] SBBC
[01:19:46] 🔄 Identity reset
[01:19:46] 🔄 Identity rotated (every 10 requests)
[01:19:46] [201/455] VENN
[01:19:47] [202/455] STSS
[01:19:48] [203/455] SMRB
[01:19:49] [204/455] CCMX
[01:19:50] [205/455] KCMR
[01:19:51] [206/455] SALH
[01:19:52] [207/455] CGTT
[01:19:53] [208/455] PMDR
[01:19:54] [209/455] VCPM
[01:19:55] [210/455] RZMX
[01:19:55] 🔄 Identity reset
[01:19:55] 🔄 Identity rotated (every 10 requests)
[01:19:55] [211/455] TMSY
[01:19:56] [212/455] NTMS
[01:19:57] [213/455] VTAG
[01:19:59] [214/455] REMA
[01:19:59] [215/455] NXCC
[01:20:00] [216/455] SKYM
[01:20:01] [217/455] CCMO
[01:20:02] [218/455] DMXM
[01:20:03] [219/455] SPPM
[01:20:04] [220/455] PTKL
[01:20:04] 🔄 Identity reset
[01:20:04] 🔄 Identity rotated (every 10 requests)
[01:20:05] [221/455] SLVO
[01:20:05] [222/455] VASL
[01:20:06] [223/455] CBCM
[01:20:08] [224/455] STMA
[01:20:09] [225/455] LASK
[01:20:09] [226/455] VITE
[01:20:10] [227/455] AAST
[01:20:11] [228/455] JTPT
[01:20:12] [229/455] RRSH
[01:20:13] [230/455] CINL
[01:20:14] 🔄 Identity reset
[01:20:14] 🔄 Identity rotated (every 10 requests)
[01:20:14] [231/455] MCSR
[01:20:15] [232/455] SBCF
[01:20:16] [233/455] GCDU
[01:20:17] [234/455] PSPR
[01:20:18] [235/455] IMMO
[01:20:19] [236/455] CLGM
[01:20:21] [237/455] PBMM
[01:20:22] [238/455] CEHR
[01:20:23] [239/455] CPOE
[01:20:24] [240/455] PGFD
[01:20:24] 🔄 Identity reset
[01:20:24] 🔄 Identity rotated (every 10 requests)
[01:20:25] [241/455] PSLC
[01:20:25] [242/455] MSMD
[01:20:26] [243/455] FMFB
[01:20:27] [244/455] RKCL
[01:20:28] [245/455] PMMC
[01:20:29] [246/455] SKMM
[01:20:30] [247/455] VOIB
[01:20:31] [248/455] KINO
[01:20:32] [249/455] VCTP
[01:20:32] [250/455] PDWR
[01:20:33] 🔄 Identity reset
[01:20:33] 🔄 Identity rotated (every 10 requests)
[01:20:33] [251/455] SAED
[01:20:34] [252/455] SRRT
[01:20:35] [253/455] CVLG
[01:20:35] [254/455] SNGN
[01:20:36] [255/455] SIDA
[01:20:37] [256/455] IMCB
[01:20:38] [257/455] SMHP
[01:20:39] [258/455] GDTY
[01:20:39] [259/455] VYCH
[01:20:40] [260/455] PDYA
[01:20:41] 🔄 Identity reset
[01:20:41] 🔄 Identity rotated (every 10 requests)
[01:20:41] [261/455] RKDO
[01:20:42] [262/455] VECG
[01:20:43] [263/455] NFGD
[01:20:44] [264/455] SNDC
[01:20:45] [265/455] SDJH
[01:20:46] [266/455] HASV
[01:20:47] [267/455] PTYK
[01:20:47] [268/455] MUTB
[01:20:48] [269/455] AMRT
[01:20:49] [270/455] VACD
[01:20:49] 🔄 Identity reset
[01:20:49] 🔄 Identity rotated (every 10 requests)
[01:20:50] [271/455] SKDD
[01:20:51] [272/455] STGR
[01:20:52] [273/455] GDAK
[01:20:53] [274/455] SKHK
[01:20:54] [275/455] SLND
[01:20:55] [276/455] APAP
[01:20:56] [277/455] AYYA
[01:20:56] [278/455] VCCZ
[01:20:57] [279/455] MEML
[01:20:58] [280/455] MAOU
[01:20:58] 🔄 Identity reset
[01:20:58] 🔄 Identity rotated (every 10 requests)
[01:20:59] [281/455] ESND
[01:21:00] [282/455] PTBZ
[01:21:01] [283/455] LBCN
[01:21:02] [284/455] PAWA
[01:21:03] [285/455] ZEIC
[01:21:05] [286/455] CGMM
[01:21:06] [287/455] PJPM
[01:21:06] [288/455] ECMR
[01:21:07] [289/455] SHMZ
[01:21:08] [290/455] STCA
[01:21:09] 🔄 Identity reset
[01:21:09] 🔄 Identity rotated (every 10 requests)
[01:21:09] [291/455] VDRC
[01:21:09] [292/455] SEEM
[01:21:10] [293/455] MKNS
[01:21:11] [294/455] KPPP
[01:21:12] [295/455] CCML
[01:21:13] [296/455] CIBA
[01:21:14] [297/455] NACS
[01:21:14] [298/455] CTMK
[01:21:15] [299/455] CTCT
[01:21:16] [300/455] MCSN
[01:21:17] 🔄 Identity reset
[01:21:17] 🔄 Identity rotated (every 10 requests)
[01:21:17] [301/455] MAXX
[01:21:18] [302/455] MECB
[01:21:19] [303/455] NTBY
[01:21:20] [304/455] UTBI
[01:21:21] [305/455] RADK
[01:21:22] [306/455] STBY
[01:21:23] [307/455] GTBY
[01:21:24] [308/455] RRMB
[01:21:24] [309/455] ABRN
[01:21:25] [310/455] GTSG
[01:21:26] 🔄 Identity reset
[01:21:26] 🔄 Identity rotated (every 10 requests)
[01:21:26] [311/455] GBTG
[01:21:27] [312/455] SBGS
[01:21:28] [313/455] KBPM
[01:21:29] [314/455] SMHT
[01:21:30] [315/455] VTDM
[01:21:30] [316/455] ASCT
[01:21:31] [317/455] AWCT
[01:21:32] [318/455] DCCU
[01:21:33] [319/455] PSCE
[01:21:33] [320/455] KSNY
[01:21:34] 🔄 Identity reset
[01:21:34] 🔄 Identity rotated (every 10 requests)
[01:21:34] [321/455] ACID
[01:21:35] [322/455] LVCD
[01:21:36] [323/455] KSSB
[01:21:37] [324/455] SWTD
[01:21:38] [325/455] RBMR
[01:21:39] [326/455] SCBC
[01:21:40] [327/455] RKME
[01:21:40] [328/455] GALX
[01:21:41] [329/455] GCCH
[01:21:42] [330/455] RATR
[01:21:43] 🔄 Identity reset
[01:21:43] 🔄 Identity rotated (every 10 requests)
[01:21:43] [331/455] GTGA
[01:21:44] [332/455] LTTR
[01:21:45] [333/455] TTAA
[01:21:46] [334/455] TVHP
[01:21:46] [335/455] KVCS
[01:21:47] [336/455] CBMC
[01:21:48] [337/455] MAYJ
[01:21:49] [338/455] INPR
[01:21:50] [339/455] RSSC
[01:21:51] [340/455] PCAN
[01:21:51] 🔄 Identity reset
[01:21:51] 🔄 Identity rotated (every 10 requests)
[01:21:52] [341/455] PVHR
[01:21:52] [342/455] AGSM
[01:21:53] [343/455] PVES
[01:21:54] [344/455] INTO
[01:21:55] [345/455] ACON
[01:21:56] [346/455] PVPZ
[01:21:57] [347/455] PVHC
[01:21:58] [348/455] KSTK
[01:21:59] [349/455] PVSR
[01:22:00] [350/455] ACTN
[01:22:00] 🔄 Identity reset
[01:22:00] 🔄 Identity rotated (every 10 requests)
[01:22:00] [351/455] FMCN
[01:22:01] [352/455] PABC
[01:22:02] [353/455] SUTC
[01:22:03] [354/455] PGMV
[01:22:04] [355/455] GKCP
[01:22:05] [356/455] INCH
[01:22:05] [357/455] MLMT
[01:22:07] [358/455] SSCC
[01:22:09] [359/455] SLMP
[01:22:09] [360/455] VVTN
[01:22:10] 🔄 Identity reset
[01:22:10] 🔄 Identity rotated (every 10 requests)
[01:22:10] [361/455] SBTR
[01:22:11] [362/455] PGRA
[01:22:12] [363/455] PBRM
[01:22:14] [364/455] GCRP
[01:22:15] [365/455] MCSK
[01:22:16] [366/455] NLTC
[01:22:17] [367/455] MTLM
[01:22:18] [368/455] VECT
[01:22:19] [369/455] KMRM
[01:22:20] [370/455] RACM
[01:22:21] 🔄 Identity reset
[01:22:21] 🔄 Identity rotated (every 10 requests)
[01:22:21] [371/455] WSTC
[01:22:22] [372/455] PVTJ
[01:22:23] [373/455] MMKC
[01:22:24] [374/455] SVWT
[01:22:25] [375/455] JOTG
[01:22:26] [376/455] VCDK
[01:22:27] [377/455] ANAC
[01:22:28] [378/455] GRTC
[01:22:28] [379/455] JTPL
[01:22:29] [380/455] VRCP
[01:22:30] 🔄 Identity reset
[01:22:30] 🔄 Identity rotated (every 10 requests)
[01:22:30] [381/455] REMC
[01:22:32] [382/455] ATMG
[01:22:33] [383/455] GAHC
[01:22:34] [384/455] JTMV
[01:22:35] [385/455] OMTT
[01:22:36] [386/455] GKKC
[01:22:37] [387/455] BBPO
[01:22:38] [388/455] ZCBB
[01:22:39] [389/455] DCGO
[01:22:40] [390/455] STOP
[01:22:40] 🔄 Identity reset
[01:22:40] 🔄 Identity rotated (every 10 requests)
[01:22:41] [391/455] BSPC
[01:22:41] [392/455] SOND
[01:22:42] [393/455] GCKG
[01:22:43] [394/455] PCDB
[01:22:44] [395/455] PGRC
[01:22:45] [396/455] CSCT
[01:22:45] [397/455] STDA
[01:22:46] [398/455] JAYD
[01:22:47] [399/455] PPPD
[01:22:48] [400/455] KRTT
[01:22:48] 🔄 Identity reset
[01:22:48] 🔄 Identity rotated (every 10 requests)
[01:22:49] [401/455] PTDT
[01:22:50] [402/455] TRSV
[01:22:50] [403/455] VELR
[01:22:51] [404/455] STDT
[01:22:52] [405/455] SATT
[01:22:53] [406/455] KCPM
[01:22:53] [407/455] MFCP
[01:22:54] [408/455] AXMP
[01:22:55] [409/455] LTVB
[01:22:56] [410/455] APST
[01:22:56] 🔄 Identity reset
[01:22:56] 🔄 Identity rotated (every 10 requests)
[01:22:57] [411/455] DTVP
[01:22:58] [412/455] AAVB
[01:22:58] [413/455] PMBL
[01:22:59] [414/455] STKC
[01:23:00] [415/455] KKMA
[01:23:00] [416/455] NMXS
[01:23:01] [417/455] DECX
[01:23:02] [418/455] MAPJ
[01:23:03] [419/455] SMLK
[01:23:05] [420/455] PMPU
[01:23:05] 🔄 Identity reset
[01:23:05] 🔄 Identity rotated (every 10 requests)
[01:23:06] [421/455] AFST
[01:23:07] [422/455] SRSY
[01:23:08] [423/455] RMKT
[01:23:08] [424/455] RAJX
[01:23:09] [425/455] UVCD
[01:23:10] [426/455] LISA
[01:23:11] [427/455] LMSR
[01:23:12] [428/455] PMCA
[01:23:13] [429/455] INPO
[01:23:14] [430/455] INGO
[01:23:14] 🔄 Identity reset
[01:23:14] 🔄 Identity rotated (every 10 requests)
[01:23:15] [431/455] HFSQ
[01:23:15] [432/455] INMG
[01:23:16] [433/455] NYCP
[01:23:17] [434/455] HFSV
[01:23:18] [435/455] MMZP
[01:23:19] [436/455] KSES
[01:23:20] [437/455] HFSA
[01:23:21] [438/455] ACMM
[01:23:22] [439/455] RCKD
[01:23:22] [440/455] BCKR
[01:23:23] 🔄 Identity reset
[01:23:23] 🔄 Identity rotated (every 10 requests)
[01:23:23] [441/455] SFCO
[01:23:24] [442/455] JCCB
[01:23:25] [443/455] BCCR
[01:23:26] [444/455] NWCB
[01:23:27] [445/455] SAMT
[01:23:28] [446/455] TMST
[01:23:28] [447/455] SJCN
[01:23:29] [448/455] MCBS
[01:23:30] [449/455] CMKR
[01:23:31] [450/455] INPM
[01:23:32] 🔄 Identity reset
[01:23:32] 🔄 Identity rotated (every 10 requests)
[01:23:32] [451/455] WVMT
[01:23:33] [452/455] NYSM
[01:23:34] [453/455] RCMA
[01:23:34] [454/455] RECM
[01:23:35] [455/455] CYCM
[01:23:36] ✅ DONE | Shows=0 | Movies=0
[02:17:08] 🚀 BMS DAILY TRACKER STARTED (enhanced anti‑detection)
[02:17:08] [1/455] MXGN
[02:17:09] 🧠 New identity created
[02:17:09] [2/455] PGGM
[02:17:10] [3/455] IPMJ
[02:17:11] [4/455] M2PP
[02:17:11] [5/455] PMMS
[02:17:12] [6/455] SCJN
[02:17:13] [7/455] CPUM
[02:17:13] [8/455] SCND
[02:17:14] [9/455] INWM
[02:17:15] [10/455] DVDC
[02:17:16] 🔄 Identity reset
[02:17:16] 🔄 Identity rotated (every 10 requests)
[02:17:16] [11/455] WVND
[02:17:17] [12/455] LBDL
[02:17:17] [13/455] CRGM
[02:17:18] [14/455] PVKS
[02:17:19] [15/455] PBLL
[02:17:20] [16/455] FNLN
[02:17:21] [17/455] PPDA
[02:17:22] [18/455] SCPT
[02:17:22] [19/455] IAJS
[02:17:23] [20/455] MMZG
[02:17:23] 🔄 Identity reset
[02:17:23] 🔄 Identity rotated (every 10 requests)
[02:17:23] [21/455] MCTI
[02:17:24] [22/455] PPMF
[02:17:25] [23/455] FNSD
[02:17:26] [24/455] M2RH
[02:17:26] [25/455] CPGV
[02:17:27] [26/455] PECD
[02:17:28] [27/455] CTEE
[02:17:29] [28/455] IOMG
[02:17:29] [29/455] CIJA
[02:17:30] [30/455] NYCG
[02:17:31] 🔄 Identity reset
[02:17:31] 🔄 Identity rotated (every 10 requests)
[02:17:31] [31/455] CEST
[02:17:32] [32/455] WVRG
[02:17:32] [33/455] DPDC
[02:17:33] [34/455] PDIV
[02:17:34] [35/455] MTPP
[02:17:35] [36/455] MHNU
[02:17:35] [37/455] WUPG
[02:17:36] [38/455] USCO
[02:17:37] [39/455] INFR
[02:17:37] [40/455] PVPD
[02:17:38] 🔄 Identity reset
[02:17:38] 🔄 Identity rotated (every 10 requests)
[02:17:38] [41/455] RONC
[02:17:39] [42/455] IOCP
[02:17:41] [43/455] EMPS
[02:17:41] [44/455] PNAD
[02:17:42] [45/455] VVGZ
[02:17:43] [46/455] MDDC
[02:17:43] [47/455] MMAP
[02:17:44] [48/455] GPDC
[02:17:45] [49/455] PVPU
[02:17:45] [50/455] DCMV
[02:17:46] 🔄 Identity reset
[02:17:46] 🔄 Identity rotated (every 10 requests)
[02:17:46] [51/455] PCCF
[02:17:47] [52/455] MCEF
[02:17:48] [53/455] INRD
[02:17:49] [54/455] CCPZ
[02:17:49] [55/455] BCWG
[02:17:50] [56/455] PMGU
[02:17:51] [57/455] MCVM
[02:17:52] [58/455] MCDE
[02:17:53] [59/455] IEFM
[02:17:53] [60/455] MXCS
[02:17:54] 🔄 Identity reset
[02:17:54] 🔄 Identity rotated (every 10 requests)
[02:17:54] [61/455] RNMT
[02:17:55] [62/455] PSDD
[02:17:55] [63/455] PETA
[02:17:56] [64/455] IZOP
[02:17:57] [65/455] PDEI
[02:17:57] [66/455] MTND
[02:17:58] [67/455] PCPL
[02:17:58] [68/455] LSCM
[02:17:59] [69/455] BTFD
[02:18:00] [70/455] MERM
[02:18:00] 🔄 Identity reset
[02:18:01] 🔄 Identity rotated (every 10 requests)
[02:18:01] [71/455] PVMS
[02:18:01] [72/455] CIGK
[02:18:02] [73/455] INSG
[02:18:03] [74/455] IDEN
[02:18:04] [75/455] MCGN
[02:18:04] [76/455] IGAM
[02:18:05] [77/455] SLCU
[02:18:06] [78/455] MIMU
[02:18:07] [79/455] QLAC
[02:18:08] [80/455] MENL
[02:18:09] 🔄 Identity reset
[02:18:09] 🔄 Identity rotated (every 10 requests)
[02:18:09] [81/455] SCUR
[02:18:09] [82/455] MDGD
[02:18:11] [83/455] LSRS
[02:18:12] [84/455] KMLG
[02:18:13] [85/455] MKLJ
[02:18:14] [86/455] IBYG
[02:18:14] [87/455] ISML
[02:18:15] [88/455] MJMM
[02:18:16] [89/455] RCGD
[02:18:17] [90/455] MMOC
[02:18:18] 🔄 Identity reset
[02:18:18] 🔄 Identity rotated (every 10 requests)
[02:18:18] [91/455] RRCO
[02:18:19] [92/455] MEDM
[02:18:19] [93/455] MCAZ
[02:18:20] [94/455] STWA
[02:18:22] [95/455] PFFG
[02:18:23] [96/455] GAGC
[02:18:23] [97/455] PMPM
[02:18:24] [98/455] HVCD
[02:18:25] [99/455] AKRF
[02:18:25] [100/455] AKRC
[02:18:26] 🔄 Identity reset
[02:18:26] 🔄 Identity rotated (every 10 requests)
[02:18:26] [101/455] MIDA
[02:18:27] [102/455] MAGX
[02:18:28] [103/455] ESOS
[02:18:29] [104/455] BBCL
[02:18:29] [105/455] LYAS
[02:18:30] [106/455] NRMS
[02:18:31] [107/455] BHUC
[02:18:32] [108/455] SRIC
[02:18:33] [109/455] PDME
[02:18:33] [110/455] MJCS
[02:18:34] 🔄 Identity reset
[02:18:34] 🔄 Identity rotated (every 10 requests)
[02:18:34] [111/455] NRAA
[02:18:35] [112/455] VATA
[02:18:35] [113/455] MNKC
[02:18:36] [114/455] DHCL
[02:18:37] [115/455] JCPC
[02:18:37] [116/455] CTML
[02:18:38] [117/455] RMMR
[02:18:39] [118/455] STTL
[02:18:40] [119/455] CNPS
[02:18:41] [120/455] ACKL
[02:18:41] 🔄 Identity reset
[02:18:41] 🔄 Identity rotated (every 10 requests)
[02:18:41] [121/455] SCAU
[02:18:42] [122/455] RMIA
[02:18:43] [123/455] MANU
[02:18:44] [124/455] ARDC
[02:18:44] [125/455] GLDA
[02:18:45] [126/455] KVSW
[02:18:46] [127/455] CGCA
[02:18:46] [128/455] CMLO
[02:18:47] [129/455] CECB
[02:18:48] [130/455] RCPN
[02:18:49] 🔄 Identity reset
[02:18:49] 🔄 Identity rotated (every 10 requests)
[02:18:49] [131/455] ASMW
[02:18:50] [132/455] PWLM
[02:18:50] [133/455] ASGM
[02:18:51] [134/455] ACWH
[02:18:52] [135/455] AAPW
[02:18:53] [136/455] RTWA
[02:18:53] [137/455] RAMW
[02:18:54] [138/455] VKTR
[02:18:55] [139/455] SMBH
[02:18:56] [140/455] BVDR
[02:18:56] 🔄 Identity reset
[02:18:56] 🔄 Identity rotated (every 10 requests)
[02:18:57] [141/455] MRTP
[02:18:58] [142/455] BLBR
[02:18:59] [143/455] LPIN
[02:19:00] [144/455] SNPC
[02:19:01] [145/455] PDCB
[02:19:01] [146/455] DYPK
[02:19:02] [147/455] INMK
[02:19:03] [148/455] PDCK
[02:19:04] [149/455] PCKR
[02:19:05] [150/455] SHUA
[02:19:05] 🔄 Identity reset
[02:19:05] 🔄 Identity rotated (every 10 requests)
[02:19:06] [151/455] SCVK
[02:19:06] [152/455] STPA
[02:19:07] [153/455] WVHD
[02:19:07] [154/455] MRCH
[02:19:08] [155/455] MCNP
[02:19:09] [156/455] RCAG
[02:19:09] [157/455] JTSN
[02:19:10] [158/455] AANS
[02:19:11] [159/455] GDDR
[02:19:12] [160/455] SRER
[02:19:12] 🔄 Identity reset
[02:19:12] 🔄 Identity rotated (every 10 requests)
[02:19:12] [161/455] JKMA
[02:19:13] [162/455] ARAN
[02:19:14] [163/455] ALCT
[02:19:15] [164/455] CCTA
[02:19:15] [165/455] CNCT
[02:19:16] [166/455] NZBL
[02:19:17] [167/455] SRRA
[02:19:17] [168/455] SVPW
[02:19:18] [169/455] SRTW
[02:19:19] [170/455] XMTD
[02:19:20] 🔄 Identity reset
[02:19:20] 🔄 Identity rotated (every 10 requests)
[02:19:20] [171/455] SCCZ
[02:19:20] [172/455] PBCR
[02:19:21] [173/455] RTSC
[02:19:22] [174/455] TLSV
[02:19:22] [175/455] RMTK
[02:19:23] [176/455] SRAT
[02:19:24] [177/455] GCYC
[02:19:25] [178/455] HCAJ
[02:19:25] [179/455] LCXA
[02:19:26] [180/455] BINT
[02:19:26] 🔄 Identity reset
[02:19:26] 🔄 Identity rotated (every 10 requests)
[02:19:27] [181/455] IXIM
[02:19:27] [182/455] MBCR
[02:19:28] [183/455] BMCJ
[02:19:29] [184/455] NICJ
[02:19:30] [185/455] SCAJ
[02:19:30] [186/455] CMXS
[02:19:31] [187/455] MMSR
[02:19:32] [188/455] PRKT
[02:19:32] [189/455] LPTH
[02:19:33] [190/455] SARP
[02:19:33] 🔄 Identity reset
[02:19:33] 🔄 Identity rotated (every 10 requests)
[02:19:34] [191/455] MNPP
[02:19:34] [192/455] PRLR
[02:19:35] [193/455] RCMW
[02:19:36] [194/455] FCMG
[02:19:37] [195/455] RTNK
[02:19:38] [196/455] LRCP
[02:19:39] [197/455] DBJR
[02:19:39] [198/455] CACN
[02:19:40] [199/455] AMRL
[02:19:41] [200/455] SBBC
[02:19:41] 🔄 Identity reset
[02:19:41] 🔄 Identity rotated (every 10 requests)
[02:19:42] [201/455] VENN
[02:19:42] [202/455] STSS
[02:19:43] [203/455] SMRB
[02:19:44] [204/455] CCMX
[02:19:44] [205/455] KCMR
[02:19:45] [206/455] SALH
[02:19:46] [207/455] CGTT
[02:19:47] [208/455] PMDR
[02:19:48] [209/455] VCPM
[02:19:48] [210/455] RZMX
[02:19:49] 🔄 Identity reset
[02:19:49] 🔄 Identity rotated (every 10 requests)
[02:19:49] [211/455] TMSY
[02:19:50] [212/455] NTMS
[02:19:51] [213/455] VTAG
[02:19:52] [214/455] REMA
[02:19:53] [215/455] NXCC
[02:19:53] [216/455] SKYM
[02:19:54] [217/455] CCMO
[02:19:55] [218/455] DMXM
[02:19:56] [219/455] SPPM
[02:19:57] [220/455] PTKL
[02:19:58] 🔄 Identity reset
[02:19:58] 🔄 Identity rotated (every 10 requests)
[02:19:58] [221/455] SLVO
[02:19:59] [222/455] VASL
[02:20:00] [223/455] CBCM
[02:20:01] [224/455] STMA
[02:20:02] [225/455] LASK
[02:20:03] [226/455] VITE
[02:20:03] [227/455] AAST
[02:20:04] [228/455] JTPT
[02:20:05] [229/455] RRSH
[02:20:06] [230/455] CINL
[02:20:06] 🔄 Identity reset
[02:20:06] 🔄 Identity rotated (every 10 requests)
[02:20:06] [231/455] MCSR
[02:20:07] [232/455] SBCF
[02:20:08] [233/455] GCDU
[02:20:08] [234/455] PSPR
[02:20:09] [235/455] IMMO
[02:20:10] [236/455] CLGM
[02:20:11] [237/455] PBMM
[02:20:12] [238/455] CEHR
[02:20:12] [239/455] CPOE
[02:20:13] [240/455] PGFD
[02:20:14] 🔄 Identity reset
[02:20:14] 🔄 Identity rotated (every 10 requests)
[02:20:14] [241/455] PSLC
[02:20:15] [242/455] MSMD
[02:20:16] [243/455] FMFB
[02:20:16] [244/455] RKCL
[02:20:17] [245/455] PMMC
[02:20:18] [246/455] SKMM
[02:20:19] [247/455] VOIB
[02:20:21] [248/455] KINO
[02:20:21] [249/455] VCTP
[02:20:22] [250/455] PDWR
[02:20:23] 🔄 Identity reset
[02:20:23] 🔄 Identity rotated (every 10 requests)
[02:20:23] [251/455] SAED
[02:20:24] [252/455] SRRT
[02:20:24] [253/455] CVLG
[02:20:25] [254/455] SNGN
[02:20:26] [255/455] SIDA
[02:20:27] [256/455] IMCB
[02:20:27] [257/455] SMHP
[02:20:28] [258/455] GDTY
[02:20:29] [259/455] VYCH
[02:20:30] [260/455] PDYA
[02:20:30] 🔄 Identity reset
[02:20:30] 🔄 Identity rotated (every 10 requests)
[02:20:31] [261/455] RKDO
[02:20:32] [262/455] VECG
[02:20:33] [263/455] NFGD
[02:20:33] [264/455] SNDC
[02:20:34] [265/455] SDJH
[02:20:35] [266/455] HASV
[02:20:36] [267/455] PTYK
[02:20:36] [268/455] MUTB
[02:20:37] [269/455] AMRT
[02:20:38] [270/455] VACD
[02:20:38] 🔄 Identity reset
[02:20:38] 🔄 Identity rotated (every 10 requests)
[02:20:39] [271/455] SKDD
[02:20:39] [272/455] STGR
[02:20:40] [273/455] GDAK
[02:20:41] [274/455] SKHK
[02:20:41] [275/455] SLND
[02:20:42] [276/455] APAP
[02:20:43] [277/455] AYYA
[02:20:44] [278/455] VCCZ
[02:20:44] [279/455] MEML
[02:20:45] [280/455] MAOU
[02:20:46] 🔄 Identity reset
[02:20:46] 🔄 Identity rotated (every 10 requests)
[02:20:46] [281/455] ESND
[02:20:47] [282/455] PTBZ
[02:20:48] [283/455] LBCN
[02:20:49] [284/455] PAWA
[02:20:51] [285/455] ZEIC
[02:20:52] [286/455] CGMM
[02:20:52] [287/455] PJPM
[02:20:53] [288/455] ECMR
[02:20:54] [289/455] SHMZ
[02:20:54] [290/455] STCA
[02:20:55] 🔄 Identity reset
[02:20:55] 🔄 Identity rotated (every 10 requests)
[02:20:55] [291/455] VDRC
[02:20:56] [292/455] SEEM
[02:20:57] [293/455] MKNS
[02:20:58] [294/455] KPPP
[02:20:58] [295/455] CCML
[02:20:59] [296/455] CIBA
[02:21:00] [297/455] NACS
[02:21:01] [298/455] CTMK
[02:21:02] [299/455] CTCT
[02:21:02] [300/455] MCSN
[02:21:03] 🔄 Identity reset
[02:21:03] 🔄 Identity rotated (every 10 requests)
[02:21:03] [301/455] MAXX
[02:21:05] [302/455] MECB
[02:21:05] [303/455] NTBY
[02:21:06] [304/455] UTBI
[02:21:07] [305/455] RADK
[02:21:07] [306/455] STBY
[02:21:08] [307/455] GTBY
[02:21:09] [308/455] RRMB
[02:21:09] [309/455] ABRN
[02:21:10] [310/455] GTSG
[02:21:11] 🔄 Identity reset
[02:21:11] 🔄 Identity rotated (every 10 requests)
[02:21:11] [311/455] GBTG
[02:21:11] [312/455] SBGS
[02:21:12] [313/455] KBPM
[02:21:14] [314/455] SMHT
[02:21:14] [315/455] VTDM
[02:21:16] [316/455] ASCT
[02:21:16] [317/455] AWCT
[02:21:17] [318/455] DCCU
[02:21:18] [319/455] PSCE
[02:21:18] [320/455] KSNY
[02:21:19] 🔄 Identity reset
[02:21:19] 🔄 Identity rotated (every 10 requests)
[02:21:19] [321/455] ACID
[02:21:20] [322/455] LVCD
[02:21:21] [323/455] KSSB
[02:21:21] [324/455] SWTD
[02:21:22] [325/455] RBMR
[02:21:23] [326/455] SCBC
[02:21:24] [327/455] RKME
[02:21:24] [328/455] GALX
[02:21:25] [329/455] GCCH
[02:21:25] [330/455] RATR
[02:21:26] 🔄 Identity reset
[02:21:26] 🔄 Identity rotated (every 10 requests)
[02:21:26] [331/455] GTGA
[02:21:27] [332/455] LTTR
[02:21:28] [333/455] TTAA
[02:21:28] [334/455] TVHP
[02:21:29] [335/455] KVCS
[02:21:30] [336/455] CBMC
[02:21:31] [337/455] MAYJ
[02:21:31] [338/455] INPR
[02:21:32] [339/455] RSSC
[02:21:33] [340/455] PCAN
[02:21:33] 🔄 Identity reset
[02:21:33] 🔄 Identity rotated (every 10 requests)
[02:21:34] [341/455] PVHR
[02:21:34] [342/455] AGSM
[02:21:35] [343/455] PVES
[02:21:36] [344/455] INTO
[02:21:36] [345/455] ACON
[02:21:37] [346/455] PVPZ
[02:21:38] [347/455] PVHC
[02:21:39] [348/455] KSTK
[02:21:40] [349/455] PVSR
[02:21:40] [350/455] ACTN
[02:21:41] 🔄 Identity reset
[02:21:41] 🔄 Identity rotated (every 10 requests)
[02:21:41] [351/455] FMCN
[02:21:42] [352/455] PABC
[02:21:43] [353/455] SUTC
[02:21:44] [354/455] PGMV
[02:21:44] [355/455] GKCP
[02:21:45] [356/455] INCH
[02:21:46] [357/455] MLMT
[02:21:46] [358/455] SSCC
[02:21:47] [359/455] SLMP
[02:21:48] [360/455] VVTN
[02:21:48] 🔄 Identity reset
[02:21:48] 🔄 Identity rotated (every 10 requests)
[02:21:49] [361/455] SBTR
[02:21:49] [362/455] PGRA
[02:21:50] [363/455] PBRM
[02:21:51] [364/455] GCRP
[02:21:51] [365/455] MCSK
[02:21:52] [366/455] NLTC
[02:21:53] [367/455] MTLM
[02:21:53] [368/455] VECT
[02:21:54] [369/455] KMRM
[02:21:55] [370/455] RACM
[02:21:55] 🔄 Identity reset
[02:21:55] 🔄 Identity rotated (every 10 requests)
[02:21:56] [371/455] WSTC
[02:21:57] [372/455] PVTJ
[02:21:58] [373/455] MMKC
[02:21:58] [374/455] SVWT
[02:21:59] [375/455] JOTG
[02:22:00] [376/455] VCDK
[02:22:00] [377/455] ANAC
[02:22:01] [378/455] GRTC
[02:22:02] [379/455] JTPL
[02:22:03] [380/455] VRCP
[02:22:04] 🔄 Identity reset
[02:22:04] 🔄 Identity rotated (every 10 requests)
[02:22:04] [381/455] REMC
[02:22:05] [382/455] ATMG
[02:22:06] [383/455] GAHC
[02:22:06] [384/455] JTMV
[02:22:07] [385/455] OMTT
[02:22:08] [386/455] GKKC
[02:22:09] [387/455] BBPO
[02:22:09] [388/455] ZCBB
[02:22:10] [389/455] DCGO
[02:22:11] [390/455] STOP
[02:22:11] 🔄 Identity reset
[02:22:11] 🔄 Identity rotated (every 10 requests)
[02:22:12] [391/455] BSPC
[02:22:12] [392/455] SOND
[02:22:13] [393/455] GCKG
[02:22:14] [394/455] PCDB
[02:22:14] [395/455] PGRC
[02:22:15] [396/455] CSCT
[02:22:16] [397/455] STDA
[02:22:16] [398/455] JAYD
[02:22:17] [399/455] PPPD
[02:22:17] [400/455] KRTT
[02:22:18] 🔄 Identity reset
[02:22:18] 🔄 Identity rotated (every 10 requests)
[02:22:18] [401/455] PTDT
[02:22:19] [402/455] TRSV
[02:22:19] [403/455] VELR
[02:22:20] [404/455] STDT
[02:22:21] [405/455] SATT
[02:22:21] [406/455] KCPM
[02:22:22] [407/455] MFCP
[02:22:23] [408/455] AXMP
[02:22:23] [409/455] LTVB
[02:22:24] [410/455] APST
[02:22:25] 🔄 Identity reset
[02:22:25] 🔄 Identity rotated (every 10 requests)
[02:22:25] [411/455] DTVP
[02:22:26] [412/455] AAVB
[02:22:27] [413/455] PMBL
[02:22:28] [414/455] STKC
[02:22:29] [415/455] KKMA
[02:22:30] [416/455] NMXS
[02:22:30] [417/455] DECX
[02:22:31] [418/455] MAPJ
[02:22:32] [419/455] SMLK
[02:22:32] [420/455] PMPU
[02:22:33] 🔄 Identity reset
[02:22:33] 🔄 Identity rotated (every 10 requests)
[02:22:33] [421/455] AFST
[02:22:34] [422/455] SRSY
[02:22:35] [423/455] RMKT
[02:22:35] [424/455] RAJX
[02:22:36] [425/455] UVCD
[02:22:37] [426/455] LISA
[02:22:38] [427/455] LMSR
[02:22:38] [428/455] PMCA
[02:22:39] [429/455] INPO
[02:22:40] [430/455] INGO
[02:22:41] 🔄 Identity reset
[02:22:41] 🔄 Identity rotated (every 10 requests)
[02:22:41] [431/455] HFSQ
[02:22:41] [432/455] INMG
[02:22:42] [433/455] NYCP
[02:22:43] [434/455] HFSV
[02:22:44] [435/455] MMZP
[02:22:44] [436/455] KSES
[02:22:45] [437/455] HFSA
[02:22:46] [438/455] ACMM
[02:22:47] [439/455] RCKD
[02:22:47] [440/455] BCKR
[02:22:48] 🔄 Identity reset
[02:22:48] 🔄 Identity rotated (every 10 requests)
[02:22:48] [441/455] SFCO
[02:22:48] [442/455] JCCB
[02:22:49] [443/455] BCCR
[02:22:50] [444/455] NWCB
[02:22:50] [445/455] SAMT
[02:22:51] [446/455] TMST
[02:22:51] [447/455] SJCN
[02:22:52] [448/455] MCBS
[02:22:53] [449/455] CMKR
[02:22:53] [450/455] INPM
[02:22:54] 🔄 Identity reset
[02:22:54] 🔄 Identity rotated (every 10 requests)
[02:22:54] [451/455] WVMT
[02:22:55] [452/455] NYSM
[02:22:56] [453/455] RCMA
[02:22:56] [454/455] RECM
[02:22:57] [455/455] CYCM
[02:22:58] ✅ DONE | Shows=0 | Movies=0
[03:16:31] 🚀 BMS DAILY TRACKER STARTED (enhanced anti‑detection)
[03:16:31] [1/455] MXGN
[03:16:31] 🧠 New identity created
[03:16:32] [2/455] PGGM
[03:16:33] [3/455] IPMJ
[03:16:33] [4/455] M2PP
[03:16:34] [5/455] PMMS
[03:16:35] [6/455] SCJN
[03:16:36] [7/455] CPUM
[03:16:36] [8/455] SCND
[03:16:37] [9/455] INWM
[03:16:39] [10/455] DVDC
[03:16:39] 🔄 Identity reset
[03:16:39] 🔄 Identity rotated (every 10 requests)
[03:16:40] [11/455] WVND
[03:16:41] [12/455] LBDL
[03:16:42] [13/455] CRGM
[03:16:43] [14/455] PVKS
[03:16:44] [15/455] PBLL
[03:16:45] [16/455] FNLN
[03:16:46] [17/455] PPDA
[03:16:47] [18/455] SCPT
[03:16:47] [19/455] IAJS
[03:16:48] [20/455] MMZG
[03:16:49] 🔄 Identity reset
[03:16:49] 🔄 Identity rotated (every 10 requests)
[03:16:49] [21/455] MCTI
[03:16:50] [22/455] PPMF
[03:16:51] [23/455] FNSD
[03:16:52] [24/455] M2RH
[03:16:52] [25/455] CPGV
[03:16:53] [26/455] PECD
[03:16:54] [27/455] CTEE
[03:16:55] [28/455] IOMG
[03:16:55] [29/455] CIJA
[03:16:57] [30/455] NYCG
[03:16:58] 🔄 Identity reset
[03:16:58] 🔄 Identity rotated (every 10 requests)
[03:16:58] [31/455] CEST
[03:16:58] [32/455] WVRG
[03:16:59] [33/455] DPDC
[03:17:00] [34/455] PDIV
[03:17:01] [35/455] MTPP
[03:17:01] [36/455] MHNU
[03:17:02] [37/455] WUPG
[03:17:03] [38/455] USCO
[03:17:04] [39/455] INFR
[03:17:05] [40/455] PVPD
[03:17:05] 🔄 Identity reset
[03:17:05] 🔄 Identity rotated (every 10 requests)
[03:17:06] [41/455] RONC
[03:17:06] [42/455] IOCP
[03:17:07] [43/455] EMPS
[03:17:09] [44/455] PNAD
[03:17:10] [45/455] VVGZ
[03:17:10] [46/455] MDDC
[03:17:11] [47/455] MMAP
[03:17:12] [48/455] GPDC
[03:17:13] [49/455] PVPU
[03:17:13] [50/455] DCMV
[03:17:14] 🔄 Identity reset
[03:17:14] 🔄 Identity rotated (every 10 requests)
[03:17:14] [51/455] PCCF
[03:17:15] [52/455] MCEF
[03:17:16] [53/455] INRD
[03:17:17] [54/455] CCPZ
[03:17:18] [55/455] BCWG
[03:17:19] [56/455] PMGU
[03:17:20] [57/455] MCVM
[03:17:21] [58/455] MCDE
[03:17:23] [59/455] IEFM
[03:17:23] [60/455] MXCS
[03:17:24] 🔄 Identity reset
[03:17:24] 🔄 Identity rotated (every 10 requests)
[03:17:24] [61/455] RNMT
[03:17:25] [62/455] PSDD
[03:17:26] [63/455] PETA
[03:17:27] [64/455] IZOP
[03:17:28] [65/455] PDEI
[03:17:28] [66/455] MTND
[03:17:29] [67/455] PCPL
[03:17:30] [68/455] LSCM
[03:17:31] [69/455] BTFD
[03:17:32] [70/455] MERM
[03:17:32] 🔄 Identity reset
[03:17:32] 🔄 Identity rotated (every 10 requests)
[03:17:32] 🔄 Retry 1/5 for MERM in 2.9s
[03:17:32] 🔄 Identity reset
[03:17:35] 🧠 New identity created
[03:17:36] [71/455] PVMS
[03:17:37] [72/455] CIGK
[03:17:37] [73/455] INSG
[03:17:38] [74/455] IDEN
[03:17:39] [75/455] MCGN
[03:17:39] [76/455] IGAM
[03:17:40] [77/455] SLCU
[03:17:42] [78/455] MIMU
[03:17:43] [79/455] QLAC
[03:17:43] 🔄 Identity reset
[03:17:43] 🔄 Identity rotated (every 10 requests)
[03:17:43] 🔄 Retry 1/5 for QLAC in 2.7s
[03:17:43] 🔄 Identity reset
[03:17:46] 🧠 New identity created
[03:17:47] [80/455] MENL
[03:17:47] [81/455] SCUR
[03:17:48] [82/455] MDGD
[03:17:49] [83/455] LSRS
[03:17:50] [84/455] KMLG
[03:17:51] [85/455] MKLJ
[03:17:53] [86/455] IBYG
[03:17:53] [87/455] ISML
[03:17:54] [88/455] MJMM
[03:17:55] 🔄 Identity reset
[03:17:55] 🔄 Identity rotated (every 10 requests)
[03:17:55] [89/455] RCGD
[03:17:56] [90/455] MMOC
[03:17:57] [91/455] RRCO
[03:17:58] [92/455] MEDM
[03:17:59] [93/455] MCAZ
[03:18:00] [94/455] STWA
[03:18:01] [95/455] PFFG
[03:18:02] [96/455] GAGC
[03:18:03] [97/455] PMPM
[03:18:04] [98/455] HVCD
[03:18:04] 🔄 Identity reset
[03:18:04] 🔄 Identity rotated (every 10 requests)
[03:18:04] [99/455] AKRF
[03:18:06] [100/455] AKRC
[03:18:08] [101/455] MIDA
[03:18:09] [102/455] MAGX
[03:18:10] [103/455] ESOS
[03:18:12] [104/455] BBCL
[03:18:13] [105/455] LYAS
[03:18:13] [106/455] NRMS
[03:18:14] [107/455] BHUC
[03:18:15] [108/455] SRIC
[03:18:16] 🔄 Identity reset
[03:18:16] 🔄 Identity rotated (every 10 requests)
[03:18:16] [109/455] PDME
[03:18:16] [110/455] MJCS
[03:18:17] [111/455] NRAA
[03:18:18] [112/455] VATA
[03:18:18] [113/455] MNKC
[03:18:19] [114/455] DHCL
[03:18:20] [115/455] JCPC
[03:18:22] [116/455] CTML
[03:18:23] [117/455] RMMR
[03:18:23] [118/455] STTL
[03:18:24] 🔄 Identity reset
[03:18:24] 🔄 Identity rotated (every 10 requests)
[03:18:25] [119/455] CNPS
[03:18:26] [120/455] ACKL
[03:18:27] [121/455] SCAU
[03:18:28] [122/455] RMIA
[03:18:29] [123/455] MANU
[03:18:30] [124/455] ARDC
[03:18:31] [125/455] GLDA
[03:18:31] [126/455] KVSW
[03:18:32] [127/455] CGCA
[03:18:34] [128/455] CMLO
[03:18:34] 🔄 Identity reset
[03:18:34] 🔄 Identity rotated (every 10 requests)
[03:18:35] [129/455] CECB
[03:18:36] [130/455] RCPN
[03:18:37] [131/455] ASMW
[03:18:39] [132/455] PWLM
[03:18:40] [133/455] ASGM
[03:18:40] [134/455] ACWH
[03:18:41] [135/455] AAPW
[03:18:42] [136/455] RTWA
[03:18:44] [137/455] RAMW
[03:18:45] [138/455] VKTR
[03:18:45] 🔄 Identity reset
[03:18:45] 🔄 Identity rotated (every 10 requests)
[03:18:45] [139/455] SMBH
[03:18:46] [140/455] BVDR
[03:18:47] [141/455] MRTP
[03:18:48] [142/455] BLBR
[03:18:49] [143/455] LPIN
[03:18:50] [144/455] SNPC
[03:18:50] [145/455] PDCB
[03:18:51] [146/455] DYPK
[03:18:52] [147/455] INMK
[03:18:53] [148/455] PDCK
[03:18:54] 🔄 Identity reset
[03:18:54] 🔄 Identity rotated (every 10 requests)
[03:18:54] [149/455] PCKR
[03:18:55] [150/455] SHUA
[03:18:56] [151/455] SCVK
[03:18:57] [152/455] STPA
[03:18:58] [153/455] WVHD
[03:18:59] [154/455] MRCH
[03:18:59] [155/455] MCNP
[03:19:00] [156/455] RCAG
[03:19:01] [157/455] JTSN
[03:19:01] [158/455] AANS
[03:19:02] 🔄 Identity reset
[03:19:02] 🔄 Identity rotated (every 10 requests)
[03:19:02] [159/455] GDDR
[03:19:03] [160/455] SRER
[03:19:04] [161/455] JKMA
[03:19:05] [162/455] ARAN
[03:19:06] [163/455] ALCT
[03:19:07] [164/455] CCTA
[03:19:08] [165/455] CNCT
[03:19:08] [166/455] NZBL
[03:19:09] [167/455] SRRA
[03:19:10] [168/455] SVPW
[03:19:10] 🔄 Identity reset
[03:19:10] 🔄 Identity rotated (every 10 requests)
[03:19:11] [169/455] SRTW
[03:19:12] [170/455] XMTD
[03:19:12] [171/455] SCCZ
[03:19:13] [172/455] PBCR
[03:19:14] [173/455] RTSC
[03:19:15] [174/455] TLSV
[03:19:15] [175/455] RMTK
[03:19:17] [176/455] SRAT
[03:19:18] [177/455] GCYC
[03:19:18] [178/455] HCAJ
[03:19:19] 🔄 Identity reset
[03:19:19] 🔄 Identity rotated (every 10 requests)
[03:19:19] [179/455] LCXA
[03:19:20] [180/455] BINT
[03:19:21] [181/455] IXIM
[03:19:21] [182/455] MBCR
[03:19:22] [183/455] BMCJ
[03:19:24] [184/455] NICJ
[03:19:24] [185/455] SCAJ
[03:19:25] [186/455] CMXS
[03:19:26] [187/455] MMSR
[03:19:27] [188/455] PRKT
[03:19:27] 🔄 Identity reset
[03:19:27] 🔄 Identity rotated (every 10 requests)
[03:19:27] [189/455] LPTH
[03:19:28] [190/455] SARP
[03:19:29] [191/455] MNPP
[03:19:30] [192/455] PRLR
[03:19:30] [193/455] RCMW
[03:19:31] [194/455] FCMG
[03:19:32] [195/455] RTNK
[03:19:32] [196/455] LRCP
[03:19:33] [197/455] DBJR
[03:19:34] [198/455] CACN
[03:19:34] 🔄 Identity reset
[03:19:34] 🔄 Identity rotated (every 10 requests)
[03:19:35] 🔄 Retry 1/5 for CACN in 2.5s
[03:19:35] 🔄 Identity reset
[03:19:37] 🧠 New identity created
[03:19:37] [199/455] AMRL
[03:19:38] [200/455] SBBC
[03:19:39] [201/455] VENN
[03:19:40] [202/455] STSS
[03:19:41] [203/455] SMRB
[03:19:42] [204/455] CCMX
[03:19:43] [205/455] KCMR
[03:19:44] [206/455] SALH
[03:19:45] [207/455] CGTT
[03:19:46] 🔄 Identity reset
[03:19:46] 🔄 Identity rotated (every 10 requests)
[03:19:46] [208/455] PMDR
[03:19:47] [209/455] VCPM
[03:19:48] [210/455] RZMX
[03:19:49] [211/455] TMSY
[03:19:50] [212/455] NTMS
[03:19:51] [213/455] VTAG
[03:19:52] [214/455] REMA
[03:19:52] [215/455] NXCC
[03:19:53] [216/455] SKYM
[03:19:54] [217/455] CCMO
[03:19:55] 🔄 Identity reset
[03:19:55] 🔄 Identity rotated (every 10 requests)
[03:19:56] [218/455] DMXM
[03:19:58] [219/455] SPPM
[03:19:58] [220/455] PTKL
[03:19:59] [221/455] SLVO
[03:20:01] [222/455] VASL
[03:20:02] [223/455] CBCM
[03:20:03] [224/455] STMA
[03:20:04] [225/455] LASK
[03:20:05] [226/455] VITE
[03:20:06] [227/455] AAST
[03:20:06] 🔄 Identity reset
[03:20:06] 🔄 Identity rotated (every 10 requests)
[03:20:07] [228/455] JTPT
[03:20:07] [229/455] RRSH
[03:20:08] [230/455] CINL
[03:20:09] [231/455] MCSR
[03:20:09] [232/455] SBCF
[03:20:10] [233/455] GCDU
[03:20:11] [234/455] PSPR
[03:20:12] [235/455] IMMO
[03:20:12] [236/455] CLGM
[03:20:13] [237/455] PBMM
[03:20:14] 🔄 Identity reset
[03:20:14] 🔄 Identity rotated (every 10 requests)
[03:20:14] [238/455] CEHR
[03:20:15] [239/455] CPOE
[03:20:16] [240/455] PGFD
[03:20:17] [241/455] PSLC
[03:20:18] [242/455] MSMD
[03:20:19] [243/455] FMFB
[03:20:20] [244/455] RKCL
[03:20:21] [245/455] PMMC
[03:20:22] [246/455] SKMM
[03:20:22] [247/455] VOIB
[03:20:23] 🔄 Identity reset
[03:20:23] 🔄 Identity rotated (every 10 requests)
[03:20:23] [248/455] KINO
[03:20:24] [249/455] VCTP
[03:20:25] [250/455] PDWR
[03:20:26] [251/455] SAED
[03:20:27] [252/455] SRRT
[03:20:27] [253/455] CVLG
[03:20:28] [254/455] SNGN
[03:20:30] [255/455] SIDA
[03:20:31] [256/455] IMCB
[03:20:32] [257/455] SMHP
[03:20:32] 🔄 Identity reset
[03:20:32] 🔄 Identity rotated (every 10 requests)
[03:20:33] [258/455] GDTY
[03:20:34] [259/455] VYCH
[03:20:34] [260/455] PDYA
[03:20:36] [261/455] RKDO
[03:20:37] [262/455] VECG
[03:20:38] [263/455] NFGD
[03:20:39] [264/455] SNDC
[03:20:40] [265/455] SDJH
[03:20:41] [266/455] HASV
[03:20:42] [267/455] PTYK
[03:20:42] 🔄 Identity reset
[03:20:42] 🔄 Identity rotated (every 10 requests)
[03:20:43] [268/455] MUTB
[03:20:43] [269/455] AMRT
[03:20:44] [270/455] VACD
[03:20:45] [271/455] SKDD
[03:20:46] [272/455] STGR
[03:20:47] [273/455] GDAK
[03:20:47] [274/455] SKHK
[03:20:48] [275/455] SLND
[03:20:49] [276/455] APAP
[03:20:50] [277/455] AYYA
[03:20:50] 🔄 Identity reset
[03:20:50] 🔄 Identity rotated (every 10 requests)
[03:20:51] [278/455] VCCZ
[03:20:52] [279/455] MEML
[03:20:53] [280/455] MAOU
[03:20:54] [281/455] ESND
[03:20:54] [282/455] PTBZ
[03:20:56] [283/455] LBCN
[03:20:57] [284/455] PAWA
[03:20:58] [285/455] ZEIC
[03:20:59] [286/455] CGMM
[03:21:00] [287/455] PJPM
[03:21:00] 🔄 Identity reset
[03:21:00] 🔄 Identity rotated (every 10 requests)
[03:21:01] [288/455] ECMR
[03:21:02] [289/455] SHMZ
[03:21:03] [290/455] STCA
[03:21:04] [291/455] VDRC
[03:21:04] [292/455] SEEM
[03:21:05] [293/455] MKNS
[03:21:07] [294/455] KPPP
[03:21:07] [295/455] CCML
[03:21:09] [296/455] CIBA
[03:21:10] [297/455] NACS
[03:21:10] 🔄 Identity reset
[03:21:10] 🔄 Identity rotated (every 10 requests)
[03:21:11] [298/455] CTMK
[03:21:11] [299/455] CTCT
[03:21:12] [300/455] MCSN
[03:21:13] [301/455] MAXX
[03:21:13] [302/455] MECB
[03:21:15] [303/455] NTBY
[03:21:16] [304/455] UTBI
[03:21:16] [305/455] RADK
[03:21:17] [306/455] STBY
[03:21:18] [307/455] GTBY
[03:21:19] 🔄 Identity reset
[03:21:19] 🔄 Identity rotated (every 10 requests)
[03:21:19] 🔄 Retry 1/5 for GTBY in 2.8s
[03:21:19] 🔄 Identity reset
[03:21:21] 🧠 New identity created
[03:21:22] [308/455] RRMB
[03:21:23] [309/455] ABRN
[03:21:23] [310/455] GTSG
[03:21:24] [311/455] GBTG
[03:21:25] [312/455] SBGS
[03:21:26] [313/455] KBPM
[03:21:27] [314/455] SMHT
[03:21:28] [315/455] VTDM
[03:21:29] [316/455] ASCT
[03:21:30] 🔄 Identity reset
[03:21:30] 🔄 Identity rotated (every 10 requests)
[03:21:30] [317/455] AWCT
[03:21:31] [318/455] DCCU
[03:21:32] [319/455] PSCE
[03:21:32] [320/455] KSNY
[03:21:33] [321/455] ACID
[03:21:34] [322/455] LVCD
[03:21:36] [323/455] KSSB
[03:21:36] [324/455] SWTD
[03:21:37] [325/455] RBMR
[03:21:38] [326/455] SCBC
[03:21:38] 🔄 Identity reset
[03:21:38] 🔄 Identity rotated (every 10 requests)
[03:21:39] [327/455] RKME
[03:21:40] [328/455] GALX
[03:21:41] [329/455] GCCH
[03:21:42] [330/455] RATR
[03:21:43] [331/455] GTGA
[03:21:44] [332/455] LTTR
[03:21:45] [333/455] TTAA
[03:21:46] [334/455] TVHP
[03:21:47] [335/455] KVCS
[03:21:47] [336/455] CBMC
[03:21:48] 🔄 Identity reset
[03:21:48] 🔄 Identity rotated (every 10 requests)
[03:21:48] [337/455] MAYJ
[03:21:49] [338/455] INPR
[03:21:50] [339/455] RSSC
[03:21:51] [340/455] PCAN
[03:21:51] [341/455] PVHR
[03:21:52] [342/455] AGSM
[03:21:53] [343/455] PVES
[03:21:54] [344/455] INTO
[03:21:55] [345/455] ACON
[03:21:55] [346/455] PVPZ
[03:21:56] 🔄 Identity reset
[03:21:56] 🔄 Identity rotated (every 10 requests)
[03:21:57] [347/455] PVHC
[03:21:57] [348/455] KSTK
[03:21:58] [349/455] PVSR
[03:21:59] [350/455] ACTN
[03:21:59] [351/455] FMCN
[03:22:01] [352/455] PABC
[03:22:03] [353/455] SUTC
[03:22:03] [354/455] PGMV
[03:22:04] [355/455] GKCP
[03:22:05] [356/455] INCH
[03:22:05] 🔄 Identity reset
[03:22:05] 🔄 Identity rotated (every 10 requests)
[03:22:06] [357/455] MLMT
[03:22:07] [358/455] SSCC
[03:22:08] [359/455] SLMP
[03:22:08] [360/455] VVTN
[03:22:10] [361/455] SBTR
[03:22:11] [362/455] PGRA
[03:22:11] [363/455] PBRM
[03:22:12] [364/455] GCRP
[03:22:13] [365/455] MCSK
[03:22:13] [366/455] NLTC
[03:22:14] 🔄 Identity reset
[03:22:14] 🔄 Identity rotated (every 10 requests)
[03:22:14] [367/455] MTLM
[03:22:16] [368/455] VECT
[03:22:16] [369/455] KMRM
[03:22:17] [370/455] RACM
[03:22:18] [371/455] WSTC
[03:22:19] [372/455] PVTJ
[03:22:20] [373/455] MMKC
[03:22:20] [374/455] SVWT
[03:22:22] [375/455] JOTG
[03:22:22] [376/455] VCDK
[03:22:23] 🔄 Identity reset
[03:22:23] 🔄 Identity rotated (every 10 requests)
[03:22:23] [377/455] ANAC
[03:22:24] [378/455] GRTC
[03:22:25] [379/455] JTPL
[03:22:26] [380/455] VRCP
[03:22:26] [381/455] REMC
[03:22:27] [382/455] ATMG
[03:22:28] [383/455] GAHC
[03:22:28] [384/455] JTMV
[03:22:29] [385/455] OMTT
[03:22:31] [386/455] GKKC
[03:22:32] 🔄 Identity reset
[03:22:32] 🔄 Identity rotated (every 10 requests)
[03:22:32] [387/455] BBPO
[03:22:33] [388/455] ZCBB
[03:22:33] [389/455] DCGO
[03:22:35] [390/455] STOP
[03:22:36] [391/455] BSPC
[03:22:36] [392/455] SOND
[03:22:37] [393/455] GCKG
[03:22:38] [394/455] PCDB
[03:22:39] [395/455] PGRC
[03:22:40] [396/455] CSCT
[03:22:40] 🔄 Identity reset
[03:22:40] 🔄 Identity rotated (every 10 requests)
[03:22:40] [397/455] STDA
[03:22:41] [398/455] JAYD
[03:22:42] [399/455] PPPD
[03:22:43] [400/455] KRTT
[03:22:43] [401/455] PTDT
[03:22:44] [402/455] TRSV
[03:22:45] [403/455] VELR
[03:22:45] [404/455] STDT
[03:22:46] [405/455] SATT
[03:22:47] [406/455] KCPM
[03:22:47] 🔄 Identity reset
[03:22:47] 🔄 Identity rotated (every 10 requests)
[03:22:47] [407/455] MFCP
[03:22:49] [408/455] AXMP
[03:22:50] [409/455] LTVB
[03:22:50] [410/455] APST
[03:22:52] [411/455] DTVP
[03:22:53] [412/455] AAVB
[03:22:54] [413/455] PMBL
[03:22:55] [414/455] STKC
[03:22:56] [415/455] KKMA
[03:22:57] [416/455] NMXS
[03:22:57] 🔄 Identity reset
[03:22:57] 🔄 Identity rotated (every 10 requests)
[03:22:57] [417/455] DECX
[03:22:58] [418/455] MAPJ
[03:22:59] [419/455] SMLK
[03:22:59] [420/455] PMPU
[03:23:00] [421/455] AFST
[03:23:02] [422/455] SRSY
[03:23:04] [423/455] RMKT
[03:23:04] [424/455] RAJX
[03:23:05] [425/455] UVCD
[03:23:06] [426/455] LISA
[03:23:07] 🔄 Identity reset
[03:23:07] 🔄 Identity rotated (every 10 requests)
[03:23:08] [427/455] LMSR
[03:23:08] [428/455] PMCA
[03:23:09] [429/455] INPO
[03:23:10] [430/455] INGO
[03:23:11] [431/455] HFSQ
[03:23:11] [432/455] INMG
[03:23:12] [433/455] NYCP
[03:23:14] [434/455] HFSV
[03:23:14] [435/455] MMZP
[03:23:15] [436/455] KSES
[03:23:16] 🔄 Identity reset
[03:23:16] 🔄 Identity rotated (every 10 requests)
[03:23:16] 🔄 Retry 1/5 for KSES in 2.4s
[03:23:16] 🔄 Identity reset
[03:23:18] 🧠 New identity created
[03:23:18] [437/455] HFSA
[03:23:19] [438/455] ACMM
[03:23:21] [439/455] RCKD
[03:23:21] [440/455] BCKR
[03:23:22] [441/455] SFCO
[03:23:23] [442/455] JCCB
[03:23:24] [443/455] BCCR
[03:23:24] [444/455] NWCB
[03:23:25] [445/455] SAMT
[03:23:26] 🔄 Identity reset
[03:23:26] 🔄 Identity rotated (every 10 requests)
[03:23:26] [446/455] TMST
[03:23:27] [447/455] SJCN
[03:23:28] [448/455] MCBS
[03:23:29] [449/455] CMKR
[03:23:31] [450/455] INPM
[03:23:32] [451/455] WVMT
[03:23:33] [452/455] NYSM
[03:23:34] [453/455] RCMA
[03:23:34] [454/455] RECM
[03:23:35] [455/455] CYCM
[03:23:36] 🔄 Identity reset
[03:23:36] 🔄 Identity rotated (every 10 requests)
[03:23:36] ✅ DONE | Shows=0 | Movies=0
[04:16:38] 🚀 BMS DAILY TRACKER STARTED (enhanced anti‑detection)
[04:16:38] [1/455] MXGN
[04:16:39] 🧠 New identity created
[04:16:40] [2/455] PGGM
[04:16:41] [3/455] IPMJ
[04:16:42] [4/455] M2PP
[04:16:43] [5/455] PMMS
[04:16:43] [6/455] SCJN
[04:16:44] [7/455] CPUM
[04:16:45] [8/455] SCND
[04:16:46] [9/455] INWM
[04:16:47] [10/455] DVDC
[04:16:47] 🔄 Identity reset
[04:16:47] 🔄 Identity rotated (every 10 requests)
[04:16:48] [11/455] WVND
[04:16:49] [12/455] LBDL
[04:16:50] [13/455] CRGM
[04:16:51] [14/455] PVKS
[04:16:52] [15/455] PBLL
[04:16:53] [16/455] FNLN
[04:16:53] [17/455] PPDA
[04:16:55] [18/455] SCPT
[04:16:56] [19/455] IAJS
[04:16:57] [20/455] MMZG
[04:16:57] 🔄 Identity reset
[04:16:57] 🔄 Identity rotated (every 10 requests)
[04:16:58] [21/455] MCTI
[04:17:00] [22/455] PPMF
[04:17:00] [23/455] FNSD
[04:17:01] [24/455] M2RH
[04:17:03] [25/455] CPGV
[04:17:05] [26/455] PECD
[04:17:06] [27/455] CTEE
[04:17:07] [28/455] IOMG
[04:17:08] [29/455] CIJA
[04:17:10] [30/455] NYCG
[04:17:11] 🔄 Identity reset
[04:17:11] 🔄 Identity rotated (every 10 requests)
[04:17:11] [31/455] CEST
[04:17:12] [32/455] WVRG
[04:17:12] [33/455] DPDC
[04:17:13] [34/455] PDIV
[04:17:14] [35/455] MTPP
[04:17:15] [36/455] MHNU
[04:17:16] [37/455] WUPG
[04:17:16] [38/455] USCO
[04:17:17] [39/455] INFR
[04:17:18] [40/455] PVPD
[04:17:18] 🔄 Identity reset
[04:17:18] 🔄 Identity rotated (every 10 requests)
[04:17:19] [41/455] RONC
[04:17:20] [42/455] IOCP
[04:17:22] [43/455] EMPS
[04:17:23] [44/455] PNAD
[04:17:23] [45/455] VVGZ
[04:17:24] [46/455] MDDC
[04:17:26] [47/455] MMAP
[04:17:27] [48/455] GPDC
[04:17:28] [49/455] PVPU
[04:17:29] [50/455] DCMV
[04:17:29] 🔄 Identity reset
[04:17:29] 🔄 Identity rotated (every 10 requests)
[04:17:30] [51/455] PCCF
[04:17:31] [52/455] MCEF
[04:17:32] [53/455] INRD
[04:17:32] [54/455] CCPZ
[04:17:33] [55/455] BCWG
[04:17:34] [56/455] PMGU
[04:17:35] [57/455] MCVM
[04:17:36] [58/455] MCDE
[04:17:36] [59/455] IEFM
[04:17:37] [60/455] MXCS
[04:17:38] 🔄 Identity reset
[04:17:38] 🔄 Identity rotated (every 10 requests)
[04:17:38] [61/455] RNMT
[04:17:39] [62/455] PSDD
[04:17:40] [63/455] PETA
[04:17:41] [64/455] IZOP
[04:17:42] [65/455] PDEI
[04:17:43] [66/455] MTND
[04:17:45] [67/455] PCPL
[04:17:46] [68/455] LSCM
[04:17:47] [69/455] BTFD
[04:17:48] [70/455] MERM
[04:17:48] 🔄 Identity reset
[04:17:48] 🔄 Identity rotated (every 10 requests)
[04:17:49] [71/455] PVMS
[04:17:50] [72/455] CIGK
[04:17:51] [73/455] INSG
[04:17:52] [74/455] IDEN
[04:17:53] [75/455] MCGN
[04:17:54] [76/455] IGAM
[04:17:54] [77/455] SLCU
[04:17:56] [78/455] MIMU
[04:17:57] [79/455] QLAC
[04:17:58] [80/455] MENL
[04:17:59] 🔄 Identity reset
[04:17:59] 🔄 Identity rotated (every 10 requests)
[04:17:59] [81/455] SCUR
[04:18:00] [82/455] MDGD
[04:18:00] [83/455] LSRS
[04:18:01] [84/455] KMLG
[04:18:02] [85/455] MKLJ
[04:18:03] [86/455] IBYG
[04:18:05] [87/455] ISML
[04:18:05] [88/455] MJMM
[04:18:07] [89/455] RCGD
[04:18:08] [90/455] MMOC
[04:18:08] 🔄 Identity reset
[04:18:08] 🔄 Identity rotated (every 10 requests)
[04:18:09] [91/455] RRCO
[04:18:10] [92/455] MEDM
[04:18:11] [93/455] MCAZ
[04:18:12] [94/455] STWA
[04:18:13] [95/455] PFFG
[04:18:14] [96/455] GAGC
[04:18:15] [97/455] PMPM
[04:18:16] [98/455] HVCD
[04:18:16] [99/455] AKRF
[04:18:17] [100/455] AKRC
[04:18:18] 🔄 Identity reset
[04:18:18] 🔄 Identity rotated (every 10 requests)
[04:18:18] [101/455] MIDA
[04:18:19] [102/455] MAGX
[04:18:20] [103/455] ESOS
[04:18:21] [104/455] BBCL
[04:18:21] [105/455] LYAS
[04:18:23] [106/455] NRMS
[04:18:24] [107/455] BHUC
[04:18:25] [108/455] SRIC
[04:18:26] [109/455] PDME
[04:18:26] [110/455] MJCS
[04:18:27] 🔄 Identity reset
[04:18:27] 🔄 Identity rotated (every 10 requests)
[04:18:27] [111/455] NRAA
[04:18:28] [112/455] VATA
[04:18:30] [113/455] MNKC
[04:18:30] [114/455] DHCL
[04:18:31] [115/455] JCPC
[04:18:32] [116/455] CTML
[04:18:33] [117/455] RMMR
[04:18:33] [118/455] STTL
[04:18:35] [119/455] CNPS
[04:18:35] [120/455] ACKL
[04:18:36] 🔄 Identity reset
[04:18:36] 🔄 Identity rotated (every 10 requests)
[04:18:36] [121/455] SCAU
[04:18:38] [122/455] RMIA
[04:18:39] [123/455] MANU
[04:18:40] [124/455] ARDC
[04:18:42] [125/455] GLDA
[04:18:42] [126/455] KVSW
[04:18:44] [127/455] CGCA
[04:18:44] [128/455] CMLO
[04:18:45] [129/455] CECB
[04:18:46] [130/455] RCPN
[04:18:46] 🔄 Identity reset
[04:18:46] 🔄 Identity rotated (every 10 requests)
[04:18:47] [131/455] ASMW
[04:18:48] [132/455] PWLM
[04:18:49] [133/455] ASGM
[04:18:50] [134/455] ACWH
[04:18:50] [135/455] AAPW
[04:18:51] [136/455] RTWA
[04:18:52] [137/455] RAMW
[04:18:53] [138/455] VKTR
[04:18:54] [139/455] SMBH
[04:18:55] [140/455] BVDR
[04:18:56] 🔄 Identity reset
[04:18:56] 🔄 Identity rotated (every 10 requests)
[04:18:57] [141/455] MRTP
[04:18:58] [142/455] BLBR
[04:18:59] [143/455] LPIN
[04:19:00] [144/455] SNPC
[04:19:00] [145/455] PDCB
[04:19:01] [146/455] DYPK
[04:19:02] [147/455] INMK
[04:19:04] [148/455] PDCK
[04:19:05] [149/455] PCKR
[04:19:06] [150/455] SHUA
[04:19:07] 🔄 Identity reset
[04:19:07] 🔄 Identity rotated (every 10 requests)
[04:19:07] [151/455] SCVK
[04:19:08] [152/455] STPA
[04:19:09] [153/455] WVHD
[04:19:10] [154/455] MRCH
[04:19:10] [155/455] MCNP
[04:19:11] [156/455] RCAG
[04:19:12] [157/455] JTSN
[04:19:13] [158/455] AANS
[04:19:14] [159/455] GDDR
[04:19:15] [160/455] SRER
[04:19:16] 🔄 Identity reset
[04:19:16] 🔄 Identity rotated (every 10 requests)
[04:19:17] [161/455] JKMA
[04:19:18] [162/455] ARAN
[04:19:19] [163/455] ALCT
[04:19:20] [164/455] CCTA
[04:19:21] [165/455] CNCT
[04:19:21] [166/455] NZBL
[04:19:23] [167/455] SRRA
[04:19:23] [168/455] SVPW
[04:19:24] [169/455] SRTW
[04:19:25] [170/455] XMTD
[04:19:26] 🔄 Identity reset
[04:19:26] 🔄 Identity rotated (every 10 requests)
[04:19:26] [171/455] SCCZ
[04:19:27] [172/455] PBCR
[04:19:28] [173/455] RTSC
[04:19:29] [174/455] TLSV
[04:19:30] [175/455] RMTK
[04:19:31] [176/455] SRAT
[04:19:32] [177/455] GCYC
[04:19:33] [178/455] HCAJ
[04:19:34] [179/455] LCXA
[04:19:34] [180/455] BINT
[04:19:35] 🔄 Identity reset
[04:19:35] 🔄 Identity rotated (every 10 requests)
[04:19:35] 🔄 Retry 1/5 for BINT in 3.0s
[04:19:35] 🔄 Identity reset
[04:19:38] 🧠 New identity created
[04:19:38] [181/455] IXIM
[04:19:39] [182/455] MBCR
[04:19:40] [183/455] BMCJ
[04:19:41] [184/455] NICJ
[04:19:41] [185/455] SCAJ
[04:19:42] [186/455] CMXS
[04:19:43] [187/455] MMSR
[04:19:44] [188/455] PRKT
[04:19:45] [189/455] LPTH
[04:19:45] 🔄 Identity reset
[04:19:45] 🔄 Identity rotated (every 10 requests)
[04:19:46] [190/455] SARP
[04:19:47] [191/455] MNPP
[04:19:47] [192/455] PRLR
[04:19:48] [193/455] RCMW
[04:19:50] [194/455] FCMG
[04:19:51] [195/455] RTNK
[04:19:52] [196/455] LRCP
[04:19:53] [197/455] DBJR
[04:19:55] [198/455] CACN
[04:19:55] [199/455] AMRL
[04:19:56] 🔄 Identity reset
[04:19:56] 🔄 Identity rotated (every 10 requests)
[04:19:56] [200/455] SBBC
[04:19:57] [201/455] VENN
[04:19:58] [202/455] STSS
[04:19:59] [203/455] SMRB
[04:19:59] [204/455] CCMX
[04:20:00] [205/455] KCMR
[04:20:01] [206/455] SALH
[04:20:02] [207/455] CGTT
[04:20:03] [208/455] PMDR
[04:20:05] [209/455] VCPM
[04:20:06] 🔄 Identity reset
[04:20:06] 🔄 Identity rotated (every 10 requests)
[04:20:06] [210/455] RZMX
[04:20:06] [211/455] TMSY
[04:20:08] [212/455] NTMS
[04:20:09] [213/455] VTAG
[04:20:10] [214/455] REMA
[04:20:10] [215/455] NXCC
[04:20:11] [216/455] SKYM
[04:20:12] [217/455] CCMO
[04:20:13] [218/455] DMXM
[04:20:14] [219/455] SPPM
[04:20:14] 🔄 Identity reset
[04:20:14] 🔄 Identity rotated (every 10 requests)
[04:20:15] [220/455] PTKL
[04:20:15] [221/455] SLVO
[04:20:17] [222/455] VASL
[04:20:18] [223/455] CBCM
[04:20:19] [224/455] STMA
[04:20:20] [225/455] LASK
[04:20:20] [226/455] VITE
[04:20:21] [227/455] AAST
[04:20:23] [228/455] JTPT
[04:20:24] [229/455] RRSH
[04:20:24] 🔄 Identity reset
[04:20:24] 🔄 Identity rotated (every 10 requests)
[04:20:24] [230/455] CINL
[04:20:25] [231/455] MCSR
[04:20:25] [232/455] SBCF
[04:20:26] [233/455] GCDU
[04:20:27] [234/455] PSPR
[04:20:29] [235/455] IMMO
[04:20:30] [236/455] CLGM
[04:20:31] [237/455] PBMM
[04:20:32] [238/455] CEHR
[04:20:33] [239/455] CPOE
[04:20:33] 🔄 Identity reset
[04:20:33] 🔄 Identity rotated (every 10 requests)
[04:20:34] [240/455] PGFD
[04:20:35] [241/455] PSLC
[04:20:35] [242/455] MSMD
[04:20:36] [243/455] FMFB
[04:20:37] [244/455] RKCL
[04:20:38] [245/455] PMMC
[04:20:39] [246/455] SKMM
[04:20:40] [247/455] VOIB
[04:20:41] [248/455] KINO
[04:20:41] [249/455] VCTP
[04:20:42] 🔄 Identity reset
[04:20:42] 🔄 Identity rotated (every 10 requests)
[04:20:42] [250/455] PDWR
[04:20:43] [251/455] SAED
[04:20:44] [252/455] SRRT
[04:20:44] [253/455] CVLG
[04:20:46] [254/455] SNGN
[04:20:47] [255/455] SIDA
[04:20:48] [256/455] IMCB
[04:20:48] [257/455] SMHP
[04:20:49] [258/455] GDTY
[04:20:50] [259/455] VYCH
[04:20:51] 🔄 Identity reset
[04:20:51] 🔄 Identity rotated (every 10 requests)
[04:20:52] [260/455] PDYA
[04:20:53] [261/455] RKDO
[04:20:54] [262/455] VECG
[04:20:55] [263/455] NFGD
[04:20:55] [264/455] SNDC
[04:20:56] [265/455] SDJH
[04:20:57] [266/455] HASV
[04:20:58] [267/455] PTYK
[04:20:59] [268/455] MUTB
[04:21:00] [269/455] AMRT
[04:21:00] 🔄 Identity reset
[04:21:00] 🔄 Identity rotated (every 10 requests)
[04:21:01] [270/455] VACD
[04:21:01] [271/455] SKDD
[04:21:02] [272/455] STGR
[04:21:03] [273/455] GDAK
[04:21:03] [274/455] SKHK
[04:21:04] [275/455] SLND
[04:21:05] [276/455] APAP
[04:21:06] [277/455] AYYA
[04:21:07] [278/455] VCCZ
[04:21:08] [279/455] MEML
[04:21:09] 🔄 Identity reset
[04:21:09] 🔄 Identity rotated (every 10 requests)
[04:21:10] [280/455] MAOU
[04:21:11] [281/455] ESND
[04:21:12] [282/455] PTBZ
[04:21:13] [283/455] LBCN
[04:21:14] [284/455] PAWA
[04:21:15] [285/455] ZEIC
[04:21:16] [286/455] CGMM
[04:21:17] [287/455] PJPM
[04:21:18] [288/455] ECMR
[04:21:18] [289/455] SHMZ
[04:21:19] 🔄 Identity reset
[04:21:19] 🔄 Identity rotated (every 10 requests)
[04:21:19] [290/455] STCA
[04:21:21] [291/455] VDRC
[04:21:22] [292/455] SEEM
[04:21:22] [293/455] MKNS
[04:21:23] [294/455] KPPP
[04:21:24] [295/455] CCML
[04:21:25] [296/455] CIBA
[04:21:26] [297/455] NACS
[04:21:27] [298/455] CTMK
[04:21:28] [299/455] CTCT
[04:21:28] 🔄 Identity reset
[04:21:28] 🔄 Identity rotated (every 10 requests)
[04:21:28] [300/455] MCSN
[04:21:29] [301/455] MAXX
[04:21:30] [302/455] MECB
[04:21:31] [303/455] NTBY
[04:21:32] [304/455] UTBI
[04:21:32] [305/455] RADK
[04:21:33] [306/455] STBY
[04:21:34] [307/455] GTBY
[04:21:35] [308/455] RRMB
[04:21:36] [309/455] ABRN
[04:21:37] 🔄 Identity reset
[04:21:37] 🔄 Identity rotated (every 10 requests)
[04:21:37] [310/455] GTSG
[04:21:38] [311/455] GBTG
[04:21:38] [312/455] SBGS
[04:21:39] [313/455] KBPM
[04:21:40] [314/455] SMHT
[04:21:40] [315/455] VTDM
[04:21:41] [316/455] ASCT
[04:21:42] [317/455] AWCT
[04:21:42] [318/455] DCCU
[04:21:43] [319/455] PSCE
[04:21:44] 🔄 Identity reset
[04:21:44] 🔄 Identity rotated (every 10 requests)
[04:21:44] [320/455] KSNY
[04:21:45] [321/455] ACID
[04:21:46] [322/455] LVCD
[04:21:47] [323/455] KSSB
[04:21:48] [324/455] SWTD
[04:21:49] [325/455] RBMR
[04:21:50] [326/455] SCBC
[04:21:51] [327/455] RKME
[04:21:52] [328/455] GALX
[04:21:53] [329/455] GCCH
[04:21:53] 🔄 Identity reset
[04:21:53] 🔄 Identity rotated (every 10 requests)
[04:21:53] [330/455] RATR
[04:21:54] [331/455] GTGA
[04:21:55] [332/455] LTTR
[04:21:55] [333/455] TTAA
[04:21:56] [334/455] TVHP
[04:21:57] [335/455] KVCS
[04:21:58] [336/455] CBMC
[04:21:58] [337/455] MAYJ
[04:21:59] [338/455] INPR
[04:22:00] [339/455] RSSC
[04:22:01] 🔄 Identity reset
[04:22:01] 🔄 Identity rotated (every 10 requests)
[04:22:01] [340/455] PCAN
[04:22:02] [341/455] PVHR
[04:22:03] [342/455] AGSM
[04:22:04] [343/455] PVES
[04:22:05] [344/455] INTO
[04:22:06] [345/455] ACON
[04:22:07] [346/455] PVPZ
[04:22:07] [347/455] PVHC
[04:22:08] [348/455] KSTK
[04:22:09] [349/455] PVSR
[04:22:10] 🔄 Identity reset
[04:22:10] 🔄 Identity rotated (every 10 requests)
[04:22:11] [350/455] ACTN
[04:22:12] [351/455] FMCN
[04:22:12] [352/455] PABC
[04:22:14] [353/455] SUTC
[04:22:15] [354/455] PGMV
[04:22:16] [355/455] GKCP
[04:22:16] [356/455] INCH
[04:22:18] [357/455] MLMT
[04:22:19] [358/455] SSCC
[04:22:19] [359/455] SLMP
[04:22:20] 🔄 Identity reset
[04:22:20] 🔄 Identity rotated (every 10 requests)
[04:22:20] [360/455] VVTN
[04:22:21] [361/455] SBTR
[04:22:22] [362/455] PGRA
[04:22:23] [363/455] PBRM
[04:22:24] [364/455] GCRP
[04:22:25] [365/455] MCSK
[04:22:25] [366/455] NLTC
[04:22:26] [367/455] MTLM
[04:22:27] [368/455] VECT
[04:22:28] [369/455] KMRM
[04:22:28] 🔄 Identity reset
[04:22:29] 🔄 Identity rotated (every 10 requests)
[04:22:29] [370/455] RACM
[04:22:30] [371/455] WSTC
[04:22:31] [372/455] PVTJ
[04:22:31] [373/455] MMKC
[04:22:32] [374/455] SVWT
[04:22:34] [375/455] JOTG
[04:22:34] [376/455] VCDK
[04:22:35] [377/455] ANAC
[04:22:36] [378/455] GRTC
[04:22:37] [379/455] JTPL
[04:22:38] 🔄 Identity reset
[04:22:38] 🔄 Identity rotated (every 10 requests)
[04:22:38] [380/455] VRCP
[04:22:39] [381/455] REMC
[04:22:40] [382/455] ATMG
[04:22:41] [383/455] GAHC
[04:22:42] [384/455] JTMV
[04:22:42] [385/455] OMTT
[04:22:43] [386/455] GKKC
[04:22:44] [387/455] BBPO
[04:22:45] [388/455] ZCBB
[04:22:46] [389/455] DCGO
[04:22:47] 🔄 Identity reset
[04:22:47] 🔄 Identity rotated (every 10 requests)
[04:22:47] [390/455] STOP
[04:22:48] [391/455] BSPC
[04:22:49] [392/455] SOND
[04:22:50] [393/455] GCKG
[04:22:51] [394/455] PCDB
[04:22:52] [395/455] PGRC
[04:22:54] [396/455] CSCT
[04:22:54] [397/455] STDA
[04:22:55] [398/455] JAYD
[04:22:56] [399/455] PPPD
[04:22:57] 🔄 Identity reset
[04:22:57] 🔄 Identity rotated (every 10 requests)
[04:22:57] [400/455] KRTT
[04:22:58] [401/455] PTDT
[04:22:58] [402/455] TRSV
[04:22:59] [403/455] VELR
[04:23:00] [404/455] STDT
[04:23:01] [405/455] SATT
[04:23:01] [406/455] KCPM
[04:23:02] [407/455] MFCP
[04:23:03] [408/455] AXMP
[04:23:04] [409/455] LTVB
[04:23:04] 🔄 Identity reset
[04:23:04] 🔄 Identity rotated (every 10 requests)
[04:23:05] [410/455] APST
[04:23:06] [411/455] DTVP
[04:23:07] [412/455] AAVB
[04:23:08] [413/455] PMBL
[04:23:09] [414/455] STKC
[04:23:10] [415/455] KKMA
[04:23:11] [416/455] NMXS
[04:23:12] [417/455] DECX
[04:23:13] [418/455] MAPJ
[04:23:14] [419/455] SMLK
[04:23:14] 🔄 Identity reset
[04:23:14] 🔄 Identity rotated (every 10 requests)
[04:23:14] [420/455] PMPU
[04:23:15] [421/455] AFST
[04:23:16] [422/455] SRSY
[04:23:18] [423/455] RMKT
[04:23:19] [424/455] RAJX
[04:23:19] [425/455] UVCD
[04:23:20] [426/455] LISA
[04:23:21] [427/455] LMSR
[04:23:22] [428/455] PMCA
[04:23:22] [429/455] INPO
[04:23:23] 🔄 Identity reset
[04:23:23] 🔄 Identity rotated (every 10 requests)
[04:23:23] [430/455] INGO
[04:23:24] [431/455] HFSQ
[04:23:25] [432/455] INMG
[04:23:26] [433/455] NYCP
[04:23:27] [434/455] HFSV
[04:23:28] [435/455] MMZP
[04:23:28] [436/455] KSES
[04:23:29] [437/455] HFSA
[04:23:31] [438/455] ACMM
[04:23:32] [439/455] RCKD
[04:23:32] 🔄 Identity reset
[04:23:32] 🔄 Identity rotated (every 10 requests)
[04:23:32] [440/455] BCKR
[04:23:33] [441/455] SFCO
[04:23:33] [442/455] JCCB
[04:23:35] [443/455] BCCR
[04:23:36] [444/455] NWCB
[04:23:37] [445/455] SAMT
[04:23:38] [446/455] TMST
[04:23:38] [447/455] SJCN
[04:23:40] [448/455] MCBS
[04:23:41] [449/455] CMKR
[04:23:41] 🔄 Identity reset
[04:23:41] 🔄 Identity rotated (every 10 requests)
[04:23:42] [450/455] INPM
[04:23:42] [451/455] WVMT
[04:23:43] [452/455] NYSM
[04:23:44] [453/455] RCMA
[04:23:45] [454/455] RECM
[04:23:46] [455/455] CYCM
[04:23:47] ✅ DONE | Shows=0 | Movies=0
[05:09:14] 🚀 BMS DAILY TRACKER STARTED (enhanced anti‑detection)
[05:09:14] [1/455] MXGN
[05:09:15] 🧠 New identity created
[05:09:15] [2/455] PGGM
[05:09:17] [3/455] IPMJ
[05:09:18] [4/455] M2PP
[05:09:19] [5/455] PMMS
[05:09:20] [6/455] SCJN
[05:09:22] [7/455] CPUM
[05:09:22] [8/455] SCND
[05:09:23] [9/455] INWM
[05:09:25] [10/455] DVDC
[05:09:26] 🔄 Identity reset
[05:09:26] 🔄 Identity rotated (every 10 requests)
[05:09:27] [11/455] WVND
[05:09:29] [12/455] LBDL
[05:09:30] [13/455] CRGM
[05:09:31] [14/455] PVKS
[05:09:32] [15/455] PBLL
[05:09:33] [16/455] FNLN
[05:09:34] [17/455] PPDA
[05:09:36] [18/455] SCPT
[05:09:37] [19/455] IAJS
[05:09:39] [20/455] MMZG
[05:09:39] 🔄 Identity reset
[05:09:39] 🔄 Identity rotated (every 10 requests)
[05:09:41] [21/455] MCTI
[05:09:41] [22/455] PPMF
[05:09:42] [23/455] FNSD
[05:09:43] [24/455] M2RH
[05:09:44] [25/455] CPGV
[05:09:46] [26/455] PECD
[05:09:47] [27/455] CTEE
[05:09:48] [28/455] IOMG
[05:09:50] [29/455] CIJA
[05:09:51] [30/455] NYCG
[05:09:52] 🔄 Identity reset
[05:09:52] 🔄 Identity rotated (every 10 requests)
[05:09:52] [31/455] CEST
[05:09:53] [32/455] WVRG
[05:09:54] [33/455] DPDC
[05:09:55] [34/455] PDIV
[05:09:56] [35/455] MTPP
[05:09:58] [36/455] MHNU
[05:09:59] [37/455] WUPG
[05:10:00] [38/455] USCO
[05:10:01] [39/455] INFR
[05:10:02] [40/455] PVPD
[05:10:03] 🔄 Identity reset
[05:10:03] 🔄 Identity rotated (every 10 requests)
[05:10:03] [41/455] RONC
[05:10:04] [42/455] IOCP
[05:10:06] [43/455] EMPS
[05:10:06] [44/455] PNAD
[05:10:07] [45/455] VVGZ
[05:10:09] [46/455] MDDC
[05:10:11] [47/455] MMAP
[05:10:12] [48/455] GPDC
[05:10:14] [49/455] PVPU
[05:10:16] [50/455] DCMV
[05:10:16] 🔄 Identity reset
[05:10:16] 🔄 Identity rotated (every 10 requests)
[05:10:17] [51/455] PCCF
[05:10:18] [52/455] MCEF
[05:10:19] [53/455] INRD
[05:10:21] [54/455] CCPZ
[05:10:22] [55/455] BCWG
[05:10:23] [56/455] PMGU
[05:10:25] [57/455] MCVM
[05:10:26] [58/455] MCDE
[05:10:27] [59/455] IEFM
[05:10:28] [60/455] MXCS
[05:10:28] 🔄 Identity reset
[05:10:28] 🔄 Identity rotated (every 10 requests)
[05:10:30] [61/455] RNMT
[05:10:31] [62/455] PSDD
[05:10:32] [63/455] PETA
[05:10:33] [64/455] IZOP
[05:10:34] [65/455] PDEI
[05:10:35] [66/455] MTND
[05:10:36] [67/455] PCPL
[05:10:37] [68/455] LSCM
[05:10:38] [69/455] BTFD
[05:10:40] [70/455] MERM
[05:10:40] 🔄 Identity reset
[05:10:40] 🔄 Identity rotated (every 10 requests)
[05:10:41] [71/455] PVMS
[05:10:43] [72/455] CIGK
[05:10:44] [73/455] INSG
[05:10:45] [74/455] IDEN
[05:10:46] [75/455] MCGN
[05:10:48] [76/455] IGAM
[05:10:50] [77/455] SLCU
[05:10:51] [78/455] MIMU
[05:10:51] [79/455] QLAC
[05:10:53] [80/455] MENL
[05:10:54] 🔄 Identity reset
[05:10:54] 🔄 Identity rotated (every 10 requests)
[05:10:54] [81/455] SCUR
[05:10:56] [82/455] MDGD
[05:10:57] [83/455] LSRS
[05:10:58] [84/455] KMLG
[05:10:58] [85/455] MKLJ
[05:10:59] [86/455] IBYG
[05:11:01] [87/455] ISML
[05:11:02] [88/455] MJMM
[05:11:04] [89/455] RCGD
[05:11:06] [90/455] MMOC
[05:11:06] 🔄 Identity reset
[05:11:06] 🔄 Identity rotated (every 10 requests)
[05:11:06] [91/455] RRCO
[05:11:07] [92/455] MEDM
[05:11:08] [93/455] MCAZ
[05:11:09] [94/455] STWA
[05:11:10] [95/455] PFFG
[05:11:12] [96/455] GAGC
[05:11:13] [97/455] PMPM
[05:11:14] [98/455] HVCD
[05:11:16] [99/455] AKRF
[05:11:17] [100/455] AKRC
[05:11:17] 🔄 Identity reset
[05:11:17] 🔄 Identity rotated (every 10 requests)
[05:11:18] [101/455] MIDA
[05:11:19] [102/455] MAGX
[05:11:20] [103/455] ESOS
[05:11:21] [104/455] BBCL
[05:11:22] [105/455] LYAS
[05:11:23] [106/455] NRMS
[05:11:25] [107/455] BHUC
[05:11:27] [108/455] SRIC
[05:11:28] [109/455] PDME
[05:11:30] [110/455] MJCS
[05:11:30] 🔄 Identity reset
[05:11:31] 🔄 Identity rotated (every 10 requests)
[05:11:31] [111/455] NRAA
[05:11:33] [112/455] VATA
[05:11:33] [113/455] MNKC
[05:11:35] [114/455] DHCL
[05:11:37] [115/455] JCPC
[05:11:38] [116/455] CTML
[05:11:38] [117/455] RMMR
[05:11:39] [118/455] STTL
[05:11:40] [119/455] CNPS
[05:11:41] [120/455] ACKL
[05:11:41] 🔄 Identity reset
[05:11:41] 🔄 Identity rotated (every 10 requests)
[05:11:42] [121/455] SCAU
[05:11:43] [122/455] RMIA
[05:11:44] [123/455] MANU
[05:11:45] [124/455] ARDC
[05:11:46] [125/455] GLDA
[05:11:47] [126/455] KVSW
[05:11:48] [127/455] CGCA
[05:11:49] [128/455] CMLO
[05:11:50] [129/455] CECB
[05:11:51] [130/455] RCPN
[05:11:52] 🔄 Identity reset
[05:11:52] 🔄 Identity rotated (every 10 requests)
[05:11:52] [131/455] ASMW
[05:11:53] [132/455] PWLM
[05:11:55] [133/455] ASGM
[05:11:55] [134/455] ACWH
[05:11:56] [135/455] AAPW
[05:11:57] [136/455] RTWA
[05:11:59] [137/455] RAMW
[05:12:00] [138/455] VKTR
[05:12:01] [139/455] SMBH
[05:12:03] [140/455] BVDR
[05:12:04] 🔄 Identity reset
[05:12:04] 🔄 Identity rotated (every 10 requests)
[05:12:05] [141/455] MRTP
[05:12:06] [142/455] BLBR
[05:12:06] [143/455] LPIN
[05:12:07] [144/455] SNPC
[05:12:08] [145/455] PDCB
[05:12:09] [146/455] DYPK
[05:12:10] [147/455] INMK
[05:12:11] [148/455] PDCK
[05:12:12] [149/455] PCKR
[05:12:13] [150/455] SHUA
[05:12:14] 🔄 Identity reset
[05:12:14] 🔄 Identity rotated (every 10 requests)
[05:12:15] [151/455] SCVK
[05:12:16] [152/455] STPA
[05:12:17] [153/455] WVHD
[05:12:19] [154/455] MRCH
[05:12:21] [155/455] MCNP
[05:12:22] [156/455] RCAG
[05:12:24] [157/455] JTSN
[05:12:26] [158/455] AANS
[05:12:28] [159/455] GDDR
[05:12:29] [160/455] SRER
[05:12:29] 🔄 Identity reset
[05:12:29] 🔄 Identity rotated (every 10 requests)
[05:12:30] [161/455] JKMA
[05:12:31] [162/455] ARAN
[05:12:32] [163/455] ALCT
[05:12:34] [164/455] CCTA
[05:12:35] [165/455] CNCT
[05:12:37] [166/455] NZBL
[05:12:38] [167/455] SRRA
[05:12:40] [168/455] SVPW
[05:12:41] [169/455] SRTW
[05:12:42] [170/455] XMTD
[05:12:42] 🔄 Identity reset
[05:12:43] 🔄 Identity rotated (every 10 requests)
[05:12:43] [171/455] SCCZ
[05:12:45] [172/455] PBCR
[05:12:46] [173/455] RTSC
[05:12:47] [174/455] TLSV
[05:12:48] [175/455] RMTK
[05:12:50] [176/455] SRAT
[05:12:51] [177/455] GCYC
[05:12:53] [178/455] HCAJ
[05:12:54] [179/455] LCXA
[05:12:55] [180/455] BINT
[05:12:56] 🔄 Identity reset
[05:12:56] 🔄 Identity rotated (every 10 requests)
[05:12:56] [181/455] IXIM
[05:12:58] [182/455] MBCR
[05:12:59] [183/455] BMCJ
[05:13:00] [184/455] NICJ
[05:13:02] [185/455] SCAJ
[05:13:03] [186/455] CMXS
[05:13:04] [187/455] MMSR
[05:13:05] [188/455] PRKT
[05:13:06] [189/455] LPTH
[05:13:08] [190/455] SARP
[05:13:08] 🔄 Identity reset
[05:13:08] 🔄 Identity rotated (every 10 requests)
[05:13:08] [191/455] MNPP
[05:13:09] [192/455] PRLR
[05:13:10] [193/455] RCMW
[05:13:11] [194/455] FCMG
[05:13:12] [195/455] RTNK
[05:13:14] [196/455] LRCP
[05:13:15] [197/455] DBJR
[05:13:16] [198/455] CACN
[05:13:17] [199/455] AMRL
[05:13:18] [200/455] SBBC
[05:13:19] 🔄 Identity reset
[05:13:19] 🔄 Identity rotated (every 10 requests)
[05:13:19] [201/455] VENN
[05:13:20] [202/455] STSS
[05:13:21] [203/455] SMRB
[05:13:22] [204/455] CCMX
[05:13:23] [205/455] KCMR
[05:13:24] [206/455] SALH
[05:13:26] [207/455] CGTT
[05:13:27] [208/455] PMDR
[05:13:29] [209/455] VCPM
[05:13:30] [210/455] RZMX
[05:13:31] 🔄 Identity reset
[05:13:31] 🔄 Identity rotated (every 10 requests)
[05:13:31] [211/455] TMSY
[05:13:32] [212/455] NTMS
[05:13:34] [213/455] VTAG
[05:13:35] [214/455] REMA
[05:13:36] [215/455] NXCC
[05:13:37] [216/455] SKYM
[05:13:38] [217/455] CCMO
[05:13:40] [218/455] DMXM
[05:13:41] [219/455] SPPM
[05:13:42] [220/455] PTKL
[05:13:42] 🔄 Identity reset
[05:13:42] 🔄 Identity rotated (every 10 requests)
[05:13:43] [221/455] SLVO
[05:13:43] [222/455] VASL
[05:13:44] [223/455] CBCM
[05:13:45] [224/455] STMA
[05:13:47] [225/455] LASK
[05:13:48] [226/455] VITE
[05:13:49] [227/455] AAST
[05:13:50] [228/455] JTPT
[05:13:51] [229/455] RRSH
[05:13:52] [230/455] CINL
[05:13:53] 🔄 Identity reset
[05:13:53] 🔄 Identity rotated (every 10 requests)
[05:13:54] [231/455] MCSR
[05:13:56] [232/455] SBCF
[05:13:57] [233/455] GCDU
[05:13:59] [234/455] PSPR
[05:13:59] [235/455] IMMO
[05:14:01] [236/455] CLGM
[05:14:02] [237/455] PBMM
[05:14:03] [238/455] CEHR
[05:14:04] [239/455] CPOE
[05:14:05] [240/455] PGFD
[05:14:05] 🔄 Identity reset
[05:14:05] 🔄 Identity rotated (every 10 requests)
[05:14:06] [241/455] PSLC
[05:14:07] [242/455] MSMD
[05:14:09] [243/455] FMFB
[05:14:10] [244/455] RKCL
[05:14:12] [245/455] PMMC
[05:14:13] [246/455] SKMM
[05:14:14] [247/455] VOIB
[05:14:15] [248/455] KINO
[05:14:17] [249/455] VCTP
[05:14:18] [250/455] PDWR
[05:14:19] 🔄 Identity reset
[05:14:19] 🔄 Identity rotated (every 10 requests)
[05:14:20] [251/455] SAED
[05:14:21] [252/455] SRRT
[05:14:23] [253/455] CVLG
[05:14:24] [254/455] SNGN
[05:14:24] [255/455] SIDA
[05:14:25] [256/455] IMCB
[05:14:27] [257/455] SMHP
[05:14:28] [258/455] GDTY
[05:14:29] [259/455] VYCH
[05:14:30] [260/455] PDYA
[05:14:31] 🔄 Identity reset
[05:14:31] 🔄 Identity rotated (every 10 requests)
[05:14:31] [261/455] RKDO
[05:14:32] [262/455] VECG
[05:14:33] [263/455] NFGD
[05:14:34] [264/455] SNDC
[05:14:35] [265/455] SDJH
[05:14:36] [266/455] HASV
[05:14:37] [267/455] PTYK
[05:14:38] [268/455] MUTB
[05:14:38] [269/455] AMRT
[05:14:39] [270/455] VACD
[05:14:40] 🔄 Identity reset
[05:14:40] 🔄 Identity rotated (every 10 requests)
[05:14:40] [271/455] SKDD
[05:14:41] [272/455] STGR
[05:14:43] [273/455] GDAK
[05:14:44] [274/455] SKHK
[05:14:46] [275/455] SLND
[05:14:47] [276/455] APAP
[05:14:48] [277/455] AYYA
[05:14:49] [278/455] VCCZ
[05:14:51] [279/455] MEML
[05:14:52] [280/455] MAOU
[05:14:52] 🔄 Identity reset
[05:14:52] 🔄 Identity rotated (every 10 requests)
[05:14:53] [281/455] ESND
[05:14:54] [282/455] PTBZ
[05:14:56] [283/455] LBCN
[05:14:57] [284/455] PAWA
[05:14:59] [285/455] ZEIC
[05:15:01] [286/455] CGMM
[05:15:02] [287/455] PJPM
[05:15:03] [288/455] ECMR
[05:15:04] [289/455] SHMZ
[05:15:05] [290/455] STCA
[05:15:06] 🔄 Identity reset
[05:15:06] 🔄 Identity rotated (every 10 requests)
[05:15:07] [291/455] VDRC
[05:15:08] [292/455] SEEM
[05:15:09] [293/455] MKNS
[05:15:10] [294/455] KPPP
[05:15:11] [295/455] CCML
[05:15:12] [296/455] CIBA
[05:15:14] [297/455] NACS
[05:15:15] [298/455] CTMK
[05:15:16] [299/455] CTCT
[05:15:17] [300/455] MCSN
[05:15:18] 🔄 Identity reset
[05:15:18] 🔄 Identity rotated (every 10 requests)
[05:15:19] [301/455] MAXX
[05:15:20] [302/455] MECB
[05:15:22] [303/455] NTBY
[05:15:24] [304/455] UTBI
[05:15:25] [305/455] RADK
[05:15:26] [306/455] STBY
[05:15:27] [307/455] GTBY
[05:15:29] [308/455] RRMB
[05:15:30] [309/455] ABRN
[05:15:31] [310/455] GTSG
[05:15:31] 🔄 Identity reset
[05:15:31] 🔄 Identity rotated (every 10 requests)
[05:15:32] [311/455] GBTG
[05:15:33] [312/455] SBGS
[05:15:34] [313/455] KBPM
[05:15:35] [314/455] SMHT
[05:15:36] [315/455] VTDM
[05:15:37] [316/455] ASCT
[05:15:38] [317/455] AWCT
[05:15:40] [318/455] DCCU
[05:15:42] [319/455] PSCE
[05:15:42] [320/455] KSNY
[05:15:43] 🔄 Identity reset
[05:15:43] 🔄 Identity rotated (every 10 requests)
[05:15:44] [321/455] ACID
[05:15:46] [322/455] LVCD
[05:15:48] [323/455] KSSB
[05:15:50] [324/455] SWTD
[05:15:51] [325/455] RBMR
[05:15:51] [326/455] SCBC
[05:15:52] [327/455] RKME
[05:15:53] [328/455] GALX
[05:15:54] [329/455] GCCH
[05:15:56] [330/455] RATR
[05:15:56] 🔄 Identity reset
[05:15:56] 🔄 Identity rotated (every 10 requests)
[05:15:57] [331/455] GTGA
[05:15:58] [332/455] LTTR
[05:15:59] [333/455] TTAA
[05:16:00] [334/455] TVHP
[05:16:01] [335/455] KVCS
[05:16:02] [336/455] CBMC
[05:16:02] [337/455] MAYJ
[05:16:04] [338/455] INPR
[05:16:05] [339/455] RSSC
[05:16:06] [340/455] PCAN
[05:16:07] 🔄 Identity reset
[05:16:07] 🔄 Identity rotated (every 10 requests)
[05:16:08] [341/455] PVHR
[05:16:09] [342/455] AGSM
[05:16:10] [343/455] PVES
[05:16:11] [344/455] INTO
[05:16:12] [345/455] ACON
[05:16:14] [346/455] PVPZ
[05:16:15] [347/455] PVHC
[05:16:17] [348/455] KSTK
[05:16:18] [349/455] PVSR
[05:16:19] [350/455] ACTN
[05:16:19] 🔄 Identity reset
[05:16:19] 🔄 Identity rotated (every 10 requests)
[05:16:19] [351/455] FMCN
[05:16:21] [352/455] PABC
[05:16:21] [353/455] SUTC
[05:16:22] [354/455] PGMV
[05:16:23] [355/455] GKCP
[05:16:25] [356/455] INCH
[05:16:27] [357/455] MLMT
[05:16:28] [358/455] SSCC
[05:16:30] [359/455] SLMP
[05:16:30] [360/455] VVTN
[05:16:31] 🔄 Identity reset
[05:16:31] 🔄 Identity rotated (every 10 requests)
[05:16:32] [361/455] SBTR
[05:16:33] [362/455] PGRA
[05:16:34] [363/455] PBRM
[05:16:35] [364/455] GCRP
[05:16:36] [365/455] MCSK
[05:16:38] [366/455] NLTC
[05:16:39] [367/455] MTLM
[05:16:41] [368/455] VECT
[05:16:43] [369/455] KMRM
[05:16:43] [370/455] RACM
[05:16:44] 🔄 Identity reset
[05:16:44] 🔄 Identity rotated (every 10 requests)
[05:16:44] [371/455] WSTC
[05:16:46] [372/455] PVTJ
[05:16:47] [373/455] MMKC
[05:16:49] [374/455] SVWT
[05:16:50] [375/455] JOTG
[05:16:51] [376/455] VCDK
[05:16:52] [377/455] ANAC
[05:16:54] [378/455] GRTC
[05:16:55] [379/455] JTPL
[05:16:56] [380/455] VRCP
[05:16:57] 🔄 Identity reset
[05:16:57] 🔄 Identity rotated (every 10 requests)
[05:16:58] [381/455] REMC
[05:16:59] [382/455] ATMG
[05:17:00] [383/455] GAHC
[05:17:01] [384/455] JTMV
[05:17:02] [385/455] OMTT
[05:17:04] [386/455] GKKC
[05:17:06] [387/455] BBPO
[05:17:07] [388/455] ZCBB
[05:17:08] [389/455] DCGO
[05:17:09] [390/455] STOP
[05:17:10] 🔄 Identity reset
[05:17:10] 🔄 Identity rotated (every 10 requests)
[05:17:10] [391/455] BSPC
[05:17:11] [392/455] SOND
[05:17:12] [393/455] GCKG
[05:17:13] [394/455] PCDB
[05:17:14] [395/455] PGRC
[05:17:15] [396/455] CSCT
[05:17:16] [397/455] STDA
[05:17:17] [398/455] JAYD
[05:17:18] [399/455] PPPD
[05:17:19] [400/455] KRTT
[05:17:20] 🔄 Identity reset
[05:17:20] 🔄 Identity rotated (every 10 requests)
[05:17:20] [401/455] PTDT
[05:17:21] [402/455] TRSV
[05:17:22] [403/455] VELR
[05:17:23] [404/455] STDT
[05:17:25] [405/455] SATT
[05:17:26] [406/455] KCPM
[05:17:27] [407/455] MFCP
[05:17:28] [408/455] AXMP
[05:17:29] [409/455] LTVB
[05:17:30] [410/455] APST
[05:17:31] 🔄 Identity reset
[05:17:31] 🔄 Identity rotated (every 10 requests)
[05:17:31] [411/455] DTVP
[05:17:32] [412/455] AAVB
[05:17:34] [413/455] PMBL
[05:17:35] [414/455] STKC
[05:17:36] [415/455] KKMA
[05:17:36] [416/455] NMXS
[05:17:37] [417/455] DECX
[05:17:38] [418/455] MAPJ
[05:17:39] [419/455] SMLK
[05:17:41] [420/455] PMPU
[05:17:42] 🔄 Identity reset
[05:17:42] 🔄 Identity rotated (every 10 requests)
[05:17:42] [421/455] AFST
[05:17:43] [422/455] SRSY
[05:17:44] [423/455] RMKT
[05:17:45] [424/455] RAJX
[05:17:46] [425/455] UVCD
[05:17:47] [426/455] LISA
[05:17:49] [427/455] LMSR
[05:17:50] [428/455] PMCA
[05:17:51] [429/455] INPO
[05:17:52] [430/455] INGO
[05:17:53] 🔄 Identity reset
[05:17:53] 🔄 Identity rotated (every 10 requests)
[05:17:53] [431/455] HFSQ
[05:17:55] [432/455] INMG
[05:17:56] [433/455] NYCP
[05:17:57] [434/455] HFSV
[05:17:58] [435/455] MMZP
[05:17:59] [436/455] KSES
[05:18:00] [437/455] HFSA
[05:18:01] [438/455] ACMM
[05:18:02] [439/455] RCKD
[05:18:03] [440/455] BCKR
[05:18:04] 🔄 Identity reset
[05:18:04] 🔄 Identity rotated (every 10 requests)
[05:18:05] [441/455] SFCO
[05:18:05] [442/455] JCCB
[05:18:06] [443/455] BCCR
[05:18:08] [444/455] NWCB
[05:18:09] [445/455] SAMT
[05:18:10] [446/455] TMST
[05:18:12] [447/455] SJCN
[05:18:13] [448/455] MCBS
[05:18:14] [449/455] CMKR
[05:18:15] [450/455] INPM
[05:18:16] 🔄 Identity reset
[05:18:16] 🔄 Identity rotated (every 10 requests)
[05:18:17] [451/455] WVMT
[05:18:19] [452/455] NYSM
[05:18:20] [453/455] RCMA
[05:18:21] [454/455] RECM
[05:18:21] [455/455] CYCM
[05:18:23] ✅ DONE | Shows=7 | Movies=5
[06:06:32] 🚀 BMS DAILY TRACKER STARTED (enhanced anti‑detection)
[06:06:32] [1/455] MXGN
[06:06:33] 🧠 New identity created
[06:06:33] [2/455] PGGM
[06:06:34] [3/455] IPMJ
[06:06:34] [4/455] M2PP
[06:06:35] [5/455] PMMS
[06:06:36] [6/455] SCJN
[06:06:37] [7/455] CPUM
[06:06:38] [8/455] SCND
[06:06:38] [9/455] INWM
[06:06:39] [10/455] DVDC
[06:06:40] 🔄 Identity reset
[06:06:40] 🔄 Identity rotated (every 10 requests)
[06:06:40] [11/455] WVND
[06:06:41] [12/455] LBDL
[06:06:41] [13/455] CRGM
[06:06:42] [14/455] PVKS
[06:06:42] [15/455] PBLL
[06:06:43] [16/455] FNLN
[06:06:44] [17/455] PPDA
[06:06:45] [18/455] SCPT
[06:06:46] [19/455] IAJS
[06:06:47] [20/455] MMZG
[06:06:47] 🔄 Identity reset
[06:06:47] 🔄 Identity rotated (every 10 requests)
[06:06:47] [21/455] MCTI
[06:06:49] [22/455] PPMF
[06:06:49] [23/455] FNSD
[06:06:51] [24/455] M2RH
[06:06:52] [25/455] CPGV
[06:06:53] [26/455] PECD
[06:06:54] [27/455] CTEE
[06:06:55] [28/455] IOMG
[06:06:56] [29/455] CIJA
[06:06:56] [30/455] NYCG
[06:06:57] 🔄 Identity reset
[06:06:57] 🔄 Identity rotated (every 10 requests)
[06:06:57] [31/455] CEST
[06:06:58] [32/455] WVRG
[06:06:59] [33/455] DPDC
[06:06:59] [34/455] PDIV
[06:07:00] [35/455] MTPP
[06:07:00] [36/455] MHNU
[06:07:01] [37/455] WUPG
[06:07:02] [38/455] USCO
[06:07:02] [39/455] INFR
[06:07:03] [40/455] PVPD
[06:07:03] 🔄 Identity reset
[06:07:03] 🔄 Identity rotated (every 10 requests)
[06:07:04] [41/455] RONC
[06:07:05] [42/455] IOCP
[06:07:06] [43/455] EMPS
[06:07:06] [44/455] PNAD
[06:07:07] [45/455] VVGZ
[06:07:08] [46/455] MDDC
[06:07:08] [47/455] MMAP
[06:07:09] [48/455] GPDC
[06:07:10] [49/455] PVPU
[06:07:10] [50/455] DCMV
[06:07:11] 🔄 Identity reset
[06:07:11] 🔄 Identity rotated (every 10 requests)
[06:07:11] [51/455] PCCF
[06:07:12] [52/455] MCEF
[06:07:12] [53/455] INRD
[06:07:13] [54/455] CCPZ
[06:07:14] [55/455] BCWG
[06:07:15] [56/455] PMGU
[06:07:16] [57/455] MCVM
[06:07:16] [58/455] MCDE
[06:07:18] [59/455] IEFM
[06:07:19] [60/455] MXCS
[06:07:20] 🔄 Identity reset
[06:07:20] 🔄 Identity rotated (every 10 requests)
[06:07:20] [61/455] RNMT
[06:07:21] [62/455] PSDD
[06:07:21] [63/455] PETA
[06:07:22] [64/455] IZOP
[06:07:23] [65/455] PDEI
[06:07:23] [66/455] MTND
[06:07:24] [67/455] PCPL
[06:07:25] [68/455] LSCM
[06:07:26] [69/455] BTFD
[06:07:27] [70/455] MERM
[06:07:27] 🔄 Identity reset
[06:07:27] 🔄 Identity rotated (every 10 requests)
[06:07:28] [71/455] PVMS
[06:07:29] [72/455] CIGK
[06:07:31] [73/455] INSG
[06:07:31] [74/455] IDEN
[06:07:33] [75/455] MCGN
[06:07:33] [76/455] IGAM
[06:07:34] [77/455] SLCU
[06:07:36] [78/455] MIMU
[06:07:36] [79/455] QLAC
[06:07:37] [80/455] MENL
[06:07:37] 🔄 Identity reset
[06:07:38] 🔄 Identity rotated (every 10 requests)
[06:07:38] [81/455] SCUR
[06:07:39] [82/455] MDGD
[06:07:39] [83/455] LSRS
[06:07:40] [84/455] KMLG
[06:07:41] [85/455] MKLJ
[06:07:43] [86/455] IBYG
[06:07:43] [87/455] ISML
[06:07:44] [88/455] MJMM
[06:07:45] [89/455] RCGD
[06:07:46] [90/455] MMOC
[06:07:47] 🔄 Identity reset
[06:07:47] 🔄 Identity rotated (every 10 requests)
[06:07:47] [91/455] RRCO
[06:07:48] [92/455] MEDM
[06:07:49] [93/455] MCAZ
[06:07:50] [94/455] STWA
[06:07:51] [95/455] PFFG
[06:07:52] [96/455] GAGC
[06:07:52] [97/455] PMPM
[06:07:54] [98/455] HVCD
[06:07:55] [99/455] AKRF
[06:07:56] [100/455] AKRC
[06:07:56] 🔄 Identity reset
[06:07:56] 🔄 Identity rotated (every 10 requests)
[06:07:56] [101/455] MIDA
[06:07:58] [102/455] MAGX
[06:07:59] [103/455] ESOS
[06:07:59] [104/455] BBCL
[06:08:00] [105/455] LYAS
[06:08:01] [106/455] NRMS
[06:08:02] [107/455] BHUC
[06:08:02] [108/455] SRIC
[06:08:03] [109/455] PDME
[06:08:04] [110/455] MJCS
[06:08:05] 🔄 Identity reset
[06:08:05] 🔄 Identity rotated (every 10 requests)
[06:08:05] [111/455] NRAA
[06:08:06] [112/455] VATA
[06:08:06] [113/455] MNKC
[06:08:07] [114/455] DHCL
[06:08:08] [115/455] JCPC
[06:08:08] [116/455] CTML
[06:08:09] [117/455] RMMR
[06:08:10] [118/455] STTL
[06:08:11] [119/455] CNPS
[06:08:11] [120/455] ACKL
[06:08:12] 🔄 Identity reset
[06:08:12] 🔄 Identity rotated (every 10 requests)
[06:08:12] [121/455] SCAU
[06:08:13] [122/455] RMIA
[06:08:14] [123/455] MANU
[06:08:16] [124/455] ARDC
[06:08:16] [125/455] GLDA
[06:08:17] [126/455] KVSW
[06:08:18] [127/455] CGCA
[06:08:19] [128/455] CMLO
[06:08:20] [129/455] CECB
[06:08:21] [130/455] RCPN
[06:08:21] 🔄 Identity reset
[06:08:21] 🔄 Identity rotated (every 10 requests)
[06:08:22] [131/455] ASMW
[06:08:22] [132/455] PWLM
[06:08:23] [133/455] ASGM
[06:08:24] [134/455] ACWH
[06:08:25] [135/455] AAPW
[06:08:26] [136/455] RTWA
[06:08:27] [137/455] RAMW
[06:08:28] [138/455] VKTR
[06:08:29] [139/455] SMBH
[06:08:30] [140/455] BVDR
[06:08:31] 🔄 Identity reset
[06:08:31] 🔄 Identity rotated (every 10 requests)
[06:08:31] [141/455] MRTP
[06:08:32] [142/455] BLBR
[06:08:33] [143/455] LPIN
[06:08:33] [144/455] SNPC
[06:08:34] [145/455] PDCB
[06:08:35] [146/455] DYPK
[06:08:36] [147/455] INMK
[06:08:37] [148/455] PDCK
[06:08:37] [149/455] PCKR
[06:08:38] [150/455] SHUA
[06:08:39] 🔄 Identity reset
[06:08:39] 🔄 Identity rotated (every 10 requests)
[06:08:39] [151/455] SCVK
[06:08:40] [152/455] STPA
[06:08:41] [153/455] WVHD
[06:08:42] [154/455] MRCH
[06:08:42] [155/455] MCNP
[06:08:43] [156/455] RCAG
[06:08:43] [157/455] JTSN
[06:08:45] [158/455] AANS
[06:08:46] [159/455] GDDR
[06:08:46] [160/455] SRER
[06:08:47] 🔄 Identity reset
[06:08:47] 🔄 Identity rotated (every 10 requests)
[06:08:47] [161/455] JKMA
[06:08:48] [162/455] ARAN
[06:08:50] [163/455] ALCT
[06:08:50] [164/455] CCTA
[06:08:51] [165/455] CNCT
[06:08:52] [166/455] NZBL
[06:08:52] [167/455] SRRA
[06:08:53] [168/455] SVPW
[06:08:54] [169/455] SRTW
[06:08:54] [170/455] XMTD
[06:08:55] 🔄 Identity reset
[06:08:55] 🔄 Identity rotated (every 10 requests)
[06:08:55] [171/455] SCCZ
[06:08:56] [172/455] PBCR
[06:08:57] [173/455] RTSC
[06:08:57] [174/455] TLSV
[06:08:58] [175/455] RMTK
[06:08:59] [176/455] SRAT
[06:09:00] [177/455] GCYC
[06:09:01] [178/455] HCAJ
[06:09:01] [179/455] LCXA
[06:09:02] [180/455] BINT
[06:09:03] 🔄 Identity reset
[06:09:03] 🔄 Identity rotated (every 10 requests)
[06:09:03] [181/455] IXIM
[06:09:03] [182/455] MBCR
[06:09:04] [183/455] BMCJ
[06:09:05] [184/455] NICJ
[06:09:06] [185/455] SCAJ
[06:09:06] [186/455] CMXS
[06:09:07] [187/455] MMSR
[06:09:08] [188/455] PRKT
[06:09:09] [189/455] LPTH
[06:09:09] [190/455] SARP
[06:09:10] 🔄 Identity reset
[06:09:10] 🔄 Identity rotated (every 10 requests)
[06:09:10] [191/455] MNPP
[06:09:10] [192/455] PRLR
[06:09:12] [193/455] RCMW
[06:09:13] [194/455] FCMG
[06:09:15] [195/455] RTNK
[06:09:16] [196/455] LRCP
[06:09:17] [197/455] DBJR
[06:09:18] [198/455] CACN
[06:09:19] [199/455] AMRL
[06:09:20] [200/455] SBBC
[06:09:20] 🔄 Identity reset
[06:09:20] 🔄 Identity rotated (every 10 requests)
[06:09:20] [201/455] VENN
[06:09:21] [202/455] STSS
[06:09:22] [203/455] SMRB
[06:09:23] [204/455] CCMX
[06:09:24] [205/455] KCMR
[06:09:25] [206/455] SALH
[06:09:26] [207/455] CGTT
[06:09:27] [208/455] PMDR
[06:09:28] [209/455] VCPM
[06:09:29] [210/455] RZMX
[06:09:29] 🔄 Identity reset
[06:09:29] 🔄 Identity rotated (every 10 requests)
[06:09:29] [211/455] TMSY
[06:09:30] [212/455] NTMS
[06:09:31] [213/455] VTAG
[06:09:32] [214/455] REMA
[06:09:32] [215/455] NXCC
[06:09:33] [216/455] SKYM
[06:09:35] [217/455] CCMO
[06:09:36] [218/455] DMXM
[06:09:37] [219/455] SPPM
[06:09:37] [220/455] PTKL
[06:09:38] 🔄 Identity reset
[06:09:38] 🔄 Identity rotated (every 10 requests)
[06:09:38] [221/455] SLVO
[06:09:39] [222/455] VASL
[06:09:41] [223/455] CBCM
[06:09:42] [224/455] STMA
[06:09:43] [225/455] LASK
[06:09:44] [226/455] VITE
[06:09:45] [227/455] AAST
[06:09:46] [228/455] JTPT
[06:09:46] [229/455] RRSH
[06:09:47] [230/455] CINL
[06:09:48] 🔄 Identity reset
[06:09:48] 🔄 Identity rotated (every 10 requests)
[06:09:48] [231/455] MCSR
[06:09:48] [232/455] SBCF
[06:09:49] [233/455] GCDU
[06:09:50] [234/455] PSPR
[06:09:51] [235/455] IMMO
[06:09:51] [236/455] CLGM
[06:09:52] [237/455] PBMM
[06:09:53] [238/455] CEHR
[06:09:54] [239/455] CPOE
[06:09:54] [240/455] PGFD
[06:09:55] 🔄 Identity reset
[06:09:55] 🔄 Identity rotated (every 10 requests)
[06:09:56] [241/455] PSLC
[06:09:57] [242/455] MSMD
[06:09:58] [243/455] FMFB
[06:09:59] [244/455] RKCL
[06:10:00] [245/455] PMMC
[06:10:01] [246/455] SKMM
[06:10:02] [247/455] VOIB
[06:10:03] [248/455] KINO
[06:10:04] [249/455] VCTP
[06:10:05] [250/455] PDWR
[06:10:06] 🔄 Identity reset
[06:10:06] 🔄 Identity rotated (every 10 requests)
[06:10:06] [251/455] SAED
[06:10:07] [252/455] SRRT
[06:10:07] [253/455] CVLG
[06:10:09] [254/455] SNGN
[06:10:10] [255/455] SIDA
[06:10:10] [256/455] IMCB
[06:10:11] [257/455] SMHP
[06:10:12] [258/455] GDTY
[06:10:13] [259/455] VYCH
[06:10:14] [260/455] PDYA
[06:10:14] 🔄 Identity reset
[06:10:14] 🔄 Identity rotated (every 10 requests)
[06:10:15] [261/455] RKDO
[06:10:16] [262/455] VECG
[06:10:17] [263/455] NFGD
[06:10:17] [264/455] SNDC
[06:10:19] [265/455] SDJH
[06:10:20] [266/455] HASV
[06:10:21] [267/455] PTYK
[06:10:21] [268/455] MUTB
[06:10:22] [269/455] AMRT
[06:10:23] [270/455] VACD
[06:10:24] 🔄 Identity reset
[06:10:24] 🔄 Identity rotated (every 10 requests)
[06:10:24] [271/455] SKDD
[06:10:25] [272/455] STGR
[06:10:26] [273/455] GDAK
[06:10:27] [274/455] SKHK
[06:10:28] [275/455] SLND
[06:10:29] [276/455] APAP
[06:10:30] [277/455] AYYA
[06:10:30] [278/455] VCCZ
[06:10:32] [279/455] MEML
[06:10:33] [280/455] MAOU
[06:10:33] 🔄 Identity reset
[06:10:33] 🔄 Identity rotated (every 10 requests)
[06:10:33] [281/455] ESND
[06:10:34] [282/455] PTBZ
[06:10:35] [283/455] LBCN
[06:10:36] [284/455] PAWA
[06:10:37] [285/455] ZEIC
[06:10:39] [286/455] CGMM
[06:10:39] [287/455] PJPM
[06:10:40] [288/455] ECMR
[06:10:41] [289/455] SHMZ
[06:10:41] [290/455] STCA
[06:10:42] 🔄 Identity reset
[06:10:42] 🔄 Identity rotated (every 10 requests)
[06:10:42] [291/455] VDRC
[06:10:44] [292/455] SEEM
[06:10:45] [293/455] MKNS
[06:10:47] [294/455] KPPP
[06:10:48] [295/455] CCML
[06:10:48] [296/455] CIBA
[06:10:49] [297/455] NACS
[06:10:50] [298/455] CTMK
[06:10:51] [299/455] CTCT
[06:10:51] [300/455] MCSN
[06:10:52] 🔄 Identity reset
[06:10:52] 🔄 Identity rotated (every 10 requests)
[06:10:52] [301/455] MAXX
[06:10:53] [302/455] MECB
[06:10:54] [303/455] NTBY
[06:10:54] [304/455] UTBI
[06:10:55] [305/455] RADK
[06:10:56] [306/455] STBY
[06:10:57] [307/455] GTBY
[06:10:58] [308/455] RRMB
[06:10:59] [309/455] ABRN
[06:11:01] [310/455] GTSG
[06:11:02] 🔄 Identity reset
[06:11:02] 🔄 Identity rotated (every 10 requests)
[06:11:03] [311/455] GBTG
[06:11:04] [312/455] SBGS
[06:11:04] [313/455] KBPM
[06:11:05] [314/455] SMHT
[06:11:06] [315/455] VTDM
[06:11:06] [316/455] ASCT
[06:11:07] [317/455] AWCT
[06:11:07] [318/455] DCCU
[06:11:08] [319/455] PSCE
[06:11:09] [320/455] KSNY
[06:11:09] 🔄 Identity reset
[06:11:10] 🔄 Identity rotated (every 10 requests)
[06:11:10] [321/455] ACID
[06:11:10] [322/455] LVCD
[06:11:11] [323/455] KSSB
[06:11:13] [324/455] SWTD
[06:11:13] [325/455] RBMR
[06:11:14] [326/455] SCBC
[06:11:16] [327/455] RKME
[06:11:16] [328/455] GALX
[06:11:17] [329/455] GCCH
[06:11:18] [330/455] RATR
[06:11:18] 🔄 Identity reset
[06:11:18] 🔄 Identity rotated (every 10 requests)
[06:11:19] [331/455] GTGA
[06:11:19] [332/455] LTTR
[06:11:20] [333/455] TTAA
[06:11:21] [334/455] TVHP
[06:11:23] [335/455] KVCS
[06:11:23] [336/455] CBMC
[06:11:24] [337/455] MAYJ
[06:11:25] [338/455] INPR
[06:11:26] [339/455] RSSC
[06:11:26] [340/455] PCAN
[06:11:27] 🔄 Identity reset
[06:11:27] 🔄 Identity rotated (every 10 requests)
[06:11:27] [341/455] PVHR
[06:11:28] [342/455] AGSM
[06:11:29] [343/455] PVES
[06:11:30] [344/455] INTO
[06:11:30] [345/455] ACON
[06:11:31] [346/455] PVPZ
[06:11:32] [347/455] PVHC
[06:11:33] [348/455] KSTK
[06:11:33] [349/455] PVSR
[06:11:34] [350/455] ACTN
[06:11:35] 🔄 Identity reset
[06:11:35] 🔄 Identity rotated (every 10 requests)
[06:11:35] [351/455] FMCN
[06:11:36] [352/455] PABC
[06:11:37] [353/455] SUTC
[06:11:37] [354/455] PGMV
[06:11:38] [355/455] GKCP
[06:11:38] [356/455] INCH
[06:11:40] [357/455] MLMT
[06:11:40] [358/455] SSCC
[06:11:41] [359/455] SLMP
[06:11:42] [360/455] VVTN
[06:11:42] 🔄 Identity reset
[06:11:42] 🔄 Identity rotated (every 10 requests)
[06:11:43] [361/455] SBTR
[06:11:43] [362/455] PGRA
[06:11:44] [363/455] PBRM
[06:11:46] [364/455] GCRP
[06:11:46] [365/455] MCSK
[06:11:47] [366/455] NLTC
[06:11:48] [367/455] MTLM
[06:11:50] [368/455] VECT
[06:11:50] [369/455] KMRM
[06:11:51] [370/455] RACM
[06:11:52] 🔄 Identity reset
[06:11:52] 🔄 Identity rotated (every 10 requests)
[06:11:52] [371/455] WSTC
[06:11:53] [372/455] PVTJ
[06:11:54] [373/455] MMKC
[06:11:54] [374/455] SVWT
[06:11:55] [375/455] JOTG
[06:11:56] [376/455] VCDK
[06:11:57] [377/455] ANAC
[06:11:58] [378/455] GRTC
[06:11:59] [379/455] JTPL
[06:12:00] [380/455] VRCP
[06:12:00] 🔄 Identity reset
[06:12:01] 🔄 Identity rotated (every 10 requests)
[06:12:01] [381/455] REMC
[06:12:02] [382/455] ATMG
[06:12:03] [383/455] GAHC
[06:12:04] [384/455] JTMV
[06:12:05] [385/455] OMTT
[06:12:06] [386/455] GKKC
[06:12:07] [387/455] BBPO
[06:12:08] [388/455] ZCBB
[06:12:09] [389/455] DCGO
[06:12:10] [390/455] STOP
[06:12:10] 🔄 Identity reset
[06:12:11] 🔄 Identity rotated (every 10 requests)
[06:12:11] [391/455] BSPC
[06:12:11] [392/455] SOND
[06:12:12] [393/455] GCKG
[06:12:13] [394/455] PCDB
[06:12:14] [395/455] PGRC
[06:12:15] [396/455] CSCT
[06:12:16] [397/455] STDA
[06:12:16] [398/455] JAYD
[06:12:18] [399/455] PPPD
[06:12:19] [400/455] KRTT
[06:12:19] 🔄 Identity reset
[06:12:19] 🔄 Identity rotated (every 10 requests)
[06:12:19] [401/455] PTDT
[06:12:20] [402/455] TRSV
[06:12:21] [403/455] VELR
[06:12:22] [404/455] STDT
[06:12:23] [405/455] SATT
[06:12:24] [406/455] KCPM
[06:12:24] [407/455] MFCP
[06:12:26] [408/455] AXMP
[06:12:26] [409/455] LTVB
[06:12:27] [410/455] APST
[06:12:27] 🔄 Identity reset
[06:12:28] 🔄 Identity rotated (every 10 requests)
[06:12:28] [411/455] DTVP
[06:12:29] [412/455] AAVB
[06:12:30] [413/455] PMBL
[06:12:31] [414/455] STKC
[06:12:32] [415/455] KKMA
[06:12:33] [416/455] NMXS
[06:12:34] [417/455] DECX
[06:12:34] [418/455] MAPJ
[06:12:35] [419/455] SMLK
[06:12:36] [420/455] PMPU
[06:12:37] 🔄 Identity reset
[06:12:37] 🔄 Identity rotated (every 10 requests)
[06:12:37] [421/455] AFST
[06:12:37] [422/455] SRSY
[06:12:38] [423/455] RMKT
[06:12:39] [424/455] RAJX
[06:12:41] [425/455] UVCD
[06:12:42] [426/455] LISA
[06:12:43] [427/455] LMSR
[06:12:44] [428/455] PMCA
[06:12:44] [429/455] INPO
[06:12:45] [430/455] INGO
[06:12:46] 🔄 Identity reset
[06:12:46] 🔄 Identity rotated (every 10 requests)
[06:12:46] [431/455] HFSQ
[06:12:47] [432/455] INMG
[06:12:48] [433/455] NYCP
[06:12:49] [434/455] HFSV
[06:12:50] [435/455] MMZP
[06:12:51] [436/455] KSES
[06:12:52] [437/455] HFSA
[06:12:53] [438/455] ACMM
[06:12:53] [439/455] RCKD
[06:12:54] [440/455] BCKR
[06:12:54] 🔄 Identity reset
[06:12:54] 🔄 Identity rotated (every 10 requests)
[06:12:55] [441/455] SFCO
[06:12:55] [442/455] JCCB
[06:12:56] [443/455] BCCR
[06:12:57] [444/455] NWCB
[06:12:57] [445/455] SAMT
[06:12:58] [446/455] TMST
[06:12:59] [447/455] SJCN
[06:13:00] [448/455] MCBS
[06:13:02] [449/455] CMKR
[06:13:03] [450/455] INPM
[06:13:03] 🔄 Identity reset
[06:13:03] 🔄 Identity rotated (every 10 requests)
[06:13:03] [451/455] WVMT
[06:13:04] [452/455] NYSM
[06:13:05] [453/455] RCMA
[06:13:06] [454/455] RECM
[06:13:07] [455/455] CYCM
[06:13:08] ✅ DONE | Shows=213 | Movies=34
[07:06:27] 🚀 BMS DAILY TRACKER STARTED (enhanced anti‑detection)
[07:06:27] [1/455] MXGN
[07:06:27] 🧠 New identity created
[07:06:28] [2/455] PGGM
[07:06:28] [3/455] IPMJ
[07:06:29] [4/455] M2PP
[07:06:30] [5/455] PMMS
[07:06:30] [6/455] SCJN
[07:06:31] [7/455] CPUM
[07:06:33] [8/455] SCND
[07:06:34] [9/455] INWM
[07:06:35] [10/455] DVDC
[07:06:35] 🔄 Identity reset
[07:06:35] 🔄 Identity rotated (every 10 requests)
[07:06:36] [11/455] WVND
[07:06:36] [12/455] LBDL
[07:06:37] [13/455] CRGM
[07:06:38] [14/455] PVKS
[07:06:39] [15/455] PBLL
[07:06:41] [16/455] FNLN
[07:06:41] [17/455] PPDA
[07:06:43] [18/455] SCPT
[07:06:44] [19/455] IAJS
[07:06:45] [20/455] MMZG
[07:06:45] 🔄 Identity reset
[07:06:45] 🔄 Identity rotated (every 10 requests)
[07:06:46] [21/455] MCTI
[07:06:47] [22/455] PPMF
[07:06:48] [23/455] FNSD
[07:06:49] [24/455] M2RH
[07:06:50] [25/455] CPGV
[07:06:51] [26/455] PECD
[07:06:52] [27/455] CTEE
[07:06:52] [28/455] IOMG
[07:06:53] [29/455] CIJA
[07:06:54] [30/455] NYCG
[07:06:55] 🔄 Identity reset
[07:06:55] 🔄 Identity rotated (every 10 requests)
[07:06:55] [31/455] CEST
[07:06:56] [32/455] WVRG
[07:06:58] [33/455] DPDC
[07:06:58] [34/455] PDIV
[07:07:00] [35/455] MTPP
[07:07:01] [36/455] MHNU
[07:07:01] [37/455] WUPG
[07:07:02] [38/455] USCO
[07:07:03] [39/455] INFR
[07:07:04] [40/455] PVPD
[07:07:05] 🔄 Identity reset
[07:07:05] 🔄 Identity rotated (every 10 requests)
[07:07:05] [41/455] RONC
[07:07:06] [42/455] IOCP
[07:07:08] [43/455] EMPS
[07:07:08] [44/455] PNAD
[07:07:10] [45/455] VVGZ
[07:07:11] [46/455] MDDC
[07:07:12] [47/455] MMAP
[07:07:13] [48/455] GPDC
[07:07:13] [49/455] PVPU
[07:07:15] [50/455] DCMV
[07:07:15] 🔄 Identity reset
[07:07:15] 🔄 Identity rotated (every 10 requests)
[07:07:16] [51/455] PCCF
[07:07:17] [52/455] MCEF
[07:07:18] [53/455] INRD
[07:07:19] [54/455] CCPZ
[07:07:19] [55/455] BCWG
[07:07:21] [56/455] PMGU
[07:07:22] [57/455] MCVM
[07:07:23] [58/455] MCDE
[07:07:23] [59/455] IEFM
[07:07:24] [60/455] MXCS
[07:07:25] 🔄 Identity reset
[07:07:25] 🔄 Identity rotated (every 10 requests)
[07:07:25] [61/455] RNMT
[07:07:26] [62/455] PSDD
[07:07:26] [63/455] PETA
[07:07:27] [64/455] IZOP
[07:07:29] [65/455] PDEI
[07:07:30] [66/455] MTND
[07:07:31] [67/455] PCPL
[07:07:32] [68/455] LSCM
[07:07:33] [69/455] BTFD
[07:07:34] [70/455] MERM
[07:07:35] 🔄 Identity reset
[07:07:35] 🔄 Identity rotated (every 10 requests)
[07:07:35] [71/455] PVMS
[07:07:36] [72/455] CIGK
[07:07:37] [73/455] INSG
[07:07:37] [74/455] IDEN
[07:07:38] [75/455] MCGN
[07:07:39] [76/455] IGAM
[07:07:40] [77/455] SLCU
[07:07:41] [78/455] MIMU
[07:07:42] [79/455] QLAC
[07:07:43] [80/455] MENL
[07:07:44] 🔄 Identity reset
[07:07:44] 🔄 Identity rotated (every 10 requests)
[07:07:44] [81/455] SCUR
[07:07:45] [82/455] MDGD
[07:07:46] [83/455] LSRS
[07:07:47] [84/455] KMLG
[07:07:48] [85/455] MKLJ
[07:07:49] [86/455] IBYG
[07:07:50] [87/455] ISML
[07:07:51] [88/455] MJMM
[07:07:52] [89/455] RCGD
[07:07:53] [90/455] MMOC
[07:07:54] 🔄 Identity reset
[07:07:54] 🔄 Identity rotated (every 10 requests)
[07:07:54] [91/455] RRCO
[07:07:55] [92/455] MEDM
[07:07:56] [93/455] MCAZ
[07:07:56] [94/455] STWA
[07:07:57] [95/455] PFFG
[07:07:58] [96/455] GAGC
[07:07:59] [97/455] PMPM
[07:08:00] [98/455] HVCD
[07:08:01] [99/455] AKRF
[07:08:02] [100/455] AKRC
[07:08:03] 🔄 Identity reset
[07:08:03] 🔄 Identity rotated (every 10 requests)
[07:08:03] [101/455] MIDA
[07:08:04] [102/455] MAGX
[07:08:05] [103/455] ESOS
[07:08:06] [104/455] BBCL
[07:08:07] [105/455] LYAS
[07:08:08] [106/455] NRMS
[07:08:08] [107/455] BHUC
[07:08:09] [108/455] SRIC
[07:08:10] [109/455] PDME
[07:08:10] [110/455] MJCS
[07:08:11] 🔄 Identity reset
[07:08:11] 🔄 Identity rotated (every 10 requests)
[07:08:11] [111/455] NRAA
[07:08:13] [112/455] VATA
[07:08:14] [113/455] MNKC
[07:08:15] [114/455] DHCL
[07:08:16] [115/455] JCPC
[07:08:18] [116/455] CTML
[07:08:18] [117/455] RMMR
[07:08:19] [118/455] STTL
[07:08:20] [119/455] CNPS
[07:08:21] [120/455] ACKL
[07:08:22] 🔄 Identity reset
[07:08:22] 🔄 Identity rotated (every 10 requests)
[07:08:22] [121/455] SCAU
[07:08:22] [122/455] RMIA
[07:08:24] [123/455] MANU
[07:08:25] [124/455] ARDC
[07:08:26] [125/455] GLDA
[07:08:27] [126/455] KVSW
[07:08:28] [127/455] CGCA
[07:08:29] [128/455] CMLO
[07:08:29] [129/455] CECB
[07:08:30] [130/455] RCPN
[07:08:31] 🔄 Identity reset
[07:08:31] 🔄 Identity rotated (every 10 requests)
[07:08:31] [131/455] ASMW
[07:08:32] [132/455] PWLM
[07:08:33] [133/455] ASGM
[07:08:33] [134/455] ACWH
[07:08:35] [135/455] AAPW
[07:08:35] [136/455] RTWA
[07:08:36] [137/455] RAMW
[07:08:37] [138/455] VKTR
[07:08:39] [139/455] SMBH
[07:08:39] [140/455] BVDR
[07:08:40] 🔄 Identity reset
[07:08:40] 🔄 Identity rotated (every 10 requests)
[07:08:41] [141/455] MRTP
[07:08:42] [142/455] BLBR
[07:08:42] [143/455] LPIN
[07:08:43] [144/455] SNPC
[07:08:44] [145/455] PDCB
[07:08:45] [146/455] DYPK
[07:08:45] [147/455] INMK
[07:08:46] [148/455] PDCK
[07:08:47] [149/455] PCKR
[07:08:48] [150/455] SHUA
[07:08:49] 🔄 Identity reset
[07:08:49] 🔄 Identity rotated (every 10 requests)
[07:08:49] [151/455] SCVK
[07:08:50] [152/455] STPA
[07:08:51] [153/455] WVHD
[07:08:52] [154/455] MRCH
[07:08:53] [155/455] MCNP
[07:08:53] [156/455] RCAG
[07:08:54] [157/455] JTSN
[07:08:55] [158/455] AANS
[07:08:56] [159/455] GDDR
[07:08:57] [160/455] SRER
[07:08:57] 🔄 Identity reset
[07:08:57] 🔄 Identity rotated (every 10 requests)
[07:08:58] [161/455] JKMA
[07:08:59] [162/455] ARAN
[07:09:00] [163/455] ALCT
[07:09:01] [164/455] CCTA
[07:09:02] [165/455] CNCT
[07:09:02] [166/455] NZBL
[07:09:04] [167/455] SRRA
[07:09:05] [168/455] SVPW
[07:09:06] [169/455] SRTW
[07:09:06] [170/455] XMTD
[07:09:07] 🔄 Identity reset
[07:09:07] 🔄 Identity rotated (every 10 requests)
[07:09:07] [171/455] SCCZ
[07:09:08] [172/455] PBCR
[07:09:10] [173/455] RTSC
[07:09:11] [174/455] TLSV
[07:09:12] [175/455] RMTK
[07:09:14] [176/455] SRAT
[07:09:14] [177/455] GCYC
[07:09:15] [178/455] HCAJ
[07:09:16] [179/455] LCXA
[07:09:17] [180/455] BINT
[07:09:17] 🔄 Identity reset
[07:09:17] 🔄 Identity rotated (every 10 requests)
[07:09:18] [181/455] IXIM
[07:09:19] [182/455] MBCR
[07:09:20] [183/455] BMCJ
[07:09:20] [184/455] NICJ
[07:09:21] [185/455] SCAJ
[07:09:22] [186/455] CMXS
[07:09:24] [187/455] MMSR
[07:09:25] [188/455] PRKT
[07:09:25] [189/455] LPTH
[07:09:27] [190/455] SARP
[07:09:28] 🔄 Identity reset
[07:09:28] 🔄 Identity rotated (every 10 requests)
[07:09:28] [191/455] MNPP
[07:09:29] [192/455] PRLR
[07:09:30] [193/455] RCMW
[07:09:30] [194/455] FCMG
[07:09:31] [195/455] RTNK
[07:09:31] [196/455] LRCP
[07:09:32] [197/455] DBJR
[07:09:33] [198/455] CACN
[07:09:34] [199/455] AMRL
[07:09:35] [200/455] SBBC
[07:09:35] 🔄 Identity reset
[07:09:35] 🔄 Identity rotated (every 10 requests)
[07:09:36] [201/455] VENN
[07:09:36] [202/455] STSS
[07:09:37] [203/455] SMRB
[07:09:38] [204/455] CCMX
[07:09:40] [205/455] KCMR
[07:09:41] [206/455] SALH
[07:09:43] [207/455] CGTT
[07:09:44] [208/455] PMDR
[07:09:45] [209/455] VCPM
[07:09:46] [210/455] RZMX
[07:09:47] 🔄 Identity reset
[07:09:47] 🔄 Identity rotated (every 10 requests)
[07:09:47] [211/455] TMSY
[07:09:48] [212/455] NTMS
[07:09:49] [213/455] VTAG
[07:09:50] [214/455] REMA
[07:09:50] [215/455] NXCC
[07:09:51] [216/455] SKYM
[07:09:53] [217/455] CCMO
[07:09:54] [218/455] DMXM
[07:09:54] [219/455] SPPM
[07:09:55] [220/455] PTKL
[07:09:56] 🔄 Identity reset
[07:09:56] 🔄 Identity rotated (every 10 requests)
[07:09:56] [221/455] SLVO
[07:09:57] [222/455] VASL
[07:09:58] [223/455] CBCM
[07:10:00] [224/455] STMA
[07:10:01] [225/455] LASK
[07:10:02] [226/455] VITE
[07:10:02] [227/455] AAST
[07:10:03] [228/455] JTPT
[07:10:05] [229/455] RRSH
[07:10:06] [230/455] CINL
[07:10:06] 🔄 Identity reset
[07:10:06] 🔄 Identity rotated (every 10 requests)
[07:10:06] [231/455] MCSR
[07:10:07] [232/455] SBCF
[07:10:08] [233/455] GCDU
[07:10:09] [234/455] PSPR
[07:10:09] [235/455] IMMO
[07:10:10] [236/455] CLGM
[07:10:11] [237/455] PBMM
[07:10:12] [238/455] CEHR
[07:10:13] [239/455] CPOE
[07:10:14] [240/455] PGFD
[07:10:14] 🔄 Identity reset
[07:10:14] 🔄 Identity rotated (every 10 requests)
[07:10:14] [241/455] PSLC
[07:10:16] [242/455] MSMD
[07:10:17] [243/455] FMFB
[07:10:17] [244/455] RKCL
[07:10:18] [245/455] PMMC
[07:10:19] [246/455] SKMM
[07:10:20] [247/455] VOIB
[07:10:21] [248/455] KINO
[07:10:22] [249/455] VCTP
[07:10:22] [250/455] PDWR
[07:10:23] 🔄 Identity reset
[07:10:23] 🔄 Identity rotated (every 10 requests)
[07:10:23] [251/455] SAED
[07:10:24] [252/455] SRRT
[07:10:25] [253/455] CVLG
[07:10:27] [254/455] SNGN
[07:10:28] [255/455] SIDA
[07:10:29] [256/455] IMCB
[07:10:31] [257/455] SMHP
[07:10:32] [258/455] GDTY
[07:10:32] [259/455] VYCH
[07:10:33] [260/455] PDYA
[07:10:34] 🔄 Identity reset
[07:10:34] 🔄 Identity rotated (every 10 requests)
[07:10:34] [261/455] RKDO
[07:10:35] [262/455] VECG
[07:10:36] [263/455] NFGD
[07:10:38] [264/455] SNDC
[07:10:38] [265/455] SDJH
[07:10:39] [266/455] HASV
[07:10:40] [267/455] PTYK
[07:10:40] [268/455] MUTB
[07:10:42] [269/455] AMRT
[07:10:43] [270/455] VACD
[07:10:43] 🔄 Identity reset
[07:10:43] 🔄 Identity rotated (every 10 requests)
[07:10:44] [271/455] SKDD
[07:10:45] [272/455] STGR
[07:10:46] [273/455] GDAK
[07:10:46] [274/455] SKHK
[07:10:47] [275/455] SLND
[07:10:48] [276/455] APAP
[07:10:49] [277/455] AYYA
[07:10:50] [278/455] VCCZ
[07:10:51] [279/455] MEML
[07:10:52] [280/455] MAOU
[07:10:52] 🔄 Identity reset
[07:10:52] 🔄 Identity rotated (every 10 requests)
[07:10:52] [281/455] ESND
[07:10:53] [282/455] PTBZ
[07:10:54] [283/455] LBCN
[07:10:55] [284/455] PAWA
[07:10:56] [285/455] ZEIC
[07:10:56] [286/455] CGMM
[07:10:57] [287/455] PJPM
[07:10:57] [288/455] ECMR
[07:10:58] [289/455] SHMZ
[07:10:59] [290/455] STCA
[07:11:00] 🔄 Identity reset
[07:11:00] 🔄 Identity rotated (every 10 requests)
[07:11:00] [291/455] VDRC
[07:11:01] [292/455] SEEM
[07:11:01] [293/455] MKNS
[07:11:02] [294/455] KPPP
[07:11:03] [295/455] CCML
[07:11:04] [296/455] CIBA
[07:11:06] [297/455] NACS
[07:11:07] [298/455] CTMK
[07:11:09] [299/455] CTCT
[07:11:10] [300/455] MCSN
[07:11:10] 🔄 Identity reset
[07:11:10] 🔄 Identity rotated (every 10 requests)
[07:11:11] [301/455] MAXX
[07:11:12] [302/455] MECB
[07:11:13] [303/455] NTBY
[07:11:14] [304/455] UTBI
[07:11:15] [305/455] RADK
[07:11:16] [306/455] STBY
[07:11:17] [307/455] GTBY
[07:11:17] [308/455] RRMB
[07:11:18] [309/455] ABRN
[07:11:19] [310/455] GTSG
[07:11:19] 🔄 Identity reset
[07:11:19] 🔄 Identity rotated (every 10 requests)
[07:11:19] [311/455] GBTG
[07:11:20] [312/455] SBGS
[07:11:22] [313/455] KBPM
[07:11:22] [314/455] SMHT
[07:11:23] [315/455] VTDM
[07:11:24] [316/455] ASCT
[07:11:25] [317/455] AWCT
[07:11:26] [318/455] DCCU
[07:11:27] [319/455] PSCE
[07:11:28] [320/455] KSNY
[07:11:29] 🔄 Identity reset
[07:11:29] 🔄 Identity rotated (every 10 requests)
[07:11:30] [321/455] ACID
[07:11:31] [322/455] LVCD
[07:11:32] [323/455] KSSB
[07:11:33] [324/455] SWTD
[07:11:34] [325/455] RBMR
[07:11:35] [326/455] SCBC
[07:11:36] [327/455] RKME
[07:11:37] [328/455] GALX
[07:11:37] [329/455] GCCH
[07:11:39] [330/455] RATR
[07:11:39] 🔄 Identity reset
[07:11:39] 🔄 Identity rotated (every 10 requests)
[07:11:40] [331/455] GTGA
[07:11:41] [332/455] LTTR
[07:11:42] [333/455] TTAA
[07:11:43] [334/455] TVHP
[07:11:44] [335/455] KVCS
[07:11:45] [336/455] CBMC
[07:11:46] [337/455] MAYJ
[07:11:47] [338/455] INPR
[07:11:48] [339/455] RSSC
[07:11:49] [340/455] PCAN
[07:11:50] 🔄 Identity reset
[07:11:50] 🔄 Identity rotated (every 10 requests)
[07:11:50] [341/455] PVHR
[07:11:51] [342/455] AGSM
[07:11:52] [343/455] PVES
[07:11:53] [344/455] INTO
[07:11:54] [345/455] ACON
[07:11:55] [346/455] PVPZ
[07:11:55] [347/455] PVHC
[07:11:57] [348/455] KSTK
[07:11:58] [349/455] PVSR
[07:11:58] [350/455] ACTN
[07:11:59] 🔄 Identity reset
[07:11:59] 🔄 Identity rotated (every 10 requests)
[07:11:59] [351/455] FMCN
[07:12:00] [352/455] PABC
[07:12:01] [353/455] SUTC
[07:12:02] [354/455] PGMV
[07:12:02] [355/455] GKCP
[07:12:03] [356/455] INCH
[07:12:04] [357/455] MLMT
[07:12:05] [358/455] SSCC
[07:12:06] [359/455] SLMP
[07:12:07] [360/455] VVTN
[07:12:07] 🔄 Identity reset
[07:12:07] 🔄 Identity rotated (every 10 requests)
[07:12:08] [361/455] SBTR
[07:12:09] [362/455] PGRA
[07:12:11] [363/455] PBRM
[07:12:12] [364/455] GCRP
[07:12:12] [365/455] MCSK
[07:12:13] [366/455] NLTC
[07:12:14] [367/455] MTLM
[07:12:15] [368/455] VECT
[07:12:16] [369/455] KMRM
[07:12:17] [370/455] RACM
[07:12:18] 🔄 Identity reset
[07:12:18] 🔄 Identity rotated (every 10 requests)
[07:12:18] [371/455] WSTC
[07:12:19] [372/455] PVTJ
[07:12:20] [373/455] MMKC
[07:12:21] [374/455] SVWT
[07:12:22] [375/455] JOTG
[07:12:23] [376/455] VCDK
[07:12:23] [377/455] ANAC
[07:12:24] [378/455] GRTC
[07:12:24] [379/455] JTPL
[07:12:25] [380/455] VRCP
[07:12:26] 🔄 Identity reset
[07:12:26] 🔄 Identity rotated (every 10 requests)
[07:12:26] [381/455] REMC
[07:12:28] [382/455] ATMG
[07:12:29] [383/455] GAHC
[07:12:29] [384/455] JTMV
[07:12:30] [385/455] OMTT
[07:12:31] [386/455] GKKC
[07:12:32] [387/455] BBPO
[07:12:33] [388/455] ZCBB
[07:12:33] [389/455] DCGO
[07:12:35] [390/455] STOP
[07:12:35] 🔄 Identity reset
[07:12:35] 🔄 Identity rotated (every 10 requests)
[07:12:35] [391/455] BSPC
[07:12:37] [392/455] SOND
[07:12:38] [393/455] GCKG
[07:12:39] [394/455] PCDB
[07:12:40] [395/455] PGRC
[07:12:42] [396/455] CSCT
[07:12:43] [397/455] STDA
[07:12:43] [398/455] JAYD
[07:12:44] [399/455] PPPD
[07:12:45] [400/455] KRTT
[07:12:45] 🔄 Identity reset
[07:12:45] 🔄 Identity rotated (every 10 requests)
[07:12:45] [401/455] PTDT
[07:12:46] [402/455] TRSV
[07:12:48] [403/455] VELR
[07:12:48] [404/455] STDT
[07:12:50] [405/455] SATT
[07:12:51] [406/455] KCPM
[07:12:52] [407/455] MFCP
[07:12:52] [408/455] AXMP
[07:12:53] [409/455] LTVB
[07:12:54] [410/455] APST
[07:12:55] 🔄 Identity reset
[07:12:55] 🔄 Identity rotated (every 10 requests)
[07:12:56] [411/455] DTVP
[07:12:57] [412/455] AAVB
[07:12:59] [413/455] PMBL
[07:13:00] [414/455] STKC
[07:13:01] [415/455] KKMA
[07:13:02] [416/455] NMXS
[07:13:03] [417/455] DECX
[07:13:03] [418/455] MAPJ
[07:13:04] [419/455] SMLK
[07:13:05] [420/455] PMPU
[07:13:05] 🔄 Identity reset
[07:13:05] 🔄 Identity rotated (every 10 requests)
[07:13:06] [421/455] AFST
[07:13:07] [422/455] SRSY
[07:13:09] [423/455] RMKT
[07:13:09] [424/455] RAJX
[07:13:10] [425/455] UVCD
[07:13:11] [426/455] LISA
[07:13:12] [427/455] LMSR
[07:13:13] [428/455] PMCA
[07:13:14] [429/455] INPO
[07:13:14] [430/455] INGO
[07:13:15] 🔄 Identity reset
[07:13:15] 🔄 Identity rotated (every 10 requests)
[07:13:15] [431/455] HFSQ
[07:13:16] [432/455] INMG
[07:13:16] [433/455] NYCP
[07:13:18] [434/455] HFSV
[07:13:19] [435/455] MMZP
[07:13:20] [436/455] KSES
[07:13:20] [437/455] HFSA
[07:13:21] [438/455] ACMM
[07:13:23] [439/455] RCKD
[07:13:24] [440/455] BCKR
[07:13:24] 🔄 Identity reset
[07:13:24] 🔄 Identity rotated (every 10 requests)
[07:13:24] [441/455] SFCO
[07:13:25] [442/455] JCCB
[07:13:26] [443/455] BCCR
[07:13:27] [444/455] NWCB
[07:13:28] [445/455] SAMT
[07:13:29] [446/455] TMST
[07:13:30] [447/455] SJCN
[07:13:32] [448/455] MCBS
[07:13:33] [449/455] CMKR
[07:13:33] [450/455] INPM
[07:13:34] 🔄 Identity reset
[07:13:34] 🔄 Identity rotated (every 10 requests)
[07:13:34] [451/455] WVMT
[07:13:35] [452/455] NYSM
[07:13:35] [453/455] RCMA
[07:13:36] [454/455] RECM
[07:13:37] [455/455] CYCM
[07:13:38] ✅ DONE | Shows=586 | Movies=56
[08:06:35] 🚀 BMS DAILY TRACKER STARTED (enhanced anti‑detection)
[08:06:35] [1/455] MXGN
[08:06:36] 🧠 New identity created
[08:06:37] [2/455] PGGM
[08:06:38] [3/455] IPMJ
[08:06:40] [4/455] M2PP
[08:06:42] [5/455] PMMS
[08:06:43] [6/455] SCJN
[08:06:44] [7/455] CPUM
[08:06:45] [8/455] SCND
[08:06:46] [9/455] INWM
[08:06:47] [10/455] DVDC
[08:06:48] 🔄 Identity reset
[08:06:48] 🔄 Identity rotated (every 10 requests)
[08:06:49] [11/455] WVND
[08:06:50] [12/455] LBDL
[08:06:51] [13/455] CRGM
[08:06:52] [14/455] PVKS
[08:06:53] [15/455] PBLL
[08:06:54] [16/455] FNLN
[08:06:56] [17/455] PPDA
[08:06:57] [18/455] SCPT
[08:06:58] [19/455] IAJS
[08:06:59] [20/455] MMZG
[08:07:00] 🔄 Identity reset
[08:07:00] 🔄 Identity rotated (every 10 requests)
[08:07:00] [21/455] MCTI
[08:07:01] [22/455] PPMF
[08:07:02] [23/455] FNSD
[08:07:04] [24/455] M2RH
[08:07:05] [25/455] CPGV
[08:07:06] [26/455] PECD
[08:07:07] [27/455] CTEE
[08:07:08] [28/455] IOMG
[08:07:09] [29/455] CIJA
[08:07:10] [30/455] NYCG
[08:07:11] 🔄 Identity reset
[08:07:11] 🔄 Identity rotated (every 10 requests)
[08:07:12] [31/455] CEST
[08:07:13] [32/455] WVRG
[08:07:14] [33/455] DPDC
[08:07:16] [34/455] PDIV
[08:07:17] [35/455] MTPP
[08:07:18] [36/455] MHNU
[08:07:20] [37/455] WUPG
[08:07:22] [38/455] USCO
[08:07:23] [39/455] INFR
[08:07:24] [40/455] PVPD
[08:07:25] 🔄 Identity reset
[08:07:25] 🔄 Identity rotated (every 10 requests)
[08:07:26] [41/455] RONC
[08:07:27] [42/455] IOCP
[08:07:28] [43/455] EMPS
[08:07:29] [44/455] PNAD
[08:07:31] [45/455] VVGZ
[08:07:32] [46/455] MDDC
[08:07:33] [47/455] MMAP
[08:07:34] [48/455] GPDC
[08:07:36] [49/455] PVPU
[08:07:37] [50/455] DCMV
[08:07:38] 🔄 Identity reset
[08:07:38] 🔄 Identity rotated (every 10 requests)
[08:07:38] [51/455] PCCF
[08:07:39] [52/455] MCEF
[08:07:41] [53/455] INRD
[08:07:43] [54/455] CCPZ
[08:07:44] [55/455] BCWG
[08:07:46] [56/455] PMGU
[08:07:46] [57/455] MCVM
[08:07:47] [58/455] MCDE
[08:07:48] [59/455] IEFM
[08:07:49] [60/455] MXCS
[08:07:50] 🔄 Identity reset
[08:07:50] 🔄 Identity rotated (every 10 requests)
[08:07:50] [61/455] RNMT
[08:07:51] [62/455] PSDD
[08:07:52] [63/455] PETA
[08:07:54] [64/455] IZOP
[08:07:56] [65/455] PDEI
[08:07:57] [66/455] MTND
[08:07:58] [67/455] PCPL
[08:07:58] [68/455] LSCM
[08:08:00] [69/455] BTFD
[08:08:01] [70/455] MERM
[08:08:02] 🔄 Identity reset
[08:08:02] 🔄 Identity rotated (every 10 requests)
[08:08:02] [71/455] PVMS
[08:08:03] [72/455] CIGK
[08:08:05] [73/455] INSG
[08:08:07] [74/455] IDEN
[08:08:09] [75/455] MCGN
[08:08:10] [76/455] IGAM
[08:08:10] [77/455] SLCU
[08:08:11] [78/455] MIMU
[08:08:12] [79/455] QLAC
[08:08:14] [80/455] MENL
[08:08:15] 🔄 Identity reset
[08:08:15] 🔄 Identity rotated (every 10 requests)
[08:08:15] [81/455] SCUR
[08:08:17] [82/455] MDGD
[08:08:18] [83/455] LSRS
[08:08:19] [84/455] KMLG
[08:08:21] [85/455] MKLJ
[08:08:21] [86/455] IBYG
[08:08:22] [87/455] ISML
[08:08:23] [88/455] MJMM
[08:08:25] [89/455] RCGD
[08:08:26] [90/455] MMOC
[08:08:26] 🔄 Identity reset
[08:08:26] 🔄 Identity rotated (every 10 requests)
[08:08:27] [91/455] RRCO
[08:08:28] [92/455] MEDM
[08:08:29] [93/455] MCAZ
[08:08:31] [94/455] STWA
[08:08:32] [95/455] PFFG
[08:08:34] [96/455] GAGC
[08:08:34] [97/455] PMPM
[08:08:35] [98/455] HVCD
[08:08:37] [99/455] AKRF
[08:08:38] [100/455] AKRC
[08:08:38] 🔄 Identity reset
[08:08:39] 🔄 Identity rotated (every 10 requests)
[08:08:39] [101/455] MIDA
[08:08:40] [102/455] MAGX
[08:08:41] [103/455] ESOS
[08:08:42] [104/455] BBCL
[08:08:42] [105/455] LYAS
[08:08:43] [106/455] NRMS
[08:08:44] [107/455] BHUC
[08:08:46] [108/455] SRIC
[08:08:47] [109/455] PDME
[08:08:48] [110/455] MJCS
[08:08:49] 🔄 Identity reset
[08:08:49] 🔄 Identity rotated (every 10 requests)
[08:08:49] [111/455] NRAA
[08:08:51] [112/455] VATA
[08:08:52] [113/455] MNKC
[08:08:53] [114/455] DHCL
[08:08:55] [115/455] JCPC
[08:08:56] [116/455] CTML
[08:08:57] [117/455] RMMR
[08:08:58] [118/455] STTL
[08:08:59] [119/455] CNPS
[08:09:01] [120/455] ACKL
[08:09:01] 🔄 Identity reset
[08:09:01] 🔄 Identity rotated (every 10 requests)
[08:09:02] [121/455] SCAU
[08:09:04] [122/455] RMIA
[08:09:05] [123/455] MANU
[08:09:06] [124/455] ARDC
[08:09:06] [125/455] GLDA
[08:09:08] [126/455] KVSW
[08:09:09] [127/455] CGCA
[08:09:10] [128/455] CMLO
[08:09:11] [129/455] CECB
[08:09:13] [130/455] RCPN
[08:09:13] 🔄 Identity reset
[08:09:13] 🔄 Identity rotated (every 10 requests)
[08:09:15] [131/455] ASMW
[08:09:15] [132/455] PWLM
[08:09:17] [133/455] ASGM
[08:09:17] [134/455] ACWH
[08:09:19] [135/455] AAPW
[08:09:19] [136/455] RTWA
[08:09:21] [137/455] RAMW
[08:09:23] [138/455] VKTR
[08:09:24] [139/455] SMBH
[08:09:25] [140/455] BVDR
[08:09:25] 🔄 Identity reset
[08:09:25] 🔄 Identity rotated (every 10 requests)
[08:09:26] [141/455] MRTP
[08:09:27] [142/455] BLBR
[08:09:29] [143/455] LPIN
[08:09:30] [144/455] SNPC
[08:09:32] [145/455] PDCB
[08:09:33] [146/455] DYPK
[08:09:34] [147/455] INMK
[08:09:35] [148/455] PDCK
[08:09:36] [149/455] PCKR
[08:09:37] [150/455] SHUA
[08:09:38] 🔄 Identity reset
[08:09:38] 🔄 Identity rotated (every 10 requests)
[08:09:39] [151/455] SCVK
[08:09:39] [152/455] STPA
[08:09:41] [153/455] WVHD
[08:09:41] [154/455] MRCH
[08:09:43] [155/455] MCNP
[08:09:44] [156/455] RCAG
[08:09:45] [157/455] JTSN
[08:09:46] [158/455] AANS
[08:09:47] [159/455] GDDR
[08:09:48] [160/455] SRER
[08:09:48] 🔄 Identity reset
[08:09:48] 🔄 Identity rotated (every 10 requests)
[08:09:49] [161/455] JKMA
[08:09:50] [162/455] ARAN
[08:09:51] [163/455] ALCT
[08:09:52] [164/455] CCTA
[08:09:53] [165/455] CNCT
[08:09:54] [166/455] NZBL
[08:09:55] [167/455] SRRA
[08:09:57] [168/455] SVPW
[08:09:58] [169/455] SRTW
[08:09:59] [170/455] XMTD
[08:09:59] 🔄 Identity reset
[08:09:59] 🔄 Identity rotated (every 10 requests)
[08:10:00] [171/455] SCCZ
[08:10:00] [172/455] PBCR
[08:10:02] [173/455] RTSC
[08:10:03] [174/455] TLSV
[08:10:04] [175/455] RMTK
[08:10:05] [176/455] SRAT
[08:10:07] [177/455] GCYC
[08:10:08] [178/455] HCAJ
[08:10:10] [179/455] LCXA
[08:10:11] [180/455] BINT
[08:10:12] 🔄 Identity reset
[08:10:12] 🔄 Identity rotated (every 10 requests)
[08:10:13] [181/455] IXIM
[08:10:14] [182/455] MBCR
[08:10:15] [183/455] BMCJ
[08:10:16] [184/455] NICJ
[08:10:17] [185/455] SCAJ
[08:10:18] [186/455] CMXS
[08:10:19] [187/455] MMSR
[08:10:20] [188/455] PRKT
[08:10:21] [189/455] LPTH
[08:10:22] [190/455] SARP
[08:10:23] 🔄 Identity reset
[08:10:23] 🔄 Identity rotated (every 10 requests)
[08:10:23] [191/455] MNPP
[08:10:24] [192/455] PRLR
[08:10:25] [193/455] RCMW
[08:10:26] [194/455] FCMG
[08:10:27] [195/455] RTNK
[08:10:28] [196/455] LRCP
[08:10:29] [197/455] DBJR
[08:10:31] [198/455] CACN
[08:10:32] [199/455] AMRL
[08:10:33] [200/455] SBBC
[08:10:34] 🔄 Identity reset
[08:10:34] 🔄 Identity rotated (every 10 requests)
[08:10:35] [201/455] VENN
[08:10:36] [202/455] STSS
[08:10:37] [203/455] SMRB
[08:10:37] [204/455] CCMX
[08:10:39] [205/455] KCMR
[08:10:41] [206/455] SALH
[08:10:43] [207/455] CGTT
[08:10:44] [208/455] PMDR
[08:10:44] [209/455] VCPM
[08:10:45] [210/455] RZMX
[08:10:46] 🔄 Identity reset
[08:10:46] 🔄 Identity rotated (every 10 requests)
[08:10:46] [211/455] TMSY
[08:10:47] [212/455] NTMS
[08:10:49] [213/455] VTAG
[08:10:50] [214/455] REMA
[08:10:51] [215/455] NXCC
[08:10:52] [216/455] SKYM
[08:10:53] [217/455] CCMO
[08:10:55] [218/455] DMXM
[08:10:55] [219/455] SPPM
[08:10:57] [220/455] PTKL
[08:10:57] 🔄 Identity reset
[08:10:57] 🔄 Identity rotated (every 10 requests)
[08:10:57] [221/455] SLVO
[08:10:58] [222/455] VASL
[08:11:00] [223/455] CBCM
[08:11:01] [224/455] STMA
[08:11:02] [225/455] LASK
[08:11:03] [226/455] VITE
[08:11:04] [227/455] AAST
[08:11:06] [228/455] JTPT
[08:11:06] [229/455] RRSH
[08:11:07] [230/455] CINL
[08:11:08] 🔄 Identity reset
[08:11:08] 🔄 Identity rotated (every 10 requests)
[08:11:09] [231/455] MCSR
[08:11:10] [232/455] SBCF
[08:11:11] [233/455] GCDU
[08:11:13] [234/455] PSPR
[08:11:15] [235/455] IMMO
[08:11:17] [236/455] CLGM
[08:11:18] [237/455] PBMM
[08:11:19] [238/455] CEHR
[08:11:20] [239/455] CPOE
[08:11:22] [240/455] PGFD
[08:11:22] 🔄 Identity reset
[08:11:22] 🔄 Identity rotated (every 10 requests)
[08:11:23] [241/455] PSLC
[08:11:24] [242/455] MSMD
[08:11:25] [243/455] FMFB
[08:11:26] [244/455] RKCL
[08:11:27] [245/455] PMMC
[08:11:28] [246/455] SKMM
[08:11:29] [247/455] VOIB
[08:11:31] [248/455] KINO
[08:11:32] [249/455] VCTP
[08:11:33] [250/455] PDWR
[08:11:33] 🔄 Identity reset
[08:11:33] 🔄 Identity rotated (every 10 requests)
[08:11:35] [251/455] SAED
[08:11:36] [252/455] SRRT
[08:11:37] [253/455] CVLG
[08:11:38] [254/455] SNGN
[08:11:39] [255/455] SIDA
[08:11:40] [256/455] IMCB
[08:11:42] [257/455] SMHP
[08:11:43] [258/455] GDTY
[08:11:44] [259/455] VYCH
[08:11:45] [260/455] PDYA
[08:11:46] 🔄 Identity reset
[08:11:46] 🔄 Identity rotated (every 10 requests)
[08:11:47] [261/455] RKDO
[08:11:48] [262/455] VECG
[08:11:49] [263/455] NFGD
[08:11:50] [264/455] SNDC
[08:11:51] [265/455] SDJH
[08:11:53] [266/455] HASV
[08:11:54] [267/455] PTYK
[08:11:55] [268/455] MUTB
[08:11:56] [269/455] AMRT
[08:11:57] [270/455] VACD
[08:11:57] 🔄 Identity reset
[08:11:57] 🔄 Identity rotated (every 10 requests)
[08:11:59] [271/455] SKDD
[08:12:00] [272/455] STGR
[08:12:01] [273/455] GDAK
[08:12:02] [274/455] SKHK
[08:12:03] [275/455] SLND
[08:12:03] [276/455] APAP
[08:12:04] [277/455] AYYA
[08:12:06] [278/455] VCCZ
[08:12:07] [279/455] MEML
[08:12:08] [280/455] MAOU
[08:12:09] 🔄 Identity reset
[08:12:09] 🔄 Identity rotated (every 10 requests)
[08:12:10] [281/455] ESND
[08:12:11] [282/455] PTBZ
[08:12:12] [283/455] LBCN
[08:12:14] [284/455] PAWA
[08:12:16] [285/455] ZEIC
[08:12:17] [286/455] CGMM
[08:12:18] [287/455] PJPM
[08:12:19] [288/455] ECMR
[08:12:20] [289/455] SHMZ
[08:12:21] [290/455] STCA
[08:12:22] 🔄 Identity reset
[08:12:22] 🔄 Identity rotated (every 10 requests)
[08:12:22] [291/455] VDRC
[08:12:24] [292/455] SEEM
[08:12:25] [293/455] MKNS
[08:12:26] [294/455] KPPP
[08:12:28] [295/455] CCML
[08:12:29] [296/455] CIBA
[08:12:29] [297/455] NACS
[08:12:31] [298/455] CTMK
[08:12:31] [299/455] CTCT
[08:12:32] [300/455] MCSN
[08:12:33] 🔄 Identity reset
[08:12:33] 🔄 Identity rotated (every 10 requests)
[08:12:34] [301/455] MAXX
[08:12:35] [302/455] MECB
[08:12:35] [303/455] NTBY
[08:12:37] [304/455] UTBI
[08:12:39] [305/455] RADK
[08:12:40] [306/455] STBY
[08:12:41] [307/455] GTBY
[08:12:42] [308/455] RRMB
[08:12:44] [309/455] ABRN
[08:12:45] [310/455] GTSG
[08:12:46] 🔄 Identity reset
[08:12:46] 🔄 Identity rotated (every 10 requests)
[08:12:47] [311/455] GBTG
[08:12:48] [312/455] SBGS
[08:12:50] [313/455] KBPM
[08:12:50] [314/455] SMHT
[08:12:51] [315/455] VTDM
[08:12:52] [316/455] ASCT
[08:12:53] [317/455] AWCT
[08:12:55] [318/455] DCCU
[08:12:56] [319/455] PSCE
[08:12:57] [320/455] KSNY
[08:12:57] 🔄 Identity reset
[08:12:57] 🔄 Identity rotated (every 10 requests)
[08:12:58] [321/455] ACID
[08:12:59] [322/455] LVCD
[08:13:00] [323/455] KSSB
[08:13:01] [324/455] SWTD
[08:13:02] [325/455] RBMR
[08:13:03] [326/455] SCBC
[08:13:04] [327/455] RKME
[08:13:05] [328/455] GALX
[08:13:06] [329/455] GCCH
[08:13:08] [330/455] RATR
[08:13:08] 🔄 Identity reset
[08:13:08] 🔄 Identity rotated (every 10 requests)
[08:13:09] [331/455] GTGA
[08:13:10] [332/455] LTTR
[08:13:10] [333/455] TTAA
[08:13:11] [334/455] TVHP
[08:13:12] [335/455] KVCS
[08:13:13] [336/455] CBMC
[08:13:15] [337/455] MAYJ
[08:13:16] [338/455] INPR
[08:13:17] [339/455] RSSC
[08:13:19] [340/455] PCAN
[08:13:20] 🔄 Identity reset
[08:13:20] 🔄 Identity rotated (every 10 requests)
[08:13:20] [341/455] PVHR
[08:13:21] [342/455] AGSM
[08:13:22] [343/455] PVES
[08:13:23] [344/455] INTO
[08:13:24] [345/455] ACON
[08:13:25] [346/455] PVPZ
[08:13:27] [347/455] PVHC
[08:13:28] [348/455] KSTK
[08:13:29] [349/455] PVSR
[08:13:31] [350/455] ACTN
[08:13:31] 🔄 Identity reset
[08:13:31] 🔄 Identity rotated (every 10 requests)
[08:13:32] [351/455] FMCN
[08:13:32] [352/455] PABC
[08:13:34] [353/455] SUTC
[08:13:35] [354/455] PGMV
[08:13:36] [355/455] GKCP
[08:13:38] [356/455] INCH
[08:13:39] [357/455] MLMT
[08:13:41] [358/455] SSCC
[08:13:41] [359/455] SLMP
[08:13:43] [360/455] VVTN
[08:13:44] 🔄 Identity reset
[08:13:44] 🔄 Identity rotated (every 10 requests)
[08:13:44] [361/455] SBTR
[08:13:45] [362/455] PGRA
[08:13:46] [363/455] PBRM
[08:13:48] [364/455] GCRP
[08:13:49] [365/455] MCSK
[08:13:50] [366/455] NLTC
[08:13:52] [367/455] MTLM
[08:13:52] [368/455] VECT
[08:13:54] [369/455] KMRM
[08:13:55] [370/455] RACM
[08:13:56] 🔄 Identity reset
[08:13:56] 🔄 Identity rotated (every 10 requests)
[08:13:57] [371/455] WSTC
[08:13:59] [372/455] PVTJ
[08:14:00] [373/455] MMKC
[08:14:01] [374/455] SVWT
[08:14:02] [375/455] JOTG
[08:14:03] [376/455] VCDK
[08:14:04] [377/455] ANAC
[08:14:05] [378/455] GRTC
[08:14:07] [379/455] JTPL
[08:14:08] [380/455] VRCP
[08:14:08] 🔄 Identity reset
[08:14:08] 🔄 Identity rotated (every 10 requests)
[08:14:09] [381/455] REMC
[08:14:11] [382/455] ATMG
[08:14:12] [383/455] GAHC
[08:14:13] [384/455] JTMV
[08:14:15] [385/455] OMTT
[08:14:16] [386/455] GKKC
[08:14:18] [387/455] BBPO
[08:14:19] [388/455] ZCBB
[08:14:20] [389/455] DCGO
[08:14:22] [390/455] STOP
[08:14:23] 🔄 Identity reset
[08:14:23] 🔄 Identity rotated (every 10 requests)
[08:14:23] [391/455] BSPC
[08:14:25] [392/455] SOND
[08:14:26] [393/455] GCKG
[08:14:27] [394/455] PCDB
[08:14:28] [395/455] PGRC
[08:14:29] [396/455] CSCT
[08:14:30] [397/455] STDA
[08:14:31] [398/455] JAYD
[08:14:32] [399/455] PPPD
[08:14:33] [400/455] KRTT
[08:14:34] 🔄 Identity reset
[08:14:34] 🔄 Identity rotated (every 10 requests)
[08:14:34] [401/455] PTDT
[08:14:36] [402/455] TRSV
[08:14:37] [403/455] VELR
[08:14:38] [404/455] STDT
[08:14:39] [405/455] SATT
[08:14:40] [406/455] KCPM
[08:14:41] [407/455] MFCP
[08:14:43] [408/455] AXMP
[08:14:43] [409/455] LTVB
[08:14:44] [410/455] APST
[08:14:45] 🔄 Identity reset
[08:14:45] 🔄 Identity rotated (every 10 requests)
[08:14:46] [411/455] DTVP
[08:14:48] [412/455] AAVB
[08:14:50] [413/455] PMBL
[08:14:51] [414/455] STKC
[08:14:52] [415/455] KKMA
[08:14:53] [416/455] NMXS
[08:14:54] [417/455] DECX
[08:14:55] [418/455] MAPJ
[08:14:56] [419/455] SMLK
[08:14:57] [420/455] PMPU
[08:14:58] 🔄 Identity reset
[08:14:58] 🔄 Identity rotated (every 10 requests)
[08:14:58] [421/455] AFST
[08:14:59] [422/455] SRSY
[08:15:01] [423/455] RMKT
[08:15:02] [424/455] RAJX
[08:15:03] [425/455] UVCD
[08:15:04] [426/455] LISA
[08:15:05] [427/455] LMSR
[08:15:06] [428/455] PMCA
[08:15:07] [429/455] INPO
[08:15:09] [430/455] INGO
[08:15:10] 🔄 Identity reset
[08:15:10] 🔄 Identity rotated (every 10 requests)
[08:15:10] [431/455] HFSQ
[08:15:12] [432/455] INMG
[08:15:14] [433/455] NYCP
[08:15:15] [434/455] HFSV
[08:15:16] [435/455] MMZP
[08:15:17] [436/455] KSES
[08:15:18] [437/455] HFSA
[08:15:19] [438/455] ACMM
[08:15:20] [439/455] RCKD
[08:15:22] [440/455] BCKR
[08:15:23] 🔄 Identity reset
[08:15:23] 🔄 Identity rotated (every 10 requests)
[08:15:23] [441/455] SFCO
[08:15:24] [442/455] JCCB
[08:15:25] [443/455] BCCR
[08:15:26] [444/455] NWCB
[08:15:27] [445/455] SAMT
[08:15:28] [446/455] TMST
[08:15:29] [447/455] SJCN
[08:15:30] [448/455] MCBS
[08:15:31] [449/455] CMKR
[08:15:33] [450/455] INPM
[08:15:34] 🔄 Identity reset
[08:15:34] 🔄 Identity rotated (every 10 requests)
[08:15:34] [451/455] WVMT
[08:15:35] [452/455] NYSM
[08:15:36] [453/455] RCMA
[08:15:37] [454/455] RECM
[08:15:38] [455/455] CYCM
[08:15:39] ✅ DONE | Shows=841 | Movies=74
[09:06:18] 🚀 BMS DAILY TRACKER STARTED (enhanced anti‑detection)
[09:06:18] [1/455] MXGN
[09:06:19] 🧠 New identity created
[09:06:19] [2/455] PGGM
[09:06:20] [3/455] IPMJ
[09:06:21] [4/455] M2PP
[09:06:22] [5/455] PMMS
[09:06:22] [6/455] SCJN
[09:06:23] [7/455] CPUM
[09:06:25] [8/455] SCND
[09:06:25] [9/455] INWM
[09:06:26] [10/455] DVDC
[09:06:27] 🔄 Identity reset
[09:06:27] 🔄 Identity rotated (every 10 requests)
[09:06:27] [11/455] WVND
[09:06:28] [12/455] LBDL
[09:06:29] [13/455] CRGM
[09:06:30] [14/455] PVKS
[09:06:31] [15/455] PBLL
[09:06:32] [16/455] FNLN
[09:06:34] [17/455] PPDA
[09:06:35] [18/455] SCPT
[09:06:36] [19/455] IAJS
[09:06:37] [20/455] MMZG
[09:06:38] 🔄 Identity reset
[09:06:38] 🔄 Identity rotated (every 10 requests)
[09:06:38] [21/455] MCTI
[09:06:39] [22/455] PPMF
[09:06:40] [23/455] FNSD
[09:06:42] [24/455] M2RH
[09:06:43] [25/455] CPGV
[09:06:44] [26/455] PECD
[09:06:46] [27/455] CTEE
[09:06:47] [28/455] IOMG
[09:06:48] [29/455] CIJA
[09:06:50] [30/455] NYCG
[09:06:50] 🔄 Identity reset
[09:06:50] 🔄 Identity rotated (every 10 requests)
[09:06:51] [31/455] CEST
[09:06:52] [32/455] WVRG
[09:06:53] [33/455] DPDC
[09:06:54] [34/455] PDIV
[09:06:55] [35/455] MTPP
[09:06:56] [36/455] MHNU
[09:06:57] [37/455] WUPG
[09:06:58] [38/455] USCO
[09:06:59] [39/455] INFR
[09:07:00] [40/455] PVPD
[09:07:00] 🔄 Identity reset
[09:07:00] 🔄 Identity rotated (every 10 requests)
[09:07:02] [41/455] RONC
[09:07:02] [42/455] IOCP
[09:07:03] [43/455] EMPS
[09:07:04] [44/455] PNAD
[09:07:05] [45/455] VVGZ
[09:07:06] [46/455] MDDC
[09:07:07] [47/455] MMAP
[09:07:09] [48/455] GPDC
[09:07:10] [49/455] PVPU
[09:07:11] [50/455] DCMV
[09:07:12] 🔄 Identity reset
[09:07:12] 🔄 Identity rotated (every 10 requests)
[09:07:12] [51/455] PCCF
[09:07:13] [52/455] MCEF
[09:07:14] [53/455] INRD
[09:07:16] [54/455] CCPZ
[09:07:17] [55/455] BCWG
[09:07:18] [56/455] PMGU
[09:07:18] [57/455] MCVM
[09:07:19] [58/455] MCDE
[09:07:20] [59/455] IEFM
[09:07:21] [60/455] MXCS
[09:07:21] 🔄 Identity reset
[09:07:22] 🔄 Identity rotated (every 10 requests)
[09:07:22] [61/455] RNMT
[09:07:23] [62/455] PSDD
[09:07:24] [63/455] PETA
[09:07:25] [64/455] IZOP
[09:07:27] [65/455] PDEI
[09:07:28] [66/455] MTND
[09:07:29] [67/455] PCPL
[09:07:30] [68/455] LSCM
[09:07:31] [69/455] BTFD
[09:07:31] [70/455] MERM
[09:07:32] 🔄 Identity reset
[09:07:32] 🔄 Identity rotated (every 10 requests)
[09:07:32] [71/455] PVMS
[09:07:33] [72/455] CIGK
[09:07:35] [73/455] INSG
[09:07:36] [74/455] IDEN
[09:07:37] [75/455] MCGN
[09:07:38] [76/455] IGAM
[09:07:39] [77/455] SLCU
[09:07:40] [78/455] MIMU
[09:07:41] [79/455] QLAC
[09:07:42] [80/455] MENL
[09:07:43] 🔄 Identity reset
[09:07:43] 🔄 Identity rotated (every 10 requests)
[09:07:43] [81/455] SCUR
[09:07:44] [82/455] MDGD
[09:07:45] [83/455] LSRS
[09:07:46] [84/455] KMLG
[09:07:48] [85/455] MKLJ
[09:07:49] [86/455] IBYG
[09:07:50] [87/455] ISML
[09:07:51] [88/455] MJMM
[09:07:51] [89/455] RCGD
[09:07:52] [90/455] MMOC
[09:07:53] 🔄 Identity reset
[09:07:53] 🔄 Identity rotated (every 10 requests)
[09:07:54] [91/455] RRCO
[09:07:55] [92/455] MEDM
[09:07:55] [93/455] MCAZ
[09:07:57] [94/455] STWA
[09:07:58] [95/455] PFFG
[09:07:58] [96/455] GAGC
[09:07:59] [97/455] PMPM
[09:08:00] [98/455] HVCD
[09:08:01] [99/455] AKRF
[09:08:02] [100/455] AKRC
[09:08:03] 🔄 Identity reset
[09:08:03] 🔄 Identity rotated (every 10 requests)
[09:08:03] [101/455] MIDA
[09:08:05] [102/455] MAGX
[09:08:05] [103/455] ESOS
[09:08:07] [104/455] BBCL
[09:08:08] [105/455] LYAS
[09:08:09] [106/455] NRMS
[09:08:10] [107/455] BHUC
[09:08:11] [108/455] SRIC
[09:08:12] [109/455] PDME
[09:08:13] [110/455] MJCS
[09:08:13] 🔄 Identity reset
[09:08:13] 🔄 Identity rotated (every 10 requests)
[09:08:14] [111/455] NRAA
[09:08:15] [112/455] VATA
[09:08:16] [113/455] MNKC
[09:08:18] [114/455] DHCL
[09:08:19] [115/455] JCPC
[09:08:20] [116/455] CTML
[09:08:22] [117/455] RMMR
[09:08:22] [118/455] STTL
[09:08:23] [119/455] CNPS
[09:08:24] [120/455] ACKL
[09:08:25] 🔄 Identity reset
[09:08:25] 🔄 Identity rotated (every 10 requests)
[09:08:25] [121/455] SCAU
[09:08:26] [122/455] RMIA
[09:08:27] [123/455] MANU
[09:08:28] [124/455] ARDC
[09:08:29] [125/455] GLDA
[09:08:30] [126/455] KVSW
[09:08:31] [127/455] CGCA
[09:08:32] [128/455] CMLO
[09:08:33] [129/455] CECB
[09:08:35] [130/455] RCPN
[09:08:35] 🔄 Identity reset
[09:08:35] 🔄 Identity rotated (every 10 requests)
[09:08:36] [131/455] ASMW
[09:08:38] [132/455] PWLM
[09:08:39] [133/455] ASGM
[09:08:40] [134/455] ACWH
[09:08:41] [135/455] AAPW
[09:08:42] [136/455] RTWA
[09:08:43] [137/455] RAMW
[09:08:44] [138/455] VKTR
[09:08:45] [139/455] SMBH
[09:08:47] [140/455] BVDR
[09:08:47] 🔄 Identity reset
[09:08:47] 🔄 Identity rotated (every 10 requests)
[09:08:48] [141/455] MRTP
[09:08:48] [142/455] BLBR
[09:08:49] [143/455] LPIN
[09:08:50] [144/455] SNPC
[09:08:51] [145/455] PDCB
[09:08:52] [146/455] DYPK
[09:08:53] [147/455] INMK
[09:08:54] [148/455] PDCK
[09:08:55] [149/455] PCKR
[09:08:56] [150/455] SHUA
[09:08:57] 🔄 Identity reset
[09:08:57] 🔄 Identity rotated (every 10 requests)
[09:08:57] [151/455] SCVK
[09:08:59] [152/455] STPA
[09:09:00] [153/455] WVHD
[09:09:01] [154/455] MRCH
[09:09:02] [155/455] MCNP
[09:09:03] [156/455] RCAG
[09:09:05] [157/455] JTSN
[09:09:05] [158/455] AANS
[09:09:07] [159/455] GDDR
[09:09:08] [160/455] SRER
[09:09:09] 🔄 Identity reset
[09:09:09] 🔄 Identity rotated (every 10 requests)
[09:09:09] [161/455] JKMA
[09:09:10] [162/455] ARAN
[09:09:11] [163/455] ALCT
[09:09:12] [164/455] CCTA
[09:09:13] [165/455] CNCT
[09:09:14] [166/455] NZBL
[09:09:15] [167/455] SRRA
[09:09:16] [168/455] SVPW
[09:09:17] [169/455] SRTW
[09:09:18] [170/455] XMTD
[09:09:19] 🔄 Identity reset
[09:09:19] 🔄 Identity rotated (every 10 requests)
[09:09:19] [171/455] SCCZ
[09:09:20] [172/455] PBCR
[09:09:22] [173/455] RTSC
[09:09:22] [174/455] TLSV
[09:09:24] [175/455] RMTK
[09:09:25] [176/455] SRAT
[09:09:26] [177/455] GCYC
[09:09:27] [178/455] HCAJ
[09:09:28] [179/455] LCXA
[09:09:29] [180/455] BINT
[09:09:30] 🔄 Identity reset
[09:09:30] 🔄 Identity rotated (every 10 requests)
[09:09:30] [181/455] IXIM
[09:09:31] [182/455] MBCR
[09:09:32] [183/455] BMCJ
[09:09:33] [184/455] NICJ
[09:09:34] [185/455] SCAJ
[09:09:36] [186/455] CMXS
[09:09:37] [187/455] MMSR
[09:09:37] [188/455] PRKT
[09:09:38] [189/455] LPTH
[09:09:40] [190/455] SARP
[09:09:41] 🔄 Identity reset
[09:09:41] 🔄 Identity rotated (every 10 requests)
[09:09:41] [191/455] MNPP
[09:09:42] [192/455] PRLR
[09:09:43] [193/455] RCMW
[09:09:44] [194/455] FCMG
[09:09:45] [195/455] RTNK
[09:09:46] [196/455] LRCP
[09:09:46] [197/455] DBJR
[09:09:47] [198/455] CACN
[09:09:48] [199/455] AMRL
[09:09:49] [200/455] SBBC
[09:09:50] 🔄 Identity reset
[09:09:50] 🔄 Identity rotated (every 10 requests)
[09:09:51] [201/455] VENN
[09:09:52] [202/455] STSS
[09:09:54] [203/455] SMRB
[09:09:55] [204/455] CCMX
[09:09:56] [205/455] KCMR
[09:09:57] [206/455] SALH
[09:09:58] [207/455] CGTT
[09:09:58] [208/455] PMDR
[09:09:59] [209/455] VCPM
[09:10:01] [210/455] RZMX
[09:10:01] 🔄 Identity reset
[09:10:01] 🔄 Identity rotated (every 10 requests)
[09:10:02] [211/455] TMSY
[09:10:04] [212/455] NTMS
[09:10:05] [213/455] VTAG
[09:10:05] [214/455] REMA
[09:10:06] [215/455] NXCC
[09:10:07] [216/455] SKYM
[09:10:09] [217/455] CCMO
[09:10:10] [218/455] DMXM
[09:10:10] [219/455] SPPM
[09:10:12] [220/455] PTKL
[09:10:12] 🔄 Identity reset
[09:10:13] 🔄 Identity rotated (every 10 requests)
[09:10:13] [221/455] SLVO
[09:10:14] [222/455] VASL
[09:10:15] [223/455] CBCM
[09:10:17] [224/455] STMA
[09:10:18] [225/455] LASK
[09:10:19] [226/455] VITE
[09:10:20] [227/455] AAST
[09:10:21] [228/455] JTPT
[09:10:23] [229/455] RRSH
[09:10:24] [230/455] CINL
[09:10:25] 🔄 Identity reset
[09:10:25] 🔄 Identity rotated (every 10 requests)
[09:10:25] [231/455] MCSR
[09:10:26] [232/455] SBCF
[09:10:26] [233/455] GCDU
[09:10:27] [234/455] PSPR
[09:10:29] [235/455] IMMO
[09:10:30] [236/455] CLGM
[09:10:31] [237/455] PBMM
[09:10:32] [238/455] CEHR
[09:10:33] [239/455] CPOE
[09:10:34] [240/455] PGFD
[09:10:35] 🔄 Identity reset
[09:10:35] 🔄 Identity rotated (every 10 requests)
[09:10:35] [241/455] PSLC
[09:10:36] [242/455] MSMD
[09:10:37] [243/455] FMFB
[09:10:38] [244/455] RKCL
[09:10:39] [245/455] PMMC
[09:10:40] [246/455] SKMM
[09:10:40] [247/455] VOIB
[09:10:41] [248/455] KINO
[09:10:42] [249/455] VCTP
[09:10:43] [250/455] PDWR
[09:10:43] 🔄 Identity reset
[09:10:43] 🔄 Identity rotated (every 10 requests)
[09:10:44] [251/455] SAED
[09:10:45] [252/455] SRRT
[09:10:46] [253/455] CVLG
[09:10:47] [254/455] SNGN
[09:10:49] [255/455] SIDA
[09:10:50] [256/455] IMCB
[09:10:51] [257/455] SMHP
[09:10:53] [258/455] GDTY
[09:10:54] [259/455] VYCH
[09:10:56] [260/455] PDYA
[09:10:56] 🔄 Identity reset
[09:10:56] 🔄 Identity rotated (every 10 requests)
[09:10:57] [261/455] RKDO
[09:10:58] [262/455] VECG
[09:10:59] [263/455] NFGD
[09:11:00] [264/455] SNDC
[09:11:01] [265/455] SDJH
[09:11:02] [266/455] HASV
[09:11:03] [267/455] PTYK
[09:11:04] [268/455] MUTB
[09:11:06] [269/455] AMRT
[09:11:07] [270/455] VACD
[09:11:08] 🔄 Identity reset
[09:11:08] 🔄 Identity rotated (every 10 requests)
[09:11:09] [271/455] SKDD
[09:11:10] [272/455] STGR
[09:11:11] [273/455] GDAK
[09:11:12] [274/455] SKHK
[09:11:13] [275/455] SLND
[09:11:14] [276/455] APAP
[09:11:14] [277/455] AYYA
[09:11:16] [278/455] VCCZ
[09:11:17] [279/455] MEML
[09:11:18] [280/455] MAOU
[09:11:19] 🔄 Identity reset
[09:11:19] 🔄 Identity rotated (every 10 requests)
[09:11:19] [281/455] ESND
[09:11:20] [282/455] PTBZ
[09:11:21] [283/455] LBCN
[09:11:23] [284/455] PAWA
[09:11:24] [285/455] ZEIC
[09:11:25] [286/455] CGMM
[09:11:26] [287/455] PJPM
[09:11:27] [288/455] ECMR
[09:11:28] [289/455] SHMZ
[09:11:29] [290/455] STCA
[09:11:29] 🔄 Identity reset
[09:11:30] 🔄 Identity rotated (every 10 requests)
[09:11:30] [291/455] VDRC
[09:11:31] [292/455] SEEM
[09:11:32] [293/455] MKNS
[09:11:34] [294/455] KPPP
[09:11:35] [295/455] CCML
[09:11:35] [296/455] CIBA
[09:11:36] [297/455] NACS
[09:11:38] [298/455] CTMK
[09:11:40] [299/455] CTCT
[09:11:41] [300/455] MCSN
[09:11:41] 🔄 Identity reset
[09:11:41] 🔄 Identity rotated (every 10 requests)
[09:11:42] [301/455] MAXX
[09:11:43] [302/455] MECB
[09:11:45] [303/455] NTBY
[09:11:46] [304/455] UTBI
[09:11:47] [305/455] RADK
[09:11:48] [306/455] STBY
[09:11:48] [307/455] GTBY
[09:11:50] [308/455] RRMB
[09:11:51] [309/455] ABRN
[09:11:53] [310/455] GTSG
[09:11:53] 🔄 Identity reset
[09:11:53] 🔄 Identity rotated (every 10 requests)
[09:11:54] [311/455] GBTG
[09:11:55] [312/455] SBGS
[09:11:56] [313/455] KBPM
[09:11:57] [314/455] SMHT
[09:11:58] [315/455] VTDM
[09:12:00] [316/455] ASCT
[09:12:00] [317/455] AWCT
[09:12:01] [318/455] DCCU
[09:12:02] [319/455] PSCE
[09:12:03] [320/455] KSNY
[09:12:04] 🔄 Identity reset
[09:12:04] 🔄 Identity rotated (every 10 requests)
[09:12:04] [321/455] ACID
[09:12:05] [322/455] LVCD
[09:12:06] [323/455] KSSB
[09:12:07] [324/455] SWTD
[09:12:08] [325/455] RBMR
[09:12:09] [326/455] SCBC
[09:12:10] [327/455] RKME
[09:12:10] [328/455] GALX
[09:12:11] [329/455] GCCH
[09:12:12] [330/455] RATR
[09:12:13] 🔄 Identity reset
[09:12:13] 🔄 Identity rotated (every 10 requests)
[09:12:14] [331/455] GTGA
[09:12:15] [332/455] LTTR
[09:12:15] [333/455] TTAA
[09:12:16] [334/455] TVHP
[09:12:17] [335/455] KVCS
[09:12:18] [336/455] CBMC
[09:12:19] [337/455] MAYJ
[09:12:20] [338/455] INPR
[09:12:21] [339/455] RSSC
[09:12:22] [340/455] PCAN
[09:12:23] 🔄 Identity reset
[09:12:23] 🔄 Identity rotated (every 10 requests)
[09:12:24] [341/455] PVHR
[09:12:25] [342/455] AGSM
[09:12:25] [343/455] PVES
[09:12:26] [344/455] INTO
[09:12:27] [345/455] ACON
[09:12:29] [346/455] PVPZ
[09:12:30] [347/455] PVHC
[09:12:31] [348/455] KSTK
[09:12:32] [349/455] PVSR
[09:12:34] [350/455] ACTN
[09:12:34] 🔄 Identity reset
[09:12:34] 🔄 Identity rotated (every 10 requests)
[09:12:35] [351/455] FMCN
[09:12:36] [352/455] PABC
[09:12:38] [353/455] SUTC
[09:12:39] [354/455] PGMV
[09:12:40] [355/455] GKCP
[09:12:41] [356/455] INCH
[09:12:41] [357/455] MLMT
[09:12:42] [358/455] SSCC
[09:12:44] [359/455] SLMP
[09:12:45] [360/455] VVTN
[09:12:46] 🔄 Identity reset
[09:12:46] 🔄 Identity rotated (every 10 requests)
[09:12:47] [361/455] SBTR
[09:12:49] [362/455] PGRA
[09:12:50] [363/455] PBRM
[09:12:52] [364/455] GCRP
[09:12:52] [365/455] MCSK
[09:12:53] [366/455] NLTC
[09:12:55] [367/455] MTLM
[09:12:57] [368/455] VECT
[09:12:58] [369/455] KMRM
[09:12:58] [370/455] RACM
[09:12:59] 🔄 Identity reset
[09:12:59] 🔄 Identity rotated (every 10 requests)
[09:12:59] [371/455] WSTC
[09:13:00] [372/455] PVTJ
[09:13:01] [373/455] MMKC
[09:13:02] [374/455] SVWT
[09:13:03] [375/455] JOTG
[09:13:04] [376/455] VCDK
[09:13:05] [377/455] ANAC
[09:13:06] [378/455] GRTC
[09:13:07] [379/455] JTPL
[09:13:08] [380/455] VRCP
[09:13:09] 🔄 Identity reset
[09:13:09] 🔄 Identity rotated (every 10 requests)
[09:13:09] [381/455] REMC
[09:13:10] [382/455] ATMG
[09:13:11] [383/455] GAHC
[09:13:12] [384/455] JTMV
[09:13:13] [385/455] OMTT
[09:13:14] [386/455] GKKC
[09:13:15] [387/455] BBPO
[09:13:15] [388/455] ZCBB
[09:13:17] [389/455] DCGO
[09:13:18] [390/455] STOP
[09:13:19] 🔄 Identity reset
[09:13:19] 🔄 Identity rotated (every 10 requests)
[09:13:19] [391/455] BSPC
[09:13:20] [392/455] SOND
[09:13:21] [393/455] GCKG
[09:13:22] [394/455] PCDB
[09:13:23] [395/455] PGRC
[09:13:25] [396/455] CSCT
[09:13:26] [397/455] STDA
[09:13:27] [398/455] JAYD
[09:13:28] [399/455] PPPD
[09:13:29] [400/455] KRTT
[09:13:29] 🔄 Identity reset
[09:13:29] 🔄 Identity rotated (every 10 requests)
[09:13:30] [401/455] PTDT
[09:13:31] [402/455] TRSV
[09:13:32] [403/455] VELR
[09:13:33] [404/455] STDT
[09:13:34] [405/455] SATT
[09:13:35] [406/455] KCPM
[09:13:37] [407/455] MFCP
[09:13:38] [408/455] AXMP
[09:13:39] [409/455] LTVB
[09:13:40] [410/455] APST
[09:13:41] 🔄 Identity reset
[09:13:41] 🔄 Identity rotated (every 10 requests)
[09:13:42] [411/455] DTVP
[09:13:43] [412/455] AAVB
[09:13:44] [413/455] PMBL
[09:13:45] [414/455] STKC
[09:13:47] [415/455] KKMA
[09:13:47] [416/455] NMXS
[09:13:48] [417/455] DECX
[09:13:49] [418/455] MAPJ
[09:13:50] [419/455] SMLK
[09:13:52] [420/455] PMPU
[09:13:52] 🔄 Identity reset
[09:13:52] 🔄 Identity rotated (every 10 requests)
[09:13:52] [421/455] AFST
[09:13:53] [422/455] SRSY
[09:13:54] [423/455] RMKT
[09:13:55] [424/455] RAJX
[09:13:56] [425/455] UVCD
[09:13:57] [426/455] LISA
[09:13:58] [427/455] LMSR
[09:13:59] [428/455] PMCA
[09:14:00] [429/455] INPO
[09:14:01] [430/455] INGO
[09:14:02] 🔄 Identity reset
[09:14:02] 🔄 Identity rotated (every 10 requests)
[09:14:03] [431/455] HFSQ
[09:14:04] [432/455] INMG
[09:14:05] [433/455] NYCP
[09:14:06] [434/455] HFSV
[09:14:07] [435/455] MMZP
[09:14:09] [436/455] KSES
[09:14:10] [437/455] HFSA
[09:14:11] [438/455] ACMM
[09:14:12] [439/455] RCKD
[09:14:14] [440/455] BCKR
[09:14:14] 🔄 Identity reset
[09:14:14] 🔄 Identity rotated (every 10 requests)
[09:14:15] [441/455] SFCO
[09:14:15] [442/455] JCCB
[09:14:16] [443/455] BCCR
[09:14:17] [444/455] NWCB
[09:14:18] [445/455] SAMT
[09:14:19] [446/455] TMST
[09:14:20] [447/455] SJCN
[09:14:21] [448/455] MCBS
[09:14:22] [449/455] CMKR
[09:14:24] [450/455] INPM
[09:14:24] 🔄 Identity reset
[09:14:24] 🔄 Identity rotated (every 10 requests)
[09:14:25] [451/455] WVMT
[09:14:26] [452/455] NYSM
[09:14:27] [453/455] RCMA
[09:14:28] [454/455] RECM
[09:14:30] [455/455] CYCM
[09:14:31] ✅ DONE | Shows=1235 | Movies=91
[10:06:17] 🚀 BMS DAILY TRACKER STARTED (enhanced anti‑detection)
[10:06:17] [1/455] MXGN
[10:06:17] 🧠 New identity created
[10:06:18] [2/455] PGGM
[10:06:19] [3/455] IPMJ
[10:06:20] [4/455] M2PP
[10:06:22] [5/455] PMMS
[10:06:23] [6/455] SCJN
[10:06:24] [7/455] CPUM
[10:06:25] [8/455] SCND
[10:06:26] [9/455] INWM
[10:06:27] [10/455] DVDC
[10:06:27] 🔄 Identity reset
[10:06:27] 🔄 Identity rotated (every 10 requests)
[10:06:28] [11/455] WVND
[10:06:29] [12/455] LBDL
[10:06:30] [13/455] CRGM
[10:06:31] [14/455] PVKS
[10:06:32] [15/455] PBLL
[10:06:33] [16/455] FNLN
[10:06:34] [17/455] PPDA
[10:06:35] [18/455] SCPT
[10:06:36] [19/455] IAJS
[10:06:37] [20/455] MMZG
[10:06:37] 🔄 Identity reset
[10:06:37] 🔄 Identity rotated (every 10 requests)
[10:06:38] [21/455] MCTI
[10:06:39] [22/455] PPMF
[10:06:40] [23/455] FNSD
[10:06:41] [24/455] M2RH
[10:06:42] [25/455] CPGV
[10:06:43] [26/455] PECD
[10:06:44] [27/455] CTEE
[10:06:46] [28/455] IOMG
[10:06:47] [29/455] CIJA
[10:06:48] [30/455] NYCG
[10:06:49] 🔄 Identity reset
[10:06:49] 🔄 Identity rotated (every 10 requests)
[10:06:49] [31/455] CEST
[10:06:50] [32/455] WVRG
[10:06:51] [33/455] DPDC
[10:06:52] [34/455] PDIV
[10:06:53] [35/455] MTPP
[10:06:54] [36/455] MHNU
[10:06:55] [37/455] WUPG
[10:06:56] [38/455] USCO
[10:06:58] [39/455] INFR
[10:06:59] [40/455] PVPD
[10:06:59] 🔄 Identity reset
[10:06:59] 🔄 Identity rotated (every 10 requests)
[10:07:00] [41/455] RONC
[10:07:00] [42/455] IOCP
[10:07:01] [43/455] EMPS
[10:07:02] [44/455] PNAD
[10:07:03] [45/455] VVGZ
[10:07:04] [46/455] MDDC
[10:07:05] [47/455] MMAP
[10:07:06] [48/455] GPDC
[10:07:07] [49/455] PVPU
[10:07:08] [50/455] DCMV
[10:07:08] 🔄 Identity reset
[10:07:08] 🔄 Identity rotated (every 10 requests)
[10:07:09] [51/455] PCCF
[10:07:10] [52/455] MCEF
[10:07:11] [53/455] INRD
[10:07:12] [54/455] CCPZ
[10:07:14] [55/455] BCWG
[10:07:15] [56/455] PMGU
[10:07:15] [57/455] MCVM
[10:07:16] [58/455] MCDE
[10:07:17] [59/455] IEFM
[10:07:18] [60/455] MXCS
[10:07:19] 🔄 Identity reset
[10:07:19] 🔄 Identity rotated (every 10 requests)
[10:07:19] [61/455] RNMT
[10:07:20] [62/455] PSDD
[10:07:21] [63/455] PETA
[10:07:22] [64/455] IZOP
[10:07:24] [65/455] PDEI
[10:07:25] [66/455] MTND
[10:07:26] [67/455] PCPL
[10:07:27] [68/455] LSCM
[10:07:28] [69/455] BTFD
[10:07:29] [70/455] MERM
[10:07:30] 🔄 Identity reset
[10:07:30] 🔄 Identity rotated (every 10 requests)
[10:07:31] [71/455] PVMS
[10:07:32] [72/455] CIGK
[10:07:34] [73/455] INSG
[10:07:35] [74/455] IDEN
[10:07:36] [75/455] MCGN
[10:07:37] [76/455] IGAM
[10:07:39] [77/455] SLCU
[10:07:40] [78/455] MIMU
[10:07:41] [79/455] QLAC
[10:07:41] [80/455] MENL
[10:07:42] 🔄 Identity reset
[10:07:42] 🔄 Identity rotated (every 10 requests)
[10:07:43] [81/455] SCUR
[10:07:45] [82/455] MDGD
[10:07:46] [83/455] LSRS
[10:07:46] [84/455] KMLG
[10:07:47] [85/455] MKLJ
[10:07:48] [86/455] IBYG
[10:07:49] [87/455] ISML
[10:07:50] [88/455] MJMM
[10:07:51] [89/455] RCGD
[10:07:52] [90/455] MMOC
[10:07:53] 🔄 Identity reset
[10:07:53] 🔄 Identity rotated (every 10 requests)
[10:07:53] [91/455] RRCO
[10:07:55] [92/455] MEDM
[10:07:55] [93/455] MCAZ
[10:07:56] [94/455] STWA
[10:07:58] [95/455] PFFG
[10:07:59] [96/455] GAGC
[10:08:00] [97/455] PMPM
[10:08:02] [98/455] HVCD
[10:08:03] [99/455] AKRF
[10:08:04] [100/455] AKRC
[10:08:05] 🔄 Identity reset
[10:08:05] 🔄 Identity rotated (every 10 requests)
[10:08:05] [101/455] MIDA
[10:08:06] [102/455] MAGX
[10:08:07] [103/455] ESOS
[10:08:08] [104/455] BBCL
[10:08:09] [105/455] LYAS
[10:08:10] [106/455] NRMS
[10:08:11] [107/455] BHUC
[10:08:13] [108/455] SRIC
[10:08:14] [109/455] PDME
[10:08:14] [110/455] MJCS
[10:08:15] 🔄 Identity reset
[10:08:15] 🔄 Identity rotated (every 10 requests)
[10:08:16] [111/455] NRAA
[10:08:17] [112/455] VATA
[10:08:19] [113/455] MNKC
[10:08:19] [114/455] DHCL
[10:08:20] [115/455] JCPC
[10:08:21] [116/455] CTML
[10:08:23] [117/455] RMMR
[10:08:24] [118/455] STTL
[10:08:25] [119/455] CNPS
[10:08:26] [120/455] ACKL
[10:08:27] 🔄 Identity reset
[10:08:27] 🔄 Identity rotated (every 10 requests)
[10:08:27] [121/455] SCAU
[10:08:28] [122/455] RMIA
[10:08:30] [123/455] MANU
[10:08:31] [124/455] ARDC
[10:08:33] [125/455] GLDA
[10:08:33] [126/455] KVSW
[10:08:34] [127/455] CGCA
[10:08:36] [128/455] CMLO
[10:08:37] [129/455] CECB
[10:08:38] [130/455] RCPN
[10:08:38] 🔄 Identity reset
[10:08:38] 🔄 Identity rotated (every 10 requests)
[10:08:40] [131/455] ASMW
[10:08:40] [132/455] PWLM
[10:08:41] [133/455] ASGM
[10:08:42] [134/455] ACWH
[10:08:43] [135/455] AAPW
[10:08:44] [136/455] RTWA
[10:08:45] [137/455] RAMW
[10:08:46] [138/455] VKTR
[10:08:48] [139/455] SMBH
[10:08:48] [140/455] BVDR
[10:08:49] 🔄 Identity reset
[10:08:49] 🔄 Identity rotated (every 10 requests)
[10:08:49] [141/455] MRTP
[10:08:50] [142/455] BLBR
[10:08:51] [143/455] LPIN
[10:08:52] [144/455] SNPC
[10:08:53] [145/455] PDCB
[10:08:54] [146/455] DYPK
[10:08:55] [147/455] INMK
[10:08:56] [148/455] PDCK
[10:08:57] [149/455] PCKR
[10:08:58] [150/455] SHUA
[10:08:59] 🔄 Identity reset
[10:08:59] 🔄 Identity rotated (every 10 requests)
[10:08:59] [151/455] SCVK
[10:09:01] [152/455] STPA
[10:09:02] [153/455] WVHD
[10:09:03] [154/455] MRCH
[10:09:04] [155/455] MCNP
[10:09:05] [156/455] RCAG
[10:09:05] [157/455] JTSN
[10:09:06] [158/455] AANS
[10:09:07] [159/455] GDDR
[10:09:09] [160/455] SRER
[10:09:09] 🔄 Identity reset
[10:09:09] 🔄 Identity rotated (every 10 requests)
[10:09:10] [161/455] JKMA
[10:09:10] [162/455] ARAN
[10:09:12] [163/455] ALCT
[10:09:12] [164/455] CCTA
[10:09:13] [165/455] CNCT
[10:09:15] [166/455] NZBL
[10:09:16] [167/455] SRRA
[10:09:16] [168/455] SVPW
[10:09:17] [169/455] SRTW
[10:09:18] [170/455] XMTD
[10:09:19] 🔄 Identity reset
[10:09:19] 🔄 Identity rotated (every 10 requests)
[10:09:19] [171/455] SCCZ
[10:09:20] [172/455] PBCR
[10:09:21] [173/455] RTSC
[10:09:21] [174/455] TLSV
[10:09:22] [175/455] RMTK
[10:09:23] [176/455] SRAT
[10:09:24] [177/455] GCYC
[10:09:25] [178/455] HCAJ
[10:09:26] [179/455] LCXA
[10:09:27] [180/455] BINT
[10:09:28] 🔄 Identity reset
[10:09:28] 🔄 Identity rotated (every 10 requests)
[10:09:29] [181/455] IXIM
[10:09:30] [182/455] MBCR
[10:09:31] [183/455] BMCJ
[10:09:32] [184/455] NICJ
[10:09:33] [185/455] SCAJ
[10:09:34] [186/455] CMXS
[10:09:35] [187/455] MMSR
[10:09:36] [188/455] PRKT
[10:09:37] [189/455] LPTH
[10:09:39] [190/455] SARP
[10:09:39] 🔄 Identity reset
[10:09:39] 🔄 Identity rotated (every 10 requests)
[10:09:40] [191/455] MNPP
[10:09:41] [192/455] PRLR
[10:09:42] [193/455] RCMW
[10:09:43] [194/455] FCMG
[10:09:44] [195/455] RTNK
[10:09:45] [196/455] LRCP
[10:09:46] [197/455] DBJR
[10:09:47] [198/455] CACN
[10:09:48] [199/455] AMRL
[10:09:49] [200/455] SBBC
[10:09:49] 🔄 Identity reset
[10:09:49] 🔄 Identity rotated (every 10 requests)
[10:09:51] [201/455] VENN
[10:09:51] [202/455] STSS
[10:09:52] [203/455] SMRB
[10:09:53] [204/455] CCMX
[10:09:54] [205/455] KCMR
[10:09:55] [206/455] SALH
[10:09:56] [207/455] CGTT
[10:09:57] [208/455] PMDR
[10:09:58] [209/455] VCPM
[10:09:59] [210/455] RZMX
[10:09:59] 🔄 Identity reset
[10:09:59] 🔄 Identity rotated (every 10 requests)
[10:10:00] [211/455] TMSY
[10:10:01] [212/455] NTMS
[10:10:02] [213/455] VTAG
[10:10:04] [214/455] REMA
[10:10:05] [215/455] NXCC
[10:10:06] [216/455] SKYM
[10:10:08] [217/455] CCMO
[10:10:09] [218/455] DMXM
[10:10:10] [219/455] SPPM
[10:10:11] [220/455] PTKL
[10:10:12] 🔄 Identity reset
[10:10:12] 🔄 Identity rotated (every 10 requests)
[10:10:12] [221/455] SLVO
[10:10:13] [222/455] VASL
[10:10:14] [223/455] CBCM
[10:10:15] [224/455] STMA
[10:10:15] [225/455] LASK
[10:10:16] [226/455] VITE
[10:10:17] [227/455] AAST
[10:10:18] [228/455] JTPT
[10:10:19] [229/455] RRSH
[10:10:20] [230/455] CINL
[10:10:21] 🔄 Identity reset
[10:10:21] 🔄 Identity rotated (every 10 requests)
[10:10:22] [231/455] MCSR
[10:10:22] [232/455] SBCF
[10:10:23] [233/455] GCDU
[10:10:24] [234/455] PSPR
[10:10:25] [235/455] IMMO
[10:10:27] [236/455] CLGM
[10:10:28] [237/455] PBMM
[10:10:29] [238/455] CEHR
[10:10:30] [239/455] CPOE
[10:10:31] [240/455] PGFD
[10:10:32] 🔄 Identity reset
[10:10:32] 🔄 Identity rotated (every 10 requests)
[10:10:32] [241/455] PSLC
[10:10:33] [242/455] MSMD
[10:10:34] [243/455] FMFB
[10:10:35] [244/455] RKCL
[10:10:36] [245/455] PMMC
[10:10:37] [246/455] SKMM
[10:10:38] [247/455] VOIB
[10:10:39] [248/455] KINO
[10:10:40] [249/455] VCTP
[10:10:41] [250/455] PDWR
[10:10:41] 🔄 Identity reset
[10:10:41] 🔄 Identity rotated (every 10 requests)
[10:10:42] [251/455] SAED
[10:10:43] [252/455] SRRT
[10:10:44] [253/455] CVLG
[10:10:45] [254/455] SNGN
[10:10:46] [255/455] SIDA
[10:10:47] [256/455] IMCB
[10:10:48] [257/455] SMHP
[10:10:49] [258/455] GDTY
[10:10:50] [259/455] VYCH
[10:10:52] [260/455] PDYA
[10:10:52] 🔄 Identity reset
[10:10:52] 🔄 Identity rotated (every 10 requests)
[10:10:52] [261/455] RKDO
[10:10:53] [262/455] VECG
[10:10:54] [263/455] NFGD
[10:10:55] [264/455] SNDC
[10:10:56] [265/455] SDJH
[10:10:57] [266/455] HASV
[10:10:58] [267/455] PTYK
[10:10:59] [268/455] MUTB
[10:11:00] [269/455] AMRT
[10:11:01] [270/455] VACD
[10:11:01] 🔄 Identity reset
[10:11:01] 🔄 Identity rotated (every 10 requests)
[10:11:02] [271/455] SKDD
[10:11:03] [272/455] STGR
[10:11:05] [273/455] GDAK
[10:11:06] [274/455] SKHK
[10:11:06] [275/455] SLND
[10:11:07] [276/455] APAP
[10:11:08] [277/455] AYYA
[10:11:09] [278/455] VCCZ
[10:11:10] [279/455] MEML
[10:11:11] [280/455] MAOU
[10:11:12] 🔄 Identity reset
[10:11:12] 🔄 Identity rotated (every 10 requests)
[10:11:12] [281/455] ESND
[10:11:13] [282/455] PTBZ
[10:11:14] [283/455] LBCN
[10:11:15] [284/455] PAWA
[10:11:15] [285/455] ZEIC
[10:11:17] [286/455] CGMM
[10:11:18] [287/455] PJPM
[10:11:19] [288/455] ECMR
[10:11:20] [289/455] SHMZ
[10:11:21] [290/455] STCA
[10:11:22] 🔄 Identity reset
[10:11:22] 🔄 Identity rotated (every 10 requests)
[10:11:22] [291/455] VDRC
[10:11:23] [292/455] SEEM
[10:11:24] [293/455] MKNS
[10:11:26] [294/455] KPPP
[10:11:27] [295/455] CCML
[10:11:27] [296/455] CIBA
[10:11:28] [297/455] NACS
[10:11:29] [298/455] CTMK
[10:11:30] [299/455] CTCT
[10:11:32] [300/455] MCSN
[10:11:32] 🔄 Identity reset
[10:11:32] 🔄 Identity rotated (every 10 requests)
[10:11:33] [301/455] MAXX
[10:11:34] [302/455] MECB
[10:11:35] [303/455] NTBY
[10:11:35] [304/455] UTBI
[10:11:36] [305/455] RADK
[10:11:37] [306/455] STBY
[10:11:38] [307/455] GTBY
[10:11:39] [308/455] RRMB
[10:11:40] [309/455] ABRN
[10:11:41] [310/455] GTSG
[10:11:42] 🔄 Identity reset
[10:11:42] 🔄 Identity rotated (every 10 requests)
[10:11:43] [311/455] GBTG
[10:11:44] [312/455] SBGS
[10:11:44] [313/455] KBPM
[10:11:45] [314/455] SMHT
[10:11:47] [315/455] VTDM
[10:11:48] [316/455] ASCT
[10:11:49] [317/455] AWCT
[10:11:50] [318/455] DCCU
[10:11:51] [319/455] PSCE
[10:11:52] [320/455] KSNY
[10:11:53] 🔄 Identity reset
[10:11:53] 🔄 Identity rotated (every 10 requests)
[10:11:53] [321/455] ACID
[10:11:54] [322/455] LVCD
[10:11:56] [323/455] KSSB
[10:11:57] [324/455] SWTD
[10:11:58] [325/455] RBMR
[10:11:59] [326/455] SCBC
[10:12:00] [327/455] RKME
[10:12:01] [328/455] GALX
[10:12:02] [329/455] GCCH
[10:12:03] [330/455] RATR
[10:12:04] 🔄 Identity reset
[10:12:04] 🔄 Identity rotated (every 10 requests)
[10:12:04] [331/455] GTGA
[10:12:05] [332/455] LTTR
[10:12:06] [333/455] TTAA
[10:12:07] [334/455] TVHP
[10:12:07] [335/455] KVCS
[10:12:08] [336/455] CBMC
[10:12:09] [337/455] MAYJ
[10:12:10] [338/455] INPR
[10:12:11] [339/455] RSSC
[10:12:12] [340/455] PCAN
[10:12:12] 🔄 Identity reset
[10:12:12] 🔄 Identity rotated (every 10 requests)
[10:12:13] [341/455] PVHR
[10:12:13] [342/455] AGSM
[10:12:14] [343/455] PVES
[10:12:15] [344/455] INTO
[10:12:16] [345/455] ACON
[10:12:17] [346/455] PVPZ
[10:12:18] [347/455] PVHC
[10:12:19] [348/455] KSTK
[10:12:19] [349/455] PVSR
[10:12:20] [350/455] ACTN
[10:12:21] 🔄 Identity reset
[10:12:21] 🔄 Identity rotated (every 10 requests)
[10:12:21] [351/455] FMCN
[10:12:22] [352/455] PABC
[10:12:23] [353/455] SUTC
[10:12:24] [354/455] PGMV
[10:12:25] [355/455] GKCP
[10:12:26] [356/455] INCH
[10:12:28] [357/455] MLMT
[10:12:28] [358/455] SSCC
[10:12:29] [359/455] SLMP
[10:12:30] [360/455] VVTN
[10:12:31] 🔄 Identity reset
[10:12:31] 🔄 Identity rotated (every 10 requests)
[10:12:31] [361/455] SBTR
[10:12:33] [362/455] PGRA
[10:12:33] [363/455] PBRM
[10:12:35] [364/455] GCRP
[10:12:36] [365/455] MCSK
[10:12:38] [366/455] NLTC
[10:12:38] [367/455] MTLM
[10:12:39] [368/455] VECT
[10:12:40] [369/455] KMRM
[10:12:41] [370/455] RACM
[10:12:42] 🔄 Identity reset
[10:12:42] 🔄 Identity rotated (every 10 requests)
[10:12:42] [371/455] WSTC
[10:12:43] [372/455] PVTJ
[10:12:44] [373/455] MMKC
[10:12:45] [374/455] SVWT
[10:12:45] [375/455] JOTG
[10:12:46] [376/455] VCDK
[10:12:47] [377/455] ANAC
[10:12:48] [378/455] GRTC
[10:12:49] [379/455] JTPL
[10:12:50] [380/455] VRCP
[10:12:50] 🔄 Identity reset
[10:12:50] 🔄 Identity rotated (every 10 requests)
[10:12:51] [381/455] REMC
[10:12:51] [382/455] ATMG
[10:12:52] [383/455] GAHC
[10:12:53] [384/455] JTMV
[10:12:55] [385/455] OMTT
[10:12:56] [386/455] GKKC
[10:12:57] [387/455] BBPO
[10:12:58] [388/455] ZCBB
[10:12:59] [389/455] DCGO
[10:13:00] [390/455] STOP
[10:13:00] 🔄 Identity reset
[10:13:00] 🔄 Identity rotated (every 10 requests)
[10:13:01] [391/455] BSPC
[10:13:02] [392/455] SOND
[10:13:02] [393/455] GCKG
[10:13:03] [394/455] PCDB
[10:13:04] [395/455] PGRC
[10:13:05] [396/455] CSCT
[10:13:06] [397/455] STDA
[10:13:07] [398/455] JAYD
[10:13:08] [399/455] PPPD
[10:13:09] [400/455] KRTT
[10:13:10] 🔄 Identity reset
[10:13:10] 🔄 Identity rotated (every 10 requests)
[10:13:11] [401/455] PTDT
[10:13:12] [402/455] TRSV
[10:13:13] [403/455] VELR
[10:13:14] [404/455] STDT
[10:13:15] [405/455] SATT
[10:13:16] [406/455] KCPM
[10:13:17] [407/455] MFCP
[10:13:18] [408/455] AXMP
[10:13:19] [409/455] LTVB
[10:13:20] [410/455] APST
[10:13:21] 🔄 Identity reset
[10:13:21] 🔄 Identity rotated (every 10 requests)
[10:13:21] [411/455] DTVP
[10:13:22] [412/455] AAVB
[10:13:23] [413/455] PMBL
[10:13:24] [414/455] STKC
[10:13:25] [415/455] KKMA
[10:13:25] [416/455] NMXS
[10:13:26] [417/455] DECX
[10:13:27] [418/455] MAPJ
[10:13:28] [419/455] SMLK
[10:13:29] [420/455] PMPU
[10:13:30] 🔄 Identity reset
[10:13:30] 🔄 Identity rotated (every 10 requests)
[10:13:30] [421/455] AFST
[10:13:31] [422/455] SRSY
[10:13:32] [423/455] RMKT
[10:13:33] [424/455] RAJX
[10:13:34] [425/455] UVCD
[10:13:35] [426/455] LISA
[10:13:36] [427/455] LMSR
[10:13:37] [428/455] PMCA
[10:13:38] [429/455] INPO
[10:13:39] [430/455] INGO
[10:13:40] 🔄 Identity reset
[10:13:40] 🔄 Identity rotated (every 10 requests)
[10:13:40] [431/455] HFSQ
[10:13:41] [432/455] INMG
[10:13:42] [433/455] NYCP
[10:13:43] [434/455] HFSV
[10:13:44] [435/455] MMZP
[10:13:45] [436/455] KSES
[10:13:46] [437/455] HFSA
[10:13:48] [438/455] ACMM
[10:13:49] [439/455] RCKD
[10:13:49] [440/455] BCKR
[10:13:50] 🔄 Identity reset
[10:13:50] 🔄 Identity rotated (every 10 requests)
[10:13:50] [441/455] SFCO
[10:13:51] [442/455] JCCB
[10:13:52] [443/455] BCCR
[10:13:53] [444/455] NWCB
[10:13:54] [445/455] SAMT
[10:13:54] [446/455] TMST
[10:13:55] [447/455] SJCN
[10:13:56] [448/455] MCBS
[10:13:57] [449/455] CMKR
[10:13:58] [450/455] INPM
[10:13:59] 🔄 Identity reset
[10:13:59] 🔄 Identity rotated (every 10 requests)
[10:13:59] [451/455] WVMT
[10:14:00] [452/455] NYSM
[10:14:01] [453/455] RCMA
[10:14:02] [454/455] RECM
[10:14:03] [455/455] CYCM
[10:14:04] ✅ DONE | Shows=1605 | Movies=97
[11:06:33] 🚀 BMS DAILY TRACKER STARTED (enhanced anti‑detection)
[11:06:33] [1/455] MXGN
[11:06:34] 🧠 New identity created
[11:06:34] 🔄 Retry 1/5 for MXGN in 2.1s
[11:06:34] 🔄 Identity reset
[11:06:36] 🧠 New identity created
[11:06:36] [2/455] PGGM
[11:06:38] [3/455] IPMJ
[11:06:39] [4/455] M2PP
[11:06:40] [5/455] PMMS
[11:06:41] [6/455] SCJN
[11:06:42] [7/455] CPUM
[11:06:43] [8/455] SCND
[11:06:44] [9/455] INWM
[11:06:45] 🔄 Identity reset
[11:06:45] 🔄 Identity rotated (every 10 requests)
[11:06:46] [10/455] DVDC
[11:06:47] [11/455] WVND
[11:06:48] [12/455] LBDL
[11:06:49] [13/455] CRGM
[11:06:50] [14/455] PVKS
[11:06:51] [15/455] PBLL
[11:06:52] [16/455] FNLN
[11:06:53] [17/455] PPDA
[11:06:54] [18/455] SCPT
[11:06:55] [19/455] IAJS
[11:06:55] 🔄 Identity reset
[11:06:55] 🔄 Identity rotated (every 10 requests)
[11:06:56] [20/455] MMZG
[11:06:57] [21/455] MCTI
[11:06:58] [22/455] PPMF
[11:06:58] [23/455] FNSD
[11:06:59] [24/455] M2RH
[11:07:00] [25/455] CPGV
[11:07:02] [26/455] PECD
[11:07:02] [27/455] CTEE
[11:07:04] [28/455] IOMG
[11:07:05] [29/455] CIJA
[11:07:05] 🔄 Identity reset
[11:07:05] 🔄 Identity rotated (every 10 requests)
[11:07:06] [30/455] NYCG
[11:07:07] [31/455] CEST
[11:07:09] [32/455] WVRG
[11:07:10] [33/455] DPDC
[11:07:11] [34/455] PDIV
[11:07:12] [35/455] MTPP
[11:07:13] [36/455] MHNU
[11:07:14] [37/455] WUPG
[11:07:15] [38/455] USCO
[11:07:16] [39/455] INFR
[11:07:17] 🔄 Identity reset
[11:07:17] 🔄 Identity rotated (every 10 requests)
[11:07:17] 🔄 Retry 1/5 for INFR in 2.5s
[11:07:17] 🔄 Identity reset
[11:07:20] 🧠 New identity created
[11:07:20] 🔄 Retry 2/5 for INFR in 4.7s
[11:07:20] 🔄 Identity reset
[11:07:24] 🧠 New identity created
[11:07:25] [40/455] PVPD
[11:07:27] [41/455] RONC
[11:07:28] [42/455] IOCP
[11:07:29] [43/455] EMPS
[11:07:29] [44/455] PNAD
[11:07:30] [45/455] VVGZ
[11:07:31] [46/455] MDDC
[11:07:33] [47/455] MMAP
[11:07:34] 🔄 Identity reset
[11:07:34] 🔄 Identity rotated (every 10 requests)
[11:07:34] [48/455] GPDC
[11:07:35] [49/455] PVPU
[11:07:37] [50/455] DCMV
[11:07:38] [51/455] PCCF
[11:07:39] [52/455] MCEF
[11:07:40] [53/455] INRD
[11:07:41] [54/455] CCPZ
[11:07:42] [55/455] BCWG
[11:07:43] [56/455] PMGU
[11:07:44] [57/455] MCVM
[11:07:45] 🔄 Identity reset
[11:07:45] 🔄 Identity rotated (every 10 requests)
[11:07:45] [58/455] MCDE
[11:07:46] [59/455] IEFM
[11:07:47] [60/455] MXCS
[11:07:48] [61/455] RNMT
[11:07:50] [62/455] PSDD
[11:07:52] [63/455] PETA
[11:07:52] [64/455] IZOP
[11:07:54] [65/455] PDEI
[11:07:55] [66/455] MTND
[11:07:55] [67/455] PCPL
[11:07:56] 🔄 Identity reset
[11:07:56] 🔄 Identity rotated (every 10 requests)
[11:07:56] [68/455] LSCM
[11:07:57] [69/455] BTFD
[11:07:59] [70/455] MERM
[11:08:00] [71/455] PVMS
[11:08:01] [72/455] CIGK
[11:08:02] [73/455] INSG
[11:08:03] [74/455] IDEN
[11:08:04] [75/455] MCGN
[11:08:05] [76/455] IGAM
[11:08:06] [77/455] SLCU
[11:08:06] 🔄 Identity reset
[11:08:06] 🔄 Identity rotated (every 10 requests)
[11:08:07] [78/455] MIMU
[11:08:08] [79/455] QLAC
[11:08:09] [80/455] MENL
[11:08:10] [81/455] SCUR
[11:08:11] [82/455] MDGD
[11:08:12] [83/455] LSRS
[11:08:13] [84/455] KMLG
[11:08:14] [85/455] MKLJ
[11:08:15] [86/455] IBYG
[11:08:16] [87/455] ISML
[11:08:16] 🔄 Identity reset
[11:08:16] 🔄 Identity rotated (every 10 requests)
[11:08:17] [88/455] MJMM
[11:08:19] [89/455] RCGD
[11:08:19] [90/455] MMOC
[11:08:21] [91/455] RRCO
[11:08:21] [92/455] MEDM
[11:08:22] [93/455] MCAZ
[11:08:23] [94/455] STWA
[11:08:24] [95/455] PFFG
[11:08:25] [96/455] GAGC
[11:08:27] [97/455] PMPM
[11:08:27] 🔄 Identity reset
[11:08:27] 🔄 Identity rotated (every 10 requests)
[11:08:28] [98/455] HVCD
[11:08:29] [99/455] AKRF
[11:08:30] [100/455] AKRC
[11:08:31] [101/455] MIDA
[11:08:32] [102/455] MAGX
[11:08:33] [103/455] ESOS
[11:08:33] [104/455] BBCL
[11:08:34] [105/455] LYAS
[11:08:35] [106/455] NRMS
[11:08:36] [107/455] BHUC
[11:08:37] 🔄 Identity reset
[11:08:37] 🔄 Identity rotated (every 10 requests)
[11:08:37] [108/455] SRIC
[11:08:39] [109/455] PDME
[11:08:39] [110/455] MJCS
[11:08:41] [111/455] NRAA
[11:08:42] [112/455] VATA
[11:08:42] [113/455] MNKC
[11:08:43] [114/455] DHCL
[11:08:44] [115/455] JCPC
[11:08:45] [116/455] CTML
[11:08:46] [117/455] RMMR
[11:08:47] 🔄 Identity reset
[11:08:47] 🔄 Identity rotated (every 10 requests)
[11:08:47] [118/455] STTL
[11:08:48] [119/455] CNPS
[11:08:50] [120/455] ACKL
[11:08:51] [121/455] SCAU
[11:08:52] [122/455] RMIA
[11:08:53] [123/455] MANU
[11:08:54] [124/455] ARDC
[11:08:55] [125/455] GLDA
[11:08:56] [126/455] KVSW
[11:08:56] [127/455] CGCA
[11:08:57] 🔄 Identity reset
[11:08:57] 🔄 Identity rotated (every 10 requests)
[11:08:58] [128/455] CMLO
[11:08:59] [129/455] CECB
[11:09:00] [130/455] RCPN
[11:09:01] [131/455] ASMW
[11:09:02] [132/455] PWLM
[11:09:03] [133/455] ASGM
[11:09:04] [134/455] ACWH
[11:09:05] [135/455] AAPW
[11:09:06] [136/455] RTWA
[11:09:07] [137/455] RAMW
[11:09:08] 🔄 Identity reset
[11:09:08] 🔄 Identity rotated (every 10 requests)
[11:09:08] [138/455] VKTR
[11:09:09] [139/455] SMBH
[11:09:10] [140/455] BVDR
[11:09:11] [141/455] MRTP
[11:09:12] [142/455] BLBR
[11:09:13] [143/455] LPIN
[11:09:14] [144/455] SNPC
[11:09:15] [145/455] PDCB
[11:09:16] [146/455] DYPK
[11:09:17] [147/455] INMK
[11:09:17] 🔄 Identity reset
[11:09:17] 🔄 Identity rotated (every 10 requests)
[11:09:19] [148/455] PDCK
[11:09:20] [149/455] PCKR
[11:09:21] [150/455] SHUA
[11:09:22] [151/455] SCVK
[11:09:23] [152/455] STPA
[11:09:25] [153/455] WVHD
[11:09:26] [154/455] MRCH
[11:09:27] [155/455] MCNP
[11:09:28] [156/455] RCAG
[11:09:29] [157/455] JTSN
[11:09:29] 🔄 Identity reset
[11:09:29] 🔄 Identity rotated (every 10 requests)
[11:09:31] [158/455] AANS
[11:09:31] [159/455] GDDR
[11:09:32] [160/455] SRER
[11:09:34] [161/455] JKMA
[11:09:35] [162/455] ARAN
[11:09:36] [163/455] ALCT
[11:09:37] [164/455] CCTA
[11:09:37] [165/455] CNCT
[11:09:38] [166/455] NZBL
[11:09:39] [167/455] SRRA
[11:09:40] 🔄 Identity reset
[11:09:40] 🔄 Identity rotated (every 10 requests)
[11:09:40] [168/455] SVPW
[11:09:41] [169/455] SRTW
[11:09:42] [170/455] XMTD
[11:09:43] [171/455] SCCZ
[11:09:44] [172/455] PBCR
[11:09:45] [173/455] RTSC
[11:09:46] [174/455] TLSV
[11:09:48] [175/455] RMTK
[11:09:49] [176/455] SRAT
[11:09:50] [177/455] GCYC
[11:09:51] 🔄 Identity reset
[11:09:51] 🔄 Identity rotated (every 10 requests)
[11:09:51] [178/455] HCAJ
[11:09:52] [179/455] LCXA
[11:09:54] [180/455] BINT
[11:09:55] [181/455] IXIM
[11:09:56] [182/455] MBCR
[11:09:57] [183/455] BMCJ
[11:09:58] [184/455] NICJ
[11:09:59] [185/455] SCAJ
[11:10:00] [186/455] CMXS
[11:10:01] [187/455] MMSR
[11:10:02] 🔄 Identity reset
[11:10:02] 🔄 Identity rotated (every 10 requests)
[11:10:03] [188/455] PRKT
[11:10:04] [189/455] LPTH
[11:10:05] [190/455] SARP
[11:10:06] [191/455] MNPP
[11:10:07] [192/455] PRLR
[11:10:08] [193/455] RCMW
[11:10:09] [194/455] FCMG
[11:10:11] [195/455] RTNK
[11:10:12] [196/455] LRCP
[11:10:12] [197/455] DBJR
[11:10:13] 🔄 Identity reset
[11:10:13] 🔄 Identity rotated (every 10 requests)
[11:10:13] [198/455] CACN
[11:10:14] [199/455] AMRL
[11:10:15] [200/455] SBBC
[11:10:16] [201/455] VENN
[11:10:17] [202/455] STSS
[11:10:18] [203/455] SMRB
[11:10:19] [204/455] CCMX
[11:10:19] [205/455] KCMR
[11:10:20] [206/455] SALH
[11:10:21] [207/455] CGTT
[11:10:22] 🔄 Identity reset
[11:10:22] 🔄 Identity rotated (every 10 requests)
[11:10:22] [208/455] PMDR
[11:10:23] [209/455] VCPM
[11:10:24] [210/455] RZMX
[11:10:25] [211/455] TMSY
[11:10:26] [212/455] NTMS
[11:10:27] [213/455] VTAG
[11:10:28] [214/455] REMA
[11:10:29] [215/455] NXCC
[11:10:30] [216/455] SKYM
[11:10:32] [217/455] CCMO
[11:10:32] 🔄 Identity reset
[11:10:32] 🔄 Identity rotated (every 10 requests)
[11:10:33] [218/455] DMXM
[11:10:34] [219/455] SPPM
[11:10:35] [220/455] PTKL
[11:10:35] [221/455] SLVO
[11:10:37] [222/455] VASL
[11:10:37] [223/455] CBCM
[11:10:38] [224/455] STMA
[11:10:40] [225/455] LASK
[11:10:41] [226/455] VITE
[11:10:42] [227/455] AAST
[11:10:43] 🔄 Identity reset
[11:10:43] 🔄 Identity rotated (every 10 requests)
[11:10:43] [228/455] JTPT
[11:10:44] [229/455] RRSH
[11:10:45] [230/455] CINL
[11:10:46] [231/455] MCSR
[11:10:47] [232/455] SBCF
[11:10:48] [233/455] GCDU
[11:10:49] [234/455] PSPR
[11:10:50] [235/455] IMMO
[11:10:51] [236/455] CLGM
[11:10:52] [237/455] PBMM
[11:10:53] 🔄 Identity reset
[11:10:53] 🔄 Identity rotated (every 10 requests)
[11:10:53] 🔄 Retry 1/5 for PBMM in 2.7s
[11:10:53] 🔄 Identity reset
[11:10:56] 🧠 New identity created
[11:10:56] [238/455] CEHR
[11:10:57] [239/455] CPOE
[11:10:58] [240/455] PGFD
[11:10:59] [241/455] PSLC
[11:11:00] [242/455] MSMD
[11:11:00] [243/455] FMFB
[11:11:02] [244/455] RKCL
[11:11:03] [245/455] PMMC
[11:11:04] [246/455] SKMM
[11:11:05] 🔄 Identity reset
[11:11:05] 🔄 Identity rotated (every 10 requests)
[11:11:05] [247/455] VOIB
[11:11:06] [248/455] KINO
[11:11:08] [249/455] VCTP
[11:11:09] [250/455] PDWR
[11:11:10] [251/455] SAED
[11:11:11] [252/455] SRRT
[11:11:11] [253/455] CVLG
[11:11:13] [254/455] SNGN
[11:11:14] [255/455] SIDA
[11:11:15] [256/455] IMCB
[11:11:16] 🔄 Identity reset
[11:11:16] 🔄 Identity rotated (every 10 requests)
[11:11:16] [257/455] SMHP
[11:11:17] [258/455] GDTY
[11:11:18] [259/455] VYCH
[11:11:19] [260/455] PDYA
[11:11:20] [261/455] RKDO
[11:11:21] [262/455] VECG
[11:11:22] [263/455] NFGD
[11:11:23] [264/455] SNDC
[11:11:24] [265/455] SDJH
[11:11:25] [266/455] HASV
[11:11:25] 🔄 Identity reset
[11:11:25] 🔄 Identity rotated (every 10 requests)
[11:11:26] [267/455] PTYK
[11:11:27] [268/455] MUTB
[11:11:28] [269/455] AMRT
[11:11:29] [270/455] VACD
[11:11:31] [271/455] SKDD
[11:11:32] [272/455] STGR
[11:11:33] [273/455] GDAK
[11:11:34] [274/455] SKHK
[11:11:36] [275/455] SLND
[11:11:37] [276/455] APAP
[11:11:38] 🔄 Identity reset
[11:11:38] 🔄 Identity rotated (every 10 requests)
[11:11:38] [277/455] AYYA
[11:11:39] [278/455] VCCZ
[11:11:41] [279/455] MEML
[11:11:42] [280/455] MAOU
[11:11:44] [281/455] ESND
[11:11:45] [282/455] PTBZ
[11:11:46] [283/455] LBCN
[11:11:47] [284/455] PAWA
[11:11:48] [285/455] ZEIC
[11:11:49] [286/455] CGMM
[11:11:49] 🔄 Identity reset
[11:11:49] 🔄 Identity rotated (every 10 requests)
[11:11:50] [287/455] PJPM
[11:11:51] [288/455] ECMR
[11:11:51] [289/455] SHMZ
[11:11:52] [290/455] STCA
[11:11:54] [291/455] VDRC
[11:11:55] [292/455] SEEM
[11:11:55] [293/455] MKNS
[11:11:57] [294/455] KPPP
[11:11:57] [295/455] CCML
[11:11:58] [296/455] CIBA
[11:11:59] 🔄 Identity reset
[11:11:59] 🔄 Identity rotated (every 10 requests)
[11:11:59] [297/455] NACS
[11:12:00] [298/455] CTMK
[11:12:01] [299/455] CTCT
[11:12:02] [300/455] MCSN
[11:12:03] [301/455] MAXX
[11:12:04] [302/455] MECB
[11:12:05] [303/455] NTBY
[11:12:06] [304/455] UTBI
[11:12:07] [305/455] RADK
[11:12:08] [306/455] STBY
[11:12:09] 🔄 Identity reset
[11:12:09] 🔄 Identity rotated (every 10 requests)
[11:12:09] [307/455] GTBY
[11:12:10] [308/455] RRMB
[11:12:11] [309/455] ABRN
[11:12:12] [310/455] GTSG
[11:12:13] [311/455] GBTG
[11:12:14] [312/455] SBGS
[11:12:15] [313/455] KBPM
[11:12:16] [314/455] SMHT
[11:12:17] [315/455] VTDM
[11:12:18] [316/455] ASCT
[11:12:18] 🔄 Identity reset
[11:12:18] 🔄 Identity rotated (every 10 requests)
[11:12:19] [317/455] AWCT
[11:12:20] [318/455] DCCU
[11:12:21] [319/455] PSCE
[11:12:22] [320/455] KSNY
[11:12:22] [321/455] ACID
[11:12:24] [322/455] LVCD
[11:12:25] [323/455] KSSB
[11:12:26] [324/455] SWTD
[11:12:28] [325/455] RBMR
[11:12:29] [326/455] SCBC
[11:12:29] 🔄 Identity reset
[11:12:30] 🔄 Identity rotated (every 10 requests)
[11:12:30] [327/455] RKME
[11:12:31] [328/455] GALX
[11:12:32] [329/455] GCCH
[11:12:33] [330/455] RATR
[11:12:34] [331/455] GTGA
[11:12:35] [332/455] LTTR
[11:12:36] [333/455] TTAA
[11:12:38] [334/455] TVHP
[11:12:39] [335/455] KVCS
[11:12:40] [336/455] CBMC
[11:12:41] 🔄 Identity reset
[11:12:41] 🔄 Identity rotated (every 10 requests)
[11:12:41] [337/455] MAYJ
[11:12:42] [338/455] INPR
[11:12:43] [339/455] RSSC
[11:12:44] [340/455] PCAN
[11:12:45] [341/455] PVHR
[11:12:46] [342/455] AGSM
[11:12:47] [343/455] PVES
[11:12:47] [344/455] INTO
[11:12:48] [345/455] ACON
[11:12:49] [346/455] PVPZ
[11:12:50] 🔄 Identity reset
[11:12:50] 🔄 Identity rotated (every 10 requests)
[11:12:50] [347/455] PVHC
[11:12:51] [348/455] KSTK
[11:12:52] [349/455] PVSR
[11:12:54] [350/455] ACTN
[11:12:56] [351/455] FMCN
[11:12:57] [352/455] PABC
[11:12:58] [353/455] SUTC
[11:12:59] [354/455] PGMV
[11:13:00] [355/455] GKCP
[11:13:02] [356/455] INCH
[11:13:02] 🔄 Identity reset
[11:13:03] 🔄 Identity rotated (every 10 requests)
[11:13:03] [357/455] MLMT
[11:13:04] [358/455] SSCC
[11:13:05] [359/455] SLMP
[11:13:06] [360/455] VVTN
[11:13:07] [361/455] SBTR
[11:13:08] [362/455] PGRA
[11:13:09] [363/455] PBRM
[11:13:09] [364/455] GCRP
[11:13:10] [365/455] MCSK
[11:13:11] [366/455] NLTC
[11:13:12] 🔄 Identity reset
[11:13:12] 🔄 Identity rotated (every 10 requests)
[11:13:12] [367/455] MTLM
[11:13:13] [368/455] VECT
[11:13:14] [369/455] KMRM
[11:13:15] [370/455] RACM
[11:13:16] [371/455] WSTC
[11:13:17] [372/455] PVTJ
[11:13:18] [373/455] MMKC
[11:13:19] [374/455] SVWT
[11:13:20] [375/455] JOTG
[11:13:21] [376/455] VCDK
[11:13:21] 🔄 Identity reset
[11:13:21] 🔄 Identity rotated (every 10 requests)
[11:13:22] [377/455] ANAC
[11:13:23] [378/455] GRTC
[11:13:24] [379/455] JTPL
[11:13:25] [380/455] VRCP
[11:13:26] [381/455] REMC
[11:13:27] [382/455] ATMG
[11:13:28] [383/455] GAHC
[11:13:29] [384/455] JTMV
[11:13:30] [385/455] OMTT
[11:13:31] [386/455] GKKC
[11:13:31] 🔄 Identity reset
[11:13:31] 🔄 Identity rotated (every 10 requests)
[11:13:32] [387/455] BBPO
[11:13:33] [388/455] ZCBB
[11:13:33] [389/455] DCGO
[11:13:34] [390/455] STOP
[11:13:35] [391/455] BSPC
[11:13:36] [392/455] SOND
[11:13:37] [393/455] GCKG
[11:13:38] [394/455] PCDB
[11:13:38] [395/455] PGRC
[11:13:39] [396/455] CSCT
[11:13:40] 🔄 Identity reset
[11:13:40] 🔄 Identity rotated (every 10 requests)
[11:13:41] [397/455] STDA
[11:13:41] [398/455] JAYD
[11:13:43] [399/455] PPPD
[11:13:44] [400/455] KRTT
[11:13:45] [401/455] PTDT
[11:13:46] [402/455] TRSV
[11:13:47] [403/455] VELR
[11:13:48] [404/455] STDT
[11:13:49] [405/455] SATT
[11:13:49] [406/455] KCPM
[11:13:50] 🔄 Identity reset
[11:13:50] 🔄 Identity rotated (every 10 requests)
[11:13:50] [407/455] MFCP
[11:13:51] [408/455] AXMP
[11:13:52] [409/455] LTVB
[11:13:53] [410/455] APST
[11:13:54] [411/455] DTVP
[11:13:55] [412/455] AAVB
[11:13:56] [413/455] PMBL
[11:13:57] [414/455] STKC
[11:13:58] [415/455] KKMA
[11:13:59] [416/455] NMXS
[11:14:00] 🔄 Identity reset
[11:14:00] 🔄 Identity rotated (every 10 requests)
[11:14:01] [417/455] DECX
[11:14:02] [418/455] MAPJ
[11:14:03] [419/455] SMLK
[11:14:04] [420/455] PMPU
[11:14:05] [421/455] AFST
[11:14:06] [422/455] SRSY
[11:14:07] [423/455] RMKT
[11:14:09] [424/455] RAJX
[11:14:10] [425/455] UVCD
[11:14:11] [426/455] LISA
[11:14:12] 🔄 Identity reset
[11:14:12] 🔄 Identity rotated (every 10 requests)
[11:14:12] [427/455] LMSR
[11:14:13] [428/455] PMCA
[11:14:14] [429/455] INPO
[11:14:15] [430/455] INGO
[11:14:16] [431/455] HFSQ
[11:14:17] [432/455] INMG
[11:14:17] [433/455] NYCP
[11:14:18] [434/455] HFSV
[11:14:19] [435/455] MMZP
[11:14:21] [436/455] KSES
[11:14:21] 🔄 Identity reset
[11:14:21] 🔄 Identity rotated (every 10 requests)
[11:14:22] [437/455] HFSA
[11:14:23] [438/455] ACMM
[11:14:24] [439/455] RCKD
[11:14:25] [440/455] BCKR
[11:14:26] [441/455] SFCO
[11:14:27] [442/455] JCCB
[11:14:28] [443/455] BCCR
[11:14:29] [444/455] NWCB
[11:14:30] [445/455] SAMT
[11:14:31] [446/455] TMST
[11:14:32] 🔄 Identity reset
[11:14:32] 🔄 Identity rotated (every 10 requests)
[11:14:32] [447/455] SJCN
[11:14:34] [448/455] MCBS
[11:14:35] [449/455] CMKR
[11:14:35] [450/455] INPM
[11:14:37] [451/455] WVMT
[11:14:37] [452/455] NYSM
[11:14:38] [453/455] RCMA
[11:14:40] [454/455] RECM
[11:14:42] [455/455] CYCM
[11:14:43] ✅ DONE | Shows=1888 | Movies=102
