[00:16:15] 🚀 BMS DAILY TRACKER STARTED (enhanced anti‑detection)
[00:16:15] [1/455] MXGN
[00:16:15] 🧠 New identity created
[00:16:16] [2/455] PGGM
[00:16:17] [3/455] IPMJ
[00:16:18] [4/455] M2PP
[00:16:19] [5/455] PMMS
[00:16:20] [6/455] SCJN
[00:16:21] [7/455] CPUM
[00:16:22] [8/455] SCND
[00:16:23] [9/455] INWM
[00:16:24] [10/455] DVDC
[00:16:24] 🔄 Identity reset
[00:16:24] 🔄 Identity rotated (every 10 requests)
[00:16:25] [11/455] WVND
[00:16:26] [12/455] LBDL
[00:16:26] [13/455] CRGM
[00:16:27] [14/455] PVKS
[00:16:28] [15/455] PBLL
[00:16:29] [16/455] FNLN
[00:16:29] [17/455] PPDA
[00:16:30] [18/455] SCPT
[00:16:31] [19/455] IAJS
[00:16:32] [20/455] MMZG
[00:16:33] 🔄 Identity reset
[00:16:33] 🔄 Identity rotated (every 10 requests)
[00:16:33] [21/455] MCTI
[00:16:34] [22/455] PPMF
[00:16:35] [23/455] FNSD
[00:16:36] [24/455] M2RH
[00:16:36] [25/455] CPGV
[00:16:37] [26/455] PECD
[00:16:38] [27/455] CTEE
[00:16:39] [28/455] IOMG
[00:16:40] [29/455] CIJA
[00:16:41] [30/455] NYCG
[00:16:41] 🔄 Identity reset
[00:16:41] 🔄 Identity rotated (every 10 requests)
[00:16:43] [31/455] CEST
[00:16:43] [32/455] WVRG
[00:16:44] [33/455] DPDC
[00:16:45] [34/455] PDIV
[00:16:46] [35/455] MTPP
[00:16:47] [36/455] MHNU
[00:16:48] [37/455] WUPG
[00:16:49] [38/455] USCO
[00:16:51] [39/455] INFR
[00:16:52] [40/455] PVPD
[00:16:52] 🔄 Identity reset
[00:16:52] 🔄 Identity rotated (every 10 requests)
[00:16:53] [41/455] RONC
[00:16:54] [42/455] IOCP
[00:16:55] [43/455] EMPS
[00:16:55] [44/455] PNAD
[00:16:56] [45/455] VVGZ
[00:16:57] [46/455] MDDC
[00:16:57] [47/455] MMAP
[00:16:59] [48/455] GPDC
[00:17:00] [49/455] PVPU
[00:17:01] [50/455] DCMV
[00:17:01] 🔄 Identity reset
[00:17:01] 🔄 Identity rotated (every 10 requests)
[00:17:01] 🔄 Retry 1/5 for DCMV in 2.2s
[00:17:01] 🔄 Identity reset
[00:17:03] 🧠 New identity created
[00:17:03] 🔄 Retry 2/5 for DCMV in 4.7s
[00:17:03] 🔄 Identity reset
[00:17:08] 🧠 New identity created
[00:17:08] [51/455] PCCF
[00:17:09] [52/455] MCEF
[00:17:11] [53/455] INRD
[00:17:11] [54/455] CCPZ
[00:17:12] [55/455] BCWG
[00:17:13] [56/455] PMGU
[00:17:13] [57/455] MCVM
[00:17:14] [58/455] MCDE
[00:17:15] 🔄 Identity reset
[00:17:15] 🔄 Identity rotated (every 10 requests)
[00:17:15] 🔄 Retry 1/5 for MCDE in 2.4s
[00:17:15] 🔄 Identity reset
[00:17:17] 🧠 New identity created
[00:17:17] [59/455] IEFM
[00:17:18] [60/455] MXCS
[00:17:19] [61/455] RNMT
[00:17:20] [62/455] PSDD
[00:17:21] [63/455] PETA
[00:17:22] [64/455] IZOP
[00:17:22] [65/455] PDEI
[00:17:23] [66/455] MTND
[00:17:25] [67/455] PCPL
[00:17:25] 🔄 Identity reset
[00:17:25] 🔄 Identity rotated (every 10 requests)
[00:17:26] 🔄 Retry 1/5 for PCPL in 2.6s
[00:17:26] 🔄 Identity reset
[00:17:28] 🧠 New identity created
[00:17:28] [68/455] LSCM
[00:17:29] [69/455] BTFD
[00:17:30] [70/455] MERM
[00:17:31] [71/455] PVMS
[00:17:32] [72/455] CIGK
[00:17:32] [73/455] INSG
[00:17:33] [74/455] IDEN
[00:17:34] [75/455] MCGN
[00:17:34] [76/455] IGAM
[00:17:35] 🔄 Identity reset
[00:17:35] 🔄 Identity rotated (every 10 requests)
[00:17:35] [77/455] SLCU
[00:17:36] [78/455] MIMU
[00:17:37] [79/455] QLAC
[00:17:38] [80/455] MENL
[00:17:39] [81/455] SCUR
[00:17:39] [82/455] MDGD
[00:17:40] [83/455] LSRS
[00:17:41] [84/455] KMLG
[00:17:42] [85/455] MKLJ
[00:17:43] [86/455] IBYG
[00:17:43] 🔄 Identity reset
[00:17:43] 🔄 Identity rotated (every 10 requests)
[00:17:43] [87/455] ISML
[00:17:44] [88/455] MJMM
[00:17:45] [89/455] RCGD
[00:17:46] [90/455] MMOC
[00:17:47] [91/455] RRCO
[00:17:47] [92/455] MEDM
[00:17:48] [93/455] MCAZ
[00:17:49] [94/455] STWA
[00:17:50] [95/455] PFFG
[00:17:50] [96/455] GAGC
[00:17:51] 🔄 Identity reset
[00:17:51] 🔄 Identity rotated (every 10 requests)
[00:17:51] [97/455] PMPM
[00:17:52] [98/455] HVCD
[00:17:53] [99/455] AKRF
[00:17:54] [100/455] AKRC
[00:17:55] [101/455] MIDA
[00:17:55] [102/455] MAGX
[00:17:56] [103/455] ESOS
[00:17:57] [104/455] BBCL
[00:17:58] [105/455] LYAS
[00:17:58] [106/455] NRMS
[00:17:59] 🔄 Identity reset
[00:17:59] 🔄 Identity rotated (every 10 requests)
[00:17:59] [107/455] BHUC
[00:18:00] [108/455] SRIC
[00:18:01] [109/455] PDME
[00:18:03] [110/455] MJCS
[00:18:04] [111/455] NRAA
[00:18:04] [112/455] VATA
[00:18:05] [113/455] MNKC
[00:18:06] [114/455] DHCL
[00:18:07] [115/455] JCPC
[00:18:07] [116/455] CTML
[00:18:08] 🔄 Identity reset
[00:18:08] 🔄 Identity rotated (every 10 requests)
[00:18:08] [117/455] RMMR
[00:18:09] [118/455] STTL
[00:18:09] [119/455] CNPS
[00:18:10] [120/455] ACKL
[00:18:11] [121/455] SCAU
[00:18:12] [122/455] RMIA
[00:18:13] [123/455] MANU
[00:18:14] [124/455] ARDC
[00:18:15] [125/455] GLDA
[00:18:16] [126/455] KVSW
[00:18:16] 🔄 Identity reset
[00:18:16] 🔄 Identity rotated (every 10 requests)
[00:18:16] [127/455] CGCA
[00:18:17] [128/455] CMLO
[00:18:18] [129/455] CECB
[00:18:18] [130/455] RCPN
[00:18:19] [131/455] ASMW
[00:18:20] [132/455] PWLM
[00:18:21] [133/455] ASGM
[00:18:21] [134/455] ACWH
[00:18:22] [135/455] AAPW
[00:18:23] [136/455] RTWA
[00:18:23] 🔄 Identity reset
[00:18:23] 🔄 Identity rotated (every 10 requests)
[00:18:24] [137/455] RAMW
[00:18:25] [138/455] VKTR
[00:18:25] [139/455] SMBH
[00:18:27] [140/455] BVDR
[00:18:29] [141/455] MRTP
[00:18:29] [142/455] BLBR
[00:18:30] [143/455] LPIN
[00:18:31] [144/455] SNPC
[00:18:32] [145/455] PDCB
[00:18:33] [146/455] DYPK
[00:18:33] 🔄 Identity reset
[00:18:33] 🔄 Identity rotated (every 10 requests)
[00:18:33] [147/455] INMK
[00:18:34] [148/455] PDCK
[00:18:35] [149/455] PCKR
[00:18:36] [150/455] SHUA
[00:18:37] [151/455] SCVK
[00:18:38] [152/455] STPA
[00:18:39] [153/455] WVHD
[00:18:40] [154/455] MRCH
[00:18:40] [155/455] MCNP
[00:18:41] [156/455] RCAG
[00:18:42] 🔄 Identity reset
[00:18:42] 🔄 Identity rotated (every 10 requests)
[00:18:42] 🔄 Retry 1/5 for RCAG in 2.5s
[00:18:42] 🔄 Identity reset
[00:18:44] 🧠 New identity created
[00:18:45] [157/455] JTSN
[00:18:45] [158/455] AANS
[00:18:46] [159/455] GDDR
[00:18:47] [160/455] SRER
[00:18:48] [161/455] JKMA
[00:18:49] [162/455] ARAN
[00:18:50] [163/455] ALCT
[00:18:51] [164/455] CCTA
[00:18:51] [165/455] CNCT
[00:18:52] 🔄 Identity reset
[00:18:52] 🔄 Identity rotated (every 10 requests)
[00:18:52] [166/455] NZBL
[00:18:53] [167/455] SRRA
[00:18:53] [168/455] SVPW
[00:18:54] [169/455] SRTW
[00:18:55] [170/455] XMTD
[00:18:56] [171/455] SCCZ
[00:18:57] [172/455] PBCR
[00:18:58] [173/455] RTSC
[00:18:58] [174/455] TLSV
[00:18:59] [175/455] RMTK
[00:19:00] 🔄 Identity reset
[00:19:00] 🔄 Identity rotated (every 10 requests)
[00:19:00] 🔄 Retry 1/5 for RMTK in 2.6s
[00:19:00] 🔄 Identity reset
[00:19:03] 🧠 New identity created
[00:19:03] 🔄 Retry 2/5 for RMTK in 4.4s
[00:19:03] 🔄 Identity reset
[00:19:07] 🧠 New identity created
[00:19:08] [176/455] SRAT
[00:19:09] [177/455] GCYC
[00:19:09] [178/455] HCAJ
[00:19:10] [179/455] LCXA
[00:19:11] [180/455] BINT
[00:19:11] [181/455] IXIM
[00:19:12] [182/455] MBCR
[00:19:13] [183/455] BMCJ
[00:19:13] 🔄 Identity reset
[00:19:13] 🔄 Identity rotated (every 10 requests)
[00:19:14] 🔄 Retry 1/5 for BMCJ in 2.8s
[00:19:14] 🔄 Identity reset
[00:19:16] 🧠 New identity created
[00:19:17] [184/455] NICJ
[00:19:17] [185/455] SCAJ
[00:19:18] [186/455] CMXS
[00:19:19] [187/455] MMSR
[00:19:20] [188/455] PRKT
[00:19:20] [189/455] LPTH
[00:19:21] [190/455] SARP
[00:19:21] [191/455] MNPP
[00:19:22] [192/455] PRLR
[00:19:22] 🔄 Identity reset
[00:19:22] 🔄 Identity rotated (every 10 requests)
[00:19:23] [193/455] RCMW
[00:19:24] [194/455] FCMG
[00:19:24] [195/455] RTNK
[00:19:25] [196/455] LRCP
[00:19:26] [197/455] DBJR
[00:19:27] [198/455] CACN
[00:19:28] [199/455] AMRL
[00:19:28] [200/455] SBBC
[00:19:29] [201/455] VENN
[00:19:30] [202/455] STSS
[00:19:30] 🔄 Identity reset
[00:19:30] 🔄 Identity rotated (every 10 requests)
[00:19:31] 🔄 Retry 1/5 for STSS in 2.2s
[00:19:31] 🔄 Identity reset
[00:19:33] 🧠 New identity created
[00:19:33] [203/455] SMRB
[00:19:34] [204/455] CCMX
[00:19:34] [205/455] KCMR
[00:19:35] [206/455] SALH
[00:19:37] [207/455] CGTT
[00:19:38] [208/455] PMDR
[00:19:39] [209/455] VCPM
[00:19:40] [210/455] RZMX
[00:19:40] [211/455] TMSY
[00:19:41] 🔄 Identity reset
[00:19:41] 🔄 Identity rotated (every 10 requests)
[00:19:41] [212/455] NTMS
[00:19:42] [213/455] VTAG
[00:19:43] [214/455] REMA
[00:19:43] [215/455] NXCC
[00:19:44] [216/455] SKYM
[00:19:45] [217/455] CCMO
[00:19:46] [218/455] DMXM
[00:19:47] [219/455] SPPM
[00:19:48] [220/455] PTKL
[00:19:49] [221/455] SLVO
[00:19:50] 🔄 Identity reset
[00:19:50] 🔄 Identity rotated (every 10 requests)
[00:19:50] [222/455] VASL
[00:19:51] [223/455] CBCM
[00:19:52] [224/455] STMA
[00:19:53] [225/455] LASK
[00:19:53] [226/455] VITE
[00:19:55] [227/455] AAST
[00:19:56] [228/455] JTPT
[00:19:57] [229/455] RRSH
[00:19:58] [230/455] CINL
[00:19:58] [231/455] MCSR
[00:19:59] 🔄 Identity reset
[00:19:59] 🔄 Identity rotated (every 10 requests)
[00:19:59] [232/455] SBCF
[00:20:01] [233/455] GCDU
[00:20:01] [234/455] PSPR
[00:20:02] [235/455] IMMO
[00:20:03] [236/455] CLGM
[00:20:04] [237/455] PBMM
[00:20:05] [238/455] CEHR
[00:20:05] [239/455] CPOE
[00:20:06] [240/455] PGFD
[00:20:08] [241/455] PSLC
[00:20:08] 🔄 Identity reset
[00:20:08] 🔄 Identity rotated (every 10 requests)
[00:20:09] [242/455] MSMD
[00:20:10] [243/455] FMFB
[00:20:11] [244/455] RKCL
[00:20:13] [245/455] PMMC
[00:20:14] [246/455] SKMM
[00:20:14] [247/455] VOIB
[00:20:15] [248/455] KINO
[00:20:16] [249/455] VCTP
[00:20:17] [250/455] PDWR
[00:20:17] [251/455] SAED
[00:20:18] 🔄 Identity reset
[00:20:18] 🔄 Identity rotated (every 10 requests)
[00:20:18] [252/455] SRRT
[00:20:19] [253/455] CVLG
[00:20:20] [254/455] SNGN
[00:20:21] [255/455] SIDA
[00:20:22] [256/455] IMCB
[00:20:22] [257/455] SMHP
[00:20:23] [258/455] GDTY
[00:20:24] [259/455] VYCH
[00:20:25] [260/455] PDYA
[00:20:26] [261/455] RKDO
[00:20:26] 🔄 Identity reset
[00:20:26] 🔄 Identity rotated (every 10 requests)
[00:20:27] [262/455] VECG
[00:20:28] [263/455] NFGD
[00:20:28] [264/455] SNDC
[00:20:29] [265/455] SDJH
[00:20:30] [266/455] HASV
[00:20:31] [267/455] PTYK
[00:20:32] [268/455] MUTB
[00:20:33] [269/455] AMRT
[00:20:34] [270/455] VACD
[00:20:34] [271/455] SKDD
[00:20:35] 🔄 Identity reset
[00:20:35] 🔄 Identity rotated (every 10 requests)
[00:20:35] 🔄 Retry 1/5 for SKDD in 2.4s
[00:20:35] 🔄 Identity reset
[00:20:37] 🧠 New identity created
[00:20:38] [272/455] STGR
[00:20:39] [273/455] GDAK
[00:20:40] [274/455] SKHK
[00:20:40] [275/455] SLND
[00:20:41] [276/455] APAP
[00:20:42] [277/455] AYYA
[00:20:43] [278/455] VCCZ
[00:20:44] [279/455] MEML
[00:20:45] [280/455] MAOU
[00:20:46] 🔄 Identity reset
[00:20:46] 🔄 Identity rotated (every 10 requests)
[00:20:46] [281/455] ESND
[00:20:46] [282/455] PTBZ
[00:20:48] [283/455] LBCN
[00:20:49] [284/455] PAWA
[00:20:49] [285/455] ZEIC
[00:20:50] [286/455] CGMM
[00:20:51] [287/455] PJPM
[00:20:52] [288/455] ECMR
[00:20:53] [289/455] SHMZ
[00:20:53] [290/455] STCA
[00:20:54] 🔄 Identity reset
[00:20:54] 🔄 Identity rotated (every 10 requests)
[00:20:54] [291/455] VDRC
[00:20:55] [292/455] SEEM
[00:20:56] [293/455] MKNS
[00:20:56] [294/455] KPPP
[00:20:57] [295/455] CCML
[00:20:58] [296/455] CIBA
[00:20:59] [297/455] NACS
[00:21:00] [298/455] CTMK
[00:21:00] [299/455] CTCT
[00:21:01] [300/455] MCSN
[00:21:02] 🔄 Identity reset
[00:21:02] 🔄 Identity rotated (every 10 requests)
[00:21:02] [301/455] MAXX
[00:21:03] [302/455] MECB
[00:21:04] [303/455] NTBY
[00:21:05] [304/455] UTBI
[00:21:05] [305/455] RADK
[00:21:06] [306/455] STBY
[00:21:07] [307/455] GTBY
[00:21:07] [308/455] RRMB
[00:21:08] [309/455] ABRN
[00:21:09] [310/455] GTSG
[00:21:10] 🔄 Identity reset
[00:21:10] 🔄 Identity rotated (every 10 requests)
[00:21:10] 🔄 Retry 1/5 for GTSG in 2.9s
[00:21:10] 🔄 Identity reset
[00:21:13] 🧠 New identity created
[00:21:13] 🔄 Retry 2/5 for GTSG in 4.4s
[00:21:13] 🔄 Identity reset
[00:21:17] 🧠 New identity created
[00:21:17] [311/455] GBTG
[00:21:18] [312/455] SBGS
[00:21:19] [313/455] KBPM
[00:21:20] [314/455] SMHT
[00:21:21] [315/455] VTDM
[00:21:22] [316/455] ASCT
[00:21:23] [317/455] AWCT
[00:21:24] [318/455] DCCU
[00:21:24] 🔄 Identity reset
[00:21:24] 🔄 Identity rotated (every 10 requests)
[00:21:25] [319/455] PSCE
[00:21:25] [320/455] KSNY
[00:21:26] [321/455] ACID
[00:21:27] [322/455] LVCD
[00:21:28] [323/455] KSSB
[00:21:28] [324/455] SWTD
[00:21:30] [325/455] RBMR
[00:21:30] [326/455] SCBC
[00:21:32] [327/455] RKME
[00:21:32] [328/455] GALX
[00:21:33] 🔄 Identity reset
[00:21:33] 🔄 Identity rotated (every 10 requests)
[00:21:33] [329/455] GCCH
[00:21:34] [330/455] RATR
[00:21:35] [331/455] GTGA
[00:21:36] [332/455] LTTR
[00:21:36] [333/455] TTAA
[00:21:37] [334/455] TVHP
[00:21:38] [335/455] KVCS
[00:21:38] [336/455] CBMC
[00:21:39] [337/455] MAYJ
[00:21:40] [338/455] INPR
[00:21:41] 🔄 Identity reset
[00:21:41] 🔄 Identity rotated (every 10 requests)
[00:21:41] [339/455] RSSC
[00:21:42] [340/455] PCAN
[00:21:42] [341/455] PVHR
[00:21:43] [342/455] AGSM
[00:21:44] [343/455] PVES
[00:21:44] [344/455] INTO
[00:21:45] [345/455] ACON
[00:21:46] [346/455] PVPZ
[00:21:46] [347/455] PVHC
[00:21:47] [348/455] KSTK
[00:21:48] 🔄 Identity reset
[00:21:48] 🔄 Identity rotated (every 10 requests)
[00:21:48] [349/455] PVSR
[00:21:49] [350/455] ACTN
[00:21:49] [351/455] FMCN
[00:21:50] [352/455] PABC
[00:21:51] [353/455] SUTC
[00:21:52] [354/455] PGMV
[00:21:52] [355/455] GKCP
[00:21:54] [356/455] INCH
[00:21:55] [357/455] MLMT
[00:21:56] [358/455] SSCC
[00:21:56] 🔄 Identity reset
[00:21:56] 🔄 Identity rotated (every 10 requests)
[00:21:56] [359/455] SLMP
[00:21:57] [360/455] VVTN
[00:21:59] [361/455] SBTR
[00:21:59] [362/455] PGRA
[00:22:00] [363/455] PBRM
[00:22:00] [364/455] GCRP
[00:22:02] [365/455] MCSK
[00:22:02] [366/455] NLTC
[00:22:03] [367/455] MTLM
[00:22:04] [368/455] VECT
[00:22:04] 🔄 Identity reset
[00:22:04] 🔄 Identity rotated (every 10 requests)
[00:22:05] [369/455] KMRM
[00:22:05] [370/455] RACM
[00:22:06] [371/455] WSTC
[00:22:07] [372/455] PVTJ
[00:22:08] [373/455] MMKC
[00:22:08] [374/455] SVWT
[00:22:09] [375/455] JOTG
[00:22:10] [376/455] VCDK
[00:22:10] [377/455] ANAC
[00:22:11] [378/455] GRTC
[00:22:12] 🔄 Identity reset
[00:22:12] 🔄 Identity rotated (every 10 requests)
[00:22:12] [379/455] JTPL
[00:22:13] [380/455] VRCP
[00:22:13] [381/455] REMC
[00:22:14] [382/455] ATMG
[00:22:15] [383/455] GAHC
[00:22:16] [384/455] JTMV
[00:22:17] [385/455] OMTT
[00:22:17] [386/455] GKKC
[00:22:18] [387/455] BBPO
[00:22:19] [388/455] ZCBB
[00:22:20] 🔄 Identity reset
[00:22:20] 🔄 Identity rotated (every 10 requests)
[00:22:20] [389/455] DCGO
[00:22:21] [390/455] STOP
[00:22:21] [391/455] BSPC
[00:22:22] [392/455] SOND
[00:22:23] [393/455] GCKG
[00:22:24] [394/455] PCDB
[00:22:25] [395/455] PGRC
[00:22:26] [396/455] CSCT
[00:22:26] [397/455] STDA
[00:22:27] [398/455] JAYD
[00:22:28] 🔄 Identity reset
[00:22:28] 🔄 Identity rotated (every 10 requests)
[00:22:28] [399/455] PPPD
[00:22:29] [400/455] KRTT
[00:22:29] [401/455] PTDT
[00:22:30] [402/455] TRSV
[00:22:31] [403/455] VELR
[00:22:31] [404/455] STDT
[00:22:32] [405/455] SATT
[00:22:33] [406/455] KCPM
[00:22:34] [407/455] MFCP
[00:22:35] [408/455] AXMP
[00:22:36] 🔄 Identity reset
[00:22:36] 🔄 Identity rotated (every 10 requests)
[00:22:36] [409/455] LTVB
[00:22:37] [410/455] APST
[00:22:38] [411/455] DTVP
[00:22:39] [412/455] AAVB
[00:22:40] [413/455] PMBL
[00:22:41] [414/455] STKC
[00:22:42] [415/455] KKMA
[00:22:43] [416/455] NMXS
[00:22:43] [417/455] DECX
[00:22:44] [418/455] MAPJ
[00:22:45] 🔄 Identity reset
[00:22:45] 🔄 Identity rotated (every 10 requests)
[00:22:45] [419/455] SMLK
[00:22:46] [420/455] PMPU
[00:22:46] [421/455] AFST
[00:22:48] [422/455] SRSY
[00:22:49] [423/455] RMKT
[00:22:50] [424/455] RAJX
[00:22:50] [425/455] UVCD
[00:22:51] [426/455] LISA
[00:22:52] [427/455] LMSR
[00:22:53] [428/455] PMCA
[00:22:54] 🔄 Identity reset
[00:22:54] 🔄 Identity rotated (every 10 requests)
[00:22:54] [429/455] INPO
[00:22:55] [430/455] INGO
[00:22:56] [431/455] HFSQ
[00:22:57] [432/455] INMG
[00:22:57] [433/455] NYCP
[00:22:58] [434/455] HFSV
[00:22:59] [435/455] MMZP
[00:23:00] [436/455] KSES
[00:23:01] [437/455] HFSA
[00:23:02] [438/455] ACMM
[00:23:02] 🔄 Identity reset
[00:23:02] 🔄 Identity rotated (every 10 requests)
[00:23:03] [439/455] RCKD
[00:23:03] [440/455] BCKR
[00:23:04] [441/455] SFCO
[00:23:05] [442/455] JCCB
[00:23:06] [443/455] BCCR
[00:23:07] [444/455] NWCB
[00:23:08] [445/455] SAMT
[00:23:08] [446/455] TMST
[00:23:09] [447/455] SJCN
[00:23:10] [448/455] MCBS
[00:23:10] 🔄 Identity reset
[00:23:10] 🔄 Identity rotated (every 10 requests)
[00:23:11] [449/455] CMKR
[00:23:11] [450/455] INPM
[00:23:12] [451/455] WVMT
[00:23:13] [452/455] NYSM
[00:23:14] [453/455] RCMA
[00:23:14] [454/455] RECM
[00:23:15] [455/455] CYCM
[00:23:16] ✅ DONE | Shows=0 | Movies=0
[01:16:10] 🚀 BMS DAILY TRACKER STARTED (enhanced anti‑detection)
[01:16:10] [1/455] MXGN
[01:16:11] 🧠 New identity created
[01:16:11] [2/455] PGGM
[01:16:12] [3/455] IPMJ
[01:16:13] [4/455] M2PP
[01:16:14] [5/455] PMMS
[01:16:15] [6/455] SCJN
[01:16:16] [7/455] CPUM
[01:16:16] [8/455] SCND
[01:16:17] [9/455] INWM
[01:16:18] [10/455] DVDC
[01:16:19] 🔄 Identity reset
[01:16:19] 🔄 Identity rotated (every 10 requests)
[01:16:19] [11/455] WVND
[01:16:21] [12/455] LBDL
[01:16:21] [13/455] CRGM
[01:16:22] [14/455] PVKS
[01:16:23] [15/455] PBLL
[01:16:25] [16/455] FNLN
[01:16:26] [17/455] PPDA
[01:16:27] [18/455] SCPT
[01:16:28] [19/455] IAJS
[01:16:28] [20/455] MMZG
[01:16:29] 🔄 Identity reset
[01:16:29] 🔄 Identity rotated (every 10 requests)
[01:16:29] [21/455] MCTI
[01:16:30] [22/455] PPMF
[01:16:31] [23/455] FNSD
[01:16:32] [24/455] M2RH
[01:16:33] [25/455] CPGV
[01:16:34] [26/455] PECD
[01:16:34] [27/455] CTEE
[01:16:35] [28/455] IOMG
[01:16:36] [29/455] CIJA
[01:16:37] [30/455] NYCG
[01:16:37] 🔄 Identity reset
[01:16:37] 🔄 Identity rotated (every 10 requests)
[01:16:39] [31/455] CEST
[01:16:39] [32/455] WVRG
[01:16:40] [33/455] DPDC
[01:16:41] [34/455] PDIV
[01:16:42] [35/455] MTPP
[01:16:43] [36/455] MHNU
[01:16:44] [37/455] WUPG
[01:16:44] [38/455] USCO
[01:16:46] [39/455] INFR
[01:16:47] [40/455] PVPD
[01:16:48] 🔄 Identity reset
[01:16:48] 🔄 Identity rotated (every 10 requests)
[01:16:48] [41/455] RONC
[01:16:49] [42/455] IOCP
[01:16:50] [43/455] EMPS
[01:16:51] [44/455] PNAD
[01:16:51] [45/455] VVGZ
[01:16:52] [46/455] MDDC
[01:16:53] [47/455] MMAP
[01:16:54] [48/455] GPDC
[01:16:55] [49/455] PVPU
[01:16:56] [50/455] DCMV
[01:16:56] 🔄 Identity reset
[01:16:56] 🔄 Identity rotated (every 10 requests)
[01:16:57] [51/455] PCCF
[01:16:58] [52/455] MCEF
[01:16:59] [53/455] INRD
[01:17:00] [54/455] CCPZ
[01:17:01] [55/455] BCWG
[01:17:02] [56/455] PMGU
[01:17:03] [57/455] MCVM
[01:17:04] [58/455] MCDE
[01:17:05] [59/455] IEFM
[01:17:05] [60/455] MXCS
[01:17:06] 🔄 Identity reset
[01:17:06] 🔄 Identity rotated (every 10 requests)
[01:17:06] [61/455] RNMT
[01:17:07] [62/455] PSDD
[01:17:08] [63/455] PETA
[01:17:09] [64/455] IZOP
[01:17:10] [65/455] PDEI
[01:17:10] [66/455] MTND
[01:17:11] [67/455] PCPL
[01:17:13] [68/455] LSCM
[01:17:13] [69/455] BTFD
[01:17:15] [70/455] MERM
[01:17:16] 🔄 Identity reset
[01:17:16] 🔄 Identity rotated (every 10 requests)
[01:17:16] [71/455] PVMS
[01:17:17] [72/455] CIGK
[01:17:18] [73/455] INSG
[01:17:19] [74/455] IDEN
[01:17:20] [75/455] MCGN
[01:17:20] [76/455] IGAM
[01:17:21] [77/455] SLCU
[01:17:23] [78/455] MIMU
[01:17:24] [79/455] QLAC
[01:17:24] [80/455] MENL
[01:17:25] 🔄 Identity reset
[01:17:25] 🔄 Identity rotated (every 10 requests)
[01:17:26] [81/455] SCUR
[01:17:27] [82/455] MDGD
[01:17:28] [83/455] LSRS
[01:17:29] [84/455] KMLG
[01:17:29] [85/455] MKLJ
[01:17:30] [86/455] IBYG
[01:17:31] [87/455] ISML
[01:17:33] [88/455] MJMM
[01:17:34] [89/455] RCGD
[01:17:34] [90/455] MMOC
[01:17:35] 🔄 Identity reset
[01:17:35] 🔄 Identity rotated (every 10 requests)
[01:17:35] [91/455] RRCO
[01:17:36] [92/455] MEDM
[01:17:37] [93/455] MCAZ
[01:17:38] [94/455] STWA
[01:17:39] [95/455] PFFG
[01:17:39] [96/455] GAGC
[01:17:40] [97/455] PMPM
[01:17:41] [98/455] HVCD
[01:17:42] [99/455] AKRF
[01:17:43] [100/455] AKRC
[01:17:43] 🔄 Identity reset
[01:17:43] 🔄 Identity rotated (every 10 requests)
[01:17:43] [101/455] MIDA
[01:17:44] [102/455] MAGX
[01:17:45] [103/455] ESOS
[01:17:47] [104/455] BBCL
[01:17:48] [105/455] LYAS
[01:17:49] [106/455] NRMS
[01:17:50] [107/455] BHUC
[01:17:50] [108/455] SRIC
[01:17:51] [109/455] PDME
[01:17:52] [110/455] MJCS
[01:17:53] 🔄 Identity reset
[01:17:53] 🔄 Identity rotated (every 10 requests)
[01:17:53] [111/455] NRAA
[01:17:54] [112/455] VATA
[01:17:56] [113/455] MNKC
[01:17:57] [114/455] DHCL
[01:17:58] [115/455] JCPC
[01:17:59] [116/455] CTML
[01:18:00] [117/455] RMMR
[01:18:00] [118/455] STTL
[01:18:01] [119/455] CNPS
[01:18:02] [120/455] ACKL
[01:18:03] 🔄 Identity reset
[01:18:03] 🔄 Identity rotated (every 10 requests)
[01:18:03] [121/455] SCAU
[01:18:04] [122/455] RMIA
[01:18:05] [123/455] MANU
[01:18:06] [124/455] ARDC
[01:18:06] [125/455] GLDA
[01:18:07] [126/455] KVSW
[01:18:08] [127/455] CGCA
[01:18:09] [128/455] CMLO
[01:18:10] [129/455] CECB
[01:18:11] [130/455] RCPN
[01:18:11] 🔄 Identity reset
[01:18:11] 🔄 Identity rotated (every 10 requests)
[01:18:12] [131/455] ASMW
[01:18:12] [132/455] PWLM
[01:18:13] [133/455] ASGM
[01:18:14] [134/455] ACWH
[01:18:16] [135/455] AAPW
[01:18:17] [136/455] RTWA
[01:18:18] [137/455] RAMW
[01:18:19] [138/455] VKTR
[01:18:20] [139/455] SMBH
[01:18:21] [140/455] BVDR
[01:18:21] 🔄 Identity reset
[01:18:21] 🔄 Identity rotated (every 10 requests)
[01:18:21] [141/455] MRTP
[01:18:22] [142/455] BLBR
[01:18:23] [143/455] LPIN
[01:18:25] [144/455] SNPC
[01:18:25] [145/455] PDCB
[01:18:26] [146/455] DYPK
[01:18:27] [147/455] INMK
[01:18:28] [148/455] PDCK
[01:18:29] [149/455] PCKR
[01:18:30] [150/455] SHUA
[01:18:31] 🔄 Identity reset
[01:18:31] 🔄 Identity rotated (every 10 requests)
[01:18:31] [151/455] SCVK
[01:18:32] [152/455] STPA
[01:18:33] [153/455] WVHD
[01:18:34] [154/455] MRCH
[01:18:35] [155/455] MCNP
[01:18:35] [156/455] RCAG
[01:18:36] [157/455] JTSN
[01:18:38] [158/455] AANS
[01:18:39] [159/455] GDDR
[01:18:40] [160/455] SRER
[01:18:40] 🔄 Identity reset
[01:18:40] 🔄 Identity rotated (every 10 requests)
[01:18:41] [161/455] JKMA
[01:18:42] [162/455] ARAN
[01:18:43] [163/455] ALCT
[01:18:44] [164/455] CCTA
[01:18:45] [165/455] CNCT
[01:18:46] [166/455] NZBL
[01:18:47] [167/455] SRRA
[01:18:48] [168/455] SVPW
[01:18:49] [169/455] SRTW
[01:18:50] [170/455] XMTD
[01:18:51] 🔄 Identity reset
[01:18:51] 🔄 Identity rotated (every 10 requests)
[01:18:51] [171/455] SCCZ
[01:18:52] [172/455] PBCR
[01:18:52] [173/455] RTSC
[01:18:53] [174/455] TLSV
[01:18:55] [175/455] RMTK
[01:18:56] [176/455] SRAT
[01:18:57] [177/455] GCYC
[01:18:57] [178/455] HCAJ
[01:18:58] [179/455] LCXA
[01:18:59] [180/455] BINT
[01:19:00] 🔄 Identity reset
[01:19:00] 🔄 Identity rotated (every 10 requests)
[01:19:00] [181/455] IXIM
[01:19:01] [182/455] MBCR
[01:19:01] [183/455] BMCJ
[01:19:02] [184/455] NICJ
[01:19:03] [185/455] SCAJ
[01:19:04] [186/455] CMXS
[01:19:05] [187/455] MMSR
[01:19:05] [188/455] PRKT
[01:19:06] [189/455] LPTH
[01:19:07] [190/455] SARP
[01:19:07] 🔄 Identity reset
[01:19:07] 🔄 Identity rotated (every 10 requests)
[01:19:08] [191/455] MNPP
[01:19:09] [192/455] PRLR
[01:19:10] [193/455] RCMW
[01:19:10] [194/455] FCMG
[01:19:11] [195/455] RTNK
[01:19:12] [196/455] LRCP
[01:19:13] [197/455] DBJR
[01:19:14] [198/455] CACN
[01:19:15] [199/455] AMRL
[01:19:16] [200/455] SBBC
[01:19:17] 🔄 Identity reset
[01:19:17] 🔄 Identity rotated (every 10 requests)
[01:19:17] [201/455] VENN
[01:19:18] [202/455] STSS
[01:19:19] [203/455] SMRB
[01:19:20] [204/455] CCMX
[01:19:21] [205/455] KCMR
[01:19:22] [206/455] SALH
[01:19:23] [207/455] CGTT
[01:19:24] [208/455] PMDR
[01:19:24] [209/455] VCPM
[01:19:25] [210/455] RZMX
[01:19:26] 🔄 Identity reset
[01:19:26] 🔄 Identity rotated (every 10 requests)
[01:19:26] [211/455] TMSY
[01:19:27] [212/455] NTMS
[01:19:28] [213/455] VTAG
[01:19:29] [214/455] REMA
[01:19:30] [215/455] NXCC
[01:19:31] [216/455] SKYM
[01:19:31] [217/455] CCMO
[01:19:32] [218/455] DMXM
[01:19:33] [219/455] SPPM
[01:19:34] [220/455] PTKL
[01:19:35] 🔄 Identity reset
[01:19:35] 🔄 Identity rotated (every 10 requests)
[01:19:35] [221/455] SLVO
[01:19:36] [222/455] VASL
[01:19:37] [223/455] CBCM
[01:19:38] [224/455] STMA
[01:19:38] [225/455] LASK
[01:19:39] [226/455] VITE
[01:19:40] [227/455] AAST
[01:19:41] [228/455] JTPT
[01:19:42] [229/455] RRSH
[01:19:43] [230/455] CINL
[01:19:44] 🔄 Identity reset
[01:19:44] 🔄 Identity rotated (every 10 requests)
[01:19:44] [231/455] MCSR
[01:19:45] [232/455] SBCF
[01:19:46] [233/455] GCDU
[01:19:46] [234/455] PSPR
[01:19:47] [235/455] IMMO
[01:19:48] [236/455] CLGM
[01:19:49] [237/455] PBMM
[01:19:50] [238/455] CEHR
[01:19:51] [239/455] CPOE
[01:19:52] [240/455] PGFD
[01:19:52] 🔄 Identity reset
[01:19:53] 🔄 Identity rotated (every 10 requests)
[01:19:53] [241/455] PSLC
[01:19:54] [242/455] MSMD
[01:19:55] [243/455] FMFB
[01:19:56] [244/455] RKCL
[01:19:57] [245/455] PMMC
[01:19:58] [246/455] SKMM
[01:19:59] [247/455] VOIB
[01:19:59] [248/455] KINO
[01:20:00] [249/455] VCTP
[01:20:01] [250/455] PDWR
[01:20:02] 🔄 Identity reset
[01:20:02] 🔄 Identity rotated (every 10 requests)
[01:20:02] [251/455] SAED
[01:20:03] [252/455] SRRT
[01:20:04] [253/455] CVLG
[01:20:05] [254/455] SNGN
[01:20:06] [255/455] SIDA
[01:20:07] [256/455] IMCB
[01:20:08] [257/455] SMHP
[01:20:09] [258/455] GDTY
[01:20:10] [259/455] VYCH
[01:20:11] [260/455] PDYA
[01:20:11] 🔄 Identity reset
[01:20:11] 🔄 Identity rotated (every 10 requests)
[01:20:12] [261/455] RKDO
[01:20:13] [262/455] VECG
[01:20:14] [263/455] NFGD
[01:20:15] [264/455] SNDC
[01:20:16] [265/455] SDJH
[01:20:17] [266/455] HASV
[01:20:18] [267/455] PTYK
[01:20:19] [268/455] MUTB
[01:20:19] [269/455] AMRT
[01:20:20] [270/455] VACD
[01:20:21] 🔄 Identity reset
[01:20:21] 🔄 Identity rotated (every 10 requests)
[01:20:21] [271/455] SKDD
[01:20:22] [272/455] STGR
[01:20:23] [273/455] GDAK
[01:20:24] [274/455] SKHK
[01:20:25] [275/455] SLND
[01:20:26] [276/455] APAP
[01:20:26] [277/455] AYYA
[01:20:27] [278/455] VCCZ
[01:20:28] [279/455] MEML
[01:20:30] [280/455] MAOU
[01:20:30] 🔄 Identity reset
[01:20:30] 🔄 Identity rotated (every 10 requests)
[01:20:30] [281/455] ESND
[01:20:31] [282/455] PTBZ
[01:20:33] [283/455] LBCN
[01:20:34] [284/455] PAWA
[01:20:35] [285/455] ZEIC
[01:20:35] [286/455] CGMM
[01:20:36] [287/455] PJPM
[01:20:37] [288/455] ECMR
[01:20:38] [289/455] SHMZ
[01:20:39] [290/455] STCA
[01:20:40] 🔄 Identity reset
[01:20:40] 🔄 Identity rotated (every 10 requests)
[01:20:40] [291/455] VDRC
[01:20:41] [292/455] SEEM
[01:20:42] [293/455] MKNS
[01:20:42] [294/455] KPPP
[01:20:43] [295/455] CCML
[01:20:44] [296/455] CIBA
[01:20:45] [297/455] NACS
[01:20:46] [298/455] CTMK
[01:20:47] [299/455] CTCT
[01:20:47] [300/455] MCSN
[01:20:48] 🔄 Identity reset
[01:20:48] 🔄 Identity rotated (every 10 requests)
[01:20:48] [301/455] MAXX
[01:20:49] [302/455] MECB
[01:20:50] [303/455] NTBY
[01:20:51] [304/455] UTBI
[01:20:52] [305/455] RADK
[01:20:53] [306/455] STBY
[01:20:54] [307/455] GTBY
[01:20:54] [308/455] RRMB
[01:20:55] [309/455] ABRN
[01:20:56] [310/455] GTSG
[01:20:57] 🔄 Identity reset
[01:20:57] 🔄 Identity rotated (every 10 requests)
[01:20:57] [311/455] GBTG
[01:20:58] [312/455] SBGS
[01:20:59] [313/455] KBPM
[01:21:00] [314/455] SMHT
[01:21:01] [315/455] VTDM
[01:21:02] [316/455] ASCT
[01:21:03] [317/455] AWCT
[01:21:04] [318/455] DCCU
[01:21:05] [319/455] PSCE
[01:21:06] [320/455] KSNY
[01:21:06] 🔄 Identity reset
[01:21:06] 🔄 Identity rotated (every 10 requests)
[01:21:07] [321/455] ACID
[01:21:07] [322/455] LVCD
[01:21:08] [323/455] KSSB
[01:21:09] [324/455] SWTD
[01:21:10] [325/455] RBMR
[01:21:12] [326/455] SCBC
[01:21:13] [327/455] RKME
[01:21:13] [328/455] GALX
[01:21:14] [329/455] GCCH
[01:21:15] [330/455] RATR
[01:21:16] 🔄 Identity reset
[01:21:16] 🔄 Identity rotated (every 10 requests)
[01:21:16] [331/455] GTGA
[01:21:17] [332/455] LTTR
[01:21:18] [333/455] TTAA
[01:21:19] [334/455] TVHP
[01:21:20] [335/455] KVCS
[01:21:21] [336/455] CBMC
[01:21:22] [337/455] MAYJ
[01:21:23] [338/455] INPR
[01:21:23] [339/455] RSSC
[01:21:24] [340/455] PCAN
[01:21:25] 🔄 Identity reset
[01:21:25] 🔄 Identity rotated (every 10 requests)
[01:21:25] [341/455] PVHR
[01:21:26] [342/455] AGSM
[01:21:27] [343/455] PVES
[01:21:28] [344/455] INTO
[01:21:29] [345/455] ACON
[01:21:30] [346/455] PVPZ
[01:21:31] [347/455] PVHC
[01:21:31] [348/455] KSTK
[01:21:32] [349/455] PVSR
[01:21:33] [350/455] ACTN
[01:21:34] 🔄 Identity reset
[01:21:34] 🔄 Identity rotated (every 10 requests)
[01:21:34] [351/455] FMCN
[01:21:35] [352/455] PABC
[01:21:36] [353/455] SUTC
[01:21:37] [354/455] PGMV
[01:21:38] [355/455] GKCP
[01:21:38] [356/455] INCH
[01:21:39] [357/455] MLMT
[01:21:40] [358/455] SSCC
[01:21:41] [359/455] SLMP
[01:21:43] [360/455] VVTN
[01:21:43] 🔄 Identity reset
[01:21:43] 🔄 Identity rotated (every 10 requests)
[01:21:43] [361/455] SBTR
[01:21:44] [362/455] PGRA
[01:21:45] [363/455] PBRM
[01:21:46] [364/455] GCRP
[01:21:47] [365/455] MCSK
[01:21:48] [366/455] NLTC
[01:21:49] [367/455] MTLM
[01:21:50] [368/455] VECT
[01:21:52] [369/455] KMRM
[01:21:53] [370/455] RACM
[01:21:53] 🔄 Identity reset
[01:21:54] 🔄 Identity rotated (every 10 requests)
[01:21:54] [371/455] WSTC
[01:21:54] [372/455] PVTJ
[01:21:56] [373/455] MMKC
[01:21:57] [374/455] SVWT
[01:21:57] [375/455] JOTG
[01:21:58] [376/455] VCDK
[01:22:00] [377/455] ANAC
[01:22:01] [378/455] GRTC
[01:22:02] [379/455] JTPL
[01:22:03] [380/455] VRCP
[01:22:03] 🔄 Identity reset
[01:22:03] 🔄 Identity rotated (every 10 requests)
[01:22:04] [381/455] REMC
[01:22:04] [382/455] ATMG
[01:22:05] [383/455] GAHC
[01:22:06] [384/455] JTMV
[01:22:07] [385/455] OMTT
[01:22:08] [386/455] GKKC
[01:22:09] [387/455] BBPO
[01:22:10] [388/455] ZCBB
[01:22:11] [389/455] DCGO
[01:22:12] [390/455] STOP
[01:22:13] 🔄 Identity reset
[01:22:13] 🔄 Identity rotated (every 10 requests)
[01:22:13] [391/455] BSPC
[01:22:14] [392/455] SOND
[01:22:15] [393/455] GCKG
[01:22:16] [394/455] PCDB
[01:22:17] [395/455] PGRC
[01:22:17] [396/455] CSCT
[01:22:18] [397/455] STDA
[01:22:19] [398/455] JAYD
[01:22:20] [399/455] PPPD
[01:22:21] [400/455] KRTT
[01:22:21] 🔄 Identity reset
[01:22:21] 🔄 Identity rotated (every 10 requests)
[01:22:21] [401/455] PTDT
[01:22:22] [402/455] TRSV
[01:22:23] [403/455] VELR
[01:22:24] [404/455] STDT
[01:22:25] [405/455] SATT
[01:22:26] [406/455] KCPM
[01:22:27] [407/455] MFCP
[01:22:28] [408/455] AXMP
[01:22:28] [409/455] LTVB
[01:22:29] [410/455] APST
[01:22:30] 🔄 Identity reset
[01:22:30] 🔄 Identity rotated (every 10 requests)
[01:22:30] [411/455] DTVP
[01:22:31] [412/455] AAVB
[01:22:32] [413/455] PMBL
[01:22:33] [414/455] STKC
[01:22:33] [415/455] KKMA
[01:22:34] [416/455] NMXS
[01:22:36] [417/455] DECX
[01:22:37] [418/455] MAPJ
[01:22:38] [419/455] SMLK
[01:22:38] [420/455] PMPU
[01:22:39] 🔄 Identity reset
[01:22:39] 🔄 Identity rotated (every 10 requests)
[01:22:39] [421/455] AFST
[01:22:40] [422/455] SRSY
[01:22:41] [423/455] RMKT
[01:22:42] [424/455] RAJX
[01:22:43] [425/455] UVCD
[01:22:43] [426/455] LISA
[01:22:45] [427/455] LMSR
[01:22:46] [428/455] PMCA
[01:22:46] [429/455] INPO
[01:22:48] [430/455] INGO
[01:22:49] 🔄 Identity reset
[01:22:49] 🔄 Identity rotated (every 10 requests)
[01:22:49] [431/455] HFSQ
[01:22:50] [432/455] INMG
[01:22:51] [433/455] NYCP
[01:22:52] [434/455] HFSV
[01:22:53] [435/455] MMZP
[01:22:54] [436/455] KSES
[01:22:55] [437/455] HFSA
[01:22:56] [438/455] ACMM
[01:22:56] [439/455] RCKD
[01:22:57] [440/455] BCKR
[01:22:58] 🔄 Identity reset
[01:22:58] 🔄 Identity rotated (every 10 requests)
[01:22:58] [441/455] SFCO
[01:22:59] [442/455] JCCB
[01:23:00] [443/455] BCCR
[01:23:01] [444/455] NWCB
[01:23:02] [445/455] SAMT
[01:23:03] [446/455] TMST
[01:23:04] [447/455] SJCN
[01:23:04] [448/455] MCBS
[01:23:05] [449/455] CMKR
[01:23:07] [450/455] INPM
[01:23:08] 🔄 Identity reset
[01:23:08] 🔄 Identity rotated (every 10 requests)
[01:23:08] [451/455] WVMT
[01:23:09] [452/455] NYSM
[01:23:10] [453/455] RCMA
[01:23:11] [454/455] RECM
[01:23:12] [455/455] CYCM
[01:23:13] ✅ DONE | Shows=0 | Movies=0
[01:48:53] 🚀 BMS DAILY TRACKER STARTED (enhanced anti‑detection)
[01:48:53] [1/455] MXGN
[01:48:53] 🧠 New identity created
[01:48:54] [2/455] PGGM
[01:48:54] [3/455] IPMJ
[01:48:55] [4/455] M2PP
[01:48:56] [5/455] PMMS
[01:48:56] [6/455] SCJN
[01:48:57] [7/455] CPUM
[01:48:57] [8/455] SCND
[01:48:58] [9/455] INWM
[01:48:59] [10/455] DVDC
[01:48:59] 🔄 Identity reset
[01:48:59] 🔄 Identity rotated (every 10 requests)
[01:49:00] [11/455] WVND
[01:49:00] [12/455] LBDL
[01:49:01] [13/455] CRGM
[01:49:02] [14/455] PVKS
[01:49:02] [15/455] PBLL
[01:49:03] [16/455] FNLN
[01:49:04] [17/455] PPDA
[01:49:05] [18/455] SCPT
[01:49:05] [19/455] IAJS
[01:49:06] [20/455] MMZG
[01:49:06] 🔄 Identity reset
[01:49:06] 🔄 Identity rotated (every 10 requests)
[01:49:07] [21/455] MCTI
[01:49:07] [22/455] PPMF
[01:49:08] [23/455] FNSD
[01:49:08] [24/455] M2RH
[01:49:09] [25/455] CPGV
[01:49:10] [26/455] PECD
[01:49:11] [27/455] CTEE
[01:49:11] [28/455] IOMG
[01:49:12] [29/455] CIJA
[01:49:13] [30/455] NYCG
[01:49:13] 🔄 Identity reset
[01:49:13] 🔄 Identity rotated (every 10 requests)
[01:49:13] [31/455] CEST
[01:49:14] [32/455] WVRG
[01:49:15] [33/455] DPDC
[01:49:16] [34/455] PDIV
[01:49:17] [35/455] MTPP
[01:49:17] [36/455] MHNU
[01:49:18] [37/455] WUPG
[01:49:19] [38/455] USCO
[01:49:19] [39/455] INFR
[01:49:20] [40/455] PVPD
[01:49:20] 🔄 Identity reset
[01:49:20] 🔄 Identity rotated (every 10 requests)
[01:49:21] [41/455] RONC
[01:49:21] [42/455] IOCP
[01:49:22] [43/455] EMPS
[01:49:23] [44/455] PNAD
[01:49:24] [45/455] VVGZ
[01:49:24] [46/455] MDDC
[01:49:25] [47/455] MMAP
[01:49:26] [48/455] GPDC
[01:49:26] [49/455] PVPU
[01:49:27] [50/455] DCMV
[01:49:28] 🔄 Identity reset
[01:49:28] 🔄 Identity rotated (every 10 requests)
[01:49:28] [51/455] PCCF
[01:49:29] [52/455] MCEF
[01:49:29] [53/455] INRD
[01:49:31] [54/455] CCPZ
[01:49:31] [55/455] BCWG
[01:49:32] [56/455] PMGU
[01:49:33] [57/455] MCVM
[01:49:34] [58/455] MCDE
[01:49:34] [59/455] IEFM
[01:49:35] [60/455] MXCS
[01:49:36] 🔄 Identity reset
[01:49:36] 🔄 Identity rotated (every 10 requests)
[01:49:36] [61/455] RNMT
[01:49:37] [62/455] PSDD
[01:49:37] [63/455] PETA
[01:49:38] [64/455] IZOP
[01:49:39] [65/455] PDEI
[01:49:40] [66/455] MTND
[01:49:41] [67/455] PCPL
[01:49:41] [68/455] LSCM
[01:49:42] [69/455] BTFD
[01:49:43] [70/455] MERM
[01:49:43] 🔄 Identity reset
[01:49:43] 🔄 Identity rotated (every 10 requests)
[01:49:43] [71/455] PVMS
[01:49:44] [72/455] CIGK
[01:49:45] [73/455] INSG
[01:49:46] [74/455] IDEN
[01:49:46] [75/455] MCGN
[01:49:47] [76/455] IGAM
[01:49:48] [77/455] SLCU
[01:49:49] [78/455] MIMU
[01:49:50] [79/455] QLAC
[01:49:51] [80/455] MENL
[01:49:51] 🔄 Identity reset
[01:49:51] 🔄 Identity rotated (every 10 requests)
[01:49:51] [81/455] SCUR
[01:49:52] [82/455] MDGD
[01:49:53] [83/455] LSRS
[01:49:54] [84/455] KMLG
[01:49:54] [85/455] MKLJ
[01:49:55] [86/455] IBYG
[01:49:56] [87/455] ISML
[01:49:57] [88/455] MJMM
[01:49:58] [89/455] RCGD
[01:49:58] [90/455] MMOC
[01:49:59] 🔄 Identity reset
[01:49:59] 🔄 Identity rotated (every 10 requests)
[01:49:59] [91/455] RRCO
[01:50:00] [92/455] MEDM
[01:50:01] [93/455] MCAZ
[01:50:01] [94/455] STWA
[01:50:02] [95/455] PFFG
[01:50:03] [96/455] GAGC
[01:50:04] [97/455] PMPM
[01:50:04] [98/455] HVCD
[01:50:05] [99/455] AKRF
[01:50:06] [100/455] AKRC
[01:50:07] 🔄 Identity reset
[01:50:07] 🔄 Identity rotated (every 10 requests)
[01:50:07] [101/455] MIDA
[01:50:08] [102/455] MAGX
[01:50:08] [103/455] ESOS
[01:50:09] [104/455] BBCL
[01:50:09] [105/455] LYAS
[01:50:10] [106/455] NRMS
[01:50:11] [107/455] BHUC
[01:50:12] [108/455] SRIC
[01:50:13] [109/455] PDME
[01:50:13] [110/455] MJCS
[01:50:14] 🔄 Identity reset
[01:50:14] 🔄 Identity rotated (every 10 requests)
[01:50:14] [111/455] NRAA
[01:50:15] [112/455] VATA
[01:50:16] [113/455] MNKC
[01:50:17] [114/455] DHCL
[01:50:17] [115/455] JCPC
[01:50:18] [116/455] CTML
[01:50:19] [117/455] RMMR
[01:50:19] [118/455] STTL
[01:50:20] [119/455] CNPS
[01:50:21] [120/455] ACKL
[01:50:22] 🔄 Identity reset
[01:50:22] 🔄 Identity rotated (every 10 requests)
[01:50:22] [121/455] SCAU
[01:50:22] [122/455] RMIA
[01:50:23] [123/455] MANU
[01:50:24] [124/455] ARDC
[01:50:24] [125/455] GLDA
[01:50:25] [126/455] KVSW
[01:50:26] [127/455] CGCA
[01:50:26] [128/455] CMLO
[01:50:27] [129/455] CECB
[01:50:28] [130/455] RCPN
[01:50:28] 🔄 Identity reset
[01:50:28] 🔄 Identity rotated (every 10 requests)
[01:50:29] [131/455] ASMW
[01:50:29] [132/455] PWLM
[01:50:30] [133/455] ASGM
[01:50:31] [134/455] ACWH
[01:50:31] [135/455] AAPW
[01:50:32] [136/455] RTWA
[01:50:33] [137/455] RAMW
[01:50:33] [138/455] VKTR
[01:50:34] [139/455] SMBH
[01:50:35] [140/455] BVDR
[01:50:36] 🔄 Identity reset
[01:50:36] 🔄 Identity rotated (every 10 requests)
[01:50:36] [141/455] MRTP
[01:50:37] [142/455] BLBR
[01:50:37] [143/455] LPIN
[01:50:38] [144/455] SNPC
[01:50:39] [145/455] PDCB
[01:50:40] [146/455] DYPK
[01:50:40] [147/455] INMK
[01:50:41] [148/455] PDCK
[01:50:41] [149/455] PCKR
[01:50:42] [150/455] SHUA
[01:50:43] 🔄 Identity reset
[01:50:43] 🔄 Identity rotated (every 10 requests)
[01:50:43] [151/455] SCVK
[01:50:44] [152/455] STPA
[01:50:45] [153/455] WVHD
[01:50:45] [154/455] MRCH
[01:50:46] [155/455] MCNP
[01:50:47] [156/455] RCAG
[01:50:48] [157/455] JTSN
[01:50:48] [158/455] AANS
[01:50:49] [159/455] GDDR
[01:50:50] [160/455] SRER
[01:50:50] 🔄 Identity reset
[01:50:50] 🔄 Identity rotated (every 10 requests)
[01:50:51] [161/455] JKMA
[01:50:51] [162/455] ARAN
[01:50:52] [163/455] ALCT
[01:50:53] [164/455] CCTA
[01:50:54] [165/455] CNCT
[01:50:55] [166/455] NZBL
[01:50:55] [167/455] SRRA
[01:50:56] [168/455] SVPW
[01:50:57] [169/455] SRTW
[01:50:58] [170/455] XMTD
[01:50:58] 🔄 Identity reset
[01:50:58] 🔄 Identity rotated (every 10 requests)
[01:50:58] [171/455] SCCZ
[01:50:59] [172/455] PBCR
[01:51:00] [173/455] RTSC
[01:51:01] [174/455] TLSV
[01:51:02] [175/455] RMTK
[01:51:02] [176/455] SRAT
[01:51:03] [177/455] GCYC
[01:51:04] [178/455] HCAJ
[01:51:05] [179/455] LCXA
[01:51:05] [180/455] BINT
[01:51:06] 🔄 Identity reset
[01:51:06] 🔄 Identity rotated (every 10 requests)
[01:51:06] [181/455] IXIM
[01:51:07] [182/455] MBCR
[01:51:08] [183/455] BMCJ
[01:51:08] [184/455] NICJ
[01:51:09] [185/455] SCAJ
[01:51:10] [186/455] CMXS
[01:51:11] [187/455] MMSR
[01:51:12] [188/455] PRKT
[01:51:13] [189/455] LPTH
[01:51:13] [190/455] SARP
[01:51:14] 🔄 Identity reset
[01:51:14] 🔄 Identity rotated (every 10 requests)
[01:51:14] [191/455] MNPP
[01:51:15] [192/455] PRLR
[01:51:15] [193/455] RCMW
[01:51:16] [194/455] FCMG
[01:51:17] [195/455] RTNK
[01:51:18] [196/455] LRCP
[01:51:19] [197/455] DBJR
[01:51:20] [198/455] CACN
[01:51:21] [199/455] AMRL
[01:51:22] [200/455] SBBC
[01:51:22] 🔄 Identity reset
[01:51:22] 🔄 Identity rotated (every 10 requests)
[01:51:23] [201/455] VENN
[01:51:24] [202/455] STSS
[01:51:24] [203/455] SMRB
[01:51:25] [204/455] CCMX
[01:51:26] [205/455] KCMR
[01:51:27] [206/455] SALH
[01:51:28] [207/455] CGTT
[01:51:29] [208/455] PMDR
[01:51:30] [209/455] VCPM
[01:51:31] [210/455] RZMX
[01:51:31] 🔄 Identity reset
[01:51:31] 🔄 Identity rotated (every 10 requests)
[01:51:32] [211/455] TMSY
[01:51:33] [212/455] NTMS
[01:51:35] [213/455] VTAG
[01:51:36] [214/455] REMA
[01:51:38] [215/455] NXCC
[01:51:38] [216/455] SKYM
[01:51:39] [217/455] CCMO
[01:51:40] [218/455] DMXM
[01:51:41] [219/455] SPPM
[01:51:42] [220/455] PTKL
[01:51:42] 🔄 Identity reset
[01:51:42] 🔄 Identity rotated (every 10 requests)
[01:51:43] [221/455] SLVO
[01:51:43] [222/455] VASL
[01:51:44] [223/455] CBCM
[01:51:45] [224/455] STMA
[01:51:46] [225/455] LASK
[01:51:47] [226/455] VITE
[01:51:47] [227/455] AAST
[01:51:48] [228/455] JTPT
[01:51:49] [229/455] RRSH
[01:51:50] [230/455] CINL
[01:51:51] 🔄 Identity reset
[01:51:51] 🔄 Identity rotated (every 10 requests)
[01:51:51] [231/455] MCSR
[01:51:51] [232/455] SBCF
[01:51:52] [233/455] GCDU
[01:51:53] [234/455] PSPR
[01:51:54] [235/455] IMMO
[01:51:54] [236/455] CLGM
[01:51:55] [237/455] PBMM
[01:51:56] [238/455] CEHR
[01:51:57] [239/455] CPOE
[01:51:57] [240/455] PGFD
[01:51:58] 🔄 Identity reset
[01:51:58] 🔄 Identity rotated (every 10 requests)
[01:51:58] [241/455] PSLC
[01:51:59] [242/455] MSMD
[01:52:00] [243/455] FMFB
[01:52:01] [244/455] RKCL
[01:52:02] [245/455] PMMC
[01:52:03] [246/455] SKMM
[01:52:03] [247/455] VOIB
[01:52:04] [248/455] KINO
[01:52:04] [249/455] VCTP
[01:52:06] [250/455] PDWR
[01:52:06] 🔄 Identity reset
[01:52:06] 🔄 Identity rotated (every 10 requests)
[01:52:07] [251/455] SAED
[01:52:07] [252/455] SRRT
[01:52:08] [253/455] CVLG
[01:52:09] [254/455] SNGN
[01:52:10] [255/455] SIDA
[01:52:11] [256/455] IMCB
[01:52:12] [257/455] SMHP
[01:52:13] [258/455] GDTY
[01:52:14] [259/455] VYCH
[01:52:15] [260/455] PDYA
[01:52:15] 🔄 Identity reset
[01:52:15] 🔄 Identity rotated (every 10 requests)
[01:52:16] [261/455] RKDO
[01:52:17] [262/455] VECG
[01:52:18] [263/455] NFGD
[01:52:19] [264/455] SNDC
[01:52:20] [265/455] SDJH
[01:52:20] [266/455] HASV
[01:52:21] [267/455] PTYK
[01:52:22] [268/455] MUTB
[01:52:23] [269/455] AMRT
[01:52:24] [270/455] VACD
[01:52:24] 🔄 Identity reset
[01:52:24] 🔄 Identity rotated (every 10 requests)
[01:52:24] [271/455] SKDD
[01:52:25] [272/455] STGR
[01:52:26] [273/455] GDAK
[01:52:26] [274/455] SKHK
[01:52:27] [275/455] SLND
[01:52:28] [276/455] APAP
[01:52:28] [277/455] AYYA
[01:52:29] [278/455] VCCZ
[01:52:30] [279/455] MEML
[01:52:31] [280/455] MAOU
[01:52:32] 🔄 Identity reset
[01:52:32] 🔄 Identity rotated (every 10 requests)
[01:52:32] [281/455] ESND
[01:52:33] [282/455] PTBZ
[01:52:34] [283/455] LBCN
[01:52:35] [284/455] PAWA
[01:52:35] [285/455] ZEIC
[01:52:36] [286/455] CGMM
[01:52:37] [287/455] PJPM
[01:52:38] [288/455] ECMR
[01:52:38] [289/455] SHMZ
[01:52:39] [290/455] STCA
[01:52:40] 🔄 Identity reset
[01:52:40] 🔄 Identity rotated (every 10 requests)
[01:52:40] [291/455] VDRC
[01:52:41] [292/455] SEEM
[01:52:42] [293/455] MKNS
[01:52:43] [294/455] KPPP
[01:52:43] [295/455] CCML
[01:52:44] [296/455] CIBA
[01:52:45] [297/455] NACS
[01:52:46] [298/455] CTMK
[01:52:47] [299/455] CTCT
[01:52:47] [300/455] MCSN
[01:52:48] 🔄 Identity reset
[01:52:48] 🔄 Identity rotated (every 10 requests)
[01:52:48] [301/455] MAXX
[01:52:49] [302/455] MECB
[01:52:50] [303/455] NTBY
[01:52:51] [304/455] UTBI
[01:52:52] [305/455] RADK
[01:52:52] [306/455] STBY
[01:52:54] [307/455] GTBY
[01:52:55] [308/455] RRMB
[01:52:56] [309/455] ABRN
[01:52:56] [310/455] GTSG
[01:52:57] 🔄 Identity reset
[01:52:57] 🔄 Identity rotated (every 10 requests)
[01:52:57] [311/455] GBTG
[01:52:58] [312/455] SBGS
[01:52:59] [313/455] KBPM
[01:52:59] [314/455] SMHT
[01:53:00] [315/455] VTDM
[01:53:01] [316/455] ASCT
[01:53:02] [317/455] AWCT
[01:53:03] [318/455] DCCU
[01:53:03] [319/455] PSCE
[01:53:04] [320/455] KSNY
[01:53:05] 🔄 Identity reset
[01:53:05] 🔄 Identity rotated (every 10 requests)
[01:53:05] [321/455] ACID
[01:53:06] [322/455] LVCD
[01:53:07] [323/455] KSSB
[01:53:08] [324/455] SWTD
[01:53:09] [325/455] RBMR
[01:53:10] [326/455] SCBC
[01:53:11] [327/455] RKME
[01:53:11] [328/455] GALX
[01:53:12] [329/455] GCCH
[01:53:13] [330/455] RATR
[01:53:14] 🔄 Identity reset
[01:53:14] 🔄 Identity rotated (every 10 requests)
[01:53:14] [331/455] GTGA
[01:53:15] [332/455] LTTR
[01:53:16] [333/455] TTAA
[01:53:16] [334/455] TVHP
[01:53:17] [335/455] KVCS
[01:53:18] [336/455] CBMC
[01:53:19] [337/455] MAYJ
[01:53:20] [338/455] INPR
[01:53:21] [339/455] RSSC
[01:53:21] [340/455] PCAN
[01:53:22] 🔄 Identity reset
[01:53:22] 🔄 Identity rotated (every 10 requests)
[01:53:23] [341/455] PVHR
[01:53:24] [342/455] AGSM
[01:53:25] [343/455] PVES
[01:53:26] [344/455] INTO
[01:53:27] [345/455] ACON
[01:53:29] [346/455] PVPZ
[01:53:29] [347/455] PVHC
[01:53:30] [348/455] KSTK
[01:53:31] [349/455] PVSR
[01:53:32] [350/455] ACTN
[01:53:33] 🔄 Identity reset
[01:53:33] 🔄 Identity rotated (every 10 requests)
[01:53:33] [351/455] FMCN
[01:53:34] [352/455] PABC
[01:53:34] [353/455] SUTC
[01:53:35] [354/455] PGMV
[01:53:36] [355/455] GKCP
[01:53:37] [356/455] INCH
[01:53:37] [357/455] MLMT
[01:53:38] [358/455] SSCC
[01:53:39] [359/455] SLMP
[01:53:39] [360/455] VVTN
[01:53:40] 🔄 Identity reset
[01:53:40] 🔄 Identity rotated (every 10 requests)
[01:53:41] [361/455] SBTR
[01:53:42] [362/455] PGRA
[01:53:42] [363/455] PBRM
[01:53:43] [364/455] GCRP
[01:53:44] [365/455] MCSK
[01:53:45] [366/455] NLTC
[01:53:45] [367/455] MTLM
[01:53:46] [368/455] VECT
[01:53:47] [369/455] KMRM
[01:53:48] [370/455] RACM
[01:53:49] 🔄 Identity reset
[01:53:49] 🔄 Identity rotated (every 10 requests)
[01:53:49] [371/455] WSTC
[01:53:49] [372/455] PVTJ
[01:53:50] [373/455] MMKC
[01:53:51] [374/455] SVWT
[01:53:52] [375/455] JOTG
[01:53:53] [376/455] VCDK
[01:53:53] [377/455] ANAC
[01:53:54] [378/455] GRTC
[01:53:55] [379/455] JTPL
[01:53:56] [380/455] VRCP
[01:53:57] 🔄 Identity reset
[01:53:57] 🔄 Identity rotated (every 10 requests)
[01:53:57] [381/455] REMC
[01:53:58] [382/455] ATMG
[01:53:59] [383/455] GAHC
[01:53:59] [384/455] JTMV
[01:54:00] [385/455] OMTT
[01:54:01] [386/455] GKKC
[01:54:02] [387/455] BBPO
[01:54:03] [388/455] ZCBB
[01:54:04] [389/455] DCGO
[01:54:05] [390/455] STOP
[01:54:05] 🔄 Identity reset
[01:54:05] 🔄 Identity rotated (every 10 requests)
[01:54:05] [391/455] BSPC
[01:54:06] [392/455] SOND
[01:54:08] [393/455] GCKG
[01:54:08] [394/455] PCDB
[01:54:09] [395/455] PGRC
[01:54:10] [396/455] CSCT
[01:54:11] [397/455] STDA
[01:54:11] [398/455] JAYD
[01:54:12] [399/455] PPPD
[01:54:13] [400/455] KRTT
[01:54:13] 🔄 Identity reset
[01:54:13] 🔄 Identity rotated (every 10 requests)
[01:54:14] [401/455] PTDT
[01:54:15] [402/455] TRSV
[01:54:17] [403/455] VELR
[01:54:18] [404/455] STDT
[01:54:18] [405/455] SATT
[01:54:19] [406/455] KCPM
[01:54:19] [407/455] MFCP
[01:54:20] [408/455] AXMP
[01:54:21] [409/455] LTVB
[01:54:22] [410/455] APST
[01:54:22] 🔄 Identity reset
[01:54:22] 🔄 Identity rotated (every 10 requests)
[01:54:23] [411/455] DTVP
[01:54:23] [412/455] AAVB
[01:54:24] [413/455] PMBL
[01:54:25] [414/455] STKC
[01:54:26] [415/455] KKMA
[01:54:27] [416/455] NMXS
[01:54:27] [417/455] DECX
[01:54:28] [418/455] MAPJ
[01:54:29] [419/455] SMLK
[01:54:30] [420/455] PMPU
[01:54:31] 🔄 Identity reset
[01:54:31] 🔄 Identity rotated (every 10 requests)
[01:54:32] [421/455] AFST
[01:54:33] [422/455] SRSY
[01:54:34] [423/455] RMKT
[01:54:35] [424/455] RAJX
[01:54:36] [425/455] UVCD
[01:54:37] [426/455] LISA
[01:54:38] [427/455] LMSR
[01:54:38] [428/455] PMCA
[01:54:39] [429/455] INPO
[01:54:41] [430/455] INGO
[01:54:41] 🔄 Identity reset
[01:54:41] 🔄 Identity rotated (every 10 requests)
[01:54:41] [431/455] HFSQ
[01:54:42] [432/455] INMG
[01:54:43] [433/455] NYCP
[01:54:44] [434/455] HFSV
[01:54:45] [435/455] MMZP
[01:54:45] [436/455] KSES
[01:54:46] [437/455] HFSA
[01:54:48] [438/455] ACMM
[01:54:49] [439/455] RCKD
[01:54:49] [440/455] BCKR
[01:54:50] 🔄 Identity reset
[01:54:50] 🔄 Identity rotated (every 10 requests)
[01:54:51] [441/455] SFCO
[01:54:51] [442/455] JCCB
[01:54:52] [443/455] BCCR
[01:54:53] [444/455] NWCB
[01:54:53] [445/455] SAMT
[01:54:54] [446/455] TMST
[01:54:55] [447/455] SJCN
[01:54:56] [448/455] MCBS
[01:54:57] [449/455] CMKR
[01:54:58] [450/455] INPM
[01:54:58] 🔄 Identity reset
[01:54:58] 🔄 Identity rotated (every 10 requests)
[01:54:59] [451/455] WVMT
[01:54:59] [452/455] NYSM
[01:55:00] [453/455] RCMA
[01:55:01] [454/455] RECM
[01:55:02] [455/455] CYCM
[01:55:03] ✅ DONE | Shows=0 | Movies=0
[02:16:07] 🚀 BMS DAILY TRACKER STARTED (enhanced anti‑detection)
[02:16:07] [1/455] MXGN
[02:16:08] 🧠 New identity created
[02:16:08] [2/455] PGGM
[02:16:09] [3/455] IPMJ
[02:16:10] [4/455] M2PP
[02:16:10] [5/455] PMMS
[02:16:11] [6/455] SCJN
[02:16:12] [7/455] CPUM
[02:16:13] [8/455] SCND
[02:16:14] [9/455] INWM
[02:16:14] [10/455] DVDC
[02:16:15] 🔄 Identity reset
[02:16:15] 🔄 Identity rotated (every 10 requests)
[02:16:15] [11/455] WVND
[02:16:16] [12/455] LBDL
[02:16:16] [13/455] CRGM
[02:16:17] [14/455] PVKS
[02:16:17] [15/455] PBLL
[02:16:18] [16/455] FNLN
[02:16:19] [17/455] PPDA
[02:16:20] [18/455] SCPT
[02:16:21] [19/455] IAJS
[02:16:22] [20/455] MMZG
[02:16:22] 🔄 Identity reset
[02:16:22] 🔄 Identity rotated (every 10 requests)
[02:16:22] [21/455] MCTI
[02:16:23] [22/455] PPMF
[02:16:24] [23/455] FNSD
[02:16:24] [24/455] M2RH
[02:16:25] [25/455] CPGV
[02:16:26] [26/455] PECD
[02:16:27] [27/455] CTEE
[02:16:28] [28/455] IOMG
[02:16:28] [29/455] CIJA
[02:16:29] [30/455] NYCG
[02:16:30] 🔄 Identity reset
[02:16:30] 🔄 Identity rotated (every 10 requests)
[02:16:30] [31/455] CEST
[02:16:30] [32/455] WVRG
[02:16:31] [33/455] DPDC
[02:16:32] [34/455] PDIV
[02:16:33] [35/455] MTPP
[02:16:34] [36/455] MHNU
[02:16:34] [37/455] WUPG
[02:16:35] [38/455] USCO
[02:16:36] [39/455] INFR
[02:16:38] [40/455] PVPD
[02:16:38] 🔄 Identity reset
[02:16:38] 🔄 Identity rotated (every 10 requests)
[02:16:38] [41/455] RONC
[02:16:39] [42/455] IOCP
[02:16:40] [43/455] EMPS
[02:16:41] [44/455] PNAD
[02:16:42] [45/455] VVGZ
[02:16:42] [46/455] MDDC
[02:16:43] [47/455] MMAP
[02:16:44] [48/455] GPDC
[02:16:45] [49/455] PVPU
[02:16:46] [50/455] DCMV
[02:16:47] 🔄 Identity reset
[02:16:47] 🔄 Identity rotated (every 10 requests)
[02:16:47] [51/455] PCCF
[02:16:48] [52/455] MCEF
[02:16:49] [53/455] INRD
[02:16:50] [54/455] CCPZ
[02:16:50] [55/455] BCWG
[02:16:51] [56/455] PMGU
[02:16:52] [57/455] MCVM
[02:16:52] [58/455] MCDE
[02:16:53] [59/455] IEFM
[02:16:55] [60/455] MXCS
[02:16:55] 🔄 Identity reset
[02:16:55] 🔄 Identity rotated (every 10 requests)
[02:16:56] [61/455] RNMT
[02:16:56] [62/455] PSDD
[02:16:57] [63/455] PETA
[02:16:57] [64/455] IZOP
[02:16:58] [65/455] PDEI
[02:16:59] [66/455] MTND
[02:17:00] [67/455] PCPL
[02:17:01] [68/455] LSCM
[02:17:02] [69/455] BTFD
[02:17:02] [70/455] MERM
[02:17:03] 🔄 Identity reset
[02:17:03] 🔄 Identity rotated (every 10 requests)
[02:17:03] [71/455] PVMS
[02:17:04] [72/455] CIGK
[02:17:05] [73/455] INSG
[02:17:06] [74/455] IDEN
[02:17:07] [75/455] MCGN
[02:17:07] [76/455] IGAM
[02:17:08] [77/455] SLCU
[02:17:09] [78/455] MIMU
[02:17:09] [79/455] QLAC
[02:17:10] [80/455] MENL
[02:17:11] 🔄 Identity reset
[02:17:11] 🔄 Identity rotated (every 10 requests)
[02:17:11] [81/455] SCUR
[02:17:12] [82/455] MDGD
[02:17:12] [83/455] LSRS
[02:17:13] [84/455] KMLG
[02:17:13] [85/455] MKLJ
[02:17:14] [86/455] IBYG
[02:17:15] [87/455] ISML
[02:17:16] [88/455] MJMM
[02:17:16] [89/455] RCGD
[02:17:17] [90/455] MMOC
[02:17:17] 🔄 Identity reset
[02:17:17] 🔄 Identity rotated (every 10 requests)
[02:17:18] [91/455] RRCO
[02:17:18] [92/455] MEDM
[02:17:19] [93/455] MCAZ
[02:17:20] [94/455] STWA
[02:17:21] [95/455] PFFG
[02:17:22] [96/455] GAGC
[02:17:22] [97/455] PMPM
[02:17:23] [98/455] HVCD
[02:17:24] [99/455] AKRF
[02:17:24] [100/455] AKRC
[02:17:25] 🔄 Identity reset
[02:17:25] 🔄 Identity rotated (every 10 requests)
[02:17:25] [101/455] MIDA
[02:17:26] [102/455] MAGX
[02:17:27] [103/455] ESOS
[02:17:28] [104/455] BBCL
[02:17:29] [105/455] LYAS
[02:17:29] [106/455] NRMS
[02:17:30] [107/455] BHUC
[02:17:31] [108/455] SRIC
[02:17:32] [109/455] PDME
[02:17:32] [110/455] MJCS
[02:17:33] 🔄 Identity reset
[02:17:33] 🔄 Identity rotated (every 10 requests)
[02:17:33] [111/455] NRAA
[02:17:34] [112/455] VATA
[02:17:35] [113/455] MNKC
[02:17:35] [114/455] DHCL
[02:17:36] [115/455] JCPC
[02:17:37] [116/455] CTML
[02:17:39] [117/455] RMMR
[02:17:39] [118/455] STTL
[02:17:40] [119/455] CNPS
[02:17:41] [120/455] ACKL
[02:17:42] 🔄 Identity reset
[02:17:42] 🔄 Identity rotated (every 10 requests)
[02:17:42] [121/455] SCAU
[02:17:43] [122/455] RMIA
[02:17:43] [123/455] MANU
[02:17:44] [124/455] ARDC
[02:17:45] [125/455] GLDA
[02:17:45] [126/455] KVSW
[02:17:46] [127/455] CGCA
[02:17:47] [128/455] CMLO
[02:17:48] [129/455] CECB
[02:17:49] [130/455] RCPN
[02:17:49] 🔄 Identity reset
[02:17:49] 🔄 Identity rotated (every 10 requests)
[02:17:50] [131/455] ASMW
[02:17:51] [132/455] PWLM
[02:17:51] [133/455] ASGM
[02:17:52] [134/455] ACWH
[02:17:53] [135/455] AAPW
[02:17:54] [136/455] RTWA
[02:17:54] [137/455] RAMW
[02:17:55] [138/455] VKTR
[02:17:56] [139/455] SMBH
[02:17:57] [140/455] BVDR
[02:17:57] 🔄 Identity reset
[02:17:57] 🔄 Identity rotated (every 10 requests)
[02:17:57] [141/455] MRTP
[02:17:58] [142/455] BLBR
[02:17:59] [143/455] LPIN
[02:17:59] [144/455] SNPC
[02:18:00] [145/455] PDCB
[02:18:00] [146/455] DYPK
[02:18:01] [147/455] INMK
[02:18:02] [148/455] PDCK
[02:18:03] [149/455] PCKR
[02:18:04] [150/455] SHUA
[02:18:05] 🔄 Identity reset
[02:18:05] 🔄 Identity rotated (every 10 requests)
[02:18:05] [151/455] SCVK
[02:18:06] [152/455] STPA
[02:18:06] [153/455] WVHD
[02:18:07] [154/455] MRCH
[02:18:08] [155/455] MCNP
[02:18:09] [156/455] RCAG
[02:18:11] [157/455] JTSN
[02:18:11] [158/455] AANS
[02:18:13] [159/455] GDDR
[02:18:14] [160/455] SRER
[02:18:14] 🔄 Identity reset
[02:18:14] 🔄 Identity rotated (every 10 requests)
[02:18:14] [161/455] JKMA
[02:18:15] [162/455] ARAN
[02:18:16] [163/455] ALCT
[02:18:16] [164/455] CCTA
[02:18:17] [165/455] CNCT
[02:18:18] [166/455] NZBL
[02:18:19] [167/455] SRRA
[02:18:20] [168/455] SVPW
[02:18:20] [169/455] SRTW
[02:18:21] [170/455] XMTD
[02:18:22] 🔄 Identity reset
[02:18:22] 🔄 Identity rotated (every 10 requests)
[02:18:22] [171/455] SCCZ
[02:18:23] [172/455] PBCR
[02:18:24] [173/455] RTSC
[02:18:25] [174/455] TLSV
[02:18:25] [175/455] RMTK
[02:18:26] [176/455] SRAT
[02:18:26] [177/455] GCYC
[02:18:27] [178/455] HCAJ
[02:18:29] [179/455] LCXA
[02:18:30] [180/455] BINT
[02:18:30] 🔄 Identity reset
[02:18:30] 🔄 Identity rotated (every 10 requests)
[02:18:30] [181/455] IXIM
[02:18:31] [182/455] MBCR
[02:18:33] [183/455] BMCJ
[02:18:33] [184/455] NICJ
[02:18:34] [185/455] SCAJ
[02:18:35] [186/455] CMXS
[02:18:35] [187/455] MMSR
[02:18:36] [188/455] PRKT
[02:18:37] [189/455] LPTH
[02:18:38] [190/455] SARP
[02:18:38] 🔄 Identity reset
[02:18:38] 🔄 Identity rotated (every 10 requests)
[02:18:39] [191/455] MNPP
[02:18:39] [192/455] PRLR
[02:18:40] [193/455] RCMW
[02:18:41] [194/455] FCMG
[02:18:42] [195/455] RTNK
[02:18:42] [196/455] LRCP
[02:18:43] [197/455] DBJR
[02:18:44] [198/455] CACN
[02:18:45] [199/455] AMRL
[02:18:46] [200/455] SBBC
[02:18:47] 🔄 Identity reset
[02:18:47] 🔄 Identity rotated (every 10 requests)
[02:18:47] [201/455] VENN
[02:18:47] [202/455] STSS
[02:18:48] [203/455] SMRB
[02:18:48] [204/455] CCMX
[02:18:49] [205/455] KCMR
[02:18:49] [206/455] SALH
[02:18:50] [207/455] CGTT
[02:18:51] [208/455] PMDR
[02:18:51] [209/455] VCPM
[02:18:52] [210/455] RZMX
[02:18:52] 🔄 Identity reset
[02:18:52] 🔄 Identity rotated (every 10 requests)
[02:18:52] [211/455] TMSY
[02:18:53] [212/455] NTMS
[02:18:53] [213/455] VTAG
[02:18:54] [214/455] REMA
[02:18:55] [215/455] NXCC
[02:18:55] [216/455] SKYM
[02:18:56] [217/455] CCMO
[02:18:57] [218/455] DMXM
[02:18:58] [219/455] SPPM
[02:18:59] [220/455] PTKL
[02:18:59] 🔄 Identity reset
[02:18:59] 🔄 Identity rotated (every 10 requests)
[02:19:00] [221/455] SLVO
[02:19:01] [222/455] VASL
[02:19:01] [223/455] CBCM
[02:19:02] [224/455] STMA
[02:19:03] [225/455] LASK
[02:19:03] [226/455] VITE
[02:19:04] [227/455] AAST
[02:19:05] [228/455] JTPT
[02:19:06] [229/455] RRSH
[02:19:06] [230/455] CINL
[02:19:07] 🔄 Identity reset
[02:19:07] 🔄 Identity rotated (every 10 requests)
[02:19:07] [231/455] MCSR
[02:19:08] [232/455] SBCF
[02:19:08] [233/455] GCDU
[02:19:09] [234/455] PSPR
[02:19:10] [235/455] IMMO
[02:19:10] [236/455] CLGM
[02:19:11] [237/455] PBMM
[02:19:11] [238/455] CEHR
[02:19:12] [239/455] CPOE
[02:19:13] [240/455] PGFD
[02:19:13] 🔄 Identity reset
[02:19:13] 🔄 Identity rotated (every 10 requests)
[02:19:13] [241/455] PSLC
[02:19:14] [242/455] MSMD
[02:19:14] [243/455] FMFB
[02:19:15] [244/455] RKCL
[02:19:16] [245/455] PMMC
[02:19:17] [246/455] SKMM
[02:19:17] [247/455] VOIB
[02:19:18] [248/455] KINO
[02:19:19] [249/455] VCTP
[02:19:19] [250/455] PDWR
[02:19:20] 🔄 Identity reset
[02:19:20] 🔄 Identity rotated (every 10 requests)
[02:19:20] [251/455] SAED
[02:19:21] [252/455] SRRT
[02:19:22] [253/455] CVLG
[02:19:23] [254/455] SNGN
[02:19:23] [255/455] SIDA
[02:19:24] [256/455] IMCB
[02:19:24] [257/455] SMHP
[02:19:25] [258/455] GDTY
[02:19:26] [259/455] VYCH
[02:19:27] [260/455] PDYA
[02:19:27] 🔄 Identity reset
[02:19:27] 🔄 Identity rotated (every 10 requests)
[02:19:27] [261/455] RKDO
[02:19:28] [262/455] VECG
[02:19:29] [263/455] NFGD
[02:19:29] [264/455] SNDC
[02:19:30] [265/455] SDJH
[02:19:31] [266/455] HASV
[02:19:31] [267/455] PTYK
[02:19:32] [268/455] MUTB
[02:19:33] [269/455] AMRT
[02:19:34] [270/455] VACD
[02:19:34] 🔄 Identity reset
[02:19:34] 🔄 Identity rotated (every 10 requests)
[02:19:35] [271/455] SKDD
[02:19:35] [272/455] STGR
[02:19:36] [273/455] GDAK
[02:19:37] [274/455] SKHK
[02:19:38] [275/455] SLND
[02:19:39] [276/455] APAP
[02:19:39] [277/455] AYYA
[02:19:40] [278/455] VCCZ
[02:19:41] [279/455] MEML
[02:19:41] [280/455] MAOU
[02:19:42] 🔄 Identity reset
[02:19:42] 🔄 Identity rotated (every 10 requests)
[02:19:42] [281/455] ESND
[02:19:43] [282/455] PTBZ
[02:19:44] [283/455] LBCN
[02:19:44] [284/455] PAWA
[02:19:45] [285/455] ZEIC
[02:19:46] [286/455] CGMM
[02:19:47] [287/455] PJPM
[02:19:48] [288/455] ECMR
[02:19:49] [289/455] SHMZ
[02:19:49] [290/455] STCA
[02:19:50] 🔄 Identity reset
[02:19:50] 🔄 Identity rotated (every 10 requests)
[02:19:50] [291/455] VDRC
[02:19:51] [292/455] SEEM
[02:19:52] [293/455] MKNS
[02:19:53] [294/455] KPPP
[02:19:54] [295/455] CCML
[02:19:55] [296/455] CIBA
[02:19:56] [297/455] NACS
[02:19:56] [298/455] CTMK
[02:19:57] [299/455] CTCT
[02:19:58] [300/455] MCSN
[02:19:58] 🔄 Identity reset
[02:19:58] 🔄 Identity rotated (every 10 requests)
[02:19:58] [301/455] MAXX
[02:19:59] [302/455] MECB
[02:20:00] [303/455] NTBY
[02:20:01] [304/455] UTBI
[02:20:01] [305/455] RADK
[02:20:02] [306/455] STBY
[02:20:03] [307/455] GTBY
[02:20:03] [308/455] RRMB
[02:20:04] [309/455] ABRN
[02:20:05] [310/455] GTSG
[02:20:06] 🔄 Identity reset
[02:20:06] 🔄 Identity rotated (every 10 requests)
[02:20:06] [311/455] GBTG
[02:20:07] [312/455] SBGS
[02:20:08] [313/455] KBPM
[02:20:09] [314/455] SMHT
[02:20:10] [315/455] VTDM
[02:20:10] [316/455] ASCT
[02:20:11] [317/455] AWCT
[02:20:12] [318/455] DCCU
[02:20:13] [319/455] PSCE
[02:20:13] [320/455] KSNY
[02:20:14] 🔄 Identity reset
[02:20:14] 🔄 Identity rotated (every 10 requests)
[02:20:14] [321/455] ACID
[02:20:15] [322/455] LVCD
[02:20:15] [323/455] KSSB
[02:20:16] [324/455] SWTD
[02:20:17] [325/455] RBMR
[02:20:17] [326/455] SCBC
[02:20:18] [327/455] RKME
[02:20:18] [328/455] GALX
[02:20:20] [329/455] GCCH
[02:20:21] [330/455] RATR
[02:20:21] 🔄 Identity reset
[02:20:21] 🔄 Identity rotated (every 10 requests)
[02:20:21] 🔄 Retry 1/5 for RATR in 2.5s
[02:20:21] 🔄 Identity reset
[02:20:24] 🧠 New identity created
[02:20:24] [331/455] GTGA
[02:20:25] [332/455] LTTR
[02:20:25] [333/455] TTAA
[02:20:26] [334/455] TVHP
[02:20:26] [335/455] KVCS
[02:20:27] [336/455] CBMC
[02:20:28] [337/455] MAYJ
[02:20:29] [338/455] INPR
[02:20:29] [339/455] RSSC
[02:20:30] 🔄 Identity reset
[02:20:30] 🔄 Identity rotated (every 10 requests)
[02:20:30] [340/455] PCAN
[02:20:30] [341/455] PVHR
[02:20:31] [342/455] AGSM
[02:20:32] [343/455] PVES
[02:20:32] [344/455] INTO
[02:20:33] [345/455] ACON
[02:20:34] [346/455] PVPZ
[02:20:34] [347/455] PVHC
[02:20:35] [348/455] KSTK
[02:20:36] [349/455] PVSR
[02:20:36] 🔄 Identity reset
[02:20:36] 🔄 Identity rotated (every 10 requests)
[02:20:37] [350/455] ACTN
[02:20:37] [351/455] FMCN
[02:20:38] [352/455] PABC
[02:20:39] [353/455] SUTC
[02:20:39] [354/455] PGMV
[02:20:40] [355/455] GKCP
[02:20:41] [356/455] INCH
[02:20:42] [357/455] MLMT
[02:20:43] [358/455] SSCC
[02:20:43] [359/455] SLMP
[02:20:44] 🔄 Identity reset
[02:20:44] 🔄 Identity rotated (every 10 requests)
[02:20:44] [360/455] VVTN
[02:20:45] [361/455] SBTR
[02:20:46] [362/455] PGRA
[02:20:46] [363/455] PBRM
[02:20:47] [364/455] GCRP
[02:20:48] [365/455] MCSK
[02:20:49] [366/455] NLTC
[02:20:50] [367/455] MTLM
[02:20:50] [368/455] VECT
[02:20:51] [369/455] KMRM
[02:20:52] 🔄 Identity reset
[02:20:52] 🔄 Identity rotated (every 10 requests)
[02:20:52] 🔄 Retry 1/5 for KMRM in 2.2s
[02:20:52] 🔄 Identity reset
[02:20:54] 🧠 New identity created
[02:20:54] [370/455] RACM
[02:20:55] [371/455] WSTC
[02:20:56] [372/455] PVTJ
[02:20:56] [373/455] MMKC
[02:20:57] [374/455] SVWT
[02:20:58] [375/455] JOTG
[02:20:59] [376/455] VCDK
[02:21:00] [377/455] ANAC
[02:21:00] [378/455] GRTC
[02:21:01] 🔄 Identity reset
[02:21:01] 🔄 Identity rotated (every 10 requests)
[02:21:01] [379/455] JTPL
[02:21:02] [380/455] VRCP
[02:21:03] [381/455] REMC
[02:21:03] [382/455] ATMG
[02:21:04] [383/455] GAHC
[02:21:04] [384/455] JTMV
[02:21:05] [385/455] OMTT
[02:21:05] [386/455] GKKC
[02:21:06] [387/455] BBPO
[02:21:07] [388/455] ZCBB
[02:21:07] 🔄 Identity reset
[02:21:07] 🔄 Identity rotated (every 10 requests)
[02:21:07] [389/455] DCGO
[02:21:08] [390/455] STOP
[02:21:09] [391/455] BSPC
[02:21:10] [392/455] SOND
[02:21:10] [393/455] GCKG
[02:21:11] [394/455] PCDB
[02:21:12] [395/455] PGRC
[02:21:13] [396/455] CSCT
[02:21:14] [397/455] STDA
[02:21:14] [398/455] JAYD
[02:21:15] 🔄 Identity reset
[02:21:15] 🔄 Identity rotated (every 10 requests)
[02:21:15] [399/455] PPPD
[02:21:15] [400/455] KRTT
[02:21:16] [401/455] PTDT
[02:21:17] [402/455] TRSV
[02:21:17] [403/455] VELR
[02:21:18] [404/455] STDT
[02:21:18] [405/455] SATT
[02:21:19] [406/455] KCPM
[02:21:20] [407/455] MFCP
[02:21:21] [408/455] AXMP
[02:21:22] 🔄 Identity reset
[02:21:22] 🔄 Identity rotated (every 10 requests)
[02:21:22] [409/455] LTVB
[02:21:22] [410/455] APST
[02:21:24] [411/455] DTVP
[02:21:24] [412/455] AAVB
[02:21:25] [413/455] PMBL
[02:21:25] [414/455] STKC
[02:21:26] [415/455] KKMA
[02:21:27] [416/455] NMXS
[02:21:28] [417/455] DECX
[02:21:29] [418/455] MAPJ
[02:21:29] 🔄 Identity reset
[02:21:29] 🔄 Identity rotated (every 10 requests)
[02:21:29] [419/455] SMLK
[02:21:30] [420/455] PMPU
[02:21:31] [421/455] AFST
[02:21:31] [422/455] SRSY
[02:21:32] [423/455] RMKT
[02:21:33] [424/455] RAJX
[02:21:33] [425/455] UVCD
[02:21:34] [426/455] LISA
[02:21:35] [427/455] LMSR
[02:21:36] [428/455] PMCA
[02:21:37] 🔄 Identity reset
[02:21:37] 🔄 Identity rotated (every 10 requests)
[02:21:37] [429/455] INPO
[02:21:38] [430/455] INGO
[02:21:39] [431/455] HFSQ
[02:21:39] [432/455] INMG
[02:21:40] [433/455] NYCP
[02:21:41] [434/455] HFSV
[02:21:41] [435/455] MMZP
[02:21:42] [436/455] KSES
[02:21:43] [437/455] HFSA
[02:21:44] [438/455] ACMM
[02:21:44] 🔄 Identity reset
[02:21:44] 🔄 Identity rotated (every 10 requests)
[02:21:45] [439/455] RCKD
[02:21:45] [440/455] BCKR
[02:21:46] [441/455] SFCO
[02:21:47] [442/455] JCCB
[02:21:47] [443/455] BCCR
[02:21:48] [444/455] NWCB
[02:21:49] [445/455] SAMT
[02:21:49] [446/455] TMST
[02:21:50] [447/455] SJCN
[02:21:51] [448/455] MCBS
[02:21:51] 🔄 Identity reset
[02:21:51] 🔄 Identity rotated (every 10 requests)
[02:21:52] [449/455] CMKR
[02:21:52] [450/455] INPM
[02:21:53] [451/455] WVMT
[02:21:53] [452/455] NYSM
[02:21:54] [453/455] RCMA
[02:21:55] [454/455] RECM
[02:21:56] [455/455] CYCM
[02:21:56] ✅ DONE | Shows=0 | Movies=0
[03:16:21] 🚀 BMS DAILY TRACKER STARTED (enhanced anti‑detection)
[03:16:21] [1/455] MXGN
[03:16:22] 🧠 New identity created
[03:16:22] [2/455] PGGM
[03:16:23] [3/455] IPMJ
[03:16:25] [4/455] M2PP
[03:16:26] [5/455] PMMS
[03:16:27] [6/455] SCJN
[03:16:28] [7/455] CPUM
[03:16:29] [8/455] SCND
[03:16:29] [9/455] INWM
[03:16:30] [10/455] DVDC
[03:16:31] 🔄 Identity reset
[03:16:31] 🔄 Identity rotated (every 10 requests)
[03:16:32] [11/455] WVND
[03:16:34] [12/455] LBDL
[03:16:35] [13/455] CRGM
[03:16:36] [14/455] PVKS
[03:16:37] [15/455] PBLL
[03:16:38] [16/455] FNLN
[03:16:39] [17/455] PPDA
[03:16:39] [18/455] SCPT
[03:16:40] [19/455] IAJS
[03:16:41] [20/455] MMZG
[03:16:42] 🔄 Identity reset
[03:16:42] 🔄 Identity rotated (every 10 requests)
[03:16:42] [21/455] MCTI
[03:16:43] [22/455] PPMF
[03:16:44] [23/455] FNSD
[03:16:45] [24/455] M2RH
[03:16:46] [25/455] CPGV
[03:16:47] [26/455] PECD
[03:16:47] [27/455] CTEE
[03:16:48] [28/455] IOMG
[03:16:49] [29/455] CIJA
[03:16:50] [30/455] NYCG
[03:16:51] 🔄 Identity reset
[03:16:51] 🔄 Identity rotated (every 10 requests)
[03:16:52] [31/455] CEST
[03:16:52] [32/455] WVRG
[03:16:53] [33/455] DPDC
[03:16:54] [34/455] PDIV
[03:16:55] [35/455] MTPP
[03:16:56] [36/455] MHNU
[03:16:57] [37/455] WUPG
[03:16:57] [38/455] USCO
[03:16:58] [39/455] INFR
[03:16:59] [40/455] PVPD
[03:16:59] 🔄 Identity reset
[03:16:59] 🔄 Identity rotated (every 10 requests)
[03:17:00] [41/455] RONC
[03:17:01] [42/455] IOCP
[03:17:01] [43/455] EMPS
[03:17:02] [44/455] PNAD
[03:17:04] [45/455] VVGZ
[03:17:05] [46/455] MDDC
[03:17:06] [47/455] MMAP
[03:17:07] [48/455] GPDC
[03:17:08] [49/455] PVPU
[03:17:09] [50/455] DCMV
[03:17:10] 🔄 Identity reset
[03:17:10] 🔄 Identity rotated (every 10 requests)
[03:17:10] [51/455] PCCF
[03:17:11] [52/455] MCEF
[03:17:12] [53/455] INRD
[03:17:13] [54/455] CCPZ
[03:17:14] [55/455] BCWG
[03:17:16] [56/455] PMGU
[03:17:17] [57/455] MCVM
[03:17:18] [58/455] MCDE
[03:17:19] [59/455] IEFM
[03:17:20] [60/455] MXCS
[03:17:21] 🔄 Identity reset
[03:17:21] 🔄 Identity rotated (every 10 requests)
[03:17:21] [61/455] RNMT
[03:17:22] [62/455] PSDD
[03:17:23] [63/455] PETA
[03:17:24] [64/455] IZOP
[03:17:25] [65/455] PDEI
[03:17:26] [66/455] MTND
[03:17:27] [67/455] PCPL
[03:17:28] [68/455] LSCM
[03:17:29] [69/455] BTFD
[03:17:29] [70/455] MERM
[03:17:30] 🔄 Identity reset
[03:17:30] 🔄 Identity rotated (every 10 requests)
[03:17:30] [71/455] PVMS
[03:17:31] [72/455] CIGK
[03:17:32] [73/455] INSG
[03:17:33] [74/455] IDEN
[03:17:35] [75/455] MCGN
[03:17:35] [76/455] IGAM
[03:17:36] [77/455] SLCU
[03:17:37] [78/455] MIMU
[03:17:38] [79/455] QLAC
[03:17:39] [80/455] MENL
[03:17:40] 🔄 Identity reset
[03:17:40] 🔄 Identity rotated (every 10 requests)
[03:17:40] [81/455] SCUR
[03:17:41] [82/455] MDGD
[03:17:41] [83/455] LSRS
[03:17:42] [84/455] KMLG
[03:17:43] [85/455] MKLJ
[03:17:44] [86/455] IBYG
[03:17:45] [87/455] ISML
[03:17:47] [88/455] MJMM
[03:17:48] [89/455] RCGD
[03:17:49] [90/455] MMOC
[03:17:49] 🔄 Identity reset
[03:17:49] 🔄 Identity rotated (every 10 requests)
[03:17:50] [91/455] RRCO
[03:17:51] [92/455] MEDM
[03:17:52] [93/455] MCAZ
[03:17:53] [94/455] STWA
[03:17:54] [95/455] PFFG
[03:17:54] [96/455] GAGC
[03:17:55] [97/455] PMPM
[03:17:56] [98/455] HVCD
[03:17:57] [99/455] AKRF
[03:17:58] [100/455] AKRC
[03:17:58] 🔄 Identity reset
[03:17:58] 🔄 Identity rotated (every 10 requests)
[03:17:59] [101/455] MIDA
[03:18:00] [102/455] MAGX
[03:18:01] [103/455] ESOS
[03:18:02] [104/455] BBCL
[03:18:03] [105/455] LYAS
[03:18:03] [106/455] NRMS
[03:18:04] [107/455] BHUC
[03:18:06] [108/455] SRIC
[03:18:07] [109/455] PDME
[03:18:07] [110/455] MJCS
[03:18:08] 🔄 Identity reset
[03:18:08] 🔄 Identity rotated (every 10 requests)
[03:18:08] [111/455] NRAA
[03:18:09] [112/455] VATA
[03:18:10] [113/455] MNKC
[03:18:11] [114/455] DHCL
[03:18:12] [115/455] JCPC
[03:18:13] [116/455] CTML
[03:18:14] [117/455] RMMR
[03:18:15] [118/455] STTL
[03:18:16] [119/455] CNPS
[03:18:17] [120/455] ACKL
[03:18:18] 🔄 Identity reset
[03:18:18] 🔄 Identity rotated (every 10 requests)
[03:18:18] [121/455] SCAU
[03:18:19] [122/455] RMIA
[03:18:19] [123/455] MANU
[03:18:20] [124/455] ARDC
[03:18:21] [125/455] GLDA
[03:18:22] [126/455] KVSW
[03:18:23] [127/455] CGCA
[03:18:24] [128/455] CMLO
[03:18:25] [129/455] CECB
[03:18:26] [130/455] RCPN
[03:18:26] 🔄 Identity reset
[03:18:26] 🔄 Identity rotated (every 10 requests)
[03:18:27] [131/455] ASMW
[03:18:28] [132/455] PWLM
[03:18:29] [133/455] ASGM
[03:18:30] [134/455] ACWH
[03:18:31] [135/455] AAPW
[03:18:32] [136/455] RTWA
[03:18:33] [137/455] RAMW
[03:18:34] [138/455] VKTR
[03:18:35] [139/455] SMBH
[03:18:36] [140/455] BVDR
[03:18:36] 🔄 Identity reset
[03:18:36] 🔄 Identity rotated (every 10 requests)
[03:18:38] [141/455] MRTP
[03:18:39] [142/455] BLBR
[03:18:39] [143/455] LPIN
[03:18:40] [144/455] SNPC
[03:18:41] [145/455] PDCB
[03:18:41] [146/455] DYPK
[03:18:42] [147/455] INMK
[03:18:43] [148/455] PDCK
[03:18:44] [149/455] PCKR
[03:18:45] [150/455] SHUA
[03:18:45] 🔄 Identity reset
[03:18:45] 🔄 Identity rotated (every 10 requests)
[03:18:46] [151/455] SCVK
[03:18:47] [152/455] STPA
[03:18:47] [153/455] WVHD
[03:18:48] [154/455] MRCH
[03:18:49] [155/455] MCNP
[03:18:50] [156/455] RCAG
[03:18:51] [157/455] JTSN
[03:18:52] [158/455] AANS
[03:18:53] [159/455] GDDR
[03:18:54] [160/455] SRER
[03:18:54] 🔄 Identity reset
[03:18:54] 🔄 Identity rotated (every 10 requests)
[03:18:55] [161/455] JKMA
[03:18:56] [162/455] ARAN
[03:18:56] [163/455] ALCT
[03:18:57] [164/455] CCTA
[03:18:58] [165/455] CNCT
[03:18:59] [166/455] NZBL
[03:19:00] [167/455] SRRA
[03:19:00] [168/455] SVPW
[03:19:01] [169/455] SRTW
[03:19:02] [170/455] XMTD
[03:19:02] 🔄 Identity reset
[03:19:02] 🔄 Identity rotated (every 10 requests)
[03:19:03] [171/455] SCCZ
[03:19:04] [172/455] PBCR
[03:19:04] [173/455] RTSC
[03:19:05] [174/455] TLSV
[03:19:06] [175/455] RMTK
[03:19:07] [176/455] SRAT
[03:19:08] [177/455] GCYC
[03:19:09] [178/455] HCAJ
[03:19:10] [179/455] LCXA
[03:19:11] [180/455] BINT
[03:19:11] 🔄 Identity reset
[03:19:11] 🔄 Identity rotated (every 10 requests)
[03:19:12] 🔄 Retry 1/5 for BINT in 2.3s
[03:19:12] 🔄 Identity reset
[03:19:14] 🧠 New identity created
[03:19:14] [181/455] IXIM
[03:19:15] [182/455] MBCR
[03:19:17] [183/455] BMCJ
[03:19:18] [184/455] NICJ
[03:19:19] [185/455] SCAJ
[03:19:20] [186/455] CMXS
[03:19:21] [187/455] MMSR
[03:19:22] [188/455] PRKT
[03:19:23] [189/455] LPTH
[03:19:24] 🔄 Identity reset
[03:19:24] 🔄 Identity rotated (every 10 requests)
[03:19:24] [190/455] SARP
[03:19:25] [191/455] MNPP
[03:19:26] [192/455] PRLR
[03:19:27] [193/455] RCMW
[03:19:28] [194/455] FCMG
[03:19:29] [195/455] RTNK
[03:19:30] [196/455] LRCP
[03:19:31] [197/455] DBJR
[03:19:32] [198/455] CACN
[03:19:33] [199/455] AMRL
[03:19:33] 🔄 Identity reset
[03:19:33] 🔄 Identity rotated (every 10 requests)
[03:19:33] [200/455] SBBC
[03:19:34] [201/455] VENN
[03:19:35] [202/455] STSS
[03:19:36] [203/455] SMRB
[03:19:37] [204/455] CCMX
[03:19:38] [205/455] KCMR
[03:19:39] [206/455] SALH
[03:19:40] [207/455] CGTT
[03:19:41] [208/455] PMDR
[03:19:41] [209/455] VCPM
[03:19:42] 🔄 Identity reset
[03:19:42] 🔄 Identity rotated (every 10 requests)
[03:19:42] 🔄 Retry 1/5 for VCPM in 2.5s
[03:19:42] 🔄 Identity reset
[03:19:44] 🧠 New identity created
[03:19:45] [210/455] RZMX
[03:19:46] [211/455] TMSY
[03:19:47] [212/455] NTMS
[03:19:48] [213/455] VTAG
[03:19:48] [214/455] REMA
[03:19:49] [215/455] NXCC
[03:19:51] [216/455] SKYM
[03:19:52] [217/455] CCMO
[03:19:53] [218/455] DMXM
[03:19:53] 🔄 Identity reset
[03:19:53] 🔄 Identity rotated (every 10 requests)
[03:19:54] [219/455] SPPM
[03:19:55] [220/455] PTKL
[03:19:56] [221/455] SLVO
[03:19:56] [222/455] VASL
[03:19:57] [223/455] CBCM
[03:19:58] [224/455] STMA
[03:19:59] [225/455] LASK
[03:20:00] [226/455] VITE
[03:20:01] [227/455] AAST
[03:20:02] [228/455] JTPT
[03:20:02] 🔄 Identity reset
[03:20:02] 🔄 Identity rotated (every 10 requests)
[03:20:03] [229/455] RRSH
[03:20:04] [230/455] CINL
[03:20:05] [231/455] MCSR
[03:20:06] [232/455] SBCF
[03:20:06] [233/455] GCDU
[03:20:08] [234/455] PSPR
[03:20:09] [235/455] IMMO
[03:20:09] [236/455] CLGM
[03:20:10] [237/455] PBMM
[03:20:11] [238/455] CEHR
[03:20:12] 🔄 Identity reset
[03:20:12] 🔄 Identity rotated (every 10 requests)
[03:20:12] [239/455] CPOE
[03:20:13] [240/455] PGFD
[03:20:14] [241/455] PSLC
[03:20:15] [242/455] MSMD
[03:20:16] [243/455] FMFB
[03:20:17] [244/455] RKCL
[03:20:18] [245/455] PMMC
[03:20:19] [246/455] SKMM
[03:20:20] [247/455] VOIB
[03:20:21] [248/455] KINO
[03:20:21] 🔄 Identity reset
[03:20:21] 🔄 Identity rotated (every 10 requests)
[03:20:22] [249/455] VCTP
[03:20:22] [250/455] PDWR
[03:20:23] [251/455] SAED
[03:20:24] [252/455] SRRT
[03:20:25] [253/455] CVLG
[03:20:27] [254/455] SNGN
[03:20:28] [255/455] SIDA
[03:20:29] [256/455] IMCB
[03:20:30] [257/455] SMHP
[03:20:31] [258/455] GDTY
[03:20:32] 🔄 Identity reset
[03:20:32] 🔄 Identity rotated (every 10 requests)
[03:20:32] [259/455] VYCH
[03:20:33] [260/455] PDYA
[03:20:34] [261/455] RKDO
[03:20:36] [262/455] VECG
[03:20:37] [263/455] NFGD
[03:20:38] [264/455] SNDC
[03:20:39] [265/455] SDJH
[03:20:39] [266/455] HASV
[03:20:40] [267/455] PTYK
[03:20:41] [268/455] MUTB
[03:20:42] 🔄 Identity reset
[03:20:42] 🔄 Identity rotated (every 10 requests)
[03:20:42] [269/455] AMRT
[03:20:43] [270/455] VACD
[03:20:44] [271/455] SKDD
[03:20:45] [272/455] STGR
[03:20:46] [273/455] GDAK
[03:20:47] [274/455] SKHK
[03:20:48] [275/455] SLND
[03:20:49] [276/455] APAP
[03:20:50] [277/455] AYYA
[03:20:51] [278/455] VCCZ
[03:20:51] 🔄 Identity reset
[03:20:51] 🔄 Identity rotated (every 10 requests)
[03:20:52] [279/455] MEML
[03:20:52] [280/455] MAOU
[03:20:53] [281/455] ESND
[03:20:54] [282/455] PTBZ
[03:20:55] [283/455] LBCN
[03:20:56] [284/455] PAWA
[03:20:56] [285/455] ZEIC
[03:20:57] [286/455] CGMM
[03:20:58] [287/455] PJPM
[03:20:59] [288/455] ECMR
[03:20:59] 🔄 Identity reset
[03:21:00] 🔄 Identity rotated (every 10 requests)
[03:21:00] [289/455] SHMZ
[03:21:01] [290/455] STCA
[03:21:02] [291/455] VDRC
[03:21:04] [292/455] SEEM
[03:21:05] [293/455] MKNS
[03:21:06] [294/455] KPPP
[03:21:07] [295/455] CCML
[03:21:07] [296/455] CIBA
[03:21:08] [297/455] NACS
[03:21:10] [298/455] CTMK
[03:21:10] 🔄 Identity reset
[03:21:10] 🔄 Identity rotated (every 10 requests)
[03:21:11] [299/455] CTCT
[03:21:12] [300/455] MCSN
[03:21:13] [301/455] MAXX
[03:21:14] [302/455] MECB
[03:21:15] [303/455] NTBY
[03:21:16] [304/455] UTBI
[03:21:17] [305/455] RADK
[03:21:18] [306/455] STBY
[03:21:19] [307/455] GTBY
[03:21:20] [308/455] RRMB
[03:21:20] 🔄 Identity reset
[03:21:20] 🔄 Identity rotated (every 10 requests)
[03:21:21] [309/455] ABRN
[03:21:22] [310/455] GTSG
[03:21:23] [311/455] GBTG
[03:21:23] [312/455] SBGS
[03:21:24] [313/455] KBPM
[03:21:26] [314/455] SMHT
[03:21:27] [315/455] VTDM
[03:21:28] [316/455] ASCT
[03:21:29] [317/455] AWCT
[03:21:30] [318/455] DCCU
[03:21:31] 🔄 Identity reset
[03:21:31] 🔄 Identity rotated (every 10 requests)
[03:21:31] [319/455] PSCE
[03:21:32] [320/455] KSNY
[03:21:33] [321/455] ACID
[03:21:33] [322/455] LVCD
[03:21:34] [323/455] KSSB
[03:21:35] [324/455] SWTD
[03:21:36] [325/455] RBMR
[03:21:37] [326/455] SCBC
[03:21:37] [327/455] RKME
[03:21:38] [328/455] GALX
[03:21:39] 🔄 Identity reset
[03:21:39] 🔄 Identity rotated (every 10 requests)
[03:21:40] [329/455] GCCH
[03:21:41] [330/455] RATR
[03:21:42] [331/455] GTGA
[03:21:43] [332/455] LTTR
[03:21:44] [333/455] TTAA
[03:21:45] [334/455] TVHP
[03:21:46] [335/455] KVCS
[03:21:47] [336/455] CBMC
[03:21:48] [337/455] MAYJ
[03:21:49] [338/455] INPR
[03:21:49] 🔄 Identity reset
[03:21:49] 🔄 Identity rotated (every 10 requests)
[03:21:50] [339/455] RSSC
[03:21:50] [340/455] PCAN
[03:21:51] [341/455] PVHR
[03:21:52] [342/455] AGSM
[03:21:53] [343/455] PVES
[03:21:54] [344/455] INTO
[03:21:55] [345/455] ACON
[03:21:56] [346/455] PVPZ
[03:21:57] [347/455] PVHC
[03:21:58] [348/455] KSTK
[03:21:58] 🔄 Identity reset
[03:21:58] 🔄 Identity rotated (every 10 requests)
[03:21:58] [349/455] PVSR
[03:21:59] [350/455] ACTN
[03:22:00] [351/455] FMCN
[03:22:01] [352/455] PABC
[03:22:02] [353/455] SUTC
[03:22:03] [354/455] PGMV
[03:22:04] [355/455] GKCP
[03:22:04] [356/455] INCH
[03:22:05] [357/455] MLMT
[03:22:06] [358/455] SSCC
[03:22:07] 🔄 Identity reset
[03:22:07] 🔄 Identity rotated (every 10 requests)
[03:22:07] [359/455] SLMP
[03:22:08] [360/455] VVTN
[03:22:10] [361/455] SBTR
[03:22:11] [362/455] PGRA
[03:22:12] [363/455] PBRM
[03:22:13] [364/455] GCRP
[03:22:14] [365/455] MCSK
[03:22:14] [366/455] NLTC
[03:22:15] [367/455] MTLM
[03:22:16] [368/455] VECT
[03:22:17] 🔄 Identity reset
[03:22:17] 🔄 Identity rotated (every 10 requests)
[03:22:17] [369/455] KMRM
[03:22:18] [370/455] RACM
[03:22:19] [371/455] WSTC
[03:22:20] [372/455] PVTJ
[03:22:21] [373/455] MMKC
[03:22:22] [374/455] SVWT
[03:22:23] [375/455] JOTG
[03:22:23] [376/455] VCDK
[03:22:24] [377/455] ANAC
[03:22:25] [378/455] GRTC
[03:22:26] 🔄 Identity reset
[03:22:26] 🔄 Identity rotated (every 10 requests)
[03:22:26] [379/455] JTPL
[03:22:27] [380/455] VRCP
[03:22:28] [381/455] REMC
[03:22:29] [382/455] ATMG
[03:22:30] [383/455] GAHC
[03:22:31] [384/455] JTMV
[03:22:32] [385/455] OMTT
[03:22:33] [386/455] GKKC
[03:22:34] [387/455] BBPO
[03:22:34] [388/455] ZCBB
[03:22:35] 🔄 Identity reset
[03:22:35] 🔄 Identity rotated (every 10 requests)
[03:22:35] [389/455] DCGO
[03:22:36] [390/455] STOP
[03:22:37] [391/455] BSPC
[03:22:39] [392/455] SOND
[03:22:40] [393/455] GCKG
[03:22:40] [394/455] PCDB
[03:22:42] [395/455] PGRC
[03:22:42] [396/455] CSCT
[03:22:44] [397/455] STDA
[03:22:45] [398/455] JAYD
[03:22:45] 🔄 Identity reset
[03:22:45] 🔄 Identity rotated (every 10 requests)
[03:22:46] [399/455] PPPD
[03:22:47] [400/455] KRTT
[03:22:47] [401/455] PTDT
[03:22:48] [402/455] TRSV
[03:22:49] [403/455] VELR
[03:22:50] [404/455] STDT
[03:22:51] [405/455] SATT
[03:22:53] [406/455] KCPM
[03:22:54] [407/455] MFCP
[03:22:54] [408/455] AXMP
[03:22:55] 🔄 Identity reset
[03:22:55] 🔄 Identity rotated (every 10 requests)
[03:22:55] [409/455] LTVB
[03:22:56] [410/455] APST
[03:22:57] [411/455] DTVP
[03:22:58] [412/455] AAVB
[03:22:59] [413/455] PMBL
[03:23:00] [414/455] STKC
[03:23:01] [415/455] KKMA
[03:23:02] [416/455] NMXS
[03:23:03] [417/455] DECX
[03:23:04] [418/455] MAPJ
[03:23:04] 🔄 Identity reset
[03:23:04] 🔄 Identity rotated (every 10 requests)
[03:23:06] [419/455] SMLK
[03:23:06] [420/455] PMPU
[03:23:08] [421/455] AFST
[03:23:09] [422/455] SRSY
[03:23:09] [423/455] RMKT
[03:23:10] [424/455] RAJX
[03:23:11] [425/455] UVCD
[03:23:12] [426/455] LISA
[03:23:13] [427/455] LMSR
[03:23:14] [428/455] PMCA
[03:23:14] 🔄 Identity reset
[03:23:14] 🔄 Identity rotated (every 10 requests)
[03:23:15] [429/455] INPO
[03:23:17] [430/455] INGO
[03:23:17] [431/455] HFSQ
[03:23:18] [432/455] INMG
[03:23:19] [433/455] NYCP
[03:23:20] [434/455] HFSV
[03:23:21] [435/455] MMZP
[03:23:21] [436/455] KSES
[03:23:22] [437/455] HFSA
[03:23:23] [438/455] ACMM
[03:23:24] 🔄 Identity reset
[03:23:24] 🔄 Identity rotated (every 10 requests)
[03:23:24] [439/455] RCKD
[03:23:25] [440/455] BCKR
[03:23:26] [441/455] SFCO
[03:23:27] [442/455] JCCB
[03:23:28] [443/455] BCCR
[03:23:29] [444/455] NWCB
[03:23:30] [445/455] SAMT
[03:23:31] [446/455] TMST
[03:23:32] [447/455] SJCN
[03:23:32] [448/455] MCBS
[03:23:33] 🔄 Identity reset
[03:23:33] 🔄 Identity rotated (every 10 requests)
[03:23:33] [449/455] CMKR
[03:23:34] [450/455] INPM
[03:23:35] [451/455] WVMT
[03:23:36] [452/455] NYSM
[03:23:37] [453/455] RCMA
[03:23:38] [454/455] RECM
[03:23:39] [455/455] CYCM
[03:23:40] ✅ DONE | Shows=2 | Movies=1
[04:18:18] 🚀 BMS DAILY TRACKER STARTED (enhanced anti‑detection)
[04:18:18] [1/455] MXGN
[04:18:19] 🧠 New identity created
[04:18:19] [2/455] PGGM
[04:18:20] [3/455] IPMJ
[04:18:21] [4/455] M2PP
[04:18:21] [5/455] PMMS
[04:18:22] [6/455] SCJN
[04:18:23] [7/455] CPUM
[04:18:23] [8/455] SCND
[04:18:24] [9/455] INWM
[04:18:25] [10/455] DVDC
[04:18:26] 🔄 Identity reset
[04:18:26] 🔄 Identity rotated (every 10 requests)
[04:18:26] [11/455] WVND
[04:18:26] [12/455] LBDL
[04:18:27] [13/455] CRGM
[04:18:28] [14/455] PVKS
[04:18:29] [15/455] PBLL
[04:18:30] [16/455] FNLN
[04:18:31] [17/455] PPDA
[04:18:32] [18/455] SCPT
[04:18:33] [19/455] IAJS
[04:18:33] [20/455] MMZG
[04:18:34] 🔄 Identity reset
[04:18:34] 🔄 Identity rotated (every 10 requests)
[04:18:34] [21/455] MCTI
[04:18:35] [22/455] PPMF
[04:18:36] [23/455] FNSD
[04:18:36] [24/455] M2RH
[04:18:37] [25/455] CPGV
[04:18:38] [26/455] PECD
[04:18:38] [27/455] CTEE
[04:18:39] [28/455] IOMG
[04:18:40] [29/455] CIJA
[04:18:40] [30/455] NYCG
[04:18:41] 🔄 Identity reset
[04:18:41] 🔄 Identity rotated (every 10 requests)
[04:18:41] [31/455] CEST
[04:18:42] [32/455] WVRG
[04:18:42] [33/455] DPDC
[04:18:43] [34/455] PDIV
[04:18:44] [35/455] MTPP
[04:18:44] [36/455] MHNU
[04:18:45] [37/455] WUPG
[04:18:46] [38/455] USCO
[04:18:47] [39/455] INFR
[04:18:47] [40/455] PVPD
[04:18:48] 🔄 Identity reset
[04:18:48] 🔄 Identity rotated (every 10 requests)
[04:18:48] [41/455] RONC
[04:18:49] [42/455] IOCP
[04:18:50] [43/455] EMPS
[04:18:50] [44/455] PNAD
[04:18:51] [45/455] VVGZ
[04:18:52] [46/455] MDDC
[04:18:52] [47/455] MMAP
[04:18:53] [48/455] GPDC
[04:18:54] [49/455] PVPU
[04:18:54] [50/455] DCMV
[04:18:55] 🔄 Identity reset
[04:18:55] 🔄 Identity rotated (every 10 requests)
[04:18:55] [51/455] PCCF
[04:18:56] [52/455] MCEF
[04:18:57] [53/455] INRD
[04:18:57] [54/455] CCPZ
[04:18:58] [55/455] BCWG
[04:18:59] [56/455] PMGU
[04:18:59] [57/455] MCVM
[04:19:00] [58/455] MCDE
[04:19:01] [59/455] IEFM
[04:19:01] [60/455] MXCS
[04:19:02] 🔄 Identity reset
[04:19:02] 🔄 Identity rotated (every 10 requests)
[04:19:02] [61/455] RNMT
[04:19:03] [62/455] PSDD
[04:19:04] [63/455] PETA
[04:19:05] [64/455] IZOP
[04:19:05] [65/455] PDEI
[04:19:06] [66/455] MTND
[04:19:07] [67/455] PCPL
[04:19:07] [68/455] LSCM
[04:19:08] [69/455] BTFD
[04:19:09] [70/455] MERM
[04:19:09] 🔄 Identity reset
[04:19:09] 🔄 Identity rotated (every 10 requests)
[04:19:09] [71/455] PVMS
[04:19:11] [72/455] CIGK
[04:19:12] [73/455] INSG
[04:19:12] [74/455] IDEN
[04:19:13] [75/455] MCGN
[04:19:13] [76/455] IGAM
[04:19:14] [77/455] SLCU
[04:19:14] [78/455] MIMU
[04:19:15] [79/455] QLAC
[04:19:16] [80/455] MENL
[04:19:17] 🔄 Identity reset
[04:19:17] 🔄 Identity rotated (every 10 requests)
[04:19:17] [81/455] SCUR
[04:19:18] [82/455] MDGD
[04:19:18] [83/455] LSRS
[04:19:19] [84/455] KMLG
[04:19:19] [85/455] MKLJ
[04:19:20] [86/455] IBYG
[04:19:21] [87/455] ISML
[04:19:22] [88/455] MJMM
[04:19:22] [89/455] RCGD
[04:19:23] [90/455] MMOC
[04:19:24] 🔄 Identity reset
[04:19:24] 🔄 Identity rotated (every 10 requests)
[04:19:24] [91/455] RRCO
[04:19:24] [92/455] MEDM
[04:19:25] [93/455] MCAZ
[04:19:26] [94/455] STWA
[04:19:26] [95/455] PFFG
[04:19:27] [96/455] GAGC
[04:19:28] [97/455] PMPM
[04:19:28] [98/455] HVCD
[04:19:29] [99/455] AKRF
[04:19:30] [100/455] AKRC
[04:19:30] 🔄 Identity reset
[04:19:30] 🔄 Identity rotated (every 10 requests)
[04:19:31] [101/455] MIDA
[04:19:32] [102/455] MAGX
[04:19:32] [103/455] ESOS
[04:19:33] [104/455] BBCL
[04:19:34] [105/455] LYAS
[04:19:35] [106/455] NRMS
[04:19:36] [107/455] BHUC
[04:19:36] [108/455] SRIC
[04:19:37] [109/455] PDME
[04:19:37] [110/455] MJCS
[04:19:38] 🔄 Identity reset
[04:19:38] 🔄 Identity rotated (every 10 requests)
[04:19:38] [111/455] NRAA
[04:19:39] [112/455] VATA
[04:19:40] [113/455] MNKC
[04:19:40] [114/455] DHCL
[04:19:41] [115/455] JCPC
[04:19:42] [116/455] CTML
[04:19:42] [117/455] RMMR
[04:19:43] [118/455] STTL
[04:19:44] [119/455] CNPS
[04:19:44] [120/455] ACKL
[04:19:45] 🔄 Identity reset
[04:19:45] 🔄 Identity rotated (every 10 requests)
[04:19:45] [121/455] SCAU
[04:19:46] [122/455] RMIA
[04:19:46] [123/455] MANU
[04:19:47] [124/455] ARDC
[04:19:48] [125/455] GLDA
[04:19:48] [126/455] KVSW
[04:19:49] [127/455] CGCA
[04:19:50] [128/455] CMLO
[04:19:51] [129/455] CECB
[04:19:52] [130/455] RCPN
[04:19:52] 🔄 Identity reset
[04:19:52] 🔄 Identity rotated (every 10 requests)
[04:19:52] [131/455] ASMW
[04:19:53] [132/455] PWLM
[04:19:54] [133/455] ASGM
[04:19:54] [134/455] ACWH
[04:19:55] [135/455] AAPW
[04:19:56] [136/455] RTWA
[04:19:56] [137/455] RAMW
[04:19:57] [138/455] VKTR
[04:19:58] [139/455] SMBH
[04:19:59] [140/455] BVDR
[04:19:59] 🔄 Identity reset
[04:19:59] 🔄 Identity rotated (every 10 requests)
[04:19:59] [141/455] MRTP
[04:20:00] [142/455] BLBR
[04:20:01] [143/455] LPIN
[04:20:01] [144/455] SNPC
[04:20:02] [145/455] PDCB
[04:20:03] [146/455] DYPK
[04:20:04] [147/455] INMK
[04:20:05] [148/455] PDCK
[04:20:05] [149/455] PCKR
[04:20:06] [150/455] SHUA
[04:20:06] 🔄 Identity reset
[04:20:06] 🔄 Identity rotated (every 10 requests)
[04:20:06] [151/455] SCVK
[04:20:07] [152/455] STPA
[04:20:08] [153/455] WVHD
[04:20:09] [154/455] MRCH
[04:20:10] [155/455] MCNP
[04:20:10] [156/455] RCAG
[04:20:11] [157/455] JTSN
[04:20:12] [158/455] AANS
[04:20:12] [159/455] GDDR
[04:20:13] [160/455] SRER
[04:20:14] 🔄 Identity reset
[04:20:14] 🔄 Identity rotated (every 10 requests)
[04:20:14] [161/455] JKMA
[04:20:14] [162/455] ARAN
[04:20:15] [163/455] ALCT
[04:20:17] [164/455] CCTA
[04:20:17] [165/455] CNCT
[04:20:18] [166/455] NZBL
[04:20:19] [167/455] SRRA
[04:20:20] [168/455] SVPW
[04:20:21] [169/455] SRTW
[04:20:21] [170/455] XMTD
[04:20:22] 🔄 Identity reset
[04:20:22] 🔄 Identity rotated (every 10 requests)
[04:20:22] [171/455] SCCZ
[04:20:22] [172/455] PBCR
[04:20:23] [173/455] RTSC
[04:20:24] [174/455] TLSV
[04:20:25] [175/455] RMTK
[04:20:25] [176/455] SRAT
[04:20:26] [177/455] GCYC
[04:20:26] [178/455] HCAJ
[04:20:27] [179/455] LCXA
[04:20:28] [180/455] BINT
[04:20:28] 🔄 Identity reset
[04:20:28] 🔄 Identity rotated (every 10 requests)
[04:20:28] [181/455] IXIM
[04:20:29] [182/455] MBCR
[04:20:30] [183/455] BMCJ
[04:20:30] [184/455] NICJ
[04:20:31] [185/455] SCAJ
[04:20:32] [186/455] CMXS
[04:20:32] [187/455] MMSR
[04:20:33] [188/455] PRKT
[04:20:34] [189/455] LPTH
[04:20:34] [190/455] SARP
[04:20:35] 🔄 Identity reset
[04:20:35] 🔄 Identity rotated (every 10 requests)
[04:20:35] [191/455] MNPP
[04:20:36] [192/455] PRLR
[04:20:36] [193/455] RCMW
[04:20:37] [194/455] FCMG
[04:20:38] [195/455] RTNK
[04:20:38] [196/455] LRCP
[04:20:39] [197/455] DBJR
[04:20:40] [198/455] CACN
[04:20:40] [199/455] AMRL
[04:20:41] [200/455] SBBC
[04:20:42] 🔄 Identity reset
[04:20:42] 🔄 Identity rotated (every 10 requests)
[04:20:42] [201/455] VENN
[04:20:42] [202/455] STSS
[04:20:43] [203/455] SMRB
[04:20:44] [204/455] CCMX
[04:20:45] [205/455] KCMR
[04:20:46] [206/455] SALH
[04:20:47] [207/455] CGTT
[04:20:48] [208/455] PMDR
[04:20:49] [209/455] VCPM
[04:20:49] [210/455] RZMX
[04:20:50] 🔄 Identity reset
[04:20:50] 🔄 Identity rotated (every 10 requests)
[04:20:50] [211/455] TMSY
[04:20:51] [212/455] NTMS
[04:20:52] [213/455] VTAG
[04:20:53] [214/455] REMA
[04:20:54] [215/455] NXCC
[04:20:54] [216/455] SKYM
[04:20:55] [217/455] CCMO
[04:20:56] [218/455] DMXM
[04:20:57] [219/455] SPPM
[04:20:58] [220/455] PTKL
[04:20:58] 🔄 Identity reset
[04:20:58] 🔄 Identity rotated (every 10 requests)
[04:20:58] [221/455] SLVO
[04:20:59] [222/455] VASL
[04:21:00] [223/455] CBCM
[04:21:01] [224/455] STMA
[04:21:01] [225/455] LASK
[04:21:02] [226/455] VITE
[04:21:03] [227/455] AAST
[04:21:04] [228/455] JTPT
[04:21:04] [229/455] RRSH
[04:21:05] [230/455] CINL
[04:21:05] 🔄 Identity reset
[04:21:06] 🔄 Identity rotated (every 10 requests)
[04:21:06] [231/455] MCSR
[04:21:06] [232/455] SBCF
[04:21:08] [233/455] GCDU
[04:21:08] [234/455] PSPR
[04:21:09] [235/455] IMMO
[04:21:10] [236/455] CLGM
[04:21:10] [237/455] PBMM
[04:21:11] [238/455] CEHR
[04:21:12] [239/455] CPOE
[04:21:12] [240/455] PGFD
[04:21:13] 🔄 Identity reset
[04:21:13] 🔄 Identity rotated (every 10 requests)
[04:21:13] [241/455] PSLC
[04:21:13] [242/455] MSMD
[04:21:14] [243/455] FMFB
[04:21:15] [244/455] RKCL
[04:21:16] [245/455] PMMC
[04:21:16] [246/455] SKMM
[04:21:17] [247/455] VOIB
[04:21:18] [248/455] KINO
[04:21:18] [249/455] VCTP
[04:21:19] [250/455] PDWR
[04:21:19] 🔄 Identity reset
[04:21:19] 🔄 Identity rotated (every 10 requests)
[04:21:20] [251/455] SAED
[04:21:20] [252/455] SRRT
[04:21:21] [253/455] CVLG
[04:21:22] [254/455] SNGN
[04:21:22] [255/455] SIDA
[04:21:23] [256/455] IMCB
[04:21:23] [257/455] SMHP
[04:21:24] [258/455] GDTY
[04:21:25] [259/455] VYCH
[04:21:26] [260/455] PDYA
[04:21:26] 🔄 Identity reset
[04:21:26] 🔄 Identity rotated (every 10 requests)
[04:21:27] [261/455] RKDO
[04:21:27] [262/455] VECG
[04:21:28] [263/455] NFGD
[04:21:29] [264/455] SNDC
[04:21:29] [265/455] SDJH
[04:21:30] [266/455] HASV
[04:21:30] [267/455] PTYK
[04:21:31] [268/455] MUTB
[04:21:32] [269/455] AMRT
[04:21:32] [270/455] VACD
[04:21:33] 🔄 Identity reset
[04:21:33] 🔄 Identity rotated (every 10 requests)
[04:21:33] [271/455] SKDD
[04:21:34] [272/455] STGR
[04:21:34] [273/455] GDAK
[04:21:35] [274/455] SKHK
[04:21:36] [275/455] SLND
[04:21:36] [276/455] APAP
[04:21:37] [277/455] AYYA
[04:21:38] [278/455] VCCZ
[04:21:39] [279/455] MEML
[04:21:39] [280/455] MAOU
[04:21:40] 🔄 Identity reset
[04:21:40] 🔄 Identity rotated (every 10 requests)
[04:21:40] [281/455] ESND
[04:21:41] [282/455] PTBZ
[04:21:41] [283/455] LBCN
[04:21:42] [284/455] PAWA
[04:21:43] [285/455] ZEIC
[04:21:43] [286/455] CGMM
[04:21:44] [287/455] PJPM
[04:21:45] [288/455] ECMR
[04:21:46] [289/455] SHMZ
[04:21:47] [290/455] STCA
[04:21:47] 🔄 Identity reset
[04:21:47] 🔄 Identity rotated (every 10 requests)
[04:21:48] [291/455] VDRC
[04:21:49] [292/455] SEEM
[04:21:50] [293/455] MKNS
[04:21:50] [294/455] KPPP
[04:21:51] [295/455] CCML
[04:21:53] [296/455] CIBA
[04:21:53] [297/455] NACS
[04:21:54] [298/455] CTMK
[04:21:55] [299/455] CTCT
[04:21:56] [300/455] MCSN
[04:21:56] 🔄 Identity reset
[04:21:56] 🔄 Identity rotated (every 10 requests)
[04:21:57] [301/455] MAXX
[04:21:57] [302/455] MECB
[04:21:58] [303/455] NTBY
[04:21:59] [304/455] UTBI
[04:21:59] [305/455] RADK
[04:22:00] [306/455] STBY
[04:22:01] [307/455] GTBY
[04:22:01] [308/455] RRMB
[04:22:02] [309/455] ABRN
[04:22:03] [310/455] GTSG
[04:22:03] 🔄 Identity reset
[04:22:03] 🔄 Identity rotated (every 10 requests)
[04:22:03] [311/455] GBTG
[04:22:04] [312/455] SBGS
[04:22:05] [313/455] KBPM
[04:22:06] [314/455] SMHT
[04:22:07] [315/455] VTDM
[04:22:07] [316/455] ASCT
[04:22:08] [317/455] AWCT
[04:22:09] [318/455] DCCU
[04:22:10] [319/455] PSCE
[04:22:10] [320/455] KSNY
[04:22:11] 🔄 Identity reset
[04:22:11] 🔄 Identity rotated (every 10 requests)
[04:22:11] [321/455] ACID
[04:22:12] [322/455] LVCD
[04:22:13] [323/455] KSSB
[04:22:14] [324/455] SWTD
[04:22:15] [325/455] RBMR
[04:22:16] [326/455] SCBC
[04:22:17] [327/455] RKME
[04:22:17] [328/455] GALX
[04:22:18] [329/455] GCCH
[04:22:18] [330/455] RATR
[04:22:19] 🔄 Identity reset
[04:22:19] 🔄 Identity rotated (every 10 requests)
[04:22:19] [331/455] GTGA
[04:22:19] [332/455] LTTR
[04:22:20] [333/455] TTAA
[04:22:21] [334/455] TVHP
[04:22:21] [335/455] KVCS
[04:22:22] [336/455] CBMC
[04:22:22] [337/455] MAYJ
[04:22:23] [338/455] INPR
[04:22:24] [339/455] RSSC
[04:22:25] [340/455] PCAN
[04:22:25] 🔄 Identity reset
[04:22:25] 🔄 Identity rotated (every 10 requests)
[04:22:25] [341/455] PVHR
[04:22:26] [342/455] AGSM
[04:22:27] [343/455] PVES
[04:22:28] [344/455] INTO
[04:22:28] [345/455] ACON
[04:22:29] [346/455] PVPZ
[04:22:30] [347/455] PVHC
[04:22:31] [348/455] KSTK
[04:22:31] [349/455] PVSR
[04:22:32] [350/455] ACTN
[04:22:32] 🔄 Identity reset
[04:22:32] 🔄 Identity rotated (every 10 requests)
[04:22:33] [351/455] FMCN
[04:22:33] [352/455] PABC
[04:22:34] [353/455] SUTC
[04:22:35] [354/455] PGMV
[04:22:36] [355/455] GKCP
[04:22:37] [356/455] INCH
[04:22:38] [357/455] MLMT
[04:22:39] [358/455] SSCC
[04:22:39] [359/455] SLMP
[04:22:40] [360/455] VVTN
[04:22:40] 🔄 Identity reset
[04:22:40] 🔄 Identity rotated (every 10 requests)
[04:22:41] [361/455] SBTR
[04:22:41] [362/455] PGRA
[04:22:42] [363/455] PBRM
[04:22:43] [364/455] GCRP
[04:22:44] [365/455] MCSK
[04:22:44] [366/455] NLTC
[04:22:45] [367/455] MTLM
[04:22:46] [368/455] VECT
[04:22:46] [369/455] KMRM
[04:22:47] [370/455] RACM
[04:22:48] 🔄 Identity reset
[04:22:48] 🔄 Identity rotated (every 10 requests)
[04:22:48] [371/455] WSTC
[04:22:48] [372/455] PVTJ
[04:22:49] [373/455] MMKC
[04:22:50] [374/455] SVWT
[04:22:50] [375/455] JOTG
[04:22:51] [376/455] VCDK
[04:22:52] [377/455] ANAC
[04:22:52] [378/455] GRTC
[04:22:54] [379/455] JTPL
[04:22:55] [380/455] VRCP
[04:22:56] 🔄 Identity reset
[04:22:56] 🔄 Identity rotated (every 10 requests)
[04:22:56] [381/455] REMC
[04:22:57] [382/455] ATMG
[04:22:57] [383/455] GAHC
[04:22:58] [384/455] JTMV
[04:22:59] [385/455] OMTT
[04:23:00] [386/455] GKKC
[04:23:00] [387/455] BBPO
[04:23:01] [388/455] ZCBB
[04:23:02] [389/455] DCGO
[04:23:04] [390/455] STOP
[04:23:04] 🔄 Identity reset
[04:23:04] 🔄 Identity rotated (every 10 requests)
[04:23:05] [391/455] BSPC
[04:23:05] [392/455] SOND
[04:23:06] [393/455] GCKG
[04:23:07] [394/455] PCDB
[04:23:08] [395/455] PGRC
[04:23:08] [396/455] CSCT
[04:23:09] [397/455] STDA
[04:23:09] [398/455] JAYD
[04:23:10] [399/455] PPPD
[04:23:11] [400/455] KRTT
[04:23:11] 🔄 Identity reset
[04:23:11] 🔄 Identity rotated (every 10 requests)
[04:23:12] [401/455] PTDT
[04:23:12] [402/455] TRSV
[04:23:13] [403/455] VELR
[04:23:14] [404/455] STDT
[04:23:14] [405/455] SATT
[04:23:15] [406/455] KCPM
[04:23:16] [407/455] MFCP
[04:23:16] [408/455] AXMP
[04:23:17] [409/455] LTVB
[04:23:18] [410/455] APST
[04:23:18] 🔄 Identity reset
[04:23:18] 🔄 Identity rotated (every 10 requests)
[04:23:19] [411/455] DTVP
[04:23:20] [412/455] AAVB
[04:23:20] [413/455] PMBL
[04:23:21] [414/455] STKC
[04:23:21] [415/455] KKMA
[04:23:22] [416/455] NMXS
[04:23:23] [417/455] DECX
[04:23:23] [418/455] MAPJ
[04:23:24] [419/455] SMLK
[04:23:25] [420/455] PMPU
[04:23:26] 🔄 Identity reset
[04:23:26] 🔄 Identity rotated (every 10 requests)
[04:23:26] [421/455] AFST
[04:23:26] [422/455] SRSY
[04:23:27] [423/455] RMKT
[04:23:28] [424/455] RAJX
[04:23:29] [425/455] UVCD
[04:23:30] [426/455] LISA
[04:23:30] [427/455] LMSR
[04:23:31] [428/455] PMCA
[04:23:32] [429/455] INPO
[04:23:33] [430/455] INGO
[04:23:33] 🔄 Identity reset
[04:23:33] 🔄 Identity rotated (every 10 requests)
[04:23:33] [431/455] HFSQ
[04:23:34] [432/455] INMG
[04:23:35] [433/455] NYCP
[04:23:36] [434/455] HFSV
[04:23:37] [435/455] MMZP
[04:23:37] [436/455] KSES
[04:23:38] [437/455] HFSA
[04:23:39] [438/455] ACMM
[04:23:40] [439/455] RCKD
[04:23:40] [440/455] BCKR
[04:23:41] 🔄 Identity reset
[04:23:41] 🔄 Identity rotated (every 10 requests)
[04:23:41] [441/455] SFCO
[04:23:42] [442/455] JCCB
[04:23:43] [443/455] BCCR
[04:23:44] [444/455] NWCB
[04:23:45] [445/455] SAMT
[04:23:45] [446/455] TMST
[04:23:46] [447/455] SJCN
[04:23:47] [448/455] MCBS
[04:23:47] [449/455] CMKR
[04:23:48] [450/455] INPM
[04:23:49] 🔄 Identity reset
[04:23:49] 🔄 Identity rotated (every 10 requests)
[04:23:49] [451/455] WVMT
[04:23:50] [452/455] NYSM
[04:23:50] [453/455] RCMA
[04:23:51] [454/455] RECM
[04:23:52] [455/455] CYCM
[04:23:53] ✅ DONE | Shows=4 | Movies=2
[05:16:08] 🚀 BMS DAILY TRACKER STARTED (enhanced anti‑detection)
[05:16:08] [1/455] MXGN
[05:16:08] 🧠 New identity created
[05:16:08] [2/455] PGGM
[05:16:09] [3/455] IPMJ
[05:16:10] [4/455] M2PP
[05:16:11] [5/455] PMMS
[05:16:11] [6/455] SCJN
[05:16:12] [7/455] CPUM
[05:16:13] [8/455] SCND
[05:16:14] [9/455] INWM
[05:16:14] [10/455] DVDC
[05:16:15] 🔄 Identity reset
[05:16:15] 🔄 Identity rotated (every 10 requests)
[05:16:15] [11/455] WVND
[05:16:16] [12/455] LBDL
[05:16:17] [13/455] CRGM
[05:16:17] [14/455] PVKS
[05:16:18] [15/455] PBLL
[05:16:19] [16/455] FNLN
[05:16:20] [17/455] PPDA
[05:16:21] [18/455] SCPT
[05:16:23] [19/455] IAJS
[05:16:23] [20/455] MMZG
[05:16:24] 🔄 Identity reset
[05:16:24] 🔄 Identity rotated (every 10 requests)
[05:16:24] [21/455] MCTI
[05:16:25] [22/455] PPMF
[05:16:26] [23/455] FNSD
[05:16:26] [24/455] M2RH
[05:16:27] [25/455] CPGV
[05:16:28] [26/455] PECD
[05:16:29] [27/455] CTEE
[05:16:29] [28/455] IOMG
[05:16:30] [29/455] CIJA
[05:16:31] [30/455] NYCG
[05:16:32] 🔄 Identity reset
[05:16:32] 🔄 Identity rotated (every 10 requests)
[05:16:32] [31/455] CEST
[05:16:33] [32/455] WVRG
[05:16:34] [33/455] DPDC
[05:16:34] [34/455] PDIV
[05:16:35] [35/455] MTPP
[05:16:36] [36/455] MHNU
[05:16:36] [37/455] WUPG
[05:16:37] [38/455] USCO
[05:16:38] [39/455] INFR
[05:16:39] [40/455] PVPD
[05:16:39] 🔄 Identity reset
[05:16:39] 🔄 Identity rotated (every 10 requests)
[05:16:39] [41/455] RONC
[05:16:40] [42/455] IOCP
[05:16:41] [43/455] EMPS
[05:16:42] [44/455] PNAD
[05:16:42] [45/455] VVGZ
[05:16:43] [46/455] MDDC
[05:16:44] [47/455] MMAP
[05:16:45] [48/455] GPDC
[05:16:45] [49/455] PVPU
[05:16:46] [50/455] DCMV
[05:16:46] 🔄 Identity reset
[05:16:46] 🔄 Identity rotated (every 10 requests)
[05:16:46] [51/455] PCCF
[05:16:47] [52/455] MCEF
[05:16:47] [53/455] INRD
[05:16:48] [54/455] CCPZ
[05:16:49] [55/455] BCWG
[05:16:50] [56/455] PMGU
[05:16:51] [57/455] MCVM
[05:16:52] [58/455] MCDE
[05:16:52] [59/455] IEFM
[05:16:53] [60/455] MXCS
[05:16:54] 🔄 Identity reset
[05:16:54] 🔄 Identity rotated (every 10 requests)
[05:16:54] [61/455] RNMT
[05:16:55] [62/455] PSDD
[05:16:55] [63/455] PETA
[05:16:56] [64/455] IZOP
[05:16:57] [65/455] PDEI
[05:16:57] [66/455] MTND
[05:16:58] [67/455] PCPL
[05:16:59] [68/455] LSCM
[05:17:00] [69/455] BTFD
[05:17:00] [70/455] MERM
[05:17:01] 🔄 Identity reset
[05:17:01] 🔄 Identity rotated (every 10 requests)
[05:17:02] [71/455] PVMS
[05:17:03] [72/455] CIGK
[05:17:04] [73/455] INSG
[05:17:04] [74/455] IDEN
[05:17:05] [75/455] MCGN
[05:17:05] [76/455] IGAM
[05:17:06] [77/455] SLCU
[05:17:07] [78/455] MIMU
[05:17:08] [79/455] QLAC
[05:17:09] [80/455] MENL
[05:17:10] 🔄 Identity reset
[05:17:10] 🔄 Identity rotated (every 10 requests)
[05:17:10] [81/455] SCUR
[05:17:11] [82/455] MDGD
[05:17:12] [83/455] LSRS
[05:17:13] [84/455] KMLG
[05:17:14] [85/455] MKLJ
[05:17:15] [86/455] IBYG
[05:17:16] [87/455] ISML
[05:17:17] [88/455] MJMM
[05:17:17] [89/455] RCGD
[05:17:18] [90/455] MMOC
[05:17:19] 🔄 Identity reset
[05:17:19] 🔄 Identity rotated (every 10 requests)
[05:17:19] [91/455] RRCO
[05:17:20] [92/455] MEDM
[05:17:20] [93/455] MCAZ
[05:17:21] [94/455] STWA
[05:17:22] [95/455] PFFG
[05:17:23] [96/455] GAGC
[05:17:23] [97/455] PMPM
[05:17:24] [98/455] HVCD
[05:17:25] [99/455] AKRF
[05:17:25] [100/455] AKRC
[05:17:26] 🔄 Identity reset
[05:17:26] 🔄 Identity rotated (every 10 requests)
[05:17:26] [101/455] MIDA
[05:17:27] [102/455] MAGX
[05:17:28] [103/455] ESOS
[05:17:28] [104/455] BBCL
[05:17:29] [105/455] LYAS
[05:17:30] [106/455] NRMS
[05:17:31] [107/455] BHUC
[05:17:31] [108/455] SRIC
[05:17:32] [109/455] PDME
[05:17:33] [110/455] MJCS
[05:17:33] 🔄 Identity reset
[05:17:33] 🔄 Identity rotated (every 10 requests)
[05:17:34] [111/455] NRAA
[05:17:35] [112/455] VATA
[05:17:35] [113/455] MNKC
[05:17:36] [114/455] DHCL
[05:17:36] [115/455] JCPC
[05:17:37] [116/455] CTML
[05:17:38] [117/455] RMMR
[05:17:38] [118/455] STTL
[05:17:39] [119/455] CNPS
[05:17:40] [120/455] ACKL
[05:17:40] 🔄 Identity reset
[05:17:40] 🔄 Identity rotated (every 10 requests)
[05:17:41] [121/455] SCAU
[05:17:42] [122/455] RMIA
[05:17:42] [123/455] MANU
[05:17:43] [124/455] ARDC
[05:17:44] [125/455] GLDA
[05:17:45] [126/455] KVSW
[05:17:46] [127/455] CGCA
[05:17:47] [128/455] CMLO
[05:17:48] [129/455] CECB
[05:17:49] [130/455] RCPN
[05:17:49] 🔄 Identity reset
[05:17:49] 🔄 Identity rotated (every 10 requests)
[05:17:50] [131/455] ASMW
[05:17:50] [132/455] PWLM
[05:17:52] [133/455] ASGM
[05:17:53] [134/455] ACWH
[05:17:53] [135/455] AAPW
[05:17:54] [136/455] RTWA
[05:17:55] [137/455] RAMW
[05:17:56] [138/455] VKTR
[05:17:57] [139/455] SMBH
[05:17:57] [140/455] BVDR
[05:17:58] 🔄 Identity reset
[05:17:58] 🔄 Identity rotated (every 10 requests)
[05:17:58] [141/455] MRTP
[05:17:59] [142/455] BLBR
[05:18:00] [143/455] LPIN
[05:18:00] [144/455] SNPC
[05:18:01] [145/455] PDCB
[05:18:02] [146/455] DYPK
[05:18:03] [147/455] INMK
[05:18:04] [148/455] PDCK
[05:18:05] [149/455] PCKR
[05:18:06] [150/455] SHUA
[05:18:07] 🔄 Identity reset
[05:18:07] 🔄 Identity rotated (every 10 requests)
[05:18:07] [151/455] SCVK
[05:18:08] [152/455] STPA
[05:18:08] [153/455] WVHD
[05:18:09] [154/455] MRCH
[05:18:10] [155/455] MCNP
[05:18:11] [156/455] RCAG
[05:18:11] [157/455] JTSN
[05:18:12] [158/455] AANS
[05:18:13] [159/455] GDDR
[05:18:14] [160/455] SRER
[05:18:14] 🔄 Identity reset
[05:18:14] 🔄 Identity rotated (every 10 requests)
[05:18:15] [161/455] JKMA
[05:18:16] [162/455] ARAN
[05:18:17] [163/455] ALCT
[05:18:17] [164/455] CCTA
[05:18:18] [165/455] CNCT
[05:18:19] [166/455] NZBL
[05:18:20] [167/455] SRRA
[05:18:20] [168/455] SVPW
[05:18:21] [169/455] SRTW
[05:18:22] [170/455] XMTD
[05:18:22] 🔄 Identity reset
[05:18:22] 🔄 Identity rotated (every 10 requests)
[05:18:22] [171/455] SCCZ
[05:18:24] [172/455] PBCR
[05:18:25] [173/455] RTSC
[05:18:25] [174/455] TLSV
[05:18:26] [175/455] RMTK
[05:18:27] [176/455] SRAT
[05:18:28] [177/455] GCYC
[05:18:29] [178/455] HCAJ
[05:18:29] [179/455] LCXA
[05:18:30] [180/455] BINT
[05:18:31] 🔄 Identity reset
[05:18:31] 🔄 Identity rotated (every 10 requests)
[05:18:31] [181/455] IXIM
[05:18:31] [182/455] MBCR
[05:18:32] [183/455] BMCJ
[05:18:33] [184/455] NICJ
[05:18:34] [185/455] SCAJ
[05:18:35] [186/455] CMXS
[05:18:36] [187/455] MMSR
[05:18:37] [188/455] PRKT
[05:18:37] [189/455] LPTH
[05:18:38] [190/455] SARP
[05:18:39] 🔄 Identity reset
[05:18:39] 🔄 Identity rotated (every 10 requests)
[05:18:39] 🔄 Retry 1/5 for SARP in 3.0s
[05:18:39] 🔄 Identity reset
[05:18:42] 🧠 New identity created
[05:18:42] [191/455] MNPP
[05:18:42] [192/455] PRLR
[05:18:43] [193/455] RCMW
[05:18:44] [194/455] FCMG
[05:18:45] [195/455] RTNK
[05:18:46] [196/455] LRCP
[05:18:46] [197/455] DBJR
[05:18:48] [198/455] CACN
[05:18:49] [199/455] AMRL
[05:18:49] 🔄 Identity reset
[05:18:49] 🔄 Identity rotated (every 10 requests)
[05:18:50] [200/455] SBBC
[05:18:51] [201/455] VENN
[05:18:51] [202/455] STSS
[05:18:52] [203/455] SMRB
[05:18:53] [204/455] CCMX
[05:18:53] [205/455] KCMR
[05:18:54] [206/455] SALH
[05:18:55] [207/455] CGTT
[05:18:56] [208/455] PMDR
[05:18:56] [209/455] VCPM
[05:18:57] 🔄 Identity reset
[05:18:57] 🔄 Identity rotated (every 10 requests)
[05:18:57] [210/455] RZMX
[05:18:58] [211/455] TMSY
[05:18:59] [212/455] NTMS
[05:19:00] [213/455] VTAG
[05:19:01] [214/455] REMA
[05:19:02] [215/455] NXCC
[05:19:02] [216/455] SKYM
[05:19:03] [217/455] CCMO
[05:19:04] [218/455] DMXM
[05:19:04] [219/455] SPPM
[05:19:05] 🔄 Identity reset
[05:19:05] 🔄 Identity rotated (every 10 requests)
[05:19:05] [220/455] PTKL
[05:19:06] [221/455] SLVO
[05:19:07] [222/455] VASL
[05:19:08] [223/455] CBCM
[05:19:09] [224/455] STMA
[05:19:10] [225/455] LASK
[05:19:10] [226/455] VITE
[05:19:11] [227/455] AAST
[05:19:12] [228/455] JTPT
[05:19:13] [229/455] RRSH
[05:19:13] 🔄 Identity reset
[05:19:13] 🔄 Identity rotated (every 10 requests)
[05:19:14] [230/455] CINL
[05:19:14] [231/455] MCSR
[05:19:15] [232/455] SBCF
[05:19:16] [233/455] GCDU
[05:19:17] [234/455] PSPR
[05:19:17] [235/455] IMMO
[05:19:18] [236/455] CLGM
[05:19:19] [237/455] PBMM
[05:19:21] [238/455] CEHR
[05:19:22] [239/455] CPOE
[05:19:23] 🔄 Identity reset
[05:19:23] 🔄 Identity rotated (every 10 requests)
[05:19:23] [240/455] PGFD
[05:19:24] [241/455] PSLC
[05:19:25] [242/455] MSMD
[05:19:26] [243/455] FMFB
[05:19:26] [244/455] RKCL
[05:19:27] [245/455] PMMC
[05:19:28] [246/455] SKMM
[05:19:29] [247/455] VOIB
[05:19:29] [248/455] KINO
[05:19:30] [249/455] VCTP
[05:19:30] 🔄 Identity reset
[05:19:30] 🔄 Identity rotated (every 10 requests)
[05:19:31] [250/455] PDWR
[05:19:32] [251/455] SAED
[05:19:33] [252/455] SRRT
[05:19:33] [253/455] CVLG
[05:19:34] [254/455] SNGN
[05:19:35] [255/455] SIDA
[05:19:36] [256/455] IMCB
[05:19:36] [257/455] SMHP
[05:19:37] [258/455] GDTY
[05:19:38] [259/455] VYCH
[05:19:38] 🔄 Identity reset
[05:19:38] 🔄 Identity rotated (every 10 requests)
[05:19:38] 🔄 Retry 1/5 for VYCH in 2.4s
[05:19:38] 🔄 Identity reset
[05:19:41] 🧠 New identity created
[05:19:41] [260/455] PDYA
[05:19:42] [261/455] RKDO
[05:19:42] [262/455] VECG
[05:19:43] [263/455] NFGD
[05:19:44] [264/455] SNDC
[05:19:45] [265/455] SDJH
[05:19:46] [266/455] HASV
[05:19:47] [267/455] PTYK
[05:19:48] [268/455] MUTB
[05:19:48] 🔄 Identity reset
[05:19:48] 🔄 Identity rotated (every 10 requests)
[05:19:48] [269/455] AMRT
[05:19:49] [270/455] VACD
[05:19:50] [271/455] SKDD
[05:19:52] [272/455] STGR
[05:19:52] [273/455] GDAK
[05:19:53] [274/455] SKHK
[05:19:53] [275/455] SLND
[05:19:55] [276/455] APAP
[05:19:56] [277/455] AYYA
[05:19:57] [278/455] VCCZ
[05:19:57] 🔄 Identity reset
[05:19:57] 🔄 Identity rotated (every 10 requests)
[05:19:57] [279/455] MEML
[05:19:59] [280/455] MAOU
[05:19:59] [281/455] ESND
[05:20:00] [282/455] PTBZ
[05:20:01] [283/455] LBCN
[05:20:02] [284/455] PAWA
[05:20:03] [285/455] ZEIC
[05:20:03] [286/455] CGMM
[05:20:04] [287/455] PJPM
[05:20:05] [288/455] ECMR
[05:20:05] 🔄 Identity reset
[05:20:05] 🔄 Identity rotated (every 10 requests)
[05:20:06] [289/455] SHMZ
[05:20:06] [290/455] STCA
[05:20:07] [291/455] VDRC
[05:20:08] [292/455] SEEM
[05:20:09] [293/455] MKNS
[05:20:10] [294/455] KPPP
[05:20:11] [295/455] CCML
[05:20:12] [296/455] CIBA
[05:20:13] [297/455] NACS
[05:20:14] [298/455] CTMK
[05:20:14] 🔄 Identity reset
[05:20:14] 🔄 Identity rotated (every 10 requests)
[05:20:14] [299/455] CTCT
[05:20:15] [300/455] MCSN
[05:20:16] [301/455] MAXX
[05:20:17] [302/455] MECB
[05:20:18] [303/455] NTBY
[05:20:18] [304/455] UTBI
[05:20:19] [305/455] RADK
[05:20:20] [306/455] STBY
[05:20:21] [307/455] GTBY
[05:20:21] [308/455] RRMB
[05:20:22] 🔄 Identity reset
[05:20:22] 🔄 Identity rotated (every 10 requests)
[05:20:22] [309/455] ABRN
[05:20:23] [310/455] GTSG
[05:20:24] [311/455] GBTG
[05:20:24] [312/455] SBGS
[05:20:25] [313/455] KBPM
[05:20:26] [314/455] SMHT
[05:20:27] [315/455] VTDM
[05:20:27] [316/455] ASCT
[05:20:28] [317/455] AWCT
[05:20:29] [318/455] DCCU
[05:20:29] 🔄 Identity reset
[05:20:29] 🔄 Identity rotated (every 10 requests)
[05:20:30] [319/455] PSCE
[05:20:30] [320/455] KSNY
[05:20:31] [321/455] ACID
[05:20:32] [322/455] LVCD
[05:20:32] [323/455] KSSB
[05:20:33] [324/455] SWTD
[05:20:34] [325/455] RBMR
[05:20:34] [326/455] SCBC
[05:20:35] [327/455] RKME
[05:20:36] [328/455] GALX
[05:20:37] 🔄 Identity reset
[05:20:37] 🔄 Identity rotated (every 10 requests)
[05:20:38] [329/455] GCCH
[05:20:39] [330/455] RATR
[05:20:39] [331/455] GTGA
[05:20:40] [332/455] LTTR
[05:20:41] [333/455] TTAA
[05:20:42] [334/455] TVHP
[05:20:43] [335/455] KVCS
[05:20:44] [336/455] CBMC
[05:20:45] [337/455] MAYJ
[05:20:45] [338/455] INPR
[05:20:46] 🔄 Identity reset
[05:20:46] 🔄 Identity rotated (every 10 requests)
[05:20:46] 🔄 Retry 1/5 for INPR in 2.8s
[05:20:46] 🔄 Identity reset
[05:20:49] 🧠 New identity created
[05:20:49] [339/455] RSSC
[05:20:50] [340/455] PCAN
[05:20:51] [341/455] PVHR
[05:20:51] [342/455] AGSM
[05:20:52] [343/455] PVES
[05:20:53] [344/455] INTO
[05:20:54] [345/455] ACON
[05:20:56] [346/455] PVPZ
[05:20:56] [347/455] PVHC
[05:20:57] 🔄 Identity reset
[05:20:57] 🔄 Identity rotated (every 10 requests)
[05:20:57] [348/455] KSTK
[05:20:58] [349/455] PVSR
[05:20:59] [350/455] ACTN
[05:21:00] [351/455] FMCN
[05:21:01] [352/455] PABC
[05:21:02] [353/455] SUTC
[05:21:02] [354/455] PGMV
[05:21:03] [355/455] GKCP
[05:21:04] [356/455] INCH
[05:21:05] [357/455] MLMT
[05:21:06] 🔄 Identity reset
[05:21:06] 🔄 Identity rotated (every 10 requests)
[05:21:06] [358/455] SSCC
[05:21:06] [359/455] SLMP
[05:21:07] [360/455] VVTN
[05:21:08] [361/455] SBTR
[05:21:08] [362/455] PGRA
[05:21:09] [363/455] PBRM
[05:21:09] [364/455] GCRP
[05:21:10] [365/455] MCSK
[05:21:11] [366/455] NLTC
[05:21:12] [367/455] MTLM
[05:21:12] 🔄 Identity reset
[05:21:12] 🔄 Identity rotated (every 10 requests)
[05:21:13] [368/455] VECT
[05:21:14] [369/455] KMRM
[05:21:15] [370/455] RACM
[05:21:15] [371/455] WSTC
[05:21:16] [372/455] PVTJ
[05:21:17] [373/455] MMKC
[05:21:18] [374/455] SVWT
[05:21:19] [375/455] JOTG
[05:21:20] [376/455] VCDK
[05:21:20] [377/455] ANAC
[05:21:21] 🔄 Identity reset
[05:21:21] 🔄 Identity rotated (every 10 requests)
[05:21:22] [378/455] GRTC
[05:21:23] [379/455] JTPL
[05:21:24] [380/455] VRCP
[05:21:24] [381/455] REMC
[05:21:25] [382/455] ATMG
[05:21:26] [383/455] GAHC
[05:21:26] [384/455] JTMV
[05:21:27] [385/455] OMTT
[05:21:28] [386/455] GKKC
[05:21:29] [387/455] BBPO
[05:21:30] 🔄 Identity reset
[05:21:30] 🔄 Identity rotated (every 10 requests)
[05:21:30] [388/455] ZCBB
[05:21:31] [389/455] DCGO
[05:21:31] [390/455] STOP
[05:21:32] [391/455] BSPC
[05:21:33] [392/455] SOND
[05:21:34] [393/455] GCKG
[05:21:35] [394/455] PCDB
[05:21:36] [395/455] PGRC
[05:21:37] [396/455] CSCT
[05:21:38] [397/455] STDA
[05:21:38] 🔄 Identity reset
[05:21:38] 🔄 Identity rotated (every 10 requests)
[05:21:38] [398/455] JAYD
[05:21:39] [399/455] PPPD
[05:21:40] [400/455] KRTT
[05:21:41] [401/455] PTDT
[05:21:41] [402/455] TRSV
[05:21:42] [403/455] VELR
[05:21:43] [404/455] STDT
[05:21:43] [405/455] SATT
[05:21:44] [406/455] KCPM
[05:21:45] [407/455] MFCP
[05:21:45] 🔄 Identity reset
[05:21:45] 🔄 Identity rotated (every 10 requests)
[05:21:46] [408/455] AXMP
[05:21:46] [409/455] LTVB
[05:21:47] [410/455] APST
[05:21:48] [411/455] DTVP
[05:21:49] [412/455] AAVB
[05:21:50] [413/455] PMBL
[05:21:50] [414/455] STKC
[05:21:51] [415/455] KKMA
[05:21:52] [416/455] NMXS
[05:21:53] [417/455] DECX
[05:21:54] 🔄 Identity reset
[05:21:54] 🔄 Identity rotated (every 10 requests)
[05:21:54] [418/455] MAPJ
[05:21:55] [419/455] SMLK
[05:21:55] [420/455] PMPU
[05:21:56] [421/455] AFST
[05:21:57] [422/455] SRSY
[05:21:57] [423/455] RMKT
[05:21:58] [424/455] RAJX
[05:21:59] [425/455] UVCD
[05:22:00] [426/455] LISA
[05:22:00] [427/455] LMSR
[05:22:01] 🔄 Identity reset
[05:22:01] 🔄 Identity rotated (every 10 requests)
[05:22:01] [428/455] PMCA
[05:22:02] [429/455] INPO
[05:22:03] [430/455] INGO
[05:22:04] [431/455] HFSQ
[05:22:05] [432/455] INMG
[05:22:06] [433/455] NYCP
[05:22:06] [434/455] HFSV
[05:22:08] [435/455] MMZP
[05:22:09] [436/455] KSES
[05:22:09] [437/455] HFSA
[05:22:10] 🔄 Identity reset
[05:22:10] 🔄 Identity rotated (every 10 requests)
[05:22:10] [438/455] ACMM
[05:22:11] [439/455] RCKD
[05:22:12] [440/455] BCKR
[05:22:13] [441/455] SFCO
[05:22:13] [442/455] JCCB
[05:22:15] [443/455] BCCR
[05:22:16] [444/455] NWCB
[05:22:17] [445/455] SAMT
[05:22:17] [446/455] TMST
[05:22:18] [447/455] SJCN
[05:22:19] 🔄 Identity reset
[05:22:19] 🔄 Identity rotated (every 10 requests)
[05:22:19] [448/455] MCBS
[05:22:20] [449/455] CMKR
[05:22:21] [450/455] INPM
[05:22:22] [451/455] WVMT
[05:22:22] [452/455] NYSM
[05:22:23] [453/455] RCMA
[05:22:24] [454/455] RECM
[05:22:25] [455/455] CYCM
[05:22:26] ✅ DONE | Shows=23 | Movies=5
[06:06:42] 🚀 BMS DAILY TRACKER STARTED (enhanced anti‑detection)
[06:06:42] [1/455] MXGN
[06:06:43] 🧠 New identity created
[06:06:43] 🔄 Retry 1/5 for MXGN in 2.9s
[06:06:43] 🔄 Identity reset
[06:06:46] 🧠 New identity created
[06:06:46] 🔄 Retry 2/5 for MXGN in 4.2s
[06:06:46] 🔄 Identity reset
[06:06:51] 🧠 New identity created
[06:06:51] [2/455] PGGM
[06:06:52] [3/455] IPMJ
[06:06:52] [4/455] M2PP
[06:06:53] [5/455] PMMS
[06:06:54] [6/455] SCJN
[06:06:55] [7/455] CPUM
[06:06:55] [8/455] SCND
[06:06:56] 🔄 Identity reset
[06:06:56] 🔄 Identity rotated (every 10 requests)
[06:06:56] [9/455] INWM
[06:06:57] [10/455] DVDC
[06:06:58] [11/455] WVND
[06:06:58] [12/455] LBDL
[06:06:59] [13/455] CRGM
[06:07:00] [14/455] PVKS
[06:07:01] [15/455] PBLL
[06:07:01] [16/455] FNLN
[06:07:02] [17/455] PPDA
[06:07:03] [18/455] SCPT
[06:07:04] 🔄 Identity reset
[06:07:04] 🔄 Identity rotated (every 10 requests)
[06:07:04] [19/455] IAJS
[06:07:05] [20/455] MMZG
[06:07:05] [21/455] MCTI
[06:07:06] [22/455] PPMF
[06:07:07] [23/455] FNSD
[06:07:07] [24/455] M2RH
[06:07:08] [25/455] CPGV
[06:07:09] [26/455] PECD
[06:07:10] [27/455] CTEE
[06:07:10] [28/455] IOMG
[06:07:11] 🔄 Identity reset
[06:07:11] 🔄 Identity rotated (every 10 requests)
[06:07:11] [29/455] CIJA
[06:07:12] [30/455] NYCG
[06:07:13] [31/455] CEST
[06:07:13] [32/455] WVRG
[06:07:14] [33/455] DPDC
[06:07:14] [34/455] PDIV
[06:07:15] [35/455] MTPP
[06:07:16] [36/455] MHNU
[06:07:17] [37/455] WUPG
[06:07:17] [38/455] USCO
[06:07:18] 🔄 Identity reset
[06:07:18] 🔄 Identity rotated (every 10 requests)
[06:07:18] [39/455] INFR
[06:07:19] [40/455] PVPD
[06:07:19] [41/455] RONC
[06:07:20] [42/455] IOCP
[06:07:21] [43/455] EMPS
[06:07:22] [44/455] PNAD
[06:07:23] [45/455] VVGZ
[06:07:23] [46/455] MDDC
[06:07:24] [47/455] MMAP
[06:07:25] [48/455] GPDC
[06:07:25] 🔄 Identity reset
[06:07:25] 🔄 Identity rotated (every 10 requests)
[06:07:25] [49/455] PVPU
[06:07:26] [50/455] DCMV
[06:07:26] [51/455] PCCF
[06:07:27] [52/455] MCEF
[06:07:28] [53/455] INRD
[06:07:29] [54/455] CCPZ
[06:07:30] [55/455] BCWG
[06:07:30] [56/455] PMGU
[06:07:31] [57/455] MCVM
[06:07:32] [58/455] MCDE
[06:07:33] 🔄 Identity reset
[06:07:33] 🔄 Identity rotated (every 10 requests)
[06:07:33] [59/455] IEFM
[06:07:34] [60/455] MXCS
[06:07:34] [61/455] RNMT
[06:07:35] [62/455] PSDD
[06:07:36] [63/455] PETA
[06:07:37] [64/455] IZOP
[06:07:37] [65/455] PDEI
[06:07:38] [66/455] MTND
[06:07:39] [67/455] PCPL
[06:07:39] [68/455] LSCM
[06:07:40] 🔄 Identity reset
[06:07:40] 🔄 Identity rotated (every 10 requests)
[06:07:40] [69/455] BTFD
[06:07:41] [70/455] MERM
[06:07:41] [71/455] PVMS
[06:07:42] [72/455] CIGK
[06:07:43] [73/455] INSG
[06:07:43] [74/455] IDEN
[06:07:44] [75/455] MCGN
[06:07:45] [76/455] IGAM
[06:07:45] [77/455] SLCU
[06:07:46] [78/455] MIMU
[06:07:47] 🔄 Identity reset
[06:07:47] 🔄 Identity rotated (every 10 requests)
[06:07:47] [79/455] QLAC
[06:07:48] [80/455] MENL
[06:07:49] [81/455] SCUR
[06:07:49] [82/455] MDGD
[06:07:50] [83/455] LSRS
[06:07:51] [84/455] KMLG
[06:07:52] [85/455] MKLJ
[06:07:53] [86/455] IBYG
[06:07:54] [87/455] ISML
[06:07:54] [88/455] MJMM
[06:07:55] 🔄 Identity reset
[06:07:55] 🔄 Identity rotated (every 10 requests)
[06:07:55] 🔄 Retry 1/5 for MJMM in 2.2s
[06:07:55] 🔄 Identity reset
[06:07:57] 🧠 New identity created
[06:07:58] [89/455] RCGD
[06:07:59] [90/455] MMOC
[06:08:00] [91/455] RRCO
[06:08:01] [92/455] MEDM
[06:08:01] [93/455] MCAZ
[06:08:02] [94/455] STWA
[06:08:03] [95/455] PFFG
[06:08:04] [96/455] GAGC
[06:08:04] [97/455] PMPM
[06:08:05] 🔄 Identity reset
[06:08:05] 🔄 Identity rotated (every 10 requests)
[06:08:05] [98/455] HVCD
[06:08:06] [99/455] AKRF
[06:08:06] [100/455] AKRC
[06:08:07] [101/455] MIDA
[06:08:08] [102/455] MAGX
[06:08:09] [103/455] ESOS
[06:08:09] [104/455] BBCL
[06:08:10] [105/455] LYAS
[06:08:11] [106/455] NRMS
[06:08:12] [107/455] BHUC
[06:08:13] 🔄 Identity reset
[06:08:13] 🔄 Identity rotated (every 10 requests)
[06:08:13] 🔄 Retry 1/5 for BHUC in 2.8s
[06:08:13] 🔄 Identity reset
[06:08:15] 🧠 New identity created
[06:08:16] [108/455] SRIC
[06:08:16] [109/455] PDME
[06:08:17] [110/455] MJCS
[06:08:18] [111/455] NRAA
[06:08:19] [112/455] VATA
[06:08:19] [113/455] MNKC
[06:08:20] [114/455] DHCL
[06:08:21] [115/455] JCPC
[06:08:21] [116/455] CTML
[06:08:22] 🔄 Identity reset
[06:08:22] 🔄 Identity rotated (every 10 requests)
[06:08:22] [117/455] RMMR
[06:08:23] [118/455] STTL
[06:08:24] [119/455] CNPS
[06:08:24] [120/455] ACKL
[06:08:25] [121/455] SCAU
[06:08:26] [122/455] RMIA
[06:08:26] [123/455] MANU
[06:08:27] [124/455] ARDC
[06:08:28] [125/455] GLDA
[06:08:29] [126/455] KVSW
[06:08:29] 🔄 Identity reset
[06:08:29] 🔄 Identity rotated (every 10 requests)
[06:08:29] [127/455] CGCA
[06:08:30] [128/455] CMLO
[06:08:31] [129/455] CECB
[06:08:32] [130/455] RCPN
[06:08:32] [131/455] ASMW
[06:08:33] [132/455] PWLM
[06:08:34] [133/455] ASGM
[06:08:35] [134/455] ACWH
[06:08:36] [135/455] AAPW
[06:08:36] [136/455] RTWA
[06:08:37] 🔄 Identity reset
[06:08:37] 🔄 Identity rotated (every 10 requests)
[06:08:37] [137/455] RAMW
[06:08:38] [138/455] VKTR
[06:08:39] [139/455] SMBH
[06:08:39] [140/455] BVDR
[06:08:40] [141/455] MRTP
[06:08:41] [142/455] BLBR
[06:08:42] [143/455] LPIN
[06:08:43] [144/455] SNPC
[06:08:44] [145/455] PDCB
[06:08:45] [146/455] DYPK
[06:08:45] 🔄 Identity reset
[06:08:45] 🔄 Identity rotated (every 10 requests)
[06:08:46] [147/455] INMK
[06:08:46] [148/455] PDCK
[06:08:47] [149/455] PCKR
[06:08:48] [150/455] SHUA
[06:08:49] [151/455] SCVK
[06:08:49] [152/455] STPA
[06:08:50] [153/455] WVHD
[06:08:50] [154/455] MRCH
[06:08:51] [155/455] MCNP
[06:08:52] [156/455] RCAG
[06:08:52] 🔄 Identity reset
[06:08:52] 🔄 Identity rotated (every 10 requests)
[06:08:52] [157/455] JTSN
[06:08:53] [158/455] AANS
[06:08:53] [159/455] GDDR
[06:08:54] [160/455] SRER
[06:08:55] [161/455] JKMA
[06:08:56] [162/455] ARAN
[06:08:57] [163/455] ALCT
[06:08:58] [164/455] CCTA
[06:08:58] [165/455] CNCT
[06:08:59] [166/455] NZBL
[06:09:00] 🔄 Identity reset
[06:09:00] 🔄 Identity rotated (every 10 requests)
[06:09:00] 🔄 Retry 1/5 for NZBL in 2.8s
[06:09:00] 🔄 Identity reset
[06:09:02] 🧠 New identity created
[06:09:02] [167/455] SRRA
[06:09:03] [168/455] SVPW
[06:09:04] [169/455] SRTW
[06:09:05] [170/455] XMTD
[06:09:05] [171/455] SCCZ
[06:09:06] [172/455] PBCR
[06:09:07] [173/455] RTSC
[06:09:08] [174/455] TLSV
[06:09:08] [175/455] RMTK
[06:09:09] 🔄 Identity reset
[06:09:09] 🔄 Identity rotated (every 10 requests)
[06:09:09] [176/455] SRAT
[06:09:10] [177/455] GCYC
[06:09:10] [178/455] HCAJ
[06:09:11] [179/455] LCXA
[06:09:12] [180/455] BINT
[06:09:13] [181/455] IXIM
[06:09:14] [182/455] MBCR
[06:09:16] [183/455] BMCJ
[06:09:17] [184/455] NICJ
[06:09:18] [185/455] SCAJ
[06:09:19] 🔄 Identity reset
[06:09:19] 🔄 Identity rotated (every 10 requests)
[06:09:19] [186/455] CMXS
[06:09:20] [187/455] MMSR
[06:09:20] [188/455] PRKT
[06:09:21] [189/455] LPTH
[06:09:22] [190/455] SARP
[06:09:23] [191/455] MNPP
[06:09:23] [192/455] PRLR
[06:09:25] [193/455] RCMW
[06:09:25] [194/455] FCMG
[06:09:26] [195/455] RTNK
[06:09:27] 🔄 Identity reset
[06:09:27] 🔄 Identity rotated (every 10 requests)
[06:09:27] [196/455] LRCP
[06:09:28] [197/455] DBJR
[06:09:29] [198/455] CACN
[06:09:30] [199/455] AMRL
[06:09:31] [200/455] SBBC
[06:09:31] [201/455] VENN
[06:09:32] [202/455] STSS
[06:09:34] [203/455] SMRB
[06:09:35] [204/455] CCMX
[06:09:35] [205/455] KCMR
[06:09:36] 🔄 Identity reset
[06:09:36] 🔄 Identity rotated (every 10 requests)
[06:09:36] [206/455] SALH
[06:09:37] [207/455] CGTT
[06:09:38] [208/455] PMDR
[06:09:39] [209/455] VCPM
[06:09:39] [210/455] RZMX
[06:09:40] [211/455] TMSY
[06:09:41] [212/455] NTMS
[06:09:42] [213/455] VTAG
[06:09:42] [214/455] REMA
[06:09:43] [215/455] NXCC
[06:09:44] 🔄 Identity reset
[06:09:44] 🔄 Identity rotated (every 10 requests)
[06:09:44] [216/455] SKYM
[06:09:44] [217/455] CCMO
[06:09:45] [218/455] DMXM
[06:09:46] [219/455] SPPM
[06:09:46] [220/455] PTKL
[06:09:48] [221/455] SLVO
[06:09:49] [222/455] VASL
[06:09:50] [223/455] CBCM
[06:09:50] [224/455] STMA
[06:09:51] [225/455] LASK
[06:09:52] 🔄 Identity reset
[06:09:52] 🔄 Identity rotated (every 10 requests)
[06:09:52] [226/455] VITE
[06:09:53] [227/455] AAST
[06:09:55] [228/455] JTPT
[06:09:55] [229/455] RRSH
[06:09:56] [230/455] CINL
[06:09:57] [231/455] MCSR
[06:09:57] [232/455] SBCF
[06:09:58] [233/455] GCDU
[06:09:59] [234/455] PSPR
[06:09:59] [235/455] IMMO
[06:10:00] 🔄 Identity reset
[06:10:00] 🔄 Identity rotated (every 10 requests)
[06:10:00] [236/455] CLGM
[06:10:01] [237/455] PBMM
[06:10:02] [238/455] CEHR
[06:10:02] [239/455] CPOE
[06:10:03] [240/455] PGFD
[06:10:04] [241/455] PSLC
[06:10:05] [242/455] MSMD
[06:10:06] [243/455] FMFB
[06:10:06] [244/455] RKCL
[06:10:07] [245/455] PMMC
[06:10:08] 🔄 Identity reset
[06:10:08] 🔄 Identity rotated (every 10 requests)
[06:10:08] [246/455] SKMM
[06:10:09] [247/455] VOIB
[06:10:10] [248/455] KINO
[06:10:10] [249/455] VCTP
[06:10:11] [250/455] PDWR
[06:10:12] [251/455] SAED
[06:10:13] [252/455] SRRT
[06:10:14] [253/455] CVLG
[06:10:14] [254/455] SNGN
[06:10:15] [255/455] SIDA
[06:10:16] 🔄 Identity reset
[06:10:16] 🔄 Identity rotated (every 10 requests)
[06:10:16] [256/455] IMCB
[06:10:16] [257/455] SMHP
[06:10:17] [258/455] GDTY
[06:10:18] [259/455] VYCH
[06:10:19] [260/455] PDYA
[06:10:19] [261/455] RKDO
[06:10:20] [262/455] VECG
[06:10:21] [263/455] NFGD
[06:10:21] [264/455] SNDC
[06:10:22] [265/455] SDJH
[06:10:23] 🔄 Identity reset
[06:10:23] 🔄 Identity rotated (every 10 requests)
[06:10:23] [266/455] HASV
[06:10:24] [267/455] PTYK
[06:10:25] [268/455] MUTB
[06:10:26] [269/455] AMRT
[06:10:26] [270/455] VACD
[06:10:27] [271/455] SKDD
[06:10:28] [272/455] STGR
[06:10:29] [273/455] GDAK
[06:10:29] [274/455] SKHK
[06:10:30] [275/455] SLND
[06:10:31] 🔄 Identity reset
[06:10:31] 🔄 Identity rotated (every 10 requests)
[06:10:31] 🔄 Retry 1/5 for SLND in 2.9s
[06:10:31] 🔄 Identity reset
[06:10:34] 🧠 New identity created
[06:10:34] [276/455] APAP
[06:10:35] [277/455] AYYA
[06:10:36] [278/455] VCCZ
[06:10:36] [279/455] MEML
[06:10:37] [280/455] MAOU
[06:10:38] [281/455] ESND
[06:10:38] [282/455] PTBZ
[06:10:39] [283/455] LBCN
[06:10:41] [284/455] PAWA
[06:10:41] 🔄 Identity reset
[06:10:41] 🔄 Identity rotated (every 10 requests)
[06:10:41] [285/455] ZEIC
[06:10:42] [286/455] CGMM
[06:10:43] [287/455] PJPM
[06:10:44] [288/455] ECMR
[06:10:44] [289/455] SHMZ
[06:10:45] [290/455] STCA
[06:10:46] [291/455] VDRC
[06:10:46] [292/455] SEEM
[06:10:48] [293/455] MKNS
[06:10:49] [294/455] KPPP
[06:10:50] 🔄 Identity reset
[06:10:50] 🔄 Identity rotated (every 10 requests)
[06:10:50] [295/455] CCML
[06:10:51] [296/455] CIBA
[06:10:52] [297/455] NACS
[06:10:52] [298/455] CTMK
[06:10:53] [299/455] CTCT
[06:10:55] [300/455] MCSN
[06:10:55] [301/455] MAXX
[06:10:56] [302/455] MECB
[06:10:57] [303/455] NTBY
[06:10:58] [304/455] UTBI
[06:10:58] 🔄 Identity reset
[06:10:58] 🔄 Identity rotated (every 10 requests)
[06:10:58] [305/455] RADK
[06:10:59] [306/455] STBY
[06:11:00] [307/455] GTBY
[06:11:00] [308/455] RRMB
[06:11:02] [309/455] ABRN
[06:11:02] [310/455] GTSG
[06:11:03] [311/455] GBTG
[06:11:04] [312/455] SBGS
[06:11:05] [313/455] KBPM
[06:11:05] [314/455] SMHT
[06:11:06] 🔄 Identity reset
[06:11:06] 🔄 Identity rotated (every 10 requests)
[06:11:06] [315/455] VTDM
[06:11:07] [316/455] ASCT
[06:11:07] [317/455] AWCT
[06:11:08] [318/455] DCCU
[06:11:09] [319/455] PSCE
[06:11:09] [320/455] KSNY
[06:11:10] [321/455] ACID
[06:11:11] [322/455] LVCD
[06:11:12] [323/455] KSSB
[06:11:12] [324/455] SWTD
[06:11:13] 🔄 Identity reset
[06:11:13] 🔄 Identity rotated (every 10 requests)
[06:11:13] [325/455] RBMR
[06:11:14] [326/455] SCBC
[06:11:15] [327/455] RKME
[06:11:15] [328/455] GALX
[06:11:16] [329/455] GCCH
[06:11:16] [330/455] RATR
[06:11:17] [331/455] GTGA
[06:11:18] [332/455] LTTR
[06:11:18] [333/455] TTAA
[06:11:19] [334/455] TVHP
[06:11:20] 🔄 Identity reset
[06:11:20] 🔄 Identity rotated (every 10 requests)
[06:11:20] [335/455] KVCS
[06:11:21] [336/455] CBMC
[06:11:21] [337/455] MAYJ
[06:11:22] [338/455] INPR
[06:11:23] [339/455] RSSC
[06:11:24] [340/455] PCAN
[06:11:24] [341/455] PVHR
[06:11:25] [342/455] AGSM
[06:11:26] [343/455] PVES
[06:11:26] [344/455] INTO
[06:11:27] 🔄 Identity reset
[06:11:27] 🔄 Identity rotated (every 10 requests)
[06:11:27] [345/455] ACON
[06:11:28] [346/455] PVPZ
[06:11:29] [347/455] PVHC
[06:11:30] [348/455] KSTK
[06:11:31] [349/455] PVSR
[06:11:31] [350/455] ACTN
[06:11:32] [351/455] FMCN
[06:11:33] [352/455] PABC
[06:11:34] [353/455] SUTC
[06:11:34] [354/455] PGMV
[06:11:35] 🔄 Identity reset
[06:11:35] 🔄 Identity rotated (every 10 requests)
[06:11:35] 🔄 Retry 1/5 for PGMV in 2.1s
[06:11:35] 🔄 Identity reset
[06:11:37] 🧠 New identity created
[06:11:37] [355/455] GKCP
[06:11:38] [356/455] INCH
[06:11:39] [357/455] MLMT
[06:11:39] [358/455] SSCC
[06:11:40] [359/455] SLMP
[06:11:40] [360/455] VVTN
[06:11:41] [361/455] SBTR
[06:11:42] [362/455] PGRA
[06:11:42] [363/455] PBRM
[06:11:43] 🔄 Identity reset
[06:11:43] 🔄 Identity rotated (every 10 requests)
[06:11:43] [364/455] GCRP
[06:11:44] [365/455] MCSK
[06:11:44] [366/455] NLTC
[06:11:46] [367/455] MTLM
[06:11:48] [368/455] VECT
[06:11:48] [369/455] KMRM
[06:11:49] [370/455] RACM
[06:11:50] [371/455] WSTC
[06:11:50] [372/455] PVTJ
[06:11:51] [373/455] MMKC
[06:11:52] 🔄 Identity reset
[06:11:52] 🔄 Identity rotated (every 10 requests)
[06:11:52] [374/455] SVWT
[06:11:53] [375/455] JOTG
[06:11:54] [376/455] VCDK
[06:11:55] [377/455] ANAC
[06:11:56] [378/455] GRTC
[06:11:57] [379/455] JTPL
[06:11:57] [380/455] VRCP
[06:11:58] [381/455] REMC
[06:11:59] [382/455] ATMG
[06:11:59] [383/455] GAHC
[06:12:00] 🔄 Identity reset
[06:12:00] 🔄 Identity rotated (every 10 requests)
[06:12:00] [384/455] JTMV
[06:12:01] [385/455] OMTT
[06:12:02] [386/455] GKKC
[06:12:03] [387/455] BBPO
[06:12:04] [388/455] ZCBB
[06:12:05] [389/455] DCGO
[06:12:06] [390/455] STOP
[06:12:06] [391/455] BSPC
[06:12:07] [392/455] SOND
[06:12:08] [393/455] GCKG
[06:12:09] 🔄 Identity reset
[06:12:09] 🔄 Identity rotated (every 10 requests)
[06:12:09] [394/455] PCDB
[06:12:10] [395/455] PGRC
[06:12:10] [396/455] CSCT
[06:12:11] [397/455] STDA
[06:12:12] [398/455] JAYD
[06:12:12] [399/455] PPPD
[06:12:13] [400/455] KRTT
[06:12:14] [401/455] PTDT
[06:12:14] [402/455] TRSV
[06:12:15] [403/455] VELR
[06:12:16] 🔄 Identity reset
[06:12:16] 🔄 Identity rotated (every 10 requests)
[06:12:16] [404/455] STDT
[06:12:16] [405/455] SATT
[06:12:17] [406/455] KCPM
[06:12:18] [407/455] MFCP
[06:12:18] [408/455] AXMP
[06:12:19] [409/455] LTVB
[06:12:20] [410/455] APST
[06:12:21] [411/455] DTVP
[06:12:22] [412/455] AAVB
[06:12:23] [413/455] PMBL
[06:12:23] 🔄 Identity reset
[06:12:23] 🔄 Identity rotated (every 10 requests)
[06:12:24] [414/455] STKC
[06:12:26] [415/455] KKMA
[06:12:27] [416/455] NMXS
[06:12:27] [417/455] DECX
[06:12:28] [418/455] MAPJ
[06:12:29] [419/455] SMLK
[06:12:29] [420/455] PMPU
[06:12:30] [421/455] AFST
[06:12:31] [422/455] SRSY
[06:12:32] [423/455] RMKT
[06:12:32] 🔄 Identity reset
[06:12:32] 🔄 Identity rotated (every 10 requests)
[06:12:32] 🔄 Retry 1/5 for RMKT in 2.5s
[06:12:32] 🔄 Identity reset
[06:12:35] 🧠 New identity created
[06:12:35] [424/455] RAJX
[06:12:36] [425/455] UVCD
[06:12:37] [426/455] LISA
[06:12:37] [427/455] LMSR
[06:12:38] [428/455] PMCA
[06:12:39] [429/455] INPO
[06:12:40] [430/455] INGO
[06:12:40] [431/455] HFSQ
[06:12:41] [432/455] INMG
[06:12:42] 🔄 Identity reset
[06:12:42] 🔄 Identity rotated (every 10 requests)
[06:12:42] [433/455] NYCP
[06:12:43] [434/455] HFSV
[06:12:44] [435/455] MMZP
[06:12:44] [436/455] KSES
[06:12:45] [437/455] HFSA
[06:12:46] [438/455] ACMM
[06:12:47] [439/455] RCKD
[06:12:47] [440/455] BCKR
[06:12:48] [441/455] SFCO
[06:12:49] [442/455] JCCB
[06:12:50] 🔄 Identity reset
[06:12:50] 🔄 Identity rotated (every 10 requests)
[06:12:50] [443/455] BCCR
[06:12:50] [444/455] NWCB
[06:12:51] [445/455] SAMT
[06:12:52] [446/455] TMST
[06:12:52] [447/455] SJCN
[06:12:53] [448/455] MCBS
[06:12:54] [449/455] CMKR
[06:12:55] [450/455] INPM
[06:12:56] [451/455] WVMT
[06:12:56] [452/455] NYSM
[06:12:57] 🔄 Identity reset
[06:12:57] 🔄 Identity rotated (every 10 requests)
[06:12:57] [453/455] RCMA
[06:12:58] [454/455] RECM
[06:12:58] [455/455] CYCM
[06:12:59] ✅ DONE | Shows=370 | Movies=28
