[00:17:25] 🚀 BMS DAILY TRACKER STARTED (enhanced anti‑detection)
[00:17:25] [1/455] MXGN
[00:17:26] 🧠 New identity created
[00:17:26] [2/455] PGGM
[00:17:27] [3/455] IPMJ
[00:17:28] [4/455] M2PP
[00:17:30] [5/455] PMMS
[00:17:31] [6/455] SCJN
[00:17:32] [7/455] CPUM
[00:17:33] [8/455] SCND
[00:17:34] [9/455] INWM
[00:17:35] [10/455] DVDC
[00:17:35] 🔄 Identity reset
[00:17:35] 🔄 Identity rotated (every 10 requests)
[00:17:36] [11/455] WVND
[00:17:37] [12/455] LBDL
[00:17:38] [13/455] CRGM
[00:17:38] [14/455] PVKS
[00:17:39] [15/455] PBLL
[00:17:40] [16/455] FNLN
[00:17:41] [17/455] PPDA
[00:17:43] [18/455] SCPT
[00:17:43] [19/455] IAJS
[00:17:44] [20/455] MMZG
[00:17:45] 🔄 Identity reset
[00:17:45] 🔄 Identity rotated (every 10 requests)
[00:17:45] [21/455] MCTI
[00:17:46] [22/455] PPMF
[00:17:48] [23/455] FNSD
[00:17:49] [24/455] M2RH
[00:17:50] [25/455] CPGV
[00:17:52] [26/455] PECD
[00:17:53] [27/455] CTEE
[00:17:54] [28/455] IOMG
[00:17:55] [29/455] CIJA
[00:17:55] [30/455] NYCG
[00:17:56] 🔄 Identity reset
[00:17:56] 🔄 Identity rotated (every 10 requests)
[00:17:56] [31/455] CEST
[00:17:57] [32/455] WVRG
[00:17:58] [33/455] DPDC
[00:17:59] [34/455] PDIV
[00:18:01] [35/455] MTPP
[00:18:02] [36/455] MHNU
[00:18:02] [37/455] WUPG
[00:18:04] [38/455] USCO
[00:18:06] [39/455] INFR
[00:18:07] [40/455] PVPD
[00:18:07] 🔄 Identity reset
[00:18:07] 🔄 Identity rotated (every 10 requests)
[00:18:07] [41/455] RONC
[00:18:08] [42/455] IOCP
[00:18:09] [43/455] EMPS
[00:18:10] [44/455] PNAD
[00:18:11] [45/455] VVGZ
[00:18:12] [46/455] MDDC
[00:18:14] [47/455] MMAP
[00:18:15] [48/455] GPDC
[00:18:16] [49/455] PVPU
[00:18:17] [50/455] DCMV
[00:18:18] 🔄 Identity reset
[00:18:18] 🔄 Identity rotated (every 10 requests)
[00:18:18] [51/455] PCCF
[00:18:19] [52/455] MCEF
[00:18:20] [53/455] INRD
[00:18:21] [54/455] CCPZ
[00:18:21] [55/455] BCWG
[00:18:22] [56/455] PMGU
[00:18:23] [57/455] MCVM
[00:18:24] [58/455] MCDE
[00:18:25] [59/455] IEFM
[00:18:26] [60/455] MXCS
[00:18:27] 🔄 Identity reset
[00:18:27] 🔄 Identity rotated (every 10 requests)
[00:18:27] [61/455] RNMT
[00:18:28] [62/455] PSDD
[00:18:29] [63/455] PETA
[00:18:30] [64/455] IZOP
[00:18:31] [65/455] PDEI
[00:18:32] [66/455] MTND
[00:18:33] [67/455] PCPL
[00:18:34] [68/455] LSCM
[00:18:35] [69/455] BTFD
[00:18:35] [70/455] MERM
[00:18:36] 🔄 Identity reset
[00:18:36] 🔄 Identity rotated (every 10 requests)
[00:18:36] 🔄 Retry 1/5 for MERM in 2.9s
[00:18:36] 🔄 Identity reset
[00:18:39] 🧠 New identity created
[00:18:39] [71/455] PVMS
[00:18:40] [72/455] CIGK
[00:18:41] [73/455] INSG
[00:18:42] [74/455] IDEN
[00:18:43] [75/455] MCGN
[00:18:44] [76/455] IGAM
[00:18:44] [77/455] SLCU
[00:18:45] [78/455] MIMU
[00:18:47] [79/455] QLAC
[00:18:47] 🔄 Identity reset
[00:18:47] 🔄 Identity rotated (every 10 requests)
[00:18:48] [80/455] MENL
[00:18:49] [81/455] SCUR
[00:18:49] [82/455] MDGD
[00:18:50] [83/455] LSRS
[00:18:51] [84/455] KMLG
[00:18:52] [85/455] MKLJ
[00:18:53] [86/455] IBYG
[00:18:54] [87/455] ISML
[00:18:55] [88/455] MJMM
[00:18:56] [89/455] RCGD
[00:18:56] 🔄 Identity reset
[00:18:56] 🔄 Identity rotated (every 10 requests)
[00:18:57] 🔄 Retry 1/5 for RCGD in 2.8s
[00:18:57] 🔄 Identity reset
[00:18:59] 🧠 New identity created
[00:19:00] [90/455] MMOC
[00:19:01] [91/455] RRCO
[00:19:02] [92/455] MEDM
[00:19:02] [93/455] MCAZ
[00:19:03] [94/455] STWA
[00:19:04] [95/455] PFFG
[00:19:05] [96/455] GAGC
[00:19:06] [97/455] PMPM
[00:19:07] [98/455] HVCD
[00:19:08] 🔄 Identity reset
[00:19:08] 🔄 Identity rotated (every 10 requests)
[00:19:08] [99/455] AKRF
[00:19:09] [100/455] AKRC
[00:19:10] [101/455] MIDA
[00:19:11] [102/455] MAGX
[00:19:12] [103/455] ESOS
[00:19:13] [104/455] BBCL
[00:19:13] [105/455] LYAS
[00:19:15] [106/455] NRMS
[00:19:16] [107/455] BHUC
[00:19:17] [108/455] SRIC
[00:19:18] 🔄 Identity reset
[00:19:18] 🔄 Identity rotated (every 10 requests)
[00:19:19] [109/455] PDME
[00:19:20] [110/455] MJCS
[00:19:21] [111/455] NRAA
[00:19:21] [112/455] VATA
[00:19:22] [113/455] MNKC
[00:19:23] [114/455] DHCL
[00:19:24] [115/455] JCPC
[00:19:25] [116/455] CTML
[00:19:26] [117/455] RMMR
[00:19:27] [118/455] STTL
[00:19:27] 🔄 Identity reset
[00:19:28] 🔄 Identity rotated (every 10 requests)
[00:19:28] [119/455] CNPS
[00:19:29] [120/455] ACKL
[00:19:30] [121/455] SCAU
[00:19:31] [122/455] RMIA
[00:19:31] [123/455] MANU
[00:19:32] [124/455] ARDC
[00:19:33] [125/455] GLDA
[00:19:34] [126/455] KVSW
[00:19:35] [127/455] CGCA
[00:19:36] [128/455] CMLO
[00:19:37] 🔄 Identity reset
[00:19:37] 🔄 Identity rotated (every 10 requests)
[00:19:37] 🔄 Retry 1/5 for CMLO in 2.1s
[00:19:37] 🔄 Identity reset
[00:19:39] 🧠 New identity created
[00:19:39] [129/455] CECB
[00:19:40] [130/455] RCPN
[00:19:41] [131/455] ASMW
[00:19:42] [132/455] PWLM
[00:19:43] [133/455] ASGM
[00:19:44] [134/455] ACWH
[00:19:45] [135/455] AAPW
[00:19:46] [136/455] RTWA
[00:19:47] [137/455] RAMW
[00:19:47] 🔄 Identity reset
[00:19:47] 🔄 Identity rotated (every 10 requests)
[00:19:48] [138/455] VKTR
[00:19:49] [139/455] SMBH
[00:19:51] [140/455] BVDR
[00:19:52] [141/455] MRTP
[00:19:52] [142/455] BLBR
[00:19:54] [143/455] LPIN
[00:19:55] [144/455] SNPC
[00:19:56] [145/455] PDCB
[00:19:57] [146/455] DYPK
[00:19:58] [147/455] INMK
[00:19:59] 🔄 Identity reset
[00:19:59] 🔄 Identity rotated (every 10 requests)
[00:19:59] [148/455] PDCK
[00:20:00] [149/455] PCKR
[00:20:01] [150/455] SHUA
[00:20:02] [151/455] SCVK
[00:20:03] [152/455] STPA
[00:20:04] [153/455] WVHD
[00:20:05] [154/455] MRCH
[00:20:06] [155/455] MCNP
[00:20:07] [156/455] RCAG
[00:20:08] [157/455] JTSN
[00:20:09] 🔄 Identity reset
[00:20:09] 🔄 Identity rotated (every 10 requests)
[00:20:09] [158/455] AANS
[00:20:10] [159/455] GDDR
[00:20:11] [160/455] SRER
[00:20:12] [161/455] JKMA
[00:20:13] [162/455] ARAN
[00:20:14] [163/455] ALCT
[00:20:14] [164/455] CCTA
[00:20:15] [165/455] CNCT
[00:20:16] [166/455] NZBL
[00:20:17] [167/455] SRRA
[00:20:18] 🔄 Identity reset
[00:20:18] 🔄 Identity rotated (every 10 requests)
[00:20:18] 🔄 Retry 1/5 for SRRA in 2.9s
[00:20:18] 🔄 Identity reset
[00:20:21] 🧠 New identity created
[00:20:21] [168/455] SVPW
[00:20:22] [169/455] SRTW
[00:20:24] [170/455] XMTD
[00:20:25] [171/455] SCCZ
[00:20:26] [172/455] PBCR
[00:20:27] [173/455] RTSC
[00:20:28] [174/455] TLSV
[00:20:29] [175/455] RMTK
[00:20:30] [176/455] SRAT
[00:20:31] 🔄 Identity reset
[00:20:31] 🔄 Identity rotated (every 10 requests)
[00:20:31] [177/455] GCYC
[00:20:32] [178/455] HCAJ
[00:20:33] [179/455] LCXA
[00:20:34] [180/455] BINT
[00:20:35] [181/455] IXIM
[00:20:35] [182/455] MBCR
[00:20:36] [183/455] BMCJ
[00:20:37] [184/455] NICJ
[00:20:38] [185/455] SCAJ
[00:20:39] [186/455] CMXS
[00:20:39] 🔄 Identity reset
[00:20:39] 🔄 Identity rotated (every 10 requests)
[00:20:40] [187/455] MMSR
[00:20:41] [188/455] PRKT
[00:20:42] [189/455] LPTH
[00:20:43] [190/455] SARP
[00:20:44] [191/455] MNPP
[00:20:45] [192/455] PRLR
[00:20:46] [193/455] RCMW
[00:20:47] [194/455] FCMG
[00:20:47] [195/455] RTNK
[00:20:48] [196/455] LRCP
[00:20:49] 🔄 Identity reset
[00:20:49] 🔄 Identity rotated (every 10 requests)
[00:20:49] [197/455] DBJR
[00:20:50] [198/455] CACN
[00:20:52] [199/455] AMRL
[00:20:53] [200/455] SBBC
[00:20:54] [201/455] VENN
[00:20:55] [202/455] STSS
[00:20:56] [203/455] SMRB
[00:20:57] [204/455] CCMX
[00:20:58] [205/455] KCMR
[00:20:59] [206/455] SALH
[00:20:59] 🔄 Identity reset
[00:20:59] 🔄 Identity rotated (every 10 requests)
[00:20:59] 🔄 Retry 1/5 for SALH in 2.6s
[00:20:59] 🔄 Identity reset
[00:21:02] 🧠 New identity created
[00:21:02] 🔄 Retry 2/5 for SALH in 4.1s
[00:21:02] 🔄 Identity reset
[00:21:06] 🧠 New identity created
[00:21:07] [207/455] CGTT
[00:21:08] [208/455] PMDR
[00:21:09] [209/455] VCPM
[00:21:10] [210/455] RZMX
[00:21:11] [211/455] TMSY
[00:21:11] [212/455] NTMS
[00:21:12] [213/455] VTAG
[00:21:13] [214/455] REMA
[00:21:14] 🔄 Identity reset
[00:21:14] 🔄 Identity rotated (every 10 requests)
[00:21:14] [215/455] NXCC
[00:21:15] [216/455] SKYM
[00:21:16] [217/455] CCMO
[00:21:17] [218/455] DMXM
[00:21:18] [219/455] SPPM
[00:21:19] [220/455] PTKL
[00:21:21] [221/455] SLVO
[00:21:22] [222/455] VASL
[00:21:23] [223/455] CBCM
[00:21:24] [224/455] STMA
[00:21:24] 🔄 Identity reset
[00:21:24] 🔄 Identity rotated (every 10 requests)
[00:21:25] [225/455] LASK
[00:21:26] [226/455] VITE
[00:21:26] [227/455] AAST
[00:21:27] [228/455] JTPT
[00:21:28] [229/455] RRSH
[00:21:29] [230/455] CINL
[00:21:30] [231/455] MCSR
[00:21:31] [232/455] SBCF
[00:21:32] [233/455] GCDU
[00:21:33] [234/455] PSPR
[00:21:33] 🔄 Identity reset
[00:21:33] 🔄 Identity rotated (every 10 requests)
[00:21:34] [235/455] IMMO
[00:21:35] [236/455] CLGM
[00:21:36] [237/455] PBMM
[00:21:37] [238/455] CEHR
[00:21:37] [239/455] CPOE
[00:21:38] [240/455] PGFD
[00:21:39] [241/455] PSLC
[00:21:40] [242/455] MSMD
[00:21:41] [243/455] FMFB
[00:21:42] [244/455] RKCL
[00:21:43] 🔄 Identity reset
[00:21:43] 🔄 Identity rotated (every 10 requests)
[00:21:43] 🔄 Retry 1/5 for RKCL in 2.3s
[00:21:43] 🔄 Identity reset
[00:21:45] 🧠 New identity created
[00:21:45] [245/455] PMMC
[00:21:46] [246/455] SKMM
[00:21:47] [247/455] VOIB
[00:21:49] [248/455] KINO
[00:21:50] [249/455] VCTP
[00:21:51] [250/455] PDWR
[00:21:52] [251/455] SAED
[00:21:53] [252/455] SRRT
[00:21:54] [253/455] CVLG
[00:21:55] 🔄 Identity reset
[00:21:55] 🔄 Identity rotated (every 10 requests)
[00:21:55] [254/455] SNGN
[00:21:56] [255/455] SIDA
[00:21:57] [256/455] IMCB
[00:21:58] [257/455] SMHP
[00:21:58] [258/455] GDTY
[00:21:59] [259/455] VYCH
[00:22:00] [260/455] PDYA
[00:22:01] [261/455] RKDO
[00:22:02] [262/455] VECG
[00:22:03] [263/455] NFGD
[00:22:03] 🔄 Identity reset
[00:22:03] 🔄 Identity rotated (every 10 requests)
[00:22:04] [264/455] SNDC
[00:22:04] [265/455] SDJH
[00:22:05] [266/455] HASV
[00:22:06] [267/455] PTYK
[00:22:07] [268/455] MUTB
[00:22:08] [269/455] AMRT
[00:22:09] [270/455] VACD
[00:22:10] [271/455] SKDD
[00:22:10] [272/455] STGR
[00:22:12] [273/455] GDAK
[00:22:12] 🔄 Identity reset
[00:22:12] 🔄 Identity rotated (every 10 requests)
[00:22:13] [274/455] SKHK
[00:22:13] [275/455] SLND
[00:22:14] [276/455] APAP
[00:22:15] [277/455] AYYA
[00:22:16] [278/455] VCCZ
[00:22:18] [279/455] MEML
[00:22:18] [280/455] MAOU
[00:22:19] [281/455] ESND
[00:22:21] [282/455] PTBZ
[00:22:22] [283/455] LBCN
[00:22:22] 🔄 Identity reset
[00:22:22] 🔄 Identity rotated (every 10 requests)
[00:22:23] 🔄 Retry 1/5 for LBCN in 2.1s
[00:22:23] 🔄 Identity reset
[00:22:25] 🧠 New identity created
[00:22:25] [284/455] PAWA
[00:22:26] [285/455] ZEIC
[00:22:27] [286/455] CGMM
[00:22:28] [287/455] PJPM
[00:22:29] [288/455] ECMR
[00:22:30] [289/455] SHMZ
[00:22:31] [290/455] STCA
[00:22:32] [291/455] VDRC
[00:22:32] [292/455] SEEM
[00:22:33] 🔄 Identity reset
[00:22:33] 🔄 Identity rotated (every 10 requests)
[00:22:33] [293/455] MKNS
[00:22:34] [294/455] KPPP
[00:22:35] [295/455] CCML
[00:22:36] [296/455] CIBA
[00:22:37] [297/455] NACS
[00:22:38] [298/455] CTMK
[00:22:38] [299/455] CTCT
[00:22:39] [300/455] MCSN
[00:22:40] [301/455] MAXX
[00:22:41] [302/455] MECB
[00:22:42] 🔄 Identity reset
[00:22:42] 🔄 Identity rotated (every 10 requests)
[00:22:42] [303/455] NTBY
[00:22:43] [304/455] UTBI
[00:22:44] [305/455] RADK
[00:22:45] [306/455] STBY
[00:22:46] [307/455] GTBY
[00:22:47] [308/455] RRMB
[00:22:48] [309/455] ABRN
[00:22:49] [310/455] GTSG
[00:22:50] [311/455] GBTG
[00:22:51] [312/455] SBGS
[00:22:52] 🔄 Identity reset
[00:22:52] 🔄 Identity rotated (every 10 requests)
[00:22:53] [313/455] KBPM
[00:22:54] [314/455] SMHT
[00:22:55] [315/455] VTDM
[00:22:56] [316/455] ASCT
[00:22:57] [317/455] AWCT
[00:22:58] [318/455] DCCU
[00:22:59] [319/455] PSCE
[00:23:00] [320/455] KSNY
[00:23:01] [321/455] ACID
[00:23:02] [322/455] LVCD
[00:23:02] 🔄 Identity reset
[00:23:02] 🔄 Identity rotated (every 10 requests)
[00:23:03] [323/455] KSSB
[00:23:03] [324/455] SWTD
[00:23:04] [325/455] RBMR
[00:23:05] [326/455] SCBC
[00:23:06] [327/455] RKME
[00:23:07] [328/455] GALX
[00:23:07] [329/455] GCCH
[00:23:08] [330/455] RATR
[00:23:10] [331/455] GTGA
[00:23:10] [332/455] LTTR
[00:23:11] 🔄 Identity reset
[00:23:11] 🔄 Identity rotated (every 10 requests)
[00:23:11] [333/455] TTAA
[00:23:12] [334/455] TVHP
[00:23:13] [335/455] KVCS
[00:23:14] [336/455] CBMC
[00:23:15] [337/455] MAYJ
[00:23:16] [338/455] INPR
[00:23:17] [339/455] RSSC
[00:23:18] [340/455] PCAN
[00:23:19] [341/455] PVHR
[00:23:20] [342/455] AGSM
[00:23:21] 🔄 Identity reset
[00:23:21] 🔄 Identity rotated (every 10 requests)
[00:23:22] [343/455] PVES
[00:23:23] [344/455] INTO
[00:23:24] [345/455] ACON
[00:23:24] [346/455] PVPZ
[00:23:25] [347/455] PVHC
[00:23:27] [348/455] KSTK
[00:23:28] [349/455] PVSR
[00:23:30] [350/455] ACTN
[00:23:31] [351/455] FMCN
[00:23:32] [352/455] PABC
[00:23:32] 🔄 Identity reset
[00:23:32] 🔄 Identity rotated (every 10 requests)
[00:23:32] [353/455] SUTC
[00:23:33] [354/455] PGMV
[00:23:34] [355/455] GKCP
[00:23:35] [356/455] INCH
[00:23:36] [357/455] MLMT
[00:23:37] [358/455] SSCC
[00:23:38] [359/455] SLMP
[00:23:39] [360/455] VVTN
[00:23:40] [361/455] SBTR
[00:23:40] [362/455] PGRA
[00:23:41] 🔄 Identity reset
[00:23:41] 🔄 Identity rotated (every 10 requests)
[00:23:41] [363/455] PBRM
[00:23:42] [364/455] GCRP
[00:23:43] [365/455] MCSK
[00:23:45] [366/455] NLTC
[00:23:46] [367/455] MTLM
[00:23:46] [368/455] VECT
[00:23:47] [369/455] KMRM
[00:23:48] [370/455] RACM
[00:23:49] [371/455] WSTC
[00:23:51] [372/455] PVTJ
[00:23:52] 🔄 Identity reset
[00:23:52] 🔄 Identity rotated (every 10 requests)
[00:23:52] [373/455] MMKC
[00:23:53] [374/455] SVWT
[00:23:54] [375/455] JOTG
[00:23:55] [376/455] VCDK
[00:23:56] [377/455] ANAC
[00:23:57] [378/455] GRTC
[00:23:58] [379/455] JTPL
[00:23:59] [380/455] VRCP
[00:24:00] [381/455] REMC
[00:24:01] [382/455] ATMG
[00:24:02] 🔄 Identity reset
[00:24:02] 🔄 Identity rotated (every 10 requests)
[00:24:03] [383/455] GAHC
[00:24:03] [384/455] JTMV
[00:24:05] [385/455] OMTT
[00:24:06] [386/455] GKKC
[00:24:07] [387/455] BBPO
[00:24:08] [388/455] ZCBB
[00:24:09] [389/455] DCGO
[00:24:09] [390/455] STOP
[00:24:10] [391/455] BSPC
[00:24:11] [392/455] SOND
[00:24:12] 🔄 Identity reset
[00:24:12] 🔄 Identity rotated (every 10 requests)
[00:24:12] [393/455] GCKG
[00:24:13] [394/455] PCDB
[00:24:14] [395/455] PGRC
[00:24:15] [396/455] CSCT
[00:24:16] [397/455] STDA
[00:24:17] [398/455] JAYD
[00:24:18] [399/455] PPPD
[00:24:19] [400/455] KRTT
[00:24:20] [401/455] PTDT
[00:24:21] [402/455] TRSV
[00:24:21] 🔄 Identity reset
[00:24:21] 🔄 Identity rotated (every 10 requests)
[00:24:21] [403/455] VELR
[00:24:22] [404/455] STDT
[00:24:23] [405/455] SATT
[00:24:24] [406/455] KCPM
[00:24:25] [407/455] MFCP
[00:24:26] [408/455] AXMP
[00:24:26] [409/455] LTVB
[00:24:27] [410/455] APST
[00:24:28] [411/455] DTVP
[00:24:29] [412/455] AAVB
[00:24:30] 🔄 Identity reset
[00:24:30] 🔄 Identity rotated (every 10 requests)
[00:24:31] [413/455] PMBL
[00:24:32] [414/455] STKC
[00:24:33] [415/455] KKMA
[00:24:34] [416/455] NMXS
[00:24:35] [417/455] DECX
[00:24:36] [418/455] MAPJ
[00:24:37] [419/455] SMLK
[00:24:38] [420/455] PMPU
[00:24:39] [421/455] AFST
[00:24:40] [422/455] SRSY
[00:24:41] 🔄 Identity reset
[00:24:41] 🔄 Identity rotated (every 10 requests)
[00:24:41] [423/455] RMKT
[00:24:42] [424/455] RAJX
[00:24:43] [425/455] UVCD
[00:24:44] [426/455] LISA
[00:24:45] [427/455] LMSR
[00:24:45] [428/455] PMCA
[00:24:46] [429/455] INPO
[00:24:47] [430/455] INGO
[00:24:48] [431/455] HFSQ
[00:24:49] [432/455] INMG
[00:24:50] 🔄 Identity reset
[00:24:50] 🔄 Identity rotated (every 10 requests)
[00:24:51] [433/455] NYCP
[00:24:52] [434/455] HFSV
[00:24:53] [435/455] MMZP
[00:24:54] [436/455] KSES
[00:24:55] [437/455] HFSA
[00:24:55] [438/455] ACMM
[00:24:56] [439/455] RCKD
[00:24:57] [440/455] BCKR
[00:24:58] [441/455] SFCO
[00:25:00] [442/455] JCCB
[00:25:00] 🔄 Identity reset
[00:25:00] 🔄 Identity rotated (every 10 requests)
[00:25:01] [443/455] BCCR
[00:25:01] [444/455] NWCB
[00:25:02] [445/455] SAMT
[00:25:04] [446/455] TMST
[00:25:05] [447/455] SJCN
[00:25:06] [448/455] MCBS
[00:25:07] [449/455] CMKR
[00:25:08] [450/455] INPM
[00:25:08] [451/455] WVMT
[00:25:09] [452/455] NYSM
[00:25:10] 🔄 Identity reset
[00:25:10] 🔄 Identity rotated (every 10 requests)
[00:25:10] [453/455] RCMA
[00:25:11] [454/455] RECM
[00:25:12] [455/455] CYCM
[00:25:13] ✅ DONE | Shows=0 | Movies=0
[01:17:25] 🚀 BMS DAILY TRACKER STARTED (enhanced anti‑detection)
[01:17:25] [1/455] MXGN
[01:17:25] 🧠 New identity created
[01:17:26] [2/455] PGGM
[01:17:27] [3/455] IPMJ
[01:17:28] [4/455] M2PP
[01:17:28] [5/455] PMMS
[01:17:29] [6/455] SCJN
[01:17:30] [7/455] CPUM
[01:17:31] [8/455] SCND
[01:17:32] [9/455] INWM
[01:17:33] [10/455] DVDC
[01:17:33] 🔄 Identity reset
[01:17:34] 🔄 Identity rotated (every 10 requests)
[01:17:34] 🔄 Retry 1/5 for DVDC in 2.4s
[01:17:34] 🔄 Identity reset
[01:17:36] 🧠 New identity created
[01:17:36] [11/455] WVND
[01:17:38] [12/455] LBDL
[01:17:39] [13/455] CRGM
[01:17:39] [14/455] PVKS
[01:17:40] [15/455] PBLL
[01:17:41] [16/455] FNLN
[01:17:42] [17/455] PPDA
[01:17:43] [18/455] SCPT
[01:17:44] [19/455] IAJS
[01:17:45] 🔄 Identity reset
[01:17:45] 🔄 Identity rotated (every 10 requests)
[01:17:45] [20/455] MMZG
[01:17:46] [21/455] MCTI
[01:17:47] [22/455] PPMF
[01:17:47] [23/455] FNSD
[01:17:48] [24/455] M2RH
[01:17:50] [25/455] CPGV
[01:17:51] [26/455] PECD
[01:17:52] [27/455] CTEE
[01:17:52] [28/455] IOMG
[01:17:53] [29/455] CIJA
[01:17:54] 🔄 Identity reset
[01:17:54] 🔄 Identity rotated (every 10 requests)
[01:17:54] [30/455] NYCG
[01:17:55] [31/455] CEST
[01:17:56] [32/455] WVRG
[01:17:56] [33/455] DPDC
[01:17:57] [34/455] PDIV
[01:17:58] [35/455] MTPP
[01:17:59] [36/455] MHNU
[01:18:00] [37/455] WUPG
[01:18:01] [38/455] USCO
[01:18:02] [39/455] INFR
[01:18:03] 🔄 Identity reset
[01:18:03] 🔄 Identity rotated (every 10 requests)
[01:18:03] 🔄 Retry 1/5 for INFR in 2.2s
[01:18:03] 🔄 Identity reset
[01:18:05] 🧠 New identity created
[01:18:06] [40/455] PVPD
[01:18:07] [41/455] RONC
[01:18:08] [42/455] IOCP
[01:18:09] [43/455] EMPS
[01:18:09] [44/455] PNAD
[01:18:10] [45/455] VVGZ
[01:18:12] [46/455] MDDC
[01:18:12] [47/455] MMAP
[01:18:13] [48/455] GPDC
[01:18:14] 🔄 Identity reset
[01:18:14] 🔄 Identity rotated (every 10 requests)
[01:18:14] 🔄 Retry 1/5 for GPDC in 2.8s
[01:18:14] 🔄 Identity reset
[01:18:16] 🧠 New identity created
[01:18:17] [49/455] PVPU
[01:18:18] [50/455] DCMV
[01:18:20] [51/455] PCCF
[01:18:21] [52/455] MCEF
[01:18:22] [53/455] INRD
[01:18:23] [54/455] CCPZ
[01:18:24] [55/455] BCWG
[01:18:25] [56/455] PMGU
[01:18:26] [57/455] MCVM
[01:18:27] 🔄 Identity reset
[01:18:27] 🔄 Identity rotated (every 10 requests)
[01:18:27] [58/455] MCDE
[01:18:28] [59/455] IEFM
[01:18:29] [60/455] MXCS
[01:18:29] [61/455] RNMT
[01:18:30] [62/455] PSDD
[01:18:31] [63/455] PETA
[01:18:32] [64/455] IZOP
[01:18:33] [65/455] PDEI
[01:18:34] [66/455] MTND
[01:18:35] [67/455] PCPL
[01:18:35] 🔄 Identity reset
[01:18:35] 🔄 Identity rotated (every 10 requests)
[01:18:35] [68/455] LSCM
[01:18:36] [69/455] BTFD
[01:18:38] [70/455] MERM
[01:18:39] [71/455] PVMS
[01:18:40] [72/455] CIGK
[01:18:41] [73/455] INSG
[01:18:42] [74/455] IDEN
[01:18:43] [75/455] MCGN
[01:18:43] [76/455] IGAM
[01:18:44] [77/455] SLCU
[01:18:45] 🔄 Identity reset
[01:18:45] 🔄 Identity rotated (every 10 requests)
[01:18:45] [78/455] MIMU
[01:18:46] [79/455] QLAC
[01:18:47] [80/455] MENL
[01:18:48] [81/455] SCUR
[01:18:49] [82/455] MDGD
[01:18:50] [83/455] LSRS
[01:18:51] [84/455] KMLG
[01:18:52] [85/455] MKLJ
[01:18:53] [86/455] IBYG
[01:18:53] [87/455] ISML
[01:18:54] 🔄 Identity reset
[01:18:54] 🔄 Identity rotated (every 10 requests)
[01:18:54] 🔄 Retry 1/5 for ISML in 2.7s
[01:18:54] 🔄 Identity reset
[01:18:57] 🧠 New identity created
[01:18:57] [88/455] MJMM
[01:18:58] [89/455] RCGD
[01:18:59] [90/455] MMOC
[01:19:00] [91/455] RRCO
[01:19:01] [92/455] MEDM
[01:19:02] [93/455] MCAZ
[01:19:02] [94/455] STWA
[01:19:03] [95/455] PFFG
[01:19:04] [96/455] GAGC
[01:19:05] 🔄 Identity reset
[01:19:05] 🔄 Identity rotated (every 10 requests)
[01:19:05] 🔄 Retry 1/5 for GAGC in 2.3s
[01:19:05] 🔄 Identity reset
[01:19:07] 🧠 New identity created
[01:19:07] [97/455] PMPM
[01:19:08] [98/455] HVCD
[01:19:09] [99/455] AKRF
[01:19:10] [100/455] AKRC
[01:19:11] [101/455] MIDA
[01:19:12] [102/455] MAGX
[01:19:13] [103/455] ESOS
[01:19:13] [104/455] BBCL
[01:19:14] [105/455] LYAS
[01:19:15] 🔄 Identity reset
[01:19:15] 🔄 Identity rotated (every 10 requests)
[01:19:15] [106/455] NRMS
[01:19:16] [107/455] BHUC
[01:19:17] [108/455] SRIC
[01:19:18] [109/455] PDME
[01:19:18] [110/455] MJCS
[01:19:19] [111/455] NRAA
[01:19:20] [112/455] VATA
[01:19:21] [113/455] MNKC
[01:19:22] [114/455] DHCL
[01:19:23] [115/455] JCPC
[01:19:24] 🔄 Identity reset
[01:19:24] 🔄 Identity rotated (every 10 requests)
[01:19:24] [116/455] CTML
[01:19:25] [117/455] RMMR
[01:19:26] [118/455] STTL
[01:19:27] [119/455] CNPS
[01:19:28] [120/455] ACKL
[01:19:29] [121/455] SCAU
[01:19:29] [122/455] RMIA
[01:19:30] [123/455] MANU
[01:19:31] [124/455] ARDC
[01:19:32] [125/455] GLDA
[01:19:32] 🔄 Identity reset
[01:19:32] 🔄 Identity rotated (every 10 requests)
[01:19:32] 🔄 Retry 1/5 for GLDA in 2.3s
[01:19:32] 🔄 Identity reset
[01:19:35] 🧠 New identity created
[01:19:35] 🔄 Retry 2/5 for GLDA in 4.9s
[01:19:35] 🔄 Identity reset
[01:19:40] 🧠 New identity created
[01:19:40] [126/455] KVSW
[01:19:41] [127/455] CGCA
[01:19:42] [128/455] CMLO
[01:19:43] [129/455] CECB
[01:19:44] [130/455] RCPN
[01:19:45] [131/455] ASMW
[01:19:46] [132/455] PWLM
[01:19:47] [133/455] ASGM
[01:19:48] 🔄 Identity reset
[01:19:48] 🔄 Identity rotated (every 10 requests)
[01:19:48] 🔄 Retry 1/5 for ASGM in 2.2s
[01:19:48] 🔄 Identity reset
[01:19:50] 🧠 New identity created
[01:19:50] [134/455] ACWH
[01:19:51] [135/455] AAPW
[01:19:52] [136/455] RTWA
[01:19:53] [137/455] RAMW
[01:19:54] [138/455] VKTR
[01:19:54] [139/455] SMBH
[01:19:55] [140/455] BVDR
[01:19:56] [141/455] MRTP
[01:19:57] [142/455] BLBR
[01:19:58] 🔄 Identity reset
[01:19:58] 🔄 Identity rotated (every 10 requests)
[01:19:58] [143/455] LPIN
[01:19:59] [144/455] SNPC
[01:20:00] [145/455] PDCB
[01:20:01] [146/455] DYPK
[01:20:01] [147/455] INMK
[01:20:02] [148/455] PDCK
[01:20:03] [149/455] PCKR
[01:20:04] [150/455] SHUA
[01:20:05] [151/455] SCVK
[01:20:06] [152/455] STPA
[01:20:06] 🔄 Identity reset
[01:20:06] 🔄 Identity rotated (every 10 requests)
[01:20:07] [153/455] WVHD
[01:20:08] [154/455] MRCH
[01:20:09] [155/455] MCNP
[01:20:10] [156/455] RCAG
[01:20:11] [157/455] JTSN
[01:20:12] [158/455] AANS
[01:20:13] [159/455] GDDR
[01:20:13] [160/455] SRER
[01:20:14] [161/455] JKMA
[01:20:15] [162/455] ARAN
[01:20:16] 🔄 Identity reset
[01:20:16] 🔄 Identity rotated (every 10 requests)
[01:20:16] 🔄 Retry 1/5 for ARAN in 2.9s
[01:20:16] 🔄 Identity reset
[01:20:19] 🧠 New identity created
[01:20:19] 🔄 Retry 2/5 for ARAN in 4.8s
[01:20:19] 🔄 Identity reset
[01:20:24] 🧠 New identity created
[01:20:24] [163/455] ALCT
[01:20:25] [164/455] CCTA
[01:20:25] [165/455] CNCT
[01:20:26] [166/455] NZBL
[01:20:28] [167/455] SRRA
[01:20:29] [168/455] SVPW
[01:20:30] [169/455] SRTW
[01:20:31] [170/455] XMTD
[01:20:32] 🔄 Identity reset
[01:20:32] 🔄 Identity rotated (every 10 requests)
[01:20:32] [171/455] SCCZ
[01:20:33] [172/455] PBCR
[01:20:34] [173/455] RTSC
[01:20:34] [174/455] TLSV
[01:20:35] [175/455] RMTK
[01:20:36] [176/455] SRAT
[01:20:37] [177/455] GCYC
[01:20:38] [178/455] HCAJ
[01:20:39] [179/455] LCXA
[01:20:40] [180/455] BINT
[01:20:40] 🔄 Identity reset
[01:20:40] 🔄 Identity rotated (every 10 requests)
[01:20:40] [181/455] IXIM
[01:20:41] [182/455] MBCR
[01:20:42] [183/455] BMCJ
[01:20:43] [184/455] NICJ
[01:20:44] [185/455] SCAJ
[01:20:45] [186/455] CMXS
[01:20:46] [187/455] MMSR
[01:20:46] [188/455] PRKT
[01:20:47] [189/455] LPTH
[01:20:48] [190/455] SARP
[01:20:49] 🔄 Identity reset
[01:20:49] 🔄 Identity rotated (every 10 requests)
[01:20:49] 🔄 Retry 1/5 for SARP in 2.5s
[01:20:49] 🔄 Identity reset
[01:20:51] 🧠 New identity created
[01:20:51] 🔄 Retry 2/5 for SARP in 5.0s
[01:20:51] 🔄 Identity reset
[01:20:56] 🧠 New identity created
[01:20:56] 🔄 Retry 3/5 for SARP in 8.0s
[01:20:56] 🔄 Identity reset
[01:21:04] 🧠 New identity created
[01:21:04] 🔄 Retry 4/5 for SARP in 16.3s
[01:21:04] 🔄 Identity reset
[01:21:21] 🧠 New identity created
[01:21:21] [191/455] MNPP
[01:21:22] [192/455] PRLR
[01:21:23] [193/455] RCMW
[01:21:24] [194/455] FCMG
[01:21:24] [195/455] RTNK
[01:21:26] [196/455] LRCP
[01:21:27] 🔄 Identity reset
[01:21:27] 🔄 Identity rotated (every 10 requests)
[01:21:27] [197/455] DBJR
[01:21:28] [198/455] CACN
[01:21:29] [199/455] AMRL
[01:21:29] [200/455] SBBC
[01:21:30] [201/455] VENN
[01:21:31] [202/455] STSS
[01:21:32] [203/455] SMRB
[01:21:33] [204/455] CCMX
[01:21:34] [205/455] KCMR
[01:21:35] [206/455] SALH
[01:21:36] 🔄 Identity reset
[01:21:36] 🔄 Identity rotated (every 10 requests)
[01:21:36] [207/455] CGTT
[01:21:37] [208/455] PMDR
[01:21:38] [209/455] VCPM
[01:21:38] [210/455] RZMX
[01:21:39] [211/455] TMSY
[01:21:40] [212/455] NTMS
[01:21:41] [213/455] VTAG
[01:21:42] [214/455] REMA
[01:21:43] [215/455] NXCC
[01:21:44] [216/455] SKYM
[01:21:45] 🔄 Identity reset
[01:21:45] 🔄 Identity rotated (every 10 requests)
[01:21:45] [217/455] CCMO
[01:21:46] [218/455] DMXM
[01:21:47] [219/455] SPPM
[01:21:47] [220/455] PTKL
[01:21:49] [221/455] SLVO
[01:21:50] [222/455] VASL
[01:21:50] [223/455] CBCM
[01:21:51] [224/455] STMA
[01:21:52] [225/455] LASK
[01:21:53] [226/455] VITE
[01:21:53] 🔄 Identity reset
[01:21:53] 🔄 Identity rotated (every 10 requests)
[01:21:54] [227/455] AAST
[01:21:55] [228/455] JTPT
[01:21:56] [229/455] RRSH
[01:21:57] [230/455] CINL
[01:21:57] [231/455] MCSR
[01:21:59] [232/455] SBCF
[01:22:00] [233/455] GCDU
[01:22:01] [234/455] PSPR
[01:22:02] [235/455] IMMO
[01:22:02] [236/455] CLGM
[01:22:03] 🔄 Identity reset
[01:22:03] 🔄 Identity rotated (every 10 requests)
[01:22:03] [237/455] PBMM
[01:22:04] [238/455] CEHR
[01:22:06] [239/455] CPOE
[01:22:06] [240/455] PGFD
[01:22:07] [241/455] PSLC
[01:22:08] [242/455] MSMD
[01:22:09] [243/455] FMFB
[01:22:10] [244/455] RKCL
[01:22:10] [245/455] PMMC
[01:22:11] [246/455] SKMM
[01:22:12] 🔄 Identity reset
[01:22:12] 🔄 Identity rotated (every 10 requests)
[01:22:12] [247/455] VOIB
[01:22:13] [248/455] KINO
[01:22:13] [249/455] VCTP
[01:22:14] [250/455] PDWR
[01:22:15] [251/455] SAED
[01:22:16] [252/455] SRRT
[01:22:17] [253/455] CVLG
[01:22:18] [254/455] SNGN
[01:22:19] [255/455] SIDA
[01:22:20] [256/455] IMCB
[01:22:21] 🔄 Identity reset
[01:22:21] 🔄 Identity rotated (every 10 requests)
[01:22:21] [257/455] SMHP
[01:22:22] [258/455] GDTY
[01:22:23] [259/455] VYCH
[01:22:24] [260/455] PDYA
[01:22:25] [261/455] RKDO
[01:22:26] [262/455] VECG
[01:22:26] [263/455] NFGD
[01:22:27] [264/455] SNDC
[01:22:28] [265/455] SDJH
[01:22:29] [266/455] HASV
[01:22:30] 🔄 Identity reset
[01:22:30] 🔄 Identity rotated (every 10 requests)
[01:22:30] [267/455] PTYK
[01:22:31] [268/455] MUTB
[01:22:32] [269/455] AMRT
[01:22:33] [270/455] VACD
[01:22:34] [271/455] SKDD
[01:22:35] [272/455] STGR
[01:22:36] [273/455] GDAK
[01:22:37] [274/455] SKHK
[01:22:38] [275/455] SLND
[01:22:39] [276/455] APAP
[01:22:39] 🔄 Identity reset
[01:22:39] 🔄 Identity rotated (every 10 requests)
[01:22:39] [277/455] AYYA
[01:22:40] [278/455] VCCZ
[01:22:41] [279/455] MEML
[01:22:42] [280/455] MAOU
[01:22:43] [281/455] ESND
[01:22:44] [282/455] PTBZ
[01:22:45] [283/455] LBCN
[01:22:46] [284/455] PAWA
[01:22:47] [285/455] ZEIC
[01:22:47] [286/455] CGMM
[01:22:48] 🔄 Identity reset
[01:22:48] 🔄 Identity rotated (every 10 requests)
[01:22:48] [287/455] PJPM
[01:22:49] [288/455] ECMR
[01:22:50] [289/455] SHMZ
[01:22:51] [290/455] STCA
[01:22:52] [291/455] VDRC
[01:22:52] [292/455] SEEM
[01:22:53] [293/455] MKNS
[01:22:54] [294/455] KPPP
[01:22:55] [295/455] CCML
[01:22:56] [296/455] CIBA
[01:22:56] 🔄 Identity reset
[01:22:56] 🔄 Identity rotated (every 10 requests)
[01:22:57] [297/455] NACS
[01:22:58] [298/455] CTMK
[01:22:58] [299/455] CTCT
[01:22:59] [300/455] MCSN
[01:23:00] [301/455] MAXX
[01:23:01] [302/455] MECB
[01:23:02] [303/455] NTBY
[01:23:03] [304/455] UTBI
[01:23:04] [305/455] RADK
[01:23:05] [306/455] STBY
[01:23:06] 🔄 Identity reset
[01:23:06] 🔄 Identity rotated (every 10 requests)
[01:23:06] [307/455] GTBY
[01:23:07] [308/455] RRMB
[01:23:08] [309/455] ABRN
[01:23:08] [310/455] GTSG
[01:23:09] [311/455] GBTG
[01:23:10] [312/455] SBGS
[01:23:11] [313/455] KBPM
[01:23:12] [314/455] SMHT
[01:23:13] [315/455] VTDM
[01:23:13] [316/455] ASCT
[01:23:14] 🔄 Identity reset
[01:23:14] 🔄 Identity rotated (every 10 requests)
[01:23:14] [317/455] AWCT
[01:23:15] [318/455] DCCU
[01:23:16] [319/455] PSCE
[01:23:17] [320/455] KSNY
[01:23:18] [321/455] ACID
[01:23:19] [322/455] LVCD
[01:23:20] [323/455] KSSB
[01:23:21] [324/455] SWTD
[01:23:22] [325/455] RBMR
[01:23:23] [326/455] SCBC
[01:23:23] 🔄 Identity reset
[01:23:23] 🔄 Identity rotated (every 10 requests)
[01:23:23] [327/455] RKME
[01:23:24] [328/455] GALX
[01:23:25] [329/455] GCCH
[01:23:26] [330/455] RATR
[01:23:27] [331/455] GTGA
[01:23:28] [332/455] LTTR
[01:23:29] [333/455] TTAA
[01:23:30] [334/455] TVHP
[01:23:31] [335/455] KVCS
[01:23:32] [336/455] CBMC
[01:23:32] 🔄 Identity reset
[01:23:32] 🔄 Identity rotated (every 10 requests)
[01:23:33] [337/455] MAYJ
[01:23:33] [338/455] INPR
[01:23:35] [339/455] RSSC
[01:23:36] [340/455] PCAN
[01:23:37] [341/455] PVHR
[01:23:38] [342/455] AGSM
[01:23:39] [343/455] PVES
[01:23:40] [344/455] INTO
[01:23:41] [345/455] ACON
[01:23:42] [346/455] PVPZ
[01:23:42] 🔄 Identity reset
[01:23:42] 🔄 Identity rotated (every 10 requests)
[01:23:42] [347/455] PVHC
[01:23:43] [348/455] KSTK
[01:23:44] [349/455] PVSR
[01:23:45] [350/455] ACTN
[01:23:46] [351/455] FMCN
[01:23:47] [352/455] PABC
[01:23:48] [353/455] SUTC
[01:23:49] [354/455] PGMV
[01:23:50] [355/455] GKCP
[01:23:51] [356/455] INCH
[01:23:52] 🔄 Identity reset
[01:23:52] 🔄 Identity rotated (every 10 requests)
[01:23:52] [357/455] MLMT
[01:23:53] [358/455] SSCC
[01:23:54] [359/455] SLMP
[01:23:55] [360/455] VVTN
[01:23:56] [361/455] SBTR
[01:23:57] [362/455] PGRA
[01:23:58] [363/455] PBRM
[01:23:58] [364/455] GCRP
[01:23:59] [365/455] MCSK
[01:24:00] [366/455] NLTC
[01:24:01] 🔄 Identity reset
[01:24:01] 🔄 Identity rotated (every 10 requests)
[01:24:01] [367/455] MTLM
[01:24:02] [368/455] VECT
[01:24:03] [369/455] KMRM
[01:24:04] [370/455] RACM
[01:24:05] [371/455] WSTC
[01:24:06] [372/455] PVTJ
[01:24:06] [373/455] MMKC
[01:24:07] [374/455] SVWT
[01:24:09] [375/455] JOTG
[01:24:10] [376/455] VCDK
[01:24:10] 🔄 Identity reset
[01:24:10] 🔄 Identity rotated (every 10 requests)
[01:24:11] [377/455] ANAC
[01:24:13] [378/455] GRTC
[01:24:14] [379/455] JTPL
[01:24:14] [380/455] VRCP
[01:24:15] [381/455] REMC
[01:24:16] [382/455] ATMG
[01:24:17] [383/455] GAHC
[01:24:18] [384/455] JTMV
[01:24:19] [385/455] OMTT
[01:24:19] [386/455] GKKC
[01:24:20] 🔄 Identity reset
[01:24:20] 🔄 Identity rotated (every 10 requests)
[01:24:20] [387/455] BBPO
[01:24:21] [388/455] ZCBB
[01:24:22] [389/455] DCGO
[01:24:23] [390/455] STOP
[01:24:24] [391/455] BSPC
[01:24:25] [392/455] SOND
[01:24:26] [393/455] GCKG
[01:24:26] [394/455] PCDB
[01:24:27] [395/455] PGRC
[01:24:29] [396/455] CSCT
[01:24:29] 🔄 Identity reset
[01:24:29] 🔄 Identity rotated (every 10 requests)
[01:24:29] [397/455] STDA
[01:24:30] [398/455] JAYD
[01:24:31] [399/455] PPPD
[01:24:32] [400/455] KRTT
[01:24:33] [401/455] PTDT
[01:24:34] [402/455] TRSV
[01:24:35] [403/455] VELR
[01:24:35] [404/455] STDT
[01:24:36] [405/455] SATT
[01:24:38] [406/455] KCPM
[01:24:38] 🔄 Identity reset
[01:24:38] 🔄 Identity rotated (every 10 requests)
[01:24:39] [407/455] MFCP
[01:24:40] [408/455] AXMP
[01:24:41] [409/455] LTVB
[01:24:42] [410/455] APST
[01:24:42] [411/455] DTVP
[01:24:44] [412/455] AAVB
[01:24:45] [413/455] PMBL
[01:24:46] [414/455] STKC
[01:24:47] [415/455] KKMA
[01:24:48] [416/455] NMXS
[01:24:49] 🔄 Identity reset
[01:24:49] 🔄 Identity rotated (every 10 requests)
[01:24:49] [417/455] DECX
[01:24:50] [418/455] MAPJ
[01:24:51] [419/455] SMLK
[01:24:52] [420/455] PMPU
[01:24:53] [421/455] AFST
[01:24:54] [422/455] SRSY
[01:24:54] [423/455] RMKT
[01:24:56] [424/455] RAJX
[01:24:56] [425/455] UVCD
[01:24:57] [426/455] LISA
[01:24:58] 🔄 Identity reset
[01:24:58] 🔄 Identity rotated (every 10 requests)
[01:24:58] [427/455] LMSR
[01:24:59] [428/455] PMCA
[01:25:00] [429/455] INPO
[01:25:01] [430/455] INGO
[01:25:02] [431/455] HFSQ
[01:25:02] [432/455] INMG
[01:25:03] [433/455] NYCP
[01:25:04] [434/455] HFSV
[01:25:05] [435/455] MMZP
[01:25:06] [436/455] KSES
[01:25:06] 🔄 Identity reset
[01:25:06] 🔄 Identity rotated (every 10 requests)
[01:25:07] [437/455] HFSA
[01:25:08] [438/455] ACMM
[01:25:09] [439/455] RCKD
[01:25:09] [440/455] BCKR
[01:25:10] [441/455] SFCO
[01:25:11] [442/455] JCCB
[01:25:12] [443/455] BCCR
[01:25:13] [444/455] NWCB
[01:25:14] [445/455] SAMT
[01:25:16] [446/455] TMST
[01:25:16] 🔄 Identity reset
[01:25:16] 🔄 Identity rotated (every 10 requests)
[01:25:17] [447/455] SJCN
[01:25:17] [448/455] MCBS
[01:25:18] [449/455] CMKR
[01:25:19] [450/455] INPM
[01:25:20] [451/455] WVMT
[01:25:21] [452/455] NYSM
[01:25:22] [453/455] RCMA
[01:25:23] [454/455] RECM
[01:25:25] [455/455] CYCM
[01:25:26] ✅ DONE | Shows=0 | Movies=0
[01:51:53] 🚀 BMS DAILY TRACKER STARTED (enhanced anti‑detection)
[01:51:53] [1/455] MXGN
[01:51:54] 🧠 New identity created
[01:51:54] [2/455] PGGM
[01:51:54] [3/455] IPMJ
[01:51:55] [4/455] M2PP
[01:51:56] [5/455] PMMS
[01:51:57] [6/455] SCJN
[01:51:57] [7/455] CPUM
[01:51:58] [8/455] SCND
[01:51:59] [9/455] INWM
[01:51:59] [10/455] DVDC
[01:52:00] 🔄 Identity reset
[01:52:00] 🔄 Identity rotated (every 10 requests)
[01:52:01] [11/455] WVND
[01:52:01] [12/455] LBDL
[01:52:02] [13/455] CRGM
[01:52:03] [14/455] PVKS
[01:52:04] [15/455] PBLL
[01:52:05] [16/455] FNLN
[01:52:05] [17/455] PPDA
[01:52:06] [18/455] SCPT
[01:52:07] [19/455] IAJS
[01:52:08] [20/455] MMZG
[01:52:08] 🔄 Identity reset
[01:52:08] 🔄 Identity rotated (every 10 requests)
[01:52:08] [21/455] MCTI
[01:52:09] [22/455] PPMF
[01:52:10] [23/455] FNSD
[01:52:10] [24/455] M2RH
[01:52:11] [25/455] CPGV
[01:52:12] [26/455] PECD
[01:52:14] [27/455] CTEE
[01:52:14] [28/455] IOMG
[01:52:15] [29/455] CIJA
[01:52:16] [30/455] NYCG
[01:52:16] 🔄 Identity reset
[01:52:16] 🔄 Identity rotated (every 10 requests)
[01:52:17] [31/455] CEST
[01:52:18] [32/455] WVRG
[01:52:18] [33/455] DPDC
[01:52:19] [34/455] PDIV
[01:52:20] [35/455] MTPP
[01:52:20] [36/455] MHNU
[01:52:21] [37/455] WUPG
[01:52:22] [38/455] USCO
[01:52:23] [39/455] INFR
[01:52:24] [40/455] PVPD
[01:52:25] 🔄 Identity reset
[01:52:25] 🔄 Identity rotated (every 10 requests)
[01:52:25] 🔄 Retry 1/5 for PVPD in 2.2s
[01:52:25] 🔄 Identity reset
[01:52:27] 🧠 New identity created
[01:52:27] [41/455] RONC
[01:52:28] [42/455] IOCP
[01:52:29] [43/455] EMPS
[01:52:30] [44/455] PNAD
[01:52:31] [45/455] VVGZ
[01:52:32] [46/455] MDDC
[01:52:32] [47/455] MMAP
[01:52:33] [48/455] GPDC
[01:52:34] [49/455] PVPU
[01:52:34] 🔄 Identity reset
[01:52:34] 🔄 Identity rotated (every 10 requests)
[01:52:34] 🔄 Retry 1/5 for PVPU in 2.1s
[01:52:34] 🔄 Identity reset
[01:52:36] 🧠 New identity created
[01:52:36] 🔄 Retry 2/5 for PVPU in 4.5s
[01:52:36] 🔄 Identity reset
[01:52:41] 🧠 New identity created
[01:52:41] [50/455] DCMV
[01:52:42] [51/455] PCCF
[01:52:43] [52/455] MCEF
[01:52:43] [53/455] INRD
[01:52:44] [54/455] CCPZ
[01:52:45] [55/455] BCWG
[01:52:46] [56/455] PMGU
[01:52:47] [57/455] MCVM
[01:52:48] 🔄 Identity reset
[01:52:48] 🔄 Identity rotated (every 10 requests)
[01:52:48] [58/455] MCDE
[01:52:49] [59/455] IEFM
[01:52:50] [60/455] MXCS
[01:52:51] [61/455] RNMT
[01:52:52] [62/455] PSDD
[01:52:53] [63/455] PETA
[01:52:53] [64/455] IZOP
[01:52:54] [65/455] PDEI
[01:52:55] [66/455] MTND
[01:52:56] [67/455] PCPL
[01:52:56] 🔄 Identity reset
[01:52:56] 🔄 Identity rotated (every 10 requests)
[01:52:56] [68/455] LSCM
[01:52:57] [69/455] BTFD
[01:52:59] [70/455] MERM
[01:53:00] [71/455] PVMS
[01:53:00] [72/455] CIGK
[01:53:01] [73/455] INSG
[01:53:02] [74/455] IDEN
[01:53:03] [75/455] MCGN
[01:53:04] [76/455] IGAM
[01:53:04] [77/455] SLCU
[01:53:05] 🔄 Identity reset
[01:53:05] 🔄 Identity rotated (every 10 requests)
[01:53:05] [78/455] MIMU
[01:53:06] [79/455] QLAC
[01:53:07] [80/455] MENL
[01:53:08] [81/455] SCUR
[01:53:08] [82/455] MDGD
[01:53:09] [83/455] LSRS
[01:53:10] [84/455] KMLG
[01:53:11] [85/455] MKLJ
[01:53:12] [86/455] IBYG
[01:53:12] [87/455] ISML
[01:53:13] 🔄 Identity reset
[01:53:13] 🔄 Identity rotated (every 10 requests)
[01:53:13] [88/455] MJMM
[01:53:14] [89/455] RCGD
[01:53:14] [90/455] MMOC
[01:53:15] [91/455] RRCO
[01:53:16] [92/455] MEDM
[01:53:17] [93/455] MCAZ
[01:53:18] [94/455] STWA
[01:53:19] [95/455] PFFG
[01:53:20] [96/455] GAGC
[01:53:22] [97/455] PMPM
[01:53:22] 🔄 Identity reset
[01:53:22] 🔄 Identity rotated (every 10 requests)
[01:53:22] 🔄 Retry 1/5 for PMPM in 2.8s
[01:53:22] 🔄 Identity reset
[01:53:25] 🧠 New identity created
[01:53:25] [98/455] HVCD
[01:53:26] [99/455] AKRF
[01:53:27] [100/455] AKRC
[01:53:27] [101/455] MIDA
[01:53:29] [102/455] MAGX
[01:53:30] [103/455] ESOS
[01:53:31] [104/455] BBCL
[01:53:32] [105/455] LYAS
[01:53:33] [106/455] NRMS
[01:53:33] 🔄 Identity reset
[01:53:33] 🔄 Identity rotated (every 10 requests)
[01:53:33] 🔄 Retry 1/5 for NRMS in 2.9s
[01:53:33] 🔄 Identity reset
[01:53:36] 🧠 New identity created
[01:53:36] [107/455] BHUC
[01:53:37] [108/455] SRIC
[01:53:38] [109/455] PDME
[01:53:39] [110/455] MJCS
[01:53:40] [111/455] NRAA
[01:53:41] [112/455] VATA
[01:53:41] [113/455] MNKC
[01:53:42] [114/455] DHCL
[01:53:43] [115/455] JCPC
[01:53:44] 🔄 Identity reset
[01:53:44] 🔄 Identity rotated (every 10 requests)
[01:53:44] [116/455] CTML
[01:53:45] [117/455] RMMR
[01:53:45] [118/455] STTL
[01:53:46] [119/455] CNPS
[01:53:47] [120/455] ACKL
[01:53:48] [121/455] SCAU
[01:53:48] [122/455] RMIA
[01:53:49] [123/455] MANU
[01:53:50] [124/455] ARDC
[01:53:51] [125/455] GLDA
[01:53:51] 🔄 Identity reset
[01:53:51] 🔄 Identity rotated (every 10 requests)
[01:53:52] [126/455] KVSW
[01:53:52] [127/455] CGCA
[01:53:53] [128/455] CMLO
[01:53:54] [129/455] CECB
[01:53:55] [130/455] RCPN
[01:53:55] [131/455] ASMW
[01:53:57] [132/455] PWLM
[01:53:57] [133/455] ASGM
[01:53:58] [134/455] ACWH
[01:53:59] [135/455] AAPW
[01:54:00] 🔄 Identity reset
[01:54:00] 🔄 Identity rotated (every 10 requests)
[01:54:00] 🔄 Retry 1/5 for AAPW in 2.0s
[01:54:00] 🔄 Identity reset
[01:54:02] 🧠 New identity created
[01:54:03] [136/455] RTWA
[01:54:04] [137/455] RAMW
[01:54:05] [138/455] VKTR
[01:54:05] [139/455] SMBH
[01:54:06] [140/455] BVDR
[01:54:07] [141/455] MRTP
[01:54:08] [142/455] BLBR
[01:54:09] [143/455] LPIN
[01:54:09] [144/455] SNPC
[01:54:10] 🔄 Identity reset
[01:54:10] 🔄 Identity rotated (every 10 requests)
[01:54:10] [145/455] PDCB
[01:54:11] [146/455] DYPK
[01:54:12] [147/455] INMK
[01:54:13] [148/455] PDCK
[01:54:14] [149/455] PCKR
[01:54:14] [150/455] SHUA
[01:54:15] [151/455] SCVK
[01:54:16] [152/455] STPA
[01:54:17] [153/455] WVHD
[01:54:19] [154/455] MRCH
[01:54:19] 🔄 Identity reset
[01:54:19] 🔄 Identity rotated (every 10 requests)
[01:54:20] [155/455] MCNP
[01:54:21] [156/455] RCAG
[01:54:21] [157/455] JTSN
[01:54:22] [158/455] AANS
[01:54:23] [159/455] GDDR
[01:54:24] [160/455] SRER
[01:54:26] [161/455] JKMA
[01:54:27] [162/455] ARAN
[01:54:27] [163/455] ALCT
[01:54:28] [164/455] CCTA
[01:54:29] 🔄 Identity reset
[01:54:29] 🔄 Identity rotated (every 10 requests)
[01:54:29] [165/455] CNCT
[01:54:30] [166/455] NZBL
[01:54:31] [167/455] SRRA
[01:54:32] [168/455] SVPW
[01:54:33] [169/455] SRTW
[01:54:34] [170/455] XMTD
[01:54:35] [171/455] SCCZ
[01:54:36] [172/455] PBCR
[01:54:37] [173/455] RTSC
[01:54:38] [174/455] TLSV
[01:54:38] 🔄 Identity reset
[01:54:38] 🔄 Identity rotated (every 10 requests)
[01:54:40] [175/455] RMTK
[01:54:40] [176/455] SRAT
[01:54:41] [177/455] GCYC
[01:54:42] [178/455] HCAJ
[01:54:42] [179/455] LCXA
[01:54:43] [180/455] BINT
[01:54:45] [181/455] IXIM
[01:54:46] [182/455] MBCR
[01:54:46] [183/455] BMCJ
[01:54:47] [184/455] NICJ
[01:54:48] 🔄 Identity reset
[01:54:48] 🔄 Identity rotated (every 10 requests)
[01:54:48] [185/455] SCAJ
[01:54:49] [186/455] CMXS
[01:54:49] [187/455] MMSR
[01:54:50] [188/455] PRKT
[01:54:51] [189/455] LPTH
[01:54:51] [190/455] SARP
[01:54:52] [191/455] MNPP
[01:54:53] [192/455] PRLR
[01:54:54] [193/455] RCMW
[01:54:55] [194/455] FCMG
[01:54:56] 🔄 Identity reset
[01:54:56] 🔄 Identity rotated (every 10 requests)
[01:54:56] [195/455] RTNK
[01:54:57] [196/455] LRCP
[01:54:58] [197/455] DBJR
[01:55:00] [198/455] CACN
[01:55:00] [199/455] AMRL
[01:55:01] [200/455] SBBC
[01:55:02] [201/455] VENN
[01:55:03] [202/455] STSS
[01:55:04] [203/455] SMRB
[01:55:04] [204/455] CCMX
[01:55:05] 🔄 Identity reset
[01:55:05] 🔄 Identity rotated (every 10 requests)
[01:55:05] [205/455] KCMR
[01:55:06] [206/455] SALH
[01:55:07] [207/455] CGTT
[01:55:08] [208/455] PMDR
[01:55:08] [209/455] VCPM
[01:55:09] [210/455] RZMX
[01:55:10] [211/455] TMSY
[01:55:11] [212/455] NTMS
[01:55:12] [213/455] VTAG
[01:55:13] [214/455] REMA
[01:55:14] 🔄 Identity reset
[01:55:14] 🔄 Identity rotated (every 10 requests)
[01:55:14] [215/455] NXCC
[01:55:15] [216/455] SKYM
[01:55:16] [217/455] CCMO
[01:55:17] [218/455] DMXM
[01:55:18] [219/455] SPPM
[01:55:18] [220/455] PTKL
[01:55:19] [221/455] SLVO
[01:55:20] [222/455] VASL
[01:55:21] [223/455] CBCM
[01:55:22] [224/455] STMA
[01:55:23] 🔄 Identity reset
[01:55:23] 🔄 Identity rotated (every 10 requests)
[01:55:23] 🔄 Retry 1/5 for STMA in 2.1s
[01:55:23] 🔄 Identity reset
[01:55:25] 🧠 New identity created
[01:55:25] [225/455] LASK
[01:55:27] [226/455] VITE
[01:55:28] [227/455] AAST
[01:55:29] [228/455] JTPT
[01:55:30] [229/455] RRSH
[01:55:30] [230/455] CINL
[01:55:31] [231/455] MCSR
[01:55:32] [232/455] SBCF
[01:55:33] [233/455] GCDU
[01:55:34] 🔄 Identity reset
[01:55:34] 🔄 Identity rotated (every 10 requests)
[01:55:34] 🔄 Retry 1/5 for GCDU in 2.6s
[01:55:34] 🔄 Identity reset
[01:55:36] 🧠 New identity created
[01:55:37] [234/455] PSPR
[01:55:37] [235/455] IMMO
[01:55:38] [236/455] CLGM
[01:55:39] [237/455] PBMM
[01:55:40] [238/455] CEHR
[01:55:40] [239/455] CPOE
[01:55:41] [240/455] PGFD
[01:55:42] [241/455] PSLC
[01:55:43] [242/455] MSMD
[01:55:43] 🔄 Identity reset
[01:55:43] 🔄 Identity rotated (every 10 requests)
[01:55:44] [243/455] FMFB
[01:55:45] [244/455] RKCL
[01:55:46] [245/455] PMMC
[01:55:47] [246/455] SKMM
[01:55:47] [247/455] VOIB
[01:55:48] [248/455] KINO
[01:55:49] [249/455] VCTP
[01:55:49] [250/455] PDWR
[01:55:50] [251/455] SAED
[01:55:51] [252/455] SRRT
[01:55:52] 🔄 Identity reset
[01:55:52] 🔄 Identity rotated (every 10 requests)
[01:55:52] [253/455] CVLG
[01:55:54] [254/455] SNGN
[01:55:55] [255/455] SIDA
[01:55:55] [256/455] IMCB
[01:55:57] [257/455] SMHP
[01:55:58] [258/455] GDTY
[01:55:59] [259/455] VYCH
[01:56:00] [260/455] PDYA
[01:56:01] [261/455] RKDO
[01:56:02] [262/455] VECG
[01:56:03] 🔄 Identity reset
[01:56:03] 🔄 Identity rotated (every 10 requests)
[01:56:03] [263/455] NFGD
[01:56:04] [264/455] SNDC
[01:56:05] [265/455] SDJH
[01:56:06] [266/455] HASV
[01:56:06] [267/455] PTYK
[01:56:07] [268/455] MUTB
[01:56:08] [269/455] AMRT
[01:56:09] [270/455] VACD
[01:56:10] [271/455] SKDD
[01:56:11] [272/455] STGR
[01:56:11] 🔄 Identity reset
[01:56:11] 🔄 Identity rotated (every 10 requests)
[01:56:12] [273/455] GDAK
[01:56:13] [274/455] SKHK
[01:56:15] [275/455] SLND
[01:56:15] [276/455] APAP
[01:56:16] [277/455] AYYA
[01:56:17] [278/455] VCCZ
[01:56:18] [279/455] MEML
[01:56:19] [280/455] MAOU
[01:56:20] [281/455] ESND
[01:56:21] [282/455] PTBZ
[01:56:21] 🔄 Identity reset
[01:56:21] 🔄 Identity rotated (every 10 requests)
[01:56:22] [283/455] LBCN
[01:56:23] [284/455] PAWA
[01:56:24] [285/455] ZEIC
[01:56:24] [286/455] CGMM
[01:56:25] [287/455] PJPM
[01:56:26] [288/455] ECMR
[01:56:27] [289/455] SHMZ
[01:56:28] [290/455] STCA
[01:56:29] [291/455] VDRC
[01:56:29] [292/455] SEEM
[01:56:30] 🔄 Identity reset
[01:56:30] 🔄 Identity rotated (every 10 requests)
[01:56:30] [293/455] MKNS
[01:56:31] [294/455] KPPP
[01:56:32] [295/455] CCML
[01:56:34] [296/455] CIBA
[01:56:34] [297/455] NACS
[01:56:35] [298/455] CTMK
[01:56:36] [299/455] CTCT
[01:56:37] [300/455] MCSN
[01:56:38] [301/455] MAXX
[01:56:39] [302/455] MECB
[01:56:39] 🔄 Identity reset
[01:56:39] 🔄 Identity rotated (every 10 requests)
[01:56:39] [303/455] NTBY
[01:56:40] [304/455] UTBI
[01:56:41] [305/455] RADK
[01:56:42] [306/455] STBY
[01:56:43] [307/455] GTBY
[01:56:44] [308/455] RRMB
[01:56:45] [309/455] ABRN
[01:56:46] [310/455] GTSG
[01:56:46] [311/455] GBTG
[01:56:47] [312/455] SBGS
[01:56:47] 🔄 Identity reset
[01:56:47] 🔄 Identity rotated (every 10 requests)
[01:56:47] [313/455] KBPM
[01:56:48] [314/455] SMHT
[01:56:49] [315/455] VTDM
[01:56:50] [316/455] ASCT
[01:56:51] [317/455] AWCT
[01:56:52] [318/455] DCCU
[01:56:52] [319/455] PSCE
[01:56:54] [320/455] KSNY
[01:56:54] [321/455] ACID
[01:56:55] [322/455] LVCD
[01:56:56] 🔄 Identity reset
[01:56:56] 🔄 Identity rotated (every 10 requests)
[01:56:56] [323/455] KSSB
[01:56:57] [324/455] SWTD
[01:56:58] [325/455] RBMR
[01:56:59] [326/455] SCBC
[01:57:00] [327/455] RKME
[01:57:01] [328/455] GALX
[01:57:02] [329/455] GCCH
[01:57:02] [330/455] RATR
[01:57:04] [331/455] GTGA
[01:57:04] [332/455] LTTR
[01:57:05] 🔄 Identity reset
[01:57:05] 🔄 Identity rotated (every 10 requests)
[01:57:05] 🔄 Retry 1/5 for LTTR in 3.0s
[01:57:05] 🔄 Identity reset
[01:57:08] 🧠 New identity created
[01:57:08] [333/455] TTAA
[01:57:09] [334/455] TVHP
[01:57:10] [335/455] KVCS
[01:57:11] [336/455] CBMC
[01:57:12] [337/455] MAYJ
[01:57:13] [338/455] INPR
[01:57:14] [339/455] RSSC
[01:57:15] [340/455] PCAN
[01:57:16] [341/455] PVHR
[01:57:16] 🔄 Identity reset
[01:57:16] 🔄 Identity rotated (every 10 requests)
[01:57:16] 🔄 Retry 1/5 for PVHR in 2.9s
[01:57:16] 🔄 Identity reset
[01:57:19] 🧠 New identity created
[01:57:19] [342/455] AGSM
[01:57:20] [343/455] PVES
[01:57:21] [344/455] INTO
[01:57:21] [345/455] ACON
[01:57:22] [346/455] PVPZ
[01:57:23] [347/455] PVHC
[01:57:23] [348/455] KSTK
[01:57:25] [349/455] PVSR
[01:57:26] [350/455] ACTN
[01:57:26] 🔄 Identity reset
[01:57:26] 🔄 Identity rotated (every 10 requests)
[01:57:26] [351/455] FMCN
[01:57:27] [352/455] PABC
[01:57:28] [353/455] SUTC
[01:57:29] [354/455] PGMV
[01:57:30] [355/455] GKCP
[01:57:30] [356/455] INCH
[01:57:31] [357/455] MLMT
[01:57:32] [358/455] SSCC
[01:57:32] [359/455] SLMP
[01:57:33] [360/455] VVTN
[01:57:33] 🔄 Identity reset
[01:57:34] 🔄 Identity rotated (every 10 requests)
[01:57:34] [361/455] SBTR
[01:57:35] [362/455] PGRA
[01:57:35] [363/455] PBRM
[01:57:36] [364/455] GCRP
[01:57:37] [365/455] MCSK
[01:57:37] [366/455] NLTC
[01:57:38] [367/455] MTLM
[01:57:39] [368/455] VECT
[01:57:40] [369/455] KMRM
[01:57:40] [370/455] RACM
[01:57:41] 🔄 Identity reset
[01:57:41] 🔄 Identity rotated (every 10 requests)
[01:57:41] [371/455] WSTC
[01:57:42] [372/455] PVTJ
[01:57:43] [373/455] MMKC
[01:57:43] [374/455] SVWT
[01:57:44] [375/455] JOTG
[01:57:45] [376/455] VCDK
[01:57:46] [377/455] ANAC
[01:57:47] [378/455] GRTC
[01:57:47] [379/455] JTPL
[01:57:48] [380/455] VRCP
[01:57:49] 🔄 Identity reset
[01:57:49] 🔄 Identity rotated (every 10 requests)
[01:57:49] [381/455] REMC
[01:57:50] [382/455] ATMG
[01:57:51] [383/455] GAHC
[01:57:52] [384/455] JTMV
[01:57:52] [385/455] OMTT
[01:57:53] [386/455] GKKC
[01:57:54] [387/455] BBPO
[01:57:55] [388/455] ZCBB
[01:57:55] [389/455] DCGO
[01:57:56] [390/455] STOP
[01:57:57] 🔄 Identity reset
[01:57:57] 🔄 Identity rotated (every 10 requests)
[01:57:57] [391/455] BSPC
[01:57:58] [392/455] SOND
[01:57:59] [393/455] GCKG
[01:58:00] [394/455] PCDB
[01:58:01] [395/455] PGRC
[01:58:02] [396/455] CSCT
[01:58:02] [397/455] STDA
[01:58:03] [398/455] JAYD
[01:58:04] [399/455] PPPD
[01:58:04] [400/455] KRTT
[01:58:05] 🔄 Identity reset
[01:58:05] 🔄 Identity rotated (every 10 requests)
[01:58:05] [401/455] PTDT
[01:58:06] [402/455] TRSV
[01:58:07] [403/455] VELR
[01:58:08] [404/455] STDT
[01:58:09] [405/455] SATT
[01:58:10] [406/455] KCPM
[01:58:10] [407/455] MFCP
[01:58:11] [408/455] AXMP
[01:58:12] [409/455] LTVB
[01:58:13] [410/455] APST
[01:58:13] 🔄 Identity reset
[01:58:13] 🔄 Identity rotated (every 10 requests)
[01:58:13] [411/455] DTVP
[01:58:14] [412/455] AAVB
[01:58:15] [413/455] PMBL
[01:58:16] [414/455] STKC
[01:58:17] [415/455] KKMA
[01:58:18] [416/455] NMXS
[01:58:19] [417/455] DECX
[01:58:19] [418/455] MAPJ
[01:58:20] [419/455] SMLK
[01:58:21] [420/455] PMPU
[01:58:21] 🔄 Identity reset
[01:58:21] 🔄 Identity rotated (every 10 requests)
[01:58:22] 🔄 Retry 1/5 for PMPU in 3.0s
[01:58:22] 🔄 Identity reset
[01:58:24] 🧠 New identity created
[01:58:25] [421/455] AFST
[01:58:26] [422/455] SRSY
[01:58:27] [423/455] RMKT
[01:58:28] [424/455] RAJX
[01:58:29] [425/455] UVCD
[01:58:30] [426/455] LISA
[01:58:31] [427/455] LMSR
[01:58:31] [428/455] PMCA
[01:58:32] [429/455] INPO
[01:58:33] 🔄 Identity reset
[01:58:33] 🔄 Identity rotated (every 10 requests)
[01:58:33] [430/455] INGO
[01:58:34] [431/455] HFSQ
[01:58:34] [432/455] INMG
[01:58:35] [433/455] NYCP
[01:58:36] [434/455] HFSV
[01:58:37] [435/455] MMZP
[01:58:37] [436/455] KSES
[01:58:38] [437/455] HFSA
[01:58:39] [438/455] ACMM
[01:58:40] [439/455] RCKD
[01:58:40] 🔄 Identity reset
[01:58:40] 🔄 Identity rotated (every 10 requests)
[01:58:40] [440/455] BCKR
[01:58:41] [441/455] SFCO
[01:58:42] [442/455] JCCB
[01:58:42] [443/455] BCCR
[01:58:43] [444/455] NWCB
[01:58:44] [445/455] SAMT
[01:58:44] [446/455] TMST
[01:58:45] [447/455] SJCN
[01:58:46] [448/455] MCBS
[01:58:47] [449/455] CMKR
[01:58:48] 🔄 Identity reset
[01:58:48] 🔄 Identity rotated (every 10 requests)
[01:58:48] [450/455] INPM
[01:58:48] [451/455] WVMT
[01:58:49] [452/455] NYSM
[01:58:50] [453/455] RCMA
[01:58:51] [454/455] RECM
[01:58:52] [455/455] CYCM
[01:58:53] ✅ DONE | Shows=0 | Movies=0
[02:17:26] 🚀 BMS DAILY TRACKER STARTED (enhanced anti‑detection)
[02:17:26] [1/455] MXGN
[02:17:27] 🧠 New identity created
[02:17:27] 🔄 Retry 1/5 for MXGN in 2.8s
[02:17:27] 🔄 Identity reset
[02:17:29] 🧠 New identity created
[02:17:30] [2/455] PGGM
[02:17:30] [3/455] IPMJ
[02:17:31] [4/455] M2PP
[02:17:31] [5/455] PMMS
[02:17:32] [6/455] SCJN
[02:17:32] [7/455] CPUM
[02:17:33] [8/455] SCND
[02:17:34] [9/455] INWM
[02:17:34] 🔄 Identity reset
[02:17:34] 🔄 Identity rotated (every 10 requests)
[02:17:34] [10/455] DVDC
[02:17:35] [11/455] WVND
[02:17:36] [12/455] LBDL
[02:17:37] [13/455] CRGM
[02:17:37] [14/455] PVKS
[02:17:38] [15/455] PBLL
[02:17:39] [16/455] FNLN
[02:17:39] [17/455] PPDA
[02:17:40] [18/455] SCPT
[02:17:41] [19/455] IAJS
[02:17:41] 🔄 Identity reset
[02:17:41] 🔄 Identity rotated (every 10 requests)
[02:17:41] 🔄 Retry 1/5 for IAJS in 2.1s
[02:17:41] 🔄 Identity reset
[02:17:44] 🧠 New identity created
[02:17:44] [20/455] MMZG
[02:17:44] [21/455] MCTI
[02:17:45] [22/455] PPMF
[02:17:46] [23/455] FNSD
[02:17:46] [24/455] M2RH
[02:17:47] [25/455] CPGV
[02:17:47] [26/455] PECD
[02:17:48] [27/455] CTEE
[02:17:49] [28/455] IOMG
[02:17:50] 🔄 Identity reset
[02:17:50] 🔄 Identity rotated (every 10 requests)
[02:17:50] [29/455] CIJA
[02:17:50] [30/455] NYCG
[02:17:51] [31/455] CEST
[02:17:52] [32/455] WVRG
[02:17:52] [33/455] DPDC
[02:17:53] [34/455] PDIV
[02:17:53] [35/455] MTPP
[02:17:54] [36/455] MHNU
[02:17:55] [37/455] WUPG
[02:17:56] [38/455] USCO
[02:17:56] 🔄 Identity reset
[02:17:56] 🔄 Identity rotated (every 10 requests)
[02:17:56] [39/455] INFR
[02:17:57] [40/455] PVPD
[02:17:58] [41/455] RONC
[02:17:58] [42/455] IOCP
[02:17:59] [43/455] EMPS
[02:18:00] [44/455] PNAD
[02:18:00] [45/455] VVGZ
[02:18:01] [46/455] MDDC
[02:18:01] [47/455] MMAP
[02:18:02] [48/455] GPDC
[02:18:03] 🔄 Identity reset
[02:18:03] 🔄 Identity rotated (every 10 requests)
[02:18:03] 🔄 Retry 1/5 for GPDC in 2.0s
[02:18:03] 🔄 Identity reset
[02:18:05] 🧠 New identity created
[02:18:05] [49/455] PVPU
[02:18:05] [50/455] DCMV
[02:18:06] [51/455] PCCF
[02:18:06] [52/455] MCEF
[02:18:07] [53/455] INRD
[02:18:08] [54/455] CCPZ
[02:18:08] [55/455] BCWG
[02:18:09] [56/455] PMGU
[02:18:10] [57/455] MCVM
[02:18:10] 🔄 Identity reset
[02:18:10] 🔄 Identity rotated (every 10 requests)
[02:18:10] [58/455] MCDE
[02:18:11] [59/455] IEFM
[02:18:12] [60/455] MXCS
[02:18:12] [61/455] RNMT
[02:18:13] [62/455] PSDD
[02:18:14] [63/455] PETA
[02:18:14] [64/455] IZOP
[02:18:15] [65/455] PDEI
[02:18:15] [66/455] MTND
[02:18:16] [67/455] PCPL
[02:18:17] 🔄 Identity reset
[02:18:17] 🔄 Identity rotated (every 10 requests)
[02:18:17] 🔄 Retry 1/5 for PCPL in 2.6s
[02:18:17] 🔄 Identity reset
[02:18:19] 🧠 New identity created
[02:18:19] [68/455] LSCM
[02:18:20] [69/455] BTFD
[02:18:21] [70/455] MERM
[02:18:21] [71/455] PVMS
[02:18:22] [72/455] CIGK
[02:18:23] [73/455] INSG
[02:18:23] [74/455] IDEN
[02:18:24] [75/455] MCGN
[02:18:25] [76/455] IGAM
[02:18:25] 🔄 Identity reset
[02:18:25] 🔄 Identity rotated (every 10 requests)
[02:18:25] [77/455] SLCU
[02:18:26] [78/455] MIMU
[02:18:26] [79/455] QLAC
[02:18:27] [80/455] MENL
[02:18:28] [81/455] SCUR
[02:18:28] [82/455] MDGD
[02:18:29] [83/455] LSRS
[02:18:29] [84/455] KMLG
[02:18:30] [85/455] MKLJ
[02:18:30] [86/455] IBYG
[02:18:31] 🔄 Identity reset
[02:18:31] 🔄 Identity rotated (every 10 requests)
[02:18:31] [87/455] ISML
[02:18:32] [88/455] MJMM
[02:18:33] [89/455] RCGD
[02:18:33] [90/455] MMOC
[02:18:34] [91/455] RRCO
[02:18:35] [92/455] MEDM
[02:18:35] [93/455] MCAZ
[02:18:36] [94/455] STWA
[02:18:37] [95/455] PFFG
[02:18:37] [96/455] GAGC
[02:18:38] 🔄 Identity reset
[02:18:38] 🔄 Identity rotated (every 10 requests)
[02:18:38] [97/455] PMPM
[02:18:39] [98/455] HVCD
[02:18:39] [99/455] AKRF
[02:18:40] [100/455] AKRC
[02:18:41] [101/455] MIDA
[02:18:41] [102/455] MAGX
[02:18:42] [103/455] ESOS
[02:18:42] [104/455] BBCL
[02:18:43] [105/455] LYAS
[02:18:43] [106/455] NRMS
[02:18:44] 🔄 Identity reset
[02:18:44] 🔄 Identity rotated (every 10 requests)
[02:18:44] [107/455] BHUC
[02:18:45] [108/455] SRIC
[02:18:46] [109/455] PDME
[02:18:46] [110/455] MJCS
[02:18:47] [111/455] NRAA
[02:18:47] [112/455] VATA
[02:18:48] [113/455] MNKC
[02:18:49] [114/455] DHCL
[02:18:49] [115/455] JCPC
[02:18:50] [116/455] CTML
[02:18:50] 🔄 Identity reset
[02:18:50] 🔄 Identity rotated (every 10 requests)
[02:18:50] [117/455] RMMR
[02:18:51] [118/455] STTL
[02:18:52] [119/455] CNPS
[02:18:52] [120/455] ACKL
[02:18:53] [121/455] SCAU
[02:18:53] [122/455] RMIA
[02:18:54] [123/455] MANU
[02:18:55] [124/455] ARDC
[02:18:55] [125/455] GLDA
[02:18:56] [126/455] KVSW
[02:18:57] 🔄 Identity reset
[02:18:57] 🔄 Identity rotated (every 10 requests)
[02:18:57] [127/455] CGCA
[02:18:58] [128/455] CMLO
[02:18:58] [129/455] CECB
[02:18:59] [130/455] RCPN
[02:18:59] [131/455] ASMW
[02:19:00] [132/455] PWLM
[02:19:01] [133/455] ASGM
[02:19:01] [134/455] ACWH
[02:19:02] [135/455] AAPW
[02:19:02] [136/455] RTWA
[02:19:03] 🔄 Identity reset
[02:19:03] 🔄 Identity rotated (every 10 requests)
[02:19:03] [137/455] RAMW
[02:19:04] [138/455] VKTR
[02:19:04] [139/455] SMBH
[02:19:05] [140/455] BVDR
[02:19:05] [141/455] MRTP
[02:19:06] [142/455] BLBR
[02:19:07] [143/455] LPIN
[02:19:07] [144/455] SNPC
[02:19:08] [145/455] PDCB
[02:19:09] [146/455] DYPK
[02:19:09] 🔄 Identity reset
[02:19:09] 🔄 Identity rotated (every 10 requests)
[02:19:10] [147/455] INMK
[02:19:10] [148/455] PDCK
[02:19:11] [149/455] PCKR
[02:19:11] [150/455] SHUA
[02:19:12] [151/455] SCVK
[02:19:13] [152/455] STPA
[02:19:13] [153/455] WVHD
[02:19:14] [154/455] MRCH
[02:19:14] [155/455] MCNP
[02:19:15] [156/455] RCAG
[02:19:16] 🔄 Identity reset
[02:19:16] 🔄 Identity rotated (every 10 requests)
[02:19:16] [157/455] JTSN
[02:19:16] [158/455] AANS
[02:19:17] [159/455] GDDR
[02:19:17] [160/455] SRER
[02:19:18] [161/455] JKMA
[02:19:19] [162/455] ARAN
[02:19:19] [163/455] ALCT
[02:19:20] [164/455] CCTA
[02:19:21] [165/455] CNCT
[02:19:21] [166/455] NZBL
[02:19:22] 🔄 Identity reset
[02:19:22] 🔄 Identity rotated (every 10 requests)
[02:19:22] 🔄 Retry 1/5 for NZBL in 2.8s
[02:19:22] 🔄 Identity reset
[02:19:25] 🧠 New identity created
[02:19:25] [167/455] SRRA
[02:19:26] [168/455] SVPW
[02:19:26] [169/455] SRTW
[02:19:27] [170/455] XMTD
[02:19:28] [171/455] SCCZ
[02:19:28] [172/455] PBCR
[02:19:29] [173/455] RTSC
[02:19:30] [174/455] TLSV
[02:19:30] [175/455] RMTK
[02:19:31] 🔄 Identity reset
[02:19:31] 🔄 Identity rotated (every 10 requests)
[02:19:31] [176/455] SRAT
[02:19:32] [177/455] GCYC
[02:19:32] [178/455] HCAJ
[02:19:33] [179/455] LCXA
[02:19:34] [180/455] BINT
[02:19:34] [181/455] IXIM
[02:19:35] [182/455] MBCR
[02:19:35] [183/455] BMCJ
[02:19:36] [184/455] NICJ
[02:19:36] [185/455] SCAJ
[02:19:37] 🔄 Identity reset
[02:19:37] 🔄 Identity rotated (every 10 requests)
[02:19:37] [186/455] CMXS
[02:19:38] [187/455] MMSR
[02:19:39] [188/455] PRKT
[02:19:39] [189/455] LPTH
[02:19:40] [190/455] SARP
[02:19:41] [191/455] MNPP
[02:19:41] [192/455] PRLR
[02:19:42] [193/455] RCMW
[02:19:42] [194/455] FCMG
[02:19:43] [195/455] RTNK
[02:19:43] 🔄 Identity reset
[02:19:43] 🔄 Identity rotated (every 10 requests)
[02:19:44] [196/455] LRCP
[02:19:44] [197/455] DBJR
[02:19:45] [198/455] CACN
[02:19:45] [199/455] AMRL
[02:19:46] [200/455] SBBC
[02:19:47] [201/455] VENN
[02:19:47] [202/455] STSS
[02:19:48] [203/455] SMRB
[02:19:48] [204/455] CCMX
[02:19:49] [205/455] KCMR
[02:19:49] 🔄 Identity reset
[02:19:49] 🔄 Identity rotated (every 10 requests)
[02:19:49] 🔄 Retry 1/5 for KCMR in 2.2s
[02:19:49] 🔄 Identity reset
[02:19:51] 🧠 New identity created
[02:19:52] [206/455] SALH
[02:19:52] [207/455] CGTT
[02:19:53] [208/455] PMDR
[02:19:53] [209/455] VCPM
[02:19:54] [210/455] RZMX
[02:19:54] [211/455] TMSY
[02:19:55] [212/455] NTMS
[02:19:56] [213/455] VTAG
[02:19:57] [214/455] REMA
[02:19:57] 🔄 Identity reset
[02:19:57] 🔄 Identity rotated (every 10 requests)
[02:19:57] [215/455] NXCC
[02:19:58] [216/455] SKYM
[02:19:59] [217/455] CCMO
[02:19:59] [218/455] DMXM
[02:20:00] [219/455] SPPM
[02:20:01] [220/455] PTKL
[02:20:02] [221/455] SLVO
[02:20:02] [222/455] VASL
[02:20:03] [223/455] CBCM
[02:20:04] [224/455] STMA
[02:20:04] 🔄 Identity reset
[02:20:04] 🔄 Identity rotated (every 10 requests)
[02:20:05] [225/455] LASK
[02:20:05] [226/455] VITE
[02:20:06] [227/455] AAST
[02:20:07] [228/455] JTPT
[02:20:07] [229/455] RRSH
[02:20:08] [230/455] CINL
[02:20:08] [231/455] MCSR
[02:20:09] [232/455] SBCF
[02:20:09] [233/455] GCDU
[02:20:10] [234/455] PSPR
[02:20:11] 🔄 Identity reset
[02:20:11] 🔄 Identity rotated (every 10 requests)
[02:20:11] [235/455] IMMO
[02:20:12] [236/455] CLGM
[02:20:12] [237/455] PBMM
[02:20:13] [238/455] CEHR
[02:20:13] [239/455] CPOE
[02:20:14] [240/455] PGFD
[02:20:15] [241/455] PSLC
[02:20:15] [242/455] MSMD
[02:20:16] [243/455] FMFB
[02:20:17] [244/455] RKCL
[02:20:17] 🔄 Identity reset
[02:20:17] 🔄 Identity rotated (every 10 requests)
[02:20:17] [245/455] PMMC
[02:20:18] [246/455] SKMM
[02:20:19] [247/455] VOIB
[02:20:19] [248/455] KINO
[02:20:20] [249/455] VCTP
[02:20:20] [250/455] PDWR
[02:20:21] [251/455] SAED
[02:20:22] [252/455] SRRT
[02:20:22] [253/455] CVLG
[02:20:23] [254/455] SNGN
[02:20:24] 🔄 Identity reset
[02:20:24] 🔄 Identity rotated (every 10 requests)
[02:20:24] [255/455] SIDA
[02:20:24] [256/455] IMCB
[02:20:25] [257/455] SMHP
[02:20:25] [258/455] GDTY
[02:20:26] [259/455] VYCH
[02:20:26] [260/455] PDYA
[02:20:27] [261/455] RKDO
[02:20:27] [262/455] VECG
[02:20:28] [263/455] NFGD
[02:20:29] [264/455] SNDC
[02:20:29] 🔄 Identity reset
[02:20:29] 🔄 Identity rotated (every 10 requests)
[02:20:29] [265/455] SDJH
[02:20:30] [266/455] HASV
[02:20:31] [267/455] PTYK
[02:20:31] [268/455] MUTB
[02:20:32] [269/455] AMRT
[02:20:33] [270/455] VACD
[02:20:33] [271/455] SKDD
[02:20:34] [272/455] STGR
[02:20:35] [273/455] GDAK
[02:20:35] [274/455] SKHK
[02:20:36] 🔄 Identity reset
[02:20:36] 🔄 Identity rotated (every 10 requests)
[02:20:36] 🔄 Retry 1/5 for SKHK in 2.6s
[02:20:36] 🔄 Identity reset
[02:20:39] 🧠 New identity created
[02:20:39] 🔄 Retry 2/5 for SKHK in 4.4s
[02:20:39] 🔄 Identity reset
[02:20:43] 🧠 New identity created
[02:20:43] [275/455] SLND
[02:20:44] [276/455] APAP
[02:20:44] [277/455] AYYA
[02:20:45] [278/455] VCCZ
[02:20:46] [279/455] MEML
[02:20:46] [280/455] MAOU
[02:20:47] [281/455] ESND
[02:20:47] [282/455] PTBZ
[02:20:48] 🔄 Identity reset
[02:20:48] 🔄 Identity rotated (every 10 requests)
[02:20:48] 🔄 Retry 1/5 for PTBZ in 2.4s
[02:20:48] 🔄 Identity reset
[02:20:51] 🧠 New identity created
[02:20:51] [283/455] LBCN
[02:20:51] [284/455] PAWA
[02:20:52] [285/455] ZEIC
[02:20:53] [286/455] CGMM
[02:20:53] [287/455] PJPM
[02:20:54] [288/455] ECMR
[02:20:54] [289/455] SHMZ
[02:20:55] [290/455] STCA
[02:20:56] [291/455] VDRC
[02:20:56] 🔄 Identity reset
[02:20:56] 🔄 Identity rotated (every 10 requests)
[02:20:56] [292/455] SEEM
[02:20:57] [293/455] MKNS
[02:20:58] [294/455] KPPP
[02:20:58] [295/455] CCML
[02:20:59] [296/455] CIBA
[02:21:00] [297/455] NACS
[02:21:00] [298/455] CTMK
[02:21:01] [299/455] CTCT
[02:21:02] [300/455] MCSN
[02:21:02] [301/455] MAXX
[02:21:03] 🔄 Identity reset
[02:21:03] 🔄 Identity rotated (every 10 requests)
[02:21:03] 🔄 Retry 1/5 for MAXX in 2.8s
[02:21:03] 🔄 Identity reset
[02:21:06] 🧠 New identity created
[02:21:06] [302/455] MECB
[02:21:06] [303/455] NTBY
[02:21:07] [304/455] UTBI
[02:21:07] [305/455] RADK
[02:21:08] [306/455] STBY
[02:21:08] [307/455] GTBY
[02:21:09] [308/455] RRMB
[02:21:10] [309/455] ABRN
[02:21:10] [310/455] GTSG
[02:21:11] 🔄 Identity reset
[02:21:11] 🔄 Identity rotated (every 10 requests)
[02:21:11] [311/455] GBTG
[02:21:11] [312/455] SBGS
[02:21:12] [313/455] KBPM
[02:21:13] [314/455] SMHT
[02:21:13] [315/455] VTDM
[02:21:14] [316/455] ASCT
[02:21:15] [317/455] AWCT
[02:21:15] [318/455] DCCU
[02:21:16] [319/455] PSCE
[02:21:17] [320/455] KSNY
[02:21:17] 🔄 Identity reset
[02:21:17] 🔄 Identity rotated (every 10 requests)
[02:21:17] [321/455] ACID
[02:21:18] [322/455] LVCD
[02:21:19] [323/455] KSSB
[02:21:19] [324/455] SWTD
[02:21:20] [325/455] RBMR
[02:21:20] [326/455] SCBC
[02:21:21] [327/455] RKME
[02:21:22] [328/455] GALX
[02:21:23] [329/455] GCCH
[02:21:23] [330/455] RATR
[02:21:24] 🔄 Identity reset
[02:21:24] 🔄 Identity rotated (every 10 requests)
[02:21:24] [331/455] GTGA
[02:21:25] [332/455] LTTR
[02:21:25] [333/455] TTAA
[02:21:26] [334/455] TVHP
[02:21:27] [335/455] KVCS
[02:21:27] [336/455] CBMC
[02:21:28] [337/455] MAYJ
[02:21:28] [338/455] INPR
[02:21:29] [339/455] RSSC
[02:21:30] [340/455] PCAN
[02:21:30] 🔄 Identity reset
[02:21:31] 🔄 Identity rotated (every 10 requests)
[02:21:31] [341/455] PVHR
[02:21:31] [342/455] AGSM
[02:21:32] [343/455] PVES
[02:21:32] [344/455] INTO
[02:21:33] [345/455] ACON
[02:21:34] [346/455] PVPZ
[02:21:34] [347/455] PVHC
[02:21:35] [348/455] KSTK
[02:21:36] [349/455] PVSR
[02:21:36] [350/455] ACTN
[02:21:37] 🔄 Identity reset
[02:21:37] 🔄 Identity rotated (every 10 requests)
[02:21:37] [351/455] FMCN
[02:21:37] [352/455] PABC
[02:21:38] [353/455] SUTC
[02:21:39] [354/455] PGMV
[02:21:39] [355/455] GKCP
[02:21:40] [356/455] INCH
[02:21:40] [357/455] MLMT
[02:21:41] [358/455] SSCC
[02:21:42] [359/455] SLMP
[02:21:42] [360/455] VVTN
[02:21:43] 🔄 Identity reset
[02:21:43] 🔄 Identity rotated (every 10 requests)
[02:21:43] [361/455] SBTR
[02:21:44] [362/455] PGRA
[02:21:44] [363/455] PBRM
[02:21:45] [364/455] GCRP
[02:21:46] [365/455] MCSK
[02:21:46] [366/455] NLTC
[02:21:47] [367/455] MTLM
[02:21:47] [368/455] VECT
[02:21:48] [369/455] KMRM
[02:21:49] [370/455] RACM
[02:21:49] 🔄 Identity reset
[02:21:49] 🔄 Identity rotated (every 10 requests)
[02:21:49] [371/455] WSTC
[02:21:50] [372/455] PVTJ
[02:21:51] [373/455] MMKC
[02:21:51] [374/455] SVWT
[02:21:52] [375/455] JOTG
[02:21:53] [376/455] VCDK
[02:21:53] [377/455] ANAC
[02:21:54] [378/455] GRTC
[02:21:55] [379/455] JTPL
[02:21:55] [380/455] VRCP
[02:21:56] 🔄 Identity reset
[02:21:56] 🔄 Identity rotated (every 10 requests)
[02:21:56] [381/455] REMC
[02:21:57] [382/455] ATMG
[02:21:57] [383/455] GAHC
[02:21:58] [384/455] JTMV
[02:21:58] [385/455] OMTT
[02:21:59] [386/455] GKKC
[02:22:00] [387/455] BBPO
[02:22:00] [388/455] ZCBB
[02:22:01] [389/455] DCGO
[02:22:02] [390/455] STOP
[02:22:02] 🔄 Identity reset
[02:22:02] 🔄 Identity rotated (every 10 requests)
[02:22:02] [391/455] BSPC
[02:22:03] [392/455] SOND
[02:22:04] [393/455] GCKG
[02:22:04] [394/455] PCDB
[02:22:05] [395/455] PGRC
[02:22:06] [396/455] CSCT
[02:22:06] [397/455] STDA
[02:22:07] [398/455] JAYD
[02:22:08] [399/455] PPPD
[02:22:08] [400/455] KRTT
[02:22:09] 🔄 Identity reset
[02:22:09] 🔄 Identity rotated (every 10 requests)
[02:22:09] [401/455] PTDT
[02:22:10] [402/455] TRSV
[02:22:10] [403/455] VELR
[02:22:11] [404/455] STDT
[02:22:12] [405/455] SATT
[02:22:12] [406/455] KCPM
[02:22:13] [407/455] MFCP
[02:22:14] [408/455] AXMP
[02:22:14] [409/455] LTVB
[02:22:15] [410/455] APST
[02:22:16] 🔄 Identity reset
[02:22:16] 🔄 Identity rotated (every 10 requests)
[02:22:16] [411/455] DTVP
[02:22:16] [412/455] AAVB
[02:22:17] [413/455] PMBL
[02:22:18] [414/455] STKC
[02:22:18] [415/455] KKMA
[02:22:19] [416/455] NMXS
[02:22:19] [417/455] DECX
[02:22:20] [418/455] MAPJ
[02:22:21] [419/455] SMLK
[02:22:21] [420/455] PMPU
[02:22:22] 🔄 Identity reset
[02:22:22] 🔄 Identity rotated (every 10 requests)
[02:22:22] [421/455] AFST
[02:22:23] [422/455] SRSY
[02:22:23] [423/455] RMKT
[02:22:24] [424/455] RAJX
[02:22:25] [425/455] UVCD
[02:22:25] [426/455] LISA
[02:22:26] [427/455] LMSR
[02:22:26] [428/455] PMCA
[02:22:27] [429/455] INPO
[02:22:28] [430/455] INGO
[02:22:28] 🔄 Identity reset
[02:22:28] 🔄 Identity rotated (every 10 requests)
[02:22:28] [431/455] HFSQ
[02:22:29] [432/455] INMG
[02:22:30] [433/455] NYCP
[02:22:30] [434/455] HFSV
[02:22:31] [435/455] MMZP
[02:22:31] [436/455] KSES
[02:22:32] [437/455] HFSA
[02:22:32] [438/455] ACMM
[02:22:33] [439/455] RCKD
[02:22:34] [440/455] BCKR
[02:22:35] 🔄 Identity reset
[02:22:35] 🔄 Identity rotated (every 10 requests)
[02:22:35] 🔄 Retry 1/5 for BCKR in 2.4s
[02:22:35] 🔄 Identity reset
[02:22:37] 🧠 New identity created
[02:22:37] [441/455] SFCO
[02:22:38] [442/455] JCCB
[02:22:39] [443/455] BCCR
[02:22:39] [444/455] NWCB
[02:22:40] [445/455] SAMT
[02:22:41] [446/455] TMST
[02:22:41] [447/455] SJCN
[02:22:42] [448/455] MCBS
[02:22:43] [449/455] CMKR
[02:22:43] 🔄 Identity reset
[02:22:43] 🔄 Identity rotated (every 10 requests)
[02:22:43] [450/455] INPM
[02:22:44] [451/455] WVMT
[02:22:45] [452/455] NYSM
[02:22:45] [453/455] RCMA
[02:22:46] [454/455] RECM
[02:22:46] [455/455] CYCM
[02:22:47] ✅ DONE | Shows=0 | Movies=0
[03:17:18] 🚀 BMS DAILY TRACKER STARTED (enhanced anti‑detection)
[03:17:18] [1/455] MXGN
[03:17:19] 🧠 New identity created
[03:17:19] [2/455] PGGM
[03:17:20] [3/455] IPMJ
[03:17:21] [4/455] M2PP
[03:17:22] [5/455] PMMS
[03:17:22] [6/455] SCJN
[03:17:23] [7/455] CPUM
[03:17:24] [8/455] SCND
[03:17:25] [9/455] INWM
[03:17:26] [10/455] DVDC
[03:17:26] 🔄 Identity reset
[03:17:27] 🔄 Identity rotated (every 10 requests)
[03:17:27] [11/455] WVND
[03:17:28] [12/455] LBDL
[03:17:29] [13/455] CRGM
[03:17:29] [14/455] PVKS
[03:17:30] [15/455] PBLL
[03:17:31] [16/455] FNLN
[03:17:32] [17/455] PPDA
[03:17:33] [18/455] SCPT
[03:17:34] [19/455] IAJS
[03:17:35] [20/455] MMZG
[03:17:35] 🔄 Identity reset
[03:17:35] 🔄 Identity rotated (every 10 requests)
[03:17:35] 🔄 Retry 1/5 for MMZG in 2.7s
[03:17:35] 🔄 Identity reset
[03:17:38] 🧠 New identity created
[03:17:39] [21/455] MCTI
[03:17:39] [22/455] PPMF
[03:17:40] [23/455] FNSD
[03:17:42] [24/455] M2RH
[03:17:43] [25/455] CPGV
[03:17:44] [26/455] PECD
[03:17:46] [27/455] CTEE
[03:17:47] [28/455] IOMG
[03:17:48] [29/455] CIJA
[03:17:48] 🔄 Identity reset
[03:17:48] 🔄 Identity rotated (every 10 requests)
[03:17:48] 🔄 Retry 1/5 for CIJA in 2.8s
[03:17:48] 🔄 Identity reset
[03:17:51] 🧠 New identity created
[03:17:51] [30/455] NYCG
[03:17:52] [31/455] CEST
[03:17:53] [32/455] WVRG
[03:17:54] [33/455] DPDC
[03:17:55] [34/455] PDIV
[03:17:57] [35/455] MTPP
[03:17:57] [36/455] MHNU
[03:17:58] [37/455] WUPG
[03:17:59] [38/455] USCO
[03:18:00] 🔄 Identity reset
[03:18:00] 🔄 Identity rotated (every 10 requests)
[03:18:00] 🔄 Retry 1/5 for USCO in 2.7s
[03:18:00] 🔄 Identity reset
[03:18:03] 🧠 New identity created
[03:18:03] [39/455] INFR
[03:18:04] [40/455] PVPD
[03:18:06] [41/455] RONC
[03:18:06] [42/455] IOCP
[03:18:07] [43/455] EMPS
[03:18:08] [44/455] PNAD
[03:18:10] [45/455] VVGZ
[03:18:11] [46/455] MDDC
[03:18:12] [47/455] MMAP
[03:18:13] 🔄 Identity reset
[03:18:13] 🔄 Identity rotated (every 10 requests)
[03:18:13] 🔄 Retry 1/5 for MMAP in 2.9s
[03:18:13] 🔄 Identity reset
[03:18:16] 🧠 New identity created
[03:18:17] [48/455] GPDC
[03:18:18] [49/455] PVPU
[03:18:18] [50/455] DCMV
[03:18:19] [51/455] PCCF
[03:18:20] [52/455] MCEF
[03:18:21] [53/455] INRD
[03:18:22] [54/455] CCPZ
[03:18:23] [55/455] BCWG
[03:18:24] [56/455] PMGU
[03:18:24] 🔄 Identity reset
[03:18:24] 🔄 Identity rotated (every 10 requests)
[03:18:25] [57/455] MCVM
[03:18:26] [58/455] MCDE
[03:18:27] [59/455] IEFM
[03:18:28] [60/455] MXCS
[03:18:29] [61/455] RNMT
[03:18:30] [62/455] PSDD
[03:18:31] [63/455] PETA
[03:18:32] [64/455] IZOP
[03:18:32] [65/455] PDEI
[03:18:33] [66/455] MTND
[03:18:34] 🔄 Identity reset
[03:18:34] 🔄 Identity rotated (every 10 requests)
[03:18:35] [67/455] PCPL
[03:18:36] [68/455] LSCM
[03:18:37] [69/455] BTFD
[03:18:38] [70/455] MERM
[03:18:39] [71/455] PVMS
[03:18:40] [72/455] CIGK
[03:18:41] [73/455] INSG
[03:18:42] [74/455] IDEN
[03:18:42] [75/455] MCGN
[03:18:43] [76/455] IGAM
[03:18:44] 🔄 Identity reset
[03:18:44] 🔄 Identity rotated (every 10 requests)
[03:18:44] [77/455] SLCU
[03:18:45] [78/455] MIMU
[03:18:46] [79/455] QLAC
[03:18:47] [80/455] MENL
[03:18:48] [81/455] SCUR
[03:18:49] [82/455] MDGD
[03:18:50] [83/455] LSRS
[03:18:51] [84/455] KMLG
[03:18:52] [85/455] MKLJ
[03:18:52] [86/455] IBYG
[03:18:53] 🔄 Identity reset
[03:18:53] 🔄 Identity rotated (every 10 requests)
[03:18:54] [87/455] ISML
[03:18:55] [88/455] MJMM
[03:18:56] [89/455] RCGD
[03:18:56] [90/455] MMOC
[03:18:57] [91/455] RRCO
[03:18:58] [92/455] MEDM
[03:18:59] [93/455] MCAZ
[03:19:01] [94/455] STWA
[03:19:02] [95/455] PFFG
[03:19:03] [96/455] GAGC
[03:19:03] 🔄 Identity reset
[03:19:03] 🔄 Identity rotated (every 10 requests)
[03:19:03] [97/455] PMPM
[03:19:04] [98/455] HVCD
[03:19:05] [99/455] AKRF
[03:19:06] [100/455] AKRC
[03:19:07] [101/455] MIDA
[03:19:08] [102/455] MAGX
[03:19:09] [103/455] ESOS
[03:19:10] [104/455] BBCL
[03:19:11] [105/455] LYAS
[03:19:12] [106/455] NRMS
[03:19:13] 🔄 Identity reset
[03:19:13] 🔄 Identity rotated (every 10 requests)
[03:19:13] [107/455] BHUC
[03:19:14] [108/455] SRIC
[03:19:15] [109/455] PDME
[03:19:15] [110/455] MJCS
[03:19:16] [111/455] NRAA
[03:19:17] [112/455] VATA
[03:19:18] [113/455] MNKC
[03:19:19] [114/455] DHCL
[03:19:20] [115/455] JCPC
[03:19:21] [116/455] CTML
[03:19:22] 🔄 Identity reset
[03:19:22] 🔄 Identity rotated (every 10 requests)
[03:19:22] [117/455] RMMR
[03:19:23] [118/455] STTL
[03:19:24] [119/455] CNPS
[03:19:25] [120/455] ACKL
[03:19:26] [121/455] SCAU
[03:19:27] [122/455] RMIA
[03:19:28] [123/455] MANU
[03:19:29] [124/455] ARDC
[03:19:30] [125/455] GLDA
[03:19:31] [126/455] KVSW
[03:19:32] 🔄 Identity reset
[03:19:32] 🔄 Identity rotated (every 10 requests)
[03:19:32] [127/455] CGCA
[03:19:33] [128/455] CMLO
[03:19:35] [129/455] CECB
[03:19:36] [130/455] RCPN
[03:19:36] [131/455] ASMW
[03:19:37] [132/455] PWLM
[03:19:38] [133/455] ASGM
[03:19:40] [134/455] ACWH
[03:19:41] [135/455] AAPW
[03:19:42] [136/455] RTWA
[03:19:43] 🔄 Identity reset
[03:19:43] 🔄 Identity rotated (every 10 requests)
[03:19:43] [137/455] RAMW
[03:19:45] [138/455] VKTR
[03:19:46] [139/455] SMBH
[03:19:47] [140/455] BVDR
[03:19:47] [141/455] MRTP
[03:19:48] [142/455] BLBR
[03:19:49] [143/455] LPIN
[03:19:50] [144/455] SNPC
[03:19:51] [145/455] PDCB
[03:19:52] [146/455] DYPK
[03:19:52] 🔄 Identity reset
[03:19:52] 🔄 Identity rotated (every 10 requests)
[03:19:53] [147/455] INMK
[03:19:54] [148/455] PDCK
[03:19:55] [149/455] PCKR
[03:19:56] [150/455] SHUA
[03:19:57] [151/455] SCVK
[03:19:57] [152/455] STPA
[03:19:58] [153/455] WVHD
[03:19:59] [154/455] MRCH
[03:20:00] [155/455] MCNP
[03:20:01] [156/455] RCAG
[03:20:02] 🔄 Identity reset
[03:20:02] 🔄 Identity rotated (every 10 requests)
[03:20:02] [157/455] JTSN
[03:20:03] [158/455] AANS
[03:20:04] [159/455] GDDR
[03:20:06] [160/455] SRER
[03:20:07] [161/455] JKMA
[03:20:09] [162/455] ARAN
[03:20:10] [163/455] ALCT
[03:20:11] [164/455] CCTA
[03:20:12] [165/455] CNCT
[03:20:13] [166/455] NZBL
[03:20:14] 🔄 Identity reset
[03:20:14] 🔄 Identity rotated (every 10 requests)
[03:20:14] [167/455] SRRA
[03:20:15] [168/455] SVPW
[03:20:16] [169/455] SRTW
[03:20:17] [170/455] XMTD
[03:20:18] [171/455] SCCZ
[03:20:19] [172/455] PBCR
[03:20:20] [173/455] RTSC
[03:20:21] [174/455] TLSV
[03:20:22] [175/455] RMTK
[03:20:23] [176/455] SRAT
[03:20:23] 🔄 Identity reset
[03:20:23] 🔄 Identity rotated (every 10 requests)
[03:20:24] [177/455] GCYC
[03:20:25] [178/455] HCAJ
[03:20:26] [179/455] LCXA
[03:20:27] [180/455] BINT
[03:20:28] [181/455] IXIM
[03:20:29] [182/455] MBCR
[03:20:29] [183/455] BMCJ
[03:20:30] [184/455] NICJ
[03:20:31] [185/455] SCAJ
[03:20:32] [186/455] CMXS
[03:20:33] 🔄 Identity reset
[03:20:33] 🔄 Identity rotated (every 10 requests)
[03:20:33] [187/455] MMSR
[03:20:34] [188/455] PRKT
[03:20:35] [189/455] LPTH
[03:20:36] [190/455] SARP
[03:20:37] [191/455] MNPP
[03:20:38] [192/455] PRLR
[03:20:39] [193/455] RCMW
[03:20:40] [194/455] FCMG
[03:20:41] [195/455] RTNK
[03:20:42] [196/455] LRCP
[03:20:43] 🔄 Identity reset
[03:20:43] 🔄 Identity rotated (every 10 requests)
[03:20:43] [197/455] DBJR
[03:20:44] [198/455] CACN
[03:20:45] [199/455] AMRL
[03:20:46] [200/455] SBBC
[03:20:47] [201/455] VENN
[03:20:47] [202/455] STSS
[03:20:49] [203/455] SMRB
[03:20:49] [204/455] CCMX
[03:20:50] [205/455] KCMR
[03:20:51] [206/455] SALH
[03:20:52] 🔄 Identity reset
[03:20:52] 🔄 Identity rotated (every 10 requests)
[03:20:52] 🔄 Retry 1/5 for SALH in 2.4s
[03:20:52] 🔄 Identity reset
[03:20:54] 🧠 New identity created
[03:20:55] [207/455] CGTT
[03:20:56] [208/455] PMDR
[03:20:57] [209/455] VCPM
[03:20:58] [210/455] RZMX
[03:20:59] [211/455] TMSY
[03:21:00] [212/455] NTMS
[03:21:01] [213/455] VTAG
[03:21:02] [214/455] REMA
[03:21:04] [215/455] NXCC
[03:21:05] 🔄 Identity reset
[03:21:05] 🔄 Identity rotated (every 10 requests)
[03:21:05] [216/455] SKYM
[03:21:06] [217/455] CCMO
[03:21:07] [218/455] DMXM
[03:21:08] [219/455] SPPM
[03:21:09] [220/455] PTKL
[03:21:10] [221/455] SLVO
[03:21:11] [222/455] VASL
[03:21:12] [223/455] CBCM
[03:21:13] [224/455] STMA
[03:21:14] [225/455] LASK
[03:21:14] 🔄 Identity reset
[03:21:14] 🔄 Identity rotated (every 10 requests)
[03:21:15] [226/455] VITE
[03:21:16] [227/455] AAST
[03:21:17] [228/455] JTPT
[03:21:17] [229/455] RRSH
[03:21:18] [230/455] CINL
[03:21:19] [231/455] MCSR
[03:21:20] [232/455] SBCF
[03:21:21] [233/455] GCDU
[03:21:22] [234/455] PSPR
[03:21:23] [235/455] IMMO
[03:21:23] 🔄 Identity reset
[03:21:23] 🔄 Identity rotated (every 10 requests)
[03:21:24] [236/455] CLGM
[03:21:25] [237/455] PBMM
[03:21:26] [238/455] CEHR
[03:21:26] [239/455] CPOE
[03:21:27] [240/455] PGFD
[03:21:28] [241/455] PSLC
[03:21:29] [242/455] MSMD
[03:21:30] [243/455] FMFB
[03:21:31] [244/455] RKCL
[03:21:32] [245/455] PMMC
[03:21:33] 🔄 Identity reset
[03:21:33] 🔄 Identity rotated (every 10 requests)
[03:21:33] [246/455] SKMM
[03:21:34] [247/455] VOIB
[03:21:35] [248/455] KINO
[03:21:36] [249/455] VCTP
[03:21:37] [250/455] PDWR
[03:21:37] [251/455] SAED
[03:21:38] [252/455] SRRT
[03:21:39] [253/455] CVLG
[03:21:40] [254/455] SNGN
[03:21:41] [255/455] SIDA
[03:21:42] 🔄 Identity reset
[03:21:42] 🔄 Identity rotated (every 10 requests)
[03:21:42] [256/455] IMCB
[03:21:43] [257/455] SMHP
[03:21:44] [258/455] GDTY
[03:21:45] [259/455] VYCH
[03:21:46] [260/455] PDYA
[03:21:47] [261/455] RKDO
[03:21:48] [262/455] VECG
[03:21:48] [263/455] NFGD
[03:21:49] [264/455] SNDC
[03:21:50] [265/455] SDJH
[03:21:51] 🔄 Identity reset
[03:21:51] 🔄 Identity rotated (every 10 requests)
[03:21:51] [266/455] HASV
[03:21:52] [267/455] PTYK
[03:21:53] [268/455] MUTB
[03:21:54] [269/455] AMRT
[03:21:56] [270/455] VACD
[03:21:57] [271/455] SKDD
[03:21:58] [272/455] STGR
[03:21:59] [273/455] GDAK
[03:22:00] [274/455] SKHK
[03:22:01] [275/455] SLND
[03:22:02] 🔄 Identity reset
[03:22:02] 🔄 Identity rotated (every 10 requests)
[03:22:02] [276/455] APAP
[03:22:03] [277/455] AYYA
[03:22:04] [278/455] VCCZ
[03:22:05] [279/455] MEML
[03:22:06] [280/455] MAOU
[03:22:07] [281/455] ESND
[03:22:07] [282/455] PTBZ
[03:22:08] [283/455] LBCN
[03:22:09] [284/455] PAWA
[03:22:11] [285/455] ZEIC
[03:22:11] 🔄 Identity reset
[03:22:11] 🔄 Identity rotated (every 10 requests)
[03:22:12] [286/455] CGMM
[03:22:13] [287/455] PJPM
[03:22:14] [288/455] ECMR
[03:22:15] [289/455] SHMZ
[03:22:16] [290/455] STCA
[03:22:16] [291/455] VDRC
[03:22:17] [292/455] SEEM
[03:22:18] [293/455] MKNS
[03:22:19] [294/455] KPPP
[03:22:20] [295/455] CCML
[03:22:20] 🔄 Identity reset
[03:22:20] 🔄 Identity rotated (every 10 requests)
[03:22:21] [296/455] CIBA
[03:22:22] [297/455] NACS
[03:22:24] [298/455] CTMK
[03:22:25] [299/455] CTCT
[03:22:26] [300/455] MCSN
[03:22:27] [301/455] MAXX
[03:22:28] [302/455] MECB
[03:22:29] [303/455] NTBY
[03:22:29] [304/455] UTBI
[03:22:30] [305/455] RADK
[03:22:31] 🔄 Identity reset
[03:22:31] 🔄 Identity rotated (every 10 requests)
[03:22:32] [306/455] STBY
[03:22:33] [307/455] GTBY
[03:22:34] [308/455] RRMB
[03:22:35] [309/455] ABRN
[03:22:35] [310/455] GTSG
[03:22:37] [311/455] GBTG
[03:22:38] [312/455] SBGS
[03:22:40] [313/455] KBPM
[03:22:41] [314/455] SMHT
[03:22:42] [315/455] VTDM
[03:22:43] 🔄 Identity reset
[03:22:43] 🔄 Identity rotated (every 10 requests)
[03:22:43] [316/455] ASCT
[03:22:44] [317/455] AWCT
[03:22:45] [318/455] DCCU
[03:22:46] [319/455] PSCE
[03:22:47] [320/455] KSNY
[03:22:48] [321/455] ACID
[03:22:49] [322/455] LVCD
[03:22:50] [323/455] KSSB
[03:22:51] [324/455] SWTD
[03:22:52] [325/455] RBMR
[03:22:52] 🔄 Identity reset
[03:22:52] 🔄 Identity rotated (every 10 requests)
[03:22:52] [326/455] SCBC
[03:22:53] [327/455] RKME
[03:22:55] [328/455] GALX
[03:22:56] [329/455] GCCH
[03:22:57] [330/455] RATR
[03:22:58] [331/455] GTGA
[03:22:59] [332/455] LTTR
[03:23:01] [333/455] TTAA
[03:23:02] [334/455] TVHP
[03:23:03] [335/455] KVCS
[03:23:03] 🔄 Identity reset
[03:23:03] 🔄 Identity rotated (every 10 requests)
[03:23:04] [336/455] CBMC
[03:23:05] [337/455] MAYJ
[03:23:06] [338/455] INPR
[03:23:07] [339/455] RSSC
[03:23:08] [340/455] PCAN
[03:23:09] [341/455] PVHR
[03:23:10] [342/455] AGSM
[03:23:11] [343/455] PVES
[03:23:12] [344/455] INTO
[03:23:13] [345/455] ACON
[03:23:13] 🔄 Identity reset
[03:23:13] 🔄 Identity rotated (every 10 requests)
[03:23:14] [346/455] PVPZ
[03:23:15] [347/455] PVHC
[03:23:15] [348/455] KSTK
[03:23:17] [349/455] PVSR
[03:23:18] [350/455] ACTN
[03:23:19] [351/455] FMCN
[03:23:20] [352/455] PABC
[03:23:21] [353/455] SUTC
[03:23:22] [354/455] PGMV
[03:23:24] [355/455] GKCP
[03:23:24] 🔄 Identity reset
[03:23:24] 🔄 Identity rotated (every 10 requests)
[03:23:25] [356/455] INCH
[03:23:25] [357/455] MLMT
[03:23:26] [358/455] SSCC
[03:23:27] [359/455] SLMP
[03:23:28] [360/455] VVTN
[03:23:29] [361/455] SBTR
[03:23:30] [362/455] PGRA
[03:23:30] [363/455] PBRM
[03:23:31] [364/455] GCRP
[03:23:32] [365/455] MCSK
[03:23:33] 🔄 Identity reset
[03:23:33] 🔄 Identity rotated (every 10 requests)
[03:23:33] [366/455] NLTC
[03:23:34] [367/455] MTLM
[03:23:35] [368/455] VECT
[03:23:36] [369/455] KMRM
[03:23:37] [370/455] RACM
[03:23:38] [371/455] WSTC
[03:23:39] [372/455] PVTJ
[03:23:40] [373/455] MMKC
[03:23:41] [374/455] SVWT
[03:23:42] [375/455] JOTG
[03:23:43] 🔄 Identity reset
[03:23:43] 🔄 Identity rotated (every 10 requests)
[03:23:43] [376/455] VCDK
[03:23:44] [377/455] ANAC
[03:23:45] [378/455] GRTC
[03:23:47] [379/455] JTPL
[03:23:48] [380/455] VRCP
[03:23:49] [381/455] REMC
[03:23:49] [382/455] ATMG
[03:23:50] [383/455] GAHC
[03:23:51] [384/455] JTMV
[03:23:53] [385/455] OMTT
[03:23:53] 🔄 Identity reset
[03:23:53] 🔄 Identity rotated (every 10 requests)
[03:23:54] [386/455] GKKC
[03:23:55] [387/455] BBPO
[03:23:56] [388/455] ZCBB
[03:23:57] [389/455] DCGO
[03:23:58] [390/455] STOP
[03:23:59] [391/455] BSPC
[03:24:00] [392/455] SOND
[03:24:01] [393/455] GCKG
[03:24:03] [394/455] PCDB
[03:24:04] [395/455] PGRC
[03:24:04] 🔄 Identity reset
[03:24:04] 🔄 Identity rotated (every 10 requests)
[03:24:05] [396/455] CSCT
[03:24:06] [397/455] STDA
[03:24:07] [398/455] JAYD
[03:24:07] [399/455] PPPD
[03:24:08] [400/455] KRTT
[03:24:09] [401/455] PTDT
[03:24:10] [402/455] TRSV
[03:24:11] [403/455] VELR
[03:24:12] [404/455] STDT
[03:24:13] [405/455] SATT
[03:24:13] 🔄 Identity reset
[03:24:13] 🔄 Identity rotated (every 10 requests)
[03:24:14] [406/455] KCPM
[03:24:15] [407/455] MFCP
[03:24:16] [408/455] AXMP
[03:24:17] [409/455] LTVB
[03:24:18] [410/455] APST
[03:24:19] [411/455] DTVP
[03:24:20] [412/455] AAVB
[03:24:21] [413/455] PMBL
[03:24:22] [414/455] STKC
[03:24:23] [415/455] KKMA
[03:24:23] 🔄 Identity reset
[03:24:23] 🔄 Identity rotated (every 10 requests)
[03:24:25] [416/455] NMXS
[03:24:26] [417/455] DECX
[03:24:26] [418/455] MAPJ
[03:24:28] [419/455] SMLK
[03:24:29] [420/455] PMPU
[03:24:30] [421/455] AFST
[03:24:31] [422/455] SRSY
[03:24:32] [423/455] RMKT
[03:24:34] [424/455] RAJX
[03:24:34] [425/455] UVCD
[03:24:35] 🔄 Identity reset
[03:24:35] 🔄 Identity rotated (every 10 requests)
[03:24:35] [426/455] LISA
[03:24:36] [427/455] LMSR
[03:24:37] [428/455] PMCA
[03:24:38] [429/455] INPO
[03:24:39] [430/455] INGO
[03:24:40] [431/455] HFSQ
[03:24:40] [432/455] INMG
[03:24:41] [433/455] NYCP
[03:24:42] [434/455] HFSV
[03:24:44] [435/455] MMZP
[03:24:45] 🔄 Identity reset
[03:24:45] 🔄 Identity rotated (every 10 requests)
[03:24:45] [436/455] KSES
[03:24:46] [437/455] HFSA
[03:24:47] [438/455] ACMM
[03:24:48] [439/455] RCKD
[03:24:48] [440/455] BCKR
[03:24:50] [441/455] SFCO
[03:24:51] [442/455] JCCB
[03:24:52] [443/455] BCCR
[03:24:53] [444/455] NWCB
[03:24:53] [445/455] SAMT
[03:24:54] 🔄 Identity reset
[03:24:54] 🔄 Identity rotated (every 10 requests)
[03:24:54] [446/455] TMST
[03:24:55] [447/455] SJCN
[03:24:56] [448/455] MCBS
[03:24:57] [449/455] CMKR
[03:24:58] [450/455] INPM
[03:24:59] [451/455] WVMT
[03:24:59] [452/455] NYSM
[03:25:01] [453/455] RCMA
[03:25:03] [454/455] RECM
[03:25:03] [455/455] CYCM
[03:25:04] 🔄 Identity reset
[03:25:04] 🔄 Identity rotated (every 10 requests)
[03:25:05] ✅ DONE | Shows=0 | Movies=0
[04:12:27] 🚀 BMS DAILY TRACKER STARTED (enhanced anti‑detection)
[04:12:27] [1/455] MXGN
[04:12:28] 🧠 New identity created
[04:12:28] 🔄 Retry 1/5 for MXGN in 2.8s
[04:12:28] 🔄 Identity reset
[04:12:31] 🧠 New identity created
[04:12:31] [2/455] PGGM
[04:12:32] [3/455] IPMJ
[04:12:34] [4/455] M2PP
[04:12:35] [5/455] PMMS
[04:12:36] [6/455] SCJN
[04:12:37] [7/455] CPUM
[04:12:38] [8/455] SCND
[04:12:39] [9/455] INWM
[04:12:40] 🔄 Identity reset
[04:12:40] 🔄 Identity rotated (every 10 requests)
[04:12:40] [10/455] DVDC
[04:12:41] [11/455] WVND
[04:12:42] [12/455] LBDL
[04:12:43] [13/455] CRGM
[04:12:43] [14/455] PVKS
[04:12:44] [15/455] PBLL
[04:12:45] [16/455] FNLN
[04:12:46] [17/455] PPDA
[04:12:47] [18/455] SCPT
[04:12:48] [19/455] IAJS
[04:12:49] 🔄 Identity reset
[04:12:49] 🔄 Identity rotated (every 10 requests)
[04:12:49] 🔄 Retry 1/5 for IAJS in 2.9s
[04:12:49] 🔄 Identity reset
[04:12:52] 🧠 New identity created
[04:12:52] [20/455] MMZG
[04:12:53] [21/455] MCTI
[04:12:54] [22/455] PPMF
[04:12:55] [23/455] FNSD
[04:12:56] [24/455] M2RH
[04:12:57] [25/455] CPGV
[04:12:58] [26/455] PECD
[04:12:58] [27/455] CTEE
[04:12:59] [28/455] IOMG
[04:13:00] 🔄 Identity reset
[04:13:00] 🔄 Identity rotated (every 10 requests)
[04:13:00] [29/455] CIJA
[04:13:01] [30/455] NYCG
[04:13:02] [31/455] CEST
[04:13:04] [32/455] WVRG
[04:13:04] [33/455] DPDC
[04:13:05] [34/455] PDIV
[04:13:06] [35/455] MTPP
[04:13:07] [36/455] MHNU
[04:13:08] [37/455] WUPG
[04:13:09] [38/455] USCO
[04:13:09] 🔄 Identity reset
[04:13:09] 🔄 Identity rotated (every 10 requests)
[04:13:09] 🔄 Retry 1/5 for USCO in 2.6s
[04:13:09] 🔄 Identity reset
[04:13:12] 🧠 New identity created
[04:13:12] [39/455] INFR
[04:13:13] [40/455] PVPD
[04:13:14] [41/455] RONC
[04:13:15] [42/455] IOCP
[04:13:16] [43/455] EMPS
[04:13:17] [44/455] PNAD
[04:13:17] [45/455] VVGZ
[04:13:18] [46/455] MDDC
[04:13:19] [47/455] MMAP
[04:13:20] 🔄 Identity reset
[04:13:20] 🔄 Identity rotated (every 10 requests)
[04:13:20] [48/455] GPDC
[04:13:21] [49/455] PVPU
[04:13:22] [50/455] DCMV
[04:13:23] [51/455] PCCF
[04:13:24] [52/455] MCEF
[04:13:25] [53/455] INRD
[04:13:26] [54/455] CCPZ
[04:13:27] [55/455] BCWG
[04:13:28] [56/455] PMGU
[04:13:29] [57/455] MCVM
[04:13:30] 🔄 Identity reset
[04:13:30] 🔄 Identity rotated (every 10 requests)
[04:13:30] 🔄 Retry 1/5 for MCVM in 2.9s
[04:13:30] 🔄 Identity reset
[04:13:33] 🧠 New identity created
[04:13:33] 🔄 Retry 2/5 for MCVM in 4.5s
[04:13:33] 🔄 Identity reset
[04:13:37] 🧠 New identity created
[04:13:37] [58/455] MCDE
[04:13:38] [59/455] IEFM
[04:13:40] [60/455] MXCS
[04:13:41] [61/455] RNMT
[04:13:42] [62/455] PSDD
[04:13:42] [63/455] PETA
[04:13:43] [64/455] IZOP
[04:13:44] [65/455] PDEI
[04:13:45] 🔄 Identity reset
[04:13:45] 🔄 Identity rotated (every 10 requests)
[04:13:45] [66/455] MTND
[04:13:46] [67/455] PCPL
[04:13:47] [68/455] LSCM
[04:13:48] [69/455] BTFD
[04:13:49] [70/455] MERM
[04:13:50] [71/455] PVMS
[04:13:50] [72/455] CIGK
[04:13:51] [73/455] INSG
[04:13:52] [74/455] IDEN
[04:13:53] [75/455] MCGN
[04:13:54] 🔄 Identity reset
[04:13:54] 🔄 Identity rotated (every 10 requests)
[04:13:54] [76/455] IGAM
[04:13:55] [77/455] SLCU
[04:13:56] [78/455] MIMU
[04:13:57] [79/455] QLAC
[04:13:58] [80/455] MENL
[04:13:59] [81/455] SCUR
[04:14:00] [82/455] MDGD
[04:14:01] [83/455] LSRS
[04:14:02] [84/455] KMLG
[04:14:02] [85/455] MKLJ
[04:14:03] 🔄 Identity reset
[04:14:03] 🔄 Identity rotated (every 10 requests)
[04:14:03] [86/455] IBYG
[04:14:04] [87/455] ISML
[04:14:05] [88/455] MJMM
[04:14:06] [89/455] RCGD
[04:14:07] [90/455] MMOC
[04:14:08] [91/455] RRCO
[04:14:09] [92/455] MEDM
[04:14:10] [93/455] MCAZ
[04:14:11] [94/455] STWA
[04:14:12] [95/455] PFFG
[04:14:12] 🔄 Identity reset
[04:14:12] 🔄 Identity rotated (every 10 requests)
[04:14:13] [96/455] GAGC
[04:14:14] [97/455] PMPM
[04:14:15] [98/455] HVCD
[04:14:16] [99/455] AKRF
[04:14:16] [100/455] AKRC
[04:14:17] [101/455] MIDA
[04:14:18] [102/455] MAGX
[04:14:19] [103/455] ESOS
[04:14:20] [104/455] BBCL
[04:14:21] [105/455] LYAS
[04:14:22] 🔄 Identity reset
[04:14:22] 🔄 Identity rotated (every 10 requests)
[04:14:22] [106/455] NRMS
[04:14:23] [107/455] BHUC
[04:14:24] [108/455] SRIC
[04:14:25] [109/455] PDME
[04:14:26] [110/455] MJCS
[04:14:27] [111/455] NRAA
[04:14:28] [112/455] VATA
[04:14:29] [113/455] MNKC
[04:14:30] [114/455] DHCL
[04:14:30] [115/455] JCPC
[04:14:31] 🔄 Identity reset
[04:14:31] 🔄 Identity rotated (every 10 requests)
[04:14:31] [116/455] CTML
[04:14:33] [117/455] RMMR
[04:14:34] [118/455] STTL
[04:14:35] [119/455] CNPS
[04:14:36] [120/455] ACKL
[04:14:36] [121/455] SCAU
[04:14:37] [122/455] RMIA
[04:14:38] [123/455] MANU
[04:14:40] [124/455] ARDC
[04:14:41] [125/455] GLDA
[04:14:41] 🔄 Identity reset
[04:14:41] 🔄 Identity rotated (every 10 requests)
[04:14:41] 🔄 Retry 1/5 for GLDA in 2.5s
[04:14:41] 🔄 Identity reset
[04:14:44] 🧠 New identity created
[04:14:44] 🔄 Retry 2/5 for GLDA in 4.9s
[04:14:44] 🔄 Identity reset
[04:14:49] 🧠 New identity created
[04:14:49] [126/455] KVSW
[04:14:50] [127/455] CGCA
[04:14:51] [128/455] CMLO
[04:14:52] [129/455] CECB
[04:14:53] [130/455] RCPN
[04:14:53] [131/455] ASMW
[04:14:54] [132/455] PWLM
[04:14:55] [133/455] ASGM
[04:14:56] 🔄 Identity reset
[04:14:56] 🔄 Identity rotated (every 10 requests)
[04:14:56] [134/455] ACWH
[04:14:57] [135/455] AAPW
[04:14:58] [136/455] RTWA
[04:14:59] [137/455] RAMW
[04:15:00] [138/455] VKTR
[04:15:01] [139/455] SMBH
[04:15:02] [140/455] BVDR
[04:15:02] [141/455] MRTP
[04:15:03] [142/455] BLBR
[04:15:04] [143/455] LPIN
[04:15:05] 🔄 Identity reset
[04:15:05] 🔄 Identity rotated (every 10 requests)
[04:15:05] [144/455] SNPC
[04:15:06] [145/455] PDCB
[04:15:07] [146/455] DYPK
[04:15:08] [147/455] INMK
[04:15:09] [148/455] PDCK
[04:15:10] [149/455] PCKR
[04:15:11] [150/455] SHUA
[04:15:12] [151/455] SCVK
[04:15:13] [152/455] STPA
[04:15:13] [153/455] WVHD
[04:15:14] 🔄 Identity reset
[04:15:14] 🔄 Identity rotated (every 10 requests)
[04:15:14] [154/455] MRCH
[04:15:15] [155/455] MCNP
[04:15:16] [156/455] RCAG
[04:15:17] [157/455] JTSN
[04:15:18] [158/455] AANS
[04:15:19] [159/455] GDDR
[04:15:20] [160/455] SRER
[04:15:22] [161/455] JKMA
[04:15:23] [162/455] ARAN
[04:15:24] [163/455] ALCT
[04:15:25] 🔄 Identity reset
[04:15:25] 🔄 Identity rotated (every 10 requests)
[04:15:25] 🔄 Retry 1/5 for ALCT in 2.5s
[04:15:25] 🔄 Identity reset
[04:15:28] 🧠 New identity created
[04:15:28] [164/455] CCTA
[04:15:29] [165/455] CNCT
[04:15:30] [166/455] NZBL
[04:15:31] [167/455] SRRA
[04:15:32] [168/455] SVPW
[04:15:33] [169/455] SRTW
[04:15:34] [170/455] XMTD
[04:15:34] [171/455] SCCZ
[04:15:35] [172/455] PBCR
[04:15:36] 🔄 Identity reset
[04:15:36] 🔄 Identity rotated (every 10 requests)
[04:15:36] [173/455] RTSC
[04:15:37] [174/455] TLSV
[04:15:38] [175/455] RMTK
[04:15:39] [176/455] SRAT
[04:15:40] [177/455] GCYC
[04:15:41] [178/455] HCAJ
[04:15:42] [179/455] LCXA
[04:15:42] [180/455] BINT
[04:15:43] [181/455] IXIM
[04:15:44] [182/455] MBCR
[04:15:45] 🔄 Identity reset
[04:15:45] 🔄 Identity rotated (every 10 requests)
[04:15:45] [183/455] BMCJ
[04:15:46] [184/455] NICJ
[04:15:47] [185/455] SCAJ
[04:15:48] [186/455] CMXS
[04:15:50] [187/455] MMSR
[04:15:50] [188/455] PRKT
[04:15:51] [189/455] LPTH
[04:15:52] [190/455] SARP
[04:15:53] [191/455] MNPP
[04:15:54] [192/455] PRLR
[04:15:55] 🔄 Identity reset
[04:15:55] 🔄 Identity rotated (every 10 requests)
[04:15:55] 🔄 Retry 1/5 for PRLR in 2.6s
[04:15:55] 🔄 Identity reset
[04:15:57] 🧠 New identity created
[04:15:57] 🔄 Retry 2/5 for PRLR in 4.2s
[04:15:57] 🔄 Identity reset
[04:16:02] 🧠 New identity created
[04:16:03] [193/455] RCMW
[04:16:04] [194/455] FCMG
[04:16:05] [195/455] RTNK
[04:16:06] [196/455] LRCP
[04:16:07] [197/455] DBJR
[04:16:08] [198/455] CACN
[04:16:09] [199/455] AMRL
[04:16:10] [200/455] SBBC
[04:16:10] 🔄 Identity reset
[04:16:10] 🔄 Identity rotated (every 10 requests)
[04:16:11] [201/455] VENN
[04:16:12] [202/455] STSS
[04:16:13] [203/455] SMRB
[04:16:14] [204/455] CCMX
[04:16:15] [205/455] KCMR
[04:16:16] [206/455] SALH
[04:16:17] [207/455] CGTT
[04:16:19] [208/455] PMDR
[04:16:20] [209/455] VCPM
[04:16:20] [210/455] RZMX
[04:16:21] 🔄 Identity reset
[04:16:21] 🔄 Identity rotated (every 10 requests)
[04:16:21] [211/455] TMSY
[04:16:22] [212/455] NTMS
[04:16:23] [213/455] VTAG
[04:16:24] [214/455] REMA
[04:16:25] [215/455] NXCC
[04:16:25] [216/455] SKYM
[04:16:26] [217/455] CCMO
[04:16:27] [218/455] DMXM
[04:16:28] [219/455] SPPM
[04:16:29] [220/455] PTKL
[04:16:30] 🔄 Identity reset
[04:16:30] 🔄 Identity rotated (every 10 requests)
[04:16:31] [221/455] SLVO
[04:16:32] [222/455] VASL
[04:16:33] [223/455] CBCM
[04:16:33] [224/455] STMA
[04:16:34] [225/455] LASK
[04:16:35] [226/455] VITE
[04:16:36] [227/455] AAST
[04:16:37] [228/455] JTPT
[04:16:38] [229/455] RRSH
[04:16:39] [230/455] CINL
[04:16:39] 🔄 Identity reset
[04:16:39] 🔄 Identity rotated (every 10 requests)
[04:16:39] 🔄 Retry 1/5 for CINL in 2.9s
[04:16:39] 🔄 Identity reset
[04:16:42] 🧠 New identity created
[04:16:43] 🔄 Retry 2/5 for CINL in 4.7s
[04:16:43] 🔄 Identity reset
[04:16:47] 🧠 New identity created
[04:16:47] 🔄 Retry 3/5 for CINL in 8.2s
[04:16:47] 🔄 Identity reset
[04:16:56] 🧠 New identity created
[04:16:56] [231/455] MCSR
[04:16:57] [232/455] SBCF
[04:16:58] [233/455] GCDU
[04:16:58] [234/455] PSPR
[04:16:59] [235/455] IMMO
[04:17:00] [236/455] CLGM
[04:17:01] [237/455] PBMM
[04:17:02] 🔄 Identity reset
[04:17:02] 🔄 Identity rotated (every 10 requests)
[04:17:02] [238/455] CEHR
[04:17:03] [239/455] CPOE
[04:17:04] [240/455] PGFD
[04:17:05] [241/455] PSLC
[04:17:06] [242/455] MSMD
[04:17:06] [243/455] FMFB
[04:17:07] [244/455] RKCL
[04:17:08] [245/455] PMMC
[04:17:09] [246/455] SKMM
[04:17:10] [247/455] VOIB
[04:17:11] 🔄 Identity reset
[04:17:11] 🔄 Identity rotated (every 10 requests)
[04:17:11] [248/455] KINO
[04:17:12] [249/455] VCTP
[04:17:13] [250/455] PDWR
[04:17:14] [251/455] SAED
[04:17:15] [252/455] SRRT
[04:17:15] [253/455] CVLG
[04:17:16] [254/455] SNGN
[04:17:17] [255/455] SIDA
[04:17:18] [256/455] IMCB
[04:17:19] [257/455] SMHP
[04:17:20] 🔄 Identity reset
[04:17:20] 🔄 Identity rotated (every 10 requests)
[04:17:20] 🔄 Retry 1/5 for SMHP in 2.6s
[04:17:20] 🔄 Identity reset
[04:17:23] 🧠 New identity created
[04:17:23] [258/455] GDTY
[04:17:24] [259/455] VYCH
[04:17:24] [260/455] PDYA
[04:17:26] [261/455] RKDO
[04:17:27] [262/455] VECG
[04:17:28] [263/455] NFGD
[04:17:29] [264/455] SNDC
[04:17:30] [265/455] SDJH
[04:17:31] [266/455] HASV
[04:17:32] 🔄 Identity reset
[04:17:32] 🔄 Identity rotated (every 10 requests)
[04:17:32] [267/455] PTYK
[04:17:33] [268/455] MUTB
[04:17:34] [269/455] AMRT
[04:17:35] [270/455] VACD
[04:17:36] [271/455] SKDD
[04:17:37] [272/455] STGR
[04:17:37] [273/455] GDAK
[04:17:38] [274/455] SKHK
[04:17:39] [275/455] SLND
[04:17:40] [276/455] APAP
[04:17:41] 🔄 Identity reset
[04:17:41] 🔄 Identity rotated (every 10 requests)
[04:17:41] [277/455] AYYA
[04:17:42] [278/455] VCCZ
[04:17:43] [279/455] MEML
[04:17:44] [280/455] MAOU
[04:17:45] [281/455] ESND
[04:17:46] [282/455] PTBZ
[04:17:46] [283/455] LBCN
[04:17:47] [284/455] PAWA
[04:17:48] [285/455] ZEIC
[04:17:49] [286/455] CGMM
[04:17:50] 🔄 Identity reset
[04:17:50] 🔄 Identity rotated (every 10 requests)
[04:17:51] [287/455] PJPM
[04:17:52] [288/455] ECMR
[04:17:53] [289/455] SHMZ
[04:17:54] [290/455] STCA
[04:17:55] [291/455] VDRC
[04:17:56] [292/455] SEEM
[04:17:57] [293/455] MKNS
[04:17:58] [294/455] KPPP
[04:17:59] [295/455] CCML
[04:18:00] [296/455] CIBA
[04:18:01] 🔄 Identity reset
[04:18:01] 🔄 Identity rotated (every 10 requests)
[04:18:01] 🔄 Retry 1/5 for CIBA in 2.7s
[04:18:01] 🔄 Identity reset
[04:18:03] 🧠 New identity created
[04:18:04] [297/455] NACS
[04:18:05] [298/455] CTMK
[04:18:06] [299/455] CTCT
[04:18:06] [300/455] MCSN
[04:18:07] [301/455] MAXX
[04:18:08] [302/455] MECB
[04:18:09] [303/455] NTBY
[04:18:10] [304/455] UTBI
[04:18:12] [305/455] RADK
[04:18:12] 🔄 Identity reset
[04:18:12] 🔄 Identity rotated (every 10 requests)
[04:18:13] [306/455] STBY
[04:18:13] [307/455] GTBY
[04:18:14] [308/455] RRMB
[04:18:15] [309/455] ABRN
[04:18:16] [310/455] GTSG
[04:18:17] [311/455] GBTG
[04:18:18] [312/455] SBGS
[04:18:19] [313/455] KBPM
[04:18:20] [314/455] SMHT
[04:18:21] [315/455] VTDM
[04:18:21] 🔄 Identity reset
[04:18:21] 🔄 Identity rotated (every 10 requests)
[04:18:22] [316/455] ASCT
[04:18:23] [317/455] AWCT
[04:18:25] [318/455] DCCU
[04:18:26] [319/455] PSCE
[04:18:27] [320/455] KSNY
[04:18:28] [321/455] ACID
[04:18:29] [322/455] LVCD
[04:18:30] [323/455] KSSB
[04:18:31] [324/455] SWTD
[04:18:31] [325/455] RBMR
[04:18:32] 🔄 Identity reset
[04:18:32] 🔄 Identity rotated (every 10 requests)
[04:18:33] [326/455] SCBC
[04:18:33] [327/455] RKME
[04:18:34] [328/455] GALX
[04:18:35] [329/455] GCCH
[04:18:36] [330/455] RATR
[04:18:37] [331/455] GTGA
[04:18:38] [332/455] LTTR
[04:18:39] [333/455] TTAA
[04:18:40] [334/455] TVHP
[04:18:41] [335/455] KVCS
[04:18:41] 🔄 Identity reset
[04:18:41] 🔄 Identity rotated (every 10 requests)
[04:18:42] [336/455] CBMC
[04:18:42] [337/455] MAYJ
[04:18:43] [338/455] INPR
[04:18:44] [339/455] RSSC
[04:18:45] [340/455] PCAN
[04:18:46] [341/455] PVHR
[04:18:48] [342/455] AGSM
[04:18:49] [343/455] PVES
[04:18:50] [344/455] INTO
[04:18:50] [345/455] ACON
[04:18:51] 🔄 Identity reset
[04:18:51] 🔄 Identity rotated (every 10 requests)
[04:18:51] [346/455] PVPZ
[04:18:52] [347/455] PVHC
[04:18:53] [348/455] KSTK
[04:18:54] [349/455] PVSR
[04:18:55] [350/455] ACTN
[04:18:56] [351/455] FMCN
[04:18:57] [352/455] PABC
[04:18:58] [353/455] SUTC
[04:18:59] [354/455] PGMV
[04:18:59] [355/455] GKCP
[04:19:00] 🔄 Identity reset
[04:19:00] 🔄 Identity rotated (every 10 requests)
[04:19:01] [356/455] INCH
[04:19:02] [357/455] MLMT
[04:19:03] [358/455] SSCC
[04:19:04] [359/455] SLMP
[04:19:05] [360/455] VVTN
[04:19:06] [361/455] SBTR
[04:19:07] [362/455] PGRA
[04:19:08] [363/455] PBRM
[04:19:09] [364/455] GCRP
[04:19:10] [365/455] MCSK
[04:19:10] 🔄 Identity reset
[04:19:10] 🔄 Identity rotated (every 10 requests)
[04:19:11] [366/455] NLTC
[04:19:12] [367/455] MTLM
[04:19:13] [368/455] VECT
[04:19:14] [369/455] KMRM
[04:19:15] [370/455] RACM
[04:19:16] [371/455] WSTC
[04:19:17] [372/455] PVTJ
[04:19:18] [373/455] MMKC
[04:19:19] [374/455] SVWT
[04:19:20] [375/455] JOTG
[04:19:21] 🔄 Identity reset
[04:19:21] 🔄 Identity rotated (every 10 requests)
[04:19:21] [376/455] VCDK
[04:19:22] [377/455] ANAC
[04:19:23] [378/455] GRTC
[04:19:24] [379/455] JTPL
[04:19:25] [380/455] VRCP
[04:19:26] [381/455] REMC
[04:19:27] [382/455] ATMG
[04:19:28] [383/455] GAHC
[04:19:28] [384/455] JTMV
[04:19:29] [385/455] OMTT
[04:19:30] 🔄 Identity reset
[04:19:30] 🔄 Identity rotated (every 10 requests)
[04:19:30] [386/455] GKKC
[04:19:31] [387/455] BBPO
[04:19:32] [388/455] ZCBB
[04:19:33] [389/455] DCGO
[04:19:34] [390/455] STOP
[04:19:35] [391/455] BSPC
[04:19:36] [392/455] SOND
[04:19:37] [393/455] GCKG
[04:19:38] [394/455] PCDB
[04:19:38] [395/455] PGRC
[04:19:39] 🔄 Identity reset
[04:19:39] 🔄 Identity rotated (every 10 requests)
[04:19:40] [396/455] CSCT
[04:19:40] [397/455] STDA
[04:19:41] [398/455] JAYD
[04:19:42] [399/455] PPPD
[04:19:43] [400/455] KRTT
[04:19:44] [401/455] PTDT
[04:19:45] [402/455] TRSV
[04:19:46] [403/455] VELR
[04:19:47] [404/455] STDT
[04:19:48] [405/455] SATT
[04:19:49] 🔄 Identity reset
[04:19:49] 🔄 Identity rotated (every 10 requests)
[04:19:49] [406/455] KCPM
[04:19:50] [407/455] MFCP
[04:19:51] [408/455] AXMP
[04:19:52] [409/455] LTVB
[04:19:53] [410/455] APST
[04:19:53] [411/455] DTVP
[04:19:55] [412/455] AAVB
[04:19:57] [413/455] PMBL
[04:19:58] [414/455] STKC
[04:19:59] [415/455] KKMA
[04:19:59] 🔄 Identity reset
[04:19:59] 🔄 Identity rotated (every 10 requests)
[04:20:00] [416/455] NMXS
[04:20:00] [417/455] DECX
[04:20:01] [418/455] MAPJ
[04:20:02] [419/455] SMLK
[04:20:03] [420/455] PMPU
[04:20:04] [421/455] AFST
[04:20:05] [422/455] SRSY
[04:20:05] [423/455] RMKT
[04:20:06] [424/455] RAJX
[04:20:07] [425/455] UVCD
[04:20:08] 🔄 Identity reset
[04:20:08] 🔄 Identity rotated (every 10 requests)
[04:20:08] [426/455] LISA
[04:20:09] [427/455] LMSR
[04:20:10] [428/455] PMCA
[04:20:11] [429/455] INPO
[04:20:12] [430/455] INGO
[04:20:13] [431/455] HFSQ
[04:20:14] [432/455] INMG
[04:20:15] [433/455] NYCP
[04:20:16] [434/455] HFSV
[04:20:17] [435/455] MMZP
[04:20:17] 🔄 Identity reset
[04:20:17] 🔄 Identity rotated (every 10 requests)
[04:20:17] [436/455] KSES
[04:20:18] [437/455] HFSA
[04:20:20] [438/455] ACMM
[04:20:21] [439/455] RCKD
[04:20:22] [440/455] BCKR
[04:20:23] [441/455] SFCO
[04:20:23] [442/455] JCCB
[04:20:24] [443/455] BCCR
[04:20:25] [444/455] NWCB
[04:20:26] [445/455] SAMT
[04:20:26] 🔄 Identity reset
[04:20:26] 🔄 Identity rotated (every 10 requests)
[04:20:27] [446/455] TMST
[04:20:28] [447/455] SJCN
[04:20:28] [448/455] MCBS
[04:20:29] [449/455] CMKR
[04:20:31] [450/455] INPM
[04:20:32] [451/455] WVMT
[04:20:33] [452/455] NYSM
[04:20:34] [453/455] RCMA
[04:20:35] [454/455] RECM
[04:20:36] [455/455] CYCM
[04:20:36] 🔄 Identity reset
[04:20:36] 🔄 Identity rotated (every 10 requests)
[04:20:37] ✅ DONE | Shows=0 | Movies=0
[05:17:20] 🚀 BMS DAILY TRACKER STARTED (enhanced anti‑detection)
[05:17:20] [1/455] MXGN
[05:17:21] 🧠 New identity created
[05:17:22] [2/455] PGGM
[05:17:22] [3/455] IPMJ
[05:17:23] [4/455] M2PP
[05:17:25] [5/455] PMMS
[05:17:25] [6/455] SCJN
[05:17:26] [7/455] CPUM
[05:17:27] [8/455] SCND
[05:17:28] [9/455] INWM
[05:17:29] [10/455] DVDC
[05:17:29] 🔄 Identity reset
[05:17:29] 🔄 Identity rotated (every 10 requests)
[05:17:30] [11/455] WVND
[05:17:30] [12/455] LBDL
[05:17:31] [13/455] CRGM
[05:17:32] [14/455] PVKS
[05:17:33] [15/455] PBLL
[05:17:33] [16/455] FNLN
[05:17:34] [17/455] PPDA
[05:17:35] [18/455] SCPT
[05:17:36] [19/455] IAJS
[05:17:36] [20/455] MMZG
[05:17:37] 🔄 Identity reset
[05:17:37] 🔄 Identity rotated (every 10 requests)
[05:17:37] 🔄 Retry 1/5 for MMZG in 2.9s
[05:17:37] 🔄 Identity reset
[05:17:40] 🧠 New identity created
[05:17:40] [21/455] MCTI
[05:17:41] [22/455] PPMF
[05:17:42] [23/455] FNSD
[05:17:43] [24/455] M2RH
[05:17:44] [25/455] CPGV
[05:17:45] [26/455] PECD
[05:17:45] [27/455] CTEE
[05:17:46] [28/455] IOMG
[05:17:47] [29/455] CIJA
[05:17:48] 🔄 Identity reset
[05:17:48] 🔄 Identity rotated (every 10 requests)
[05:17:49] [30/455] NYCG
[05:17:49] [31/455] CEST
[05:17:50] [32/455] WVRG
[05:17:51] [33/455] DPDC
[05:17:52] [34/455] PDIV
[05:17:53] [35/455] MTPP
[05:17:53] [36/455] MHNU
[05:17:54] [37/455] WUPG
[05:17:55] [38/455] USCO
[05:17:56] [39/455] INFR
[05:17:56] 🔄 Identity reset
[05:17:56] 🔄 Identity rotated (every 10 requests)
[05:17:57] [40/455] PVPD
[05:17:58] [41/455] RONC
[05:17:59] [42/455] IOCP
[05:18:00] [43/455] EMPS
[05:18:00] [44/455] PNAD
[05:18:02] [45/455] VVGZ
[05:18:03] [46/455] MDDC
[05:18:04] [47/455] MMAP
[05:18:04] [48/455] GPDC
[05:18:05] [49/455] PVPU
[05:18:06] 🔄 Identity reset
[05:18:06] 🔄 Identity rotated (every 10 requests)
[05:18:06] [50/455] DCMV
[05:18:07] [51/455] PCCF
[05:18:08] [52/455] MCEF
[05:18:08] [53/455] INRD
[05:18:09] [54/455] CCPZ
[05:18:09] [55/455] BCWG
[05:18:10] [56/455] PMGU
[05:18:11] [57/455] MCVM
[05:18:11] [58/455] MCDE
[05:18:12] [59/455] IEFM
[05:18:13] 🔄 Identity reset
[05:18:13] 🔄 Identity rotated (every 10 requests)
[05:18:13] [60/455] MXCS
[05:18:14] [61/455] RNMT
[05:18:15] [62/455] PSDD
[05:18:16] [63/455] PETA
[05:18:16] [64/455] IZOP
[05:18:17] [65/455] PDEI
[05:18:18] [66/455] MTND
[05:18:19] [67/455] PCPL
[05:18:20] [68/455] LSCM
[05:18:21] [69/455] BTFD
[05:18:22] 🔄 Identity reset
[05:18:22] 🔄 Identity rotated (every 10 requests)
[05:18:22] [70/455] MERM
[05:18:23] [71/455] PVMS
[05:18:24] [72/455] CIGK
[05:18:25] [73/455] INSG
[05:18:25] [74/455] IDEN
[05:18:26] [75/455] MCGN
[05:18:27] [76/455] IGAM
[05:18:27] [77/455] SLCU
[05:18:28] [78/455] MIMU
[05:18:29] [79/455] QLAC
[05:18:30] 🔄 Identity reset
[05:18:30] 🔄 Identity rotated (every 10 requests)
[05:18:30] [80/455] MENL
[05:18:31] [81/455] SCUR
[05:18:32] [82/455] MDGD
[05:18:33] [83/455] LSRS
[05:18:34] [84/455] KMLG
[05:18:35] [85/455] MKLJ
[05:18:35] [86/455] IBYG
[05:18:36] [87/455] ISML
[05:18:37] [88/455] MJMM
[05:18:38] [89/455] RCGD
[05:18:38] 🔄 Identity reset
[05:18:38] 🔄 Identity rotated (every 10 requests)
[05:18:39] [90/455] MMOC
[05:18:40] [91/455] RRCO
[05:18:40] [92/455] MEDM
[05:18:41] [93/455] MCAZ
[05:18:42] [94/455] STWA
[05:18:43] [95/455] PFFG
[05:18:44] [96/455] GAGC
[05:18:45] [97/455] PMPM
[05:18:46] [98/455] HVCD
[05:18:46] [99/455] AKRF
[05:18:47] 🔄 Identity reset
[05:18:47] 🔄 Identity rotated (every 10 requests)
[05:18:47] [100/455] AKRC
[05:18:49] [101/455] MIDA
[05:18:50] [102/455] MAGX
[05:18:50] [103/455] ESOS
[05:18:51] [104/455] BBCL
[05:18:53] [105/455] LYAS
[05:18:53] [106/455] NRMS
[05:18:54] [107/455] BHUC
[05:18:55] [108/455] SRIC
[05:18:56] [109/455] PDME
[05:18:56] 🔄 Identity reset
[05:18:56] 🔄 Identity rotated (every 10 requests)
[05:18:56] 🔄 Retry 1/5 for PDME in 2.7s
[05:18:56] 🔄 Identity reset
[05:18:59] 🧠 New identity created
[05:18:59] [110/455] MJCS
[05:19:00] [111/455] NRAA
[05:19:01] [112/455] VATA
[05:19:02] [113/455] MNKC
[05:19:03] [114/455] DHCL
[05:19:04] [115/455] JCPC
[05:19:05] [116/455] CTML
[05:19:06] [117/455] RMMR
[05:19:06] [118/455] STTL
[05:19:07] 🔄 Identity reset
[05:19:07] 🔄 Identity rotated (every 10 requests)
[05:19:07] [119/455] CNPS
[05:19:08] [120/455] ACKL
[05:19:09] [121/455] SCAU
[05:19:10] [122/455] RMIA
[05:19:11] [123/455] MANU
[05:19:11] [124/455] ARDC
[05:19:12] [125/455] GLDA
[05:19:13] [126/455] KVSW
[05:19:14] [127/455] CGCA
[05:19:15] [128/455] CMLO
[05:19:16] 🔄 Identity reset
[05:19:16] 🔄 Identity rotated (every 10 requests)
[05:19:16] [129/455] CECB
[05:19:17] [130/455] RCPN
[05:19:18] [131/455] ASMW
[05:19:18] [132/455] PWLM
[05:19:20] [133/455] ASGM
[05:19:21] [134/455] ACWH
[05:19:22] [135/455] AAPW
[05:19:22] [136/455] RTWA
[05:19:24] [137/455] RAMW
[05:19:24] [138/455] VKTR
[05:19:25] 🔄 Identity reset
[05:19:25] 🔄 Identity rotated (every 10 requests)
[05:19:25] [139/455] SMBH
[05:19:26] [140/455] BVDR
[05:19:27] [141/455] MRTP
[05:19:28] [142/455] BLBR
[05:19:28] [143/455] LPIN
[05:19:30] [144/455] SNPC
[05:19:31] [145/455] PDCB
[05:19:31] [146/455] DYPK
[05:19:32] [147/455] INMK
[05:19:33] [148/455] PDCK
[05:19:34] 🔄 Identity reset
[05:19:34] 🔄 Identity rotated (every 10 requests)
[05:19:34] 🔄 Retry 1/5 for PDCK in 2.2s
[05:19:34] 🔄 Identity reset
[05:19:36] 🧠 New identity created
[05:19:36] [149/455] PCKR
[05:19:37] [150/455] SHUA
[05:19:38] [151/455] SCVK
[05:19:39] [152/455] STPA
[05:19:40] [153/455] WVHD
[05:19:41] [154/455] MRCH
[05:19:41] [155/455] MCNP
[05:19:42] [156/455] RCAG
[05:19:43] [157/455] JTSN
[05:19:43] 🔄 Identity reset
[05:19:43] 🔄 Identity rotated (every 10 requests)
[05:19:44] [158/455] AANS
[05:19:44] [159/455] GDDR
[05:19:45] [160/455] SRER
[05:19:46] [161/455] JKMA
[05:19:47] [162/455] ARAN
[05:19:47] [163/455] ALCT
[05:19:49] [164/455] CCTA
[05:19:50] [165/455] CNCT
[05:19:51] [166/455] NZBL
[05:19:52] [167/455] SRRA
[05:19:52] 🔄 Identity reset
[05:19:52] 🔄 Identity rotated (every 10 requests)
[05:19:53] [168/455] SVPW
[05:19:54] [169/455] SRTW
[05:19:54] [170/455] XMTD
[05:19:55] [171/455] SCCZ
[05:19:56] [172/455] PBCR
[05:19:57] [173/455] RTSC
[05:19:57] [174/455] TLSV
[05:19:58] [175/455] RMTK
[05:20:00] [176/455] SRAT
[05:20:01] [177/455] GCYC
[05:20:01] 🔄 Identity reset
[05:20:01] 🔄 Identity rotated (every 10 requests)
[05:20:01] [178/455] HCAJ
[05:20:02] [179/455] LCXA
[05:20:03] [180/455] BINT
[05:20:04] [181/455] IXIM
[05:20:05] [182/455] MBCR
[05:20:06] [183/455] BMCJ
[05:20:06] [184/455] NICJ
[05:20:07] [185/455] SCAJ
[05:20:08] [186/455] CMXS
[05:20:09] [187/455] MMSR
[05:20:10] 🔄 Identity reset
[05:20:10] 🔄 Identity rotated (every 10 requests)
[05:20:10] [188/455] PRKT
[05:20:11] [189/455] LPTH
[05:20:12] [190/455] SARP
[05:20:12] [191/455] MNPP
[05:20:13] [192/455] PRLR
[05:20:14] [193/455] RCMW
[05:20:15] [194/455] FCMG
[05:20:16] [195/455] RTNK
[05:20:18] [196/455] LRCP
[05:20:18] [197/455] DBJR
[05:20:19] 🔄 Identity reset
[05:20:19] 🔄 Identity rotated (every 10 requests)
[05:20:19] [198/455] CACN
[05:20:20] [199/455] AMRL
[05:20:22] [200/455] SBBC
[05:20:22] [201/455] VENN
[05:20:23] [202/455] STSS
[05:20:24] [203/455] SMRB
[05:20:25] [204/455] CCMX
[05:20:25] [205/455] KCMR
[05:20:26] [206/455] SALH
[05:20:27] [207/455] CGTT
[05:20:28] 🔄 Identity reset
[05:20:28] 🔄 Identity rotated (every 10 requests)
[05:20:28] [208/455] PMDR
[05:20:29] [209/455] VCPM
[05:20:30] [210/455] RZMX
[05:20:30] [211/455] TMSY
[05:20:31] [212/455] NTMS
[05:20:32] [213/455] VTAG
[05:20:33] [214/455] REMA
[05:20:34] [215/455] NXCC
[05:20:34] [216/455] SKYM
[05:20:36] [217/455] CCMO
[05:20:36] 🔄 Identity reset
[05:20:36] 🔄 Identity rotated (every 10 requests)
[05:20:36] 🔄 Retry 1/5 for CCMO in 2.5s
[05:20:36] 🔄 Identity reset
[05:20:39] 🧠 New identity created
[05:20:39] [218/455] DMXM
[05:20:40] [219/455] SPPM
[05:20:41] [220/455] PTKL
[05:20:42] [221/455] SLVO
[05:20:42] [222/455] VASL
[05:20:43] [223/455] CBCM
[05:20:44] [224/455] STMA
[05:20:46] [225/455] LASK
[05:20:47] [226/455] VITE
[05:20:47] 🔄 Identity reset
[05:20:47] 🔄 Identity rotated (every 10 requests)
[05:20:48] [227/455] AAST
[05:20:48] [228/455] JTPT
[05:20:49] [229/455] RRSH
[05:20:50] [230/455] CINL
[05:20:50] [231/455] MCSR
[05:20:51] [232/455] SBCF
[05:20:52] [233/455] GCDU
[05:20:53] [234/455] PSPR
[05:20:53] [235/455] IMMO
[05:20:54] [236/455] CLGM
[05:20:55] 🔄 Identity reset
[05:20:55] 🔄 Identity rotated (every 10 requests)
[05:20:55] [237/455] PBMM
[05:20:56] [238/455] CEHR
[05:20:57] [239/455] CPOE
[05:20:58] [240/455] PGFD
[05:20:58] [241/455] PSLC
[05:20:59] [242/455] MSMD
[05:21:00] [243/455] FMFB
[05:21:01] [244/455] RKCL
[05:21:02] [245/455] PMMC
[05:21:03] [246/455] SKMM
[05:21:03] 🔄 Identity reset
[05:21:03] 🔄 Identity rotated (every 10 requests)
[05:21:04] [247/455] VOIB
[05:21:05] [248/455] KINO
[05:21:06] [249/455] VCTP
[05:21:07] [250/455] PDWR
[05:21:07] [251/455] SAED
[05:21:08] [252/455] SRRT
[05:21:09] [253/455] CVLG
[05:21:09] [254/455] SNGN
[05:21:10] [255/455] SIDA
[05:21:11] [256/455] IMCB
[05:21:12] 🔄 Identity reset
[05:21:12] 🔄 Identity rotated (every 10 requests)
[05:21:12] [257/455] SMHP
[05:21:13] [258/455] GDTY
[05:21:14] [259/455] VYCH
[05:21:15] [260/455] PDYA
[05:21:16] [261/455] RKDO
[05:21:17] [262/455] VECG
[05:21:18] [263/455] NFGD
[05:21:19] [264/455] SNDC
[05:21:20] [265/455] SDJH
[05:21:20] [266/455] HASV
[05:21:21] 🔄 Identity reset
[05:21:21] 🔄 Identity rotated (every 10 requests)
[05:21:21] [267/455] PTYK
[05:21:22] [268/455] MUTB
[05:21:23] [269/455] AMRT
[05:21:24] [270/455] VACD
[05:21:25] [271/455] SKDD
[05:21:26] [272/455] STGR
[05:21:26] [273/455] GDAK
[05:21:27] [274/455] SKHK
[05:21:28] [275/455] SLND
[05:21:29] [276/455] APAP
[05:21:29] 🔄 Identity reset
[05:21:29] 🔄 Identity rotated (every 10 requests)
[05:21:31] [277/455] AYYA
[05:21:31] [278/455] VCCZ
[05:21:32] [279/455] MEML
[05:21:33] [280/455] MAOU
[05:21:33] [281/455] ESND
[05:21:34] [282/455] PTBZ
[05:21:35] [283/455] LBCN
[05:21:36] [284/455] PAWA
[05:21:37] [285/455] ZEIC
[05:21:37] [286/455] CGMM
[05:21:38] 🔄 Identity reset
[05:21:38] 🔄 Identity rotated (every 10 requests)
[05:21:39] [287/455] PJPM
[05:21:39] [288/455] ECMR
[05:21:40] [289/455] SHMZ
[05:21:41] [290/455] STCA
[05:21:42] [291/455] VDRC
[05:21:43] [292/455] SEEM
[05:21:44] [293/455] MKNS
[05:21:45] [294/455] KPPP
[05:21:46] [295/455] CCML
[05:21:46] [296/455] CIBA
[05:21:47] 🔄 Identity reset
[05:21:47] 🔄 Identity rotated (every 10 requests)
[05:21:47] [297/455] NACS
[05:21:48] [298/455] CTMK
[05:21:49] [299/455] CTCT
[05:21:51] [300/455] MCSN
[05:21:51] [301/455] MAXX
[05:21:52] [302/455] MECB
[05:21:53] [303/455] NTBY
[05:21:54] [304/455] UTBI
[05:21:55] [305/455] RADK
[05:21:56] [306/455] STBY
[05:21:56] 🔄 Identity reset
[05:21:56] 🔄 Identity rotated (every 10 requests)
[05:21:56] 🔄 Retry 1/5 for STBY in 2.0s
[05:21:56] 🔄 Identity reset
[05:21:58] 🧠 New identity created
[05:21:58] 🔄 Retry 2/5 for STBY in 4.2s
[05:21:58] 🔄 Identity reset
[05:22:03] 🧠 New identity created
[05:22:03] [307/455] GTBY
[05:22:04] [308/455] RRMB
[05:22:04] [309/455] ABRN
[05:22:05] [310/455] GTSG
[05:22:06] [311/455] GBTG
[05:22:06] [312/455] SBGS
[05:22:07] [313/455] KBPM
[05:22:08] [314/455] SMHT
[05:22:09] 🔄 Identity reset
[05:22:09] 🔄 Identity rotated (every 10 requests)
[05:22:09] [315/455] VTDM
[05:22:10] [316/455] ASCT
[05:22:11] [317/455] AWCT
[05:22:11] [318/455] DCCU
[05:22:13] [319/455] PSCE
[05:22:14] [320/455] KSNY
[05:22:15] [321/455] ACID
[05:22:15] [322/455] LVCD
[05:22:16] [323/455] KSSB
[05:22:17] [324/455] SWTD
[05:22:18] 🔄 Identity reset
[05:22:18] 🔄 Identity rotated (every 10 requests)
[05:22:18] [325/455] RBMR
[05:22:19] [326/455] SCBC
[05:22:20] [327/455] RKME
[05:22:21] [328/455] GALX
[05:22:22] [329/455] GCCH
[05:22:22] [330/455] RATR
[05:22:23] [331/455] GTGA
[05:22:24] [332/455] LTTR
[05:22:25] [333/455] TTAA
[05:22:26] [334/455] TVHP
[05:22:27] 🔄 Identity reset
[05:22:27] 🔄 Identity rotated (every 10 requests)
[05:22:27] [335/455] KVCS
[05:22:28] [336/455] CBMC
[05:22:28] [337/455] MAYJ
[05:22:29] [338/455] INPR
[05:22:30] [339/455] RSSC
[05:22:32] [340/455] PCAN
[05:22:33] [341/455] PVHR
[05:22:34] [342/455] AGSM
[05:22:35] [343/455] PVES
[05:22:36] [344/455] INTO
[05:22:37] 🔄 Identity reset
[05:22:37] 🔄 Identity rotated (every 10 requests)
[05:22:37] [345/455] ACON
[05:22:38] [346/455] PVPZ
[05:22:38] [347/455] PVHC
[05:22:39] [348/455] KSTK
[05:22:40] [349/455] PVSR
[05:22:41] [350/455] ACTN
[05:22:42] [351/455] FMCN
[05:22:43] [352/455] PABC
[05:22:43] [353/455] SUTC
[05:22:44] [354/455] PGMV
[05:22:45] 🔄 Identity reset
[05:22:45] 🔄 Identity rotated (every 10 requests)
[05:22:46] [355/455] GKCP
[05:22:47] [356/455] INCH
[05:22:48] [357/455] MLMT
[05:22:48] [358/455] SSCC
[05:22:50] [359/455] SLMP
[05:22:51] [360/455] VVTN
[05:22:52] [361/455] SBTR
[05:22:53] [362/455] PGRA
[05:22:53] [363/455] PBRM
[05:22:54] [364/455] GCRP
[05:22:55] 🔄 Identity reset
[05:22:55] 🔄 Identity rotated (every 10 requests)
[05:22:55] [365/455] MCSK
[05:22:56] [366/455] NLTC
[05:22:57] [367/455] MTLM
[05:22:58] [368/455] VECT
[05:22:58] [369/455] KMRM
[05:22:59] [370/455] RACM
[05:23:00] [371/455] WSTC
[05:23:01] [372/455] PVTJ
[05:23:02] [373/455] MMKC
[05:23:02] [374/455] SVWT
[05:23:03] 🔄 Identity reset
[05:23:03] 🔄 Identity rotated (every 10 requests)
[05:23:04] [375/455] JOTG
[05:23:05] [376/455] VCDK
[05:23:06] [377/455] ANAC
[05:23:06] [378/455] GRTC
[05:23:07] [379/455] JTPL
[05:23:08] [380/455] VRCP
[05:23:09] [381/455] REMC
[05:23:10] [382/455] ATMG
[05:23:11] [383/455] GAHC
[05:23:12] [384/455] JTMV
[05:23:12] 🔄 Identity reset
[05:23:12] 🔄 Identity rotated (every 10 requests)
[05:23:12] [385/455] OMTT
[05:23:13] [386/455] GKKC
[05:23:14] [387/455] BBPO
[05:23:15] [388/455] ZCBB
[05:23:16] [389/455] DCGO
[05:23:16] [390/455] STOP
[05:23:17] [391/455] BSPC
[05:23:18] [392/455] SOND
[05:23:19] [393/455] GCKG
[05:23:20] [394/455] PCDB
[05:23:21] 🔄 Identity reset
[05:23:21] 🔄 Identity rotated (every 10 requests)
[05:23:21] 🔄 Retry 1/5 for PCDB in 2.9s
[05:23:21] 🔄 Identity reset
[05:23:24] 🧠 New identity created
[05:23:24] [395/455] PGRC
[05:23:25] [396/455] CSCT
[05:23:26] [397/455] STDA
[05:23:27] [398/455] JAYD
[05:23:28] [399/455] PPPD
[05:23:28] [400/455] KRTT
[05:23:30] [401/455] PTDT
[05:23:31] [402/455] TRSV
[05:23:32] [403/455] VELR
[05:23:32] 🔄 Identity reset
[05:23:32] 🔄 Identity rotated (every 10 requests)
[05:23:32] [404/455] STDT
[05:23:33] [405/455] SATT
[05:23:34] [406/455] KCPM
[05:23:35] [407/455] MFCP
[05:23:36] [408/455] AXMP
[05:23:37] [409/455] LTVB
[05:23:37] [410/455] APST
[05:23:38] [411/455] DTVP
[05:23:39] [412/455] AAVB
[05:23:40] [413/455] PMBL
[05:23:41] 🔄 Identity reset
[05:23:41] 🔄 Identity rotated (every 10 requests)
[05:23:41] [414/455] STKC
[05:23:42] [415/455] KKMA
[05:23:43] [416/455] NMXS
[05:23:44] [417/455] DECX
[05:23:44] [418/455] MAPJ
[05:23:45] [419/455] SMLK
[05:23:46] [420/455] PMPU
[05:23:47] [421/455] AFST
[05:23:48] [422/455] SRSY
[05:23:48] [423/455] RMKT
[05:23:49] 🔄 Identity reset
[05:23:49] 🔄 Identity rotated (every 10 requests)
[05:23:49] [424/455] RAJX
[05:23:50] [425/455] UVCD
[05:23:51] [426/455] LISA
[05:23:52] [427/455] LMSR
[05:23:53] [428/455] PMCA
[05:23:54] [429/455] INPO
[05:23:56] [430/455] INGO
[05:23:57] [431/455] HFSQ
[05:23:57] [432/455] INMG
[05:23:58] [433/455] NYCP
[05:23:59] 🔄 Identity reset
[05:23:59] 🔄 Identity rotated (every 10 requests)
[05:24:00] [434/455] HFSV
[05:24:01] [435/455] MMZP
[05:24:01] [436/455] KSES
[05:24:02] [437/455] HFSA
[05:24:03] [438/455] ACMM
[05:24:04] [439/455] RCKD
[05:24:05] [440/455] BCKR
[05:24:06] [441/455] SFCO
[05:24:07] [442/455] JCCB
[05:24:07] [443/455] BCCR
[05:24:08] 🔄 Identity reset
[05:24:08] 🔄 Identity rotated (every 10 requests)
[05:24:08] [444/455] NWCB
[05:24:09] [445/455] SAMT
[05:24:10] [446/455] TMST
[05:24:11] [447/455] SJCN
[05:24:12] [448/455] MCBS
[05:24:12] [449/455] CMKR
[05:24:13] [450/455] INPM
[05:24:14] [451/455] WVMT
[05:24:15] [452/455] NYSM
[05:24:16] [453/455] RCMA
[05:24:16] 🔄 Identity reset
[05:24:16] 🔄 Identity rotated (every 10 requests)
[05:24:16] [454/455] RECM
[05:24:17] [455/455] CYCM
[05:24:19] ✅ DONE | Shows=17 | Movies=6
[06:07:16] 🚀 BMS DAILY TRACKER STARTED (enhanced anti‑detection)
[06:07:16] [1/455] MXGN
[06:07:17] 🧠 New identity created
[06:07:17] 🔄 Retry 1/5 for MXGN in 2.1s
[06:07:17] 🔄 Identity reset
[06:07:19] 🧠 New identity created
[06:07:19] [2/455] PGGM
[06:07:20] [3/455] IPMJ
[06:07:21] [4/455] M2PP
[06:07:22] [5/455] PMMS
[06:07:23] [6/455] SCJN
[06:07:24] [7/455] CPUM
[06:07:25] [8/455] SCND
[06:07:26] [9/455] INWM
[06:07:26] 🔄 Identity reset
[06:07:26] 🔄 Identity rotated (every 10 requests)
[06:07:27] 🔄 Retry 1/5 for INWM in 2.6s
[06:07:27] 🔄 Identity reset
[06:07:29] 🧠 New identity created
[06:07:30] [10/455] DVDC
[06:07:30] [11/455] WVND
[06:07:31] [12/455] LBDL
[06:07:32] [13/455] CRGM
[06:07:33] [14/455] PVKS
[06:07:34] [15/455] PBLL
[06:07:35] [16/455] FNLN
[06:07:36] [17/455] PPDA
[06:07:37] [18/455] SCPT
[06:07:37] 🔄 Identity reset
[06:07:37] 🔄 Identity rotated (every 10 requests)
[06:07:39] [19/455] IAJS
[06:07:40] [20/455] MMZG
[06:07:41] [21/455] MCTI
[06:07:42] [22/455] PPMF
[06:07:43] [23/455] FNSD
[06:07:44] [24/455] M2RH
[06:07:45] [25/455] CPGV
[06:07:46] [26/455] PECD
[06:07:47] [27/455] CTEE
[06:07:48] [28/455] IOMG
[06:07:48] 🔄 Identity reset
[06:07:48] 🔄 Identity rotated (every 10 requests)
[06:07:49] [29/455] CIJA
[06:07:50] [30/455] NYCG
[06:07:51] [31/455] CEST
[06:07:51] [32/455] WVRG
[06:07:52] [33/455] DPDC
[06:07:53] [34/455] PDIV
[06:07:54] [35/455] MTPP
[06:07:55] [36/455] MHNU
[06:07:56] [37/455] WUPG
[06:07:57] [38/455] USCO
[06:07:57] 🔄 Identity reset
[06:07:57] 🔄 Identity rotated (every 10 requests)
[06:07:57] 🔄 Retry 1/5 for USCO in 2.1s
[06:07:57] 🔄 Identity reset
[06:08:00] 🧠 New identity created
[06:08:00] [39/455] INFR
[06:08:01] [40/455] PVPD
[06:08:03] [41/455] RONC
[06:08:04] [42/455] IOCP
[06:08:05] [43/455] EMPS
[06:08:06] [44/455] PNAD
[06:08:07] [45/455] VVGZ
[06:08:08] [46/455] MDDC
[06:08:09] [47/455] MMAP
[06:08:09] 🔄 Identity reset
[06:08:09] 🔄 Identity rotated (every 10 requests)
[06:08:09] 🔄 Retry 1/5 for MMAP in 2.7s
[06:08:09] 🔄 Identity reset
[06:08:12] 🧠 New identity created
[06:08:12] [48/455] GPDC
[06:08:13] [49/455] PVPU
[06:08:14] [50/455] DCMV
[06:08:15] [51/455] PCCF
[06:08:16] [52/455] MCEF
[06:08:17] [53/455] INRD
[06:08:18] [54/455] CCPZ
[06:08:19] [55/455] BCWG
[06:08:20] [56/455] PMGU
[06:08:21] 🔄 Identity reset
[06:08:21] 🔄 Identity rotated (every 10 requests)
[06:08:21] [57/455] MCVM
[06:08:22] [58/455] MCDE
[06:08:23] [59/455] IEFM
[06:08:24] [60/455] MXCS
[06:08:25] [61/455] RNMT
[06:08:25] [62/455] PSDD
[06:08:26] [63/455] PETA
[06:08:28] [64/455] IZOP
[06:08:29] [65/455] PDEI
[06:08:30] [66/455] MTND
[06:08:31] 🔄 Identity reset
[06:08:31] 🔄 Identity rotated (every 10 requests)
[06:08:31] [67/455] PCPL
[06:08:32] [68/455] LSCM
[06:08:33] [69/455] BTFD
[06:08:35] [70/455] MERM
[06:08:36] [71/455] PVMS
[06:08:37] [72/455] CIGK
[06:08:38] [73/455] INSG
[06:08:38] [74/455] IDEN
[06:08:39] [75/455] MCGN
[06:08:40] [76/455] IGAM
[06:08:41] 🔄 Identity reset
[06:08:41] 🔄 Identity rotated (every 10 requests)
[06:08:41] [77/455] SLCU
[06:08:42] [78/455] MIMU
[06:08:43] [79/455] QLAC
[06:08:44] [80/455] MENL
[06:08:45] [81/455] SCUR
[06:08:46] [82/455] MDGD
[06:08:47] [83/455] LSRS
[06:08:48] [84/455] KMLG
[06:08:49] [85/455] MKLJ
[06:08:50] [86/455] IBYG
[06:08:50] 🔄 Identity reset
[06:08:50] 🔄 Identity rotated (every 10 requests)
[06:08:51] [87/455] ISML
[06:08:52] [88/455] MJMM
[06:08:53] [89/455] RCGD
[06:08:54] [90/455] MMOC
[06:08:54] [91/455] RRCO
[06:08:55] [92/455] MEDM
[06:08:56] [93/455] MCAZ
[06:08:57] [94/455] STWA
[06:08:58] [95/455] PFFG
[06:08:59] [96/455] GAGC
[06:08:59] 🔄 Identity reset
[06:08:59] 🔄 Identity rotated (every 10 requests)
[06:08:59] 🔄 Retry 1/5 for GAGC in 3.0s
[06:08:59] 🔄 Identity reset
[06:09:02] 🧠 New identity created
[06:09:02] 🔄 Retry 2/5 for GAGC in 4.1s
[06:09:02] 🔄 Identity reset
[06:09:07] 🧠 New identity created
[06:09:07] [97/455] PMPM
[06:09:08] [98/455] HVCD
[06:09:09] [99/455] AKRF
[06:09:10] [100/455] AKRC
[06:09:10] [101/455] MIDA
[06:09:11] [102/455] MAGX
[06:09:12] [103/455] ESOS
[06:09:13] [104/455] BBCL
[06:09:14] 🔄 Identity reset
[06:09:14] 🔄 Identity rotated (every 10 requests)
[06:09:14] [105/455] LYAS
[06:09:15] [106/455] NRMS
[06:09:16] [107/455] BHUC
[06:09:17] [108/455] SRIC
[06:09:18] [109/455] PDME
[06:09:18] [110/455] MJCS
[06:09:19] [111/455] NRAA
[06:09:20] [112/455] VATA
[06:09:21] [113/455] MNKC
[06:09:22] [114/455] DHCL
[06:09:23] 🔄 Identity reset
[06:09:23] 🔄 Identity rotated (every 10 requests)
[06:09:23] [115/455] JCPC
[06:09:24] [116/455] CTML
[06:09:25] [117/455] RMMR
[06:09:26] [118/455] STTL
[06:09:27] [119/455] CNPS
[06:09:28] [120/455] ACKL
[06:09:29] [121/455] SCAU
[06:09:31] [122/455] RMIA
[06:09:32] [123/455] MANU
[06:09:33] [124/455] ARDC
[06:09:33] 🔄 Identity reset
[06:09:33] 🔄 Identity rotated (every 10 requests)
[06:09:34] [125/455] GLDA
[06:09:35] [126/455] KVSW
[06:09:36] [127/455] CGCA
[06:09:37] [128/455] CMLO
[06:09:38] [129/455] CECB
[06:09:38] [130/455] RCPN
[06:09:39] [131/455] ASMW
[06:09:40] [132/455] PWLM
[06:09:42] [133/455] ASGM
[06:09:43] [134/455] ACWH
[06:09:43] 🔄 Identity reset
[06:09:43] 🔄 Identity rotated (every 10 requests)
[06:09:44] [135/455] AAPW
[06:09:45] [136/455] RTWA
[06:09:46] [137/455] RAMW
[06:09:47] [138/455] VKTR
[06:09:48] [139/455] SMBH
[06:09:49] [140/455] BVDR
[06:09:49] [141/455] MRTP
[06:09:51] [142/455] BLBR
[06:09:51] [143/455] LPIN
[06:09:53] [144/455] SNPC
[06:09:54] 🔄 Identity reset
[06:09:54] 🔄 Identity rotated (every 10 requests)
[06:09:54] [145/455] PDCB
[06:09:55] [146/455] DYPK
[06:09:56] [147/455] INMK
[06:09:57] [148/455] PDCK
[06:09:58] [149/455] PCKR
[06:09:59] [150/455] SHUA
[06:10:00] [151/455] SCVK
[06:10:01] [152/455] STPA
[06:10:02] [153/455] WVHD
[06:10:03] [154/455] MRCH
[06:10:03] 🔄 Identity reset
[06:10:03] 🔄 Identity rotated (every 10 requests)
[06:10:04] [155/455] MCNP
[06:10:05] [156/455] RCAG
[06:10:06] [157/455] JTSN
[06:10:07] [158/455] AANS
[06:10:08] [159/455] GDDR
[06:10:09] [160/455] SRER
[06:10:10] [161/455] JKMA
[06:10:11] [162/455] ARAN
[06:10:12] [163/455] ALCT
[06:10:13] [164/455] CCTA
[06:10:14] 🔄 Identity reset
[06:10:14] 🔄 Identity rotated (every 10 requests)
[06:10:14] [165/455] CNCT
[06:10:16] [166/455] NZBL
[06:10:17] [167/455] SRRA
[06:10:17] [168/455] SVPW
[06:10:18] [169/455] SRTW
[06:10:19] [170/455] XMTD
[06:10:20] [171/455] SCCZ
[06:10:21] [172/455] PBCR
[06:10:22] [173/455] RTSC
[06:10:23] [174/455] TLSV
[06:10:23] 🔄 Identity reset
[06:10:23] 🔄 Identity rotated (every 10 requests)
[06:10:24] [175/455] RMTK
[06:10:25] [176/455] SRAT
[06:10:26] [177/455] GCYC
[06:10:27] [178/455] HCAJ
[06:10:28] [179/455] LCXA
[06:10:29] [180/455] BINT
[06:10:30] [181/455] IXIM
[06:10:32] [182/455] MBCR
[06:10:32] [183/455] BMCJ
[06:10:33] [184/455] NICJ
[06:10:34] 🔄 Identity reset
[06:10:34] 🔄 Identity rotated (every 10 requests)
[06:10:34] [185/455] SCAJ
[06:10:35] [186/455] CMXS
[06:10:36] [187/455] MMSR
[06:10:37] [188/455] PRKT
[06:10:38] [189/455] LPTH
[06:10:39] [190/455] SARP
[06:10:40] [191/455] MNPP
[06:10:40] [192/455] PRLR
[06:10:41] [193/455] RCMW
[06:10:43] [194/455] FCMG
[06:10:44] 🔄 Identity reset
[06:10:44] 🔄 Identity rotated (every 10 requests)
[06:10:44] [195/455] RTNK
[06:10:45] [196/455] LRCP
[06:10:46] [197/455] DBJR
[06:10:47] [198/455] CACN
[06:10:48] [199/455] AMRL
[06:10:49] [200/455] SBBC
[06:10:50] [201/455] VENN
[06:10:51] [202/455] STSS
[06:10:52] [203/455] SMRB
[06:10:53] [204/455] CCMX
[06:10:54] 🔄 Identity reset
[06:10:54] 🔄 Identity rotated (every 10 requests)
[06:10:54] 🔄 Retry 1/5 for CCMX in 2.3s
[06:10:54] 🔄 Identity reset
[06:10:56] 🧠 New identity created
[06:10:57] [205/455] KCMR
[06:10:58] [206/455] SALH
[06:10:59] [207/455] CGTT
[06:11:00] [208/455] PMDR
[06:11:00] [209/455] VCPM
[06:11:01] [210/455] RZMX
[06:11:02] [211/455] TMSY
[06:11:03] [212/455] NTMS
[06:11:04] [213/455] VTAG
[06:11:05] 🔄 Identity reset
[06:11:05] 🔄 Identity rotated (every 10 requests)
[06:11:05] [214/455] REMA
[06:11:06] [215/455] NXCC
[06:11:07] [216/455] SKYM
[06:11:08] [217/455] CCMO
[06:11:09] [218/455] DMXM
[06:11:10] [219/455] SPPM
[06:11:11] [220/455] PTKL
[06:11:11] [221/455] SLVO
[06:11:12] [222/455] VASL
[06:11:13] [223/455] CBCM
[06:11:14] 🔄 Identity reset
[06:11:14] 🔄 Identity rotated (every 10 requests)
[06:11:14] [224/455] STMA
[06:11:15] [225/455] LASK
[06:11:16] [226/455] VITE
[06:11:17] [227/455] AAST
[06:11:18] [228/455] JTPT
[06:11:19] [229/455] RRSH
[06:11:20] [230/455] CINL
[06:11:21] [231/455] MCSR
[06:11:22] [232/455] SBCF
[06:11:23] [233/455] GCDU
[06:11:23] 🔄 Identity reset
[06:11:23] 🔄 Identity rotated (every 10 requests)
[06:11:24] [234/455] PSPR
[06:11:25] [235/455] IMMO
[06:11:26] [236/455] CLGM
[06:11:27] [237/455] PBMM
[06:11:28] [238/455] CEHR
[06:11:29] [239/455] CPOE
[06:11:30] [240/455] PGFD
[06:11:31] [241/455] PSLC
[06:11:32] [242/455] MSMD
[06:11:33] [243/455] FMFB
[06:11:34] 🔄 Identity reset
[06:11:34] 🔄 Identity rotated (every 10 requests)
[06:11:34] [244/455] RKCL
[06:11:35] [245/455] PMMC
[06:11:36] [246/455] SKMM
[06:11:37] [247/455] VOIB
[06:11:38] [248/455] KINO
[06:11:39] [249/455] VCTP
[06:11:41] [250/455] PDWR
[06:11:42] [251/455] SAED
[06:11:43] [252/455] SRRT
[06:11:44] [253/455] CVLG
[06:11:45] 🔄 Identity reset
[06:11:45] 🔄 Identity rotated (every 10 requests)
[06:11:45] [254/455] SNGN
[06:11:46] [255/455] SIDA
[06:11:47] [256/455] IMCB
[06:11:48] [257/455] SMHP
[06:11:49] [258/455] GDTY
[06:11:51] [259/455] VYCH
[06:11:53] [260/455] PDYA
[06:11:53] [261/455] RKDO
[06:11:54] [262/455] VECG
[06:11:55] [263/455] NFGD
[06:11:56] 🔄 Identity reset
[06:11:56] 🔄 Identity rotated (every 10 requests)
[06:11:56] [264/455] SNDC
[06:11:57] [265/455] SDJH
[06:11:58] [266/455] HASV
[06:12:00] [267/455] PTYK
[06:12:01] [268/455] MUTB
[06:12:02] [269/455] AMRT
[06:12:03] [270/455] VACD
[06:12:04] [271/455] SKDD
[06:12:05] [272/455] STGR
[06:12:05] [273/455] GDAK
[06:12:06] 🔄 Identity reset
[06:12:06] 🔄 Identity rotated (every 10 requests)
[06:12:06] [274/455] SKHK
[06:12:07] [275/455] SLND
[06:12:08] [276/455] APAP
[06:12:09] [277/455] AYYA
[06:12:10] [278/455] VCCZ
[06:12:11] [279/455] MEML
[06:12:13] [280/455] MAOU
[06:12:14] [281/455] ESND
[06:12:15] [282/455] PTBZ
[06:12:16] [283/455] LBCN
[06:12:17] 🔄 Identity reset
[06:12:17] 🔄 Identity rotated (every 10 requests)
[06:12:17] 🔄 Retry 1/5 for LBCN in 2.0s
[06:12:17] 🔄 Identity reset
[06:12:19] 🧠 New identity created
[06:12:19] 🔄 Retry 2/5 for LBCN in 4.0s
[06:12:19] 🔄 Identity reset
[06:12:23] 🧠 New identity created
[06:12:23] [284/455] PAWA
[06:12:24] [285/455] ZEIC
[06:12:25] [286/455] CGMM
[06:12:26] [287/455] PJPM
[06:12:27] [288/455] ECMR
[06:12:29] [289/455] SHMZ
[06:12:29] [290/455] STCA
[06:12:30] [291/455] VDRC
[06:12:31] 🔄 Identity reset
[06:12:31] 🔄 Identity rotated (every 10 requests)
[06:12:31] 🔄 Retry 1/5 for VDRC in 2.5s
[06:12:31] 🔄 Identity reset
[06:12:33] 🧠 New identity created
[06:12:34] 🔄 Retry 2/5 for VDRC in 4.0s
[06:12:34] 🔄 Identity reset
[06:12:38] 🧠 New identity created
[06:12:38] [292/455] SEEM
[06:12:40] [293/455] MKNS
[06:12:41] [294/455] KPPP
[06:12:42] [295/455] CCML
[06:12:43] [296/455] CIBA
[06:12:44] [297/455] NACS
[06:12:45] [298/455] CTMK
[06:12:46] [299/455] CTCT
[06:12:46] 🔄 Identity reset
[06:12:46] 🔄 Identity rotated (every 10 requests)
[06:12:47] [300/455] MCSN
[06:12:48] [301/455] MAXX
[06:12:49] [302/455] MECB
[06:12:49] [303/455] NTBY
[06:12:50] [304/455] UTBI
[06:12:51] [305/455] RADK
[06:12:52] [306/455] STBY
[06:12:53] [307/455] GTBY
[06:12:54] [308/455] RRMB
[06:12:55] [309/455] ABRN
[06:12:55] 🔄 Identity reset
[06:12:55] 🔄 Identity rotated (every 10 requests)
[06:12:56] [310/455] GTSG
[06:12:57] [311/455] GBTG
[06:12:57] [312/455] SBGS
[06:12:58] [313/455] KBPM
[06:13:00] [314/455] SMHT
[06:13:01] [315/455] VTDM
[06:13:02] [316/455] ASCT
[06:13:03] [317/455] AWCT
[06:13:04] [318/455] DCCU
[06:13:05] [319/455] PSCE
[06:13:06] 🔄 Identity reset
[06:13:06] 🔄 Identity rotated (every 10 requests)
[06:13:06] [320/455] KSNY
[06:13:07] [321/455] ACID
[06:13:08] [322/455] LVCD
[06:13:10] [323/455] KSSB
[06:13:11] [324/455] SWTD
[06:13:12] [325/455] RBMR
[06:13:13] [326/455] SCBC
[06:13:14] [327/455] RKME
[06:13:15] [328/455] GALX
[06:13:16] [329/455] GCCH
[06:13:17] 🔄 Identity reset
[06:13:17] 🔄 Identity rotated (every 10 requests)
[06:13:17] [330/455] RATR
[06:13:18] [331/455] GTGA
[06:13:19] [332/455] LTTR
[06:13:20] [333/455] TTAA
[06:13:21] [334/455] TVHP
[06:13:22] [335/455] KVCS
[06:13:23] [336/455] CBMC
[06:13:24] [337/455] MAYJ
[06:13:25] [338/455] INPR
[06:13:26] [339/455] RSSC
[06:13:26] 🔄 Identity reset
[06:13:26] 🔄 Identity rotated (every 10 requests)
[06:13:27] [340/455] PCAN
[06:13:28] [341/455] PVHR
[06:13:29] [342/455] AGSM
[06:13:29] [343/455] PVES
[06:13:30] [344/455] INTO
[06:13:31] [345/455] ACON
[06:13:32] [346/455] PVPZ
[06:13:34] [347/455] PVHC
[06:13:35] [348/455] KSTK
[06:13:36] [349/455] PVSR
[06:13:36] 🔄 Identity reset
[06:13:36] 🔄 Identity rotated (every 10 requests)
[06:13:37] [350/455] ACTN
[06:13:38] [351/455] FMCN
[06:13:39] [352/455] PABC
[06:13:39] [353/455] SUTC
[06:13:41] [354/455] PGMV
[06:13:42] [355/455] GKCP
[06:13:43] [356/455] INCH
[06:13:44] [357/455] MLMT
[06:13:45] [358/455] SSCC
[06:13:46] [359/455] SLMP
[06:13:47] 🔄 Identity reset
[06:13:47] 🔄 Identity rotated (every 10 requests)
[06:13:47] [360/455] VVTN
[06:13:48] [361/455] SBTR
[06:13:49] [362/455] PGRA
[06:13:50] [363/455] PBRM
[06:13:50] [364/455] GCRP
[06:13:51] [365/455] MCSK
[06:13:52] [366/455] NLTC
[06:13:53] [367/455] MTLM
[06:13:54] [368/455] VECT
[06:13:56] [369/455] KMRM
[06:13:57] 🔄 Identity reset
[06:13:57] 🔄 Identity rotated (every 10 requests)
[06:13:57] [370/455] RACM
[06:13:58] [371/455] WSTC
[06:13:59] [372/455] PVTJ
[06:14:00] [373/455] MMKC
[06:14:01] [374/455] SVWT
[06:14:02] [375/455] JOTG
[06:14:03] [376/455] VCDK
[06:14:04] [377/455] ANAC
[06:14:05] [378/455] GRTC
[06:14:05] [379/455] JTPL
[06:14:06] 🔄 Identity reset
[06:14:06] 🔄 Identity rotated (every 10 requests)
[06:14:06] [380/455] VRCP
[06:14:07] [381/455] REMC
[06:14:08] [382/455] ATMG
[06:14:10] [383/455] GAHC
[06:14:11] [384/455] JTMV
[06:14:12] [385/455] OMTT
[06:14:13] [386/455] GKKC
[06:14:13] [387/455] BBPO
[06:14:14] [388/455] ZCBB
[06:14:15] [389/455] DCGO
[06:14:16] 🔄 Identity reset
[06:14:16] 🔄 Identity rotated (every 10 requests)
[06:14:16] [390/455] STOP
[06:14:17] [391/455] BSPC
[06:14:18] [392/455] SOND
[06:14:19] [393/455] GCKG
[06:14:19] [394/455] PCDB
[06:14:20] [395/455] PGRC
[06:14:21] [396/455] CSCT
[06:14:22] [397/455] STDA
[06:14:24] [398/455] JAYD
[06:14:25] [399/455] PPPD
[06:14:26] 🔄 Identity reset
[06:14:26] 🔄 Identity rotated (every 10 requests)
[06:14:26] [400/455] KRTT
[06:14:27] [401/455] PTDT
[06:14:28] [402/455] TRSV
[06:14:29] [403/455] VELR
[06:14:30] [404/455] STDT
[06:14:31] [405/455] SATT
[06:14:32] [406/455] KCPM
[06:14:32] [407/455] MFCP
[06:14:33] [408/455] AXMP
[06:14:35] [409/455] LTVB
[06:14:35] 🔄 Identity reset
[06:14:35] 🔄 Identity rotated (every 10 requests)
[06:14:36] [410/455] APST
[06:14:37] [411/455] DTVP
[06:14:38] [412/455] AAVB
[06:14:39] [413/455] PMBL
[06:14:40] [414/455] STKC
[06:14:41] [415/455] KKMA
[06:14:42] [416/455] NMXS
[06:14:43] [417/455] DECX
[06:14:44] [418/455] MAPJ
[06:14:44] [419/455] SMLK
[06:14:45] 🔄 Identity reset
[06:14:45] 🔄 Identity rotated (every 10 requests)
[06:14:45] [420/455] PMPU
[06:14:46] [421/455] AFST
[06:14:47] [422/455] SRSY
[06:14:48] [423/455] RMKT
[06:14:49] [424/455] RAJX
[06:14:51] [425/455] UVCD
[06:14:52] [426/455] LISA
[06:14:53] [427/455] LMSR
[06:14:54] [428/455] PMCA
[06:14:54] [429/455] INPO
[06:14:55] 🔄 Identity reset
[06:14:55] 🔄 Identity rotated (every 10 requests)
[06:14:55] [430/455] INGO
[06:14:56] [431/455] HFSQ
[06:14:57] [432/455] INMG
[06:14:58] [433/455] NYCP
[06:14:59] [434/455] HFSV
[06:15:00] [435/455] MMZP
[06:15:01] [436/455] KSES
[06:15:02] [437/455] HFSA
[06:15:03] [438/455] ACMM
[06:15:04] [439/455] RCKD
[06:15:04] 🔄 Identity reset
[06:15:04] 🔄 Identity rotated (every 10 requests)
[06:15:05] [440/455] BCKR
[06:15:05] [441/455] SFCO
[06:15:06] [442/455] JCCB
[06:15:07] [443/455] BCCR
[06:15:08] [444/455] NWCB
[06:15:09] [445/455] SAMT
[06:15:10] [446/455] TMST
[06:15:11] [447/455] SJCN
[06:15:12] [448/455] MCBS
[06:15:13] [449/455] CMKR
[06:15:13] 🔄 Identity reset
[06:15:13] 🔄 Identity rotated (every 10 requests)
[06:15:14] [450/455] INPM
[06:15:15] [451/455] WVMT
[06:15:16] [452/455] NYSM
[06:15:16] [453/455] RCMA
[06:15:17] [454/455] RECM
[06:15:18] [455/455] CYCM
[06:15:20] ✅ DONE | Shows=241 | Movies=27
[07:07:25] 🚀 BMS DAILY TRACKER STARTED (enhanced anti‑detection)
[07:07:25] [1/455] MXGN
[07:07:26] 🧠 New identity created
[07:07:26] [2/455] PGGM
[07:07:27] [3/455] IPMJ
[07:07:28] [4/455] M2PP
[07:07:29] [5/455] PMMS
[07:07:30] [6/455] SCJN
[07:07:31] [7/455] CPUM
[07:07:32] [8/455] SCND
[07:07:33] [9/455] INWM
[07:07:34] [10/455] DVDC
[07:07:34] 🔄 Identity reset
[07:07:34] 🔄 Identity rotated (every 10 requests)
[07:07:35] [11/455] WVND
[07:07:36] [12/455] LBDL
[07:07:37] [13/455] CRGM
[07:07:38] [14/455] PVKS
[07:07:38] [15/455] PBLL
[07:07:40] [16/455] FNLN
[07:07:41] [17/455] PPDA
[07:07:42] [18/455] SCPT
[07:07:43] [19/455] IAJS
[07:07:45] [20/455] MMZG
[07:07:46] 🔄 Identity reset
[07:07:46] 🔄 Identity rotated (every 10 requests)
[07:07:46] [21/455] MCTI
[07:07:47] [22/455] PPMF
[07:07:48] [23/455] FNSD
[07:07:49] [24/455] M2RH
[07:07:50] [25/455] CPGV
[07:07:51] [26/455] PECD
[07:07:52] [27/455] CTEE
[07:07:52] [28/455] IOMG
[07:07:53] [29/455] CIJA
[07:07:55] [30/455] NYCG
[07:07:56] 🔄 Identity reset
[07:07:56] 🔄 Identity rotated (every 10 requests)
[07:07:56] [31/455] CEST
[07:07:57] [32/455] WVRG
[07:07:58] [33/455] DPDC
[07:07:59] [34/455] PDIV
[07:08:00] [35/455] MTPP
[07:08:01] [36/455] MHNU
[07:08:02] [37/455] WUPG
[07:08:03] [38/455] USCO
[07:08:04] [39/455] INFR
[07:08:04] [40/455] PVPD
[07:08:05] 🔄 Identity reset
[07:08:05] 🔄 Identity rotated (every 10 requests)
[07:08:05] [41/455] RONC
[07:08:06] [42/455] IOCP
[07:08:07] [43/455] EMPS
[07:08:08] [44/455] PNAD
[07:08:09] [45/455] VVGZ
[07:08:10] [46/455] MDDC
[07:08:11] [47/455] MMAP
[07:08:12] [48/455] GPDC
[07:08:12] [49/455] PVPU
[07:08:13] [50/455] DCMV
[07:08:14] 🔄 Identity reset
[07:08:14] 🔄 Identity rotated (every 10 requests)
[07:08:14] [51/455] PCCF
[07:08:15] [52/455] MCEF
[07:08:17] [53/455] INRD
[07:08:18] [54/455] CCPZ
[07:08:19] [55/455] BCWG
[07:08:20] [56/455] PMGU
[07:08:21] [57/455] MCVM
[07:08:22] [58/455] MCDE
[07:08:23] [59/455] IEFM
[07:08:24] [60/455] MXCS
[07:08:24] 🔄 Identity reset
[07:08:24] 🔄 Identity rotated (every 10 requests)
[07:08:25] 🔄 Retry 1/5 for MXCS in 2.4s
[07:08:25] 🔄 Identity reset
[07:08:27] 🧠 New identity created
[07:08:27] [61/455] RNMT
[07:08:28] [62/455] PSDD
[07:08:29] [63/455] PETA
[07:08:30] [64/455] IZOP
[07:08:31] [65/455] PDEI
[07:08:32] [66/455] MTND
[07:08:33] [67/455] PCPL
[07:08:34] [68/455] LSCM
[07:08:35] [69/455] BTFD
[07:08:35] 🔄 Identity reset
[07:08:35] 🔄 Identity rotated (every 10 requests)
[07:08:36] [70/455] MERM
[07:08:37] [71/455] PVMS
[07:08:38] [72/455] CIGK
[07:08:39] [73/455] INSG
[07:08:40] [74/455] IDEN
[07:08:41] [75/455] MCGN
[07:08:42] [76/455] IGAM
[07:08:43] [77/455] SLCU
[07:08:44] [78/455] MIMU
[07:08:45] [79/455] QLAC
[07:08:46] 🔄 Identity reset
[07:08:46] 🔄 Identity rotated (every 10 requests)
[07:08:46] [80/455] MENL
[07:08:47] [81/455] SCUR
[07:08:48] [82/455] MDGD
[07:08:50] [83/455] LSRS
[07:08:51] [84/455] KMLG
[07:08:52] [85/455] MKLJ
[07:08:53] [86/455] IBYG
[07:08:54] [87/455] ISML
[07:08:55] [88/455] MJMM
[07:08:56] [89/455] RCGD
[07:08:56] 🔄 Identity reset
[07:08:56] 🔄 Identity rotated (every 10 requests)
[07:08:56] [90/455] MMOC
[07:08:57] [91/455] RRCO
[07:08:58] [92/455] MEDM
[07:08:59] [93/455] MCAZ
[07:09:00] [94/455] STWA
[07:09:02] [95/455] PFFG
[07:09:03] [96/455] GAGC
[07:09:04] [97/455] PMPM
[07:09:05] [98/455] HVCD
[07:09:06] [99/455] AKRF
[07:09:07] 🔄 Identity reset
[07:09:07] 🔄 Identity rotated (every 10 requests)
[07:09:08] [100/455] AKRC
[07:09:08] [101/455] MIDA
[07:09:10] [102/455] MAGX
[07:09:10] [103/455] ESOS
[07:09:11] [104/455] BBCL
[07:09:12] [105/455] LYAS
[07:09:13] [106/455] NRMS
[07:09:14] [107/455] BHUC
[07:09:16] [108/455] SRIC
[07:09:17] [109/455] PDME
[07:09:18] 🔄 Identity reset
[07:09:18] 🔄 Identity rotated (every 10 requests)
[07:09:18] [110/455] MJCS
[07:09:19] [111/455] NRAA
[07:09:20] [112/455] VATA
[07:09:21] [113/455] MNKC
[07:09:22] [114/455] DHCL
[07:09:22] [115/455] JCPC
[07:09:23] [116/455] CTML
[07:09:24] [117/455] RMMR
[07:09:25] [118/455] STTL
[07:09:26] [119/455] CNPS
[07:09:27] 🔄 Identity reset
[07:09:27] 🔄 Identity rotated (every 10 requests)
[07:09:27] [120/455] ACKL
[07:09:28] [121/455] SCAU
[07:09:28] [122/455] RMIA
[07:09:29] [123/455] MANU
[07:09:30] [124/455] ARDC
[07:09:31] [125/455] GLDA
[07:09:32] [126/455] KVSW
[07:09:33] [127/455] CGCA
[07:09:34] [128/455] CMLO
[07:09:35] [129/455] CECB
[07:09:35] 🔄 Identity reset
[07:09:35] 🔄 Identity rotated (every 10 requests)
[07:09:36] [130/455] RCPN
[07:09:37] [131/455] ASMW
[07:09:38] [132/455] PWLM
[07:09:39] [133/455] ASGM
[07:09:39] [134/455] ACWH
[07:09:40] [135/455] AAPW
[07:09:41] [136/455] RTWA
[07:09:42] [137/455] RAMW
[07:09:43] [138/455] VKTR
[07:09:44] [139/455] SMBH
[07:09:45] 🔄 Identity reset
[07:09:45] 🔄 Identity rotated (every 10 requests)
[07:09:45] [140/455] BVDR
[07:09:46] [141/455] MRTP
[07:09:47] [142/455] BLBR
[07:09:48] [143/455] LPIN
[07:09:49] [144/455] SNPC
[07:09:50] [145/455] PDCB
[07:09:51] [146/455] DYPK
[07:09:52] [147/455] INMK
[07:09:53] [148/455] PDCK
[07:09:54] [149/455] PCKR
[07:09:55] 🔄 Identity reset
[07:09:55] 🔄 Identity rotated (every 10 requests)
[07:09:55] [150/455] SHUA
[07:09:56] [151/455] SCVK
[07:09:57] [152/455] STPA
[07:09:58] [153/455] WVHD
[07:09:58] [154/455] MRCH
[07:09:59] [155/455] MCNP
[07:10:00] [156/455] RCAG
[07:10:01] [157/455] JTSN
[07:10:02] [158/455] AANS
[07:10:03] [159/455] GDDR
[07:10:03] 🔄 Identity reset
[07:10:03] 🔄 Identity rotated (every 10 requests)
[07:10:04] [160/455] SRER
[07:10:05] [161/455] JKMA
[07:10:06] [162/455] ARAN
[07:10:06] [163/455] ALCT
[07:10:07] [164/455] CCTA
[07:10:08] [165/455] CNCT
[07:10:09] [166/455] NZBL
[07:10:10] [167/455] SRRA
[07:10:11] [168/455] SVPW
[07:10:12] [169/455] SRTW
[07:10:13] 🔄 Identity reset
[07:10:13] 🔄 Identity rotated (every 10 requests)
[07:10:13] [170/455] XMTD
[07:10:14] [171/455] SCCZ
[07:10:15] [172/455] PBCR
[07:10:16] [173/455] RTSC
[07:10:17] [174/455] TLSV
[07:10:18] [175/455] RMTK
[07:10:19] [176/455] SRAT
[07:10:20] [177/455] GCYC
[07:10:21] [178/455] HCAJ
[07:10:21] [179/455] LCXA
[07:10:22] 🔄 Identity reset
[07:10:22] 🔄 Identity rotated (every 10 requests)
[07:10:22] [180/455] BINT
[07:10:23] [181/455] IXIM
[07:10:24] [182/455] MBCR
[07:10:25] [183/455] BMCJ
[07:10:26] [184/455] NICJ
[07:10:27] [185/455] SCAJ
[07:10:28] [186/455] CMXS
[07:10:29] [187/455] MMSR
[07:10:30] [188/455] PRKT
[07:10:31] [189/455] LPTH
[07:10:31] 🔄 Identity reset
[07:10:31] 🔄 Identity rotated (every 10 requests)
[07:10:32] [190/455] SARP
[07:10:32] [191/455] MNPP
[07:10:34] [192/455] PRLR
[07:10:35] [193/455] RCMW
[07:10:36] [194/455] FCMG
[07:10:37] [195/455] RTNK
[07:10:38] [196/455] LRCP
[07:10:39] [197/455] DBJR
[07:10:40] [198/455] CACN
[07:10:41] [199/455] AMRL
[07:10:42] 🔄 Identity reset
[07:10:42] 🔄 Identity rotated (every 10 requests)
[07:10:42] [200/455] SBBC
[07:10:43] [201/455] VENN
[07:10:44] [202/455] STSS
[07:10:45] [203/455] SMRB
[07:10:46] [204/455] CCMX
[07:10:46] [205/455] KCMR
[07:10:47] [206/455] SALH
[07:10:48] [207/455] CGTT
[07:10:49] [208/455] PMDR
[07:10:50] [209/455] VCPM
[07:10:51] 🔄 Identity reset
[07:10:51] 🔄 Identity rotated (every 10 requests)
[07:10:51] 🔄 Retry 1/5 for VCPM in 2.8s
[07:10:51] 🔄 Identity reset
[07:10:53] 🧠 New identity created
[07:10:54] [210/455] RZMX
[07:10:55] [211/455] TMSY
[07:10:56] [212/455] NTMS
[07:10:57] [213/455] VTAG
[07:10:58] [214/455] REMA
[07:10:59] [215/455] NXCC
[07:11:00] [216/455] SKYM
[07:11:01] [217/455] CCMO
[07:11:01] [218/455] DMXM
[07:11:02] 🔄 Identity reset
[07:11:02] 🔄 Identity rotated (every 10 requests)
[07:11:03] [219/455] SPPM
[07:11:04] [220/455] PTKL
[07:11:05] [221/455] SLVO
[07:11:06] [222/455] VASL
[07:11:07] [223/455] CBCM
[07:11:08] [224/455] STMA
[07:11:09] [225/455] LASK
[07:11:10] [226/455] VITE
[07:11:11] [227/455] AAST
[07:11:12] [228/455] JTPT
[07:11:12] 🔄 Identity reset
[07:11:12] 🔄 Identity rotated (every 10 requests)
[07:11:12] [229/455] RRSH
[07:11:13] [230/455] CINL
[07:11:14] [231/455] MCSR
[07:11:15] [232/455] SBCF
[07:11:16] [233/455] GCDU
[07:11:17] [234/455] PSPR
[07:11:18] [235/455] IMMO
[07:11:19] [236/455] CLGM
[07:11:20] [237/455] PBMM
[07:11:21] [238/455] CEHR
[07:11:22] 🔄 Identity reset
[07:11:22] 🔄 Identity rotated (every 10 requests)
[07:11:22] [239/455] CPOE
[07:11:23] [240/455] PGFD
[07:11:24] [241/455] PSLC
[07:11:25] [242/455] MSMD
[07:11:26] [243/455] FMFB
[07:11:27] [244/455] RKCL
[07:11:28] [245/455] PMMC
[07:11:29] [246/455] SKMM
[07:11:30] [247/455] VOIB
[07:11:31] [248/455] KINO
[07:11:31] 🔄 Identity reset
[07:11:31] 🔄 Identity rotated (every 10 requests)
[07:11:32] [249/455] VCTP
[07:11:33] [250/455] PDWR
[07:11:34] [251/455] SAED
[07:11:34] [252/455] SRRT
[07:11:35] [253/455] CVLG
[07:11:36] [254/455] SNGN
[07:11:37] [255/455] SIDA
[07:11:38] [256/455] IMCB
[07:11:39] [257/455] SMHP
[07:11:40] [258/455] GDTY
[07:11:40] 🔄 Identity reset
[07:11:40] 🔄 Identity rotated (every 10 requests)
[07:11:41] [259/455] VYCH
[07:11:42] [260/455] PDYA
[07:11:42] [261/455] RKDO
[07:11:43] [262/455] VECG
[07:11:44] [263/455] NFGD
[07:11:45] [264/455] SNDC
[07:11:46] [265/455] SDJH
[07:11:47] [266/455] HASV
[07:11:48] [267/455] PTYK
[07:11:49] [268/455] MUTB
[07:11:49] 🔄 Identity reset
[07:11:49] 🔄 Identity rotated (every 10 requests)
[07:11:50] [269/455] AMRT
[07:11:51] [270/455] VACD
[07:11:52] [271/455] SKDD
[07:11:52] [272/455] STGR
[07:11:53] [273/455] GDAK
[07:11:54] [274/455] SKHK
[07:11:55] [275/455] SLND
[07:11:56] [276/455] APAP
[07:11:57] [277/455] AYYA
[07:11:58] [278/455] VCCZ
[07:11:59] 🔄 Identity reset
[07:11:59] 🔄 Identity rotated (every 10 requests)
[07:11:59] [279/455] MEML
[07:12:00] [280/455] MAOU
[07:12:01] [281/455] ESND
[07:12:02] [282/455] PTBZ
[07:12:03] [283/455] LBCN
[07:12:04] [284/455] PAWA
[07:12:05] [285/455] ZEIC
[07:12:07] [286/455] CGMM
[07:12:08] [287/455] PJPM
[07:12:09] [288/455] ECMR
[07:12:09] 🔄 Identity reset
[07:12:09] 🔄 Identity rotated (every 10 requests)
[07:12:10] [289/455] SHMZ
[07:12:10] [290/455] STCA
[07:12:11] [291/455] VDRC
[07:12:13] [292/455] SEEM
[07:12:14] [293/455] MKNS
[07:12:15] [294/455] KPPP
[07:12:16] [295/455] CCML
[07:12:17] [296/455] CIBA
[07:12:18] [297/455] NACS
[07:12:19] [298/455] CTMK
[07:12:19] 🔄 Identity reset
[07:12:19] 🔄 Identity rotated (every 10 requests)
[07:12:20] [299/455] CTCT
[07:12:22] [300/455] MCSN
[07:12:22] [301/455] MAXX
[07:12:23] [302/455] MECB
[07:12:24] [303/455] NTBY
[07:12:25] [304/455] UTBI
[07:12:26] [305/455] RADK
[07:12:28] [306/455] STBY
[07:12:29] [307/455] GTBY
[07:12:30] [308/455] RRMB
[07:12:31] 🔄 Identity reset
[07:12:31] 🔄 Identity rotated (every 10 requests)
[07:12:31] 🔄 Retry 1/5 for RRMB in 2.3s
[07:12:31] 🔄 Identity reset
[07:12:33] 🧠 New identity created
[07:12:34] [309/455] ABRN
[07:12:34] [310/455] GTSG
[07:12:35] [311/455] GBTG
[07:12:36] [312/455] SBGS
[07:12:37] [313/455] KBPM
[07:12:38] [314/455] SMHT
[07:12:39] [315/455] VTDM
[07:12:40] [316/455] ASCT
[07:12:41] [317/455] AWCT
[07:12:41] 🔄 Identity reset
[07:12:41] 🔄 Identity rotated (every 10 requests)
[07:12:42] [318/455] DCCU
[07:12:42] [319/455] PSCE
[07:12:43] [320/455] KSNY
[07:12:44] [321/455] ACID
[07:12:46] [322/455] LVCD
[07:12:47] [323/455] KSSB
[07:12:48] [324/455] SWTD
[07:12:49] [325/455] RBMR
[07:12:50] [326/455] SCBC
[07:12:50] [327/455] RKME
[07:12:51] 🔄 Identity reset
[07:12:51] 🔄 Identity rotated (every 10 requests)
[07:12:51] [328/455] GALX
[07:12:53] [329/455] GCCH
[07:12:54] [330/455] RATR
[07:12:55] [331/455] GTGA
[07:12:55] [332/455] LTTR
[07:12:56] [333/455] TTAA
[07:12:57] [334/455] TVHP
[07:12:58] [335/455] KVCS
[07:12:59] [336/455] CBMC
[07:13:00] [337/455] MAYJ
[07:13:01] 🔄 Identity reset
[07:13:01] 🔄 Identity rotated (every 10 requests)
[07:13:01] 🔄 Retry 1/5 for MAYJ in 2.2s
[07:13:01] 🔄 Identity reset
[07:13:03] 🧠 New identity created
[07:13:03] [338/455] INPR
[07:13:04] [339/455] RSSC
[07:13:05] [340/455] PCAN
[07:13:06] [341/455] PVHR
[07:13:07] [342/455] AGSM
[07:13:08] [343/455] PVES
[07:13:09] [344/455] INTO
[07:13:09] [345/455] ACON
[07:13:10] [346/455] PVPZ
[07:13:11] 🔄 Identity reset
[07:13:11] 🔄 Identity rotated (every 10 requests)
[07:13:11] [347/455] PVHC
[07:13:12] [348/455] KSTK
[07:13:13] [349/455] PVSR
[07:13:14] [350/455] ACTN
[07:13:15] [351/455] FMCN
[07:13:16] [352/455] PABC
[07:13:17] [353/455] SUTC
[07:13:18] [354/455] PGMV
[07:13:19] [355/455] GKCP
[07:13:20] [356/455] INCH
[07:13:21] 🔄 Identity reset
[07:13:21] 🔄 Identity rotated (every 10 requests)
[07:13:21] [357/455] MLMT
[07:13:22] [358/455] SSCC
[07:13:23] [359/455] SLMP
[07:13:24] [360/455] VVTN
[07:13:25] [361/455] SBTR
[07:13:25] [362/455] PGRA
[07:13:26] [363/455] PBRM
[07:13:27] [364/455] GCRP
[07:13:28] [365/455] MCSK
[07:13:29] [366/455] NLTC
[07:13:29] 🔄 Identity reset
[07:13:29] 🔄 Identity rotated (every 10 requests)
[07:13:30] [367/455] MTLM
[07:13:31] [368/455] VECT
[07:13:32] [369/455] KMRM
[07:13:33] [370/455] RACM
[07:13:33] [371/455] WSTC
[07:13:34] [372/455] PVTJ
[07:13:36] [373/455] MMKC
[07:13:37] [374/455] SVWT
[07:13:38] [375/455] JOTG
[07:13:39] [376/455] VCDK
[07:13:39] 🔄 Identity reset
[07:13:39] 🔄 Identity rotated (every 10 requests)
[07:13:40] [377/455] ANAC
[07:13:40] [378/455] GRTC
[07:13:41] [379/455] JTPL
[07:13:43] [380/455] VRCP
[07:13:44] [381/455] REMC
[07:13:44] [382/455] ATMG
[07:13:45] [383/455] GAHC
[07:13:46] [384/455] JTMV
[07:13:47] [385/455] OMTT
[07:13:48] [386/455] GKKC
[07:13:49] 🔄 Identity reset
[07:13:49] 🔄 Identity rotated (every 10 requests)
[07:13:49] [387/455] BBPO
[07:13:50] [388/455] ZCBB
[07:13:51] [389/455] DCGO
[07:13:52] [390/455] STOP
[07:13:53] [391/455] BSPC
[07:13:54] [392/455] SOND
[07:13:54] [393/455] GCKG
[07:13:55] [394/455] PCDB
[07:13:57] [395/455] PGRC
[07:13:57] [396/455] CSCT
[07:13:58] 🔄 Identity reset
[07:13:58] 🔄 Identity rotated (every 10 requests)
[07:13:58] 🔄 Retry 1/5 for CSCT in 2.5s
[07:13:58] 🔄 Identity reset
[07:14:01] 🧠 New identity created
[07:14:01] [397/455] STDA
[07:14:02] [398/455] JAYD
[07:14:03] [399/455] PPPD
[07:14:04] [400/455] KRTT
[07:14:05] [401/455] PTDT
[07:14:06] [402/455] TRSV
[07:14:07] [403/455] VELR
[07:14:08] [404/455] STDT
[07:14:10] [405/455] SATT
[07:14:11] 🔄 Identity reset
[07:14:11] 🔄 Identity rotated (every 10 requests)
[07:14:11] [406/455] KCPM
[07:14:12] [407/455] MFCP
[07:14:13] [408/455] AXMP
[07:14:14] [409/455] LTVB
[07:14:14] [410/455] APST
[07:14:15] [411/455] DTVP
[07:14:16] [412/455] AAVB
[07:14:17] [413/455] PMBL
[07:14:18] [414/455] STKC
[07:14:20] [415/455] KKMA
[07:14:20] 🔄 Identity reset
[07:14:20] 🔄 Identity rotated (every 10 requests)
[07:14:20] 🔄 Retry 1/5 for KKMA in 2.8s
[07:14:20] 🔄 Identity reset
[07:14:23] 🧠 New identity created
[07:14:24] [416/455] NMXS
[07:14:24] [417/455] DECX
[07:14:25] [418/455] MAPJ
[07:14:26] [419/455] SMLK
[07:14:27] [420/455] PMPU
[07:14:28] [421/455] AFST
[07:14:29] [422/455] SRSY
[07:14:30] [423/455] RMKT
[07:14:31] [424/455] RAJX
[07:14:32] 🔄 Identity reset
[07:14:32] 🔄 Identity rotated (every 10 requests)
[07:14:32] [425/455] UVCD
[07:14:33] [426/455] LISA
[07:14:34] [427/455] LMSR
[07:14:35] [428/455] PMCA
[07:14:36] [429/455] INPO
[07:14:37] [430/455] INGO
[07:14:37] [431/455] HFSQ
[07:14:38] [432/455] INMG
[07:14:39] [433/455] NYCP
[07:14:40] [434/455] HFSV
[07:14:41] 🔄 Identity reset
[07:14:41] 🔄 Identity rotated (every 10 requests)
[07:14:41] [435/455] MMZP
[07:14:42] [436/455] KSES
[07:14:43] [437/455] HFSA
[07:14:44] [438/455] ACMM
[07:14:45] [439/455] RCKD
[07:14:46] [440/455] BCKR
[07:14:47] [441/455] SFCO
[07:14:48] [442/455] JCCB
[07:14:49] [443/455] BCCR
[07:14:50] [444/455] NWCB
[07:14:50] 🔄 Identity reset
[07:14:50] 🔄 Identity rotated (every 10 requests)
[07:14:51] [445/455] SAMT
[07:14:51] [446/455] TMST
[07:14:52] [447/455] SJCN
[07:14:53] [448/455] MCBS
[07:14:55] [449/455] CMKR
[07:14:56] [450/455] INPM
[07:14:57] [451/455] WVMT
[07:14:57] [452/455] NYSM
[07:14:58] [453/455] RCMA
[07:15:00] [454/455] RECM
[07:15:01] 🔄 Identity reset
[07:15:01] 🔄 Identity rotated (every 10 requests)
[07:15:01] [455/455] CYCM
[07:15:03] ✅ DONE | Shows=577 | Movies=44
[08:07:30] 🚀 BMS DAILY TRACKER STARTED (enhanced anti‑detection)
[08:07:30] [1/455] MXGN
[08:07:30] 🧠 New identity created
[08:07:31] [2/455] PGGM
[08:07:32] [3/455] IPMJ
[08:07:33] [4/455] M2PP
[08:07:33] [5/455] PMMS
[08:07:34] [6/455] SCJN
[08:07:35] [7/455] CPUM
[08:07:36] [8/455] SCND
[08:07:37] [9/455] INWM
[08:07:38] [10/455] DVDC
[08:07:38] 🔄 Identity reset
[08:07:38] 🔄 Identity rotated (every 10 requests)
[08:07:39] [11/455] WVND
[08:07:39] [12/455] LBDL
[08:07:40] [13/455] CRGM
[08:07:41] [14/455] PVKS
[08:07:42] [15/455] PBLL
[08:07:43] [16/455] FNLN
[08:07:44] [17/455] PPDA
[08:07:45] [18/455] SCPT
[08:07:46] [19/455] IAJS
[08:07:46] [20/455] MMZG
[08:07:47] 🔄 Identity reset
[08:07:47] 🔄 Identity rotated (every 10 requests)
[08:07:47] [21/455] MCTI
[08:07:48] [22/455] PPMF
[08:07:49] [23/455] FNSD
[08:07:50] [24/455] M2RH
[08:07:51] [25/455] CPGV
[08:07:52] [26/455] PECD
[08:07:53] [27/455] CTEE
[08:07:54] [28/455] IOMG
[08:07:55] [29/455] CIJA
[08:07:55] [30/455] NYCG
[08:07:56] 🔄 Identity reset
[08:07:56] 🔄 Identity rotated (every 10 requests)
[08:07:56] 🔄 Retry 1/5 for NYCG in 2.1s
[08:07:56] 🔄 Identity reset
[08:07:58] 🧠 New identity created
[08:07:58] [31/455] CEST
[08:07:59] [32/455] WVRG
[08:08:00] [33/455] DPDC
[08:08:01] [34/455] PDIV
[08:08:02] [35/455] MTPP
[08:08:03] [36/455] MHNU
[08:08:04] [37/455] WUPG
[08:08:05] [38/455] USCO
[08:08:05] [39/455] INFR
[08:08:06] 🔄 Identity reset
[08:08:06] 🔄 Identity rotated (every 10 requests)
[08:08:06] [40/455] PVPD
[08:08:07] [41/455] RONC
[08:08:08] [42/455] IOCP
[08:08:09] [43/455] EMPS
[08:08:09] [44/455] PNAD
[08:08:10] [45/455] VVGZ
[08:08:11] [46/455] MDDC
[08:08:12] [47/455] MMAP
[08:08:13] [48/455] GPDC
[08:08:14] [49/455] PVPU
[08:08:14] 🔄 Identity reset
[08:08:14] 🔄 Identity rotated (every 10 requests)
[08:08:15] [50/455] DCMV
[08:08:15] [51/455] PCCF
[08:08:16] [52/455] MCEF
[08:08:17] [53/455] INRD
[08:08:18] [54/455] CCPZ
[08:08:19] [55/455] BCWG
[08:08:19] [56/455] PMGU
[08:08:20] [57/455] MCVM
[08:08:22] [58/455] MCDE
[08:08:22] [59/455] IEFM
[08:08:23] 🔄 Identity reset
[08:08:23] 🔄 Identity rotated (every 10 requests)
[08:08:23] 🔄 Retry 1/5 for IEFM in 2.3s
[08:08:23] 🔄 Identity reset
[08:08:25] 🧠 New identity created
[08:08:26] [60/455] MXCS
[08:08:26] [61/455] RNMT
[08:08:27] [62/455] PSDD
[08:08:28] [63/455] PETA
[08:08:29] [64/455] IZOP
[08:08:30] [65/455] PDEI
[08:08:31] [66/455] MTND
[08:08:32] [67/455] PCPL
[08:08:33] [68/455] LSCM
[08:08:33] 🔄 Identity reset
[08:08:33] 🔄 Identity rotated (every 10 requests)
[08:08:33] 🔄 Retry 1/5 for LSCM in 2.2s
[08:08:33] 🔄 Identity reset
[08:08:35] 🧠 New identity created
[08:08:36] [69/455] BTFD
[08:08:37] [70/455] MERM
[08:08:37] [71/455] PVMS
[08:08:38] [72/455] CIGK
[08:08:39] [73/455] INSG
[08:08:40] [74/455] IDEN
[08:08:41] [75/455] MCGN
[08:08:42] [76/455] IGAM
[08:08:42] [77/455] SLCU
[08:08:43] 🔄 Identity reset
[08:08:43] 🔄 Identity rotated (every 10 requests)
[08:08:44] [78/455] MIMU
[08:08:45] [79/455] QLAC
[08:08:46] [80/455] MENL
[08:08:47] [81/455] SCUR
[08:08:48] [82/455] MDGD
[08:08:48] [83/455] LSRS
[08:08:50] [84/455] KMLG
[08:08:51] [85/455] MKLJ
[08:08:52] [86/455] IBYG
[08:08:53] [87/455] ISML
[08:08:53] 🔄 Identity reset
[08:08:53] 🔄 Identity rotated (every 10 requests)
[08:08:54] [88/455] MJMM
[08:08:55] [89/455] RCGD
[08:08:56] [90/455] MMOC
[08:08:57] [91/455] RRCO
[08:08:58] [92/455] MEDM
[08:09:00] [93/455] MCAZ
[08:09:01] [94/455] STWA
[08:09:02] [95/455] PFFG
[08:09:03] [96/455] GAGC
[08:09:04] [97/455] PMPM
[08:09:05] 🔄 Identity reset
[08:09:05] 🔄 Identity rotated (every 10 requests)
[08:09:05] [98/455] HVCD
[08:09:06] [99/455] AKRF
[08:09:07] [100/455] AKRC
[08:09:07] [101/455] MIDA
[08:09:08] [102/455] MAGX
[08:09:09] [103/455] ESOS
[08:09:10] [104/455] BBCL
[08:09:11] [105/455] LYAS
[08:09:11] [106/455] NRMS
[08:09:13] [107/455] BHUC
[08:09:14] 🔄 Identity reset
[08:09:14] 🔄 Identity rotated (every 10 requests)
[08:09:14] [108/455] SRIC
[08:09:15] [109/455] PDME
[08:09:16] [110/455] MJCS
[08:09:17] [111/455] NRAA
[08:09:18] [112/455] VATA
[08:09:19] [113/455] MNKC
[08:09:20] [114/455] DHCL
[08:09:21] [115/455] JCPC
[08:09:22] [116/455] CTML
[08:09:23] [117/455] RMMR
[08:09:23] 🔄 Identity reset
[08:09:23] 🔄 Identity rotated (every 10 requests)
[08:09:24] [118/455] STTL
[08:09:25] [119/455] CNPS
[08:09:25] [120/455] ACKL
[08:09:27] [121/455] SCAU
[08:09:27] [122/455] RMIA
[08:09:28] [123/455] MANU
[08:09:29] [124/455] ARDC
[08:09:30] [125/455] GLDA
[08:09:31] [126/455] KVSW
[08:09:32] [127/455] CGCA
[08:09:32] 🔄 Identity reset
[08:09:32] 🔄 Identity rotated (every 10 requests)
[08:09:32] [128/455] CMLO
[08:09:33] [129/455] CECB
[08:09:34] [130/455] RCPN
[08:09:35] [131/455] ASMW
[08:09:36] [132/455] PWLM
[08:09:37] [133/455] ASGM
[08:09:38] [134/455] ACWH
[08:09:39] [135/455] AAPW
[08:09:40] [136/455] RTWA
[08:09:41] [137/455] RAMW
[08:09:42] 🔄 Identity reset
[08:09:42] 🔄 Identity rotated (every 10 requests)
[08:09:42] [138/455] VKTR
[08:09:43] [139/455] SMBH
[08:09:44] [140/455] BVDR
[08:09:45] [141/455] MRTP
[08:09:45] [142/455] BLBR
[08:09:46] [143/455] LPIN
[08:09:47] [144/455] SNPC
[08:09:48] [145/455] PDCB
[08:09:49] [146/455] DYPK
[08:09:49] [147/455] INMK
[08:09:50] 🔄 Identity reset
[08:09:50] 🔄 Identity rotated (every 10 requests)
[08:09:50] [148/455] PDCK
[08:09:51] [149/455] PCKR
[08:09:52] [150/455] SHUA
[08:09:53] [151/455] SCVK
[08:09:54] [152/455] STPA
[08:09:55] [153/455] WVHD
[08:09:57] [154/455] MRCH
[08:09:57] [155/455] MCNP
[08:09:58] [156/455] RCAG
[08:10:00] [157/455] JTSN
[08:10:00] 🔄 Identity reset
[08:10:00] 🔄 Identity rotated (every 10 requests)
[08:10:01] [158/455] AANS
[08:10:01] [159/455] GDDR
[08:10:02] [160/455] SRER
[08:10:03] [161/455] JKMA
[08:10:04] [162/455] ARAN
[08:10:05] [163/455] ALCT
[08:10:06] [164/455] CCTA
[08:10:07] [165/455] CNCT
[08:10:08] [166/455] NZBL
[08:10:09] [167/455] SRRA
[08:10:10] 🔄 Identity reset
[08:10:10] 🔄 Identity rotated (every 10 requests)
[08:10:10] [168/455] SVPW
[08:10:11] [169/455] SRTW
[08:10:12] [170/455] XMTD
[08:10:13] [171/455] SCCZ
[08:10:14] [172/455] PBCR
[08:10:15] [173/455] RTSC
[08:10:16] [174/455] TLSV
[08:10:16] [175/455] RMTK
[08:10:18] [176/455] SRAT
[08:10:19] [177/455] GCYC
[08:10:19] 🔄 Identity reset
[08:10:19] 🔄 Identity rotated (every 10 requests)
[08:10:20] [178/455] HCAJ
[08:10:20] [179/455] LCXA
[08:10:21] [180/455] BINT
[08:10:23] [181/455] IXIM
[08:10:24] [182/455] MBCR
[08:10:24] [183/455] BMCJ
[08:10:26] [184/455] NICJ
[08:10:27] [185/455] SCAJ
[08:10:27] [186/455] CMXS
[08:10:28] [187/455] MMSR
[08:10:29] 🔄 Identity reset
[08:10:29] 🔄 Identity rotated (every 10 requests)
[08:10:29] [188/455] PRKT
[08:10:30] [189/455] LPTH
[08:10:31] [190/455] SARP
[08:10:32] [191/455] MNPP
[08:10:33] [192/455] PRLR
[08:10:33] [193/455] RCMW
[08:10:34] [194/455] FCMG
[08:10:35] [195/455] RTNK
[08:10:36] [196/455] LRCP
[08:10:37] [197/455] DBJR
[08:10:37] 🔄 Identity reset
[08:10:37] 🔄 Identity rotated (every 10 requests)
[08:10:37] [198/455] CACN
[08:10:38] [199/455] AMRL
[08:10:39] [200/455] SBBC
[08:10:40] [201/455] VENN
[08:10:41] [202/455] STSS
[08:10:42] [203/455] SMRB
[08:10:42] [204/455] CCMX
[08:10:43] [205/455] KCMR
[08:10:44] [206/455] SALH
[08:10:45] [207/455] CGTT
[08:10:46] 🔄 Identity reset
[08:10:46] 🔄 Identity rotated (every 10 requests)
[08:10:46] [208/455] PMDR
[08:10:47] [209/455] VCPM
[08:10:48] [210/455] RZMX
[08:10:49] [211/455] TMSY
[08:10:49] [212/455] NTMS
[08:10:50] [213/455] VTAG
[08:10:52] [214/455] REMA
[08:10:53] [215/455] NXCC
[08:10:54] [216/455] SKYM
[08:10:55] [217/455] CCMO
[08:10:55] 🔄 Identity reset
[08:10:55] 🔄 Identity rotated (every 10 requests)
[08:10:56] [218/455] DMXM
[08:10:57] [219/455] SPPM
[08:10:58] [220/455] PTKL
[08:10:58] [221/455] SLVO
[08:10:59] [222/455] VASL
[08:11:00] [223/455] CBCM
[08:11:01] [224/455] STMA
[08:11:02] [225/455] LASK
[08:11:03] [226/455] VITE
[08:11:04] [227/455] AAST
[08:11:04] 🔄 Identity reset
[08:11:04] 🔄 Identity rotated (every 10 requests)
[08:11:04] 🔄 Retry 1/5 for AAST in 2.5s
[08:11:04] 🔄 Identity reset
[08:11:07] 🧠 New identity created
[08:11:07] 🔄 Retry 2/5 for AAST in 4.3s
[08:11:07] 🔄 Identity reset
[08:11:11] 🧠 New identity created
[08:11:11] [228/455] JTPT
[08:11:13] [229/455] RRSH
[08:11:14] [230/455] CINL
[08:11:15] [231/455] MCSR
[08:11:15] [232/455] SBCF
[08:11:16] [233/455] GCDU
[08:11:18] [234/455] PSPR
[08:11:19] [235/455] IMMO
[08:11:19] 🔄 Identity reset
[08:11:19] 🔄 Identity rotated (every 10 requests)
[08:11:19] 🔄 Retry 1/5 for IMMO in 2.3s
[08:11:19] 🔄 Identity reset
[08:11:22] 🧠 New identity created
[08:11:22] 🔄 Retry 2/5 for IMMO in 4.4s
[08:11:22] 🔄 Identity reset
[08:11:26] 🧠 New identity created
[08:11:26] [236/455] CLGM
[08:11:27] [237/455] PBMM
[08:11:28] [238/455] CEHR
[08:11:29] [239/455] CPOE
[08:11:30] [240/455] PGFD
[08:11:32] [241/455] PSLC
[08:11:33] [242/455] MSMD
[08:11:34] [243/455] FMFB
[08:11:34] 🔄 Identity reset
[08:11:34] 🔄 Identity rotated (every 10 requests)
[08:11:34] 🔄 Retry 1/5 for FMFB in 2.5s
[08:11:34] 🔄 Identity reset
[08:11:37] 🧠 New identity created
[08:11:37] [244/455] RKCL
[08:11:38] [245/455] PMMC
[08:11:39] [246/455] SKMM
[08:11:40] [247/455] VOIB
[08:11:41] [248/455] KINO
[08:11:42] [249/455] VCTP
[08:11:43] [250/455] PDWR
[08:11:44] [251/455] SAED
[08:11:45] [252/455] SRRT
[08:11:46] 🔄 Identity reset
[08:11:46] 🔄 Identity rotated (every 10 requests)
[08:11:46] [253/455] CVLG
[08:11:47] [254/455] SNGN
[08:11:47] [255/455] SIDA
[08:11:48] [256/455] IMCB
[08:11:49] [257/455] SMHP
[08:11:50] [258/455] GDTY
[08:11:51] [259/455] VYCH
[08:11:51] [260/455] PDYA
[08:11:52] [261/455] RKDO
[08:11:53] [262/455] VECG
[08:11:54] 🔄 Identity reset
[08:11:54] 🔄 Identity rotated (every 10 requests)
[08:11:54] [263/455] NFGD
[08:11:55] [264/455] SNDC
[08:11:56] [265/455] SDJH
[08:11:57] [266/455] HASV
[08:11:57] [267/455] PTYK
[08:11:58] [268/455] MUTB
[08:11:59] [269/455] AMRT
[08:12:00] [270/455] VACD
[08:12:01] [271/455] SKDD
[08:12:02] [272/455] STGR
[08:12:02] 🔄 Identity reset
[08:12:02] 🔄 Identity rotated (every 10 requests)
[08:12:02] [273/455] GDAK
[08:12:03] [274/455] SKHK
[08:12:04] [275/455] SLND
[08:12:05] [276/455] APAP
[08:12:06] [277/455] AYYA
[08:12:07] [278/455] VCCZ
[08:12:09] [279/455] MEML
[08:12:09] [280/455] MAOU
[08:12:10] [281/455] ESND
[08:12:11] [282/455] PTBZ
[08:12:12] 🔄 Identity reset
[08:12:12] 🔄 Identity rotated (every 10 requests)
[08:12:12] [283/455] LBCN
[08:12:13] [284/455] PAWA
[08:12:14] [285/455] ZEIC
[08:12:15] [286/455] CGMM
[08:12:16] [287/455] PJPM
[08:12:17] [288/455] ECMR
[08:12:17] [289/455] SHMZ
[08:12:18] [290/455] STCA
[08:12:19] [291/455] VDRC
[08:12:20] [292/455] SEEM
[08:12:20] 🔄 Identity reset
[08:12:20] 🔄 Identity rotated (every 10 requests)
[08:12:21] [293/455] MKNS
[08:12:22] [294/455] KPPP
[08:12:22] [295/455] CCML
[08:12:23] [296/455] CIBA
[08:12:24] [297/455] NACS
[08:12:25] [298/455] CTMK
[08:12:26] [299/455] CTCT
[08:12:26] [300/455] MCSN
[08:12:27] [301/455] MAXX
[08:12:28] [302/455] MECB
[08:12:29] 🔄 Identity reset
[08:12:29] 🔄 Identity rotated (every 10 requests)
[08:12:30] [303/455] NTBY
[08:12:31] [304/455] UTBI
[08:12:32] [305/455] RADK
[08:12:33] [306/455] STBY
[08:12:33] [307/455] GTBY
[08:12:34] [308/455] RRMB
[08:12:35] [309/455] ABRN
[08:12:36] [310/455] GTSG
[08:12:38] [311/455] GBTG
[08:12:38] [312/455] SBGS
[08:12:39] 🔄 Identity reset
[08:12:39] 🔄 Identity rotated (every 10 requests)
[08:12:39] 🔄 Retry 1/5 for SBGS in 2.5s
[08:12:39] 🔄 Identity reset
[08:12:42] 🧠 New identity created
[08:12:42] [313/455] KBPM
[08:12:42] [314/455] SMHT
[08:12:44] [315/455] VTDM
[08:12:45] [316/455] ASCT
[08:12:46] [317/455] AWCT
[08:12:47] [318/455] DCCU
[08:12:48] [319/455] PSCE
[08:12:49] [320/455] KSNY
[08:12:50] [321/455] ACID
[08:12:50] 🔄 Identity reset
[08:12:50] 🔄 Identity rotated (every 10 requests)
[08:12:50] [322/455] LVCD
[08:12:51] [323/455] KSSB
[08:12:52] [324/455] SWTD
[08:12:53] [325/455] RBMR
[08:12:54] [326/455] SCBC
[08:12:55] [327/455] RKME
[08:12:56] [328/455] GALX
[08:12:57] [329/455] GCCH
[08:12:58] [330/455] RATR
[08:12:59] [331/455] GTGA
[08:13:00] 🔄 Identity reset
[08:13:00] 🔄 Identity rotated (every 10 requests)
[08:13:00] 🔄 Retry 1/5 for GTGA in 2.4s
[08:13:00] 🔄 Identity reset
[08:13:02] 🧠 New identity created
[08:13:03] [332/455] LTTR
[08:13:03] [333/455] TTAA
[08:13:04] [334/455] TVHP
[08:13:05] [335/455] KVCS
[08:13:07] [336/455] CBMC
[08:13:08] [337/455] MAYJ
[08:13:09] [338/455] INPR
[08:13:10] [339/455] RSSC
[08:13:11] [340/455] PCAN
[08:13:11] 🔄 Identity reset
[08:13:12] 🔄 Identity rotated (every 10 requests)
[08:13:12] [341/455] PVHR
[08:13:13] [342/455] AGSM
[08:13:14] [343/455] PVES
[08:13:15] [344/455] INTO
[08:13:16] [345/455] ACON
[08:13:17] [346/455] PVPZ
[08:13:18] [347/455] PVHC
[08:13:19] [348/455] KSTK
[08:13:20] [349/455] PVSR
[08:13:21] [350/455] ACTN
[08:13:21] 🔄 Identity reset
[08:13:21] 🔄 Identity rotated (every 10 requests)
[08:13:22] [351/455] FMCN
[08:13:22] [352/455] PABC
[08:13:23] [353/455] SUTC
[08:13:24] [354/455] PGMV
[08:13:25] [355/455] GKCP
[08:13:25] [356/455] INCH
[08:13:26] [357/455] MLMT
[08:13:27] [358/455] SSCC
[08:13:28] [359/455] SLMP
[08:13:29] [360/455] VVTN
[08:13:30] 🔄 Identity reset
[08:13:30] 🔄 Identity rotated (every 10 requests)
[08:13:30] [361/455] SBTR
[08:13:31] [362/455] PGRA
[08:13:32] [363/455] PBRM
[08:13:33] [364/455] GCRP
[08:13:34] [365/455] MCSK
[08:13:34] [366/455] NLTC
[08:13:35] [367/455] MTLM
[08:13:36] [368/455] VECT
[08:13:37] [369/455] KMRM
[08:13:38] [370/455] RACM
[08:13:39] 🔄 Identity reset
[08:13:39] 🔄 Identity rotated (every 10 requests)
[08:13:39] [371/455] WSTC
[08:13:40] [372/455] PVTJ
[08:13:42] [373/455] MMKC
[08:13:43] [374/455] SVWT
[08:13:44] [375/455] JOTG
[08:13:45] [376/455] VCDK
[08:13:46] [377/455] ANAC
[08:13:47] [378/455] GRTC
[08:13:47] [379/455] JTPL
[08:13:48] [380/455] VRCP
[08:13:49] 🔄 Identity reset
[08:13:49] 🔄 Identity rotated (every 10 requests)
[08:13:49] [381/455] REMC
[08:13:50] [382/455] ATMG
[08:13:51] [383/455] GAHC
[08:13:52] [384/455] JTMV
[08:13:53] [385/455] OMTT
[08:13:54] [386/455] GKKC
[08:13:55] [387/455] BBPO
[08:13:56] [388/455] ZCBB
[08:13:56] [389/455] DCGO
[08:13:57] [390/455] STOP
[08:13:57] 🔄 Identity reset
[08:13:57] 🔄 Identity rotated (every 10 requests)
[08:13:58] [391/455] BSPC
[08:13:59] [392/455] SOND
[08:14:00] [393/455] GCKG
[08:14:01] [394/455] PCDB
[08:14:02] [395/455] PGRC
[08:14:03] [396/455] CSCT
[08:14:04] [397/455] STDA
[08:14:06] [398/455] JAYD
[08:14:06] [399/455] PPPD
[08:14:08] [400/455] KRTT
[08:14:08] 🔄 Identity reset
[08:14:08] 🔄 Identity rotated (every 10 requests)
[08:14:09] [401/455] PTDT
[08:14:10] [402/455] TRSV
[08:14:10] [403/455] VELR
[08:14:11] [404/455] STDT
[08:14:12] [405/455] SATT
[08:14:13] [406/455] KCPM
[08:14:14] [407/455] MFCP
[08:14:15] [408/455] AXMP
[08:14:16] [409/455] LTVB
[08:14:17] [410/455] APST
[08:14:17] 🔄 Identity reset
[08:14:17] 🔄 Identity rotated (every 10 requests)
[08:14:17] 🔄 Retry 1/5 for APST in 3.0s
[08:14:17] 🔄 Identity reset
[08:14:20] 🧠 New identity created
[08:14:21] [411/455] DTVP
[08:14:22] [412/455] AAVB
[08:14:22] [413/455] PMBL
[08:14:24] [414/455] STKC
[08:14:24] [415/455] KKMA
[08:14:25] [416/455] NMXS
[08:14:26] [417/455] DECX
[08:14:27] [418/455] MAPJ
[08:14:28] [419/455] SMLK
[08:14:28] 🔄 Identity reset
[08:14:28] 🔄 Identity rotated (every 10 requests)
[08:14:29] [420/455] PMPU
[08:14:30] [421/455] AFST
[08:14:30] [422/455] SRSY
[08:14:31] [423/455] RMKT
[08:14:32] [424/455] RAJX
[08:14:33] [425/455] UVCD
[08:14:34] [426/455] LISA
[08:14:35] [427/455] LMSR
[08:14:36] [428/455] PMCA
[08:14:37] [429/455] INPO
[08:14:38] 🔄 Identity reset
[08:14:38] 🔄 Identity rotated (every 10 requests)
[08:14:38] [430/455] INGO
[08:14:40] [431/455] HFSQ
[08:14:41] [432/455] INMG
[08:14:42] [433/455] NYCP
[08:14:42] [434/455] HFSV
[08:14:43] [435/455] MMZP
[08:14:44] [436/455] KSES
[08:14:45] [437/455] HFSA
[08:14:46] [438/455] ACMM
[08:14:47] [439/455] RCKD
[08:14:47] 🔄 Identity reset
[08:14:47] 🔄 Identity rotated (every 10 requests)
[08:14:48] [440/455] BCKR
[08:14:48] [441/455] SFCO
[08:14:49] [442/455] JCCB
[08:14:50] [443/455] BCCR
[08:14:51] [444/455] NWCB
[08:14:52] [445/455] SAMT
[08:14:53] [446/455] TMST
[08:14:54] [447/455] SJCN
[08:14:55] [448/455] MCBS
[08:14:57] [449/455] CMKR
[08:14:57] 🔄 Identity reset
[08:14:57] 🔄 Identity rotated (every 10 requests)
[08:14:58] [450/455] INPM
[08:14:59] [451/455] WVMT
[08:15:00] [452/455] NYSM
[08:15:01] [453/455] RCMA
[08:15:02] [454/455] RECM
[08:15:03] [455/455] CYCM
[08:15:04] ✅ DONE | Shows=867 | Movies=56
[09:07:28] 🚀 BMS DAILY TRACKER STARTED (enhanced anti‑detection)
[09:07:28] [1/455] MXGN
[09:07:29] 🧠 New identity created
[09:07:29] [2/455] PGGM
[09:07:30] [3/455] IPMJ
[09:07:30] [4/455] M2PP
[09:07:31] [5/455] PMMS
[09:07:32] [6/455] SCJN
[09:07:33] [7/455] CPUM
[09:07:34] [8/455] SCND
[09:07:34] [9/455] INWM
[09:07:35] [10/455] DVDC
[09:07:36] 🔄 Identity reset
[09:07:36] 🔄 Identity rotated (every 10 requests)
[09:07:36] [11/455] WVND
[09:07:37] [12/455] LBDL
[09:07:37] [13/455] CRGM
[09:07:38] [14/455] PVKS
[09:07:39] [15/455] PBLL
[09:07:40] [16/455] FNLN
[09:07:40] [17/455] PPDA
[09:07:41] [18/455] SCPT
[09:07:42] [19/455] IAJS
[09:07:43] [20/455] MMZG
[09:07:43] 🔄 Identity reset
[09:07:43] 🔄 Identity rotated (every 10 requests)
[09:07:43] [21/455] MCTI
[09:07:44] [22/455] PPMF
[09:07:45] [23/455] FNSD
[09:07:45] [24/455] M2RH
[09:07:46] [25/455] CPGV
[09:07:47] [26/455] PECD
[09:07:47] [27/455] CTEE
[09:07:48] [28/455] IOMG
[09:07:49] [29/455] CIJA
[09:07:49] [30/455] NYCG
[09:07:50] 🔄 Identity reset
[09:07:50] 🔄 Identity rotated (every 10 requests)
[09:07:50] [31/455] CEST
[09:07:51] [32/455] WVRG
[09:07:51] [33/455] DPDC
[09:07:52] [34/455] PDIV
[09:07:53] [35/455] MTPP
[09:07:54] [36/455] MHNU
[09:07:54] [37/455] WUPG
[09:07:55] [38/455] USCO
[09:07:56] [39/455] INFR
[09:07:57] [40/455] PVPD
[09:07:57] 🔄 Identity reset
[09:07:57] 🔄 Identity rotated (every 10 requests)
[09:07:58] [41/455] RONC
[09:07:58] [42/455] IOCP
[09:07:59] [43/455] EMPS
[09:08:00] [44/455] PNAD
[09:08:00] [45/455] VVGZ
[09:08:01] [46/455] MDDC
[09:08:02] [47/455] MMAP
[09:08:03] [48/455] GPDC
[09:08:03] [49/455] PVPU
[09:08:04] [50/455] DCMV
[09:08:05] 🔄 Identity reset
[09:08:05] 🔄 Identity rotated (every 10 requests)
[09:08:05] [51/455] PCCF
[09:08:06] [52/455] MCEF
[09:08:06] [53/455] INRD
[09:08:07] [54/455] CCPZ
[09:08:08] [55/455] BCWG
[09:08:08] [56/455] PMGU
[09:08:09] [57/455] MCVM
[09:08:10] [58/455] MCDE
[09:08:11] [59/455] IEFM
[09:08:11] [60/455] MXCS
[09:08:12] 🔄 Identity reset
[09:08:12] 🔄 Identity rotated (every 10 requests)
[09:08:12] [61/455] RNMT
[09:08:13] [62/455] PSDD
[09:08:14] [63/455] PETA
[09:08:14] [64/455] IZOP
[09:08:15] [65/455] PDEI
[09:08:16] [66/455] MTND
[09:08:17] [67/455] PCPL
[09:08:17] [68/455] LSCM
[09:08:18] [69/455] BTFD
[09:08:19] [70/455] MERM
[09:08:19] 🔄 Identity reset
[09:08:19] 🔄 Identity rotated (every 10 requests)
[09:08:19] [71/455] PVMS
[09:08:20] [72/455] CIGK
[09:08:21] [73/455] INSG
[09:08:21] [74/455] IDEN
[09:08:22] [75/455] MCGN
[09:08:23] [76/455] IGAM
[09:08:23] [77/455] SLCU
[09:08:24] [78/455] MIMU
[09:08:25] [79/455] QLAC
[09:08:25] [80/455] MENL
[09:08:26] 🔄 Identity reset
[09:08:26] 🔄 Identity rotated (every 10 requests)
[09:08:26] 🔄 Retry 1/5 for MENL in 2.6s
[09:08:26] 🔄 Identity reset
[09:08:29] 🧠 New identity created
[09:08:29] [81/455] SCUR
[09:08:30] [82/455] MDGD
[09:08:31] [83/455] LSRS
[09:08:31] [84/455] KMLG
[09:08:32] [85/455] MKLJ
[09:08:33] [86/455] IBYG
[09:08:34] [87/455] ISML
[09:08:34] [88/455] MJMM
[09:08:35] [89/455] RCGD
[09:08:36] 🔄 Identity reset
[09:08:36] 🔄 Identity rotated (every 10 requests)
[09:08:36] [90/455] MMOC
[09:08:36] [91/455] RRCO
[09:08:37] [92/455] MEDM
[09:08:38] [93/455] MCAZ
[09:08:39] [94/455] STWA
[09:08:40] [95/455] PFFG
[09:08:40] [96/455] GAGC
[09:08:41] [97/455] PMPM
[09:08:42] [98/455] HVCD
[09:08:42] [99/455] AKRF
[09:08:43] 🔄 Identity reset
[09:08:43] 🔄 Identity rotated (every 10 requests)
[09:08:43] [100/455] AKRC
[09:08:44] [101/455] MIDA
[09:08:44] [102/455] MAGX
[09:08:45] [103/455] ESOS
[09:08:46] [104/455] BBCL
[09:08:47] [105/455] LYAS
[09:08:47] [106/455] NRMS
[09:08:48] [107/455] BHUC
[09:08:48] [108/455] SRIC
[09:08:49] [109/455] PDME
[09:08:50] 🔄 Identity reset
[09:08:50] 🔄 Identity rotated (every 10 requests)
[09:08:50] [110/455] MJCS
[09:08:51] [111/455] NRAA
[09:08:51] [112/455] VATA
[09:08:52] [113/455] MNKC
[09:08:53] [114/455] DHCL
[09:08:54] [115/455] JCPC
[09:08:54] [116/455] CTML
[09:08:55] [117/455] RMMR
[09:08:56] [118/455] STTL
[09:08:56] [119/455] CNPS
[09:08:57] 🔄 Identity reset
[09:08:57] 🔄 Identity rotated (every 10 requests)
[09:08:57] [120/455] ACKL
[09:08:58] [121/455] SCAU
[09:08:59] [122/455] RMIA
[09:09:00] [123/455] MANU
[09:09:00] [124/455] ARDC
[09:09:01] [125/455] GLDA
[09:09:02] [126/455] KVSW
[09:09:02] [127/455] CGCA
[09:09:03] [128/455] CMLO
[09:09:04] [129/455] CECB
[09:09:04] 🔄 Identity reset
[09:09:04] 🔄 Identity rotated (every 10 requests)
[09:09:04] [130/455] RCPN
[09:09:05] [131/455] ASMW
[09:09:06] [132/455] PWLM
[09:09:06] [133/455] ASGM
[09:09:07] [134/455] ACWH
[09:09:08] [135/455] AAPW
[09:09:10] [136/455] RTWA
[09:09:11] [137/455] RAMW
[09:09:12] [138/455] VKTR
[09:09:13] [139/455] SMBH
[09:09:13] 🔄 Identity reset
[09:09:13] 🔄 Identity rotated (every 10 requests)
[09:09:13] [140/455] BVDR
[09:09:14] [141/455] MRTP
[09:09:15] [142/455] BLBR
[09:09:16] [143/455] LPIN
[09:09:17] [144/455] SNPC
[09:09:18] [145/455] PDCB
[09:09:18] [146/455] DYPK
[09:09:19] [147/455] INMK
[09:09:19] [148/455] PDCK
[09:09:20] [149/455] PCKR
[09:09:21] 🔄 Identity reset
[09:09:21] 🔄 Identity rotated (every 10 requests)
[09:09:21] [150/455] SHUA
[09:09:21] [151/455] SCVK
[09:09:22] [152/455] STPA
[09:09:22] [153/455] WVHD
[09:09:23] [154/455] MRCH
[09:09:24] [155/455] MCNP
[09:09:25] [156/455] RCAG
[09:09:25] [157/455] JTSN
[09:09:26] [158/455] AANS
[09:09:27] [159/455] GDDR
[09:09:28] 🔄 Identity reset
[09:09:28] 🔄 Identity rotated (every 10 requests)
[09:09:28] [160/455] SRER
[09:09:29] [161/455] JKMA
[09:09:30] [162/455] ARAN
[09:09:31] [163/455] ALCT
[09:09:32] [164/455] CCTA
[09:09:32] [165/455] CNCT
[09:09:33] [166/455] NZBL
[09:09:34] [167/455] SRRA
[09:09:34] [168/455] SVPW
[09:09:35] [169/455] SRTW
[09:09:36] 🔄 Identity reset
[09:09:36] 🔄 Identity rotated (every 10 requests)
[09:09:36] [170/455] XMTD
[09:09:37] [171/455] SCCZ
[09:09:37] [172/455] PBCR
[09:09:38] [173/455] RTSC
[09:09:39] [174/455] TLSV
[09:09:39] [175/455] RMTK
[09:09:40] [176/455] SRAT
[09:09:41] [177/455] GCYC
[09:09:42] [178/455] HCAJ
[09:09:42] [179/455] LCXA
[09:09:43] 🔄 Identity reset
[09:09:43] 🔄 Identity rotated (every 10 requests)
[09:09:43] 🔄 Retry 1/5 for LCXA in 2.7s
[09:09:43] 🔄 Identity reset
[09:09:46] 🧠 New identity created
[09:09:46] [180/455] BINT
[09:09:47] [181/455] IXIM
[09:09:48] [182/455] MBCR
[09:09:49] [183/455] BMCJ
[09:09:50] [184/455] NICJ
[09:09:51] [185/455] SCAJ
[09:09:52] [186/455] CMXS
[09:09:53] [187/455] MMSR
[09:09:54] [188/455] PRKT
[09:09:54] 🔄 Identity reset
[09:09:54] 🔄 Identity rotated (every 10 requests)
[09:09:54] [189/455] LPTH
[09:09:55] [190/455] SARP
[09:09:56] [191/455] MNPP
[09:09:57] [192/455] PRLR
[09:09:57] [193/455] RCMW
[09:09:58] [194/455] FCMG
[09:09:59] [195/455] RTNK
[09:09:59] [196/455] LRCP
[09:10:00] [197/455] DBJR
[09:10:01] [198/455] CACN
[09:10:02] 🔄 Identity reset
[09:10:02] 🔄 Identity rotated (every 10 requests)
[09:10:02] [199/455] AMRL
[09:10:03] [200/455] SBBC
[09:10:04] [201/455] VENN
[09:10:04] [202/455] STSS
[09:10:05] [203/455] SMRB
[09:10:07] [204/455] CCMX
[09:10:08] [205/455] KCMR
[09:10:09] [206/455] SALH
[09:10:09] [207/455] CGTT
[09:10:10] [208/455] PMDR
[09:10:11] 🔄 Identity reset
[09:10:11] 🔄 Identity rotated (every 10 requests)
[09:10:11] [209/455] VCPM
[09:10:12] [210/455] RZMX
[09:10:12] [211/455] TMSY
[09:10:13] [212/455] NTMS
[09:10:15] [213/455] VTAG
[09:10:16] [214/455] REMA
[09:10:16] [215/455] NXCC
[09:10:17] [216/455] SKYM
[09:10:18] [217/455] CCMO
[09:10:19] [218/455] DMXM
[09:10:19] 🔄 Identity reset
[09:10:19] 🔄 Identity rotated (every 10 requests)
[09:10:19] [219/455] SPPM
[09:10:20] [220/455] PTKL
[09:10:21] [221/455] SLVO
[09:10:21] [222/455] VASL
[09:10:22] [223/455] CBCM
[09:10:24] [224/455] STMA
[09:10:24] [225/455] LASK
[09:10:25] [226/455] VITE
[09:10:26] [227/455] AAST
[09:10:27] [228/455] JTPT
[09:10:27] 🔄 Identity reset
[09:10:27] 🔄 Identity rotated (every 10 requests)
[09:10:27] [229/455] RRSH
[09:10:28] [230/455] CINL
[09:10:29] [231/455] MCSR
[09:10:30] [232/455] SBCF
[09:10:31] [233/455] GCDU
[09:10:32] [234/455] PSPR
[09:10:33] [235/455] IMMO
[09:10:33] [236/455] CLGM
[09:10:34] [237/455] PBMM
[09:10:35] [238/455] CEHR
[09:10:35] 🔄 Identity reset
[09:10:35] 🔄 Identity rotated (every 10 requests)
[09:10:36] [239/455] CPOE
[09:10:37] [240/455] PGFD
[09:10:37] [241/455] PSLC
[09:10:38] [242/455] MSMD
[09:10:39] [243/455] FMFB
[09:10:39] [244/455] RKCL
[09:10:40] [245/455] PMMC
[09:10:41] [246/455] SKMM
[09:10:41] [247/455] VOIB
[09:10:42] [248/455] KINO
[09:10:43] 🔄 Identity reset
[09:10:43] 🔄 Identity rotated (every 10 requests)
[09:10:43] [249/455] VCTP
[09:10:43] [250/455] PDWR
[09:10:44] [251/455] SAED
[09:10:45] [252/455] SRRT
[09:10:45] [253/455] CVLG
[09:10:47] [254/455] SNGN
[09:10:48] [255/455] SIDA
[09:10:48] [256/455] IMCB
[09:10:49] [257/455] SMHP
[09:10:50] [258/455] GDTY
[09:10:51] 🔄 Identity reset
[09:10:51] 🔄 Identity rotated (every 10 requests)
[09:10:51] [259/455] VYCH
[09:10:52] [260/455] PDYA
[09:10:52] [261/455] RKDO
[09:10:53] [262/455] VECG
[09:10:54] [263/455] NFGD
[09:10:55] [264/455] SNDC
[09:10:55] [265/455] SDJH
[09:10:56] [266/455] HASV
[09:10:57] [267/455] PTYK
[09:10:58] [268/455] MUTB
[09:10:58] 🔄 Identity reset
[09:10:58] 🔄 Identity rotated (every 10 requests)
[09:10:58] [269/455] AMRT
[09:10:59] [270/455] VACD
[09:11:00] [271/455] SKDD
[09:11:01] [272/455] STGR
[09:11:01] [273/455] GDAK
[09:11:02] [274/455] SKHK
[09:11:03] [275/455] SLND
[09:11:03] [276/455] APAP
[09:11:05] [277/455] AYYA
[09:11:06] [278/455] VCCZ
[09:11:07] 🔄 Identity reset
[09:11:07] 🔄 Identity rotated (every 10 requests)
[09:11:07] [279/455] MEML
[09:11:07] [280/455] MAOU
[09:11:08] [281/455] ESND
[09:11:09] [282/455] PTBZ
[09:11:10] [283/455] LBCN
[09:11:10] [284/455] PAWA
[09:11:11] [285/455] ZEIC
[09:11:12] [286/455] CGMM
[09:11:13] [287/455] PJPM
[09:11:13] [288/455] ECMR
[09:11:14] 🔄 Identity reset
[09:11:14] 🔄 Identity rotated (every 10 requests)
[09:11:15] [289/455] SHMZ
[09:11:16] [290/455] STCA
[09:11:17] [291/455] VDRC
[09:11:17] [292/455] SEEM
[09:11:18] [293/455] MKNS
[09:11:19] [294/455] KPPP
[09:11:19] [295/455] CCML
[09:11:20] [296/455] CIBA
[09:11:21] [297/455] NACS
[09:11:22] [298/455] CTMK
[09:11:22] 🔄 Identity reset
[09:11:22] 🔄 Identity rotated (every 10 requests)
[09:11:23] [299/455] CTCT
[09:11:23] [300/455] MCSN
[09:11:24] [301/455] MAXX
[09:11:25] [302/455] MECB
[09:11:25] [303/455] NTBY
[09:11:26] [304/455] UTBI
[09:11:27] [305/455] RADK
[09:11:27] [306/455] STBY
[09:11:28] [307/455] GTBY
[09:11:30] [308/455] RRMB
[09:11:30] 🔄 Identity reset
[09:11:30] 🔄 Identity rotated (every 10 requests)
[09:11:30] 🔄 Retry 1/5 for RRMB in 2.1s
[09:11:30] 🔄 Identity reset
[09:11:32] 🧠 New identity created
[09:11:33] [309/455] ABRN
[09:11:34] [310/455] GTSG
[09:11:35] [311/455] GBTG
[09:11:36] [312/455] SBGS
[09:11:36] [313/455] KBPM
[09:11:38] [314/455] SMHT
[09:11:39] [315/455] VTDM
[09:11:39] [316/455] ASCT
[09:11:40] [317/455] AWCT
[09:11:41] 🔄 Identity reset
[09:11:41] 🔄 Identity rotated (every 10 requests)
[09:11:41] [318/455] DCCU
[09:11:42] [319/455] PSCE
[09:11:43] [320/455] KSNY
[09:11:44] [321/455] ACID
[09:11:45] [322/455] LVCD
[09:11:46] [323/455] KSSB
[09:11:47] [324/455] SWTD
[09:11:48] [325/455] RBMR
[09:11:48] [326/455] SCBC
[09:11:49] [327/455] RKME
[09:11:50] 🔄 Identity reset
[09:11:50] 🔄 Identity rotated (every 10 requests)
[09:11:50] [328/455] GALX
[09:11:51] [329/455] GCCH
[09:11:52] [330/455] RATR
[09:11:52] [331/455] GTGA
[09:11:53] [332/455] LTTR
[09:11:54] [333/455] TTAA
[09:11:55] [334/455] TVHP
[09:11:56] [335/455] KVCS
[09:11:57] [336/455] CBMC
[09:11:58] [337/455] MAYJ
[09:11:59] 🔄 Identity reset
[09:11:59] 🔄 Identity rotated (every 10 requests)
[09:11:59] [338/455] INPR
[09:12:00] [339/455] RSSC
[09:12:01] [340/455] PCAN
[09:12:01] [341/455] PVHR
[09:12:02] [342/455] AGSM
[09:12:03] [343/455] PVES
[09:12:04] [344/455] INTO
[09:12:05] [345/455] ACON
[09:12:06] [346/455] PVPZ
[09:12:06] [347/455] PVHC
[09:12:07] 🔄 Identity reset
[09:12:07] 🔄 Identity rotated (every 10 requests)
[09:12:07] 🔄 Retry 1/5 for PVHC in 2.4s
[09:12:07] 🔄 Identity reset
[09:12:09] 🧠 New identity created
[09:12:10] [348/455] KSTK
[09:12:11] [349/455] PVSR
[09:12:12] [350/455] ACTN
[09:12:12] [351/455] FMCN
[09:12:13] [352/455] PABC
[09:12:14] [353/455] SUTC
[09:12:15] [354/455] PGMV
[09:12:15] [355/455] GKCP
[09:12:16] [356/455] INCH
[09:12:17] 🔄 Identity reset
[09:12:17] 🔄 Identity rotated (every 10 requests)
[09:12:17] [357/455] MLMT
[09:12:18] [358/455] SSCC
[09:12:18] [359/455] SLMP
[09:12:19] [360/455] VVTN
[09:12:20] [361/455] SBTR
[09:12:20] [362/455] PGRA
[09:12:21] [363/455] PBRM
[09:12:22] [364/455] GCRP
[09:12:22] [365/455] MCSK
[09:12:23] [366/455] NLTC
[09:12:24] 🔄 Identity reset
[09:12:24] 🔄 Identity rotated (every 10 requests)
[09:12:24] [367/455] MTLM
[09:12:26] [368/455] VECT
[09:12:26] [369/455] KMRM
[09:12:27] [370/455] RACM
[09:12:28] [371/455] WSTC
[09:12:29] [372/455] PVTJ
[09:12:30] [373/455] MMKC
[09:12:31] [374/455] SVWT
[09:12:31] [375/455] JOTG
[09:12:32] [376/455] VCDK
[09:12:33] 🔄 Identity reset
[09:12:33] 🔄 Identity rotated (every 10 requests)
[09:12:33] 🔄 Retry 1/5 for VCDK in 3.0s
[09:12:33] 🔄 Identity reset
[09:12:36] 🧠 New identity created
[09:12:36] [377/455] ANAC
[09:12:37] [378/455] GRTC
[09:12:38] [379/455] JTPL
[09:12:39] [380/455] VRCP
[09:12:40] [381/455] REMC
[09:12:40] [382/455] ATMG
[09:12:41] [383/455] GAHC
[09:12:42] [384/455] JTMV
[09:12:43] [385/455] OMTT
[09:12:44] 🔄 Identity reset
[09:12:44] 🔄 Identity rotated (every 10 requests)
[09:12:44] [386/455] GKKC
[09:12:45] [387/455] BBPO
[09:12:46] [388/455] ZCBB
[09:12:46] [389/455] DCGO
[09:12:47] [390/455] STOP
[09:12:48] [391/455] BSPC
[09:12:49] [392/455] SOND
[09:12:50] [393/455] GCKG
[09:12:51] [394/455] PCDB
[09:12:52] [395/455] PGRC
[09:12:52] 🔄 Identity reset
[09:12:52] 🔄 Identity rotated (every 10 requests)
[09:12:52] [396/455] CSCT
[09:12:53] [397/455] STDA
[09:12:54] [398/455] JAYD
[09:12:55] [399/455] PPPD
[09:12:56] [400/455] KRTT
[09:12:57] [401/455] PTDT
[09:12:57] [402/455] TRSV
[09:12:58] [403/455] VELR
[09:12:59] [404/455] STDT
[09:13:00] [405/455] SATT
[09:13:00] 🔄 Identity reset
[09:13:00] 🔄 Identity rotated (every 10 requests)
[09:13:00] [406/455] KCPM
[09:13:01] [407/455] MFCP
[09:13:02] [408/455] AXMP
[09:13:03] [409/455] LTVB
[09:13:04] [410/455] APST
[09:13:05] [411/455] DTVP
[09:13:06] [412/455] AAVB
[09:13:07] [413/455] PMBL
[09:13:07] [414/455] STKC
[09:13:08] [415/455] KKMA
[09:13:09] 🔄 Identity reset
[09:13:09] 🔄 Identity rotated (every 10 requests)
[09:13:09] [416/455] NMXS
[09:13:10] [417/455] DECX
[09:13:11] [418/455] MAPJ
[09:13:12] [419/455] SMLK
[09:13:13] [420/455] PMPU
[09:13:14] [421/455] AFST
[09:13:15] [422/455] SRSY
[09:13:16] [423/455] RMKT
[09:13:17] [424/455] RAJX
[09:13:18] [425/455] UVCD
[09:13:18] 🔄 Identity reset
[09:13:18] 🔄 Identity rotated (every 10 requests)
[09:13:19] [426/455] LISA
[09:13:19] [427/455] LMSR
[09:13:20] [428/455] PMCA
[09:13:21] [429/455] INPO
[09:13:22] [430/455] INGO
[09:13:23] [431/455] HFSQ
[09:13:24] [432/455] INMG
[09:13:25] [433/455] NYCP
[09:13:26] [434/455] HFSV
[09:13:27] [435/455] MMZP
[09:13:27] 🔄 Identity reset
[09:13:27] 🔄 Identity rotated (every 10 requests)
[09:13:28] [436/455] KSES
[09:13:28] [437/455] HFSA
[09:13:29] [438/455] ACMM
[09:13:30] [439/455] RCKD
[09:13:31] [440/455] BCKR
[09:13:32] [441/455] SFCO
[09:13:33] [442/455] JCCB
[09:13:33] [443/455] BCCR
[09:13:34] [444/455] NWCB
[09:13:36] [445/455] SAMT
[09:13:36] 🔄 Identity reset
[09:13:36] 🔄 Identity rotated (every 10 requests)
[09:13:36] 🔄 Retry 1/5 for SAMT in 2.9s
[09:13:36] 🔄 Identity reset
[09:13:39] 🧠 New identity created
[09:13:40] [446/455] TMST
[09:13:40] [447/455] SJCN
[09:13:41] [448/455] MCBS
[09:13:42] [449/455] CMKR
[09:13:43] [450/455] INPM
[09:13:44] [451/455] WVMT
[09:13:44] [452/455] NYSM
[09:13:45] [453/455] RCMA
[09:13:46] [454/455] RECM
[09:13:46] 🔄 Identity reset
[09:13:46] 🔄 Identity rotated (every 10 requests)
[09:13:47] [455/455] CYCM
[09:13:48] ✅ DONE | Shows=1173 | Movies=67
[10:07:20] 🚀 BMS DAILY TRACKER STARTED (enhanced anti‑detection)
[10:07:20] [1/455] MXGN
[10:07:21] 🧠 New identity created
[10:07:21] [2/455] PGGM
[10:07:22] [3/455] IPMJ
[10:07:23] [4/455] M2PP
[10:07:24] [5/455] PMMS
[10:07:25] [6/455] SCJN
[10:07:26] [7/455] CPUM
[10:07:27] [8/455] SCND
[10:07:28] [9/455] INWM
[10:07:29] [10/455] DVDC
[10:07:29] 🔄 Identity reset
[10:07:30] 🔄 Identity rotated (every 10 requests)
[10:07:30] [11/455] WVND
[10:07:31] [12/455] LBDL
[10:07:32] [13/455] CRGM
[10:07:33] [14/455] PVKS
[10:07:34] [15/455] PBLL
[10:07:34] [16/455] FNLN
[10:07:35] [17/455] PPDA
[10:07:36] [18/455] SCPT
[10:07:37] [19/455] IAJS
[10:07:38] [20/455] MMZG
[10:07:39] 🔄 Identity reset
[10:07:39] 🔄 Identity rotated (every 10 requests)
[10:07:39] [21/455] MCTI
[10:07:40] [22/455] PPMF
[10:07:40] [23/455] FNSD
[10:07:42] [24/455] M2RH
[10:07:43] [25/455] CPGV
[10:07:44] [26/455] PECD
[10:07:44] [27/455] CTEE
[10:07:45] [28/455] IOMG
[10:07:46] [29/455] CIJA
[10:07:47] [30/455] NYCG
[10:07:48] 🔄 Identity reset
[10:07:48] 🔄 Identity rotated (every 10 requests)
[10:07:48] [31/455] CEST
[10:07:49] [32/455] WVRG
[10:07:50] [33/455] DPDC
[10:07:51] [34/455] PDIV
[10:07:52] [35/455] MTPP
[10:07:53] [36/455] MHNU
[10:07:54] [37/455] WUPG
[10:07:55] [38/455] USCO
[10:07:55] [39/455] INFR
[10:07:56] [40/455] PVPD
[10:07:57] 🔄 Identity reset
[10:07:57] 🔄 Identity rotated (every 10 requests)
[10:07:57] [41/455] RONC
[10:07:58] [42/455] IOCP
[10:07:59] [43/455] EMPS
[10:08:00] [44/455] PNAD
[10:08:01] [45/455] VVGZ
[10:08:01] [46/455] MDDC
[10:08:02] [47/455] MMAP
[10:08:03] [48/455] GPDC
[10:08:04] [49/455] PVPU
[10:08:05] [50/455] DCMV
[10:08:06] 🔄 Identity reset
[10:08:06] 🔄 Identity rotated (every 10 requests)
[10:08:06] 🔄 Retry 1/5 for DCMV in 2.4s
[10:08:06] 🔄 Identity reset
[10:08:08] 🧠 New identity created
[10:08:09] [51/455] PCCF
[10:08:10] [52/455] MCEF
[10:08:10] [53/455] INRD
[10:08:11] [54/455] CCPZ
[10:08:12] [55/455] BCWG
[10:08:13] [56/455] PMGU
[10:08:14] [57/455] MCVM
[10:08:15] [58/455] MCDE
[10:08:16] [59/455] IEFM
[10:08:16] 🔄 Identity reset
[10:08:16] 🔄 Identity rotated (every 10 requests)
[10:08:17] [60/455] MXCS
[10:08:18] [61/455] RNMT
[10:08:19] [62/455] PSDD
[10:08:19] [63/455] PETA
[10:08:20] [64/455] IZOP
[10:08:21] [65/455] PDEI
[10:08:22] [66/455] MTND
[10:08:23] [67/455] PCPL
[10:08:24] [68/455] LSCM
[10:08:25] [69/455] BTFD
[10:08:25] 🔄 Identity reset
[10:08:25] 🔄 Identity rotated (every 10 requests)
[10:08:25] 🔄 Retry 1/5 for BTFD in 2.2s
[10:08:25] 🔄 Identity reset
[10:08:27] 🧠 New identity created
[10:08:28] [70/455] MERM
[10:08:28] [71/455] PVMS
[10:08:29] [72/455] CIGK
[10:08:30] [73/455] INSG
[10:08:31] [74/455] IDEN
[10:08:32] [75/455] MCGN
[10:08:33] [76/455] IGAM
[10:08:34] [77/455] SLCU
[10:08:35] [78/455] MIMU
[10:08:36] 🔄 Identity reset
[10:08:36] 🔄 Identity rotated (every 10 requests)
[10:08:37] [79/455] QLAC
[10:08:37] [80/455] MENL
[10:08:38] [81/455] SCUR
[10:08:39] [82/455] MDGD
[10:08:40] [83/455] LSRS
[10:08:41] [84/455] KMLG
[10:08:41] [85/455] MKLJ
[10:08:42] [86/455] IBYG
[10:08:43] [87/455] ISML
[10:08:44] [88/455] MJMM
[10:08:45] 🔄 Identity reset
[10:08:45] 🔄 Identity rotated (every 10 requests)
[10:08:45] [89/455] RCGD
[10:08:46] [90/455] MMOC
[10:08:47] [91/455] RRCO
[10:08:47] [92/455] MEDM
[10:08:48] [93/455] MCAZ
[10:08:49] [94/455] STWA
[10:08:51] [95/455] PFFG
[10:08:52] [96/455] GAGC
[10:08:54] [97/455] PMPM
[10:08:55] [98/455] HVCD
[10:08:56] 🔄 Identity reset
[10:08:56] 🔄 Identity rotated (every 10 requests)
[10:08:56] [99/455] AKRF
[10:08:57] [100/455] AKRC
[10:08:58] [101/455] MIDA
[10:08:59] [102/455] MAGX
[10:09:00] [103/455] ESOS
[10:09:01] [104/455] BBCL
[10:09:01] [105/455] LYAS
[10:09:03] [106/455] NRMS
[10:09:04] [107/455] BHUC
[10:09:05] [108/455] SRIC
[10:09:06] 🔄 Identity reset
[10:09:06] 🔄 Identity rotated (every 10 requests)
[10:09:06] 🔄 Retry 1/5 for SRIC in 2.7s
[10:09:06] 🔄 Identity reset
[10:09:08] 🧠 New identity created
[10:09:09] [109/455] PDME
[10:09:09] [110/455] MJCS
[10:09:10] [111/455] NRAA
[10:09:11] [112/455] VATA
[10:09:12] [113/455] MNKC
[10:09:13] [114/455] DHCL
[10:09:14] [115/455] JCPC
[10:09:14] [116/455] CTML
[10:09:15] [117/455] RMMR
[10:09:16] 🔄 Identity reset
[10:09:16] 🔄 Identity rotated (every 10 requests)
[10:09:16] [118/455] STTL
[10:09:17] [119/455] CNPS
[10:09:18] [120/455] ACKL
[10:09:20] [121/455] SCAU
[10:09:20] [122/455] RMIA
[10:09:21] [123/455] MANU
[10:09:22] [124/455] ARDC
[10:09:23] [125/455] GLDA
[10:09:24] [126/455] KVSW
[10:09:25] [127/455] CGCA
[10:09:26] 🔄 Identity reset
[10:09:26] 🔄 Identity rotated (every 10 requests)
[10:09:26] [128/455] CMLO
[10:09:27] [129/455] CECB
[10:09:28] [130/455] RCPN
[10:09:30] [131/455] ASMW
[10:09:30] [132/455] PWLM
[10:09:31] [133/455] ASGM
[10:09:32] [134/455] ACWH
[10:09:33] [135/455] AAPW
[10:09:34] [136/455] RTWA
[10:09:35] [137/455] RAMW
[10:09:35] 🔄 Identity reset
[10:09:35] 🔄 Identity rotated (every 10 requests)
[10:09:35] [138/455] VKTR
[10:09:36] [139/455] SMBH
[10:09:37] [140/455] BVDR
[10:09:39] [141/455] MRTP
[10:09:39] [142/455] BLBR
[10:09:40] [143/455] LPIN
[10:09:41] [144/455] SNPC
[10:09:42] [145/455] PDCB
[10:09:43] [146/455] DYPK
[10:09:44] [147/455] INMK
[10:09:44] 🔄 Identity reset
[10:09:44] 🔄 Identity rotated (every 10 requests)
[10:09:45] [148/455] PDCK
[10:09:46] [149/455] PCKR
[10:09:47] [150/455] SHUA
[10:09:48] [151/455] SCVK
[10:09:49] [152/455] STPA
[10:09:50] [153/455] WVHD
[10:09:51] [154/455] MRCH
[10:09:52] [155/455] MCNP
[10:09:52] [156/455] RCAG
[10:09:53] [157/455] JTSN
[10:09:54] 🔄 Identity reset
[10:09:54] 🔄 Identity rotated (every 10 requests)
[10:09:54] [158/455] AANS
[10:09:55] [159/455] GDDR
[10:09:56] [160/455] SRER
[10:09:57] [161/455] JKMA
[10:09:57] [162/455] ARAN
[10:09:59] [163/455] ALCT
[10:10:00] [164/455] CCTA
[10:10:01] [165/455] CNCT
[10:10:01] [166/455] NZBL
[10:10:02] [167/455] SRRA
[10:10:03] 🔄 Identity reset
[10:10:03] 🔄 Identity rotated (every 10 requests)
[10:10:03] [168/455] SVPW
[10:10:04] [169/455] SRTW
[10:10:05] [170/455] XMTD
[10:10:06] [171/455] SCCZ
[10:10:07] [172/455] PBCR
[10:10:08] [173/455] RTSC
[10:10:09] [174/455] TLSV
[10:10:10] [175/455] RMTK
[10:10:10] [176/455] SRAT
[10:10:12] [177/455] GCYC
[10:10:13] 🔄 Identity reset
[10:10:13] 🔄 Identity rotated (every 10 requests)
[10:10:13] [178/455] HCAJ
[10:10:15] [179/455] LCXA
[10:10:16] [180/455] BINT
[10:10:17] [181/455] IXIM
[10:10:18] [182/455] MBCR
[10:10:18] [183/455] BMCJ
[10:10:19] [184/455] NICJ
[10:10:20] [185/455] SCAJ
[10:10:21] [186/455] CMXS
[10:10:22] [187/455] MMSR
[10:10:23] 🔄 Identity reset
[10:10:23] 🔄 Identity rotated (every 10 requests)
[10:10:23] [188/455] PRKT
[10:10:24] [189/455] LPTH
[10:10:25] [190/455] SARP
[10:10:25] [191/455] MNPP
[10:10:26] [192/455] PRLR
[10:10:27] [193/455] RCMW
[10:10:28] [194/455] FCMG
[10:10:29] [195/455] RTNK
[10:10:30] [196/455] LRCP
[10:10:30] [197/455] DBJR
[10:10:31] 🔄 Identity reset
[10:10:31] 🔄 Identity rotated (every 10 requests)
[10:10:31] [198/455] CACN
[10:10:32] [199/455] AMRL
[10:10:33] [200/455] SBBC
[10:10:34] [201/455] VENN
[10:10:35] [202/455] STSS
[10:10:36] [203/455] SMRB
[10:10:37] [204/455] CCMX
[10:10:38] [205/455] KCMR
[10:10:39] [206/455] SALH
[10:10:40] [207/455] CGTT
[10:10:41] 🔄 Identity reset
[10:10:41] 🔄 Identity rotated (every 10 requests)
[10:10:41] 🔄 Retry 1/5 for CGTT in 2.6s
[10:10:41] 🔄 Identity reset
[10:10:43] 🧠 New identity created
[10:10:43] [208/455] PMDR
[10:10:44] [209/455] VCPM
[10:10:45] [210/455] RZMX
[10:10:46] [211/455] TMSY
[10:10:48] [212/455] NTMS
[10:10:49] [213/455] VTAG
[10:10:50] [214/455] REMA
[10:10:52] [215/455] NXCC
[10:10:52] [216/455] SKYM
[10:10:53] 🔄 Identity reset
[10:10:53] 🔄 Identity rotated (every 10 requests)
[10:10:53] [217/455] CCMO
[10:10:55] [218/455] DMXM
[10:10:56] [219/455] SPPM
[10:10:57] [220/455] PTKL
[10:10:58] [221/455] SLVO
[10:10:59] [222/455] VASL
[10:11:00] [223/455] CBCM
[10:11:00] [224/455] STMA
[10:11:01] [225/455] LASK
[10:11:02] [226/455] VITE
[10:11:03] 🔄 Identity reset
[10:11:03] 🔄 Identity rotated (every 10 requests)
[10:11:03] [227/455] AAST
[10:11:04] [228/455] JTPT
[10:11:05] [229/455] RRSH
[10:11:06] [230/455] CINL
[10:11:07] [231/455] MCSR
[10:11:08] [232/455] SBCF
[10:11:08] [233/455] GCDU
[10:11:09] [234/455] PSPR
[10:11:10] [235/455] IMMO
[10:11:11] [236/455] CLGM
[10:11:12] 🔄 Identity reset
[10:11:12] 🔄 Identity rotated (every 10 requests)
[10:11:13] [237/455] PBMM
[10:11:13] [238/455] CEHR
[10:11:14] [239/455] CPOE
[10:11:15] [240/455] PGFD
[10:11:16] [241/455] PSLC
[10:11:18] [242/455] MSMD
[10:11:18] [243/455] FMFB
[10:11:19] [244/455] RKCL
[10:11:20] [245/455] PMMC
[10:11:21] [246/455] SKMM
[10:11:21] 🔄 Identity reset
[10:11:21] 🔄 Identity rotated (every 10 requests)
[10:11:22] [247/455] VOIB
[10:11:23] [248/455] KINO
[10:11:23] [249/455] VCTP
[10:11:24] [250/455] PDWR
[10:11:25] [251/455] SAED
[10:11:26] [252/455] SRRT
[10:11:27] [253/455] CVLG
[10:11:28] [254/455] SNGN
[10:11:29] [255/455] SIDA
[10:11:30] [256/455] IMCB
[10:11:31] 🔄 Identity reset
[10:11:31] 🔄 Identity rotated (every 10 requests)
[10:11:31] [257/455] SMHP
[10:11:32] [258/455] GDTY
[10:11:33] [259/455] VYCH
[10:11:33] [260/455] PDYA
[10:11:34] [261/455] RKDO
[10:11:35] [262/455] VECG
[10:11:36] [263/455] NFGD
[10:11:37] [264/455] SNDC
[10:11:37] [265/455] SDJH
[10:11:38] [266/455] HASV
[10:11:39] 🔄 Identity reset
[10:11:39] 🔄 Identity rotated (every 10 requests)
[10:11:39] [267/455] PTYK
[10:11:40] [268/455] MUTB
[10:11:40] [269/455] AMRT
[10:11:41] [270/455] VACD
[10:11:42] [271/455] SKDD
[10:11:43] [272/455] STGR
[10:11:44] [273/455] GDAK
[10:11:44] [274/455] SKHK
[10:11:45] [275/455] SLND
[10:11:46] [276/455] APAP
[10:11:47] 🔄 Identity reset
[10:11:47] 🔄 Identity rotated (every 10 requests)
[10:11:47] [277/455] AYYA
[10:11:48] [278/455] VCCZ
[10:11:49] [279/455] MEML
[10:11:50] [280/455] MAOU
[10:11:51] [281/455] ESND
[10:11:52] [282/455] PTBZ
[10:11:53] [283/455] LBCN
[10:11:54] [284/455] PAWA
[10:11:55] [285/455] ZEIC
[10:11:56] [286/455] CGMM
[10:11:56] 🔄 Identity reset
[10:11:56] 🔄 Identity rotated (every 10 requests)
[10:11:57] [287/455] PJPM
[10:11:58] [288/455] ECMR
[10:11:58] [289/455] SHMZ
[10:11:59] [290/455] STCA
[10:12:00] [291/455] VDRC
[10:12:01] [292/455] SEEM
[10:12:02] [293/455] MKNS
[10:12:03] [294/455] KPPP
[10:12:04] [295/455] CCML
[10:12:05] [296/455] CIBA
[10:12:06] 🔄 Identity reset
[10:12:06] 🔄 Identity rotated (every 10 requests)
[10:12:06] 🔄 Retry 1/5 for CIBA in 2.6s
[10:12:06] 🔄 Identity reset
[10:12:08] 🧠 New identity created
[10:12:09] [297/455] NACS
[10:12:10] [298/455] CTMK
[10:12:10] [299/455] CTCT
[10:12:12] [300/455] MCSN
[10:12:13] [301/455] MAXX
[10:12:14] [302/455] MECB
[10:12:15] [303/455] NTBY
[10:12:15] [304/455] UTBI
[10:12:16] [305/455] RADK
[10:12:17] 🔄 Identity reset
[10:12:17] 🔄 Identity rotated (every 10 requests)
[10:12:17] 🔄 Retry 1/5 for RADK in 2.4s
[10:12:17] 🔄 Identity reset
[10:12:19] 🧠 New identity created
[10:12:20] [306/455] STBY
[10:12:21] [307/455] GTBY
[10:12:21] [308/455] RRMB
[10:12:22] [309/455] ABRN
[10:12:23] [310/455] GTSG
[10:12:24] [311/455] GBTG
[10:12:25] [312/455] SBGS
[10:12:26] [313/455] KBPM
[10:12:27] [314/455] SMHT
[10:12:27] 🔄 Identity reset
[10:12:27] 🔄 Identity rotated (every 10 requests)
[10:12:27] 🔄 Retry 1/5 for SMHT in 2.5s
[10:12:27] 🔄 Identity reset
[10:12:30] 🧠 New identity created
[10:12:30] [315/455] VTDM
[10:12:32] [316/455] ASCT
[10:12:32] [317/455] AWCT
[10:12:33] [318/455] DCCU
[10:12:34] [319/455] PSCE
[10:12:35] [320/455] KSNY
[10:12:36] [321/455] ACID
[10:12:37] [322/455] LVCD
[10:12:38] [323/455] KSSB
[10:12:39] 🔄 Identity reset
[10:12:39] 🔄 Identity rotated (every 10 requests)
[10:12:39] [324/455] SWTD
[10:12:40] [325/455] RBMR
[10:12:41] [326/455] SCBC
[10:12:42] [327/455] RKME
[10:12:43] [328/455] GALX
[10:12:44] [329/455] GCCH
[10:12:45] [330/455] RATR
[10:12:45] [331/455] GTGA
[10:12:46] [332/455] LTTR
[10:12:47] [333/455] TTAA
[10:12:48] 🔄 Identity reset
[10:12:48] 🔄 Identity rotated (every 10 requests)
[10:12:48] [334/455] TVHP
[10:12:49] [335/455] KVCS
[10:12:50] [336/455] CBMC
[10:12:51] [337/455] MAYJ
[10:12:52] [338/455] INPR
[10:12:52] [339/455] RSSC
[10:12:53] [340/455] PCAN
[10:12:54] [341/455] PVHR
[10:12:55] [342/455] AGSM
[10:12:56] [343/455] PVES
[10:12:56] 🔄 Identity reset
[10:12:56] 🔄 Identity rotated (every 10 requests)
[10:12:56] [344/455] INTO
[10:12:57] [345/455] ACON
[10:12:58] [346/455] PVPZ
[10:12:59] [347/455] PVHC
[10:13:00] [348/455] KSTK
[10:13:01] [349/455] PVSR
[10:13:02] [350/455] ACTN
[10:13:03] [351/455] FMCN
[10:13:04] [352/455] PABC
[10:13:05] [353/455] SUTC
[10:13:06] 🔄 Identity reset
[10:13:06] 🔄 Identity rotated (every 10 requests)
[10:13:06] [354/455] PGMV
[10:13:07] [355/455] GKCP
[10:13:08] [356/455] INCH
[10:13:09] [357/455] MLMT
[10:13:10] [358/455] SSCC
[10:13:11] [359/455] SLMP
[10:13:12] [360/455] VVTN
[10:13:13] [361/455] SBTR
[10:13:14] [362/455] PGRA
[10:13:15] [363/455] PBRM
[10:13:15] 🔄 Identity reset
[10:13:15] 🔄 Identity rotated (every 10 requests)
[10:13:16] [364/455] GCRP
[10:13:17] [365/455] MCSK
[10:13:18] [366/455] NLTC
[10:13:18] [367/455] MTLM
[10:13:19] [368/455] VECT
[10:13:20] [369/455] KMRM
[10:13:21] [370/455] RACM
[10:13:22] [371/455] WSTC
[10:13:23] [372/455] PVTJ
[10:13:24] [373/455] MMKC
[10:13:25] 🔄 Identity reset
[10:13:25] 🔄 Identity rotated (every 10 requests)
[10:13:25] 🔄 Retry 1/5 for MMKC in 2.9s
[10:13:25] 🔄 Identity reset
[10:13:28] 🧠 New identity created
[10:13:28] [374/455] SVWT
[10:13:29] [375/455] JOTG
[10:13:30] [376/455] VCDK
[10:13:31] [377/455] ANAC
[10:13:32] [378/455] GRTC
[10:13:33] [379/455] JTPL
[10:13:34] [380/455] VRCP
[10:13:35] [381/455] REMC
[10:13:36] [382/455] ATMG
[10:13:36] 🔄 Identity reset
[10:13:36] 🔄 Identity rotated (every 10 requests)
[10:13:37] [383/455] GAHC
[10:13:37] [384/455] JTMV
[10:13:38] [385/455] OMTT
[10:13:39] [386/455] GKKC
[10:13:40] [387/455] BBPO
[10:13:41] [388/455] ZCBB
[10:13:41] [389/455] DCGO
[10:13:42] [390/455] STOP
[10:13:43] [391/455] BSPC
[10:13:44] [392/455] SOND
[10:13:45] 🔄 Identity reset
[10:13:45] 🔄 Identity rotated (every 10 requests)
[10:13:45] [393/455] GCKG
[10:13:46] [394/455] PCDB
[10:13:47] [395/455] PGRC
[10:13:48] [396/455] CSCT
[10:13:49] [397/455] STDA
[10:13:50] [398/455] JAYD
[10:13:51] [399/455] PPPD
[10:13:52] [400/455] KRTT
[10:13:52] [401/455] PTDT
[10:13:53] [402/455] TRSV
[10:13:54] 🔄 Identity reset
[10:13:54] 🔄 Identity rotated (every 10 requests)
[10:13:54] [403/455] VELR
[10:13:55] [404/455] STDT
[10:13:56] [405/455] SATT
[10:13:57] [406/455] KCPM
[10:13:57] [407/455] MFCP
[10:13:58] [408/455] AXMP
[10:13:59] [409/455] LTVB
[10:14:01] [410/455] APST
[10:14:02] [411/455] DTVP
[10:14:03] [412/455] AAVB
[10:14:04] 🔄 Identity reset
[10:14:04] 🔄 Identity rotated (every 10 requests)
[10:14:05] [413/455] PMBL
[10:14:05] [414/455] STKC
[10:14:06] [415/455] KKMA
[10:14:08] [416/455] NMXS
[10:14:09] [417/455] DECX
[10:14:10] [418/455] MAPJ
[10:14:12] [419/455] SMLK
[10:14:13] [420/455] PMPU
[10:14:14] [421/455] AFST
[10:14:14] [422/455] SRSY
[10:14:15] 🔄 Identity reset
[10:14:15] 🔄 Identity rotated (every 10 requests)
[10:14:15] [423/455] RMKT
[10:14:16] [424/455] RAJX
[10:14:17] [425/455] UVCD
[10:14:18] [426/455] LISA
[10:14:19] [427/455] LMSR
[10:14:20] [428/455] PMCA
[10:14:20] [429/455] INPO
[10:14:21] [430/455] INGO
[10:14:22] [431/455] HFSQ
[10:14:23] [432/455] INMG
[10:14:24] 🔄 Identity reset
[10:14:24] 🔄 Identity rotated (every 10 requests)
[10:14:24] [433/455] NYCP
[10:14:25] [434/455] HFSV
[10:14:25] [435/455] MMZP
[10:14:26] [436/455] KSES
[10:14:27] [437/455] HFSA
[10:14:28] [438/455] ACMM
[10:14:29] [439/455] RCKD
[10:14:30] [440/455] BCKR
[10:14:31] [441/455] SFCO
[10:14:32] [442/455] JCCB
[10:14:32] 🔄 Identity reset
[10:14:32] 🔄 Identity rotated (every 10 requests)
[10:14:33] [443/455] BCCR
[10:14:34] [444/455] NWCB
[10:14:34] [445/455] SAMT
[10:14:35] [446/455] TMST
[10:14:36] [447/455] SJCN
[10:14:37] [448/455] MCBS
[10:14:38] [449/455] CMKR
[10:14:38] [450/455] INPM
[10:14:39] [451/455] WVMT
[10:14:41] [452/455] NYSM
[10:14:41] 🔄 Identity reset
[10:14:41] 🔄 Identity rotated (every 10 requests)
[10:14:42] [453/455] RCMA
[10:14:42] [454/455] RECM
[10:14:43] [455/455] CYCM
[10:14:44] ✅ DONE | Shows=1511 | Movies=70
[11:07:24] 🚀 BMS DAILY TRACKER STARTED (enhanced anti‑detection)
[11:07:24] [1/455] MXGN
[11:07:24] 🧠 New identity created
[11:07:25] [2/455] PGGM
[11:07:26] [3/455] IPMJ
[11:07:26] [4/455] M2PP
[11:07:27] [5/455] PMMS
[11:07:28] [6/455] SCJN
[11:07:29] [7/455] CPUM
[11:07:30] [8/455] SCND
[11:07:31] [9/455] INWM
[11:07:32] [10/455] DVDC
[11:07:32] 🔄 Identity reset
[11:07:32] 🔄 Identity rotated (every 10 requests)
[11:07:33] 🔄 Retry 1/5 for DVDC in 2.7s
[11:07:33] 🔄 Identity reset
[11:07:35] 🧠 New identity created
[11:07:36] [11/455] WVND
[11:07:37] [12/455] LBDL
[11:07:38] [13/455] CRGM
[11:07:39] [14/455] PVKS
[11:07:40] [15/455] PBLL
[11:07:41] [16/455] FNLN
[11:07:42] [17/455] PPDA
[11:07:43] [18/455] SCPT
[11:07:44] [19/455] IAJS
[11:07:44] 🔄 Identity reset
[11:07:44] 🔄 Identity rotated (every 10 requests)
[11:07:44] 🔄 Retry 1/5 for IAJS in 2.0s
[11:07:44] 🔄 Identity reset
[11:07:46] 🧠 New identity created
[11:07:47] [20/455] MMZG
[11:07:47] [21/455] MCTI
[11:07:48] [22/455] PPMF
[11:07:49] [23/455] FNSD
[11:07:50] [24/455] M2RH
[11:07:51] [25/455] CPGV
[11:07:52] [26/455] PECD
[11:07:53] [27/455] CTEE
[11:07:55] [28/455] IOMG
[11:07:55] 🔄 Identity reset
[11:07:55] 🔄 Identity rotated (every 10 requests)
[11:07:55] [29/455] CIJA
[11:07:56] [30/455] NYCG
[11:07:57] [31/455] CEST
[11:07:58] [32/455] WVRG
[11:07:59] [33/455] DPDC
[11:08:00] [34/455] PDIV
[11:08:00] [35/455] MTPP
[11:08:01] [36/455] MHNU
[11:08:02] [37/455] WUPG
[11:08:03] [38/455] USCO
[11:08:04] 🔄 Identity reset
[11:08:04] 🔄 Identity rotated (every 10 requests)
[11:08:04] [39/455] INFR
[11:08:05] [40/455] PVPD
[11:08:06] [41/455] RONC
[11:08:07] [42/455] IOCP
[11:08:07] [43/455] EMPS
[11:08:08] [44/455] PNAD
[11:08:09] [45/455] VVGZ
[11:08:10] [46/455] MDDC
[11:08:11] [47/455] MMAP
[11:08:12] [48/455] GPDC
[11:08:12] 🔄 Identity reset
[11:08:12] 🔄 Identity rotated (every 10 requests)
[11:08:13] [49/455] PVPU
[11:08:14] [50/455] DCMV
[11:08:15] [51/455] PCCF
[11:08:15] [52/455] MCEF
[11:08:16] [53/455] INRD
[11:08:17] [54/455] CCPZ
[11:08:18] [55/455] BCWG
[11:08:19] [56/455] PMGU
[11:08:21] [57/455] MCVM
[11:08:22] [58/455] MCDE
[11:08:23] 🔄 Identity reset
[11:08:23] 🔄 Identity rotated (every 10 requests)
[11:08:23] [59/455] IEFM
[11:08:24] [60/455] MXCS
[11:08:25] [61/455] RNMT
[11:08:26] [62/455] PSDD
[11:08:27] [63/455] PETA
[11:08:28] [64/455] IZOP
[11:08:29] [65/455] PDEI
[11:08:29] [66/455] MTND
[11:08:31] [67/455] PCPL
[11:08:32] [68/455] LSCM
[11:08:32] 🔄 Identity reset
[11:08:32] 🔄 Identity rotated (every 10 requests)
[11:08:33] [69/455] BTFD
[11:08:33] [70/455] MERM
[11:08:34] [71/455] PVMS
[11:08:35] [72/455] CIGK
[11:08:36] [73/455] INSG
[11:08:37] [74/455] IDEN
[11:08:38] [75/455] MCGN
[11:08:38] [76/455] IGAM
[11:08:39] [77/455] SLCU
[11:08:40] [78/455] MIMU
[11:08:41] 🔄 Identity reset
[11:08:41] 🔄 Identity rotated (every 10 requests)
[11:08:41] [79/455] QLAC
[11:08:42] [80/455] MENL
[11:08:43] [81/455] SCUR
[11:08:43] [82/455] MDGD
[11:08:44] [83/455] LSRS
[11:08:45] [84/455] KMLG
[11:08:46] [85/455] MKLJ
[11:08:47] [86/455] IBYG
[11:08:48] [87/455] ISML
[11:08:49] [88/455] MJMM
[11:08:49] 🔄 Identity reset
[11:08:49] 🔄 Identity rotated (every 10 requests)
[11:08:50] [89/455] RCGD
[11:08:51] [90/455] MMOC
[11:08:51] [91/455] RRCO
[11:08:52] [92/455] MEDM
[11:08:54] [93/455] MCAZ
[11:08:55] [94/455] STWA
[11:08:56] [95/455] PFFG
[11:08:57] [96/455] GAGC
[11:08:57] [97/455] PMPM
[11:08:58] [98/455] HVCD
[11:08:59] 🔄 Identity reset
[11:08:59] 🔄 Identity rotated (every 10 requests)
[11:08:59] [99/455] AKRF
[11:09:00] [100/455] AKRC
[11:09:01] [101/455] MIDA
[11:09:02] [102/455] MAGX
[11:09:02] [103/455] ESOS
[11:09:03] [104/455] BBCL
[11:09:04] [105/455] LYAS
[11:09:05] [106/455] NRMS
[11:09:06] [107/455] BHUC
[11:09:07] [108/455] SRIC
[11:09:07] 🔄 Identity reset
[11:09:07] 🔄 Identity rotated (every 10 requests)
[11:09:08] [109/455] PDME
[11:09:08] [110/455] MJCS
[11:09:09] [111/455] NRAA
[11:09:10] [112/455] VATA
[11:09:11] [113/455] MNKC
[11:09:12] [114/455] DHCL
[11:09:13] [115/455] JCPC
[11:09:14] [116/455] CTML
[11:09:15] [117/455] RMMR
[11:09:16] [118/455] STTL
[11:09:17] 🔄 Identity reset
[11:09:17] 🔄 Identity rotated (every 10 requests)
[11:09:18] [119/455] CNPS
[11:09:19] [120/455] ACKL
[11:09:20] [121/455] SCAU
[11:09:21] [122/455] RMIA
[11:09:22] [123/455] MANU
[11:09:23] [124/455] ARDC
[11:09:24] [125/455] GLDA
[11:09:25] [126/455] KVSW
[11:09:26] [127/455] CGCA
[11:09:26] [128/455] CMLO
[11:09:27] 🔄 Identity reset
[11:09:27] 🔄 Identity rotated (every 10 requests)
[11:09:27] [129/455] CECB
[11:09:28] [130/455] RCPN
[11:09:29] [131/455] ASMW
[11:09:30] [132/455] PWLM
[11:09:31] [133/455] ASGM
[11:09:32] [134/455] ACWH
[11:09:33] [135/455] AAPW
[11:09:34] [136/455] RTWA
[11:09:35] [137/455] RAMW
[11:09:36] [138/455] VKTR
[11:09:36] 🔄 Identity reset
[11:09:36] 🔄 Identity rotated (every 10 requests)
[11:09:37] [139/455] SMBH
[11:09:37] [140/455] BVDR
[11:09:39] [141/455] MRTP
[11:09:40] [142/455] BLBR
[11:09:40] [143/455] LPIN
[11:09:41] [144/455] SNPC
[11:09:42] [145/455] PDCB
[11:09:44] [146/455] DYPK
[11:09:44] [147/455] INMK
[11:09:45] [148/455] PDCK
[11:09:46] 🔄 Identity reset
[11:09:46] 🔄 Identity rotated (every 10 requests)
[11:09:46] [149/455] PCKR
[11:09:47] [150/455] SHUA
[11:09:48] [151/455] SCVK
[11:09:49] [152/455] STPA
[11:09:50] [153/455] WVHD
[11:09:50] [154/455] MRCH
[11:09:51] [155/455] MCNP
[11:09:52] [156/455] RCAG
[11:09:53] [157/455] JTSN
[11:09:54] [158/455] AANS
[11:09:54] 🔄 Identity reset
[11:09:54] 🔄 Identity rotated (every 10 requests)
[11:09:54] [159/455] GDDR
[11:09:55] [160/455] SRER
[11:09:56] [161/455] JKMA
[11:09:57] [162/455] ARAN
[11:09:58] [163/455] ALCT
[11:09:59] [164/455] CCTA
[11:10:00] [165/455] CNCT
[11:10:00] [166/455] NZBL
[11:10:01] [167/455] SRRA
[11:10:02] [168/455] SVPW
[11:10:03] 🔄 Identity reset
[11:10:03] 🔄 Identity rotated (every 10 requests)
[11:10:03] [169/455] SRTW
[11:10:04] [170/455] XMTD
[11:10:05] [171/455] SCCZ
[11:10:06] [172/455] PBCR
[11:10:07] [173/455] RTSC
[11:10:07] [174/455] TLSV
[11:10:08] [175/455] RMTK
[11:10:09] [176/455] SRAT
[11:10:10] [177/455] GCYC
[11:10:11] [178/455] HCAJ
[11:10:11] 🔄 Identity reset
[11:10:11] 🔄 Identity rotated (every 10 requests)
[11:10:12] [179/455] LCXA
[11:10:12] [180/455] BINT
[11:10:13] [181/455] IXIM
[11:10:14] [182/455] MBCR
[11:10:15] [183/455] BMCJ
[11:10:16] [184/455] NICJ
[11:10:16] [185/455] SCAJ
[11:10:18] [186/455] CMXS
[11:10:19] [187/455] MMSR
[11:10:19] [188/455] PRKT
[11:10:20] 🔄 Identity reset
[11:10:20] 🔄 Identity rotated (every 10 requests)
[11:10:20] [189/455] LPTH
[11:10:21] [190/455] SARP
[11:10:22] [191/455] MNPP
[11:10:23] [192/455] PRLR
[11:10:23] [193/455] RCMW
[11:10:24] [194/455] FCMG
[11:10:25] [195/455] RTNK
[11:10:27] [196/455] LRCP
[11:10:28] [197/455] DBJR
[11:10:29] [198/455] CACN
[11:10:30] 🔄 Identity reset
[11:10:30] 🔄 Identity rotated (every 10 requests)
[11:10:30] [199/455] AMRL
[11:10:31] [200/455] SBBC
[11:10:31] [201/455] VENN
[11:10:32] [202/455] STSS
[11:10:34] [203/455] SMRB
[11:10:35] [204/455] CCMX
[11:10:36] [205/455] KCMR
[11:10:36] [206/455] SALH
[11:10:37] [207/455] CGTT
[11:10:38] [208/455] PMDR
[11:10:39] 🔄 Identity reset
[11:10:39] 🔄 Identity rotated (every 10 requests)
[11:10:39] [209/455] VCPM
[11:10:41] [210/455] RZMX
[11:10:42] [211/455] TMSY
[11:10:42] [212/455] NTMS
[11:10:43] [213/455] VTAG
[11:10:44] [214/455] REMA
[11:10:45] [215/455] NXCC
[11:10:46] [216/455] SKYM
[11:10:47] [217/455] CCMO
[11:10:48] [218/455] DMXM
[11:10:49] 🔄 Identity reset
[11:10:49] 🔄 Identity rotated (every 10 requests)
[11:10:49] [219/455] SPPM
[11:10:50] [220/455] PTKL
[11:10:51] [221/455] SLVO
[11:10:52] [222/455] VASL
[11:10:53] [223/455] CBCM
[11:10:53] [224/455] STMA
[11:10:54] [225/455] LASK
[11:10:55] [226/455] VITE
[11:10:56] [227/455] AAST
[11:10:57] [228/455] JTPT
[11:10:57] 🔄 Identity reset
[11:10:57] 🔄 Identity rotated (every 10 requests)
[11:10:58] [229/455] RRSH
[11:10:59] [230/455] CINL
[11:11:00] [231/455] MCSR
[11:11:01] [232/455] SBCF
[11:11:02] [233/455] GCDU
[11:11:03] [234/455] PSPR
[11:11:04] [235/455] IMMO
[11:11:05] [236/455] CLGM
[11:11:05] [237/455] PBMM
[11:11:06] [238/455] CEHR
[11:11:07] 🔄 Identity reset
[11:11:07] 🔄 Identity rotated (every 10 requests)
[11:11:07] [239/455] CPOE
[11:11:08] [240/455] PGFD
[11:11:09] [241/455] PSLC
[11:11:10] [242/455] MSMD
[11:11:11] [243/455] FMFB
[11:11:12] [244/455] RKCL
[11:11:12] [245/455] PMMC
[11:11:13] [246/455] SKMM
[11:11:14] [247/455] VOIB
[11:11:15] [248/455] KINO
[11:11:16] 🔄 Identity reset
[11:11:16] 🔄 Identity rotated (every 10 requests)
[11:11:16] 🔄 Retry 1/5 for KINO in 2.7s
[11:11:16] 🔄 Identity reset
[11:11:18] 🧠 New identity created
[11:11:19] [249/455] VCTP
[11:11:19] [250/455] PDWR
[11:11:20] [251/455] SAED
[11:11:22] [252/455] SRRT
[11:11:23] [253/455] CVLG
[11:11:24] [254/455] SNGN
[11:11:24] [255/455] SIDA
[11:11:25] [256/455] IMCB
[11:11:26] [257/455] SMHP
[11:11:27] 🔄 Identity reset
[11:11:27] 🔄 Identity rotated (every 10 requests)
[11:11:27] [258/455] GDTY
[11:11:28] [259/455] VYCH
[11:11:29] [260/455] PDYA
[11:11:30] [261/455] RKDO
[11:11:31] [262/455] VECG
[11:11:31] [263/455] NFGD
[11:11:32] [264/455] SNDC
[11:11:33] [265/455] SDJH
[11:11:34] [266/455] HASV
[11:11:35] [267/455] PTYK
[11:11:36] 🔄 Identity reset
[11:11:36] 🔄 Identity rotated (every 10 requests)
[11:11:36] [268/455] MUTB
[11:11:37] [269/455] AMRT
[11:11:38] [270/455] VACD
[11:11:39] [271/455] SKDD
[11:11:40] [272/455] STGR
[11:11:41] [273/455] GDAK
[11:11:42] [274/455] SKHK
[11:11:43] [275/455] SLND
[11:11:43] [276/455] APAP
[11:11:44] [277/455] AYYA
[11:11:45] 🔄 Identity reset
[11:11:45] 🔄 Identity rotated (every 10 requests)
[11:11:45] [278/455] VCCZ
[11:11:46] [279/455] MEML
[11:11:47] [280/455] MAOU
[11:11:48] [281/455] ESND
[11:11:48] [282/455] PTBZ
[11:11:49] [283/455] LBCN
[11:11:50] [284/455] PAWA
[11:11:51] [285/455] ZEIC
[11:11:51] [286/455] CGMM
[11:11:52] [287/455] PJPM
[11:11:53] 🔄 Identity reset
[11:11:53] 🔄 Identity rotated (every 10 requests)
[11:11:54] [288/455] ECMR
[11:11:55] [289/455] SHMZ
[11:11:55] [290/455] STCA
[11:11:56] [291/455] VDRC
[11:11:57] [292/455] SEEM
[11:11:58] [293/455] MKNS
[11:11:59] [294/455] KPPP
[11:12:00] [295/455] CCML
[11:12:01] [296/455] CIBA
[11:12:02] [297/455] NACS
[11:12:03] 🔄 Identity reset
[11:12:03] 🔄 Identity rotated (every 10 requests)
[11:12:03] [298/455] CTMK
[11:12:04] [299/455] CTCT
[11:12:05] [300/455] MCSN
[11:12:05] [301/455] MAXX
[11:12:06] [302/455] MECB
[11:12:07] [303/455] NTBY
[11:12:08] [304/455] UTBI
[11:12:09] [305/455] RADK
[11:12:10] [306/455] STBY
[11:12:10] [307/455] GTBY
[11:12:11] 🔄 Identity reset
[11:12:11] 🔄 Identity rotated (every 10 requests)
[11:12:11] 🔄 Retry 1/5 for GTBY in 2.3s
[11:12:11] 🔄 Identity reset
[11:12:14] 🧠 New identity created
[11:12:14] 🔄 Retry 2/5 for GTBY in 4.7s
[11:12:14] 🔄 Identity reset
[11:12:18] 🧠 New identity created
[11:12:19] [308/455] RRMB
[11:12:19] [309/455] ABRN
[11:12:20] [310/455] GTSG
[11:12:21] [311/455] GBTG
[11:12:22] [312/455] SBGS
[11:12:23] [313/455] KBPM
[11:12:24] [314/455] SMHT
[11:12:25] [315/455] VTDM
[11:12:25] 🔄 Identity reset
[11:12:25] 🔄 Identity rotated (every 10 requests)
[11:12:27] [316/455] ASCT
[11:12:27] [317/455] AWCT
[11:12:28] [318/455] DCCU
[11:12:29] [319/455] PSCE
[11:12:30] [320/455] KSNY
[11:12:30] [321/455] ACID
[11:12:31] [322/455] LVCD
[11:12:32] [323/455] KSSB
[11:12:33] [324/455] SWTD
[11:12:33] [325/455] RBMR
[11:12:34] 🔄 Identity reset
[11:12:34] 🔄 Identity rotated (every 10 requests)
[11:12:34] [326/455] SCBC
[11:12:35] [327/455] RKME
[11:12:36] [328/455] GALX
[11:12:37] [329/455] GCCH
[11:12:37] [330/455] RATR
[11:12:38] [331/455] GTGA
[11:12:40] [332/455] LTTR
[11:12:40] [333/455] TTAA
[11:12:41] [334/455] TVHP
[11:12:42] [335/455] KVCS
[11:12:43] 🔄 Identity reset
[11:12:43] 🔄 Identity rotated (every 10 requests)
[11:12:43] [336/455] CBMC
[11:12:44] [337/455] MAYJ
[11:12:45] [338/455] INPR
[11:12:45] [339/455] RSSC
[11:12:46] [340/455] PCAN
[11:12:47] [341/455] PVHR
[11:12:49] [342/455] AGSM
[11:12:50] [343/455] PVES
[11:12:50] [344/455] INTO
[11:12:51] [345/455] ACON
[11:12:52] 🔄 Identity reset
[11:12:52] 🔄 Identity rotated (every 10 requests)
[11:12:52] [346/455] PVPZ
[11:12:53] [347/455] PVHC
[11:12:54] [348/455] KSTK
[11:12:55] [349/455] PVSR
[11:12:56] [350/455] ACTN
[11:12:57] [351/455] FMCN
[11:12:58] [352/455] PABC
[11:12:59] [353/455] SUTC
[11:13:00] [354/455] PGMV
[11:13:00] [355/455] GKCP
[11:13:01] 🔄 Identity reset
[11:13:01] 🔄 Identity rotated (every 10 requests)
[11:13:01] [356/455] INCH
[11:13:02] [357/455] MLMT
[11:13:03] [358/455] SSCC
[11:13:04] [359/455] SLMP
[11:13:05] [360/455] VVTN
[11:13:06] [361/455] SBTR
[11:13:07] [362/455] PGRA
[11:13:08] [363/455] PBRM
[11:13:09] [364/455] GCRP
[11:13:09] [365/455] MCSK
[11:13:10] 🔄 Identity reset
[11:13:10] 🔄 Identity rotated (every 10 requests)
[11:13:10] [366/455] NLTC
[11:13:11] [367/455] MTLM
[11:13:12] [368/455] VECT
[11:13:13] [369/455] KMRM
[11:13:14] [370/455] RACM
[11:13:15] [371/455] WSTC
[11:13:16] [372/455] PVTJ
[11:13:17] [373/455] MMKC
[11:13:18] [374/455] SVWT
[11:13:19] [375/455] JOTG
[11:13:19] 🔄 Identity reset
[11:13:19] 🔄 Identity rotated (every 10 requests)
[11:13:20] [376/455] VCDK
[11:13:20] [377/455] ANAC
[11:13:21] [378/455] GRTC
[11:13:22] [379/455] JTPL
[11:13:23] [380/455] VRCP
[11:13:24] [381/455] REMC
[11:13:24] [382/455] ATMG
[11:13:25] [383/455] GAHC
[11:13:26] [384/455] JTMV
[11:13:27] [385/455] OMTT
[11:13:28] 🔄 Identity reset
[11:13:28] 🔄 Identity rotated (every 10 requests)
[11:13:28] [386/455] GKKC
[11:13:29] [387/455] BBPO
[11:13:30] [388/455] ZCBB
[11:13:31] [389/455] DCGO
[11:13:32] [390/455] STOP
[11:13:33] [391/455] BSPC
[11:13:34] [392/455] SOND
[11:13:35] [393/455] GCKG
[11:13:35] [394/455] PCDB
[11:13:36] [395/455] PGRC
[11:13:37] 🔄 Identity reset
[11:13:37] 🔄 Identity rotated (every 10 requests)
[11:13:37] [396/455] CSCT
[11:13:39] [397/455] STDA
[11:13:39] [398/455] JAYD
[11:13:41] [399/455] PPPD
[11:13:42] [400/455] KRTT
[11:13:43] [401/455] PTDT
[11:13:44] [402/455] TRSV
[11:13:44] [403/455] VELR
[11:13:45] [404/455] STDT
[11:13:46] [405/455] SATT
[11:13:47] 🔄 Identity reset
[11:13:47] 🔄 Identity rotated (every 10 requests)
[11:13:47] [406/455] KCPM
[11:13:48] [407/455] MFCP
[11:13:49] [408/455] AXMP
[11:13:50] [409/455] LTVB
[11:13:51] [410/455] APST
[11:13:51] [411/455] DTVP
[11:13:52] [412/455] AAVB
[11:13:53] [413/455] PMBL
[11:13:54] [414/455] STKC
[11:13:54] [415/455] KKMA
[11:13:55] 🔄 Identity reset
[11:13:55] 🔄 Identity rotated (every 10 requests)
[11:13:55] [416/455] NMXS
[11:13:56] [417/455] DECX
[11:13:57] [418/455] MAPJ
[11:13:59] [419/455] SMLK
[11:14:00] [420/455] PMPU
[11:14:01] [421/455] AFST
[11:14:02] [422/455] SRSY
[11:14:03] [423/455] RMKT
[11:14:04] [424/455] RAJX
[11:14:05] [425/455] UVCD
[11:14:05] 🔄 Identity reset
[11:14:05] 🔄 Identity rotated (every 10 requests)
[11:14:05] [426/455] LISA
[11:14:06] [427/455] LMSR
[11:14:07] [428/455] PMCA
[11:14:08] [429/455] INPO
[11:14:09] [430/455] INGO
[11:14:10] [431/455] HFSQ
[11:14:10] [432/455] INMG
[11:14:11] [433/455] NYCP
[11:14:12] [434/455] HFSV
[11:14:13] [435/455] MMZP
[11:14:13] 🔄 Identity reset
[11:14:13] 🔄 Identity rotated (every 10 requests)
[11:14:14] [436/455] KSES
[11:14:15] [437/455] HFSA
[11:14:16] [438/455] ACMM
[11:14:17] [439/455] RCKD
[11:14:18] [440/455] BCKR
[11:14:19] [441/455] SFCO
[11:14:19] [442/455] JCCB
[11:14:20] [443/455] BCCR
[11:14:21] [444/455] NWCB
[11:14:22] [445/455] SAMT
[11:14:22] 🔄 Identity reset
[11:14:22] 🔄 Identity rotated (every 10 requests)
[11:14:23] [446/455] TMST
[11:14:23] [447/455] SJCN
[11:14:25] [448/455] MCBS
[11:14:26] [449/455] CMKR
[11:14:27] [450/455] INPM
[11:14:28] [451/455] WVMT
[11:14:29] [452/455] NYSM
[11:14:29] [453/455] RCMA
[11:14:30] [454/455] RECM
[11:14:31] [455/455] CYCM
[11:14:32] 🔄 Identity reset
[11:14:32] 🔄 Identity rotated (every 10 requests)
[11:14:32] ✅ DONE | Shows=1802 | Movies=71
[12:07:33] 🚀 BMS DAILY TRACKER STARTED (enhanced anti‑detection)
[12:07:33] [1/455] MXGN
[12:07:34] 🧠 New identity created
[12:07:34] 🔄 Retry 1/5 for MXGN in 2.5s
[12:07:34] 🔄 Identity reset
[12:07:36] 🧠 New identity created
[12:07:37] [2/455] PGGM
[12:07:38] [3/455] IPMJ
[12:07:38] [4/455] M2PP
[12:07:39] [5/455] PMMS
[12:07:40] [6/455] SCJN
[12:07:41] [7/455] CPUM
[12:07:42] [8/455] SCND
[12:07:43] [9/455] INWM
[12:07:43] 🔄 Identity reset
[12:07:43] 🔄 Identity rotated (every 10 requests)
[12:07:44] [10/455] DVDC
[12:07:45] [11/455] WVND
[12:07:46] [12/455] LBDL
[12:07:46] [13/455] CRGM
[12:07:47] [14/455] PVKS
[12:07:48] [15/455] PBLL
[12:07:49] [16/455] FNLN
[12:07:50] [17/455] PPDA
[12:07:51] [18/455] SCPT
[12:07:52] [19/455] IAJS
[12:07:53] 🔄 Identity reset
[12:07:53] 🔄 Identity rotated (every 10 requests)
[12:07:53] [20/455] MMZG
[12:07:54] [21/455] MCTI
[12:07:55] [22/455] PPMF
[12:07:56] [23/455] FNSD
[12:07:57] [24/455] M2RH
[12:07:58] [25/455] CPGV
[12:07:59] [26/455] PECD
[12:08:00] [27/455] CTEE
[12:08:01] [28/455] IOMG
[12:08:02] [29/455] CIJA
[12:08:03] 🔄 Identity reset
[12:08:03] 🔄 Identity rotated (every 10 requests)
[12:08:03] [30/455] NYCG
[12:08:04] [31/455] CEST
[12:08:05] [32/455] WVRG
[12:08:06] [33/455] DPDC
[12:08:07] [34/455] PDIV
[12:08:08] [35/455] MTPP
[12:08:08] [36/455] MHNU
[12:08:09] [37/455] WUPG
[12:08:10] [38/455] USCO
[12:08:11] [39/455] INFR
[12:08:12] 🔄 Identity reset
[12:08:12] 🔄 Identity rotated (every 10 requests)
[12:08:12] [40/455] PVPD
[12:08:13] [41/455] RONC
[12:08:14] [42/455] IOCP
[12:08:15] [43/455] EMPS
[12:08:16] [44/455] PNAD
[12:08:17] [45/455] VVGZ
[12:08:18] [46/455] MDDC
[12:08:19] [47/455] MMAP
[12:08:20] [48/455] GPDC
[12:08:21] [49/455] PVPU
[12:08:22] 🔄 Identity reset
[12:08:22] 🔄 Identity rotated (every 10 requests)
[12:08:22] [50/455] DCMV
[12:08:23] [51/455] PCCF
[12:08:24] [52/455] MCEF
[12:08:25] [53/455] INRD
[12:08:26] [54/455] CCPZ
[12:08:27] [55/455] BCWG
[12:08:27] [56/455] PMGU
[12:08:28] [57/455] MCVM
[12:08:29] [58/455] MCDE
[12:08:30] [59/455] IEFM
[12:08:31] 🔄 Identity reset
[12:08:31] 🔄 Identity rotated (every 10 requests)
[12:08:31] [60/455] MXCS
[12:08:32] [61/455] RNMT
[12:08:33] [62/455] PSDD
[12:08:34] [63/455] PETA
[12:08:36] [64/455] IZOP
[12:08:37] [65/455] PDEI
[12:08:38] [66/455] MTND
[12:08:39] [67/455] PCPL
[12:08:39] [68/455] LSCM
[12:08:40] [69/455] BTFD
[12:08:41] 🔄 Identity reset
[12:08:41] 🔄 Identity rotated (every 10 requests)
[12:08:42] [70/455] MERM
[12:08:42] [71/455] PVMS
[12:08:43] [72/455] CIGK
[12:08:45] [73/455] INSG
[12:08:45] [74/455] IDEN
[12:08:46] [75/455] MCGN
[12:08:48] [76/455] IGAM
[12:08:49] [77/455] SLCU
[12:08:49] [78/455] MIMU
[12:08:51] [79/455] QLAC
[12:08:52] 🔄 Identity reset
[12:08:52] 🔄 Identity rotated (every 10 requests)
[12:08:52] 🔄 Retry 1/5 for QLAC in 2.7s
[12:08:52] 🔄 Identity reset
[12:08:55] 🧠 New identity created
[12:08:55] [80/455] MENL
[12:08:56] [81/455] SCUR
[12:08:57] [82/455] MDGD
[12:08:58] [83/455] LSRS
[12:08:59] [84/455] KMLG
[12:08:59] [85/455] MKLJ
[12:09:01] [86/455] IBYG
[12:09:02] [87/455] ISML
[12:09:03] [88/455] MJMM
[12:09:03] 🔄 Identity reset
[12:09:03] 🔄 Identity rotated (every 10 requests)
[12:09:04] [89/455] RCGD
[12:09:05] [90/455] MMOC
[12:09:06] [91/455] RRCO
[12:09:06] [92/455] MEDM
[12:09:07] [93/455] MCAZ
[12:09:08] [94/455] STWA
[12:09:09] [95/455] PFFG
[12:09:10] [96/455] GAGC
[12:09:11] [97/455] PMPM
[12:09:12] [98/455] HVCD
[12:09:12] 🔄 Identity reset
[12:09:12] 🔄 Identity rotated (every 10 requests)
[12:09:12] 🔄 Retry 1/5 for HVCD in 2.7s
[12:09:12] 🔄 Identity reset
[12:09:15] 🧠 New identity created
[12:09:16] [99/455] AKRF
[12:09:16] [100/455] AKRC
[12:09:17] [101/455] MIDA
[12:09:18] [102/455] MAGX
[12:09:19] [103/455] ESOS
[12:09:20] [104/455] BBCL
[12:09:21] [105/455] LYAS
[12:09:22] [106/455] NRMS
[12:09:23] [107/455] BHUC
[12:09:23] 🔄 Identity reset
[12:09:23] 🔄 Identity rotated (every 10 requests)
[12:09:24] [108/455] SRIC
[12:09:25] [109/455] PDME
[12:09:25] [110/455] MJCS
[12:09:26] [111/455] NRAA
[12:09:27] [112/455] VATA
[12:09:28] [113/455] MNKC
[12:09:29] [114/455] DHCL
[12:09:30] [115/455] JCPC
[12:09:31] [116/455] CTML
[12:09:32] [117/455] RMMR
[12:09:33] 🔄 Identity reset
[12:09:33] 🔄 Identity rotated (every 10 requests)
[12:09:33] [118/455] STTL
[12:09:34] [119/455] CNPS
[12:09:35] [120/455] ACKL
[12:09:36] [121/455] SCAU
[12:09:37] [122/455] RMIA
[12:09:38] [123/455] MANU
[12:09:39] [124/455] ARDC
[12:09:40] [125/455] GLDA
[12:09:41] [126/455] KVSW
[12:09:42] [127/455] CGCA
[12:09:42] 🔄 Identity reset
[12:09:42] 🔄 Identity rotated (every 10 requests)
[12:09:43] [128/455] CMLO
[12:09:43] [129/455] CECB
[12:09:44] [130/455] RCPN
[12:09:45] [131/455] ASMW
[12:09:47] [132/455] PWLM
[12:09:48] [133/455] ASGM
[12:09:49] [134/455] ACWH
[12:09:50] [135/455] AAPW
[12:09:51] [136/455] RTWA
[12:09:52] [137/455] RAMW
[12:09:52] 🔄 Identity reset
[12:09:52] 🔄 Identity rotated (every 10 requests)
[12:09:53] [138/455] VKTR
[12:09:54] [139/455] SMBH
[12:09:54] [140/455] BVDR
[12:09:55] [141/455] MRTP
[12:09:56] [142/455] BLBR
[12:09:57] [143/455] LPIN
[12:09:58] [144/455] SNPC
[12:09:59] [145/455] PDCB
[12:10:00] [146/455] DYPK
[12:10:01] [147/455] INMK
[12:10:02] 🔄 Identity reset
[12:10:02] 🔄 Identity rotated (every 10 requests)
[12:10:02] [148/455] PDCK
[12:10:03] [149/455] PCKR
[12:10:04] [150/455] SHUA
[12:10:05] [151/455] SCVK
[12:10:06] [152/455] STPA
[12:10:07] [153/455] WVHD
[12:10:08] [154/455] MRCH
[12:10:09] [155/455] MCNP
[12:10:10] [156/455] RCAG
[12:10:11] [157/455] JTSN
[12:10:11] 🔄 Identity reset
[12:10:11] 🔄 Identity rotated (every 10 requests)
[12:10:11] [158/455] AANS
[12:10:12] [159/455] GDDR
[12:10:13] [160/455] SRER
[12:10:14] [161/455] JKMA
[12:10:15] [162/455] ARAN
[12:10:16] [163/455] ALCT
[12:10:17] [164/455] CCTA
[12:10:18] [165/455] CNCT
[12:10:18] [166/455] NZBL
[12:10:19] [167/455] SRRA
[12:10:20] 🔄 Identity reset
[12:10:20] 🔄 Identity rotated (every 10 requests)
[12:10:20] 🔄 Retry 1/5 for SRRA in 3.0s
[12:10:20] 🔄 Identity reset
[12:10:23] 🧠 New identity created
[12:10:23] [168/455] SVPW
[12:10:24] [169/455] SRTW
[12:10:25] [170/455] XMTD
[12:10:26] [171/455] SCCZ
[12:10:27] [172/455] PBCR
[12:10:28] [173/455] RTSC
[12:10:29] [174/455] TLSV
[12:10:30] [175/455] RMTK
[12:10:31] [176/455] SRAT
[12:10:32] 🔄 Identity reset
[12:10:32] 🔄 Identity rotated (every 10 requests)
[12:10:32] [177/455] GCYC
[12:10:33] [178/455] HCAJ
[12:10:34] [179/455] LCXA
[12:10:35] [180/455] BINT
[12:10:36] [181/455] IXIM
[12:10:37] [182/455] MBCR
[12:10:38] [183/455] BMCJ
[12:10:39] [184/455] NICJ
[12:10:40] [185/455] SCAJ
[12:10:41] [186/455] CMXS
[12:10:42] 🔄 Identity reset
[12:10:42] 🔄 Identity rotated (every 10 requests)
[12:10:42] [187/455] MMSR
[12:10:43] [188/455] PRKT
[12:10:44] [189/455] LPTH
[12:10:45] [190/455] SARP
[12:10:46] [191/455] MNPP
[12:10:48] [192/455] PRLR
[12:10:49] [193/455] RCMW
[12:10:49] [194/455] FCMG
[12:10:51] [195/455] RTNK
[12:10:52] [196/455] LRCP
[12:10:53] 🔄 Identity reset
[12:10:53] 🔄 Identity rotated (every 10 requests)
[12:10:53] 🔄 Retry 1/5 for LRCP in 2.8s
[12:10:53] 🔄 Identity reset
[12:10:56] 🧠 New identity created
[12:10:56] [197/455] DBJR
[12:10:58] [198/455] CACN
[12:10:58] [199/455] AMRL
[12:10:59] [200/455] SBBC
[12:11:00] [201/455] VENN
[12:11:01] [202/455] STSS
[12:11:02] [203/455] SMRB
[12:11:03] [204/455] CCMX
[12:11:04] [205/455] KCMR
[12:11:04] 🔄 Identity reset
[12:11:04] 🔄 Identity rotated (every 10 requests)
[12:11:05] [206/455] SALH
[12:11:05] [207/455] CGTT
[12:11:06] [208/455] PMDR
[12:11:07] [209/455] VCPM
[12:11:08] [210/455] RZMX
[12:11:09] [211/455] TMSY
[12:11:10] [212/455] NTMS
[12:11:11] [213/455] VTAG
[12:11:12] [214/455] REMA
[12:11:14] [215/455] NXCC
[12:11:14] 🔄 Identity reset
[12:11:14] 🔄 Identity rotated (every 10 requests)
[12:11:14] [216/455] SKYM
[12:11:15] [217/455] CCMO
[12:11:16] [218/455] DMXM
[12:11:17] [219/455] SPPM
[12:11:18] [220/455] PTKL
[12:11:19] [221/455] SLVO
[12:11:20] [222/455] VASL
[12:11:21] [223/455] CBCM
[12:11:22] [224/455] STMA
[12:11:23] [225/455] LASK
[12:11:24] 🔄 Identity reset
[12:11:24] 🔄 Identity rotated (every 10 requests)
[12:11:25] [226/455] VITE
[12:11:26] [227/455] AAST
[12:11:27] [228/455] JTPT
[12:11:28] [229/455] RRSH
[12:11:28] [230/455] CINL
[12:11:29] [231/455] MCSR
[12:11:30] [232/455] SBCF
[12:11:31] [233/455] GCDU
[12:11:33] [234/455] PSPR
[12:11:34] [235/455] IMMO
[12:11:35] 🔄 Identity reset
[12:11:35] 🔄 Identity rotated (every 10 requests)
[12:11:35] [236/455] CLGM
[12:11:36] [237/455] PBMM
[12:11:37] [238/455] CEHR
[12:11:38] [239/455] CPOE
[12:11:39] [240/455] PGFD
[12:11:40] [241/455] PSLC
[12:11:41] [242/455] MSMD
[12:11:42] [243/455] FMFB
[12:11:43] [244/455] RKCL
[12:11:43] [245/455] PMMC
[12:11:44] 🔄 Identity reset
[12:11:44] 🔄 Identity rotated (every 10 requests)
[12:11:45] [246/455] SKMM
[12:11:45] [247/455] VOIB
[12:11:46] [248/455] KINO
[12:11:47] [249/455] VCTP
[12:11:48] [250/455] PDWR
[12:11:49] [251/455] SAED
[12:11:50] [252/455] SRRT
[12:11:51] [253/455] CVLG
[12:11:52] [254/455] SNGN
[12:11:53] [255/455] SIDA
[12:11:54] 🔄 Identity reset
[12:11:54] 🔄 Identity rotated (every 10 requests)
[12:11:54] [256/455] IMCB
[12:11:56] [257/455] SMHP
[12:11:57] [258/455] GDTY
[12:11:58] [259/455] VYCH
[12:11:59] [260/455] PDYA
[12:12:01] [261/455] RKDO
[12:12:02] [262/455] VECG
[12:12:03] [263/455] NFGD
[12:12:04] [264/455] SNDC
[12:12:04] [265/455] SDJH
[12:12:05] 🔄 Identity reset
[12:12:05] 🔄 Identity rotated (every 10 requests)
[12:12:06] [266/455] HASV
[12:12:07] [267/455] PTYK
[12:12:08] [268/455] MUTB
[12:12:08] [269/455] AMRT
[12:12:09] [270/455] VACD
[12:12:10] [271/455] SKDD
[12:12:11] [272/455] STGR
[12:12:13] [273/455] GDAK
[12:12:14] [274/455] SKHK
[12:12:15] [275/455] SLND
[12:12:15] 🔄 Identity reset
[12:12:15] 🔄 Identity rotated (every 10 requests)
[12:12:15] 🔄 Retry 1/5 for SLND in 2.7s
[12:12:15] 🔄 Identity reset
[12:12:18] 🧠 New identity created
[12:12:18] [276/455] APAP
[12:12:19] [277/455] AYYA
[12:12:20] [278/455] VCCZ
[12:12:21] [279/455] MEML
[12:12:22] [280/455] MAOU
[12:12:23] [281/455] ESND
[12:12:24] [282/455] PTBZ
[12:12:25] [283/455] LBCN
[12:12:26] [284/455] PAWA
[12:12:27] 🔄 Identity reset
[12:12:27] 🔄 Identity rotated (every 10 requests)
[12:12:27] [285/455] ZEIC
[12:12:28] [286/455] CGMM
[12:12:29] [287/455] PJPM
[12:12:30] [288/455] ECMR
[12:12:31] [289/455] SHMZ
[12:12:32] [290/455] STCA
[12:12:33] [291/455] VDRC
[12:12:33] [292/455] SEEM
[12:12:34] [293/455] MKNS
[12:12:35] [294/455] KPPP
[12:12:36] 🔄 Identity reset
[12:12:36] 🔄 Identity rotated (every 10 requests)
[12:12:36] [295/455] CCML
[12:12:37] [296/455] CIBA
[12:12:38] [297/455] NACS
[12:12:39] [298/455] CTMK
[12:12:40] [299/455] CTCT
[12:12:41] [300/455] MCSN
[12:12:42] [301/455] MAXX
[12:12:43] [302/455] MECB
[12:12:45] [303/455] NTBY
[12:12:46] [304/455] UTBI
[12:12:46] 🔄 Identity reset
[12:12:46] 🔄 Identity rotated (every 10 requests)
[12:12:46] [305/455] RADK
[12:12:47] [306/455] STBY
[12:12:48] [307/455] GTBY
[12:12:49] [308/455] RRMB
[12:12:50] [309/455] ABRN
[12:12:51] [310/455] GTSG
[12:12:52] [311/455] GBTG
[12:12:53] [312/455] SBGS
[12:12:54] [313/455] KBPM
[12:12:55] [314/455] SMHT
[12:12:55] 🔄 Identity reset
[12:12:55] 🔄 Identity rotated (every 10 requests)
[12:12:56] [315/455] VTDM
[12:12:57] [316/455] ASCT
[12:12:57] [317/455] AWCT
[12:12:58] [318/455] DCCU
[12:13:00] [319/455] PSCE
[12:13:01] [320/455] KSNY
[12:13:02] [321/455] ACID
[12:13:03] [322/455] LVCD
[12:13:04] [323/455] KSSB
[12:13:04] [324/455] SWTD
[12:13:05] 🔄 Identity reset
[12:13:05] 🔄 Identity rotated (every 10 requests)
[12:13:05] [325/455] RBMR
[12:13:06] [326/455] SCBC
[12:13:07] [327/455] RKME
[12:13:09] [328/455] GALX
[12:13:10] [329/455] GCCH
[12:13:11] [330/455] RATR
[12:13:13] [331/455] GTGA
[12:13:14] [332/455] LTTR
[12:13:15] [333/455] TTAA
[12:13:16] [334/455] TVHP
[12:13:17] 🔄 Identity reset
[12:13:17] 🔄 Identity rotated (every 10 requests)
[12:13:17] [335/455] KVCS
[12:13:18] [336/455] CBMC
[12:13:19] [337/455] MAYJ
[12:13:20] [338/455] INPR
[12:13:21] [339/455] RSSC
[12:13:23] [340/455] PCAN
[12:13:25] [341/455] PVHR
[12:13:25] [342/455] AGSM
[12:13:26] [343/455] PVES
[12:13:27] [344/455] INTO
[12:13:28] 🔄 Identity reset
[12:13:28] 🔄 Identity rotated (every 10 requests)
[12:13:28] [345/455] ACON
[12:13:29] [346/455] PVPZ
[12:13:30] [347/455] PVHC
[12:13:31] [348/455] KSTK
[12:13:32] [349/455] PVSR
[12:13:33] [350/455] ACTN
[12:13:34] [351/455] FMCN
[12:13:35] [352/455] PABC
[12:13:36] [353/455] SUTC
[12:13:37] [354/455] PGMV
[12:13:38] 🔄 Identity reset
[12:13:38] 🔄 Identity rotated (every 10 requests)
[12:13:38] [355/455] GKCP
[12:13:39] [356/455] INCH
[12:13:40] [357/455] MLMT
[12:13:41] [358/455] SSCC
[12:13:42] [359/455] SLMP
[12:13:43] [360/455] VVTN
[12:13:44] [361/455] SBTR
[12:13:45] [362/455] PGRA
[12:13:45] [363/455] PBRM
[12:13:47] [364/455] GCRP
[12:13:47] 🔄 Identity reset
[12:13:47] 🔄 Identity rotated (every 10 requests)
[12:13:48] [365/455] MCSK
[12:13:49] [366/455] NLTC
[12:13:50] [367/455] MTLM
[12:13:50] [368/455] VECT
[12:13:51] [369/455] KMRM
[12:13:52] [370/455] RACM
[12:13:53] [371/455] WSTC
[12:13:54] [372/455] PVTJ
[12:13:55] [373/455] MMKC
[12:13:56] [374/455] SVWT
[12:13:57] 🔄 Identity reset
[12:13:57] 🔄 Identity rotated (every 10 requests)
[12:13:57] [375/455] JOTG
[12:13:58] [376/455] VCDK
[12:13:59] [377/455] ANAC
[12:14:00] [378/455] GRTC
[12:14:01] [379/455] JTPL
[12:14:02] [380/455] VRCP
[12:14:02] [381/455] REMC
[12:14:03] [382/455] ATMG
[12:14:04] [383/455] GAHC
[12:14:05] [384/455] JTMV
[12:14:06] 🔄 Identity reset
[12:14:06] 🔄 Identity rotated (every 10 requests)
[12:14:07] [385/455] OMTT
[12:14:08] [386/455] GKKC
[12:14:08] [387/455] BBPO
[12:14:09] [388/455] ZCBB
[12:14:11] [389/455] DCGO
[12:14:12] [390/455] STOP
[12:14:13] [391/455] BSPC
[12:14:14] [392/455] SOND
[12:14:15] [393/455] GCKG
[12:14:16] [394/455] PCDB
[12:14:17] 🔄 Identity reset
[12:14:17] 🔄 Identity rotated (every 10 requests)
[12:14:17] [395/455] PGRC
[12:14:18] [396/455] CSCT
[12:14:19] [397/455] STDA
[12:14:19] [398/455] JAYD
[12:14:21] [399/455] PPPD
[12:14:21] [400/455] KRTT
[12:14:22] [401/455] PTDT
[12:14:23] [402/455] TRSV
[12:14:24] [403/455] VELR
[12:14:25] [404/455] STDT
[12:14:26] 🔄 Identity reset
[12:14:26] 🔄 Identity rotated (every 10 requests)
[12:14:26] [405/455] SATT
[12:14:27] [406/455] KCPM
[12:14:28] [407/455] MFCP
[12:14:29] [408/455] AXMP
[12:14:30] [409/455] LTVB
[12:14:31] [410/455] APST
[12:14:32] [411/455] DTVP
[12:14:33] [412/455] AAVB
[12:14:34] [413/455] PMBL
[12:14:35] [414/455] STKC
[12:14:36] 🔄 Identity reset
[12:14:36] 🔄 Identity rotated (every 10 requests)
[12:14:36] [415/455] KKMA
[12:14:37] [416/455] NMXS
[12:14:38] [417/455] DECX
[12:14:40] [418/455] MAPJ
[12:14:41] [419/455] SMLK
[12:14:41] [420/455] PMPU
[12:14:43] [421/455] AFST
[12:14:44] [422/455] SRSY
[12:14:45] [423/455] RMKT
[12:14:45] [424/455] RAJX
[12:14:46] 🔄 Identity reset
[12:14:46] 🔄 Identity rotated (every 10 requests)
[12:14:46] [425/455] UVCD
[12:14:47] [426/455] LISA
[12:14:49] [427/455] LMSR
[12:14:50] [428/455] PMCA
[12:14:51] [429/455] INPO
[12:14:52] [430/455] INGO
[12:14:53] [431/455] HFSQ
[12:14:54] [432/455] INMG
[12:14:55] [433/455] NYCP
[12:14:56] [434/455] HFSV
[12:14:57] 🔄 Identity reset
[12:14:57] 🔄 Identity rotated (every 10 requests)
[12:14:57] [435/455] MMZP
[12:14:58] [436/455] KSES
[12:14:59] [437/455] HFSA
[12:15:00] [438/455] ACMM
[12:15:01] [439/455] RCKD
[12:15:02] [440/455] BCKR
[12:15:03] [441/455] SFCO
[12:15:04] [442/455] JCCB
[12:15:05] [443/455] BCCR
[12:15:06] [444/455] NWCB
[12:15:07] 🔄 Identity reset
[12:15:07] 🔄 Identity rotated (every 10 requests)
[12:15:07] [445/455] SAMT
[12:15:08] [446/455] TMST
[12:15:09] [447/455] SJCN
[12:15:10] [448/455] MCBS
[12:15:11] [449/455] CMKR
[12:15:12] [450/455] INPM
[12:15:13] [451/455] WVMT
[12:15:14] [452/455] NYSM
[12:15:15] [453/455] RCMA
[12:15:16] [454/455] RECM
[12:15:16] 🔄 Identity reset
[12:15:16] 🔄 Identity rotated (every 10 requests)
[12:15:17] [455/455] CYCM
[12:15:18] ✅ DONE | Shows=2168 | Movies=72
[13:07:27] 🚀 BMS DAILY TRACKER STARTED (enhanced anti‑detection)
[13:07:27] [1/455] MXGN
[13:07:28] 🧠 New identity created
[13:07:28] [2/455] PGGM
[13:07:29] [3/455] IPMJ
[13:07:29] [4/455] M2PP
[13:07:30] [5/455] PMMS
[13:07:30] [6/455] SCJN
[13:07:31] [7/455] CPUM
[13:07:32] [8/455] SCND
[13:07:33] [9/455] INWM
[13:07:34] [10/455] DVDC
[13:07:34] 🔄 Identity reset
[13:07:34] 🔄 Identity rotated (every 10 requests)
[13:07:34] [11/455] WVND
[13:07:35] [12/455] LBDL
[13:07:35] [13/455] CRGM
[13:07:36] [14/455] PVKS
[13:07:37] [15/455] PBLL
[13:07:37] [16/455] FNLN
[13:07:38] [17/455] PPDA
[13:07:39] [18/455] SCPT
[13:07:40] [19/455] IAJS
[13:07:41] [20/455] MMZG
[13:07:41] 🔄 Identity reset
[13:07:41] 🔄 Identity rotated (every 10 requests)
[13:07:41] 🔄 Retry 1/5 for MMZG in 2.1s
[13:07:41] 🔄 Identity reset
[13:07:43] 🧠 New identity created
[13:07:44] [21/455] MCTI
[13:07:44] [22/455] PPMF
[13:07:45] [23/455] FNSD
[13:07:46] [24/455] M2RH
[13:07:46] [25/455] CPGV
[13:07:47] [26/455] PECD
[13:07:48] [27/455] CTEE
[13:07:48] [28/455] IOMG
[13:07:49] [29/455] CIJA
[13:07:50] 🔄 Identity reset
[13:07:50] 🔄 Identity rotated (every 10 requests)
[13:07:50] [30/455] NYCG
[13:07:50] [31/455] CEST
[13:07:51] [32/455] WVRG
[13:07:52] [33/455] DPDC
[13:07:52] [34/455] PDIV
[13:07:53] [35/455] MTPP
[13:07:54] [36/455] MHNU
[13:07:54] [37/455] WUPG
[13:07:55] [38/455] USCO
[13:07:56] [39/455] INFR
[13:07:57] 🔄 Identity reset
[13:07:57] 🔄 Identity rotated (every 10 requests)
[13:07:57] [40/455] PVPD
[13:07:57] [41/455] RONC
[13:07:58] [42/455] IOCP
[13:07:59] [43/455] EMPS
[13:07:59] [44/455] PNAD
[13:08:00] [45/455] VVGZ
[13:08:01] [46/455] MDDC
[13:08:01] [47/455] MMAP
[13:08:02] [48/455] GPDC
[13:08:02] [49/455] PVPU
[13:08:03] 🔄 Identity reset
[13:08:03] 🔄 Identity rotated (every 10 requests)
[13:08:03] [50/455] DCMV
[13:08:04] [51/455] PCCF
[13:08:05] [52/455] MCEF
[13:08:05] [53/455] INRD
[13:08:06] [54/455] CCPZ
[13:08:06] [55/455] BCWG
[13:08:07] [56/455] PMGU
[13:08:08] [57/455] MCVM
[13:08:08] [58/455] MCDE
[13:08:09] [59/455] IEFM
[13:08:09] 🔄 Identity reset
[13:08:09] 🔄 Identity rotated (every 10 requests)
[13:08:09] [60/455] MXCS
[13:08:10] [61/455] RNMT
[13:08:11] [62/455] PSDD
[13:08:11] [63/455] PETA
[13:08:12] [64/455] IZOP
[13:08:12] [65/455] PDEI
[13:08:13] [66/455] MTND
[13:08:14] [67/455] PCPL
[13:08:14] [68/455] LSCM
[13:08:15] [69/455] BTFD
[13:08:16] 🔄 Identity reset
[13:08:16] 🔄 Identity rotated (every 10 requests)
[13:08:16] [70/455] MERM
[13:08:16] [71/455] PVMS
[13:08:17] [72/455] CIGK
[13:08:18] [73/455] INSG
[13:08:19] [74/455] IDEN
[13:08:19] [75/455] MCGN
[13:08:20] [76/455] IGAM
[13:08:21] [77/455] SLCU
[13:08:21] [78/455] MIMU
[13:08:22] [79/455] QLAC
[13:08:23] 🔄 Identity reset
[13:08:23] 🔄 Identity rotated (every 10 requests)
[13:08:23] [80/455] MENL
[13:08:23] [81/455] SCUR
[13:08:24] [82/455] MDGD
[13:08:25] [83/455] LSRS
[13:08:26] [84/455] KMLG
[13:08:27] [85/455] MKLJ
[13:08:27] [86/455] IBYG
[13:08:28] [87/455] ISML
[13:08:28] [88/455] MJMM
[13:08:29] [89/455] RCGD
[13:08:30] 🔄 Identity reset
[13:08:30] 🔄 Identity rotated (every 10 requests)
[13:08:30] 🔄 Retry 1/5 for RCGD in 2.1s
[13:08:30] 🔄 Identity reset
[13:08:32] 🧠 New identity created
[13:08:32] [90/455] MMOC
[13:08:33] [91/455] RRCO
[13:08:33] [92/455] MEDM
[13:08:34] [93/455] MCAZ
[13:08:34] [94/455] STWA
[13:08:35] [95/455] PFFG
[13:08:36] [96/455] GAGC
[13:08:37] [97/455] PMPM
[13:08:38] [98/455] HVCD
[13:08:38] 🔄 Identity reset
[13:08:38] 🔄 Identity rotated (every 10 requests)
[13:08:38] [99/455] AKRF
[13:08:39] [100/455] AKRC
[13:08:39] [101/455] MIDA
[13:08:40] [102/455] MAGX
[13:08:41] [103/455] ESOS
[13:08:41] [104/455] BBCL
[13:08:42] [105/455] LYAS
[13:08:42] [106/455] NRMS
[13:08:43] [107/455] BHUC
[13:08:44] [108/455] SRIC
[13:08:44] 🔄 Identity reset
[13:08:44] 🔄 Identity rotated (every 10 requests)
[13:08:44] [109/455] PDME
[13:08:45] [110/455] MJCS
[13:08:45] [111/455] NRAA
[13:08:46] [112/455] VATA
[13:08:47] [113/455] MNKC
[13:08:48] [114/455] DHCL
[13:08:48] [115/455] JCPC
[13:08:49] [116/455] CTML
[13:08:49] [117/455] RMMR
[13:08:50] [118/455] STTL
[13:08:50] 🔄 Identity reset
[13:08:50] 🔄 Identity rotated (every 10 requests)
[13:08:51] [119/455] CNPS
[13:08:51] [120/455] ACKL
[13:08:52] [121/455] SCAU
[13:08:53] [122/455] RMIA
[13:08:53] [123/455] MANU
[13:08:54] [124/455] ARDC
[13:08:55] [125/455] GLDA
[13:08:56] [126/455] KVSW
[13:08:56] [127/455] CGCA
[13:08:57] [128/455] CMLO
[13:08:57] 🔄 Identity reset
[13:08:57] 🔄 Identity rotated (every 10 requests)
[13:08:57] [129/455] CECB
[13:08:58] [130/455] RCPN
[13:08:58] [131/455] ASMW
[13:08:59] [132/455] PWLM
[13:09:00] [133/455] ASGM
[13:09:00] [134/455] ACWH
[13:09:01] [135/455] AAPW
[13:09:02] [136/455] RTWA
[13:09:02] [137/455] RAMW
[13:09:03] [138/455] VKTR
[13:09:04] 🔄 Identity reset
[13:09:04] 🔄 Identity rotated (every 10 requests)
[13:09:04] [139/455] SMBH
[13:09:04] [140/455] BVDR
[13:09:05] [141/455] MRTP
[13:09:06] [142/455] BLBR
[13:09:07] [143/455] LPIN
[13:09:07] [144/455] SNPC
[13:09:08] [145/455] PDCB
[13:09:09] [146/455] DYPK
[13:09:09] [147/455] INMK
[13:09:10] [148/455] PDCK
[13:09:11] 🔄 Identity reset
[13:09:11] 🔄 Identity rotated (every 10 requests)
[13:09:11] [149/455] PCKR
[13:09:11] [150/455] SHUA
[13:09:12] [151/455] SCVK
[13:09:13] [152/455] STPA
[13:09:13] [153/455] WVHD
[13:09:14] [154/455] MRCH
[13:09:15] [155/455] MCNP
[13:09:15] [156/455] RCAG
[13:09:16] [157/455] JTSN
[13:09:16] [158/455] AANS
[13:09:17] 🔄 Identity reset
[13:09:17] 🔄 Identity rotated (every 10 requests)
[13:09:17] [159/455] GDDR
[13:09:18] [160/455] SRER
[13:09:19] [161/455] JKMA
[13:09:19] [162/455] ARAN
[13:09:20] [163/455] ALCT
[13:09:21] [164/455] CCTA
[13:09:22] [165/455] CNCT
[13:09:23] [166/455] NZBL
[13:09:23] [167/455] SRRA
[13:09:24] [168/455] SVPW
[13:09:24] 🔄 Identity reset
[13:09:24] 🔄 Identity rotated (every 10 requests)
[13:09:24] [169/455] SRTW
[13:09:25] [170/455] XMTD
[13:09:26] [171/455] SCCZ
[13:09:26] [172/455] PBCR
[13:09:27] [173/455] RTSC
[13:09:28] [174/455] TLSV
[13:09:28] [175/455] RMTK
[13:09:29] [176/455] SRAT
[13:09:30] [177/455] GCYC
[13:09:30] [178/455] HCAJ
[13:09:31] 🔄 Identity reset
[13:09:31] 🔄 Identity rotated (every 10 requests)
[13:09:31] [179/455] LCXA
[13:09:32] [180/455] BINT
[13:09:32] [181/455] IXIM
[13:09:33] [182/455] MBCR
[13:09:34] [183/455] BMCJ
[13:09:35] [184/455] NICJ
[13:09:35] [185/455] SCAJ
[13:09:36] [186/455] CMXS
[13:09:37] [187/455] MMSR
[13:09:38] [188/455] PRKT
[13:09:38] 🔄 Identity reset
[13:09:38] 🔄 Identity rotated (every 10 requests)
[13:09:38] [189/455] LPTH
[13:09:39] [190/455] SARP
[13:09:39] [191/455] MNPP
[13:09:40] [192/455] PRLR
[13:09:41] [193/455] RCMW
[13:09:41] [194/455] FCMG
[13:09:42] [195/455] RTNK
[13:09:43] [196/455] LRCP
[13:09:43] [197/455] DBJR
[13:09:44] [198/455] CACN
[13:09:45] 🔄 Identity reset
[13:09:45] 🔄 Identity rotated (every 10 requests)
[13:09:46] [199/455] AMRL
[13:09:47] [200/455] SBBC
[13:09:47] [201/455] VENN
[13:09:48] [202/455] STSS
[13:09:49] [203/455] SMRB
[13:09:50] [204/455] CCMX
[13:09:51] [205/455] KCMR
[13:09:51] [206/455] SALH
[13:09:52] [207/455] CGTT
[13:09:53] [208/455] PMDR
[13:09:54] 🔄 Identity reset
[13:09:54] 🔄 Identity rotated (every 10 requests)
[13:09:54] [209/455] VCPM
[13:09:54] [210/455] RZMX
[13:09:55] [211/455] TMSY
[13:09:56] [212/455] NTMS
[13:09:57] [213/455] VTAG
[13:09:57] [214/455] REMA
[13:09:58] [215/455] NXCC
[13:09:58] [216/455] SKYM
[13:09:59] [217/455] CCMO
[13:10:00] [218/455] DMXM
[13:10:01] 🔄 Identity reset
[13:10:01] 🔄 Identity rotated (every 10 requests)
[13:10:01] [219/455] SPPM
[13:10:02] [220/455] PTKL
[13:10:03] [221/455] SLVO
[13:10:03] [222/455] VASL
[13:10:04] [223/455] CBCM
[13:10:04] [224/455] STMA
[13:10:05] [225/455] LASK
[13:10:06] [226/455] VITE
[13:10:06] [227/455] AAST
[13:10:07] [228/455] JTPT
[13:10:08] 🔄 Identity reset
[13:10:08] 🔄 Identity rotated (every 10 requests)
[13:10:08] [229/455] RRSH
[13:10:08] [230/455] CINL
[13:10:09] [231/455] MCSR
[13:10:10] [232/455] SBCF
[13:10:11] [233/455] GCDU
[13:10:11] [234/455] PSPR
[13:10:12] [235/455] IMMO
[13:10:12] [236/455] CLGM
[13:10:13] [237/455] PBMM
[13:10:14] [238/455] CEHR
[13:10:15] 🔄 Identity reset
[13:10:15] 🔄 Identity rotated (every 10 requests)
[13:10:16] [239/455] CPOE
[13:10:17] [240/455] PGFD
[13:10:18] [241/455] PSLC
[13:10:19] [242/455] MSMD
[13:10:19] [243/455] FMFB
[13:10:20] [244/455] RKCL
[13:10:20] [245/455] PMMC
[13:10:21] [246/455] SKMM
[13:10:22] [247/455] VOIB
[13:10:22] [248/455] KINO
[13:10:23] 🔄 Identity reset
[13:10:23] 🔄 Identity rotated (every 10 requests)
[13:10:23] [249/455] VCTP
[13:10:24] [250/455] PDWR
[13:10:24] [251/455] SAED
[13:10:25] [252/455] SRRT
[13:10:26] [253/455] CVLG
[13:10:26] [254/455] SNGN
[13:10:27] [255/455] SIDA
[13:10:28] [256/455] IMCB
[13:10:28] [257/455] SMHP
[13:10:29] [258/455] GDTY
[13:10:30] 🔄 Identity reset
[13:10:30] 🔄 Identity rotated (every 10 requests)
[13:10:30] 🔄 Retry 1/5 for GDTY in 2.5s
[13:10:30] 🔄 Identity reset
[13:10:33] 🧠 New identity created
[13:10:33] [259/455] VYCH
[13:10:34] [260/455] PDYA
[13:10:34] [261/455] RKDO
[13:10:35] [262/455] VECG
[13:10:36] [263/455] NFGD
[13:10:36] [264/455] SNDC
[13:10:37] [265/455] SDJH
[13:10:37] [266/455] HASV
[13:10:38] [267/455] PTYK
[13:10:39] 🔄 Identity reset
[13:10:39] 🔄 Identity rotated (every 10 requests)
[13:10:39] [268/455] MUTB
[13:10:39] [269/455] AMRT
[13:10:40] [270/455] VACD
[13:10:41] [271/455] SKDD
[13:10:41] [272/455] STGR
[13:10:42] [273/455] GDAK
[13:10:43] [274/455] SKHK
[13:10:44] [275/455] SLND
[13:10:45] [276/455] APAP
[13:10:46] [277/455] AYYA
[13:10:46] 🔄 Identity reset
[13:10:46] 🔄 Identity rotated (every 10 requests)
[13:10:47] [278/455] VCCZ
[13:10:47] [279/455] MEML
[13:10:48] [280/455] MAOU
[13:10:48] [281/455] ESND
[13:10:49] [282/455] PTBZ
[13:10:50] [283/455] LBCN
[13:10:50] [284/455] PAWA
[13:10:51] [285/455] ZEIC
[13:10:52] [286/455] CGMM
[13:10:53] [287/455] PJPM
[13:10:54] 🔄 Identity reset
[13:10:54] 🔄 Identity rotated (every 10 requests)
[13:10:54] [288/455] ECMR
[13:10:55] [289/455] SHMZ
[13:10:56] [290/455] STCA
[13:10:57] [291/455] VDRC
[13:10:57] [292/455] SEEM
[13:10:58] [293/455] MKNS
[13:10:59] [294/455] KPPP
[13:10:59] [295/455] CCML
[13:11:00] [296/455] CIBA
[13:11:01] [297/455] NACS
[13:11:02] 🔄 Identity reset
[13:11:02] 🔄 Identity rotated (every 10 requests)
[13:11:02] [298/455] CTMK
[13:11:03] [299/455] CTCT
[13:11:04] [300/455] MCSN
[13:11:04] [301/455] MAXX
[13:11:05] [302/455] MECB
[13:11:06] [303/455] NTBY
[13:11:06] [304/455] UTBI
[13:11:07] [305/455] RADK
[13:11:08] [306/455] STBY
[13:11:09] [307/455] GTBY
[13:11:09] 🔄 Identity reset
[13:11:09] 🔄 Identity rotated (every 10 requests)
[13:11:09] 🔄 Retry 1/5 for GTBY in 3.0s
[13:11:09] 🔄 Identity reset
[13:11:12] 🧠 New identity created
[13:11:13] [308/455] RRMB
[13:11:14] [309/455] ABRN
[13:11:15] [310/455] GTSG
[13:11:16] [311/455] GBTG
[13:11:17] [312/455] SBGS
[13:11:18] [313/455] KBPM
[13:11:19] [314/455] SMHT
[13:11:19] [315/455] VTDM
[13:11:20] [316/455] ASCT
[13:11:21] 🔄 Identity reset
[13:11:21] 🔄 Identity rotated (every 10 requests)
[13:11:21] 🔄 Retry 1/5 for ASCT in 2.7s
[13:11:21] 🔄 Identity reset
[13:11:24] 🧠 New identity created
[13:11:24] [317/455] AWCT
[13:11:25] [318/455] DCCU
[13:11:26] [319/455] PSCE
[13:11:27] [320/455] KSNY
[13:11:28] [321/455] ACID
[13:11:28] [322/455] LVCD
[13:11:29] [323/455] KSSB
[13:11:30] [324/455] SWTD
[13:11:31] [325/455] RBMR
[13:11:32] 🔄 Identity reset
[13:11:32] 🔄 Identity rotated (every 10 requests)
[13:11:32] 🔄 Retry 1/5 for RBMR in 2.1s
[13:11:32] 🔄 Identity reset
[13:11:34] 🧠 New identity created
[13:11:34] 🔄 Retry 2/5 for RBMR in 4.7s
[13:11:34] 🔄 Identity reset
[13:11:39] 🧠 New identity created
[13:11:39] [326/455] SCBC
[13:11:40] [327/455] RKME
[13:11:41] [328/455] GALX
[13:11:42] [329/455] GCCH
[13:11:43] [330/455] RATR
[13:11:43] [331/455] GTGA
[13:11:44] [332/455] LTTR
[13:11:46] [333/455] TTAA
[13:11:46] 🔄 Identity reset
[13:11:46] 🔄 Identity rotated (every 10 requests)
[13:11:47] [334/455] TVHP
[13:11:47] [335/455] KVCS
[13:11:48] [336/455] CBMC
[13:11:49] [337/455] MAYJ
[13:11:50] [338/455] INPR
[13:11:52] [339/455] RSSC
[13:11:53] [340/455] PCAN
[13:11:53] [341/455] PVHR
[13:11:54] [342/455] AGSM
[13:11:55] [343/455] PVES
[13:11:55] 🔄 Identity reset
[13:11:55] 🔄 Identity rotated (every 10 requests)
[13:11:56] [344/455] INTO
[13:11:57] [345/455] ACON
[13:11:58] [346/455] PVPZ
[13:11:58] [347/455] PVHC
[13:11:59] [348/455] KSTK
[13:12:00] [349/455] PVSR
[13:12:01] [350/455] ACTN
[13:12:02] [351/455] FMCN
[13:12:03] [352/455] PABC
[13:12:04] [353/455] SUTC
[13:12:04] 🔄 Identity reset
[13:12:04] 🔄 Identity rotated (every 10 requests)
[13:12:04] [354/455] PGMV
[13:12:05] [355/455] GKCP
[13:12:06] [356/455] INCH
[13:12:07] [357/455] MLMT
[13:12:07] [358/455] SSCC
[13:12:08] [359/455] SLMP
[13:12:09] [360/455] VVTN
[13:12:09] [361/455] SBTR
[13:12:10] [362/455] PGRA
[13:12:10] [363/455] PBRM
[13:12:11] 🔄 Identity reset
[13:12:11] 🔄 Identity rotated (every 10 requests)
[13:12:11] [364/455] GCRP
[13:12:12] [365/455] MCSK
[13:12:13] [366/455] NLTC
[13:12:14] [367/455] MTLM
[13:12:15] [368/455] VECT
[13:12:15] [369/455] KMRM
[13:12:16] [370/455] RACM
[13:12:17] [371/455] WSTC
[13:12:17] [372/455] PVTJ
[13:12:18] [373/455] MMKC
[13:12:19] 🔄 Identity reset
[13:12:19] 🔄 Identity rotated (every 10 requests)
[13:12:19] [374/455] SVWT
[13:12:20] [375/455] JOTG
[13:12:21] [376/455] VCDK
[13:12:22] [377/455] ANAC
[13:12:23] [378/455] GRTC
[13:12:24] [379/455] JTPL
[13:12:25] [380/455] VRCP
[13:12:26] [381/455] REMC
[13:12:26] [382/455] ATMG
[13:12:28] [383/455] GAHC
[13:12:28] 🔄 Identity reset
[13:12:28] 🔄 Identity rotated (every 10 requests)
[13:12:29] [384/455] JTMV
[13:12:30] [385/455] OMTT
[13:12:30] [386/455] GKKC
[13:12:32] [387/455] BBPO
[13:12:32] [388/455] ZCBB
[13:12:33] [389/455] DCGO
[13:12:34] [390/455] STOP
[13:12:35] [391/455] BSPC
[13:12:36] [392/455] SOND
[13:12:37] [393/455] GCKG
[13:12:37] 🔄 Identity reset
[13:12:37] 🔄 Identity rotated (every 10 requests)
[13:12:38] [394/455] PCDB
[13:12:39] [395/455] PGRC
[13:12:39] [396/455] CSCT
[13:12:40] [397/455] STDA
[13:12:41] [398/455] JAYD
[13:12:42] [399/455] PPPD
[13:12:43] [400/455] KRTT
[13:12:44] [401/455] PTDT
[13:12:45] [402/455] TRSV
[13:12:45] [403/455] VELR
[13:12:46] 🔄 Identity reset
[13:12:46] 🔄 Identity rotated (every 10 requests)
[13:12:46] [404/455] STDT
[13:12:47] [405/455] SATT
[13:12:48] [406/455] KCPM
[13:12:49] [407/455] MFCP
[13:12:50] [408/455] AXMP
[13:12:51] [409/455] LTVB
[13:12:53] [410/455] APST
[13:12:53] [411/455] DTVP
[13:12:54] [412/455] AAVB
[13:12:55] [413/455] PMBL
[13:12:56] 🔄 Identity reset
[13:12:56] 🔄 Identity rotated (every 10 requests)
[13:12:56] [414/455] STKC
[13:12:57] [415/455] KKMA
[13:12:58] [416/455] NMXS
[13:12:59] [417/455] DECX
[13:13:00] [418/455] MAPJ
[13:13:00] [419/455] SMLK
[13:13:01] [420/455] PMPU
[13:13:02] [421/455] AFST
[13:13:03] [422/455] SRSY
[13:13:04] [423/455] RMKT
[13:13:04] 🔄 Identity reset
[13:13:04] 🔄 Identity rotated (every 10 requests)
[13:13:05] [424/455] RAJX
[13:13:05] [425/455] UVCD
[13:13:06] [426/455] LISA
[13:13:07] [427/455] LMSR
[13:13:09] [428/455] PMCA
[13:13:10] [429/455] INPO
[13:13:11] [430/455] INGO
[13:13:11] [431/455] HFSQ
[13:13:13] [432/455] INMG
[13:13:13] [433/455] NYCP
[13:13:14] 🔄 Identity reset
[13:13:14] 🔄 Identity rotated (every 10 requests)
[13:13:15] [434/455] HFSV
[13:13:15] [435/455] MMZP
[13:13:17] [436/455] KSES
[13:13:18] [437/455] HFSA
[13:13:19] [438/455] ACMM
[13:13:19] [439/455] RCKD
[13:13:20] [440/455] BCKR
[13:13:21] [441/455] SFCO
[13:13:22] [442/455] JCCB
[13:13:23] [443/455] BCCR
[13:13:23] 🔄 Identity reset
[13:13:23] 🔄 Identity rotated (every 10 requests)
[13:13:23] [444/455] NWCB
[13:13:24] [445/455] SAMT
[13:13:25] [446/455] TMST
[13:13:26] [447/455] SJCN
[13:13:26] [448/455] MCBS
[13:13:27] [449/455] CMKR
[13:13:28] [450/455] INPM
[13:13:29] [451/455] WVMT
[13:13:30] [452/455] NYSM
[13:13:31] [453/455] RCMA
[13:13:31] 🔄 Identity reset
[13:13:31] 🔄 Identity rotated (every 10 requests)
[13:13:31] [454/455] RECM
[13:13:32] [455/455] CYCM
[13:13:33] ✅ DONE | Shows=2496 | Movies=74
[14:07:35] 🚀 BMS DAILY TRACKER STARTED (enhanced anti‑detection)
[14:07:35] [1/455] MXGN
[14:07:36] 🧠 New identity created
[14:07:36] 🔄 Retry 1/5 for MXGN in 2.7s
[14:07:36] 🔄 Identity reset
[14:07:39] 🧠 New identity created
[14:07:39] 🔄 Retry 2/5 for MXGN in 4.2s
[14:07:39] 🔄 Identity reset
[14:07:43] 🧠 New identity created
[14:07:43] 🔄 Retry 3/5 for MXGN in 8.6s
[14:07:43] 🔄 Identity reset
[14:07:52] 🧠 New identity created
[14:07:52] [2/455] PGGM
[14:07:52] [3/455] IPMJ
[14:07:53] [4/455] M2PP
[14:07:54] [5/455] PMMS
[14:07:54] [6/455] SCJN
[14:07:55] [7/455] CPUM
[14:07:56] 🔄 Identity reset
[14:07:56] 🔄 Identity rotated (every 10 requests)
[14:07:56] [8/455] SCND
[14:07:57] [9/455] INWM
[14:07:57] [10/455] DVDC
[14:07:58] [11/455] WVND
[14:07:59] [12/455] LBDL
[14:07:59] [13/455] CRGM
[14:08:00] [14/455] PVKS
[14:08:01] [15/455] PBLL
[14:08:01] [16/455] FNLN
[14:08:02] [17/455] PPDA
[14:08:02] 🔄 Identity reset
[14:08:03] 🔄 Identity rotated (every 10 requests)
[14:08:03] 🔄 Retry 1/5 for PPDA in 2.6s
[14:08:03] 🔄 Identity reset
[14:08:05] 🧠 New identity created
[14:08:05] [18/455] SCPT
[14:08:06] [19/455] IAJS
[14:08:07] [20/455] MMZG
[14:08:07] [21/455] MCTI
[14:08:08] [22/455] PPMF
[14:08:08] [23/455] FNSD
[14:08:09] [24/455] M2RH
[14:08:09] [25/455] CPGV
[14:08:10] [26/455] PECD
[14:08:10] 🔄 Identity reset
[14:08:10] 🔄 Identity rotated (every 10 requests)
[14:08:10] [27/455] CTEE
[14:08:11] [28/455] IOMG
[14:08:12] [29/455] CIJA
[14:08:12] [30/455] NYCG
[14:08:13] [31/455] CEST
[14:08:14] [32/455] WVRG
[14:08:14] [33/455] DPDC
[14:08:15] [34/455] PDIV
[14:08:16] [35/455] MTPP
[14:08:16] [36/455] MHNU
[14:08:17] 🔄 Identity reset
[14:08:17] 🔄 Identity rotated (every 10 requests)
[14:08:17] 🔄 Retry 1/5 for MHNU in 2.2s
[14:08:17] 🔄 Identity reset
[14:08:19] 🧠 New identity created
[14:08:19] [37/455] WUPG
[14:08:20] [38/455] USCO
[14:08:21] [39/455] INFR
[14:08:21] [40/455] PVPD
[14:08:22] [41/455] RONC
[14:08:22] [42/455] IOCP
[14:08:23] [43/455] EMPS
[14:08:23] [44/455] PNAD
[14:08:24] [45/455] VVGZ
[14:08:25] 🔄 Identity reset
[14:08:25] 🔄 Identity rotated (every 10 requests)
[14:08:25] 🔄 Retry 1/5 for VVGZ in 3.0s
[14:08:25] 🔄 Identity reset
[14:08:28] 🧠 New identity created
[14:08:28] [46/455] MDDC
[14:08:28] [47/455] MMAP
[14:08:29] [48/455] GPDC
[14:08:30] [49/455] PVPU
[14:08:30] [50/455] DCMV
[14:08:31] [51/455] PCCF
[14:08:32] [52/455] MCEF
[14:08:32] [53/455] INRD
[14:08:33] [54/455] CCPZ
[14:08:33] 🔄 Identity reset
[14:08:33] 🔄 Identity rotated (every 10 requests)
[14:08:33] [55/455] BCWG
[14:08:34] [56/455] PMGU
[14:08:35] [57/455] MCVM
[14:08:35] [58/455] MCDE
[14:08:36] [59/455] IEFM
[14:08:37] [60/455] MXCS
[14:08:37] [61/455] RNMT
[14:08:38] [62/455] PSDD
[14:08:39] [63/455] PETA
[14:08:39] [64/455] IZOP
[14:08:40] 🔄 Identity reset
[14:08:40] 🔄 Identity rotated (every 10 requests)
[14:08:40] 🔄 Retry 1/5 for IZOP in 2.4s
[14:08:40] 🔄 Identity reset
[14:08:42] 🧠 New identity created
[14:08:42] [65/455] PDEI
[14:08:43] [66/455] MTND
[14:08:43] [67/455] PCPL
[14:08:44] [68/455] LSCM
[14:08:44] [69/455] BTFD
[14:08:45] [70/455] MERM
[14:08:46] [71/455] PVMS
[14:08:46] [72/455] CIGK
[14:08:47] [73/455] INSG
[14:08:48] 🔄 Identity reset
[14:08:48] 🔄 Identity rotated (every 10 requests)
[14:08:48] [74/455] IDEN
[14:08:48] [75/455] MCGN
[14:08:49] [76/455] IGAM
[14:08:50] [77/455] SLCU
[14:08:51] [78/455] MIMU
[14:08:51] [79/455] QLAC
[14:08:52] [80/455] MENL
[14:08:52] [81/455] SCUR
[14:08:53] [82/455] MDGD
[14:08:54] [83/455] LSRS
[14:08:55] 🔄 Identity reset
[14:08:55] 🔄 Identity rotated (every 10 requests)
[14:08:55] [84/455] KMLG
[14:08:56] [85/455] MKLJ
[14:08:56] [86/455] IBYG
[14:08:57] [87/455] ISML
[14:08:58] [88/455] MJMM
[14:08:58] [89/455] RCGD
[14:08:59] [90/455] MMOC
[14:09:00] [91/455] RRCO
[14:09:00] [92/455] MEDM
[14:09:01] [93/455] MCAZ
[14:09:02] 🔄 Identity reset
[14:09:02] 🔄 Identity rotated (every 10 requests)
[14:09:02] [94/455] STWA
[14:09:03] [95/455] PFFG
[14:09:04] [96/455] GAGC
[14:09:05] [97/455] PMPM
[14:09:05] [98/455] HVCD
[14:09:06] [99/455] AKRF
[14:09:07] [100/455] AKRC
[14:09:08] [101/455] MIDA
[14:09:08] [102/455] MAGX
[14:09:09] [103/455] ESOS
[14:09:10] 🔄 Identity reset
[14:09:10] 🔄 Identity rotated (every 10 requests)
[14:09:10] [104/455] BBCL
[14:09:10] [105/455] LYAS
[14:09:11] [106/455] NRMS
[14:09:11] [107/455] BHUC
[14:09:12] [108/455] SRIC
[14:09:13] [109/455] PDME
[14:09:13] [110/455] MJCS
[14:09:14] [111/455] NRAA
[14:09:14] [112/455] VATA
[14:09:15] [113/455] MNKC
[14:09:16] 🔄 Identity reset
[14:09:16] 🔄 Identity rotated (every 10 requests)
[14:09:16] [114/455] DHCL
[14:09:17] [115/455] JCPC
[14:09:17] [116/455] CTML
[14:09:18] [117/455] RMMR
[14:09:19] [118/455] STTL
[14:09:20] [119/455] CNPS
[14:09:20] [120/455] ACKL
[14:09:21] [121/455] SCAU
[14:09:22] [122/455] RMIA
[14:09:22] [123/455] MANU
[14:09:23] 🔄 Identity reset
[14:09:23] 🔄 Identity rotated (every 10 requests)
[14:09:23] [124/455] ARDC
[14:09:24] [125/455] GLDA
[14:09:25] [126/455] KVSW
[14:09:25] [127/455] CGCA
[14:09:26] [128/455] CMLO
[14:09:27] [129/455] CECB
[14:09:27] [130/455] RCPN
[14:09:28] [131/455] ASMW
[14:09:29] [132/455] PWLM
[14:09:29] [133/455] ASGM
[14:09:30] 🔄 Identity reset
[14:09:30] 🔄 Identity rotated (every 10 requests)
[14:09:31] [134/455] ACWH
[14:09:32] [135/455] AAPW
[14:09:33] [136/455] RTWA
[14:09:33] [137/455] RAMW
[14:09:34] [138/455] VKTR
[14:09:35] [139/455] SMBH
[14:09:36] [140/455] BVDR
[14:09:37] [141/455] MRTP
[14:09:38] [142/455] BLBR
[14:09:38] [143/455] LPIN
[14:09:39] 🔄 Identity reset
[14:09:39] 🔄 Identity rotated (every 10 requests)
[14:09:39] [144/455] SNPC
[14:09:40] [145/455] PDCB
[14:09:41] [146/455] DYPK
[14:09:41] [147/455] INMK
[14:09:42] [148/455] PDCK
[14:09:43] [149/455] PCKR
[14:09:43] [150/455] SHUA
[14:09:44] [151/455] SCVK
[14:09:44] [152/455] STPA
[14:09:45] [153/455] WVHD
[14:09:45] 🔄 Identity reset
[14:09:45] 🔄 Identity rotated (every 10 requests)
[14:09:45] [154/455] MRCH
[14:09:46] [155/455] MCNP
[14:09:47] [156/455] RCAG
[14:09:48] [157/455] JTSN
[14:09:48] [158/455] AANS
[14:09:49] [159/455] GDDR
[14:09:50] [160/455] SRER
[14:09:51] [161/455] JKMA
[14:09:52] [162/455] ARAN
[14:09:53] [163/455] ALCT
[14:09:54] 🔄 Identity reset
[14:09:54] 🔄 Identity rotated (every 10 requests)
[14:09:54] [164/455] CCTA
[14:09:55] [165/455] CNCT
[14:09:56] [166/455] NZBL
[14:09:57] [167/455] SRRA
[14:09:57] [168/455] SVPW
[14:09:58] [169/455] SRTW
[14:09:59] [170/455] XMTD
[14:09:59] [171/455] SCCZ
[14:10:00] [172/455] PBCR
[14:10:00] [173/455] RTSC
[14:10:01] 🔄 Identity reset
[14:10:01] 🔄 Identity rotated (every 10 requests)
[14:10:01] [174/455] TLSV
[14:10:02] [175/455] RMTK
[14:10:03] [176/455] SRAT
[14:10:04] [177/455] GCYC
[14:10:04] [178/455] HCAJ
[14:10:05] [179/455] LCXA
[14:10:06] [180/455] BINT
[14:10:07] [181/455] IXIM
[14:10:08] [182/455] MBCR
[14:10:08] [183/455] BMCJ
[14:10:09] 🔄 Identity reset
[14:10:09] 🔄 Identity rotated (every 10 requests)
[14:10:09] [184/455] NICJ
[14:10:10] [185/455] SCAJ
[14:10:10] [186/455] CMXS
[14:10:12] [187/455] MMSR
[14:10:12] [188/455] PRKT
[14:10:13] [189/455] LPTH
[14:10:13] [190/455] SARP
[14:10:14] [191/455] MNPP
[14:10:15] [192/455] PRLR
[14:10:15] [193/455] RCMW
[14:10:16] 🔄 Identity reset
[14:10:16] 🔄 Identity rotated (every 10 requests)
[14:10:16] 🔄 Retry 1/5 for RCMW in 2.5s
[14:10:16] 🔄 Identity reset
[14:10:18] 🧠 New identity created
[14:10:18] 🔄 Retry 2/5 for RCMW in 4.7s
[14:10:18] 🔄 Identity reset
[14:10:23] 🧠 New identity created
[14:10:23] 🔄 Retry 3/5 for RCMW in 8.7s
[14:10:23] 🔄 Identity reset
[14:10:32] 🧠 New identity created
[14:10:32] [194/455] FCMG
[14:10:33] [195/455] RTNK
[14:10:34] [196/455] LRCP
[14:10:35] [197/455] DBJR
[14:10:35] [198/455] CACN
[14:10:36] [199/455] AMRL
[14:10:37] [200/455] SBBC
[14:10:38] 🔄 Identity reset
[14:10:38] 🔄 Identity rotated (every 10 requests)
[14:10:38] 🔄 Retry 1/5 for SBBC in 2.8s
[14:10:38] 🔄 Identity reset
[14:10:41] 🧠 New identity created
[14:10:41] 🔄 Retry 2/5 for SBBC in 4.6s
[14:10:41] 🔄 Identity reset
[14:10:45] 🧠 New identity created
[14:10:45] [201/455] VENN
[14:10:46] [202/455] STSS
[14:10:47] [203/455] SMRB
[14:10:48] [204/455] CCMX
[14:10:49] [205/455] KCMR
[14:10:50] [206/455] SALH
[14:10:51] [207/455] CGTT
[14:10:52] [208/455] PMDR
[14:10:52] 🔄 Identity reset
[14:10:52] 🔄 Identity rotated (every 10 requests)
[14:10:52] 🔄 Retry 1/5 for PMDR in 2.2s
[14:10:52] 🔄 Identity reset
[14:10:55] 🧠 New identity created
[14:10:55] 🔄 Retry 2/5 for PMDR in 4.9s
[14:10:55] 🔄 Identity reset
[14:11:00] 🧠 New identity created
[14:11:00] [209/455] VCPM
[14:11:00] [210/455] RZMX
[14:11:01] [211/455] TMSY
[14:11:02] [212/455] NTMS
[14:11:03] [213/455] VTAG
[14:11:03] [214/455] REMA
[14:11:04] [215/455] NXCC
[14:11:04] [216/455] SKYM
[14:11:05] 🔄 Identity reset
[14:11:05] 🔄 Identity rotated (every 10 requests)
[14:11:05] 🔄 Retry 1/5 for SKYM in 2.8s
[14:11:05] 🔄 Identity reset
[14:11:08] 🧠 New identity created
[14:11:08] [217/455] CCMO
[14:11:10] [218/455] DMXM
[14:11:11] [219/455] SPPM
[14:11:11] [220/455] PTKL
[14:11:12] [221/455] SLVO
[14:11:12] [222/455] VASL
[14:11:13] [223/455] CBCM
[14:11:14] [224/455] STMA
[14:11:15] [225/455] LASK
[14:11:15] 🔄 Identity reset
[14:11:15] 🔄 Identity rotated (every 10 requests)
[14:11:15] [226/455] VITE
[14:11:16] [227/455] AAST
[14:11:17] [228/455] JTPT
[14:11:18] [229/455] RRSH
[14:11:18] [230/455] CINL
[14:11:19] [231/455] MCSR
[14:11:20] [232/455] SBCF
[14:11:21] [233/455] GCDU
[14:11:22] [234/455] PSPR
[14:11:22] [235/455] IMMO
[14:11:23] 🔄 Identity reset
[14:11:23] 🔄 Identity rotated (every 10 requests)
[14:11:23] [236/455] CLGM
[14:11:24] [237/455] PBMM
[14:11:24] [238/455] CEHR
[14:11:26] [239/455] CPOE
[14:11:27] [240/455] PGFD
[14:11:28] [241/455] PSLC
[14:11:28] [242/455] MSMD
[14:11:29] [243/455] FMFB
[14:11:31] [244/455] RKCL
[14:11:31] [245/455] PMMC
[14:11:32] 🔄 Identity reset
[14:11:32] 🔄 Identity rotated (every 10 requests)
[14:11:32] 🔄 Retry 1/5 for PMMC in 2.5s
[14:11:32] 🔄 Identity reset
[14:11:34] 🧠 New identity created
[14:11:34] [246/455] SKMM
[14:11:35] [247/455] VOIB
[14:11:36] [248/455] KINO
[14:11:37] [249/455] VCTP
[14:11:37] [250/455] PDWR
[14:11:38] [251/455] SAED
[14:11:38] [252/455] SRRT
[14:11:39] [253/455] CVLG
[14:11:40] [254/455] SNGN
[14:11:41] 🔄 Identity reset
[14:11:41] 🔄 Identity rotated (every 10 requests)
[14:11:41] 🔄 Retry 1/5 for SNGN in 2.3s
[14:11:41] 🔄 Identity reset
[14:11:43] 🧠 New identity created
[14:11:43] 🔄 Retry 2/5 for SNGN in 4.3s
[14:11:43] 🔄 Identity reset
[14:11:47] 🧠 New identity created
[14:11:47] [255/455] SIDA
[14:11:48] [256/455] IMCB
[14:11:49] [257/455] SMHP
[14:11:50] [258/455] GDTY
[14:11:51] [259/455] VYCH
[14:11:52] [260/455] PDYA
[14:11:52] [261/455] RKDO
[14:11:53] [262/455] VECG
[14:11:53] 🔄 Identity reset
[14:11:53] 🔄 Identity rotated (every 10 requests)
[14:11:53] 🔄 Retry 1/5 for VECG in 2.7s
[14:11:53] 🔄 Identity reset
[14:11:56] 🧠 New identity created
[14:11:56] [263/455] NFGD
[14:11:57] [264/455] SNDC
[14:11:58] [265/455] SDJH
[14:11:58] [266/455] HASV
[14:12:00] [267/455] PTYK
[14:12:00] [268/455] MUTB
[14:12:01] [269/455] AMRT
[14:12:02] [270/455] VACD
[14:12:03] [271/455] SKDD
[14:12:04] 🔄 Identity reset
[14:12:04] 🔄 Identity rotated (every 10 requests)
[14:12:04] [272/455] STGR
[14:12:04] [273/455] GDAK
[14:12:05] [274/455] SKHK
[14:12:06] [275/455] SLND
[14:12:06] [276/455] APAP
[14:12:07] [277/455] AYYA
[14:12:09] [278/455] VCCZ
[14:12:09] [279/455] MEML
[14:12:10] [280/455] MAOU
[14:12:11] [281/455] ESND
[14:12:12] 🔄 Identity reset
[14:12:12] 🔄 Identity rotated (every 10 requests)
[14:12:12] [282/455] PTBZ
[14:12:12] [283/455] LBCN
[14:12:13] [284/455] PAWA
[14:12:14] [285/455] ZEIC
[14:12:14] [286/455] CGMM
[14:12:15] [287/455] PJPM
[14:12:16] [288/455] ECMR
[14:12:17] [289/455] SHMZ
[14:12:18] [290/455] STCA
[14:12:19] [291/455] VDRC
[14:12:19] 🔄 Identity reset
[14:12:19] 🔄 Identity rotated (every 10 requests)
[14:12:19] 🔄 Retry 1/5 for VDRC in 2.7s
[14:12:19] 🔄 Identity reset
[14:12:22] 🧠 New identity created
[14:12:22] [292/455] SEEM
[14:12:23] [293/455] MKNS
[14:12:24] [294/455] KPPP
[14:12:25] [295/455] CCML
[14:12:26] [296/455] CIBA
[14:12:27] [297/455] NACS
[14:12:28] [298/455] CTMK
[14:12:29] [299/455] CTCT
[14:12:30] [300/455] MCSN
[14:12:30] 🔄 Identity reset
[14:12:30] 🔄 Identity rotated (every 10 requests)
[14:12:30] [301/455] MAXX
[14:12:31] [302/455] MECB
[14:12:32] [303/455] NTBY
[14:12:33] [304/455] UTBI
[14:12:34] [305/455] RADK
[14:12:34] [306/455] STBY
[14:12:35] [307/455] GTBY
[14:12:36] [308/455] RRMB
[14:12:37] [309/455] ABRN
[14:12:37] [310/455] GTSG
[14:12:38] 🔄 Identity reset
[14:12:38] 🔄 Identity rotated (every 10 requests)
[14:12:38] [311/455] GBTG
[14:12:39] [312/455] SBGS
[14:12:40] [313/455] KBPM
[14:12:41] [314/455] SMHT
[14:12:41] [315/455] VTDM
[14:12:43] [316/455] ASCT
[14:12:44] [317/455] AWCT
[14:12:45] [318/455] DCCU
[14:12:46] [319/455] PSCE
[14:12:46] [320/455] KSNY
[14:12:47] 🔄 Identity reset
[14:12:47] 🔄 Identity rotated (every 10 requests)
[14:12:48] [321/455] ACID
[14:12:49] [322/455] LVCD
[14:12:50] [323/455] KSSB
[14:12:51] [324/455] SWTD
[14:12:52] [325/455] RBMR
[14:12:53] [326/455] SCBC
[14:12:54] [327/455] RKME
[14:12:54] [328/455] GALX
[14:12:55] [329/455] GCCH
[14:12:56] [330/455] RATR
[14:12:57] 🔄 Identity reset
[14:12:57] 🔄 Identity rotated (every 10 requests)
[14:12:57] [331/455] GTGA
[14:12:58] [332/455] LTTR
[14:12:59] [333/455] TTAA
[14:12:59] [334/455] TVHP
[14:13:00] [335/455] KVCS
[14:13:01] [336/455] CBMC
[14:13:02] [337/455] MAYJ
[14:13:03] [338/455] INPR
[14:13:04] [339/455] RSSC
[14:13:05] [340/455] PCAN
[14:13:05] 🔄 Identity reset
[14:13:05] 🔄 Identity rotated (every 10 requests)
[14:13:06] [341/455] PVHR
[14:13:07] [342/455] AGSM
[14:13:09] [343/455] PVES
[14:13:10] [344/455] INTO
[14:13:10] [345/455] ACON
[14:13:11] [346/455] PVPZ
[14:13:12] [347/455] PVHC
[14:13:13] [348/455] KSTK
[14:13:14] [349/455] PVSR
[14:13:15] [350/455] ACTN
[14:13:16] 🔄 Identity reset
[14:13:16] 🔄 Identity rotated (every 10 requests)
[14:13:16] 🔄 Retry 1/5 for ACTN in 2.6s
[14:13:16] 🔄 Identity reset
[14:13:18] 🧠 New identity created
[14:13:19] [351/455] FMCN
[14:13:20] [352/455] PABC
[14:13:21] [353/455] SUTC
[14:13:21] [354/455] PGMV
[14:13:22] [355/455] GKCP
[14:13:23] [356/455] INCH
[14:13:24] [357/455] MLMT
[14:13:25] [358/455] SSCC
[14:13:26] [359/455] SLMP
[14:13:26] 🔄 Identity reset
[14:13:26] 🔄 Identity rotated (every 10 requests)
[14:13:26] [360/455] VVTN
[14:13:27] [361/455] SBTR
[14:13:28] [362/455] PGRA
[14:13:29] [363/455] PBRM
[14:13:30] [364/455] GCRP
[14:13:31] [365/455] MCSK
[14:13:31] [366/455] NLTC
[14:13:33] [367/455] MTLM
[14:13:34] [368/455] VECT
[14:13:35] [369/455] KMRM
[14:13:35] 🔄 Identity reset
[14:13:35] 🔄 Identity rotated (every 10 requests)
[14:13:35] [370/455] RACM
[14:13:37] [371/455] WSTC
[14:13:37] [372/455] PVTJ
[14:13:38] [373/455] MMKC
[14:13:39] [374/455] SVWT
[14:13:40] [375/455] JOTG
[14:13:41] [376/455] VCDK
[14:13:42] [377/455] ANAC
[14:13:42] [378/455] GRTC
[14:13:43] [379/455] JTPL
[14:13:44] 🔄 Identity reset
[14:13:44] 🔄 Identity rotated (every 10 requests)
[14:13:44] [380/455] VRCP
[14:13:45] [381/455] REMC
[14:13:45] [382/455] ATMG
[14:13:46] [383/455] GAHC
[14:13:47] [384/455] JTMV
[14:13:48] [385/455] OMTT
[14:13:49] [386/455] GKKC
[14:13:50] [387/455] BBPO
[14:13:51] [388/455] ZCBB
[14:13:51] [389/455] DCGO
[14:13:52] 🔄 Identity reset
[14:13:52] 🔄 Identity rotated (every 10 requests)
[14:13:52] [390/455] STOP
[14:13:53] [391/455] BSPC
[14:13:54] [392/455] SOND
[14:13:54] [393/455] GCKG
[14:13:55] [394/455] PCDB
[14:13:56] [395/455] PGRC
[14:13:57] [396/455] CSCT
[14:13:58] [397/455] STDA
[14:13:59] [398/455] JAYD
[14:14:00] [399/455] PPPD
[14:14:00] 🔄 Identity reset
[14:14:00] 🔄 Identity rotated (every 10 requests)
[14:14:01] [400/455] KRTT
[14:14:02] [401/455] PTDT
[14:14:02] [402/455] TRSV
[14:14:03] [403/455] VELR
[14:14:03] [404/455] STDT
[14:14:04] [405/455] SATT
[14:14:05] [406/455] KCPM
[14:14:06] [407/455] MFCP
[14:14:08] [408/455] AXMP
[14:14:09] [409/455] LTVB
[14:14:09] 🔄 Identity reset
[14:14:09] 🔄 Identity rotated (every 10 requests)
[14:14:09] [410/455] APST
[14:14:10] [411/455] DTVP
[14:14:11] [412/455] AAVB
[14:14:12] [413/455] PMBL
[14:14:14] [414/455] STKC
[14:14:15] [415/455] KKMA
[14:14:15] [416/455] NMXS
[14:14:16] [417/455] DECX
[14:14:17] [418/455] MAPJ
[14:14:18] [419/455] SMLK
[14:14:18] 🔄 Identity reset
[14:14:18] 🔄 Identity rotated (every 10 requests)
[14:14:19] [420/455] PMPU
[14:14:20] [421/455] AFST
[14:14:22] [422/455] SRSY
[14:14:23] [423/455] RMKT
[14:14:24] [424/455] RAJX
[14:14:25] [425/455] UVCD
[14:14:26] [426/455] LISA
[14:14:27] [427/455] LMSR
[14:14:28] [428/455] PMCA
[14:14:29] [429/455] INPO
[14:14:29] 🔄 Identity reset
[14:14:29] 🔄 Identity rotated (every 10 requests)
[14:14:29] [430/455] INGO
[14:14:31] [431/455] HFSQ
[14:14:31] [432/455] INMG
[14:14:32] [433/455] NYCP
[14:14:33] [434/455] HFSV
[14:14:34] [435/455] MMZP
[14:14:35] [436/455] KSES
[14:14:36] [437/455] HFSA
[14:14:37] [438/455] ACMM
[14:14:37] [439/455] RCKD
[14:14:38] 🔄 Identity reset
[14:14:38] 🔄 Identity rotated (every 10 requests)
[14:14:38] [440/455] BCKR
[14:14:39] [441/455] SFCO
[14:14:40] [442/455] JCCB
[14:14:41] [443/455] BCCR
[14:14:42] [444/455] NWCB
[14:14:43] [445/455] SAMT
[14:14:44] [446/455] TMST
[14:14:44] [447/455] SJCN
[14:14:45] [448/455] MCBS
[14:14:46] [449/455] CMKR
[14:14:47] 🔄 Identity reset
[14:14:47] 🔄 Identity rotated (every 10 requests)
[14:14:47] [450/455] INPM
[14:14:48] [451/455] WVMT
[14:14:49] [452/455] NYSM
[14:14:50] [453/455] RCMA
[14:14:51] [454/455] RECM
[14:14:52] [455/455] CYCM
[14:14:53] ✅ DONE | Shows=2701 | Movies=77
