[00:16:23] 🚀 BMS DAILY TRACKER STARTED (enhanced anti‑detection)
[00:16:23] [1/459] NECA
[00:16:24] 🧠 New identity created
[00:16:24] [2/459] BJLC
[00:16:25] [3/459] BASU
[00:16:26] [4/459] RUPI
[00:16:27] [5/459] LCBK
[00:16:28] [6/459] PMAC
[00:16:29] [7/459] AMLC
[00:16:30] [8/459] LICL
[00:16:31] [9/459] UDMM
[00:16:32] [10/459] STBZ
[00:16:33] 🔄 Identity reset
[00:16:33] 🔄 Identity rotated (every 10 requests)
[00:16:33] [11/459] UUBT
[00:16:34] [12/459] SJKC
[00:16:35] [13/459] TUAL
[00:16:36] [14/459] MRSE
[00:16:37] [15/459] RMRK
[00:16:38] [16/459] TTKP
[00:16:39] [17/459] KTKO
[00:16:40] [18/459] SDBK
[00:16:42] [19/459] MCPR
[00:16:42] [20/459] CHTI
[00:16:43] 🔄 Identity reset
[00:16:43] 🔄 Identity rotated (every 10 requests)
[00:16:44] [21/459] GCCP
[00:16:45] [22/459] SRMY
[00:16:47] [23/459] NYST
[00:16:48] [24/459] NYAG
[00:16:49] [25/459] SBMT
[00:16:50] [26/459] INGA
[00:16:50] [27/459] WSIC
[00:16:52] [28/459] SCSS
[00:16:53] [29/459] COPG
[00:16:54] [30/459] RCGR
[00:16:54] 🔄 Identity reset
[00:16:54] 🔄 Identity rotated (every 10 requests)
[00:16:55] [31/459] TCZA
[00:16:56] [32/459] CNLP
[00:16:57] [33/459] CLKN
[00:16:58] [34/459] LHDF
[00:16:59] [35/459] ELKC
[00:17:00] [36/459] VCEM
[00:17:00] [37/459] SSZA
[00:17:01] [38/459] KRMT
[00:17:02] [39/459] LCMV
[00:17:03] [40/459] AYCZ
[00:17:04] 🔄 Identity reset
[00:17:04] 🔄 Identity rotated (every 10 requests)
[00:17:04] [41/459] CUMS
[00:17:05] [42/459] BOCK
[00:17:06] [43/459] PNMR
[00:17:07] [44/459] PJCP
[00:17:08] [45/459] JDDD
[00:17:10] [46/459] STMS
[00:17:11] [47/459] FLMB
[00:17:12] [48/459] PKCM
[00:17:13] [49/459] SPPR
[00:17:14] [50/459] EYLH
[00:17:15] 🔄 Identity reset
[00:17:15] 🔄 Identity rotated (every 10 requests)
[00:17:15] [51/459] RJCC
[00:17:16] [52/459] MMPS
[00:17:17] [53/459] SHMX
[00:17:18] [54/459] CCNL
[00:17:19] [55/459] RCNV
[00:17:20] [56/459] MAAG
[00:17:21] [57/459] LXCM
[00:17:22] [58/459] RCNI
[00:17:23] [59/459] SNNI
[00:17:24] [60/459] LALC
[00:17:24] 🔄 Identity reset
[00:17:24] 🔄 Identity rotated (every 10 requests)
[00:17:25] [61/459] SOCN
[00:17:25] [62/459] JHTP
[00:17:26] [63/459] PITP
[00:17:27] [64/459] CCKW
[00:17:28] [65/459] MCMC
[00:17:29] [66/459] DEES
[00:17:30] [67/459] SABT
[00:17:31] [68/459] VSPP
[00:17:32] [69/459] ABCT
[00:17:33] [70/459] JVTB
[00:17:34] 🔄 Identity reset
[00:17:34] 🔄 Identity rotated (every 10 requests)
[00:17:34] [71/459] VCBD
[00:17:35] [72/459] RMGG
[00:17:37] [73/459] RNMH
[00:17:38] [74/459] SPGL
[00:17:39] [75/459] JTTR
[00:17:40] [76/459] SICS
[00:17:42] [77/459] SRMI
[00:17:43] [78/459] SSIJ
[00:17:44] [79/459] KFMT
[00:17:45] [80/459] VBIT
[00:17:46] 🔄 Identity reset
[00:17:46] 🔄 Identity rotated (every 10 requests)
[00:17:46] [81/459] JKCT
[00:17:47] [82/459] GCGP
[00:17:48] [83/459] GDCS
[00:17:49] [84/459] TRBA
[00:17:50] [85/459] QUST
[00:17:51] [86/459] VSHM
[00:17:52] [87/459] SDCP
[00:17:53] [88/459] SNVS
[00:17:54] [89/459] NYTO
[00:17:55] [90/459] URWC
[00:17:55] 🔄 Identity reset
[00:17:55] 🔄 Identity rotated (every 10 requests)
[00:17:56] [91/459] GTWH
[00:17:58] [92/459] PFCM
[00:17:59] [93/459] KRTA
[00:17:59] [94/459] AXMC
[00:18:00] [95/459] EVMC
[00:18:02] [96/459] HGSM
[00:18:02] [97/459] ACVM
[00:18:04] [98/459] PSKL
[00:18:04] [99/459] RDMP
[00:18:05] [100/459] RHGH
[00:18:06] 🔄 Identity reset
[00:18:06] 🔄 Identity rotated (every 10 requests)
[00:18:06] [101/459] OMCM
[00:18:07] [102/459] DCCP
[00:18:08] [103/459] MCPB
[00:18:09] [104/459] ALCI
[00:18:10] [105/459] BLMX
[00:18:11] [106/459] BTMV
[00:18:13] [107/459] FVPN
[00:18:14] [108/459] CMAR
[00:18:15] [109/459] CEIM
[00:18:16] [110/459] CMVA
[00:18:16] 🔄 Identity reset
[00:18:16] 🔄 Identity rotated (every 10 requests)
[00:18:17] [111/459] CPIV
[00:18:18] [112/459] CNPE
[00:18:19] [113/459] COLV
[00:18:20] [114/459] DNNV
[00:18:21] [115/459] HCAD
[00:18:22] [116/459] TAKA
[00:18:23] [117/459] INVD
[00:18:24] [118/459] IRMM
[00:18:25] [119/459] INSE
[00:18:26] [120/459] MRSW
[00:18:27] 🔄 Identity reset
[00:18:27] 🔄 Identity rotated (every 10 requests)
[00:18:27] [121/459] MCVD
[00:18:28] [122/459] MCSO
[00:18:29] [123/459] PEVM
[00:18:30] [124/459] PVNL
[00:18:31] [125/459] PTCV
[00:18:31] [126/459] PRTC
[00:18:33] [127/459] RCVA
[00:18:34] [128/459] MTBN
[00:18:35] [129/459] LUCP
[00:18:36] [130/459] FMPT
[00:18:36] 🔄 Identity reset
[00:18:36] 🔄 Identity rotated (every 10 requests)
[00:18:37] [131/459] JLSL
[00:18:38] [132/459] SBHA
[00:18:38] [133/459] SHRC
[00:18:39] [134/459] AVPS
[00:18:40] [135/459] STPM
[00:18:42] [136/459] ATRD
[00:18:43] [137/459] VTED
[00:18:44] [138/459] ACAI
[00:18:45] [139/459] SMAE
[00:18:45] [140/459] VMAT
[00:18:46] 🔄 Identity reset
[00:18:46] 🔄 Identity rotated (every 10 requests)
[00:18:46] [141/459] LKCT
[00:18:47] [142/459] JTVK
[00:18:48] [143/459] PRTY
[00:18:49] [144/459] GETT
[00:18:50] [145/459] ESAP
[00:18:51] [146/459] NCPM
[00:18:52] [147/459] PCPA
[00:18:53] [148/459] MMOM
[00:18:53] [149/459] PHUP
[00:18:54] [150/459] CCPI
[00:18:55] 🔄 Identity reset
[00:18:55] 🔄 Identity rotated (every 10 requests)
[00:18:55] [151/459] CNTD
[00:18:56] [152/459] NLJR
[00:18:57] [153/459] SRNG
[00:18:58] [154/459] MHAL
[00:18:59] [155/459] PNSM
[00:18:59] [156/459] DRMY
[00:19:00] [157/459] CCMU
[00:19:01] [158/459] SCMY
[00:19:02] [159/459] PVSY
[00:19:04] [160/459] SDLM
[00:19:04] 🔄 Identity reset
[00:19:04] 🔄 Identity rotated (every 10 requests)
[00:19:05] [161/459] ICCM
[00:19:06] [162/459] PYSU
[00:19:07] [163/459] GATM
[00:19:08] [164/459] WOTM
[00:19:09] [165/459] RKTS
[00:19:10] [166/459] PMTY
[00:19:11] [167/459] LYMS
[00:19:12] [168/459] TGCA
[00:19:13] [169/459] DSTA
[00:19:14] [170/459] CNGE
[00:19:14] 🔄 Identity reset
[00:19:14] 🔄 Identity rotated (every 10 requests)
[00:19:15] [171/459] VSTG
[00:19:16] [172/459] GTCK
[00:19:17] [173/459] TGNT
[00:19:18] [174/459] ASLC
[00:19:18] [175/459] SSST
[00:19:19] [176/459] KBTT
[00:19:20] [177/459] HKCP
[00:19:21] [178/459] SWLC
[00:19:22] [179/459] RTND
[00:19:23] [180/459] PKKT
[00:19:24] 🔄 Identity reset
[00:19:24] 🔄 Identity rotated (every 10 requests)
[00:19:24] [181/459] HSTK
[00:19:25] [182/459] SPTT
[00:19:26] [183/459] IMPM
[00:19:27] [184/459] SCMV
[00:19:28] [185/459] SPCT
[00:19:28] [186/459] JBCA
[00:19:30] [187/459] ATTR
[00:19:31] [188/459] SPMT
[00:19:32] [189/459] LCTM
[00:19:33] [190/459] SCVL
[00:19:33] 🔄 Identity reset
[00:19:33] 🔄 Identity rotated (every 10 requests)
[00:19:34] [191/459] SCVT
[00:19:34] [192/459] KRIC
[00:19:35] [193/459] CTMG
[00:19:36] [194/459] ACNC
[00:19:37] [195/459] DMCK
[00:19:38] [196/459] KMTV
[00:19:39] [197/459] PFCJ
[00:19:39] [198/459] VNMD
[00:19:40] [199/459] VPCZ
[00:19:41] [200/459] SRYR
[00:19:42] 🔄 Identity reset
[00:19:42] 🔄 Identity rotated (every 10 requests)
[00:19:42] [201/459] SYTR
[00:19:43] [202/459] GATR
[00:19:44] [203/459] URTR
[00:19:45] [204/459] MKSM
[00:19:46] [205/459] VSMH
[00:19:46] [206/459] SKRJ
[00:19:47] [207/459] SSJR
[00:19:48] [208/459] SVSM
[00:19:49] [209/459] RUCM
[00:19:50] [210/459] PRKN
[00:19:50] 🔄 Identity reset
[00:19:50] 🔄 Identity rotated (every 10 requests)
[00:19:50] [211/459] RROH
[00:19:51] [212/459] SCTN
[00:19:52] [213/459] RTDM
[00:19:53] [214/459] ASRM
[00:19:54] [215/459] SKMD
[00:19:55] [216/459] SUTD
[00:19:57] [217/459] SADM
[00:19:58] [218/459] WCNR
[00:19:59] [219/459] CNED
[00:19:59] [220/459] MPDB
[00:20:00] 🔄 Identity reset
[00:20:00] 🔄 Identity rotated (every 10 requests)
[00:20:00] [221/459] KTBH
[00:20:01] [222/459] IDRM
[00:20:01] [223/459] PJJT
[00:20:02] [224/459] PFCV
[00:20:03] [225/459] AACT
[00:20:04] [226/459] AAAD
[00:20:06] [227/459] ANES
[00:20:07] [228/459] MNCA
[00:20:07] [229/459] RMGU
[00:20:08] [230/459] DLCN
[00:20:09] 🔄 Identity reset
[00:20:09] 🔄 Identity rotated (every 10 requests)
[00:20:09] [231/459] LJWT
[00:20:10] [232/459] MCBG
[00:20:11] [233/459] MYBG
[00:20:12] [234/459] GCCA
[00:20:13] [235/459] GCGA
[00:20:14] [236/459] ECGN
[00:20:14] [237/459] PRAB
[00:20:15] [238/459] PNMP
[00:20:16] [239/459] GCPT
[00:20:17] [240/459] ROYN
[00:20:17] 🔄 Identity reset
[00:20:17] 🔄 Identity rotated (every 10 requests)
[00:20:17] [241/459] VATM
[00:20:18] [242/459] KSNT
[00:20:20] [243/459] ACTC
[00:20:21] [244/459] PLTD
[00:20:22] [245/459] SKMK
[00:20:23] [246/459] CMTT
[00:20:24] [247/459] SMXP
[00:20:26] [248/459] SCMX
[00:20:27] [249/459] ACXN
[00:20:28] [250/459] ASWT
[00:20:28] 🔄 Identity reset
[00:20:28] 🔄 Identity rotated (every 10 requests)
[00:20:29] [251/459] VVVL
[00:20:30] [252/459] NAGO
[00:20:31] [253/459] SNCN
[00:20:32] [254/459] MCKP
[00:20:34] [255/459] SAMO
[00:20:34] [256/459] JBTV
[00:20:35] [257/459] DCVV
[00:20:36] [258/459] KMSV
[00:20:37] [259/459] KDCN
[00:20:38] [260/459] CNCP
[00:20:39] 🔄 Identity reset
[00:20:39] 🔄 Identity rotated (every 10 requests)
[00:20:39] [261/459] HAMC
[00:20:40] [262/459] CCVZ
[00:20:41] [263/459] NCCK
[00:20:42] [264/459] MCHR
[00:20:42] [265/459] SCHT
[00:20:43] [266/459] ESSH
[00:20:44] [267/459] CUJC
[00:20:46] [268/459] PECP
[00:20:46] [269/459] PMMI
[00:20:47] [270/459] PCCH
[00:20:48] 🔄 Identity reset
[00:20:48] 🔄 Identity rotated (every 10 requests)
[00:20:48] [271/459] PRPM
[00:20:49] [272/459] PVKL
[00:20:51] [273/459] CBSM
[00:20:52] [274/459] PVCZ
[00:20:53] [275/459] PCVV
[00:20:54] [276/459] CTMJ
[00:20:55] [277/459] RCPS
[00:20:56] [278/459] PCIT
[00:20:57] [279/459] FNCH
[00:20:58] [280/459] INZD
[00:20:59] 🔄 Identity reset
[00:20:59] 🔄 Identity rotated (every 10 requests)
[00:20:59] [281/459] INPC
[00:21:00] [282/459] LCZP
[00:21:01] [283/459] SMCB
[00:21:02] [284/459] PTSB
[00:21:03] [285/459] TPSI
[00:21:04] [286/459] KHMJ
[00:21:04] [287/459] RCCJ
[00:21:05] [288/459] NCJA
[00:21:06] [289/459] NCJN
[00:21:07] [290/459] BTDP
[00:21:08] 🔄 Identity reset
[00:21:08] 🔄 Identity rotated (every 10 requests)
[00:21:08] [291/459] PADY
[00:21:09] [292/459] NYBH
[00:21:10] [293/459] MTBR
[00:21:10] [294/459] KRBC
[00:21:11] [295/459] DKTI
[00:21:12] [296/459] ANAN
[00:21:13] [297/459] INBP
[00:21:15] [298/459] PATB
[00:21:16] [299/459] RGNT
[00:21:17] [300/459] CGPM
[00:21:17] 🔄 Identity reset
[00:21:17] 🔄 Identity rotated (every 10 requests)
[00:21:18] [301/459] INTN
[00:21:18] [302/459] MCMP
[00:21:19] [303/459] ASRG
[00:21:20] [304/459] CXJD
[00:21:21] [305/459] SPCP
[00:21:22] [306/459] CSTP
[00:21:23] [307/459] PKVC
[00:21:23] [308/459] ESCP
[00:21:24] [309/459] CAEP
[00:21:25] [310/459] CCSP
[00:21:26] 🔄 Identity reset
[00:21:26] 🔄 Identity rotated (every 10 requests)
[00:21:26] [311/459] KTPC
[00:21:27] [312/459] DACA
[00:21:28] [313/459] NVKY
[00:21:28] [314/459] PTIN
[00:21:29] [315/459] SCIN
[00:21:30] [316/459] MCTY
[00:21:31] [317/459] PCMX
[00:21:32] [318/459] INIC
[00:21:34] [319/459] MMZM
[00:21:35] [320/459] SSLP
[00:21:35] 🔄 Identity reset
[00:21:35] 🔄 Identity rotated (every 10 requests)
[00:21:36] [321/459] DTDT
[00:21:36] [322/459] FFCX
[00:21:37] [323/459] RCMM
[00:21:39] [324/459] KYID
[00:21:40] [325/459] CSCI
[00:21:41] [326/459] FCMC
[00:21:41] [327/459] MMXI
[00:21:42] [328/459] ASTC
[00:21:43] [329/459] CMRA
[00:21:44] [330/459] DICI
[00:21:45] 🔄 Identity reset
[00:21:45] 🔄 Identity rotated (every 10 requests)
[00:21:45] [331/459] KDIN
[00:21:46] [332/459] PRFI
[00:21:47] [333/459] SVFC
[00:21:48] [334/459] UCPL
[00:21:48] [335/459] COOC
[00:21:49] [336/459] SCAL
[00:21:50] [337/459] SVFF
[00:21:51] [338/459] VCMG
[00:21:52] [339/459] UUCT
[00:21:53] [340/459] GCSE
[00:21:54] 🔄 Identity reset
[00:21:54] 🔄 Identity rotated (every 10 requests)
[00:21:54] [341/459] SUSC
[00:21:55] [342/459] MISC
[00:21:56] [343/459] RMBL
[00:21:58] [344/459] CMXN
[00:21:58] [345/459] PVBK
[00:21:59] [346/459] HHCG
[00:22:00] [347/459] SCAG
[00:22:01] [348/459] CNPR
[00:22:02] [349/459] CSER
[00:22:03] [350/459] HLWD
[00:22:03] 🔄 Identity reset
[00:22:03] 🔄 Identity rotated (every 10 requests)
[00:22:04] [351/459] BOLY
[00:22:05] [352/459] SSPG
[00:22:05] [353/459] MUPX
[00:22:06] [354/459] HAMR
[00:22:07] [355/459] SDNC
[00:22:08] [356/459] RTEN
[00:22:09] [357/459] SDTD
[00:22:10] [358/459] KAWS
[00:22:11] [359/459] CMZX
[00:22:12] [360/459] DCDD
[00:22:12] 🔄 Identity reset
[00:22:12] 🔄 Identity rotated (every 10 requests)
[00:22:13] [361/459] ALSN
[00:22:14] [362/459] IMXS
[00:22:16] [363/459] PVFF
[00:22:16] [364/459] PVOO
[00:22:17] [365/459] CFBS
[00:22:18] [366/459] PVER
[00:22:19] [367/459] PPNX
[00:22:21] [368/459] CNRM
[00:22:21] [369/459] PVWW
[00:22:23] [370/459] INMB
[00:22:24] 🔄 Identity reset
[00:22:24] 🔄 Identity rotated (every 10 requests)
[00:22:24] [371/459] CPJR
[00:22:25] [372/459] INRZ
[00:22:26] [373/459] PMSR
[00:22:27] [374/459] GPGM
[00:22:28] [375/459] PGWB
[00:22:28] [376/459] PMBR
[00:22:29] [377/459] GPAM
[00:22:30] [378/459] INBC
[00:22:31] [379/459] PZVK
[00:22:31] [380/459] CPEB
[00:22:32] 🔄 Identity reset
[00:22:32] 🔄 Identity rotated (every 10 requests)
[00:22:32] [381/459] FMLB
[00:22:33] [382/459] INBG
[00:22:34] [383/459] GPBR
[00:22:35] [384/459] PAAS
[00:22:36] [385/459] VTBR
[00:22:37] [386/459] GPMY
[00:22:39] [387/459] GYBU
[00:22:40] [388/459] INBJ
[00:22:41] [389/459] LKTH
[00:22:42] [390/459] NSBR
[00:22:42] 🔄 Identity reset
[00:22:42] 🔄 Identity rotated (every 10 requests)
[00:22:43] [391/459] PDRD
[00:22:45] [392/459] VRBL
[00:22:46] [393/459] VTGB
[00:22:47] [394/459] VTSK
[00:22:48] [395/459] BKDV
[00:22:49] [396/459] SVTB
[00:22:50] [397/459] MLDT
[00:22:51] [398/459] NRBL
[00:22:52] [399/459] SLTR
[00:22:53] [400/459] VNKA
[00:22:53] 🔄 Identity reset
[00:22:53] 🔄 Identity rotated (every 10 requests)
[00:22:54] [401/459] TDCA
[00:22:55] [402/459] INBM
[00:22:56] [403/459] SSNR
[00:22:57] [404/459] BHAC
[00:22:58] [405/459] SDSD
[00:22:59] [406/459] SAMP
[00:23:00] [407/459] RATK
[00:23:01] [408/459] KCBI
[00:23:02] [409/459] URBL
[00:23:03] [410/459] MKBG
[00:23:04] 🔄 Identity reset
[00:23:04] 🔄 Identity rotated (every 10 requests)
[00:23:04] [411/459] ASTB
[00:23:05] [412/459] VBWT
[00:23:06] [413/459] GPSM
[00:23:07] [414/459] ROON
[00:23:08] [415/459] CHTH
[00:23:09] [416/459] SSPA
[00:23:09] [417/459] ANBL
[00:23:10] [418/459] VTBE
[00:23:11] [419/459] SVKT
[00:23:12] [420/459] SVYK
[00:23:13] 🔄 Identity reset
[00:23:13] 🔄 Identity rotated (every 10 requests)
[00:23:13] [421/459] PTBK
[00:23:14] [422/459] RKTB
[00:23:16] [423/459] BALT
[00:23:17] [424/459] STSV
[00:23:18] [425/459] VCCB
[00:23:19] [426/459] SLTB
[00:23:20] [427/459] SBCR
[00:23:21] [428/459] VDCS
[00:23:22] [429/459] MDKI
[00:23:22] [430/459] SMRN
[00:23:23] 🔄 Identity reset
[00:23:23] 🔄 Identity rotated (every 10 requests)
[00:23:23] [431/459] PTBC
[00:23:24] [432/459] RADI
[00:23:25] [433/459] ADCR
[00:23:26] [434/459] SDCS
[00:23:27] [435/459] SRPJ
[00:23:28] [436/459] ARTS
[00:23:29] [437/459] SRHK
[00:23:30] [438/459] SPAY
[00:23:32] [439/459] GPTB
[00:23:33] [440/459] SNNN
[00:23:33] 🔄 Identity reset
[00:23:33] 🔄 Identity rotated (every 10 requests)
[00:23:34] [441/459] BALJ
[00:23:34] [442/459] TRIG
[00:23:35] [443/459] GTYT
[00:23:36] [444/459] ATGN
[00:23:37] [445/459] ANTE
[00:23:38] [446/459] BDCG
[00:23:39] [447/459] VECI
[00:23:40] [448/459] SCPR
[00:23:41] [449/459] RTEA
[00:23:42] [450/459] JSAI
[00:23:43] 🔄 Identity reset
[00:23:43] 🔄 Identity rotated (every 10 requests)
[00:23:43] [451/459] VJTP
[00:23:44] [452/459] GNDS
[00:23:45] [453/459] PAXA
[00:23:46] [454/459] CGGM
[00:23:47] [455/459] ACKZ
[00:23:48] [456/459] EMCC
[00:23:48] [457/459] KLSK
[00:23:49] [458/459] AVCK
[00:23:50] [459/459] JTCK
[00:23:51] ✅ DONE | Shows=0 | Movies=0
[01:16:21] 🚀 BMS DAILY TRACKER STARTED (enhanced anti‑detection)
[01:16:21] [1/459] NECA
[01:16:22] 🧠 New identity created
[01:16:23] [2/459] BJLC
[01:16:24] [3/459] BASU
[01:16:25] [4/459] RUPI
[01:16:26] [5/459] LCBK
[01:16:26] [6/459] PMAC
[01:16:27] [7/459] AMLC
[01:16:29] [8/459] LICL
[01:16:30] [9/459] UDMM
[01:16:31] [10/459] STBZ
[01:16:32] 🔄 Identity reset
[01:16:32] 🔄 Identity rotated (every 10 requests)
[01:16:32] [11/459] UUBT
[01:16:34] [12/459] SJKC
[01:16:35] [13/459] TUAL
[01:16:35] [14/459] MRSE
[01:16:36] [15/459] RMRK
[01:16:37] [16/459] TTKP
[01:16:38] [17/459] KTKO
[01:16:39] [18/459] SDBK
[01:16:40] [19/459] MCPR
[01:16:42] [20/459] CHTI
[01:16:42] 🔄 Identity reset
[01:16:42] 🔄 Identity rotated (every 10 requests)
[01:16:43] [21/459] GCCP
[01:16:44] [22/459] SRMY
[01:16:45] [23/459] NYST
[01:16:46] [24/459] NYAG
[01:16:47] [25/459] SBMT
[01:16:48] [26/459] INGA
[01:16:49] [27/459] WSIC
[01:16:49] [28/459] SCSS
[01:16:50] [29/459] COPG
[01:16:51] [30/459] RCGR
[01:16:52] 🔄 Identity reset
[01:16:52] 🔄 Identity rotated (every 10 requests)
[01:16:52] [31/459] TCZA
[01:16:53] [32/459] CNLP
[01:16:54] [33/459] CLKN
[01:16:55] [34/459] LHDF
[01:16:56] [35/459] ELKC
[01:16:57] [36/459] VCEM
[01:16:58] [37/459] SSZA
[01:16:59] [38/459] KRMT
[01:17:00] [39/459] LCMV
[01:17:01] [40/459] AYCZ
[01:17:01] 🔄 Identity reset
[01:17:01] 🔄 Identity rotated (every 10 requests)
[01:17:02] [41/459] CUMS
[01:17:03] [42/459] BOCK
[01:17:04] [43/459] PNMR
[01:17:05] [44/459] PJCP
[01:17:06] [45/459] JDDD
[01:17:06] [46/459] STMS
[01:17:07] [47/459] FLMB
[01:17:09] [48/459] PKCM
[01:17:10] [49/459] SPPR
[01:17:11] [50/459] EYLH
[01:17:12] 🔄 Identity reset
[01:17:12] 🔄 Identity rotated (every 10 requests)
[01:17:13] [51/459] RJCC
[01:17:14] [52/459] MMPS
[01:17:15] [53/459] SHMX
[01:17:16] [54/459] CCNL
[01:17:17] [55/459] RCNV
[01:17:17] [56/459] MAAG
[01:17:19] [57/459] LXCM
[01:17:20] [58/459] RCNI
[01:17:21] [59/459] SNNI
[01:17:22] [60/459] LALC
[01:17:22] 🔄 Identity reset
[01:17:22] 🔄 Identity rotated (every 10 requests)
[01:17:23] [61/459] SOCN
[01:17:23] [62/459] JHTP
[01:17:24] [63/459] PITP
[01:17:25] [64/459] CCKW
[01:17:26] [65/459] MCMC
[01:17:27] [66/459] DEES
[01:17:28] [67/459] SABT
[01:17:29] [68/459] VSPP
[01:17:30] [69/459] ABCT
[01:17:31] [70/459] JVTB
[01:17:31] 🔄 Identity reset
[01:17:31] 🔄 Identity rotated (every 10 requests)
[01:17:32] [71/459] VCBD
[01:17:34] [72/459] RMGG
[01:17:35] [73/459] RNMH
[01:17:36] [74/459] SPGL
[01:17:36] [75/459] JTTR
[01:17:37] [76/459] SICS
[01:17:38] [77/459] SRMI
[01:17:39] [78/459] SSIJ
[01:17:40] [79/459] KFMT
[01:17:41] [80/459] VBIT
[01:17:42] 🔄 Identity reset
[01:17:42] 🔄 Identity rotated (every 10 requests)
[01:17:42] [81/459] JKCT
[01:17:43] [82/459] GCGP
[01:17:44] [83/459] GDCS
[01:17:45] [84/459] TRBA
[01:17:46] [85/459] QUST
[01:17:47] [86/459] VSHM
[01:17:48] [87/459] SDCP
[01:17:48] [88/459] SNVS
[01:17:49] [89/459] NYTO
[01:17:51] [90/459] URWC
[01:17:51] 🔄 Identity reset
[01:17:51] 🔄 Identity rotated (every 10 requests)
[01:17:52] [91/459] GTWH
[01:17:53] [92/459] PFCM
[01:17:54] [93/459] KRTA
[01:17:55] [94/459] AXMC
[01:17:56] [95/459] EVMC
[01:17:57] [96/459] HGSM
[01:17:58] [97/459] ACVM
[01:17:59] [98/459] PSKL
[01:17:59] [99/459] RDMP
[01:18:00] [100/459] RHGH
[01:18:01] 🔄 Identity reset
[01:18:01] 🔄 Identity rotated (every 10 requests)
[01:18:01] [101/459] OMCM
[01:18:02] [102/459] DCCP
[01:18:03] [103/459] MCPB
[01:18:04] [104/459] ALCI
[01:18:05] [105/459] BLMX
[01:18:06] [106/459] BTMV
[01:18:07] [107/459] FVPN
[01:18:08] [108/459] CMAR
[01:18:09] [109/459] CEIM
[01:18:11] [110/459] CMVA
[01:18:11] 🔄 Identity reset
[01:18:11] 🔄 Identity rotated (every 10 requests)
[01:18:11] [111/459] CPIV
[01:18:12] [112/459] CNPE
[01:18:14] [113/459] COLV
[01:18:15] [114/459] DNNV
[01:18:16] [115/459] HCAD
[01:18:17] [116/459] TAKA
[01:18:18] [117/459] INVD
[01:18:19] [118/459] IRMM
[01:18:20] [119/459] INSE
[01:18:21] [120/459] MRSW
[01:18:21] 🔄 Identity reset
[01:18:21] 🔄 Identity rotated (every 10 requests)
[01:18:22] [121/459] MCVD
[01:18:23] [122/459] MCSO
[01:18:24] [123/459] PEVM
[01:18:25] [124/459] PVNL
[01:18:25] [125/459] PTCV
[01:18:26] [126/459] PRTC
[01:18:27] [127/459] RCVA
[01:18:28] [128/459] MTBN
[01:18:30] [129/459] LUCP
[01:18:31] [130/459] FMPT
[01:18:31] 🔄 Identity reset
[01:18:31] 🔄 Identity rotated (every 10 requests)
[01:18:32] [131/459] JLSL
[01:18:33] [132/459] SBHA
[01:18:34] [133/459] SHRC
[01:18:35] [134/459] AVPS
[01:18:36] [135/459] STPM
[01:18:37] [136/459] ATRD
[01:18:38] [137/459] VTED
[01:18:39] [138/459] ACAI
[01:18:40] [139/459] SMAE
[01:18:40] [140/459] VMAT
[01:18:41] 🔄 Identity reset
[01:18:41] 🔄 Identity rotated (every 10 requests)
[01:18:42] [141/459] LKCT
[01:18:42] [142/459] JTVK
[01:18:44] [143/459] PRTY
[01:18:45] [144/459] GETT
[01:18:46] [145/459] ESAP
[01:18:47] [146/459] NCPM
[01:18:48] [147/459] PCPA
[01:18:50] [148/459] MMOM
[01:18:51] [149/459] PHUP
[01:18:52] [150/459] CCPI
[01:18:52] 🔄 Identity reset
[01:18:52] 🔄 Identity rotated (every 10 requests)
[01:18:53] [151/459] CNTD
[01:18:54] [152/459] NLJR
[01:18:54] [153/459] SRNG
[01:18:55] [154/459] MHAL
[01:18:56] [155/459] PNSM
[01:18:57] [156/459] DRMY
[01:18:58] [157/459] CCMU
[01:18:59] [158/459] SCMY
[01:19:00] [159/459] PVSY
[01:19:01] [160/459] SDLM
[01:19:02] 🔄 Identity reset
[01:19:02] 🔄 Identity rotated (every 10 requests)
[01:19:02] [161/459] ICCM
[01:19:03] [162/459] PYSU
[01:19:04] [163/459] GATM
[01:19:04] [164/459] WOTM
[01:19:05] [165/459] RKTS
[01:19:06] [166/459] PMTY
[01:19:08] [167/459] LYMS
[01:19:09] [168/459] TGCA
[01:19:10] [169/459] DSTA
[01:19:11] [170/459] CNGE
[01:19:11] 🔄 Identity reset
[01:19:11] 🔄 Identity rotated (every 10 requests)
[01:19:11] [171/459] VSTG
[01:19:12] [172/459] GTCK
[01:19:13] [173/459] TGNT
[01:19:14] [174/459] ASLC
[01:19:16] [175/459] SSST
[01:19:17] [176/459] KBTT
[01:19:18] [177/459] HKCP
[01:19:19] [178/459] SWLC
[01:19:20] [179/459] RTND
[01:19:20] [180/459] PKKT
[01:19:21] 🔄 Identity reset
[01:19:21] 🔄 Identity rotated (every 10 requests)
[01:19:21] 🔄 Retry 1/5 for PKKT in 2.5s
[01:19:21] 🔄 Identity reset
[01:19:24] 🧠 New identity created
[01:19:24] [181/459] HSTK
[01:19:25] [182/459] SPTT
[01:19:26] [183/459] IMPM
[01:19:27] [184/459] SCMV
[01:19:27] [185/459] SPCT
[01:19:28] [186/459] JBCA
[01:19:29] [187/459] ATTR
[01:19:31] [188/459] SPMT
[01:19:31] [189/459] LCTM
[01:19:32] 🔄 Identity reset
[01:19:32] 🔄 Identity rotated (every 10 requests)
[01:19:32] [190/459] SCVL
[01:19:33] [191/459] SCVT
[01:19:34] [192/459] KRIC
[01:19:35] [193/459] CTMG
[01:19:37] [194/459] ACNC
[01:19:38] [195/459] DMCK
[01:19:39] [196/459] KMTV
[01:19:40] [197/459] PFCJ
[01:19:41] [198/459] VNMD
[01:19:42] [199/459] VPCZ
[01:19:42] 🔄 Identity reset
[01:19:42] 🔄 Identity rotated (every 10 requests)
[01:19:43] [200/459] SRYR
[01:19:44] [201/459] SYTR
[01:19:45] [202/459] GATR
[01:19:46] [203/459] URTR
[01:19:47] [204/459] MKSM
[01:19:48] [205/459] VSMH
[01:19:49] [206/459] SKRJ
[01:19:50] [207/459] SSJR
[01:19:51] [208/459] SVSM
[01:19:52] [209/459] RUCM
[01:19:53] 🔄 Identity reset
[01:19:53] 🔄 Identity rotated (every 10 requests)
[01:19:53] [210/459] PRKN
[01:19:54] [211/459] RROH
[01:19:55] [212/459] SCTN
[01:19:56] [213/459] RTDM
[01:19:57] [214/459] ASRM
[01:19:58] [215/459] SKMD
[01:19:59] [216/459] SUTD
[01:20:00] [217/459] SADM
[01:20:01] [218/459] WCNR
[01:20:02] [219/459] CNED
[01:20:02] 🔄 Identity reset
[01:20:02] 🔄 Identity rotated (every 10 requests)
[01:20:03] [220/459] MPDB
[01:20:04] [221/459] KTBH
[01:20:05] [222/459] IDRM
[01:20:06] [223/459] PJJT
[01:20:06] [224/459] PFCV
[01:20:08] [225/459] AACT
[01:20:09] [226/459] AAAD
[01:20:10] [227/459] ANES
[01:20:10] [228/459] MNCA
[01:20:11] [229/459] RMGU
[01:20:12] 🔄 Identity reset
[01:20:12] 🔄 Identity rotated (every 10 requests)
[01:20:12] [230/459] DLCN
[01:20:13] [231/459] LJWT
[01:20:14] [232/459] MCBG
[01:20:15] [233/459] MYBG
[01:20:16] [234/459] GCCA
[01:20:17] [235/459] GCGA
[01:20:18] [236/459] ECGN
[01:20:19] [237/459] PRAB
[01:20:20] [238/459] PNMP
[01:20:21] [239/459] GCPT
[01:20:22] 🔄 Identity reset
[01:20:22] 🔄 Identity rotated (every 10 requests)
[01:20:22] [240/459] ROYN
[01:20:23] [241/459] VATM
[01:20:24] [242/459] KSNT
[01:20:25] [243/459] ACTC
[01:20:26] [244/459] PLTD
[01:20:27] [245/459] SKMK
[01:20:27] [246/459] CMTT
[01:20:28] [247/459] SMXP
[01:20:29] [248/459] SCMX
[01:20:30] [249/459] ACXN
[01:20:31] 🔄 Identity reset
[01:20:31] 🔄 Identity rotated (every 10 requests)
[01:20:31] [250/459] ASWT
[01:20:32] [251/459] VVVL
[01:20:33] [252/459] NAGO
[01:20:34] [253/459] SNCN
[01:20:35] [254/459] MCKP
[01:20:36] [255/459] SAMO
[01:20:36] [256/459] JBTV
[01:20:37] [257/459] DCVV
[01:20:38] [258/459] KMSV
[01:20:39] [259/459] KDCN
[01:20:40] 🔄 Identity reset
[01:20:40] 🔄 Identity rotated (every 10 requests)
[01:20:41] [260/459] CNCP
[01:20:42] [261/459] HAMC
[01:20:43] [262/459] CCVZ
[01:20:44] [263/459] NCCK
[01:20:45] [264/459] MCHR
[01:20:46] [265/459] SCHT
[01:20:47] [266/459] ESSH
[01:20:48] [267/459] CUJC
[01:20:49] [268/459] PECP
[01:20:50] [269/459] PMMI
[01:20:51] 🔄 Identity reset
[01:20:51] 🔄 Identity rotated (every 10 requests)
[01:20:51] [270/459] PCCH
[01:20:52] [271/459] PRPM
[01:20:53] [272/459] PVKL
[01:20:54] [273/459] CBSM
[01:20:55] [274/459] PVCZ
[01:20:56] [275/459] PCVV
[01:20:57] [276/459] CTMJ
[01:20:58] [277/459] RCPS
[01:20:59] [278/459] PCIT
[01:21:00] [279/459] FNCH
[01:21:01] 🔄 Identity reset
[01:21:01] 🔄 Identity rotated (every 10 requests)
[01:21:01] [280/459] INZD
[01:21:02] [281/459] INPC
[01:21:03] [282/459] LCZP
[01:21:05] [283/459] SMCB
[01:21:06] [284/459] PTSB
[01:21:07] [285/459] TPSI
[01:21:08] [286/459] KHMJ
[01:21:09] [287/459] RCCJ
[01:21:10] [288/459] NCJA
[01:21:11] [289/459] NCJN
[01:21:11] 🔄 Identity reset
[01:21:11] 🔄 Identity rotated (every 10 requests)
[01:21:12] [290/459] BTDP
[01:21:12] [291/459] PADY
[01:21:14] [292/459] NYBH
[01:21:15] [293/459] MTBR
[01:21:16] [294/459] KRBC
[01:21:17] [295/459] DKTI
[01:21:18] [296/459] ANAN
[01:21:18] [297/459] INBP
[01:21:19] [298/459] PATB
[01:21:20] [299/459] RGNT
[01:21:21] 🔄 Identity reset
[01:21:21] 🔄 Identity rotated (every 10 requests)
[01:21:21] [300/459] CGPM
[01:21:22] [301/459] INTN
[01:21:23] [302/459] MCMP
[01:21:24] [303/459] ASRG
[01:21:25] [304/459] CXJD
[01:21:26] [305/459] SPCP
[01:21:27] [306/459] CSTP
[01:21:28] [307/459] PKVC
[01:21:29] [308/459] ESCP
[01:21:30] [309/459] CAEP
[01:21:30] 🔄 Identity reset
[01:21:30] 🔄 Identity rotated (every 10 requests)
[01:21:31] [310/459] CCSP
[01:21:32] [311/459] KTPC
[01:21:33] [312/459] DACA
[01:21:34] [313/459] NVKY
[01:21:35] [314/459] PTIN
[01:21:36] [315/459] SCIN
[01:21:37] [316/459] MCTY
[01:21:38] [317/459] PCMX
[01:21:39] [318/459] INIC
[01:21:40] [319/459] MMZM
[01:21:41] 🔄 Identity reset
[01:21:41] 🔄 Identity rotated (every 10 requests)
[01:21:41] [320/459] SSLP
[01:21:42] [321/459] DTDT
[01:21:43] [322/459] FFCX
[01:21:44] [323/459] RCMM
[01:21:45] [324/459] KYID
[01:21:46] [325/459] CSCI
[01:21:48] [326/459] FCMC
[01:21:48] [327/459] MMXI
[01:21:49] [328/459] ASTC
[01:21:50] [329/459] CMRA
[01:21:51] 🔄 Identity reset
[01:21:51] 🔄 Identity rotated (every 10 requests)
[01:21:51] [330/459] DICI
[01:21:52] [331/459] KDIN
[01:21:53] [332/459] PRFI
[01:21:54] [333/459] SVFC
[01:21:54] [334/459] UCPL
[01:21:55] [335/459] COOC
[01:21:57] [336/459] SCAL
[01:21:57] [337/459] SVFF
[01:21:58] [338/459] VCMG
[01:21:59] [339/459] UUCT
[01:22:00] 🔄 Identity reset
[01:22:00] 🔄 Identity rotated (every 10 requests)
[01:22:00] [340/459] GCSE
[01:22:02] [341/459] SUSC
[01:22:03] [342/459] MISC
[01:22:03] [343/459] RMBL
[01:22:04] [344/459] CMXN
[01:22:05] [345/459] PVBK
[01:22:07] [346/459] HHCG
[01:22:08] [347/459] SCAG
[01:22:09] [348/459] CNPR
[01:22:09] [349/459] CSER
[01:22:10] 🔄 Identity reset
[01:22:10] 🔄 Identity rotated (every 10 requests)
[01:22:23] [350/459] HLWD
[01:22:24] [351/459] BOLY
[01:22:25] [352/459] SSPG
[01:22:26] [353/459] MUPX
[01:22:27] [354/459] HAMR
[01:22:28] [355/459] SDNC
[01:22:29] [356/459] RTEN
[01:22:30] [357/459] SDTD
[01:22:31] [358/459] KAWS
[01:22:31] [359/459] CMZX
[01:22:32] 🔄 Identity reset
[01:22:32] 🔄 Identity rotated (every 10 requests)
[01:22:32] [360/459] DCDD
[01:22:33] [361/459] ALSN
[01:22:34] [362/459] IMXS
[01:22:35] [363/459] PVFF
[01:22:36] [364/459] PVOO
[01:22:37] [365/459] CFBS
[01:22:38] [366/459] PVER
[01:22:39] [367/459] PPNX
[01:22:41] [368/459] CNRM
[01:22:42] [369/459] PVWW
[01:22:43] 🔄 Identity reset
[01:22:43] 🔄 Identity rotated (every 10 requests)
[01:22:43] [370/459] INMB
[01:22:45] [371/459] CPJR
[01:22:45] [372/459] INRZ
[01:22:46] [373/459] PMSR
[01:22:47] [374/459] GPGM
[01:22:48] [375/459] PGWB
[01:22:50] [376/459] PMBR
[01:22:50] [377/459] GPAM
[01:22:51] [378/459] INBC
[01:22:52] [379/459] PZVK
[01:22:53] 🔄 Identity reset
[01:22:53] 🔄 Identity rotated (every 10 requests)
[01:22:53] [380/459] CPEB
[01:22:54] [381/459] FMLB
[01:22:55] [382/459] INBG
[01:22:56] [383/459] GPBR
[01:22:57] [384/459] PAAS
[01:22:58] [385/459] VTBR
[01:22:59] [386/459] GPMY
[01:23:00] [387/459] GYBU
[01:23:01] [388/459] INBJ
[01:23:02] [389/459] LKTH
[01:23:02] 🔄 Identity reset
[01:23:02] 🔄 Identity rotated (every 10 requests)
[01:23:03] [390/459] NSBR
[01:23:04] [391/459] PDRD
[01:23:05] [392/459] VRBL
[01:23:07] [393/459] VTGB
[01:23:08] [394/459] VTSK
[01:23:09] [395/459] BKDV
[01:23:10] [396/459] SVTB
[01:23:11] [397/459] MLDT
[01:23:12] [398/459] NRBL
[01:23:13] [399/459] SLTR
[01:23:13] 🔄 Identity reset
[01:23:13] 🔄 Identity rotated (every 10 requests)
[01:23:14] [400/459] VNKA
[01:23:15] [401/459] TDCA
[01:23:15] [402/459] INBM
[01:23:17] [403/459] SSNR
[01:23:18] [404/459] BHAC
[01:23:19] [405/459] SDSD
[01:23:20] [406/459] SAMP
[01:23:21] [407/459] RATK
[01:23:22] [408/459] KCBI
[01:23:23] [409/459] URBL
[01:23:23] 🔄 Identity reset
[01:23:23] 🔄 Identity rotated (every 10 requests)
[01:23:24] [410/459] MKBG
[01:23:25] [411/459] ASTB
[01:23:25] [412/459] VBWT
[01:23:26] [413/459] GPSM
[01:23:27] [414/459] ROON
[01:23:28] [415/459] CHTH
[01:23:29] [416/459] SSPA
[01:23:30] [417/459] ANBL
[01:23:30] [418/459] VTBE
[01:23:31] [419/459] SVKT
[01:23:32] 🔄 Identity reset
[01:23:32] 🔄 Identity rotated (every 10 requests)
[01:23:32] [420/459] SVYK
[01:23:33] [421/459] PTBK
[01:23:34] [422/459] RKTB
[01:23:35] [423/459] BALT
[01:23:36] [424/459] STSV
[01:23:37] [425/459] VCCB
[01:23:38] [426/459] SLTB
[01:23:39] [427/459] SBCR
[01:23:40] [428/459] VDCS
[01:23:41] [429/459] MDKI
[01:23:41] 🔄 Identity reset
[01:23:41] 🔄 Identity rotated (every 10 requests)
[01:23:41] 🔄 Retry 1/5 for MDKI in 2.1s
[01:23:41] 🔄 Identity reset
[01:23:43] 🧠 New identity created
[01:23:44] [430/459] SMRN
[01:23:45] [431/459] PTBC
[01:23:46] [432/459] RADI
[01:23:46] [433/459] ADCR
[01:23:47] [434/459] SDCS
[01:23:48] [435/459] SRPJ
[01:23:49] [436/459] ARTS
[01:23:50] [437/459] SRHK
[01:23:51] [438/459] SPAY
[01:23:52] 🔄 Identity reset
[01:23:52] 🔄 Identity rotated (every 10 requests)
[01:23:52] [439/459] GPTB
[01:23:53] [440/459] SNNN
[01:23:54] [441/459] BALJ
[01:23:55] [442/459] TRIG
[01:23:56] [443/459] GTYT
[01:23:57] [444/459] ATGN
[01:23:57] [445/459] ANTE
[01:23:59] [446/459] BDCG
[01:23:59] [447/459] VECI
[01:24:00] [448/459] SCPR
[01:24:01] 🔄 Identity reset
[01:24:01] 🔄 Identity rotated (every 10 requests)
[01:24:13] [449/459] RTEA
[01:24:15] [450/459] JSAI
[01:24:16] [451/459] VJTP
[01:24:17] [452/459] GNDS
[01:24:17] [453/459] PAXA
[01:24:18] [454/459] CGGM
[01:24:19] [455/459] ACKZ
[01:24:20] [456/459] EMCC
[01:24:21] [457/459] KLSK
[01:24:22] [458/459] AVCK
[01:24:22] 🔄 Identity reset
[01:24:22] 🔄 Identity rotated (every 10 requests)
[01:24:22] [459/459] JTCK
[01:24:23] ✅ DONE | Shows=0 | Movies=0
[02:16:14] 🚀 BMS DAILY TRACKER STARTED (enhanced anti‑detection)
[02:16:14] [1/459] NECA
[02:16:14] 🧠 New identity created
[02:16:15] [2/459] BJLC
[02:16:16] [3/459] BASU
[02:16:17] [4/459] RUPI
[02:16:18] [5/459] LCBK
[02:16:19] [6/459] PMAC
[02:16:19] [7/459] AMLC
[02:16:20] [8/459] LICL
[02:16:21] [9/459] UDMM
[02:16:21] [10/459] STBZ
[02:16:22] 🔄 Identity reset
[02:16:22] 🔄 Identity rotated (every 10 requests)
[02:16:22] [11/459] UUBT
[02:16:23] [12/459] SJKC
[02:16:24] [13/459] TUAL
[02:16:24] [14/459] MRSE
[02:16:25] [15/459] RMRK
[02:16:26] [16/459] TTKP
[02:16:27] [17/459] KTKO
[02:16:27] [18/459] SDBK
[02:16:28] [19/459] MCPR
[02:16:29] [20/459] CHTI
[02:16:30] 🔄 Identity reset
[02:16:30] 🔄 Identity rotated (every 10 requests)
[02:16:30] [21/459] GCCP
[02:16:30] [22/459] SRMY
[02:16:31] [23/459] NYST
[02:16:32] [24/459] NYAG
[02:16:32] [25/459] SBMT
[02:16:33] [26/459] INGA
[02:16:34] [27/459] WSIC
[02:16:34] [28/459] SCSS
[02:16:35] [29/459] COPG
[02:16:36] [30/459] RCGR
[02:16:36] 🔄 Identity reset
[02:16:36] 🔄 Identity rotated (every 10 requests)
[02:16:37] [31/459] TCZA
[02:16:38] [32/459] CNLP
[02:16:38] [33/459] CLKN
[02:16:39] [34/459] LHDF
[02:16:40] [35/459] ELKC
[02:16:40] [36/459] VCEM
[02:16:41] [37/459] SSZA
[02:16:43] [38/459] KRMT
[02:16:43] [39/459] LCMV
[02:16:44] [40/459] AYCZ
[02:16:45] 🔄 Identity reset
[02:16:45] 🔄 Identity rotated (every 10 requests)
[02:16:46] [41/459] CUMS
[02:16:47] [42/459] BOCK
[02:16:47] [43/459] PNMR
[02:16:48] [44/459] PJCP
[02:16:49] [45/459] JDDD
[02:16:50] [46/459] STMS
[02:16:50] [47/459] FLMB
[02:16:51] [48/459] PKCM
[02:16:52] [49/459] SPPR
[02:16:53] [50/459] EYLH
[02:16:53] 🔄 Identity reset
[02:16:53] 🔄 Identity rotated (every 10 requests)
[02:16:54] [51/459] RJCC
[02:16:54] [52/459] MMPS
[02:16:55] [53/459] SHMX
[02:16:56] [54/459] CCNL
[02:16:57] [55/459] RCNV
[02:16:58] [56/459] MAAG
[02:16:58] [57/459] LXCM
[02:16:59] [58/459] RCNI
[02:17:00] [59/459] SNNI
[02:17:00] [60/459] LALC
[02:17:01] 🔄 Identity reset
[02:17:01] 🔄 Identity rotated (every 10 requests)
[02:17:01] [61/459] SOCN
[02:17:02] [62/459] JHTP
[02:17:03] [63/459] PITP
[02:17:04] [64/459] CCKW
[02:17:04] [65/459] MCMC
[02:17:06] [66/459] DEES
[02:17:06] [67/459] SABT
[02:17:07] [68/459] VSPP
[02:17:08] [69/459] ABCT
[02:17:09] [70/459] JVTB
[02:17:09] 🔄 Identity reset
[02:17:09] 🔄 Identity rotated (every 10 requests)
[02:17:09] 🔄 Retry 1/5 for JVTB in 2.6s
[02:17:09] 🔄 Identity reset
[02:17:12] 🧠 New identity created
[02:17:12] [71/459] VCBD
[02:17:13] [72/459] RMGG
[02:17:13] [73/459] RNMH
[02:17:14] [74/459] SPGL
[02:17:15] [75/459] JTTR
[02:17:16] [76/459] SICS
[02:17:17] [77/459] SRMI
[02:17:17] [78/459] SSIJ
[02:17:19] [79/459] KFMT
[02:17:20] 🔄 Identity reset
[02:17:20] 🔄 Identity rotated (every 10 requests)
[02:17:20] [80/459] VBIT
[02:17:21] [81/459] JKCT
[02:17:22] [82/459] GCGP
[02:17:24] [83/459] GDCS
[02:17:25] [84/459] TRBA
[02:17:25] [85/459] QUST
[02:17:27] [86/459] VSHM
[02:17:28] [87/459] SDCP
[02:17:28] [88/459] SNVS
[02:17:29] [89/459] NYTO
[02:17:30] 🔄 Identity reset
[02:17:30] 🔄 Identity rotated (every 10 requests)
[02:17:30] [90/459] URWC
[02:17:31] [91/459] GTWH
[02:17:31] [92/459] PFCM
[02:17:32] [93/459] KRTA
[02:17:33] [94/459] AXMC
[02:17:34] [95/459] EVMC
[02:17:34] [96/459] HGSM
[02:17:35] [97/459] ACVM
[02:17:36] [98/459] PSKL
[02:17:36] [99/459] RDMP
[02:17:37] 🔄 Identity reset
[02:17:37] 🔄 Identity rotated (every 10 requests)
[02:17:37] [100/459] RHGH
[02:17:38] [101/459] OMCM
[02:17:39] [102/459] DCCP
[02:17:39] [103/459] MCPB
[02:17:40] [104/459] ALCI
[02:17:40] [105/459] BLMX
[02:17:41] [106/459] BTMV
[02:17:42] [107/459] FVPN
[02:17:43] [108/459] CMAR
[02:17:43] [109/459] CEIM
[02:17:44] 🔄 Identity reset
[02:17:44] 🔄 Identity rotated (every 10 requests)
[02:17:44] [110/459] CMVA
[02:17:45] [111/459] CPIV
[02:17:46] [112/459] CNPE
[02:17:46] [113/459] COLV
[02:17:47] [114/459] DNNV
[02:17:48] [115/459] HCAD
[02:17:48] [116/459] TAKA
[02:17:49] [117/459] INVD
[02:17:50] [118/459] IRMM
[02:17:50] [119/459] INSE
[02:17:51] 🔄 Identity reset
[02:17:51] 🔄 Identity rotated (every 10 requests)
[02:17:52] [120/459] MRSW
[02:17:53] [121/459] MCVD
[02:17:53] [122/459] MCSO
[02:17:54] [123/459] PEVM
[02:17:55] [124/459] PVNL
[02:17:56] [125/459] PTCV
[02:17:57] [126/459] PRTC
[02:17:57] [127/459] RCVA
[02:17:58] [128/459] MTBN
[02:17:59] [129/459] LUCP
[02:17:59] 🔄 Identity reset
[02:17:59] 🔄 Identity rotated (every 10 requests)
[02:17:59] 🔄 Retry 1/5 for LUCP in 2.7s
[02:17:59] 🔄 Identity reset
[02:18:02] 🧠 New identity created
[02:18:02] [130/459] FMPT
[02:18:03] [131/459] JLSL
[02:18:03] [132/459] SBHA
[02:18:04] [133/459] SHRC
[02:18:05] [134/459] AVPS
[02:18:06] [135/459] STPM
[02:18:06] [136/459] ATRD
[02:18:07] [137/459] VTED
[02:18:08] [138/459] ACAI
[02:18:08] 🔄 Identity reset
[02:18:08] 🔄 Identity rotated (every 10 requests)
[02:18:09] [139/459] SMAE
[02:18:09] [140/459] VMAT
[02:18:10] [141/459] LKCT
[02:18:10] [142/459] JTVK
[02:18:11] [143/459] PRTY
[02:18:12] [144/459] GETT
[02:18:12] [145/459] ESAP
[02:18:13] [146/459] NCPM
[02:18:14] [147/459] PCPA
[02:18:14] [148/459] MMOM
[02:18:15] 🔄 Identity reset
[02:18:15] 🔄 Identity rotated (every 10 requests)
[02:18:15] [149/459] PHUP
[02:18:16] [150/459] CCPI
[02:18:17] [151/459] CNTD
[02:18:18] [152/459] NLJR
[02:18:19] [153/459] SRNG
[02:18:20] [154/459] MHAL
[02:18:20] [155/459] PNSM
[02:18:21] [156/459] DRMY
[02:18:22] [157/459] CCMU
[02:18:23] [158/459] SCMY
[02:18:23] 🔄 Identity reset
[02:18:23] 🔄 Identity rotated (every 10 requests)
[02:18:23] 🔄 Retry 1/5 for SCMY in 2.6s
[02:18:23] 🔄 Identity reset
[02:18:26] 🧠 New identity created
[02:18:26] [159/459] PVSY
[02:18:27] [160/459] SDLM
[02:18:28] [161/459] ICCM
[02:18:29] [162/459] PYSU
[02:18:30] [163/459] GATM
[02:18:30] [164/459] WOTM
[02:18:32] [165/459] RKTS
[02:18:33] [166/459] PMTY
[02:18:33] [167/459] LYMS
[02:18:34] 🔄 Identity reset
[02:18:34] 🔄 Identity rotated (every 10 requests)
[02:18:34] [168/459] TGCA
[02:18:35] [169/459] DSTA
[02:18:36] [170/459] CNGE
[02:18:36] [171/459] VSTG
[02:18:37] [172/459] GTCK
[02:18:38] [173/459] TGNT
[02:18:38] [174/459] ASLC
[02:18:39] [175/459] SSST
[02:18:40] [176/459] KBTT
[02:18:41] [177/459] HKCP
[02:18:41] 🔄 Identity reset
[02:18:41] 🔄 Identity rotated (every 10 requests)
[02:18:42] [178/459] SWLC
[02:18:42] [179/459] RTND
[02:18:43] [180/459] PKKT
[02:18:44] [181/459] HSTK
[02:18:45] [182/459] SPTT
[02:18:45] [183/459] IMPM
[02:18:46] [184/459] SCMV
[02:18:47] [185/459] SPCT
[02:18:48] [186/459] JBCA
[02:18:48] [187/459] ATTR
[02:18:49] 🔄 Identity reset
[02:18:49] 🔄 Identity rotated (every 10 requests)
[02:18:49] [188/459] SPMT
[02:18:50] [189/459] LCTM
[02:18:50] [190/459] SCVL
[02:18:51] [191/459] SCVT
[02:18:51] [192/459] KRIC
[02:18:52] [193/459] CTMG
[02:18:53] [194/459] ACNC
[02:18:54] [195/459] DMCK
[02:18:55] [196/459] KMTV
[02:18:55] [197/459] PFCJ
[02:18:56] 🔄 Identity reset
[02:18:56] 🔄 Identity rotated (every 10 requests)
[02:18:56] [198/459] VNMD
[02:18:57] [199/459] VPCZ
[02:18:58] [200/459] SRYR
[02:18:58] [201/459] SYTR
[02:18:59] [202/459] GATR
[02:19:00] [203/459] URTR
[02:19:01] [204/459] MKSM
[02:19:02] [205/459] VSMH
[02:19:02] [206/459] SKRJ
[02:19:03] [207/459] SSJR
[02:19:04] 🔄 Identity reset
[02:19:04] 🔄 Identity rotated (every 10 requests)
[02:19:04] [208/459] SVSM
[02:19:05] [209/459] RUCM
[02:19:05] [210/459] PRKN
[02:19:06] [211/459] RROH
[02:19:07] [212/459] SCTN
[02:19:07] [213/459] RTDM
[02:19:08] [214/459] ASRM
[02:19:08] [215/459] SKMD
[02:19:09] [216/459] SUTD
[02:19:10] [217/459] SADM
[02:19:10] 🔄 Identity reset
[02:19:10] 🔄 Identity rotated (every 10 requests)
[02:19:11] [218/459] WCNR
[02:19:11] [219/459] CNED
[02:19:12] [220/459] MPDB
[02:19:13] [221/459] KTBH
[02:19:14] [222/459] IDRM
[02:19:15] [223/459] PJJT
[02:19:16] [224/459] PFCV
[02:19:17] [225/459] AACT
[02:19:17] [226/459] AAAD
[02:19:18] [227/459] ANES
[02:19:19] 🔄 Identity reset
[02:19:19] 🔄 Identity rotated (every 10 requests)
[02:19:19] [228/459] MNCA
[02:19:19] [229/459] RMGU
[02:19:20] [230/459] DLCN
[02:19:21] [231/459] LJWT
[02:19:22] [232/459] MCBG
[02:19:22] [233/459] MYBG
[02:19:24] [234/459] GCCA
[02:19:25] [235/459] GCGA
[02:19:25] [236/459] ECGN
[02:19:26] [237/459] PRAB
[02:19:27] 🔄 Identity reset
[02:19:27] 🔄 Identity rotated (every 10 requests)
[02:19:27] [238/459] PNMP
[02:19:28] [239/459] GCPT
[02:19:28] [240/459] ROYN
[02:19:29] [241/459] VATM
[02:19:30] [242/459] KSNT
[02:19:30] [243/459] ACTC
[02:19:31] [244/459] PLTD
[02:19:32] [245/459] SKMK
[02:19:33] [246/459] CMTT
[02:19:33] [247/459] SMXP
[02:19:34] 🔄 Identity reset
[02:19:34] 🔄 Identity rotated (every 10 requests)
[02:19:34] [248/459] SCMX
[02:19:35] [249/459] ACXN
[02:19:36] [250/459] ASWT
[02:19:36] [251/459] VVVL
[02:19:37] [252/459] NAGO
[02:19:38] [253/459] SNCN
[02:19:39] [254/459] MCKP
[02:19:40] [255/459] SAMO
[02:19:40] [256/459] JBTV
[02:19:41] [257/459] DCVV
[02:19:41] 🔄 Identity reset
[02:19:41] 🔄 Identity rotated (every 10 requests)
[02:19:42] [258/459] KMSV
[02:19:42] [259/459] KDCN
[02:19:43] [260/459] CNCP
[02:19:44] [261/459] HAMC
[02:19:45] [262/459] CCVZ
[02:19:45] [263/459] NCCK
[02:19:46] [264/459] MCHR
[02:19:46] [265/459] SCHT
[02:19:47] [266/459] ESSH
[02:19:49] [267/459] CUJC
[02:19:50] 🔄 Identity reset
[02:19:50] 🔄 Identity rotated (every 10 requests)
[02:19:50] [268/459] PECP
[02:19:51] [269/459] PMMI
[02:19:52] [270/459] PCCH
[02:19:52] [271/459] PRPM
[02:19:54] [272/459] PVKL
[02:19:56] [273/459] CBSM
[02:19:56] [274/459] PVCZ
[02:19:57] [275/459] PCVV
[02:19:57] [276/459] CTMJ
[02:19:58] [277/459] RCPS
[02:19:59] 🔄 Identity reset
[02:19:59] 🔄 Identity rotated (every 10 requests)
[02:19:59] [278/459] PCIT
[02:20:00] [279/459] FNCH
[02:20:00] [280/459] INZD
[02:20:01] [281/459] INPC
[02:20:02] [282/459] LCZP
[02:20:02] [283/459] SMCB
[02:20:03] [284/459] PTSB
[02:20:04] [285/459] TPSI
[02:20:05] [286/459] KHMJ
[02:20:06] [287/459] RCCJ
[02:20:06] 🔄 Identity reset
[02:20:06] 🔄 Identity rotated (every 10 requests)
[02:20:06] [288/459] NCJA
[02:20:07] [289/459] NCJN
[02:20:08] [290/459] BTDP
[02:20:08] [291/459] PADY
[02:20:09] [292/459] NYBH
[02:20:10] [293/459] MTBR
[02:20:11] [294/459] KRBC
[02:20:11] [295/459] DKTI
[02:20:12] [296/459] ANAN
[02:20:13] [297/459] INBP
[02:20:13] 🔄 Identity reset
[02:20:13] 🔄 Identity rotated (every 10 requests)
[02:20:13] 🔄 Retry 1/5 for INBP in 2.9s
[02:20:13] 🔄 Identity reset
[02:20:16] 🧠 New identity created
[02:20:16] [298/459] PATB
[02:20:17] [299/459] RGNT
[02:20:18] [300/459] CGPM
[02:20:18] [301/459] INTN
[02:20:19] [302/459] MCMP
[02:20:20] [303/459] ASRG
[02:20:21] [304/459] CXJD
[02:20:21] [305/459] SPCP
[02:20:22] [306/459] CSTP
[02:20:23] 🔄 Identity reset
[02:20:23] 🔄 Identity rotated (every 10 requests)
[02:20:23] [307/459] PKVC
[02:20:24] [308/459] ESCP
[02:20:24] [309/459] CAEP
[02:20:25] [310/459] CCSP
[02:20:26] [311/459] KTPC
[02:20:27] [312/459] DACA
[02:20:28] [313/459] NVKY
[02:20:28] [314/459] PTIN
[02:20:29] [315/459] SCIN
[02:20:30] [316/459] MCTY
[02:20:30] 🔄 Identity reset
[02:20:30] 🔄 Identity rotated (every 10 requests)
[02:20:30] [317/459] PCMX
[02:20:31] [318/459] INIC
[02:20:32] [319/459] MMZM
[02:20:33] [320/459] SSLP
[02:20:34] [321/459] DTDT
[02:20:35] [322/459] FFCX
[02:20:36] [323/459] RCMM
[02:20:37] [324/459] KYID
[02:20:37] [325/459] CSCI
[02:20:38] [326/459] FCMC
[02:20:39] 🔄 Identity reset
[02:20:39] 🔄 Identity rotated (every 10 requests)
[02:20:39] [327/459] MMXI
[02:20:40] [328/459] ASTC
[02:20:41] [329/459] CMRA
[02:20:41] [330/459] DICI
[02:20:42] [331/459] KDIN
[02:20:43] [332/459] PRFI
[02:20:44] [333/459] SVFC
[02:20:44] [334/459] UCPL
[02:20:45] [335/459] COOC
[02:20:46] [336/459] SCAL
[02:20:46] 🔄 Identity reset
[02:20:46] 🔄 Identity rotated (every 10 requests)
[02:20:46] 🔄 Retry 1/5 for SCAL in 2.6s
[02:20:46] 🔄 Identity reset
[02:20:49] 🧠 New identity created
[02:20:49] [337/459] SVFF
[02:20:50] [338/459] VCMG
[02:20:51] [339/459] UUCT
[02:20:52] [340/459] GCSE
[02:20:53] [341/459] SUSC
[02:20:54] [342/459] MISC
[02:20:54] [343/459] RMBL
[02:20:55] [344/459] CMXN
[02:20:56] [345/459] PVBK
[02:20:56] 🔄 Identity reset
[02:20:56] 🔄 Identity rotated (every 10 requests)
[02:20:56] [346/459] HHCG
[02:20:57] [347/459] SCAG
[02:20:58] [348/459] CNPR
[02:20:59] [349/459] CSER
[02:20:59] [350/459] HLWD
[02:21:00] [351/459] BOLY
[02:21:01] [352/459] SSPG
[02:21:02] [353/459] MUPX
[02:21:02] [354/459] HAMR
[02:21:03] [355/459] SDNC
[02:21:04] 🔄 Identity reset
[02:21:04] 🔄 Identity rotated (every 10 requests)
[02:21:04] [356/459] RTEN
[02:21:05] [357/459] SDTD
[02:21:06] [358/459] KAWS
[02:21:06] [359/459] CMZX
[02:21:07] [360/459] DCDD
[02:21:08] [361/459] ALSN
[02:21:10] [362/459] IMXS
[02:21:11] [363/459] PVFF
[02:21:12] [364/459] PVOO
[02:21:13] [365/459] CFBS
[02:21:13] 🔄 Identity reset
[02:21:13] 🔄 Identity rotated (every 10 requests)
[02:21:13] [366/459] PVER
[02:21:14] [367/459] PPNX
[02:21:15] [368/459] CNRM
[02:21:16] [369/459] PVWW
[02:21:16] [370/459] INMB
[02:21:17] [371/459] CPJR
[02:21:18] [372/459] INRZ
[02:21:18] [373/459] PMSR
[02:21:19] [374/459] GPGM
[02:21:20] [375/459] PGWB
[02:21:20] 🔄 Identity reset
[02:21:20] 🔄 Identity rotated (every 10 requests)
[02:21:21] [376/459] PMBR
[02:21:21] [377/459] GPAM
[02:21:22] [378/459] INBC
[02:21:23] [379/459] PZVK
[02:21:24] [380/459] CPEB
[02:21:25] [381/459] FMLB
[02:21:25] [382/459] INBG
[02:21:26] [383/459] GPBR
[02:21:27] [384/459] PAAS
[02:21:27] [385/459] VTBR
[02:21:28] 🔄 Identity reset
[02:21:28] 🔄 Identity rotated (every 10 requests)
[02:21:28] [386/459] GPMY
[02:21:29] [387/459] GYBU
[02:21:29] [388/459] INBJ
[02:21:30] [389/459] LKTH
[02:21:31] [390/459] NSBR
[02:21:31] [391/459] PDRD
[02:21:32] [392/459] VRBL
[02:21:33] [393/459] VTGB
[02:21:33] [394/459] VTSK
[02:21:34] [395/459] BKDV
[02:21:35] 🔄 Identity reset
[02:21:35] 🔄 Identity rotated (every 10 requests)
[02:21:35] [396/459] SVTB
[02:21:35] [397/459] MLDT
[02:21:36] [398/459] NRBL
[02:21:37] [399/459] SLTR
[02:21:38] [400/459] VNKA
[02:21:39] [401/459] TDCA
[02:21:39] [402/459] INBM
[02:21:40] [403/459] SSNR
[02:21:41] [404/459] BHAC
[02:21:42] [405/459] SDSD
[02:21:42] 🔄 Identity reset
[02:21:42] 🔄 Identity rotated (every 10 requests)
[02:21:42] [406/459] SAMP
[02:21:43] [407/459] RATK
[02:21:43] [408/459] KCBI
[02:21:44] [409/459] URBL
[02:21:45] [410/459] MKBG
[02:21:46] [411/459] ASTB
[02:21:47] [412/459] VBWT
[02:21:48] [413/459] GPSM
[02:21:49] [414/459] ROON
[02:21:49] [415/459] CHTH
[02:21:50] 🔄 Identity reset
[02:21:50] 🔄 Identity rotated (every 10 requests)
[02:21:50] [416/459] SSPA
[02:21:51] [417/459] ANBL
[02:21:51] [418/459] VTBE
[02:21:52] [419/459] SVKT
[02:21:53] [420/459] SVYK
[02:21:54] [421/459] PTBK
[02:21:55] [422/459] RKTB
[02:21:55] [423/459] BALT
[02:21:56] [424/459] STSV
[02:21:57] [425/459] VCCB
[02:21:57] 🔄 Identity reset
[02:21:57] 🔄 Identity rotated (every 10 requests)
[02:21:58] [426/459] SLTB
[02:21:58] [427/459] SBCR
[02:21:59] [428/459] VDCS
[02:22:00] [429/459] MDKI
[02:22:00] [430/459] SMRN
[02:22:01] [431/459] PTBC
[02:22:02] [432/459] RADI
[02:22:03] [433/459] ADCR
[02:22:04] [434/459] SDCS
[02:22:05] [435/459] SRPJ
[02:22:06] 🔄 Identity reset
[02:22:06] 🔄 Identity rotated (every 10 requests)
[02:22:06] 🔄 Retry 1/5 for SRPJ in 2.6s
[02:22:06] 🔄 Identity reset
[02:22:09] 🧠 New identity created
[02:22:09] [436/459] ARTS
[02:22:10] [437/459] SRHK
[02:22:10] [438/459] SPAY
[02:22:11] [439/459] GPTB
[02:22:12] [440/459] SNNN
[02:22:13] [441/459] BALJ
[02:22:13] [442/459] TRIG
[02:22:14] [443/459] GTYT
[02:22:15] [444/459] ATGN
[02:22:16] 🔄 Identity reset
[02:22:16] 🔄 Identity rotated (every 10 requests)
[02:22:16] [445/459] ANTE
[02:22:17] [446/459] BDCG
[02:22:17] [447/459] VECI
[02:22:18] [448/459] SCPR
[02:22:19] [449/459] RTEA
[02:22:20] [450/459] JSAI
[02:22:20] [451/459] VJTP
[02:22:21] [452/459] GNDS
[02:22:22] [453/459] PAXA
[02:22:22] [454/459] CGGM
[02:22:23] 🔄 Identity reset
[02:22:23] 🔄 Identity rotated (every 10 requests)
[02:22:23] [455/459] ACKZ
[02:22:24] [456/459] EMCC
[02:22:25] [457/459] KLSK
[02:22:25] [458/459] AVCK
[02:22:26] [459/459] JTCK
[02:22:27] ✅ DONE | Shows=0 | Movies=0
[02:33:09] 🚀 BMS DAILY TRACKER STARTED (enhanced anti‑detection)
[02:33:09] [1/459] NECA
[02:33:09] 🧠 New identity created
[02:33:10] [2/459] BJLC
[02:33:11] [3/459] BASU
[02:33:12] [4/459] RUPI
[02:33:12] [5/459] LCBK
[02:33:13] [6/459] PMAC
[02:33:14] [7/459] AMLC
[02:33:15] [8/459] LICL
[02:33:16] [9/459] UDMM
[02:33:16] [10/459] STBZ
[02:33:17] 🔄 Identity reset
[02:33:17] 🔄 Identity rotated (every 10 requests)
[02:33:17] [11/459] UUBT
[02:33:18] [12/459] SJKC
[02:33:19] [13/459] TUAL
[02:33:20] [14/459] MRSE
[02:33:20] [15/459] RMRK
[02:33:21] [16/459] TTKP
[02:33:22] [17/459] KTKO
[02:33:23] [18/459] SDBK
[02:33:24] [19/459] MCPR
[02:33:25] [20/459] CHTI
[02:33:25] 🔄 Identity reset
[02:33:25] 🔄 Identity rotated (every 10 requests)
[02:33:26] [21/459] GCCP
[02:33:27] [22/459] SRMY
[02:33:28] [23/459] NYST
[02:33:29] [24/459] NYAG
[02:33:30] [25/459] SBMT
[02:33:31] [26/459] INGA
[02:33:32] [27/459] WSIC
[02:33:33] [28/459] SCSS
[02:33:34] [29/459] COPG
[02:33:35] [30/459] RCGR
[02:33:35] 🔄 Identity reset
[02:33:35] 🔄 Identity rotated (every 10 requests)
[02:33:36] [31/459] TCZA
[02:33:37] [32/459] CNLP
[02:33:37] [33/459] CLKN
[02:33:38] [34/459] LHDF
[02:33:39] [35/459] ELKC
[02:33:40] [36/459] VCEM
[02:33:42] [37/459] SSZA
[02:33:43] [38/459] KRMT
[02:33:44] [39/459] LCMV
[02:33:45] [40/459] AYCZ
[02:33:45] 🔄 Identity reset
[02:33:45] 🔄 Identity rotated (every 10 requests)
[02:33:46] [41/459] CUMS
[02:33:47] [42/459] BOCK
[02:33:48] [43/459] PNMR
[02:33:48] [44/459] PJCP
[02:33:49] [45/459] JDDD
[02:33:50] [46/459] STMS
[02:33:51] [47/459] FLMB
[02:33:52] [48/459] PKCM
[02:33:52] [49/459] SPPR
[02:33:54] [50/459] EYLH
[02:33:55] 🔄 Identity reset
[02:33:55] 🔄 Identity rotated (every 10 requests)
[02:33:55] [51/459] RJCC
[02:33:56] [52/459] MMPS
[02:33:57] [53/459] SHMX
[02:33:58] [54/459] CCNL
[02:33:59] [55/459] RCNV
[02:34:00] [56/459] MAAG
[02:34:01] [57/459] LXCM
[02:34:02] [58/459] RCNI
[02:34:02] [59/459] SNNI
[02:34:03] [60/459] LALC
[02:34:03] 🔄 Identity reset
[02:34:03] 🔄 Identity rotated (every 10 requests)
[02:34:04] [61/459] SOCN
[02:34:05] [62/459] JHTP
[02:34:05] [63/459] PITP
[02:34:06] [64/459] CCKW
[02:34:07] [65/459] MCMC
[02:34:09] [66/459] DEES
[02:34:10] [67/459] SABT
[02:34:11] [68/459] VSPP
[02:34:12] [69/459] ABCT
[02:34:13] [70/459] JVTB
[02:34:13] 🔄 Identity reset
[02:34:13] 🔄 Identity rotated (every 10 requests)
[02:34:14] [71/459] VCBD
[02:34:15] [72/459] RMGG
[02:34:16] [73/459] RNMH
[02:34:17] [74/459] SPGL
[02:34:18] [75/459] JTTR
[02:34:19] [76/459] SICS
[02:34:20] [77/459] SRMI
[02:34:22] [78/459] SSIJ
[02:34:23] [79/459] KFMT
[02:34:24] [80/459] VBIT
[02:34:24] 🔄 Identity reset
[02:34:25] 🔄 Identity rotated (every 10 requests)
[02:34:25] [81/459] JKCT
[02:34:25] [82/459] GCGP
[02:34:26] [83/459] GDCS
[02:34:27] [84/459] TRBA
[02:34:28] [85/459] QUST
[02:34:29] [86/459] VSHM
[02:34:30] [87/459] SDCP
[02:34:30] [88/459] SNVS
[02:34:31] [89/459] NYTO
[02:34:32] [90/459] URWC
[02:34:33] 🔄 Identity reset
[02:34:33] 🔄 Identity rotated (every 10 requests)
[02:34:33] [91/459] GTWH
[02:34:34] [92/459] PFCM
[02:34:34] [93/459] KRTA
[02:34:35] [94/459] AXMC
[02:34:36] [95/459] EVMC
[02:34:37] [96/459] HGSM
[02:34:38] [97/459] ACVM
[02:34:38] [98/459] PSKL
[02:34:39] [99/459] RDMP
[02:34:40] [100/459] RHGH
[02:34:41] 🔄 Identity reset
[02:34:41] 🔄 Identity rotated (every 10 requests)
[02:34:41] [101/459] OMCM
[02:34:42] [102/459] DCCP
[02:34:43] [103/459] MCPB
[02:34:44] [104/459] ALCI
[02:34:46] [105/459] BLMX
[02:34:47] [106/459] BTMV
[02:34:48] [107/459] FVPN
[02:34:49] [108/459] CMAR
[02:34:50] [109/459] CEIM
[02:34:50] [110/459] CMVA
[02:34:51] 🔄 Identity reset
[02:34:51] 🔄 Identity rotated (every 10 requests)
[02:34:51] [111/459] CPIV
[02:34:52] [112/459] CNPE
[02:34:53] [113/459] COLV
[02:34:54] [114/459] DNNV
[02:34:55] [115/459] HCAD
[02:34:57] [116/459] TAKA
[02:34:57] [117/459] INVD
[02:34:58] [118/459] IRMM
[02:34:59] [119/459] INSE
[02:35:00] [120/459] MRSW
[02:35:00] 🔄 Identity reset
[02:35:00] 🔄 Identity rotated (every 10 requests)
[02:35:01] [121/459] MCVD
[02:35:02] [122/459] MCSO
[02:35:03] [123/459] PEVM
[02:35:05] [124/459] PVNL
[02:35:06] [125/459] PTCV
[02:35:07] [126/459] PRTC
[02:35:08] [127/459] RCVA
[02:35:09] [128/459] MTBN
[02:35:10] [129/459] LUCP
[02:35:11] [130/459] FMPT
[02:35:12] 🔄 Identity reset
[02:35:12] 🔄 Identity rotated (every 10 requests)
[02:35:12] [131/459] JLSL
[02:35:13] [132/459] SBHA
[02:35:14] [133/459] SHRC
[02:35:15] [134/459] AVPS
[02:35:16] [135/459] STPM
[02:35:17] [136/459] ATRD
[02:35:18] [137/459] VTED
[02:35:19] [138/459] ACAI
[02:35:20] [139/459] SMAE
[02:35:21] [140/459] VMAT
[02:35:21] 🔄 Identity reset
[02:35:21] 🔄 Identity rotated (every 10 requests)
[02:35:22] [141/459] LKCT
[02:35:22] [142/459] JTVK
[02:35:23] [143/459] PRTY
[02:35:24] [144/459] GETT
[02:35:25] [145/459] ESAP
[02:35:26] [146/459] NCPM
[02:35:27] [147/459] PCPA
[02:35:28] [148/459] MMOM
[02:35:29] [149/459] PHUP
[02:35:30] [150/459] CCPI
[02:35:31] 🔄 Identity reset
[02:35:31] 🔄 Identity rotated (every 10 requests)
[02:35:31] [151/459] CNTD
[02:35:32] [152/459] NLJR
[02:35:33] [153/459] SRNG
[02:35:34] [154/459] MHAL
[02:35:34] [155/459] PNSM
[02:35:35] [156/459] DRMY
[02:35:36] [157/459] CCMU
[02:35:37] [158/459] SCMY
[02:35:38] [159/459] PVSY
[02:35:39] [160/459] SDLM
[02:35:40] 🔄 Identity reset
[02:35:40] 🔄 Identity rotated (every 10 requests)
[02:35:40] [161/459] ICCM
[02:35:41] [162/459] PYSU
[02:35:42] [163/459] GATM
[02:35:43] [164/459] WOTM
[02:35:44] [165/459] RKTS
[02:35:45] [166/459] PMTY
[02:35:46] [167/459] LYMS
[02:35:47] [168/459] TGCA
[02:35:47] [169/459] DSTA
[02:35:48] [170/459] CNGE
[02:35:49] 🔄 Identity reset
[02:35:49] 🔄 Identity rotated (every 10 requests)
[02:35:49] [171/459] VSTG
[02:35:50] [172/459] GTCK
[02:35:51] [173/459] TGNT
[02:35:52] [174/459] ASLC
[02:35:53] [175/459] SSST
[02:35:54] [176/459] KBTT
[02:35:55] [177/459] HKCP
[02:35:56] [178/459] SWLC
[02:35:57] [179/459] RTND
[02:35:58] [180/459] PKKT
[02:35:58] 🔄 Identity reset
[02:35:58] 🔄 Identity rotated (every 10 requests)
[02:35:59] [181/459] HSTK
[02:35:59] [182/459] SPTT
[02:36:00] [183/459] IMPM
[02:36:01] [184/459] SCMV
[02:36:02] [185/459] SPCT
[02:36:02] [186/459] JBCA
[02:36:03] [187/459] ATTR
[02:36:04] [188/459] SPMT
[02:36:05] [189/459] LCTM
[02:36:06] [190/459] SCVL
[02:36:06] 🔄 Identity reset
[02:36:06] 🔄 Identity rotated (every 10 requests)
[02:36:07] [191/459] SCVT
[02:36:08] [192/459] KRIC
[02:36:09] [193/459] CTMG
[02:36:09] [194/459] ACNC
[02:36:10] [195/459] DMCK
[02:36:11] [196/459] KMTV
[02:36:12] [197/459] PFCJ
[02:36:14] [198/459] VNMD
[02:36:15] [199/459] VPCZ
[02:36:16] [200/459] SRYR
[02:36:17] 🔄 Identity reset
[02:36:17] 🔄 Identity rotated (every 10 requests)
[02:36:17] [201/459] SYTR
[02:36:18] [202/459] GATR
[02:36:19] [203/459] URTR
[02:36:20] [204/459] MKSM
[02:36:21] [205/459] VSMH
[02:36:21] [206/459] SKRJ
[02:36:22] [207/459] SSJR
[02:36:23] [208/459] SVSM
[02:36:24] [209/459] RUCM
[02:36:25] [210/459] PRKN
[02:36:25] 🔄 Identity reset
[02:36:25] 🔄 Identity rotated (every 10 requests)
[02:36:26] [211/459] RROH
[02:36:27] [212/459] SCTN
[02:36:28] [213/459] RTDM
[02:36:28] [214/459] ASRM
[02:36:29] [215/459] SKMD
[02:36:30] [216/459] SUTD
[02:36:31] [217/459] SADM
[02:36:32] [218/459] WCNR
[02:36:33] [219/459] CNED
[02:36:34] [220/459] MPDB
[02:36:34] 🔄 Identity reset
[02:36:34] 🔄 Identity rotated (every 10 requests)
[02:36:35] [221/459] KTBH
[02:36:36] [222/459] IDRM
[02:36:37] [223/459] PJJT
[02:36:38] [224/459] PFCV
[02:36:38] [225/459] AACT
[02:36:39] [226/459] AAAD
[02:36:40] [227/459] ANES
[02:36:41] [228/459] MNCA
[02:36:42] [229/459] RMGU
[02:36:43] [230/459] DLCN
[02:36:44] 🔄 Identity reset
[02:36:44] 🔄 Identity rotated (every 10 requests)
[02:36:44] 🔄 Retry 1/5 for DLCN in 3.0s
[02:36:44] 🔄 Identity reset
[02:36:47] 🧠 New identity created
[02:36:47] [231/459] LJWT
[02:36:48] [232/459] MCBG
[02:36:49] [233/459] MYBG
[02:36:51] [234/459] GCCA
[02:36:52] [235/459] GCGA
[02:36:52] [236/459] ECGN
[02:36:53] [237/459] PRAB
[02:36:54] [238/459] PNMP
[02:36:55] [239/459] GCPT
[02:36:56] 🔄 Identity reset
[02:36:56] 🔄 Identity rotated (every 10 requests)
[02:36:56] [240/459] ROYN
[02:36:57] [241/459] VATM
[02:36:58] [242/459] KSNT
[02:36:59] [243/459] ACTC
[02:37:00] [244/459] PLTD
[02:37:01] [245/459] SKMK
[02:37:02] [246/459] CMTT
[02:37:03] [247/459] SMXP
[02:37:03] [248/459] SCMX
[02:37:04] [249/459] ACXN
[02:37:05] 🔄 Identity reset
[02:37:05] 🔄 Identity rotated (every 10 requests)
[02:37:05] [250/459] ASWT
[02:37:07] [251/459] VVVL
[02:37:08] [252/459] NAGO
[02:37:08] [253/459] SNCN
[02:37:09] [254/459] MCKP
[02:37:10] [255/459] SAMO
[02:37:11] [256/459] JBTV
[02:37:13] [257/459] DCVV
[02:37:14] [258/459] KMSV
[02:37:14] [259/459] KDCN
[02:37:15] 🔄 Identity reset
[02:37:15] 🔄 Identity rotated (every 10 requests)
[02:37:16] [260/459] CNCP
[02:37:17] [261/459] HAMC
[02:37:18] [262/459] CCVZ
[02:37:19] [263/459] NCCK
[02:37:20] [264/459] MCHR
[02:37:21] [265/459] SCHT
[02:37:22] [266/459] ESSH
[02:37:23] [267/459] CUJC
[02:37:23] [268/459] PECP
[02:37:25] [269/459] PMMI
[02:37:26] 🔄 Identity reset
[02:37:26] 🔄 Identity rotated (every 10 requests)
[02:37:26] [270/459] PCCH
[02:37:27] [271/459] PRPM
[02:37:29] [272/459] PVKL
[02:37:29] [273/459] CBSM
[02:37:30] [274/459] PVCZ
[02:37:31] [275/459] PCVV
[02:37:32] [276/459] CTMJ
[02:37:34] [277/459] RCPS
[02:37:34] [278/459] PCIT
[02:37:35] [279/459] FNCH
[02:37:36] 🔄 Identity reset
[02:37:36] 🔄 Identity rotated (every 10 requests)
[02:37:36] [280/459] INZD
[02:37:37] [281/459] INPC
[02:37:37] [282/459] LCZP
[02:37:38] [283/459] SMCB
[02:37:40] [284/459] PTSB
[02:37:41] [285/459] TPSI
[02:37:42] [286/459] KHMJ
[02:37:43] [287/459] RCCJ
[02:37:44] [288/459] NCJA
[02:37:45] [289/459] NCJN
[02:37:45] 🔄 Identity reset
[02:37:45] 🔄 Identity rotated (every 10 requests)
[02:37:46] [290/459] BTDP
[02:37:47] [291/459] PADY
[02:37:47] [292/459] NYBH
[02:37:48] [293/459] MTBR
[02:37:49] [294/459] KRBC
[02:37:50] [295/459] DKTI
[02:37:51] [296/459] ANAN
[02:37:52] [297/459] INBP
[02:37:53] [298/459] PATB
[02:37:54] [299/459] RGNT
[02:37:55] 🔄 Identity reset
[02:37:55] 🔄 Identity rotated (every 10 requests)
[02:37:55] [300/459] CGPM
[02:37:56] [301/459] INTN
[02:37:57] [302/459] MCMP
[02:37:58] [303/459] ASRG
[02:37:59] [304/459] CXJD
[02:37:59] [305/459] SPCP
[02:38:00] [306/459] CSTP
[02:38:01] [307/459] PKVC
[02:38:01] [308/459] ESCP
[02:38:02] [309/459] CAEP
[02:38:03] 🔄 Identity reset
[02:38:03] 🔄 Identity rotated (every 10 requests)
[02:38:03] [310/459] CCSP
[02:38:05] [311/459] KTPC
[02:38:06] [312/459] DACA
[02:38:07] [313/459] NVKY
[02:38:08] [314/459] PTIN
[02:38:09] [315/459] SCIN
[02:38:10] [316/459] MCTY
[02:38:11] [317/459] PCMX
[02:38:12] [318/459] INIC
[02:38:13] [319/459] MMZM
[02:38:13] 🔄 Identity reset
[02:38:13] 🔄 Identity rotated (every 10 requests)
[02:38:14] [320/459] SSLP
[02:38:15] [321/459] DTDT
[02:38:16] [322/459] FFCX
[02:38:17] [323/459] RCMM
[02:38:18] [324/459] KYID
[02:38:19] [325/459] CSCI
[02:38:19] [326/459] FCMC
[02:38:20] [327/459] MMXI
[02:38:21] [328/459] ASTC
[02:38:22] [329/459] CMRA
[02:38:23] 🔄 Identity reset
[02:38:23] 🔄 Identity rotated (every 10 requests)
[02:38:23] 🔄 Retry 1/5 for CMRA in 2.6s
[02:38:23] 🔄 Identity reset
[02:38:26] 🧠 New identity created
[02:38:27] [330/459] DICI
[02:38:28] [331/459] KDIN
[02:38:29] [332/459] PRFI
[02:38:30] [333/459] SVFC
[02:38:31] [334/459] UCPL
[02:38:31] [335/459] COOC
[02:38:32] [336/459] SCAL
[02:38:33] [337/459] SVFF
[02:38:34] [338/459] VCMG
[02:38:35] 🔄 Identity reset
[02:38:35] 🔄 Identity rotated (every 10 requests)
[02:38:35] [339/459] UUCT
[02:38:36] [340/459] GCSE
[02:38:37] [341/459] SUSC
[02:38:38] [342/459] MISC
[02:38:39] [343/459] RMBL
[02:38:39] [344/459] CMXN
[02:38:41] [345/459] PVBK
[02:38:42] [346/459] HHCG
[02:38:43] [347/459] SCAG
[02:38:44] [348/459] CNPR
[02:38:45] 🔄 Identity reset
[02:38:45] 🔄 Identity rotated (every 10 requests)
[02:38:45] [349/459] CSER
[02:38:46] [350/459] HLWD
[02:38:47] [351/459] BOLY
[02:38:48] [352/459] SSPG
[02:38:49] [353/459] MUPX
[02:38:50] [354/459] HAMR
[02:38:51] [355/459] SDNC
[02:38:52] [356/459] RTEN
[02:38:53] [357/459] SDTD
[02:38:54] [358/459] KAWS
[02:38:54] 🔄 Identity reset
[02:38:54] 🔄 Identity rotated (every 10 requests)
[02:38:55] [359/459] CMZX
[02:38:56] [360/459] DCDD
[02:38:57] [361/459] ALSN
[02:38:58] [362/459] IMXS
[02:38:58] [363/459] PVFF
[02:38:59] [364/459] PVOO
[02:39:00] [365/459] CFBS
[02:39:01] [366/459] PVER
[02:39:03] [367/459] PPNX
[02:39:04] [368/459] CNRM
[02:39:04] 🔄 Identity reset
[02:39:04] 🔄 Identity rotated (every 10 requests)
[02:39:05] [369/459] PVWW
[02:39:06] [370/459] INMB
[02:39:07] [371/459] CPJR
[02:39:08] [372/459] INRZ
[02:39:09] [373/459] PMSR
[02:39:10] [374/459] GPGM
[02:39:11] [375/459] PGWB
[02:39:12] [376/459] PMBR
[02:39:13] [377/459] GPAM
[02:39:14] [378/459] INBC
[02:39:15] 🔄 Identity reset
[02:39:15] 🔄 Identity rotated (every 10 requests)
[02:39:15] [379/459] PZVK
[02:39:16] [380/459] CPEB
[02:39:17] [381/459] FMLB
[02:39:18] [382/459] INBG
[02:39:19] [383/459] GPBR
[02:39:19] [384/459] PAAS
[02:39:20] [385/459] VTBR
[02:39:21] [386/459] GPMY
[02:39:22] [387/459] GYBU
[02:39:23] [388/459] INBJ
[02:39:23] 🔄 Identity reset
[02:39:23] 🔄 Identity rotated (every 10 requests)
[02:39:24] [389/459] LKTH
[02:39:24] [390/459] NSBR
[02:39:25] [391/459] PDRD
[02:39:26] [392/459] VRBL
[02:39:27] [393/459] VTGB
[02:39:28] [394/459] VTSK
[02:39:29] [395/459] BKDV
[02:39:29] [396/459] SVTB
[02:39:30] [397/459] MLDT
[02:39:31] [398/459] NRBL
[02:39:32] 🔄 Identity reset
[02:39:32] 🔄 Identity rotated (every 10 requests)
[02:39:32] [399/459] SLTR
[02:39:33] [400/459] VNKA
[02:39:35] [401/459] TDCA
[02:39:36] [402/459] INBM
[02:39:37] [403/459] SSNR
[02:39:38] [404/459] BHAC
[02:39:38] [405/459] SDSD
[02:39:39] [406/459] SAMP
[02:39:40] [407/459] RATK
[02:39:41] [408/459] KCBI
[02:39:42] 🔄 Identity reset
[02:39:42] 🔄 Identity rotated (every 10 requests)
[02:39:42] [409/459] URBL
[02:39:44] [410/459] MKBG
[02:39:44] [411/459] ASTB
[02:39:45] [412/459] VBWT
[02:39:46] [413/459] GPSM
[02:39:47] [414/459] ROON
[02:39:48] [415/459] CHTH
[02:39:49] [416/459] SSPA
[02:39:50] [417/459] ANBL
[02:39:51] [418/459] VTBE
[02:39:52] 🔄 Identity reset
[02:39:52] 🔄 Identity rotated (every 10 requests)
[02:39:53] [419/459] SVKT
[02:39:53] [420/459] SVYK
[02:39:54] [421/459] PTBK
[02:39:55] [422/459] RKTB
[02:39:56] [423/459] BALT
[02:39:57] [424/459] STSV
[02:39:58] [425/459] VCCB
[02:39:59] [426/459] SLTB
[02:40:00] [427/459] SBCR
[02:40:01] [428/459] VDCS
[02:40:01] 🔄 Identity reset
[02:40:01] 🔄 Identity rotated (every 10 requests)
[02:40:01] [429/459] MDKI
[02:40:02] [430/459] SMRN
[02:40:03] [431/459] PTBC
[02:40:04] [432/459] RADI
[02:40:05] [433/459] ADCR
[02:40:06] [434/459] SDCS
[02:40:07] [435/459] SRPJ
[02:40:08] [436/459] ARTS
[02:40:09] [437/459] SRHK
[02:40:10] [438/459] SPAY
[02:40:11] 🔄 Identity reset
[02:40:11] 🔄 Identity rotated (every 10 requests)
[02:40:11] [439/459] GPTB
[02:40:12] [440/459] SNNN
[02:40:13] [441/459] BALJ
[02:40:14] [442/459] TRIG
[02:40:15] [443/459] GTYT
[02:40:15] [444/459] ATGN
[02:40:16] [445/459] ANTE
[02:40:17] [446/459] BDCG
[02:40:18] [447/459] VECI
[02:40:18] [448/459] SCPR
[02:40:19] 🔄 Identity reset
[02:40:19] 🔄 Identity rotated (every 10 requests)
[02:40:20] [449/459] RTEA
[02:40:21] [450/459] JSAI
[02:40:22] [451/459] VJTP
[02:40:24] [452/459] GNDS
[02:40:25] [453/459] PAXA
[02:40:26] [454/459] CGGM
[02:40:27] [455/459] ACKZ
[02:40:27] [456/459] EMCC
[02:40:28] [457/459] KLSK
[02:40:29] [458/459] AVCK
[02:40:30] 🔄 Identity reset
[02:40:30] 🔄 Identity rotated (every 10 requests)
[02:40:30] [459/459] JTCK
[02:40:31] ✅ DONE | Shows=0 | Movies=0
[03:16:20] 🚀 BMS DAILY TRACKER STARTED (enhanced anti‑detection)
[03:16:20] [1/459] NECA
[03:16:21] 🧠 New identity created
[03:16:21] 🔄 Retry 1/5 for NECA in 2.1s
[03:16:21] 🔄 Identity reset
[03:16:23] 🧠 New identity created
[03:16:23] [2/459] BJLC
[03:16:24] [3/459] BASU
[03:16:25] [4/459] RUPI
[03:16:26] [5/459] LCBK
[03:16:27] [6/459] PMAC
[03:16:28] [7/459] AMLC
[03:16:29] [8/459] LICL
[03:16:30] [9/459] UDMM
[03:16:31] 🔄 Identity reset
[03:16:31] 🔄 Identity rotated (every 10 requests)
[03:16:31] [10/459] STBZ
[03:16:32] [11/459] UUBT
[03:16:33] [12/459] SJKC
[03:16:34] [13/459] TUAL
[03:16:35] [14/459] MRSE
[03:16:36] [15/459] RMRK
[03:16:37] [16/459] TTKP
[03:16:37] [17/459] KTKO
[03:16:38] [18/459] SDBK
[03:16:39] [19/459] MCPR
[03:16:40] 🔄 Identity reset
[03:16:40] 🔄 Identity rotated (every 10 requests)
[03:16:40] 🔄 Retry 1/5 for MCPR in 2.2s
[03:16:40] 🔄 Identity reset
[03:16:42] 🧠 New identity created
[03:16:42] 🔄 Retry 2/5 for MCPR in 4.3s
[03:16:42] 🔄 Identity reset
[03:16:46] 🧠 New identity created
[03:16:47] [20/459] CHTI
[03:16:48] [21/459] GCCP
[03:16:48] [22/459] SRMY
[03:16:49] [23/459] NYST
[03:16:50] [24/459] NYAG
[03:16:51] [25/459] SBMT
[03:16:52] [26/459] INGA
[03:16:53] [27/459] WSIC
[03:16:54] 🔄 Identity reset
[03:16:54] 🔄 Identity rotated (every 10 requests)
[03:16:54] [28/459] SCSS
[03:16:55] [29/459] COPG
[03:16:56] [30/459] RCGR
[03:16:57] [31/459] TCZA
[03:16:58] [32/459] CNLP
[03:16:59] [33/459] CLKN
[03:17:00] [34/459] LHDF
[03:17:01] [35/459] ELKC
[03:17:01] [36/459] VCEM
[03:17:02] [37/459] SSZA
[03:17:03] 🔄 Identity reset
[03:17:03] 🔄 Identity rotated (every 10 requests)
[03:17:03] [38/459] KRMT
[03:17:04] [39/459] LCMV
[03:17:05] [40/459] AYCZ
[03:17:06] [41/459] CUMS
[03:17:07] [42/459] BOCK
[03:17:08] [43/459] PNMR
[03:17:09] [44/459] PJCP
[03:17:10] [45/459] JDDD
[03:17:11] [46/459] STMS
[03:17:12] [47/459] FLMB
[03:17:13] 🔄 Identity reset
[03:17:13] 🔄 Identity rotated (every 10 requests)
[03:17:13] [48/459] PKCM
[03:17:14] [49/459] SPPR
[03:17:15] [50/459] EYLH
[03:17:16] [51/459] RJCC
[03:17:17] [52/459] MMPS
[03:17:18] [53/459] SHMX
[03:17:20] [54/459] CCNL
[03:17:21] [55/459] RCNV
[03:17:22] [56/459] MAAG
[03:17:23] [57/459] LXCM
[03:17:24] 🔄 Identity reset
[03:17:24] 🔄 Identity rotated (every 10 requests)
[03:17:24] 🔄 Retry 1/5 for LXCM in 2.4s
[03:17:24] 🔄 Identity reset
[03:17:26] 🧠 New identity created
[03:17:26] [58/459] RCNI
[03:17:27] [59/459] SNNI
[03:17:28] [60/459] LALC
[03:17:29] [61/459] SOCN
[03:17:30] [62/459] JHTP
[03:17:32] [63/459] PITP
[03:17:33] [64/459] CCKW
[03:17:34] [65/459] MCMC
[03:17:35] [66/459] DEES
[03:17:36] 🔄 Identity reset
[03:17:36] 🔄 Identity rotated (every 10 requests)
[03:17:36] [67/459] SABT
[03:17:37] [68/459] VSPP
[03:17:38] [69/459] ABCT
[03:17:39] [70/459] JVTB
[03:17:40] [71/459] VCBD
[03:17:41] [72/459] RMGG
[03:17:41] [73/459] RNMH
[03:17:42] [74/459] SPGL
[03:17:44] [75/459] JTTR
[03:17:45] [76/459] SICS
[03:17:45] 🔄 Identity reset
[03:17:45] 🔄 Identity rotated (every 10 requests)
[03:17:46] [77/459] SRMI
[03:17:46] [78/459] SSIJ
[03:17:47] [79/459] KFMT
[03:17:48] [80/459] VBIT
[03:17:49] [81/459] JKCT
[03:17:50] [82/459] GCGP
[03:17:51] [83/459] GDCS
[03:17:52] [84/459] TRBA
[03:17:53] [85/459] QUST
[03:17:54] [86/459] VSHM
[03:17:54] 🔄 Identity reset
[03:17:54] 🔄 Identity rotated (every 10 requests)
[03:17:55] [87/459] SDCP
[03:17:55] [88/459] SNVS
[03:17:56] [89/459] NYTO
[03:17:58] [90/459] URWC
[03:17:59] [91/459] GTWH
[03:18:00] [92/459] PFCM
[03:18:01] [93/459] KRTA
[03:18:01] [94/459] AXMC
[03:18:02] [95/459] EVMC
[03:18:03] [96/459] HGSM
[03:18:04] 🔄 Identity reset
[03:18:04] 🔄 Identity rotated (every 10 requests)
[03:18:04] [97/459] ACVM
[03:18:05] [98/459] PSKL
[03:18:06] [99/459] RDMP
[03:18:08] [100/459] RHGH
[03:18:09] [101/459] OMCM
[03:18:10] [102/459] DCCP
[03:18:11] [103/459] MCPB
[03:18:12] [104/459] ALCI
[03:18:14] [105/459] BLMX
[03:18:14] [106/459] BTMV
[03:18:15] 🔄 Identity reset
[03:18:15] 🔄 Identity rotated (every 10 requests)
[03:18:15] [107/459] FVPN
[03:18:16] [108/459] CMAR
[03:18:17] [109/459] CEIM
[03:18:18] [110/459] CMVA
[03:18:19] [111/459] CPIV
[03:18:21] [112/459] CNPE
[03:18:22] [113/459] COLV
[03:18:23] [114/459] DNNV
[03:18:24] [115/459] HCAD
[03:18:24] [116/459] TAKA
[03:18:25] 🔄 Identity reset
[03:18:25] 🔄 Identity rotated (every 10 requests)
[03:18:25] [117/459] INVD
[03:18:27] [118/459] IRMM
[03:18:28] [119/459] INSE
[03:18:29] [120/459] MRSW
[03:18:30] [121/459] MCVD
[03:18:31] [122/459] MCSO
[03:18:31] [123/459] PEVM
[03:18:32] [124/459] PVNL
[03:18:33] [125/459] PTCV
[03:18:34] [126/459] PRTC
[03:18:35] 🔄 Identity reset
[03:18:35] 🔄 Identity rotated (every 10 requests)
[03:18:35] [127/459] RCVA
[03:18:36] [128/459] MTBN
[03:18:37] [129/459] LUCP
[03:18:38] [130/459] FMPT
[03:18:40] [131/459] JLSL
[03:18:41] [132/459] SBHA
[03:18:42] [133/459] SHRC
[03:18:43] [134/459] AVPS
[03:18:44] [135/459] STPM
[03:18:44] [136/459] ATRD
[03:18:45] 🔄 Identity reset
[03:18:45] 🔄 Identity rotated (every 10 requests)
[03:18:45] 🔄 Retry 1/5 for ATRD in 2.2s
[03:18:45] 🔄 Identity reset
[03:18:47] 🧠 New identity created
[03:18:48] [137/459] VTED
[03:18:49] [138/459] ACAI
[03:18:50] [139/459] SMAE
[03:18:50] [140/459] VMAT
[03:18:51] [141/459] LKCT
[03:18:52] [142/459] JTVK
[03:18:53] [143/459] PRTY
[03:18:54] [144/459] GETT
[03:18:55] [145/459] ESAP
[03:18:56] 🔄 Identity reset
[03:18:56] 🔄 Identity rotated (every 10 requests)
[03:18:56] 🔄 Retry 1/5 for ESAP in 2.7s
[03:18:56] 🔄 Identity reset
[03:18:59] 🧠 New identity created
[03:18:59] [146/459] NCPM
[03:19:01] [147/459] PCPA
[03:19:02] [148/459] MMOM
[03:19:03] [149/459] PHUP
[03:19:04] [150/459] CCPI
[03:19:05] [151/459] CNTD
[03:19:06] [152/459] NLJR
[03:19:07] [153/459] SRNG
[03:19:08] [154/459] MHAL
[03:19:08] 🔄 Identity reset
[03:19:08] 🔄 Identity rotated (every 10 requests)
[03:19:09] [155/459] PNSM
[03:19:10] [156/459] DRMY
[03:19:11] [157/459] CCMU
[03:19:12] [158/459] SCMY
[03:19:12] [159/459] PVSY
[03:19:13] [160/459] SDLM
[03:19:14] [161/459] ICCM
[03:19:15] [162/459] PYSU
[03:19:16] [163/459] GATM
[03:19:17] [164/459] WOTM
[03:19:18] 🔄 Identity reset
[03:19:18] 🔄 Identity rotated (every 10 requests)
[03:19:18] [165/459] RKTS
[03:19:20] [166/459] PMTY
[03:19:20] [167/459] LYMS
[03:19:21] [168/459] TGCA
[03:19:22] [169/459] DSTA
[03:19:23] [170/459] CNGE
[03:19:24] [171/459] VSTG
[03:19:25] [172/459] GTCK
[03:19:26] [173/459] TGNT
[03:19:27] [174/459] ASLC
[03:19:27] 🔄 Identity reset
[03:19:27] 🔄 Identity rotated (every 10 requests)
[03:19:27] 🔄 Retry 1/5 for ASLC in 2.3s
[03:19:27] 🔄 Identity reset
[03:19:30] 🧠 New identity created
[03:19:30] [175/459] SSST
[03:19:31] [176/459] KBTT
[03:19:32] [177/459] HKCP
[03:19:32] [178/459] SWLC
[03:19:33] [179/459] RTND
[03:19:34] [180/459] PKKT
[03:19:35] [181/459] HSTK
[03:19:36] [182/459] SPTT
[03:19:37] [183/459] IMPM
[03:19:38] 🔄 Identity reset
[03:19:38] 🔄 Identity rotated (every 10 requests)
[03:19:38] [184/459] SCMV
[03:19:40] [185/459] SPCT
[03:19:41] [186/459] JBCA
[03:19:41] [187/459] ATTR
[03:19:43] [188/459] SPMT
[03:19:43] [189/459] LCTM
[03:19:44] [190/459] SCVL
[03:19:45] [191/459] SCVT
[03:19:47] [192/459] KRIC
[03:19:47] [193/459] CTMG
[03:19:48] 🔄 Identity reset
[03:19:48] 🔄 Identity rotated (every 10 requests)
[03:19:48] [194/459] ACNC
[03:19:49] [195/459] DMCK
[03:19:50] [196/459] KMTV
[03:19:51] [197/459] PFCJ
[03:19:52] [198/459] VNMD
[03:19:53] [199/459] VPCZ
[03:19:54] [200/459] SRYR
[03:19:55] [201/459] SYTR
[03:19:56] [202/459] GATR
[03:19:57] [203/459] URTR
[03:19:58] 🔄 Identity reset
[03:19:58] 🔄 Identity rotated (every 10 requests)
[03:19:58] [204/459] MKSM
[03:19:59] [205/459] VSMH
[03:19:59] [206/459] SKRJ
[03:20:01] [207/459] SSJR
[03:20:02] [208/459] SVSM
[03:20:03] [209/459] RUCM
[03:20:04] [210/459] PRKN
[03:20:05] [211/459] RROH
[03:20:06] [212/459] SCTN
[03:20:06] [213/459] RTDM
[03:20:07] 🔄 Identity reset
[03:20:07] 🔄 Identity rotated (every 10 requests)
[03:20:08] [214/459] ASRM
[03:20:09] [215/459] SKMD
[03:20:09] [216/459] SUTD
[03:20:10] [217/459] SADM
[03:20:11] [218/459] WCNR
[03:20:12] [219/459] CNED
[03:20:13] [220/459] MPDB
[03:20:14] [221/459] KTBH
[03:20:15] [222/459] IDRM
[03:20:15] [223/459] PJJT
[03:20:16] 🔄 Identity reset
[03:20:16] 🔄 Identity rotated (every 10 requests)
[03:20:16] [224/459] PFCV
[03:20:17] [225/459] AACT
[03:20:18] [226/459] AAAD
[03:20:19] [227/459] ANES
[03:20:20] [228/459] MNCA
[03:20:22] [229/459] RMGU
[03:20:22] [230/459] DLCN
[03:20:23] [231/459] LJWT
[03:20:24] [232/459] MCBG
[03:20:25] [233/459] MYBG
[03:20:26] 🔄 Identity reset
[03:20:26] 🔄 Identity rotated (every 10 requests)
[03:20:26] [234/459] GCCA
[03:20:27] [235/459] GCGA
[03:20:28] [236/459] ECGN
[03:20:29] [237/459] PRAB
[03:20:30] [238/459] PNMP
[03:20:30] [239/459] GCPT
[03:20:31] [240/459] ROYN
[03:20:32] [241/459] VATM
[03:20:33] [242/459] KSNT
[03:20:34] [243/459] ACTC
[03:20:34] 🔄 Identity reset
[03:20:34] 🔄 Identity rotated (every 10 requests)
[03:20:35] [244/459] PLTD
[03:20:36] [245/459] SKMK
[03:20:37] [246/459] CMTT
[03:20:38] [247/459] SMXP
[03:20:39] [248/459] SCMX
[03:20:40] [249/459] ACXN
[03:20:41] [250/459] ASWT
[03:20:42] [251/459] VVVL
[03:20:43] [252/459] NAGO
[03:20:44] [253/459] SNCN
[03:20:44] 🔄 Identity reset
[03:20:45] 🔄 Identity rotated (every 10 requests)
[03:20:45] [254/459] MCKP
[03:20:46] [255/459] SAMO
[03:20:47] [256/459] JBTV
[03:20:48] [257/459] DCVV
[03:20:49] [258/459] KMSV
[03:20:50] [259/459] KDCN
[03:20:51] [260/459] CNCP
[03:20:52] [261/459] HAMC
[03:20:53] [262/459] CCVZ
[03:20:54] [263/459] NCCK
[03:20:54] 🔄 Identity reset
[03:20:54] 🔄 Identity rotated (every 10 requests)
[03:20:55] [264/459] MCHR
[03:20:55] [265/459] SCHT
[03:20:56] [266/459] ESSH
[03:20:57] [267/459] CUJC
[03:20:58] [268/459] PECP
[03:20:59] [269/459] PMMI
[03:21:00] [270/459] PCCH
[03:21:01] [271/459] PRPM
[03:21:01] [272/459] PVKL
[03:21:02] [273/459] CBSM
[03:21:03] 🔄 Identity reset
[03:21:03] 🔄 Identity rotated (every 10 requests)
[03:21:03] [274/459] PVCZ
[03:21:04] [275/459] PCVV
[03:21:05] [276/459] CTMJ
[03:21:06] [277/459] RCPS
[03:21:07] [278/459] PCIT
[03:21:08] [279/459] FNCH
[03:21:09] [280/459] INZD
[03:21:09] [281/459] INPC
[03:21:10] [282/459] LCZP
[03:21:11] [283/459] SMCB
[03:21:12] 🔄 Identity reset
[03:21:12] 🔄 Identity rotated (every 10 requests)
[03:21:12] [284/459] PTSB
[03:21:13] [285/459] TPSI
[03:21:14] [286/459] KHMJ
[03:21:15] [287/459] RCCJ
[03:21:16] [288/459] NCJA
[03:21:17] [289/459] NCJN
[03:21:18] [290/459] BTDP
[03:21:19] [291/459] PADY
[03:21:20] [292/459] NYBH
[03:21:21] [293/459] MTBR
[03:21:22] 🔄 Identity reset
[03:21:22] 🔄 Identity rotated (every 10 requests)
[03:21:22] [294/459] KRBC
[03:21:23] [295/459] DKTI
[03:21:24] [296/459] ANAN
[03:21:25] [297/459] INBP
[03:21:26] [298/459] PATB
[03:21:27] [299/459] RGNT
[03:21:28] [300/459] CGPM
[03:21:29] [301/459] INTN
[03:21:30] [302/459] MCMP
[03:21:32] [303/459] ASRG
[03:21:33] 🔄 Identity reset
[03:21:33] 🔄 Identity rotated (every 10 requests)
[03:21:33] [304/459] CXJD
[03:21:34] [305/459] SPCP
[03:21:35] [306/459] CSTP
[03:21:35] [307/459] PKVC
[03:21:36] [308/459] ESCP
[03:21:37] [309/459] CAEP
[03:21:38] [310/459] CCSP
[03:21:39] [311/459] KTPC
[03:21:40] [312/459] DACA
[03:21:41] [313/459] NVKY
[03:21:41] 🔄 Identity reset
[03:21:41] 🔄 Identity rotated (every 10 requests)
[03:21:42] [314/459] PTIN
[03:21:43] [315/459] SCIN
[03:21:44] [316/459] MCTY
[03:21:45] [317/459] PCMX
[03:21:45] [318/459] INIC
[03:21:46] [319/459] MMZM
[03:21:47] [320/459] SSLP
[03:21:48] [321/459] DTDT
[03:21:49] [322/459] FFCX
[03:21:50] [323/459] RCMM
[03:21:50] 🔄 Identity reset
[03:21:50] 🔄 Identity rotated (every 10 requests)
[03:21:50] [324/459] KYID
[03:21:51] [325/459] CSCI
[03:21:52] [326/459] FCMC
[03:21:53] [327/459] MMXI
[03:21:54] [328/459] ASTC
[03:21:55] [329/459] CMRA
[03:21:56] [330/459] DICI
[03:21:57] [331/459] KDIN
[03:21:58] [332/459] PRFI
[03:21:59] [333/459] SVFC
[03:21:59] 🔄 Identity reset
[03:21:59] 🔄 Identity rotated (every 10 requests)
[03:22:00] [334/459] UCPL
[03:22:01] [335/459] COOC
[03:22:02] [336/459] SCAL
[03:22:03] [337/459] SVFF
[03:22:04] [338/459] VCMG
[03:22:05] [339/459] UUCT
[03:22:07] [340/459] GCSE
[03:22:08] [341/459] SUSC
[03:22:09] [342/459] MISC
[03:22:10] [343/459] RMBL
[03:22:11] 🔄 Identity reset
[03:22:11] 🔄 Identity rotated (every 10 requests)
[03:22:11] 🔄 Retry 1/5 for RMBL in 2.0s
[03:22:11] 🔄 Identity reset
[03:22:13] 🧠 New identity created
[03:22:13] [344/459] CMXN
[03:22:15] [345/459] PVBK
[03:22:16] [346/459] HHCG
[03:22:16] [347/459] SCAG
[03:22:17] [348/459] CNPR
[03:22:18] [349/459] CSER
[03:22:19] [350/459] HLWD
[03:22:21] [351/459] BOLY
[03:22:22] [352/459] SSPG
[03:22:22] 🔄 Identity reset
[03:22:22] 🔄 Identity rotated (every 10 requests)
[03:22:23] [353/459] MUPX
[03:22:24] [354/459] HAMR
[03:22:25] [355/459] SDNC
[03:22:26] [356/459] RTEN
[03:22:27] [357/459] SDTD
[03:22:28] [358/459] KAWS
[03:22:30] [359/459] CMZX
[03:22:30] [360/459] DCDD
[03:22:32] [361/459] ALSN
[03:22:32] [362/459] IMXS
[03:22:33] 🔄 Identity reset
[03:22:33] 🔄 Identity rotated (every 10 requests)
[03:22:34] [363/459] PVFF
[03:22:36] [364/459] PVOO
[03:22:37] [365/459] CFBS
[03:22:38] [366/459] PVER
[03:22:39] [367/459] PPNX
[03:22:41] [368/459] CNRM
[03:22:42] [369/459] PVWW
[03:22:43] [370/459] INMB
[03:22:44] [371/459] CPJR
[03:22:45] [372/459] INRZ
[03:22:46] 🔄 Identity reset
[03:22:46] 🔄 Identity rotated (every 10 requests)
[03:22:46] [373/459] PMSR
[03:22:47] [374/459] GPGM
[03:22:48] [375/459] PGWB
[03:22:49] [376/459] PMBR
[03:22:50] [377/459] GPAM
[03:22:51] [378/459] INBC
[03:22:51] [379/459] PZVK
[03:22:52] [380/459] CPEB
[03:22:53] [381/459] FMLB
[03:22:55] [382/459] INBG
[03:22:55] 🔄 Identity reset
[03:22:55] 🔄 Identity rotated (every 10 requests)
[03:22:56] [383/459] GPBR
[03:22:57] [384/459] PAAS
[03:22:58] [385/459] VTBR
[03:22:59] [386/459] GPMY
[03:23:00] [387/459] GYBU
[03:23:01] [388/459] INBJ
[03:23:02] [389/459] LKTH
[03:23:03] [390/459] NSBR
[03:23:04] [391/459] PDRD
[03:23:06] [392/459] VRBL
[03:23:06] 🔄 Identity reset
[03:23:06] 🔄 Identity rotated (every 10 requests)
[03:23:07] [393/459] VTGB
[03:23:07] [394/459] VTSK
[03:23:09] [395/459] BKDV
[03:23:10] [396/459] SVTB
[03:23:11] [397/459] MLDT
[03:23:12] [398/459] NRBL
[03:23:12] [399/459] SLTR
[03:23:13] [400/459] VNKA
[03:23:14] [401/459] TDCA
[03:23:15] [402/459] INBM
[03:23:15] 🔄 Identity reset
[03:23:15] 🔄 Identity rotated (every 10 requests)
[03:23:16] [403/459] SSNR
[03:23:16] [404/459] BHAC
[03:23:17] [405/459] SDSD
[03:23:18] [406/459] SAMP
[03:23:19] [407/459] RATK
[03:23:20] [408/459] KCBI
[03:23:21] [409/459] URBL
[03:23:22] [410/459] MKBG
[03:23:23] [411/459] ASTB
[03:23:23] [412/459] VBWT
[03:23:24] 🔄 Identity reset
[03:23:24] 🔄 Identity rotated (every 10 requests)
[03:23:25] [413/459] GPSM
[03:23:26] [414/459] ROON
[03:23:26] [415/459] CHTH
[03:23:27] [416/459] SSPA
[03:23:28] [417/459] ANBL
[03:23:29] [418/459] VTBE
[03:23:30] [419/459] SVKT
[03:23:31] [420/459] SVYK
[03:23:32] [421/459] PTBK
[03:23:33] [422/459] RKTB
[03:23:34] 🔄 Identity reset
[03:23:34] 🔄 Identity rotated (every 10 requests)
[03:23:34] [423/459] BALT
[03:23:35] [424/459] STSV
[03:23:36] [425/459] VCCB
[03:23:37] [426/459] SLTB
[03:23:38] [427/459] SBCR
[03:23:39] [428/459] VDCS
[03:23:40] [429/459] MDKI
[03:23:40] [430/459] SMRN
[03:23:42] [431/459] PTBC
[03:23:43] [432/459] RADI
[03:23:44] 🔄 Identity reset
[03:23:44] 🔄 Identity rotated (every 10 requests)
[03:23:44] [433/459] ADCR
[03:23:45] [434/459] SDCS
[03:23:46] [435/459] SRPJ
[03:23:47] [436/459] ARTS
[03:23:47] [437/459] SRHK
[03:23:48] [438/459] SPAY
[03:23:50] [439/459] GPTB
[03:23:51] [440/459] SNNN
[03:23:52] [441/459] BALJ
[03:23:53] [442/459] TRIG
[03:23:54] 🔄 Identity reset
[03:23:54] 🔄 Identity rotated (every 10 requests)
[03:23:54] [443/459] GTYT
[03:23:55] [444/459] ATGN
[03:23:56] [445/459] ANTE
[03:23:57] [446/459] BDCG
[03:23:58] [447/459] VECI
[03:23:59] [448/459] SCPR
[03:23:59] [449/459] RTEA
[03:24:00] [450/459] JSAI
[03:24:01] [451/459] VJTP
[03:24:02] [452/459] GNDS
[03:24:03] 🔄 Identity reset
[03:24:03] 🔄 Identity rotated (every 10 requests)
[03:24:03] 🔄 Retry 1/5 for GNDS in 2.8s
[03:24:03] 🔄 Identity reset
[03:24:06] 🧠 New identity created
[03:24:06] [453/459] PAXA
[03:24:07] [454/459] CGGM
[03:24:08] [455/459] ACKZ
[03:24:09] [456/459] EMCC
[03:24:10] [457/459] KLSK
[03:24:11] [458/459] AVCK
[03:24:11] [459/459] JTCK
[03:24:12] ✅ DONE | Shows=0 | Movies=0
[04:16:13] 🚀 BMS DAILY TRACKER STARTED (enhanced anti‑detection)
[04:16:13] [1/459] NECA
[04:16:13] 🧠 New identity created
[04:16:13] [2/459] BJLC
[04:16:14] [3/459] BASU
[04:16:15] [4/459] RUPI
[04:16:16] [5/459] LCBK
[04:16:17] [6/459] PMAC
[04:16:18] [7/459] AMLC
[04:16:19] [8/459] LICL
[04:16:20] [9/459] UDMM
[04:16:20] [10/459] STBZ
[04:16:21] 🔄 Identity reset
[04:16:21] 🔄 Identity rotated (every 10 requests)
[04:16:21] [11/459] UUBT
[04:16:22] [12/459] SJKC
[04:16:23] [13/459] TUAL
[04:16:23] [14/459] MRSE
[04:16:24] [15/459] RMRK
[04:16:25] [16/459] TTKP
[04:16:26] [17/459] KTKO
[04:16:27] [18/459] SDBK
[04:16:27] [19/459] MCPR
[04:16:28] [20/459] CHTI
[04:16:29] 🔄 Identity reset
[04:16:29] 🔄 Identity rotated (every 10 requests)
[04:16:29] [21/459] GCCP
[04:16:30] [22/459] SRMY
[04:16:30] [23/459] NYST
[04:16:32] [24/459] NYAG
[04:16:32] [25/459] SBMT
[04:16:33] [26/459] INGA
[04:16:34] [27/459] WSIC
[04:16:35] [28/459] SCSS
[04:16:35] [29/459] COPG
[04:16:36] [30/459] RCGR
[04:16:36] 🔄 Identity reset
[04:16:36] 🔄 Identity rotated (every 10 requests)
[04:16:37] [31/459] TCZA
[04:16:37] [32/459] CNLP
[04:16:38] [33/459] CLKN
[04:16:39] [34/459] LHDF
[04:16:40] [35/459] ELKC
[04:16:40] [36/459] VCEM
[04:16:41] [37/459] SSZA
[04:16:42] [38/459] KRMT
[04:16:43] [39/459] LCMV
[04:16:45] [40/459] AYCZ
[04:16:45] 🔄 Identity reset
[04:16:45] 🔄 Identity rotated (every 10 requests)
[04:16:46] [41/459] CUMS
[04:16:46] [42/459] BOCK
[04:16:47] [43/459] PNMR
[04:16:48] [44/459] PJCP
[04:16:49] [45/459] JDDD
[04:16:50] [46/459] STMS
[04:16:51] [47/459] FLMB
[04:16:51] [48/459] PKCM
[04:16:52] [49/459] SPPR
[04:16:53] [50/459] EYLH
[04:16:54] 🔄 Identity reset
[04:16:54] 🔄 Identity rotated (every 10 requests)
[04:16:54] [51/459] RJCC
[04:16:55] [52/459] MMPS
[04:16:56] [53/459] SHMX
[04:16:57] [54/459] CCNL
[04:16:58] [55/459] RCNV
[04:16:58] [56/459] MAAG
[04:16:59] [57/459] LXCM
[04:17:00] [58/459] RCNI
[04:17:00] [59/459] SNNI
[04:17:01] [60/459] LALC
[04:17:02] 🔄 Identity reset
[04:17:02] 🔄 Identity rotated (every 10 requests)
[04:17:02] [61/459] SOCN
[04:17:03] [62/459] JHTP
[04:17:04] [63/459] PITP
[04:17:04] [64/459] CCKW
[04:17:05] [65/459] MCMC
[04:17:06] [66/459] DEES
[04:17:07] [67/459] SABT
[04:17:08] [68/459] VSPP
[04:17:09] [69/459] ABCT
[04:17:10] [70/459] JVTB
[04:17:10] 🔄 Identity reset
[04:17:10] 🔄 Identity rotated (every 10 requests)
[04:17:10] [71/459] VCBD
[04:17:11] [72/459] RMGG
[04:17:12] [73/459] RNMH
[04:17:13] [74/459] SPGL
[04:17:14] [75/459] JTTR
[04:17:15] [76/459] SICS
[04:17:16] [77/459] SRMI
[04:17:16] [78/459] SSIJ
[04:17:17] [79/459] KFMT
[04:17:18] [80/459] VBIT
[04:17:19] 🔄 Identity reset
[04:17:19] 🔄 Identity rotated (every 10 requests)
[04:17:19] [81/459] JKCT
[04:17:20] [82/459] GCGP
[04:17:21] [83/459] GDCS
[04:17:22] [84/459] TRBA
[04:17:23] [85/459] QUST
[04:17:23] [86/459] VSHM
[04:17:24] [87/459] SDCP
[04:17:25] [88/459] SNVS
[04:17:26] [89/459] NYTO
[04:17:27] [90/459] URWC
[04:17:27] 🔄 Identity reset
[04:17:27] 🔄 Identity rotated (every 10 requests)
[04:17:28] [91/459] GTWH
[04:17:28] [92/459] PFCM
[04:17:29] [93/459] KRTA
[04:17:30] [94/459] AXMC
[04:17:30] [95/459] EVMC
[04:17:31] [96/459] HGSM
[04:17:32] [97/459] ACVM
[04:17:32] [98/459] PSKL
[04:17:33] [99/459] RDMP
[04:17:34] [100/459] RHGH
[04:17:35] 🔄 Identity reset
[04:17:35] 🔄 Identity rotated (every 10 requests)
[04:17:35] 🔄 Retry 1/5 for RHGH in 2.1s
[04:17:35] 🔄 Identity reset
[04:17:37] 🧠 New identity created
[04:17:38] [101/459] OMCM
[04:17:38] [102/459] DCCP
[04:17:39] [103/459] MCPB
[04:17:39] [104/459] ALCI
[04:17:40] [105/459] BLMX
[04:17:41] [106/459] BTMV
[04:17:42] [107/459] FVPN
[04:17:43] [108/459] CMAR
[04:17:43] [109/459] CEIM
[04:17:44] 🔄 Identity reset
[04:17:44] 🔄 Identity rotated (every 10 requests)
[04:17:44] 🔄 Retry 1/5 for CEIM in 2.1s
[04:17:44] 🔄 Identity reset
[04:17:46] 🧠 New identity created
[04:17:46] [110/459] CMVA
[04:17:47] [111/459] CPIV
[04:17:48] [112/459] CNPE
[04:17:48] [113/459] COLV
[04:17:49] [114/459] DNNV
[04:17:50] [115/459] HCAD
[04:17:50] [116/459] TAKA
[04:17:51] [117/459] INVD
[04:17:52] [118/459] IRMM
[04:17:53] 🔄 Identity reset
[04:17:53] 🔄 Identity rotated (every 10 requests)
[04:17:53] [119/459] INSE
[04:17:54] [120/459] MRSW
[04:17:55] [121/459] MCVD
[04:17:56] [122/459] MCSO
[04:17:56] [123/459] PEVM
[04:17:57] [124/459] PVNL
[04:17:58] [125/459] PTCV
[04:17:59] [126/459] PRTC
[04:17:59] [127/459] RCVA
[04:18:00] [128/459] MTBN
[04:18:01] 🔄 Identity reset
[04:18:01] 🔄 Identity rotated (every 10 requests)
[04:18:01] [129/459] LUCP
[04:18:01] [130/459] FMPT
[04:18:02] [131/459] JLSL
[04:18:03] [132/459] SBHA
[04:18:04] [133/459] SHRC
[04:18:05] [134/459] AVPS
[04:18:06] [135/459] STPM
[04:18:07] [136/459] ATRD
[04:18:08] [137/459] VTED
[04:18:09] [138/459] ACAI
[04:18:09] 🔄 Identity reset
[04:18:09] 🔄 Identity rotated (every 10 requests)
[04:18:10] [139/459] SMAE
[04:18:10] [140/459] VMAT
[04:18:12] [141/459] LKCT
[04:18:13] [142/459] JTVK
[04:18:13] [143/459] PRTY
[04:18:14] [144/459] GETT
[04:18:15] [145/459] ESAP
[04:18:15] [146/459] NCPM
[04:18:16] [147/459] PCPA
[04:18:17] [148/459] MMOM
[04:18:17] 🔄 Identity reset
[04:18:17] 🔄 Identity rotated (every 10 requests)
[04:18:18] [149/459] PHUP
[04:18:18] [150/459] CCPI
[04:18:19] [151/459] CNTD
[04:18:20] [152/459] NLJR
[04:18:21] [153/459] SRNG
[04:18:21] [154/459] MHAL
[04:18:22] [155/459] PNSM
[04:18:23] [156/459] DRMY
[04:18:23] [157/459] CCMU
[04:18:25] [158/459] SCMY
[04:18:26] 🔄 Identity reset
[04:18:26] 🔄 Identity rotated (every 10 requests)
[04:18:26] [159/459] PVSY
[04:18:26] [160/459] SDLM
[04:18:27] [161/459] ICCM
[04:18:28] [162/459] PYSU
[04:18:28] [163/459] GATM
[04:18:29] [164/459] WOTM
[04:18:30] [165/459] RKTS
[04:18:30] [166/459] PMTY
[04:18:31] [167/459] LYMS
[04:18:32] [168/459] TGCA
[04:18:32] 🔄 Identity reset
[04:18:32] 🔄 Identity rotated (every 10 requests)
[04:18:32] 🔄 Retry 1/5 for TGCA in 2.3s
[04:18:32] 🔄 Identity reset
[04:18:35] 🧠 New identity created
[04:18:35] [169/459] DSTA
[04:18:37] [170/459] CNGE
[04:18:37] [171/459] VSTG
[04:18:38] [172/459] GTCK
[04:18:39] [173/459] TGNT
[04:18:39] [174/459] ASLC
[04:18:40] [175/459] SSST
[04:18:41] [176/459] KBTT
[04:18:42] [177/459] HKCP
[04:18:42] 🔄 Identity reset
[04:18:42] 🔄 Identity rotated (every 10 requests)
[04:18:42] [178/459] SWLC
[04:18:43] [179/459] RTND
[04:18:44] [180/459] PKKT
[04:18:45] [181/459] HSTK
[04:18:45] [182/459] SPTT
[04:18:46] [183/459] IMPM
[04:18:47] [184/459] SCMV
[04:18:48] [185/459] SPCT
[04:18:48] [186/459] JBCA
[04:18:49] [187/459] ATTR
[04:18:49] 🔄 Identity reset
[04:18:49] 🔄 Identity rotated (every 10 requests)
[04:18:49] [188/459] SPMT
[04:18:50] [189/459] LCTM
[04:18:51] [190/459] SCVL
[04:18:52] [191/459] SCVT
[04:18:53] [192/459] KRIC
[04:18:54] [193/459] CTMG
[04:18:54] [194/459] ACNC
[04:18:55] [195/459] DMCK
[04:18:56] [196/459] KMTV
[04:18:57] [197/459] PFCJ
[04:18:57] 🔄 Identity reset
[04:18:57] 🔄 Identity rotated (every 10 requests)
[04:18:57] [198/459] VNMD
[04:18:58] [199/459] VPCZ
[04:18:59] [200/459] SRYR
[04:19:00] [201/459] SYTR
[04:19:00] [202/459] GATR
[04:19:01] [203/459] URTR
[04:19:02] [204/459] MKSM
[04:19:03] [205/459] VSMH
[04:19:04] [206/459] SKRJ
[04:19:05] [207/459] SSJR
[04:19:05] 🔄 Identity reset
[04:19:05] 🔄 Identity rotated (every 10 requests)
[04:19:05] [208/459] SVSM
[04:19:06] [209/459] RUCM
[04:19:07] [210/459] PRKN
[04:19:08] [211/459] RROH
[04:19:08] [212/459] SCTN
[04:19:09] [213/459] RTDM
[04:19:10] [214/459] ASRM
[04:19:10] [215/459] SKMD
[04:19:11] [216/459] SUTD
[04:19:12] [217/459] SADM
[04:19:12] 🔄 Identity reset
[04:19:12] 🔄 Identity rotated (every 10 requests)
[04:19:13] [218/459] WCNR
[04:19:13] [219/459] CNED
[04:19:14] [220/459] MPDB
[04:19:15] [221/459] KTBH
[04:19:16] [222/459] IDRM
[04:19:17] [223/459] PJJT
[04:19:17] [224/459] PFCV
[04:19:18] [225/459] AACT
[04:19:19] [226/459] AAAD
[04:19:19] [227/459] ANES
[04:19:20] 🔄 Identity reset
[04:19:20] 🔄 Identity rotated (every 10 requests)
[04:19:20] [228/459] MNCA
[04:19:21] [229/459] RMGU
[04:19:22] [230/459] DLCN
[04:19:23] [231/459] LJWT
[04:19:23] [232/459] MCBG
[04:19:24] [233/459] MYBG
[04:19:25] [234/459] GCCA
[04:19:26] [235/459] GCGA
[04:19:27] [236/459] ECGN
[04:19:28] [237/459] PRAB
[04:19:29] 🔄 Identity reset
[04:19:29] 🔄 Identity rotated (every 10 requests)
[04:19:29] [238/459] PNMP
[04:19:30] [239/459] GCPT
[04:19:31] [240/459] ROYN
[04:19:31] [241/459] VATM
[04:19:32] [242/459] KSNT
[04:19:33] [243/459] ACTC
[04:19:34] [244/459] PLTD
[04:19:34] [245/459] SKMK
[04:19:35] [246/459] CMTT
[04:19:36] [247/459] SMXP
[04:19:37] 🔄 Identity reset
[04:19:37] 🔄 Identity rotated (every 10 requests)
[04:19:37] [248/459] SCMX
[04:19:37] [249/459] ACXN
[04:19:38] [250/459] ASWT
[04:19:39] [251/459] VVVL
[04:19:39] [252/459] NAGO
[04:19:40] [253/459] SNCN
[04:19:41] [254/459] MCKP
[04:19:42] [255/459] SAMO
[04:19:43] [256/459] JBTV
[04:19:43] [257/459] DCVV
[04:19:44] 🔄 Identity reset
[04:19:44] 🔄 Identity rotated (every 10 requests)
[04:19:44] [258/459] KMSV
[04:19:45] [259/459] KDCN
[04:19:46] [260/459] CNCP
[04:19:47] [261/459] HAMC
[04:19:47] [262/459] CCVZ
[04:19:48] [263/459] NCCK
[04:19:49] [264/459] MCHR
[04:19:49] [265/459] SCHT
[04:19:50] [266/459] ESSH
[04:19:51] [267/459] CUJC
[04:19:52] 🔄 Identity reset
[04:19:52] 🔄 Identity rotated (every 10 requests)
[04:19:52] 🔄 Retry 1/5 for CUJC in 2.4s
[04:19:52] 🔄 Identity reset
[04:19:54] 🧠 New identity created
[04:19:55] [268/459] PECP
[04:19:55] [269/459] PMMI
[04:19:56] [270/459] PCCH
[04:19:57] [271/459] PRPM
[04:19:58] [272/459] PVKL
[04:19:59] [273/459] CBSM
[04:20:00] [274/459] PVCZ
[04:20:00] [275/459] PCVV
[04:20:01] [276/459] CTMJ
[04:20:02] 🔄 Identity reset
[04:20:02] 🔄 Identity rotated (every 10 requests)
[04:20:02] [277/459] RCPS
[04:20:03] [278/459] PCIT
[04:20:03] [279/459] FNCH
[04:20:04] [280/459] INZD
[04:20:05] [281/459] INPC
[04:20:06] [282/459] LCZP
[04:20:06] [283/459] SMCB
[04:20:07] [284/459] PTSB
[04:20:08] [285/459] TPSI
[04:20:08] [286/459] KHMJ
[04:20:09] 🔄 Identity reset
[04:20:09] 🔄 Identity rotated (every 10 requests)
[04:20:09] [287/459] RCCJ
[04:20:10] [288/459] NCJA
[04:20:11] [289/459] NCJN
[04:20:12] [290/459] BTDP
[04:20:12] [291/459] PADY
[04:20:13] [292/459] NYBH
[04:20:14] [293/459] MTBR
[04:20:15] [294/459] KRBC
[04:20:15] [295/459] DKTI
[04:20:16] [296/459] ANAN
[04:20:17] 🔄 Identity reset
[04:20:17] 🔄 Identity rotated (every 10 requests)
[04:20:17] [297/459] INBP
[04:20:18] [298/459] PATB
[04:20:19] [299/459] RGNT
[04:20:19] [300/459] CGPM
[04:20:20] [301/459] INTN
[04:20:21] [302/459] MCMP
[04:20:22] [303/459] ASRG
[04:20:23] [304/459] CXJD
[04:20:24] [305/459] SPCP
[04:20:25] [306/459] CSTP
[04:20:26] 🔄 Identity reset
[04:20:26] 🔄 Identity rotated (every 10 requests)
[04:20:26] [307/459] PKVC
[04:20:27] [308/459] ESCP
[04:20:27] [309/459] CAEP
[04:20:28] [310/459] CCSP
[04:20:29] [311/459] KTPC
[04:20:30] [312/459] DACA
[04:20:31] [313/459] NVKY
[04:20:31] [314/459] PTIN
[04:20:32] [315/459] SCIN
[04:20:33] [316/459] MCTY
[04:20:34] 🔄 Identity reset
[04:20:34] 🔄 Identity rotated (every 10 requests)
[04:20:34] [317/459] PCMX
[04:20:35] [318/459] INIC
[04:20:37] [319/459] MMZM
[04:20:38] [320/459] SSLP
[04:20:39] [321/459] DTDT
[04:20:40] [322/459] FFCX
[04:20:40] [323/459] RCMM
[04:20:41] [324/459] KYID
[04:20:42] [325/459] CSCI
[04:20:43] [326/459] FCMC
[04:20:44] 🔄 Identity reset
[04:20:44] 🔄 Identity rotated (every 10 requests)
[04:20:44] [327/459] MMXI
[04:20:45] [328/459] ASTC
[04:20:45] [329/459] CMRA
[04:20:46] [330/459] DICI
[04:20:47] [331/459] KDIN
[04:20:48] [332/459] PRFI
[04:20:49] [333/459] SVFC
[04:20:49] [334/459] UCPL
[04:20:50] [335/459] COOC
[04:20:50] [336/459] SCAL
[04:20:51] 🔄 Identity reset
[04:20:51] 🔄 Identity rotated (every 10 requests)
[04:20:51] [337/459] SVFF
[04:20:52] [338/459] VCMG
[04:20:53] [339/459] UUCT
[04:20:54] [340/459] GCSE
[04:20:55] [341/459] SUSC
[04:20:56] [342/459] MISC
[04:20:57] [343/459] RMBL
[04:20:58] [344/459] CMXN
[04:20:59] [345/459] PVBK
[04:20:59] [346/459] HHCG
[04:21:00] 🔄 Identity reset
[04:21:00] 🔄 Identity rotated (every 10 requests)
[04:21:00] [347/459] SCAG
[04:21:00] [348/459] CNPR
[04:21:01] [349/459] CSER
[04:21:02] [350/459] HLWD
[04:21:03] [351/459] BOLY
[04:21:04] [352/459] SSPG
[04:21:04] [353/459] MUPX
[04:21:05] [354/459] HAMR
[04:21:06] [355/459] SDNC
[04:21:07] [356/459] RTEN
[04:21:08] 🔄 Identity reset
[04:21:08] 🔄 Identity rotated (every 10 requests)
[04:21:08] [357/459] SDTD
[04:21:09] [358/459] KAWS
[04:21:10] [359/459] CMZX
[04:21:11] [360/459] DCDD
[04:21:12] [361/459] ALSN
[04:21:13] [362/459] IMXS
[04:21:13] [363/459] PVFF
[04:21:14] [364/459] PVOO
[04:21:15] [365/459] CFBS
[04:21:16] [366/459] PVER
[04:21:17] 🔄 Identity reset
[04:21:17] 🔄 Identity rotated (every 10 requests)
[04:21:18] [367/459] PPNX
[04:21:18] [368/459] CNRM
[04:21:19] [369/459] PVWW
[04:21:20] [370/459] INMB
[04:21:20] [371/459] CPJR
[04:21:21] [372/459] INRZ
[04:21:22] [373/459] PMSR
[04:21:22] [374/459] GPGM
[04:21:23] [375/459] PGWB
[04:21:24] [376/459] PMBR
[04:21:25] 🔄 Identity reset
[04:21:25] 🔄 Identity rotated (every 10 requests)
[04:21:25] [377/459] GPAM
[04:21:26] [378/459] INBC
[04:21:27] [379/459] PZVK
[04:21:28] [380/459] CPEB
[04:21:28] [381/459] FMLB
[04:21:29] [382/459] INBG
[04:21:30] [383/459] GPBR
[04:21:31] [384/459] PAAS
[04:21:32] [385/459] VTBR
[04:21:32] [386/459] GPMY
[04:21:33] 🔄 Identity reset
[04:21:33] 🔄 Identity rotated (every 10 requests)
[04:21:33] [387/459] GYBU
[04:21:34] [388/459] INBJ
[04:21:35] [389/459] LKTH
[04:21:36] [390/459] NSBR
[04:21:36] [391/459] PDRD
[04:21:37] [392/459] VRBL
[04:21:38] [393/459] VTGB
[04:21:39] [394/459] VTSK
[04:21:39] [395/459] BKDV
[04:21:40] [396/459] SVTB
[04:21:40] 🔄 Identity reset
[04:21:40] 🔄 Identity rotated (every 10 requests)
[04:21:40] [397/459] MLDT
[04:21:41] [398/459] NRBL
[04:21:42] [399/459] SLTR
[04:21:43] [400/459] VNKA
[04:21:43] [401/459] TDCA
[04:21:44] [402/459] INBM
[04:21:44] [403/459] SSNR
[04:21:45] [404/459] BHAC
[04:21:46] [405/459] SDSD
[04:21:46] [406/459] SAMP
[04:21:47] 🔄 Identity reset
[04:21:47] 🔄 Identity rotated (every 10 requests)
[04:21:47] [407/459] RATK
[04:21:48] [408/459] KCBI
[04:21:48] [409/459] URBL
[04:21:49] [410/459] MKBG
[04:21:50] [411/459] ASTB
[04:21:51] [412/459] VBWT
[04:21:52] [413/459] GPSM
[04:21:52] [414/459] ROON
[04:21:53] [415/459] CHTH
[04:21:53] [416/459] SSPA
[04:21:54] 🔄 Identity reset
[04:21:54] 🔄 Identity rotated (every 10 requests)
[04:21:54] [417/459] ANBL
[04:21:54] [418/459] VTBE
[04:21:55] [419/459] SVKT
[04:21:56] [420/459] SVYK
[04:21:57] [421/459] PTBK
[04:21:58] [422/459] RKTB
[04:21:58] [423/459] BALT
[04:21:59] [424/459] STSV
[04:22:00] [425/459] VCCB
[04:22:01] [426/459] SLTB
[04:22:02] 🔄 Identity reset
[04:22:02] 🔄 Identity rotated (every 10 requests)
[04:22:02] [427/459] SBCR
[04:22:03] [428/459] VDCS
[04:22:03] [429/459] MDKI
[04:22:04] [430/459] SMRN
[04:22:04] [431/459] PTBC
[04:22:05] [432/459] RADI
[04:22:06] [433/459] ADCR
[04:22:07] [434/459] SDCS
[04:22:08] [435/459] SRPJ
[04:22:09] [436/459] ARTS
[04:22:10] 🔄 Identity reset
[04:22:10] 🔄 Identity rotated (every 10 requests)
[04:22:10] [437/459] SRHK
[04:22:11] [438/459] SPAY
[04:22:12] [439/459] GPTB
[04:22:13] [440/459] SNNN
[04:22:13] [441/459] BALJ
[04:22:14] [442/459] TRIG
[04:22:14] [443/459] GTYT
[04:22:15] [444/459] ATGN
[04:22:16] [445/459] ANTE
[04:22:17] [446/459] BDCG
[04:22:17] 🔄 Identity reset
[04:22:17] 🔄 Identity rotated (every 10 requests)
[04:22:17] [447/459] VECI
[04:22:18] [448/459] SCPR
[04:22:19] [449/459] RTEA
[04:22:19] [450/459] JSAI
[04:22:20] [451/459] VJTP
[04:22:21] [452/459] GNDS
[04:22:22] [453/459] PAXA
[04:22:22] [454/459] CGGM
[04:22:23] [455/459] ACKZ
[04:22:23] [456/459] EMCC
[04:22:24] 🔄 Identity reset
[04:22:24] 🔄 Identity rotated (every 10 requests)
[04:22:24] [457/459] KLSK
[04:22:25] [458/459] AVCK
[04:22:26] [459/459] JTCK
[04:22:27] ✅ DONE | Shows=1 | Movies=1
[05:16:13] 🚀 BMS DAILY TRACKER STARTED (enhanced anti‑detection)
[05:16:13] [1/459] NECA
[05:16:14] 🧠 New identity created
[05:16:14] [2/459] BJLC
[05:16:15] [3/459] BASU
[05:16:16] [4/459] RUPI
[05:16:17] [5/459] LCBK
[05:16:18] [6/459] PMAC
[05:16:18] [7/459] AMLC
[05:16:19] [8/459] LICL
[05:16:20] [9/459] UDMM
[05:16:21] [10/459] STBZ
[05:16:21] 🔄 Identity reset
[05:16:21] 🔄 Identity rotated (every 10 requests)
[05:16:22] [11/459] UUBT
[05:16:22] [12/459] SJKC
[05:16:23] [13/459] TUAL
[05:16:24] [14/459] MRSE
[05:16:25] [15/459] RMRK
[05:16:25] [16/459] TTKP
[05:16:26] [17/459] KTKO
[05:16:27] [18/459] SDBK
[05:16:27] [19/459] MCPR
[05:16:28] [20/459] CHTI
[05:16:29] 🔄 Identity reset
[05:16:29] 🔄 Identity rotated (every 10 requests)
[05:16:30] [21/459] GCCP
[05:16:31] [22/459] SRMY
[05:16:31] [23/459] NYST
[05:16:32] [24/459] NYAG
[05:16:33] [25/459] SBMT
[05:16:34] [26/459] INGA
[05:16:34] [27/459] WSIC
[05:16:35] [28/459] SCSS
[05:16:36] [29/459] COPG
[05:16:36] [30/459] RCGR
[05:16:37] 🔄 Identity reset
[05:16:37] 🔄 Identity rotated (every 10 requests)
[05:16:37] [31/459] TCZA
[05:16:38] [32/459] CNLP
[05:16:38] [33/459] CLKN
[05:16:39] [34/459] LHDF
[05:16:40] [35/459] ELKC
[05:16:40] [36/459] VCEM
[05:16:41] [37/459] SSZA
[05:16:42] [38/459] KRMT
[05:16:43] [39/459] LCMV
[05:16:45] [40/459] AYCZ
[05:16:45] 🔄 Identity reset
[05:16:45] 🔄 Identity rotated (every 10 requests)
[05:16:45] [41/459] CUMS
[05:16:46] [42/459] BOCK
[05:16:47] [43/459] PNMR
[05:16:48] [44/459] PJCP
[05:16:49] [45/459] JDDD
[05:16:50] [46/459] STMS
[05:16:50] [47/459] FLMB
[05:16:51] [48/459] PKCM
[05:16:52] [49/459] SPPR
[05:16:53] [50/459] EYLH
[05:16:53] 🔄 Identity reset
[05:16:53] 🔄 Identity rotated (every 10 requests)
[05:16:54] [51/459] RJCC
[05:16:55] [52/459] MMPS
[05:16:56] [53/459] SHMX
[05:16:57] [54/459] CCNL
[05:16:57] [55/459] RCNV
[05:16:58] [56/459] MAAG
[05:16:59] [57/459] LXCM
[05:17:00] [58/459] RCNI
[05:17:00] [59/459] SNNI
[05:17:01] [60/459] LALC
[05:17:01] 🔄 Identity reset
[05:17:01] 🔄 Identity rotated (every 10 requests)
[05:17:02] [61/459] SOCN
[05:17:02] [62/459] JHTP
[05:17:03] [63/459] PITP
[05:17:04] [64/459] CCKW
[05:17:05] [65/459] MCMC
[05:17:06] [66/459] DEES
[05:17:07] [67/459] SABT
[05:17:08] [68/459] VSPP
[05:17:09] [69/459] ABCT
[05:17:10] [70/459] JVTB
[05:17:10] 🔄 Identity reset
[05:17:10] 🔄 Identity rotated (every 10 requests)
[05:17:11] [71/459] VCBD
[05:17:11] [72/459] RMGG
[05:17:12] [73/459] RNMH
[05:17:13] [74/459] SPGL
[05:17:14] [75/459] JTTR
[05:17:15] [76/459] SICS
[05:17:15] [77/459] SRMI
[05:17:16] [78/459] SSIJ
[05:17:17] [79/459] KFMT
[05:17:18] [80/459] VBIT
[05:17:18] 🔄 Identity reset
[05:17:18] 🔄 Identity rotated (every 10 requests)
[05:17:19] [81/459] JKCT
[05:17:19] [82/459] GCGP
[05:17:20] [83/459] GDCS
[05:17:21] [84/459] TRBA
[05:17:22] [85/459] QUST
[05:17:23] [86/459] VSHM
[05:17:24] [87/459] SDCP
[05:17:24] [88/459] SNVS
[05:17:25] [89/459] NYTO
[05:17:26] [90/459] URWC
[05:17:27] 🔄 Identity reset
[05:17:27] 🔄 Identity rotated (every 10 requests)
[05:17:27] [91/459] GTWH
[05:17:29] [92/459] PFCM
[05:17:30] [93/459] KRTA
[05:17:30] [94/459] AXMC
[05:17:31] [95/459] EVMC
[05:17:32] [96/459] HGSM
[05:17:33] [97/459] ACVM
[05:17:33] [98/459] PSKL
[05:17:34] [99/459] RDMP
[05:17:34] [100/459] RHGH
[05:17:35] 🔄 Identity reset
[05:17:35] 🔄 Identity rotated (every 10 requests)
[05:17:35] [101/459] OMCM
[05:17:36] [102/459] DCCP
[05:17:36] [103/459] MCPB
[05:17:37] [104/459] ALCI
[05:17:38] [105/459] BLMX
[05:17:39] [106/459] BTMV
[05:17:40] [107/459] FVPN
[05:17:41] [108/459] CMAR
[05:17:41] [109/459] CEIM
[05:17:42] [110/459] CMVA
[05:17:42] 🔄 Identity reset
[05:17:42] 🔄 Identity rotated (every 10 requests)
[05:17:43] [111/459] CPIV
[05:17:43] [112/459] CNPE
[05:17:44] [113/459] COLV
[05:17:45] [114/459] DNNV
[05:17:45] [115/459] HCAD
[05:17:46] [116/459] TAKA
[05:17:47] [117/459] INVD
[05:17:47] [118/459] IRMM
[05:17:48] [119/459] INSE
[05:17:48] [120/459] MRSW
[05:17:49] 🔄 Identity reset
[05:17:49] 🔄 Identity rotated (every 10 requests)
[05:17:49] [121/459] MCVD
[05:17:50] [122/459] MCSO
[05:17:51] [123/459] PEVM
[05:17:51] [124/459] PVNL
[05:17:52] [125/459] PTCV
[05:17:53] [126/459] PRTC
[05:17:54] [127/459] RCVA
[05:17:54] [128/459] MTBN
[05:17:55] [129/459] LUCP
[05:17:56] [130/459] FMPT
[05:17:56] 🔄 Identity reset
[05:17:56] 🔄 Identity rotated (every 10 requests)
[05:17:57] [131/459] JLSL
[05:17:57] [132/459] SBHA
[05:17:58] [133/459] SHRC
[05:17:59] [134/459] AVPS
[05:18:00] [135/459] STPM
[05:18:01] [136/459] ATRD
[05:18:02] [137/459] VTED
[05:18:03] [138/459] ACAI
[05:18:04] [139/459] SMAE
[05:18:04] [140/459] VMAT
[05:18:05] 🔄 Identity reset
[05:18:05] 🔄 Identity rotated (every 10 requests)
[05:18:05] [141/459] LKCT
[05:18:06] [142/459] JTVK
[05:18:06] [143/459] PRTY
[05:18:07] [144/459] GETT
[05:18:08] [145/459] ESAP
[05:18:08] [146/459] NCPM
[05:18:09] [147/459] PCPA
[05:18:10] [148/459] MMOM
[05:18:10] [149/459] PHUP
[05:18:11] [150/459] CCPI
[05:18:12] 🔄 Identity reset
[05:18:12] 🔄 Identity rotated (every 10 requests)
[05:18:12] [151/459] CNTD
[05:18:13] [152/459] NLJR
[05:18:14] [153/459] SRNG
[05:18:15] [154/459] MHAL
[05:18:15] [155/459] PNSM
[05:18:16] [156/459] DRMY
[05:18:17] [157/459] CCMU
[05:18:18] [158/459] SCMY
[05:18:19] [159/459] PVSY
[05:18:19] [160/459] SDLM
[05:18:20] 🔄 Identity reset
[05:18:20] 🔄 Identity rotated (every 10 requests)
[05:18:20] [161/459] ICCM
[05:18:21] [162/459] PYSU
[05:18:21] [163/459] GATM
[05:18:22] [164/459] WOTM
[05:18:23] [165/459] RKTS
[05:18:24] [166/459] PMTY
[05:18:25] [167/459] LYMS
[05:18:25] [168/459] TGCA
[05:18:26] [169/459] DSTA
[05:18:27] [170/459] CNGE
[05:18:27] 🔄 Identity reset
[05:18:28] 🔄 Identity rotated (every 10 requests)
[05:18:28] [171/459] VSTG
[05:18:28] [172/459] GTCK
[05:18:29] [173/459] TGNT
[05:18:29] [174/459] ASLC
[05:18:30] [175/459] SSST
[05:18:31] [176/459] KBTT
[05:18:31] [177/459] HKCP
[05:18:33] [178/459] SWLC
[05:18:33] [179/459] RTND
[05:18:34] [180/459] PKKT
[05:18:35] 🔄 Identity reset
[05:18:35] 🔄 Identity rotated (every 10 requests)
[05:18:35] [181/459] HSTK
[05:18:36] [182/459] SPTT
[05:18:37] [183/459] IMPM
[05:18:38] [184/459] SCMV
[05:18:38] [185/459] SPCT
[05:18:39] [186/459] JBCA
[05:18:40] [187/459] ATTR
[05:18:40] [188/459] SPMT
[05:18:41] [189/459] LCTM
[05:18:41] [190/459] SCVL
[05:18:42] 🔄 Identity reset
[05:18:42] 🔄 Identity rotated (every 10 requests)
[05:18:42] [191/459] SCVT
[05:18:43] [192/459] KRIC
[05:18:44] [193/459] CTMG
[05:18:44] [194/459] ACNC
[05:18:45] [195/459] DMCK
[05:18:46] [196/459] KMTV
[05:18:47] [197/459] PFCJ
[05:18:47] [198/459] VNMD
[05:18:49] [199/459] VPCZ
[05:18:49] [200/459] SRYR
[05:18:50] 🔄 Identity reset
[05:18:50] 🔄 Identity rotated (every 10 requests)
[05:18:50] [201/459] SYTR
[05:18:51] [202/459] GATR
[05:18:52] [203/459] URTR
[05:18:53] [204/459] MKSM
[05:18:54] [205/459] VSMH
[05:18:55] [206/459] SKRJ
[05:18:56] [207/459] SSJR
[05:18:57] [208/459] SVSM
[05:18:58] [209/459] RUCM
[05:18:58] [210/459] PRKN
[05:18:59] 🔄 Identity reset
[05:18:59] 🔄 Identity rotated (every 10 requests)
[05:18:59] [211/459] RROH
[05:19:00] [212/459] SCTN
[05:19:01] [213/459] RTDM
[05:19:01] [214/459] ASRM
[05:19:02] [215/459] SKMD
[05:19:03] [216/459] SUTD
[05:19:04] [217/459] SADM
[05:19:05] [218/459] WCNR
[05:19:05] [219/459] CNED
[05:19:06] [220/459] MPDB
[05:19:07] 🔄 Identity reset
[05:19:07] 🔄 Identity rotated (every 10 requests)
[05:19:07] [221/459] KTBH
[05:19:08] [222/459] IDRM
[05:19:09] [223/459] PJJT
[05:19:10] [224/459] PFCV
[05:19:11] [225/459] AACT
[05:19:12] [226/459] AAAD
[05:19:12] [227/459] ANES
[05:19:13] [228/459] MNCA
[05:19:14] [229/459] RMGU
[05:19:15] [230/459] DLCN
[05:19:16] 🔄 Identity reset
[05:19:16] 🔄 Identity rotated (every 10 requests)
[05:19:16] [231/459] LJWT
[05:19:17] [232/459] MCBG
[05:19:18] [233/459] MYBG
[05:19:19] [234/459] GCCA
[05:19:19] [235/459] GCGA
[05:19:20] [236/459] ECGN
[05:19:21] [237/459] PRAB
[05:19:22] [238/459] PNMP
[05:19:23] [239/459] GCPT
[05:19:23] [240/459] ROYN
[05:19:24] 🔄 Identity reset
[05:19:24] 🔄 Identity rotated (every 10 requests)
[05:19:24] [241/459] VATM
[05:19:25] [242/459] KSNT
[05:19:26] [243/459] ACTC
[05:19:26] [244/459] PLTD
[05:19:27] [245/459] SKMK
[05:19:28] [246/459] CMTT
[05:19:29] [247/459] SMXP
[05:19:30] [248/459] SCMX
[05:19:31] [249/459] ACXN
[05:19:31] [250/459] ASWT
[05:19:32] 🔄 Identity reset
[05:19:32] 🔄 Identity rotated (every 10 requests)
[05:19:32] [251/459] VVVL
[05:19:33] [252/459] NAGO
[05:19:34] [253/459] SNCN
[05:19:35] [254/459] MCKP
[05:19:36] [255/459] SAMO
[05:19:36] [256/459] JBTV
[05:19:37] [257/459] DCVV
[05:19:38] [258/459] KMSV
[05:19:39] [259/459] KDCN
[05:19:40] [260/459] CNCP
[05:19:40] 🔄 Identity reset
[05:19:40] 🔄 Identity rotated (every 10 requests)
[05:19:41] [261/459] HAMC
[05:19:41] [262/459] CCVZ
[05:19:42] [263/459] NCCK
[05:19:43] [264/459] MCHR
[05:19:43] [265/459] SCHT
[05:19:44] [266/459] ESSH
[05:19:45] [267/459] CUJC
[05:19:46] [268/459] PECP
[05:19:47] [269/459] PMMI
[05:19:48] [270/459] PCCH
[05:19:48] 🔄 Identity reset
[05:19:48] 🔄 Identity rotated (every 10 requests)
[05:19:49] [271/459] PRPM
[05:19:50] [272/459] PVKL
[05:19:51] [273/459] CBSM
[05:19:51] [274/459] PVCZ
[05:19:52] [275/459] PCVV
[05:19:53] [276/459] CTMJ
[05:19:54] [277/459] RCPS
[05:19:55] [278/459] PCIT
[05:19:55] [279/459] FNCH
[05:19:56] [280/459] INZD
[05:19:57] 🔄 Identity reset
[05:19:57] 🔄 Identity rotated (every 10 requests)
[05:19:57] [281/459] INPC
[05:19:58] [282/459] LCZP
[05:19:58] [283/459] SMCB
[05:19:59] [284/459] PTSB
[05:20:00] [285/459] TPSI
[05:20:01] [286/459] KHMJ
[05:20:02] [287/459] RCCJ
[05:20:03] [288/459] NCJA
[05:20:03] [289/459] NCJN
[05:20:04] [290/459] BTDP
[05:20:05] 🔄 Identity reset
[05:20:05] 🔄 Identity rotated (every 10 requests)
[05:20:05] [291/459] PADY
[05:20:06] [292/459] NYBH
[05:20:06] [293/459] MTBR
[05:20:07] [294/459] KRBC
[05:20:08] [295/459] DKTI
[05:20:09] [296/459] ANAN
[05:20:09] [297/459] INBP
[05:20:10] [298/459] PATB
[05:20:11] [299/459] RGNT
[05:20:11] [300/459] CGPM
[05:20:12] 🔄 Identity reset
[05:20:12] 🔄 Identity rotated (every 10 requests)
[05:20:12] [301/459] INTN
[05:20:13] [302/459] MCMP
[05:20:14] [303/459] ASRG
[05:20:15] [304/459] CXJD
[05:20:16] [305/459] SPCP
[05:20:16] [306/459] CSTP
[05:20:17] [307/459] PKVC
[05:20:17] [308/459] ESCP
[05:20:18] [309/459] CAEP
[05:20:19] [310/459] CCSP
[05:20:20] 🔄 Identity reset
[05:20:20] 🔄 Identity rotated (every 10 requests)
[05:20:20] [311/459] KTPC
[05:20:21] [312/459] DACA
[05:20:22] [313/459] NVKY
[05:20:23] [314/459] PTIN
[05:20:24] [315/459] SCIN
[05:20:24] [316/459] MCTY
[05:20:25] [317/459] PCMX
[05:20:26] [318/459] INIC
[05:20:27] [319/459] MMZM
[05:20:28] [320/459] SSLP
[05:20:29] 🔄 Identity reset
[05:20:29] 🔄 Identity rotated (every 10 requests)
[05:20:29] [321/459] DTDT
[05:20:30] [322/459] FFCX
[05:20:31] [323/459] RCMM
[05:20:32] [324/459] KYID
[05:20:33] [325/459] CSCI
[05:20:34] [326/459] FCMC
[05:20:35] [327/459] MMXI
[05:20:36] [328/459] ASTC
[05:20:37] [329/459] CMRA
[05:20:37] [330/459] DICI
[05:20:38] 🔄 Identity reset
[05:20:38] 🔄 Identity rotated (every 10 requests)
[05:20:38] [331/459] KDIN
[05:20:39] [332/459] PRFI
[05:20:40] [333/459] SVFC
[05:20:41] [334/459] UCPL
[05:20:41] [335/459] COOC
[05:20:42] [336/459] SCAL
[05:20:43] [337/459] SVFF
[05:20:44] [338/459] VCMG
[05:20:44] [339/459] UUCT
[05:20:45] [340/459] GCSE
[05:20:46] 🔄 Identity reset
[05:20:46] 🔄 Identity rotated (every 10 requests)
[05:20:46] [341/459] SUSC
[05:20:47] [342/459] MISC
[05:20:47] [343/459] RMBL
[05:20:48] [344/459] CMXN
[05:20:49] [345/459] PVBK
[05:20:50] [346/459] HHCG
[05:20:50] [347/459] SCAG
[05:20:51] [348/459] CNPR
[05:20:52] [349/459] CSER
[05:20:52] [350/459] HLWD
[05:20:53] 🔄 Identity reset
[05:20:53] 🔄 Identity rotated (every 10 requests)
[05:20:53] [351/459] BOLY
[05:20:54] [352/459] SSPG
[05:20:55] [353/459] MUPX
[05:20:56] [354/459] HAMR
[05:20:57] [355/459] SDNC
[05:20:57] [356/459] RTEN
[05:20:58] [357/459] SDTD
[05:20:59] [358/459] KAWS
[05:21:00] [359/459] CMZX
[05:21:01] [360/459] DCDD
[05:21:02] 🔄 Identity reset
[05:21:02] 🔄 Identity rotated (every 10 requests)
[05:21:02] [361/459] ALSN
[05:21:02] [362/459] IMXS
[05:21:03] [363/459] PVFF
[05:21:04] [364/459] PVOO
[05:21:05] [365/459] CFBS
[05:21:06] [366/459] PVER
[05:21:07] [367/459] PPNX
[05:21:07] [368/459] CNRM
[05:21:08] [369/459] PVWW
[05:21:09] [370/459] INMB
[05:21:09] 🔄 Identity reset
[05:21:09] 🔄 Identity rotated (every 10 requests)
[05:21:10] [371/459] CPJR
[05:21:10] [372/459] INRZ
[05:21:11] [373/459] PMSR
[05:21:12] [374/459] GPGM
[05:21:13] [375/459] PGWB
[05:21:13] [376/459] PMBR
[05:21:14] [377/459] GPAM
[05:21:15] [378/459] INBC
[05:21:16] [379/459] PZVK
[05:21:16] [380/459] CPEB
[05:21:17] 🔄 Identity reset
[05:21:17] 🔄 Identity rotated (every 10 requests)
[05:21:17] [381/459] FMLB
[05:21:18] [382/459] INBG
[05:21:19] [383/459] GPBR
[05:21:20] [384/459] PAAS
[05:21:20] [385/459] VTBR
[05:21:21] [386/459] GPMY
[05:21:22] [387/459] GYBU
[05:21:22] [388/459] INBJ
[05:21:23] [389/459] LKTH
[05:21:24] [390/459] NSBR
[05:21:24] 🔄 Identity reset
[05:21:24] 🔄 Identity rotated (every 10 requests)
[05:21:24] [391/459] PDRD
[05:21:25] [392/459] VRBL
[05:21:26] [393/459] VTGB
[05:21:26] [394/459] VTSK
[05:21:27] [395/459] BKDV
[05:21:28] [396/459] SVTB
[05:21:29] [397/459] MLDT
[05:21:30] [398/459] NRBL
[05:21:30] [399/459] SLTR
[05:21:32] [400/459] VNKA
[05:21:33] 🔄 Identity reset
[05:21:33] 🔄 Identity rotated (every 10 requests)
[05:21:33] [401/459] TDCA
[05:21:33] [402/459] INBM
[05:21:34] [403/459] SSNR
[05:21:35] [404/459] BHAC
[05:21:36] [405/459] SDSD
[05:21:36] [406/459] SAMP
[05:21:37] [407/459] RATK
[05:21:38] [408/459] KCBI
[05:21:38] [409/459] URBL
[05:21:39] [410/459] MKBG
[05:21:40] 🔄 Identity reset
[05:21:40] 🔄 Identity rotated (every 10 requests)
[05:21:40] [411/459] ASTB
[05:21:42] [412/459] VBWT
[05:21:42] [413/459] GPSM
[05:21:43] [414/459] ROON
[05:21:44] [415/459] CHTH
[05:21:44] [416/459] SSPA
[05:21:45] [417/459] ANBL
[05:21:46] [418/459] VTBE
[05:21:47] [419/459] SVKT
[05:21:48] [420/459] SVYK
[05:21:48] 🔄 Identity reset
[05:21:48] 🔄 Identity rotated (every 10 requests)
[05:21:49] [421/459] PTBK
[05:21:49] [422/459] RKTB
[05:21:50] [423/459] BALT
[05:21:51] [424/459] STSV
[05:21:51] [425/459] VCCB
[05:21:52] [426/459] SLTB
[05:21:53] [427/459] SBCR
[05:21:54] [428/459] VDCS
[05:21:54] [429/459] MDKI
[05:21:55] [430/459] SMRN
[05:21:56] 🔄 Identity reset
[05:21:56] 🔄 Identity rotated (every 10 requests)
[05:21:56] [431/459] PTBC
[05:21:57] [432/459] RADI
[05:21:58] [433/459] ADCR
[05:21:59] [434/459] SDCS
[05:21:59] [435/459] SRPJ
[05:22:00] [436/459] ARTS
[05:22:01] [437/459] SRHK
[05:22:02] [438/459] SPAY
[05:22:03] [439/459] GPTB
[05:22:04] [440/459] SNNN
[05:22:05] 🔄 Identity reset
[05:22:05] 🔄 Identity rotated (every 10 requests)
[05:22:05] [441/459] BALJ
[05:22:06] [442/459] TRIG
[05:22:07] [443/459] GTYT
[05:22:07] [444/459] ATGN
[05:22:08] [445/459] ANTE
[05:22:09] [446/459] BDCG
[05:22:10] [447/459] VECI
[05:22:10] [448/459] SCPR
[05:22:11] [449/459] RTEA
[05:22:12] [450/459] JSAI
[05:22:12] 🔄 Identity reset
[05:22:12] 🔄 Identity rotated (every 10 requests)
[05:22:13] [451/459] VJTP
[05:22:14] [452/459] GNDS
[05:22:14] [453/459] PAXA
[05:22:15] [454/459] CGGM
[05:22:16] [455/459] ACKZ
[05:22:17] [456/459] EMCC
[05:22:18] [457/459] KLSK
[05:22:18] [458/459] AVCK
[05:22:19] [459/459] JTCK
[05:22:21] ✅ DONE | Shows=20 | Movies=6
[05:34:52] 🚀 BMS DAILY TRACKER STARTED (enhanced anti‑detection)
[05:34:52] [1/459] NECA
[05:34:53] 🧠 New identity created
[05:34:53] [2/459] BJLC
[05:34:54] [3/459] BASU
[05:34:55] [4/459] RUPI
[05:34:56] [5/459] LCBK
[05:34:57] [6/459] PMAC
[05:34:58] [7/459] AMLC
[05:34:58] [8/459] LICL
[05:34:59] [9/459] UDMM
[05:35:00] [10/459] STBZ
[05:35:01] 🔄 Identity reset
[05:35:01] 🔄 Identity rotated (every 10 requests)
[05:35:01] [11/459] UUBT
[05:35:02] [12/459] SJKC
[05:35:03] [13/459] TUAL
[05:35:03] [14/459] MRSE
[05:35:04] [15/459] RMRK
[05:35:05] [16/459] TTKP
[05:35:06] [17/459] KTKO
[05:35:07] [18/459] SDBK
[05:35:08] [19/459] MCPR
[05:35:08] [20/459] CHTI
[05:35:09] 🔄 Identity reset
[05:35:09] 🔄 Identity rotated (every 10 requests)
[05:35:09] [21/459] GCCP
[05:35:10] [22/459] SRMY
[05:35:11] [23/459] NYST
[05:35:12] [24/459] NYAG
[05:35:12] [25/459] SBMT
[05:35:13] [26/459] INGA
[05:35:14] [27/459] WSIC
[05:35:15] [28/459] SCSS
[05:35:16] [29/459] COPG
[05:35:17] [30/459] RCGR
[05:35:18] 🔄 Identity reset
[05:35:18] 🔄 Identity rotated (every 10 requests)
[05:35:18] [31/459] TCZA
[05:35:19] [32/459] CNLP
[05:35:19] [33/459] CLKN
[05:35:20] [34/459] LHDF
[05:35:21] [35/459] ELKC
[05:35:22] [36/459] VCEM
[05:35:22] [37/459] SSZA
[05:35:23] [38/459] KRMT
[05:35:24] [39/459] LCMV
[05:35:25] [40/459] AYCZ
[05:35:25] 🔄 Identity reset
[05:35:25] 🔄 Identity rotated (every 10 requests)
[05:35:25] [41/459] CUMS
[05:35:26] [42/459] BOCK
[05:35:27] [43/459] PNMR
[05:35:28] [44/459] PJCP
[05:35:29] [45/459] JDDD
[05:35:30] [46/459] STMS
[05:35:31] [47/459] FLMB
[05:35:31] [48/459] PKCM
[05:35:32] [49/459] SPPR
[05:35:33] [50/459] EYLH
[05:35:34] 🔄 Identity reset
[05:35:34] 🔄 Identity rotated (every 10 requests)
[05:35:34] [51/459] RJCC
[05:35:35] [52/459] MMPS
[05:35:36] [53/459] SHMX
[05:35:37] [54/459] CCNL
[05:35:37] [55/459] RCNV
[05:35:38] [56/459] MAAG
[05:35:40] [57/459] LXCM
[05:35:41] [58/459] RCNI
[05:35:41] [59/459] SNNI
[05:35:42] [60/459] LALC
[05:35:43] 🔄 Identity reset
[05:35:43] 🔄 Identity rotated (every 10 requests)
[05:35:43] [61/459] SOCN
[05:35:44] [62/459] JHTP
[05:35:45] [63/459] PITP
[05:35:46] [64/459] CCKW
[05:35:47] [65/459] MCMC
[05:35:47] [66/459] DEES
[05:35:48] [67/459] SABT
[05:35:49] [68/459] VSPP
[05:35:50] [69/459] ABCT
[05:35:50] [70/459] JVTB
[05:35:51] 🔄 Identity reset
[05:35:51] 🔄 Identity rotated (every 10 requests)
[05:35:52] [71/459] VCBD
[05:35:53] [72/459] RMGG
[05:35:53] [73/459] RNMH
[05:35:54] [74/459] SPGL
[05:35:55] [75/459] JTTR
[05:35:56] [76/459] SICS
[05:35:56] [77/459] SRMI
[05:35:57] [78/459] SSIJ
[05:35:58] [79/459] KFMT
[05:35:59] [80/459] VBIT
[05:35:59] 🔄 Identity reset
[05:35:59] 🔄 Identity rotated (every 10 requests)
[05:35:59] [81/459] JKCT
[05:36:00] [82/459] GCGP
[05:36:01] [83/459] GDCS
[05:36:02] [84/459] TRBA
[05:36:02] [85/459] QUST
[05:36:03] [86/459] VSHM
[05:36:04] [87/459] SDCP
[05:36:05] [88/459] SNVS
[05:36:05] [89/459] NYTO
[05:36:06] [90/459] URWC
[05:36:06] 🔄 Identity reset
[05:36:07] 🔄 Identity rotated (every 10 requests)
[05:36:07] [91/459] GTWH
[05:36:07] [92/459] PFCM
[05:36:08] [93/459] KRTA
[05:36:09] [94/459] AXMC
[05:36:10] [95/459] EVMC
[05:36:10] [96/459] HGSM
[05:36:11] [97/459] ACVM
[05:36:12] [98/459] PSKL
[05:36:13] [99/459] RDMP
[05:36:13] [100/459] RHGH
[05:36:14] 🔄 Identity reset
[05:36:14] 🔄 Identity rotated (every 10 requests)
[05:36:14] [101/459] OMCM
[05:36:15] [102/459] DCCP
[05:36:15] [103/459] MCPB
[05:36:16] [104/459] ALCI
[05:36:17] [105/459] BLMX
[05:36:17] [106/459] BTMV
[05:36:18] [107/459] FVPN
[05:36:18] [108/459] CMAR
[05:36:19] [109/459] CEIM
[05:36:20] [110/459] CMVA
[05:36:21] 🔄 Identity reset
[05:36:21] 🔄 Identity rotated (every 10 requests)
[05:36:21] [111/459] CPIV
[05:36:21] [112/459] CNPE
[05:36:22] [113/459] COLV
[05:36:23] [114/459] DNNV
[05:36:23] [115/459] HCAD
[05:36:24] [116/459] TAKA
[05:36:25] [117/459] INVD
[05:36:25] [118/459] IRMM
[05:36:26] [119/459] INSE
[05:36:27] [120/459] MRSW
[05:36:28] 🔄 Identity reset
[05:36:28] 🔄 Identity rotated (every 10 requests)
[05:36:28] [121/459] MCVD
[05:36:29] [122/459] MCSO
[05:36:30] [123/459] PEVM
[05:36:30] [124/459] PVNL
[05:36:31] [125/459] PTCV
[05:36:31] [126/459] PRTC
[05:36:32] [127/459] RCVA
[05:36:33] [128/459] MTBN
[05:36:33] [129/459] LUCP
[05:36:34] [130/459] FMPT
[05:36:35] 🔄 Identity reset
[05:36:35] 🔄 Identity rotated (every 10 requests)
[05:36:35] [131/459] JLSL
[05:36:36] [132/459] SBHA
[05:36:36] [133/459] SHRC
[05:36:37] [134/459] AVPS
[05:36:38] [135/459] STPM
[05:36:39] [136/459] ATRD
[05:36:39] [137/459] VTED
[05:36:40] [138/459] ACAI
[05:36:40] [139/459] SMAE
[05:36:41] [140/459] VMAT
[05:36:42] 🔄 Identity reset
[05:36:42] 🔄 Identity rotated (every 10 requests)
[05:36:42] [141/459] LKCT
[05:36:42] [142/459] JTVK
[05:36:43] [143/459] PRTY
[05:36:44] [144/459] GETT
[05:36:45] [145/459] ESAP
[05:36:46] [146/459] NCPM
[05:36:46] [147/459] PCPA
[05:36:47] [148/459] MMOM
[05:36:48] [149/459] PHUP
[05:36:49] [150/459] CCPI
[05:36:49] 🔄 Identity reset
[05:36:49] 🔄 Identity rotated (every 10 requests)
[05:36:49] [151/459] CNTD
[05:36:50] [152/459] NLJR
[05:36:51] [153/459] SRNG
[05:36:51] [154/459] MHAL
[05:36:52] [155/459] PNSM
[05:36:53] [156/459] DRMY
[05:36:53] [157/459] CCMU
[05:36:54] [158/459] SCMY
[05:36:55] [159/459] PVSY
[05:36:56] [160/459] SDLM
[05:36:56] 🔄 Identity reset
[05:36:56] 🔄 Identity rotated (every 10 requests)
[05:36:56] [161/459] ICCM
[05:36:57] [162/459] PYSU
[05:36:58] [163/459] GATM
[05:36:58] [164/459] WOTM
[05:36:59] [165/459] RKTS
[05:37:00] [166/459] PMTY
[05:37:00] [167/459] LYMS
[05:37:01] [168/459] TGCA
[05:37:02] [169/459] DSTA
[05:37:03] [170/459] CNGE
[05:37:03] 🔄 Identity reset
[05:37:03] 🔄 Identity rotated (every 10 requests)
[05:37:03] [171/459] VSTG
[05:37:04] [172/459] GTCK
[05:37:05] [173/459] TGNT
[05:37:06] [174/459] ASLC
[05:37:06] [175/459] SSST
[05:37:07] [176/459] KBTT
[05:37:08] [177/459] HKCP
[05:37:08] [178/459] SWLC
[05:37:09] [179/459] RTND
[05:37:10] [180/459] PKKT
[05:37:10] 🔄 Identity reset
[05:37:10] 🔄 Identity rotated (every 10 requests)
[05:37:11] [181/459] HSTK
[05:37:11] [182/459] SPTT
[05:37:12] [183/459] IMPM
[05:37:13] [184/459] SCMV
[05:37:13] [185/459] SPCT
[05:37:14] [186/459] JBCA
[05:37:15] [187/459] ATTR
[05:37:15] [188/459] SPMT
[05:37:16] [189/459] LCTM
[05:37:17] [190/459] SCVL
[05:37:17] 🔄 Identity reset
[05:37:17] 🔄 Identity rotated (every 10 requests)
[05:37:18] [191/459] SCVT
[05:37:18] [192/459] KRIC
[05:37:19] [193/459] CTMG
[05:37:20] [194/459] ACNC
[05:37:20] [195/459] DMCK
[05:37:21] [196/459] KMTV
[05:37:22] [197/459] PFCJ
[05:37:23] [198/459] VNMD
[05:37:23] [199/459] VPCZ
[05:37:24] [200/459] SRYR
[05:37:25] 🔄 Identity reset
[05:37:25] 🔄 Identity rotated (every 10 requests)
[05:37:25] [201/459] SYTR
[05:37:25] [202/459] GATR
[05:37:26] [203/459] URTR
[05:37:27] [204/459] MKSM
[05:37:27] [205/459] VSMH
[05:37:28] [206/459] SKRJ
[05:37:29] [207/459] SSJR
[05:37:30] [208/459] SVSM
[05:37:31] [209/459] RUCM
[05:37:31] [210/459] PRKN
[05:37:32] 🔄 Identity reset
[05:37:32] 🔄 Identity rotated (every 10 requests)
[05:37:32] [211/459] RROH
[05:37:33] [212/459] SCTN
[05:37:33] [213/459] RTDM
[05:37:34] [214/459] ASRM
[05:37:35] [215/459] SKMD
[05:37:36] [216/459] SUTD
[05:37:36] [217/459] SADM
[05:37:37] [218/459] WCNR
[05:37:38] [219/459] CNED
[05:37:38] [220/459] MPDB
[05:37:39] 🔄 Identity reset
[05:37:39] 🔄 Identity rotated (every 10 requests)
[05:37:39] [221/459] KTBH
[05:37:40] [222/459] IDRM
[05:37:40] [223/459] PJJT
[05:37:41] [224/459] PFCV
[05:37:42] [225/459] AACT
[05:37:43] [226/459] AAAD
[05:37:43] [227/459] ANES
[05:37:44] [228/459] MNCA
[05:37:44] [229/459] RMGU
[05:37:45] [230/459] DLCN
[05:37:46] 🔄 Identity reset
[05:37:46] 🔄 Identity rotated (every 10 requests)
[05:37:46] [231/459] LJWT
[05:37:47] [232/459] MCBG
[05:37:47] [233/459] MYBG
[05:37:48] [234/459] GCCA
[05:37:49] [235/459] GCGA
[05:37:50] [236/459] ECGN
[05:37:50] [237/459] PRAB
[05:37:51] [238/459] PNMP
[05:37:51] [239/459] GCPT
[05:37:52] [240/459] ROYN
[05:37:53] 🔄 Identity reset
[05:37:53] 🔄 Identity rotated (every 10 requests)
[05:37:53] [241/459] VATM
[05:37:54] [242/459] KSNT
[05:37:54] [243/459] ACTC
[05:37:55] [244/459] PLTD
[05:37:56] [245/459] SKMK
[05:37:57] [246/459] CMTT
[05:37:57] [247/459] SMXP
[05:37:58] [248/459] SCMX
[05:37:59] [249/459] ACXN
[05:38:00] [250/459] ASWT
[05:38:00] 🔄 Identity reset
[05:38:00] 🔄 Identity rotated (every 10 requests)
[05:38:00] [251/459] VVVL
[05:38:01] [252/459] NAGO
[05:38:02] [253/459] SNCN
[05:38:02] [254/459] MCKP
[05:38:03] [255/459] SAMO
[05:38:04] [256/459] JBTV
[05:38:05] [257/459] DCVV
[05:38:06] [258/459] KMSV
[05:38:06] [259/459] KDCN
[05:38:07] [260/459] CNCP
[05:38:08] 🔄 Identity reset
[05:38:08] 🔄 Identity rotated (every 10 requests)
[05:38:08] [261/459] HAMC
[05:38:09] [262/459] CCVZ
[05:38:09] [263/459] NCCK
[05:38:10] [264/459] MCHR
[05:38:11] [265/459] SCHT
[05:38:12] [266/459] ESSH
[05:38:12] [267/459] CUJC
[05:38:13] [268/459] PECP
[05:38:13] [269/459] PMMI
[05:38:14] [270/459] PCCH
[05:38:15] 🔄 Identity reset
[05:38:15] 🔄 Identity rotated (every 10 requests)
[05:38:15] [271/459] PRPM
[05:38:16] [272/459] PVKL
[05:38:16] [273/459] CBSM
[05:38:17] [274/459] PVCZ
[05:38:17] [275/459] PCVV
[05:38:18] [276/459] CTMJ
[05:38:19] [277/459] RCPS
[05:38:20] [278/459] PCIT
[05:38:20] [279/459] FNCH
[05:38:21] [280/459] INZD
[05:38:22] 🔄 Identity reset
[05:38:22] 🔄 Identity rotated (every 10 requests)
[05:38:22] [281/459] INPC
[05:38:22] [282/459] LCZP
[05:38:23] [283/459] SMCB
[05:38:24] [284/459] PTSB
[05:38:24] [285/459] TPSI
[05:38:25] [286/459] KHMJ
[05:38:26] [287/459] RCCJ
[05:38:27] [288/459] NCJA
[05:38:28] [289/459] NCJN
[05:38:28] [290/459] BTDP
[05:38:29] 🔄 Identity reset
[05:38:29] 🔄 Identity rotated (every 10 requests)
[05:38:29] [291/459] PADY
[05:38:29] [292/459] NYBH
[05:38:30] [293/459] MTBR
[05:38:31] [294/459] KRBC
[05:38:31] [295/459] DKTI
[05:38:32] [296/459] ANAN
[05:38:33] [297/459] INBP
[05:38:34] [298/459] PATB
[05:38:34] [299/459] RGNT
[05:38:35] [300/459] CGPM
[05:38:36] 🔄 Identity reset
[05:38:36] 🔄 Identity rotated (every 10 requests)
[05:38:36] [301/459] INTN
[05:38:36] [302/459] MCMP
[05:38:37] [303/459] ASRG
[05:38:38] [304/459] CXJD
[05:38:39] [305/459] SPCP
[05:38:39] [306/459] CSTP
[05:38:40] [307/459] PKVC
[05:38:41] [308/459] ESCP
[05:38:41] [309/459] CAEP
[05:38:42] [310/459] CCSP
[05:38:42] 🔄 Identity reset
[05:38:42] 🔄 Identity rotated (every 10 requests)
[05:38:43] [311/459] KTPC
[05:38:43] [312/459] DACA
[05:38:44] [313/459] NVKY
[05:38:45] [314/459] PTIN
[05:38:45] [315/459] SCIN
[05:38:46] [316/459] MCTY
[05:38:47] [317/459] PCMX
[05:38:47] [318/459] INIC
[05:38:48] [319/459] MMZM
[05:38:49] [320/459] SSLP
[05:38:49] 🔄 Identity reset
[05:38:49] 🔄 Identity rotated (every 10 requests)
[05:38:49] [321/459] DTDT
[05:38:50] [322/459] FFCX
[05:38:52] [323/459] RCMM
[05:38:53] [324/459] KYID
[05:38:54] [325/459] CSCI
[05:38:54] [326/459] FCMC
[05:38:55] [327/459] MMXI
[05:38:56] [328/459] ASTC
[05:38:57] [329/459] CMRA
[05:38:57] [330/459] DICI
[05:38:58] 🔄 Identity reset
[05:38:58] 🔄 Identity rotated (every 10 requests)
[05:38:58] [331/459] KDIN
[05:38:59] [332/459] PRFI
[05:38:59] [333/459] SVFC
[05:39:00] [334/459] UCPL
[05:39:01] [335/459] COOC
[05:39:02] [336/459] SCAL
[05:39:02] [337/459] SVFF
[05:39:03] [338/459] VCMG
[05:39:04] [339/459] UUCT
[05:39:04] [340/459] GCSE
[05:39:05] 🔄 Identity reset
[05:39:05] 🔄 Identity rotated (every 10 requests)
[05:39:05] [341/459] SUSC
[05:39:06] [342/459] MISC
[05:39:07] [343/459] RMBL
[05:39:07] [344/459] CMXN
[05:39:08] [345/459] PVBK
[05:39:09] [346/459] HHCG
[05:39:10] [347/459] SCAG
[05:39:10] [348/459] CNPR
[05:39:11] [349/459] CSER
[05:39:12] [350/459] HLWD
[05:39:12] 🔄 Identity reset
[05:39:12] 🔄 Identity rotated (every 10 requests)
[05:39:12] [351/459] BOLY
[05:39:13] [352/459] SSPG
[05:39:14] [353/459] MUPX
[05:39:14] [354/459] HAMR
[05:39:15] [355/459] SDNC
[05:39:16] [356/459] RTEN
[05:39:16] [357/459] SDTD
[05:39:17] [358/459] KAWS
[05:39:18] [359/459] CMZX
[05:39:18] [360/459] DCDD
[05:39:19] 🔄 Identity reset
[05:39:19] 🔄 Identity rotated (every 10 requests)
[05:39:19] [361/459] ALSN
[05:39:20] [362/459] IMXS
[05:39:20] [363/459] PVFF
[05:39:21] [364/459] PVOO
[05:39:22] [365/459] CFBS
[05:39:23] [366/459] PVER
[05:39:24] [367/459] PPNX
[05:39:24] [368/459] CNRM
[05:39:25] [369/459] PVWW
[05:39:26] [370/459] INMB
[05:39:27] 🔄 Identity reset
[05:39:27] 🔄 Identity rotated (every 10 requests)
[05:39:27] [371/459] CPJR
[05:39:27] [372/459] INRZ
[05:39:28] [373/459] PMSR
[05:39:29] [374/459] GPGM
[05:39:29] [375/459] PGWB
[05:39:30] [376/459] PMBR
[05:39:31] [377/459] GPAM
[05:39:31] [378/459] INBC
[05:39:32] [379/459] PZVK
[05:39:33] [380/459] CPEB
[05:39:34] 🔄 Identity reset
[05:39:34] 🔄 Identity rotated (every 10 requests)
[05:39:34] [381/459] FMLB
[05:39:34] [382/459] INBG
[05:39:35] [383/459] GPBR
[05:39:36] [384/459] PAAS
[05:39:36] [385/459] VTBR
[05:39:37] [386/459] GPMY
[05:39:38] [387/459] GYBU
[05:39:38] [388/459] INBJ
[05:39:39] [389/459] LKTH
[05:39:40] [390/459] NSBR
[05:39:40] 🔄 Identity reset
[05:39:40] 🔄 Identity rotated (every 10 requests)
[05:39:40] [391/459] PDRD
[05:39:41] [392/459] VRBL
[05:39:42] [393/459] VTGB
[05:39:43] [394/459] VTSK
[05:39:44] [395/459] BKDV
[05:39:44] [396/459] SVTB
[05:39:45] [397/459] MLDT
[05:39:46] [398/459] NRBL
[05:39:46] [399/459] SLTR
[05:39:47] [400/459] VNKA
[05:39:48] 🔄 Identity reset
[05:39:48] 🔄 Identity rotated (every 10 requests)
[05:39:48] [401/459] TDCA
[05:39:49] [402/459] INBM
[05:39:49] [403/459] SSNR
[05:39:50] [404/459] BHAC
[05:39:51] [405/459] SDSD
[05:39:51] [406/459] SAMP
[05:39:52] [407/459] RATK
[05:39:53] [408/459] KCBI
[05:39:53] [409/459] URBL
[05:39:54] [410/459] MKBG
[05:39:55] 🔄 Identity reset
[05:39:55] 🔄 Identity rotated (every 10 requests)
[05:39:55] [411/459] ASTB
[05:39:55] [412/459] VBWT
[05:39:56] [413/459] GPSM
[05:39:57] [414/459] ROON
[05:39:58] [415/459] CHTH
[05:39:58] [416/459] SSPA
[05:39:59] [417/459] ANBL
[05:40:00] [418/459] VTBE
[05:40:00] [419/459] SVKT
[05:40:01] [420/459] SVYK
[05:40:02] 🔄 Identity reset
[05:40:02] 🔄 Identity rotated (every 10 requests)
[05:40:02] [421/459] PTBK
[05:40:02] [422/459] RKTB
[05:40:03] [423/459] BALT
[05:40:04] [424/459] STSV
[05:40:04] [425/459] VCCB
[05:40:05] [426/459] SLTB
[05:40:06] [427/459] SBCR
[05:40:07] [428/459] VDCS
[05:40:07] [429/459] MDKI
[05:40:08] [430/459] SMRN
[05:40:08] 🔄 Identity reset
[05:40:08] 🔄 Identity rotated (every 10 requests)
[05:40:09] [431/459] PTBC
[05:40:10] [432/459] RADI
[05:40:10] [433/459] ADCR
[05:40:11] [434/459] SDCS
[05:40:12] [435/459] SRPJ
[05:40:13] [436/459] ARTS
[05:40:13] [437/459] SRHK
[05:40:14] [438/459] SPAY
[05:40:15] [439/459] GPTB
[05:40:15] [440/459] SNNN
[05:40:16] 🔄 Identity reset
[05:40:16] 🔄 Identity rotated (every 10 requests)
[05:40:16] [441/459] BALJ
[05:40:17] [442/459] TRIG
[05:40:17] [443/459] GTYT
[05:40:18] [444/459] ATGN
[05:40:19] [445/459] ANTE
[05:40:19] [446/459] BDCG
[05:40:20] [447/459] VECI
[05:40:21] [448/459] SCPR
[05:40:22] [449/459] RTEA
[05:40:22] [450/459] JSAI
[05:40:23] 🔄 Identity reset
[05:40:23] 🔄 Identity rotated (every 10 requests)
[05:40:23] [451/459] VJTP
[05:40:24] [452/459] GNDS
[05:40:24] [453/459] PAXA
[05:40:25] [454/459] CGGM
[05:40:26] [455/459] ACKZ
[05:40:26] [456/459] EMCC
[05:40:27] [457/459] KLSK
[05:40:28] [458/459] AVCK
[05:40:29] [459/459] JTCK
[05:40:30] ✅ DONE | Shows=122 | Movies=18
[06:06:08] 🚀 BMS DAILY TRACKER STARTED (enhanced anti‑detection)
[06:06:08] [1/459] NECA
[06:06:09] 🧠 New identity created
[06:06:09] [2/459] BJLC
[06:06:10] [3/459] BASU
[06:06:11] [4/459] RUPI
[06:06:12] [5/459] LCBK
[06:06:13] [6/459] PMAC
[06:06:14] [7/459] AMLC
[06:06:15] [8/459] LICL
[06:06:16] [9/459] UDMM
[06:06:17] [10/459] STBZ
[06:06:17] 🔄 Identity reset
[06:06:17] 🔄 Identity rotated (every 10 requests)
[06:06:18] [11/459] UUBT
[06:06:19] [12/459] SJKC
[06:06:20] [13/459] TUAL
[06:06:21] [14/459] MRSE
[06:06:21] [15/459] RMRK
[06:06:22] [16/459] TTKP
[06:06:23] [17/459] KTKO
[06:06:24] [18/459] SDBK
[06:06:25] [19/459] MCPR
[06:06:26] [20/459] CHTI
[06:06:27] 🔄 Identity reset
[06:06:27] 🔄 Identity rotated (every 10 requests)
[06:06:27] [21/459] GCCP
[06:06:28] [22/459] SRMY
[06:06:29] [23/459] NYST
[06:06:31] [24/459] NYAG
[06:06:32] [25/459] SBMT
[06:06:33] [26/459] INGA
[06:06:34] [27/459] WSIC
[06:06:35] [28/459] SCSS
[06:06:36] [29/459] COPG
[06:06:37] [30/459] RCGR
[06:06:37] 🔄 Identity reset
[06:06:37] 🔄 Identity rotated (every 10 requests)
[06:06:38] [31/459] TCZA
[06:06:38] [32/459] CNLP
[06:06:39] [33/459] CLKN
[06:06:40] [34/459] LHDF
[06:06:41] [35/459] ELKC
[06:06:42] [36/459] VCEM
[06:06:43] [37/459] SSZA
[06:06:44] [38/459] KRMT
[06:06:45] [39/459] LCMV
[06:06:46] [40/459] AYCZ
[06:06:47] 🔄 Identity reset
[06:06:47] 🔄 Identity rotated (every 10 requests)
[06:06:47] [41/459] CUMS
[06:06:48] [42/459] BOCK
[06:06:49] [43/459] PNMR
[06:06:50] [44/459] PJCP
[06:06:50] [45/459] JDDD
[06:06:51] [46/459] STMS
[06:06:52] [47/459] FLMB
[06:06:53] [48/459] PKCM
[06:06:54] [49/459] SPPR
[06:06:55] [50/459] EYLH
[06:06:55] 🔄 Identity reset
[06:06:55] 🔄 Identity rotated (every 10 requests)
[06:06:56] [51/459] RJCC
[06:06:57] [52/459] MMPS
[06:06:58] [53/459] SHMX
[06:06:59] [54/459] CCNL
[06:07:00] [55/459] RCNV
[06:07:01] [56/459] MAAG
[06:07:02] [57/459] LXCM
[06:07:03] [58/459] RCNI
[06:07:04] [59/459] SNNI
[06:07:04] [60/459] LALC
[06:07:05] 🔄 Identity reset
[06:07:05] 🔄 Identity rotated (every 10 requests)
[06:07:05] [61/459] SOCN
[06:07:07] [62/459] JHTP
[06:07:08] [63/459] PITP
[06:07:09] [64/459] CCKW
[06:07:10] [65/459] MCMC
[06:07:11] [66/459] DEES
[06:07:12] [67/459] SABT
[06:07:13] [68/459] VSPP
[06:07:14] [69/459] ABCT
[06:07:15] [70/459] JVTB
[06:07:16] 🔄 Identity reset
[06:07:16] 🔄 Identity rotated (every 10 requests)
[06:07:16] [71/459] VCBD
[06:07:17] [72/459] RMGG
[06:07:18] [73/459] RNMH
[06:07:19] [74/459] SPGL
[06:07:20] [75/459] JTTR
[06:07:21] [76/459] SICS
[06:07:22] [77/459] SRMI
[06:07:23] [78/459] SSIJ
[06:07:24] [79/459] KFMT
[06:07:25] [80/459] VBIT
[06:07:25] 🔄 Identity reset
[06:07:25] 🔄 Identity rotated (every 10 requests)
[06:07:26] [81/459] JKCT
[06:07:26] [82/459] GCGP
[06:07:27] [83/459] GDCS
[06:07:28] [84/459] TRBA
[06:07:29] [85/459] QUST
[06:07:30] [86/459] VSHM
[06:07:31] [87/459] SDCP
[06:07:32] [88/459] SNVS
[06:07:33] [89/459] NYTO
[06:07:34] [90/459] URWC
[06:07:35] 🔄 Identity reset
[06:07:35] 🔄 Identity rotated (every 10 requests)
[06:07:35] [91/459] GTWH
[06:07:36] [92/459] PFCM
[06:07:37] [93/459] KRTA
[06:07:38] [94/459] AXMC
[06:07:39] [95/459] EVMC
[06:07:40] [96/459] HGSM
[06:07:40] [97/459] ACVM
[06:07:41] [98/459] PSKL
[06:07:42] [99/459] RDMP
[06:07:43] [100/459] RHGH
[06:07:44] 🔄 Identity reset
[06:07:44] 🔄 Identity rotated (every 10 requests)
[06:07:44] [101/459] OMCM
[06:07:45] [102/459] DCCP
[06:07:46] [103/459] MCPB
[06:07:47] [104/459] ALCI
[06:07:48] [105/459] BLMX
[06:07:49] [106/459] BTMV
[06:07:50] [107/459] FVPN
[06:07:51] [108/459] CMAR
[06:07:51] [109/459] CEIM
[06:07:52] [110/459] CMVA
[06:07:53] 🔄 Identity reset
[06:07:53] 🔄 Identity rotated (every 10 requests)
[06:07:53] 🔄 Retry 1/5 for CMVA in 2.6s
[06:07:53] 🔄 Identity reset
[06:07:56] 🧠 New identity created
[06:07:56] [111/459] CPIV
[06:07:57] [112/459] CNPE
[06:07:58] [113/459] COLV
[06:07:59] [114/459] DNNV
[06:07:59] [115/459] HCAD
[06:08:01] [116/459] TAKA
[06:08:02] [117/459] INVD
[06:08:03] [118/459] IRMM
[06:08:04] [119/459] INSE
[06:08:05] 🔄 Identity reset
[06:08:05] 🔄 Identity rotated (every 10 requests)
[06:08:05] [120/459] MRSW
[06:08:06] [121/459] MCVD
[06:08:07] [122/459] MCSO
[06:08:08] [123/459] PEVM
[06:08:09] [124/459] PVNL
[06:08:10] [125/459] PTCV
[06:08:11] [126/459] PRTC
[06:08:12] [127/459] RCVA
[06:08:13] [128/459] MTBN
[06:08:14] [129/459] LUCP
[06:08:15] 🔄 Identity reset
[06:08:15] 🔄 Identity rotated (every 10 requests)
[06:08:15] [130/459] FMPT
[06:08:16] [131/459] JLSL
[06:08:17] [132/459] SBHA
[06:08:17] [133/459] SHRC
[06:08:18] [134/459] AVPS
[06:08:19] [135/459] STPM
[06:08:20] [136/459] ATRD
[06:08:21] [137/459] VTED
[06:08:22] [138/459] ACAI
[06:08:23] [139/459] SMAE
[06:08:24] 🔄 Identity reset
[06:08:24] 🔄 Identity rotated (every 10 requests)
[06:08:24] [140/459] VMAT
[06:08:25] [141/459] LKCT
[06:08:26] [142/459] JTVK
[06:08:27] [143/459] PRTY
[06:08:28] [144/459] GETT
[06:08:29] [145/459] ESAP
[06:08:29] [146/459] NCPM
[06:08:30] [147/459] PCPA
[06:08:31] [148/459] MMOM
[06:08:32] [149/459] PHUP
[06:08:33] 🔄 Identity reset
[06:08:33] 🔄 Identity rotated (every 10 requests)
[06:08:34] [150/459] CCPI
[06:08:36] [151/459] CNTD
[06:08:37] [152/459] NLJR
[06:08:37] [153/459] SRNG
[06:08:38] [154/459] MHAL
[06:08:39] [155/459] PNSM
[06:08:40] [156/459] DRMY
[06:08:41] [157/459] CCMU
[06:08:42] [158/459] SCMY
[06:08:43] [159/459] PVSY
[06:08:44] 🔄 Identity reset
[06:08:44] 🔄 Identity rotated (every 10 requests)
[06:08:44] [160/459] SDLM
[06:08:45] [161/459] ICCM
[06:08:46] [162/459] PYSU
[06:08:47] [163/459] GATM
[06:08:48] [164/459] WOTM
[06:08:49] [165/459] RKTS
[06:08:50] [166/459] PMTY
[06:08:50] [167/459] LYMS
[06:08:51] [168/459] TGCA
[06:08:52] [169/459] DSTA
[06:08:53] 🔄 Identity reset
[06:08:53] 🔄 Identity rotated (every 10 requests)
[06:08:53] [170/459] CNGE
[06:08:54] [171/459] VSTG
[06:08:55] [172/459] GTCK
[06:08:56] [173/459] TGNT
[06:08:57] [174/459] ASLC
[06:08:58] [175/459] SSST
[06:08:59] [176/459] KBTT
[06:09:00] [177/459] HKCP
[06:09:01] [178/459] SWLC
[06:09:01] [179/459] RTND
[06:09:02] 🔄 Identity reset
[06:09:02] 🔄 Identity rotated (every 10 requests)
[06:09:02] [180/459] PKKT
[06:09:03] [181/459] HSTK
[06:09:05] [182/459] SPTT
[06:09:06] [183/459] IMPM
[06:09:07] [184/459] SCMV
[06:09:09] [185/459] SPCT
[06:09:10] [186/459] JBCA
[06:09:11] [187/459] ATTR
[06:09:12] [188/459] SPMT
[06:09:13] [189/459] LCTM
[06:09:14] 🔄 Identity reset
[06:09:14] 🔄 Identity rotated (every 10 requests)
[06:09:14] [190/459] SCVL
[06:09:15] [191/459] SCVT
[06:09:16] [192/459] KRIC
[06:09:17] [193/459] CTMG
[06:09:18] [194/459] ACNC
[06:09:20] [195/459] DMCK
[06:09:21] [196/459] KMTV
[06:09:22] [197/459] PFCJ
[06:09:22] [198/459] VNMD
[06:09:24] [199/459] VPCZ
[06:09:24] 🔄 Identity reset
[06:09:24] 🔄 Identity rotated (every 10 requests)
[06:09:25] [200/459] SRYR
[06:09:25] [201/459] SYTR
[06:09:26] [202/459] GATR
[06:09:27] [203/459] URTR
[06:09:28] [204/459] MKSM
[06:09:29] [205/459] VSMH
[06:09:30] [206/459] SKRJ
[06:09:31] [207/459] SSJR
[06:09:32] [208/459] SVSM
[06:09:33] [209/459] RUCM
[06:09:33] 🔄 Identity reset
[06:09:33] 🔄 Identity rotated (every 10 requests)
[06:09:34] [210/459] PRKN
[06:09:35] [211/459] RROH
[06:09:36] [212/459] SCTN
[06:09:36] [213/459] RTDM
[06:09:37] [214/459] ASRM
[06:09:38] [215/459] SKMD
[06:09:39] [216/459] SUTD
[06:09:40] [217/459] SADM
[06:09:41] [218/459] WCNR
[06:09:41] [219/459] CNED
[06:09:42] 🔄 Identity reset
[06:09:42] 🔄 Identity rotated (every 10 requests)
[06:09:43] [220/459] MPDB
[06:09:44] [221/459] KTBH
[06:09:45] [222/459] IDRM
[06:09:46] [223/459] PJJT
[06:09:47] [224/459] PFCV
[06:09:47] [225/459] AACT
[06:09:48] [226/459] AAAD
[06:09:49] [227/459] ANES
[06:09:50] [228/459] MNCA
[06:09:51] [229/459] RMGU
[06:09:52] 🔄 Identity reset
[06:09:52] 🔄 Identity rotated (every 10 requests)
[06:09:52] [230/459] DLCN
[06:09:53] [231/459] LJWT
[06:09:54] [232/459] MCBG
[06:09:55] [233/459] MYBG
[06:09:56] [234/459] GCCA
[06:09:57] [235/459] GCGA
[06:09:58] [236/459] ECGN
[06:09:59] [237/459] PRAB
[06:10:00] [238/459] PNMP
[06:10:00] [239/459] GCPT
[06:10:01] 🔄 Identity reset
[06:10:01] 🔄 Identity rotated (every 10 requests)
[06:10:01] [240/459] ROYN
[06:10:02] [241/459] VATM
[06:10:03] [242/459] KSNT
[06:10:04] [243/459] ACTC
[06:10:05] [244/459] PLTD
[06:10:06] [245/459] SKMK
[06:10:07] [246/459] CMTT
[06:10:08] [247/459] SMXP
[06:10:09] [248/459] SCMX
[06:10:10] [249/459] ACXN
[06:10:10] 🔄 Identity reset
[06:10:10] 🔄 Identity rotated (every 10 requests)
[06:10:11] [250/459] ASWT
[06:10:12] [251/459] VVVL
[06:10:13] [252/459] NAGO
[06:10:14] [253/459] SNCN
[06:10:14] [254/459] MCKP
[06:10:16] [255/459] SAMO
[06:10:17] [256/459] JBTV
[06:10:18] [257/459] DCVV
[06:10:19] [258/459] KMSV
[06:10:20] [259/459] KDCN
[06:10:21] 🔄 Identity reset
[06:10:21] 🔄 Identity rotated (every 10 requests)
[06:10:21] [260/459] CNCP
[06:10:22] [261/459] HAMC
[06:10:23] [262/459] CCVZ
[06:10:24] [263/459] NCCK
[06:10:25] [264/459] MCHR
[06:10:25] [265/459] SCHT
[06:10:26] [266/459] ESSH
[06:10:27] [267/459] CUJC
[06:10:28] [268/459] PECP
[06:10:29] [269/459] PMMI
[06:10:29] 🔄 Identity reset
[06:10:29] 🔄 Identity rotated (every 10 requests)
[06:10:30] [270/459] PCCH
[06:10:31] [271/459] PRPM
[06:10:32] [272/459] PVKL
[06:10:32] [273/459] CBSM
[06:10:33] [274/459] PVCZ
[06:10:34] [275/459] PCVV
[06:10:35] [276/459] CTMJ
[06:10:36] [277/459] RCPS
[06:10:37] [278/459] PCIT
[06:10:38] [279/459] FNCH
[06:10:38] 🔄 Identity reset
[06:10:38] 🔄 Identity rotated (every 10 requests)
[06:10:39] [280/459] INZD
[06:10:41] [281/459] INPC
[06:10:42] [282/459] LCZP
[06:10:43] [283/459] SMCB
[06:10:44] [284/459] PTSB
[06:10:45] [285/459] TPSI
[06:10:46] [286/459] KHMJ
[06:10:47] [287/459] RCCJ
[06:10:48] [288/459] NCJA
[06:10:49] [289/459] NCJN
[06:10:50] 🔄 Identity reset
[06:10:50] 🔄 Identity rotated (every 10 requests)
[06:10:50] [290/459] BTDP
[06:10:51] [291/459] PADY
[06:10:53] [292/459] NYBH
[06:10:54] [293/459] MTBR
[06:10:54] [294/459] KRBC
[06:10:55] [295/459] DKTI
[06:10:56] [296/459] ANAN
[06:10:57] [297/459] INBP
[06:10:58] [298/459] PATB
[06:10:59] [299/459] RGNT
[06:10:59] 🔄 Identity reset
[06:10:59] 🔄 Identity rotated (every 10 requests)
[06:11:00] [300/459] CGPM
[06:11:01] [301/459] INTN
[06:11:02] [302/459] MCMP
[06:11:03] [303/459] ASRG
[06:11:04] [304/459] CXJD
[06:11:05] [305/459] SPCP
[06:11:06] [306/459] CSTP
[06:11:07] [307/459] PKVC
[06:11:08] [308/459] ESCP
[06:11:09] [309/459] CAEP
[06:11:09] 🔄 Identity reset
[06:11:09] 🔄 Identity rotated (every 10 requests)
[06:11:10] [310/459] CCSP
[06:11:11] [311/459] KTPC
[06:11:12] [312/459] DACA
[06:11:13] [313/459] NVKY
[06:11:14] [314/459] PTIN
[06:11:15] [315/459] SCIN
[06:11:16] [316/459] MCTY
[06:11:17] [317/459] PCMX
[06:11:17] [318/459] INIC
[06:11:18] [319/459] MMZM
[06:11:19] 🔄 Identity reset
[06:11:19] 🔄 Identity rotated (every 10 requests)
[06:11:19] [320/459] SSLP
[06:11:20] [321/459] DTDT
[06:11:21] [322/459] FFCX
[06:11:22] [323/459] RCMM
[06:11:23] [324/459] KYID
[06:11:24] [325/459] CSCI
[06:11:25] [326/459] FCMC
[06:11:26] [327/459] MMXI
[06:11:27] [328/459] ASTC
[06:11:27] [329/459] CMRA
[06:11:28] 🔄 Identity reset
[06:11:28] 🔄 Identity rotated (every 10 requests)
[06:11:28] [330/459] DICI
[06:11:29] [331/459] KDIN
[06:11:30] [332/459] PRFI
[06:11:31] [333/459] SVFC
[06:11:32] [334/459] UCPL
[06:11:33] [335/459] COOC
[06:11:34] [336/459] SCAL
[06:11:35] [337/459] SVFF
[06:11:36] [338/459] VCMG
[06:11:37] [339/459] UUCT
[06:11:38] 🔄 Identity reset
[06:11:38] 🔄 Identity rotated (every 10 requests)
[06:11:38] [340/459] GCSE
[06:11:39] [341/459] SUSC
[06:11:40] [342/459] MISC
[06:11:41] [343/459] RMBL
[06:11:42] [344/459] CMXN
[06:11:43] [345/459] PVBK
[06:11:44] [346/459] HHCG
[06:11:45] [347/459] SCAG
[06:11:46] [348/459] CNPR
[06:11:46] [349/459] CSER
[06:11:47] 🔄 Identity reset
[06:11:47] 🔄 Identity rotated (every 10 requests)
[06:11:48] [350/459] HLWD
[06:11:49] [351/459] BOLY
[06:11:50] [352/459] SSPG
[06:11:51] [353/459] MUPX
[06:11:52] [354/459] HAMR
[06:11:53] [355/459] SDNC
[06:11:54] [356/459] RTEN
[06:11:55] [357/459] SDTD
[06:11:56] [358/459] KAWS
[06:11:57] [359/459] CMZX
[06:11:58] 🔄 Identity reset
[06:11:58] 🔄 Identity rotated (every 10 requests)
[06:11:58] [360/459] DCDD
[06:11:59] [361/459] ALSN
[06:12:00] [362/459] IMXS
[06:12:01] [363/459] PVFF
[06:12:02] [364/459] PVOO
[06:12:03] [365/459] CFBS
[06:12:04] [366/459] PVER
[06:12:05] [367/459] PPNX
[06:12:06] [368/459] CNRM
[06:12:07] [369/459] PVWW
[06:12:08] 🔄 Identity reset
[06:12:08] 🔄 Identity rotated (every 10 requests)
[06:12:08] [370/459] INMB
[06:12:09] [371/459] CPJR
[06:12:10] [372/459] INRZ
[06:12:11] [373/459] PMSR
[06:12:12] [374/459] GPGM
[06:12:13] [375/459] PGWB
[06:12:14] [376/459] PMBR
[06:12:15] [377/459] GPAM
[06:12:15] [378/459] INBC
[06:12:16] [379/459] PZVK
[06:12:17] 🔄 Identity reset
[06:12:17] 🔄 Identity rotated (every 10 requests)
[06:12:18] [380/459] CPEB
[06:12:18] [381/459] FMLB
[06:12:19] [382/459] INBG
[06:12:21] [383/459] GPBR
[06:12:22] [384/459] PAAS
[06:12:23] [385/459] VTBR
[06:12:24] [386/459] GPMY
[06:12:25] [387/459] GYBU
[06:12:26] [388/459] INBJ
[06:12:27] [389/459] LKTH
[06:12:27] 🔄 Identity reset
[06:12:27] 🔄 Identity rotated (every 10 requests)
[06:12:28] [390/459] NSBR
[06:12:28] [391/459] PDRD
[06:12:29] [392/459] VRBL
[06:12:30] [393/459] VTGB
[06:12:31] [394/459] VTSK
[06:12:32] [395/459] BKDV
[06:12:33] [396/459] SVTB
[06:12:34] [397/459] MLDT
[06:12:35] [398/459] NRBL
[06:12:36] [399/459] SLTR
[06:12:37] 🔄 Identity reset
[06:12:37] 🔄 Identity rotated (every 10 requests)
[06:12:37] [400/459] VNKA
[06:12:38] [401/459] TDCA
[06:12:39] [402/459] INBM
[06:12:40] [403/459] SSNR
[06:12:41] [404/459] BHAC
[06:12:42] [405/459] SDSD
[06:12:43] [406/459] SAMP
[06:12:44] [407/459] RATK
[06:12:45] [408/459] KCBI
[06:12:47] [409/459] URBL
[06:12:47] 🔄 Identity reset
[06:12:47] 🔄 Identity rotated (every 10 requests)
[06:12:48] [410/459] MKBG
[06:12:49] [411/459] ASTB
[06:12:50] [412/459] VBWT
[06:12:52] [413/459] GPSM
[06:12:53] [414/459] ROON
[06:12:54] [415/459] CHTH
[06:12:55] [416/459] SSPA
[06:12:56] [417/459] ANBL
[06:12:56] [418/459] VTBE
[06:12:57] [419/459] SVKT
[06:12:58] 🔄 Identity reset
[06:12:58] 🔄 Identity rotated (every 10 requests)
[06:12:59] [420/459] SVYK
[06:13:00] [421/459] PTBK
[06:13:01] [422/459] RKTB
[06:13:02] [423/459] BALT
[06:13:03] [424/459] STSV
[06:13:04] [425/459] VCCB
[06:13:05] [426/459] SLTB
[06:13:06] [427/459] SBCR
[06:13:07] [428/459] VDCS
[06:13:09] [429/459] MDKI
[06:13:09] 🔄 Identity reset
[06:13:09] 🔄 Identity rotated (every 10 requests)
[06:13:10] [430/459] SMRN
[06:13:11] [431/459] PTBC
[06:13:12] [432/459] RADI
[06:13:13] [433/459] ADCR
[06:13:14] [434/459] SDCS
[06:13:16] [435/459] SRPJ
[06:13:17] [436/459] ARTS
[06:13:18] [437/459] SRHK
[06:13:19] [438/459] SPAY
[06:13:20] [439/459] GPTB
[06:13:20] 🔄 Identity reset
[06:13:20] 🔄 Identity rotated (every 10 requests)
[06:13:21] [440/459] SNNN
[06:13:21] [441/459] BALJ
[06:13:22] [442/459] TRIG
[06:13:23] [443/459] GTYT
[06:13:24] [444/459] ATGN
[06:13:25] [445/459] ANTE
[06:13:26] [446/459] BDCG
[06:13:27] [447/459] VECI
[06:13:28] [448/459] SCPR
[06:13:29] [449/459] RTEA
[06:13:30] 🔄 Identity reset
[06:13:30] 🔄 Identity rotated (every 10 requests)
[06:13:30] [450/459] JSAI
[06:13:31] [451/459] VJTP
[06:13:32] [452/459] GNDS
[06:13:33] [453/459] PAXA
[06:13:33] [454/459] CGGM
[06:13:34] [455/459] ACKZ
[06:13:35] [456/459] EMCC
[06:13:36] [457/459] KLSK
[06:13:37] [458/459] AVCK
[06:13:38] [459/459] JTCK
[06:13:39] 🔄 Identity reset
[06:13:39] 🔄 Identity rotated (every 10 requests)
[06:13:39] ✅ DONE | Shows=245 | Movies=27
[07:06:12] 🚀 BMS DAILY TRACKER STARTED (enhanced anti‑detection)
[07:06:12] [1/459] NECA
[07:06:12] 🧠 New identity created
[07:06:13] [2/459] BJLC
[07:06:14] [3/459] BASU
[07:06:15] [4/459] RUPI
[07:06:16] [5/459] LCBK
[07:06:16] [6/459] PMAC
[07:06:17] [7/459] AMLC
[07:06:18] [8/459] LICL
[07:06:19] [9/459] UDMM
[07:06:20] [10/459] STBZ
[07:06:21] 🔄 Identity reset
[07:06:21] 🔄 Identity rotated (every 10 requests)
[07:06:21] [11/459] UUBT
[07:06:22] [12/459] SJKC
[07:06:23] [13/459] TUAL
[07:06:24] [14/459] MRSE
[07:06:25] [15/459] RMRK
[07:06:26] [16/459] TTKP
[07:06:27] [17/459] KTKO
[07:06:28] [18/459] SDBK
[07:06:29] [19/459] MCPR
[07:06:30] [20/459] CHTI
[07:06:31] 🔄 Identity reset
[07:06:31] 🔄 Identity rotated (every 10 requests)
[07:06:31] [21/459] GCCP
[07:06:32] [22/459] SRMY
[07:06:33] [23/459] NYST
[07:06:34] [24/459] NYAG
[07:06:35] [25/459] SBMT
[07:06:36] [26/459] INGA
[07:06:36] [27/459] WSIC
[07:06:37] [28/459] SCSS
[07:06:38] [29/459] COPG
[07:06:39] [30/459] RCGR
[07:06:39] 🔄 Identity reset
[07:06:39] 🔄 Identity rotated (every 10 requests)
[07:06:40] [31/459] TCZA
[07:06:41] [32/459] CNLP
[07:06:42] [33/459] CLKN
[07:06:43] [34/459] LHDF
[07:06:44] [35/459] ELKC
[07:06:45] [36/459] VCEM
[07:06:46] [37/459] SSZA
[07:06:47] [38/459] KRMT
[07:06:48] [39/459] LCMV
[07:06:49] [40/459] AYCZ
[07:06:49] 🔄 Identity reset
[07:06:49] 🔄 Identity rotated (every 10 requests)
[07:06:50] [41/459] CUMS
[07:06:51] [42/459] BOCK
[07:06:52] [43/459] PNMR
[07:06:53] [44/459] PJCP
[07:06:54] [45/459] JDDD
[07:06:55] [46/459] STMS
[07:06:56] [47/459] FLMB
[07:06:57] [48/459] PKCM
[07:06:58] [49/459] SPPR
[07:06:59] [50/459] EYLH
[07:06:59] 🔄 Identity reset
[07:07:00] 🔄 Identity rotated (every 10 requests)
[07:07:00] [51/459] RJCC
[07:07:02] [52/459] MMPS
[07:07:03] [53/459] SHMX
[07:07:04] [54/459] CCNL
[07:07:05] [55/459] RCNV
[07:07:06] [56/459] MAAG
[07:07:07] [57/459] LXCM
[07:07:08] [58/459] RCNI
[07:07:09] [59/459] SNNI
[07:07:11] [60/459] LALC
[07:07:11] 🔄 Identity reset
[07:07:11] 🔄 Identity rotated (every 10 requests)
[07:07:12] [61/459] SOCN
[07:07:13] [62/459] JHTP
[07:07:14] [63/459] PITP
[07:07:15] [64/459] CCKW
[07:07:15] [65/459] MCMC
[07:07:17] [66/459] DEES
[07:07:18] [67/459] SABT
[07:07:19] [68/459] VSPP
[07:07:20] [69/459] ABCT
[07:07:21] [70/459] JVTB
[07:07:22] 🔄 Identity reset
[07:07:22] 🔄 Identity rotated (every 10 requests)
[07:07:22] [71/459] VCBD
[07:07:24] [72/459] RMGG
[07:07:25] [73/459] RNMH
[07:07:26] [74/459] SPGL
[07:07:27] [75/459] JTTR
[07:07:27] [76/459] SICS
[07:07:28] [77/459] SRMI
[07:07:29] [78/459] SSIJ
[07:07:30] [79/459] KFMT
[07:07:31] [80/459] VBIT
[07:07:32] 🔄 Identity reset
[07:07:32] 🔄 Identity rotated (every 10 requests)
[07:07:32] [81/459] JKCT
[07:07:33] [82/459] GCGP
[07:07:34] [83/459] GDCS
[07:07:35] [84/459] TRBA
[07:07:36] [85/459] QUST
[07:07:37] [86/459] VSHM
[07:07:38] [87/459] SDCP
[07:07:39] [88/459] SNVS
[07:07:39] [89/459] NYTO
[07:07:41] [90/459] URWC
[07:07:42] 🔄 Identity reset
[07:07:42] 🔄 Identity rotated (every 10 requests)
[07:07:42] [91/459] GTWH
[07:07:43] [92/459] PFCM
[07:07:44] [93/459] KRTA
[07:07:45] [94/459] AXMC
[07:07:46] [95/459] EVMC
[07:07:47] [96/459] HGSM
[07:07:48] [97/459] ACVM
[07:07:49] [98/459] PSKL
[07:07:50] [99/459] RDMP
[07:07:51] [100/459] RHGH
[07:07:52] 🔄 Identity reset
[07:07:52] 🔄 Identity rotated (every 10 requests)
[07:07:52] [101/459] OMCM
[07:07:53] [102/459] DCCP
[07:07:54] [103/459] MCPB
[07:07:55] [104/459] ALCI
[07:07:56] [105/459] BLMX
[07:07:57] [106/459] BTMV
[07:07:58] [107/459] FVPN
[07:07:59] [108/459] CMAR
[07:08:00] [109/459] CEIM
[07:08:01] [110/459] CMVA
[07:08:01] 🔄 Identity reset
[07:08:01] 🔄 Identity rotated (every 10 requests)
[07:08:02] [111/459] CPIV
[07:08:04] [112/459] CNPE
[07:08:05] [113/459] COLV
[07:08:06] [114/459] DNNV
[07:08:06] [115/459] HCAD
[07:08:08] [116/459] TAKA
[07:08:10] [117/459] INVD
[07:08:11] [118/459] IRMM
[07:08:12] [119/459] INSE
[07:08:13] [120/459] MRSW
[07:08:13] 🔄 Identity reset
[07:08:13] 🔄 Identity rotated (every 10 requests)
[07:08:14] [121/459] MCVD
[07:08:16] [122/459] MCSO
[07:08:17] [123/459] PEVM
[07:08:17] [124/459] PVNL
[07:08:19] [125/459] PTCV
[07:08:20] [126/459] PRTC
[07:08:22] [127/459] RCVA
[07:08:22] [128/459] MTBN
[07:08:23] [129/459] LUCP
[07:08:24] [130/459] FMPT
[07:08:25] 🔄 Identity reset
[07:08:25] 🔄 Identity rotated (every 10 requests)
[07:08:25] [131/459] JLSL
[07:08:26] [132/459] SBHA
[07:08:27] [133/459] SHRC
[07:08:28] [134/459] AVPS
[07:08:29] [135/459] STPM
[07:08:30] [136/459] ATRD
[07:08:32] [137/459] VTED
[07:08:33] [138/459] ACAI
[07:08:34] [139/459] SMAE
[07:08:35] [140/459] VMAT
[07:08:35] 🔄 Identity reset
[07:08:35] 🔄 Identity rotated (every 10 requests)
[07:08:36] [141/459] LKCT
[07:08:36] [142/459] JTVK
[07:08:37] [143/459] PRTY
[07:08:38] [144/459] GETT
[07:08:40] [145/459] ESAP
[07:08:41] [146/459] NCPM
[07:08:43] [147/459] PCPA
[07:08:44] [148/459] MMOM
[07:08:45] [149/459] PHUP
[07:08:45] [150/459] CCPI
[07:08:46] 🔄 Identity reset
[07:08:46] 🔄 Identity rotated (every 10 requests)
[07:08:46] [151/459] CNTD
[07:08:47] [152/459] NLJR
[07:08:48] [153/459] SRNG
[07:08:49] [154/459] MHAL
[07:08:50] [155/459] PNSM
[07:08:51] [156/459] DRMY
[07:08:52] [157/459] CCMU
[07:08:53] [158/459] SCMY
[07:08:54] [159/459] PVSY
[07:08:56] [160/459] SDLM
[07:08:57] 🔄 Identity reset
[07:08:57] 🔄 Identity rotated (every 10 requests)
[07:08:57] [161/459] ICCM
[07:08:58] [162/459] PYSU
[07:08:59] [163/459] GATM
[07:09:00] [164/459] WOTM
[07:09:01] [165/459] RKTS
[07:09:02] [166/459] PMTY
[07:09:02] [167/459] LYMS
[07:09:04] [168/459] TGCA
[07:09:04] [169/459] DSTA
[07:09:05] [170/459] CNGE
[07:09:06] 🔄 Identity reset
[07:09:06] 🔄 Identity rotated (every 10 requests)
[07:09:07] [171/459] VSTG
[07:09:07] [172/459] GTCK
[07:09:08] [173/459] TGNT
[07:09:09] [174/459] ASLC
[07:09:10] [175/459] SSST
[07:09:11] [176/459] KBTT
[07:09:12] [177/459] HKCP
[07:09:13] [178/459] SWLC
[07:09:14] [179/459] RTND
[07:09:14] [180/459] PKKT
[07:09:15] 🔄 Identity reset
[07:09:15] 🔄 Identity rotated (every 10 requests)
[07:09:15] [181/459] HSTK
[07:09:16] [182/459] SPTT
[07:09:17] [183/459] IMPM
[07:09:18] [184/459] SCMV
[07:09:19] [185/459] SPCT
[07:09:20] [186/459] JBCA
[07:09:21] [187/459] ATTR
[07:09:22] [188/459] SPMT
[07:09:23] [189/459] LCTM
[07:09:24] [190/459] SCVL
[07:09:25] 🔄 Identity reset
[07:09:25] 🔄 Identity rotated (every 10 requests)
[07:09:25] [191/459] SCVT
[07:09:26] [192/459] KRIC
[07:09:27] [193/459] CTMG
[07:09:28] [194/459] ACNC
[07:09:29] [195/459] DMCK
[07:09:30] [196/459] KMTV
[07:09:31] [197/459] PFCJ
[07:09:32] [198/459] VNMD
[07:09:33] [199/459] VPCZ
[07:09:34] [200/459] SRYR
[07:09:34] 🔄 Identity reset
[07:09:34] 🔄 Identity rotated (every 10 requests)
[07:09:35] [201/459] SYTR
[07:09:36] [202/459] GATR
[07:09:37] [203/459] URTR
[07:09:38] [204/459] MKSM
[07:09:39] [205/459] VSMH
[07:09:39] [206/459] SKRJ
[07:09:41] [207/459] SSJR
[07:09:42] [208/459] SVSM
[07:09:43] [209/459] RUCM
[07:09:44] [210/459] PRKN
[07:09:45] 🔄 Identity reset
[07:09:45] 🔄 Identity rotated (every 10 requests)
[07:09:45] [211/459] RROH
[07:09:46] [212/459] SCTN
[07:09:47] [213/459] RTDM
[07:09:47] [214/459] ASRM
[07:09:48] [215/459] SKMD
[07:09:49] [216/459] SUTD
[07:09:50] [217/459] SADM
[07:09:51] [218/459] WCNR
[07:09:52] [219/459] CNED
[07:09:53] [220/459] MPDB
[07:09:53] 🔄 Identity reset
[07:09:53] 🔄 Identity rotated (every 10 requests)
[07:09:54] [221/459] KTBH
[07:09:55] [222/459] IDRM
[07:09:56] [223/459] PJJT
[07:09:57] [224/459] PFCV
[07:09:58] [225/459] AACT
[07:09:58] [226/459] AAAD
[07:09:59] [227/459] ANES
[07:10:00] [228/459] MNCA
[07:10:01] [229/459] RMGU
[07:10:02] [230/459] DLCN
[07:10:03] 🔄 Identity reset
[07:10:03] 🔄 Identity rotated (every 10 requests)
[07:10:03] [231/459] LJWT
[07:10:04] [232/459] MCBG
[07:10:05] [233/459] MYBG
[07:10:06] [234/459] GCCA
[07:10:07] [235/459] GCGA
[07:10:08] [236/459] ECGN
[07:10:09] [237/459] PRAB
[07:10:10] [238/459] PNMP
[07:10:11] [239/459] GCPT
[07:10:12] [240/459] ROYN
[07:10:13] 🔄 Identity reset
[07:10:13] 🔄 Identity rotated (every 10 requests)
[07:10:13] [241/459] VATM
[07:10:14] [242/459] KSNT
[07:10:15] [243/459] ACTC
[07:10:16] [244/459] PLTD
[07:10:17] [245/459] SKMK
[07:10:18] [246/459] CMTT
[07:10:20] [247/459] SMXP
[07:10:20] [248/459] SCMX
[07:10:21] [249/459] ACXN
[07:10:22] [250/459] ASWT
[07:10:23] 🔄 Identity reset
[07:10:23] 🔄 Identity rotated (every 10 requests)
[07:10:24] [251/459] VVVL
[07:10:25] [252/459] NAGO
[07:10:26] [253/459] SNCN
[07:10:27] [254/459] MCKP
[07:10:28] [255/459] SAMO
[07:10:28] [256/459] JBTV
[07:10:29] [257/459] DCVV
[07:10:30] [258/459] KMSV
[07:10:31] [259/459] KDCN
[07:10:32] [260/459] CNCP
[07:10:33] 🔄 Identity reset
[07:10:33] 🔄 Identity rotated (every 10 requests)
[07:10:33] [261/459] HAMC
[07:10:34] [262/459] CCVZ
[07:10:35] [263/459] NCCK
[07:10:36] [264/459] MCHR
[07:10:37] [265/459] SCHT
[07:10:38] [266/459] ESSH
[07:10:39] [267/459] CUJC
[07:10:40] [268/459] PECP
[07:10:41] [269/459] PMMI
[07:10:41] [270/459] PCCH
[07:10:42] 🔄 Identity reset
[07:10:42] 🔄 Identity rotated (every 10 requests)
[07:10:43] [271/459] PRPM
[07:10:43] [272/459] PVKL
[07:10:45] [273/459] CBSM
[07:10:45] [274/459] PVCZ
[07:10:46] [275/459] PCVV
[07:10:47] [276/459] CTMJ
[07:10:48] [277/459] RCPS
[07:10:49] [278/459] PCIT
[07:10:50] [279/459] FNCH
[07:10:51] [280/459] INZD
[07:10:52] 🔄 Identity reset
[07:10:52] 🔄 Identity rotated (every 10 requests)
[07:10:52] [281/459] INPC
[07:10:53] [282/459] LCZP
[07:10:54] [283/459] SMCB
[07:10:55] [284/459] PTSB
[07:10:56] [285/459] TPSI
[07:10:57] [286/459] KHMJ
[07:10:58] [287/459] RCCJ
[07:10:59] [288/459] NCJA
[07:11:00] [289/459] NCJN
[07:11:01] [290/459] BTDP
[07:11:01] 🔄 Identity reset
[07:11:01] 🔄 Identity rotated (every 10 requests)
[07:11:02] [291/459] PADY
[07:11:03] [292/459] NYBH
[07:11:04] [293/459] MTBR
[07:11:05] [294/459] KRBC
[07:11:06] [295/459] DKTI
[07:11:07] [296/459] ANAN
[07:11:08] [297/459] INBP
[07:11:09] [298/459] PATB
[07:11:10] [299/459] RGNT
[07:11:11] [300/459] CGPM
[07:11:11] 🔄 Identity reset
[07:11:11] 🔄 Identity rotated (every 10 requests)
[07:11:12] [301/459] INTN
[07:11:13] [302/459] MCMP
[07:11:14] [303/459] ASRG
[07:11:15] [304/459] CXJD
[07:11:16] [305/459] SPCP
[07:11:17] [306/459] CSTP
[07:11:17] [307/459] PKVC
[07:11:18] [308/459] ESCP
[07:11:19] [309/459] CAEP
[07:11:20] [310/459] CCSP
[07:11:21] 🔄 Identity reset
[07:11:21] 🔄 Identity rotated (every 10 requests)
[07:11:22] [311/459] KTPC
[07:11:22] [312/459] DACA
[07:11:23] [313/459] NVKY
[07:11:24] [314/459] PTIN
[07:11:25] [315/459] SCIN
[07:11:26] [316/459] MCTY
[07:11:27] [317/459] PCMX
[07:11:28] [318/459] INIC
[07:11:29] [319/459] MMZM
[07:11:30] [320/459] SSLP
[07:11:30] 🔄 Identity reset
[07:11:30] 🔄 Identity rotated (every 10 requests)
[07:11:31] [321/459] DTDT
[07:11:32] [322/459] FFCX
[07:11:34] [323/459] RCMM
[07:11:35] [324/459] KYID
[07:11:36] [325/459] CSCI
[07:11:37] [326/459] FCMC
[07:11:38] [327/459] MMXI
[07:11:39] [328/459] ASTC
[07:11:40] [329/459] CMRA
[07:11:41] [330/459] DICI
[07:11:41] 🔄 Identity reset
[07:11:42] 🔄 Identity rotated (every 10 requests)
[07:11:43] [331/459] KDIN
[07:11:44] [332/459] PRFI
[07:11:45] [333/459] SVFC
[07:11:46] [334/459] UCPL
[07:11:46] [335/459] COOC
[07:11:47] [336/459] SCAL
[07:11:48] [337/459] SVFF
[07:11:49] [338/459] VCMG
[07:11:50] [339/459] UUCT
[07:11:51] [340/459] GCSE
[07:11:52] 🔄 Identity reset
[07:11:52] 🔄 Identity rotated (every 10 requests)
[07:11:52] [341/459] SUSC
[07:11:53] [342/459] MISC
[07:11:54] [343/459] RMBL
[07:11:55] [344/459] CMXN
[07:11:56] [345/459] PVBK
[07:11:57] [346/459] HHCG
[07:11:58] [347/459] SCAG
[07:11:59] [348/459] CNPR
[07:12:00] [349/459] CSER
[07:12:01] [350/459] HLWD
[07:12:02] 🔄 Identity reset
[07:12:02] 🔄 Identity rotated (every 10 requests)
[07:12:02] [351/459] BOLY
[07:12:03] [352/459] SSPG
[07:12:04] [353/459] MUPX
[07:12:05] [354/459] HAMR
[07:12:06] [355/459] SDNC
[07:12:07] [356/459] RTEN
[07:12:08] [357/459] SDTD
[07:12:09] [358/459] KAWS
[07:12:11] [359/459] CMZX
[07:12:12] [360/459] DCDD
[07:12:12] 🔄 Identity reset
[07:12:12] 🔄 Identity rotated (every 10 requests)
[07:12:13] [361/459] ALSN
[07:12:14] [362/459] IMXS
[07:12:15] [363/459] PVFF
[07:12:16] [364/459] PVOO
[07:12:18] [365/459] CFBS
[07:12:19] [366/459] PVER
[07:12:20] [367/459] PPNX
[07:12:21] [368/459] CNRM
[07:12:22] [369/459] PVWW
[07:12:24] [370/459] INMB
[07:12:24] 🔄 Identity reset
[07:12:25] 🔄 Identity rotated (every 10 requests)
[07:12:25] [371/459] CPJR
[07:12:26] [372/459] INRZ
[07:12:27] [373/459] PMSR
[07:12:28] [374/459] GPGM
[07:12:29] [375/459] PGWB
[07:12:30] [376/459] PMBR
[07:12:31] [377/459] GPAM
[07:12:32] [378/459] INBC
[07:12:33] [379/459] PZVK
[07:12:34] [380/459] CPEB
[07:12:34] 🔄 Identity reset
[07:12:34] 🔄 Identity rotated (every 10 requests)
[07:12:35] [381/459] FMLB
[07:12:36] [382/459] INBG
[07:12:36] [383/459] GPBR
[07:12:37] [384/459] PAAS
[07:12:38] [385/459] VTBR
[07:12:39] [386/459] GPMY
[07:12:40] [387/459] GYBU
[07:12:41] [388/459] INBJ
[07:12:42] [389/459] LKTH
[07:12:43] [390/459] NSBR
[07:12:44] 🔄 Identity reset
[07:12:44] 🔄 Identity rotated (every 10 requests)
[07:12:44] [391/459] PDRD
[07:12:45] [392/459] VRBL
[07:12:46] [393/459] VTGB
[07:12:47] [394/459] VTSK
[07:12:48] [395/459] BKDV
[07:12:49] [396/459] SVTB
[07:12:50] [397/459] MLDT
[07:12:51] [398/459] NRBL
[07:12:52] [399/459] SLTR
[07:12:54] [400/459] VNKA
[07:12:54] 🔄 Identity reset
[07:12:54] 🔄 Identity rotated (every 10 requests)
[07:12:55] [401/459] TDCA
[07:12:56] [402/459] INBM
[07:12:57] [403/459] SSNR
[07:12:58] [404/459] BHAC
[07:12:59] [405/459] SDSD
[07:13:00] [406/459] SAMP
[07:13:01] [407/459] RATK
[07:13:02] [408/459] KCBI
[07:13:03] [409/459] URBL
[07:13:04] [410/459] MKBG
[07:13:04] 🔄 Identity reset
[07:13:04] 🔄 Identity rotated (every 10 requests)
[07:13:05] [411/459] ASTB
[07:13:06] [412/459] VBWT
[07:13:06] [413/459] GPSM
[07:13:07] [414/459] ROON
[07:13:08] [415/459] CHTH
[07:13:10] [416/459] SSPA
[07:13:11] [417/459] ANBL
[07:13:12] [418/459] VTBE
[07:13:13] [419/459] SVKT
[07:13:14] [420/459] SVYK
[07:13:15] 🔄 Identity reset
[07:13:15] 🔄 Identity rotated (every 10 requests)
[07:13:15] [421/459] PTBK
[07:13:16] [422/459] RKTB
[07:13:17] [423/459] BALT
[07:13:18] [424/459] STSV
[07:13:19] [425/459] VCCB
[07:13:20] [426/459] SLTB
[07:13:21] [427/459] SBCR
[07:13:22] [428/459] VDCS
[07:13:23] [429/459] MDKI
[07:13:24] [430/459] SMRN
[07:13:25] 🔄 Identity reset
[07:13:25] 🔄 Identity rotated (every 10 requests)
[07:13:25] [431/459] PTBC
[07:13:27] [432/459] RADI
[07:13:28] [433/459] ADCR
[07:13:29] [434/459] SDCS
[07:13:30] [435/459] SRPJ
[07:13:31] [436/459] ARTS
[07:13:32] [437/459] SRHK
[07:13:33] [438/459] SPAY
[07:13:34] [439/459] GPTB
[07:13:35] [440/459] SNNN
[07:13:36] 🔄 Identity reset
[07:13:36] 🔄 Identity rotated (every 10 requests)
[07:13:36] [441/459] BALJ
[07:13:37] [442/459] TRIG
[07:13:38] [443/459] GTYT
[07:13:39] [444/459] ATGN
[07:13:40] [445/459] ANTE
[07:13:41] [446/459] BDCG
[07:13:42] [447/459] VECI
[07:13:43] [448/459] SCPR
[07:13:44] [449/459] RTEA
[07:13:46] [450/459] JSAI
[07:13:47] 🔄 Identity reset
[07:13:47] 🔄 Identity rotated (every 10 requests)
[07:13:47] [451/459] VJTP
[07:13:48] [452/459] GNDS
[07:13:49] [453/459] PAXA
[07:13:50] [454/459] CGGM
[07:13:51] [455/459] ACKZ
[07:13:52] [456/459] EMCC
[07:13:53] [457/459] KLSK
[07:13:54] [458/459] AVCK
[07:13:56] [459/459] JTCK
[07:13:57] ✅ DONE | Shows=549 | Movies=38
[08:06:08] 🚀 BMS DAILY TRACKER STARTED (enhanced anti‑detection)
[08:06:08] [1/459] NECA
[08:06:09] 🧠 New identity created
[08:06:10] [2/459] BJLC
[08:06:11] [3/459] BASU
[08:06:12] [4/459] RUPI
[08:06:13] [5/459] LCBK
[08:06:13] [6/459] PMAC
[08:06:14] [7/459] AMLC
[08:06:15] [8/459] LICL
[08:06:16] [9/459] UDMM
[08:06:17] [10/459] STBZ
[08:06:18] 🔄 Identity reset
[08:06:18] 🔄 Identity rotated (every 10 requests)
[08:06:18] [11/459] UUBT
[08:06:20] [12/459] SJKC
[08:06:20] [13/459] TUAL
[08:06:21] [14/459] MRSE
[08:06:23] [15/459] RMRK
[08:06:23] [16/459] TTKP
[08:06:24] [17/459] KTKO
[08:06:25] [18/459] SDBK
[08:06:26] [19/459] MCPR
[08:06:27] [20/459] CHTI
[08:06:28] 🔄 Identity reset
[08:06:28] 🔄 Identity rotated (every 10 requests)
[08:06:28] [21/459] GCCP
[08:06:29] [22/459] SRMY
[08:06:30] [23/459] NYST
[08:06:31] [24/459] NYAG
[08:06:32] [25/459] SBMT
[08:06:32] [26/459] INGA
[08:06:33] [27/459] WSIC
[08:06:34] [28/459] SCSS
[08:06:35] [29/459] COPG
[08:06:36] [30/459] RCGR
[08:06:36] 🔄 Identity reset
[08:06:36] 🔄 Identity rotated (every 10 requests)
[08:06:37] [31/459] TCZA
[08:06:37] [32/459] CNLP
[08:06:38] [33/459] CLKN
[08:06:39] [34/459] LHDF
[08:06:40] [35/459] ELKC
[08:06:41] [36/459] VCEM
[08:06:42] [37/459] SSZA
[08:06:43] [38/459] KRMT
[08:06:43] [39/459] LCMV
[08:06:45] [40/459] AYCZ
[08:06:46] 🔄 Identity reset
[08:06:46] 🔄 Identity rotated (every 10 requests)
[08:06:46] [41/459] CUMS
[08:06:47] [42/459] BOCK
[08:06:48] [43/459] PNMR
[08:06:49] [44/459] PJCP
[08:06:49] [45/459] JDDD
[08:06:50] [46/459] STMS
[08:06:51] [47/459] FLMB
[08:06:52] [48/459] PKCM
[08:06:53] [49/459] SPPR
[08:06:54] [50/459] EYLH
[08:06:54] 🔄 Identity reset
[08:06:54] 🔄 Identity rotated (every 10 requests)
[08:06:55] [51/459] RJCC
[08:06:56] [52/459] MMPS
[08:06:56] [53/459] SHMX
[08:06:57] [54/459] CCNL
[08:06:58] [55/459] RCNV
[08:07:00] [56/459] MAAG
[08:07:01] [57/459] LXCM
[08:07:01] [58/459] RCNI
[08:07:02] [59/459] SNNI
[08:07:03] [60/459] LALC
[08:07:04] 🔄 Identity reset
[08:07:04] 🔄 Identity rotated (every 10 requests)
[08:07:04] [61/459] SOCN
[08:07:05] [62/459] JHTP
[08:07:06] [63/459] PITP
[08:07:06] [64/459] CCKW
[08:07:07] [65/459] MCMC
[08:07:08] [66/459] DEES
[08:07:09] [67/459] SABT
[08:07:10] [68/459] VSPP
[08:07:10] [69/459] ABCT
[08:07:11] [70/459] JVTB
[08:07:12] 🔄 Identity reset
[08:07:12] 🔄 Identity rotated (every 10 requests)
[08:07:12] [71/459] VCBD
[08:07:13] [72/459] RMGG
[08:07:14] [73/459] RNMH
[08:07:15] [74/459] SPGL
[08:07:16] [75/459] JTTR
[08:07:17] [76/459] SICS
[08:07:18] [77/459] SRMI
[08:07:19] [78/459] SSIJ
[08:07:20] [79/459] KFMT
[08:07:21] [80/459] VBIT
[08:07:21] 🔄 Identity reset
[08:07:21] 🔄 Identity rotated (every 10 requests)
[08:07:22] [81/459] JKCT
[08:07:22] [82/459] GCGP
[08:07:23] [83/459] GDCS
[08:07:24] [84/459] TRBA
[08:07:25] [85/459] QUST
[08:07:26] [86/459] VSHM
[08:07:27] [87/459] SDCP
[08:07:28] [88/459] SNVS
[08:07:29] [89/459] NYTO
[08:07:29] [90/459] URWC
[08:07:30] 🔄 Identity reset
[08:07:30] 🔄 Identity rotated (every 10 requests)
[08:07:30] [91/459] GTWH
[08:07:32] [92/459] PFCM
[08:07:33] [93/459] KRTA
[08:07:34] [94/459] AXMC
[08:07:35] [95/459] EVMC
[08:07:36] [96/459] HGSM
[08:07:37] [97/459] ACVM
[08:07:38] [98/459] PSKL
[08:07:39] [99/459] RDMP
[08:07:40] [100/459] RHGH
[08:07:40] 🔄 Identity reset
[08:07:40] 🔄 Identity rotated (every 10 requests)
[08:07:41] [101/459] OMCM
[08:07:41] [102/459] DCCP
[08:07:43] [103/459] MCPB
[08:07:43] [104/459] ALCI
[08:07:44] [105/459] BLMX
[08:07:45] [106/459] BTMV
[08:07:46] [107/459] FVPN
[08:07:47] [108/459] CMAR
[08:07:48] [109/459] CEIM
[08:07:49] [110/459] CMVA
[08:07:49] 🔄 Identity reset
[08:07:49] 🔄 Identity rotated (every 10 requests)
[08:07:50] [111/459] CPIV
[08:07:51] [112/459] CNPE
[08:07:52] [113/459] COLV
[08:07:53] [114/459] DNNV
[08:07:54] [115/459] HCAD
[08:07:55] [116/459] TAKA
[08:07:56] [117/459] INVD
[08:07:57] [118/459] IRMM
[08:07:58] [119/459] INSE
[08:07:59] [120/459] MRSW
[08:07:59] 🔄 Identity reset
[08:07:59] 🔄 Identity rotated (every 10 requests)
[08:07:59] [121/459] MCVD
[08:08:00] [122/459] MCSO
[08:08:01] [123/459] PEVM
[08:08:02] [124/459] PVNL
[08:08:04] [125/459] PTCV
[08:08:05] [126/459] PRTC
[08:08:06] [127/459] RCVA
[08:08:06] [128/459] MTBN
[08:08:07] [129/459] LUCP
[08:08:08] [130/459] FMPT
[08:08:09] 🔄 Identity reset
[08:08:09] 🔄 Identity rotated (every 10 requests)
[08:08:09] [131/459] JLSL
[08:08:10] [132/459] SBHA
[08:08:11] [133/459] SHRC
[08:08:12] [134/459] AVPS
[08:08:12] [135/459] STPM
[08:08:13] [136/459] ATRD
[08:08:14] [137/459] VTED
[08:08:15] [138/459] ACAI
[08:08:16] [139/459] SMAE
[08:08:18] [140/459] VMAT
[08:08:18] 🔄 Identity reset
[08:08:18] 🔄 Identity rotated (every 10 requests)
[08:08:18] [141/459] LKCT
[08:08:19] [142/459] JTVK
[08:08:20] [143/459] PRTY
[08:08:21] [144/459] GETT
[08:08:22] [145/459] ESAP
[08:08:23] [146/459] NCPM
[08:08:24] [147/459] PCPA
[08:08:25] [148/459] MMOM
[08:08:26] [149/459] PHUP
[08:08:27] [150/459] CCPI
[08:08:27] 🔄 Identity reset
[08:08:27] 🔄 Identity rotated (every 10 requests)
[08:08:28] [151/459] CNTD
[08:08:28] [152/459] NLJR
[08:08:30] [153/459] SRNG
[08:08:31] [154/459] MHAL
[08:08:32] [155/459] PNSM
[08:08:33] [156/459] DRMY
[08:08:34] [157/459] CCMU
[08:08:34] [158/459] SCMY
[08:08:35] [159/459] PVSY
[08:08:36] [160/459] SDLM
[08:08:36] 🔄 Identity reset
[08:08:37] 🔄 Identity rotated (every 10 requests)
[08:08:37] 🔄 Retry 1/5 for SDLM in 2.9s
[08:08:37] 🔄 Identity reset
[08:08:39] 🧠 New identity created
[08:08:40] [161/459] ICCM
[08:08:41] [162/459] PYSU
[08:08:42] [163/459] GATM
[08:08:43] [164/459] WOTM
[08:08:44] [165/459] RKTS
[08:08:45] [166/459] PMTY
[08:08:46] [167/459] LYMS
[08:08:47] [168/459] TGCA
[08:08:48] [169/459] DSTA
[08:08:48] 🔄 Identity reset
[08:08:48] 🔄 Identity rotated (every 10 requests)
[08:08:48] [170/459] CNGE
[08:08:49] [171/459] VSTG
[08:08:50] [172/459] GTCK
[08:08:51] [173/459] TGNT
[08:08:52] [174/459] ASLC
[08:08:53] [175/459] SSST
[08:08:53] [176/459] KBTT
[08:08:54] [177/459] HKCP
[08:08:55] [178/459] SWLC
[08:08:56] [179/459] RTND
[08:08:57] 🔄 Identity reset
[08:08:57] 🔄 Identity rotated (every 10 requests)
[08:08:57] 🔄 Retry 1/5 for RTND in 2.5s
[08:08:57] 🔄 Identity reset
[08:09:00] 🧠 New identity created
[08:09:00] [180/459] PKKT
[08:09:01] [181/459] HSTK
[08:09:02] [182/459] SPTT
[08:09:03] [183/459] IMPM
[08:09:03] [184/459] SCMV
[08:09:04] [185/459] SPCT
[08:09:05] [186/459] JBCA
[08:09:06] [187/459] ATTR
[08:09:07] [188/459] SPMT
[08:09:07] 🔄 Identity reset
[08:09:07] 🔄 Identity rotated (every 10 requests)
[08:09:08] [189/459] LCTM
[08:09:09] [190/459] SCVL
[08:09:09] [191/459] SCVT
[08:09:10] [192/459] KRIC
[08:09:11] [193/459] CTMG
[08:09:12] [194/459] ACNC
[08:09:13] [195/459] DMCK
[08:09:14] [196/459] KMTV
[08:09:15] [197/459] PFCJ
[08:09:16] [198/459] VNMD
[08:09:16] 🔄 Identity reset
[08:09:16] 🔄 Identity rotated (every 10 requests)
[08:09:17] [199/459] VPCZ
[08:09:17] [200/459] SRYR
[08:09:18] [201/459] SYTR
[08:09:19] [202/459] GATR
[08:09:20] [203/459] URTR
[08:09:21] [204/459] MKSM
[08:09:22] [205/459] VSMH
[08:09:23] [206/459] SKRJ
[08:09:24] [207/459] SSJR
[08:09:25] [208/459] SVSM
[08:09:25] 🔄 Identity reset
[08:09:25] 🔄 Identity rotated (every 10 requests)
[08:09:26] [209/459] RUCM
[08:09:26] [210/459] PRKN
[08:09:27] [211/459] RROH
[08:09:28] [212/459] SCTN
[08:09:29] [213/459] RTDM
[08:09:30] [214/459] ASRM
[08:09:31] [215/459] SKMD
[08:09:32] [216/459] SUTD
[08:09:33] [217/459] SADM
[08:09:33] [218/459] WCNR
[08:09:34] 🔄 Identity reset
[08:09:34] 🔄 Identity rotated (every 10 requests)
[08:09:35] [219/459] CNED
[08:09:36] [220/459] MPDB
[08:09:37] [221/459] KTBH
[08:09:38] [222/459] IDRM
[08:09:39] [223/459] PJJT
[08:09:39] [224/459] PFCV
[08:09:40] [225/459] AACT
[08:09:41] [226/459] AAAD
[08:09:42] [227/459] ANES
[08:09:43] [228/459] MNCA
[08:09:44] 🔄 Identity reset
[08:09:44] 🔄 Identity rotated (every 10 requests)
[08:09:44] [229/459] RMGU
[08:09:45] [230/459] DLCN
[08:09:46] [231/459] LJWT
[08:09:48] [232/459] MCBG
[08:09:49] [233/459] MYBG
[08:09:49] [234/459] GCCA
[08:09:50] [235/459] GCGA
[08:09:51] [236/459] ECGN
[08:09:52] [237/459] PRAB
[08:09:53] [238/459] PNMP
[08:09:53] 🔄 Identity reset
[08:09:54] 🔄 Identity rotated (every 10 requests)
[08:09:54] [239/459] GCPT
[08:09:55] [240/459] ROYN
[08:09:56] [241/459] VATM
[08:09:57] [242/459] KSNT
[08:09:59] [243/459] ACTC
[08:09:59] [244/459] PLTD
[08:10:00] [245/459] SKMK
[08:10:01] [246/459] CMTT
[08:10:02] [247/459] SMXP
[08:10:02] [248/459] SCMX
[08:10:03] 🔄 Identity reset
[08:10:03] 🔄 Identity rotated (every 10 requests)
[08:10:04] [249/459] ACXN
[08:10:05] [250/459] ASWT
[08:10:06] [251/459] VVVL
[08:10:07] [252/459] NAGO
[08:10:08] [253/459] SNCN
[08:10:09] [254/459] MCKP
[08:10:11] [255/459] SAMO
[08:10:12] [256/459] JBTV
[08:10:12] [257/459] DCVV
[08:10:13] [258/459] KMSV
[08:10:14] 🔄 Identity reset
[08:10:14] 🔄 Identity rotated (every 10 requests)
[08:10:14] 🔄 Retry 1/5 for KMSV in 2.3s
[08:10:14] 🔄 Identity reset
[08:10:16] 🧠 New identity created
[08:10:16] [259/459] KDCN
[08:10:17] [260/459] CNCP
[08:10:18] [261/459] HAMC
[08:10:19] [262/459] CCVZ
[08:10:20] [263/459] NCCK
[08:10:20] [264/459] MCHR
[08:10:21] [265/459] SCHT
[08:10:22] [266/459] ESSH
[08:10:23] [267/459] CUJC
[08:10:24] 🔄 Identity reset
[08:10:24] 🔄 Identity rotated (every 10 requests)
[08:10:25] [268/459] PECP
[08:10:26] [269/459] PMMI
[08:10:27] [270/459] PCCH
[08:10:28] [271/459] PRPM
[08:10:28] [272/459] PVKL
[08:10:29] [273/459] CBSM
[08:10:30] [274/459] PVCZ
[08:10:32] [275/459] PCVV
[08:10:33] [276/459] CTMJ
[08:10:33] [277/459] RCPS
[08:10:34] 🔄 Identity reset
[08:10:34] 🔄 Identity rotated (every 10 requests)
[08:10:35] [278/459] PCIT
[08:10:36] [279/459] FNCH
[08:10:36] [280/459] INZD
[08:10:38] [281/459] INPC
[08:10:39] [282/459] LCZP
[08:10:39] [283/459] SMCB
[08:10:40] [284/459] PTSB
[08:10:41] [285/459] TPSI
[08:10:42] [286/459] KHMJ
[08:10:43] [287/459] RCCJ
[08:10:44] 🔄 Identity reset
[08:10:44] 🔄 Identity rotated (every 10 requests)
[08:10:44] [288/459] NCJA
[08:10:45] [289/459] NCJN
[08:10:46] [290/459] BTDP
[08:10:47] [291/459] PADY
[08:10:48] [292/459] NYBH
[08:10:48] [293/459] MTBR
[08:10:49] [294/459] KRBC
[08:10:50] [295/459] DKTI
[08:10:51] [296/459] ANAN
[08:10:52] [297/459] INBP
[08:10:53] 🔄 Identity reset
[08:10:53] 🔄 Identity rotated (every 10 requests)
[08:10:53] [298/459] PATB
[08:10:54] [299/459] RGNT
[08:10:55] [300/459] CGPM
[08:10:56] [301/459] INTN
[08:10:57] [302/459] MCMP
[08:10:57] [303/459] ASRG
[08:10:58] [304/459] CXJD
[08:10:59] [305/459] SPCP
[08:11:00] [306/459] CSTP
[08:11:01] [307/459] PKVC
[08:11:02] 🔄 Identity reset
[08:11:02] 🔄 Identity rotated (every 10 requests)
[08:11:02] [308/459] ESCP
[08:11:03] [309/459] CAEP
[08:11:04] [310/459] CCSP
[08:11:05] [311/459] KTPC
[08:11:06] [312/459] DACA
[08:11:07] [313/459] NVKY
[08:11:08] [314/459] PTIN
[08:11:09] [315/459] SCIN
[08:11:10] [316/459] MCTY
[08:11:10] [317/459] PCMX
[08:11:11] 🔄 Identity reset
[08:11:11] 🔄 Identity rotated (every 10 requests)
[08:11:11] [318/459] INIC
[08:11:12] [319/459] MMZM
[08:11:13] [320/459] SSLP
[08:11:14] [321/459] DTDT
[08:11:15] [322/459] FFCX
[08:11:16] [323/459] RCMM
[08:11:17] [324/459] KYID
[08:11:18] [325/459] CSCI
[08:11:18] [326/459] FCMC
[08:11:19] [327/459] MMXI
[08:11:20] 🔄 Identity reset
[08:11:20] 🔄 Identity rotated (every 10 requests)
[08:11:20] [328/459] ASTC
[08:11:21] [329/459] CMRA
[08:11:22] [330/459] DICI
[08:11:23] [331/459] KDIN
[08:11:24] [332/459] PRFI
[08:11:25] [333/459] SVFC
[08:11:26] [334/459] UCPL
[08:11:26] [335/459] COOC
[08:11:27] [336/459] SCAL
[08:11:28] [337/459] SVFF
[08:11:29] 🔄 Identity reset
[08:11:29] 🔄 Identity rotated (every 10 requests)
[08:11:29] [338/459] VCMG
[08:11:30] [339/459] UUCT
[08:11:31] [340/459] GCSE
[08:11:31] [341/459] SUSC
[08:11:32] [342/459] MISC
[08:11:34] [343/459] RMBL
[08:11:35] [344/459] CMXN
[08:11:35] [345/459] PVBK
[08:11:37] [346/459] HHCG
[08:11:38] [347/459] SCAG
[08:11:38] 🔄 Identity reset
[08:11:38] 🔄 Identity rotated (every 10 requests)
[08:11:38] 🔄 Retry 1/5 for SCAG in 2.4s
[08:11:38] 🔄 Identity reset
[08:11:41] 🧠 New identity created
[08:11:41] [348/459] CNPR
[08:11:42] [349/459] CSER
[08:11:43] [350/459] HLWD
[08:11:43] [351/459] BOLY
[08:11:44] [352/459] SSPG
[08:11:45] [353/459] MUPX
[08:11:46] [354/459] HAMR
[08:11:47] [355/459] SDNC
[08:11:48] [356/459] RTEN
[08:11:48] 🔄 Identity reset
[08:11:48] 🔄 Identity rotated (every 10 requests)
[08:11:49] [357/459] SDTD
[08:11:50] [358/459] KAWS
[08:11:50] [359/459] CMZX
[08:11:51] [360/459] DCDD
[08:11:52] [361/459] ALSN
[08:11:53] [362/459] IMXS
[08:11:54] [363/459] PVFF
[08:11:55] [364/459] PVOO
[08:11:56] [365/459] CFBS
[08:11:57] [366/459] PVER
[08:11:57] 🔄 Identity reset
[08:11:57] 🔄 Identity rotated (every 10 requests)
[08:11:58] [367/459] PPNX
[08:11:59] [368/459] CNRM
[08:12:00] [369/459] PVWW
[08:12:01] [370/459] INMB
[08:12:02] [371/459] CPJR
[08:12:03] [372/459] INRZ
[08:12:04] [373/459] PMSR
[08:12:05] [374/459] GPGM
[08:12:06] [375/459] PGWB
[08:12:07] [376/459] PMBR
[08:12:08] 🔄 Identity reset
[08:12:08] 🔄 Identity rotated (every 10 requests)
[08:12:08] [377/459] GPAM
[08:12:09] [378/459] INBC
[08:12:10] [379/459] PZVK
[08:12:11] [380/459] CPEB
[08:12:12] [381/459] FMLB
[08:12:13] [382/459] INBG
[08:12:14] [383/459] GPBR
[08:12:15] [384/459] PAAS
[08:12:16] [385/459] VTBR
[08:12:16] [386/459] GPMY
[08:12:17] 🔄 Identity reset
[08:12:17] 🔄 Identity rotated (every 10 requests)
[08:12:17] [387/459] GYBU
[08:12:18] [388/459] INBJ
[08:12:19] [389/459] LKTH
[08:12:20] [390/459] NSBR
[08:12:21] [391/459] PDRD
[08:12:22] [392/459] VRBL
[08:12:23] [393/459] VTGB
[08:12:24] [394/459] VTSK
[08:12:25] [395/459] BKDV
[08:12:26] [396/459] SVTB
[08:12:27] 🔄 Identity reset
[08:12:27] 🔄 Identity rotated (every 10 requests)
[08:12:27] [397/459] MLDT
[08:12:28] [398/459] NRBL
[08:12:29] [399/459] SLTR
[08:12:29] [400/459] VNKA
[08:12:30] [401/459] TDCA
[08:12:31] [402/459] INBM
[08:12:32] [403/459] SSNR
[08:12:33] [404/459] BHAC
[08:12:34] [405/459] SDSD
[08:12:35] [406/459] SAMP
[08:12:35] 🔄 Identity reset
[08:12:35] 🔄 Identity rotated (every 10 requests)
[08:12:35] [407/459] RATK
[08:12:36] [408/459] KCBI
[08:12:37] [409/459] URBL
[08:12:38] [410/459] MKBG
[08:12:39] [411/459] ASTB
[08:12:40] [412/459] VBWT
[08:12:41] [413/459] GPSM
[08:12:42] [414/459] ROON
[08:12:43] [415/459] CHTH
[08:12:44] [416/459] SSPA
[08:12:44] 🔄 Identity reset
[08:12:44] 🔄 Identity rotated (every 10 requests)
[08:12:44] [417/459] ANBL
[08:12:45] [418/459] VTBE
[08:12:46] [419/459] SVKT
[08:12:47] [420/459] SVYK
[08:12:48] [421/459] PTBK
[08:12:49] [422/459] RKTB
[08:12:50] [423/459] BALT
[08:12:51] [424/459] STSV
[08:12:52] [425/459] VCCB
[08:12:53] [426/459] SLTB
[08:12:54] 🔄 Identity reset
[08:12:54] 🔄 Identity rotated (every 10 requests)
[08:12:54] [427/459] SBCR
[08:12:55] [428/459] VDCS
[08:12:56] [429/459] MDKI
[08:12:58] [430/459] SMRN
[08:12:59] [431/459] PTBC
[08:13:00] [432/459] RADI
[08:13:01] [433/459] ADCR
[08:13:02] [434/459] SDCS
[08:13:03] [435/459] SRPJ
[08:13:04] [436/459] ARTS
[08:13:04] 🔄 Identity reset
[08:13:04] 🔄 Identity rotated (every 10 requests)
[08:13:05] [437/459] SRHK
[08:13:06] [438/459] SPAY
[08:13:07] [439/459] GPTB
[08:13:08] [440/459] SNNN
[08:13:09] [441/459] BALJ
[08:13:10] [442/459] TRIG
[08:13:10] [443/459] GTYT
[08:13:12] [444/459] ATGN
[08:13:13] [445/459] ANTE
[08:13:14] [446/459] BDCG
[08:13:14] 🔄 Identity reset
[08:13:14] 🔄 Identity rotated (every 10 requests)
[08:13:15] [447/459] VECI
[08:13:16] [448/459] SCPR
[08:13:16] [449/459] RTEA
[08:13:17] [450/459] JSAI
[08:13:19] [451/459] VJTP
[08:13:20] [452/459] GNDS
[08:13:20] [453/459] PAXA
[08:13:21] [454/459] CGGM
[08:13:22] [455/459] ACKZ
[08:13:23] [456/459] EMCC
[08:13:24] 🔄 Identity reset
[08:13:24] 🔄 Identity rotated (every 10 requests)
[08:13:24] [457/459] KLSK
[08:13:25] [458/459] AVCK
[08:13:26] [459/459] JTCK
[08:13:27] ✅ DONE | Shows=831 | Movies=46
[09:06:05] 🚀 BMS DAILY TRACKER STARTED (enhanced anti‑detection)
[09:06:05] [1/459] NECA
[09:06:06] 🧠 New identity created
[09:06:06] [2/459] BJLC
[09:06:07] [3/459] BASU
[09:06:08] [4/459] RUPI
[09:06:09] [5/459] LCBK
[09:06:10] [6/459] PMAC
[09:06:11] [7/459] AMLC
[09:06:12] [8/459] LICL
[09:06:13] [9/459] UDMM
[09:06:14] [10/459] STBZ
[09:06:15] 🔄 Identity reset
[09:06:15] 🔄 Identity rotated (every 10 requests)
[09:06:15] [11/459] UUBT
[09:06:16] [12/459] SJKC
[09:06:17] [13/459] TUAL
[09:06:18] [14/459] MRSE
[09:06:18] [15/459] RMRK
[09:06:19] [16/459] TTKP
[09:06:20] [17/459] KTKO
[09:06:21] [18/459] SDBK
[09:06:22] [19/459] MCPR
[09:06:23] [20/459] CHTI
[09:06:23] 🔄 Identity reset
[09:06:23] 🔄 Identity rotated (every 10 requests)
[09:06:24] [21/459] GCCP
[09:06:24] [22/459] SRMY
[09:06:26] [23/459] NYST
[09:06:27] [24/459] NYAG
[09:06:27] [25/459] SBMT
[09:06:28] [26/459] INGA
[09:06:29] [27/459] WSIC
[09:06:30] [28/459] SCSS
[09:06:31] [29/459] COPG
[09:06:32] [30/459] RCGR
[09:06:33] 🔄 Identity reset
[09:06:33] 🔄 Identity rotated (every 10 requests)
[09:06:33] [31/459] TCZA
[09:06:34] [32/459] CNLP
[09:06:35] [33/459] CLKN
[09:06:35] [34/459] LHDF
[09:06:36] [35/459] ELKC
[09:06:37] [36/459] VCEM
[09:06:38] [37/459] SSZA
[09:06:39] [38/459] KRMT
[09:06:40] [39/459] LCMV
[09:06:41] [40/459] AYCZ
[09:06:41] 🔄 Identity reset
[09:06:41] 🔄 Identity rotated (every 10 requests)
[09:06:41] [41/459] CUMS
[09:06:42] [42/459] BOCK
[09:06:43] [43/459] PNMR
[09:06:44] [44/459] PJCP
[09:06:45] [45/459] JDDD
[09:06:46] [46/459] STMS
[09:06:47] [47/459] FLMB
[09:06:48] [48/459] PKCM
[09:06:49] [49/459] SPPR
[09:06:50] [50/459] EYLH
[09:06:51] 🔄 Identity reset
[09:06:51] 🔄 Identity rotated (every 10 requests)
[09:06:51] [51/459] RJCC
[09:06:52] [52/459] MMPS
[09:06:53] [53/459] SHMX
[09:06:54] [54/459] CCNL
[09:06:55] [55/459] RCNV
[09:06:56] [56/459] MAAG
[09:06:57] [57/459] LXCM
[09:06:58] [58/459] RCNI
[09:06:59] [59/459] SNNI
[09:06:59] [60/459] LALC
[09:07:00] 🔄 Identity reset
[09:07:00] 🔄 Identity rotated (every 10 requests)
[09:07:01] [61/459] SOCN
[09:07:02] [62/459] JHTP
[09:07:03] [63/459] PITP
[09:07:04] [64/459] CCKW
[09:07:05] [65/459] MCMC
[09:07:06] [66/459] DEES
[09:07:07] [67/459] SABT
[09:07:07] [68/459] VSPP
[09:07:08] [69/459] ABCT
[09:07:09] [70/459] JVTB
[09:07:10] 🔄 Identity reset
[09:07:10] 🔄 Identity rotated (every 10 requests)
[09:07:10] [71/459] VCBD
[09:07:11] [72/459] RMGG
[09:07:12] [73/459] RNMH
[09:07:12] [74/459] SPGL
[09:07:13] [75/459] JTTR
[09:07:14] [76/459] SICS
[09:07:15] [77/459] SRMI
[09:07:16] [78/459] SSIJ
[09:07:17] [79/459] KFMT
[09:07:18] [80/459] VBIT
[09:07:18] 🔄 Identity reset
[09:07:18] 🔄 Identity rotated (every 10 requests)
[09:07:19] [81/459] JKCT
[09:07:20] [82/459] GCGP
[09:07:20] [83/459] GDCS
[09:07:21] [84/459] TRBA
[09:07:22] [85/459] QUST
[09:07:23] [86/459] VSHM
[09:07:24] [87/459] SDCP
[09:07:25] [88/459] SNVS
[09:07:26] [89/459] NYTO
[09:07:27] [90/459] URWC
[09:07:28] 🔄 Identity reset
[09:07:28] 🔄 Identity rotated (every 10 requests)
[09:07:29] [91/459] GTWH
[09:07:29] [92/459] PFCM
[09:07:30] [93/459] KRTA
[09:07:31] [94/459] AXMC
[09:07:32] [95/459] EVMC
[09:07:34] [96/459] HGSM
[09:07:34] [97/459] ACVM
[09:07:35] [98/459] PSKL
[09:07:36] [99/459] RDMP
[09:07:37] [100/459] RHGH
[09:07:38] 🔄 Identity reset
[09:07:38] 🔄 Identity rotated (every 10 requests)
[09:07:38] [101/459] OMCM
[09:07:39] [102/459] DCCP
[09:07:40] [103/459] MCPB
[09:07:41] [104/459] ALCI
[09:07:42] [105/459] BLMX
[09:07:43] [106/459] BTMV
[09:07:44] [107/459] FVPN
[09:07:45] [108/459] CMAR
[09:07:46] [109/459] CEIM
[09:07:47] [110/459] CMVA
[09:07:47] 🔄 Identity reset
[09:07:47] 🔄 Identity rotated (every 10 requests)
[09:07:48] [111/459] CPIV
[09:07:48] [112/459] CNPE
[09:07:49] [113/459] COLV
[09:07:50] [114/459] DNNV
[09:07:51] [115/459] HCAD
[09:07:52] [116/459] TAKA
[09:07:53] [117/459] INVD
[09:07:54] [118/459] IRMM
[09:07:55] [119/459] INSE
[09:07:56] [120/459] MRSW
[09:07:56] 🔄 Identity reset
[09:07:56] 🔄 Identity rotated (every 10 requests)
[09:07:57] [121/459] MCVD
[09:07:58] [122/459] MCSO
[09:07:58] [123/459] PEVM
[09:07:59] [124/459] PVNL
[09:08:00] [125/459] PTCV
[09:08:01] [126/459] PRTC
[09:08:02] [127/459] RCVA
[09:08:04] [128/459] MTBN
[09:08:05] [129/459] LUCP
[09:08:05] [130/459] FMPT
[09:08:06] 🔄 Identity reset
[09:08:06] 🔄 Identity rotated (every 10 requests)
[09:08:06] 🔄 Retry 1/5 for FMPT in 2.1s
[09:08:06] 🔄 Identity reset
[09:08:08] 🧠 New identity created
[09:08:09] [131/459] JLSL
[09:08:09] [132/459] SBHA
[09:08:10] [133/459] SHRC
[09:08:11] [134/459] AVPS
[09:08:12] [135/459] STPM
[09:08:13] [136/459] ATRD
[09:08:14] [137/459] VTED
[09:08:15] [138/459] ACAI
[09:08:16] [139/459] SMAE
[09:08:17] 🔄 Identity reset
[09:08:17] 🔄 Identity rotated (every 10 requests)
[09:08:17] [140/459] VMAT
[09:08:18] [141/459] LKCT
[09:08:19] [142/459] JTVK
[09:08:20] [143/459] PRTY
[09:08:20] [144/459] GETT
[09:08:21] [145/459] ESAP
[09:08:23] [146/459] NCPM
[09:08:24] [147/459] PCPA
[09:08:25] [148/459] MMOM
[09:08:26] [149/459] PHUP
[09:08:26] 🔄 Identity reset
[09:08:26] 🔄 Identity rotated (every 10 requests)
[09:08:26] 🔄 Retry 1/5 for PHUP in 2.6s
[09:08:26] 🔄 Identity reset
[09:08:29] 🧠 New identity created
[09:08:29] [150/459] CCPI
[09:08:30] [151/459] CNTD
[09:08:31] [152/459] NLJR
[09:08:32] [153/459] SRNG
[09:08:33] [154/459] MHAL
[09:08:34] [155/459] PNSM
[09:08:35] [156/459] DRMY
[09:08:36] [157/459] CCMU
[09:08:37] [158/459] SCMY
[09:08:38] 🔄 Identity reset
[09:08:38] 🔄 Identity rotated (every 10 requests)
[09:08:39] [159/459] PVSY
[09:08:39] [160/459] SDLM
[09:08:40] [161/459] ICCM
[09:08:41] [162/459] PYSU
[09:08:42] [163/459] GATM
[09:08:43] [164/459] WOTM
[09:08:44] [165/459] RKTS
[09:08:45] [166/459] PMTY
[09:08:46] [167/459] LYMS
[09:08:47] [168/459] TGCA
[09:08:47] 🔄 Identity reset
[09:08:47] 🔄 Identity rotated (every 10 requests)
[09:08:48] [169/459] DSTA
[09:08:49] [170/459] CNGE
[09:08:50] [171/459] VSTG
[09:08:51] [172/459] GTCK
[09:08:52] [173/459] TGNT
[09:08:52] [174/459] ASLC
[09:08:53] [175/459] SSST
[09:08:54] [176/459] KBTT
[09:08:55] [177/459] HKCP
[09:08:57] [178/459] SWLC
[09:08:57] 🔄 Identity reset
[09:08:57] 🔄 Identity rotated (every 10 requests)
[09:08:58] [179/459] RTND
[09:08:59] [180/459] PKKT
[09:08:59] [181/459] HSTK
[09:09:00] [182/459] SPTT
[09:09:01] [183/459] IMPM
[09:09:03] [184/459] SCMV
[09:09:04] [185/459] SPCT
[09:09:04] [186/459] JBCA
[09:09:05] [187/459] ATTR
[09:09:06] [188/459] SPMT
[09:09:07] 🔄 Identity reset
[09:09:07] 🔄 Identity rotated (every 10 requests)
[09:09:07] [189/459] LCTM
[09:09:08] [190/459] SCVL
[09:09:09] [191/459] SCVT
[09:09:10] [192/459] KRIC
[09:09:11] [193/459] CTMG
[09:09:12] [194/459] ACNC
[09:09:13] [195/459] DMCK
[09:09:14] [196/459] KMTV
[09:09:16] [197/459] PFCJ
[09:09:16] [198/459] VNMD
[09:09:17] 🔄 Identity reset
[09:09:17] 🔄 Identity rotated (every 10 requests)
[09:09:18] [199/459] VPCZ
[09:09:19] [200/459] SRYR
[09:09:20] [201/459] SYTR
[09:09:21] [202/459] GATR
[09:09:22] [203/459] URTR
[09:09:23] [204/459] MKSM
[09:09:24] [205/459] VSMH
[09:09:25] [206/459] SKRJ
[09:09:26] [207/459] SSJR
[09:09:27] [208/459] SVSM
[09:09:28] 🔄 Identity reset
[09:09:28] 🔄 Identity rotated (every 10 requests)
[09:09:28] [209/459] RUCM
[09:09:29] [210/459] PRKN
[09:09:30] [211/459] RROH
[09:09:31] [212/459] SCTN
[09:09:33] [213/459] RTDM
[09:09:34] [214/459] ASRM
[09:09:34] [215/459] SKMD
[09:09:35] [216/459] SUTD
[09:09:37] [217/459] SADM
[09:09:37] [218/459] WCNR
[09:09:38] 🔄 Identity reset
[09:09:38] 🔄 Identity rotated (every 10 requests)
[09:09:39] [219/459] CNED
[09:09:40] [220/459] MPDB
[09:09:40] [221/459] KTBH
[09:09:41] [222/459] IDRM
[09:09:42] [223/459] PJJT
[09:09:43] [224/459] PFCV
[09:09:44] [225/459] AACT
[09:09:44] [226/459] AAAD
[09:09:45] [227/459] ANES
[09:09:46] [228/459] MNCA
[09:09:47] 🔄 Identity reset
[09:09:47] 🔄 Identity rotated (every 10 requests)
[09:09:47] [229/459] RMGU
[09:09:48] [230/459] DLCN
[09:09:49] [231/459] LJWT
[09:09:50] [232/459] MCBG
[09:09:50] [233/459] MYBG
[09:09:51] [234/459] GCCA
[09:09:52] [235/459] GCGA
[09:09:53] [236/459] ECGN
[09:09:54] [237/459] PRAB
[09:09:55] [238/459] PNMP
[09:09:56] 🔄 Identity reset
[09:09:56] 🔄 Identity rotated (every 10 requests)
[09:09:56] [239/459] GCPT
[09:09:58] [240/459] ROYN
[09:09:59] [241/459] VATM
[09:10:00] [242/459] KSNT
[09:10:00] [243/459] ACTC
[09:10:01] [244/459] PLTD
[09:10:02] [245/459] SKMK
[09:10:03] [246/459] CMTT
[09:10:05] [247/459] SMXP
[09:10:07] [248/459] SCMX
[09:10:07] 🔄 Identity reset
[09:10:07] 🔄 Identity rotated (every 10 requests)
[09:10:08] [249/459] ACXN
[09:10:08] [250/459] ASWT
[09:10:09] [251/459] VVVL
[09:10:10] [252/459] NAGO
[09:10:11] [253/459] SNCN
[09:10:12] [254/459] MCKP
[09:10:13] [255/459] SAMO
[09:10:14] [256/459] JBTV
[09:10:15] [257/459] DCVV
[09:10:15] [258/459] KMSV
[09:10:16] 🔄 Identity reset
[09:10:16] 🔄 Identity rotated (every 10 requests)
[09:10:16] 🔄 Retry 1/5 for KMSV in 2.3s
[09:10:16] 🔄 Identity reset
[09:10:18] 🧠 New identity created
[09:10:18] 🔄 Retry 2/5 for KMSV in 4.6s
[09:10:18] 🔄 Identity reset
[09:10:23] 🧠 New identity created
[09:10:23] [259/459] KDCN
[09:10:24] [260/459] CNCP
[09:10:25] [261/459] HAMC
[09:10:26] [262/459] CCVZ
[09:10:27] [263/459] NCCK
[09:10:27] [264/459] MCHR
[09:10:28] [265/459] SCHT
[09:10:30] [266/459] ESSH
[09:10:31] 🔄 Identity reset
[09:10:31] 🔄 Identity rotated (every 10 requests)
[09:10:31] [267/459] CUJC
[09:10:32] [268/459] PECP
[09:10:33] [269/459] PMMI
[09:10:35] [270/459] PCCH
[09:10:36] [271/459] PRPM
[09:10:36] [272/459] PVKL
[09:10:37] [273/459] CBSM
[09:10:38] [274/459] PVCZ
[09:10:39] [275/459] PCVV
[09:10:40] [276/459] CTMJ
[09:10:41] 🔄 Identity reset
[09:10:41] 🔄 Identity rotated (every 10 requests)
[09:10:41] [277/459] RCPS
[09:10:42] [278/459] PCIT
[09:10:43] [279/459] FNCH
[09:10:44] [280/459] INZD
[09:10:44] [281/459] INPC
[09:10:46] [282/459] LCZP
[09:10:47] [283/459] SMCB
[09:10:48] [284/459] PTSB
[09:10:48] [285/459] TPSI
[09:10:50] [286/459] KHMJ
[09:10:50] 🔄 Identity reset
[09:10:50] 🔄 Identity rotated (every 10 requests)
[09:10:51] [287/459] RCCJ
[09:10:51] [288/459] NCJA
[09:10:52] [289/459] NCJN
[09:10:53] [290/459] BTDP
[09:10:54] [291/459] PADY
[09:10:55] [292/459] NYBH
[09:10:56] [293/459] MTBR
[09:10:57] [294/459] KRBC
[09:10:57] [295/459] DKTI
[09:10:58] [296/459] ANAN
[09:10:59] 🔄 Identity reset
[09:10:59] 🔄 Identity rotated (every 10 requests)
[09:10:59] [297/459] INBP
[09:11:00] [298/459] PATB
[09:11:01] [299/459] RGNT
[09:11:02] [300/459] CGPM
[09:11:03] [301/459] INTN
[09:11:04] [302/459] MCMP
[09:11:05] [303/459] ASRG
[09:11:06] [304/459] CXJD
[09:11:06] [305/459] SPCP
[09:11:08] [306/459] CSTP
[09:11:08] 🔄 Identity reset
[09:11:09] 🔄 Identity rotated (every 10 requests)
[09:11:10] [307/459] PKVC
[09:11:10] [308/459] ESCP
[09:11:12] [309/459] CAEP
[09:11:13] [310/459] CCSP
[09:11:14] [311/459] KTPC
[09:11:15] [312/459] DACA
[09:11:16] [313/459] NVKY
[09:11:17] [314/459] PTIN
[09:11:18] [315/459] SCIN
[09:11:19] [316/459] MCTY
[09:11:20] 🔄 Identity reset
[09:11:20] 🔄 Identity rotated (every 10 requests)
[09:11:20] [317/459] PCMX
[09:11:21] [318/459] INIC
[09:11:23] [319/459] MMZM
[09:11:24] [320/459] SSLP
[09:11:26] [321/459] DTDT
[09:11:27] [322/459] FFCX
[09:11:28] [323/459] RCMM
[09:11:28] [324/459] KYID
[09:11:29] [325/459] CSCI
[09:11:30] [326/459] FCMC
[09:11:30] 🔄 Identity reset
[09:11:30] 🔄 Identity rotated (every 10 requests)
[09:11:31] [327/459] MMXI
[09:11:32] [328/459] ASTC
[09:11:33] [329/459] CMRA
[09:11:34] [330/459] DICI
[09:11:35] [331/459] KDIN
[09:11:36] [332/459] PRFI
[09:11:36] [333/459] SVFC
[09:11:37] [334/459] UCPL
[09:11:38] [335/459] COOC
[09:11:39] [336/459] SCAL
[09:11:40] 🔄 Identity reset
[09:11:40] 🔄 Identity rotated (every 10 requests)
[09:11:40] [337/459] SVFF
[09:11:41] [338/459] VCMG
[09:11:43] [339/459] UUCT
[09:11:44] [340/459] GCSE
[09:11:44] [341/459] SUSC
[09:11:45] [342/459] MISC
[09:11:46] [343/459] RMBL
[09:11:47] [344/459] CMXN
[09:11:48] [345/459] PVBK
[09:11:49] [346/459] HHCG
[09:11:50] 🔄 Identity reset
[09:11:50] 🔄 Identity rotated (every 10 requests)
[09:11:50] [347/459] SCAG
[09:11:51] [348/459] CNPR
[09:11:52] [349/459] CSER
[09:11:53] [350/459] HLWD
[09:11:54] [351/459] BOLY
[09:11:55] [352/459] SSPG
[09:11:55] [353/459] MUPX
[09:11:56] [354/459] HAMR
[09:11:58] [355/459] SDNC
[09:11:59] [356/459] RTEN
[09:12:00] 🔄 Identity reset
[09:12:00] 🔄 Identity rotated (every 10 requests)
[09:12:00] [357/459] SDTD
[09:12:01] [358/459] KAWS
[09:12:02] [359/459] CMZX
[09:12:03] [360/459] DCDD
[09:12:04] [361/459] ALSN
[09:12:05] [362/459] IMXS
[09:12:06] [363/459] PVFF
[09:12:08] [364/459] PVOO
[09:12:08] [365/459] CFBS
[09:12:09] [366/459] PVER
[09:12:10] 🔄 Identity reset
[09:12:10] 🔄 Identity rotated (every 10 requests)
[09:12:10] [367/459] PPNX
[09:12:12] [368/459] CNRM
[09:12:13] [369/459] PVWW
[09:12:14] [370/459] INMB
[09:12:15] [371/459] CPJR
[09:12:16] [372/459] INRZ
[09:12:16] [373/459] PMSR
[09:12:17] [374/459] GPGM
[09:12:18] [375/459] PGWB
[09:12:19] [376/459] PMBR
[09:12:20] 🔄 Identity reset
[09:12:20] 🔄 Identity rotated (every 10 requests)
[09:12:20] [377/459] GPAM
[09:12:21] [378/459] INBC
[09:12:22] [379/459] PZVK
[09:12:23] [380/459] CPEB
[09:12:23] [381/459] FMLB
[09:12:24] [382/459] INBG
[09:12:25] [383/459] GPBR
[09:12:26] [384/459] PAAS
[09:12:27] [385/459] VTBR
[09:12:28] [386/459] GPMY
[09:12:28] 🔄 Identity reset
[09:12:28] 🔄 Identity rotated (every 10 requests)
[09:12:29] [387/459] GYBU
[09:12:30] [388/459] INBJ
[09:12:32] [389/459] LKTH
[09:12:33] [390/459] NSBR
[09:12:34] [391/459] PDRD
[09:12:35] [392/459] VRBL
[09:12:36] [393/459] VTGB
[09:12:36] [394/459] VTSK
[09:12:37] [395/459] BKDV
[09:12:38] [396/459] SVTB
[09:12:39] 🔄 Identity reset
[09:12:39] 🔄 Identity rotated (every 10 requests)
[09:12:39] [397/459] MLDT
[09:12:40] [398/459] NRBL
[09:12:41] [399/459] SLTR
[09:12:42] [400/459] VNKA
[09:12:43] [401/459] TDCA
[09:12:44] [402/459] INBM
[09:12:46] [403/459] SSNR
[09:12:47] [404/459] BHAC
[09:12:47] [405/459] SDSD
[09:12:48] [406/459] SAMP
[09:12:49] 🔄 Identity reset
[09:12:49] 🔄 Identity rotated (every 10 requests)
[09:12:49] [407/459] RATK
[09:12:50] [408/459] KCBI
[09:12:51] [409/459] URBL
[09:12:52] [410/459] MKBG
[09:12:53] [411/459] ASTB
[09:12:54] [412/459] VBWT
[09:12:55] [413/459] GPSM
[09:12:56] [414/459] ROON
[09:12:57] [415/459] CHTH
[09:12:58] [416/459] SSPA
[09:12:59] 🔄 Identity reset
[09:12:59] 🔄 Identity rotated (every 10 requests)
[09:12:59] [417/459] ANBL
[09:13:00] [418/459] VTBE
[09:13:01] [419/459] SVKT
[09:13:01] [420/459] SVYK
[09:13:02] [421/459] PTBK
[09:13:03] [422/459] RKTB
[09:13:04] [423/459] BALT
[09:13:06] [424/459] STSV
[09:13:06] [425/459] VCCB
[09:13:07] [426/459] SLTB
[09:13:08] 🔄 Identity reset
[09:13:08] 🔄 Identity rotated (every 10 requests)
[09:13:08] [427/459] SBCR
[09:13:09] [428/459] VDCS
[09:13:10] [429/459] MDKI
[09:13:12] [430/459] SMRN
[09:13:12] [431/459] PTBC
[09:13:13] [432/459] RADI
[09:13:14] [433/459] ADCR
[09:13:15] [434/459] SDCS
[09:13:16] [435/459] SRPJ
[09:13:17] [436/459] ARTS
[09:13:17] 🔄 Identity reset
[09:13:17] 🔄 Identity rotated (every 10 requests)
[09:13:18] [437/459] SRHK
[09:13:18] [438/459] SPAY
[09:13:20] [439/459] GPTB
[09:13:21] [440/459] SNNN
[09:13:22] [441/459] BALJ
[09:13:23] [442/459] TRIG
[09:13:23] [443/459] GTYT
[09:13:24] [444/459] ATGN
[09:13:25] [445/459] ANTE
[09:13:26] [446/459] BDCG
[09:13:27] 🔄 Identity reset
[09:13:27] 🔄 Identity rotated (every 10 requests)
[09:13:27] [447/459] VECI
[09:13:28] [448/459] SCPR
[09:13:29] [449/459] RTEA
[09:13:30] [450/459] JSAI
[09:13:30] [451/459] VJTP
[09:13:31] [452/459] GNDS
[09:13:32] [453/459] PAXA
[09:13:33] [454/459] CGGM
[09:13:34] [455/459] ACKZ
[09:13:35] [456/459] EMCC
[09:13:35] 🔄 Identity reset
[09:13:35] 🔄 Identity rotated (every 10 requests)
[09:13:36] [457/459] KLSK
[09:13:37] [458/459] AVCK
[09:13:38] [459/459] JTCK
[09:13:39] ✅ DONE | Shows=1151 | Movies=55
[10:06:09] 🚀 BMS DAILY TRACKER STARTED (enhanced anti‑detection)
[10:06:09] [1/459] NECA
[10:06:10] 🧠 New identity created
[10:06:10] [2/459] BJLC
[10:06:11] [3/459] BASU
[10:06:13] [4/459] RUPI
[10:06:14] [5/459] LCBK
[10:06:15] [6/459] PMAC
[10:06:16] [7/459] AMLC
[10:06:17] [8/459] LICL
[10:06:18] [9/459] UDMM
[10:06:19] [10/459] STBZ
[10:06:19] 🔄 Identity reset
[10:06:19] 🔄 Identity rotated (every 10 requests)
[10:06:20] [11/459] UUBT
[10:06:20] [12/459] SJKC
[10:06:21] [13/459] TUAL
[10:06:22] [14/459] MRSE
[10:06:23] [15/459] RMRK
[10:06:24] [16/459] TTKP
[10:06:24] [17/459] KTKO
[10:06:26] [18/459] SDBK
[10:06:27] [19/459] MCPR
[10:06:28] [20/459] CHTI
[10:06:28] 🔄 Identity reset
[10:06:28] 🔄 Identity rotated (every 10 requests)
[10:06:28] [21/459] GCCP
[10:06:29] [22/459] SRMY
[10:06:30] [23/459] NYST
[10:06:31] [24/459] NYAG
[10:06:32] [25/459] SBMT
[10:06:32] [26/459] INGA
[10:06:33] [27/459] WSIC
[10:06:35] [28/459] SCSS
[10:06:36] [29/459] COPG
[10:06:37] [30/459] RCGR
[10:06:38] 🔄 Identity reset
[10:06:38] 🔄 Identity rotated (every 10 requests)
[10:06:38] [31/459] TCZA
[10:06:39] [32/459] CNLP
[10:06:39] [33/459] CLKN
[10:06:40] [34/459] LHDF
[10:06:41] [35/459] ELKC
[10:06:42] [36/459] VCEM
[10:06:43] [37/459] SSZA
[10:06:44] [38/459] KRMT
[10:06:45] [39/459] LCMV
[10:06:46] [40/459] AYCZ
[10:06:46] 🔄 Identity reset
[10:06:46] 🔄 Identity rotated (every 10 requests)
[10:06:47] [41/459] CUMS
[10:06:47] [42/459] BOCK
[10:06:48] [43/459] PNMR
[10:06:49] [44/459] PJCP
[10:06:50] [45/459] JDDD
[10:06:51] [46/459] STMS
[10:06:52] [47/459] FLMB
[10:06:53] [48/459] PKCM
[10:06:53] [49/459] SPPR
[10:06:54] [50/459] EYLH
[10:06:55] 🔄 Identity reset
[10:06:55] 🔄 Identity rotated (every 10 requests)
[10:06:55] [51/459] RJCC
[10:06:56] [52/459] MMPS
[10:06:57] [53/459] SHMX
[10:06:58] [54/459] CCNL
[10:06:58] [55/459] RCNV
[10:06:59] [56/459] MAAG
[10:07:00] [57/459] LXCM
[10:07:01] [58/459] RCNI
[10:07:01] [59/459] SNNI
[10:07:02] [60/459] LALC
[10:07:03] 🔄 Identity reset
[10:07:03] 🔄 Identity rotated (every 10 requests)
[10:07:03] [61/459] SOCN
[10:07:04] [62/459] JHTP
[10:07:04] [63/459] PITP
[10:07:05] [64/459] CCKW
[10:07:06] [65/459] MCMC
[10:07:07] [66/459] DEES
[10:07:08] [67/459] SABT
[10:07:09] [68/459] VSPP
[10:07:10] [69/459] ABCT
[10:07:11] [70/459] JVTB
[10:07:11] 🔄 Identity reset
[10:07:11] 🔄 Identity rotated (every 10 requests)
[10:07:11] 🔄 Retry 1/5 for JVTB in 2.6s
[10:07:11] 🔄 Identity reset
[10:07:14] 🧠 New identity created
[10:07:15] [71/459] VCBD
[10:07:16] [72/459] RMGG
[10:07:16] [73/459] RNMH
[10:07:17] [74/459] SPGL
[10:07:18] [75/459] JTTR
[10:07:19] [76/459] SICS
[10:07:20] [77/459] SRMI
[10:07:21] [78/459] SSIJ
[10:07:22] [79/459] KFMT
[10:07:22] 🔄 Identity reset
[10:07:22] 🔄 Identity rotated (every 10 requests)
[10:07:22] [80/459] VBIT
[10:07:23] [81/459] JKCT
[10:07:24] [82/459] GCGP
[10:07:25] [83/459] GDCS
[10:07:26] [84/459] TRBA
[10:07:27] [85/459] QUST
[10:07:28] [86/459] VSHM
[10:07:29] [87/459] SDCP
[10:07:29] [88/459] SNVS
[10:07:30] [89/459] NYTO
[10:07:31] 🔄 Identity reset
[10:07:31] 🔄 Identity rotated (every 10 requests)
[10:07:31] 🔄 Retry 1/5 for NYTO in 2.2s
[10:07:31] 🔄 Identity reset
[10:07:33] 🧠 New identity created
[10:07:33] [90/459] URWC
[10:07:34] [91/459] GTWH
[10:07:35] [92/459] PFCM
[10:07:36] [93/459] KRTA
[10:07:37] [94/459] AXMC
[10:07:38] [95/459] EVMC
[10:07:38] [96/459] HGSM
[10:07:39] [97/459] ACVM
[10:07:41] [98/459] PSKL
[10:07:42] 🔄 Identity reset
[10:07:42] 🔄 Identity rotated (every 10 requests)
[10:07:42] [99/459] RDMP
[10:07:43] [100/459] RHGH
[10:07:44] [101/459] OMCM
[10:07:44] [102/459] DCCP
[10:07:45] [103/459] MCPB
[10:07:46] [104/459] ALCI
[10:07:47] [105/459] BLMX
[10:07:47] [106/459] BTMV
[10:07:48] [107/459] FVPN
[10:07:49] [108/459] CMAR
[10:07:50] 🔄 Identity reset
[10:07:50] 🔄 Identity rotated (every 10 requests)
[10:07:50] [109/459] CEIM
[10:07:51] [110/459] CMVA
[10:07:52] [111/459] CPIV
[10:07:53] [112/459] CNPE
[10:07:53] [113/459] COLV
[10:07:54] [114/459] DNNV
[10:07:55] [115/459] HCAD
[10:07:56] [116/459] TAKA
[10:07:57] [117/459] INVD
[10:07:58] [118/459] IRMM
[10:07:58] 🔄 Identity reset
[10:07:58] 🔄 Identity rotated (every 10 requests)
[10:07:58] [119/459] INSE
[10:07:59] [120/459] MRSW
[10:08:00] [121/459] MCVD
[10:08:01] [122/459] MCSO
[10:08:03] [123/459] PEVM
[10:08:03] [124/459] PVNL
[10:08:04] [125/459] PTCV
[10:08:05] [126/459] PRTC
[10:08:06] [127/459] RCVA
[10:08:07] [128/459] MTBN
[10:08:08] 🔄 Identity reset
[10:08:08] 🔄 Identity rotated (every 10 requests)
[10:08:08] [129/459] LUCP
[10:08:09] [130/459] FMPT
[10:08:10] [131/459] JLSL
[10:08:11] [132/459] SBHA
[10:08:12] [133/459] SHRC
[10:08:13] [134/459] AVPS
[10:08:14] [135/459] STPM
[10:08:15] [136/459] ATRD
[10:08:16] [137/459] VTED
[10:08:16] [138/459] ACAI
[10:08:17] 🔄 Identity reset
[10:08:17] 🔄 Identity rotated (every 10 requests)
[10:08:17] [139/459] SMAE
[10:08:18] [140/459] VMAT
[10:08:19] [141/459] LKCT
[10:08:20] [142/459] JTVK
[10:08:21] [143/459] PRTY
[10:08:22] [144/459] GETT
[10:08:23] [145/459] ESAP
[10:08:24] [146/459] NCPM
[10:08:25] [147/459] PCPA
[10:08:25] [148/459] MMOM
[10:08:26] 🔄 Identity reset
[10:08:26] 🔄 Identity rotated (every 10 requests)
[10:08:26] [149/459] PHUP
[10:08:27] [150/459] CCPI
[10:08:28] [151/459] CNTD
[10:08:29] [152/459] NLJR
[10:08:30] [153/459] SRNG
[10:08:30] [154/459] MHAL
[10:08:32] [155/459] PNSM
[10:08:33] [156/459] DRMY
[10:08:33] [157/459] CCMU
[10:08:34] [158/459] SCMY
[10:08:35] 🔄 Identity reset
[10:08:35] 🔄 Identity rotated (every 10 requests)
[10:08:35] [159/459] PVSY
[10:08:36] [160/459] SDLM
[10:08:37] [161/459] ICCM
[10:08:38] [162/459] PYSU
[10:08:39] [163/459] GATM
[10:08:40] [164/459] WOTM
[10:08:41] [165/459] RKTS
[10:08:43] [166/459] PMTY
[10:08:43] [167/459] LYMS
[10:08:44] [168/459] TGCA
[10:08:45] 🔄 Identity reset
[10:08:45] 🔄 Identity rotated (every 10 requests)
[10:08:45] [169/459] DSTA
[10:08:47] [170/459] CNGE
[10:08:48] [171/459] VSTG
[10:08:48] [172/459] GTCK
[10:08:49] [173/459] TGNT
[10:08:50] [174/459] ASLC
[10:08:51] [175/459] SSST
[10:08:52] [176/459] KBTT
[10:08:53] [177/459] HKCP
[10:08:54] [178/459] SWLC
[10:08:55] 🔄 Identity reset
[10:08:55] 🔄 Identity rotated (every 10 requests)
[10:08:55] [179/459] RTND
[10:08:56] [180/459] PKKT
[10:08:57] [181/459] HSTK
[10:08:58] [182/459] SPTT
[10:08:59] [183/459] IMPM
[10:09:00] [184/459] SCMV
[10:09:01] [185/459] SPCT
[10:09:02] [186/459] JBCA
[10:09:02] [187/459] ATTR
[10:09:03] [188/459] SPMT
[10:09:04] 🔄 Identity reset
[10:09:04] 🔄 Identity rotated (every 10 requests)
[10:09:04] [189/459] LCTM
[10:09:05] [190/459] SCVL
[10:09:05] [191/459] SCVT
[10:09:06] [192/459] KRIC
[10:09:07] [193/459] CTMG
[10:09:08] [194/459] ACNC
[10:09:09] [195/459] DMCK
[10:09:10] [196/459] KMTV
[10:09:10] [197/459] PFCJ
[10:09:11] [198/459] VNMD
[10:09:12] 🔄 Identity reset
[10:09:12] 🔄 Identity rotated (every 10 requests)
[10:09:13] [199/459] VPCZ
[10:09:14] [200/459] SRYR
[10:09:14] [201/459] SYTR
[10:09:16] [202/459] GATR
[10:09:17] [203/459] URTR
[10:09:18] [204/459] MKSM
[10:09:19] [205/459] VSMH
[10:09:20] [206/459] SKRJ
[10:09:21] [207/459] SSJR
[10:09:22] [208/459] SVSM
[10:09:23] 🔄 Identity reset
[10:09:23] 🔄 Identity rotated (every 10 requests)
[10:09:23] [209/459] RUCM
[10:09:25] [210/459] PRKN
[10:09:26] [211/459] RROH
[10:09:26] [212/459] SCTN
[10:09:27] [213/459] RTDM
[10:09:28] [214/459] ASRM
[10:09:29] [215/459] SKMD
[10:09:30] [216/459] SUTD
[10:09:31] [217/459] SADM
[10:09:32] [218/459] WCNR
[10:09:32] 🔄 Identity reset
[10:09:32] 🔄 Identity rotated (every 10 requests)
[10:09:33] [219/459] CNED
[10:09:34] [220/459] MPDB
[10:09:35] [221/459] KTBH
[10:09:36] [222/459] IDRM
[10:09:37] [223/459] PJJT
[10:09:37] [224/459] PFCV
[10:09:38] [225/459] AACT
[10:09:39] [226/459] AAAD
[10:09:40] [227/459] ANES
[10:09:41] [228/459] MNCA
[10:09:42] 🔄 Identity reset
[10:09:42] 🔄 Identity rotated (every 10 requests)
[10:09:42] [229/459] RMGU
[10:09:43] [230/459] DLCN
[10:09:44] [231/459] LJWT
[10:09:45] [232/459] MCBG
[10:09:45] [233/459] MYBG
[10:09:46] [234/459] GCCA
[10:09:47] [235/459] GCGA
[10:09:48] [236/459] ECGN
[10:09:48] [237/459] PRAB
[10:09:49] [238/459] PNMP
[10:09:50] 🔄 Identity reset
[10:09:50] 🔄 Identity rotated (every 10 requests)
[10:09:50] [239/459] GCPT
[10:09:51] [240/459] ROYN
[10:09:52] [241/459] VATM
[10:09:53] [242/459] KSNT
[10:09:53] [243/459] ACTC
[10:09:54] [244/459] PLTD
[10:09:55] [245/459] SKMK
[10:09:56] [246/459] CMTT
[10:09:57] [247/459] SMXP
[10:09:58] [248/459] SCMX
[10:09:58] 🔄 Identity reset
[10:09:58] 🔄 Identity rotated (every 10 requests)
[10:09:59] [249/459] ACXN
[10:10:00] [250/459] ASWT
[10:10:02] [251/459] VVVL
[10:10:02] [252/459] NAGO
[10:10:03] [253/459] SNCN
[10:10:04] [254/459] MCKP
[10:10:05] [255/459] SAMO
[10:10:06] [256/459] JBTV
[10:10:07] [257/459] DCVV
[10:10:08] [258/459] KMSV
[10:10:08] 🔄 Identity reset
[10:10:08] 🔄 Identity rotated (every 10 requests)
[10:10:08] [259/459] KDCN
[10:10:09] [260/459] CNCP
[10:10:10] [261/459] HAMC
[10:10:11] [262/459] CCVZ
[10:10:12] [263/459] NCCK
[10:10:13] [264/459] MCHR
[10:10:14] [265/459] SCHT
[10:10:15] [266/459] ESSH
[10:10:15] [267/459] CUJC
[10:10:16] [268/459] PECP
[10:10:17] 🔄 Identity reset
[10:10:17] 🔄 Identity rotated (every 10 requests)
[10:10:17] 🔄 Retry 1/5 for PECP in 2.3s
[10:10:17] 🔄 Identity reset
[10:10:19] 🧠 New identity created
[10:10:20] [269/459] PMMI
[10:10:21] [270/459] PCCH
[10:10:22] [271/459] PRPM
[10:10:23] [272/459] PVKL
[10:10:24] [273/459] CBSM
[10:10:25] [274/459] PVCZ
[10:10:26] [275/459] PCVV
[10:10:27] [276/459] CTMJ
[10:10:28] [277/459] RCPS
[10:10:29] 🔄 Identity reset
[10:10:29] 🔄 Identity rotated (every 10 requests)
[10:10:29] [278/459] PCIT
[10:10:30] [279/459] FNCH
[10:10:31] [280/459] INZD
[10:10:32] [281/459] INPC
[10:10:33] [282/459] LCZP
[10:10:34] [283/459] SMCB
[10:10:35] [284/459] PTSB
[10:10:36] [285/459] TPSI
[10:10:36] [286/459] KHMJ
[10:10:37] [287/459] RCCJ
[10:10:38] 🔄 Identity reset
[10:10:38] 🔄 Identity rotated (every 10 requests)
[10:10:38] [288/459] NCJA
[10:10:39] [289/459] NCJN
[10:10:40] [290/459] BTDP
[10:10:41] [291/459] PADY
[10:10:42] [292/459] NYBH
[10:10:42] [293/459] MTBR
[10:10:43] [294/459] KRBC
[10:10:44] [295/459] DKTI
[10:10:45] [296/459] ANAN
[10:10:46] [297/459] INBP
[10:10:47] 🔄 Identity reset
[10:10:47] 🔄 Identity rotated (every 10 requests)
[10:10:47] [298/459] PATB
[10:10:48] [299/459] RGNT
[10:10:49] [300/459] CGPM
[10:10:50] [301/459] INTN
[10:10:50] [302/459] MCMP
[10:10:51] [303/459] ASRG
[10:10:52] [304/459] CXJD
[10:10:54] [305/459] SPCP
[10:10:54] [306/459] CSTP
[10:10:55] [307/459] PKVC
[10:10:56] 🔄 Identity reset
[10:10:56] 🔄 Identity rotated (every 10 requests)
[10:10:56] [308/459] ESCP
[10:10:57] [309/459] CAEP
[10:10:58] [310/459] CCSP
[10:10:58] [311/459] KTPC
[10:10:59] [312/459] DACA
[10:11:00] [313/459] NVKY
[10:11:01] [314/459] PTIN
[10:11:02] [315/459] SCIN
[10:11:03] [316/459] MCTY
[10:11:04] [317/459] PCMX
[10:11:05] 🔄 Identity reset
[10:11:05] 🔄 Identity rotated (every 10 requests)
[10:11:05] 🔄 Retry 1/5 for PCMX in 2.4s
[10:11:05] 🔄 Identity reset
[10:11:07] 🧠 New identity created
[10:11:08] [318/459] INIC
[10:11:09] [319/459] MMZM
[10:11:10] [320/459] SSLP
[10:11:11] [321/459] DTDT
[10:11:12] [322/459] FFCX
[10:11:13] [323/459] RCMM
[10:11:14] [324/459] KYID
[10:11:15] [325/459] CSCI
[10:11:16] [326/459] FCMC
[10:11:17] 🔄 Identity reset
[10:11:17] 🔄 Identity rotated (every 10 requests)
[10:11:17] [327/459] MMXI
[10:11:18] [328/459] ASTC
[10:11:19] [329/459] CMRA
[10:11:20] [330/459] DICI
[10:11:21] [331/459] KDIN
[10:11:21] [332/459] PRFI
[10:11:22] [333/459] SVFC
[10:11:23] [334/459] UCPL
[10:11:24] [335/459] COOC
[10:11:25] [336/459] SCAL
[10:11:25] 🔄 Identity reset
[10:11:25] 🔄 Identity rotated (every 10 requests)
[10:11:26] [337/459] SVFF
[10:11:27] [338/459] VCMG
[10:11:28] [339/459] UUCT
[10:11:29] [340/459] GCSE
[10:11:30] [341/459] SUSC
[10:11:31] [342/459] MISC
[10:11:32] [343/459] RMBL
[10:11:33] [344/459] CMXN
[10:11:33] [345/459] PVBK
[10:11:34] [346/459] HHCG
[10:11:35] 🔄 Identity reset
[10:11:35] 🔄 Identity rotated (every 10 requests)
[10:11:35] [347/459] SCAG
[10:11:36] [348/459] CNPR
[10:11:37] [349/459] CSER
[10:11:38] [350/459] HLWD
[10:11:39] [351/459] BOLY
[10:11:40] [352/459] SSPG
[10:11:41] [353/459] MUPX
[10:11:42] [354/459] HAMR
[10:11:44] [355/459] SDNC
[10:11:44] [356/459] RTEN
[10:11:45] 🔄 Identity reset
[10:11:45] 🔄 Identity rotated (every 10 requests)
[10:11:46] [357/459] SDTD
[10:11:47] [358/459] KAWS
[10:11:47] [359/459] CMZX
[10:11:48] [360/459] DCDD
[10:11:50] [361/459] ALSN
[10:11:51] [362/459] IMXS
[10:11:51] [363/459] PVFF
[10:11:52] [364/459] PVOO
[10:11:54] [365/459] CFBS
[10:11:54] [366/459] PVER
[10:11:55] 🔄 Identity reset
[10:11:55] 🔄 Identity rotated (every 10 requests)
[10:11:55] [367/459] PPNX
[10:11:56] [368/459] CNRM
[10:11:57] [369/459] PVWW
[10:11:58] [370/459] INMB
[10:11:59] [371/459] CPJR
[10:12:00] [372/459] INRZ
[10:12:01] [373/459] PMSR
[10:12:02] [374/459] GPGM
[10:12:03] [375/459] PGWB
[10:12:03] [376/459] PMBR
[10:12:04] 🔄 Identity reset
[10:12:04] 🔄 Identity rotated (every 10 requests)
[10:12:04] 🔄 Retry 1/5 for PMBR in 2.0s
[10:12:04] 🔄 Identity reset
[10:12:06] 🧠 New identity created
[10:12:06] [377/459] GPAM
[10:12:07] [378/459] INBC
[10:12:08] [379/459] PZVK
[10:12:09] [380/459] CPEB
[10:12:10] [381/459] FMLB
[10:12:11] [382/459] INBG
[10:12:11] [383/459] GPBR
[10:12:12] [384/459] PAAS
[10:12:13] [385/459] VTBR
[10:12:14] 🔄 Identity reset
[10:12:14] 🔄 Identity rotated (every 10 requests)
[10:12:14] [386/459] GPMY
[10:12:15] [387/459] GYBU
[10:12:16] [388/459] INBJ
[10:12:17] [389/459] LKTH
[10:12:18] [390/459] NSBR
[10:12:19] [391/459] PDRD
[10:12:19] [392/459] VRBL
[10:12:20] [393/459] VTGB
[10:12:21] [394/459] VTSK
[10:12:22] [395/459] BKDV
[10:12:23] 🔄 Identity reset
[10:12:23] 🔄 Identity rotated (every 10 requests)
[10:12:23] [396/459] SVTB
[10:12:24] [397/459] MLDT
[10:12:25] [398/459] NRBL
[10:12:26] [399/459] SLTR
[10:12:26] [400/459] VNKA
[10:12:27] [401/459] TDCA
[10:12:28] [402/459] INBM
[10:12:29] [403/459] SSNR
[10:12:30] [404/459] BHAC
[10:12:31] [405/459] SDSD
[10:12:32] 🔄 Identity reset
[10:12:32] 🔄 Identity rotated (every 10 requests)
[10:12:32] [406/459] SAMP
[10:12:33] [407/459] RATK
[10:12:34] [408/459] KCBI
[10:12:35] [409/459] URBL
[10:12:36] [410/459] MKBG
[10:12:36] [411/459] ASTB
[10:12:37] [412/459] VBWT
[10:12:38] [413/459] GPSM
[10:12:39] [414/459] ROON
[10:12:40] [415/459] CHTH
[10:12:40] 🔄 Identity reset
[10:12:41] 🔄 Identity rotated (every 10 requests)
[10:12:41] [416/459] SSPA
[10:12:42] [417/459] ANBL
[10:12:42] [418/459] VTBE
[10:12:43] [419/459] SVKT
[10:12:44] [420/459] SVYK
[10:12:45] [421/459] PTBK
[10:12:46] [422/459] RKTB
[10:12:47] [423/459] BALT
[10:12:48] [424/459] STSV
[10:12:49] [425/459] VCCB
[10:12:50] 🔄 Identity reset
[10:12:50] 🔄 Identity rotated (every 10 requests)
[10:12:50] [426/459] SLTB
[10:12:52] [427/459] SBCR
[10:12:52] [428/459] VDCS
[10:12:53] [429/459] MDKI
[10:12:54] [430/459] SMRN
[10:12:55] [431/459] PTBC
[10:12:56] [432/459] RADI
[10:12:57] [433/459] ADCR
[10:12:58] [434/459] SDCS
[10:12:58] [435/459] SRPJ
[10:12:59] 🔄 Identity reset
[10:12:59] 🔄 Identity rotated (every 10 requests)
[10:12:59] [436/459] ARTS
[10:13:00] [437/459] SRHK
[10:13:01] [438/459] SPAY
[10:13:02] [439/459] GPTB
[10:13:03] [440/459] SNNN
[10:13:04] [441/459] BALJ
[10:13:05] [442/459] TRIG
[10:13:05] [443/459] GTYT
[10:13:06] [444/459] ATGN
[10:13:07] [445/459] ANTE
[10:13:08] 🔄 Identity reset
[10:13:08] 🔄 Identity rotated (every 10 requests)
[10:13:08] 🔄 Retry 1/5 for ANTE in 2.7s
[10:13:08] 🔄 Identity reset
[10:13:10] 🧠 New identity created
[10:13:11] [446/459] BDCG
[10:13:12] [447/459] VECI
[10:13:12] [448/459] SCPR
[10:13:13] [449/459] RTEA
[10:13:14] [450/459] JSAI
[10:13:15] [451/459] VJTP
[10:13:16] [452/459] GNDS
[10:13:17] [453/459] PAXA
[10:13:18] [454/459] CGGM
[10:13:18] 🔄 Identity reset
[10:13:18] 🔄 Identity rotated (every 10 requests)
[10:13:18] [455/459] ACKZ
[10:13:19] [456/459] EMCC
[10:13:20] [457/459] KLSK
[10:13:21] [458/459] AVCK
[10:13:22] [459/459] JTCK
[10:13:23] ✅ DONE | Shows=1475 | Movies=64
[11:06:13] 🚀 BMS DAILY TRACKER STARTED (enhanced anti‑detection)
[11:06:13] [1/459] NECA
[11:06:13] 🧠 New identity created
[11:06:14] [2/459] BJLC
[11:06:15] [3/459] BASU
[11:06:15] [4/459] RUPI
[11:06:16] [5/459] LCBK
[11:06:17] [6/459] PMAC
[11:06:18] [7/459] AMLC
[11:06:19] [8/459] LICL
[11:06:20] [9/459] UDMM
[11:06:21] [10/459] STBZ
[11:06:21] 🔄 Identity reset
[11:06:21] 🔄 Identity rotated (every 10 requests)
[11:06:22] [11/459] UUBT
[11:06:24] [12/459] SJKC
[11:06:25] [13/459] TUAL
[11:06:26] [14/459] MRSE
[11:06:27] [15/459] RMRK
[11:06:28] [16/459] TTKP
[11:06:29] [17/459] KTKO
[11:06:30] [18/459] SDBK
[11:06:31] [19/459] MCPR
[11:06:32] [20/459] CHTI
[11:06:32] 🔄 Identity reset
[11:06:32] 🔄 Identity rotated (every 10 requests)
[11:06:33] [21/459] GCCP
[11:06:34] [22/459] SRMY
[11:06:35] [23/459] NYST
[11:06:36] [24/459] NYAG
[11:06:37] [25/459] SBMT
[11:06:38] [26/459] INGA
[11:06:39] [27/459] WSIC
[11:06:40] [28/459] SCSS
[11:06:40] [29/459] COPG
[11:06:41] [30/459] RCGR
[11:06:42] 🔄 Identity reset
[11:06:42] 🔄 Identity rotated (every 10 requests)
[11:06:42] [31/459] TCZA
[11:06:43] [32/459] CNLP
[11:06:44] [33/459] CLKN
[11:06:45] [34/459] LHDF
[11:06:46] [35/459] ELKC
[11:06:47] [36/459] VCEM
[11:06:47] [37/459] SSZA
[11:06:48] [38/459] KRMT
[11:06:49] [39/459] LCMV
[11:06:50] [40/459] AYCZ
[11:06:51] 🔄 Identity reset
[11:06:51] 🔄 Identity rotated (every 10 requests)
[11:06:51] [41/459] CUMS
[11:06:52] [42/459] BOCK
[11:06:53] [43/459] PNMR
[11:06:54] [44/459] PJCP
[11:06:54] [45/459] JDDD
[11:06:55] [46/459] STMS
[11:06:56] [47/459] FLMB
[11:06:57] [48/459] PKCM
[11:06:58] [49/459] SPPR
[11:06:59] [50/459] EYLH
[11:06:59] 🔄 Identity reset
[11:06:59] 🔄 Identity rotated (every 10 requests)
[11:07:00] [51/459] RJCC
[11:07:02] [52/459] MMPS
[11:07:02] [53/459] SHMX
[11:07:04] [54/459] CCNL
[11:07:05] [55/459] RCNV
[11:07:06] [56/459] MAAG
[11:07:07] [57/459] LXCM
[11:07:08] [58/459] RCNI
[11:07:09] [59/459] SNNI
[11:07:10] [60/459] LALC
[11:07:10] 🔄 Identity reset
[11:07:10] 🔄 Identity rotated (every 10 requests)
[11:07:11] [61/459] SOCN
[11:07:12] [62/459] JHTP
[11:07:13] [63/459] PITP
[11:07:14] [64/459] CCKW
[11:07:15] [65/459] MCMC
[11:07:16] [66/459] DEES
[11:07:16] [67/459] SABT
[11:07:17] [68/459] VSPP
[11:07:18] [69/459] ABCT
[11:07:19] [70/459] JVTB
[11:07:20] 🔄 Identity reset
[11:07:20] 🔄 Identity rotated (every 10 requests)
[11:07:21] [71/459] VCBD
[11:07:22] [72/459] RMGG
[11:07:23] [73/459] RNMH
[11:07:24] [74/459] SPGL
[11:07:25] [75/459] JTTR
[11:07:26] [76/459] SICS
[11:07:27] [77/459] SRMI
[11:07:28] [78/459] SSIJ
[11:07:29] [79/459] KFMT
[11:07:30] [80/459] VBIT
[11:07:31] 🔄 Identity reset
[11:07:31] 🔄 Identity rotated (every 10 requests)
[11:07:31] 🔄 Retry 1/5 for VBIT in 2.5s
[11:07:31] 🔄 Identity reset
[11:07:34] 🧠 New identity created
[11:07:34] [81/459] JKCT
[11:07:35] [82/459] GCGP
[11:07:36] [83/459] GDCS
[11:07:37] [84/459] TRBA
[11:07:37] [85/459] QUST
[11:07:38] [86/459] VSHM
[11:07:40] [87/459] SDCP
[11:07:41] [88/459] SNVS
[11:07:42] [89/459] NYTO
[11:07:43] 🔄 Identity reset
[11:07:43] 🔄 Identity rotated (every 10 requests)
[11:07:43] [90/459] URWC
[11:07:44] [91/459] GTWH
[11:07:45] [92/459] PFCM
[11:07:46] [93/459] KRTA
[11:07:47] [94/459] AXMC
[11:07:48] [95/459] EVMC
[11:07:49] [96/459] HGSM
[11:07:50] [97/459] ACVM
[11:07:51] [98/459] PSKL
[11:07:52] [99/459] RDMP
[11:07:52] 🔄 Identity reset
[11:07:53] 🔄 Identity rotated (every 10 requests)
[11:07:53] 🔄 Retry 1/5 for RDMP in 2.0s
[11:07:53] 🔄 Identity reset
[11:07:55] 🧠 New identity created
[11:07:55] [100/459] RHGH
[11:07:56] [101/459] OMCM
[11:07:57] [102/459] DCCP
[11:07:58] [103/459] MCPB
[11:07:59] [104/459] ALCI
[11:08:00] [105/459] BLMX
[11:08:01] [106/459] BTMV
[11:08:02] [107/459] FVPN
[11:08:03] [108/459] CMAR
[11:08:03] 🔄 Identity reset
[11:08:03] 🔄 Identity rotated (every 10 requests)
[11:08:04] [109/459] CEIM
[11:08:05] [110/459] CMVA
[11:08:07] [111/459] CPIV
[11:08:07] [112/459] CNPE
[11:08:08] [113/459] COLV
[11:08:09] [114/459] DNNV
[11:08:10] [115/459] HCAD
[11:08:11] [116/459] TAKA
[11:08:12] [117/459] INVD
[11:08:13] [118/459] IRMM
[11:08:13] 🔄 Identity reset
[11:08:13] 🔄 Identity rotated (every 10 requests)
[11:08:14] [119/459] INSE
[11:08:15] [120/459] MRSW
[11:08:16] [121/459] MCVD
[11:08:17] [122/459] MCSO
[11:08:18] [123/459] PEVM
[11:08:19] [124/459] PVNL
[11:08:21] [125/459] PTCV
[11:08:22] [126/459] PRTC
[11:08:23] [127/459] RCVA
[11:08:24] [128/459] MTBN
[11:08:25] 🔄 Identity reset
[11:08:25] 🔄 Identity rotated (every 10 requests)
[11:08:25] 🔄 Retry 1/5 for MTBN in 2.9s
[11:08:25] 🔄 Identity reset
[11:08:28] 🧠 New identity created
[11:08:28] [129/459] LUCP
[11:08:29] [130/459] FMPT
[11:08:30] [131/459] JLSL
[11:08:31] [132/459] SBHA
[11:08:32] [133/459] SHRC
[11:08:33] [134/459] AVPS
[11:08:33] [135/459] STPM
[11:08:35] [136/459] ATRD
[11:08:35] [137/459] VTED
[11:08:36] 🔄 Identity reset
[11:08:36] 🔄 Identity rotated (every 10 requests)
[11:08:36] [138/459] ACAI
[11:08:37] [139/459] SMAE
[11:08:38] [140/459] VMAT
[11:08:40] [141/459] LKCT
[11:08:41] [142/459] JTVK
[11:08:42] [143/459] PRTY
[11:08:43] [144/459] GETT
[11:08:44] [145/459] ESAP
[11:08:44] [146/459] NCPM
[11:08:45] [147/459] PCPA
[11:08:46] 🔄 Identity reset
[11:08:46] 🔄 Identity rotated (every 10 requests)
[11:08:46] [148/459] MMOM
[11:08:47] [149/459] PHUP
[11:08:48] [150/459] CCPI
[11:08:49] [151/459] CNTD
[11:08:50] [152/459] NLJR
[11:08:52] [153/459] SRNG
[11:08:53] [154/459] MHAL
[11:08:54] [155/459] PNSM
[11:08:55] [156/459] DRMY
[11:08:56] [157/459] CCMU
[11:08:56] 🔄 Identity reset
[11:08:56] 🔄 Identity rotated (every 10 requests)
[11:08:57] [158/459] SCMY
[11:08:58] [159/459] PVSY
[11:08:59] [160/459] SDLM
[11:09:00] [161/459] ICCM
[11:09:00] [162/459] PYSU
[11:09:01] [163/459] GATM
[11:09:02] [164/459] WOTM
[11:09:03] [165/459] RKTS
[11:09:05] [166/459] PMTY
[11:09:06] [167/459] LYMS
[11:09:07] 🔄 Identity reset
[11:09:07] 🔄 Identity rotated (every 10 requests)
[11:09:07] [168/459] TGCA
[11:09:08] [169/459] DSTA
[11:09:09] [170/459] CNGE
[11:09:10] [171/459] VSTG
[11:09:11] [172/459] GTCK
[11:09:12] [173/459] TGNT
[11:09:13] [174/459] ASLC
[11:09:14] [175/459] SSST
[11:09:14] [176/459] KBTT
[11:09:16] [177/459] HKCP
[11:09:17] 🔄 Identity reset
[11:09:17] 🔄 Identity rotated (every 10 requests)
[11:09:17] [178/459] SWLC
[11:09:18] [179/459] RTND
[11:09:19] [180/459] PKKT
[11:09:20] [181/459] HSTK
[11:09:21] [182/459] SPTT
[11:09:22] [183/459] IMPM
[11:09:23] [184/459] SCMV
[11:09:23] [185/459] SPCT
[11:09:24] [186/459] JBCA
[11:09:25] [187/459] ATTR
[11:09:26] 🔄 Identity reset
[11:09:26] 🔄 Identity rotated (every 10 requests)
[11:09:26] [188/459] SPMT
[11:09:27] [189/459] LCTM
[11:09:28] [190/459] SCVL
[11:09:30] [191/459] SCVT
[11:09:31] [192/459] KRIC
[11:09:32] [193/459] CTMG
[11:09:33] [194/459] ACNC
[11:09:34] [195/459] DMCK
[11:09:35] [196/459] KMTV
[11:09:36] [197/459] PFCJ
[11:09:37] 🔄 Identity reset
[11:09:37] 🔄 Identity rotated (every 10 requests)
[11:09:37] [198/459] VNMD
[11:09:38] [199/459] VPCZ
[11:09:39] [200/459] SRYR
[11:09:40] [201/459] SYTR
[11:09:40] [202/459] GATR
[11:09:41] [203/459] URTR
[11:09:42] [204/459] MKSM
[11:09:43] [205/459] VSMH
[11:09:44] [206/459] SKRJ
[11:09:45] [207/459] SSJR
[11:09:45] 🔄 Identity reset
[11:09:45] 🔄 Identity rotated (every 10 requests)
[11:09:46] [208/459] SVSM
[11:09:47] [209/459] RUCM
[11:09:48] [210/459] PRKN
[11:09:49] [211/459] RROH
[11:09:50] [212/459] SCTN
[11:09:51] [213/459] RTDM
[11:09:52] [214/459] ASRM
[11:09:52] [215/459] SKMD
[11:09:53] [216/459] SUTD
[11:09:54] [217/459] SADM
[11:09:55] 🔄 Identity reset
[11:09:55] 🔄 Identity rotated (every 10 requests)
[11:09:55] 🔄 Retry 1/5 for SADM in 2.5s
[11:09:55] 🔄 Identity reset
[11:09:57] 🧠 New identity created
[11:09:58] [218/459] WCNR
[11:09:59] [219/459] CNED
[11:10:00] [220/459] MPDB
[11:10:01] [221/459] KTBH
[11:10:02] [222/459] IDRM
[11:10:03] [223/459] PJJT
[11:10:04] [224/459] PFCV
[11:10:05] [225/459] AACT
[11:10:06] [226/459] AAAD
[11:10:06] 🔄 Identity reset
[11:10:06] 🔄 Identity rotated (every 10 requests)
[11:10:06] 🔄 Retry 1/5 for AAAD in 3.0s
[11:10:06] 🔄 Identity reset
[11:10:09] 🧠 New identity created
[11:10:10] [227/459] ANES
[11:10:12] [228/459] MNCA
[11:10:13] [229/459] RMGU
[11:10:14] [230/459] DLCN
[11:10:15] [231/459] LJWT
[11:10:16] [232/459] MCBG
[11:10:16] [233/459] MYBG
[11:10:17] [234/459] GCCA
[11:10:18] [235/459] GCGA
[11:10:19] 🔄 Identity reset
[11:10:19] 🔄 Identity rotated (every 10 requests)
[11:10:19] 🔄 Retry 1/5 for GCGA in 2.6s
[11:10:19] 🔄 Identity reset
[11:10:22] 🧠 New identity created
[11:10:22] [236/459] ECGN
[11:10:23] [237/459] PRAB
[11:10:24] [238/459] PNMP
[11:10:25] [239/459] GCPT
[11:10:26] [240/459] ROYN
[11:10:27] [241/459] VATM
[11:10:28] [242/459] KSNT
[11:10:28] [243/459] ACTC
[11:10:29] [244/459] PLTD
[11:10:30] 🔄 Identity reset
[11:10:30] 🔄 Identity rotated (every 10 requests)
[11:10:30] [245/459] SKMK
[11:10:31] [246/459] CMTT
[11:10:32] [247/459] SMXP
[11:10:33] [248/459] SCMX
[11:10:34] [249/459] ACXN
[11:10:35] [250/459] ASWT
[11:10:35] [251/459] VVVL
[11:10:36] [252/459] NAGO
[11:10:37] [253/459] SNCN
[11:10:39] [254/459] MCKP
[11:10:40] 🔄 Identity reset
[11:10:40] 🔄 Identity rotated (every 10 requests)
[11:10:40] [255/459] SAMO
[11:10:41] [256/459] JBTV
[11:10:42] [257/459] DCVV
[11:10:43] [258/459] KMSV
[11:10:43] [259/459] KDCN
[11:10:44] [260/459] CNCP
[11:10:45] [261/459] HAMC
[11:10:46] [262/459] CCVZ
[11:10:47] [263/459] NCCK
[11:10:48] [264/459] MCHR
[11:10:48] 🔄 Identity reset
[11:10:48] 🔄 Identity rotated (every 10 requests)
[11:10:49] [265/459] SCHT
[11:10:50] [266/459] ESSH
[11:10:50] [267/459] CUJC
[11:10:51] [268/459] PECP
[11:10:52] [269/459] PMMI
[11:10:54] [270/459] PCCH
[11:10:55] [271/459] PRPM
[11:10:56] [272/459] PVKL
[11:10:57] [273/459] CBSM
[11:10:58] [274/459] PVCZ
[11:10:58] 🔄 Identity reset
[11:10:58] 🔄 Identity rotated (every 10 requests)
[11:10:59] [275/459] PCVV
[11:11:00] [276/459] CTMJ
[11:11:00] [277/459] RCPS
[11:11:01] [278/459] PCIT
[11:11:02] [279/459] FNCH
[11:11:03] [280/459] INZD
[11:11:05] [281/459] INPC
[11:11:06] [282/459] LCZP
[11:11:08] [283/459] SMCB
[11:11:09] [284/459] PTSB
[11:11:09] 🔄 Identity reset
[11:11:09] 🔄 Identity rotated (every 10 requests)
[11:11:10] [285/459] TPSI
[11:11:11] [286/459] KHMJ
[11:11:12] [287/459] RCCJ
[11:11:12] [288/459] NCJA
[11:11:13] [289/459] NCJN
[11:11:14] [290/459] BTDP
[11:11:15] [291/459] PADY
[11:11:16] [292/459] NYBH
[11:11:17] [293/459] MTBR
[11:11:18] [294/459] KRBC
[11:11:19] 🔄 Identity reset
[11:11:19] 🔄 Identity rotated (every 10 requests)
[11:11:19] 🔄 Retry 1/5 for KRBC in 2.4s
[11:11:19] 🔄 Identity reset
[11:11:21] 🧠 New identity created
[11:11:22] [295/459] DKTI
[11:11:22] [296/459] ANAN
[11:11:23] [297/459] INBP
[11:11:24] [298/459] PATB
[11:11:25] [299/459] RGNT
[11:11:26] [300/459] CGPM
[11:11:27] [301/459] INTN
[11:11:28] [302/459] MCMP
[11:11:29] [303/459] ASRG
[11:11:30] 🔄 Identity reset
[11:11:30] 🔄 Identity rotated (every 10 requests)
[11:11:31] [304/459] CXJD
[11:11:33] [305/459] SPCP
[11:11:33] [306/459] CSTP
[11:11:34] [307/459] PKVC
[11:11:35] [308/459] ESCP
[11:11:37] [309/459] CAEP
[11:11:38] [310/459] CCSP
[11:11:39] [311/459] KTPC
[11:11:40] [312/459] DACA
[11:11:41] [313/459] NVKY
[11:11:41] 🔄 Identity reset
[11:11:41] 🔄 Identity rotated (every 10 requests)
[11:11:42] [314/459] PTIN
[11:11:42] [315/459] SCIN
[11:11:44] [316/459] MCTY
[11:11:45] [317/459] PCMX
[11:11:46] [318/459] INIC
[11:11:47] [319/459] MMZM
[11:11:47] [320/459] SSLP
[11:11:48] [321/459] DTDT
[11:11:49] [322/459] FFCX
[11:11:50] [323/459] RCMM
[11:11:51] 🔄 Identity reset
[11:11:51] 🔄 Identity rotated (every 10 requests)
[11:11:51] [324/459] KYID
[11:11:52] [325/459] CSCI
[11:11:53] [326/459] FCMC
[11:11:54] [327/459] MMXI
[11:11:55] [328/459] ASTC
[11:11:56] [329/459] CMRA
[11:11:57] [330/459] DICI
[11:11:58] [331/459] KDIN
[11:11:59] [332/459] PRFI
[11:12:00] [333/459] SVFC
[11:12:00] 🔄 Identity reset
[11:12:00] 🔄 Identity rotated (every 10 requests)
[11:12:01] [334/459] UCPL
[11:12:01] [335/459] COOC
[11:12:02] [336/459] SCAL
[11:12:03] [337/459] SVFF
[11:12:04] [338/459] VCMG
[11:12:05] [339/459] UUCT
[11:12:06] [340/459] GCSE
[11:12:07] [341/459] SUSC
[11:12:09] [342/459] MISC
[11:12:10] [343/459] RMBL
[11:12:10] 🔄 Identity reset
[11:12:10] 🔄 Identity rotated (every 10 requests)
[11:12:11] [344/459] CMXN
[11:12:12] [345/459] PVBK
[11:12:12] [346/459] HHCG
[11:12:13] [347/459] SCAG
[11:12:14] [348/459] CNPR
[11:12:15] [349/459] CSER
[11:12:16] [350/459] HLWD
[11:12:16] [351/459] BOLY
[11:12:17] [352/459] SSPG
[11:12:18] [353/459] MUPX
[11:12:19] 🔄 Identity reset
[11:12:19] 🔄 Identity rotated (every 10 requests)
[11:12:19] [354/459] HAMR
[11:12:20] [355/459] SDNC
[11:12:21] [356/459] RTEN
[11:12:22] [357/459] SDTD
[11:12:23] [358/459] KAWS
[11:12:24] [359/459] CMZX
[11:12:25] [360/459] DCDD
[11:12:26] [361/459] ALSN
[11:12:26] [362/459] IMXS
[11:12:27] [363/459] PVFF
[11:12:28] 🔄 Identity reset
[11:12:28] 🔄 Identity rotated (every 10 requests)
[11:12:29] [364/459] PVOO
[11:12:30] [365/459] CFBS
[11:12:31] [366/459] PVER
[11:12:31] [367/459] PPNX
[11:12:32] [368/459] CNRM
[11:12:34] [369/459] PVWW
[11:12:35] [370/459] INMB
[11:12:37] [371/459] CPJR
[11:12:38] [372/459] INRZ
[11:12:39] [373/459] PMSR
[11:12:39] 🔄 Identity reset
[11:12:39] 🔄 Identity rotated (every 10 requests)
[11:12:39] [374/459] GPGM
[11:12:41] [375/459] PGWB
[11:12:42] [376/459] PMBR
[11:12:43] [377/459] GPAM
[11:12:44] [378/459] INBC
[11:12:45] [379/459] PZVK
[11:12:46] [380/459] CPEB
[11:12:47] [381/459] FMLB
[11:12:48] [382/459] INBG
[11:12:49] [383/459] GPBR
[11:12:50] 🔄 Identity reset
[11:12:50] 🔄 Identity rotated (every 10 requests)
[11:12:50] [384/459] PAAS
[11:12:51] [385/459] VTBR
[11:12:52] [386/459] GPMY
[11:12:53] [387/459] GYBU
[11:12:54] [388/459] INBJ
[11:12:54] [389/459] LKTH
[11:12:56] [390/459] NSBR
[11:12:56] [391/459] PDRD
[11:12:57] [392/459] VRBL
[11:12:59] [393/459] VTGB
[11:12:59] 🔄 Identity reset
[11:12:59] 🔄 Identity rotated (every 10 requests)
[11:13:00] [394/459] VTSK
[11:13:01] [395/459] BKDV
[11:13:02] [396/459] SVTB
[11:13:03] [397/459] MLDT
[11:13:04] [398/459] NRBL
[11:13:05] [399/459] SLTR
[11:13:07] [400/459] VNKA
[11:13:07] [401/459] TDCA
[11:13:08] [402/459] INBM
[11:13:09] [403/459] SSNR
[11:13:10] 🔄 Identity reset
[11:13:10] 🔄 Identity rotated (every 10 requests)
[11:13:10] [404/459] BHAC
[11:13:11] [405/459] SDSD
[11:13:12] [406/459] SAMP
[11:13:13] [407/459] RATK
[11:13:14] [408/459] KCBI
[11:13:15] [409/459] URBL
[11:13:17] [410/459] MKBG
[11:13:17] [411/459] ASTB
[11:13:18] [412/459] VBWT
[11:13:20] [413/459] GPSM
[11:13:20] 🔄 Identity reset
[11:13:20] 🔄 Identity rotated (every 10 requests)
[11:13:22] [414/459] ROON
[11:13:23] [415/459] CHTH
[11:13:24] [416/459] SSPA
[11:13:24] [417/459] ANBL
[11:13:25] [418/459] VTBE
[11:13:26] [419/459] SVKT
[11:13:27] [420/459] SVYK
[11:13:29] [421/459] PTBK
[11:13:30] [422/459] RKTB
[11:13:31] [423/459] BALT
[11:13:32] 🔄 Identity reset
[11:13:32] 🔄 Identity rotated (every 10 requests)
[11:13:33] [424/459] STSV
[11:13:34] [425/459] VCCB
[11:13:34] [426/459] SLTB
[11:13:35] [427/459] SBCR
[11:13:37] [428/459] VDCS
[11:13:38] [429/459] MDKI
[11:13:39] [430/459] SMRN
[11:13:41] [431/459] PTBC
[11:13:41] [432/459] RADI
[11:13:42] [433/459] ADCR
[11:13:43] 🔄 Identity reset
[11:13:43] 🔄 Identity rotated (every 10 requests)
[11:13:43] [434/459] SDCS
[11:13:44] [435/459] SRPJ
[11:13:45] [436/459] ARTS
[11:13:46] [437/459] SRHK
[11:13:47] [438/459] SPAY
[11:13:48] [439/459] GPTB
[11:13:49] [440/459] SNNN
[11:13:51] [441/459] BALJ
[11:13:52] [442/459] TRIG
[11:13:53] [443/459] GTYT
[11:13:54] 🔄 Identity reset
[11:13:54] 🔄 Identity rotated (every 10 requests)
[11:13:54] [444/459] ATGN
[11:13:55] [445/459] ANTE
[11:13:56] [446/459] BDCG
[11:13:57] [447/459] VECI
[11:13:58] [448/459] SCPR
[11:13:59] [449/459] RTEA
[11:14:00] [450/459] JSAI
[11:14:01] [451/459] VJTP
[11:14:02] [452/459] GNDS
[11:14:03] [453/459] PAXA
[11:14:03] 🔄 Identity reset
[11:14:03] 🔄 Identity rotated (every 10 requests)
[11:14:04] [454/459] CGGM
[11:14:04] [455/459] ACKZ
[11:14:05] [456/459] EMCC
[11:14:06] [457/459] KLSK
[11:14:07] [458/459] AVCK
[11:14:08] [459/459] JTCK
[11:14:09] ✅ DONE | Shows=1795 | Movies=68
[12:06:24] 🚀 BMS DAILY TRACKER STARTED (enhanced anti‑detection)
[12:06:24] [1/459] NECA
[12:06:25] 🧠 New identity created
[12:06:25] [2/459] BJLC
[12:06:26] [3/459] BASU
[12:06:27] [4/459] RUPI
[12:06:28] [5/459] LCBK
[12:06:29] [6/459] PMAC
[12:06:30] [7/459] AMLC
[12:06:31] [8/459] LICL
[12:06:32] [9/459] UDMM
[12:06:33] [10/459] STBZ
[12:06:33] 🔄 Identity reset
[12:06:33] 🔄 Identity rotated (every 10 requests)
[12:06:34] [11/459] UUBT
[12:06:34] [12/459] SJKC
[12:06:35] [13/459] TUAL
[12:06:36] [14/459] MRSE
[12:06:37] [15/459] RMRK
[12:06:38] [16/459] TTKP
[12:06:39] [17/459] KTKO
[12:06:40] [18/459] SDBK
[12:06:41] [19/459] MCPR
[12:06:42] [20/459] CHTI
[12:06:43] 🔄 Identity reset
[12:06:43] 🔄 Identity rotated (every 10 requests)
[12:06:43] [21/459] GCCP
[12:06:44] [22/459] SRMY
[12:06:45] [23/459] NYST
[12:06:46] [24/459] NYAG
[12:06:47] [25/459] SBMT
[12:06:48] [26/459] INGA
[12:06:48] [27/459] WSIC
[12:06:49] [28/459] SCSS
[12:06:50] [29/459] COPG
[12:06:51] [30/459] RCGR
[12:06:52] 🔄 Identity reset
[12:06:52] 🔄 Identity rotated (every 10 requests)
[12:06:53] [31/459] TCZA
[12:06:54] [32/459] CNLP
[12:06:55] [33/459] CLKN
[12:06:56] [34/459] LHDF
[12:06:57] [35/459] ELKC
[12:06:57] [36/459] VCEM
[12:06:59] [37/459] SSZA
[12:07:00] [38/459] KRMT
[12:07:01] [39/459] LCMV
[12:07:02] [40/459] AYCZ
[12:07:03] 🔄 Identity reset
[12:07:03] 🔄 Identity rotated (every 10 requests)
[12:07:03] [41/459] CUMS
[12:07:04] [42/459] BOCK
[12:07:05] [43/459] PNMR
[12:07:06] [44/459] PJCP
[12:07:07] [45/459] JDDD
[12:07:08] [46/459] STMS
[12:07:09] [47/459] FLMB
[12:07:09] [48/459] PKCM
[12:07:10] [49/459] SPPR
[12:07:11] [50/459] EYLH
[12:07:12] 🔄 Identity reset
[12:07:12] 🔄 Identity rotated (every 10 requests)
[12:07:13] [51/459] RJCC
[12:07:14] [52/459] MMPS
[12:07:15] [53/459] SHMX
[12:07:16] [54/459] CCNL
[12:07:17] [55/459] RCNV
[12:07:18] [56/459] MAAG
[12:07:19] [57/459] LXCM
[12:07:20] [58/459] RCNI
[12:07:21] [59/459] SNNI
[12:07:22] [60/459] LALC
[12:07:23] 🔄 Identity reset
[12:07:23] 🔄 Identity rotated (every 10 requests)
[12:07:23] [61/459] SOCN
[12:07:24] [62/459] JHTP
[12:07:25] [63/459] PITP
[12:07:26] [64/459] CCKW
[12:07:27] [65/459] MCMC
[12:07:28] [66/459] DEES
[12:07:29] [67/459] SABT
[12:07:30] [68/459] VSPP
[12:07:31] [69/459] ABCT
[12:07:32] [70/459] JVTB
[12:07:32] 🔄 Identity reset
[12:07:32] 🔄 Identity rotated (every 10 requests)
[12:07:33] [71/459] VCBD
[12:07:34] [72/459] RMGG
[12:07:34] [73/459] RNMH
[12:07:35] [74/459] SPGL
[12:07:36] [75/459] JTTR
[12:07:37] [76/459] SICS
[12:07:38] [77/459] SRMI
[12:07:39] [78/459] SSIJ
[12:07:40] [79/459] KFMT
[12:07:41] [80/459] VBIT
[12:07:42] 🔄 Identity reset
[12:07:42] 🔄 Identity rotated (every 10 requests)
[12:07:42] [81/459] JKCT
[12:07:43] [82/459] GCGP
[12:07:44] [83/459] GDCS
[12:07:45] [84/459] TRBA
[12:07:46] [85/459] QUST
[12:07:46] [86/459] VSHM
[12:07:47] [87/459] SDCP
[12:07:48] [88/459] SNVS
[12:07:49] [89/459] NYTO
[12:07:50] [90/459] URWC
[12:07:51] 🔄 Identity reset
[12:07:51] 🔄 Identity rotated (every 10 requests)
[12:07:51] [91/459] GTWH
[12:07:52] [92/459] PFCM
[12:07:53] [93/459] KRTA
[12:07:54] [94/459] AXMC
[12:07:55] [95/459] EVMC
[12:07:55] [96/459] HGSM
[12:07:56] [97/459] ACVM
[12:07:57] [98/459] PSKL
[12:07:58] [99/459] RDMP
[12:07:59] [100/459] RHGH
[12:07:59] 🔄 Identity reset
[12:07:59] 🔄 Identity rotated (every 10 requests)
[12:08:00] [101/459] OMCM
[12:08:01] [102/459] DCCP
[12:08:02] [103/459] MCPB
[12:08:02] [104/459] ALCI
[12:08:03] [105/459] BLMX
[12:08:04] [106/459] BTMV
[12:08:05] [107/459] FVPN
[12:08:07] [108/459] CMAR
[12:08:08] [109/459] CEIM
[12:08:09] [110/459] CMVA
[12:08:09] 🔄 Identity reset
[12:08:09] 🔄 Identity rotated (every 10 requests)
[12:08:10] [111/459] CPIV
[12:08:11] [112/459] CNPE
[12:08:11] [113/459] COLV
[12:08:12] [114/459] DNNV
[12:08:13] [115/459] HCAD
[12:08:14] [116/459] TAKA
[12:08:15] [117/459] INVD
[12:08:16] [118/459] IRMM
[12:08:17] [119/459] INSE
[12:08:17] [120/459] MRSW
[12:08:18] 🔄 Identity reset
[12:08:18] 🔄 Identity rotated (every 10 requests)
[12:08:19] [121/459] MCVD
[12:08:19] [122/459] MCSO
[12:08:20] [123/459] PEVM
[12:08:21] [124/459] PVNL
[12:08:22] [125/459] PTCV
[12:08:23] [126/459] PRTC
[12:08:24] [127/459] RCVA
[12:08:25] [128/459] MTBN
[12:08:26] [129/459] LUCP
[12:08:27] [130/459] FMPT
[12:08:27] 🔄 Identity reset
[12:08:27] 🔄 Identity rotated (every 10 requests)
[12:08:28] [131/459] JLSL
[12:08:29] [132/459] SBHA
[12:08:29] [133/459] SHRC
[12:08:30] [134/459] AVPS
[12:08:31] [135/459] STPM
[12:08:32] [136/459] ATRD
[12:08:33] [137/459] VTED
[12:08:34] [138/459] ACAI
[12:08:35] [139/459] SMAE
[12:08:36] [140/459] VMAT
[12:08:36] 🔄 Identity reset
[12:08:36] 🔄 Identity rotated (every 10 requests)
[12:08:37] [141/459] LKCT
[12:08:38] [142/459] JTVK
[12:08:39] [143/459] PRTY
[12:08:39] [144/459] GETT
[12:08:40] [145/459] ESAP
[12:08:42] [146/459] NCPM
[12:08:44] [147/459] PCPA
[12:08:45] [148/459] MMOM
[12:08:46] [149/459] PHUP
[12:08:46] [150/459] CCPI
[12:08:47] 🔄 Identity reset
[12:08:47] 🔄 Identity rotated (every 10 requests)
[12:08:47] [151/459] CNTD
[12:08:48] [152/459] NLJR
[12:08:49] [153/459] SRNG
[12:08:50] [154/459] MHAL
[12:08:51] [155/459] PNSM
[12:08:52] [156/459] DRMY
[12:08:53] [157/459] CCMU
[12:08:54] [158/459] SCMY
[12:08:55] [159/459] PVSY
[12:08:56] [160/459] SDLM
[12:08:56] 🔄 Identity reset
[12:08:56] 🔄 Identity rotated (every 10 requests)
[12:08:57] [161/459] ICCM
[12:08:58] [162/459] PYSU
[12:08:59] [163/459] GATM
[12:08:59] [164/459] WOTM
[12:09:00] [165/459] RKTS
[12:09:01] [166/459] PMTY
[12:09:02] [167/459] LYMS
[12:09:03] [168/459] TGCA
[12:09:04] [169/459] DSTA
[12:09:05] [170/459] CNGE
[12:09:05] 🔄 Identity reset
[12:09:05] 🔄 Identity rotated (every 10 requests)
[12:09:06] [171/459] VSTG
[12:09:07] [172/459] GTCK
[12:09:08] [173/459] TGNT
[12:09:09] [174/459] ASLC
[12:09:10] [175/459] SSST
[12:09:10] [176/459] KBTT
[12:09:11] [177/459] HKCP
[12:09:12] [178/459] SWLC
[12:09:13] [179/459] RTND
[12:09:14] [180/459] PKKT
[12:09:14] 🔄 Identity reset
[12:09:15] 🔄 Identity rotated (every 10 requests)
[12:09:15] [181/459] HSTK
[12:09:16] [182/459] SPTT
[12:09:17] [183/459] IMPM
[12:09:17] [184/459] SCMV
[12:09:19] [185/459] SPCT
[12:09:19] [186/459] JBCA
[12:09:20] [187/459] ATTR
[12:09:21] [188/459] SPMT
[12:09:22] [189/459] LCTM
[12:09:23] [190/459] SCVL
[12:09:23] 🔄 Identity reset
[12:09:23] 🔄 Identity rotated (every 10 requests)
[12:09:24] [191/459] SCVT
[12:09:25] [192/459] KRIC
[12:09:26] [193/459] CTMG
[12:09:27] [194/459] ACNC
[12:09:28] [195/459] DMCK
[12:09:28] [196/459] KMTV
[12:09:29] [197/459] PFCJ
[12:09:30] [198/459] VNMD
[12:09:31] [199/459] VPCZ
[12:09:32] [200/459] SRYR
[12:09:33] 🔄 Identity reset
[12:09:33] 🔄 Identity rotated (every 10 requests)
[12:09:33] [201/459] SYTR
[12:09:34] [202/459] GATR
[12:09:35] [203/459] URTR
[12:09:36] [204/459] MKSM
[12:09:37] [205/459] VSMH
[12:09:38] [206/459] SKRJ
[12:09:39] [207/459] SSJR
[12:09:40] [208/459] SVSM
[12:09:41] [209/459] RUCM
[12:09:42] [210/459] PRKN
[12:09:42] 🔄 Identity reset
[12:09:42] 🔄 Identity rotated (every 10 requests)
[12:09:43] [211/459] RROH
[12:09:44] [212/459] SCTN
[12:09:44] [213/459] RTDM
[12:09:45] [214/459] ASRM
[12:09:46] [215/459] SKMD
[12:09:47] [216/459] SUTD
[12:09:48] [217/459] SADM
[12:09:49] [218/459] WCNR
[12:09:50] [219/459] CNED
[12:09:51] [220/459] MPDB
[12:09:51] 🔄 Identity reset
[12:09:51] 🔄 Identity rotated (every 10 requests)
[12:09:52] [221/459] KTBH
[12:09:53] [222/459] IDRM
[12:09:54] [223/459] PJJT
[12:09:55] [224/459] PFCV
[12:09:56] [225/459] AACT
[12:09:57] [226/459] AAAD
[12:09:58] [227/459] ANES
[12:09:59] [228/459] MNCA
[12:10:00] [229/459] RMGU
[12:10:00] [230/459] DLCN
[12:10:01] 🔄 Identity reset
[12:10:01] 🔄 Identity rotated (every 10 requests)
[12:10:01] [231/459] LJWT
[12:10:02] [232/459] MCBG
[12:10:03] [233/459] MYBG
[12:10:04] [234/459] GCCA
[12:10:05] [235/459] GCGA
[12:10:06] [236/459] ECGN
[12:10:06] [237/459] PRAB
[12:10:07] [238/459] PNMP
[12:10:08] [239/459] GCPT
[12:10:09] [240/459] ROYN
[12:10:10] 🔄 Identity reset
[12:10:10] 🔄 Identity rotated (every 10 requests)
[12:10:10] [241/459] VATM
[12:10:11] [242/459] KSNT
[12:10:12] [243/459] ACTC
[12:10:13] [244/459] PLTD
[12:10:14] [245/459] SKMK
[12:10:15] [246/459] CMTT
[12:10:16] [247/459] SMXP
[12:10:17] [248/459] SCMX
[12:10:18] [249/459] ACXN
[12:10:19] [250/459] ASWT
[12:10:20] 🔄 Identity reset
[12:10:20] 🔄 Identity rotated (every 10 requests)
[12:10:20] [251/459] VVVL
[12:10:21] [252/459] NAGO
[12:10:23] [253/459] SNCN
[12:10:24] [254/459] MCKP
[12:10:25] [255/459] SAMO
[12:10:27] [256/459] JBTV
[12:10:28] [257/459] DCVV
[12:10:28] [258/459] KMSV
[12:10:30] [259/459] KDCN
[12:10:31] [260/459] CNCP
[12:10:32] 🔄 Identity reset
[12:10:32] 🔄 Identity rotated (every 10 requests)
[12:10:32] [261/459] HAMC
[12:10:33] [262/459] CCVZ
[12:10:34] [263/459] NCCK
[12:10:35] [264/459] MCHR
[12:10:36] [265/459] SCHT
[12:10:37] [266/459] ESSH
[12:10:39] [267/459] CUJC
[12:10:40] [268/459] PECP
[12:10:41] [269/459] PMMI
[12:10:42] [270/459] PCCH
[12:10:43] 🔄 Identity reset
[12:10:43] 🔄 Identity rotated (every 10 requests)
[12:10:43] [271/459] PRPM
[12:10:44] [272/459] PVKL
[12:10:45] [273/459] CBSM
[12:10:46] [274/459] PVCZ
[12:10:47] [275/459] PCVV
[12:10:48] [276/459] CTMJ
[12:10:49] [277/459] RCPS
[12:10:50] [278/459] PCIT
[12:10:51] [279/459] FNCH
[12:10:52] [280/459] INZD
[12:10:53] 🔄 Identity reset
[12:10:53] 🔄 Identity rotated (every 10 requests)
[12:10:54] [281/459] INPC
[12:10:55] [282/459] LCZP
[12:10:56] [283/459] SMCB
[12:10:56] [284/459] PTSB
[12:10:57] [285/459] TPSI
[12:10:58] [286/459] KHMJ
[12:10:59] [287/459] RCCJ
[12:11:00] [288/459] NCJA
[12:11:01] [289/459] NCJN
[12:11:01] [290/459] BTDP
[12:11:02] 🔄 Identity reset
[12:11:02] 🔄 Identity rotated (every 10 requests)
[12:11:02] [291/459] PADY
[12:11:03] [292/459] NYBH
[12:11:04] [293/459] MTBR
[12:11:06] [294/459] KRBC
[12:11:07] [295/459] DKTI
[12:11:08] [296/459] ANAN
[12:11:09] [297/459] INBP
[12:11:10] [298/459] PATB
[12:11:11] [299/459] RGNT
[12:11:12] [300/459] CGPM
[12:11:12] 🔄 Identity reset
[12:11:12] 🔄 Identity rotated (every 10 requests)
[12:11:13] [301/459] INTN
[12:11:14] [302/459] MCMP
[12:11:15] [303/459] ASRG
[12:11:16] [304/459] CXJD
[12:11:17] [305/459] SPCP
[12:11:18] [306/459] CSTP
[12:11:19] [307/459] PKVC
[12:11:21] [308/459] ESCP
[12:11:22] [309/459] CAEP
[12:11:23] [310/459] CCSP
[12:11:24] 🔄 Identity reset
[12:11:24] 🔄 Identity rotated (every 10 requests)
[12:11:24] [311/459] KTPC
[12:11:25] [312/459] DACA
[12:11:26] [313/459] NVKY
[12:11:27] [314/459] PTIN
[12:11:28] [315/459] SCIN
[12:11:28] [316/459] MCTY
[12:11:30] [317/459] PCMX
[12:11:30] [318/459] INIC
[12:11:31] [319/459] MMZM
[12:11:32] [320/459] SSLP
[12:11:33] 🔄 Identity reset
[12:11:33] 🔄 Identity rotated (every 10 requests)
[12:11:33] [321/459] DTDT
[12:11:34] [322/459] FFCX
[12:11:35] [323/459] RCMM
[12:11:37] [324/459] KYID
[12:11:38] [325/459] CSCI
[12:11:39] [326/459] FCMC
[12:11:40] [327/459] MMXI
[12:11:41] [328/459] ASTC
[12:11:42] [329/459] CMRA
[12:11:43] [330/459] DICI
[12:11:44] 🔄 Identity reset
[12:11:44] 🔄 Identity rotated (every 10 requests)
[12:11:44] [331/459] KDIN
[12:11:46] [332/459] PRFI
[12:11:47] [333/459] SVFC
[12:11:48] [334/459] UCPL
[12:11:49] [335/459] COOC
[12:11:49] [336/459] SCAL
[12:11:50] [337/459] SVFF
[12:11:51] [338/459] VCMG
[12:11:52] [339/459] UUCT
[12:11:53] [340/459] GCSE
[12:11:54] 🔄 Identity reset
[12:11:54] 🔄 Identity rotated (every 10 requests)
[12:11:54] [341/459] SUSC
[12:11:56] [342/459] MISC
[12:11:57] [343/459] RMBL
[12:11:58] [344/459] CMXN
[12:11:59] [345/459] PVBK
[12:12:00] [346/459] HHCG
[12:12:00] [347/459] SCAG
[12:12:01] [348/459] CNPR
[12:12:02] [349/459] CSER
[12:12:03] [350/459] HLWD
[12:12:04] 🔄 Identity reset
[12:12:04] 🔄 Identity rotated (every 10 requests)
[12:12:04] [351/459] BOLY
[12:12:05] [352/459] SSPG
[12:12:07] [353/459] MUPX
[12:12:08] [354/459] HAMR
[12:12:08] [355/459] SDNC
[12:12:09] [356/459] RTEN
[12:12:10] [357/459] SDTD
[12:12:11] [358/459] KAWS
[12:12:12] [359/459] CMZX
[12:12:13] [360/459] DCDD
[12:12:14] 🔄 Identity reset
[12:12:14] 🔄 Identity rotated (every 10 requests)
[12:12:14] [361/459] ALSN
[12:12:15] [362/459] IMXS
[12:12:16] [363/459] PVFF
[12:12:17] [364/459] PVOO
[12:12:17] [365/459] CFBS
[12:12:18] [366/459] PVER
[12:12:19] [367/459] PPNX
[12:12:20] [368/459] CNRM
[12:12:21] [369/459] PVWW
[12:12:22] [370/459] INMB
[12:12:22] 🔄 Identity reset
[12:12:22] 🔄 Identity rotated (every 10 requests)
[12:12:23] [371/459] CPJR
[12:12:25] [372/459] INRZ
[12:12:25] [373/459] PMSR
[12:12:26] [374/459] GPGM
[12:12:27] [375/459] PGWB
[12:12:28] [376/459] PMBR
[12:12:29] [377/459] GPAM
[12:12:30] [378/459] INBC
[12:12:31] [379/459] PZVK
[12:12:32] [380/459] CPEB
[12:12:33] 🔄 Identity reset
[12:12:33] 🔄 Identity rotated (every 10 requests)
[12:12:33] [381/459] FMLB
[12:12:34] [382/459] INBG
[12:12:35] [383/459] GPBR
[12:12:36] [384/459] PAAS
[12:12:37] [385/459] VTBR
[12:12:38] [386/459] GPMY
[12:12:39] [387/459] GYBU
[12:12:40] [388/459] INBJ
[12:12:42] [389/459] LKTH
[12:12:43] [390/459] NSBR
[12:12:44] 🔄 Identity reset
[12:12:44] 🔄 Identity rotated (every 10 requests)
[12:12:44] [391/459] PDRD
[12:12:45] [392/459] VRBL
[12:12:46] [393/459] VTGB
[12:12:47] [394/459] VTSK
[12:12:48] [395/459] BKDV
[12:12:49] [396/459] SVTB
[12:12:51] [397/459] MLDT
[12:12:52] [398/459] NRBL
[12:12:53] [399/459] SLTR
[12:12:54] [400/459] VNKA
[12:12:55] 🔄 Identity reset
[12:12:55] 🔄 Identity rotated (every 10 requests)
[12:12:55] [401/459] TDCA
[12:12:56] [402/459] INBM
[12:12:57] [403/459] SSNR
[12:12:58] [404/459] BHAC
[12:12:59] [405/459] SDSD
[12:12:59] [406/459] SAMP
[12:13:00] [407/459] RATK
[12:13:01] [408/459] KCBI
[12:13:02] [409/459] URBL
[12:13:03] [410/459] MKBG
[12:13:04] 🔄 Identity reset
[12:13:04] 🔄 Identity rotated (every 10 requests)
[12:13:04] [411/459] ASTB
[12:13:05] [412/459] VBWT
[12:13:06] [413/459] GPSM
[12:13:07] [414/459] ROON
[12:13:08] [415/459] CHTH
[12:13:09] [416/459] SSPA
[12:13:10] [417/459] ANBL
[12:13:11] [418/459] VTBE
[12:13:12] [419/459] SVKT
[12:13:13] [420/459] SVYK
[12:13:13] 🔄 Identity reset
[12:13:13] 🔄 Identity rotated (every 10 requests)
[12:13:14] [421/459] PTBK
[12:13:15] [422/459] RKTB
[12:13:16] [423/459] BALT
[12:13:17] [424/459] STSV
[12:13:17] [425/459] VCCB
[12:13:18] [426/459] SLTB
[12:13:19] [427/459] SBCR
[12:13:20] [428/459] VDCS
[12:13:21] [429/459] MDKI
[12:13:23] [430/459] SMRN
[12:13:23] 🔄 Identity reset
[12:13:23] 🔄 Identity rotated (every 10 requests)
[12:13:24] [431/459] PTBC
[12:13:25] [432/459] RADI
[12:13:27] [433/459] ADCR
[12:13:28] [434/459] SDCS
[12:13:30] [435/459] SRPJ
[12:13:31] [436/459] ARTS
[12:13:32] [437/459] SRHK
[12:13:33] [438/459] SPAY
[12:13:34] [439/459] GPTB
[12:13:35] [440/459] SNNN
[12:13:35] 🔄 Identity reset
[12:13:35] 🔄 Identity rotated (every 10 requests)
[12:13:35] [441/459] BALJ
[12:13:36] [442/459] TRIG
[12:13:37] [443/459] GTYT
[12:13:38] [444/459] ATGN
[12:13:39] [445/459] ANTE
[12:13:40] [446/459] BDCG
[12:13:41] [447/459] VECI
[12:13:42] [448/459] SCPR
[12:13:44] [449/459] RTEA
[12:13:45] [450/459] JSAI
[12:13:45] 🔄 Identity reset
[12:13:45] 🔄 Identity rotated (every 10 requests)
[12:13:45] [451/459] VJTP
[12:13:46] [452/459] GNDS
[12:13:47] [453/459] PAXA
[12:13:49] [454/459] CGGM
[12:13:50] [455/459] ACKZ
[12:13:51] [456/459] EMCC
[12:13:53] [457/459] KLSK
[12:13:54] [458/459] AVCK
[12:13:55] [459/459] JTCK
[12:13:56] ✅ DONE | Shows=2095 | Movies=70
[13:06:16] 🚀 BMS DAILY TRACKER STARTED (enhanced anti‑detection)
[13:06:16] [1/459] NECA
[13:06:17] 🧠 New identity created
[13:06:17] [2/459] BJLC
[13:06:18] [3/459] BASU
[13:06:20] [4/459] RUPI
[13:06:22] [5/459] LCBK
[13:06:22] [6/459] PMAC
[13:06:23] [7/459] AMLC
[13:06:24] [8/459] LICL
[13:06:26] [9/459] UDMM
[13:06:27] [10/459] STBZ
[13:06:28] 🔄 Identity reset
[13:06:28] 🔄 Identity rotated (every 10 requests)
[13:06:28] [11/459] UUBT
[13:06:29] [12/459] SJKC
[13:06:30] [13/459] TUAL
[13:06:31] [14/459] MRSE
[13:06:32] [15/459] RMRK
[13:06:33] [16/459] TTKP
[13:06:34] [17/459] KTKO
[13:06:34] [18/459] SDBK
[13:06:35] [19/459] MCPR
[13:06:36] [20/459] CHTI
[13:06:37] 🔄 Identity reset
[13:06:37] 🔄 Identity rotated (every 10 requests)
[13:06:37] [21/459] GCCP
[13:06:38] [22/459] SRMY
[13:06:39] [23/459] NYST
[13:06:40] [24/459] NYAG
[13:06:41] [25/459] SBMT
[13:06:42] [26/459] INGA
[13:06:43] [27/459] WSIC
[13:06:44] [28/459] SCSS
[13:06:45] [29/459] COPG
[13:06:46] [30/459] RCGR
[13:06:47] 🔄 Identity reset
[13:06:47] 🔄 Identity rotated (every 10 requests)
[13:06:47] [31/459] TCZA
[13:06:48] [32/459] CNLP
[13:06:49] [33/459] CLKN
[13:06:50] [34/459] LHDF
[13:06:51] [35/459] ELKC
[13:06:52] [36/459] VCEM
[13:06:53] [37/459] SSZA
[13:06:53] [38/459] KRMT
[13:06:54] [39/459] LCMV
[13:06:55] [40/459] AYCZ
[13:06:56] 🔄 Identity reset
[13:06:56] 🔄 Identity rotated (every 10 requests)
[13:06:56] [41/459] CUMS
[13:06:57] [42/459] BOCK
[13:06:58] [43/459] PNMR
[13:07:00] [44/459] PJCP
[13:07:01] [45/459] JDDD
[13:07:02] [46/459] STMS
[13:07:02] [47/459] FLMB
[13:07:03] [48/459] PKCM
[13:07:04] [49/459] SPPR
[13:07:05] [50/459] EYLH
[13:07:06] 🔄 Identity reset
[13:07:06] 🔄 Identity rotated (every 10 requests)
[13:07:06] [51/459] RJCC
[13:07:08] [52/459] MMPS
[13:07:09] [53/459] SHMX
[13:07:09] [54/459] CCNL
[13:07:10] [55/459] RCNV
[13:07:11] [56/459] MAAG
[13:07:12] [57/459] LXCM
[13:07:13] [58/459] RCNI
[13:07:14] [59/459] SNNI
[13:07:15] [60/459] LALC
[13:07:16] 🔄 Identity reset
[13:07:16] 🔄 Identity rotated (every 10 requests)
[13:07:16] [61/459] SOCN
[13:07:17] [62/459] JHTP
[13:07:18] [63/459] PITP
[13:07:19] [64/459] CCKW
[13:07:20] [65/459] MCMC
[13:07:20] [66/459] DEES
[13:07:21] [67/459] SABT
[13:07:23] [68/459] VSPP
[13:07:24] [69/459] ABCT
[13:07:25] [70/459] JVTB
[13:07:26] 🔄 Identity reset
[13:07:26] 🔄 Identity rotated (every 10 requests)
[13:07:26] [71/459] VCBD
[13:07:27] [72/459] RMGG
[13:07:28] [73/459] RNMH
[13:07:29] [74/459] SPGL
[13:07:30] [75/459] JTTR
[13:07:31] [76/459] SICS
[13:07:31] [77/459] SRMI
[13:07:32] [78/459] SSIJ
[13:07:34] [79/459] KFMT
[13:07:35] [80/459] VBIT
[13:07:35] 🔄 Identity reset
[13:07:35] 🔄 Identity rotated (every 10 requests)
[13:07:36] [81/459] JKCT
[13:07:36] [82/459] GCGP
[13:07:37] [83/459] GDCS
[13:07:38] [84/459] TRBA
[13:07:40] [85/459] QUST
[13:07:40] [86/459] VSHM
[13:07:42] [87/459] SDCP
[13:07:44] [88/459] SNVS
[13:07:45] [89/459] NYTO
[13:07:46] [90/459] URWC
[13:07:46] 🔄 Identity reset
[13:07:46] 🔄 Identity rotated (every 10 requests)
[13:07:47] [91/459] GTWH
[13:07:48] [92/459] PFCM
[13:07:49] [93/459] KRTA
[13:07:50] [94/459] AXMC
[13:07:51] [95/459] EVMC
[13:07:52] [96/459] HGSM
[13:07:53] [97/459] ACVM
[13:07:54] [98/459] PSKL
[13:07:55] [99/459] RDMP
[13:07:56] [100/459] RHGH
[13:07:56] 🔄 Identity reset
[13:07:56] 🔄 Identity rotated (every 10 requests)
[13:07:58] [101/459] OMCM
[13:07:58] [102/459] DCCP
[13:07:59] [103/459] MCPB
[13:08:00] [104/459] ALCI
[13:08:01] [105/459] BLMX
[13:08:03] [106/459] BTMV
[13:08:04] [107/459] FVPN
[13:08:05] [108/459] CMAR
[13:08:06] [109/459] CEIM
[13:08:07] [110/459] CMVA
[13:08:07] 🔄 Identity reset
[13:08:07] 🔄 Identity rotated (every 10 requests)
[13:08:08] [111/459] CPIV
[13:08:09] [112/459] CNPE
[13:08:10] [113/459] COLV
[13:08:11] [114/459] DNNV
[13:08:12] [115/459] HCAD
[13:08:13] [116/459] TAKA
[13:08:14] [117/459] INVD
[13:08:15] [118/459] IRMM
[13:08:16] [119/459] INSE
[13:08:16] [120/459] MRSW
[13:08:17] 🔄 Identity reset
[13:08:17] 🔄 Identity rotated (every 10 requests)
[13:08:18] [121/459] MCVD
[13:08:18] [122/459] MCSO
[13:08:19] [123/459] PEVM
[13:08:20] [124/459] PVNL
[13:08:21] [125/459] PTCV
[13:08:22] [126/459] PRTC
[13:08:23] [127/459] RCVA
[13:08:25] [128/459] MTBN
[13:08:26] [129/459] LUCP
[13:08:26] [130/459] FMPT
[13:08:27] 🔄 Identity reset
[13:08:27] 🔄 Identity rotated (every 10 requests)
[13:08:28] [131/459] JLSL
[13:08:28] [132/459] SBHA
[13:08:30] [133/459] SHRC
[13:08:31] [134/459] AVPS
[13:08:32] [135/459] STPM
[13:08:33] [136/459] ATRD
[13:08:34] [137/459] VTED
[13:08:35] [138/459] ACAI
[13:08:36] [139/459] SMAE
[13:08:37] [140/459] VMAT
[13:08:37] 🔄 Identity reset
[13:08:37] 🔄 Identity rotated (every 10 requests)
[13:08:38] [141/459] LKCT
[13:08:40] [142/459] JTVK
[13:08:41] [143/459] PRTY
[13:08:41] [144/459] GETT
[13:08:42] [145/459] ESAP
[13:08:43] [146/459] NCPM
[13:08:44] [147/459] PCPA
[13:08:45] [148/459] MMOM
[13:08:46] [149/459] PHUP
[13:08:47] [150/459] CCPI
[13:08:47] 🔄 Identity reset
[13:08:47] 🔄 Identity rotated (every 10 requests)
[13:08:48] [151/459] CNTD
[13:08:49] [152/459] NLJR
[13:08:50] [153/459] SRNG
[13:08:52] [154/459] MHAL
[13:08:53] [155/459] PNSM
[13:08:53] [156/459] DRMY
[13:08:54] [157/459] CCMU
[13:08:55] [158/459] SCMY
[13:08:56] [159/459] PVSY
[13:08:57] [160/459] SDLM
[13:08:58] 🔄 Identity reset
[13:08:58] 🔄 Identity rotated (every 10 requests)
[13:08:58] [161/459] ICCM
[13:08:59] [162/459] PYSU
[13:09:00] [163/459] GATM
[13:09:01] [164/459] WOTM
[13:09:02] [165/459] RKTS
[13:09:03] [166/459] PMTY
[13:09:04] [167/459] LYMS
[13:09:05] [168/459] TGCA
[13:09:06] [169/459] DSTA
[13:09:07] [170/459] CNGE
[13:09:07] 🔄 Identity reset
[13:09:07] 🔄 Identity rotated (every 10 requests)
[13:09:07] [171/459] VSTG
[13:09:08] [172/459] GTCK
[13:09:09] [173/459] TGNT
[13:09:10] [174/459] ASLC
[13:09:11] [175/459] SSST
[13:09:13] [176/459] KBTT
[13:09:14] [177/459] HKCP
[13:09:15] [178/459] SWLC
[13:09:15] [179/459] RTND
[13:09:16] [180/459] PKKT
[13:09:17] 🔄 Identity reset
[13:09:17] 🔄 Identity rotated (every 10 requests)
[13:09:17] [181/459] HSTK
[13:09:18] [182/459] SPTT
[13:09:19] [183/459] IMPM
[13:09:20] [184/459] SCMV
[13:09:21] [185/459] SPCT
[13:09:22] [186/459] JBCA
[13:09:23] [187/459] ATTR
[13:09:24] [188/459] SPMT
[13:09:24] [189/459] LCTM
[13:09:26] [190/459] SCVL
[13:09:27] 🔄 Identity reset
[13:09:27] 🔄 Identity rotated (every 10 requests)
[13:09:27] [191/459] SCVT
[13:09:28] [192/459] KRIC
[13:09:29] [193/459] CTMG
[13:09:31] [194/459] ACNC
[13:09:32] [195/459] DMCK
[13:09:33] [196/459] KMTV
[13:09:34] [197/459] PFCJ
[13:09:35] [198/459] VNMD
[13:09:36] [199/459] VPCZ
[13:09:36] [200/459] SRYR
[13:09:37] 🔄 Identity reset
[13:09:37] 🔄 Identity rotated (every 10 requests)
[13:09:37] [201/459] SYTR
[13:09:38] [202/459] GATR
[13:09:39] [203/459] URTR
[13:09:40] [204/459] MKSM
[13:09:41] [205/459] VSMH
[13:09:42] [206/459] SKRJ
[13:09:43] [207/459] SSJR
[13:09:44] [208/459] SVSM
[13:09:45] [209/459] RUCM
[13:09:46] [210/459] PRKN
[13:09:46] 🔄 Identity reset
[13:09:46] 🔄 Identity rotated (every 10 requests)
[13:09:47] [211/459] RROH
[13:09:48] [212/459] SCTN
[13:09:48] [213/459] RTDM
[13:09:49] [214/459] ASRM
[13:09:50] [215/459] SKMD
[13:09:51] [216/459] SUTD
[13:09:52] [217/459] SADM
[13:09:54] [218/459] WCNR
[13:09:55] [219/459] CNED
[13:09:56] [220/459] MPDB
[13:09:57] 🔄 Identity reset
[13:09:57] 🔄 Identity rotated (every 10 requests)
[13:09:57] [221/459] KTBH
[13:09:58] [222/459] IDRM
[13:09:59] [223/459] PJJT
[13:10:00] [224/459] PFCV
[13:10:01] [225/459] AACT
[13:10:02] [226/459] AAAD
[13:10:03] [227/459] ANES
[13:10:04] [228/459] MNCA
[13:10:05] [229/459] RMGU
[13:10:06] [230/459] DLCN
[13:10:06] 🔄 Identity reset
[13:10:06] 🔄 Identity rotated (every 10 requests)
[13:10:07] [231/459] LJWT
[13:10:08] [232/459] MCBG
[13:10:10] [233/459] MYBG
[13:10:10] [234/459] GCCA
[13:10:11] [235/459] GCGA
[13:10:12] [236/459] ECGN
[13:10:13] [237/459] PRAB
[13:10:15] [238/459] PNMP
[13:10:16] [239/459] GCPT
[13:10:16] [240/459] ROYN
[13:10:17] 🔄 Identity reset
[13:10:17] 🔄 Identity rotated (every 10 requests)
[13:10:18] [241/459] VATM
[13:10:19] [242/459] KSNT
[13:10:20] [243/459] ACTC
[13:10:21] [244/459] PLTD
[13:10:22] [245/459] SKMK
[13:10:23] [246/459] CMTT
[13:10:24] [247/459] SMXP
[13:10:25] [248/459] SCMX
[13:10:26] [249/459] ACXN
[13:10:27] [250/459] ASWT
[13:10:27] 🔄 Identity reset
[13:10:27] 🔄 Identity rotated (every 10 requests)
[13:10:28] [251/459] VVVL
[13:10:29] [252/459] NAGO
[13:10:30] [253/459] SNCN
[13:10:30] [254/459] MCKP
[13:10:31] [255/459] SAMO
[13:10:32] [256/459] JBTV
[13:10:33] [257/459] DCVV
[13:10:34] [258/459] KMSV
[13:10:35] [259/459] KDCN
[13:10:36] [260/459] CNCP
[13:10:37] 🔄 Identity reset
[13:10:37] 🔄 Identity rotated (every 10 requests)
[13:10:37] [261/459] HAMC
[13:10:38] [262/459] CCVZ
[13:10:39] [263/459] NCCK
[13:10:40] [264/459] MCHR
[13:10:41] [265/459] SCHT
[13:10:42] [266/459] ESSH
[13:10:43] [267/459] CUJC
[13:10:44] [268/459] PECP
[13:10:45] [269/459] PMMI
[13:10:46] [270/459] PCCH
[13:10:46] 🔄 Identity reset
[13:10:46] 🔄 Identity rotated (every 10 requests)
[13:10:47] [271/459] PRPM
[13:10:48] [272/459] PVKL
[13:10:49] [273/459] CBSM
[13:10:50] [274/459] PVCZ
[13:10:50] [275/459] PCVV
[13:10:51] [276/459] CTMJ
[13:10:52] [277/459] RCPS
[13:10:53] [278/459] PCIT
[13:10:54] [279/459] FNCH
[13:10:55] [280/459] INZD
[13:10:56] 🔄 Identity reset
[13:10:56] 🔄 Identity rotated (every 10 requests)
[13:10:56] [281/459] INPC
[13:10:57] [282/459] LCZP
[13:10:58] [283/459] SMCB
[13:10:59] [284/459] PTSB
[13:11:00] [285/459] TPSI
[13:11:01] [286/459] KHMJ
[13:11:01] [287/459] RCCJ
[13:11:02] [288/459] NCJA
[13:11:03] [289/459] NCJN
[13:11:04] [290/459] BTDP
[13:11:05] 🔄 Identity reset
[13:11:05] 🔄 Identity rotated (every 10 requests)
[13:11:05] 🔄 Retry 1/5 for BTDP in 2.7s
[13:11:05] 🔄 Identity reset
[13:11:08] 🧠 New identity created
[13:11:08] [291/459] PADY
[13:11:09] [292/459] NYBH
[13:11:10] [293/459] MTBR
[13:11:11] [294/459] KRBC
[13:11:12] [295/459] DKTI
[13:11:13] [296/459] ANAN
[13:11:14] [297/459] INBP
[13:11:15] [298/459] PATB
[13:11:16] [299/459] RGNT
[13:11:16] 🔄 Identity reset
[13:11:16] 🔄 Identity rotated (every 10 requests)
[13:11:17] [300/459] CGPM
[13:11:18] [301/459] INTN
[13:11:19] [302/459] MCMP
[13:11:21] [303/459] ASRG
[13:11:22] [304/459] CXJD
[13:11:23] [305/459] SPCP
[13:11:25] [306/459] CSTP
[13:11:25] [307/459] PKVC
[13:11:26] [308/459] ESCP
[13:11:27] [309/459] CAEP
[13:11:28] 🔄 Identity reset
[13:11:28] 🔄 Identity rotated (every 10 requests)
[13:11:28] [310/459] CCSP
[13:11:30] [311/459] KTPC
[13:11:31] [312/459] DACA
[13:11:32] [313/459] NVKY
[13:11:33] [314/459] PTIN
[13:11:34] [315/459] SCIN
[13:11:34] [316/459] MCTY
[13:11:35] [317/459] PCMX
[13:11:36] [318/459] INIC
[13:11:37] [319/459] MMZM
[13:11:38] 🔄 Identity reset
[13:11:38] 🔄 Identity rotated (every 10 requests)
[13:11:39] [320/459] SSLP
[13:11:40] [321/459] DTDT
[13:11:41] [322/459] FFCX
[13:11:42] [323/459] RCMM
[13:11:43] [324/459] KYID
[13:11:44] [325/459] CSCI
[13:11:45] [326/459] FCMC
[13:11:46] [327/459] MMXI
[13:11:47] [328/459] ASTC
[13:11:48] [329/459] CMRA
[13:11:49] 🔄 Identity reset
[13:11:49] 🔄 Identity rotated (every 10 requests)
[13:11:49] [330/459] DICI
[13:11:50] [331/459] KDIN
[13:11:51] [332/459] PRFI
[13:11:52] [333/459] SVFC
[13:11:53] [334/459] UCPL
[13:11:54] [335/459] COOC
[13:11:55] [336/459] SCAL
[13:11:56] [337/459] SVFF
[13:11:57] [338/459] VCMG
[13:11:58] [339/459] UUCT
[13:11:58] 🔄 Identity reset
[13:11:58] 🔄 Identity rotated (every 10 requests)
[13:11:59] [340/459] GCSE
[13:12:00] [341/459] SUSC
[13:12:01] [342/459] MISC
[13:12:02] [343/459] RMBL
[13:12:03] [344/459] CMXN
[13:12:04] [345/459] PVBK
[13:12:05] [346/459] HHCG
[13:12:07] [347/459] SCAG
[13:12:07] [348/459] CNPR
[13:12:08] [349/459] CSER
[13:12:09] 🔄 Identity reset
[13:12:09] 🔄 Identity rotated (every 10 requests)
[13:12:09] [350/459] HLWD
[13:12:10] [351/459] BOLY
[13:12:12] [352/459] SSPG
[13:12:13] [353/459] MUPX
[13:12:14] [354/459] HAMR
[13:12:15] [355/459] SDNC
[13:12:15] [356/459] RTEN
[13:12:16] [357/459] SDTD
[13:12:17] [358/459] KAWS
[13:12:18] [359/459] CMZX
[13:12:19] 🔄 Identity reset
[13:12:19] 🔄 Identity rotated (every 10 requests)
[13:12:19] [360/459] DCDD
[13:12:20] [361/459] ALSN
[13:12:21] [362/459] IMXS
[13:12:22] [363/459] PVFF
[13:12:23] [364/459] PVOO
[13:12:24] [365/459] CFBS
[13:12:25] [366/459] PVER
[13:12:25] [367/459] PPNX
[13:12:26] [368/459] CNRM
[13:12:27] [369/459] PVWW
[13:12:28] 🔄 Identity reset
[13:12:28] 🔄 Identity rotated (every 10 requests)
[13:12:28] [370/459] INMB
[13:12:29] [371/459] CPJR
[13:12:30] [372/459] INRZ
[13:12:31] [373/459] PMSR
[13:12:32] [374/459] GPGM
[13:12:33] [375/459] PGWB
[13:12:34] [376/459] PMBR
[13:12:35] [377/459] GPAM
[13:12:36] [378/459] INBC
[13:12:37] [379/459] PZVK
[13:12:37] 🔄 Identity reset
[13:12:37] 🔄 Identity rotated (every 10 requests)
[13:12:38] [380/459] CPEB
[13:12:39] [381/459] FMLB
[13:12:40] [382/459] INBG
[13:12:41] [383/459] GPBR
[13:12:42] [384/459] PAAS
[13:12:43] [385/459] VTBR
[13:12:43] [386/459] GPMY
[13:12:44] [387/459] GYBU
[13:12:45] [388/459] INBJ
[13:12:46] [389/459] LKTH
[13:12:47] 🔄 Identity reset
[13:12:47] 🔄 Identity rotated (every 10 requests)
[13:12:48] [390/459] NSBR
[13:12:49] [391/459] PDRD
[13:12:50] [392/459] VRBL
[13:12:51] [393/459] VTGB
[13:12:52] [394/459] VTSK
[13:12:53] [395/459] BKDV
[13:12:54] [396/459] SVTB
[13:12:55] [397/459] MLDT
[13:12:56] [398/459] NRBL
[13:12:57] [399/459] SLTR
[13:12:58] 🔄 Identity reset
[13:12:58] 🔄 Identity rotated (every 10 requests)
[13:12:58] [400/459] VNKA
[13:12:59] [401/459] TDCA
[13:13:00] [402/459] INBM
[13:13:01] [403/459] SSNR
[13:13:02] [404/459] BHAC
[13:13:03] [405/459] SDSD
[13:13:04] [406/459] SAMP
[13:13:05] [407/459] RATK
[13:13:06] [408/459] KCBI
[13:13:07] [409/459] URBL
[13:13:07] 🔄 Identity reset
[13:13:07] 🔄 Identity rotated (every 10 requests)
[13:13:08] [410/459] MKBG
[13:13:08] [411/459] ASTB
[13:13:09] [412/459] VBWT
[13:13:10] [413/459] GPSM
[13:13:11] [414/459] ROON
[13:13:12] [415/459] CHTH
[13:13:13] [416/459] SSPA
[13:13:14] [417/459] ANBL
[13:13:15] [418/459] VTBE
[13:13:16] [419/459] SVKT
[13:13:17] 🔄 Identity reset
[13:13:17] 🔄 Identity rotated (every 10 requests)
[13:13:18] [420/459] SVYK
[13:13:19] [421/459] PTBK
[13:13:20] [422/459] RKTB
[13:13:21] [423/459] BALT
[13:13:21] [424/459] STSV
[13:13:23] [425/459] VCCB
[13:13:24] [426/459] SLTB
[13:13:25] [427/459] SBCR
[13:13:26] [428/459] VDCS
[13:13:27] [429/459] MDKI
[13:13:28] 🔄 Identity reset
[13:13:28] 🔄 Identity rotated (every 10 requests)
[13:13:28] [430/459] SMRN
[13:13:29] [431/459] PTBC
[13:13:30] [432/459] RADI
[13:13:31] [433/459] ADCR
[13:13:32] [434/459] SDCS
[13:13:33] [435/459] SRPJ
[13:13:34] [436/459] ARTS
[13:13:35] [437/459] SRHK
[13:13:36] [438/459] SPAY
[13:13:37] [439/459] GPTB
[13:13:37] 🔄 Identity reset
[13:13:37] 🔄 Identity rotated (every 10 requests)
[13:13:38] [440/459] SNNN
[13:13:38] [441/459] BALJ
[13:13:39] [442/459] TRIG
[13:13:41] [443/459] GTYT
[13:13:42] [444/459] ATGN
[13:13:43] [445/459] ANTE
[13:13:44] [446/459] BDCG
[13:13:46] [447/459] VECI
[13:13:46] [448/459] SCPR
[13:13:48] [449/459] RTEA
[13:13:48] 🔄 Identity reset
[13:13:48] 🔄 Identity rotated (every 10 requests)
[13:13:49] [450/459] JSAI
[13:13:49] [451/459] VJTP
[13:13:50] [452/459] GNDS
[13:13:51] [453/459] PAXA
[13:13:52] [454/459] CGGM
[13:13:53] [455/459] ACKZ
[13:13:54] [456/459] EMCC
[13:13:55] [457/459] KLSK
[13:13:56] [458/459] AVCK
[13:13:57] [459/459] JTCK
[13:13:57] 🔄 Identity reset
[13:13:57] 🔄 Identity rotated (every 10 requests)
[13:13:58] ✅ DONE | Shows=2474 | Movies=73
[14:06:09] 🚀 BMS DAILY TRACKER STARTED (enhanced anti‑detection)
[14:06:09] [1/459] NECA
[14:06:09] 🧠 New identity created
[14:06:10] [2/459] BJLC
[14:06:11] [3/459] BASU
[14:06:11] [4/459] RUPI
[14:06:12] [5/459] LCBK
[14:06:13] [6/459] PMAC
[14:06:14] [7/459] AMLC
[14:06:15] [8/459] LICL
[14:06:15] [9/459] UDMM
[14:06:16] [10/459] STBZ
[14:06:17] 🔄 Identity reset
[14:06:17] 🔄 Identity rotated (every 10 requests)
[14:06:17] [11/459] UUBT
[14:06:18] [12/459] SJKC
[14:06:19] [13/459] TUAL
[14:06:19] [14/459] MRSE
[14:06:20] [15/459] RMRK
[14:06:21] [16/459] TTKP
[14:06:22] [17/459] KTKO
[14:06:23] [18/459] SDBK
[14:06:24] [19/459] MCPR
[14:06:25] [20/459] CHTI
[14:06:25] 🔄 Identity reset
[14:06:25] 🔄 Identity rotated (every 10 requests)
[14:06:25] [21/459] GCCP
[14:06:26] [22/459] SRMY
[14:06:27] [23/459] NYST
[14:06:28] [24/459] NYAG
[14:06:30] [25/459] SBMT
[14:06:31] [26/459] INGA
[14:06:31] [27/459] WSIC
[14:06:32] [28/459] SCSS
[14:06:33] [29/459] COPG
[14:06:34] [30/459] RCGR
[14:06:34] 🔄 Identity reset
[14:06:34] 🔄 Identity rotated (every 10 requests)
[14:06:35] [31/459] TCZA
[14:06:36] [32/459] CNLP
[14:06:36] [33/459] CLKN
[14:06:37] [34/459] LHDF
[14:06:38] [35/459] ELKC
[14:06:39] [36/459] VCEM
[14:06:40] [37/459] SSZA
[14:06:41] [38/459] KRMT
[14:06:42] [39/459] LCMV
[14:06:43] [40/459] AYCZ
[14:06:44] 🔄 Identity reset
[14:06:44] 🔄 Identity rotated (every 10 requests)
[14:06:44] [41/459] CUMS
[14:06:45] [42/459] BOCK
[14:06:46] [43/459] PNMR
[14:06:46] [44/459] PJCP
[14:06:47] [45/459] JDDD
[14:06:48] [46/459] STMS
[14:06:49] [47/459] FLMB
[14:06:50] [48/459] PKCM
[14:06:51] [49/459] SPPR
[14:06:51] [50/459] EYLH
[14:06:52] 🔄 Identity reset
[14:06:52] 🔄 Identity rotated (every 10 requests)
[14:06:52] [51/459] RJCC
[14:06:53] [52/459] MMPS
[14:06:54] [53/459] SHMX
[14:06:55] [54/459] CCNL
[14:06:56] [55/459] RCNV
[14:06:57] [56/459] MAAG
[14:06:58] [57/459] LXCM
[14:06:59] [58/459] RCNI
[14:06:59] [59/459] SNNI
[14:07:00] [60/459] LALC
[14:07:01] 🔄 Identity reset
[14:07:01] 🔄 Identity rotated (every 10 requests)
[14:07:01] [61/459] SOCN
[14:07:02] [62/459] JHTP
[14:07:03] [63/459] PITP
[14:07:04] [64/459] CCKW
[14:07:05] [65/459] MCMC
[14:07:07] [66/459] DEES
[14:07:07] [67/459] SABT
[14:07:08] [68/459] VSPP
[14:07:09] [69/459] ABCT
[14:07:10] [70/459] JVTB
[14:07:10] 🔄 Identity reset
[14:07:11] 🔄 Identity rotated (every 10 requests)
[14:07:11] [71/459] VCBD
[14:07:12] [72/459] RMGG
[14:07:12] [73/459] RNMH
[14:07:13] [74/459] SPGL
[14:07:14] [75/459] JTTR
[14:07:15] [76/459] SICS
[14:07:16] [77/459] SRMI
[14:07:17] [78/459] SSIJ
[14:07:18] [79/459] KFMT
[14:07:19] [80/459] VBIT
[14:07:20] 🔄 Identity reset
[14:07:20] 🔄 Identity rotated (every 10 requests)
[14:07:20] [81/459] JKCT
[14:07:21] [82/459] GCGP
[14:07:21] [83/459] GDCS
[14:07:22] [84/459] TRBA
[14:07:23] [85/459] QUST
[14:07:24] [86/459] VSHM
[14:07:25] [87/459] SDCP
[14:07:26] [88/459] SNVS
[14:07:27] [89/459] NYTO
[14:07:28] [90/459] URWC
[14:07:28] 🔄 Identity reset
[14:07:28] 🔄 Identity rotated (every 10 requests)
[14:07:29] [91/459] GTWH
[14:07:30] [92/459] PFCM
[14:07:31] [93/459] KRTA
[14:07:32] [94/459] AXMC
[14:07:33] [95/459] EVMC
[14:07:34] [96/459] HGSM
[14:07:35] [97/459] ACVM
[14:07:36] [98/459] PSKL
[14:07:37] [99/459] RDMP
[14:07:38] [100/459] RHGH
[14:07:38] 🔄 Identity reset
[14:07:38] 🔄 Identity rotated (every 10 requests)
[14:07:38] [101/459] OMCM
[14:07:39] [102/459] DCCP
[14:07:40] [103/459] MCPB
[14:07:42] [104/459] ALCI
[14:07:42] [105/459] BLMX
[14:07:43] [106/459] BTMV
[14:07:44] [107/459] FVPN
[14:07:45] [108/459] CMAR
[14:07:46] [109/459] CEIM
[14:07:47] [110/459] CMVA
[14:07:47] 🔄 Identity reset
[14:07:47] 🔄 Identity rotated (every 10 requests)
[14:07:47] [111/459] CPIV
[14:07:48] [112/459] CNPE
[14:07:49] [113/459] COLV
[14:07:50] [114/459] DNNV
[14:07:51] [115/459] HCAD
[14:07:52] [116/459] TAKA
[14:07:52] [117/459] INVD
[14:07:53] [118/459] IRMM
[14:07:54] [119/459] INSE
[14:07:55] [120/459] MRSW
[14:07:56] 🔄 Identity reset
[14:07:56] 🔄 Identity rotated (every 10 requests)
[14:07:56] [121/459] MCVD
[14:07:57] [122/459] MCSO
[14:07:58] [123/459] PEVM
[14:07:58] [124/459] PVNL
[14:07:59] [125/459] PTCV
[14:08:00] [126/459] PRTC
[14:08:01] [127/459] RCVA
[14:08:02] [128/459] MTBN
[14:08:03] [129/459] LUCP
[14:08:04] [130/459] FMPT
[14:08:05] 🔄 Identity reset
[14:08:05] 🔄 Identity rotated (every 10 requests)
[14:08:05] [131/459] JLSL
[14:08:06] [132/459] SBHA
[14:08:07] [133/459] SHRC
[14:08:08] [134/459] AVPS
[14:08:09] [135/459] STPM
[14:08:10] [136/459] ATRD
[14:08:10] [137/459] VTED
[14:08:12] [138/459] ACAI
[14:08:12] [139/459] SMAE
[14:08:13] [140/459] VMAT
[14:08:14] 🔄 Identity reset
[14:08:14] 🔄 Identity rotated (every 10 requests)
[14:08:14] [141/459] LKCT
[14:08:15] [142/459] JTVK
[14:08:16] [143/459] PRTY
[14:08:17] [144/459] GETT
[14:08:18] [145/459] ESAP
[14:08:19] [146/459] NCPM
[14:08:19] [147/459] PCPA
[14:08:20] [148/459] MMOM
[14:08:21] [149/459] PHUP
[14:08:22] [150/459] CCPI
[14:08:22] 🔄 Identity reset
[14:08:22] 🔄 Identity rotated (every 10 requests)
[14:08:23] [151/459] CNTD
[14:08:24] [152/459] NLJR
[14:08:24] [153/459] SRNG
[14:08:25] [154/459] MHAL
[14:08:26] [155/459] PNSM
[14:08:27] [156/459] DRMY
[14:08:28] [157/459] CCMU
[14:08:28] [158/459] SCMY
[14:08:29] [159/459] PVSY
[14:08:30] [160/459] SDLM
[14:08:31] 🔄 Identity reset
[14:08:31] 🔄 Identity rotated (every 10 requests)
[14:08:32] [161/459] ICCM
[14:08:32] [162/459] PYSU
[14:08:34] [163/459] GATM
[14:08:35] [164/459] WOTM
[14:08:36] [165/459] RKTS
[14:08:37] [166/459] PMTY
[14:08:38] [167/459] LYMS
[14:08:39] [168/459] TGCA
[14:08:40] [169/459] DSTA
[14:08:40] [170/459] CNGE
[14:08:41] 🔄 Identity reset
[14:08:41] 🔄 Identity rotated (every 10 requests)
[14:08:41] [171/459] VSTG
[14:08:42] [172/459] GTCK
[14:08:43] [173/459] TGNT
[14:08:44] [174/459] ASLC
[14:08:45] [175/459] SSST
[14:08:45] [176/459] KBTT
[14:08:46] [177/459] HKCP
[14:08:47] [178/459] SWLC
[14:08:48] [179/459] RTND
[14:08:49] [180/459] PKKT
[14:08:49] 🔄 Identity reset
[14:08:49] 🔄 Identity rotated (every 10 requests)
[14:08:49] 🔄 Retry 1/5 for PKKT in 3.0s
[14:08:49] 🔄 Identity reset
[14:08:52] 🧠 New identity created
[14:08:53] [181/459] HSTK
[14:08:53] [182/459] SPTT
[14:08:54] [183/459] IMPM
[14:08:55] [184/459] SCMV
[14:08:56] [185/459] SPCT
[14:08:57] [186/459] JBCA
[14:08:58] [187/459] ATTR
[14:08:59] [188/459] SPMT
[14:09:00] [189/459] LCTM
[14:09:01] 🔄 Identity reset
[14:09:01] 🔄 Identity rotated (every 10 requests)
[14:09:01] [190/459] SCVL
[14:09:02] [191/459] SCVT
[14:09:02] [192/459] KRIC
[14:09:03] [193/459] CTMG
[14:09:05] [194/459] ACNC
[14:09:06] [195/459] DMCK
[14:09:07] [196/459] KMTV
[14:09:08] [197/459] PFCJ
[14:09:08] [198/459] VNMD
[14:09:09] [199/459] VPCZ
[14:09:10] 🔄 Identity reset
[14:09:10] 🔄 Identity rotated (every 10 requests)
[14:09:10] [200/459] SRYR
[14:09:11] [201/459] SYTR
[14:09:12] [202/459] GATR
[14:09:13] [203/459] URTR
[14:09:14] [204/459] MKSM
[14:09:15] [205/459] VSMH
[14:09:15] [206/459] SKRJ
[14:09:16] [207/459] SSJR
[14:09:17] [208/459] SVSM
[14:09:18] [209/459] RUCM
[14:09:19] 🔄 Identity reset
[14:09:19] 🔄 Identity rotated (every 10 requests)
[14:09:19] [210/459] PRKN
[14:09:20] [211/459] RROH
[14:09:21] [212/459] SCTN
[14:09:21] [213/459] RTDM
[14:09:22] [214/459] ASRM
[14:09:24] [215/459] SKMD
[14:09:25] [216/459] SUTD
[14:09:26] [217/459] SADM
[14:09:27] [218/459] WCNR
[14:09:27] [219/459] CNED
[14:09:28] 🔄 Identity reset
[14:09:28] 🔄 Identity rotated (every 10 requests)
[14:09:28] [220/459] MPDB
[14:09:30] [221/459] KTBH
[14:09:31] [222/459] IDRM
[14:09:31] [223/459] PJJT
[14:09:32] [224/459] PFCV
[14:09:33] [225/459] AACT
[14:09:34] [226/459] AAAD
[14:09:35] [227/459] ANES
[14:09:36] [228/459] MNCA
[14:09:37] [229/459] RMGU
[14:09:37] 🔄 Identity reset
[14:09:37] 🔄 Identity rotated (every 10 requests)
[14:09:38] [230/459] DLCN
[14:09:39] [231/459] LJWT
[14:09:40] [232/459] MCBG
[14:09:41] [233/459] MYBG
[14:09:42] [234/459] GCCA
[14:09:43] [235/459] GCGA
[14:09:43] [236/459] ECGN
[14:09:44] [237/459] PRAB
[14:09:45] [238/459] PNMP
[14:09:46] [239/459] GCPT
[14:09:47] 🔄 Identity reset
[14:09:47] 🔄 Identity rotated (every 10 requests)
[14:09:47] [240/459] ROYN
[14:09:48] [241/459] VATM
[14:09:49] [242/459] KSNT
[14:09:50] [243/459] ACTC
[14:09:50] [244/459] PLTD
[14:09:51] [245/459] SKMK
[14:09:52] [246/459] CMTT
[14:09:53] [247/459] SMXP
[14:09:54] [248/459] SCMX
[14:09:54] [249/459] ACXN
[14:09:55] 🔄 Identity reset
[14:09:55] 🔄 Identity rotated (every 10 requests)
[14:09:55] [250/459] ASWT
[14:09:56] [251/459] VVVL
[14:09:57] [252/459] NAGO
[14:09:58] [253/459] SNCN
[14:09:59] [254/459] MCKP
[14:09:59] [255/459] SAMO
[14:10:00] [256/459] JBTV
[14:10:02] [257/459] DCVV
[14:10:02] [258/459] KMSV
[14:10:03] [259/459] KDCN
[14:10:04] 🔄 Identity reset
[14:10:04] 🔄 Identity rotated (every 10 requests)
[14:10:04] [260/459] CNCP
[14:10:05] [261/459] HAMC
[14:10:06] [262/459] CCVZ
[14:10:07] [263/459] NCCK
[14:10:08] [264/459] MCHR
[14:10:08] [265/459] SCHT
[14:10:09] [266/459] ESSH
[14:10:10] [267/459] CUJC
[14:10:11] [268/459] PECP
[14:10:12] [269/459] PMMI
[14:10:12] 🔄 Identity reset
[14:10:13] 🔄 Identity rotated (every 10 requests)
[14:10:13] [270/459] PCCH
[14:10:14] [271/459] PRPM
[14:10:14] [272/459] PVKL
[14:10:15] [273/459] CBSM
[14:10:16] [274/459] PVCZ
[14:10:17] [275/459] PCVV
[14:10:18] [276/459] CTMJ
[14:10:20] [277/459] RCPS
[14:10:20] [278/459] PCIT
[14:10:21] [279/459] FNCH
[14:10:22] 🔄 Identity reset
[14:10:22] 🔄 Identity rotated (every 10 requests)
[14:10:23] [280/459] INZD
[14:10:24] [281/459] INPC
[14:10:25] [282/459] LCZP
[14:10:26] [283/459] SMCB
[14:10:26] [284/459] PTSB
[14:10:27] [285/459] TPSI
[14:10:28] [286/459] KHMJ
[14:10:29] [287/459] RCCJ
[14:10:30] [288/459] NCJA
[14:10:31] [289/459] NCJN
[14:10:31] 🔄 Identity reset
[14:10:31] 🔄 Identity rotated (every 10 requests)
[14:10:31] [290/459] BTDP
[14:10:32] [291/459] PADY
[14:10:33] [292/459] NYBH
[14:10:34] [293/459] MTBR
[14:10:35] [294/459] KRBC
[14:10:35] [295/459] DKTI
[14:10:36] [296/459] ANAN
[14:10:37] [297/459] INBP
[14:10:38] [298/459] PATB
[14:10:39] [299/459] RGNT
[14:10:40] 🔄 Identity reset
[14:10:40] 🔄 Identity rotated (every 10 requests)
[14:10:40] [300/459] CGPM
[14:10:41] [301/459] INTN
[14:10:42] [302/459] MCMP
[14:10:43] [303/459] ASRG
[14:10:44] [304/459] CXJD
[14:10:45] [305/459] SPCP
[14:10:46] [306/459] CSTP
[14:10:47] [307/459] PKVC
[14:10:48] [308/459] ESCP
[14:10:48] [309/459] CAEP
[14:10:49] 🔄 Identity reset
[14:10:49] 🔄 Identity rotated (every 10 requests)
[14:10:49] [310/459] CCSP
[14:10:50] [311/459] KTPC
[14:10:51] [312/459] DACA
[14:10:51] [313/459] NVKY
[14:10:52] [314/459] PTIN
[14:10:53] [315/459] SCIN
[14:10:54] [316/459] MCTY
[14:10:55] [317/459] PCMX
[14:10:55] [318/459] INIC
[14:10:56] [319/459] MMZM
[14:10:57] 🔄 Identity reset
[14:10:57] 🔄 Identity rotated (every 10 requests)
[14:10:57] [320/459] SSLP
[14:10:58] [321/459] DTDT
[14:10:59] [322/459] FFCX
[14:11:01] [323/459] RCMM
[14:11:02] [324/459] KYID
[14:11:03] [325/459] CSCI
[14:11:04] [326/459] FCMC
[14:11:04] [327/459] MMXI
[14:11:05] [328/459] ASTC
[14:11:07] [329/459] CMRA
[14:11:07] 🔄 Identity reset
[14:11:07] 🔄 Identity rotated (every 10 requests)
[14:11:08] [330/459] DICI
[14:11:09] [331/459] KDIN
[14:11:10] [332/459] PRFI
[14:11:11] [333/459] SVFC
[14:11:12] [334/459] UCPL
[14:11:13] [335/459] COOC
[14:11:14] [336/459] SCAL
[14:11:14] [337/459] SVFF
[14:11:15] [338/459] VCMG
[14:11:17] [339/459] UUCT
[14:11:17] 🔄 Identity reset
[14:11:17] 🔄 Identity rotated (every 10 requests)
[14:11:18] [340/459] GCSE
[14:11:18] [341/459] SUSC
[14:11:19] [342/459] MISC
[14:11:21] [343/459] RMBL
[14:11:22] [344/459] CMXN
[14:11:23] [345/459] PVBK
[14:11:23] [346/459] HHCG
[14:11:24] [347/459] SCAG
[14:11:25] [348/459] CNPR
[14:11:26] [349/459] CSER
[14:11:26] 🔄 Identity reset
[14:11:26] 🔄 Identity rotated (every 10 requests)
[14:11:27] [350/459] HLWD
[14:11:28] [351/459] BOLY
[14:11:29] [352/459] SSPG
[14:11:30] [353/459] MUPX
[14:11:31] [354/459] HAMR
[14:11:32] [355/459] SDNC
[14:11:32] [356/459] RTEN
[14:11:34] [357/459] SDTD
[14:11:35] [358/459] KAWS
[14:11:36] [359/459] CMZX
[14:11:37] 🔄 Identity reset
[14:11:37] 🔄 Identity rotated (every 10 requests)
[14:11:37] [360/459] DCDD
[14:11:38] [361/459] ALSN
[14:11:39] [362/459] IMXS
[14:11:40] [363/459] PVFF
[14:11:41] [364/459] PVOO
[14:11:41] [365/459] CFBS
[14:11:42] [366/459] PVER
[14:11:43] [367/459] PPNX
[14:11:44] [368/459] CNRM
[14:11:45] [369/459] PVWW
[14:11:45] 🔄 Identity reset
[14:11:45] 🔄 Identity rotated (every 10 requests)
[14:11:46] [370/459] INMB
[14:11:46] [371/459] CPJR
[14:11:48] [372/459] INRZ
[14:11:49] [373/459] PMSR
[14:11:50] [374/459] GPGM
[14:11:51] [375/459] PGWB
[14:11:52] [376/459] PMBR
[14:11:53] [377/459] GPAM
[14:11:54] [378/459] INBC
[14:11:56] [379/459] PZVK
[14:11:56] 🔄 Identity reset
[14:11:56] 🔄 Identity rotated (every 10 requests)
[14:11:56] [380/459] CPEB
[14:11:57] [381/459] FMLB
[14:11:58] [382/459] INBG
[14:11:59] [383/459] GPBR
[14:12:00] [384/459] PAAS
[14:12:01] [385/459] VTBR
[14:12:02] [386/459] GPMY
[14:12:03] [387/459] GYBU
[14:12:05] [388/459] INBJ
[14:12:06] [389/459] LKTH
[14:12:06] 🔄 Identity reset
[14:12:06] 🔄 Identity rotated (every 10 requests)
[14:12:07] [390/459] NSBR
[14:12:07] [391/459] PDRD
[14:12:08] [392/459] VRBL
[14:12:09] [393/459] VTGB
[14:12:10] [394/459] VTSK
[14:12:11] [395/459] BKDV
[14:12:12] [396/459] SVTB
[14:12:13] [397/459] MLDT
[14:12:14] [398/459] NRBL
[14:12:15] [399/459] SLTR
[14:12:15] 🔄 Identity reset
[14:12:15] 🔄 Identity rotated (every 10 requests)
[14:12:15] [400/459] VNKA
[14:12:16] [401/459] TDCA
[14:12:17] [402/459] INBM
[14:12:18] [403/459] SSNR
[14:12:19] [404/459] BHAC
[14:12:20] [405/459] SDSD
[14:12:21] [406/459] SAMP
[14:12:22] [407/459] RATK
[14:12:23] [408/459] KCBI
[14:12:24] [409/459] URBL
[14:12:25] 🔄 Identity reset
[14:12:25] 🔄 Identity rotated (every 10 requests)
[14:12:25] [410/459] MKBG
[14:12:26] [411/459] ASTB
[14:12:27] [412/459] VBWT
[14:12:27] [413/459] GPSM
[14:12:28] [414/459] ROON
[14:12:29] [415/459] CHTH
[14:12:30] [416/459] SSPA
[14:12:31] [417/459] ANBL
[14:12:31] [418/459] VTBE
[14:12:32] [419/459] SVKT
[14:12:33] 🔄 Identity reset
[14:12:33] 🔄 Identity rotated (every 10 requests)
[14:12:33] [420/459] SVYK
[14:12:34] [421/459] PTBK
[14:12:35] [422/459] RKTB
[14:12:36] [423/459] BALT
[14:12:38] [424/459] STSV
[14:12:38] [425/459] VCCB
[14:12:39] [426/459] SLTB
[14:12:40] [427/459] SBCR
[14:12:41] [428/459] VDCS
[14:12:42] [429/459] MDKI
[14:12:42] 🔄 Identity reset
[14:12:42] 🔄 Identity rotated (every 10 requests)
[14:12:43] [430/459] SMRN
[14:12:45] [431/459] PTBC
[14:12:46] [432/459] RADI
[14:12:46] [433/459] ADCR
[14:12:47] [434/459] SDCS
[14:12:48] [435/459] SRPJ
[14:12:49] [436/459] ARTS
[14:12:50] [437/459] SRHK
[14:12:50] [438/459] SPAY
[14:12:51] [439/459] GPTB
[14:12:52] 🔄 Identity reset
[14:12:52] 🔄 Identity rotated (every 10 requests)
[14:12:52] [440/459] SNNN
[14:12:53] [441/459] BALJ
[14:12:54] [442/459] TRIG
[14:12:55] [443/459] GTYT
[14:12:56] [444/459] ATGN
[14:12:57] [445/459] ANTE
[14:12:58] [446/459] BDCG
[14:12:59] [447/459] VECI
[14:13:00] [448/459] SCPR
[14:13:01] [449/459] RTEA
[14:13:01] 🔄 Identity reset
[14:13:01] 🔄 Identity rotated (every 10 requests)
[14:13:02] [450/459] JSAI
[14:13:03] [451/459] VJTP
[14:13:04] [452/459] GNDS
[14:13:06] [453/459] PAXA
[14:13:06] [454/459] CGGM
[14:13:07] [455/459] ACKZ
[14:13:08] [456/459] EMCC
[14:13:10] [457/459] KLSK
[14:13:10] [458/459] AVCK
[14:13:11] [459/459] JTCK
[14:13:12] 🔄 Identity reset
[14:13:12] 🔄 Identity rotated (every 10 requests)
[14:13:12] ✅ DONE | Shows=2620 | Movies=75
[15:06:22] 🚀 BMS DAILY TRACKER STARTED (enhanced anti‑detection)
[15:06:22] [1/459] NECA
[15:06:22] 🧠 New identity created
[15:06:23] [2/459] BJLC
[15:06:24] [3/459] BASU
[15:06:25] [4/459] RUPI
[15:06:26] [5/459] LCBK
[15:06:27] [6/459] PMAC
[15:06:28] [7/459] AMLC
[15:06:29] [8/459] LICL
[15:06:30] [9/459] UDMM
[15:06:30] [10/459] STBZ
[15:06:31] 🔄 Identity reset
[15:06:31] 🔄 Identity rotated (every 10 requests)
[15:06:31] [11/459] UUBT
[15:06:32] [12/459] SJKC
[15:06:33] [13/459] TUAL
[15:06:35] [14/459] MRSE
[15:06:36] [15/459] RMRK
[15:06:37] [16/459] TTKP
[15:06:39] [17/459] KTKO
[15:06:40] [18/459] SDBK
[15:06:41] [19/459] MCPR
[15:06:41] [20/459] CHTI
[15:06:42] 🔄 Identity reset
[15:06:42] 🔄 Identity rotated (every 10 requests)
[15:06:42] [21/459] GCCP
[15:06:43] [22/459] SRMY
[15:06:44] [23/459] NYST
[15:06:45] [24/459] NYAG
[15:06:45] [25/459] SBMT
[15:06:46] [26/459] INGA
[15:06:47] [27/459] WSIC
[15:06:48] [28/459] SCSS
[15:06:49] [29/459] COPG
[15:06:50] [30/459] RCGR
[15:06:51] 🔄 Identity reset
[15:06:51] 🔄 Identity rotated (every 10 requests)
[15:06:51] [31/459] TCZA
[15:06:52] [32/459] CNLP
[15:06:53] [33/459] CLKN
[15:06:54] [34/459] LHDF
[15:06:55] [35/459] ELKC
[15:06:56] [36/459] VCEM
[15:06:56] [37/459] SSZA
[15:06:57] [38/459] KRMT
[15:06:58] [39/459] LCMV
[15:06:59] [40/459] AYCZ
[15:06:59] 🔄 Identity reset
[15:06:59] 🔄 Identity rotated (every 10 requests)
[15:07:00] [41/459] CUMS
[15:07:00] [42/459] BOCK
[15:07:01] [43/459] PNMR
[15:07:03] [44/459] PJCP
[15:07:04] [45/459] JDDD
[15:07:05] [46/459] STMS
[15:07:07] [47/459] FLMB
[15:07:08] [48/459] PKCM
[15:07:09] [49/459] SPPR
[15:07:09] [50/459] EYLH
[15:07:10] 🔄 Identity reset
[15:07:10] 🔄 Identity rotated (every 10 requests)
[15:07:10] [51/459] RJCC
[15:07:11] [52/459] MMPS
[15:07:12] [53/459] SHMX
[15:07:13] [54/459] CCNL
[15:07:14] [55/459] RCNV
[15:07:16] [56/459] MAAG
[15:07:17] [57/459] LXCM
[15:07:17] [58/459] RCNI
[15:07:18] [59/459] SNNI
[15:07:19] [60/459] LALC
[15:07:20] 🔄 Identity reset
[15:07:20] 🔄 Identity rotated (every 10 requests)
[15:07:21] [61/459] SOCN
[15:07:22] [62/459] JHTP
[15:07:22] [63/459] PITP
[15:07:23] [64/459] CCKW
[15:07:24] [65/459] MCMC
[15:07:26] [66/459] DEES
[15:07:27] [67/459] SABT
[15:07:28] [68/459] VSPP
[15:07:29] [69/459] ABCT
[15:07:30] [70/459] JVTB
[15:07:30] 🔄 Identity reset
[15:07:30] 🔄 Identity rotated (every 10 requests)
[15:07:31] [71/459] VCBD
[15:07:31] [72/459] RMGG
[15:07:33] [73/459] RNMH
[15:07:34] [74/459] SPGL
[15:07:36] [75/459] JTTR
[15:07:37] [76/459] SICS
[15:07:38] [77/459] SRMI
[15:07:39] [78/459] SSIJ
[15:07:40] [79/459] KFMT
[15:07:41] [80/459] VBIT
[15:07:41] 🔄 Identity reset
[15:07:41] 🔄 Identity rotated (every 10 requests)
[15:07:42] [81/459] JKCT
[15:07:42] [82/459] GCGP
[15:07:43] [83/459] GDCS
[15:07:44] [84/459] TRBA
[15:07:45] [85/459] QUST
[15:07:46] [86/459] VSHM
[15:07:47] [87/459] SDCP
[15:07:49] [88/459] SNVS
[15:07:49] [89/459] NYTO
[15:07:51] [90/459] URWC
[15:07:52] 🔄 Identity reset
[15:07:52] 🔄 Identity rotated (every 10 requests)
[15:07:52] [91/459] GTWH
[15:07:53] [92/459] PFCM
[15:07:54] [93/459] KRTA
[15:07:55] [94/459] AXMC
[15:07:55] [95/459] EVMC
[15:07:56] [96/459] HGSM
[15:07:57] [97/459] ACVM
[15:07:59] [98/459] PSKL
[15:08:00] [99/459] RDMP
[15:08:01] [100/459] RHGH
[15:08:01] 🔄 Identity reset
[15:08:01] 🔄 Identity rotated (every 10 requests)
[15:08:02] [101/459] OMCM
[15:08:03] [102/459] DCCP
[15:08:04] [103/459] MCPB
[15:08:04] [104/459] ALCI
[15:08:05] [105/459] BLMX
[15:08:06] [106/459] BTMV
[15:08:07] [107/459] FVPN
[15:08:08] [108/459] CMAR
[15:08:09] [109/459] CEIM
[15:08:10] [110/459] CMVA
[15:08:11] 🔄 Identity reset
[15:08:11] 🔄 Identity rotated (every 10 requests)
[15:08:11] [111/459] CPIV
[15:08:12] [112/459] CNPE
[15:08:13] [113/459] COLV
[15:08:14] [114/459] DNNV
[15:08:15] [115/459] HCAD
[15:08:16] [116/459] TAKA
[15:08:17] [117/459] INVD
[15:08:18] [118/459] IRMM
[15:08:19] [119/459] INSE
[15:08:20] [120/459] MRSW
[15:08:21] 🔄 Identity reset
[15:08:21] 🔄 Identity rotated (every 10 requests)
[15:08:21] [121/459] MCVD
[15:08:23] [122/459] MCSO
[15:08:24] [123/459] PEVM
[15:08:26] [124/459] PVNL
[15:08:27] [125/459] PTCV
[15:08:28] [126/459] PRTC
[15:08:29] [127/459] RCVA
[15:08:30] [128/459] MTBN
[15:08:31] [129/459] LUCP
[15:08:32] [130/459] FMPT
[15:08:32] 🔄 Identity reset
[15:08:32] 🔄 Identity rotated (every 10 requests)
[15:08:33] [131/459] JLSL
[15:08:33] [132/459] SBHA
[15:08:34] [133/459] SHRC
[15:08:35] [134/459] AVPS
[15:08:36] [135/459] STPM
[15:08:37] [136/459] ATRD
[15:08:38] [137/459] VTED
[15:08:39] [138/459] ACAI
[15:08:41] [139/459] SMAE
[15:08:41] [140/459] VMAT
[15:08:42] 🔄 Identity reset
[15:08:42] 🔄 Identity rotated (every 10 requests)
[15:08:42] [141/459] LKCT
[15:08:43] [142/459] JTVK
[15:08:44] [143/459] PRTY
[15:08:45] [144/459] GETT
[15:08:46] [145/459] ESAP
[15:08:47] [146/459] NCPM
[15:08:48] [147/459] PCPA
[15:08:50] [148/459] MMOM
[15:08:51] [149/459] PHUP
[15:08:51] [150/459] CCPI
[15:08:52] 🔄 Identity reset
[15:08:52] 🔄 Identity rotated (every 10 requests)
[15:08:52] [151/459] CNTD
[15:08:53] [152/459] NLJR
[15:08:54] [153/459] SRNG
[15:08:55] [154/459] MHAL
[15:08:56] [155/459] PNSM
[15:08:57] [156/459] DRMY
[15:08:58] [157/459] CCMU
[15:08:59] [158/459] SCMY
[15:08:59] [159/459] PVSY
[15:09:00] [160/459] SDLM
[15:09:01] 🔄 Identity reset
[15:09:01] 🔄 Identity rotated (every 10 requests)
[15:09:01] 🔄 Retry 1/5 for SDLM in 2.1s
[15:09:01] 🔄 Identity reset
[15:09:03] 🧠 New identity created
[15:09:03] [161/459] ICCM
[15:09:04] [162/459] PYSU
[15:09:05] [163/459] GATM
[15:09:06] [164/459] WOTM
[15:09:07] [165/459] RKTS
[15:09:08] [166/459] PMTY
[15:09:09] [167/459] LYMS
[15:09:10] [168/459] TGCA
[15:09:11] [169/459] DSTA
[15:09:12] 🔄 Identity reset
[15:09:12] 🔄 Identity rotated (every 10 requests)
[15:09:13] [170/459] CNGE
[15:09:14] [171/459] VSTG
[15:09:14] [172/459] GTCK
[15:09:15] [173/459] TGNT
[15:09:16] [174/459] ASLC
[15:09:17] [175/459] SSST
[15:09:18] [176/459] KBTT
[15:09:19] [177/459] HKCP
[15:09:20] [178/459] SWLC
[15:09:20] [179/459] RTND
[15:09:21] 🔄 Identity reset
[15:09:21] 🔄 Identity rotated (every 10 requests)
[15:09:21] [180/459] PKKT
[15:09:22] [181/459] HSTK
[15:09:23] [182/459] SPTT
[15:09:24] [183/459] IMPM
[15:09:26] [184/459] SCMV
[15:09:27] [185/459] SPCT
[15:09:28] [186/459] JBCA
[15:09:28] [187/459] ATTR
[15:09:29] [188/459] SPMT
[15:09:30] [189/459] LCTM
[15:09:31] 🔄 Identity reset
[15:09:31] 🔄 Identity rotated (every 10 requests)
[15:09:31] [190/459] SCVL
[15:09:32] [191/459] SCVT
[15:09:33] [192/459] KRIC
[15:09:34] [193/459] CTMG
[15:09:34] [194/459] ACNC
[15:09:36] [195/459] DMCK
[15:09:37] [196/459] KMTV
[15:09:38] [197/459] PFCJ
[15:09:39] [198/459] VNMD
[15:09:40] [199/459] VPCZ
[15:09:41] 🔄 Identity reset
[15:09:41] 🔄 Identity rotated (every 10 requests)
[15:09:41] [200/459] SRYR
[15:09:42] [201/459] SYTR
[15:09:43] [202/459] GATR
[15:09:44] [203/459] URTR
[15:09:45] [204/459] MKSM
[15:09:45] [205/459] VSMH
[15:09:46] [206/459] SKRJ
[15:09:47] [207/459] SSJR
[15:09:48] [208/459] SVSM
[15:09:49] [209/459] RUCM
[15:09:49] 🔄 Identity reset
[15:09:49] 🔄 Identity rotated (every 10 requests)
[15:09:50] [210/459] PRKN
[15:09:51] [211/459] RROH
[15:09:52] [212/459] SCTN
[15:09:53] [213/459] RTDM
[15:09:53] [214/459] ASRM
[15:09:54] [215/459] SKMD
[15:09:55] [216/459] SUTD
[15:09:56] [217/459] SADM
[15:09:57] [218/459] WCNR
[15:09:58] [219/459] CNED
[15:09:59] 🔄 Identity reset
[15:09:59] 🔄 Identity rotated (every 10 requests)
[15:09:59] [220/459] MPDB
[15:10:01] [221/459] KTBH
[15:10:02] [222/459] IDRM
[15:10:03] [223/459] PJJT
[15:10:03] [224/459] PFCV
[15:10:04] [225/459] AACT
[15:10:05] [226/459] AAAD
[15:10:06] [227/459] ANES
[15:10:07] [228/459] MNCA
[15:10:07] [229/459] RMGU
[15:10:08] 🔄 Identity reset
[15:10:08] 🔄 Identity rotated (every 10 requests)
[15:10:09] [230/459] DLCN
[15:10:09] [231/459] LJWT
[15:10:10] [232/459] MCBG
[15:10:11] [233/459] MYBG
[15:10:12] [234/459] GCCA
[15:10:13] [235/459] GCGA
[15:10:14] [236/459] ECGN
[15:10:15] [237/459] PRAB
[15:10:16] [238/459] PNMP
[15:10:17] [239/459] GCPT
[15:10:17] 🔄 Identity reset
[15:10:17] 🔄 Identity rotated (every 10 requests)
[15:10:18] [240/459] ROYN
[15:10:19] [241/459] VATM
[15:10:20] [242/459] KSNT
[15:10:21] [243/459] ACTC
[15:10:22] [244/459] PLTD
[15:10:22] [245/459] SKMK
[15:10:23] [246/459] CMTT
[15:10:24] [247/459] SMXP
[15:10:26] [248/459] SCMX
[15:10:27] [249/459] ACXN
[15:10:27] 🔄 Identity reset
[15:10:27] 🔄 Identity rotated (every 10 requests)
[15:10:27] [250/459] ASWT
[15:10:29] [251/459] VVVL
[15:10:30] [252/459] NAGO
[15:10:30] [253/459] SNCN
[15:10:31] [254/459] MCKP
[15:10:32] [255/459] SAMO
[15:10:33] [256/459] JBTV
[15:10:34] [257/459] DCVV
[15:10:35] [258/459] KMSV
[15:10:36] [259/459] KDCN
[15:10:36] 🔄 Identity reset
[15:10:36] 🔄 Identity rotated (every 10 requests)
[15:10:37] [260/459] CNCP
[15:10:38] [261/459] HAMC
[15:10:38] [262/459] CCVZ
[15:10:39] [263/459] NCCK
[15:10:40] [264/459] MCHR
[15:10:41] [265/459] SCHT
[15:10:42] [266/459] ESSH
[15:10:43] [267/459] CUJC
[15:10:44] [268/459] PECP
[15:10:45] [269/459] PMMI
[15:10:46] 🔄 Identity reset
[15:10:46] 🔄 Identity rotated (every 10 requests)
[15:10:46] [270/459] PCCH
[15:10:48] [271/459] PRPM
[15:10:49] [272/459] PVKL
[15:10:51] [273/459] CBSM
[15:10:52] [274/459] PVCZ
[15:10:53] [275/459] PCVV
[15:10:54] [276/459] CTMJ
[15:10:55] [277/459] RCPS
[15:10:56] [278/459] PCIT
[15:10:57] [279/459] FNCH
[15:10:57] 🔄 Identity reset
[15:10:57] 🔄 Identity rotated (every 10 requests)
[15:10:58] [280/459] INZD
[15:10:59] [281/459] INPC
[15:11:00] [282/459] LCZP
[15:11:00] [283/459] SMCB
[15:11:01] [284/459] PTSB
[15:11:02] [285/459] TPSI
[15:11:03] [286/459] KHMJ
[15:11:04] [287/459] RCCJ
[15:11:05] [288/459] NCJA
[15:11:06] [289/459] NCJN
[15:11:06] 🔄 Identity reset
[15:11:06] 🔄 Identity rotated (every 10 requests)
[15:11:07] [290/459] BTDP
[15:11:08] [291/459] PADY
[15:11:09] [292/459] NYBH
[15:11:10] [293/459] MTBR
[15:11:11] [294/459] KRBC
[15:11:12] [295/459] DKTI
[15:11:12] [296/459] ANAN
[15:11:13] [297/459] INBP
[15:11:14] [298/459] PATB
[15:11:15] [299/459] RGNT
[15:11:16] 🔄 Identity reset
[15:11:16] 🔄 Identity rotated (every 10 requests)
[15:11:16] [300/459] CGPM
[15:11:17] [301/459] INTN
[15:11:18] [302/459] MCMP
[15:11:18] [303/459] ASRG
[15:11:19] [304/459] CXJD
[15:11:20] [305/459] SPCP
[15:11:21] [306/459] CSTP
[15:11:23] [307/459] PKVC
[15:11:23] [308/459] ESCP
[15:11:24] [309/459] CAEP
[15:11:25] 🔄 Identity reset
[15:11:25] 🔄 Identity rotated (every 10 requests)
[15:11:25] [310/459] CCSP
[15:11:26] [311/459] KTPC
[15:11:27] [312/459] DACA
[15:11:28] [313/459] NVKY
[15:11:30] [314/459] PTIN
[15:11:31] [315/459] SCIN
[15:11:31] [316/459] MCTY
[15:11:32] [317/459] PCMX
[15:11:33] [318/459] INIC
[15:11:34] [319/459] MMZM
[15:11:35] 🔄 Identity reset
[15:11:35] 🔄 Identity rotated (every 10 requests)
[15:11:35] [320/459] SSLP
[15:11:36] [321/459] DTDT
[15:11:37] [322/459] FFCX
[15:11:38] [323/459] RCMM
[15:11:39] [324/459] KYID
[15:11:40] [325/459] CSCI
[15:11:41] [326/459] FCMC
[15:11:42] [327/459] MMXI
[15:11:43] [328/459] ASTC
[15:11:44] [329/459] CMRA
[15:11:44] 🔄 Identity reset
[15:11:44] 🔄 Identity rotated (every 10 requests)
[15:11:45] [330/459] DICI
[15:11:45] [331/459] KDIN
[15:11:46] [332/459] PRFI
[15:11:47] [333/459] SVFC
[15:11:48] [334/459] UCPL
[15:11:50] [335/459] COOC
[15:11:51] [336/459] SCAL
[15:11:52] [337/459] SVFF
[15:11:53] [338/459] VCMG
[15:11:54] [339/459] UUCT
[15:11:55] 🔄 Identity reset
[15:11:55] 🔄 Identity rotated (every 10 requests)
[15:11:55] [340/459] GCSE
[15:11:56] [341/459] SUSC
[15:11:57] [342/459] MISC
[15:11:57] [343/459] RMBL
[15:11:58] [344/459] CMXN
[15:11:59] [345/459] PVBK
[15:12:00] [346/459] HHCG
[15:12:01] [347/459] SCAG
[15:12:02] [348/459] CNPR
[15:12:03] [349/459] CSER
[15:12:03] 🔄 Identity reset
[15:12:03] 🔄 Identity rotated (every 10 requests)
[15:12:04] [350/459] HLWD
[15:12:05] [351/459] BOLY
[15:12:06] [352/459] SSPG
[15:12:07] [353/459] MUPX
[15:12:08] [354/459] HAMR
[15:12:09] [355/459] SDNC
[15:12:10] [356/459] RTEN
[15:12:11] [357/459] SDTD
[15:12:12] [358/459] KAWS
[15:12:13] [359/459] CMZX
[15:12:13] 🔄 Identity reset
[15:12:13] 🔄 Identity rotated (every 10 requests)
[15:12:14] [360/459] DCDD
[15:12:15] [361/459] ALSN
[15:12:16] [362/459] IMXS
[15:12:17] [363/459] PVFF
[15:12:18] [364/459] PVOO
[15:12:19] [365/459] CFBS
[15:12:20] [366/459] PVER
[15:12:21] [367/459] PPNX
[15:12:22] [368/459] CNRM
[15:12:22] [369/459] PVWW
[15:12:23] 🔄 Identity reset
[15:12:23] 🔄 Identity rotated (every 10 requests)
[15:12:23] [370/459] INMB
[15:12:24] [371/459] CPJR
[15:12:25] [372/459] INRZ
[15:12:26] [373/459] PMSR
[15:12:27] [374/459] GPGM
[15:12:28] [375/459] PGWB
[15:12:29] [376/459] PMBR
[15:12:30] [377/459] GPAM
[15:12:31] [378/459] INBC
[15:12:32] [379/459] PZVK
[15:12:33] 🔄 Identity reset
[15:12:33] 🔄 Identity rotated (every 10 requests)
[15:12:33] [380/459] CPEB
[15:12:34] [381/459] FMLB
[15:12:35] [382/459] INBG
[15:12:36] [383/459] GPBR
[15:12:38] [384/459] PAAS
[15:12:39] [385/459] VTBR
[15:12:40] [386/459] GPMY
[15:12:41] [387/459] GYBU
[15:12:41] [388/459] INBJ
[15:12:42] [389/459] LKTH
[15:12:43] 🔄 Identity reset
[15:12:43] 🔄 Identity rotated (every 10 requests)
[15:12:43] [390/459] NSBR
[15:12:44] [391/459] PDRD
[15:12:45] [392/459] VRBL
[15:12:46] [393/459] VTGB
[15:12:47] [394/459] VTSK
[15:12:48] [395/459] BKDV
[15:12:48] [396/459] SVTB
[15:12:49] [397/459] MLDT
[15:12:50] [398/459] NRBL
[15:12:51] [399/459] SLTR
[15:12:52] 🔄 Identity reset
[15:12:52] 🔄 Identity rotated (every 10 requests)
[15:12:52] [400/459] VNKA
[15:12:53] [401/459] TDCA
[15:12:54] [402/459] INBM
[15:12:55] [403/459] SSNR
[15:12:55] [404/459] BHAC
[15:12:56] [405/459] SDSD
[15:12:57] [406/459] SAMP
[15:12:58] [407/459] RATK
[15:12:59] [408/459] KCBI
[15:13:00] [409/459] URBL
[15:13:00] 🔄 Identity reset
[15:13:00] 🔄 Identity rotated (every 10 requests)
[15:13:01] [410/459] MKBG
[15:13:02] [411/459] ASTB
[15:13:02] [412/459] VBWT
[15:13:03] [413/459] GPSM
[15:13:04] [414/459] ROON
[15:13:05] [415/459] CHTH
[15:13:06] [416/459] SSPA
[15:13:07] [417/459] ANBL
[15:13:08] [418/459] VTBE
[15:13:08] [419/459] SVKT
[15:13:09] 🔄 Identity reset
[15:13:09] 🔄 Identity rotated (every 10 requests)
[15:13:09] [420/459] SVYK
[15:13:10] [421/459] PTBK
[15:13:11] [422/459] RKTB
[15:13:12] [423/459] BALT
[15:13:13] [424/459] STSV
[15:13:14] [425/459] VCCB
[15:13:15] [426/459] SLTB
[15:13:15] [427/459] SBCR
[15:13:16] [428/459] VDCS
[15:13:17] [429/459] MDKI
[15:13:18] 🔄 Identity reset
[15:13:18] 🔄 Identity rotated (every 10 requests)
[15:13:18] [430/459] SMRN
[15:13:19] [431/459] PTBC
[15:13:20] [432/459] RADI
[15:13:21] [433/459] ADCR
[15:13:21] [434/459] SDCS
[15:13:22] [435/459] SRPJ
[15:13:23] [436/459] ARTS
[15:13:24] [437/459] SRHK
[15:13:25] [438/459] SPAY
[15:13:26] [439/459] GPTB
[15:13:26] 🔄 Identity reset
[15:13:26] 🔄 Identity rotated (every 10 requests)
[15:13:27] [440/459] SNNN
[15:13:27] [441/459] BALJ
[15:13:28] [442/459] TRIG
[15:13:29] [443/459] GTYT
[15:13:30] [444/459] ATGN
[15:13:31] [445/459] ANTE
[15:13:32] [446/459] BDCG
[15:13:33] [447/459] VECI
[15:13:34] [448/459] SCPR
[15:13:35] [449/459] RTEA
[15:13:35] 🔄 Identity reset
[15:13:35] 🔄 Identity rotated (every 10 requests)
[15:13:36] [450/459] JSAI
[15:13:37] [451/459] VJTP
[15:13:38] [452/459] GNDS
[15:13:39] [453/459] PAXA
[15:13:40] [454/459] CGGM
[15:13:40] [455/459] ACKZ
[15:13:41] [456/459] EMCC
[15:13:42] [457/459] KLSK
[15:13:43] [458/459] AVCK
[15:13:44] [459/459] JTCK
[15:13:45] 🔄 Identity reset
[15:13:45] 🔄 Identity rotated (every 10 requests)
[15:13:45] ✅ DONE | Shows=3011 | Movies=76
[16:06:14] 🚀 BMS DAILY TRACKER STARTED (enhanced anti‑detection)
[16:06:14] [1/459] NECA
[16:06:14] 🧠 New identity created
[16:06:15] [2/459] BJLC
[16:06:15] [3/459] BASU
[16:06:16] [4/459] RUPI
[16:06:17] [5/459] LCBK
[16:06:18] [6/459] PMAC
[16:06:19] [7/459] AMLC
[16:06:20] [8/459] LICL
[16:06:21] [9/459] UDMM
[16:06:22] [10/459] STBZ
[16:06:22] 🔄 Identity reset
[16:06:22] 🔄 Identity rotated (every 10 requests)
[16:06:22] 🔄 Retry 1/5 for STBZ in 2.6s
[16:06:22] 🔄 Identity reset
[16:06:25] 🧠 New identity created
[16:06:26] [11/459] UUBT
[16:06:26] [12/459] SJKC
[16:06:27] [13/459] TUAL
[16:06:28] [14/459] MRSE
[16:06:29] [15/459] RMRK
[16:06:30] [16/459] TTKP
[16:06:30] [17/459] KTKO
[16:06:31] [18/459] SDBK
[16:06:32] [19/459] MCPR
[16:06:33] 🔄 Identity reset
[16:06:33] 🔄 Identity rotated (every 10 requests)
[16:06:33] [20/459] CHTI
[16:06:34] [21/459] GCCP
[16:06:35] [22/459] SRMY
[16:06:36] [23/459] NYST
[16:06:37] [24/459] NYAG
[16:06:37] [25/459] SBMT
[16:06:38] [26/459] INGA
[16:06:39] [27/459] WSIC
[16:06:41] [28/459] SCSS
[16:06:42] [29/459] COPG
[16:06:42] 🔄 Identity reset
[16:06:42] 🔄 Identity rotated (every 10 requests)
[16:06:43] [30/459] RCGR
[16:06:44] [31/459] TCZA
[16:06:44] [32/459] CNLP
[16:06:45] [33/459] CLKN
[16:06:46] [34/459] LHDF
[16:06:47] [35/459] ELKC
[16:06:48] [36/459] VCEM
[16:06:49] [37/459] SSZA
[16:06:50] [38/459] KRMT
[16:06:51] [39/459] LCMV
[16:06:51] 🔄 Identity reset
[16:06:51] 🔄 Identity rotated (every 10 requests)
[16:06:52] [40/459] AYCZ
[16:06:53] [41/459] CUMS
[16:06:53] [42/459] BOCK
[16:06:54] [43/459] PNMR
[16:06:55] [44/459] PJCP
[16:06:57] [45/459] JDDD
[16:06:58] [46/459] STMS
[16:06:58] [47/459] FLMB
[16:06:59] [48/459] PKCM
[16:07:00] [49/459] SPPR
[16:07:01] 🔄 Identity reset
[16:07:01] 🔄 Identity rotated (every 10 requests)
[16:07:01] [50/459] EYLH
[16:07:02] [51/459] RJCC
[16:07:02] [52/459] MMPS
[16:07:03] [53/459] SHMX
[16:07:04] [54/459] CCNL
[16:07:05] [55/459] RCNV
[16:07:06] [56/459] MAAG
[16:07:07] [57/459] LXCM
[16:07:08] [58/459] RCNI
[16:07:08] [59/459] SNNI
[16:07:09] 🔄 Identity reset
[16:07:09] 🔄 Identity rotated (every 10 requests)
[16:07:09] [60/459] LALC
[16:07:10] [61/459] SOCN
[16:07:11] [62/459] JHTP
[16:07:12] [63/459] PITP
[16:07:13] [64/459] CCKW
[16:07:14] [65/459] MCMC
[16:07:15] [66/459] DEES
[16:07:16] [67/459] SABT
[16:07:17] [68/459] VSPP
[16:07:18] [69/459] ABCT
[16:07:19] 🔄 Identity reset
[16:07:19] 🔄 Identity rotated (every 10 requests)
[16:07:19] [70/459] JVTB
[16:07:20] [71/459] VCBD
[16:07:21] [72/459] RMGG
[16:07:22] [73/459] RNMH
[16:07:22] [74/459] SPGL
[16:07:23] [75/459] JTTR
[16:07:24] [76/459] SICS
[16:07:25] [77/459] SRMI
[16:07:26] [78/459] SSIJ
[16:07:26] [79/459] KFMT
[16:07:27] 🔄 Identity reset
[16:07:27] 🔄 Identity rotated (every 10 requests)
[16:07:27] [80/459] VBIT
[16:07:28] [81/459] JKCT
[16:07:29] [82/459] GCGP
[16:07:30] [83/459] GDCS
[16:07:31] [84/459] TRBA
[16:07:31] [85/459] QUST
[16:07:32] [86/459] VSHM
[16:07:33] [87/459] SDCP
[16:07:34] [88/459] SNVS
[16:07:35] [89/459] NYTO
[16:07:35] 🔄 Identity reset
[16:07:35] 🔄 Identity rotated (every 10 requests)
[16:07:35] [90/459] URWC
[16:07:36] [91/459] GTWH
[16:07:37] [92/459] PFCM
[16:07:38] [93/459] KRTA
[16:07:39] [94/459] AXMC
[16:07:40] [95/459] EVMC
[16:07:40] [96/459] HGSM
[16:07:42] [97/459] ACVM
[16:07:43] [98/459] PSKL
[16:07:44] [99/459] RDMP
[16:07:45] 🔄 Identity reset
[16:07:45] 🔄 Identity rotated (every 10 requests)
[16:07:45] [100/459] RHGH
[16:07:46] [101/459] OMCM
[16:07:47] [102/459] DCCP
[16:07:47] [103/459] MCPB
[16:07:48] [104/459] ALCI
[16:07:50] [105/459] BLMX
[16:07:50] [106/459] BTMV
[16:07:51] [107/459] FVPN
[16:07:52] [108/459] CMAR
[16:07:53] [109/459] CEIM
[16:07:54] 🔄 Identity reset
[16:07:54] 🔄 Identity rotated (every 10 requests)
[16:07:54] [110/459] CMVA
[16:07:55] [111/459] CPIV
[16:07:56] [112/459] CNPE
[16:07:57] [113/459] COLV
[16:07:58] [114/459] DNNV
[16:07:59] [115/459] HCAD
[16:08:00] [116/459] TAKA
[16:08:01] [117/459] INVD
[16:08:02] [118/459] IRMM
[16:08:03] [119/459] INSE
[16:08:04] 🔄 Identity reset
[16:08:04] 🔄 Identity rotated (every 10 requests)
[16:08:04] [120/459] MRSW
[16:08:05] [121/459] MCVD
[16:08:06] [122/459] MCSO
[16:08:07] [123/459] PEVM
[16:08:08] [124/459] PVNL
[16:08:09] [125/459] PTCV
[16:08:11] [126/459] PRTC
[16:08:11] [127/459] RCVA
[16:08:12] [128/459] MTBN
[16:08:13] [129/459] LUCP
[16:08:13] 🔄 Identity reset
[16:08:13] 🔄 Identity rotated (every 10 requests)
[16:08:14] [130/459] FMPT
[16:08:16] [131/459] JLSL
[16:08:17] [132/459] SBHA
[16:08:17] [133/459] SHRC
[16:08:18] [134/459] AVPS
[16:08:19] [135/459] STPM
[16:08:20] [136/459] ATRD
[16:08:21] [137/459] VTED
[16:08:22] [138/459] ACAI
[16:08:22] [139/459] SMAE
[16:08:23] 🔄 Identity reset
[16:08:23] 🔄 Identity rotated (every 10 requests)
[16:08:23] [140/459] VMAT
[16:08:25] [141/459] LKCT
[16:08:26] [142/459] JTVK
[16:08:27] [143/459] PRTY
[16:08:28] [144/459] GETT
[16:08:28] [145/459] ESAP
[16:08:29] [146/459] NCPM
[16:08:30] [147/459] PCPA
[16:08:31] [148/459] MMOM
[16:08:32] [149/459] PHUP
[16:08:33] 🔄 Identity reset
[16:08:33] 🔄 Identity rotated (every 10 requests)
[16:08:33] [150/459] CCPI
[16:08:34] [151/459] CNTD
[16:08:36] [152/459] NLJR
[16:08:37] [153/459] SRNG
[16:08:38] [154/459] MHAL
[16:08:39] [155/459] PNSM
[16:08:40] [156/459] DRMY
[16:08:41] [157/459] CCMU
[16:08:42] [158/459] SCMY
[16:08:43] [159/459] PVSY
[16:08:43] 🔄 Identity reset
[16:08:43] 🔄 Identity rotated (every 10 requests)
[16:08:44] [160/459] SDLM
[16:08:45] [161/459] ICCM
[16:08:46] [162/459] PYSU
[16:08:47] [163/459] GATM
[16:08:48] [164/459] WOTM
[16:08:49] [165/459] RKTS
[16:08:49] [166/459] PMTY
[16:08:50] [167/459] LYMS
[16:08:51] [168/459] TGCA
[16:08:53] [169/459] DSTA
[16:08:53] 🔄 Identity reset
[16:08:53] 🔄 Identity rotated (every 10 requests)
[16:08:53] [170/459] CNGE
[16:08:54] [171/459] VSTG
[16:08:55] [172/459] GTCK
[16:08:56] [173/459] TGNT
[16:08:57] [174/459] ASLC
[16:08:58] [175/459] SSST
[16:08:59] [176/459] KBTT
[16:09:00] [177/459] HKCP
[16:09:01] [178/459] SWLC
[16:09:02] [179/459] RTND
[16:09:02] 🔄 Identity reset
[16:09:02] 🔄 Identity rotated (every 10 requests)
[16:09:02] [180/459] PKKT
[16:09:04] [181/459] HSTK
[16:09:05] [182/459] SPTT
[16:09:06] [183/459] IMPM
[16:09:07] [184/459] SCMV
[16:09:08] [185/459] SPCT
[16:09:09] [186/459] JBCA
[16:09:10] [187/459] ATTR
[16:09:11] [188/459] SPMT
[16:09:11] [189/459] LCTM
[16:09:12] 🔄 Identity reset
[16:09:12] 🔄 Identity rotated (every 10 requests)
[16:09:12] [190/459] SCVL
[16:09:13] [191/459] SCVT
[16:09:14] [192/459] KRIC
[16:09:15] [193/459] CTMG
[16:09:15] [194/459] ACNC
[16:09:16] [195/459] DMCK
[16:09:17] [196/459] KMTV
[16:09:18] [197/459] PFCJ
[16:09:19] [198/459] VNMD
[16:09:21] [199/459] VPCZ
[16:09:21] 🔄 Identity reset
[16:09:21] 🔄 Identity rotated (every 10 requests)
[16:09:22] [200/459] SRYR
[16:09:23] [201/459] SYTR
[16:09:24] [202/459] GATR
[16:09:25] [203/459] URTR
[16:09:26] [204/459] MKSM
[16:09:27] [205/459] VSMH
[16:09:28] [206/459] SKRJ
[16:09:28] [207/459] SSJR
[16:09:29] [208/459] SVSM
[16:09:30] [209/459] RUCM
[16:09:30] 🔄 Identity reset
[16:09:30] 🔄 Identity rotated (every 10 requests)
[16:09:31] [210/459] PRKN
[16:09:32] [211/459] RROH
[16:09:33] [212/459] SCTN
[16:09:33] [213/459] RTDM
[16:09:34] [214/459] ASRM
[16:09:35] [215/459] SKMD
[16:09:36] [216/459] SUTD
[16:09:37] [217/459] SADM
[16:09:38] [218/459] WCNR
[16:09:38] [219/459] CNED
[16:09:39] 🔄 Identity reset
[16:09:39] 🔄 Identity rotated (every 10 requests)
[16:09:39] [220/459] MPDB
[16:09:40] [221/459] KTBH
[16:09:41] [222/459] IDRM
[16:09:42] [223/459] PJJT
[16:09:44] [224/459] PFCV
[16:09:45] [225/459] AACT
[16:09:45] [226/459] AAAD
[16:09:46] [227/459] ANES
[16:09:47] [228/459] MNCA
[16:09:48] [229/459] RMGU
[16:09:48] 🔄 Identity reset
[16:09:48] 🔄 Identity rotated (every 10 requests)
[16:09:49] [230/459] DLCN
[16:09:50] [231/459] LJWT
[16:09:51] [232/459] MCBG
[16:09:52] [233/459] MYBG
[16:09:53] [234/459] GCCA
[16:09:54] [235/459] GCGA
[16:09:54] [236/459] ECGN
[16:09:55] [237/459] PRAB
[16:09:56] [238/459] PNMP
[16:09:57] [239/459] GCPT
[16:09:58] 🔄 Identity reset
[16:09:58] 🔄 Identity rotated (every 10 requests)
[16:09:58] [240/459] ROYN
[16:09:59] [241/459] VATM
[16:10:00] [242/459] KSNT
[16:10:01] [243/459] ACTC
[16:10:02] [244/459] PLTD
[16:10:03] [245/459] SKMK
[16:10:04] [246/459] CMTT
[16:10:05] [247/459] SMXP
[16:10:06] [248/459] SCMX
[16:10:07] [249/459] ACXN
[16:10:07] 🔄 Identity reset
[16:10:07] 🔄 Identity rotated (every 10 requests)
[16:10:08] [250/459] ASWT
[16:10:09] [251/459] VVVL
[16:10:11] [252/459] NAGO
[16:10:12] [253/459] SNCN
[16:10:12] [254/459] MCKP
[16:10:14] [255/459] SAMO
[16:10:15] [256/459] JBTV
[16:10:16] [257/459] DCVV
[16:10:17] [258/459] KMSV
[16:10:18] [259/459] KDCN
[16:10:18] 🔄 Identity reset
[16:10:18] 🔄 Identity rotated (every 10 requests)
[16:10:18] [260/459] CNCP
[16:10:19] [261/459] HAMC
[16:10:20] [262/459] CCVZ
[16:10:21] [263/459] NCCK
[16:10:22] [264/459] MCHR
[16:10:23] [265/459] SCHT
[16:10:24] [266/459] ESSH
[16:10:25] [267/459] CUJC
[16:10:26] [268/459] PECP
[16:10:27] [269/459] PMMI
[16:10:27] 🔄 Identity reset
[16:10:27] 🔄 Identity rotated (every 10 requests)
[16:10:28] [270/459] PCCH
[16:10:29] [271/459] PRPM
[16:10:30] [272/459] PVKL
[16:10:32] [273/459] CBSM
[16:10:33] [274/459] PVCZ
[16:10:34] [275/459] PCVV
[16:10:34] [276/459] CTMJ
[16:10:35] [277/459] RCPS
[16:10:36] [278/459] PCIT
[16:10:37] [279/459] FNCH
[16:10:38] 🔄 Identity reset
[16:10:38] 🔄 Identity rotated (every 10 requests)
[16:10:38] [280/459] INZD
[16:10:40] [281/459] INPC
[16:10:41] [282/459] LCZP
[16:10:41] [283/459] SMCB
[16:10:42] [284/459] PTSB
[16:10:43] [285/459] TPSI
[16:10:44] [286/459] KHMJ
[16:10:45] [287/459] RCCJ
[16:10:46] [288/459] NCJA
[16:10:47] [289/459] NCJN
[16:10:47] 🔄 Identity reset
[16:10:47] 🔄 Identity rotated (every 10 requests)
[16:10:48] [290/459] BTDP
[16:10:49] [291/459] PADY
[16:10:49] [292/459] NYBH
[16:10:50] [293/459] MTBR
[16:10:51] [294/459] KRBC
[16:10:52] [295/459] DKTI
[16:10:53] [296/459] ANAN
[16:10:54] [297/459] INBP
[16:10:54] [298/459] PATB
[16:10:55] [299/459] RGNT
[16:10:56] 🔄 Identity reset
[16:10:56] 🔄 Identity rotated (every 10 requests)
[16:10:56] [300/459] CGPM
[16:10:57] [301/459] INTN
[16:10:58] [302/459] MCMP
[16:10:59] [303/459] ASRG
[16:11:00] [304/459] CXJD
[16:11:01] [305/459] SPCP
[16:11:02] [306/459] CSTP
[16:11:03] [307/459] PKVC
[16:11:03] [308/459] ESCP
[16:11:04] [309/459] CAEP
[16:11:05] 🔄 Identity reset
[16:11:05] 🔄 Identity rotated (every 10 requests)
[16:11:05] [310/459] CCSP
[16:11:06] [311/459] KTPC
[16:11:07] [312/459] DACA
[16:11:08] [313/459] NVKY
[16:11:08] [314/459] PTIN
[16:11:09] [315/459] SCIN
[16:11:10] [316/459] MCTY
[16:11:11] [317/459] PCMX
[16:11:12] [318/459] INIC
[16:11:13] [319/459] MMZM
[16:11:13] 🔄 Identity reset
[16:11:13] 🔄 Identity rotated (every 10 requests)
[16:11:13] 🔄 Retry 1/5 for MMZM in 2.0s
[16:11:13] 🔄 Identity reset
[16:11:15] 🧠 New identity created
[16:11:16] [320/459] SSLP
[16:11:17] [321/459] DTDT
[16:11:18] [322/459] FFCX
[16:11:19] [323/459] RCMM
[16:11:20] [324/459] KYID
[16:11:20] [325/459] CSCI
[16:11:21] [326/459] FCMC
[16:11:22] [327/459] MMXI
[16:11:23] [328/459] ASTC
[16:11:24] 🔄 Identity reset
[16:11:24] 🔄 Identity rotated (every 10 requests)
[16:11:24] [329/459] CMRA
[16:11:25] [330/459] DICI
[16:11:26] [331/459] KDIN
[16:11:26] [332/459] PRFI
[16:11:27] [333/459] SVFC
[16:11:28] [334/459] UCPL
[16:11:29] [335/459] COOC
[16:11:30] [336/459] SCAL
[16:11:31] [337/459] SVFF
[16:11:32] [338/459] VCMG
[16:11:32] 🔄 Identity reset
[16:11:32] 🔄 Identity rotated (every 10 requests)
[16:11:33] [339/459] UUCT
[16:11:34] [340/459] GCSE
[16:11:34] [341/459] SUSC
[16:11:35] [342/459] MISC
[16:11:36] [343/459] RMBL
[16:11:37] [344/459] CMXN
[16:11:38] [345/459] PVBK
[16:11:39] [346/459] HHCG
[16:11:41] [347/459] SCAG
[16:11:42] [348/459] CNPR
[16:11:43] 🔄 Identity reset
[16:11:43] 🔄 Identity rotated (every 10 requests)
[16:11:43] [349/459] CSER
[16:11:44] [350/459] HLWD
[16:11:44] [351/459] BOLY
[16:11:45] [352/459] SSPG
[16:11:46] [353/459] MUPX
[16:11:48] [354/459] HAMR
[16:11:48] [355/459] SDNC
[16:11:49] [356/459] RTEN
[16:11:50] [357/459] SDTD
[16:11:51] [358/459] KAWS
[16:11:51] 🔄 Identity reset
[16:11:51] 🔄 Identity rotated (every 10 requests)
[16:11:52] [359/459] CMZX
[16:11:53] [360/459] DCDD
[16:11:54] [361/459] ALSN
[16:11:55] [362/459] IMXS
[16:11:56] [363/459] PVFF
[16:11:56] [364/459] PVOO
[16:11:57] [365/459] CFBS
[16:11:58] [366/459] PVER
[16:11:59] [367/459] PPNX
[16:12:00] [368/459] CNRM
[16:12:00] 🔄 Identity reset
[16:12:00] 🔄 Identity rotated (every 10 requests)
[16:12:01] [369/459] PVWW
[16:12:02] [370/459] INMB
[16:12:03] [371/459] CPJR
[16:12:04] [372/459] INRZ
[16:12:05] [373/459] PMSR
[16:12:06] [374/459] GPGM
[16:12:07] [375/459] PGWB
[16:12:07] [376/459] PMBR
[16:12:08] [377/459] GPAM
[16:12:09] [378/459] INBC
[16:12:10] 🔄 Identity reset
[16:12:10] 🔄 Identity rotated (every 10 requests)
[16:12:10] [379/459] PZVK
[16:12:11] [380/459] CPEB
[16:12:12] [381/459] FMLB
[16:12:13] [382/459] INBG
[16:12:14] [383/459] GPBR
[16:12:15] [384/459] PAAS
[16:12:16] [385/459] VTBR
[16:12:17] [386/459] GPMY
[16:12:18] [387/459] GYBU
[16:12:18] [388/459] INBJ
[16:12:19] 🔄 Identity reset
[16:12:19] 🔄 Identity rotated (every 10 requests)
[16:12:19] [389/459] LKTH
[16:12:20] [390/459] NSBR
[16:12:21] [391/459] PDRD
[16:12:22] [392/459] VRBL
[16:12:23] [393/459] VTGB
[16:12:24] [394/459] VTSK
[16:12:25] [395/459] BKDV
[16:12:26] [396/459] SVTB
[16:12:27] [397/459] MLDT
[16:12:28] [398/459] NRBL
[16:12:28] 🔄 Identity reset
[16:12:28] 🔄 Identity rotated (every 10 requests)
[16:12:29] [399/459] SLTR
[16:12:30] [400/459] VNKA
[16:12:30] [401/459] TDCA
[16:12:32] [402/459] INBM
[16:12:33] [403/459] SSNR
[16:12:33] [404/459] BHAC
[16:12:34] [405/459] SDSD
[16:12:35] [406/459] SAMP
[16:12:37] [407/459] RATK
[16:12:38] [408/459] KCBI
[16:12:38] 🔄 Identity reset
[16:12:38] 🔄 Identity rotated (every 10 requests)
[16:12:39] [409/459] URBL
[16:12:40] [410/459] MKBG
[16:12:40] [411/459] ASTB
[16:12:41] [412/459] VBWT
[16:12:43] [413/459] GPSM
[16:12:44] [414/459] ROON
[16:12:45] [415/459] CHTH
[16:12:46] [416/459] SSPA
[16:12:46] [417/459] ANBL
[16:12:47] [418/459] VTBE
[16:12:48] 🔄 Identity reset
[16:12:48] 🔄 Identity rotated (every 10 requests)
[16:12:48] [419/459] SVKT
[16:12:49] [420/459] SVYK
[16:12:50] [421/459] PTBK
[16:12:51] [422/459] RKTB
[16:12:52] [423/459] BALT
[16:12:53] [424/459] STSV
[16:12:54] [425/459] VCCB
[16:12:55] [426/459] SLTB
[16:12:56] [427/459] SBCR
[16:12:57] [428/459] VDCS
[16:12:57] 🔄 Identity reset
[16:12:57] 🔄 Identity rotated (every 10 requests)
[16:12:58] [429/459] MDKI
[16:12:59] [430/459] SMRN
[16:12:59] [431/459] PTBC
[16:13:00] [432/459] RADI
[16:13:01] [433/459] ADCR
[16:13:02] [434/459] SDCS
[16:13:03] [435/459] SRPJ
[16:13:04] [436/459] ARTS
[16:13:05] [437/459] SRHK
[16:13:06] [438/459] SPAY
[16:13:06] 🔄 Identity reset
[16:13:06] 🔄 Identity rotated (every 10 requests)
[16:13:06] [439/459] GPTB
[16:13:07] [440/459] SNNN
[16:13:08] [441/459] BALJ
[16:13:09] [442/459] TRIG
[16:13:10] [443/459] GTYT
[16:13:11] [444/459] ATGN
[16:13:12] [445/459] ANTE
[16:13:13] [446/459] BDCG
[16:13:14] [447/459] VECI
[16:13:14] [448/459] SCPR
[16:13:15] 🔄 Identity reset
[16:13:15] 🔄 Identity rotated (every 10 requests)
[16:13:15] [449/459] RTEA
[16:13:16] [450/459] JSAI
[16:13:17] [451/459] VJTP
[16:13:18] [452/459] GNDS
[16:13:19] [453/459] PAXA
[16:13:19] [454/459] CGGM
[16:13:20] [455/459] ACKZ
[16:13:21] [456/459] EMCC
[16:13:22] [457/459] KLSK
[16:13:22] [458/459] AVCK
[16:13:23] 🔄 Identity reset
[16:13:23] 🔄 Identity rotated (every 10 requests)
[16:13:23] [459/459] JTCK
[16:13:24] ✅ DONE | Shows=3419 | Movies=81
[16:27:38] 🚀 BMS DAILY TRACKER STARTED (enhanced anti‑detection)
[16:27:38] [1/459] NECA
[16:27:39] 🧠 New identity created
[16:27:39] [2/459] BJLC
[16:27:40] [3/459] BASU
[16:27:41] [4/459] RUPI
[16:27:42] [5/459] LCBK
[16:27:42] [6/459] PMAC
[16:27:43] [7/459] AMLC
[16:27:44] [8/459] LICL
[16:27:45] [9/459] UDMM
[16:27:47] [10/459] STBZ
[16:27:47] 🔄 Identity reset
[16:27:47] 🔄 Identity rotated (every 10 requests)
[16:27:47] 🔄 Retry 1/5 for STBZ in 2.7s
[16:27:47] 🔄 Identity reset
[16:27:50] 🧠 New identity created
[16:27:50] 🔄 Retry 2/5 for STBZ in 4.6s
[16:27:50] 🔄 Identity reset
[16:27:55] 🧠 New identity created
[16:27:55] [11/459] UUBT
[16:27:56] [12/459] SJKC
[16:27:57] [13/459] TUAL
[16:27:58] [14/459] MRSE
[16:27:59] [15/459] RMRK
[16:27:59] [16/459] TTKP
[16:28:00] [17/459] KTKO
[16:28:01] [18/459] SDBK
[16:28:02] 🔄 Identity reset
[16:28:02] 🔄 Identity rotated (every 10 requests)
[16:28:02] [19/459] MCPR
[16:28:03] [20/459] CHTI
[16:28:04] [21/459] GCCP
[16:28:05] [22/459] SRMY
[16:28:06] [23/459] NYST
[16:28:06] [24/459] NYAG
[16:28:07] [25/459] SBMT
[16:28:08] [26/459] INGA
[16:28:09] [27/459] WSIC
[16:28:09] [28/459] SCSS
[16:28:10] 🔄 Identity reset
[16:28:10] 🔄 Identity rotated (every 10 requests)
[16:28:11] [29/459] COPG
[16:28:12] [30/459] RCGR
[16:28:13] [31/459] TCZA
[16:28:14] [32/459] CNLP
[16:28:14] [33/459] CLKN
[16:28:15] [34/459] LHDF
[16:28:16] [35/459] ELKC
[16:28:16] [36/459] VCEM
[16:28:17] [37/459] SSZA
[16:28:18] [38/459] KRMT
[16:28:19] 🔄 Identity reset
[16:28:19] 🔄 Identity rotated (every 10 requests)
[16:28:19] [39/459] LCMV
[16:28:20] [40/459] AYCZ
[16:28:20] [41/459] CUMS
[16:28:22] [42/459] BOCK
[16:28:23] [43/459] PNMR
[16:28:24] [44/459] PJCP
[16:28:25] [45/459] JDDD
[16:28:26] [46/459] STMS
[16:28:27] [47/459] FLMB
[16:28:27] [48/459] PKCM
[16:28:28] 🔄 Identity reset
[16:28:28] 🔄 Identity rotated (every 10 requests)
[16:28:28] 🔄 Retry 1/5 for PKCM in 2.7s
[16:28:28] 🔄 Identity reset
[16:28:31] 🧠 New identity created
[16:28:31] [49/459] SPPR
[16:28:32] [50/459] EYLH
[16:28:34] [51/459] RJCC
[16:28:35] [52/459] MMPS
[16:28:36] [53/459] SHMX
[16:28:37] [54/459] CCNL
[16:28:38] [55/459] RCNV
[16:28:39] [56/459] MAAG
[16:28:40] [57/459] LXCM
[16:28:40] 🔄 Identity reset
[16:28:40] 🔄 Identity rotated (every 10 requests)
[16:28:41] [58/459] RCNI
[16:28:42] [59/459] SNNI
[16:28:43] [60/459] LALC
[16:28:44] [61/459] SOCN
[16:28:46] [62/459] JHTP
[16:28:47] [63/459] PITP
[16:28:48] [64/459] CCKW
[16:28:49] [65/459] MCMC
[16:28:49] [66/459] DEES
[16:28:50] [67/459] SABT
[16:28:51] 🔄 Identity reset
[16:28:51] 🔄 Identity rotated (every 10 requests)
[16:28:51] [68/459] VSPP
[16:28:52] [69/459] ABCT
[16:28:53] [70/459] JVTB
[16:28:54] [71/459] VCBD
[16:28:55] [72/459] RMGG
[16:28:55] [73/459] RNMH
[16:28:56] [74/459] SPGL
[16:28:57] [75/459] JTTR
[16:28:59] [76/459] SICS
[16:29:00] [77/459] SRMI
[16:29:00] 🔄 Identity reset
[16:29:00] 🔄 Identity rotated (every 10 requests)
[16:29:01] [78/459] SSIJ
[16:29:02] [79/459] KFMT
[16:29:03] [80/459] VBIT
[16:29:04] [81/459] JKCT
[16:29:05] [82/459] GCGP
[16:29:05] [83/459] GDCS
[16:29:06] [84/459] TRBA
[16:29:07] [85/459] QUST
[16:29:08] [86/459] VSHM
[16:29:09] [87/459] SDCP
[16:29:09] 🔄 Identity reset
[16:29:09] 🔄 Identity rotated (every 10 requests)
[16:29:10] [88/459] SNVS
[16:29:10] [89/459] NYTO
[16:29:11] [90/459] URWC
[16:29:12] [91/459] GTWH
[16:29:13] [92/459] PFCM
[16:29:13] [93/459] KRTA
[16:29:14] [94/459] AXMC
[16:29:15] [95/459] EVMC
[16:29:16] [96/459] HGSM
[16:29:17] [97/459] ACVM
[16:29:17] 🔄 Identity reset
[16:29:17] 🔄 Identity rotated (every 10 requests)
[16:29:18] [98/459] PSKL
[16:29:19] [99/459] RDMP
[16:29:20] [100/459] RHGH
[16:29:20] [101/459] OMCM
[16:29:21] [102/459] DCCP
[16:29:22] [103/459] MCPB
[16:29:22] [104/459] ALCI
[16:29:23] [105/459] BLMX
[16:29:24] [106/459] BTMV
[16:29:25] [107/459] FVPN
[16:29:26] 🔄 Identity reset
[16:29:26] 🔄 Identity rotated (every 10 requests)
[16:29:26] [108/459] CMAR
[16:29:27] [109/459] CEIM
[16:29:28] [110/459] CMVA
[16:29:28] [111/459] CPIV
[16:29:29] [112/459] CNPE
[16:29:30] [113/459] COLV
[16:29:31] [114/459] DNNV
[16:29:32] [115/459] HCAD
[16:29:32] [116/459] TAKA
[16:29:33] [117/459] INVD
[16:29:34] 🔄 Identity reset
[16:29:34] 🔄 Identity rotated (every 10 requests)
[16:29:34] 🔄 Retry 1/5 for INVD in 2.8s
[16:29:34] 🔄 Identity reset
[16:29:36] 🧠 New identity created
[16:29:36] [118/459] IRMM
[16:29:37] [119/459] INSE
[16:29:38] [120/459] MRSW
[16:29:39] [121/459] MCVD
[16:29:40] [122/459] MCSO
[16:29:41] [123/459] PEVM
[16:29:42] [124/459] PVNL
[16:29:43] [125/459] PTCV
[16:29:44] [126/459] PRTC
[16:29:44] 🔄 Identity reset
[16:29:44] 🔄 Identity rotated (every 10 requests)
[16:29:44] 🔄 Retry 1/5 for PRTC in 2.3s
[16:29:44] 🔄 Identity reset
[16:29:47] 🧠 New identity created
[16:29:47] 🔄 Retry 2/5 for PRTC in 4.7s
[16:29:47] 🔄 Identity reset
[16:29:52] 🧠 New identity created
[16:29:52] [127/459] RCVA
[16:29:53] [128/459] MTBN
[16:29:54] [129/459] LUCP
[16:29:55] [130/459] FMPT
[16:29:56] [131/459] JLSL
[16:29:57] [132/459] SBHA
[16:29:58] [133/459] SHRC
[16:29:59] [134/459] AVPS
[16:30:00] 🔄 Identity reset
[16:30:00] 🔄 Identity rotated (every 10 requests)
[16:30:00] [135/459] STPM
[16:30:01] [136/459] ATRD
[16:30:03] [137/459] VTED
[16:30:04] [138/459] ACAI
[16:30:05] [139/459] SMAE
[16:30:06] [140/459] VMAT
[16:30:07] [141/459] LKCT
[16:30:07] [142/459] JTVK
[16:30:08] [143/459] PRTY
[16:30:09] [144/459] GETT
[16:30:09] 🔄 Identity reset
[16:30:10] 🔄 Identity rotated (every 10 requests)
[16:30:11] [145/459] ESAP
[16:30:12] [146/459] NCPM
[16:30:12] [147/459] PCPA
[16:30:13] [148/459] MMOM
[16:30:14] [149/459] PHUP
[16:30:15] [150/459] CCPI
[16:30:16] [151/459] CNTD
[16:30:16] [152/459] NLJR
[16:30:17] [153/459] SRNG
[16:30:18] [154/459] MHAL
[16:30:18] 🔄 Identity reset
[16:30:18] 🔄 Identity rotated (every 10 requests)
[16:30:18] [155/459] PNSM
[16:30:19] [156/459] DRMY
[16:30:20] [157/459] CCMU
[16:30:21] [158/459] SCMY
[16:30:22] [159/459] PVSY
[16:30:23] [160/459] SDLM
[16:30:24] [161/459] ICCM
[16:30:24] [162/459] PYSU
[16:30:25] [163/459] GATM
[16:30:26] [164/459] WOTM
[16:30:27] 🔄 Identity reset
[16:30:27] 🔄 Identity rotated (every 10 requests)
[16:30:27] 🔄 Retry 1/5 for WOTM in 2.9s
[16:30:27] 🔄 Identity reset
[16:30:30] 🧠 New identity created
[16:30:30] [165/459] RKTS
[16:30:31] [166/459] PMTY
[16:30:32] [167/459] LYMS
[16:30:33] [168/459] TGCA
[16:30:34] [169/459] DSTA
[16:30:35] [170/459] CNGE
[16:30:35] [171/459] VSTG
[16:30:36] [172/459] GTCK
[16:30:37] [173/459] TGNT
[16:30:38] 🔄 Identity reset
[16:30:38] 🔄 Identity rotated (every 10 requests)
[16:30:39] [174/459] ASLC
[16:30:40] [175/459] SSST
[16:30:41] [176/459] KBTT
[16:30:42] [177/459] HKCP
[16:30:43] [178/459] SWLC
[16:30:44] [179/459] RTND
[16:30:45] [180/459] PKKT
[16:30:46] [181/459] HSTK
[16:30:46] [182/459] SPTT
[16:30:47] [183/459] IMPM
[16:30:48] 🔄 Identity reset
[16:30:48] 🔄 Identity rotated (every 10 requests)
[16:30:48] [184/459] SCMV
[16:30:49] [185/459] SPCT
[16:30:50] [186/459] JBCA
[16:30:51] [187/459] ATTR
[16:30:52] [188/459] SPMT
[16:30:52] [189/459] LCTM
[16:30:53] [190/459] SCVL
[16:30:54] [191/459] SCVT
[16:30:55] [192/459] KRIC
[16:30:55] [193/459] CTMG
[16:30:56] 🔄 Identity reset
[16:30:56] 🔄 Identity rotated (every 10 requests)
[16:30:56] [194/459] ACNC
[16:30:57] [195/459] DMCK
[16:30:58] [196/459] KMTV
[16:31:00] [197/459] PFCJ
[16:31:00] [198/459] VNMD
[16:31:01] [199/459] VPCZ
[16:31:02] [200/459] SRYR
[16:31:03] [201/459] SYTR
[16:31:04] [202/459] GATR
[16:31:05] [203/459] URTR
[16:31:06] 🔄 Identity reset
[16:31:06] 🔄 Identity rotated (every 10 requests)
[16:31:07] [204/459] MKSM
[16:31:08] [205/459] VSMH
[16:31:09] [206/459] SKRJ
[16:31:10] [207/459] SSJR
[16:31:10] [208/459] SVSM
[16:31:11] [209/459] RUCM
[16:31:13] [210/459] PRKN
[16:31:14] [211/459] RROH
[16:31:15] [212/459] SCTN
[16:31:16] [213/459] RTDM
[16:31:16] 🔄 Identity reset
[16:31:16] 🔄 Identity rotated (every 10 requests)
[16:31:16] [214/459] ASRM
[16:31:18] [215/459] SKMD
[16:31:19] [216/459] SUTD
[16:31:20] [217/459] SADM
[16:31:20] [218/459] WCNR
[16:31:21] [219/459] CNED
[16:31:22] [220/459] MPDB
[16:31:24] [221/459] KTBH
[16:31:25] [222/459] IDRM
[16:31:26] [223/459] PJJT
[16:31:26] 🔄 Identity reset
[16:31:26] 🔄 Identity rotated (every 10 requests)
[16:31:26] [224/459] PFCV
[16:31:27] [225/459] AACT
[16:31:29] [226/459] AAAD
[16:31:30] [227/459] ANES
[16:31:31] [228/459] MNCA
[16:31:32] [229/459] RMGU
[16:31:32] [230/459] DLCN
[16:31:33] [231/459] LJWT
[16:31:34] [232/459] MCBG
[16:31:35] [233/459] MYBG
[16:31:36] 🔄 Identity reset
[16:31:36] 🔄 Identity rotated (every 10 requests)
[16:31:36] 🔄 Retry 1/5 for MYBG in 2.4s
[16:31:36] 🔄 Identity reset
[16:31:38] 🧠 New identity created
[16:31:39] [234/459] GCCA
[16:31:39] [235/459] GCGA
[16:31:40] [236/459] ECGN
[16:31:41] [237/459] PRAB
[16:31:42] [238/459] PNMP
[16:31:43] [239/459] GCPT
[16:31:44] [240/459] ROYN
[16:31:44] [241/459] VATM
[16:31:45] [242/459] KSNT
[16:31:46] 🔄 Identity reset
[16:31:46] 🔄 Identity rotated (every 10 requests)
[16:31:46] [243/459] ACTC
[16:31:47] [244/459] PLTD
[16:31:49] [245/459] SKMK
[16:31:50] [246/459] CMTT
[16:31:50] [247/459] SMXP
[16:31:51] [248/459] SCMX
[16:31:52] [249/459] ACXN
[16:31:53] [250/459] ASWT
[16:31:54] [251/459] VVVL
[16:31:55] [252/459] NAGO
[16:31:55] 🔄 Identity reset
[16:31:55] 🔄 Identity rotated (every 10 requests)
[16:31:55] [253/459] SNCN
[16:31:56] [254/459] MCKP
[16:31:57] [255/459] SAMO
[16:31:59] [256/459] JBTV
[16:31:59] [257/459] DCVV
[16:32:00] [258/459] KMSV
[16:32:01] [259/459] KDCN
[16:32:02] [260/459] CNCP
[16:32:04] [261/459] HAMC
[16:32:05] [262/459] CCVZ
[16:32:05] 🔄 Identity reset
[16:32:05] 🔄 Identity rotated (every 10 requests)
[16:32:06] [263/459] NCCK
[16:32:07] [264/459] MCHR
[16:32:08] [265/459] SCHT
[16:32:08] [266/459] ESSH
[16:32:09] [267/459] CUJC
[16:32:10] [268/459] PECP
[16:32:11] [269/459] PMMI
[16:32:12] [270/459] PCCH
[16:32:13] [271/459] PRPM
[16:32:14] [272/459] PVKL
[16:32:14] 🔄 Identity reset
[16:32:14] 🔄 Identity rotated (every 10 requests)
[16:32:15] [273/459] CBSM
[16:32:16] [274/459] PVCZ
[16:32:17] [275/459] PCVV
[16:32:18] [276/459] CTMJ
[16:32:20] [277/459] RCPS
[16:32:21] [278/459] PCIT
[16:32:21] [279/459] FNCH
[16:32:22] [280/459] INZD
[16:32:23] [281/459] INPC
[16:32:24] [282/459] LCZP
[16:32:25] 🔄 Identity reset
[16:32:25] 🔄 Identity rotated (every 10 requests)
[16:32:25] [283/459] SMCB
[16:32:26] [284/459] PTSB
[16:32:27] [285/459] TPSI
[16:32:28] [286/459] KHMJ
[16:32:28] [287/459] RCCJ
[16:32:29] [288/459] NCJA
[16:32:30] [289/459] NCJN
[16:32:31] [290/459] BTDP
[16:32:32] [291/459] PADY
[16:32:33] [292/459] NYBH
[16:32:33] 🔄 Identity reset
[16:32:33] 🔄 Identity rotated (every 10 requests)
[16:32:33] [293/459] MTBR
[16:32:34] [294/459] KRBC
[16:32:35] [295/459] DKTI
[16:32:35] [296/459] ANAN
[16:32:36] [297/459] INBP
[16:32:37] [298/459] PATB
[16:32:38] [299/459] RGNT
[16:32:39] [300/459] CGPM
[16:32:39] [301/459] INTN
[16:32:40] [302/459] MCMP
[16:32:41] 🔄 Identity reset
[16:32:41] 🔄 Identity rotated (every 10 requests)
[16:32:41] [303/459] ASRG
[16:32:42] [304/459] CXJD
[16:32:43] [305/459] SPCP
[16:32:44] [306/459] CSTP
[16:32:45] [307/459] PKVC
[16:32:45] [308/459] ESCP
[16:32:47] [309/459] CAEP
[16:32:48] [310/459] CCSP
[16:32:49] [311/459] KTPC
[16:32:50] [312/459] DACA
[16:32:50] 🔄 Identity reset
[16:32:50] 🔄 Identity rotated (every 10 requests)
[16:32:50] [313/459] NVKY
[16:32:51] [314/459] PTIN
[16:32:52] [315/459] SCIN
[16:32:53] [316/459] MCTY
[16:32:54] [317/459] PCMX
[16:32:55] [318/459] INIC
[16:32:56] [319/459] MMZM
[16:32:57] [320/459] SSLP
[16:32:58] [321/459] DTDT
[16:32:59] [322/459] FFCX
[16:32:59] 🔄 Identity reset
[16:32:59] 🔄 Identity rotated (every 10 requests)
[16:33:00] [323/459] RCMM
[16:33:01] [324/459] KYID
[16:33:01] [325/459] CSCI
[16:33:02] [326/459] FCMC
[16:33:03] [327/459] MMXI
[16:33:04] [328/459] ASTC
[16:33:05] [329/459] CMRA
[16:33:06] [330/459] DICI
[16:33:07] [331/459] KDIN
[16:33:08] [332/459] PRFI
[16:33:09] 🔄 Identity reset
[16:33:09] 🔄 Identity rotated (every 10 requests)
[16:33:09] [333/459] SVFC
[16:33:11] [334/459] UCPL
[16:33:12] [335/459] COOC
[16:33:13] [336/459] SCAL
[16:33:14] [337/459] SVFF
[16:33:15] [338/459] VCMG
[16:33:16] [339/459] UUCT
[16:33:17] [340/459] GCSE
[16:33:18] [341/459] SUSC
[16:33:18] [342/459] MISC
[16:33:19] 🔄 Identity reset
[16:33:19] 🔄 Identity rotated (every 10 requests)
[16:33:19] [343/459] RMBL
[16:33:20] [344/459] CMXN
[16:33:21] [345/459] PVBK
[16:33:22] [346/459] HHCG
[16:33:23] [347/459] SCAG
[16:33:23] [348/459] CNPR
[16:33:24] [349/459] CSER
[16:33:26] [350/459] HLWD
[16:33:26] [351/459] BOLY
[16:33:27] [352/459] SSPG
[16:33:28] 🔄 Identity reset
[16:33:28] 🔄 Identity rotated (every 10 requests)
[16:33:28] [353/459] MUPX
[16:33:29] [354/459] HAMR
[16:33:30] [355/459] SDNC
[16:33:30] [356/459] RTEN
[16:33:31] [357/459] SDTD
[16:33:32] [358/459] KAWS
[16:33:33] [359/459] CMZX
[16:33:34] [360/459] DCDD
[16:33:35] [361/459] ALSN
[16:33:35] [362/459] IMXS
[16:33:36] 🔄 Identity reset
[16:33:36] 🔄 Identity rotated (every 10 requests)
[16:33:36] [363/459] PVFF
[16:33:37] [364/459] PVOO
[16:33:38] [365/459] CFBS
[16:33:40] [366/459] PVER
[16:33:40] [367/459] PPNX
[16:33:41] [368/459] CNRM
[16:33:42] [369/459] PVWW
[16:33:43] [370/459] INMB
[16:33:44] [371/459] CPJR
[16:33:45] [372/459] INRZ
[16:33:45] 🔄 Identity reset
[16:33:45] 🔄 Identity rotated (every 10 requests)
[16:33:46] [373/459] PMSR
[16:33:46] [374/459] GPGM
[16:33:47] [375/459] PGWB
[16:33:49] [376/459] PMBR
[16:33:49] [377/459] GPAM
[16:33:50] [378/459] INBC
[16:33:51] [379/459] PZVK
[16:33:52] [380/459] CPEB
[16:33:53] [381/459] FMLB
[16:33:54] [382/459] INBG
[16:33:54] 🔄 Identity reset
[16:33:55] 🔄 Identity rotated (every 10 requests)
[16:33:55] [383/459] GPBR
[16:33:56] [384/459] PAAS
[16:33:56] [385/459] VTBR
[16:33:57] [386/459] GPMY
[16:33:58] [387/459] GYBU
[16:33:59] [388/459] INBJ
[16:34:01] [389/459] LKTH
[16:34:02] [390/459] NSBR
[16:34:02] [391/459] PDRD
[16:34:03] [392/459] VRBL
[16:34:04] 🔄 Identity reset
[16:34:04] 🔄 Identity rotated (every 10 requests)
[16:34:04] [393/459] VTGB
[16:34:05] [394/459] VTSK
[16:34:06] [395/459] BKDV
[16:34:06] [396/459] SVTB
[16:34:07] [397/459] MLDT
[16:34:08] [398/459] NRBL
[16:34:09] [399/459] SLTR
[16:34:10] [400/459] VNKA
[16:34:11] [401/459] TDCA
[16:34:12] [402/459] INBM
[16:34:12] 🔄 Identity reset
[16:34:12] 🔄 Identity rotated (every 10 requests)
[16:34:12] [403/459] SSNR
[16:34:13] [404/459] BHAC
[16:34:14] [405/459] SDSD
[16:34:15] [406/459] SAMP
[16:34:15] [407/459] RATK
[16:34:16] [408/459] KCBI
[16:34:17] [409/459] URBL
[16:34:18] [410/459] MKBG
[16:34:19] [411/459] ASTB
[16:34:19] [412/459] VBWT
[16:34:20] 🔄 Identity reset
[16:34:20] 🔄 Identity rotated (every 10 requests)
[16:34:20] [413/459] GPSM
[16:34:21] [414/459] ROON
[16:34:22] [415/459] CHTH
[16:34:23] [416/459] SSPA
[16:34:24] [417/459] ANBL
[16:34:24] [418/459] VTBE
[16:34:25] [419/459] SVKT
[16:34:26] [420/459] SVYK
[16:34:27] [421/459] PTBK
[16:34:28] [422/459] RKTB
[16:34:28] 🔄 Identity reset
[16:34:28] 🔄 Identity rotated (every 10 requests)
[16:34:28] [423/459] BALT
[16:34:29] [424/459] STSV
[16:34:30] [425/459] VCCB
[16:34:31] [426/459] SLTB
[16:34:32] [427/459] SBCR
[16:34:33] [428/459] VDCS
[16:34:34] [429/459] MDKI
[16:34:34] [430/459] SMRN
[16:34:35] [431/459] PTBC
[16:34:36] [432/459] RADI
[16:34:36] 🔄 Identity reset
[16:34:36] 🔄 Identity rotated (every 10 requests)
[16:34:37] [433/459] ADCR
[16:34:37] [434/459] SDCS
[16:34:38] [435/459] SRPJ
[16:34:39] [436/459] ARTS
[16:34:40] [437/459] SRHK
[16:34:40] [438/459] SPAY
[16:34:41] [439/459] GPTB
[16:34:42] [440/459] SNNN
[16:34:43] [441/459] BALJ
[16:34:44] [442/459] TRIG
[16:34:44] 🔄 Identity reset
[16:34:44] 🔄 Identity rotated (every 10 requests)
[16:34:45] [443/459] GTYT
[16:34:45] [444/459] ATGN
[16:34:46] [445/459] ANTE
[16:34:47] [446/459] BDCG
[16:34:48] [447/459] VECI
[16:34:49] [448/459] SCPR
[16:34:50] [449/459] RTEA
[16:34:51] [450/459] JSAI
[16:34:52] [451/459] VJTP
[16:34:52] [452/459] GNDS
[16:34:53] 🔄 Identity reset
[16:34:53] 🔄 Identity rotated (every 10 requests)
[16:34:53] [453/459] PAXA
[16:34:53] [454/459] CGGM
[16:34:54] [455/459] ACKZ
[16:34:55] [456/459] EMCC
[16:34:56] [457/459] KLSK
[16:34:56] [458/459] AVCK
[16:34:57] [459/459] JTCK
[16:34:58] ✅ DONE | Shows=3515 | Movies=81
[17:06:13] 🚀 BMS DAILY TRACKER STARTED (enhanced anti‑detection)
[17:06:13] [1/459] NECA
[17:06:14] 🧠 New identity created
[17:06:14] [2/459] BJLC
[17:06:15] [3/459] BASU
[17:06:16] [4/459] RUPI
[17:06:17] [5/459] LCBK
[17:06:17] [6/459] PMAC
[17:06:19] [7/459] AMLC
[17:06:20] [8/459] LICL
[17:06:21] [9/459] UDMM
[17:06:21] [10/459] STBZ
[17:06:22] 🔄 Identity reset
[17:06:22] 🔄 Identity rotated (every 10 requests)
[17:06:22] [11/459] UUBT
[17:06:23] [12/459] SJKC
[17:06:24] [13/459] TUAL
[17:06:25] [14/459] MRSE
[17:06:25] [15/459] RMRK
[17:06:27] [16/459] TTKP
[17:06:28] [17/459] KTKO
[17:06:28] [18/459] SDBK
[17:06:29] [19/459] MCPR
[17:06:30] [20/459] CHTI
[17:06:30] 🔄 Identity reset
[17:06:30] 🔄 Identity rotated (every 10 requests)
[17:06:31] [21/459] GCCP
[17:06:31] [22/459] SRMY
[17:06:33] [23/459] NYST
[17:06:34] [24/459] NYAG
[17:06:35] [25/459] SBMT
[17:06:35] [26/459] INGA
[17:06:36] [27/459] WSIC
[17:06:37] [28/459] SCSS
[17:06:38] [29/459] COPG
[17:06:39] [30/459] RCGR
[17:06:39] 🔄 Identity reset
[17:06:39] 🔄 Identity rotated (every 10 requests)
[17:06:39] [31/459] TCZA
[17:06:40] [32/459] CNLP
[17:06:41] [33/459] CLKN
[17:06:42] [34/459] LHDF
[17:06:43] [35/459] ELKC
[17:06:44] [36/459] VCEM
[17:06:45] [37/459] SSZA
[17:06:45] [38/459] KRMT
[17:06:46] [39/459] LCMV
[17:06:47] [40/459] AYCZ
[17:06:48] 🔄 Identity reset
[17:06:48] 🔄 Identity rotated (every 10 requests)
[17:06:49] [41/459] CUMS
[17:06:50] [42/459] BOCK
[17:06:51] [43/459] PNMR
[17:06:52] [44/459] PJCP
[17:06:53] [45/459] JDDD
[17:06:53] [46/459] STMS
[17:06:54] [47/459] FLMB
[17:06:55] [48/459] PKCM
[17:06:56] [49/459] SPPR
[17:06:58] [50/459] EYLH
[17:06:58] 🔄 Identity reset
[17:06:58] 🔄 Identity rotated (every 10 requests)
[17:06:59] [51/459] RJCC
[17:07:00] [52/459] MMPS
[17:07:01] [53/459] SHMX
[17:07:02] [54/459] CCNL
[17:07:03] [55/459] RCNV
[17:07:03] [56/459] MAAG
[17:07:04] [57/459] LXCM
[17:07:05] [58/459] RCNI
[17:07:06] [59/459] SNNI
[17:07:07] [60/459] LALC
[17:07:07] 🔄 Identity reset
[17:07:07] 🔄 Identity rotated (every 10 requests)
[17:07:08] [61/459] SOCN
[17:07:09] [62/459] JHTP
[17:07:09] [63/459] PITP
[17:07:10] [64/459] CCKW
[17:07:11] [65/459] MCMC
[17:07:12] [66/459] DEES
[17:07:13] [67/459] SABT
[17:07:13] [68/459] VSPP
[17:07:14] [69/459] ABCT
[17:07:15] [70/459] JVTB
[17:07:16] 🔄 Identity reset
[17:07:16] 🔄 Identity rotated (every 10 requests)
[17:07:16] [71/459] VCBD
[17:07:17] [72/459] RMGG
[17:07:18] [73/459] RNMH
[17:07:19] [74/459] SPGL
[17:07:19] [75/459] JTTR
[17:07:20] [76/459] SICS
[17:07:22] [77/459] SRMI
[17:07:23] [78/459] SSIJ
[17:07:24] [79/459] KFMT
[17:07:24] [80/459] VBIT
[17:07:25] 🔄 Identity reset
[17:07:25] 🔄 Identity rotated (every 10 requests)
[17:07:25] [81/459] JKCT
[17:07:26] [82/459] GCGP
[17:07:27] [83/459] GDCS
[17:07:28] [84/459] TRBA
[17:07:29] [85/459] QUST
[17:07:31] [86/459] VSHM
[17:07:31] [87/459] SDCP
[17:07:32] [88/459] SNVS
[17:07:33] [89/459] NYTO
[17:07:34] [90/459] URWC
[17:07:34] 🔄 Identity reset
[17:07:34] 🔄 Identity rotated (every 10 requests)
[17:07:35] [91/459] GTWH
[17:07:36] [92/459] PFCM
[17:07:36] [93/459] KRTA
[17:07:38] [94/459] AXMC
[17:07:39] [95/459] EVMC
[17:07:40] [96/459] HGSM
[17:07:40] [97/459] ACVM
[17:07:41] [98/459] PSKL
[17:07:42] [99/459] RDMP
[17:07:43] [100/459] RHGH
[17:07:43] 🔄 Identity reset
[17:07:43] 🔄 Identity rotated (every 10 requests)
[17:07:44] [101/459] OMCM
[17:07:45] [102/459] DCCP
[17:07:46] [103/459] MCPB
[17:07:46] [104/459] ALCI
[17:07:47] [105/459] BLMX
[17:07:48] [106/459] BTMV
[17:07:49] [107/459] FVPN
[17:07:50] [108/459] CMAR
[17:07:51] [109/459] CEIM
[17:07:52] [110/459] CMVA
[17:07:52] 🔄 Identity reset
[17:07:52] 🔄 Identity rotated (every 10 requests)
[17:07:52] 🔄 Retry 1/5 for CMVA in 3.0s
[17:07:52] 🔄 Identity reset
[17:07:55] 🧠 New identity created
[17:07:56] [111/459] CPIV
[17:07:56] [112/459] CNPE
[17:07:57] [113/459] COLV
[17:07:58] [114/459] DNNV
[17:07:59] [115/459] HCAD
[17:08:00] [116/459] TAKA
[17:08:01] [117/459] INVD
[17:08:01] [118/459] IRMM
[17:08:02] [119/459] INSE
[17:08:03] 🔄 Identity reset
[17:08:03] 🔄 Identity rotated (every 10 requests)
[17:08:03] [120/459] MRSW
[17:08:04] [121/459] MCVD
[17:08:05] [122/459] MCSO
[17:08:06] [123/459] PEVM
[17:08:07] [124/459] PVNL
[17:08:08] [125/459] PTCV
[17:08:09] [126/459] PRTC
[17:08:10] [127/459] RCVA
[17:08:11] [128/459] MTBN
[17:08:11] [129/459] LUCP
[17:08:12] 🔄 Identity reset
[17:08:12] 🔄 Identity rotated (every 10 requests)
[17:08:12] [130/459] FMPT
[17:08:14] [131/459] JLSL
[17:08:15] [132/459] SBHA
[17:08:16] [133/459] SHRC
[17:08:17] [134/459] AVPS
[17:08:19] [135/459] STPM
[17:08:20] [136/459] ATRD
[17:08:21] [137/459] VTED
[17:08:21] [138/459] ACAI
[17:08:22] [139/459] SMAE
[17:08:23] 🔄 Identity reset
[17:08:23] 🔄 Identity rotated (every 10 requests)
[17:08:23] 🔄 Retry 1/5 for SMAE in 2.1s
[17:08:23] 🔄 Identity reset
[17:08:25] 🧠 New identity created
[17:08:25] [140/459] VMAT
[17:08:26] [141/459] LKCT
[17:08:28] [142/459] JTVK
[17:08:28] [143/459] PRTY
[17:08:29] [144/459] GETT
[17:08:31] [145/459] ESAP
[17:08:32] [146/459] NCPM
[17:08:33] [147/459] PCPA
[17:08:33] [148/459] MMOM
[17:08:34] 🔄 Identity reset
[17:08:34] 🔄 Identity rotated (every 10 requests)
[17:08:34] [149/459] PHUP
[17:08:35] [150/459] CCPI
[17:08:36] [151/459] CNTD
[17:08:37] [152/459] NLJR
[17:08:38] [153/459] SRNG
[17:08:39] [154/459] MHAL
[17:08:40] [155/459] PNSM
[17:08:40] [156/459] DRMY
[17:08:41] [157/459] CCMU
[17:08:42] [158/459] SCMY
[17:08:43] 🔄 Identity reset
[17:08:43] 🔄 Identity rotated (every 10 requests)
[17:08:43] [159/459] PVSY
[17:08:44] [160/459] SDLM
[17:08:45] [161/459] ICCM
[17:08:46] [162/459] PYSU
[17:08:46] [163/459] GATM
[17:08:48] [164/459] WOTM
[17:08:49] [165/459] RKTS
[17:08:50] [166/459] PMTY
[17:08:52] [167/459] LYMS
[17:08:52] [168/459] TGCA
[17:08:53] 🔄 Identity reset
[17:08:53] 🔄 Identity rotated (every 10 requests)
[17:08:53] [169/459] DSTA
[17:08:54] [170/459] CNGE
[17:08:55] [171/459] VSTG
[17:08:56] [172/459] GTCK
[17:08:57] [173/459] TGNT
[17:08:58] [174/459] ASLC
[17:08:59] [175/459] SSST
[17:09:00] [176/459] KBTT
[17:09:01] [177/459] HKCP
[17:09:02] [178/459] SWLC
[17:09:03] 🔄 Identity reset
[17:09:03] 🔄 Identity rotated (every 10 requests)
[17:09:03] 🔄 Retry 1/5 for SWLC in 2.8s
[17:09:03] 🔄 Identity reset
[17:09:06] 🧠 New identity created
[17:09:06] [179/459] RTND
[17:09:07] [180/459] PKKT
[17:09:08] [181/459] HSTK
[17:09:09] [182/459] SPTT
[17:09:10] [183/459] IMPM
[17:09:11] [184/459] SCMV
[17:09:12] [185/459] SPCT
[17:09:13] [186/459] JBCA
[17:09:14] [187/459] ATTR
[17:09:15] 🔄 Identity reset
[17:09:15] 🔄 Identity rotated (every 10 requests)
[17:09:15] [188/459] SPMT
[17:09:16] [189/459] LCTM
[17:09:17] [190/459] SCVL
[17:09:18] [191/459] SCVT
[17:09:19] [192/459] KRIC
[17:09:20] [193/459] CTMG
[17:09:21] [194/459] ACNC
[17:09:22] [195/459] DMCK
[17:09:22] [196/459] KMTV
[17:09:23] [197/459] PFCJ
[17:09:24] 🔄 Identity reset
[17:09:24] 🔄 Identity rotated (every 10 requests)
[17:09:24] [198/459] VNMD
[17:09:25] [199/459] VPCZ
[17:09:26] [200/459] SRYR
[17:09:27] [201/459] SYTR
[17:09:28] [202/459] GATR
[17:09:29] [203/459] URTR
[17:09:30] [204/459] MKSM
[17:09:31] [205/459] VSMH
[17:09:32] [206/459] SKRJ
[17:09:32] [207/459] SSJR
[17:09:33] 🔄 Identity reset
[17:09:33] 🔄 Identity rotated (every 10 requests)
[17:09:33] [208/459] SVSM
[17:09:34] [209/459] RUCM
[17:09:35] [210/459] PRKN
[17:09:36] [211/459] RROH
[17:09:37] [212/459] SCTN
[17:09:38] [213/459] RTDM
[17:09:38] [214/459] ASRM
[17:09:39] [215/459] SKMD
[17:09:41] [216/459] SUTD
[17:09:42] [217/459] SADM
[17:09:42] 🔄 Identity reset
[17:09:42] 🔄 Identity rotated (every 10 requests)
[17:09:42] [218/459] WCNR
[17:09:44] [219/459] CNED
[17:09:45] [220/459] MPDB
[17:09:46] [221/459] KTBH
[17:09:47] [222/459] IDRM
[17:09:48] [223/459] PJJT
[17:09:49] [224/459] PFCV
[17:09:50] [225/459] AACT
[17:09:51] [226/459] AAAD
[17:09:52] [227/459] ANES
[17:09:53] 🔄 Identity reset
[17:09:53] 🔄 Identity rotated (every 10 requests)
[17:09:53] [228/459] MNCA
[17:09:54] [229/459] RMGU
[17:09:55] [230/459] DLCN
[17:09:56] [231/459] LJWT
[17:09:57] [232/459] MCBG
[17:09:58] [233/459] MYBG
[17:09:59] [234/459] GCCA
[17:10:01] [235/459] GCGA
[17:10:02] [236/459] ECGN
[17:10:02] [237/459] PRAB
[17:10:03] 🔄 Identity reset
[17:10:03] 🔄 Identity rotated (every 10 requests)
[17:10:03] [238/459] PNMP
[17:10:04] [239/459] GCPT
[17:10:05] [240/459] ROYN
[17:10:06] [241/459] VATM
[17:10:07] [242/459] KSNT
[17:10:07] [243/459] ACTC
[17:10:08] [244/459] PLTD
[17:10:09] [245/459] SKMK
[17:10:10] [246/459] CMTT
[17:10:11] [247/459] SMXP
[17:10:11] 🔄 Identity reset
[17:10:11] 🔄 Identity rotated (every 10 requests)
[17:10:11] [248/459] SCMX
[17:10:12] [249/459] ACXN
[17:10:13] [250/459] ASWT
[17:10:14] [251/459] VVVL
[17:10:15] [252/459] NAGO
[17:10:16] [253/459] SNCN
[17:10:16] [254/459] MCKP
[17:10:17] [255/459] SAMO
[17:10:18] [256/459] JBTV
[17:10:19] [257/459] DCVV
[17:10:19] 🔄 Identity reset
[17:10:19] 🔄 Identity rotated (every 10 requests)
[17:10:20] [258/459] KMSV
[17:10:20] [259/459] KDCN
[17:10:22] [260/459] CNCP
[17:10:24] [261/459] HAMC
[17:10:25] [262/459] CCVZ
[17:10:26] [263/459] NCCK
[17:10:26] [264/459] MCHR
[17:10:27] [265/459] SCHT
[17:10:28] [266/459] ESSH
[17:10:29] [267/459] CUJC
[17:10:30] 🔄 Identity reset
[17:10:30] 🔄 Identity rotated (every 10 requests)
[17:10:30] [268/459] PECP
[17:10:31] [269/459] PMMI
[17:10:32] [270/459] PCCH
[17:10:33] [271/459] PRPM
[17:10:34] [272/459] PVKL
[17:10:35] [273/459] CBSM
[17:10:36] [274/459] PVCZ
[17:10:37] [275/459] PCVV
[17:10:38] [276/459] CTMJ
[17:10:39] [277/459] RCPS
[17:10:39] 🔄 Identity reset
[17:10:39] 🔄 Identity rotated (every 10 requests)
[17:10:39] [278/459] PCIT
[17:10:40] [279/459] FNCH
[17:10:41] [280/459] INZD
[17:10:42] [281/459] INPC
[17:10:43] [282/459] LCZP
[17:10:44] [283/459] SMCB
[17:10:45] [284/459] PTSB
[17:10:46] [285/459] TPSI
[17:10:46] [286/459] KHMJ
[17:10:47] [287/459] RCCJ
[17:10:48] 🔄 Identity reset
[17:10:48] 🔄 Identity rotated (every 10 requests)
[17:10:48] 🔄 Retry 1/5 for RCCJ in 2.1s
[17:10:48] 🔄 Identity reset
[17:10:50] 🧠 New identity created
[17:10:50] [288/459] NCJA
[17:10:51] [289/459] NCJN
[17:10:52] [290/459] BTDP
[17:10:53] [291/459] PADY
[17:10:54] [292/459] NYBH
[17:10:55] [293/459] MTBR
[17:10:56] [294/459] KRBC
[17:10:57] [295/459] DKTI
[17:10:58] [296/459] ANAN
[17:10:59] 🔄 Identity reset
[17:10:59] 🔄 Identity rotated (every 10 requests)
[17:10:59] [297/459] INBP
[17:11:00] [298/459] PATB
[17:11:01] [299/459] RGNT
[17:11:02] [300/459] CGPM
[17:11:03] [301/459] INTN
[17:11:04] [302/459] MCMP
[17:11:05] [303/459] ASRG
[17:11:06] [304/459] CXJD
[17:11:07] [305/459] SPCP
[17:11:08] [306/459] CSTP
[17:11:08] 🔄 Identity reset
[17:11:08] 🔄 Identity rotated (every 10 requests)
[17:11:08] [307/459] PKVC
[17:11:10] [308/459] ESCP
[17:11:11] [309/459] CAEP
[17:11:12] [310/459] CCSP
[17:11:13] [311/459] KTPC
[17:11:14] [312/459] DACA
[17:11:15] [313/459] NVKY
[17:11:15] [314/459] PTIN
[17:11:16] [315/459] SCIN
[17:11:17] [316/459] MCTY
[17:11:18] 🔄 Identity reset
[17:11:18] 🔄 Identity rotated (every 10 requests)
[17:11:18] [317/459] PCMX
[17:11:19] [318/459] INIC
[17:11:20] [319/459] MMZM
[17:11:20] [320/459] SSLP
[17:11:21] [321/459] DTDT
[17:11:22] [322/459] FFCX
[17:11:23] [323/459] RCMM
[17:11:24] [324/459] KYID
[17:11:25] [325/459] CSCI
[17:11:25] [326/459] FCMC
[17:11:26] 🔄 Identity reset
[17:11:26] 🔄 Identity rotated (every 10 requests)
[17:11:26] [327/459] MMXI
[17:11:27] [328/459] ASTC
[17:11:28] [329/459] CMRA
[17:11:29] [330/459] DICI
[17:11:30] [331/459] KDIN
[17:11:31] [332/459] PRFI
[17:11:32] [333/459] SVFC
[17:11:33] [334/459] UCPL
[17:11:33] [335/459] COOC
[17:11:34] [336/459] SCAL
[17:11:35] 🔄 Identity reset
[17:11:35] 🔄 Identity rotated (every 10 requests)
[17:11:35] [337/459] SVFF
[17:11:36] [338/459] VCMG
[17:11:37] [339/459] UUCT
[17:11:38] [340/459] GCSE
[17:11:39] [341/459] SUSC
[17:11:40] [342/459] MISC
[17:11:41] [343/459] RMBL
[17:11:42] [344/459] CMXN
[17:11:43] [345/459] PVBK
[17:11:44] [346/459] HHCG
[17:11:45] 🔄 Identity reset
[17:11:45] 🔄 Identity rotated (every 10 requests)
[17:11:45] [347/459] SCAG
[17:11:46] [348/459] CNPR
[17:11:47] [349/459] CSER
[17:11:48] [350/459] HLWD
[17:11:49] [351/459] BOLY
[17:11:49] [352/459] SSPG
[17:11:51] [353/459] MUPX
[17:11:52] [354/459] HAMR
[17:11:53] [355/459] SDNC
[17:11:53] [356/459] RTEN
[17:11:54] 🔄 Identity reset
[17:11:54] 🔄 Identity rotated (every 10 requests)
[17:11:54] [357/459] SDTD
[17:11:55] [358/459] KAWS
[17:11:56] [359/459] CMZX
[17:11:57] [360/459] DCDD
[17:11:58] [361/459] ALSN
[17:11:59] [362/459] IMXS
[17:12:00] [363/459] PVFF
[17:12:01] [364/459] PVOO
[17:12:02] [365/459] CFBS
[17:12:03] [366/459] PVER
[17:12:04] 🔄 Identity reset
[17:12:04] 🔄 Identity rotated (every 10 requests)
[17:12:04] [367/459] PPNX
[17:12:05] [368/459] CNRM
[17:12:06] [369/459] PVWW
[17:12:07] [370/459] INMB
[17:12:08] [371/459] CPJR
[17:12:09] [372/459] INRZ
[17:12:10] [373/459] PMSR
[17:12:12] [374/459] GPGM
[17:12:12] [375/459] PGWB
[17:12:13] [376/459] PMBR
[17:12:14] 🔄 Identity reset
[17:12:14] 🔄 Identity rotated (every 10 requests)
[17:12:14] [377/459] GPAM
[17:12:15] [378/459] INBC
[17:12:16] [379/459] PZVK
[17:12:17] [380/459] CPEB
[17:12:18] [381/459] FMLB
[17:12:18] [382/459] INBG
[17:12:19] [383/459] GPBR
[17:12:20] [384/459] PAAS
[17:12:21] [385/459] VTBR
[17:12:22] [386/459] GPMY
[17:12:22] 🔄 Identity reset
[17:12:22] 🔄 Identity rotated (every 10 requests)
[17:12:23] [387/459] GYBU
[17:12:23] [388/459] INBJ
[17:12:24] [389/459] LKTH
[17:12:25] [390/459] NSBR
[17:12:26] [391/459] PDRD
[17:12:27] [392/459] VRBL
[17:12:28] [393/459] VTGB
[17:12:28] [394/459] VTSK
[17:12:29] [395/459] BKDV
[17:12:30] [396/459] SVTB
[17:12:31] 🔄 Identity reset
[17:12:31] 🔄 Identity rotated (every 10 requests)
[17:12:31] [397/459] MLDT
[17:12:32] [398/459] NRBL
[17:12:33] [399/459] SLTR
[17:12:34] [400/459] VNKA
[17:12:34] [401/459] TDCA
[17:12:36] [402/459] INBM
[17:12:37] [403/459] SSNR
[17:12:37] [404/459] BHAC
[17:12:38] [405/459] SDSD
[17:12:40] [406/459] SAMP
[17:12:40] 🔄 Identity reset
[17:12:40] 🔄 Identity rotated (every 10 requests)
[17:12:41] [407/459] RATK
[17:12:41] [408/459] KCBI
[17:12:42] [409/459] URBL
[17:12:43] [410/459] MKBG
[17:12:44] [411/459] ASTB
[17:12:45] [412/459] VBWT
[17:12:46] [413/459] GPSM
[17:12:47] [414/459] ROON
[17:12:48] [415/459] CHTH
[17:12:48] [416/459] SSPA
[17:12:49] 🔄 Identity reset
[17:12:49] 🔄 Identity rotated (every 10 requests)
[17:12:49] [417/459] ANBL
[17:12:50] [418/459] VTBE
[17:12:52] [419/459] SVKT
[17:12:53] [420/459] SVYK
[17:12:54] [421/459] PTBK
[17:12:55] [422/459] RKTB
[17:12:56] [423/459] BALT
[17:12:56] [424/459] STSV
[17:12:57] [425/459] VCCB
[17:12:58] [426/459] SLTB
[17:12:59] 🔄 Identity reset
[17:12:59] 🔄 Identity rotated (every 10 requests)
[17:12:59] [427/459] SBCR
[17:13:00] [428/459] VDCS
[17:13:01] [429/459] MDKI
[17:13:02] [430/459] SMRN
[17:13:03] [431/459] PTBC
[17:13:04] [432/459] RADI
[17:13:04] [433/459] ADCR
[17:13:05] [434/459] SDCS
[17:13:06] [435/459] SRPJ
[17:13:07] [436/459] ARTS
[17:13:07] 🔄 Identity reset
[17:13:07] 🔄 Identity rotated (every 10 requests)
[17:13:07] [437/459] SRHK
[17:13:08] [438/459] SPAY
[17:13:09] [439/459] GPTB
[17:13:11] [440/459] SNNN
[17:13:12] [441/459] BALJ
[17:13:13] [442/459] TRIG
[17:13:13] [443/459] GTYT
[17:13:14] [444/459] ATGN
[17:13:15] [445/459] ANTE
[17:13:16] [446/459] BDCG
[17:13:17] 🔄 Identity reset
[17:13:17] 🔄 Identity rotated (every 10 requests)
[17:13:17] [447/459] VECI
[17:13:18] [448/459] SCPR
[17:13:19] [449/459] RTEA
[17:13:20] [450/459] JSAI
[17:13:21] [451/459] VJTP
[17:13:22] [452/459] GNDS
[17:13:23] [453/459] PAXA
[17:13:24] [454/459] CGGM
[17:13:24] [455/459] ACKZ
[17:13:25] [456/459] EMCC
[17:13:26] 🔄 Identity reset
[17:13:26] 🔄 Identity rotated (every 10 requests)
[17:13:27] [457/459] KLSK
[17:13:28] [458/459] AVCK
[17:13:28] [459/459] JTCK
[17:13:29] ✅ DONE | Shows=3607 | Movies=82
[18:06:12] 🚀 BMS DAILY TRACKER STARTED (enhanced anti‑detection)
[18:06:12] [1/459] NECA
[18:06:13] 🧠 New identity created
[18:06:13] [2/459] BJLC
[18:06:14] [3/459] BASU
[18:06:15] [4/459] RUPI
[18:06:16] [5/459] LCBK
[18:06:17] [6/459] PMAC
[18:06:17] [7/459] AMLC
[18:06:19] [8/459] LICL
[18:06:20] [9/459] UDMM
[18:06:20] [10/459] STBZ
[18:06:21] 🔄 Identity reset
[18:06:21] 🔄 Identity rotated (every 10 requests)
[18:06:22] [11/459] UUBT
[18:06:23] [12/459] SJKC
[18:06:24] [13/459] TUAL
[18:06:25] [14/459] MRSE
[18:06:26] [15/459] RMRK
[18:06:27] [16/459] TTKP
[18:06:28] [17/459] KTKO
[18:06:28] [18/459] SDBK
[18:06:29] [19/459] MCPR
[18:06:30] [20/459] CHTI
[18:06:31] 🔄 Identity reset
[18:06:31] 🔄 Identity rotated (every 10 requests)
[18:06:31] [21/459] GCCP
[18:06:32] [22/459] SRMY
[18:06:33] [23/459] NYST
[18:06:33] [24/459] NYAG
[18:06:34] [25/459] SBMT
[18:06:35] [26/459] INGA
[18:06:36] [27/459] WSIC
[18:06:38] [28/459] SCSS
[18:06:38] [29/459] COPG
[18:06:39] [30/459] RCGR
[18:06:40] 🔄 Identity reset
[18:06:40] 🔄 Identity rotated (every 10 requests)
[18:06:40] [31/459] TCZA
[18:06:42] [32/459] CNLP
[18:06:42] [33/459] CLKN
[18:06:43] [34/459] LHDF
[18:06:44] [35/459] ELKC
[18:06:45] [36/459] VCEM
[18:06:46] [37/459] SSZA
[18:06:47] [38/459] KRMT
[18:06:48] [39/459] LCMV
[18:06:49] [40/459] AYCZ
[18:06:49] 🔄 Identity reset
[18:06:49] 🔄 Identity rotated (every 10 requests)
[18:06:49] [41/459] CUMS
[18:06:50] [42/459] BOCK
[18:06:51] [43/459] PNMR
[18:06:52] [44/459] PJCP
[18:06:53] [45/459] JDDD
[18:06:54] [46/459] STMS
[18:06:55] [47/459] FLMB
[18:06:56] [48/459] PKCM
[18:06:57] [49/459] SPPR
[18:06:58] [50/459] EYLH
[18:06:58] 🔄 Identity reset
[18:06:58] 🔄 Identity rotated (every 10 requests)
[18:06:59] [51/459] RJCC
[18:07:00] [52/459] MMPS
[18:07:01] [53/459] SHMX
[18:07:02] [54/459] CCNL
[18:07:03] [55/459] RCNV
[18:07:04] [56/459] MAAG
[18:07:05] [57/459] LXCM
[18:07:07] [58/459] RCNI
[18:07:07] [59/459] SNNI
[18:07:08] [60/459] LALC
[18:07:09] 🔄 Identity reset
[18:07:09] 🔄 Identity rotated (every 10 requests)
[18:07:09] [61/459] SOCN
[18:07:10] [62/459] JHTP
[18:07:11] [63/459] PITP
[18:07:11] [64/459] CCKW
[18:07:12] [65/459] MCMC
[18:07:13] [66/459] DEES
[18:07:14] [67/459] SABT
[18:07:15] [68/459] VSPP
[18:07:16] [69/459] ABCT
[18:07:16] [70/459] JVTB
[18:07:17] 🔄 Identity reset
[18:07:17] 🔄 Identity rotated (every 10 requests)
[18:07:17] [71/459] VCBD
[18:07:19] [72/459] RMGG
[18:07:20] [73/459] RNMH
[18:07:21] [74/459] SPGL
[18:07:22] [75/459] JTTR
[18:07:22] [76/459] SICS
[18:07:23] [77/459] SRMI
[18:07:24] [78/459] SSIJ
[18:07:26] [79/459] KFMT
[18:07:26] [80/459] VBIT
[18:07:27] 🔄 Identity reset
[18:07:27] 🔄 Identity rotated (every 10 requests)
[18:07:27] 🔄 Retry 1/5 for VBIT in 2.7s
[18:07:27] 🔄 Identity reset
[18:07:30] 🧠 New identity created
[18:07:30] [81/459] JKCT
[18:07:31] [82/459] GCGP
[18:07:32] [83/459] GDCS
[18:07:33] [84/459] TRBA
[18:07:34] [85/459] QUST
[18:07:35] [86/459] VSHM
[18:07:35] [87/459] SDCP
[18:07:36] [88/459] SNVS
[18:07:37] [89/459] NYTO
[18:07:37] 🔄 Identity reset
[18:07:37] 🔄 Identity rotated (every 10 requests)
[18:07:38] [90/459] URWC
[18:07:39] [91/459] GTWH
[18:07:39] [92/459] PFCM
[18:07:40] [93/459] KRTA
[18:07:41] [94/459] AXMC
[18:07:42] [95/459] EVMC
[18:07:43] [96/459] HGSM
[18:07:44] [97/459] ACVM
[18:07:44] [98/459] PSKL
[18:07:46] [99/459] RDMP
[18:07:46] 🔄 Identity reset
[18:07:46] 🔄 Identity rotated (every 10 requests)
[18:07:47] [100/459] RHGH
[18:07:47] [101/459] OMCM
[18:07:48] [102/459] DCCP
[18:07:49] [103/459] MCPB
[18:07:51] [104/459] ALCI
[18:07:51] [105/459] BLMX
[18:07:52] [106/459] BTMV
[18:07:54] [107/459] FVPN
[18:07:56] [108/459] CMAR
[18:07:56] [109/459] CEIM
[18:07:57] 🔄 Identity reset
[18:07:57] 🔄 Identity rotated (every 10 requests)
[18:07:57] [110/459] CMVA
[18:07:58] [111/459] CPIV
[18:07:59] [112/459] CNPE
[18:08:01] [113/459] COLV
[18:08:01] [114/459] DNNV
[18:08:02] [115/459] HCAD
[18:08:03] [116/459] TAKA
[18:08:04] [117/459] INVD
[18:08:05] [118/459] IRMM
[18:08:06] [119/459] INSE
[18:08:06] 🔄 Identity reset
[18:08:06] 🔄 Identity rotated (every 10 requests)
[18:08:07] [120/459] MRSW
[18:08:08] [121/459] MCVD
[18:08:09] [122/459] MCSO
[18:08:09] [123/459] PEVM
[18:08:10] [124/459] PVNL
[18:08:11] [125/459] PTCV
[18:08:12] [126/459] PRTC
[18:08:13] [127/459] RCVA
[18:08:13] [128/459] MTBN
[18:08:14] [129/459] LUCP
[18:08:15] 🔄 Identity reset
[18:08:15] 🔄 Identity rotated (every 10 requests)
[18:08:15] [130/459] FMPT
[18:08:16] [131/459] JLSL
[18:08:17] [132/459] SBHA
[18:08:18] [133/459] SHRC
[18:08:19] [134/459] AVPS
[18:08:20] [135/459] STPM
[18:08:21] [136/459] ATRD
[18:08:21] [137/459] VTED
[18:08:22] [138/459] ACAI
[18:08:23] [139/459] SMAE
[18:08:24] 🔄 Identity reset
[18:08:24] 🔄 Identity rotated (every 10 requests)
[18:08:24] [140/459] VMAT
[18:08:25] [141/459] LKCT
[18:08:26] [142/459] JTVK
[18:08:27] [143/459] PRTY
[18:08:28] [144/459] GETT
[18:08:28] [145/459] ESAP
[18:08:29] [146/459] NCPM
[18:08:30] [147/459] PCPA
[18:08:31] [148/459] MMOM
[18:08:32] [149/459] PHUP
[18:08:33] 🔄 Identity reset
[18:08:33] 🔄 Identity rotated (every 10 requests)
[18:08:33] [150/459] CCPI
[18:08:34] [151/459] CNTD
[18:08:36] [152/459] NLJR
[18:08:36] [153/459] SRNG
[18:08:37] [154/459] MHAL
[18:08:38] [155/459] PNSM
[18:08:39] [156/459] DRMY
[18:08:40] [157/459] CCMU
[18:08:40] [158/459] SCMY
[18:08:42] [159/459] PVSY
[18:08:42] 🔄 Identity reset
[18:08:42] 🔄 Identity rotated (every 10 requests)
[18:08:42] [160/459] SDLM
[18:08:43] [161/459] ICCM
[18:08:44] [162/459] PYSU
[18:08:45] [163/459] GATM
[18:08:46] [164/459] WOTM
[18:08:47] [165/459] RKTS
[18:08:48] [166/459] PMTY
[18:08:48] [167/459] LYMS
[18:08:49] [168/459] TGCA
[18:08:50] [169/459] DSTA
[18:08:51] 🔄 Identity reset
[18:08:51] 🔄 Identity rotated (every 10 requests)
[18:08:51] [170/459] CNGE
[18:08:52] [171/459] VSTG
[18:08:53] [172/459] GTCK
[18:08:54] [173/459] TGNT
[18:08:55] [174/459] ASLC
[18:08:56] [175/459] SSST
[18:08:57] [176/459] KBTT
[18:08:58] [177/459] HKCP
[18:08:59] [178/459] SWLC
[18:09:00] [179/459] RTND
[18:09:00] 🔄 Identity reset
[18:09:00] 🔄 Identity rotated (every 10 requests)
[18:09:01] [180/459] PKKT
[18:09:01] [181/459] HSTK
[18:09:02] [182/459] SPTT
[18:09:03] [183/459] IMPM
[18:09:04] [184/459] SCMV
[18:09:05] [185/459] SPCT
[18:09:06] [186/459] JBCA
[18:09:07] [187/459] ATTR
[18:09:07] [188/459] SPMT
[18:09:08] [189/459] LCTM
[18:09:09] 🔄 Identity reset
[18:09:09] 🔄 Identity rotated (every 10 requests)
[18:09:09] [190/459] SCVL
[18:09:10] [191/459] SCVT
[18:09:11] [192/459] KRIC
[18:09:12] [193/459] CTMG
[18:09:13] [194/459] ACNC
[18:09:14] [195/459] DMCK
[18:09:14] [196/459] KMTV
[18:09:15] [197/459] PFCJ
[18:09:16] [198/459] VNMD
[18:09:17] [199/459] VPCZ
[18:09:18] 🔄 Identity reset
[18:09:18] 🔄 Identity rotated (every 10 requests)
[18:09:18] [200/459] SRYR
[18:09:19] [201/459] SYTR
[18:09:20] [202/459] GATR
[18:09:21] [203/459] URTR
[18:09:22] [204/459] MKSM
[18:09:24] [205/459] VSMH
[18:09:25] [206/459] SKRJ
[18:09:26] [207/459] SSJR
[18:09:26] [208/459] SVSM
[18:09:28] [209/459] RUCM
[18:09:29] 🔄 Identity reset
[18:09:29] 🔄 Identity rotated (every 10 requests)
[18:09:29] [210/459] PRKN
[18:09:30] [211/459] RROH
[18:09:31] [212/459] SCTN
[18:09:31] [213/459] RTDM
[18:09:32] [214/459] ASRM
[18:09:33] [215/459] SKMD
[18:09:34] [216/459] SUTD
[18:09:35] [217/459] SADM
[18:09:36] [218/459] WCNR
[18:09:36] [219/459] CNED
[18:09:37] 🔄 Identity reset
[18:09:37] 🔄 Identity rotated (every 10 requests)
[18:09:37] [220/459] MPDB
[18:09:38] [221/459] KTBH
[18:09:39] [222/459] IDRM
[18:09:40] [223/459] PJJT
[18:09:41] [224/459] PFCV
[18:09:42] [225/459] AACT
[18:09:42] [226/459] AAAD
[18:09:43] [227/459] ANES
[18:09:44] [228/459] MNCA
[18:09:45] [229/459] RMGU
[18:09:46] 🔄 Identity reset
[18:09:46] 🔄 Identity rotated (every 10 requests)
[18:09:47] [230/459] DLCN
[18:09:48] [231/459] LJWT
[18:09:48] [232/459] MCBG
[18:09:49] [233/459] MYBG
[18:09:50] [234/459] GCCA
[18:09:51] [235/459] GCGA
[18:09:53] [236/459] ECGN
[18:09:54] [237/459] PRAB
[18:09:54] [238/459] PNMP
[18:09:55] [239/459] GCPT
[18:09:56] 🔄 Identity reset
[18:09:56] 🔄 Identity rotated (every 10 requests)
[18:09:56] [240/459] ROYN
[18:09:58] [241/459] VATM
[18:09:59] [242/459] KSNT
[18:10:00] [243/459] ACTC
[18:10:00] [244/459] PLTD
[18:10:01] [245/459] SKMK
[18:10:02] [246/459] CMTT
[18:10:03] [247/459] SMXP
[18:10:04] [248/459] SCMX
[18:10:05] [249/459] ACXN
[18:10:05] 🔄 Identity reset
[18:10:05] 🔄 Identity rotated (every 10 requests)
[18:10:06] [250/459] ASWT
[18:10:07] [251/459] VVVL
[18:10:07] [252/459] NAGO
[18:10:08] [253/459] SNCN
[18:10:10] [254/459] MCKP
[18:10:11] [255/459] SAMO
[18:10:12] [256/459] JBTV
[18:10:13] [257/459] DCVV
[18:10:14] [258/459] KMSV
[18:10:15] [259/459] KDCN
[18:10:16] 🔄 Identity reset
[18:10:16] 🔄 Identity rotated (every 10 requests)
[18:10:16] [260/459] CNCP
[18:10:17] [261/459] HAMC
[18:10:18] [262/459] CCVZ
[18:10:18] [263/459] NCCK
[18:10:19] [264/459] MCHR
[18:10:20] [265/459] SCHT
[18:10:21] [266/459] ESSH
[18:10:22] [267/459] CUJC
[18:10:24] [268/459] PECP
[18:10:25] [269/459] PMMI
[18:10:25] 🔄 Identity reset
[18:10:25] 🔄 Identity rotated (every 10 requests)
[18:10:26] [270/459] PCCH
[18:10:26] [271/459] PRPM
[18:10:27] [272/459] PVKL
[18:10:28] [273/459] CBSM
[18:10:29] [274/459] PVCZ
[18:10:31] [275/459] PCVV
[18:10:32] [276/459] CTMJ
[18:10:33] [277/459] RCPS
[18:10:34] [278/459] PCIT
[18:10:35] [279/459] FNCH
[18:10:36] 🔄 Identity reset
[18:10:36] 🔄 Identity rotated (every 10 requests)
[18:10:36] [280/459] INZD
[18:10:37] [281/459] INPC
[18:10:38] [282/459] LCZP
[18:10:39] [283/459] SMCB
[18:10:40] [284/459] PTSB
[18:10:41] [285/459] TPSI
[18:10:42] [286/459] KHMJ
[18:10:43] [287/459] RCCJ
[18:10:43] [288/459] NCJA
[18:10:44] [289/459] NCJN
[18:10:45] 🔄 Identity reset
[18:10:45] 🔄 Identity rotated (every 10 requests)
[18:10:45] [290/459] BTDP
[18:10:46] [291/459] PADY
[18:10:47] [292/459] NYBH
[18:10:48] [293/459] MTBR
[18:10:49] [294/459] KRBC
[18:10:50] [295/459] DKTI
[18:10:51] [296/459] ANAN
[18:10:52] [297/459] INBP
[18:10:53] [298/459] PATB
[18:10:54] [299/459] RGNT
[18:10:54] 🔄 Identity reset
[18:10:54] 🔄 Identity rotated (every 10 requests)
[18:10:55] [300/459] CGPM
[18:10:56] [301/459] INTN
[18:10:56] [302/459] MCMP
[18:10:57] [303/459] ASRG
[18:10:58] [304/459] CXJD
[18:10:59] [305/459] SPCP
[18:11:00] [306/459] CSTP
[18:11:02] [307/459] PKVC
[18:11:03] [308/459] ESCP
[18:11:04] [309/459] CAEP
[18:11:04] 🔄 Identity reset
[18:11:04] 🔄 Identity rotated (every 10 requests)
[18:11:05] [310/459] CCSP
[18:11:06] [311/459] KTPC
[18:11:06] [312/459] DACA
[18:11:07] [313/459] NVKY
[18:11:08] [314/459] PTIN
[18:11:09] [315/459] SCIN
[18:11:10] [316/459] MCTY
[18:11:11] [317/459] PCMX
[18:11:12] [318/459] INIC
[18:11:13] [319/459] MMZM
[18:11:13] 🔄 Identity reset
[18:11:13] 🔄 Identity rotated (every 10 requests)
[18:11:14] [320/459] SSLP
[18:11:16] [321/459] DTDT
[18:11:17] [322/459] FFCX
[18:11:18] [323/459] RCMM
[18:11:18] [324/459] KYID
[18:11:19] [325/459] CSCI
[18:11:20] [326/459] FCMC
[18:11:21] [327/459] MMXI
[18:11:22] [328/459] ASTC
[18:11:23] [329/459] CMRA
[18:11:23] 🔄 Identity reset
[18:11:23] 🔄 Identity rotated (every 10 requests)
[18:11:24] [330/459] DICI
[18:11:24] [331/459] KDIN
[18:11:25] [332/459] PRFI
[18:11:27] [333/459] SVFC
[18:11:27] [334/459] UCPL
[18:11:28] [335/459] COOC
[18:11:29] [336/459] SCAL
[18:11:30] [337/459] SVFF
[18:11:31] [338/459] VCMG
[18:11:31] [339/459] UUCT
[18:11:32] 🔄 Identity reset
[18:11:32] 🔄 Identity rotated (every 10 requests)
[18:11:32] [340/459] GCSE
[18:11:33] [341/459] SUSC
[18:11:34] [342/459] MISC
[18:11:35] [343/459] RMBL
[18:11:35] [344/459] CMXN
[18:11:36] [345/459] PVBK
[18:11:37] [346/459] HHCG
[18:11:38] [347/459] SCAG
[18:11:39] [348/459] CNPR
[18:11:40] [349/459] CSER
[18:11:40] 🔄 Identity reset
[18:11:40] 🔄 Identity rotated (every 10 requests)
[18:11:41] [350/459] HLWD
[18:11:41] [351/459] BOLY
[18:11:42] [352/459] SSPG
[18:11:43] [353/459] MUPX
[18:11:44] [354/459] HAMR
[18:11:45] [355/459] SDNC
[18:11:46] [356/459] RTEN
[18:11:47] [357/459] SDTD
[18:11:48] [358/459] KAWS
[18:11:48] [359/459] CMZX
[18:11:49] 🔄 Identity reset
[18:11:49] 🔄 Identity rotated (every 10 requests)
[18:11:50] [360/459] DCDD
[18:11:50] [361/459] ALSN
[18:11:51] [362/459] IMXS
[18:11:52] [363/459] PVFF
[18:11:53] [364/459] PVOO
[18:11:54] [365/459] CFBS
[18:11:55] [366/459] PVER
[18:11:56] [367/459] PPNX
[18:11:57] [368/459] CNRM
[18:11:57] [369/459] PVWW
[18:11:58] 🔄 Identity reset
[18:11:58] 🔄 Identity rotated (every 10 requests)
[18:11:58] [370/459] INMB
[18:12:00] [371/459] CPJR
[18:12:01] [372/459] INRZ
[18:12:02] [373/459] PMSR
[18:12:03] [374/459] GPGM
[18:12:04] [375/459] PGWB
[18:12:04] [376/459] PMBR
[18:12:05] [377/459] GPAM
[18:12:06] [378/459] INBC
[18:12:07] [379/459] PZVK
[18:12:08] 🔄 Identity reset
[18:12:08] 🔄 Identity rotated (every 10 requests)
[18:12:08] [380/459] CPEB
[18:12:09] [381/459] FMLB
[18:12:10] [382/459] INBG
[18:12:11] [383/459] GPBR
[18:12:12] [384/459] PAAS
[18:12:13] [385/459] VTBR
[18:12:14] [386/459] GPMY
[18:12:14] [387/459] GYBU
[18:12:15] [388/459] INBJ
[18:12:16] [389/459] LKTH
[18:12:17] 🔄 Identity reset
[18:12:17] 🔄 Identity rotated (every 10 requests)
[18:12:17] 🔄 Retry 1/5 for LKTH in 2.6s
[18:12:17] 🔄 Identity reset
[18:12:19] 🧠 New identity created
[18:12:20] [390/459] NSBR
[18:12:20] [391/459] PDRD
[18:12:21] [392/459] VRBL
[18:12:22] [393/459] VTGB
[18:12:23] [394/459] VTSK
[18:12:24] [395/459] BKDV
[18:12:25] [396/459] SVTB
[18:12:26] [397/459] MLDT
[18:12:26] [398/459] NRBL
[18:12:27] 🔄 Identity reset
[18:12:27] 🔄 Identity rotated (every 10 requests)
[18:12:28] [399/459] SLTR
[18:12:29] [400/459] VNKA
[18:12:30] [401/459] TDCA
[18:12:31] [402/459] INBM
[18:12:31] [403/459] SSNR
[18:12:32] [404/459] BHAC
[18:12:33] [405/459] SDSD
[18:12:34] [406/459] SAMP
[18:12:35] [407/459] RATK
[18:12:35] [408/459] KCBI
[18:12:36] 🔄 Identity reset
[18:12:36] 🔄 Identity rotated (every 10 requests)
[18:12:36] [409/459] URBL
[18:12:37] [410/459] MKBG
[18:12:38] [411/459] ASTB
[18:12:39] [412/459] VBWT
[18:12:40] [413/459] GPSM
[18:12:41] [414/459] ROON
[18:12:41] [415/459] CHTH
[18:12:42] [416/459] SSPA
[18:12:43] [417/459] ANBL
[18:12:44] [418/459] VTBE
[18:12:45] 🔄 Identity reset
[18:12:45] 🔄 Identity rotated (every 10 requests)
[18:12:45] [419/459] SVKT
[18:12:46] [420/459] SVYK
[18:12:47] [421/459] PTBK
[18:12:47] [422/459] RKTB
[18:12:48] [423/459] BALT
[18:12:49] [424/459] STSV
[18:12:50] [425/459] VCCB
[18:12:52] [426/459] SLTB
[18:12:52] [427/459] SBCR
[18:12:53] [428/459] VDCS
[18:12:54] 🔄 Identity reset
[18:12:54] 🔄 Identity rotated (every 10 requests)
[18:12:55] [429/459] MDKI
[18:12:56] [430/459] SMRN
[18:12:57] [431/459] PTBC
[18:12:59] [432/459] RADI
[18:13:00] [433/459] ADCR
[18:13:00] [434/459] SDCS
[18:13:01] [435/459] SRPJ
[18:13:02] [436/459] ARTS
[18:13:03] [437/459] SRHK
[18:13:04] [438/459] SPAY
[18:13:05] 🔄 Identity reset
[18:13:05] 🔄 Identity rotated (every 10 requests)
[18:13:05] [439/459] GPTB
[18:13:06] [440/459] SNNN
[18:13:07] [441/459] BALJ
[18:13:07] [442/459] TRIG
[18:13:08] [443/459] GTYT
[18:13:09] [444/459] ATGN
[18:13:10] [445/459] ANTE
[18:13:11] [446/459] BDCG
[18:13:12] [447/459] VECI
[18:13:13] [448/459] SCPR
[18:13:13] 🔄 Identity reset
[18:13:13] 🔄 Identity rotated (every 10 requests)
[18:13:14] [449/459] RTEA
[18:13:14] [450/459] JSAI
[18:13:15] [451/459] VJTP
[18:13:16] [452/459] GNDS
[18:13:18] [453/459] PAXA
[18:13:18] [454/459] CGGM
[18:13:19] [455/459] ACKZ
[18:13:20] [456/459] EMCC
[18:13:21] [457/459] KLSK
[18:13:22] [458/459] AVCK
[18:13:22] 🔄 Identity reset
[18:13:22] 🔄 Identity rotated (every 10 requests)
[18:13:22] [459/459] JTCK
[18:13:24] ✅ DONE | Shows=3910 | Movies=82
[19:06:19] 🚀 BMS DAILY TRACKER STARTED (enhanced anti‑detection)
[19:06:19] [1/459] NECA
[19:06:20] 🧠 New identity created
[19:06:20] [2/459] BJLC
[19:06:21] [3/459] BASU
[19:06:22] [4/459] RUPI
[19:06:23] [5/459] LCBK
[19:06:24] [6/459] PMAC
[19:06:25] [7/459] AMLC
[19:06:25] [8/459] LICL
[19:06:26] [9/459] UDMM
[19:06:27] [10/459] STBZ
[19:06:28] 🔄 Identity reset
[19:06:28] 🔄 Identity rotated (every 10 requests)
[19:06:28] [11/459] UUBT
[19:06:29] [12/459] SJKC
[19:06:30] [13/459] TUAL
[19:06:31] [14/459] MRSE
[19:06:31] [15/459] RMRK
[19:06:32] [16/459] TTKP
[19:06:33] [17/459] KTKO
[19:06:34] [18/459] SDBK
[19:06:35] [19/459] MCPR
[19:06:36] [20/459] CHTI
[19:06:36] 🔄 Identity reset
[19:06:36] 🔄 Identity rotated (every 10 requests)
[19:06:37] [21/459] GCCP
[19:06:38] [22/459] SRMY
[19:06:39] [23/459] NYST
[19:06:40] [24/459] NYAG
[19:06:41] [25/459] SBMT
[19:06:42] [26/459] INGA
[19:06:43] [27/459] WSIC
[19:06:44] [28/459] SCSS
[19:06:45] [29/459] COPG
[19:06:46] [30/459] RCGR
[19:06:46] 🔄 Identity reset
[19:06:46] 🔄 Identity rotated (every 10 requests)
[19:06:46] [31/459] TCZA
[19:06:47] [32/459] CNLP
[19:06:48] [33/459] CLKN
[19:06:49] [34/459] LHDF
[19:06:50] [35/459] ELKC
[19:06:51] [36/459] VCEM
[19:06:52] [37/459] SSZA
[19:06:53] [38/459] KRMT
[19:06:53] [39/459] LCMV
[19:06:54] [40/459] AYCZ
[19:06:54] 🔄 Identity reset
[19:06:54] 🔄 Identity rotated (every 10 requests)
[19:06:54] [41/459] CUMS
[19:06:55] [42/459] BOCK
[19:06:56] [43/459] PNMR
[19:06:56] [44/459] PJCP
[19:06:57] [45/459] JDDD
[19:06:58] [46/459] STMS
[19:06:59] [47/459] FLMB
[19:06:59] [48/459] PKCM
[19:07:00] [49/459] SPPR
[19:07:01] [50/459] EYLH
[19:07:01] 🔄 Identity reset
[19:07:01] 🔄 Identity rotated (every 10 requests)
[19:07:01] [51/459] RJCC
[19:07:02] [52/459] MMPS
[19:07:02] [53/459] SHMX
[19:07:03] [54/459] CCNL
[19:07:04] [55/459] RCNV
[19:07:05] [56/459] MAAG
[19:07:05] [57/459] LXCM
[19:07:06] [58/459] RCNI
[19:07:08] [59/459] SNNI
[19:07:09] [60/459] LALC
[19:07:09] 🔄 Identity reset
[19:07:09] 🔄 Identity rotated (every 10 requests)
[19:07:09] [61/459] SOCN
[19:07:10] [62/459] JHTP
[19:07:11] [63/459] PITP
[19:07:11] [64/459] CCKW
[19:07:12] [65/459] MCMC
[19:07:13] [66/459] DEES
[19:07:13] [67/459] SABT
[19:07:14] [68/459] VSPP
[19:07:15] [69/459] ABCT
[19:07:15] [70/459] JVTB
[19:07:16] 🔄 Identity reset
[19:07:16] 🔄 Identity rotated (every 10 requests)
[19:07:16] [71/459] VCBD
[19:07:17] [72/459] RMGG
[19:07:18] [73/459] RNMH
[19:07:19] [74/459] SPGL
[19:07:19] [75/459] JTTR
[19:07:20] [76/459] SICS
[19:07:21] [77/459] SRMI
[19:07:21] [78/459] SSIJ
[19:07:22] [79/459] KFMT
[19:07:22] [80/459] VBIT
[19:07:23] 🔄 Identity reset
[19:07:23] 🔄 Identity rotated (every 10 requests)
[19:07:23] [81/459] JKCT
[19:07:24] [82/459] GCGP
[19:07:25] [83/459] GDCS
[19:07:25] [84/459] TRBA
[19:07:26] [85/459] QUST
[19:07:28] [86/459] VSHM
[19:07:28] [87/459] SDCP
[19:07:29] [88/459] SNVS
[19:07:30] [89/459] NYTO
[19:07:30] [90/459] URWC
[19:07:31] 🔄 Identity reset
[19:07:31] 🔄 Identity rotated (every 10 requests)
[19:07:31] [91/459] GTWH
[19:07:32] [92/459] PFCM
[19:07:33] [93/459] KRTA
[19:07:33] [94/459] AXMC
[19:07:34] [95/459] EVMC
[19:07:34] [96/459] HGSM
[19:07:35] [97/459] ACVM
[19:07:36] [98/459] PSKL
[19:07:36] [99/459] RDMP
[19:07:37] [100/459] RHGH
[19:07:38] 🔄 Identity reset
[19:07:38] 🔄 Identity rotated (every 10 requests)
[19:07:38] [101/459] OMCM
[19:07:39] [102/459] DCCP
[19:07:40] [103/459] MCPB
[19:07:40] [104/459] ALCI
[19:07:41] [105/459] BLMX
[19:07:41] [106/459] BTMV
[19:07:42] [107/459] FVPN
[19:07:43] [108/459] CMAR
[19:07:43] [109/459] CEIM
[19:07:44] [110/459] CMVA
[19:07:45] 🔄 Identity reset
[19:07:45] 🔄 Identity rotated (every 10 requests)
[19:07:45] [111/459] CPIV
[19:07:46] [112/459] CNPE
[19:07:46] [113/459] COLV
[19:07:47] [114/459] DNNV
[19:07:47] [115/459] HCAD
[19:07:48] [116/459] TAKA
[19:07:49] [117/459] INVD
[19:07:49] [118/459] IRMM
[19:07:50] [119/459] INSE
[19:07:50] [120/459] MRSW
[19:07:51] 🔄 Identity reset
[19:07:51] 🔄 Identity rotated (every 10 requests)
[19:07:51] [121/459] MCVD
[19:07:52] [122/459] MCSO
[19:07:52] [123/459] PEVM
[19:07:53] [124/459] PVNL
[19:07:54] [125/459] PTCV
[19:07:54] [126/459] PRTC
[19:07:55] [127/459] RCVA
[19:07:56] [128/459] MTBN
[19:07:57] [129/459] LUCP
[19:07:57] [130/459] FMPT
[19:07:58] 🔄 Identity reset
[19:07:58] 🔄 Identity rotated (every 10 requests)
[19:07:58] [131/459] JLSL
[19:07:59] [132/459] SBHA
[19:07:59] [133/459] SHRC
[19:08:00] [134/459] AVPS
[19:08:01] [135/459] STPM
[19:08:01] [136/459] ATRD
[19:08:02] [137/459] VTED
[19:08:03] [138/459] ACAI
[19:08:03] [139/459] SMAE
[19:08:04] [140/459] VMAT
[19:08:05] 🔄 Identity reset
[19:08:05] 🔄 Identity rotated (every 10 requests)
[19:08:05] [141/459] LKCT
[19:08:06] [142/459] JTVK
[19:08:07] [143/459] PRTY
[19:08:07] [144/459] GETT
[19:08:08] [145/459] ESAP
[19:08:08] [146/459] NCPM
[19:08:09] [147/459] PCPA
[19:08:10] [148/459] MMOM
[19:08:10] [149/459] PHUP
[19:08:11] [150/459] CCPI
[19:08:12] 🔄 Identity reset
[19:08:12] 🔄 Identity rotated (every 10 requests)
[19:08:12] [151/459] CNTD
[19:08:12] [152/459] NLJR
[19:08:13] [153/459] SRNG
[19:08:14] [154/459] MHAL
[19:08:14] [155/459] PNSM
[19:08:15] [156/459] DRMY
[19:08:16] [157/459] CCMU
[19:08:16] [158/459] SCMY
[19:08:17] [159/459] PVSY
[19:08:17] [160/459] SDLM
[19:08:18] 🔄 Identity reset
[19:08:18] 🔄 Identity rotated (every 10 requests)
[19:08:18] [161/459] ICCM
[19:08:19] [162/459] PYSU
[19:08:20] [163/459] GATM
[19:08:20] [164/459] WOTM
[19:08:21] [165/459] RKTS
[19:08:23] [166/459] PMTY
[19:08:23] [167/459] LYMS
[19:08:24] [168/459] TGCA
[19:08:25] [169/459] DSTA
[19:08:25] [170/459] CNGE
[19:08:26] 🔄 Identity reset
[19:08:26] 🔄 Identity rotated (every 10 requests)
[19:08:26] [171/459] VSTG
[19:08:27] [172/459] GTCK
[19:08:27] [173/459] TGNT
[19:08:28] [174/459] ASLC
[19:08:29] [175/459] SSST
[19:08:30] [176/459] KBTT
[19:08:30] [177/459] HKCP
[19:08:31] [178/459] SWLC
[19:08:32] [179/459] RTND
[19:08:33] [180/459] PKKT
[19:08:33] 🔄 Identity reset
[19:08:33] 🔄 Identity rotated (every 10 requests)
[19:08:33] [181/459] HSTK
[19:08:34] [182/459] SPTT
[19:08:35] [183/459] IMPM
[19:08:36] [184/459] SCMV
[19:08:36] [185/459] SPCT
[19:08:37] [186/459] JBCA
[19:08:38] [187/459] ATTR
[19:08:38] [188/459] SPMT
[19:08:39] [189/459] LCTM
[19:08:40] [190/459] SCVL
[19:08:40] 🔄 Identity reset
[19:08:40] 🔄 Identity rotated (every 10 requests)
[19:08:40] [191/459] SCVT
[19:08:41] [192/459] KRIC
[19:08:42] [193/459] CTMG
[19:08:42] [194/459] ACNC
[19:08:43] [195/459] DMCK
[19:08:44] [196/459] KMTV
[19:08:44] [197/459] PFCJ
[19:08:45] [198/459] VNMD
[19:08:46] [199/459] VPCZ
[19:08:46] [200/459] SRYR
[19:08:47] 🔄 Identity reset
[19:08:47] 🔄 Identity rotated (every 10 requests)
[19:08:47] [201/459] SYTR
[19:08:48] [202/459] GATR
[19:08:49] [203/459] URTR
[19:08:50] [204/459] MKSM
[19:08:50] [205/459] VSMH
[19:08:51] [206/459] SKRJ
[19:08:52] [207/459] SSJR
[19:08:53] [208/459] SVSM
[19:08:54] [209/459] RUCM
[19:08:54] [210/459] PRKN
[19:08:55] 🔄 Identity reset
[19:08:55] 🔄 Identity rotated (every 10 requests)
[19:08:55] [211/459] RROH
[19:08:56] [212/459] SCTN
[19:08:56] [213/459] RTDM
[19:08:57] [214/459] ASRM
[19:08:58] [215/459] SKMD
[19:08:58] [216/459] SUTD
[19:08:59] [217/459] SADM
[19:09:00] [218/459] WCNR
[19:09:01] [219/459] CNED
[19:09:01] [220/459] MPDB
[19:09:02] 🔄 Identity reset
[19:09:02] 🔄 Identity rotated (every 10 requests)
[19:09:02] [221/459] KTBH
[19:09:03] [222/459] IDRM
[19:09:03] [223/459] PJJT
[19:09:04] [224/459] PFCV
[19:09:05] [225/459] AACT
[19:09:05] [226/459] AAAD
[19:09:06] [227/459] ANES
[19:09:06] [228/459] MNCA
[19:09:07] [229/459] RMGU
[19:09:08] [230/459] DLCN
[19:09:08] 🔄 Identity reset
[19:09:08] 🔄 Identity rotated (every 10 requests)
[19:09:09] [231/459] LJWT
[19:09:09] [232/459] MCBG
[19:09:10] [233/459] MYBG
[19:09:10] [234/459] GCCA
[19:09:11] [235/459] GCGA
[19:09:12] [236/459] ECGN
[19:09:12] [237/459] PRAB
[19:09:13] [238/459] PNMP
[19:09:14] [239/459] GCPT
[19:09:14] [240/459] ROYN
[19:09:15] 🔄 Identity reset
[19:09:15] 🔄 Identity rotated (every 10 requests)
[19:09:15] [241/459] VATM
[19:09:16] [242/459] KSNT
[19:09:17] [243/459] ACTC
[19:09:18] [244/459] PLTD
[19:09:18] [245/459] SKMK
[19:09:19] [246/459] CMTT
[19:09:19] [247/459] SMXP
[19:09:20] [248/459] SCMX
[19:09:20] [249/459] ACXN
[19:09:21] [250/459] ASWT
[19:09:22] 🔄 Identity reset
[19:09:22] 🔄 Identity rotated (every 10 requests)
[19:09:22] [251/459] VVVL
[19:09:22] [252/459] NAGO
[19:09:23] [253/459] SNCN
[19:09:24] [254/459] MCKP
[19:09:24] [255/459] SAMO
[19:09:25] [256/459] JBTV
[19:09:26] [257/459] DCVV
[19:09:26] [258/459] KMSV
[19:09:27] [259/459] KDCN
[19:09:28] [260/459] CNCP
[19:09:28] 🔄 Identity reset
[19:09:28] 🔄 Identity rotated (every 10 requests)
[19:09:28] [261/459] HAMC
[19:09:29] [262/459] CCVZ
[19:09:30] [263/459] NCCK
[19:09:30] [264/459] MCHR
[19:09:31] [265/459] SCHT
[19:09:32] [266/459] ESSH
[19:09:32] [267/459] CUJC
[19:09:33] [268/459] PECP
[19:09:34] [269/459] PMMI
[19:09:34] [270/459] PCCH
[19:09:35] 🔄 Identity reset
[19:09:35] 🔄 Identity rotated (every 10 requests)
[19:09:35] [271/459] PRPM
[19:09:36] [272/459] PVKL
[19:09:36] [273/459] CBSM
[19:09:37] [274/459] PVCZ
[19:09:37] [275/459] PCVV
[19:09:38] [276/459] CTMJ
[19:09:39] [277/459] RCPS
[19:09:40] [278/459] PCIT
[19:09:40] [279/459] FNCH
[19:09:41] [280/459] INZD
[19:09:41] 🔄 Identity reset
[19:09:41] 🔄 Identity rotated (every 10 requests)
[19:09:41] [281/459] INPC
[19:09:42] [282/459] LCZP
[19:09:43] [283/459] SMCB
[19:09:44] [284/459] PTSB
[19:09:44] [285/459] TPSI
[19:09:45] [286/459] KHMJ
[19:09:46] [287/459] RCCJ
[19:09:47] [288/459] NCJA
[19:09:47] [289/459] NCJN
[19:09:48] [290/459] BTDP
[19:09:48] 🔄 Identity reset
[19:09:48] 🔄 Identity rotated (every 10 requests)
[19:09:49] [291/459] PADY
[19:09:49] [292/459] NYBH
[19:09:50] [293/459] MTBR
[19:09:50] [294/459] KRBC
[19:09:51] [295/459] DKTI
[19:09:52] [296/459] ANAN
[19:09:52] [297/459] INBP
[19:09:53] [298/459] PATB
[19:09:54] [299/459] RGNT
[19:09:54] [300/459] CGPM
[19:09:55] 🔄 Identity reset
[19:09:55] 🔄 Identity rotated (every 10 requests)
[19:09:55] [301/459] INTN
[19:09:56] [302/459] MCMP
[19:09:56] [303/459] ASRG
[19:09:57] [304/459] CXJD
[19:09:58] [305/459] SPCP
[19:09:58] [306/459] CSTP
[19:09:59] [307/459] PKVC
[19:10:00] [308/459] ESCP
[19:10:00] [309/459] CAEP
[19:10:01] [310/459] CCSP
[19:10:02] 🔄 Identity reset
[19:10:02] 🔄 Identity rotated (every 10 requests)
[19:10:02] [311/459] KTPC
[19:10:02] [312/459] DACA
[19:10:03] [313/459] NVKY
[19:10:04] [314/459] PTIN
[19:10:04] [315/459] SCIN
[19:10:05] [316/459] MCTY
[19:10:06] [317/459] PCMX
[19:10:06] [318/459] INIC
[19:10:07] [319/459] MMZM
[19:10:08] [320/459] SSLP
[19:10:08] 🔄 Identity reset
[19:10:08] 🔄 Identity rotated (every 10 requests)
[19:10:08] [321/459] DTDT
[19:10:09] [322/459] FFCX
[19:10:10] [323/459] RCMM
[19:10:10] [324/459] KYID
[19:10:11] [325/459] CSCI
[19:10:12] [326/459] FCMC
[19:10:12] [327/459] MMXI
[19:10:13] [328/459] ASTC
[19:10:14] [329/459] CMRA
[19:10:14] [330/459] DICI
[19:10:15] 🔄 Identity reset
[19:10:15] 🔄 Identity rotated (every 10 requests)
[19:10:15] [331/459] KDIN
[19:10:15] [332/459] PRFI
[19:10:16] [333/459] SVFC
[19:10:17] [334/459] UCPL
[19:10:18] [335/459] COOC
[19:10:18] [336/459] SCAL
[19:10:19] [337/459] SVFF
[19:10:20] [338/459] VCMG
[19:10:20] [339/459] UUCT
[19:10:21] [340/459] GCSE
[19:10:21] 🔄 Identity reset
[19:10:21] 🔄 Identity rotated (every 10 requests)
[19:10:21] [341/459] SUSC
[19:10:22] [342/459] MISC
[19:10:23] [343/459] RMBL
[19:10:24] [344/459] CMXN
[19:10:24] [345/459] PVBK
[19:10:25] [346/459] HHCG
[19:10:25] [347/459] SCAG
[19:10:26] [348/459] CNPR
[19:10:27] [349/459] CSER
[19:10:27] [350/459] HLWD
[19:10:28] 🔄 Identity reset
[19:10:28] 🔄 Identity rotated (every 10 requests)
[19:10:28] [351/459] BOLY
[19:10:29] [352/459] SSPG
[19:10:29] [353/459] MUPX
[19:10:30] [354/459] HAMR
[19:10:31] [355/459] SDNC
[19:10:31] [356/459] RTEN
[19:10:32] [357/459] SDTD
[19:10:32] [358/459] KAWS
[19:10:33] [359/459] CMZX
[19:10:34] [360/459] DCDD
[19:10:34] 🔄 Identity reset
[19:10:34] 🔄 Identity rotated (every 10 requests)
[19:10:34] [361/459] ALSN
[19:10:35] [362/459] IMXS
[19:10:36] [363/459] PVFF
[19:10:36] [364/459] PVOO
[19:10:37] [365/459] CFBS
[19:10:37] [366/459] PVER
[19:10:38] [367/459] PPNX
[19:10:39] [368/459] CNRM
[19:10:39] [369/459] PVWW
[19:10:40] [370/459] INMB
[19:10:41] 🔄 Identity reset
[19:10:41] 🔄 Identity rotated (every 10 requests)
[19:10:41] [371/459] CPJR
[19:10:41] [372/459] INRZ
[19:10:42] [373/459] PMSR
[19:10:42] [374/459] GPGM
[19:10:43] [375/459] PGWB
[19:10:44] [376/459] PMBR
[19:10:44] [377/459] GPAM
[19:10:45] [378/459] INBC
[19:10:45] [379/459] PZVK
[19:10:46] [380/459] CPEB
[19:10:46] 🔄 Identity reset
[19:10:46] 🔄 Identity rotated (every 10 requests)
[19:10:46] [381/459] FMLB
[19:10:47] [382/459] INBG
[19:10:47] [383/459] GPBR
[19:10:48] [384/459] PAAS
[19:10:49] [385/459] VTBR
[19:10:49] [386/459] GPMY
[19:10:50] [387/459] GYBU
[19:10:50] [388/459] INBJ
[19:10:51] [389/459] LKTH
[19:10:52] [390/459] NSBR
[19:10:52] 🔄 Identity reset
[19:10:52] 🔄 Identity rotated (every 10 requests)
[19:10:52] [391/459] PDRD
[19:10:53] [392/459] VRBL
[19:10:54] [393/459] VTGB
[19:10:54] [394/459] VTSK
[19:10:55] [395/459] BKDV
[19:10:56] [396/459] SVTB
[19:10:56] [397/459] MLDT
[19:10:57] [398/459] NRBL
[19:10:58] [399/459] SLTR
[19:10:58] [400/459] VNKA
[19:10:59] 🔄 Identity reset
[19:10:59] 🔄 Identity rotated (every 10 requests)
[19:10:59] [401/459] TDCA
[19:11:00] [402/459] INBM
[19:11:00] [403/459] SSNR
[19:11:01] [404/459] BHAC
[19:11:02] [405/459] SDSD
[19:11:02] [406/459] SAMP
[19:11:03] [407/459] RATK
[19:11:03] [408/459] KCBI
[19:11:04] [409/459] URBL
[19:11:05] [410/459] MKBG
[19:11:05] 🔄 Identity reset
[19:11:05] 🔄 Identity rotated (every 10 requests)
[19:11:05] 🔄 Retry 1/5 for MKBG in 2.6s
[19:11:05] 🔄 Identity reset
[19:11:08] 🧠 New identity created
[19:11:08] [411/459] ASTB
[19:11:09] [412/459] VBWT
[19:11:09] [413/459] GPSM
[19:11:10] [414/459] ROON
[19:11:11] [415/459] CHTH
[19:11:12] [416/459] SSPA
[19:11:12] [417/459] ANBL
[19:11:13] [418/459] VTBE
[19:11:14] [419/459] SVKT
[19:11:14] 🔄 Identity reset
[19:11:15] 🔄 Identity rotated (every 10 requests)
[19:11:15] [420/459] SVYK
[19:11:15] [421/459] PTBK
[19:11:16] [422/459] RKTB
[19:11:16] [423/459] BALT
[19:11:17] [424/459] STSV
[19:11:18] [425/459] VCCB
[19:11:19] [426/459] SLTB
[19:11:19] [427/459] SBCR
[19:11:20] [428/459] VDCS
[19:11:21] [429/459] MDKI
[19:11:21] 🔄 Identity reset
[19:11:21] 🔄 Identity rotated (every 10 requests)
[19:11:21] [430/459] SMRN
[19:11:22] [431/459] PTBC
[19:11:23] [432/459] RADI
[19:11:23] [433/459] ADCR
[19:11:24] [434/459] SDCS
[19:11:24] [435/459] SRPJ
[19:11:25] [436/459] ARTS
[19:11:26] [437/459] SRHK
[19:11:26] [438/459] SPAY
[19:11:27] [439/459] GPTB
[19:11:27] 🔄 Identity reset
[19:11:27] 🔄 Identity rotated (every 10 requests)
[19:11:27] [440/459] SNNN
[19:11:28] [441/459] BALJ
[19:11:29] [442/459] TRIG
[19:11:29] [443/459] GTYT
[19:11:30] [444/459] ATGN
[19:11:30] [445/459] ANTE
[19:11:31] [446/459] BDCG
[19:11:32] [447/459] VECI
[19:11:32] [448/459] SCPR
[19:11:33] [449/459] RTEA
[19:11:34] 🔄 Identity reset
[19:11:34] 🔄 Identity rotated (every 10 requests)
[19:11:34] [450/459] JSAI
[19:11:34] [451/459] VJTP
[19:11:35] [452/459] GNDS
[19:11:36] [453/459] PAXA
[19:11:36] [454/459] CGGM
[19:11:37] [455/459] ACKZ
[19:11:37] [456/459] EMCC
[19:11:38] [457/459] KLSK
[19:11:39] [458/459] AVCK
[19:11:39] [459/459] JTCK
[19:11:40] 🔄 Identity reset
[19:11:40] 🔄 Identity rotated (every 10 requests)
[19:11:41] ✅ DONE | Shows=4362 | Movies=83
[20:06:18] 🚀 BMS DAILY TRACKER STARTED (enhanced anti‑detection)
[20:06:18] [1/459] NECA
[20:06:18] 🧠 New identity created
[20:06:19] [2/459] BJLC
[20:06:20] [3/459] BASU
[20:06:21] [4/459] RUPI
[20:06:22] [5/459] LCBK
[20:06:23] [6/459] PMAC
[20:06:24] [7/459] AMLC
[20:06:25] [8/459] LICL
[20:06:26] [9/459] UDMM
[20:06:27] [10/459] STBZ
[20:06:28] 🔄 Identity reset
[20:06:28] 🔄 Identity rotated (every 10 requests)
[20:06:28] [11/459] UUBT
[20:06:29] [12/459] SJKC
[20:06:31] [13/459] TUAL
[20:06:31] [14/459] MRSE
[20:06:32] [15/459] RMRK
[20:06:33] [16/459] TTKP
[20:06:34] [17/459] KTKO
[20:06:35] [18/459] SDBK
[20:06:36] [19/459] MCPR
[20:06:37] [20/459] CHTI
[20:06:38] 🔄 Identity reset
[20:06:38] 🔄 Identity rotated (every 10 requests)
[20:06:39] [21/459] GCCP
[20:06:40] [22/459] SRMY
[20:06:40] [23/459] NYST
[20:06:41] [24/459] NYAG
[20:06:42] [25/459] SBMT
[20:06:43] [26/459] INGA
[20:06:44] [27/459] WSIC
[20:06:45] [28/459] SCSS
[20:06:46] [29/459] COPG
[20:06:47] [30/459] RCGR
[20:06:48] 🔄 Identity reset
[20:06:48] 🔄 Identity rotated (every 10 requests)
[20:06:48] [31/459] TCZA
[20:06:49] [32/459] CNLP
[20:06:50] [33/459] CLKN
[20:06:51] [34/459] LHDF
[20:06:52] [35/459] ELKC
[20:06:53] [36/459] VCEM
[20:06:54] [37/459] SSZA
[20:06:55] [38/459] KRMT
[20:06:56] [39/459] LCMV
[20:06:56] [40/459] AYCZ
[20:06:57] 🔄 Identity reset
[20:06:57] 🔄 Identity rotated (every 10 requests)
[20:06:57] [41/459] CUMS
[20:06:58] [42/459] BOCK
[20:06:59] [43/459] PNMR
[20:07:00] [44/459] PJCP
[20:07:01] [45/459] JDDD
[20:07:02] [46/459] STMS
[20:07:02] [47/459] FLMB
[20:07:03] [48/459] PKCM
[20:07:04] [49/459] SPPR
[20:07:05] [50/459] EYLH
[20:07:06] 🔄 Identity reset
[20:07:06] 🔄 Identity rotated (every 10 requests)
[20:07:07] [51/459] RJCC
[20:07:08] [52/459] MMPS
[20:07:09] [53/459] SHMX
[20:07:09] [54/459] CCNL
[20:07:10] [55/459] RCNV
[20:07:11] [56/459] MAAG
[20:07:13] [57/459] LXCM
[20:07:14] [58/459] RCNI
[20:07:15] [59/459] SNNI
[20:07:16] [60/459] LALC
[20:07:17] 🔄 Identity reset
[20:07:17] 🔄 Identity rotated (every 10 requests)
[20:07:18] [61/459] SOCN
[20:07:19] [62/459] JHTP
[20:07:20] [63/459] PITP
[20:07:21] [64/459] CCKW
[20:07:22] [65/459] MCMC
[20:07:23] [66/459] DEES
[20:07:24] [67/459] SABT
[20:07:25] [68/459] VSPP
[20:07:26] [69/459] ABCT
[20:07:27] [70/459] JVTB
[20:07:28] 🔄 Identity reset
[20:07:28] 🔄 Identity rotated (every 10 requests)
[20:07:28] [71/459] VCBD
[20:07:29] [72/459] RMGG
[20:07:30] [73/459] RNMH
[20:07:31] [74/459] SPGL
[20:07:31] [75/459] JTTR
[20:07:32] [76/459] SICS
[20:07:33] [77/459] SRMI
[20:07:34] [78/459] SSIJ
[20:07:35] [79/459] KFMT
[20:07:36] [80/459] VBIT
[20:07:37] 🔄 Identity reset
[20:07:37] 🔄 Identity rotated (every 10 requests)
[20:07:37] 🔄 Retry 1/5 for VBIT in 2.5s
[20:07:37] 🔄 Identity reset
[20:07:39] 🧠 New identity created
[20:07:39] [81/459] JKCT
[20:07:41] [82/459] GCGP
[20:07:41] [83/459] GDCS
[20:07:42] [84/459] TRBA
[20:07:43] [85/459] QUST
[20:07:44] [86/459] VSHM
[20:07:45] [87/459] SDCP
[20:07:46] [88/459] SNVS
[20:07:47] [89/459] NYTO
[20:07:47] 🔄 Identity reset
[20:07:47] 🔄 Identity rotated (every 10 requests)
[20:07:48] [90/459] URWC
[20:07:49] [91/459] GTWH
[20:07:50] [92/459] PFCM
[20:07:50] [93/459] KRTA
[20:07:52] [94/459] AXMC
[20:07:52] [95/459] EVMC
[20:07:53] [96/459] HGSM
[20:07:54] [97/459] ACVM
[20:07:55] [98/459] PSKL
[20:07:57] [99/459] RDMP
[20:07:57] 🔄 Identity reset
[20:07:57] 🔄 Identity rotated (every 10 requests)
[20:07:58] [100/459] RHGH
[20:07:59] [101/459] OMCM
[20:07:59] [102/459] DCCP
[20:08:00] [103/459] MCPB
[20:08:02] [104/459] ALCI
[20:08:03] [105/459] BLMX
[20:08:04] [106/459] BTMV
[20:08:06] [107/459] FVPN
[20:08:07] [108/459] CMAR
[20:08:08] [109/459] CEIM
[20:08:08] 🔄 Identity reset
[20:08:08] 🔄 Identity rotated (every 10 requests)
[20:08:09] [110/459] CMVA
[20:08:10] [111/459] CPIV
[20:08:11] [112/459] CNPE
[20:08:12] [113/459] COLV
[20:08:13] [114/459] DNNV
[20:08:14] [115/459] HCAD
[20:08:15] [116/459] TAKA
[20:08:16] [117/459] INVD
[20:08:17] [118/459] IRMM
[20:08:18] [119/459] INSE
[20:08:18] 🔄 Identity reset
[20:08:18] 🔄 Identity rotated (every 10 requests)
[20:08:20] [120/459] MRSW
[20:08:21] [121/459] MCVD
[20:08:23] [122/459] MCSO
[20:08:24] [123/459] PEVM
[20:08:26] [124/459] PVNL
[20:08:27] [125/459] PTCV
[20:08:29] [126/459] PRTC
[20:08:32] [127/459] RCVA
[20:08:33] [128/459] MTBN
[20:08:35] [129/459] LUCP
[20:08:35] 🔄 Identity reset
[20:08:35] 🔄 Identity rotated (every 10 requests)
[20:08:36] [130/459] FMPT
[20:08:36] [131/459] JLSL
[20:08:37] [132/459] SBHA
[20:08:38] [133/459] SHRC
[20:08:39] [134/459] AVPS
[20:08:41] [135/459] STPM
[20:08:41] [136/459] ATRD
[20:08:42] [137/459] VTED
[20:08:43] [138/459] ACAI
[20:08:44] [139/459] SMAE
[20:08:45] 🔄 Identity reset
[20:08:45] 🔄 Identity rotated (every 10 requests)
[20:08:45] [140/459] VMAT
[20:08:46] [141/459] LKCT
[20:08:47] [142/459] JTVK
[20:08:49] [143/459] PRTY
[20:08:50] [144/459] GETT
[20:08:51] [145/459] ESAP
[20:08:52] [146/459] NCPM
[20:08:53] [147/459] PCPA
[20:08:54] [148/459] MMOM
[20:08:55] [149/459] PHUP
[20:08:55] 🔄 Identity reset
[20:08:55] 🔄 Identity rotated (every 10 requests)
[20:08:56] [150/459] CCPI
[20:08:57] [151/459] CNTD
[20:08:58] [152/459] NLJR
[20:08:59] [153/459] SRNG
[20:09:00] [154/459] MHAL
[20:09:01] [155/459] PNSM
[20:09:01] [156/459] DRMY
[20:09:02] [157/459] CCMU
[20:09:03] [158/459] SCMY
[20:09:04] [159/459] PVSY
[20:09:05] 🔄 Identity reset
[20:09:05] 🔄 Identity rotated (every 10 requests)
[20:09:06] [160/459] SDLM
[20:09:07] [161/459] ICCM
[20:09:08] [162/459] PYSU
[20:09:09] [163/459] GATM
[20:09:10] [164/459] WOTM
[20:09:10] [165/459] RKTS
[20:09:11] [166/459] PMTY
[20:09:12] [167/459] LYMS
[20:09:13] [168/459] TGCA
[20:09:14] [169/459] DSTA
[20:09:14] 🔄 Identity reset
[20:09:14] 🔄 Identity rotated (every 10 requests)
[20:09:15] [170/459] CNGE
[20:09:16] [171/459] VSTG
[20:09:17] [172/459] GTCK
[20:09:18] [173/459] TGNT
[20:09:19] [174/459] ASLC
[20:09:20] [175/459] SSST
[20:09:21] [176/459] KBTT
[20:09:23] [177/459] HKCP
[20:09:24] [178/459] SWLC
[20:09:24] [179/459] RTND
[20:09:25] 🔄 Identity reset
[20:09:25] 🔄 Identity rotated (every 10 requests)
[20:09:25] 🔄 Retry 1/5 for RTND in 2.9s
[20:09:25] 🔄 Identity reset
[20:09:28] 🧠 New identity created
[20:09:28] [180/459] PKKT
[20:09:29] [181/459] HSTK
[20:09:30] [182/459] SPTT
[20:09:31] [183/459] IMPM
[20:09:32] [184/459] SCMV
[20:09:33] [185/459] SPCT
[20:09:34] [186/459] JBCA
[20:09:35] [187/459] ATTR
[20:09:35] [188/459] SPMT
[20:09:36] 🔄 Identity reset
[20:09:36] 🔄 Identity rotated (every 10 requests)
[20:09:36] [189/459] LCTM
[20:09:37] [190/459] SCVL
[20:09:38] [191/459] SCVT
[20:09:40] [192/459] KRIC
[20:09:41] [193/459] CTMG
[20:09:42] [194/459] ACNC
[20:09:43] [195/459] DMCK
[20:09:44] [196/459] KMTV
[20:09:45] [197/459] PFCJ
[20:09:46] [198/459] VNMD
[20:09:46] 🔄 Identity reset
[20:09:46] 🔄 Identity rotated (every 10 requests)
[20:09:47] [199/459] VPCZ
[20:09:47] [200/459] SRYR
[20:09:49] [201/459] SYTR
[20:09:50] [202/459] GATR
[20:09:51] [203/459] URTR
[20:09:53] [204/459] MKSM
[20:09:54] [205/459] VSMH
[20:09:55] [206/459] SKRJ
[20:09:55] [207/459] SSJR
[20:09:56] [208/459] SVSM
[20:09:57] 🔄 Identity reset
[20:09:57] 🔄 Identity rotated (every 10 requests)
[20:09:57] [209/459] RUCM
[20:09:58] [210/459] PRKN
[20:09:59] [211/459] RROH
[20:10:00] [212/459] SCTN
[20:10:01] [213/459] RTDM
[20:10:01] [214/459] ASRM
[20:10:02] [215/459] SKMD
[20:10:03] [216/459] SUTD
[20:10:04] [217/459] SADM
[20:10:05] [218/459] WCNR
[20:10:06] 🔄 Identity reset
[20:10:06] 🔄 Identity rotated (every 10 requests)
[20:10:06] [219/459] CNED
[20:10:07] [220/459] MPDB
[20:10:08] [221/459] KTBH
[20:10:10] [222/459] IDRM
[20:10:11] [223/459] PJJT
[20:10:12] [224/459] PFCV
[20:10:13] [225/459] AACT
[20:10:14] [226/459] AAAD
[20:10:15] [227/459] ANES
[20:10:16] [228/459] MNCA
[20:10:17] 🔄 Identity reset
[20:10:17] 🔄 Identity rotated (every 10 requests)
[20:10:17] [229/459] RMGU
[20:10:18] [230/459] DLCN
[20:10:19] [231/459] LJWT
[20:10:20] [232/459] MCBG
[20:10:21] [233/459] MYBG
[20:10:22] [234/459] GCCA
[20:10:23] [235/459] GCGA
[20:10:24] [236/459] ECGN
[20:10:25] [237/459] PRAB
[20:10:26] [238/459] PNMP
[20:10:26] 🔄 Identity reset
[20:10:26] 🔄 Identity rotated (every 10 requests)
[20:10:27] [239/459] GCPT
[20:10:28] [240/459] ROYN
[20:10:29] [241/459] VATM
[20:10:30] [242/459] KSNT
[20:10:31] [243/459] ACTC
[20:10:32] [244/459] PLTD
[20:10:33] [245/459] SKMK
[20:10:34] [246/459] CMTT
[20:10:35] [247/459] SMXP
[20:10:36] [248/459] SCMX
[20:10:36] 🔄 Identity reset
[20:10:36] 🔄 Identity rotated (every 10 requests)
[20:10:37] [249/459] ACXN
[20:10:38] [250/459] ASWT
[20:10:38] [251/459] VVVL
[20:10:39] [252/459] NAGO
[20:10:40] [253/459] SNCN
[20:10:41] [254/459] MCKP
[20:10:42] [255/459] SAMO
[20:10:43] [256/459] JBTV
[20:10:44] [257/459] DCVV
[20:10:45] [258/459] KMSV
[20:10:45] 🔄 Identity reset
[20:10:45] 🔄 Identity rotated (every 10 requests)
[20:10:46] [259/459] KDCN
[20:10:47] [260/459] CNCP
[20:10:47] [261/459] HAMC
[20:10:48] [262/459] CCVZ
[20:10:49] [263/459] NCCK
[20:10:50] [264/459] MCHR
[20:10:51] [265/459] SCHT
[20:10:52] [266/459] ESSH
[20:10:53] [267/459] CUJC
[20:10:54] [268/459] PECP
[20:10:54] 🔄 Identity reset
[20:10:54] 🔄 Identity rotated (every 10 requests)
[20:10:55] [269/459] PMMI
[20:10:56] [270/459] PCCH
[20:10:57] [271/459] PRPM
[20:10:58] [272/459] PVKL
[20:10:59] [273/459] CBSM
[20:10:59] [274/459] PVCZ
[20:11:00] [275/459] PCVV
[20:11:01] [276/459] CTMJ
[20:11:02] [277/459] RCPS
[20:11:03] [278/459] PCIT
[20:11:04] 🔄 Identity reset
[20:11:04] 🔄 Identity rotated (every 10 requests)
[20:11:04] [279/459] FNCH
[20:11:05] [280/459] INZD
[20:11:06] [281/459] INPC
[20:11:08] [282/459] LCZP
[20:11:09] [283/459] SMCB
[20:11:10] [284/459] PTSB
[20:11:11] [285/459] TPSI
[20:11:12] [286/459] KHMJ
[20:11:13] [287/459] RCCJ
[20:11:14] [288/459] NCJA
[20:11:15] 🔄 Identity reset
[20:11:15] 🔄 Identity rotated (every 10 requests)
[20:11:15] [289/459] NCJN
[20:11:16] [290/459] BTDP
[20:11:17] [291/459] PADY
[20:11:18] [292/459] NYBH
[20:11:19] [293/459] MTBR
[20:11:20] [294/459] KRBC
[20:11:21] [295/459] DKTI
[20:11:22] [296/459] ANAN
[20:11:22] [297/459] INBP
[20:11:23] [298/459] PATB
[20:11:24] 🔄 Identity reset
[20:11:24] 🔄 Identity rotated (every 10 requests)
[20:11:25] [299/459] RGNT
[20:11:25] [300/459] CGPM
[20:11:27] [301/459] INTN
[20:11:28] [302/459] MCMP
[20:11:29] [303/459] ASRG
[20:11:30] [304/459] CXJD
[20:11:31] [305/459] SPCP
[20:11:32] [306/459] CSTP
[20:11:32] [307/459] PKVC
[20:11:33] [308/459] ESCP
[20:11:34] 🔄 Identity reset
[20:11:34] 🔄 Identity rotated (every 10 requests)
[20:11:35] [309/459] CAEP
[20:11:35] [310/459] CCSP
[20:11:36] [311/459] KTPC
[20:11:37] [312/459] DACA
[20:11:38] [313/459] NVKY
[20:11:39] [314/459] PTIN
[20:11:40] [315/459] SCIN
[20:11:41] [316/459] MCTY
[20:11:42] [317/459] PCMX
[20:11:43] [318/459] INIC
[20:11:44] 🔄 Identity reset
[20:11:44] 🔄 Identity rotated (every 10 requests)
[20:11:44] [319/459] MMZM
[20:11:46] [320/459] SSLP
[20:11:47] [321/459] DTDT
[20:11:48] [322/459] FFCX
[20:11:49] [323/459] RCMM
[20:11:50] [324/459] KYID
[20:11:51] [325/459] CSCI
[20:11:51] [326/459] FCMC
[20:11:52] [327/459] MMXI
[20:11:53] [328/459] ASTC
[20:11:54] 🔄 Identity reset
[20:11:54] 🔄 Identity rotated (every 10 requests)
[20:11:55] [329/459] CMRA
[20:11:57] [330/459] DICI
[20:11:57] [331/459] KDIN
[20:11:58] [332/459] PRFI
[20:11:59] [333/459] SVFC
[20:12:01] [334/459] UCPL
[20:12:02] [335/459] COOC
[20:12:03] [336/459] SCAL
[20:12:05] [337/459] SVFF
[20:12:07] [338/459] VCMG
[20:12:07] 🔄 Identity reset
[20:12:07] 🔄 Identity rotated (every 10 requests)
[20:12:07] [339/459] UUCT
[20:12:08] [340/459] GCSE
[20:12:09] [341/459] SUSC
[20:12:10] [342/459] MISC
[20:12:12] [343/459] RMBL
[20:12:13] [344/459] CMXN
[20:12:14] [345/459] PVBK
[20:12:15] [346/459] HHCG
[20:12:15] [347/459] SCAG
[20:12:16] [348/459] CNPR
[20:12:17] 🔄 Identity reset
[20:12:17] 🔄 Identity rotated (every 10 requests)
[20:12:17] [349/459] CSER
[20:12:18] [350/459] HLWD
[20:12:19] [351/459] BOLY
[20:12:20] [352/459] SSPG
[20:12:21] [353/459] MUPX
[20:12:22] [354/459] HAMR
[20:12:23] [355/459] SDNC
[20:12:23] [356/459] RTEN
[20:12:24] [357/459] SDTD
[20:12:25] [358/459] KAWS
[20:12:26] 🔄 Identity reset
[20:12:26] 🔄 Identity rotated (every 10 requests)
[20:12:26] [359/459] CMZX
[20:12:27] [360/459] DCDD
[20:12:28] [361/459] ALSN
[20:12:29] [362/459] IMXS
[20:12:30] [363/459] PVFF
[20:12:31] [364/459] PVOO
[20:12:32] [365/459] CFBS
[20:12:33] [366/459] PVER
[20:12:34] [367/459] PPNX
[20:12:34] [368/459] CNRM
[20:12:35] 🔄 Identity reset
[20:12:35] 🔄 Identity rotated (every 10 requests)
[20:12:35] 🔄 Retry 1/5 for CNRM in 3.0s
[20:12:35] 🔄 Identity reset
[20:12:38] 🧠 New identity created
[20:12:38] [369/459] PVWW
[20:12:39] [370/459] INMB
[20:12:40] [371/459] CPJR
[20:12:41] [372/459] INRZ
[20:12:42] [373/459] PMSR
[20:12:43] [374/459] GPGM
[20:12:44] [375/459] PGWB
[20:12:45] [376/459] PMBR
[20:12:46] [377/459] GPAM
[20:12:47] 🔄 Identity reset
[20:12:47] 🔄 Identity rotated (every 10 requests)
[20:12:47] [378/459] INBC
[20:12:48] [379/459] PZVK
[20:12:49] [380/459] CPEB
[20:12:50] [381/459] FMLB
[20:12:50] [382/459] INBG
[20:12:51] [383/459] GPBR
[20:12:52] [384/459] PAAS
[20:12:53] [385/459] VTBR
[20:12:54] [386/459] GPMY
[20:12:55] [387/459] GYBU
[20:12:56] 🔄 Identity reset
[20:12:56] 🔄 Identity rotated (every 10 requests)
[20:12:56] [388/459] INBJ
[20:12:57] [389/459] LKTH
[20:12:58] [390/459] NSBR
[20:12:59] [391/459] PDRD
[20:13:00] [392/459] VRBL
[20:13:01] [393/459] VTGB
[20:13:02] [394/459] VTSK
[20:13:03] [395/459] BKDV
[20:13:04] [396/459] SVTB
[20:13:05] [397/459] MLDT
[20:13:06] 🔄 Identity reset
[20:13:06] 🔄 Identity rotated (every 10 requests)
[20:13:06] [398/459] NRBL
[20:13:07] [399/459] SLTR
[20:13:08] [400/459] VNKA
[20:13:09] [401/459] TDCA
[20:13:10] [402/459] INBM
[20:13:11] [403/459] SSNR
[20:13:12] [404/459] BHAC
[20:13:13] [405/459] SDSD
[20:13:13] [406/459] SAMP
[20:13:14] [407/459] RATK
[20:13:15] 🔄 Identity reset
[20:13:15] 🔄 Identity rotated (every 10 requests)
[20:13:15] [408/459] KCBI
[20:13:17] [409/459] URBL
[20:13:18] [410/459] MKBG
[20:13:19] [411/459] ASTB
[20:13:20] [412/459] VBWT
[20:13:21] [413/459] GPSM
[20:13:22] [414/459] ROON
[20:13:23] [415/459] CHTH
[20:13:24] [416/459] SSPA
[20:13:25] [417/459] ANBL
[20:13:25] 🔄 Identity reset
[20:13:25] 🔄 Identity rotated (every 10 requests)
[20:13:26] [418/459] VTBE
[20:13:27] [419/459] SVKT
[20:13:28] [420/459] SVYK
[20:13:29] [421/459] PTBK
[20:13:29] [422/459] RKTB
[20:13:30] [423/459] BALT
[20:13:31] [424/459] STSV
[20:13:32] [425/459] VCCB
[20:13:33] [426/459] SLTB
[20:13:34] [427/459] SBCR
[20:13:34] 🔄 Identity reset
[20:13:34] 🔄 Identity rotated (every 10 requests)
[20:13:35] [428/459] VDCS
[20:13:36] [429/459] MDKI
[20:13:36] [430/459] SMRN
[20:13:37] [431/459] PTBC
[20:13:38] [432/459] RADI
[20:13:39] [433/459] ADCR
[20:13:40] [434/459] SDCS
[20:13:41] [435/459] SRPJ
[20:13:42] [436/459] ARTS
[20:13:43] [437/459] SRHK
[20:13:44] 🔄 Identity reset
[20:13:44] 🔄 Identity rotated (every 10 requests)
[20:13:44] [438/459] SPAY
[20:13:45] [439/459] GPTB
[20:13:46] [440/459] SNNN
[20:13:47] [441/459] BALJ
[20:13:47] [442/459] TRIG
[20:13:48] [443/459] GTYT
[20:13:50] [444/459] ATGN
[20:13:52] [445/459] ANTE
[20:13:53] [446/459] BDCG
[20:13:54] [447/459] VECI
[20:13:55] 🔄 Identity reset
[20:13:55] 🔄 Identity rotated (every 10 requests)
[20:13:56] [448/459] SCPR
[20:13:57] [449/459] RTEA
[20:13:58] [450/459] JSAI
[20:13:58] [451/459] VJTP
[20:13:59] [452/459] GNDS
[20:14:00] [453/459] PAXA
[20:14:01] [454/459] CGGM
[20:14:02] [455/459] ACKZ
[20:14:03] [456/459] EMCC
[20:14:04] [457/459] KLSK
[20:14:05] 🔄 Identity reset
[20:14:05] 🔄 Identity rotated (every 10 requests)
[20:14:05] [458/459] AVCK
[20:14:06] [459/459] JTCK
[20:14:07] ✅ DONE | Shows=4506 | Movies=83
