[17:50:18] 🚀 SCRIPT STARTED (enhanced anti‑detection)
[17:50:18] [1/458] MBDC
[17:50:19] 🧠 New identity created
[17:50:19] [2/458] CHKM
[17:50:20] [3/458] JTKZ
[17:50:21] [4/458] CMCT
[17:50:22] [5/458] ASHO
[17:50:23] [6/458] ECDG
[17:50:24] [7/458] SPAT
[17:50:25] [8/458] HILC
[17:50:27] [9/458] SPPH
[17:50:28] [10/458] SBHN
[17:50:29] 🔄 Identity reset
[17:50:29] 🔄 Identity rotated (every 10 requests)
[17:50:29] [11/458] RRCA
[17:50:30] [12/458] APAA
[17:50:31] [13/458] RAME
[17:50:32] [14/458] TMMS
[17:50:33] [15/458] BATK
[17:50:35] [16/458] LKOP
[17:50:36] [17/458] AMTT
[17:50:37] [18/458] PTGK
[17:50:38] [19/458] ANRS
[17:50:39] [20/458] VWBW
[17:50:40] 🔄 Identity reset
[17:50:40] 🔄 Identity rotated (every 10 requests)
[17:50:40] [21/458] SVFG
[17:50:42] [22/458] STAT
[17:50:43] [23/458] GDCV
[17:50:44] [24/458] VEBI
[17:50:45] [25/458] VDSS
[17:50:46] [26/458] NTHV
[17:50:48] [27/458] AOCH
[17:50:49] [28/458] KASR
[17:50:49] [29/458] AYCS
[17:50:50] [30/458] SHAI
[17:50:51] 🔄 Identity reset
[17:50:51] 🔄 Identity rotated (every 10 requests)
[17:50:51] [31/458] SKPE
[17:50:52] [32/458] SBTA
[17:50:53] [33/458] RTTD
[17:50:54] [34/458] CCJD
[17:50:55] [35/458] RSJJ
[17:50:56] [36/458] RKND
[17:50:58] [37/458] SVTX
[17:50:59] [38/458] BAKM
[17:51:00] [39/458] SVDC
[17:51:00] [40/458] MNCV
[17:51:01] 🔄 Identity reset
[17:51:01] 🔄 Identity rotated (every 10 requests)
[17:51:01] [41/458] SJGC
[17:51:02] [42/458] MTPK
[17:51:03] [43/458] GATP
[17:51:04] [44/458] ABTS
[17:51:06] [45/458] ABDE
[17:51:07] [46/458] RCNM
[17:51:07] [47/458] KTHV
[17:51:08] [48/458] MDGJ
[17:51:09] [49/458] SMLM
[17:51:10] [50/458] JTMA
[17:51:11] 🔄 Identity reset
[17:51:11] 🔄 Identity rotated (every 10 requests)
[17:51:11] [51/458] ACKP
[17:51:12] [52/458] SRTA
[17:51:13] [53/458] STAY
[17:51:14] [54/458] MAVO
[17:51:15] [55/458] APTS
[17:51:15] [56/458] OMEA
[17:51:16] [57/458] TTFD
[17:51:17] [58/458] MJCU
[17:51:18] [59/458] CXTE
[17:51:19] [60/458] CTPX
[17:51:20] 🔄 Identity reset
[17:51:20] 🔄 Identity rotated (every 10 requests)
[17:51:21] [61/458] ASSL
[17:51:22] [62/458] CMVB
[17:51:23] [63/458] VPUR
[17:51:24] [64/458] JJDA
[17:51:25] [65/458] INBL
[17:51:26] [66/458] BIKB
[17:51:27] [67/458] NTBB
[17:51:28] [68/458] GLOB
[17:51:29] [69/458] SNTB
[17:51:30] [70/458] CHGV
[17:51:30] 🔄 Identity reset
[17:51:30] 🔄 Identity rotated (every 10 requests)
[17:51:31] [71/458] SSBZ
[17:51:32] [72/458] PRDB
[17:51:33] [73/458] ISMT
[17:51:34] [74/458] MCSD
[17:51:35] [75/458] JBTT
[17:51:36] [76/458] GEKR
[17:51:36] [77/458] PVUN
[17:51:37] [78/458] NRTB
[17:51:39] [79/458] PRAA
[17:51:40] [80/458] PCBL
[17:51:40] 🔄 Identity reset
[17:51:40] 🔄 Identity rotated (every 10 requests)
[17:51:41] [81/458] PTCM
[17:51:42] [82/458] KHNN
[17:51:43] [83/458] OMJE
[17:51:43] [84/458] STGN
[17:51:44] [85/458] RPMS
[17:51:45] [86/458] NWAD
[17:51:46] [87/458] BLCK
[17:51:47] [88/458] SVAA
[17:51:48] [89/458] URVM
[17:51:49] [90/458] ANTM
[17:51:50] 🔄 Identity reset
[17:51:50] 🔄 Identity rotated (every 10 requests)
[17:51:50] [91/458] VJYM
[17:51:51] [92/458] MAZZ
[17:51:52] [93/458] CSHM
[17:51:53] [94/458] WGMH
[17:51:54] [95/458] SALN
[17:51:55] [96/458] BRTP
[17:51:56] [97/458] SVTA
[17:51:56] [98/458] SBTP
[17:51:57] [99/458] VLSS
[17:51:58] [100/458] SRJA
[17:51:59] 🔄 Identity reset
[17:51:59] 🔄 Identity rotated (every 10 requests)
[17:51:59] [101/458] ANCG
[17:52:00] [102/458] CGGC
[17:52:01] [103/458] CRJA
[17:52:02] [104/458] USCR
[17:52:03] [105/458] MMEF
[17:52:04] [106/458] JCRJ
[17:52:05] [107/458] ADCM
[17:52:06] [108/458] BMYK
[17:52:07] [109/458] KICS
[17:52:08] [110/458] MBBT
[17:52:08] 🔄 Identity reset
[17:52:08] 🔄 Identity rotated (every 10 requests)
[17:52:08] [111/458] MACK
[17:52:10] [112/458] CLDR
[17:52:12] [113/458] JYCR
[17:52:13] [114/458] DCRP
[17:52:14] [115/458] RAHT
[17:52:15] [116/458] CSSM
[17:52:16] [117/458] ATPK
[17:52:17] [118/458] KLRT
[17:52:18] [119/458] SRDD
[17:52:19] [120/458] CKMC
[17:52:20] 🔄 Identity reset
[17:52:20] 🔄 Identity rotated (every 10 requests)
[17:52:20] [121/458] KRVM
[17:52:21] [122/458] AKCP
[17:52:22] [123/458] CNCV
[17:52:23] [124/458] PACT
[17:52:24] [125/458] NATP
[17:52:25] [126/458] PCPK
[17:52:26] [127/458] SMHO
[17:52:27] [128/458] CWTK
[17:52:28] [129/458] RVKZ
[17:52:29] [130/458] ASPD
[17:52:29] 🔄 Identity reset
[17:52:29] 🔄 Identity rotated (every 10 requests)
[17:52:30] [131/458] VTKZ
[17:52:31] [132/458] LCSO
[17:52:32] [133/458] PRDY
[17:52:33] [134/458] RCAP
[17:52:33] [135/458] RGAR
[17:52:34] [136/458] RCAC
[17:52:35] [137/458] PMOD
[17:52:36] [138/458] PVCN
[17:52:37] [139/458] SCRZ
[17:52:38] [140/458] PVPC
[17:52:38] 🔄 Identity reset
[17:52:39] 🔄 Identity rotated (every 10 requests)
[17:52:39] [141/458] STID
[17:52:40] [142/458] NEDD
[17:52:41] [143/458] BNBA
[17:52:42] [144/458] NTCD
[17:52:43] [145/458] OCDE
[17:52:44] [146/458] CCDU
[17:52:45] [147/458] CRXH
[17:52:46] [148/458] VLVT
[17:52:46] [149/458] CICI
[17:52:47] [150/458] SUCB
[17:52:48] 🔄 Identity reset
[17:52:48] 🔄 Identity rotated (every 10 requests)
[17:52:48] [151/458] TCBP
[17:52:49] [152/458] SCCY
[17:52:50] [153/458] LXCY
[17:52:51] [154/458] NCMD
[17:52:52] [155/458] PHCS
[17:52:53] [156/458] DUXR
[17:52:54] [157/458] VNKS
[17:52:54] [158/458] SEDP
[17:52:55] [159/458] SVEN
[17:52:56] [160/458] SRKM
[17:52:56] 🔄 Identity reset
[17:52:57] 🔄 Identity rotated (every 10 requests)
[17:52:57] [161/458] JTLT
[17:52:58] [162/458] SVSS
[17:52:59] [163/458] AMDE
[17:52:59] [164/458] WVRN
[17:53:00] [165/458] ISMG
[17:53:02] [166/458] WVKS
[17:53:03] [167/458] USCG
[17:53:03] [168/458] IOTG
[17:53:05] [169/458] RRJM
[17:53:05] [170/458] EDMP
[17:53:06] 🔄 Identity reset
[17:53:06] 🔄 Identity rotated (every 10 requests)
[17:53:06] [171/458] SCGZ
[17:53:07] [172/458] GMGX
[17:53:08] [173/458] OMTP
[17:53:09] [174/458] MITD
[17:53:10] [175/458] SMMD
[17:53:11] [176/458] STML
[17:53:11] [177/458] MCFS
[17:53:12] [178/458] FPKA
[17:53:13] [179/458] OMLR
[17:53:14] [180/458] KKSC
[17:53:15] 🔄 Identity reset
[17:53:15] 🔄 Identity rotated (every 10 requests)
[17:53:15] [181/458] RVMA
[17:53:16] [182/458] SCLL
[17:53:17] [183/458] SCDK
[17:53:18] [184/458] SXMI
[17:53:20] [185/458] SHDN
[17:53:21] [186/458] PAAD
[17:53:21] [187/458] UUCB
[17:53:22] [188/458] JHOL
[17:53:23] [189/458] SGWT
[17:53:24] [190/458] SRII
[17:53:25] 🔄 Identity reset
[17:53:25] 🔄 Identity rotated (every 10 requests)
[17:53:25] [191/458] SGCK
[17:53:26] [192/458] SVVB
[17:53:27] [193/458] DMHA
[17:53:28] [194/458] PPNL
[17:53:28] [195/458] CPNL
[17:53:29] [196/458] WVLD
[17:53:30] [197/458] PSLV
[17:53:32] [198/458] VTTL
[17:53:33] [199/458] NPAD
[17:53:34] [200/458] PVCS
[17:53:34] 🔄 Identity reset
[17:53:34] 🔄 Identity rotated (every 10 requests)
[17:53:35] [201/458] MCHL
[17:53:36] [202/458] PPLL
[17:53:37] [203/458] MALO
[17:53:38] [204/458] SWBH
[17:53:39] [205/458] PUGB
[17:53:40] [206/458] INBB
[17:53:41] [207/458] INNS
[17:53:42] [208/458] MCPT
[17:53:43] [209/458] SCMI
[17:53:44] [210/458] OCON
[17:53:45] 🔄 Identity reset
[17:53:45] 🔄 Identity rotated (every 10 requests)
[17:53:46] [211/458] SCSM
[17:53:47] [212/458] RJVN
[17:53:47] [213/458] AMDK
[17:53:48] [214/458] ISMR
[17:53:49] [215/458] SMTD
[17:53:50] [216/458] VTDD
[17:53:51] [217/458] PDDZ
[17:53:52] [218/458] PCCK
[17:53:54] [219/458] INAM
[17:53:55] [220/458] FNKT
[17:53:55] 🔄 Identity reset
[17:53:55] 🔄 Identity rotated (every 10 requests)
[17:53:56] [221/458] GDKA
[17:53:57] [222/458] MAYU
[17:53:58] [223/458] TCGU
[17:53:59] [224/458] KDCA
[17:54:00] [225/458] DOMY
[17:54:01] [226/458] PDDD
[17:54:02] [227/458] BJTS
[17:54:03] [228/458] VTCA
[17:54:03] [229/458] SBTM
[17:54:04] [230/458] SEET
[17:54:05] 🔄 Identity reset
[17:54:05] 🔄 Identity rotated (every 10 requests)
[17:54:05] [231/458] SSTJ
[17:54:07] [232/458] SVNT
[17:54:08] [233/458] PPPR
[17:54:09] [234/458] PVYS
[17:54:10] [235/458] IOSE
[17:54:11] [236/458] ACTV
[17:54:12] [237/458] APVE
[17:54:12] [238/458] TCCL
[17:54:13] [239/458] SCMO
[17:54:14] [240/458] SAUM
[17:54:15] 🔄 Identity reset
[17:54:15] 🔄 Identity rotated (every 10 requests)
[17:54:15] [241/458] KCJS
[17:54:16] [242/458] NJCJ
[17:54:17] [243/458] NECF
[17:54:18] [244/458] CCGW
[17:54:18] [245/458] CCMG
[17:54:20] [246/458] NYRG
[17:54:21] [247/458] NCSQ
[17:54:22] [248/458] GRCG
[17:54:23] [249/458] CCBT
[17:54:24] [250/458] ACGA
[17:54:25] 🔄 Identity reset
[17:54:25] 🔄 Identity rotated (every 10 requests)
[17:54:26] [251/458] INAG
[17:54:27] [252/458] FUCG
[17:54:27] [253/458] AICF
[17:54:28] [254/458] GRGA
[17:54:29] [255/458] GDCN
[17:54:30] [256/458] RRCG
[17:54:31] [257/458] SDCH
[17:54:32] [258/458] WVJM
[17:54:33] [259/458] JCCZ
[17:54:34] [260/458] CNCL
[17:54:35] 🔄 Identity reset
[17:54:35] 🔄 Identity rotated (every 10 requests)
[17:54:35] [261/458] TMLV
[17:54:37] [262/458] MEMB
[17:54:38] [263/458] SGTD
[17:54:39] [264/458] CONX
[17:54:41] [265/458] CCMH
[17:54:41] [266/458] ACMC
[17:54:42] [267/458] DTPD
[17:54:43] [268/458] POJA
[17:54:44] [269/458] FNBH
[17:54:45] [270/458] CGCB
[17:54:45] 🔄 Identity reset
[17:54:45] 🔄 Identity rotated (every 10 requests)
[17:54:46] [271/458] RACN
[17:54:47] [272/458] JTSM
[17:54:48] [273/458] SCDN
[17:54:48] [274/458] AACK
[17:54:49] [275/458] RMCE
[17:54:50] [276/458] BSGB
[17:54:51] [277/458] MRCB
[17:54:52] [278/458] SRVR
[17:54:53] [279/458] VTKK
[17:54:54] [280/458] AMST
[17:54:55] 🔄 Identity reset
[17:54:55] 🔄 Identity rotated (every 10 requests)
[17:54:55] [281/458] APCY
[17:54:56] [282/458] LMHO
[17:54:57] [283/458] MTZH
[17:54:59] [284/458] AMZB
[17:55:00] [285/458] SUVT
[17:55:01] [286/458] RCIP
[17:55:02] [287/458] KESR
[17:55:03] [288/458] SNKC
[17:55:04] [289/458] SCED
[17:55:05] [290/458] DVCA
[17:55:06] 🔄 Identity reset
[17:55:06] 🔄 Identity rotated (every 10 requests)
[17:55:06] [291/458] VCDT
[17:55:07] [292/458] RRDI
[17:55:08] [293/458] DFCH
[17:55:09] [294/458] INSC
[17:55:10] [295/458] RGTR
[17:55:11] [296/458] FMOT
[17:55:12] [297/458] SCPM
[17:55:13] [298/458] GCDT
[17:55:14] [299/458] BRKT
[17:55:15] [300/458] DEMP
[17:55:15] 🔄 Identity reset
[17:55:15] 🔄 Identity rotated (every 10 requests)
[17:55:17] [301/458] SRLC
[17:55:17] [302/458] KSTT
[17:55:18] [303/458] SMMT
[17:55:19] [304/458] SILM
[17:55:20] [305/458] JCVM
[17:55:21] [306/458] KCSV
[17:55:22] [307/458] MHLK
[17:55:23] [308/458] SLVL
[17:55:23] [309/458] RJKP
[17:55:24] [310/458] BBPC
[17:55:25] 🔄 Identity reset
[17:55:25] 🔄 Identity rotated (every 10 requests)
[17:55:25] [311/458] MXCB
[17:55:26] [312/458] TCPK
[17:55:28] [313/458] RTBR
[17:55:28] [314/458] GAUT
[17:55:29] [315/458] DVCF
[17:55:31] [316/458] JTSB
[17:55:32] [317/458] SBLS
[17:55:33] [318/458] UDAY
[17:55:33] [319/458] PTNP
[17:55:34] [320/458] DMKT
[17:55:35] 🔄 Identity reset
[17:55:35] 🔄 Identity rotated (every 10 requests)
[17:55:35] [321/458] NTDT
[17:55:36] [322/458] SHDJ
[17:55:38] [323/458] OTNC
[17:55:39] [324/458] RNTW
[17:55:39] [325/458] GCMI
[17:55:40] [326/458] CRCM
[17:55:41] [327/458] NNCZ
[17:55:42] [328/458] OEMO
[17:55:43] [329/458] PVJM
[17:55:44] [330/458] CPJI
[17:55:44] 🔄 Identity reset
[17:55:44] 🔄 Identity rotated (every 10 requests)
[17:55:45] [331/458] RMCJ
[17:55:46] [332/458] CNWJ
[17:55:46] [333/458] EPJM
[17:55:47] [334/458] FNJJ
[17:55:48] [335/458] GCMJ
[17:55:49] [336/458] INPS
[17:55:50] [337/458] BICJ
[17:55:51] [338/458] ISTJ
[17:55:52] [339/458] INJC
[17:55:53] [340/458] GLXJ
[17:55:53] 🔄 Identity reset
[17:55:53] 🔄 Identity rotated (every 10 requests)
[17:55:54] [341/458] INEM
[17:55:55] [342/458] JTMN
[17:55:57] [343/458] FRCJ
[17:55:58] [344/458] DDJP
[17:55:59] [345/458] INJV
[17:56:00] [346/458] GOLC
[17:56:01] [347/458] KOCI
[17:56:02] [348/458] FSTD
[17:56:03] [349/458] PACJ
[17:56:04] [350/458] GMCN
[17:56:04] 🔄 Identity reset
[17:56:04] 🔄 Identity rotated (every 10 requests)
[17:56:05] [351/458] MMDJ
[17:56:06] [352/458] GODH
[17:56:06] [353/458] SKYN
[17:56:07] [354/458] NCTH
[17:56:08] [355/458] SKVZ
[17:56:10] [356/458] SVML
[17:56:11] [357/458] ACVZ
[17:56:12] [358/458] SURA
[17:56:13] [359/458] RTRB
[17:56:14] [360/458] LLCT
[17:56:15] 🔄 Identity reset
[17:56:15] 🔄 Identity rotated (every 10 requests)
[17:56:15] [361/458] ATTS
[17:56:16] [362/458] JYCM
[17:56:17] [363/458] CTKR
[17:56:18] [364/458] LCKR
[17:56:19] [365/458] NYCV
[17:56:20] [366/458] NYOH
[17:56:21] [367/458] NOVX
[17:56:22] [368/458] MRGK
[17:56:23] [369/458] MOON
[17:56:25] [370/458] SBUC
[17:56:26] 🔄 Identity reset
[17:56:26] 🔄 Identity rotated (every 10 requests)
[17:56:26] [371/458] GSVA
[17:56:27] [372/458] VIAK
[17:56:28] [373/458] SMVZ
[17:56:29] [374/458] MATE
[17:56:30] [375/458] RDCN
[17:56:30] [376/458] ASBL
[17:56:31] [377/458] ASVS
[17:56:32] [378/458] ASSR
[17:56:33] [379/458] SSKN
[17:56:34] [380/458] DRPV
[17:56:34] 🔄 Identity reset
[17:56:34] 🔄 Identity rotated (every 10 requests)
[17:56:35] [381/458] MRHT
[17:56:36] [382/458] BSCN
[17:56:37] [383/458] RKNX
[17:56:38] [384/458] MSMC
[17:56:39] [385/458] MSCJ
[17:56:39] [386/458] BTBJ
[17:56:40] [387/458] MJCC
[17:56:41] [388/458] IOMM
[17:56:42] [389/458] ADGR
[17:56:43] [390/458] MYCP
[17:56:44] 🔄 Identity reset
[17:56:44] 🔄 Identity rotated (every 10 requests)
[17:56:45] [391/458] IGCM
[17:56:46] [392/458] PGRK
[17:56:47] [393/458] VPGO
[17:56:48] [394/458] KOMS
[17:56:49] [395/458] URGG
[17:56:49] [396/458] GOST
[17:56:50] [397/458] LACT
[17:56:51] [398/458] BWCM
[17:56:52] [399/458] NCCW
[17:56:54] [400/458] SKYC
[17:56:55] 🔄 Identity reset
[17:56:55] 🔄 Identity rotated (every 10 requests)
[17:56:55] [401/458] CCPM
[17:56:56] [402/458] VCBT
[17:56:57] [403/458] SDKR
[17:56:57] [404/458] CTYB
[17:56:58] [405/458] SHCX
[17:56:59] [406/458] RCUN
[17:57:00] [407/458] CNRA
[17:57:01] [408/458] RFCA
[17:57:02] [409/458] RDCU
[17:57:03] [410/458] SARK
[17:57:03] 🔄 Identity reset
[17:57:03] 🔄 Identity rotated (every 10 requests)
[17:57:04] [411/458] SPPP
[17:57:05] [412/458] ADMB
[17:57:05] [413/458] JYOE
[17:57:06] [414/458] SRMD
[17:57:07] [415/458] RJDH
[17:57:08] [416/458] SSTD
[17:57:09] [417/458] AACV
[17:57:10] [418/458] PPVD
[17:57:11] [419/458] STCP
[17:57:11] [420/458] ANLS
[17:57:12] 🔄 Identity reset
[17:57:12] 🔄 Identity rotated (every 10 requests)
[17:57:12] [421/458] BIJO
[17:57:13] [422/458] AVAB
[17:57:14] [423/458] SPMD
[17:57:15] [424/458] SVJL
[17:57:17] [425/458] SDDJ
[17:57:18] [426/458] SLTU
[17:57:18] [427/458] SAKA
[17:57:19] [428/458] PMAM
[17:57:21] [429/458] FNAM
[17:57:22] [430/458] ACAM
[17:57:23] 🔄 Identity reset
[17:57:23] 🔄 Identity rotated (every 10 requests)
[17:57:23] [431/458] SCMM
[17:57:24] [432/458] PMAK
[17:57:25] [433/458] NYSA
[17:57:26] [434/458] FCPA
[17:57:27] [435/458] GDAN
[17:57:27] [436/458] RSCA
[17:57:28] [437/458] DMAN
[17:57:29] [438/458] DZCM
[17:57:30] [439/458] NSGL
[17:57:31] [440/458] CCPP
[17:57:32] 🔄 Identity reset
[17:57:32] 🔄 Identity rotated (every 10 requests)
[17:57:32] [441/458] PSMG
[17:57:33] [442/458] GSER
[17:57:34] [443/458] FCCT
[17:57:35] [444/458] FCTB
[17:57:35] [445/458] LCNK
[17:57:37] [446/458] SKTY
[17:57:38] [447/458] INAA
[17:57:39] [448/458] RCWN
[17:57:40] [449/458] VAIS
[17:57:41] [450/458] CVMN
[17:57:41] 🔄 Identity reset
[17:57:41] 🔄 Identity rotated (every 10 requests)
[17:57:41] [451/458] INTS
[17:57:42] [452/458] FRGS
[17:57:43] [453/458] DTCK
[17:57:44] [454/458] MCMH
[17:57:45] [455/458] ECRR
[17:57:46] [456/458] RLLP
[17:57:47] [457/458] CCSN
[17:57:48] [458/458] CCBA
[17:57:49] 🧹 Deduping shows
[17:57:49] ✅ DONE | Shows=12 | Movies=1
[18:58:42] 🚀 SCRIPT STARTED (enhanced anti‑detection)
[18:58:42] [1/458] MBDC
[18:58:43] 🧠 New identity created
[18:58:43] [2/458] CHKM
[18:58:44] [3/458] JTKZ
[18:58:45] [4/458] CMCT
[18:58:46] [5/458] ASHO
[18:58:48] [6/458] ECDG
[18:58:49] [7/458] SPAT
[18:58:50] [8/458] HILC
[18:58:51] [9/458] SPPH
[18:58:52] [10/458] SBHN
[18:58:53] 🔄 Identity reset
[18:58:53] 🔄 Identity rotated (every 10 requests)
[18:58:53] 🔄 Retry 1/5 for SBHN in 2.5s
[18:58:53] 🔄 Identity reset
[18:58:55] 🧠 New identity created
[18:58:56] [11/458] RRCA
[18:58:57] [12/458] APAA
[18:58:58] [13/458] RAME
[18:58:58] [14/458] TMMS
[18:58:59] [15/458] BATK
[18:59:00] [16/458] LKOP
[18:59:01] [17/458] AMTT
[18:59:02] [18/458] PTGK
[18:59:03] [19/458] ANRS
[18:59:03] 🔄 Identity reset
[18:59:03] 🔄 Identity rotated (every 10 requests)
[18:59:03] 🔄 Retry 1/5 for ANRS in 2.2s
[18:59:03] 🔄 Identity reset
[18:59:05] 🧠 New identity created
[18:59:05] 🔄 Retry 2/5 for ANRS in 4.8s
[18:59:05] 🔄 Identity reset
[18:59:10] 🧠 New identity created
[18:59:10] 🔄 Retry 3/5 for ANRS in 8.0s
[18:59:10] 🔄 Identity reset
[18:59:18] 🧠 New identity created
[18:59:19] [20/458] VWBW
[18:59:20] [21/458] SVFG
[18:59:21] [22/458] STAT
[18:59:21] [23/458] GDCV
[18:59:22] [24/458] VEBI
[18:59:23] [25/458] VDSS
[18:59:25] [26/458] NTHV
[18:59:26] 🔄 Identity reset
[18:59:26] 🔄 Identity rotated (every 10 requests)
[18:59:26] 🔄 Retry 1/5 for NTHV in 2.6s
[18:59:26] 🔄 Identity reset
[18:59:29] 🧠 New identity created
[18:59:29] [27/458] AOCH
[18:59:30] [28/458] KASR
[18:59:31] [29/458] AYCS
[18:59:31] [30/458] SHAI
[18:59:32] [31/458] SKPE
[18:59:33] [32/458] SBTA
[18:59:34] [33/458] RTTD
[18:59:35] [34/458] CCJD
[18:59:36] [35/458] RSJJ
[18:59:36] 🔄 Identity reset
[18:59:36] 🔄 Identity rotated (every 10 requests)
[18:59:36] 🔄 Retry 1/5 for RSJJ in 2.2s
[18:59:36] 🔄 Identity reset
[18:59:39] 🧠 New identity created
[18:59:39] 🔄 Retry 2/5 for RSJJ in 4.5s
[18:59:39] 🔄 Identity reset
[18:59:43] 🧠 New identity created
[18:59:43] 🔄 Retry 3/5 for RSJJ in 8.8s
[18:59:43] 🔄 Identity reset
[18:59:52] 🧠 New identity created
[18:59:52] [36/458] RKND
[18:59:53] [37/458] SVTX
[18:59:54] [38/458] BAKM
[18:59:55] [39/458] SVDC
[18:59:56] [40/458] MNCV
[18:59:57] [41/458] SJGC
[18:59:58] [42/458] MTPK
[18:59:58] 🔄 Identity reset
[18:59:58] 🔄 Identity rotated (every 10 requests)
[18:59:59] [43/458] GATP
[19:00:00] [44/458] ABTS
[19:00:01] [45/458] ABDE
[19:00:02] [46/458] RCNM
[19:00:03] [47/458] KTHV
[19:00:04] [48/458] MDGJ
[19:00:05] [49/458] SMLM
[19:00:06] [50/458] JTMA
[19:00:07] [51/458] ACKP
[19:00:09] [52/458] SRTA
[19:00:09] 🔄 Identity reset
[19:00:09] 🔄 Identity rotated (every 10 requests)
[19:00:09] 🔄 Retry 1/5 for SRTA in 2.4s
[19:00:09] 🔄 Identity reset
[19:00:12] 🧠 New identity created
[19:00:12] [53/458] STAY
[19:00:13] [54/458] MAVO
[19:00:15] [55/458] APTS
[19:00:16] [56/458] OMEA
[19:00:17] [57/458] TTFD
[19:00:18] [58/458] MJCU
[19:00:19] [59/458] CXTE
[19:00:19] [60/458] CTPX
[19:00:20] [61/458] ASSL
[19:00:21] 🔄 Identity reset
[19:00:21] 🔄 Identity rotated (every 10 requests)
[19:00:21] [62/458] CMVB
[19:00:22] [63/458] VPUR
[19:00:24] [64/458] JJDA
[19:00:25] [65/458] INBL
[19:00:25] [66/458] BIKB
[19:00:26] [67/458] NTBB
[19:00:28] [68/458] GLOB
[19:00:30] [69/458] SNTB
[19:00:30] [70/458] CHGV
[19:00:32] [71/458] SSBZ
[19:00:33] 🔄 Identity reset
[19:00:33] 🔄 Identity rotated (every 10 requests)
[19:00:33] [72/458] PRDB
[19:00:34] [73/458] ISMT
[19:00:35] [74/458] MCSD
[19:00:36] [75/458] JBTT
[19:00:37] [76/458] GEKR
[19:00:38] [77/458] PVUN
[19:00:39] [78/458] NRTB
[19:00:39] [79/458] PRAA
[19:00:40] [80/458] PCBL
[19:00:41] [81/458] PTCM
[19:00:42] 🔄 Identity reset
[19:00:42] 🔄 Identity rotated (every 10 requests)
[19:00:42] [82/458] KHNN
[19:00:43] [83/458] OMJE
[19:00:44] [84/458] STGN
[19:00:45] [85/458] RPMS
[19:00:46] [86/458] NWAD
[19:00:47] [87/458] BLCK
[19:00:48] [88/458] SVAA
[19:00:49] [89/458] URVM
[19:00:50] [90/458] ANTM
[19:00:51] [91/458] VJYM
[19:00:51] 🔄 Identity reset
[19:00:51] 🔄 Identity rotated (every 10 requests)
[19:00:52] [92/458] MAZZ
[19:00:53] [93/458] CSHM
[19:00:54] [94/458] WGMH
[19:00:55] [95/458] SALN
[19:00:56] [96/458] BRTP
[19:00:57] [97/458] SVTA
[19:00:58] [98/458] SBTP
[19:00:59] [99/458] VLSS
[19:01:00] [100/458] SRJA
[19:01:01] [101/458] ANCG
[19:01:02] 🔄 Identity reset
[19:01:02] 🔄 Identity rotated (every 10 requests)
[19:01:02] 🔄 Retry 1/5 for ANCG in 2.0s
[19:01:02] 🔄 Identity reset
[19:01:04] 🧠 New identity created
[19:01:05] [102/458] CGGC
[19:01:07] [103/458] CRJA
[19:01:08] [104/458] USCR
[19:01:09] [105/458] MMEF
[19:01:11] [106/458] JCRJ
[19:01:12] [107/458] ADCM
[19:01:13] [108/458] BMYK
[19:01:13] [109/458] KICS
[19:01:14] [110/458] MBBT
[19:01:15] 🔄 Identity reset
[19:01:15] 🔄 Identity rotated (every 10 requests)
[19:01:15] [111/458] MACK
[19:01:16] [112/458] CLDR
[19:01:17] [113/458] JYCR
[19:01:18] [114/458] DCRP
[19:01:19] [115/458] RAHT
[19:01:19] [116/458] CSSM
[19:01:20] [117/458] ATPK
[19:01:21] [118/458] KLRT
[19:01:22] [119/458] SRDD
[19:01:24] [120/458] CKMC
[19:01:24] 🔄 Identity reset
[19:01:24] 🔄 Identity rotated (every 10 requests)
[19:01:24] 🔄 Retry 1/5 for CKMC in 2.6s
[19:01:24] 🔄 Identity reset
[19:01:27] 🧠 New identity created
[19:01:27] [121/458] KRVM
[19:01:28] [122/458] AKCP
[19:01:29] [123/458] CNCV
[19:01:30] [124/458] PACT
[19:01:31] [125/458] NATP
[19:01:32] [126/458] PCPK
[19:01:33] [127/458] SMHO
[19:01:34] [128/458] CWTK
[19:01:35] [129/458] RVKZ
[19:01:35] 🔄 Identity reset
[19:01:35] 🔄 Identity rotated (every 10 requests)
[19:01:36] [130/458] ASPD
[19:01:37] [131/458] VTKZ
[19:01:37] [132/458] LCSO
[19:01:38] [133/458] PRDY
[19:01:39] [134/458] RCAP
[19:01:40] [135/458] RGAR
[19:01:41] [136/458] RCAC
[19:01:42] [137/458] PMOD
[19:01:43] [138/458] PVCN
[19:01:44] [139/458] SCRZ
[19:01:45] 🔄 Identity reset
[19:01:45] 🔄 Identity rotated (every 10 requests)
[19:01:45] [140/458] PVPC
[19:01:46] [141/458] STID
[19:01:47] [142/458] NEDD
[19:01:48] [143/458] BNBA
[19:01:49] [144/458] NTCD
[19:01:49] [145/458] OCDE
[19:01:50] [146/458] CCDU
[19:01:51] [147/458] CRXH
[19:01:52] [148/458] VLVT
[19:01:53] [149/458] CICI
[19:01:54] 🔄 Identity reset
[19:01:54] 🔄 Identity rotated (every 10 requests)
[19:01:54] [150/458] SUCB
[19:01:56] [151/458] TCBP
[19:01:57] [152/458] SCCY
[19:01:58] [153/458] LXCY
[19:01:59] [154/458] NCMD
[19:02:00] [155/458] PHCS
[19:02:01] [156/458] DUXR
[19:02:02] [157/458] VNKS
[19:02:03] [158/458] SEDP
[19:02:04] [159/458] SVEN
[19:02:05] 🔄 Identity reset
[19:02:05] 🔄 Identity rotated (every 10 requests)
[19:02:05] [160/458] SRKM
[19:02:06] [161/458] JTLT
[19:02:07] [162/458] SVSS
[19:02:08] [163/458] AMDE
[19:02:09] [164/458] WVRN
[19:02:10] [165/458] ISMG
[19:02:10] [166/458] WVKS
[19:02:11] [167/458] USCG
[19:02:12] [168/458] IOTG
[19:02:13] [169/458] RRJM
[19:02:13] 🔄 Identity reset
[19:02:13] 🔄 Identity rotated (every 10 requests)
[19:02:14] [170/458] EDMP
[19:02:15] [171/458] SCGZ
[19:02:16] [172/458] GMGX
[19:02:17] [173/458] OMTP
[19:02:17] [174/458] MITD
[19:02:18] [175/458] SMMD
[19:02:19] [176/458] STML
[19:02:20] [177/458] MCFS
[19:02:21] [178/458] FPKA
[19:02:22] [179/458] OMLR
[19:02:23] 🔄 Identity reset
[19:02:23] 🔄 Identity rotated (every 10 requests)
[19:02:23] 🔄 Retry 1/5 for OMLR in 2.8s
[19:02:23] 🔄 Identity reset
[19:02:26] 🧠 New identity created
[19:02:26] [180/458] KKSC
[19:02:27] [181/458] RVMA
[19:02:28] [182/458] SCLL
[19:02:30] [183/458] SCDK
[19:02:30] [184/458] SXMI
[19:02:31] [185/458] SHDN
[19:02:32] [186/458] PAAD
[19:02:33] [187/458] UUCB
[19:02:34] [188/458] JHOL
[19:02:35] 🔄 Identity reset
[19:02:35] 🔄 Identity rotated (every 10 requests)
[19:02:35] [189/458] SGWT
[19:02:36] [190/458] SRII
[19:02:37] [191/458] SGCK
[19:02:38] [192/458] SVVB
[19:02:39] [193/458] DMHA
[19:02:40] [194/458] PPNL
[19:02:41] [195/458] CPNL
[19:02:42] [196/458] WVLD
[19:02:42] [197/458] PSLV
[19:02:43] [198/458] VTTL
[19:02:44] 🔄 Identity reset
[19:02:44] 🔄 Identity rotated (every 10 requests)
[19:02:44] [199/458] NPAD
[19:02:46] [200/458] PVCS
[19:02:47] [201/458] MCHL
[19:02:48] [202/458] PPLL
[19:02:49] [203/458] MALO
[19:02:50] [204/458] SWBH
[19:02:51] [205/458] PUGB
[19:02:52] [206/458] INBB
[19:02:53] [207/458] INNS
[19:02:54] [208/458] MCPT
[19:02:54] 🔄 Identity reset
[19:02:54] 🔄 Identity rotated (every 10 requests)
[19:02:55] [209/458] SCMI
[19:02:56] [210/458] OCON
[19:02:57] [211/458] SCSM
[19:02:58] [212/458] RJVN
[19:02:59] [213/458] AMDK
[19:03:00] [214/458] ISMR
[19:03:01] [215/458] SMTD
[19:03:03] [216/458] VTDD
[19:03:04] [217/458] PDDZ
[19:03:05] [218/458] PCCK
[19:03:05] 🔄 Identity reset
[19:03:05] 🔄 Identity rotated (every 10 requests)
[19:03:07] [219/458] INAM
[19:03:08] [220/458] FNKT
[19:03:09] [221/458] GDKA
[19:03:10] [222/458] MAYU
[19:03:11] [223/458] TCGU
[19:03:11] [224/458] KDCA
[19:03:12] [225/458] DOMY
[19:03:13] [226/458] PDDD
[19:03:14] [227/458] BJTS
[19:03:16] [228/458] VTCA
[19:03:16] 🔄 Identity reset
[19:03:16] 🔄 Identity rotated (every 10 requests)
[19:03:16] 🔄 Retry 1/5 for VTCA in 2.1s
[19:03:16] 🔄 Identity reset
[19:03:18] 🧠 New identity created
[19:03:18] 🔄 Retry 2/5 for VTCA in 4.4s
[19:03:18] 🔄 Identity reset
[19:03:23] 🧠 New identity created
[19:03:23] [229/458] SBTM
[19:03:24] [230/458] SEET
[19:03:25] [231/458] SSTJ
[19:03:26] [232/458] SVNT
[19:03:27] [233/458] PPPR
[19:03:28] [234/458] PVYS
[19:03:29] [235/458] IOSE
[19:03:30] [236/458] ACTV
[19:03:31] 🔄 Identity reset
[19:03:31] 🔄 Identity rotated (every 10 requests)
[19:03:31] 🔄 Retry 1/5 for ACTV in 2.1s
[19:03:31] 🔄 Identity reset
[19:03:33] 🧠 New identity created
[19:03:33] 🔄 Retry 2/5 for ACTV in 4.2s
[19:03:33] 🔄 Identity reset
[19:03:37] 🧠 New identity created
[19:03:37] 🔄 Retry 3/5 for ACTV in 9.0s
[19:03:37] 🔄 Identity reset
[19:03:46] 🧠 New identity created
[19:03:46] [237/458] APVE
[19:03:47] [238/458] TCCL
[19:03:48] [239/458] SCMO
[19:03:49] [240/458] SAUM
[19:03:51] [241/458] KCJS
[19:03:52] [242/458] NJCJ
[19:03:53] [243/458] NECF
[19:03:54] 🔄 Identity reset
[19:03:54] 🔄 Identity rotated (every 10 requests)
[19:03:54] 🔄 Retry 1/5 for NECF in 2.0s
[19:03:54] 🔄 Identity reset
[19:03:56] 🧠 New identity created
[19:03:56] 🔄 Retry 2/5 for NECF in 4.7s
[19:03:56] 🔄 Identity reset
[19:04:01] 🧠 New identity created
[19:04:01] 🔄 Retry 3/5 for NECF in 8.0s
[19:04:01] 🔄 Identity reset
[19:04:09] 🧠 New identity created
[19:04:09] 🔄 Retry 4/5 for NECF in 16.1s
[19:04:09] 🔄 Identity reset
[19:04:25] 🧠 New identity created
[19:04:25] ❌ NECF failed after 5 attempts
[19:04:25] 🔄 Identity reset
[19:04:25] ❌ NECF final failure | RuntimeError | HTTP 403
[19:04:25] [244/458] CCGW
[19:04:26] 🧠 New identity created
[19:04:26] 🔄 Retry 1/5 for CCGW in 2.6s
[19:04:26] 🔄 Identity reset
[19:04:28] 🧠 New identity created
[19:04:29] 🔄 Retry 2/5 for CCGW in 4.1s
[19:04:29] 🔄 Identity reset
[19:04:33] 🧠 New identity created
[19:04:33] [245/458] CCMG
[19:04:34] [246/458] NYRG
[19:04:35] [247/458] NCSQ
[19:04:35] 🔄 Identity reset
[19:04:35] 🔄 Identity rotated (every 10 requests)
[19:04:35] 🔄 Retry 1/5 for NCSQ in 2.9s
[19:04:35] 🔄 Identity reset
[19:04:38] 🧠 New identity created
[19:04:39] [248/458] GRCG
[19:04:40] [249/458] CCBT
[19:04:41] [250/458] ACGA
[19:04:42] [251/458] INAG
[19:04:43] [252/458] FUCG
[19:04:43] [253/458] AICF
[19:04:44] [254/458] GRGA
[19:04:45] [255/458] GDCN
[19:04:46] [256/458] RRCG
[19:04:47] 🔄 Identity reset
[19:04:47] 🔄 Identity rotated (every 10 requests)
[19:04:47] [257/458] SDCH
[19:04:49] [258/458] WVJM
[19:04:50] [259/458] JCCZ
[19:04:50] [260/458] CNCL
[19:04:51] [261/458] TMLV
[19:04:52] [262/458] MEMB
[19:04:54] [263/458] SGTD
[19:04:55] [264/458] CONX
[19:04:56] [265/458] CCMH
[19:04:57] [266/458] ACMC
[19:04:58] 🔄 Identity reset
[19:04:58] 🔄 Identity rotated (every 10 requests)
[19:04:58] 🔄 Retry 1/5 for ACMC in 2.4s
[19:04:58] 🔄 Identity reset
[19:05:00] 🧠 New identity created
[19:05:01] [267/458] DTPD
[19:05:04] [268/458] POJA
[19:05:05] [269/458] FNBH
[19:05:06] [270/458] CGCB
[19:05:07] [271/458] RACN
[19:05:08] [272/458] JTSM
[19:05:09] [273/458] SCDN
[19:05:09] [274/458] AACK
[19:05:10] [275/458] RMCE
[19:05:11] 🔄 Identity reset
[19:05:11] 🔄 Identity rotated (every 10 requests)
[19:05:11] [276/458] BSGB
[19:05:12] [277/458] MRCB
[19:05:13] [278/458] SRVR
[19:05:14] [279/458] VTKK
[19:05:15] [280/458] AMST
[19:05:16] [281/458] APCY
[19:05:17] [282/458] LMHO
[19:05:18] [283/458] MTZH
[19:05:19] [284/458] AMZB
[19:05:20] [285/458] SUVT
[19:05:21] 🔄 Identity reset
[19:05:21] 🔄 Identity rotated (every 10 requests)
[19:05:21] 🔄 Retry 1/5 for SUVT in 2.8s
[19:05:21] 🔄 Identity reset
[19:05:24] 🧠 New identity created
[19:05:24] 🔄 Retry 2/5 for SUVT in 4.7s
[19:05:24] 🔄 Identity reset
[19:05:29] 🧠 New identity created
[19:05:29] 🔄 Retry 3/5 for SUVT in 8.4s
[19:05:29] 🔄 Identity reset
[19:05:37] 🧠 New identity created
[19:05:37] [286/458] RCIP
[19:05:38] [287/458] KESR
[19:05:39] [288/458] SNKC
[19:05:40] [289/458] SCED
[19:05:41] [290/458] DVCA
[19:05:42] [291/458] VCDT
[19:05:43] [292/458] RRDI
[19:05:43] 🔄 Identity reset
[19:05:44] 🔄 Identity rotated (every 10 requests)
[19:05:44] 🔄 Retry 1/5 for RRDI in 2.8s
[19:05:44] 🔄 Identity reset
[19:05:46] 🧠 New identity created
[19:05:47] [293/458] DFCH
[19:05:48] [294/458] INSC
[19:05:49] [295/458] RGTR
[19:05:50] [296/458] FMOT
[19:05:51] [297/458] SCPM
[19:05:52] [298/458] GCDT
[19:05:53] [299/458] BRKT
[19:05:54] [300/458] DEMP
[19:05:55] [301/458] SRLC
[19:05:55] 🔄 Identity reset
[19:05:55] 🔄 Identity rotated (every 10 requests)
[19:05:56] [302/458] KSTT
[19:05:57] [303/458] SMMT
[19:05:58] [304/458] SILM
[19:05:59] [305/458] JCVM
[19:06:00] [306/458] KCSV
[19:06:01] [307/458] MHLK
[19:06:02] [308/458] SLVL
[19:06:03] [309/458] RJKP
[19:06:04] [310/458] BBPC
[19:06:05] [311/458] MXCB
[19:06:05] 🔄 Identity reset
[19:06:05] 🔄 Identity rotated (every 10 requests)
[19:06:05] 🔄 Retry 1/5 for MXCB in 2.1s
[19:06:05] 🔄 Identity reset
[19:06:08] 🧠 New identity created
[19:06:08] [312/458] TCPK
[19:06:09] [313/458] RTBR
[19:06:10] [314/458] GAUT
[19:06:11] [315/458] DVCF
[19:06:12] [316/458] JTSB
[19:06:12] [317/458] SBLS
[19:06:13] [318/458] UDAY
[19:06:17] [319/458] PTNP
[19:06:19] [320/458] DMKT
[19:06:19] 🔄 Identity reset
[19:06:19] 🔄 Identity rotated (every 10 requests)
[19:06:19] 🔄 Retry 1/5 for DMKT in 2.9s
[19:06:19] 🔄 Identity reset
[19:06:22] 🧠 New identity created
[19:06:22] 🔄 Retry 2/5 for DMKT in 4.2s
[19:06:22] 🔄 Identity reset
[19:06:26] 🧠 New identity created
[19:06:26] 🔄 Retry 3/5 for DMKT in 8.3s
[19:06:26] 🔄 Identity reset
[19:06:35] 🧠 New identity created
[19:06:35] [321/458] NTDT
[19:06:36] [322/458] SHDJ
[19:06:37] [323/458] OTNC
[19:06:38] [324/458] RNTW
[19:06:39] [325/458] GCMI
[19:06:40] [326/458] CRCM
[19:06:41] [327/458] NNCZ
[19:06:41] 🔄 Identity reset
[19:06:41] 🔄 Identity rotated (every 10 requests)
[19:06:42] 🔄 Retry 1/5 for NNCZ in 2.1s
[19:06:42] 🔄 Identity reset
[19:06:44] 🧠 New identity created
[19:06:44] 🔄 Retry 2/5 for NNCZ in 4.7s
[19:06:44] 🔄 Identity reset
[19:06:48] 🧠 New identity created
[19:06:49] 🔄 Retry 3/5 for NNCZ in 8.4s
[19:06:49] 🔄 Identity reset
[19:06:57] 🧠 New identity created
[19:06:57] 🔄 Retry 4/5 for NNCZ in 16.7s
[19:06:57] 🔄 Identity reset
[19:07:14] 🧠 New identity created
[19:07:14] [328/458] OEMO
[19:07:15] [329/458] PVJM
[19:07:16] [330/458] CPJI
[19:07:17] [331/458] RMCJ
[19:07:18] [332/458] CNWJ
[19:07:19] [333/458] EPJM
[19:07:19] 🔄 Identity reset
[19:07:19] 🔄 Identity rotated (every 10 requests)
[19:07:20] [334/458] FNJJ
[19:07:21] [335/458] GCMJ
[19:07:22] [336/458] INPS
[19:07:23] [337/458] BICJ
[19:07:24] [338/458] ISTJ
[19:07:25] [339/458] INJC
[19:07:25] [340/458] GLXJ
[19:07:26] [341/458] INEM
[19:07:27] [342/458] JTMN
[19:07:28] [343/458] FRCJ
[19:07:29] 🔄 Identity reset
[19:07:29] 🔄 Identity rotated (every 10 requests)
[19:07:29] 🔄 Retry 1/5 for FRCJ in 2.1s
[19:07:29] 🔄 Identity reset
[19:07:31] 🧠 New identity created
[19:07:31] 🔄 Retry 2/5 for FRCJ in 4.8s
[19:07:31] 🔄 Identity reset
[19:07:36] 🧠 New identity created
[19:07:36] 🔄 Retry 3/5 for FRCJ in 8.9s
[19:07:36] 🔄 Identity reset
[19:07:44] 🧠 New identity created
[19:07:45] [344/458] DDJP
[19:07:46] [345/458] INJV
[19:07:47] [346/458] GOLC
[19:07:48] [347/458] KOCI
[19:07:49] [348/458] FSTD
[19:07:50] [349/458] PACJ
[19:07:51] [350/458] GMCN
[19:07:51] 🔄 Identity reset
[19:07:51] 🔄 Identity rotated (every 10 requests)
[19:07:52] [351/458] MMDJ
[19:07:52] [352/458] GODH
[19:07:53] [353/458] SKYN
[19:07:54] [354/458] NCTH
[19:07:55] [355/458] SKVZ
[19:07:56] [356/458] SVML
[19:07:58] [357/458] ACVZ
[19:07:58] [358/458] SURA
[19:07:59] [359/458] RTRB
[19:08:00] [360/458] LLCT
[19:08:01] 🔄 Identity reset
[19:08:01] 🔄 Identity rotated (every 10 requests)
[19:08:01] [361/458] ATTS
[19:08:02] [362/458] JYCM
[19:08:03] [363/458] CTKR
[19:08:04] [364/458] LCKR
[19:08:05] [365/458] NYCV
[19:08:07] [366/458] NYOH
[19:08:08] [367/458] NOVX
[19:08:09] [368/458] MRGK
[19:08:10] [369/458] MOON
[19:08:11] [370/458] SBUC
[19:08:12] 🔄 Identity reset
[19:08:12] 🔄 Identity rotated (every 10 requests)
[19:08:12] [371/458] GSVA
[19:08:13] [372/458] VIAK
[19:08:15] [373/458] SMVZ
[19:08:15] [374/458] MATE
[19:08:16] [375/458] RDCN
[19:08:17] [376/458] ASBL
[19:08:18] [377/458] ASVS
[19:08:20] [378/458] ASSR
[19:08:21] [379/458] SSKN
[19:08:22] [380/458] DRPV
[19:08:22] 🔄 Identity reset
[19:08:22] 🔄 Identity rotated (every 10 requests)
[19:08:23] [381/458] MRHT
[19:08:24] [382/458] BSCN
[19:08:25] [383/458] RKNX
[19:08:26] [384/458] MSMC
[19:08:27] [385/458] MSCJ
[19:08:28] [386/458] BTBJ
[19:08:28] [387/458] MJCC
[19:08:29] [388/458] IOMM
[19:08:30] [389/458] ADGR
[19:08:31] [390/458] MYCP
[19:08:32] 🔄 Identity reset
[19:08:32] 🔄 Identity rotated (every 10 requests)
[19:08:32] [391/458] IGCM
[19:08:33] [392/458] PGRK
[19:08:35] [393/458] VPGO
[19:08:36] [394/458] KOMS
[19:08:37] [395/458] URGG
[19:08:38] [396/458] GOST
[19:08:39] [397/458] LACT
[19:08:40] [398/458] BWCM
[19:08:40] [399/458] NCCW
[19:08:41] [400/458] SKYC
[19:08:42] 🔄 Identity reset
[19:08:42] 🔄 Identity rotated (every 10 requests)
[19:08:42] [401/458] CCPM
[19:08:44] [402/458] VCBT
[19:08:45] [403/458] SDKR
[19:08:47] [404/458] CTYB
[19:08:47] [405/458] SHCX
[19:08:48] [406/458] RCUN
[19:08:49] [407/458] CNRA
[19:08:51] [408/458] RFCA
[19:08:52] [409/458] RDCU
[19:08:53] [410/458] SARK
[19:08:53] 🔄 Identity reset
[19:08:53] 🔄 Identity rotated (every 10 requests)
[19:08:53] 🔄 Retry 1/5 for SARK in 2.6s
[19:08:53] 🔄 Identity reset
[19:08:56] 🧠 New identity created
[19:08:56] 🔄 Retry 2/5 for SARK in 4.6s
[19:08:56] 🔄 Identity reset
[19:09:01] 🧠 New identity created
[19:09:01] 🔄 Retry 3/5 for SARK in 8.5s
[19:09:01] 🔄 Identity reset
[19:09:09] 🧠 New identity created
[19:09:09] 🔄 Retry 4/5 for SARK in 16.8s
[19:09:09] 🔄 Identity reset
[19:09:26] 🧠 New identity created
[19:09:26] ❌ SARK failed after 5 attempts
[19:09:26] 🔄 Identity reset
[19:09:26] ❌ SARK final failure | RuntimeError | HTTP 403
[19:09:26] [411/458] SPPP
[19:09:27] 🧠 New identity created
[19:09:27] 🔄 Retry 1/5 for SPPP in 2.5s
[19:09:27] 🔄 Identity reset
[19:09:30] 🧠 New identity created
[19:09:31] [412/458] ADMB
[19:09:31] [413/458] JYOE
[19:09:32] [414/458] SRMD
[19:09:33] [415/458] RJDH
[19:09:34] 🔄 Identity reset
[19:09:34] 🔄 Identity rotated (every 10 requests)
[19:09:34] 🔄 Retry 1/5 for RJDH in 2.6s
[19:09:34] 🔄 Identity reset
[19:09:36] 🧠 New identity created
[19:09:36] 🔄 Retry 2/5 for RJDH in 4.7s
[19:09:36] 🔄 Identity reset
[19:09:41] 🧠 New identity created
[19:09:41] 🔄 Retry 3/5 for RJDH in 8.4s
[19:09:41] 🔄 Identity reset
[19:09:49] 🧠 New identity created
[19:09:49] 🔄 Retry 4/5 for RJDH in 16.2s
[19:09:49] 🔄 Identity reset
[19:10:06] 🧠 New identity created
[19:10:06] [416/458] SSTD
[19:10:07] [417/458] AACV
[19:10:08] [418/458] PPVD
[19:10:09] [419/458] STCP
[19:10:10] [420/458] ANLS
[19:10:11] [421/458] BIJO
[19:10:11] 🔄 Identity reset
[19:10:11] 🔄 Identity rotated (every 10 requests)
[19:10:11] 🔄 Retry 1/5 for BIJO in 2.6s
[19:10:11] 🔄 Identity reset
[19:10:14] 🧠 New identity created
[19:10:14] [422/458] AVAB
[19:10:15] [423/458] SPMD
[19:10:16] [424/458] SVJL
[19:10:17] [425/458] SDDJ
[19:10:18] [426/458] SLTU
[19:10:19] [427/458] SAKA
[19:10:20] [428/458] PMAM
[19:10:21] [429/458] FNAM
[19:10:22] [430/458] ACAM
[19:10:22] 🔄 Identity reset
[19:10:22] 🔄 Identity rotated (every 10 requests)
[19:10:23] [431/458] SCMM
[19:10:24] [432/458] PMAK
[19:10:25] [433/458] NYSA
[19:10:25] [434/458] FCPA
[19:10:26] [435/458] GDAN
[19:10:27] [436/458] RSCA
[19:10:28] [437/458] DMAN
[19:10:30] [438/458] DZCM
[19:10:31] [439/458] NSGL
[19:10:31] [440/458] CCPP
[19:10:32] 🔄 Identity reset
[19:10:32] 🔄 Identity rotated (every 10 requests)
[19:10:32] 🔄 Retry 1/5 for CCPP in 2.2s
[19:10:32] 🔄 Identity reset
[19:10:34] 🧠 New identity created
[19:10:35] [441/458] PSMG
[19:10:36] [442/458] GSER
[19:10:37] [443/458] FCCT
[19:10:38] [444/458] FCTB
[19:10:39] [445/458] LCNK
[19:10:40] [446/458] SKTY
[19:10:40] [447/458] INAA
[19:10:41] [448/458] RCWN
[19:10:42] [449/458] VAIS
[19:10:43] 🔄 Identity reset
[19:10:43] 🔄 Identity rotated (every 10 requests)
[19:10:43] 🔄 Retry 1/5 for VAIS in 2.2s
[19:10:43] 🔄 Identity reset
[19:10:45] 🧠 New identity created
[19:10:45] [450/458] CVMN
[19:10:46] [451/458] INTS
[19:10:47] [452/458] FRGS
[19:10:48] [453/458] DTCK
[19:10:49] [454/458] MCMH
[19:10:50] [455/458] ECRR
[19:10:51] [456/458] RLLP
[19:10:53] [457/458] CCSN
[19:10:53] [458/458] CCBA
[19:10:54] 🔄 Identity reset
[19:10:54] 🔄 Identity rotated (every 10 requests)
[19:10:54] 🔄 Retry 1/5 for CCBA in 2.2s
[19:10:54] 🔄 Identity reset
[19:10:56] 🧠 New identity created
[19:10:56] 🔄 Retry 2/5 for CCBA in 4.3s
[19:10:56] 🔄 Identity reset
[19:11:01] 🧠 New identity created
[19:11:01] 🔁 RETRY ROUND 1 | Remaining: 2
[19:11:01] [RETRY-1] NECF
[19:11:04] [RETRY-1] SARK
[19:11:07] 🧹 Deduping shows
[19:11:07] ✅ DONE | Shows=171 | Movies=1
[20:12:48] 🚀 SCRIPT STARTED (enhanced anti‑detection)
[20:12:48] [1/458] MBDC
[20:12:49] 🧠 New identity created
[20:12:49] [2/458] CHKM
[20:12:50] [3/458] JTKZ
[20:12:51] [4/458] CMCT
[20:12:52] [5/458] ASHO
[20:12:53] [6/458] ECDG
[20:12:54] [7/458] SPAT
[20:12:55] [8/458] HILC
[20:12:56] [9/458] SPPH
[20:12:57] [10/458] SBHN
[20:12:57] 🔄 Identity reset
[20:12:57] 🔄 Identity rotated (every 10 requests)
[20:12:58] [11/458] RRCA
[20:12:59] [12/458] APAA
[20:13:00] [13/458] RAME
[20:13:01] [14/458] TMMS
[20:13:02] [15/458] BATK
[20:13:03] [16/458] LKOP
[20:13:04] [17/458] AMTT
[20:13:05] [18/458] PTGK
[20:13:06] [19/458] ANRS
[20:13:06] [20/458] VWBW
[20:13:07] 🔄 Identity reset
[20:13:07] 🔄 Identity rotated (every 10 requests)
[20:13:07] [21/458] SVFG
[20:13:08] [22/458] STAT
[20:13:09] [23/458] GDCV
[20:13:10] [24/458] VEBI
[20:13:11] [25/458] VDSS
[20:13:12] [26/458] NTHV
[20:13:12] [27/458] AOCH
[20:13:13] [28/458] KASR
[20:13:14] [29/458] AYCS
[20:13:15] [30/458] SHAI
[20:13:16] 🔄 Identity reset
[20:13:16] 🔄 Identity rotated (every 10 requests)
[20:13:16] [31/458] SKPE
[20:13:17] [32/458] SBTA
[20:13:18] [33/458] RTTD
[20:13:19] [34/458] CCJD
[20:13:20] [35/458] RSJJ
[20:13:21] [36/458] RKND
[20:13:22] [37/458] SVTX
[20:13:23] [38/458] BAKM
[20:13:24] [39/458] SVDC
[20:13:24] [40/458] MNCV
[20:13:25] 🔄 Identity reset
[20:13:25] 🔄 Identity rotated (every 10 requests)
[20:13:25] [41/458] SJGC
[20:13:26] [42/458] MTPK
[20:13:27] [43/458] GATP
[20:13:28] [44/458] ABTS
[20:13:29] [45/458] ABDE
[20:13:30] [46/458] RCNM
[20:13:30] [47/458] KTHV
[20:13:31] [48/458] MDGJ
[20:13:32] [49/458] SMLM
[20:13:33] [50/458] JTMA
[20:13:34] 🔄 Identity reset
[20:13:34] 🔄 Identity rotated (every 10 requests)
[20:13:34] [51/458] ACKP
[20:13:36] [52/458] SRTA
[20:13:36] [53/458] STAY
[20:13:37] [54/458] MAVO
[20:13:38] [55/458] APTS
[20:13:39] [56/458] OMEA
[20:13:40] [57/458] TTFD
[20:13:41] [58/458] MJCU
[20:13:42] [59/458] CXTE
[20:13:43] [60/458] CTPX
[20:13:44] 🔄 Identity reset
[20:13:44] 🔄 Identity rotated (every 10 requests)
[20:13:44] [61/458] ASSL
[20:13:46] [62/458] CMVB
[20:13:48] [63/458] VPUR
[20:13:49] [64/458] JJDA
[20:13:50] [65/458] INBL
[20:13:51] [66/458] BIKB
[20:13:52] [67/458] NTBB
[20:13:53] [68/458] GLOB
[20:13:54] [69/458] SNTB
[20:13:55] [70/458] CHGV
[20:13:56] 🔄 Identity reset
[20:13:56] 🔄 Identity rotated (every 10 requests)
[20:13:56] [71/458] SSBZ
[20:13:57] [72/458] PRDB
[20:13:58] [73/458] ISMT
[20:13:59] [74/458] MCSD
[20:14:00] [75/458] JBTT
[20:14:01] [76/458] GEKR
[20:14:02] [77/458] PVUN
[20:14:02] [78/458] NRTB
[20:14:03] [79/458] PRAA
[20:14:04] [80/458] PCBL
[20:14:05] 🔄 Identity reset
[20:14:05] 🔄 Identity rotated (every 10 requests)
[20:14:06] [81/458] PTCM
[20:14:07] [82/458] KHNN
[20:14:08] [83/458] OMJE
[20:14:09] [84/458] STGN
[20:14:10] [85/458] RPMS
[20:14:11] [86/458] NWAD
[20:14:11] [87/458] BLCK
[20:14:12] [88/458] SVAA
[20:14:14] [89/458] URVM
[20:14:14] [90/458] ANTM
[20:14:15] 🔄 Identity reset
[20:14:15] 🔄 Identity rotated (every 10 requests)
[20:14:16] [91/458] VJYM
[20:14:16] [92/458] MAZZ
[20:14:17] [93/458] CSHM
[20:14:18] [94/458] WGMH
[20:14:19] [95/458] SALN
[20:14:20] [96/458] BRTP
[20:14:21] [97/458] SVTA
[20:14:21] [98/458] SBTP
[20:14:22] [99/458] VLSS
[20:14:23] [100/458] SRJA
[20:14:24] 🔄 Identity reset
[20:14:24] 🔄 Identity rotated (every 10 requests)
[20:14:24] [101/458] ANCG
[20:14:26] [102/458] CGGC
[20:14:26] [103/458] CRJA
[20:14:28] [104/458] USCR
[20:14:28] [105/458] MMEF
[20:14:29] [106/458] JCRJ
[20:14:30] [107/458] ADCM
[20:14:31] [108/458] BMYK
[20:14:32] [109/458] KICS
[20:14:33] [110/458] MBBT
[20:14:34] 🔄 Identity reset
[20:14:34] 🔄 Identity rotated (every 10 requests)
[20:14:34] [111/458] MACK
[20:14:35] [112/458] CLDR
[20:14:36] [113/458] JYCR
[20:14:37] [114/458] DCRP
[20:14:37] [115/458] RAHT
[20:14:38] [116/458] CSSM
[20:14:39] [117/458] ATPK
[20:14:40] [118/458] KLRT
[20:14:41] [119/458] SRDD
[20:14:42] [120/458] CKMC
[20:14:43] 🔄 Identity reset
[20:14:43] 🔄 Identity rotated (every 10 requests)
[20:14:44] [121/458] KRVM
[20:14:45] [122/458] AKCP
[20:14:46] [123/458] CNCV
[20:14:47] [124/458] PACT
[20:14:48] [125/458] NATP
[20:14:49] [126/458] PCPK
[20:14:50] [127/458] SMHO
[20:14:50] [128/458] CWTK
[20:14:51] [129/458] RVKZ
[20:14:52] [130/458] ASPD
[20:14:53] 🔄 Identity reset
[20:14:53] 🔄 Identity rotated (every 10 requests)
[20:14:53] [131/458] VTKZ
[20:14:54] [132/458] LCSO
[20:14:55] [133/458] PRDY
[20:14:56] [134/458] RCAP
[20:14:57] [135/458] RGAR
[20:14:58] [136/458] RCAC
[20:14:59] [137/458] PMOD
[20:15:00] [138/458] PVCN
[20:15:01] [139/458] SCRZ
[20:15:02] [140/458] PVPC
[20:15:02] 🔄 Identity reset
[20:15:02] 🔄 Identity rotated (every 10 requests)
[20:15:03] [141/458] STID
[20:15:04] [142/458] NEDD
[20:15:04] [143/458] BNBA
[20:15:05] [144/458] NTCD
[20:15:06] [145/458] OCDE
[20:15:07] [146/458] CCDU
[20:15:08] [147/458] CRXH
[20:15:09] [148/458] VLVT
[20:15:09] [149/458] CICI
[20:15:10] [150/458] SUCB
[20:15:11] 🔄 Identity reset
[20:15:11] 🔄 Identity rotated (every 10 requests)
[20:15:11] [151/458] TCBP
[20:15:12] [152/458] SCCY
[20:15:13] [153/458] LXCY
[20:15:14] [154/458] NCMD
[20:15:15] [155/458] PHCS
[20:15:16] [156/458] DUXR
[20:15:17] [157/458] VNKS
[20:15:19] [158/458] SEDP
[20:15:20] [159/458] SVEN
[20:15:21] [160/458] SRKM
[20:15:21] 🔄 Identity reset
[20:15:21] 🔄 Identity rotated (every 10 requests)
[20:15:22] [161/458] JTLT
[20:15:23] [162/458] SVSS
[20:15:24] [163/458] AMDE
[20:15:25] [164/458] WVRN
[20:15:26] [165/458] ISMG
[20:15:27] [166/458] WVKS
[20:15:28] [167/458] USCG
[20:15:29] [168/458] IOTG
[20:15:30] [169/458] RRJM
[20:15:31] [170/458] EDMP
[20:15:31] 🔄 Identity reset
[20:15:31] 🔄 Identity rotated (every 10 requests)
[20:15:31] [171/458] SCGZ
[20:15:32] [172/458] GMGX
[20:15:33] [173/458] OMTP
[20:15:35] [174/458] MITD
[20:15:36] [175/458] SMMD
[20:15:36] [176/458] STML
[20:15:37] [177/458] MCFS
[20:15:38] [178/458] FPKA
[20:15:39] [179/458] OMLR
[20:15:40] [180/458] KKSC
[20:15:41] 🔄 Identity reset
[20:15:41] 🔄 Identity rotated (every 10 requests)
[20:15:42] [181/458] RVMA
[20:15:43] [182/458] SCLL
[20:15:44] [183/458] SCDK
[20:15:45] [184/458] SXMI
[20:15:47] [185/458] SHDN
[20:15:48] [186/458] PAAD
[20:15:49] [187/458] UUCB
[20:15:50] [188/458] JHOL
[20:15:51] [189/458] SGWT
[20:15:52] [190/458] SRII
[20:15:52] 🔄 Identity reset
[20:15:52] 🔄 Identity rotated (every 10 requests)
[20:15:53] [191/458] SGCK
[20:15:54] [192/458] SVVB
[20:15:54] [193/458] DMHA
[20:15:55] [194/458] PPNL
[20:15:56] [195/458] CPNL
[20:15:57] [196/458] WVLD
[20:15:58] [197/458] PSLV
[20:15:59] [198/458] VTTL
[20:16:00] [199/458] NPAD
[20:16:01] [200/458] PVCS
[20:16:01] 🔄 Identity reset
[20:16:01] 🔄 Identity rotated (every 10 requests)
[20:16:02] [201/458] MCHL
[20:16:03] [202/458] PPLL
[20:16:04] [203/458] MALO
[20:16:04] [204/458] SWBH
[20:16:05] [205/458] PUGB
[20:16:06] [206/458] INBB
[20:16:07] [207/458] INNS
[20:16:08] [208/458] MCPT
[20:16:09] [209/458] SCMI
[20:16:10] [210/458] OCON
[20:16:10] 🔄 Identity reset
[20:16:10] 🔄 Identity rotated (every 10 requests)
[20:16:10] [211/458] SCSM
[20:16:12] [212/458] RJVN
[20:16:13] [213/458] AMDK
[20:16:14] [214/458] ISMR
[20:16:15] [215/458] SMTD
[20:16:17] [216/458] VTDD
[20:16:18] [217/458] PDDZ
[20:16:20] [218/458] PCCK
[20:16:20] [219/458] INAM
[20:16:21] [220/458] FNKT
[20:16:22] 🔄 Identity reset
[20:16:22] 🔄 Identity rotated (every 10 requests)
[20:16:22] [221/458] GDKA
[20:16:23] [222/458] MAYU
[20:16:24] [223/458] TCGU
[20:16:25] [224/458] KDCA
[20:16:26] [225/458] DOMY
[20:16:27] [226/458] PDDD
[20:16:28] [227/458] BJTS
[20:16:28] [228/458] VTCA
[20:16:29] [229/458] SBTM
[20:16:30] [230/458] SEET
[20:16:31] 🔄 Identity reset
[20:16:31] 🔄 Identity rotated (every 10 requests)
[20:16:31] [231/458] SSTJ
[20:16:32] [232/458] SVNT
[20:16:33] [233/458] PPPR
[20:16:34] [234/458] PVYS
[20:16:35] [235/458] IOSE
[20:16:36] [236/458] ACTV
[20:16:37] [237/458] APVE
[20:16:38] [238/458] TCCL
[20:16:38] [239/458] SCMO
[20:16:39] [240/458] SAUM
[20:16:40] 🔄 Identity reset
[20:16:40] 🔄 Identity rotated (every 10 requests)
[20:16:40] [241/458] KCJS
[20:16:41] [242/458] NJCJ
[20:16:42] [243/458] NECF
[20:16:43] [244/458] CCGW
[20:16:44] [245/458] CCMG
[20:16:45] [246/458] NYRG
[20:16:46] [247/458] NCSQ
[20:16:46] [248/458] GRCG
[20:16:48] [249/458] CCBT
[20:16:48] [250/458] ACGA
[20:16:49] 🔄 Identity reset
[20:16:49] 🔄 Identity rotated (every 10 requests)
[20:16:49] [251/458] INAG
[20:16:50] [252/458] FUCG
[20:16:51] [253/458] AICF
[20:16:52] [254/458] GRGA
[20:16:52] [255/458] GDCN
[20:16:53] [256/458] RRCG
[20:16:54] [257/458] SDCH
[20:16:55] [258/458] WVJM
[20:16:56] [259/458] JCCZ
[20:16:57] [260/458] CNCL
[20:16:58] 🔄 Identity reset
[20:16:58] 🔄 Identity rotated (every 10 requests)
[20:16:59] [261/458] TMLV
[20:17:00] [262/458] MEMB
[20:17:02] [263/458] SGTD
[20:17:03] [264/458] CONX
[20:17:04] [265/458] CCMH
[20:17:05] [266/458] ACMC
[20:17:06] [267/458] DTPD
[20:17:07] [268/458] POJA
[20:17:08] [269/458] FNBH
[20:17:10] [270/458] CGCB
[20:17:10] 🔄 Identity reset
[20:17:10] 🔄 Identity rotated (every 10 requests)
[20:17:11] [271/458] RACN
[20:17:12] [272/458] JTSM
[20:17:12] [273/458] SCDN
[20:17:13] [274/458] AACK
[20:17:14] [275/458] RMCE
[20:17:15] [276/458] BSGB
[20:17:17] [277/458] MRCB
[20:17:19] [278/458] SRVR
[20:17:20] [279/458] VTKK
[20:17:21] [280/458] AMST
[20:17:21] 🔄 Identity reset
[20:17:21] 🔄 Identity rotated (every 10 requests)
[20:17:21] [281/458] APCY
[20:17:22] [282/458] LMHO
[20:17:23] [283/458] MTZH
[20:17:24] [284/458] AMZB
[20:17:25] [285/458] SUVT
[20:17:26] [286/458] RCIP
[20:17:26] [287/458] KESR
[20:17:27] [288/458] SNKC
[20:17:28] [289/458] SCED
[20:17:29] [290/458] DVCA
[20:17:30] 🔄 Identity reset
[20:17:30] 🔄 Identity rotated (every 10 requests)
[20:17:30] [291/458] VCDT
[20:17:31] [292/458] RRDI
[20:17:32] [293/458] DFCH
[20:17:33] [294/458] INSC
[20:17:34] [295/458] RGTR
[20:17:35] [296/458] FMOT
[20:17:36] [297/458] SCPM
[20:17:37] [298/458] GCDT
[20:17:38] [299/458] BRKT
[20:17:40] [300/458] DEMP
[20:17:40] 🔄 Identity reset
[20:17:40] 🔄 Identity rotated (every 10 requests)
[20:17:41] [301/458] SRLC
[20:17:42] [302/458] KSTT
[20:17:43] [303/458] SMMT
[20:17:44] [304/458] SILM
[20:17:45] [305/458] JCVM
[20:17:47] [306/458] KCSV
[20:17:48] [307/458] MHLK
[20:17:49] [308/458] SLVL
[20:17:49] [309/458] RJKP
[20:17:50] [310/458] BBPC
[20:17:51] 🔄 Identity reset
[20:17:51] 🔄 Identity rotated (every 10 requests)
[20:17:51] [311/458] MXCB
[20:17:52] [312/458] TCPK
[20:17:53] [313/458] RTBR
[20:17:54] [314/458] GAUT
[20:17:54] [315/458] DVCF
[20:17:55] [316/458] JTSB
[20:17:56] [317/458] SBLS
[20:17:57] [318/458] UDAY
[20:17:59] [319/458] PTNP
[20:17:59] [320/458] DMKT
[20:18:00] 🔄 Identity reset
[20:18:00] 🔄 Identity rotated (every 10 requests)
[20:18:01] [321/458] NTDT
[20:18:01] [322/458] SHDJ
[20:18:02] [323/458] OTNC
[20:18:03] [324/458] RNTW
[20:18:04] [325/458] GCMI
[20:18:05] [326/458] CRCM
[20:18:06] [327/458] NNCZ
[20:18:07] [328/458] OEMO
[20:18:09] [329/458] PVJM
[20:18:10] [330/458] CPJI
[20:18:10] 🔄 Identity reset
[20:18:11] 🔄 Identity rotated (every 10 requests)
[20:18:11] [331/458] RMCJ
[20:18:12] [332/458] CNWJ
[20:18:13] [333/458] EPJM
[20:18:14] [334/458] FNJJ
[20:18:15] [335/458] GCMJ
[20:18:15] [336/458] INPS
[20:18:16] [337/458] BICJ
[20:18:17] [338/458] ISTJ
[20:18:18] [339/458] INJC
[20:18:20] [340/458] GLXJ
[20:18:20] 🔄 Identity reset
[20:18:20] 🔄 Identity rotated (every 10 requests)
[20:18:21] [341/458] INEM
[20:18:22] [342/458] JTMN
[20:18:23] [343/458] FRCJ
[20:18:24] [344/458] DDJP
[20:18:25] [345/458] INJV
[20:18:26] [346/458] GOLC
[20:18:27] [347/458] KOCI
[20:18:28] [348/458] FSTD
[20:18:29] [349/458] PACJ
[20:18:30] [350/458] GMCN
[20:18:31] 🔄 Identity reset
[20:18:31] 🔄 Identity rotated (every 10 requests)
[20:18:31] [351/458] MMDJ
[20:18:32] [352/458] GODH
[20:18:33] [353/458] SKYN
[20:18:34] [354/458] NCTH
[20:18:34] [355/458] SKVZ
[20:18:35] [356/458] SVML
[20:18:37] [357/458] ACVZ
[20:18:38] [358/458] SURA
[20:18:39] [359/458] RTRB
[20:18:40] [360/458] LLCT
[20:18:40] 🔄 Identity reset
[20:18:40] 🔄 Identity rotated (every 10 requests)
[20:18:41] [361/458] ATTS
[20:18:42] [362/458] JYCM
[20:18:43] [363/458] CTKR
[20:18:44] [364/458] LCKR
[20:18:45] [365/458] NYCV
[20:18:46] [366/458] NYOH
[20:18:47] [367/458] NOVX
[20:18:48] [368/458] MRGK
[20:18:49] [369/458] MOON
[20:18:50] [370/458] SBUC
[20:18:51] 🔄 Identity reset
[20:18:51] 🔄 Identity rotated (every 10 requests)
[20:18:52] [371/458] GSVA
[20:18:53] [372/458] VIAK
[20:18:54] [373/458] SMVZ
[20:18:54] [374/458] MATE
[20:18:55] [375/458] RDCN
[20:18:57] [376/458] ASBL
[20:18:58] [377/458] ASVS
[20:18:59] [378/458] ASSR
[20:19:00] [379/458] SSKN
[20:19:01] [380/458] DRPV
[20:19:01] 🔄 Identity reset
[20:19:01] 🔄 Identity rotated (every 10 requests)
[20:19:02] [381/458] MRHT
[20:19:03] [382/458] BSCN
[20:19:04] [383/458] RKNX
[20:19:05] [384/458] MSMC
[20:19:05] [385/458] MSCJ
[20:19:06] [386/458] BTBJ
[20:19:07] [387/458] MJCC
[20:19:08] [388/458] IOMM
[20:19:09] [389/458] ADGR
[20:19:11] [390/458] MYCP
[20:19:11] 🔄 Identity reset
[20:19:11] 🔄 Identity rotated (every 10 requests)
[20:19:12] [391/458] IGCM
[20:19:13] [392/458] PGRK
[20:19:14] [393/458] VPGO
[20:19:15] [394/458] KOMS
[20:19:16] [395/458] URGG
[20:19:17] [396/458] GOST
[20:19:18] [397/458] LACT
[20:19:19] [398/458] BWCM
[20:19:20] [399/458] NCCW
[20:19:21] [400/458] SKYC
[20:19:22] 🔄 Identity reset
[20:19:22] 🔄 Identity rotated (every 10 requests)
[20:19:22] [401/458] CCPM
[20:19:23] [402/458] VCBT
[20:19:24] [403/458] SDKR
[20:19:25] [404/458] CTYB
[20:19:26] [405/458] SHCX
[20:19:27] [406/458] RCUN
[20:19:28] [407/458] CNRA
[20:19:29] [408/458] RFCA
[20:19:29] [409/458] RDCU
[20:19:30] [410/458] SARK
[20:19:31] 🔄 Identity reset
[20:19:31] 🔄 Identity rotated (every 10 requests)
[20:19:32] [411/458] SPPP
[20:19:32] [412/458] ADMB
[20:19:33] [413/458] JYOE
[20:19:34] [414/458] SRMD
[20:19:36] [415/458] RJDH
[20:19:37] [416/458] SSTD
[20:19:38] [417/458] AACV
[20:19:39] [418/458] PPVD
[20:19:40] [419/458] STCP
[20:19:41] [420/458] ANLS
[20:19:42] 🔄 Identity reset
[20:19:42] 🔄 Identity rotated (every 10 requests)
[20:19:42] [421/458] BIJO
[20:19:44] [422/458] AVAB
[20:19:45] [423/458] SPMD
[20:19:46] [424/458] SVJL
[20:19:46] [425/458] SDDJ
[20:19:48] [426/458] SLTU
[20:19:49] [427/458] SAKA
[20:19:50] [428/458] PMAM
[20:19:51] [429/458] FNAM
[20:19:51] [430/458] ACAM
[20:19:52] 🔄 Identity reset
[20:19:52] 🔄 Identity rotated (every 10 requests)
[20:19:52] [431/458] SCMM
[20:19:53] [432/458] PMAK
[20:19:54] [433/458] NYSA
[20:19:55] [434/458] FCPA
[20:19:56] [435/458] GDAN
[20:19:57] [436/458] RSCA
[20:19:58] [437/458] DMAN
[20:19:59] [438/458] DZCM
[20:20:00] [439/458] NSGL
[20:20:01] [440/458] CCPP
[20:20:01] 🔄 Identity reset
[20:20:01] 🔄 Identity rotated (every 10 requests)
[20:20:01] [441/458] PSMG
[20:20:02] [442/458] GSER
[20:20:03] [443/458] FCCT
[20:20:04] [444/458] FCTB
[20:20:05] [445/458] LCNK
[20:20:06] [446/458] SKTY
[20:20:07] [447/458] INAA
[20:20:07] [448/458] RCWN
[20:20:08] [449/458] VAIS
[20:20:09] [450/458] CVMN
[20:20:10] 🔄 Identity reset
[20:20:10] 🔄 Identity rotated (every 10 requests)
[20:20:10] [451/458] INTS
[20:20:11] [452/458] FRGS
[20:20:12] [453/458] DTCK
[20:20:14] [454/458] MCMH
[20:20:15] [455/458] ECRR
[20:20:16] [456/458] RLLP
[20:20:17] [457/458] CCSN
[20:20:18] [458/458] CCBA
[20:20:18] 🧹 Deduping shows
[20:20:18] ✅ DONE | Shows=229 | Movies=1
[22:24:16] 🚀 SCRIPT STARTED (enhanced anti‑detection)
[22:24:16] [1/458] MBDC
[22:24:16] 🧠 New identity created
[22:24:17] [2/458] CHKM
[22:24:18] [3/458] JTKZ
[22:24:19] [4/458] CMCT
[22:24:19] [5/458] ASHO
[22:24:20] [6/458] ECDG
[22:24:21] [7/458] SPAT
[22:24:22] [8/458] HILC
[22:24:23] [9/458] SPPH
[22:24:24] [10/458] SBHN
[22:24:24] 🔄 Identity reset
[22:24:24] 🔄 Identity rotated (every 10 requests)
[22:24:25] [11/458] RRCA
[22:24:26] [12/458] APAA
[22:24:27] [13/458] RAME
[22:24:28] [14/458] TMMS
[22:24:29] [15/458] BATK
[22:24:30] [16/458] LKOP
[22:24:31] [17/458] AMTT
[22:24:32] [18/458] PTGK
[22:24:33] [19/458] ANRS
[22:24:34] [20/458] VWBW
[22:24:35] 🔄 Identity reset
[22:24:35] 🔄 Identity rotated (every 10 requests)
[22:24:35] [21/458] SVFG
[22:24:36] [22/458] STAT
[22:24:37] [23/458] GDCV
[22:24:38] [24/458] VEBI
[22:24:39] [25/458] VDSS
[22:24:40] [26/458] NTHV
[22:24:41] [27/458] AOCH
[22:24:42] [28/458] KASR
[22:24:43] [29/458] AYCS
[22:24:44] [30/458] SHAI
[22:24:45] 🔄 Identity reset
[22:24:45] 🔄 Identity rotated (every 10 requests)
[22:24:45] [31/458] SKPE
[22:24:46] [32/458] SBTA
[22:24:47] [33/458] RTTD
[22:24:48] [34/458] CCJD
[22:24:49] [35/458] RSJJ
[22:24:50] [36/458] RKND
[22:24:51] [37/458] SVTX
[22:24:51] [38/458] BAKM
[22:24:53] [39/458] SVDC
[22:24:54] [40/458] MNCV
[22:24:54] 🔄 Identity reset
[22:24:54] 🔄 Identity rotated (every 10 requests)
[22:24:54] [41/458] SJGC
[22:24:56] [42/458] MTPK
[22:24:57] [43/458] GATP
[22:24:58] [44/458] ABTS
[22:24:59] [45/458] ABDE
[22:25:00] [46/458] RCNM
[22:25:01] [47/458] KTHV
[22:25:02] [48/458] MDGJ
[22:25:03] [49/458] SMLM
[22:25:04] [50/458] JTMA
[22:25:04] 🔄 Identity reset
[22:25:04] 🔄 Identity rotated (every 10 requests)
[22:25:05] [51/458] ACKP
[22:25:06] [52/458] SRTA
[22:25:07] [53/458] STAY
[22:25:08] [54/458] MAVO
[22:25:10] [55/458] APTS
[22:25:11] [56/458] OMEA
[22:25:11] [57/458] TTFD
[22:25:12] [58/458] MJCU
[22:25:13] [59/458] CXTE
[22:25:14] [60/458] CTPX
[22:25:15] 🔄 Identity reset
[22:25:15] 🔄 Identity rotated (every 10 requests)
[22:25:15] [61/458] ASSL
[22:25:16] [62/458] CMVB
[22:25:17] [63/458] VPUR
[22:25:18] [64/458] JJDA
[22:25:20] [65/458] INBL
[22:25:21] [66/458] BIKB
[22:25:22] [67/458] NTBB
[22:25:23] [68/458] GLOB
[22:25:23] [69/458] SNTB
[22:25:24] [70/458] CHGV
[22:25:25] 🔄 Identity reset
[22:25:25] 🔄 Identity rotated (every 10 requests)
[22:25:25] [71/458] SSBZ
[22:25:26] [72/458] PRDB
[22:25:27] [73/458] ISMT
[22:25:28] [74/458] MCSD
[22:25:29] [75/458] JBTT
[22:25:31] [76/458] GEKR
[22:25:32] [77/458] PVUN
[22:25:32] [78/458] NRTB
[22:25:33] [79/458] PRAA
[22:25:34] [80/458] PCBL
[22:25:35] 🔄 Identity reset
[22:25:35] 🔄 Identity rotated (every 10 requests)
[22:25:35] [81/458] PTCM
[22:25:36] [82/458] KHNN
[22:25:37] [83/458] OMJE
[22:25:38] [84/458] STGN
[22:25:39] [85/458] RPMS
[22:25:40] [86/458] NWAD
[22:25:41] [87/458] BLCK
[22:25:42] [88/458] SVAA
[22:25:43] [89/458] URVM
[22:25:44] [90/458] ANTM
[22:25:45] 🔄 Identity reset
[22:25:45] 🔄 Identity rotated (every 10 requests)
[22:25:45] [91/458] VJYM
[22:25:46] [92/458] MAZZ
[22:25:47] [93/458] CSHM
[22:25:48] [94/458] WGMH
[22:25:50] [95/458] SALN
[22:25:51] [96/458] BRTP
[22:25:52] [97/458] SVTA
[22:25:53] [98/458] SBTP
[22:25:54] [99/458] VLSS
[22:25:55] [100/458] SRJA
[22:25:56] 🔄 Identity reset
[22:25:56] 🔄 Identity rotated (every 10 requests)
[22:25:56] [101/458] ANCG
[22:25:58] [102/458] CGGC
[22:25:59] [103/458] CRJA
[22:26:00] [104/458] USCR
[22:26:01] [105/458] MMEF
[22:26:02] [106/458] JCRJ
[22:26:03] [107/458] ADCM
[22:26:04] [108/458] BMYK
[22:26:04] [109/458] KICS
[22:26:05] [110/458] MBBT
[22:26:06] 🔄 Identity reset
[22:26:06] 🔄 Identity rotated (every 10 requests)
[22:26:06] [111/458] MACK
[22:26:07] [112/458] CLDR
[22:26:09] [113/458] JYCR
[22:26:10] [114/458] DCRP
[22:26:11] [115/458] RAHT
[22:26:12] [116/458] CSSM
[22:26:13] [117/458] ATPK
[22:26:14] [118/458] KLRT
[22:26:15] [119/458] SRDD
[22:26:16] [120/458] CKMC
[22:26:16] 🔄 Identity reset
[22:26:16] 🔄 Identity rotated (every 10 requests)
[22:26:17] [121/458] KRVM
[22:26:18] [122/458] AKCP
[22:26:19] [123/458] CNCV
[22:26:20] [124/458] PACT
[22:26:21] [125/458] NATP
[22:26:22] [126/458] PCPK
[22:26:23] [127/458] SMHO
[22:26:24] [128/458] CWTK
[22:26:25] [129/458] RVKZ
[22:26:26] [130/458] ASPD
[22:26:27] 🔄 Identity reset
[22:26:27] 🔄 Identity rotated (every 10 requests)
[22:26:27] [131/458] VTKZ
[22:26:28] [132/458] LCSO
[22:26:30] [133/458] PRDY
[22:26:31] [134/458] RCAP
[22:26:32] [135/458] RGAR
[22:26:33] [136/458] RCAC
[22:26:34] [137/458] PMOD
[22:26:35] [138/458] PVCN
[22:26:36] [139/458] SCRZ
[22:26:37] [140/458] PVPC
[22:26:37] 🔄 Identity reset
[22:26:37] 🔄 Identity rotated (every 10 requests)
[22:26:38] [141/458] STID
[22:26:38] [142/458] NEDD
[22:26:39] [143/458] BNBA
[22:26:40] [144/458] NTCD
[22:26:41] [145/458] OCDE
[22:26:42] [146/458] CCDU
[22:26:43] [147/458] CRXH
[22:26:44] [148/458] VLVT
[22:26:46] [149/458] CICI
[22:26:47] [150/458] SUCB
[22:26:47] 🔄 Identity reset
[22:26:47] 🔄 Identity rotated (every 10 requests)
[22:26:48] [151/458] TCBP
[22:26:49] [152/458] SCCY
[22:26:50] [153/458] LXCY
[22:26:51] [154/458] NCMD
[22:26:52] [155/458] PHCS
[22:26:52] [156/458] DUXR
[22:26:54] [157/458] VNKS
[22:26:55] [158/458] SEDP
[22:26:56] [159/458] SVEN
[22:26:56] [160/458] SRKM
[22:26:57] 🔄 Identity reset
[22:26:57] 🔄 Identity rotated (every 10 requests)
[22:26:57] [161/458] JTLT
[22:26:58] [162/458] SVSS
[22:26:59] [163/458] AMDE
[22:27:00] [164/458] WVRN
[22:27:01] [165/458] ISMG
[22:27:02] [166/458] WVKS
[22:27:03] [167/458] USCG
[22:27:04] [168/458] IOTG
[22:27:05] [169/458] RRJM
[22:27:06] [170/458] EDMP
[22:27:07] 🔄 Identity reset
[22:27:07] 🔄 Identity rotated (every 10 requests)
[22:27:07] [171/458] SCGZ
[22:27:08] [172/458] GMGX
[22:27:09] [173/458] OMTP
[22:27:11] [174/458] MITD
[22:27:12] [175/458] SMMD
[22:27:14] [176/458] STML
[22:27:14] [177/458] MCFS
[22:27:15] [178/458] FPKA
[22:27:16] [179/458] OMLR
[22:27:17] [180/458] KKSC
[22:27:18] 🔄 Identity reset
[22:27:18] 🔄 Identity rotated (every 10 requests)
[22:27:18] [181/458] RVMA
[22:27:19] [182/458] SCLL
[22:27:21] [183/458] SCDK
[22:27:22] [184/458] SXMI
[22:27:23] [185/458] SHDN
[22:27:24] [186/458] PAAD
[22:27:25] [187/458] UUCB
[22:27:26] [188/458] JHOL
[22:27:27] [189/458] SGWT
[22:27:28] [190/458] SRII
[22:27:29] 🔄 Identity reset
[22:27:29] 🔄 Identity rotated (every 10 requests)
[22:27:30] [191/458] SGCK
[22:27:31] [192/458] SVVB
[22:27:32] [193/458] DMHA
[22:27:33] [194/458] PPNL
[22:27:34] [195/458] CPNL
[22:27:35] [196/458] WVLD
[22:27:35] [197/458] PSLV
[22:27:36] [198/458] VTTL
[22:27:37] [199/458] NPAD
[22:27:38] [200/458] PVCS
[22:27:39] 🔄 Identity reset
[22:27:39] 🔄 Identity rotated (every 10 requests)
[22:27:39] 🔄 Retry 1/5 for PVCS in 2.7s
[22:27:39] 🔄 Identity reset
[22:27:42] 🧠 New identity created
[22:27:42] [201/458] MCHL
[22:27:43] [202/458] PPLL
[22:27:44] [203/458] MALO
[22:27:46] [204/458] SWBH
[22:27:47] [205/458] PUGB
[22:27:48] [206/458] INBB
[22:27:48] [207/458] INNS
[22:27:49] [208/458] MCPT
[22:27:50] [209/458] SCMI
[22:27:51] 🔄 Identity reset
[22:27:51] 🔄 Identity rotated (every 10 requests)
[22:27:51] [210/458] OCON
[22:27:52] [211/458] SCSM
[22:27:53] [212/458] RJVN
[22:27:54] [213/458] AMDK
[22:27:55] [214/458] ISMR
[22:27:56] [215/458] SMTD
[22:27:57] [216/458] VTDD
[22:27:58] [217/458] PDDZ
[22:27:59] [218/458] PCCK
[22:28:00] [219/458] INAM
[22:28:01] 🔄 Identity reset
[22:28:01] 🔄 Identity rotated (every 10 requests)
[22:28:02] [220/458] FNKT
[22:28:03] [221/458] GDKA
[22:28:04] [222/458] MAYU
[22:28:05] [223/458] TCGU
[22:28:06] [224/458] KDCA
[22:28:07] [225/458] DOMY
[22:28:09] [226/458] PDDD
[22:28:10] [227/458] BJTS
[22:28:12] [228/458] VTCA
[22:28:13] [229/458] SBTM
[22:28:13] 🔄 Identity reset
[22:28:13] 🔄 Identity rotated (every 10 requests)
[22:28:14] [230/458] SEET
[22:28:15] [231/458] SSTJ
[22:28:15] [232/458] SVNT
[22:28:17] [233/458] PPPR
[22:28:17] [234/458] PVYS
[22:28:19] [235/458] IOSE
[22:28:20] [236/458] ACTV
[22:28:21] [237/458] APVE
[22:28:22] [238/458] TCCL
[22:28:23] [239/458] SCMO
[22:28:23] 🔄 Identity reset
[22:28:23] 🔄 Identity rotated (every 10 requests)
[22:28:24] [240/458] SAUM
[22:28:25] [241/458] KCJS
[22:28:26] [242/458] NJCJ
[22:28:27] [243/458] NECF
[22:28:27] [244/458] CCGW
[22:28:29] [245/458] CCMG
[22:28:30] [246/458] NYRG
[22:28:32] [247/458] NCSQ
[22:28:33] [248/458] GRCG
[22:28:34] [249/458] CCBT
[22:28:34] 🔄 Identity reset
[22:28:34] 🔄 Identity rotated (every 10 requests)
[22:28:35] [250/458] ACGA
[22:28:36] [251/458] INAG
[22:28:37] [252/458] FUCG
[22:28:38] [253/458] AICF
[22:28:39] [254/458] GRGA
[22:28:40] [255/458] GDCN
[22:28:42] [256/458] RRCG
[22:28:43] [257/458] SDCH
[22:28:45] [258/458] WVJM
[22:28:46] [259/458] JCCZ
[22:28:46] 🔄 Identity reset
[22:28:46] 🔄 Identity rotated (every 10 requests)
[22:28:47] [260/458] CNCL
[22:28:48] [261/458] TMLV
[22:28:49] [262/458] MEMB
[22:28:50] [263/458] SGTD
[22:28:51] [264/458] CONX
[22:28:52] [265/458] CCMH
[22:28:53] [266/458] ACMC
[22:28:55] [267/458] DTPD
[22:28:55] [268/458] POJA
[22:28:56] [269/458] FNBH
[22:28:57] 🔄 Identity reset
[22:28:57] 🔄 Identity rotated (every 10 requests)
[22:28:58] [270/458] CGCB
[22:28:59] [271/458] RACN
[22:29:00] [272/458] JTSM
[22:29:01] [273/458] SCDN
[22:29:02] [274/458] AACK
[22:29:03] [275/458] RMCE
[22:29:04] [276/458] BSGB
[22:29:05] [277/458] MRCB
[22:29:06] [278/458] SRVR
[22:29:07] [279/458] VTKK
[22:29:07] 🔄 Identity reset
[22:29:07] 🔄 Identity rotated (every 10 requests)
[22:29:08] [280/458] AMST
[22:29:08] [281/458] APCY
[22:29:10] [282/458] LMHO
[22:29:11] [283/458] MTZH
[22:29:12] [284/458] AMZB
[22:29:13] [285/458] SUVT
[22:29:14] [286/458] RCIP
[22:29:15] [287/458] KESR
[22:29:16] [288/458] SNKC
[22:29:17] [289/458] SCED
[22:29:18] 🔄 Identity reset
[22:29:18] 🔄 Identity rotated (every 10 requests)
[22:29:18] [290/458] DVCA
[22:29:19] [291/458] VCDT
[22:29:20] [292/458] RRDI
[22:29:21] [293/458] DFCH
[22:29:21] [294/458] INSC
[22:29:22] [295/458] RGTR
[22:29:24] [296/458] FMOT
[22:29:25] [297/458] SCPM
[22:29:25] [298/458] GCDT
[22:29:26] [299/458] BRKT
[22:29:27] 🔄 Identity reset
[22:29:27] 🔄 Identity rotated (every 10 requests)
[22:29:27] [300/458] DEMP
[22:29:28] [301/458] SRLC
[22:29:29] [302/458] KSTT
[22:29:30] [303/458] SMMT
[22:29:31] [304/458] SILM
[22:29:32] [305/458] JCVM
[22:29:33] [306/458] KCSV
[22:29:34] [307/458] MHLK
[22:29:35] [308/458] SLVL
[22:29:36] [309/458] RJKP
[22:29:36] 🔄 Identity reset
[22:29:36] 🔄 Identity rotated (every 10 requests)
[22:29:37] [310/458] BBPC
[22:29:38] [311/458] MXCB
[22:29:39] [312/458] TCPK
[22:29:40] [313/458] RTBR
[22:29:41] [314/458] GAUT
[22:29:41] [315/458] DVCF
[22:29:42] [316/458] JTSB
[22:29:43] [317/458] SBLS
[22:29:44] [318/458] UDAY
[22:29:45] [319/458] PTNP
[22:29:46] 🔄 Identity reset
[22:29:46] 🔄 Identity rotated (every 10 requests)
[22:29:46] [320/458] DMKT
[22:29:48] [321/458] NTDT
[22:29:49] [322/458] SHDJ
[22:29:50] [323/458] OTNC
[22:29:51] [324/458] RNTW
[22:29:52] [325/458] GCMI
[22:29:53] [326/458] CRCM
[22:29:54] [327/458] NNCZ
[22:29:55] [328/458] OEMO
[22:29:55] [329/458] PVJM
[22:29:56] 🔄 Identity reset
[22:29:56] 🔄 Identity rotated (every 10 requests)
[22:29:57] [330/458] CPJI
[22:29:58] [331/458] RMCJ
[22:29:58] [332/458] CNWJ
[22:29:59] [333/458] EPJM
[22:30:00] [334/458] FNJJ
[22:30:01] [335/458] GCMJ
[22:30:03] [336/458] INPS
[22:30:04] [337/458] BICJ
[22:30:05] [338/458] ISTJ
[22:30:06] [339/458] INJC
[22:30:07] 🔄 Identity reset
[22:30:07] 🔄 Identity rotated (every 10 requests)
[22:30:07] [340/458] GLXJ
[22:30:08] [341/458] INEM
[22:30:09] [342/458] JTMN
[22:30:10] [343/458] FRCJ
[22:30:11] [344/458] DDJP
[22:30:12] [345/458] INJV
[22:30:13] [346/458] GOLC
[22:30:14] [347/458] KOCI
[22:30:15] [348/458] FSTD
[22:30:16] [349/458] PACJ
[22:30:17] 🔄 Identity reset
[22:30:17] 🔄 Identity rotated (every 10 requests)
[22:30:18] [350/458] GMCN
[22:30:19] [351/458] MMDJ
[22:30:20] [352/458] GODH
[22:30:21] [353/458] SKYN
[22:30:22] [354/458] NCTH
[22:30:23] [355/458] SKVZ
[22:30:23] [356/458] SVML
[22:30:24] [357/458] ACVZ
[22:30:25] [358/458] SURA
[22:30:26] [359/458] RTRB
[22:30:27] 🔄 Identity reset
[22:30:27] 🔄 Identity rotated (every 10 requests)
[22:30:28] [360/458] LLCT
[22:30:29] [361/458] ATTS
[22:30:30] [362/458] JYCM
[22:30:33] [363/458] CTKR
[22:30:33] [364/458] LCKR
[22:30:34] [365/458] NYCV
[22:30:35] [366/458] NYOH
[22:30:37] [367/458] NOVX
[22:30:38] [368/458] MRGK
[22:30:39] [369/458] MOON
[22:30:40] 🔄 Identity reset
[22:30:40] 🔄 Identity rotated (every 10 requests)
[22:30:40] [370/458] SBUC
[22:30:41] [371/458] GSVA
[22:30:42] [372/458] VIAK
[22:30:43] [373/458] SMVZ
[22:30:44] [374/458] MATE
[22:30:45] [375/458] RDCN
[22:30:46] [376/458] ASBL
[22:30:47] [377/458] ASVS
[22:30:48] [378/458] ASSR
[22:30:48] [379/458] SSKN
[22:30:49] 🔄 Identity reset
[22:30:49] 🔄 Identity rotated (every 10 requests)
[22:30:49] [380/458] DRPV
[22:30:50] [381/458] MRHT
[22:30:52] [382/458] BSCN
[22:30:53] [383/458] RKNX
[22:30:54] [384/458] MSMC
[22:30:55] [385/458] MSCJ
[22:30:56] [386/458] BTBJ
[22:30:57] [387/458] MJCC
[22:30:58] [388/458] IOMM
[22:30:59] [389/458] ADGR
[22:31:00] 🔄 Identity reset
[22:31:00] 🔄 Identity rotated (every 10 requests)
[22:31:00] [390/458] MYCP
[22:31:01] [391/458] IGCM
[22:31:02] [392/458] PGRK
[22:31:03] [393/458] VPGO
[22:31:04] [394/458] KOMS
[22:31:05] [395/458] URGG
[22:31:06] [396/458] GOST
[22:31:07] [397/458] LACT
[22:31:07] [398/458] BWCM
[22:31:08] [399/458] NCCW
[22:31:09] 🔄 Identity reset
[22:31:09] 🔄 Identity rotated (every 10 requests)
[22:31:09] [400/458] SKYC
[22:31:10] [401/458] CCPM
[22:31:11] [402/458] VCBT
[22:31:12] [403/458] SDKR
[22:31:13] [404/458] CTYB
[22:31:14] [405/458] SHCX
[22:31:15] [406/458] RCUN
[22:31:15] [407/458] CNRA
[22:31:16] [408/458] RFCA
[22:31:17] [409/458] RDCU
[22:31:18] 🔄 Identity reset
[22:31:18] 🔄 Identity rotated (every 10 requests)
[22:31:18] [410/458] SARK
[22:31:19] [411/458] SPPP
[22:31:20] [412/458] ADMB
[22:31:21] [413/458] JYOE
[22:31:23] [414/458] SRMD
[22:31:24] [415/458] RJDH
[22:31:25] [416/458] SSTD
[22:31:26] [417/458] AACV
[22:31:26] [418/458] PPVD
[22:31:27] [419/458] STCP
[22:31:28] 🔄 Identity reset
[22:31:28] 🔄 Identity rotated (every 10 requests)
[22:31:28] [420/458] ANLS
[22:31:29] [421/458] BIJO
[22:31:30] [422/458] AVAB
[22:31:32] [423/458] SPMD
[22:31:33] [424/458] SVJL
[22:31:34] [425/458] SDDJ
[22:31:35] [426/458] SLTU
[22:31:36] [427/458] SAKA
[22:31:37] [428/458] PMAM
[22:31:38] [429/458] FNAM
[22:31:39] 🔄 Identity reset
[22:31:39] 🔄 Identity rotated (every 10 requests)
[22:31:39] [430/458] ACAM
[22:31:41] [431/458] SCMM
[22:31:42] [432/458] PMAK
[22:31:43] [433/458] NYSA
[22:31:44] [434/458] FCPA
[22:31:45] [435/458] GDAN
[22:31:46] [436/458] RSCA
[22:31:47] [437/458] DMAN
[22:31:48] [438/458] DZCM
[22:31:49] [439/458] NSGL
[22:31:49] 🔄 Identity reset
[22:31:49] 🔄 Identity rotated (every 10 requests)
[22:31:50] [440/458] CCPP
[22:31:51] [441/458] PSMG
[22:31:52] [442/458] GSER
[22:31:53] [443/458] FCCT
[22:31:54] [444/458] FCTB
[22:31:55] [445/458] LCNK
[22:31:56] [446/458] SKTY
[22:31:57] [447/458] INAA
[22:31:58] [448/458] RCWN
[22:31:59] [449/458] VAIS
[22:31:59] 🔄 Identity reset
[22:31:59] 🔄 Identity rotated (every 10 requests)
[22:32:00] [450/458] CVMN
[22:32:01] [451/458] INTS
[22:32:02] [452/458] FRGS
[22:32:02] [453/458] DTCK
[22:32:03] [454/458] MCMH
[22:32:04] [455/458] ECRR
[22:32:05] [456/458] RLLP
[22:32:06] [457/458] CCSN
[22:32:07] [458/458] CCBA
[22:32:08] 🧹 Deduping shows
[22:32:08] ✅ DONE | Shows=353 | Movies=1
[01:01:13] 🚀 SCRIPT STARTED (enhanced anti‑detection)
[01:01:13] [1/458] MBDC
[01:01:14] 🧠 New identity created
[01:01:15] [2/458] CHKM
[01:01:16] [3/458] JTKZ
[01:01:16] [4/458] CMCT
[01:01:17] [5/458] ASHO
[01:01:18] [6/458] ECDG
[01:01:19] [7/458] SPAT
[01:01:20] [8/458] HILC
[01:01:21] [9/458] SPPH
[01:01:22] [10/458] SBHN
[01:01:22] 🔄 Identity reset
[01:01:23] 🔄 Identity rotated (every 10 requests)
[01:01:23] [11/458] RRCA
[01:01:24] [12/458] APAA
[01:01:25] [13/458] RAME
[01:01:26] [14/458] TMMS
[01:01:26] [15/458] BATK
[01:01:27] [16/458] LKOP
[01:01:28] [17/458] AMTT
[01:01:29] [18/458] PTGK
[01:01:30] [19/458] ANRS
[01:01:31] [20/458] VWBW
[01:01:32] 🔄 Identity reset
[01:01:32] 🔄 Identity rotated (every 10 requests)
[01:01:32] [21/458] SVFG
[01:01:33] [22/458] STAT
[01:01:34] [23/458] GDCV
[01:01:35] [24/458] VEBI
[01:01:36] [25/458] VDSS
[01:01:36] [26/458] NTHV
[01:01:37] [27/458] AOCH
[01:01:38] [28/458] KASR
[01:01:39] [29/458] AYCS
[01:01:40] [30/458] SHAI
[01:01:41] 🔄 Identity reset
[01:01:41] 🔄 Identity rotated (every 10 requests)
[01:01:41] [31/458] SKPE
[01:01:42] [32/458] SBTA
[01:01:43] [33/458] RTTD
[01:01:44] [34/458] CCJD
[01:01:45] [35/458] RSJJ
[01:01:46] [36/458] RKND
[01:01:47] [37/458] SVTX
[01:01:48] [38/458] BAKM
[01:01:48] [39/458] SVDC
[01:01:49] [40/458] MNCV
[01:01:50] 🔄 Identity reset
[01:01:50] 🔄 Identity rotated (every 10 requests)
[01:01:50] [41/458] SJGC
[01:01:51] [42/458] MTPK
[01:01:52] [43/458] GATP
[01:01:53] [44/458] ABTS
[01:01:54] [45/458] ABDE
[01:01:55] [46/458] RCNM
[01:01:56] [47/458] KTHV
[01:01:57] [48/458] MDGJ
[01:01:58] [49/458] SMLM
[01:01:58] [50/458] JTMA
[01:01:59] 🔄 Identity reset
[01:01:59] 🔄 Identity rotated (every 10 requests)
[01:01:59] [51/458] ACKP
[01:02:00] [52/458] SRTA
[01:02:01] [53/458] STAY
[01:02:02] [54/458] MAVO
[01:02:03] [55/458] APTS
[01:02:04] [56/458] OMEA
[01:02:05] [57/458] TTFD
[01:02:06] [58/458] MJCU
[01:02:07] [59/458] CXTE
[01:02:08] [60/458] CTPX
[01:02:08] 🔄 Identity reset
[01:02:08] 🔄 Identity rotated (every 10 requests)
[01:02:09] [61/458] ASSL
[01:02:09] [62/458] CMVB
[01:02:10] [63/458] VPUR
[01:02:11] [64/458] JJDA
[01:02:12] [65/458] INBL
[01:02:13] [66/458] BIKB
[01:02:14] [67/458] NTBB
[01:02:14] [68/458] GLOB
[01:02:15] [69/458] SNTB
[01:02:16] [70/458] CHGV
[01:02:17] 🔄 Identity reset
[01:02:17] 🔄 Identity rotated (every 10 requests)
[01:02:17] [71/458] SSBZ
[01:02:18] [72/458] PRDB
[01:02:19] [73/458] ISMT
[01:02:20] [74/458] MCSD
[01:02:21] [75/458] JBTT
[01:02:22] [76/458] GEKR
[01:02:23] [77/458] PVUN
[01:02:24] [78/458] NRTB
[01:02:25] [79/458] PRAA
[01:02:26] [80/458] PCBL
[01:02:27] 🔄 Identity reset
[01:02:27] 🔄 Identity rotated (every 10 requests)
[01:02:27] [81/458] PTCM
[01:02:28] [82/458] KHNN
[01:02:29] [83/458] OMJE
[01:02:30] [84/458] STGN
[01:02:31] [85/458] RPMS
[01:02:32] [86/458] NWAD
[01:02:32] [87/458] BLCK
[01:02:33] [88/458] SVAA
[01:02:35] [89/458] URVM
[01:02:36] [90/458] ANTM
[01:02:36] 🔄 Identity reset
[01:02:36] 🔄 Identity rotated (every 10 requests)
[01:02:37] [91/458] VJYM
[01:02:38] [92/458] MAZZ
[01:02:38] [93/458] CSHM
[01:02:39] [94/458] WGMH
[01:02:41] [95/458] SALN
[01:02:42] [96/458] BRTP
[01:02:42] [97/458] SVTA
[01:02:43] [98/458] SBTP
[01:02:44] [99/458] VLSS
[01:02:46] [100/458] SRJA
[01:02:46] 🔄 Identity reset
[01:02:46] 🔄 Identity rotated (every 10 requests)
[01:02:47] [101/458] ANCG
[01:02:48] [102/458] CGGC
[01:02:48] [103/458] CRJA
[01:02:49] [104/458] USCR
[01:02:50] [105/458] MMEF
[01:02:51] [106/458] JCRJ
[01:02:52] [107/458] ADCM
[01:02:53] [108/458] BMYK
[01:02:54] [109/458] KICS
[01:02:56] [110/458] MBBT
[01:02:57] 🔄 Identity reset
[01:02:57] 🔄 Identity rotated (every 10 requests)
[01:02:57] [111/458] MACK
[01:02:58] [112/458] CLDR
[01:03:00] [113/458] JYCR
[01:03:00] [114/458] DCRP
[01:03:01] [115/458] RAHT
[01:03:02] [116/458] CSSM
[01:03:03] [117/458] ATPK
[01:03:04] [118/458] KLRT
[01:03:05] [119/458] SRDD
[01:03:06] [120/458] CKMC
[01:03:06] 🔄 Identity reset
[01:03:06] 🔄 Identity rotated (every 10 requests)
[01:03:07] [121/458] KRVM
[01:03:08] [122/458] AKCP
[01:03:09] [123/458] CNCV
[01:03:09] [124/458] PACT
[01:03:11] [125/458] NATP
[01:03:12] [126/458] PCPK
[01:03:13] [127/458] SMHO
[01:03:14] [128/458] CWTK
[01:03:15] [129/458] RVKZ
[01:03:16] [130/458] ASPD
[01:03:16] 🔄 Identity reset
[01:03:16] 🔄 Identity rotated (every 10 requests)
[01:03:17] [131/458] VTKZ
[01:03:19] [132/458] LCSO
[01:03:20] [133/458] PRDY
[01:03:20] [134/458] RCAP
[01:03:21] [135/458] RGAR
[01:03:22] [136/458] RCAC
[01:03:23] [137/458] PMOD
[01:03:24] [138/458] PVCN
[01:03:26] [139/458] SCRZ
[01:03:26] [140/458] PVPC
[01:03:27] 🔄 Identity reset
[01:03:27] 🔄 Identity rotated (every 10 requests)
[01:03:28] [141/458] STID
[01:03:29] [142/458] NEDD
[01:03:30] [143/458] BNBA
[01:03:31] [144/458] NTCD
[01:03:32] [145/458] OCDE
[01:03:34] [146/458] CCDU
[01:03:35] [147/458] CRXH
[01:03:36] [148/458] VLVT
[01:03:37] [149/458] CICI
[01:03:38] [150/458] SUCB
[01:03:38] 🔄 Identity reset
[01:03:38] 🔄 Identity rotated (every 10 requests)
[01:03:39] [151/458] TCBP
[01:03:39] [152/458] SCCY
[01:03:40] [153/458] LXCY
[01:03:41] [154/458] NCMD
[01:03:42] [155/458] PHCS
[01:03:43] [156/458] DUXR
[01:03:44] [157/458] VNKS
[01:03:45] [158/458] SEDP
[01:03:45] [159/458] SVEN
[01:03:47] [160/458] SRKM
[01:03:48] 🔄 Identity reset
[01:03:48] 🔄 Identity rotated (every 10 requests)
[01:03:48] [161/458] JTLT
[01:03:49] [162/458] SVSS
[01:03:50] [163/458] AMDE
[01:03:50] [164/458] WVRN
[01:03:51] [165/458] ISMG
[01:03:53] [166/458] WVKS
[01:03:54] [167/458] USCG
[01:03:55] [168/458] IOTG
[01:03:56] [169/458] RRJM
[01:03:57] [170/458] EDMP
[01:03:58] 🔄 Identity reset
[01:03:58] 🔄 Identity rotated (every 10 requests)
[01:03:58] [171/458] SCGZ
[01:03:59] [172/458] GMGX
[01:04:00] [173/458] OMTP
[01:04:01] [174/458] MITD
[01:04:02] [175/458] SMMD
[01:04:03] [176/458] STML
[01:04:05] [177/458] MCFS
[01:04:06] [178/458] FPKA
[01:04:06] [179/458] OMLR
[01:04:07] [180/458] KKSC
[01:04:08] 🔄 Identity reset
[01:04:08] 🔄 Identity rotated (every 10 requests)
[01:04:08] [181/458] RVMA
[01:04:09] [182/458] SCLL
[01:04:10] [183/458] SCDK
[01:04:11] [184/458] SXMI
[01:04:12] [185/458] SHDN
[01:04:13] [186/458] PAAD
[01:04:13] [187/458] UUCB
[01:04:14] [188/458] JHOL
[01:04:15] [189/458] SGWT
[01:04:16] [190/458] SRII
[01:04:17] 🔄 Identity reset
[01:04:17] 🔄 Identity rotated (every 10 requests)
[01:04:17] [191/458] SGCK
[01:04:18] [192/458] SVVB
[01:04:19] [193/458] DMHA
[01:04:20] [194/458] PPNL
[01:04:21] [195/458] CPNL
[01:04:22] [196/458] WVLD
[01:04:23] [197/458] PSLV
[01:04:24] [198/458] VTTL
[01:04:25] [199/458] NPAD
[01:04:26] [200/458] PVCS
[01:04:26] 🔄 Identity reset
[01:04:26] 🔄 Identity rotated (every 10 requests)
[01:04:27] [201/458] MCHL
[01:04:28] [202/458] PPLL
[01:04:29] [203/458] MALO
[01:04:30] [204/458] SWBH
[01:04:30] [205/458] PUGB
[01:04:31] [206/458] INBB
[01:04:33] [207/458] INNS
[01:04:33] [208/458] MCPT
[01:04:34] [209/458] SCMI
[01:04:35] [210/458] OCON
[01:04:36] 🔄 Identity reset
[01:04:36] 🔄 Identity rotated (every 10 requests)
[01:04:36] [211/458] SCSM
[01:04:37] [212/458] RJVN
[01:04:38] [213/458] AMDK
[01:04:40] [214/458] ISMR
[01:04:40] [215/458] SMTD
[01:04:41] [216/458] VTDD
[01:04:42] [217/458] PDDZ
[01:04:43] [218/458] PCCK
[01:04:44] [219/458] INAM
[01:04:45] [220/458] FNKT
[01:04:45] 🔄 Identity reset
[01:04:45] 🔄 Identity rotated (every 10 requests)
[01:04:46] [221/458] GDKA
[01:04:47] [222/458] MAYU
[01:04:48] [223/458] TCGU
[01:04:49] [224/458] KDCA
[01:04:50] [225/458] DOMY
[01:04:51] [226/458] PDDD
[01:04:52] [227/458] BJTS
[01:04:53] [228/458] VTCA
[01:04:55] [229/458] SBTM
[01:04:56] [230/458] SEET
[01:04:56] 🔄 Identity reset
[01:04:56] 🔄 Identity rotated (every 10 requests)
[01:04:57] [231/458] SSTJ
[01:04:57] [232/458] SVNT
[01:04:58] [233/458] PPPR
[01:05:00] [234/458] PVYS
[01:05:02] [235/458] IOSE
[01:05:03] [236/458] ACTV
[01:05:03] [237/458] APVE
[01:05:04] [238/458] TCCL
[01:05:05] [239/458] SCMO
[01:05:07] [240/458] SAUM
[01:05:08] 🔄 Identity reset
[01:05:08] 🔄 Identity rotated (every 10 requests)
[01:05:08] [241/458] KCJS
[01:05:09] [242/458] NJCJ
[01:05:10] [243/458] NECF
[01:05:11] [244/458] CCGW
[01:05:12] [245/458] CCMG
[01:05:13] [246/458] NYRG
[01:05:14] [247/458] NCSQ
[01:05:16] [248/458] GRCG
[01:05:17] [249/458] CCBT
[01:05:17] [250/458] ACGA
[01:05:18] 🔄 Identity reset
[01:05:18] 🔄 Identity rotated (every 10 requests)
[01:05:18] [251/458] INAG
[01:05:19] [252/458] FUCG
[01:05:20] [253/458] AICF
[01:05:22] [254/458] GRGA
[01:05:22] [255/458] GDCN
[01:05:23] [256/458] RRCG
[01:05:24] [257/458] SDCH
[01:05:25] [258/458] WVJM
[01:05:26] [259/458] JCCZ
[01:05:27] [260/458] CNCL
[01:05:27] 🔄 Identity reset
[01:05:27] 🔄 Identity rotated (every 10 requests)
[01:05:28] [261/458] TMLV
[01:05:29] [262/458] MEMB
[01:05:30] [263/458] SGTD
[01:05:31] [264/458] CONX
[01:05:31] [265/458] CCMH
[01:05:32] [266/458] ACMC
[01:05:33] [267/458] DTPD
[01:05:34] [268/458] POJA
[01:05:35] [269/458] FNBH
[01:05:36] [270/458] CGCB
[01:05:36] 🔄 Identity reset
[01:05:36] 🔄 Identity rotated (every 10 requests)
[01:05:37] [271/458] RACN
[01:05:38] [272/458] JTSM
[01:05:39] [273/458] SCDN
[01:05:39] [274/458] AACK
[01:05:40] [275/458] RMCE
[01:05:41] [276/458] BSGB
[01:05:42] [277/458] MRCB
[01:05:43] [278/458] SRVR
[01:05:44] [279/458] VTKK
[01:05:44] [280/458] AMST
[01:05:45] 🔄 Identity reset
[01:05:45] 🔄 Identity rotated (every 10 requests)
[01:05:45] [281/458] APCY
[01:05:46] [282/458] LMHO
[01:05:47] [283/458] MTZH
[01:05:48] [284/458] AMZB
[01:05:49] [285/458] SUVT
[01:05:50] [286/458] RCIP
[01:05:51] [287/458] KESR
[01:05:52] [288/458] SNKC
[01:05:53] [289/458] SCED
[01:05:54] [290/458] DVCA
[01:05:54] 🔄 Identity reset
[01:05:54] 🔄 Identity rotated (every 10 requests)
[01:05:54] [291/458] VCDT
[01:05:55] [292/458] RRDI
[01:05:56] [293/458] DFCH
[01:05:57] [294/458] INSC
[01:05:58] [295/458] RGTR
[01:05:59] [296/458] FMOT
[01:06:00] [297/458] SCPM
[01:06:01] [298/458] GCDT
[01:06:02] [299/458] BRKT
[01:06:03] [300/458] DEMP
[01:06:03] 🔄 Identity reset
[01:06:03] 🔄 Identity rotated (every 10 requests)
[01:06:04] [301/458] SRLC
[01:06:05] [302/458] KSTT
[01:06:05] [303/458] SMMT
[01:06:06] [304/458] SILM
[01:06:07] [305/458] JCVM
[01:06:08] [306/458] KCSV
[01:06:09] [307/458] MHLK
[01:06:10] [308/458] SLVL
[01:06:10] [309/458] RJKP
[01:06:11] [310/458] BBPC
[01:06:12] 🔄 Identity reset
[01:06:12] 🔄 Identity rotated (every 10 requests)
[01:06:12] [311/458] MXCB
[01:06:13] [312/458] TCPK
[01:06:14] [313/458] RTBR
[01:06:15] [314/458] GAUT
[01:06:16] [315/458] DVCF
[01:06:17] [316/458] JTSB
[01:06:18] [317/458] SBLS
[01:06:19] [318/458] UDAY
[01:06:20] [319/458] PTNP
[01:06:21] [320/458] DMKT
[01:06:21] 🔄 Identity reset
[01:06:21] 🔄 Identity rotated (every 10 requests)
[01:06:22] [321/458] NTDT
[01:06:23] [322/458] SHDJ
[01:06:24] [323/458] OTNC
[01:06:24] [324/458] RNTW
[01:06:25] [325/458] GCMI
[01:06:26] [326/458] CRCM
[01:06:27] [327/458] NNCZ
[01:06:28] [328/458] OEMO
[01:06:28] [329/458] PVJM
[01:06:29] [330/458] CPJI
[01:06:30] 🔄 Identity reset
[01:06:30] 🔄 Identity rotated (every 10 requests)
[01:06:30] [331/458] RMCJ
[01:06:32] [332/458] CNWJ
[01:06:33] [333/458] EPJM
[01:06:33] [334/458] FNJJ
[01:06:35] [335/458] GCMJ
[01:06:36] [336/458] INPS
[01:06:37] [337/458] BICJ
[01:06:38] [338/458] ISTJ
[01:06:39] [339/458] INJC
[01:06:40] [340/458] GLXJ
[01:06:40] 🔄 Identity reset
[01:06:40] 🔄 Identity rotated (every 10 requests)
[01:06:41] [341/458] INEM
[01:06:42] [342/458] JTMN
[01:06:43] [343/458] FRCJ
[01:06:44] [344/458] DDJP
[01:06:46] [345/458] INJV
[01:06:47] [346/458] GOLC
[01:06:47] [347/458] KOCI
[01:06:49] [348/458] FSTD
[01:06:50] [349/458] PACJ
[01:06:51] [350/458] GMCN
[01:06:52] 🔄 Identity reset
[01:06:52] 🔄 Identity rotated (every 10 requests)
[01:06:52] [351/458] MMDJ
[01:06:53] [352/458] GODH
[01:06:54] [353/458] SKYN
[01:06:55] [354/458] NCTH
[01:06:56] [355/458] SKVZ
[01:06:57] [356/458] SVML
[01:06:58] [357/458] ACVZ
[01:06:59] [358/458] SURA
[01:07:00] [359/458] RTRB
[01:07:01] [360/458] LLCT
[01:07:02] 🔄 Identity reset
[01:07:02] 🔄 Identity rotated (every 10 requests)
[01:07:02] [361/458] ATTS
[01:07:03] [362/458] JYCM
[01:07:04] [363/458] CTKR
[01:07:05] [364/458] LCKR
[01:07:06] [365/458] NYCV
[01:07:07] [366/458] NYOH
[01:07:08] [367/458] NOVX
[01:07:08] [368/458] MRGK
[01:07:09] [369/458] MOON
[01:07:10] [370/458] SBUC
[01:07:11] 🔄 Identity reset
[01:07:11] 🔄 Identity rotated (every 10 requests)
[01:07:11] [371/458] GSVA
[01:07:12] [372/458] VIAK
[01:07:13] [373/458] SMVZ
[01:07:14] [374/458] MATE
[01:07:15] [375/458] RDCN
[01:07:16] [376/458] ASBL
[01:07:17] [377/458] ASVS
[01:07:18] [378/458] ASSR
[01:07:19] [379/458] SSKN
[01:07:20] [380/458] DRPV
[01:07:21] 🔄 Identity reset
[01:07:21] 🔄 Identity rotated (every 10 requests)
[01:07:21] [381/458] MRHT
[01:07:22] [382/458] BSCN
[01:07:23] [383/458] RKNX
[01:07:24] [384/458] MSMC
[01:07:24] [385/458] MSCJ
[01:07:25] [386/458] BTBJ
[01:07:26] [387/458] MJCC
[01:07:27] [388/458] IOMM
[01:07:29] [389/458] ADGR
[01:07:30] [390/458] MYCP
[01:07:30] 🔄 Identity reset
[01:07:30] 🔄 Identity rotated (every 10 requests)
[01:07:31] [391/458] IGCM
[01:07:32] [392/458] PGRK
[01:07:32] [393/458] VPGO
[01:07:33] [394/458] KOMS
[01:07:34] [395/458] URGG
[01:07:35] [396/458] GOST
[01:07:36] [397/458] LACT
[01:07:37] [398/458] BWCM
[01:07:38] [399/458] NCCW
[01:07:39] [400/458] SKYC
[01:07:40] 🔄 Identity reset
[01:07:40] 🔄 Identity rotated (every 10 requests)
[01:07:40] [401/458] CCPM
[01:07:41] [402/458] VCBT
[01:07:42] [403/458] SDKR
[01:07:42] [404/458] CTYB
[01:07:43] [405/458] SHCX
[01:07:44] [406/458] RCUN
[01:07:45] [407/458] CNRA
[01:07:46] [408/458] RFCA
[01:07:46] [409/458] RDCU
[01:07:47] [410/458] SARK
[01:07:48] 🔄 Identity reset
[01:07:48] 🔄 Identity rotated (every 10 requests)
[01:07:49] [411/458] SPPP
[01:07:50] [412/458] ADMB
[01:07:51] [413/458] JYOE
[01:07:52] [414/458] SRMD
[01:07:53] [415/458] RJDH
[01:07:53] [416/458] SSTD
[01:07:54] [417/458] AACV
[01:07:55] [418/458] PPVD
[01:07:56] [419/458] STCP
[01:07:57] [420/458] ANLS
[01:07:57] 🔄 Identity reset
[01:07:57] 🔄 Identity rotated (every 10 requests)
[01:07:58] [421/458] BIJO
[01:07:59] [422/458] AVAB
[01:08:00] [423/458] SPMD
[01:08:01] [424/458] SVJL
[01:08:02] [425/458] SDDJ
[01:08:03] [426/458] SLTU
[01:08:04] [427/458] SAKA
[01:08:05] [428/458] PMAM
[01:08:05] [429/458] FNAM
[01:08:06] [430/458] ACAM
[01:08:07] 🔄 Identity reset
[01:08:07] 🔄 Identity rotated (every 10 requests)
[01:08:08] [431/458] SCMM
[01:08:09] [432/458] PMAK
[01:08:10] [433/458] NYSA
[01:08:11] [434/458] FCPA
[01:08:12] [435/458] GDAN
[01:08:12] [436/458] RSCA
[01:08:13] [437/458] DMAN
[01:08:14] [438/458] DZCM
[01:08:15] [439/458] NSGL
[01:08:16] [440/458] CCPP
[01:08:17] 🔄 Identity reset
[01:08:17] 🔄 Identity rotated (every 10 requests)
[01:08:17] [441/458] PSMG
[01:08:18] [442/458] GSER
[01:08:19] [443/458] FCCT
[01:08:20] [444/458] FCTB
[01:08:21] [445/458] LCNK
[01:08:21] [446/458] SKTY
[01:08:22] [447/458] INAA
[01:08:23] [448/458] RCWN
[01:08:24] [449/458] VAIS
[01:08:25] [450/458] CVMN
[01:08:25] 🔄 Identity reset
[01:08:25] 🔄 Identity rotated (every 10 requests)
[01:08:26] [451/458] INTS
[01:08:27] [452/458] FRGS
[01:08:28] [453/458] DTCK
[01:08:29] [454/458] MCMH
[01:08:30] [455/458] ECRR
[01:08:31] [456/458] RLLP
[01:08:32] [457/458] CCSN
[01:08:32] [458/458] CCBA
[01:08:34] 🧹 Deduping shows
[01:08:34] ✅ DONE | Shows=372 | Movies=1
[04:46:43] 🚀 SCRIPT STARTED (enhanced anti‑detection)
[04:46:43] [1/458] MBDC
[04:46:44] 🧠 New identity created
[04:46:44] [2/458] CHKM
[04:46:45] [3/458] JTKZ
[04:46:46] [4/458] CMCT
[04:46:47] [5/458] ASHO
[04:46:47] [6/458] ECDG
[04:46:48] [7/458] SPAT
[04:46:49] [8/458] HILC
[04:46:50] [9/458] SPPH
[04:46:50] [10/458] SBHN
[04:46:51] 🔄 Identity reset
[04:46:51] 🔄 Identity rotated (every 10 requests)
[04:46:52] [11/458] RRCA
[04:46:52] [12/458] APAA
[04:46:53] [13/458] RAME
[04:46:54] [14/458] TMMS
[04:46:55] [15/458] BATK
[04:46:56] [16/458] LKOP
[04:46:57] [17/458] AMTT
[04:46:58] [18/458] PTGK
[04:46:58] [19/458] ANRS
[04:46:59] [20/458] VWBW
[04:47:00] 🔄 Identity reset
[04:47:00] 🔄 Identity rotated (every 10 requests)
[04:47:00] [21/458] SVFG
[04:47:01] [22/458] STAT
[04:47:02] [23/458] GDCV
[04:47:03] [24/458] VEBI
[04:47:04] [25/458] VDSS
[04:47:05] [26/458] NTHV
[04:47:06] [27/458] AOCH
[04:47:07] [28/458] KASR
[04:47:09] [29/458] AYCS
[04:47:10] [30/458] SHAI
[04:47:10] 🔄 Identity reset
[04:47:10] 🔄 Identity rotated (every 10 requests)
[04:47:10] [31/458] SKPE
[04:47:11] [32/458] SBTA
[04:47:12] [33/458] RTTD
[04:47:13] [34/458] CCJD
[04:47:14] [35/458] RSJJ
[04:47:15] [36/458] RKND
[04:47:16] [37/458] SVTX
[04:47:17] [38/458] BAKM
[04:47:17] [39/458] SVDC
[04:47:18] [40/458] MNCV
[04:47:19] 🔄 Identity reset
[04:47:19] 🔄 Identity rotated (every 10 requests)
[04:47:19] [41/458] SJGC
[04:47:20] [42/458] MTPK
[04:47:21] [43/458] GATP
[04:47:22] [44/458] ABTS
[04:47:22] [45/458] ABDE
[04:47:23] [46/458] RCNM
[04:47:24] [47/458] KTHV
[04:47:25] [48/458] MDGJ
[04:47:26] [49/458] SMLM
[04:47:27] [50/458] JTMA
[04:47:27] 🔄 Identity reset
[04:47:27] 🔄 Identity rotated (every 10 requests)
[04:47:27] [51/458] ACKP
[04:47:28] [52/458] SRTA
[04:47:29] [53/458] STAY
[04:47:30] [54/458] MAVO
[04:47:31] [55/458] APTS
[04:47:32] [56/458] OMEA
[04:47:33] [57/458] TTFD
[04:47:34] [58/458] MJCU
[04:47:35] [59/458] CXTE
[04:47:36] [60/458] CTPX
[04:47:37] 🔄 Identity reset
[04:47:37] 🔄 Identity rotated (every 10 requests)
[04:47:37] [61/458] ASSL
[04:47:38] [62/458] CMVB
[04:47:39] [63/458] VPUR
[04:47:40] [64/458] JJDA
[04:47:41] [65/458] INBL
[04:47:42] [66/458] BIKB
[04:47:43] [67/458] NTBB
[04:47:44] [68/458] GLOB
[04:47:45] [69/458] SNTB
[04:47:46] [70/458] CHGV
[04:47:47] 🔄 Identity reset
[04:47:47] 🔄 Identity rotated (every 10 requests)
[04:47:47] [71/458] SSBZ
[04:47:48] [72/458] PRDB
[04:47:49] [73/458] ISMT
[04:47:49] [74/458] MCSD
[04:47:50] [75/458] JBTT
[04:47:51] [76/458] GEKR
[04:47:52] [77/458] PVUN
[04:47:52] [78/458] NRTB
[04:47:53] [79/458] PRAA
[04:47:54] [80/458] PCBL
[04:47:55] 🔄 Identity reset
[04:47:55] 🔄 Identity rotated (every 10 requests)
[04:47:55] [81/458] PTCM
[04:47:57] [82/458] KHNN
[04:47:57] [83/458] OMJE
[04:47:58] [84/458] STGN
[04:47:59] [85/458] RPMS
[04:48:00] [86/458] NWAD
[04:48:01] [87/458] BLCK
[04:48:02] [88/458] SVAA
[04:48:03] [89/458] URVM
[04:48:04] [90/458] ANTM
[04:48:05] 🔄 Identity reset
[04:48:05] 🔄 Identity rotated (every 10 requests)
[04:48:05] [91/458] VJYM
[04:48:06] [92/458] MAZZ
[04:48:07] [93/458] CSHM
[04:48:08] [94/458] WGMH
[04:48:08] [95/458] SALN
[04:48:09] [96/458] BRTP
[04:48:10] [97/458] SVTA
[04:48:12] [98/458] SBTP
[04:48:13] [99/458] VLSS
[04:48:14] [100/458] SRJA
[04:48:14] 🔄 Identity reset
[04:48:14] 🔄 Identity rotated (every 10 requests)
[04:48:14] [101/458] ANCG
[04:48:15] [102/458] CGGC
[04:48:16] [103/458] CRJA
[04:48:17] [104/458] USCR
[04:48:19] [105/458] MMEF
[04:48:20] [106/458] JCRJ
[04:48:21] [107/458] ADCM
[04:48:21] [108/458] BMYK
[04:48:22] [109/458] KICS
[04:48:23] [110/458] MBBT
[04:48:24] 🔄 Identity reset
[04:48:24] 🔄 Identity rotated (every 10 requests)
[04:48:24] [111/458] MACK
[04:48:25] [112/458] CLDR
[04:48:26] [113/458] JYCR
[04:48:27] [114/458] DCRP
[04:48:28] [115/458] RAHT
[04:48:29] [116/458] CSSM
[04:48:30] [117/458] ATPK
[04:48:31] [118/458] KLRT
[04:48:32] [119/458] SRDD
[04:48:33] [120/458] CKMC
[04:48:33] 🔄 Identity reset
[04:48:33] 🔄 Identity rotated (every 10 requests)
[04:48:34] [121/458] KRVM
[04:48:35] [122/458] AKCP
[04:48:35] [123/458] CNCV
[04:48:36] [124/458] PACT
[04:48:37] [125/458] NATP
[04:48:38] [126/458] PCPK
[04:48:39] [127/458] SMHO
[04:48:40] [128/458] CWTK
[04:48:41] [129/458] RVKZ
[04:48:41] [130/458] ASPD
[04:48:42] 🔄 Identity reset
[04:48:42] 🔄 Identity rotated (every 10 requests)
[04:48:42] [131/458] VTKZ
[04:48:43] [132/458] LCSO
[04:48:44] [133/458] PRDY
[04:48:45] [134/458] RCAP
[04:48:46] [135/458] RGAR
[04:48:46] [136/458] RCAC
[04:48:47] [137/458] PMOD
[04:48:49] [138/458] PVCN
[04:48:50] [139/458] SCRZ
[04:48:51] [140/458] PVPC
[04:48:51] 🔄 Identity reset
[04:48:51] 🔄 Identity rotated (every 10 requests)
[04:48:51] [141/458] STID
[04:48:52] [142/458] NEDD
[04:48:53] [143/458] BNBA
[04:48:54] [144/458] NTCD
[04:48:55] [145/458] OCDE
[04:48:57] [146/458] CCDU
[04:48:58] [147/458] CRXH
[04:48:59] [148/458] VLVT
[04:49:00] [149/458] CICI
[04:49:01] [150/458] SUCB
[04:49:01] 🔄 Identity reset
[04:49:01] 🔄 Identity rotated (every 10 requests)
[04:49:01] [151/458] TCBP
[04:49:02] [152/458] SCCY
[04:49:03] [153/458] LXCY
[04:49:04] [154/458] NCMD
[04:49:05] [155/458] PHCS
[04:49:06] [156/458] DUXR
[04:49:07] [157/458] VNKS
[04:49:08] [158/458] SEDP
[04:49:09] [159/458] SVEN
[04:49:10] [160/458] SRKM
[04:49:10] 🔄 Identity reset
[04:49:10] 🔄 Identity rotated (every 10 requests)
[04:49:11] [161/458] JTLT
[04:49:11] [162/458] SVSS
[04:49:12] [163/458] AMDE
[04:49:14] [164/458] WVRN
[04:49:14] [165/458] ISMG
[04:49:15] [166/458] WVKS
[04:49:16] [167/458] USCG
[04:49:17] [168/458] IOTG
[04:49:18] [169/458] RRJM
[04:49:20] [170/458] EDMP
[04:49:20] 🔄 Identity reset
[04:49:20] 🔄 Identity rotated (every 10 requests)
[04:49:21] [171/458] SCGZ
[04:49:22] [172/458] GMGX
[04:49:23] [173/458] OMTP
[04:49:24] [174/458] MITD
[04:49:25] [175/458] SMMD
[04:49:25] [176/458] STML
[04:49:26] [177/458] MCFS
[04:49:27] [178/458] FPKA
[04:49:28] [179/458] OMLR
[04:49:29] [180/458] KKSC
[04:49:29] 🔄 Identity reset
[04:49:29] 🔄 Identity rotated (every 10 requests)
[04:49:30] [181/458] RVMA
[04:49:31] [182/458] SCLL
[04:49:32] [183/458] SCDK
[04:49:33] [184/458] SXMI
[04:49:33] [185/458] SHDN
[04:49:34] [186/458] PAAD
[04:49:35] [187/458] UUCB
[04:49:36] [188/458] JHOL
[04:49:37] [189/458] SGWT
[04:49:38] [190/458] SRII
[04:49:38] 🔄 Identity reset
[04:49:38] 🔄 Identity rotated (every 10 requests)
[04:49:39] [191/458] SGCK
[04:49:39] [192/458] SVVB
[04:49:40] [193/458] DMHA
[04:49:41] [194/458] PPNL
[04:49:42] [195/458] CPNL
[04:49:43] [196/458] WVLD
[04:49:44] [197/458] PSLV
[04:49:45] [198/458] VTTL
[04:49:45] [199/458] NPAD
[04:49:46] [200/458] PVCS
[04:49:47] 🔄 Identity reset
[04:49:47] 🔄 Identity rotated (every 10 requests)
[04:49:47] [201/458] MCHL
[04:49:48] [202/458] PPLL
[04:49:49] [203/458] MALO
[04:49:50] [204/458] SWBH
[04:49:51] [205/458] PUGB
[04:49:51] [206/458] INBB
[04:49:52] [207/458] INNS
[04:49:53] [208/458] MCPT
[04:49:54] [209/458] SCMI
[04:49:55] [210/458] OCON
[04:49:56] 🔄 Identity reset
[04:49:56] 🔄 Identity rotated (every 10 requests)
[04:49:56] [211/458] SCSM
[04:49:58] [212/458] RJVN
[04:49:59] [213/458] AMDK
[04:49:59] [214/458] ISMR
[04:50:00] [215/458] SMTD
[04:50:02] [216/458] VTDD
[04:50:03] [217/458] PDDZ
[04:50:05] [218/458] PCCK
[04:50:06] [219/458] INAM
[04:50:07] [220/458] FNKT
[04:50:07] 🔄 Identity reset
[04:50:07] 🔄 Identity rotated (every 10 requests)
[04:50:08] [221/458] GDKA
[04:50:09] [222/458] MAYU
[04:50:10] [223/458] TCGU
[04:50:11] [224/458] KDCA
[04:50:12] [225/458] DOMY
[04:50:13] [226/458] PDDD
[04:50:14] [227/458] BJTS
[04:50:15] [228/458] VTCA
[04:50:16] [229/458] SBTM
[04:50:17] [230/458] SEET
[04:50:18] 🔄 Identity reset
[04:50:18] 🔄 Identity rotated (every 10 requests)
[04:50:18] [231/458] SSTJ
[04:50:19] [232/458] SVNT
[04:50:20] [233/458] PPPR
[04:50:20] [234/458] PVYS
[04:50:21] [235/458] IOSE
[04:50:22] [236/458] ACTV
[04:50:23] [237/458] APVE
[04:50:24] [238/458] TCCL
[04:50:25] [239/458] SCMO
[04:50:27] [240/458] SAUM
[04:50:28] 🔄 Identity reset
[04:50:28] 🔄 Identity rotated (every 10 requests)
[04:50:28] [241/458] KCJS
[04:50:29] [242/458] NJCJ
[04:50:30] [243/458] NECF
[04:50:30] [244/458] CCGW
[04:50:31] [245/458] CCMG
[04:50:32] [246/458] NYRG
[04:50:33] [247/458] NCSQ
[04:50:34] [248/458] GRCG
[04:50:34] [249/458] CCBT
[04:50:36] [250/458] ACGA
[04:50:36] 🔄 Identity reset
[04:50:36] 🔄 Identity rotated (every 10 requests)
[04:50:37] [251/458] INAG
[04:50:38] [252/458] FUCG
[04:50:38] [253/458] AICF
[04:50:39] [254/458] GRGA
[04:50:40] [255/458] GDCN
[04:50:42] [256/458] RRCG
[04:50:43] [257/458] SDCH
[04:50:44] [258/458] WVJM
[04:50:44] [259/458] JCCZ
[04:50:45] [260/458] CNCL
[04:50:46] 🔄 Identity reset
[04:50:46] 🔄 Identity rotated (every 10 requests)
[04:50:46] [261/458] TMLV
[04:50:47] [262/458] MEMB
[04:50:48] [263/458] SGTD
[04:50:49] [264/458] CONX
[04:50:50] [265/458] CCMH
[04:50:51] [266/458] ACMC
[04:50:52] [267/458] DTPD
[04:50:53] [268/458] POJA
[04:50:54] [269/458] FNBH
[04:50:55] [270/458] CGCB
[04:50:55] 🔄 Identity reset
[04:50:55] 🔄 Identity rotated (every 10 requests)
[04:50:56] [271/458] RACN
[04:50:56] [272/458] JTSM
[04:50:57] [273/458] SCDN
[04:50:58] [274/458] AACK
[04:50:59] [275/458] RMCE
[04:51:00] [276/458] BSGB
[04:51:01] [277/458] MRCB
[04:51:02] [278/458] SRVR
[04:51:03] [279/458] VTKK
[04:51:04] [280/458] AMST
[04:51:04] 🔄 Identity reset
[04:51:04] 🔄 Identity rotated (every 10 requests)
[04:51:05] [281/458] APCY
[04:51:06] [282/458] LMHO
[04:51:07] [283/458] MTZH
[04:51:08] [284/458] AMZB
[04:51:09] [285/458] SUVT
[04:51:10] [286/458] RCIP
[04:51:11] [287/458] KESR
[04:51:12] [288/458] SNKC
[04:51:12] [289/458] SCED
[04:51:14] [290/458] DVCA
[04:51:14] 🔄 Identity reset
[04:51:14] 🔄 Identity rotated (every 10 requests)
[04:51:15] [291/458] VCDT
[04:51:16] [292/458] RRDI
[04:51:17] [293/458] DFCH
[04:51:18] [294/458] INSC
[04:51:19] [295/458] RGTR
[04:51:20] [296/458] FMOT
[04:51:21] [297/458] SCPM
[04:51:22] [298/458] GCDT
[04:51:23] [299/458] BRKT
[04:51:24] [300/458] DEMP
[04:51:24] 🔄 Identity reset
[04:51:24] 🔄 Identity rotated (every 10 requests)
[04:51:25] [301/458] SRLC
[04:51:26] [302/458] KSTT
[04:51:26] [303/458] SMMT
[04:51:27] [304/458] SILM
[04:51:28] [305/458] JCVM
[04:51:29] [306/458] KCSV
[04:51:29] [307/458] MHLK
[04:51:30] [308/458] SLVL
[04:51:31] [309/458] RJKP
[04:51:32] [310/458] BBPC
[04:51:32] 🔄 Identity reset
[04:51:32] 🔄 Identity rotated (every 10 requests)
[04:51:33] [311/458] MXCB
[04:51:34] [312/458] TCPK
[04:51:34] [313/458] RTBR
[04:51:35] [314/458] GAUT
[04:51:36] [315/458] DVCF
[04:51:37] [316/458] JTSB
[04:51:38] [317/458] SBLS
[04:51:38] [318/458] UDAY
[04:51:39] [319/458] PTNP
[04:51:40] [320/458] DMKT
[04:51:41] 🔄 Identity reset
[04:51:41] 🔄 Identity rotated (every 10 requests)
[04:51:41] [321/458] NTDT
[04:51:42] [322/458] SHDJ
[04:51:43] [323/458] OTNC
[04:51:44] [324/458] RNTW
[04:51:44] [325/458] GCMI
[04:51:45] [326/458] CRCM
[04:51:46] [327/458] NNCZ
[04:51:47] [328/458] OEMO
[04:51:47] [329/458] PVJM
[04:51:48] [330/458] CPJI
[04:51:49] 🔄 Identity reset
[04:51:49] 🔄 Identity rotated (every 10 requests)
[04:51:49] [331/458] RMCJ
[04:51:50] [332/458] CNWJ
[04:51:52] [333/458] EPJM
[04:51:52] [334/458] FNJJ
[04:51:54] [335/458] GCMJ
[04:51:55] [336/458] INPS
[04:51:56] [337/458] BICJ
[04:51:57] [338/458] ISTJ
[04:51:57] [339/458] INJC
[04:51:58] [340/458] GLXJ
[04:51:59] 🔄 Identity reset
[04:51:59] 🔄 Identity rotated (every 10 requests)
[04:51:59] [341/458] INEM
[04:52:00] [342/458] JTMN
[04:52:01] [343/458] FRCJ
[04:52:02] [344/458] DDJP
[04:52:02] [345/458] INJV
[04:52:03] [346/458] GOLC
[04:52:04] [347/458] KOCI
[04:52:05] [348/458] FSTD
[04:52:06] [349/458] PACJ
[04:52:07] [350/458] GMCN
[04:52:07] 🔄 Identity reset
[04:52:07] 🔄 Identity rotated (every 10 requests)
[04:52:07] [351/458] MMDJ
[04:52:08] [352/458] GODH
[04:52:09] [353/458] SKYN
[04:52:10] [354/458] NCTH
[04:52:11] [355/458] SKVZ
[04:52:12] [356/458] SVML
[04:52:13] [357/458] ACVZ
[04:52:13] [358/458] SURA
[04:52:14] [359/458] RTRB
[04:52:15] [360/458] LLCT
[04:52:16] 🔄 Identity reset
[04:52:16] 🔄 Identity rotated (every 10 requests)
[04:52:16] [361/458] ATTS
[04:52:17] [362/458] JYCM
[04:52:18] [363/458] CTKR
[04:52:19] [364/458] LCKR
[04:52:20] [365/458] NYCV
[04:52:21] [366/458] NYOH
[04:52:22] [367/458] NOVX
[04:52:22] [368/458] MRGK
[04:52:23] [369/458] MOON
[04:52:25] [370/458] SBUC
[04:52:26] 🔄 Identity reset
[04:52:26] 🔄 Identity rotated (every 10 requests)
[04:52:26] [371/458] GSVA
[04:52:27] [372/458] VIAK
[04:52:28] [373/458] SMVZ
[04:52:29] [374/458] MATE
[04:52:29] [375/458] RDCN
[04:52:30] [376/458] ASBL
[04:52:31] [377/458] ASVS
[04:52:32] [378/458] ASSR
[04:52:33] [379/458] SSKN
[04:52:34] [380/458] DRPV
[04:52:34] 🔄 Identity reset
[04:52:34] 🔄 Identity rotated (every 10 requests)
[04:52:35] [381/458] MRHT
[04:52:36] [382/458] BSCN
[04:52:37] [383/458] RKNX
[04:52:37] [384/458] MSMC
[04:52:38] [385/458] MSCJ
[04:52:39] [386/458] BTBJ
[04:52:41] [387/458] MJCC
[04:52:41] [388/458] IOMM
[04:52:42] [389/458] ADGR
[04:52:43] [390/458] MYCP
[04:52:44] 🔄 Identity reset
[04:52:44] 🔄 Identity rotated (every 10 requests)
[04:52:44] [391/458] IGCM
[04:52:45] [392/458] PGRK
[04:52:46] [393/458] VPGO
[04:52:47] [394/458] KOMS
[04:52:48] [395/458] URGG
[04:52:49] [396/458] GOST
[04:52:50] [397/458] LACT
[04:52:52] [398/458] BWCM
[04:52:52] [399/458] NCCW
[04:52:53] [400/458] SKYC
[04:52:54] 🔄 Identity reset
[04:52:54] 🔄 Identity rotated (every 10 requests)
[04:52:55] [401/458] CCPM
[04:52:55] [402/458] VCBT
[04:52:56] [403/458] SDKR
[04:52:57] [404/458] CTYB
[04:52:58] [405/458] SHCX
[04:52:59] [406/458] RCUN
[04:53:00] [407/458] CNRA
[04:53:01] [408/458] RFCA
[04:53:01] [409/458] RDCU
[04:53:03] [410/458] SARK
[04:53:04] 🔄 Identity reset
[04:53:04] 🔄 Identity rotated (every 10 requests)
[04:53:04] [411/458] SPPP
[04:53:05] [412/458] ADMB
[04:53:06] [413/458] JYOE
[04:53:07] [414/458] SRMD
[04:53:08] [415/458] RJDH
[04:53:08] [416/458] SSTD
[04:53:10] [417/458] AACV
[04:53:11] [418/458] PPVD
[04:53:12] [419/458] STCP
[04:53:13] [420/458] ANLS
[04:53:13] 🔄 Identity reset
[04:53:13] 🔄 Identity rotated (every 10 requests)
[04:53:14] [421/458] BIJO
[04:53:14] [422/458] AVAB
[04:53:15] [423/458] SPMD
[04:53:16] [424/458] SVJL
[04:53:17] [425/458] SDDJ
[04:53:18] [426/458] SLTU
[04:53:18] [427/458] SAKA
[04:53:19] [428/458] PMAM
[04:53:20] [429/458] FNAM
[04:53:21] [430/458] ACAM
[04:53:22] 🔄 Identity reset
[04:53:22] 🔄 Identity rotated (every 10 requests)
[04:53:22] [431/458] SCMM
[04:53:23] [432/458] PMAK
[04:53:24] [433/458] NYSA
[04:53:25] [434/458] FCPA
[04:53:26] [435/458] GDAN
[04:53:27] [436/458] RSCA
[04:53:27] [437/458] DMAN
[04:53:28] [438/458] DZCM
[04:53:29] [439/458] NSGL
[04:53:30] [440/458] CCPP
[04:53:30] 🔄 Identity reset
[04:53:30] 🔄 Identity rotated (every 10 requests)
[04:53:31] [441/458] PSMG
[04:53:32] [442/458] GSER
[04:53:33] [443/458] FCCT
[04:53:34] [444/458] FCTB
[04:53:35] [445/458] LCNK
[04:53:35] [446/458] SKTY
[04:53:36] [447/458] INAA
[04:53:37] [448/458] RCWN
[04:53:38] [449/458] VAIS
[04:53:39] [450/458] CVMN
[04:53:39] 🔄 Identity reset
[04:53:39] 🔄 Identity rotated (every 10 requests)
[04:53:40] [451/458] INTS
[04:53:40] [452/458] FRGS
[04:53:41] [453/458] DTCK
[04:53:42] [454/458] MCMH
[04:53:43] [455/458] ECRR
[04:53:44] [456/458] RLLP
[04:53:45] [457/458] CCSN
[04:53:46] [458/458] CCBA
[04:53:47] 🧹 Deduping shows
[04:53:47] ✅ DONE | Shows=372 | Movies=1
[10:28:21] 🚀 SCRIPT STARTED (enhanced anti‑detection)
[10:28:21] [1/458] MBDC
[10:28:21] 🧠 New identity created
[10:28:22] [2/458] CHKM
[10:28:23] [3/458] JTKZ
[10:28:23] [4/458] CMCT
[10:28:24] [5/458] ASHO
[10:28:25] [6/458] ECDG
[10:28:26] [7/458] SPAT
[10:28:27] [8/458] HILC
[10:28:27] [9/458] SPPH
[10:28:28] [10/458] SBHN
[10:28:29] 🔄 Identity reset
[10:28:29] 🔄 Identity rotated (every 10 requests)
[10:28:29] [11/458] RRCA
[10:28:30] [12/458] APAA
[10:28:32] [13/458] RAME
[10:28:33] [14/458] TMMS
[10:28:34] [15/458] BATK
[10:28:34] [16/458] LKOP
[10:28:35] [17/458] AMTT
[10:28:36] [18/458] PTGK
[10:28:38] [19/458] ANRS
[10:28:39] [20/458] VWBW
[10:28:39] 🔄 Identity reset
[10:28:39] 🔄 Identity rotated (every 10 requests)
[10:28:40] [21/458] SVFG
[10:28:40] [22/458] STAT
[10:28:41] [23/458] GDCV
[10:28:42] [24/458] VEBI
[10:28:43] [25/458] VDSS
[10:28:44] [26/458] NTHV
[10:28:45] [27/458] AOCH
[10:28:46] [28/458] KASR
[10:28:47] [29/458] AYCS
[10:28:48] [30/458] SHAI
[10:28:48] 🔄 Identity reset
[10:28:48] 🔄 Identity rotated (every 10 requests)
[10:28:48] [31/458] SKPE
[10:28:49] [32/458] SBTA
[10:28:50] [33/458] RTTD
[10:28:51] [34/458] CCJD
[10:28:52] [35/458] RSJJ
[10:28:52] [36/458] RKND
[10:28:53] [37/458] SVTX
[10:28:54] [38/458] BAKM
[10:28:56] [39/458] SVDC
[10:28:57] [40/458] MNCV
[10:28:58] 🔄 Identity reset
[10:28:58] 🔄 Identity rotated (every 10 requests)
[10:28:58] [41/458] SJGC
[10:28:59] [42/458] MTPK
[10:29:00] [43/458] GATP
[10:29:01] [44/458] ABTS
[10:29:02] [45/458] ABDE
[10:29:02] [46/458] RCNM
[10:29:03] [47/458] KTHV
[10:29:04] [48/458] MDGJ
[10:29:06] [49/458] SMLM
[10:29:07] [50/458] JTMA
[10:29:07] 🔄 Identity reset
[10:29:07] 🔄 Identity rotated (every 10 requests)
[10:29:08] [51/458] ACKP
[10:29:08] [52/458] SRTA
[10:29:09] [53/458] STAY
[10:29:10] [54/458] MAVO
[10:29:11] [55/458] APTS
[10:29:11] [56/458] OMEA
[10:29:13] [57/458] TTFD
[10:29:14] [58/458] MJCU
[10:29:15] [59/458] CXTE
[10:29:16] [60/458] CTPX
[10:29:16] 🔄 Identity reset
[10:29:16] 🔄 Identity rotated (every 10 requests)
[10:29:17] [61/458] ASSL
[10:29:18] [62/458] CMVB
[10:29:19] [63/458] VPUR
[10:29:21] [64/458] JJDA
[10:29:22] [65/458] INBL
[10:29:22] [66/458] BIKB
[10:29:23] [67/458] NTBB
[10:29:24] [68/458] GLOB
[10:29:25] [69/458] SNTB
[10:29:25] [70/458] CHGV
[10:29:26] 🔄 Identity reset
[10:29:26] 🔄 Identity rotated (every 10 requests)
[10:29:26] [71/458] SSBZ
[10:29:27] [72/458] PRDB
[10:29:28] [73/458] ISMT
[10:29:29] [74/458] MCSD
[10:29:30] [75/458] JBTT
[10:29:31] [76/458] GEKR
[10:29:32] [77/458] PVUN
[10:29:33] [78/458] NRTB
[10:29:34] [79/458] PRAA
[10:29:34] [80/458] PCBL
[10:29:35] 🔄 Identity reset
[10:29:35] 🔄 Identity rotated (every 10 requests)
[10:29:36] [81/458] PTCM
[10:29:36] [82/458] KHNN
[10:29:37] [83/458] OMJE
[10:29:38] [84/458] STGN
[10:29:39] [85/458] RPMS
[10:29:41] [86/458] NWAD
[10:29:42] [87/458] BLCK
[10:29:43] [88/458] SVAA
[10:29:44] [89/458] URVM
[10:29:46] [90/458] ANTM
[10:29:46] 🔄 Identity reset
[10:29:47] 🔄 Identity rotated (every 10 requests)
[10:29:47] [91/458] VJYM
[10:29:48] [92/458] MAZZ
[10:29:49] [93/458] CSHM
[10:29:49] [94/458] WGMH
[10:29:50] [95/458] SALN
[10:29:51] [96/458] BRTP
[10:29:52] [97/458] SVTA
[10:29:53] [98/458] SBTP
[10:29:54] [99/458] VLSS
[10:29:55] [100/458] SRJA
[10:29:55] 🔄 Identity reset
[10:29:55] 🔄 Identity rotated (every 10 requests)
[10:29:55] [101/458] ANCG
[10:29:56] [102/458] CGGC
[10:29:57] [103/458] CRJA
[10:29:58] [104/458] USCR
[10:29:59] [105/458] MMEF
[10:30:00] [106/458] JCRJ
[10:30:01] [107/458] ADCM
[10:30:01] [108/458] BMYK
[10:30:02] [109/458] KICS
[10:30:03] [110/458] MBBT
[10:30:04] 🔄 Identity reset
[10:30:04] 🔄 Identity rotated (every 10 requests)
[10:30:04] [111/458] MACK
[10:30:05] [112/458] CLDR
[10:30:06] [113/458] JYCR
[10:30:07] [114/458] DCRP
[10:30:09] [115/458] RAHT
[10:30:10] [116/458] CSSM
[10:30:10] [117/458] ATPK
[10:30:11] [118/458] KLRT
[10:30:12] [119/458] SRDD
[10:30:13] [120/458] CKMC
[10:30:14] 🔄 Identity reset
[10:30:14] 🔄 Identity rotated (every 10 requests)
[10:30:14] [121/458] KRVM
[10:30:15] [122/458] AKCP
[10:30:16] [123/458] CNCV
[10:30:16] [124/458] PACT
[10:30:17] [125/458] NATP
[10:30:18] [126/458] PCPK
[10:30:19] [127/458] SMHO
[10:30:20] [128/458] CWTK
[10:30:22] [129/458] RVKZ
[10:30:23] [130/458] ASPD
[10:30:23] 🔄 Identity reset
[10:30:23] 🔄 Identity rotated (every 10 requests)
[10:30:23] [131/458] VTKZ
[10:30:24] [132/458] LCSO
[10:30:25] [133/458] PRDY
[10:30:26] [134/458] RCAP
[10:30:27] [135/458] RGAR
[10:30:28] [136/458] RCAC
[10:30:29] [137/458] PMOD
[10:30:29] [138/458] PVCN
[10:30:30] [139/458] SCRZ
[10:30:32] [140/458] PVPC
[10:30:33] 🔄 Identity reset
[10:30:33] 🔄 Identity rotated (every 10 requests)
[10:30:33] [141/458] STID
[10:30:34] [142/458] NEDD
[10:30:34] [143/458] BNBA
[10:30:35] [144/458] NTCD
[10:30:36] [145/458] OCDE
[10:30:37] [146/458] CCDU
[10:30:38] [147/458] CRXH
[10:30:39] [148/458] VLVT
[10:30:40] [149/458] CICI
[10:30:41] [150/458] SUCB
[10:30:42] 🔄 Identity reset
[10:30:42] 🔄 Identity rotated (every 10 requests)
[10:30:42] [151/458] TCBP
[10:30:43] [152/458] SCCY
[10:30:44] [153/458] LXCY
[10:30:45] [154/458] NCMD
[10:30:46] [155/458] PHCS
[10:30:46] [156/458] DUXR
[10:30:47] [157/458] VNKS
[10:30:48] [158/458] SEDP
[10:30:49] [159/458] SVEN
[10:30:50] [160/458] SRKM
[10:30:51] 🔄 Identity reset
[10:30:51] 🔄 Identity rotated (every 10 requests)
[10:30:51] [161/458] JTLT
[10:30:52] [162/458] SVSS
[10:30:53] [163/458] AMDE
[10:30:54] [164/458] WVRN
[10:30:55] [165/458] ISMG
[10:30:56] [166/458] WVKS
[10:30:57] [167/458] USCG
[10:30:58] [168/458] IOTG
[10:30:59] [169/458] RRJM
[10:30:59] [170/458] EDMP
[10:31:00] 🔄 Identity reset
[10:31:00] 🔄 Identity rotated (every 10 requests)
[10:31:01] [171/458] SCGZ
[10:31:02] [172/458] GMGX
[10:31:03] [173/458] OMTP
[10:31:05] [174/458] MITD
[10:31:06] [175/458] SMMD
[10:31:07] [176/458] STML
[10:31:08] [177/458] MCFS
[10:31:09] [178/458] FPKA
[10:31:09] [179/458] OMLR
[10:31:10] [180/458] KKSC
[10:31:11] 🔄 Identity reset
[10:31:11] 🔄 Identity rotated (every 10 requests)
[10:31:11] [181/458] RVMA
[10:31:12] [182/458] SCLL
[10:31:13] [183/458] SCDK
[10:31:14] [184/458] SXMI
[10:31:15] [185/458] SHDN
[10:31:15] [186/458] PAAD
[10:31:16] [187/458] UUCB
[10:31:17] [188/458] JHOL
[10:31:18] [189/458] SGWT
[10:31:19] [190/458] SRII
[10:31:20] 🔄 Identity reset
[10:31:20] 🔄 Identity rotated (every 10 requests)
[10:31:20] [191/458] SGCK
[10:31:21] [192/458] SVVB
[10:31:22] [193/458] DMHA
[10:31:23] [194/458] PPNL
[10:31:24] [195/458] CPNL
[10:31:25] [196/458] WVLD
[10:31:25] [197/458] PSLV
[10:31:26] [198/458] VTTL
[10:31:27] [199/458] NPAD
[10:31:28] [200/458] PVCS
[10:31:29] 🔄 Identity reset
[10:31:29] 🔄 Identity rotated (every 10 requests)
[10:31:29] [201/458] MCHL
[10:31:30] [202/458] PPLL
[10:31:31] [203/458] MALO
[10:31:32] [204/458] SWBH
[10:31:33] [205/458] PUGB
[10:31:33] [206/458] INBB
[10:31:34] [207/458] INNS
[10:31:35] [208/458] MCPT
[10:31:36] [209/458] SCMI
[10:31:37] [210/458] OCON
[10:31:37] 🔄 Identity reset
[10:31:37] 🔄 Identity rotated (every 10 requests)
[10:31:37] [211/458] SCSM
[10:31:38] [212/458] RJVN
[10:31:39] [213/458] AMDK
[10:31:40] [214/458] ISMR
[10:31:41] [215/458] SMTD
[10:31:42] [216/458] VTDD
[10:31:43] [217/458] PDDZ
[10:31:44] [218/458] PCCK
[10:31:45] [219/458] INAM
[10:31:47] [220/458] FNKT
[10:31:47] 🔄 Identity reset
[10:31:47] 🔄 Identity rotated (every 10 requests)
[10:31:48] [221/458] GDKA
[10:31:49] [222/458] MAYU
[10:31:50] [223/458] TCGU
[10:31:51] [224/458] KDCA
[10:31:52] [225/458] DOMY
[10:31:53] [226/458] PDDD
[10:31:53] [227/458] BJTS
[10:31:54] [228/458] VTCA
[10:31:55] [229/458] SBTM
[10:31:56] [230/458] SEET
[10:31:57] 🔄 Identity reset
[10:31:57] 🔄 Identity rotated (every 10 requests)
[10:31:57] [231/458] SSTJ
[10:31:58] [232/458] SVNT
[10:31:59] [233/458] PPPR
[10:31:59] [234/458] PVYS
[10:32:00] [235/458] IOSE
[10:32:01] [236/458] ACTV
[10:32:02] [237/458] APVE
[10:32:03] [238/458] TCCL
[10:32:03] [239/458] SCMO
[10:32:05] [240/458] SAUM
[10:32:05] 🔄 Identity reset
[10:32:05] 🔄 Identity rotated (every 10 requests)
[10:32:06] [241/458] KCJS
[10:32:07] [242/458] NJCJ
[10:32:07] [243/458] NECF
[10:32:08] [244/458] CCGW
[10:32:09] [245/458] CCMG
[10:32:11] [246/458] NYRG
[10:32:11] [247/458] NCSQ
[10:32:12] [248/458] GRCG
[10:32:13] [249/458] CCBT
[10:32:14] [250/458] ACGA
[10:32:15] 🔄 Identity reset
[10:32:15] 🔄 Identity rotated (every 10 requests)
[10:32:15] [251/458] INAG
[10:32:16] [252/458] FUCG
[10:32:17] [253/458] AICF
[10:32:18] [254/458] GRGA
[10:32:19] [255/458] GDCN
[10:32:19] [256/458] RRCG
[10:32:21] [257/458] SDCH
[10:32:22] [258/458] WVJM
[10:32:23] [259/458] JCCZ
[10:32:24] [260/458] CNCL
[10:32:24] 🔄 Identity reset
[10:32:24] 🔄 Identity rotated (every 10 requests)
[10:32:24] [261/458] TMLV
[10:32:25] [262/458] MEMB
[10:32:27] [263/458] SGTD
[10:32:28] [264/458] CONX
[10:32:29] [265/458] CCMH
[10:32:30] [266/458] ACMC
[10:32:31] [267/458] DTPD
[10:32:32] [268/458] POJA
[10:32:34] [269/458] FNBH
[10:32:34] [270/458] CGCB
[10:32:35] 🔄 Identity reset
[10:32:35] 🔄 Identity rotated (every 10 requests)
[10:32:35] [271/458] RACN
[10:32:37] [272/458] JTSM
[10:32:38] [273/458] SCDN
[10:32:39] [274/458] AACK
[10:32:39] [275/458] RMCE
[10:32:40] [276/458] BSGB
[10:32:41] [277/458] MRCB
[10:32:42] [278/458] SRVR
[10:32:43] [279/458] VTKK
[10:32:44] [280/458] AMST
[10:32:45] 🔄 Identity reset
[10:32:45] 🔄 Identity rotated (every 10 requests)
[10:32:45] [281/458] APCY
[10:32:46] [282/458] LMHO
[10:32:46] [283/458] MTZH
[10:32:47] [284/458] AMZB
[10:32:48] [285/458] SUVT
[10:32:49] [286/458] RCIP
[10:32:50] [287/458] KESR
[10:32:51] [288/458] SNKC
[10:32:52] [289/458] SCED
[10:32:53] [290/458] DVCA
[10:32:53] 🔄 Identity reset
[10:32:53] 🔄 Identity rotated (every 10 requests)
[10:32:54] [291/458] VCDT
[10:32:54] [292/458] RRDI
[10:32:55] [293/458] DFCH
[10:32:56] [294/458] INSC
[10:32:57] [295/458] RGTR
[10:32:58] [296/458] FMOT
[10:32:59] [297/458] SCPM
[10:33:00] [298/458] GCDT
[10:33:00] [299/458] BRKT
[10:33:02] [300/458] DEMP
[10:33:02] 🔄 Identity reset
[10:33:02] 🔄 Identity rotated (every 10 requests)
[10:33:03] [301/458] SRLC
[10:33:04] [302/458] KSTT
[10:33:05] [303/458] SMMT
[10:33:06] [304/458] SILM
[10:33:07] [305/458] JCVM
[10:33:08] [306/458] KCSV
[10:33:08] [307/458] MHLK
[10:33:09] [308/458] SLVL
[10:33:10] [309/458] RJKP
[10:33:11] [310/458] BBPC
[10:33:12] 🔄 Identity reset
[10:33:12] 🔄 Identity rotated (every 10 requests)
[10:33:12] [311/458] MXCB
[10:33:13] [312/458] TCPK
[10:33:14] [313/458] RTBR
[10:33:15] [314/458] GAUT
[10:33:16] [315/458] DVCF
[10:33:17] [316/458] JTSB
[10:33:18] [317/458] SBLS
[10:33:19] [318/458] UDAY
[10:33:19] [319/458] PTNP
[10:33:20] [320/458] DMKT
[10:33:21] 🔄 Identity reset
[10:33:21] 🔄 Identity rotated (every 10 requests)
[10:33:21] [321/458] NTDT
[10:33:22] [322/458] SHDJ
[10:33:23] [323/458] OTNC
[10:33:24] [324/458] RNTW
[10:33:24] [325/458] GCMI
[10:33:25] [326/458] CRCM
[10:33:26] [327/458] NNCZ
[10:33:27] [328/458] OEMO
[10:33:28] [329/458] PVJM
[10:33:29] [330/458] CPJI
[10:33:29] 🔄 Identity reset
[10:33:29] 🔄 Identity rotated (every 10 requests)
[10:33:30] [331/458] RMCJ
[10:33:30] [332/458] CNWJ
[10:33:31] [333/458] EPJM
[10:33:32] [334/458] FNJJ
[10:33:33] [335/458] GCMJ
[10:33:34] [336/458] INPS
[10:33:35] [337/458] BICJ
[10:33:36] [338/458] ISTJ
[10:33:36] [339/458] INJC
[10:33:37] [340/458] GLXJ
[10:33:38] 🔄 Identity reset
[10:33:38] 🔄 Identity rotated (every 10 requests)
[10:33:38] [341/458] INEM
[10:33:39] [342/458] JTMN
[10:33:40] [343/458] FRCJ
[10:33:41] [344/458] DDJP
[10:33:42] [345/458] INJV
[10:33:43] [346/458] GOLC
[10:33:44] [347/458] KOCI
[10:33:45] [348/458] FSTD
[10:33:46] [349/458] PACJ
[10:33:46] [350/458] GMCN
[10:33:47] 🔄 Identity reset
[10:33:47] 🔄 Identity rotated (every 10 requests)
[10:33:48] [351/458] MMDJ
[10:33:49] [352/458] GODH
[10:33:49] [353/458] SKYN
[10:33:50] [354/458] NCTH
[10:33:51] [355/458] SKVZ
[10:33:52] [356/458] SVML
[10:33:53] [357/458] ACVZ
[10:33:54] [358/458] SURA
[10:33:55] [359/458] RTRB
[10:33:56] [360/458] LLCT
[10:33:56] 🔄 Identity reset
[10:33:56] 🔄 Identity rotated (every 10 requests)
[10:33:57] [361/458] ATTS
[10:33:58] [362/458] JYCM
[10:33:58] [363/458] CTKR
[10:33:59] [364/458] LCKR
[10:34:00] [365/458] NYCV
[10:34:01] [366/458] NYOH
[10:34:02] [367/458] NOVX
[10:34:03] [368/458] MRGK
[10:34:03] [369/458] MOON
[10:34:04] [370/458] SBUC
[10:34:05] 🔄 Identity reset
[10:34:05] 🔄 Identity rotated (every 10 requests)
[10:34:05] [371/458] GSVA
[10:34:06] [372/458] VIAK
[10:34:07] [373/458] SMVZ
[10:34:08] [374/458] MATE
[10:34:08] [375/458] RDCN
[10:34:09] [376/458] ASBL
[10:34:10] [377/458] ASVS
[10:34:11] [378/458] ASSR
[10:34:12] [379/458] SSKN
[10:34:13] [380/458] DRPV
[10:34:14] 🔄 Identity reset
[10:34:14] 🔄 Identity rotated (every 10 requests)
[10:34:14] [381/458] MRHT
[10:34:15] [382/458] BSCN
[10:34:16] [383/458] RKNX
[10:34:17] [384/458] MSMC
[10:34:17] [385/458] MSCJ
[10:34:18] [386/458] BTBJ
[10:34:20] [387/458] MJCC
[10:34:21] [388/458] IOMM
[10:34:22] [389/458] ADGR
[10:34:24] [390/458] MYCP
[10:34:24] 🔄 Identity reset
[10:34:24] 🔄 Identity rotated (every 10 requests)
[10:34:25] [391/458] IGCM
[10:34:26] [392/458] PGRK
[10:34:27] [393/458] VPGO
[10:34:28] [394/458] KOMS
[10:34:29] [395/458] URGG
[10:34:30] [396/458] GOST
[10:34:31] [397/458] LACT
[10:34:32] [398/458] BWCM
[10:34:33] [399/458] NCCW
[10:34:35] [400/458] SKYC
[10:34:35] 🔄 Identity reset
[10:34:35] 🔄 Identity rotated (every 10 requests)
[10:34:36] [401/458] CCPM
[10:34:37] [402/458] VCBT
[10:34:38] [403/458] SDKR
[10:34:39] [404/458] CTYB
[10:34:40] [405/458] SHCX
[10:34:41] [406/458] RCUN
[10:34:42] [407/458] CNRA
[10:34:43] [408/458] RFCA
[10:34:43] [409/458] RDCU
[10:34:44] [410/458] SARK
[10:34:44] 🔄 Identity reset
[10:34:44] 🔄 Identity rotated (every 10 requests)
[10:34:45] [411/458] SPPP
[10:34:46] [412/458] ADMB
[10:34:46] [413/458] JYOE
[10:34:47] [414/458] SRMD
[10:34:48] [415/458] RJDH
[10:34:49] [416/458] SSTD
[10:34:50] [417/458] AACV
[10:34:51] [418/458] PPVD
[10:34:52] [419/458] STCP
[10:34:52] [420/458] ANLS
[10:34:53] 🔄 Identity reset
[10:34:53] 🔄 Identity rotated (every 10 requests)
[10:34:53] [421/458] BIJO
[10:34:54] [422/458] AVAB
[10:34:55] [423/458] SPMD
[10:34:56] [424/458] SVJL
[10:34:57] [425/458] SDDJ
[10:34:58] [426/458] SLTU
[10:34:59] [427/458] SAKA
[10:34:59] [428/458] PMAM
[10:35:00] [429/458] FNAM
[10:35:01] [430/458] ACAM
[10:35:02] 🔄 Identity reset
[10:35:02] 🔄 Identity rotated (every 10 requests)
[10:35:02] [431/458] SCMM
[10:35:03] [432/458] PMAK
[10:35:04] [433/458] NYSA
[10:35:04] [434/458] FCPA
[10:35:05] [435/458] GDAN
[10:35:06] [436/458] RSCA
[10:35:07] [437/458] DMAN
[10:35:08] [438/458] DZCM
[10:35:09] [439/458] NSGL
[10:35:10] [440/458] CCPP
[10:35:10] 🔄 Identity reset
[10:35:10] 🔄 Identity rotated (every 10 requests)
[10:35:11] [441/458] PSMG
[10:35:11] [442/458] GSER
[10:35:13] [443/458] FCCT
[10:35:14] [444/458] FCTB
[10:35:15] [445/458] LCNK
[10:35:16] [446/458] SKTY
[10:35:17] [447/458] INAA
[10:35:18] [448/458] RCWN
[10:35:19] [449/458] VAIS
[10:35:20] [450/458] CVMN
[10:35:21] 🔄 Identity reset
[10:35:21] 🔄 Identity rotated (every 10 requests)
[10:35:21] [451/458] INTS
[10:35:22] [452/458] FRGS
[10:35:23] [453/458] DTCK
[10:35:24] [454/458] MCMH
[10:35:25] [455/458] ECRR
[10:35:26] [456/458] RLLP
[10:35:27] [457/458] CCSN
[10:35:28] [458/458] CCBA
[10:35:29] 🧹 Deduping shows
[10:35:29] ✅ DONE | Shows=367 | Movies=1
[11:32:27] 🚀 SCRIPT STARTED (enhanced anti‑detection)
[11:32:27] [1/458] MBDC
[11:32:27] 🧠 New identity created
[11:32:27] [2/458] CHKM
[11:32:28] [3/458] JTKZ
[11:32:29] [4/458] CMCT
[11:32:30] [5/458] ASHO
[11:32:31] [6/458] ECDG
[11:32:32] [7/458] SPAT
[11:32:33] [8/458] HILC
[11:32:34] [9/458] SPPH
[11:32:35] [10/458] SBHN
[11:32:35] 🔄 Identity reset
[11:32:35] 🔄 Identity rotated (every 10 requests)
[11:32:36] [11/458] RRCA
[11:32:37] [12/458] APAA
[11:32:38] [13/458] RAME
[11:32:39] [14/458] TMMS
[11:32:40] [15/458] BATK
[11:32:42] [16/458] LKOP
[11:32:43] [17/458] AMTT
[11:32:43] [18/458] PTGK
[11:32:44] [19/458] ANRS
[11:32:45] [20/458] VWBW
[11:32:45] 🔄 Identity reset
[11:32:45] 🔄 Identity rotated (every 10 requests)
[11:32:46] [21/458] SVFG
[11:32:47] [22/458] STAT
[11:32:47] [23/458] GDCV
[11:32:48] [24/458] VEBI
[11:32:49] [25/458] VDSS
[11:32:50] [26/458] NTHV
[11:32:51] [27/458] AOCH
[11:32:52] [28/458] KASR
[11:32:53] [29/458] AYCS
[11:32:54] [30/458] SHAI
[11:32:54] 🔄 Identity reset
[11:32:54] 🔄 Identity rotated (every 10 requests)
[11:32:54] [31/458] SKPE
[11:32:56] [32/458] SBTA
[11:32:57] [33/458] RTTD
[11:32:58] [34/458] CCJD
[11:32:58] [35/458] RSJJ
[11:32:59] [36/458] RKND
[11:33:00] [37/458] SVTX
[11:33:01] [38/458] BAKM
[11:33:02] [39/458] SVDC
[11:33:03] [40/458] MNCV
[11:33:03] 🔄 Identity reset
[11:33:03] 🔄 Identity rotated (every 10 requests)
[11:33:03] [41/458] SJGC
[11:33:05] [42/458] MTPK
[11:33:06] [43/458] GATP
[11:33:07] [44/458] ABTS
[11:33:07] [45/458] ABDE
[11:33:08] [46/458] RCNM
[11:33:09] [47/458] KTHV
[11:33:10] [48/458] MDGJ
[11:33:11] [49/458] SMLM
[11:33:12] [50/458] JTMA
[11:33:12] 🔄 Identity reset
[11:33:12] 🔄 Identity rotated (every 10 requests)
[11:33:13] [51/458] ACKP
[11:33:14] [52/458] SRTA
[11:33:14] [53/458] STAY
[11:33:15] [54/458] MAVO
[11:33:16] [55/458] APTS
[11:33:17] [56/458] OMEA
[11:33:18] [57/458] TTFD
[11:33:19] [58/458] MJCU
[11:33:20] [59/458] CXTE
[11:33:22] [60/458] CTPX
[11:33:22] 🔄 Identity reset
[11:33:22] 🔄 Identity rotated (every 10 requests)
[11:33:23] [61/458] ASSL
[11:33:24] [62/458] CMVB
[11:33:25] [63/458] VPUR
[11:33:25] [64/458] JJDA
[11:33:26] [65/458] INBL
[11:33:27] [66/458] BIKB
[11:33:28] [67/458] NTBB
[11:33:29] [68/458] GLOB
[11:33:30] [69/458] SNTB
[11:33:30] [70/458] CHGV
[11:33:31] 🔄 Identity reset
[11:33:31] 🔄 Identity rotated (every 10 requests)
[11:33:31] [71/458] SSBZ
[11:33:32] [72/458] PRDB
[11:33:33] [73/458] ISMT
[11:33:34] [74/458] MCSD
[11:33:35] [75/458] JBTT
[11:33:36] [76/458] GEKR
[11:33:37] [77/458] PVUN
[11:33:38] [78/458] NRTB
[11:33:39] [79/458] PRAA
[11:33:41] [80/458] PCBL
[11:33:41] 🔄 Identity reset
[11:33:41] 🔄 Identity rotated (every 10 requests)
[11:33:42] [81/458] PTCM
[11:33:43] [82/458] KHNN
[11:33:43] [83/458] OMJE
[11:33:45] [84/458] STGN
[11:33:45] [85/458] RPMS
[11:33:47] [86/458] NWAD
[11:33:48] [87/458] BLCK
[11:33:48] [88/458] SVAA
[11:33:49] [89/458] URVM
[11:33:50] [90/458] ANTM
[11:33:51] 🔄 Identity reset
[11:33:51] 🔄 Identity rotated (every 10 requests)
[11:33:51] [91/458] VJYM
[11:33:52] [92/458] MAZZ
[11:33:53] [93/458] CSHM
[11:33:54] [94/458] WGMH
[11:33:54] [95/458] SALN
[11:33:55] [96/458] BRTP
[11:33:57] [97/458] SVTA
[11:33:58] [98/458] SBTP
[11:33:59] [99/458] VLSS
[11:34:00] [100/458] SRJA
[11:34:00] 🔄 Identity reset
[11:34:00] 🔄 Identity rotated (every 10 requests)
[11:34:01] [101/458] ANCG
[11:34:02] [102/458] CGGC
[11:34:02] [103/458] CRJA
[11:34:03] [104/458] USCR
[11:34:05] [105/458] MMEF
[11:34:05] [106/458] JCRJ
[11:34:07] [107/458] ADCM
[11:34:08] [108/458] BMYK
[11:34:09] [109/458] KICS
[11:34:09] [110/458] MBBT
[11:34:10] 🔄 Identity reset
[11:34:10] 🔄 Identity rotated (every 10 requests)
[11:34:10] [111/458] MACK
[11:34:11] [112/458] CLDR
[11:34:12] [113/458] JYCR
[11:34:13] [114/458] DCRP
[11:34:13] [115/458] RAHT
[11:34:14] [116/458] CSSM
[11:34:15] [117/458] ATPK
[11:34:16] [118/458] KLRT
[11:34:17] [119/458] SRDD
[11:34:18] [120/458] CKMC
[11:34:18] 🔄 Identity reset
[11:34:18] 🔄 Identity rotated (every 10 requests)
[11:34:19] [121/458] KRVM
[11:34:20] [122/458] AKCP
[11:34:21] [123/458] CNCV
[11:34:21] [124/458] PACT
[11:34:22] [125/458] NATP
[11:34:23] [126/458] PCPK
[11:34:24] [127/458] SMHO
[11:34:25] [128/458] CWTK
[11:34:26] [129/458] RVKZ
[11:34:27] [130/458] ASPD
[11:34:27] 🔄 Identity reset
[11:34:27] 🔄 Identity rotated (every 10 requests)
[11:34:28] [131/458] VTKZ
[11:34:29] [132/458] LCSO
[11:34:30] [133/458] PRDY
[11:34:30] [134/458] RCAP
[11:34:31] [135/458] RGAR
[11:34:32] [136/458] RCAC
[11:34:33] [137/458] PMOD
[11:34:34] [138/458] PVCN
[11:34:35] [139/458] SCRZ
[11:34:36] [140/458] PVPC
[11:34:36] 🔄 Identity reset
[11:34:36] 🔄 Identity rotated (every 10 requests)
[11:34:37] [141/458] STID
[11:34:37] [142/458] NEDD
[11:34:38] [143/458] BNBA
[11:34:39] [144/458] NTCD
[11:34:40] [145/458] OCDE
[11:34:41] [146/458] CCDU
[11:34:42] [147/458] CRXH
[11:34:43] [148/458] VLVT
[11:34:43] [149/458] CICI
[11:34:44] [150/458] SUCB
[11:34:45] 🔄 Identity reset
[11:34:45] 🔄 Identity rotated (every 10 requests)
[11:34:45] [151/458] TCBP
[11:34:46] [152/458] SCCY
[11:34:47] [153/458] LXCY
[11:34:48] [154/458] NCMD
[11:34:49] [155/458] PHCS
[11:34:50] [156/458] DUXR
[11:34:51] [157/458] VNKS
[11:34:52] [158/458] SEDP
[11:34:53] [159/458] SVEN
[11:34:54] [160/458] SRKM
[11:34:54] 🔄 Identity reset
[11:34:54] 🔄 Identity rotated (every 10 requests)
[11:34:55] [161/458] JTLT
[11:34:55] [162/458] SVSS
[11:34:56] [163/458] AMDE
[11:34:57] [164/458] WVRN
[11:34:58] [165/458] ISMG
[11:34:59] [166/458] WVKS
[11:35:00] [167/458] USCG
[11:35:01] [168/458] IOTG
[11:35:02] [169/458] RRJM
[11:35:03] [170/458] EDMP
[11:35:04] 🔄 Identity reset
[11:35:04] 🔄 Identity rotated (every 10 requests)
[11:35:04] [171/458] SCGZ
[11:35:05] [172/458] GMGX
[11:35:06] [173/458] OMTP
[11:35:07] [174/458] MITD
[11:35:07] [175/458] SMMD
[11:35:08] [176/458] STML
[11:35:10] [177/458] MCFS
[11:35:11] [178/458] FPKA
[11:35:12] [179/458] OMLR
[11:35:13] [180/458] KKSC
[11:35:13] 🔄 Identity reset
[11:35:13] 🔄 Identity rotated (every 10 requests)
[11:35:14] [181/458] RVMA
[11:35:14] [182/458] SCLL
[11:35:15] [183/458] SCDK
[11:35:16] [184/458] SXMI
[11:35:18] [185/458] SHDN
[11:35:18] [186/458] PAAD
[11:35:20] [187/458] UUCB
[11:35:21] [188/458] JHOL
[11:35:22] [189/458] SGWT
[11:35:24] [190/458] SRII
[11:35:24] 🔄 Identity reset
[11:35:24] 🔄 Identity rotated (every 10 requests)
[11:35:25] [191/458] SGCK
[11:35:25] [192/458] SVVB
[11:35:26] [193/458] DMHA
[11:35:27] [194/458] PPNL
[11:35:29] [195/458] CPNL
[11:35:30] [196/458] WVLD
[11:35:31] [197/458] PSLV
[11:35:31] [198/458] VTTL
[11:35:32] [199/458] NPAD
[11:35:33] [200/458] PVCS
[11:35:34] 🔄 Identity reset
[11:35:34] 🔄 Identity rotated (every 10 requests)
[11:35:34] [201/458] MCHL
[11:35:35] [202/458] PPLL
[11:35:36] [203/458] MALO
[11:35:36] [204/458] SWBH
[11:35:37] [205/458] PUGB
[11:35:38] [206/458] INBB
[11:35:39] [207/458] INNS
[11:35:40] [208/458] MCPT
[11:35:40] [209/458] SCMI
[11:35:41] [210/458] OCON
[11:35:42] 🔄 Identity reset
[11:35:42] 🔄 Identity rotated (every 10 requests)
[11:35:42] [211/458] SCSM
[11:35:43] [212/458] RJVN
[11:35:44] [213/458] AMDK
[11:35:45] [214/458] ISMR
[11:35:46] [215/458] SMTD
[11:35:47] [216/458] VTDD
[11:35:48] [217/458] PDDZ
[11:35:49] [218/458] PCCK
[11:35:50] [219/458] INAM
[11:35:51] [220/458] FNKT
[11:35:52] 🔄 Identity reset
[11:35:52] 🔄 Identity rotated (every 10 requests)
[11:35:52] [221/458] GDKA
[11:35:53] [222/458] MAYU
[11:35:54] [223/458] TCGU
[11:35:55] [224/458] KDCA
[11:35:56] [225/458] DOMY
[11:35:57] [226/458] PDDD
[11:35:57] [227/458] BJTS
[11:35:58] [228/458] VTCA
[11:35:59] [229/458] SBTM
[11:36:01] [230/458] SEET
[11:36:02] 🔄 Identity reset
[11:36:02] 🔄 Identity rotated (every 10 requests)
[11:36:03] [231/458] SSTJ
[11:36:03] [232/458] SVNT
[11:36:04] [233/458] PPPR
[11:36:06] [234/458] PVYS
[11:36:07] [235/458] IOSE
[11:36:08] [236/458] ACTV
[11:36:09] [237/458] APVE
[11:36:10] [238/458] TCCL
[11:36:11] [239/458] SCMO
[11:36:12] [240/458] SAUM
[11:36:13] 🔄 Identity reset
[11:36:13] 🔄 Identity rotated (every 10 requests)
[11:36:13] [241/458] KCJS
[11:36:14] [242/458] NJCJ
[11:36:15] [243/458] NECF
[11:36:16] [244/458] CCGW
[11:36:17] [245/458] CCMG
[11:36:18] [246/458] NYRG
[11:36:19] [247/458] NCSQ
[11:36:20] [248/458] GRCG
[11:36:21] [249/458] CCBT
[11:36:22] [250/458] ACGA
[11:36:22] 🔄 Identity reset
[11:36:22] 🔄 Identity rotated (every 10 requests)
[11:36:23] [251/458] INAG
[11:36:23] [252/458] FUCG
[11:36:24] [253/458] AICF
[11:36:25] [254/458] GRGA
[11:36:26] [255/458] GDCN
[11:36:27] [256/458] RRCG
[11:36:28] [257/458] SDCH
[11:36:29] [258/458] WVJM
[11:36:30] [259/458] JCCZ
[11:36:31] [260/458] CNCL
[11:36:31] 🔄 Identity reset
[11:36:31] 🔄 Identity rotated (every 10 requests)
[11:36:32] [261/458] TMLV
[11:36:33] [262/458] MEMB
[11:36:34] [263/458] SGTD
[11:36:35] [264/458] CONX
[11:36:36] [265/458] CCMH
[11:36:37] [266/458] ACMC
[11:36:38] [267/458] DTPD
[11:36:39] [268/458] POJA
[11:36:40] [269/458] FNBH
[11:36:40] [270/458] CGCB
[11:36:41] 🔄 Identity reset
[11:36:41] 🔄 Identity rotated (every 10 requests)
[11:36:42] [271/458] RACN
[11:36:42] [272/458] JTSM
[11:36:43] [273/458] SCDN
[11:36:44] [274/458] AACK
[11:36:45] [275/458] RMCE
[11:36:46] [276/458] BSGB
[11:36:47] [277/458] MRCB
[11:36:48] [278/458] SRVR
[11:36:49] [279/458] VTKK
[11:36:50] [280/458] AMST
[11:36:50] 🔄 Identity reset
[11:36:50] 🔄 Identity rotated (every 10 requests)
[11:36:50] [281/458] APCY
[11:36:52] [282/458] LMHO
[11:36:53] [283/458] MTZH
[11:36:54] [284/458] AMZB
[11:36:54] [285/458] SUVT
[11:36:55] [286/458] RCIP
[11:36:56] [287/458] KESR
[11:36:57] [288/458] SNKC
[11:36:58] [289/458] SCED
[11:36:58] [290/458] DVCA
[11:36:59] 🔄 Identity reset
[11:36:59] 🔄 Identity rotated (every 10 requests)
[11:36:59] [291/458] VCDT
[11:37:00] [292/458] RRDI
[11:37:01] [293/458] DFCH
[11:37:02] [294/458] INSC
[11:37:03] [295/458] RGTR
[11:37:04] [296/458] FMOT
[11:37:05] [297/458] SCPM
[11:37:06] [298/458] GCDT
[11:37:07] [299/458] BRKT
[11:37:07] [300/458] DEMP
[11:37:08] 🔄 Identity reset
[11:37:08] 🔄 Identity rotated (every 10 requests)
[11:37:09] [301/458] SRLC
[11:37:09] [302/458] KSTT
[11:37:10] [303/458] SMMT
[11:37:11] [304/458] SILM
[11:37:12] [305/458] JCVM
[11:37:13] [306/458] KCSV
[11:37:14] [307/458] MHLK
[11:37:15] [308/458] SLVL
[11:37:16] [309/458] RJKP
[11:37:17] [310/458] BBPC
[11:37:17] 🔄 Identity reset
[11:37:17] 🔄 Identity rotated (every 10 requests)
[11:37:18] [311/458] MXCB
[11:37:19] [312/458] TCPK
[11:37:19] [313/458] RTBR
[11:37:20] [314/458] GAUT
[11:37:21] [315/458] DVCF
[11:37:22] [316/458] JTSB
[11:37:23] [317/458] SBLS
[11:37:24] [318/458] UDAY
[11:37:24] [319/458] PTNP
[11:37:26] [320/458] DMKT
[11:37:27] 🔄 Identity reset
[11:37:27] 🔄 Identity rotated (every 10 requests)
[11:37:27] [321/458] NTDT
[11:37:28] [322/458] SHDJ
[11:37:29] [323/458] OTNC
[11:37:30] [324/458] RNTW
[11:37:31] [325/458] GCMI
[11:37:31] [326/458] CRCM
[11:37:32] [327/458] NNCZ
[11:37:33] [328/458] OEMO
[11:37:34] [329/458] PVJM
[11:37:35] [330/458] CPJI
[11:37:35] 🔄 Identity reset
[11:37:35] 🔄 Identity rotated (every 10 requests)
[11:37:35] [331/458] RMCJ
[11:37:36] [332/458] CNWJ
[11:37:37] [333/458] EPJM
[11:37:38] [334/458] FNJJ
[11:37:39] [335/458] GCMJ
[11:37:40] [336/458] INPS
[11:37:41] [337/458] BICJ
[11:37:42] [338/458] ISTJ
[11:37:43] [339/458] INJC
[11:37:44] [340/458] GLXJ
[11:37:44] 🔄 Identity reset
[11:37:44] 🔄 Identity rotated (every 10 requests)
[11:37:45] [341/458] INEM
[11:37:46] [342/458] JTMN
[11:37:46] [343/458] FRCJ
[11:37:47] [344/458] DDJP
[11:37:48] [345/458] INJV
[11:37:49] [346/458] GOLC
[11:37:50] [347/458] KOCI
[11:37:51] [348/458] FSTD
[11:37:52] [349/458] PACJ
[11:37:52] [350/458] GMCN
[11:37:53] 🔄 Identity reset
[11:37:53] 🔄 Identity rotated (every 10 requests)
[11:37:53] [351/458] MMDJ
[11:37:54] [352/458] GODH
[11:37:55] [353/458] SKYN
[11:37:56] [354/458] NCTH
[11:37:57] [355/458] SKVZ
[11:37:58] [356/458] SVML
[11:37:59] [357/458] ACVZ
[11:38:00] [358/458] SURA
[11:38:00] [359/458] RTRB
[11:38:01] [360/458] LLCT
[11:38:02] 🔄 Identity reset
[11:38:02] 🔄 Identity rotated (every 10 requests)
[11:38:02] [361/458] ATTS
[11:38:03] [362/458] JYCM
[11:38:05] [363/458] CTKR
[11:38:05] [364/458] LCKR
[11:38:06] [365/458] NYCV
[11:38:07] [366/458] NYOH
[11:38:08] [367/458] NOVX
[11:38:10] [368/458] MRGK
[11:38:11] [369/458] MOON
[11:38:12] [370/458] SBUC
[11:38:13] 🔄 Identity reset
[11:38:13] 🔄 Identity rotated (every 10 requests)
[11:38:13] [371/458] GSVA
[11:38:14] [372/458] VIAK
[11:38:15] [373/458] SMVZ
[11:38:16] [374/458] MATE
[11:38:17] [375/458] RDCN
[11:38:18] [376/458] ASBL
[11:38:19] [377/458] ASVS
[11:38:20] [378/458] ASSR
[11:38:21] [379/458] SSKN
[11:38:21] [380/458] DRPV
[11:38:22] 🔄 Identity reset
[11:38:22] 🔄 Identity rotated (every 10 requests)
[11:38:22] [381/458] MRHT
[11:38:23] [382/458] BSCN
[11:38:24] [383/458] RKNX
[11:38:25] [384/458] MSMC
[11:38:26] [385/458] MSCJ
[11:38:27] [386/458] BTBJ
[11:38:27] [387/458] MJCC
[11:38:28] [388/458] IOMM
[11:38:29] [389/458] ADGR
[11:38:30] [390/458] MYCP
[11:38:30] 🔄 Identity reset
[11:38:30] 🔄 Identity rotated (every 10 requests)
[11:38:31] [391/458] IGCM
[11:38:32] [392/458] PGRK
[11:38:32] [393/458] VPGO
[11:38:33] [394/458] KOMS
[11:38:34] [395/458] URGG
[11:38:35] [396/458] GOST
[11:38:36] [397/458] LACT
[11:38:37] [398/458] BWCM
[11:38:38] [399/458] NCCW
[11:38:39] [400/458] SKYC
[11:38:40] 🔄 Identity reset
[11:38:40] 🔄 Identity rotated (every 10 requests)
[11:38:40] [401/458] CCPM
[11:38:41] [402/458] VCBT
[11:38:42] [403/458] SDKR
[11:38:42] [404/458] CTYB
[11:38:43] [405/458] SHCX
[11:38:44] [406/458] RCUN
[11:38:46] [407/458] CNRA
[11:38:46] [408/458] RFCA
[11:38:47] [409/458] RDCU
[11:38:49] [410/458] SARK
[11:38:49] 🔄 Identity reset
[11:38:49] 🔄 Identity rotated (every 10 requests)
[11:38:50] [411/458] SPPP
[11:38:50] [412/458] ADMB
[11:38:51] [413/458] JYOE
[11:38:52] [414/458] SRMD
[11:38:54] [415/458] RJDH
[11:38:55] [416/458] SSTD
[11:38:55] [417/458] AACV
[11:38:56] [418/458] PPVD
[11:38:57] [419/458] STCP
[11:38:58] [420/458] ANLS
[11:38:58] 🔄 Identity reset
[11:38:59] 🔄 Identity rotated (every 10 requests)
[11:38:59] [421/458] BIJO
[11:39:00] [422/458] AVAB
[11:39:01] [423/458] SPMD
[11:39:01] [424/458] SVJL
[11:39:02] [425/458] SDDJ
[11:39:03] [426/458] SLTU
[11:39:04] [427/458] SAKA
[11:39:06] [428/458] PMAM
[11:39:07] [429/458] FNAM
[11:39:08] [430/458] ACAM
[11:39:08] 🔄 Identity reset
[11:39:08] 🔄 Identity rotated (every 10 requests)
[11:39:09] [431/458] SCMM
[11:39:10] [432/458] PMAK
[11:39:10] [433/458] NYSA
[11:39:11] [434/458] FCPA
[11:39:12] [435/458] GDAN
[11:39:13] [436/458] RSCA
[11:39:14] [437/458] DMAN
[11:39:15] [438/458] DZCM
[11:39:16] [439/458] NSGL
[11:39:16] [440/458] CCPP
[11:39:17] 🔄 Identity reset
[11:39:17] 🔄 Identity rotated (every 10 requests)
[11:39:17] [441/458] PSMG
[11:39:18] [442/458] GSER
[11:39:19] [443/458] FCCT
[11:39:20] [444/458] FCTB
[11:39:21] [445/458] LCNK
[11:39:22] [446/458] SKTY
[11:39:23] [447/458] INAA
[11:39:24] [448/458] RCWN
[11:39:24] [449/458] VAIS
[11:39:25] [450/458] CVMN
[11:39:26] 🔄 Identity reset
[11:39:26] 🔄 Identity rotated (every 10 requests)
[11:39:27] [451/458] INTS
[11:39:28] [452/458] FRGS
[11:39:29] [453/458] DTCK
[11:39:29] [454/458] MCMH
[11:39:30] [455/458] ECRR
[11:39:31] [456/458] RLLP
[11:39:33] [457/458] CCSN
[11:39:33] [458/458] CCBA
[11:39:34] 🧹 Deduping shows
[11:39:34] ✅ DONE | Shows=375 | Movies=1
[17:20:52] 🚀 SCRIPT STARTED (enhanced anti‑detection)
[17:20:52] [1/458] MBDC
[17:20:53] 🧠 New identity created
[17:20:53] [2/458] CHKM
[17:20:54] [3/458] JTKZ
[17:20:55] [4/458] CMCT
[17:20:56] [5/458] ASHO
[17:20:56] [6/458] ECDG
[17:20:57] [7/458] SPAT
[17:20:58] [8/458] HILC
[17:20:59] [9/458] SPPH
[17:21:00] [10/458] SBHN
[17:21:01] 🔄 Identity reset
[17:21:01] 🔄 Identity rotated (every 10 requests)
[17:21:01] [11/458] RRCA
[17:21:02] [12/458] APAA
[17:21:03] [13/458] RAME
[17:21:04] [14/458] TMMS
[17:21:04] [15/458] BATK
[17:21:05] [16/458] LKOP
[17:21:06] [17/458] AMTT
[17:21:07] [18/458] PTGK
[17:21:08] [19/458] ANRS
[17:21:09] [20/458] VWBW
[17:21:10] 🔄 Identity reset
[17:21:10] 🔄 Identity rotated (every 10 requests)
[17:21:10] [21/458] SVFG
[17:21:11] [22/458] STAT
[17:21:12] [23/458] GDCV
[17:21:13] [24/458] VEBI
[17:21:14] [25/458] VDSS
[17:21:15] [26/458] NTHV
[17:21:16] [27/458] AOCH
[17:21:17] [28/458] KASR
[17:21:17] [29/458] AYCS
[17:21:18] [30/458] SHAI
[17:21:19] 🔄 Identity reset
[17:21:19] 🔄 Identity rotated (every 10 requests)
[17:21:19] [31/458] SKPE
[17:21:20] [32/458] SBTA
[17:21:21] [33/458] RTTD
[17:21:22] [34/458] CCJD
[17:21:23] [35/458] RSJJ
[17:21:24] [36/458] RKND
[17:21:26] [37/458] SVTX
[17:21:27] [38/458] BAKM
[17:21:28] [39/458] SVDC
[17:21:28] [40/458] MNCV
[17:21:29] 🔄 Identity reset
[17:21:29] 🔄 Identity rotated (every 10 requests)
[17:21:29] [41/458] SJGC
[17:21:30] [42/458] MTPK
[17:21:31] [43/458] GATP
[17:21:32] [44/458] ABTS
[17:21:33] [45/458] ABDE
[17:21:34] [46/458] RCNM
[17:21:35] [47/458] KTHV
[17:21:36] [48/458] MDGJ
[17:21:36] [49/458] SMLM
[17:21:38] [50/458] JTMA
[17:21:39] 🔄 Identity reset
[17:21:39] 🔄 Identity rotated (every 10 requests)
[17:21:39] [51/458] ACKP
[17:21:41] [52/458] SRTA
[17:21:42] [53/458] STAY
[17:21:42] [54/458] MAVO
[17:21:44] [55/458] APTS
[17:21:46] [56/458] OMEA
[17:21:47] [57/458] TTFD
[17:21:47] [58/458] MJCU
[17:21:48] [59/458] CXTE
[17:21:49] [60/458] CTPX
[17:21:50] 🔄 Identity reset
[17:21:50] 🔄 Identity rotated (every 10 requests)
[17:21:50] [61/458] ASSL
[17:21:51] [62/458] CMVB
[17:21:52] [63/458] VPUR
[17:21:53] [64/458] JJDA
[17:21:54] [65/458] INBL
[17:21:55] [66/458] BIKB
[17:21:56] [67/458] NTBB
[17:21:57] [68/458] GLOB
[17:21:58] [69/458] SNTB
[17:21:59] [70/458] CHGV
[17:21:59] 🔄 Identity reset
[17:21:59] 🔄 Identity rotated (every 10 requests)
[17:21:59] [71/458] SSBZ
[17:22:00] [72/458] PRDB
[17:22:01] [73/458] ISMT
[17:22:02] [74/458] MCSD
[17:22:03] [75/458] JBTT
[17:22:04] [76/458] GEKR
[17:22:05] [77/458] PVUN
[17:22:06] [78/458] NRTB
[17:22:07] [79/458] PRAA
[17:22:07] [80/458] PCBL
[17:22:08] 🔄 Identity reset
[17:22:08] 🔄 Identity rotated (every 10 requests)
[17:22:08] [81/458] PTCM
[17:22:10] [82/458] KHNN
[17:22:11] [83/458] OMJE
[17:22:12] [84/458] STGN
[17:22:13] [85/458] RPMS
[17:22:14] [86/458] NWAD
[17:22:14] [87/458] BLCK
[17:22:15] [88/458] SVAA
[17:22:16] [89/458] URVM
[17:22:17] [90/458] ANTM
[17:22:18] 🔄 Identity reset
[17:22:18] 🔄 Identity rotated (every 10 requests)
[17:22:18] [91/458] VJYM
[17:22:19] [92/458] MAZZ
[17:22:20] [93/458] CSHM
[17:22:21] [94/458] WGMH
[17:22:22] [95/458] SALN
[17:22:23] [96/458] BRTP
[17:22:24] [97/458] SVTA
[17:22:25] [98/458] SBTP
[17:22:26] [99/458] VLSS
[17:22:27] [100/458] SRJA
[17:22:27] 🔄 Identity reset
[17:22:27] 🔄 Identity rotated (every 10 requests)
[17:22:28] [101/458] ANCG
[17:22:29] [102/458] CGGC
[17:22:30] [103/458] CRJA
[17:22:30] [104/458] USCR
[17:22:31] [105/458] MMEF
[17:22:33] [106/458] JCRJ
[17:22:34] [107/458] ADCM
[17:22:35] [108/458] BMYK
[17:22:36] [109/458] KICS
[17:22:37] [110/458] MBBT
[17:22:37] 🔄 Identity reset
[17:22:37] 🔄 Identity rotated (every 10 requests)
[17:22:38] [111/458] MACK
[17:22:39] [112/458] CLDR
[17:22:40] [113/458] JYCR
[17:22:41] [114/458] DCRP
[17:22:42] [115/458] RAHT
[17:22:43] [116/458] CSSM
[17:22:44] [117/458] ATPK
[17:22:44] [118/458] KLRT
[17:22:45] [119/458] SRDD
[17:22:46] [120/458] CKMC
[17:22:47] 🔄 Identity reset
[17:22:47] 🔄 Identity rotated (every 10 requests)
[17:22:47] [121/458] KRVM
[17:22:48] [122/458] AKCP
[17:22:49] [123/458] CNCV
[17:22:49] [124/458] PACT
[17:22:50] [125/458] NATP
[17:22:51] [126/458] PCPK
[17:22:52] [127/458] SMHO
[17:22:53] [128/458] CWTK
[17:22:54] [129/458] RVKZ
[17:22:55] [130/458] ASPD
[17:22:56] 🔄 Identity reset
[17:22:56] 🔄 Identity rotated (every 10 requests)
[17:22:56] [131/458] VTKZ
[17:22:57] [132/458] LCSO
[17:22:58] [133/458] PRDY
[17:22:59] [134/458] RCAP
[17:23:00] [135/458] RGAR
[17:23:00] [136/458] RCAC
[17:23:01] [137/458] PMOD
[17:23:02] [138/458] PVCN
[17:23:03] [139/458] SCRZ
[17:23:04] [140/458] PVPC
[17:23:04] 🔄 Identity reset
[17:23:04] 🔄 Identity rotated (every 10 requests)
[17:23:05] [141/458] STID
[17:23:05] [142/458] NEDD
[17:23:06] [143/458] BNBA
[17:23:07] [144/458] NTCD
[17:23:08] [145/458] OCDE
[17:23:09] [146/458] CCDU
[17:23:10] [147/458] CRXH
[17:23:11] [148/458] VLVT
[17:23:11] [149/458] CICI
[17:23:12] [150/458] SUCB
[17:23:13] 🔄 Identity reset
[17:23:13] 🔄 Identity rotated (every 10 requests)
[17:23:13] [151/458] TCBP
[17:23:14] [152/458] SCCY
[17:23:15] [153/458] LXCY
[17:23:16] [154/458] NCMD
[17:23:17] [155/458] PHCS
[17:23:18] [156/458] DUXR
[17:23:19] [157/458] VNKS
[17:23:20] [158/458] SEDP
[17:23:21] [159/458] SVEN
[17:23:23] [160/458] SRKM
[17:23:23] 🔄 Identity reset
[17:23:23] 🔄 Identity rotated (every 10 requests)
[17:23:23] [161/458] JTLT
[17:23:24] [162/458] SVSS
[17:23:25] [163/458] AMDE
[17:23:26] [164/458] WVRN
[17:23:27] [165/458] ISMG
[17:23:28] [166/458] WVKS
[17:23:28] [167/458] USCG
[17:23:29] [168/458] IOTG
[17:23:30] [169/458] RRJM
[17:23:31] [170/458] EDMP
[17:23:31] 🔄 Identity reset
[17:23:31] 🔄 Identity rotated (every 10 requests)
[17:23:32] [171/458] SCGZ
[17:23:33] [172/458] GMGX
[17:23:34] [173/458] OMTP
[17:23:35] [174/458] MITD
[17:23:36] [175/458] SMMD
[17:23:37] [176/458] STML
[17:23:38] [177/458] MCFS
[17:23:39] [178/458] FPKA
[17:23:40] [179/458] OMLR
[17:23:41] [180/458] KKSC
[17:23:42] 🔄 Identity reset
[17:23:42] 🔄 Identity rotated (every 10 requests)
[17:23:42] [181/458] RVMA
[17:23:43] [182/458] SCLL
[17:23:44] [183/458] SCDK
[17:23:45] [184/458] SXMI
[17:23:46] [185/458] SHDN
[17:23:46] [186/458] PAAD
[17:23:47] [187/458] UUCB
[17:23:48] [188/458] JHOL
[17:23:49] [189/458] SGWT
[17:23:50] [190/458] SRII
[17:23:50] 🔄 Identity reset
[17:23:50] 🔄 Identity rotated (every 10 requests)
[17:23:51] [191/458] SGCK
[17:23:52] [192/458] SVVB
[17:23:53] [193/458] DMHA
[17:23:54] [194/458] PPNL
[17:23:55] [195/458] CPNL
[17:23:56] [196/458] WVLD
[17:23:57] [197/458] PSLV
[17:23:58] [198/458] VTTL
[17:23:58] [199/458] NPAD
[17:24:00] [200/458] PVCS
[17:24:01] 🔄 Identity reset
[17:24:01] 🔄 Identity rotated (every 10 requests)
[17:24:01] [201/458] MCHL
[17:24:02] [202/458] PPLL
[17:24:04] [203/458] MALO
[17:24:04] [204/458] SWBH
[17:24:05] [205/458] PUGB
[17:24:06] [206/458] INBB
[17:24:07] [207/458] INNS
[17:24:08] [208/458] MCPT
[17:24:08] [209/458] SCMI
[17:24:09] [210/458] OCON
[17:24:10] 🔄 Identity reset
[17:24:10] 🔄 Identity rotated (every 10 requests)
[17:24:10] [211/458] SCSM
[17:24:11] [212/458] RJVN
[17:24:12] [213/458] AMDK
[17:24:13] [214/458] ISMR
[17:24:14] [215/458] SMTD
[17:24:15] [216/458] VTDD
[17:24:16] [217/458] PDDZ
[17:24:17] [218/458] PCCK
[17:24:17] [219/458] INAM
[17:24:18] [220/458] FNKT
[17:24:19] 🔄 Identity reset
[17:24:19] 🔄 Identity rotated (every 10 requests)
[17:24:20] [221/458] GDKA
[17:24:21] [222/458] MAYU
[17:24:22] [223/458] TCGU
[17:24:23] [224/458] KDCA
[17:24:23] [225/458] DOMY
[17:24:24] [226/458] PDDD
[17:24:25] [227/458] BJTS
[17:24:26] [228/458] VTCA
[17:24:27] [229/458] SBTM
[17:24:28] [230/458] SEET
[17:24:28] 🔄 Identity reset
[17:24:29] 🔄 Identity rotated (every 10 requests)
[17:24:29] [231/458] SSTJ
[17:24:30] [232/458] SVNT
[17:24:31] [233/458] PPPR
[17:24:31] [234/458] PVYS
[17:24:32] [235/458] IOSE
[17:24:33] [236/458] ACTV
[17:24:34] [237/458] APVE
[17:24:35] [238/458] TCCL
[17:24:36] [239/458] SCMO
[17:24:37] [240/458] SAUM
[17:24:37] 🔄 Identity reset
[17:24:37] 🔄 Identity rotated (every 10 requests)
[17:24:38] [241/458] KCJS
[17:24:39] [242/458] NJCJ
[17:24:40] [243/458] NECF
[17:24:40] [244/458] CCGW
[17:24:41] [245/458] CCMG
[17:24:42] [246/458] NYRG
[17:24:43] [247/458] NCSQ
[17:24:45] [248/458] GRCG
[17:24:46] [249/458] CCBT
[17:24:47] [250/458] ACGA
[17:24:48] 🔄 Identity reset
[17:24:48] 🔄 Identity rotated (every 10 requests)
[17:24:48] [251/458] INAG
[17:24:49] [252/458] FUCG
[17:24:50] [253/458] AICF
[17:24:51] [254/458] GRGA
[17:24:52] [255/458] GDCN
[17:24:53] [256/458] RRCG
[17:24:54] [257/458] SDCH
[17:24:54] [258/458] WVJM
[17:24:55] [259/458] JCCZ
[17:24:56] [260/458] CNCL
[17:24:57] 🔄 Identity reset
[17:24:57] 🔄 Identity rotated (every 10 requests)
[17:24:57] [261/458] TMLV
[17:24:58] [262/458] MEMB
[17:24:59] [263/458] SGTD
[17:25:00] [264/458] CONX
[17:25:00] [265/458] CCMH
[17:25:01] [266/458] ACMC
[17:25:02] [267/458] DTPD
[17:25:03] [268/458] POJA
[17:25:04] [269/458] FNBH
[17:25:05] [270/458] CGCB
[17:25:05] 🔄 Identity reset
[17:25:05] 🔄 Identity rotated (every 10 requests)
[17:25:06] [271/458] RACN
[17:25:07] [272/458] JTSM
[17:25:08] [273/458] SCDN
[17:25:09] [274/458] AACK
[17:25:10] [275/458] RMCE
[17:25:11] [276/458] BSGB
[17:25:12] [277/458] MRCB
[17:25:13] [278/458] SRVR
[17:25:14] [279/458] VTKK
[17:25:14] [280/458] AMST
[17:25:15] 🔄 Identity reset
[17:25:15] 🔄 Identity rotated (every 10 requests)
[17:25:15] [281/458] APCY
[17:25:17] [282/458] LMHO
[17:25:19] [283/458] MTZH
[17:25:20] [284/458] AMZB
[17:25:20] [285/458] SUVT
[17:25:21] [286/458] RCIP
[17:25:22] [287/458] KESR
[17:25:23] [288/458] SNKC
[17:25:24] [289/458] SCED
[17:25:25] [290/458] DVCA
[17:25:25] 🔄 Identity reset
[17:25:26] 🔄 Identity rotated (every 10 requests)
[17:25:26] [291/458] VCDT
[17:25:27] [292/458] RRDI
[17:25:28] [293/458] DFCH
[17:25:29] [294/458] INSC
[17:25:29] [295/458] RGTR
[17:25:30] [296/458] FMOT
[17:25:31] [297/458] SCPM
[17:25:32] [298/458] GCDT
[17:25:33] [299/458] BRKT
[17:25:34] [300/458] DEMP
[17:25:35] 🔄 Identity reset
[17:25:35] 🔄 Identity rotated (every 10 requests)
[17:25:35] [301/458] SRLC
[17:25:36] [302/458] KSTT
[17:25:37] [303/458] SMMT
[17:25:38] [304/458] SILM
[17:25:39] [305/458] JCVM
[17:25:40] [306/458] KCSV
[17:25:41] [307/458] MHLK
[17:25:42] [308/458] SLVL
[17:25:43] [309/458] RJKP
[17:25:44] [310/458] BBPC
[17:25:44] 🔄 Identity reset
[17:25:44] 🔄 Identity rotated (every 10 requests)
[17:25:45] [311/458] MXCB
[17:25:46] [312/458] TCPK
[17:25:46] [313/458] RTBR
[17:25:47] [314/458] GAUT
[17:25:48] [315/458] DVCF
[17:25:49] [316/458] JTSB
[17:25:50] [317/458] SBLS
[17:25:51] [318/458] UDAY
[17:25:52] [319/458] PTNP
[17:25:53] [320/458] DMKT
[17:25:53] 🔄 Identity reset
[17:25:53] 🔄 Identity rotated (every 10 requests)
[17:25:54] [321/458] NTDT
[17:25:55] [322/458] SHDJ
[17:25:56] [323/458] OTNC
[17:25:57] [324/458] RNTW
[17:25:57] [325/458] GCMI
[17:25:58] [326/458] CRCM
[17:25:59] [327/458] NNCZ
[17:26:00] [328/458] OEMO
[17:26:01] [329/458] PVJM
[17:26:02] [330/458] CPJI
[17:26:03] 🔄 Identity reset
[17:26:03] 🔄 Identity rotated (every 10 requests)
[17:26:03] [331/458] RMCJ
[17:26:04] [332/458] CNWJ
[17:26:05] [333/458] EPJM
[17:26:05] [334/458] FNJJ
[17:26:06] [335/458] GCMJ
[17:26:07] [336/458] INPS
[17:26:08] [337/458] BICJ
[17:26:09] [338/458] ISTJ
[17:26:10] [339/458] INJC
[17:26:11] [340/458] GLXJ
[17:26:11] 🔄 Identity reset
[17:26:11] 🔄 Identity rotated (every 10 requests)
[17:26:12] [341/458] INEM
[17:26:13] [342/458] JTMN
[17:26:14] [343/458] FRCJ
[17:26:15] [344/458] DDJP
[17:26:16] [345/458] INJV
[17:26:17] [346/458] GOLC
[17:26:18] [347/458] KOCI
[17:26:18] [348/458] FSTD
[17:26:19] [349/458] PACJ
[17:26:20] [350/458] GMCN
[17:26:21] 🔄 Identity reset
[17:26:21] 🔄 Identity rotated (every 10 requests)
[17:26:21] [351/458] MMDJ
[17:26:22] [352/458] GODH
[17:26:23] [353/458] SKYN
[17:26:24] [354/458] NCTH
[17:26:26] [355/458] SKVZ
[17:26:27] [356/458] SVML
[17:26:28] [357/458] ACVZ
[17:26:29] [358/458] SURA
[17:26:30] [359/458] RTRB
[17:26:31] [360/458] LLCT
[17:26:32] 🔄 Identity reset
[17:26:32] 🔄 Identity rotated (every 10 requests)
[17:26:32] [361/458] ATTS
[17:26:33] [362/458] JYCM
[17:26:34] [363/458] CTKR
[17:26:35] [364/458] LCKR
[17:26:37] [365/458] NYCV
[17:26:38] [366/458] NYOH
[17:26:39] [367/458] NOVX
[17:26:41] [368/458] MRGK
[17:26:41] [369/458] MOON
[17:26:42] [370/458] SBUC
[17:26:43] 🔄 Identity reset
[17:26:43] 🔄 Identity rotated (every 10 requests)
[17:26:43] [371/458] GSVA
[17:26:44] [372/458] VIAK
[17:26:45] [373/458] SMVZ
[17:26:46] [374/458] MATE
[17:26:47] [375/458] RDCN
[17:26:48] [376/458] ASBL
[17:26:49] [377/458] ASVS
[17:26:50] [378/458] ASSR
[17:26:51] [379/458] SSKN
[17:26:52] [380/458] DRPV
[17:26:52] 🔄 Identity reset
[17:26:52] 🔄 Identity rotated (every 10 requests)
[17:26:53] [381/458] MRHT
[17:26:54] [382/458] BSCN
[17:26:55] [383/458] RKNX
[17:26:55] [384/458] MSMC
[17:26:56] [385/458] MSCJ
[17:26:57] [386/458] BTBJ
[17:26:58] [387/458] MJCC
[17:27:00] [388/458] IOMM
[17:27:00] [389/458] ADGR
[17:27:01] [390/458] MYCP
[17:27:02] 🔄 Identity reset
[17:27:02] 🔄 Identity rotated (every 10 requests)
[17:27:03] [391/458] IGCM
[17:27:04] [392/458] PGRK
[17:27:05] [393/458] VPGO
[17:27:05] [394/458] KOMS
[17:27:06] [395/458] URGG
[17:27:07] [396/458] GOST
[17:27:08] [397/458] LACT
[17:27:09] [398/458] BWCM
[17:27:11] [399/458] NCCW
[17:27:12] [400/458] SKYC
[17:27:12] 🔄 Identity reset
[17:27:12] 🔄 Identity rotated (every 10 requests)
[17:27:13] [401/458] CCPM
[17:27:14] [402/458] VCBT
[17:27:15] [403/458] SDKR
[17:27:16] [404/458] CTYB
[17:27:17] [405/458] SHCX
[17:27:18] [406/458] RCUN
[17:27:19] [407/458] CNRA
[17:27:20] [408/458] RFCA
[17:27:21] [409/458] RDCU
[17:27:22] [410/458] SARK
[17:27:22] 🔄 Identity reset
[17:27:22] 🔄 Identity rotated (every 10 requests)
[17:27:23] [411/458] SPPP
[17:27:24] [412/458] ADMB
[17:27:24] [413/458] JYOE
[17:27:25] [414/458] SRMD
[17:27:26] [415/458] RJDH
[17:27:27] [416/458] SSTD
[17:27:28] [417/458] AACV
[17:27:29] [418/458] PPVD
[17:27:30] [419/458] STCP
[17:27:31] [420/458] ANLS
[17:27:31] 🔄 Identity reset
[17:27:31] 🔄 Identity rotated (every 10 requests)
[17:27:32] [421/458] BIJO
[17:27:32] [422/458] AVAB
[17:27:33] [423/458] SPMD
[17:27:35] [424/458] SVJL
[17:27:36] [425/458] SDDJ
[17:27:37] [426/458] SLTU
[17:27:38] [427/458] SAKA
[17:27:39] [428/458] PMAM
[17:27:40] [429/458] FNAM
[17:27:40] [430/458] ACAM
[17:27:41] 🔄 Identity reset
[17:27:41] 🔄 Identity rotated (every 10 requests)
[17:27:41] [431/458] SCMM
[17:27:42] [432/458] PMAK
[17:27:43] [433/458] NYSA
[17:27:44] [434/458] FCPA
[17:27:45] [435/458] GDAN
[17:27:46] [436/458] RSCA
[17:27:46] [437/458] DMAN
[17:27:48] [438/458] DZCM
[17:27:49] [439/458] NSGL
[17:27:50] [440/458] CCPP
[17:27:50] 🔄 Identity reset
[17:27:50] 🔄 Identity rotated (every 10 requests)
[17:27:51] [441/458] PSMG
[17:27:52] [442/458] GSER
[17:27:52] [443/458] FCCT
[17:27:54] [444/458] FCTB
[17:27:55] [445/458] LCNK
[17:27:55] [446/458] SKTY
[17:27:56] [447/458] INAA
[17:27:57] [448/458] RCWN
[17:27:58] [449/458] VAIS
[17:27:59] [450/458] CVMN
[17:27:59] 🔄 Identity reset
[17:28:00] 🔄 Identity rotated (every 10 requests)
[17:28:00] [451/458] INTS
[17:28:01] [452/458] FRGS
[17:28:02] [453/458] DTCK
[17:28:02] [454/458] MCMH
[17:28:04] [455/458] ECRR
[17:28:05] [456/458] RLLP
[17:28:06] [457/458] CCSN
[17:28:07] [458/458] CCBA
[17:28:07] 🧹 Deduping shows
[17:28:07] ✅ DONE | Shows=516 | Movies=2
[19:57:04] 🚀 SCRIPT STARTED (enhanced anti‑detection)
[19:57:04] [1/458] MBDC
[19:57:05] 🧠 New identity created
[19:57:05] [2/458] CHKM
[19:57:06] [3/458] JTKZ
[19:57:08] [4/458] CMCT
[19:57:10] [5/458] ASHO
[19:57:11] [6/458] ECDG
[19:57:12] [7/458] SPAT
[19:57:13] [8/458] HILC
[19:57:14] [9/458] SPPH
[19:57:15] [10/458] SBHN
[19:57:15] 🔄 Identity reset
[19:57:15] 🔄 Identity rotated (every 10 requests)
[19:57:16] [11/458] RRCA
[19:57:17] [12/458] APAA
[19:57:19] [13/458] RAME
[19:57:21] [14/458] TMMS
[19:57:22] [15/458] BATK
[19:57:23] [16/458] LKOP
[19:57:24] [17/458] AMTT
[19:57:25] [18/458] PTGK
[19:57:26] [19/458] ANRS
[19:57:27] [20/458] VWBW
[19:57:27] 🔄 Identity reset
[19:57:28] 🔄 Identity rotated (every 10 requests)
[19:57:28] [21/458] SVFG
[19:57:30] [22/458] STAT
[19:57:31] [23/458] GDCV
[19:57:32] [24/458] VEBI
[19:57:32] [25/458] VDSS
[19:57:33] [26/458] NTHV
[19:57:35] [27/458] AOCH
[19:57:36] [28/458] KASR
[19:57:37] [29/458] AYCS
[19:57:38] [30/458] SHAI
[19:57:38] 🔄 Identity reset
[19:57:38] 🔄 Identity rotated (every 10 requests)
[19:57:39] [31/458] SKPE
[19:57:41] [32/458] SBTA
[19:57:43] [33/458] RTTD
[19:57:44] [34/458] CCJD
[19:57:46] [35/458] RSJJ
[19:57:46] [36/458] RKND
[19:57:47] [37/458] SVTX
[19:57:48] [38/458] BAKM
[19:57:49] [39/458] SVDC
[19:57:50] [40/458] MNCV
[19:57:51] 🔄 Identity reset
[19:57:51] 🔄 Identity rotated (every 10 requests)
[19:57:51] [41/458] SJGC
[19:57:52] [42/458] MTPK
[19:57:53] [43/458] GATP
[19:57:54] [44/458] ABTS
[19:57:55] [45/458] ABDE
[19:57:56] [46/458] RCNM
[19:57:57] [47/458] KTHV
[19:57:58] [48/458] MDGJ
[19:57:59] [49/458] SMLM
[19:58:00] [50/458] JTMA
[19:58:01] 🔄 Identity reset
[19:58:01] 🔄 Identity rotated (every 10 requests)
[19:58:02] [51/458] ACKP
[19:58:03] [52/458] SRTA
[19:58:04] [53/458] STAY
[19:58:04] [54/458] MAVO
[19:58:05] [55/458] APTS
[19:58:06] [56/458] OMEA
[19:58:07] [57/458] TTFD
[19:58:08] [58/458] MJCU
[19:58:09] [59/458] CXTE
[19:58:10] [60/458] CTPX
[19:58:11] 🔄 Identity reset
[19:58:11] 🔄 Identity rotated (every 10 requests)
[19:58:11] [61/458] ASSL
[19:58:12] [62/458] CMVB
[19:58:13] [63/458] VPUR
[19:58:15] [64/458] JJDA
[19:58:16] [65/458] INBL
[19:58:17] [66/458] BIKB
[19:58:18] [67/458] NTBB
[19:58:19] [68/458] GLOB
[19:58:20] [69/458] SNTB
[19:58:21] [70/458] CHGV
[19:58:21] 🔄 Identity reset
[19:58:21] 🔄 Identity rotated (every 10 requests)
[19:58:22] [71/458] SSBZ
[19:58:25] [72/458] PRDB
[19:58:26] [73/458] ISMT
[19:58:27] [74/458] MCSD
[19:58:28] [75/458] JBTT
[19:58:28] [76/458] GEKR
[19:58:30] [77/458] PVUN
[19:58:30] [78/458] NRTB
[19:58:31] [79/458] PRAA
[19:58:33] [80/458] PCBL
[19:58:33] 🔄 Identity reset
[19:58:33] 🔄 Identity rotated (every 10 requests)
[19:58:34] [81/458] PTCM
[19:58:34] [82/458] KHNN
[19:58:35] [83/458] OMJE
[19:58:36] [84/458] STGN
[19:58:37] [85/458] RPMS
[19:58:39] [86/458] NWAD
[19:58:40] [87/458] BLCK
[19:58:41] [88/458] SVAA
[19:58:42] [89/458] URVM
[19:58:43] [90/458] ANTM
[19:58:44] 🔄 Identity reset
[19:58:44] 🔄 Identity rotated (every 10 requests)
[19:58:45] [91/458] VJYM
[19:58:46] [92/458] MAZZ
[19:58:47] [93/458] CSHM
[19:58:48] [94/458] WGMH
[19:58:49] [95/458] SALN
[19:58:50] [96/458] BRTP
[19:58:52] [97/458] SVTA
[19:58:53] [98/458] SBTP
[19:58:54] [99/458] VLSS
[19:58:55] [100/458] SRJA
[19:58:55] 🔄 Identity reset
[19:58:55] 🔄 Identity rotated (every 10 requests)
[19:58:56] [101/458] ANCG
[19:58:57] [102/458] CGGC
[19:58:58] [103/458] CRJA
[19:58:59] [104/458] USCR
[19:59:00] [105/458] MMEF
[19:59:02] [106/458] JCRJ
[19:59:04] [107/458] ADCM
[19:59:05] [108/458] BMYK
[19:59:06] [109/458] KICS
[19:59:06] [110/458] MBBT
[19:59:07] 🔄 Identity reset
[19:59:07] 🔄 Identity rotated (every 10 requests)
[19:59:08] [111/458] MACK
[19:59:09] [112/458] CLDR
[19:59:10] [113/458] JYCR
[19:59:11] [114/458] DCRP
[19:59:12] [115/458] RAHT
[19:59:14] [116/458] CSSM
[19:59:14] [117/458] ATPK
[19:59:16] [118/458] KLRT
[19:59:17] [119/458] SRDD
[19:59:18] [120/458] CKMC
[19:59:19] 🔄 Identity reset
[19:59:19] 🔄 Identity rotated (every 10 requests)
[19:59:20] [121/458] KRVM
[19:59:21] [122/458] AKCP
[19:59:22] [123/458] CNCV
[19:59:23] [124/458] PACT
[19:59:24] [125/458] NATP
[19:59:25] [126/458] PCPK
[19:59:26] [127/458] SMHO
[19:59:27] [128/458] CWTK
[19:59:28] [129/458] RVKZ
[19:59:28] [130/458] ASPD
[19:59:29] 🔄 Identity reset
[19:59:29] 🔄 Identity rotated (every 10 requests)
[19:59:29] [131/458] VTKZ
[19:59:30] [132/458] LCSO
[19:59:31] [133/458] PRDY
[19:59:32] [134/458] RCAP
[19:59:33] [135/458] RGAR
[19:59:34] [136/458] RCAC
[19:59:35] [137/458] PMOD
[19:59:36] [138/458] PVCN
[19:59:37] [139/458] SCRZ
[19:59:38] [140/458] PVPC
[19:59:38] 🔄 Identity reset
[19:59:38] 🔄 Identity rotated (every 10 requests)
[19:59:39] [141/458] STID
[19:59:39] [142/458] NEDD
[19:59:40] [143/458] BNBA
[19:59:41] [144/458] NTCD
[19:59:42] [145/458] OCDE
[19:59:44] [146/458] CCDU
[19:59:45] [147/458] CRXH
[19:59:46] [148/458] VLVT
[19:59:47] [149/458] CICI
[19:59:48] [150/458] SUCB
[19:59:48] 🔄 Identity reset
[19:59:48] 🔄 Identity rotated (every 10 requests)
[19:59:49] [151/458] TCBP
[19:59:50] [152/458] SCCY
[19:59:51] [153/458] LXCY
[19:59:52] [154/458] NCMD
[19:59:53] [155/458] PHCS
[19:59:54] [156/458] DUXR
[19:59:55] [157/458] VNKS
[19:59:56] [158/458] SEDP
[19:59:58] [159/458] SVEN
[19:59:59] [160/458] SRKM
[19:59:59] 🔄 Identity reset
[19:59:59] 🔄 Identity rotated (every 10 requests)
[20:00:00] [161/458] JTLT
[20:00:01] [162/458] SVSS
[20:00:02] [163/458] AMDE
[20:00:04] [164/458] WVRN
[20:00:13] [165/458] ISMG
[20:00:15] [166/458] WVKS
[20:00:16] [167/458] USCG
[20:00:17] [168/458] IOTG
[20:00:21] [169/458] RRJM
[20:00:23] [170/458] EDMP
[20:00:24] 🔄 Identity reset
[20:00:24] 🔄 Identity rotated (every 10 requests)
[20:00:24] [171/458] SCGZ
[20:00:25] [172/458] GMGX
[20:00:26] [173/458] OMTP
[20:00:28] [174/458] MITD
[20:00:29] [175/458] SMMD
[20:00:29] [176/458] STML
[20:00:31] [177/458] MCFS
[20:00:32] [178/458] FPKA
[20:00:33] [179/458] OMLR
[20:00:34] [180/458] KKSC
[20:00:34] 🔄 Identity reset
[20:00:34] 🔄 Identity rotated (every 10 requests)
[20:00:35] [181/458] RVMA
[20:00:36] [182/458] SCLL
[20:00:37] [183/458] SCDK
[20:00:37] [184/458] SXMI
[20:00:38] [185/458] SHDN
[20:00:40] [186/458] PAAD
[20:00:41] [187/458] UUCB
[20:00:42] [188/458] JHOL
[20:00:44] [189/458] SGWT
[20:00:45] [190/458] SRII
[20:00:46] 🔄 Identity reset
[20:00:46] 🔄 Identity rotated (every 10 requests)
[20:00:46] [191/458] SGCK
[20:00:47] [192/458] SVVB
[20:00:48] [193/458] DMHA
[20:00:49] [194/458] PPNL
[20:00:50] [195/458] CPNL
[20:00:51] [196/458] WVLD
[20:00:52] [197/458] PSLV
[20:00:53] [198/458] VTTL
[20:00:54] [199/458] NPAD
[20:00:55] [200/458] PVCS
[20:00:56] 🔄 Identity reset
[20:00:56] 🔄 Identity rotated (every 10 requests)
[20:00:57] [201/458] MCHL
[20:00:58] [202/458] PPLL
[20:00:59] [203/458] MALO
[20:01:00] [204/458] SWBH
[20:01:01] [205/458] PUGB
[20:01:02] [206/458] INBB
[20:01:04] [207/458] INNS
[20:01:05] [208/458] MCPT
[20:01:06] [209/458] SCMI
[20:01:07] [210/458] OCON
[20:01:07] 🔄 Identity reset
[20:01:07] 🔄 Identity rotated (every 10 requests)
[20:01:08] [211/458] SCSM
[20:01:09] [212/458] RJVN
[20:01:09] [213/458] AMDK
[20:01:10] [214/458] ISMR
[20:01:11] [215/458] SMTD
[20:01:13] [216/458] VTDD
[20:01:26] 🔄 Retry 1/5 for VTDD in 2.4s
[20:01:26] 🔄 Identity reset
[20:01:28] 🧠 New identity created
[20:01:33] [217/458] PDDZ
[20:01:34] [218/458] PCCK
[20:01:35] [219/458] INAM
[20:01:36] 🔄 Identity reset
[20:01:36] 🔄 Identity rotated (every 10 requests)
[20:01:36] [220/458] FNKT
[20:01:38] [221/458] GDKA
[20:01:40] [222/458] MAYU
[20:01:41] [223/458] TCGU
[20:01:42] [224/458] KDCA
[20:01:43] [225/458] DOMY
[20:01:43] [226/458] PDDD
[20:01:44] [227/458] BJTS
[20:01:45] [228/458] VTCA
[20:01:47] [229/458] SBTM
[20:01:48] 🔄 Identity reset
[20:01:48] 🔄 Identity rotated (every 10 requests)
[20:01:48] [230/458] SEET
[20:01:49] [231/458] SSTJ
[20:01:50] [232/458] SVNT
[20:01:52] [233/458] PPPR
[20:01:53] [234/458] PVYS
[20:01:54] [235/458] IOSE
[20:01:55] [236/458] ACTV
[20:01:56] [237/458] APVE
[20:01:56] [238/458] TCCL
[20:01:58] [239/458] SCMO
[20:01:58] 🔄 Identity reset
[20:01:58] 🔄 Identity rotated (every 10 requests)
[20:02:00] [240/458] SAUM
[20:02:01] [241/458] KCJS
[20:02:02] [242/458] NJCJ
[20:02:03] [243/458] NECF
[20:02:04] [244/458] CCGW
[20:02:05] [245/458] CCMG
[20:02:06] [246/458] NYRG
[20:02:07] [247/458] NCSQ
[20:02:08] [248/458] GRCG
[20:02:09] [249/458] CCBT
[20:02:10] 🔄 Identity reset
[20:02:10] 🔄 Identity rotated (every 10 requests)
[20:02:10] [250/458] ACGA
[20:02:11] [251/458] INAG
[20:02:14] [252/458] FUCG
[20:02:16] [253/458] AICF
[20:02:16] [254/458] GRGA
[20:02:18] [255/458] GDCN
[20:02:20] [256/458] RRCG
[20:02:21] [257/458] SDCH
[20:02:22] [258/458] WVJM
[20:02:23] [259/458] JCCZ
[20:02:23] 🔄 Identity reset
[20:02:23] 🔄 Identity rotated (every 10 requests)
[20:02:24] [260/458] CNCL
[20:02:25] [261/458] TMLV
[20:02:25] [262/458] MEMB
[20:02:26] [263/458] SGTD
[20:02:27] [264/458] CONX
[20:02:28] [265/458] CCMH
[20:02:29] [266/458] ACMC
[20:02:30] [267/458] DTPD
[20:02:31] [268/458] POJA
[20:02:32] [269/458] FNBH
[20:02:33] 🔄 Identity reset
[20:02:33] 🔄 Identity rotated (every 10 requests)
[20:02:33] [270/458] CGCB
[20:02:34] [271/458] RACN
[20:02:35] [272/458] JTSM
[20:02:36] [273/458] SCDN
[20:02:37] [274/458] AACK
[20:02:38] [275/458] RMCE
[20:02:40] [276/458] BSGB
[20:02:41] [277/458] MRCB
[20:02:43] [278/458] SRVR
[20:02:44] [279/458] VTKK
[20:02:44] 🔄 Identity reset
[20:02:44] 🔄 Identity rotated (every 10 requests)
[20:02:45] [280/458] AMST
[20:02:46] [281/458] APCY
[20:02:47] [282/458] LMHO
[20:02:48] [283/458] MTZH
[20:02:49] [284/458] AMZB
[20:02:50] [285/458] SUVT
[20:02:51] [286/458] RCIP
[20:02:52] [287/458] KESR
[20:02:57] [288/458] SNKC
[20:02:58] [289/458] SCED
[20:02:58] 🔄 Identity reset
[20:02:58] 🔄 Identity rotated (every 10 requests)
[20:02:59] [290/458] DVCA
[20:03:00] [291/458] VCDT
[20:03:01] [292/458] RRDI
[20:03:02] [293/458] DFCH
[20:03:03] [294/458] INSC
[20:03:04] [295/458] RGTR
[20:03:05] [296/458] FMOT
[20:03:07] [297/458] SCPM
[20:03:08] [298/458] GCDT
[20:03:09] [299/458] BRKT
[20:03:10] 🔄 Identity reset
[20:03:10] 🔄 Identity rotated (every 10 requests)
[20:03:10] [300/458] DEMP
[20:03:11] [301/458] SRLC
[20:03:12] [302/458] KSTT
[20:03:13] [303/458] SMMT
[20:03:14] [304/458] SILM
[20:03:15] [305/458] JCVM
[20:03:16] [306/458] KCSV
[20:03:17] [307/458] MHLK
[20:03:20] [308/458] SLVL
[20:03:21] [309/458] RJKP
[20:03:21] 🔄 Identity reset
[20:03:21] 🔄 Identity rotated (every 10 requests)
[20:03:22] [310/458] BBPC
[20:03:23] [311/458] MXCB
[20:03:24] [312/458] TCPK
[20:03:25] [313/458] RTBR
[20:03:30] [314/458] GAUT
[20:03:31] [315/458] DVCF
[20:03:32] [316/458] JTSB
[20:03:34] [317/458] SBLS
[20:03:35] [318/458] UDAY
[20:03:36] [319/458] PTNP
[20:03:36] 🔄 Identity reset
[20:03:36] 🔄 Identity rotated (every 10 requests)
[20:03:37] [320/458] DMKT
[20:03:37] [321/458] NTDT
[20:03:39] [322/458] SHDJ
[20:03:40] [323/458] OTNC
[20:03:41] [324/458] RNTW
[20:03:43] [325/458] GCMI
[20:03:44] [326/458] CRCM
[20:03:45] [327/458] NNCZ
[20:03:46] [328/458] OEMO
[20:03:47] [329/458] PVJM
[20:03:48] 🔄 Identity reset
[20:03:48] 🔄 Identity rotated (every 10 requests)
[20:03:48] [330/458] CPJI
[20:03:49] [331/458] RMCJ
[20:03:52] [332/458] CNWJ
[20:03:53] [333/458] EPJM
[20:03:54] [334/458] FNJJ
[20:03:55] [335/458] GCMJ
[20:03:56] [336/458] INPS
[20:03:57] [337/458] BICJ
[20:03:58] [338/458] ISTJ
[20:03:59] [339/458] INJC
[20:03:59] 🔄 Identity reset
[20:03:59] 🔄 Identity rotated (every 10 requests)
[20:04:00] [340/458] GLXJ
[20:04:01] [341/458] INEM
[20:04:02] [342/458] JTMN
[20:04:04] [343/458] FRCJ
[20:04:05] [344/458] DDJP
[20:04:07] [345/458] INJV
[20:04:08] [346/458] GOLC
[20:04:09] [347/458] KOCI
[20:04:10] [348/458] FSTD
[20:04:11] [349/458] PACJ
[20:04:12] 🔄 Identity reset
[20:04:12] 🔄 Identity rotated (every 10 requests)
[20:04:12] [350/458] GMCN
[20:04:14] [351/458] MMDJ
[20:04:16] [352/458] GODH
[20:04:18] [353/458] SKYN
[20:04:19] [354/458] NCTH
[20:04:20] [355/458] SKVZ
[20:04:22] [356/458] SVML
[20:04:23] [357/458] ACVZ
[20:04:24] [358/458] SURA
[20:04:25] [359/458] RTRB
[20:04:26] 🔄 Identity reset
[20:04:26] 🔄 Identity rotated (every 10 requests)
[20:04:26] [360/458] LLCT
[20:04:27] [361/458] ATTS
[20:04:28] [362/458] JYCM
[20:04:29] [363/458] CTKR
[20:04:32] [364/458] LCKR
[20:04:34] [365/458] NYCV
[20:04:35] [366/458] NYOH
[20:04:36] [367/458] NOVX
[20:04:37] [368/458] MRGK
[20:04:38] [369/458] MOON
[20:04:38] 🔄 Identity reset
[20:04:38] 🔄 Identity rotated (every 10 requests)
[20:04:41] [370/458] SBUC
[20:04:43] [371/458] GSVA
[20:04:44] [372/458] VIAK
[20:04:45] [373/458] SMVZ
[20:04:46] [374/458] MATE
[20:04:47] [375/458] RDCN
[20:04:47] [376/458] ASBL
[20:04:49] [377/458] ASVS
[20:04:50] [378/458] ASSR
[20:04:51] [379/458] SSKN
[20:04:52] 🔄 Identity reset
[20:04:52] 🔄 Identity rotated (every 10 requests)
[20:04:52] [380/458] DRPV
[20:04:53] [381/458] MRHT
[20:04:54] [382/458] BSCN
[20:04:55] [383/458] RKNX
[20:04:56] [384/458] MSMC
[20:04:57] [385/458] MSCJ
[20:04:58] [386/458] BTBJ
[20:04:59] [387/458] MJCC
[20:05:00] [388/458] IOMM
[20:05:01] [389/458] ADGR
[20:05:01] 🔄 Identity reset
[20:05:01] 🔄 Identity rotated (every 10 requests)
[20:05:02] [390/458] MYCP
[20:05:05] [391/458] IGCM
[20:05:06] [392/458] PGRK
[20:05:07] [393/458] VPGO
[20:05:09] [394/458] KOMS
[20:05:10] [395/458] URGG
[20:05:11] [396/458] GOST
[20:05:12] [397/458] LACT
[20:05:13] [398/458] BWCM
[20:05:14] [399/458] NCCW
[20:05:14] 🔄 Identity reset
[20:05:14] 🔄 Identity rotated (every 10 requests)
[20:05:15] [400/458] SKYC
[20:05:16] [401/458] CCPM
[20:05:17] [402/458] VCBT
[20:05:18] [403/458] SDKR
[20:05:19] [404/458] CTYB
[20:05:20] [405/458] SHCX
[20:05:21] [406/458] RCUN
[20:05:22] [407/458] CNRA
[20:05:23] [408/458] RFCA
[20:05:24] [409/458] RDCU
[20:05:25] 🔄 Identity reset
[20:05:25] 🔄 Identity rotated (every 10 requests)
[20:05:26] [410/458] SARK
[20:05:28] [411/458] SPPP
[20:05:29] [412/458] ADMB
[20:05:30] [413/458] JYOE
[20:05:31] [414/458] SRMD
[20:05:32] [415/458] RJDH
[20:05:33] [416/458] SSTD
[20:05:33] [417/458] AACV
[20:05:34] [418/458] PPVD
[20:05:36] [419/458] STCP
[20:05:37] 🔄 Identity reset
[20:05:37] 🔄 Identity rotated (every 10 requests)
[20:05:38] [420/458] ANLS
[20:05:39] [421/458] BIJO
[20:05:39] [422/458] AVAB
[20:05:41] [423/458] SPMD
[20:05:42] [424/458] SVJL
[20:05:43] [425/458] SDDJ
[20:05:44] [426/458] SLTU
[20:05:45] [427/458] SAKA
[20:05:46] [428/458] PMAM
[20:05:48] [429/458] FNAM
[20:05:48] 🔄 Identity reset
[20:05:48] 🔄 Identity rotated (every 10 requests)
[20:05:50] [430/458] ACAM
[20:05:52] [431/458] SCMM
[20:05:54] [432/458] PMAK
[20:05:55] [433/458] NYSA
[20:05:56] [434/458] FCPA
[20:05:57] [435/458] GDAN
[20:05:58] [436/458] RSCA
[20:06:00] [437/458] DMAN
[20:06:00] [438/458] DZCM
[20:06:01] [439/458] NSGL
[20:06:02] 🔄 Identity reset
[20:06:02] 🔄 Identity rotated (every 10 requests)
[20:06:02] [440/458] CCPP
[20:06:03] [441/458] PSMG
[20:06:04] [442/458] GSER
[20:06:05] [443/458] FCCT
[20:06:06] [444/458] FCTB
[20:06:07] [445/458] LCNK
[20:06:08] [446/458] SKTY
[20:06:09] [447/458] INAA
[20:06:11] [448/458] RCWN
[20:06:12] [449/458] VAIS
[20:06:13] 🔄 Identity reset
[20:06:13] 🔄 Identity rotated (every 10 requests)
[20:06:13] [450/458] CVMN
[20:06:14] [451/458] INTS
[20:06:15] [452/458] FRGS
[20:06:16] [453/458] DTCK
[20:06:17] [454/458] MCMH
[20:06:18] [455/458] ECRR
[20:06:19] [456/458] RLLP
[20:06:20] [457/458] CCSN
[20:06:21] [458/458] CCBA
[20:06:22] 🧹 Deduping shows
[20:06:22] ✅ DONE | Shows=565 | Movies=3
[01:26:48] 🚀 SCRIPT STARTED (enhanced anti‑detection)
[01:26:48] [1/458] MBDC
[01:26:48] 🧠 New identity created
[01:26:49] [2/458] CHKM
[01:26:50] [3/458] JTKZ
[01:26:51] [4/458] CMCT
[01:26:52] [5/458] ASHO
[01:26:53] [6/458] ECDG
[01:26:54] [7/458] SPAT
[01:26:55] [8/458] HILC
[01:26:55] [9/458] SPPH
[01:26:57] [10/458] SBHN
[01:26:58] 🔄 Identity reset
[01:26:58] 🔄 Identity rotated (every 10 requests)
[01:26:58] [11/458] RRCA
[01:26:59] [12/458] APAA
[01:27:00] [13/458] RAME
[01:27:01] [14/458] TMMS
[01:27:02] [15/458] BATK
[01:27:03] [16/458] LKOP
[01:27:03] [17/458] AMTT
[01:27:04] [18/458] PTGK
[01:27:05] [19/458] ANRS
[01:27:06] [20/458] VWBW
[01:27:07] 🔄 Identity reset
[01:27:07] 🔄 Identity rotated (every 10 requests)
[01:27:07] [21/458] SVFG
[01:27:08] [22/458] STAT
[01:27:09] [23/458] GDCV
[01:27:10] [24/458] VEBI
[01:27:10] [25/458] VDSS
[01:27:11] [26/458] NTHV
[01:27:12] [27/458] AOCH
[01:27:13] [28/458] KASR
[01:27:14] [29/458] AYCS
[01:27:14] [30/458] SHAI
[01:27:15] 🔄 Identity reset
[01:27:15] 🔄 Identity rotated (every 10 requests)
[01:27:16] [31/458] SKPE
[01:27:16] [32/458] SBTA
[01:27:17] [33/458] RTTD
[01:27:18] [34/458] CCJD
[01:27:19] [35/458] RSJJ
[01:27:20] [36/458] RKND
[01:27:21] [37/458] SVTX
[01:27:22] [38/458] BAKM
[01:27:23] [39/458] SVDC
[01:27:25] [40/458] MNCV
[01:27:25] 🔄 Identity reset
[01:27:25] 🔄 Identity rotated (every 10 requests)
[01:27:25] [41/458] SJGC
[01:27:26] [42/458] MTPK
[01:27:28] [43/458] GATP
[01:27:29] [44/458] ABTS
[01:27:30] [45/458] ABDE
[01:27:31] [46/458] RCNM
[01:27:32] [47/458] KTHV
[01:27:33] [48/458] MDGJ
[01:27:34] [49/458] SMLM
[01:27:35] [50/458] JTMA
[01:27:35] 🔄 Identity reset
[01:27:35] 🔄 Identity rotated (every 10 requests)
[01:27:36] [51/458] ACKP
[01:27:37] [52/458] SRTA
[01:27:38] [53/458] STAY
[01:27:39] [54/458] MAVO
[01:27:40] [55/458] APTS
[01:27:41] [56/458] OMEA
[01:27:42] [57/458] TTFD
[01:27:43] [58/458] MJCU
[01:27:44] [59/458] CXTE
[01:27:44] [60/458] CTPX
[01:27:45] 🔄 Identity reset
[01:27:45] 🔄 Identity rotated (every 10 requests)
[01:27:45] [61/458] ASSL
[01:27:46] [62/458] CMVB
[01:27:47] [63/458] VPUR
[01:27:49] [64/458] JJDA
[01:27:50] [65/458] INBL
[01:27:51] [66/458] BIKB
[01:27:52] [67/458] NTBB
[01:27:53] [68/458] GLOB
[01:27:54] [69/458] SNTB
[01:27:55] [70/458] CHGV
[01:27:55] 🔄 Identity reset
[01:27:55] 🔄 Identity rotated (every 10 requests)
[01:27:55] [71/458] SSBZ
[01:27:56] [72/458] PRDB
[01:27:57] [73/458] ISMT
[01:27:58] [74/458] MCSD
[01:27:59] [75/458] JBTT
[01:28:00] [76/458] GEKR
[01:28:01] [77/458] PVUN
[01:28:03] [78/458] NRTB
[01:28:04] [79/458] PRAA
[01:28:04] [80/458] PCBL
[01:28:05] 🔄 Identity reset
[01:28:05] 🔄 Identity rotated (every 10 requests)
[01:28:05] [81/458] PTCM
[01:28:06] [82/458] KHNN
[01:28:07] [83/458] OMJE
[01:28:08] [84/458] STGN
[01:28:09] [85/458] RPMS
[01:28:11] [86/458] NWAD
[01:28:11] [87/458] BLCK
[01:28:12] [88/458] SVAA
[01:28:13] [89/458] URVM
[01:28:14] [90/458] ANTM
[01:28:15] 🔄 Identity reset
[01:28:15] 🔄 Identity rotated (every 10 requests)
[01:28:15] [91/458] VJYM
[01:28:16] [92/458] MAZZ
[01:28:17] [93/458] CSHM
[01:28:19] [94/458] WGMH
[01:28:19] [95/458] SALN
[01:28:21] [96/458] BRTP
[01:28:22] [97/458] SVTA
[01:28:23] [98/458] SBTP
[01:28:23] [99/458] VLSS
[01:28:24] [100/458] SRJA
[01:28:25] 🔄 Identity reset
[01:28:25] 🔄 Identity rotated (every 10 requests)
[01:28:25] [101/458] ANCG
[01:28:26] [102/458] CGGC
[01:28:27] [103/458] CRJA
[01:28:28] [104/458] USCR
[01:28:29] [105/458] MMEF
[01:28:30] [106/458] JCRJ
[01:28:31] [107/458] ADCM
[01:28:32] [108/458] BMYK
[01:28:34] [109/458] KICS
[01:28:35] [110/458] MBBT
[01:28:35] 🔄 Identity reset
[01:28:35] 🔄 Identity rotated (every 10 requests)
[01:28:36] [111/458] MACK
[01:28:36] [112/458] CLDR
[01:28:37] [113/458] JYCR
[01:28:38] [114/458] DCRP
[01:28:39] [115/458] RAHT
[01:28:40] [116/458] CSSM
[01:28:41] [117/458] ATPK
[01:28:42] [118/458] KLRT
[01:28:43] [119/458] SRDD
[01:28:43] [120/458] CKMC
[01:28:44] 🔄 Identity reset
[01:28:44] 🔄 Identity rotated (every 10 requests)
[01:28:45] [121/458] KRVM
[01:28:46] [122/458] AKCP
[01:28:47] [123/458] CNCV
[01:28:48] [124/458] PACT
[01:28:48] [125/458] NATP
[01:28:49] [126/458] PCPK
[01:28:50] [127/458] SMHO
[01:28:51] [128/458] CWTK
[01:28:52] [129/458] RVKZ
[01:28:53] [130/458] ASPD
[01:28:54] 🔄 Identity reset
[01:28:54] 🔄 Identity rotated (every 10 requests)
[01:28:54] [131/458] VTKZ
[01:28:55] [132/458] LCSO
[01:28:56] [133/458] PRDY
[01:28:57] [134/458] RCAP
[01:28:58] [135/458] RGAR
[01:28:59] [136/458] RCAC
[01:29:00] [137/458] PMOD
[01:29:01] [138/458] PVCN
[01:29:02] [139/458] SCRZ
[01:29:03] [140/458] PVPC
[01:29:03] 🔄 Identity reset
[01:29:03] 🔄 Identity rotated (every 10 requests)
[01:29:04] [141/458] STID
[01:29:05] [142/458] NEDD
[01:29:07] [143/458] BNBA
[01:29:08] [144/458] NTCD
[01:29:08] [145/458] OCDE
[01:29:09] [146/458] CCDU
[01:29:10] [147/458] CRXH
[01:29:11] [148/458] VLVT
[01:29:12] [149/458] CICI
[01:29:13] [150/458] SUCB
[01:29:13] 🔄 Identity reset
[01:29:13] 🔄 Identity rotated (every 10 requests)
[01:29:14] [151/458] TCBP
[01:29:15] [152/458] SCCY
[01:29:16] [153/458] LXCY
[01:29:17] [154/458] NCMD
[01:29:18] [155/458] PHCS
[01:29:19] [156/458] DUXR
[01:29:21] [157/458] VNKS
[01:29:21] [158/458] SEDP
[01:29:22] [159/458] SVEN
[01:29:23] [160/458] SRKM
[01:29:24] 🔄 Identity reset
[01:29:24] 🔄 Identity rotated (every 10 requests)
[01:29:24] [161/458] JTLT
[01:29:25] [162/458] SVSS
[01:29:26] [163/458] AMDE
[01:29:26] [164/458] WVRN
[01:29:27] [165/458] ISMG
[01:29:28] [166/458] WVKS
[01:29:29] [167/458] USCG
[01:29:30] [168/458] IOTG
[01:29:32] [169/458] RRJM
[01:29:33] [170/458] EDMP
[01:29:33] 🔄 Identity reset
[01:29:33] 🔄 Identity rotated (every 10 requests)
[01:29:34] [171/458] SCGZ
[01:29:35] [172/458] GMGX
[01:29:36] [173/458] OMTP
[01:29:37] [174/458] MITD
[01:29:38] [175/458] SMMD
[01:29:38] [176/458] STML
[01:29:39] [177/458] MCFS
[01:29:41] [178/458] FPKA
[01:29:42] [179/458] OMLR
[01:29:43] [180/458] KKSC
[01:29:43] 🔄 Identity reset
[01:29:43] 🔄 Identity rotated (every 10 requests)
[01:29:43] [181/458] RVMA
[01:29:44] [182/458] SCLL
[01:29:45] [183/458] SCDK
[01:29:46] [184/458] SXMI
[01:29:47] [185/458] SHDN
[01:29:48] [186/458] PAAD
[01:29:49] [187/458] UUCB
[01:29:50] [188/458] JHOL
[01:29:50] [189/458] SGWT
[01:29:51] [190/458] SRII
[01:29:52] 🔄 Identity reset
[01:29:52] 🔄 Identity rotated (every 10 requests)
[01:29:52] [191/458] SGCK
[01:29:54] [192/458] SVVB
[01:29:56] [193/458] DMHA
[01:29:56] [194/458] PPNL
[01:29:57] [195/458] CPNL
[01:29:58] [196/458] WVLD
[01:29:59] [197/458] PSLV
[01:30:00] [198/458] VTTL
[01:30:01] [199/458] NPAD
[01:30:02] [200/458] PVCS
[01:30:03] 🔄 Identity reset
[01:30:03] 🔄 Identity rotated (every 10 requests)
[01:30:03] [201/458] MCHL
[01:30:04] [202/458] PPLL
[01:30:05] [203/458] MALO
[01:30:06] [204/458] SWBH
[01:30:07] [205/458] PUGB
[01:30:08] [206/458] INBB
[01:30:09] [207/458] INNS
[01:30:10] [208/458] MCPT
[01:30:11] [209/458] SCMI
[01:30:12] [210/458] OCON
[01:30:13] 🔄 Identity reset
[01:30:13] 🔄 Identity rotated (every 10 requests)
[01:30:13] [211/458] SCSM
[01:30:14] [212/458] RJVN
[01:30:15] [213/458] AMDK
[01:30:16] [214/458] ISMR
[01:30:17] [215/458] SMTD
[01:30:18] [216/458] VTDD
[01:30:19] [217/458] PDDZ
[01:30:20] [218/458] PCCK
[01:30:21] [219/458] INAM
[01:30:22] [220/458] FNKT
[01:30:23] 🔄 Identity reset
[01:30:23] 🔄 Identity rotated (every 10 requests)
[01:30:23] [221/458] GDKA
[01:30:24] [222/458] MAYU
[01:30:25] [223/458] TCGU
[01:30:26] [224/458] KDCA
[01:30:27] [225/458] DOMY
[01:30:28] [226/458] PDDD
[01:30:29] [227/458] BJTS
[01:30:29] [228/458] VTCA
[01:30:30] [229/458] SBTM
[01:30:31] [230/458] SEET
[01:30:32] 🔄 Identity reset
[01:30:32] 🔄 Identity rotated (every 10 requests)
[01:30:32] [231/458] SSTJ
[01:30:33] [232/458] SVNT
[01:30:34] [233/458] PPPR
[01:30:35] [234/458] PVYS
[01:30:36] [235/458] IOSE
[01:30:37] [236/458] ACTV
[01:30:38] [237/458] APVE
[01:30:39] [238/458] TCCL
[01:30:40] [239/458] SCMO
[01:30:41] [240/458] SAUM
[01:30:41] 🔄 Identity reset
[01:30:41] 🔄 Identity rotated (every 10 requests)
[01:30:42] [241/458] KCJS
[01:30:43] [242/458] NJCJ
[01:30:43] [243/458] NECF
[01:30:44] [244/458] CCGW
[01:30:45] [245/458] CCMG
[01:30:46] [246/458] NYRG
[01:30:47] [247/458] NCSQ
[01:30:48] [248/458] GRCG
[01:30:50] [249/458] CCBT
[01:30:52] [250/458] ACGA
[01:30:52] 🔄 Identity reset
[01:30:52] 🔄 Identity rotated (every 10 requests)
[01:30:53] [251/458] INAG
[01:30:53] [252/458] FUCG
[01:30:54] [253/458] AICF
[01:30:55] [254/458] GRGA
[01:30:56] [255/458] GDCN
[01:30:57] [256/458] RRCG
[01:30:58] [257/458] SDCH
[01:30:59] [258/458] WVJM
[01:31:01] [259/458] JCCZ
[01:31:02] [260/458] CNCL
[01:31:02] 🔄 Identity reset
[01:31:02] 🔄 Identity rotated (every 10 requests)
[01:31:03] [261/458] TMLV
[01:31:04] [262/458] MEMB
[01:31:05] [263/458] SGTD
[01:31:05] [264/458] CONX
[01:31:06] [265/458] CCMH
[01:31:07] [266/458] ACMC
[01:31:08] [267/458] DTPD
[01:31:09] [268/458] POJA
[01:31:10] [269/458] FNBH
[01:31:11] [270/458] CGCB
[01:31:12] 🔄 Identity reset
[01:31:12] 🔄 Identity rotated (every 10 requests)
[01:31:12] [271/458] RACN
[01:31:13] [272/458] JTSM
[01:31:14] [273/458] SCDN
[01:31:15] [274/458] AACK
[01:31:16] [275/458] RMCE
[01:31:16] [276/458] BSGB
[01:31:17] [277/458] MRCB
[01:31:18] [278/458] SRVR
[01:31:19] [279/458] VTKK
[01:31:20] [280/458] AMST
[01:31:21] 🔄 Identity reset
[01:31:21] 🔄 Identity rotated (every 10 requests)
[01:31:21] [281/458] APCY
[01:31:22] [282/458] LMHO
[01:31:23] [283/458] MTZH
[01:31:24] [284/458] AMZB
[01:31:25] [285/458] SUVT
[01:31:26] [286/458] RCIP
[01:31:27] [287/458] KESR
[01:31:28] [288/458] SNKC
[01:31:29] [289/458] SCED
[01:31:30] [290/458] DVCA
[01:31:31] 🔄 Identity reset
[01:31:31] 🔄 Identity rotated (every 10 requests)
[01:31:31] [291/458] VCDT
[01:31:32] [292/458] RRDI
[01:31:33] [293/458] DFCH
[01:31:34] [294/458] INSC
[01:31:35] [295/458] RGTR
[01:31:35] [296/458] FMOT
[01:31:36] [297/458] SCPM
[01:31:38] [298/458] GCDT
[01:31:38] [299/458] BRKT
[01:31:39] [300/458] DEMP
[01:31:40] 🔄 Identity reset
[01:31:40] 🔄 Identity rotated (every 10 requests)
[01:31:40] [301/458] SRLC
[01:31:41] [302/458] KSTT
[01:31:42] [303/458] SMMT
[01:31:43] [304/458] SILM
[01:31:45] [305/458] JCVM
[01:31:46] [306/458] KCSV
[01:31:46] [307/458] MHLK
[01:31:47] [308/458] SLVL
[01:31:49] [309/458] RJKP
[01:31:50] [310/458] BBPC
[01:31:51] 🔄 Identity reset
[01:31:51] 🔄 Identity rotated (every 10 requests)
[01:31:51] [311/458] MXCB
[01:31:53] [312/458] TCPK
[01:31:54] [313/458] RTBR
[01:31:54] [314/458] GAUT
[01:31:55] [315/458] DVCF
[01:31:56] [316/458] JTSB
[01:31:57] [317/458] SBLS
[01:31:58] [318/458] UDAY
[01:31:59] [319/458] PTNP
[01:32:00] [320/458] DMKT
[01:32:00] 🔄 Identity reset
[01:32:00] 🔄 Identity rotated (every 10 requests)
[01:32:01] [321/458] NTDT
[01:32:02] [322/458] SHDJ
[01:32:03] [323/458] OTNC
[01:32:03] [324/458] RNTW
[01:32:04] [325/458] GCMI
[01:32:05] [326/458] CRCM
[01:32:06] [327/458] NNCZ
[01:32:07] [328/458] OEMO
[01:32:08] [329/458] PVJM
[01:32:09] [330/458] CPJI
[01:32:10] 🔄 Identity reset
[01:32:10] 🔄 Identity rotated (every 10 requests)
[01:32:10] [331/458] RMCJ
[01:32:12] [332/458] CNWJ
[01:32:13] [333/458] EPJM
[01:32:13] [334/458] FNJJ
[01:32:14] [335/458] GCMJ
[01:32:15] [336/458] INPS
[01:32:16] [337/458] BICJ
[01:32:17] [338/458] ISTJ
[01:32:18] [339/458] INJC
[01:32:19] [340/458] GLXJ
[01:32:20] 🔄 Identity reset
[01:32:20] 🔄 Identity rotated (every 10 requests)
[01:32:20] [341/458] INEM
[01:32:22] [342/458] JTMN
[01:32:23] [343/458] FRCJ
[01:32:24] [344/458] DDJP
[01:32:25] [345/458] INJV
[01:32:26] [346/458] GOLC
[01:32:27] [347/458] KOCI
[01:32:28] [348/458] FSTD
[01:32:29] [349/458] PACJ
[01:32:30] [350/458] GMCN
[01:32:30] 🔄 Identity reset
[01:32:30] 🔄 Identity rotated (every 10 requests)
[01:32:31] [351/458] MMDJ
[01:32:32] [352/458] GODH
[01:32:32] [353/458] SKYN
[01:32:33] [354/458] NCTH
[01:32:34] [355/458] SKVZ
[01:32:35] [356/458] SVML
[01:32:36] [357/458] ACVZ
[01:32:37] [358/458] SURA
[01:32:38] [359/458] RTRB
[01:32:39] [360/458] LLCT
[01:32:40] 🔄 Identity reset
[01:32:40] 🔄 Identity rotated (every 10 requests)
[01:32:41] [361/458] ATTS
[01:32:42] [362/458] JYCM
[01:32:42] [363/458] CTKR
[01:32:43] [364/458] LCKR
[01:32:44] [365/458] NYCV
[01:32:45] [366/458] NYOH
[01:32:46] [367/458] NOVX
[01:32:47] [368/458] MRGK
[01:32:48] [369/458] MOON
[01:32:49] [370/458] SBUC
[01:32:49] 🔄 Identity reset
[01:32:49] 🔄 Identity rotated (every 10 requests)
[01:32:50] [371/458] GSVA
[01:32:51] [372/458] VIAK
[01:32:51] [373/458] SMVZ
[01:32:52] [374/458] MATE
[01:32:53] [375/458] RDCN
[01:32:54] [376/458] ASBL
[01:32:55] [377/458] ASVS
[01:32:56] [378/458] ASSR
[01:32:57] [379/458] SSKN
[01:32:58] [380/458] DRPV
[01:32:58] 🔄 Identity reset
[01:32:58] 🔄 Identity rotated (every 10 requests)
[01:32:58] [381/458] MRHT
[01:32:59] [382/458] BSCN
[01:33:00] [383/458] RKNX
[01:33:01] [384/458] MSMC
[01:33:02] [385/458] MSCJ
[01:33:03] [386/458] BTBJ
[01:33:04] [387/458] MJCC
[01:33:05] [388/458] IOMM
[01:33:05] [389/458] ADGR
[01:33:06] [390/458] MYCP
[01:33:07] 🔄 Identity reset
[01:33:07] 🔄 Identity rotated (every 10 requests)
[01:33:07] [391/458] IGCM
[01:33:08] [392/458] PGRK
[01:33:09] [393/458] VPGO
[01:33:10] [394/458] KOMS
[01:33:11] [395/458] URGG
[01:33:12] [396/458] GOST
[01:33:12] [397/458] LACT
[01:33:13] [398/458] BWCM
[01:33:14] [399/458] NCCW
[01:33:15] [400/458] SKYC
[01:33:16] 🔄 Identity reset
[01:33:16] 🔄 Identity rotated (every 10 requests)
[01:33:16] [401/458] CCPM
[01:33:17] [402/458] VCBT
[01:33:18] [403/458] SDKR
[01:33:19] [404/458] CTYB
[01:33:19] [405/458] SHCX
[01:33:20] [406/458] RCUN
[01:33:21] [407/458] CNRA
[01:33:22] [408/458] RFCA
[01:33:24] [409/458] RDCU
[01:33:25] [410/458] SARK
[01:33:26] 🔄 Identity reset
[01:33:26] 🔄 Identity rotated (every 10 requests)
[01:33:27] [411/458] SPPP
[01:33:28] [412/458] ADMB
[01:33:28] [413/458] JYOE
[01:33:29] [414/458] SRMD
[01:33:30] [415/458] RJDH
[01:33:31] [416/458] SSTD
[01:33:32] [417/458] AACV
[01:33:33] [418/458] PPVD
[01:33:34] [419/458] STCP
[01:33:34] [420/458] ANLS
[01:33:35] 🔄 Identity reset
[01:33:35] 🔄 Identity rotated (every 10 requests)
[01:33:35] [421/458] BIJO
[01:33:36] [422/458] AVAB
[01:33:37] [423/458] SPMD
[01:33:38] [424/458] SVJL
[01:33:39] [425/458] SDDJ
[01:33:40] [426/458] SLTU
[01:33:40] [427/458] SAKA
[01:33:41] [428/458] PMAM
[01:33:42] [429/458] FNAM
[01:33:43] [430/458] ACAM
[01:33:44] 🔄 Identity reset
[01:33:44] 🔄 Identity rotated (every 10 requests)
[01:33:44] [431/458] SCMM
[01:33:45] [432/458] PMAK
[01:33:46] [433/458] NYSA
[01:33:47] [434/458] FCPA
[01:33:48] [435/458] GDAN
[01:33:49] [436/458] RSCA
[01:33:50] [437/458] DMAN
[01:33:51] [438/458] DZCM
[01:33:52] [439/458] NSGL
[01:33:53] [440/458] CCPP
[01:33:54] 🔄 Identity reset
[01:33:54] 🔄 Identity rotated (every 10 requests)
[01:33:54] [441/458] PSMG
[01:33:55] [442/458] GSER
[01:33:56] [443/458] FCCT
[01:33:57] [444/458] FCTB
[01:33:57] [445/458] LCNK
[01:33:58] [446/458] SKTY
[01:33:59] [447/458] INAA
[01:34:01] [448/458] RCWN
[01:34:02] [449/458] VAIS
[01:34:03] [450/458] CVMN
[01:34:04] 🔄 Identity reset
[01:34:04] 🔄 Identity rotated (every 10 requests)
[01:34:04] [451/458] INTS
[01:34:06] [452/458] FRGS
[01:34:07] [453/458] DTCK
[01:34:08] [454/458] MCMH
[01:34:08] [455/458] ECRR
[01:34:09] [456/458] RLLP
[01:34:10] [457/458] CCSN
[01:34:11] [458/458] CCBA
[01:34:12] 🧹 Deduping shows
[01:34:12] ✅ DONE | Shows=583 | Movies=3
