[17:50:19] 🚀 SCRIPT STARTED (enhanced anti‑detection)
[17:50:19] [1/326] BSAT
[17:50:19] 🧠 New identity created
[17:50:20] [2/326] RSSM
[17:50:21] [3/326] GCTA
[17:50:22] [4/326] TOPN
[17:50:23] [5/326] MCUS
[17:50:25] [6/326] SHRL
[17:50:26] [7/326] UPTP
[17:50:27] [8/326] TMMP
[17:50:27] [9/326] DNRP
[17:50:28] [10/326] SRLT
[17:50:29] 🔄 Identity reset
[17:50:29] 🔄 Identity rotated (every 10 requests)
[17:50:29] [11/326] RCNS
[17:50:30] [12/326] DCBH
[17:50:31] [13/326] NAGJ
[17:50:32] [14/326] JVRC
[17:50:33] [15/326] KRJG
[17:50:33] [16/326] SRTJ
[17:50:34] [17/326] CMXM
[17:50:35] [18/326] STMI
[17:50:36] [19/326] SLST
[17:50:37] [20/326] DTCN
[17:50:38] 🔄 Identity reset
[17:50:38] 🔄 Identity rotated (every 10 requests)
[17:50:38] [21/326] STYN
[17:50:39] [22/326] SZVR
[17:50:40] [23/326] SRKO
[17:50:40] [24/326] JTGT
[17:50:41] [25/326] SVFD
[17:50:42] [26/326] SISD
[17:50:43] [27/326] ABDD
[17:50:44] [28/326] DRCA
[17:50:45] [29/326] AVCS
[17:50:46] [30/326] MVKH
[17:50:46] 🔄 Identity reset
[17:50:46] 🔄 Identity rotated (every 10 requests)
[17:50:46] [31/326] ACPR
[17:50:47] [32/326] STIP
[17:50:48] [33/326] MTRA
[17:50:49] [34/326] RMKH
[17:50:51] [35/326] NKRL
[17:50:52] [36/326] PCWN
[17:50:54] [37/326] BLMT
[17:50:54] [38/326] GDPG
[17:50:55] [39/326] SRMX
[17:50:56] [40/326] JACP
[17:50:56] 🔄 Identity reset
[17:50:56] 🔄 Identity rotated (every 10 requests)
[17:50:57] [41/326] CPSH
[17:50:58] [42/326] MCCD
[17:50:59] [43/326] ECGH
[17:50:59] [44/326] MKCK
[17:51:00] [45/326] SRMM
[17:51:01] [46/326] SKYR
[17:51:02] [47/326] PCKC
[17:51:03] [48/326] JCMA
[17:51:04] [49/326] BSMP
[17:51:05] [50/326] VSPA
[17:51:06] 🔄 Identity reset
[17:51:06] 🔄 Identity rotated (every 10 requests)
[17:51:06] [51/326] DJYA
[17:51:07] [52/326] DIMP
[17:51:07] [53/326] FXDR
[17:51:09] [54/326] SSRC
[17:51:10] [55/326] STHP
[17:51:10] [56/326] CPPD
[17:51:11] [57/326] FCLK
[17:51:12] [58/326] SCPP
[17:51:13] [59/326] DCMJ
[17:51:14] [60/326] RCCR
[17:51:15] 🔄 Identity reset
[17:51:15] 🔄 Identity rotated (every 10 requests)
[17:51:15] [61/326] INMT
[17:51:16] [62/326] LXTK
[17:51:16] [63/326] SRYK
[17:51:17] [64/326] SGDK
[17:51:18] [65/326] PPKA
[17:51:19] [66/326] SPKA
[17:51:20] [67/326] CGHH
[17:51:21] [68/326] DCJN
[17:51:22] [69/326] SRKV
[17:51:23] [70/326] SAJC
[17:51:24] 🔄 Identity reset
[17:51:24] 🔄 Identity rotated (every 10 requests)
[17:51:24] [71/326] SUSR
[17:51:25] [72/326] STYG
[17:51:26] [73/326] NTKP
[17:51:26] [74/326] AKTG
[17:51:28] [75/326] CGCM
[17:51:29] [76/326] TULC
[17:51:30] [77/326] NYYZ
[17:51:31] [78/326] NYBW
[17:51:32] [79/326] MACB
[17:51:33] [80/326] SLVT
[17:51:34] 🔄 Identity reset
[17:51:34] 🔄 Identity rotated (every 10 requests)
[17:51:34] [81/326] SANA
[17:51:35] [82/326] ACMR
[17:51:35] [83/326] CPKN
[17:51:37] [84/326] DLGK
[17:51:38] [85/326] CWCK
[17:51:39] [86/326] FDDH
[17:51:39] [87/326] MMMD
[17:51:41] [88/326] CMEH
[17:51:42] [89/326] GGGV
[17:51:43] [90/326] SPJL
[17:51:44] 🔄 Identity reset
[17:51:44] 🔄 Identity rotated (every 10 requests)
[17:51:44] [91/326] RCCD
[17:51:45] [92/326] STTZ
[17:51:46] [93/326] BTCF
[17:51:47] [94/326] TSTZ
[17:51:48] [95/326] IPMM
[17:51:49] [96/326] PMPW
[17:51:50] [97/326] PCMZ
[17:51:51] [98/326] ESEM
[17:51:52] [99/326] PIPO
[17:51:52] [100/326] MATK
[17:51:53] 🔄 Identity reset
[17:51:53] 🔄 Identity rotated (every 10 requests)
[17:51:53] [101/326] PGHM
[17:51:54] [102/326] CTSR
[17:51:55] [103/326] CYKR
[17:51:56] [104/326] MSCM
[17:51:57] [105/326] RFNP
[17:51:57] [106/326] PDCP
[17:51:58] [107/326] NPSE
[17:51:59] [108/326] MKML
[17:52:00] [109/326] FTDP
[17:52:01] [110/326] MMXA
[17:52:01] 🔄 Identity reset
[17:52:01] 🔄 Identity rotated (every 10 requests)
[17:52:02] [111/326] CEPO
[17:52:03] [112/326] CMVP
[17:52:04] [113/326] SGTH
[17:52:05] [114/326] SAYN
[17:52:06] [115/326] URVS
[17:52:07] [116/326] VJTN
[17:52:08] [117/326] BBYK
[17:52:08] [118/326] SHBO
[17:52:09] [119/326] VCMR
[17:52:11] [120/326] MACT
[17:52:12] 🔄 Identity reset
[17:52:12] 🔄 Identity rotated (every 10 requests)
[17:52:12] [121/326] JMNP
[17:52:13] [122/326] VICS
[17:52:14] [123/326] VCDA
[17:52:15] [124/326] GCMM
[17:52:16] [125/326] INVS
[17:52:16] [126/326] SCGM
[17:52:17] [127/326] PCDA
[17:52:18] [128/326] KDCT
[17:52:19] [129/326] JACS
[17:52:20] [130/326] GMMC
[17:52:21] 🔄 Identity reset
[17:52:21] 🔄 Identity rotated (every 10 requests)
[17:52:22] [131/326] AICM
[17:52:23] [132/326] TJCM
[17:52:23] [133/326] RMTI
[17:52:24] [134/326] SHAC
[17:52:25] [135/326] APJC
[17:52:26] [136/326] GCTG
[17:52:27] [137/326] SSMC
[17:52:28] [138/326] THRM
[17:52:28] [139/326] RBCT
[17:52:29] [140/326] DIKT
[17:52:30] 🔄 Identity reset
[17:52:30] 🔄 Identity rotated (every 10 requests)
[17:52:30] [141/326] MIDL
[17:52:31] [142/326] VCSN
[17:52:32] [143/326] SKTG
[17:52:33] [144/326] SMWC
[17:52:34] [145/326] MNKH
[17:52:35] [146/326] PIAT
[17:52:36] [147/326] LTTP
[17:52:37] [148/326] PTPU
[17:52:39] [149/326] ACMG
[17:52:39] [150/326] SHMM
[17:52:40] 🔄 Identity reset
[17:52:40] 🔄 Identity rotated (every 10 requests)
[17:52:40] [151/326] MCMN
[17:52:41] [152/326] GLDC
[17:52:42] [153/326] HOUT
[17:52:43] [154/326] SVRP
[17:52:44] [155/326] PVDN
[17:52:44] [156/326] SCPY
[17:52:45] [157/326] DTPY
[17:52:46] [158/326] GKCS
[17:52:47] [159/326] NCAM
[17:52:48] [160/326] BSRM
[17:52:48] 🔄 Identity reset
[17:52:48] 🔄 Identity rotated (every 10 requests)
[17:52:49] [161/326] RCLC
[17:52:50] [162/326] SKKD
[17:52:50] [163/326] ACHU
[17:52:51] [164/326] RSCF
[17:52:52] [165/326] IMSH
[17:52:53] [166/326] MACX
[17:52:54] [167/326] HMMW
[17:52:55] [168/326] JTCP
[17:52:56] [169/326] SREN
[17:52:57] [170/326] PJRR
[17:52:57] 🔄 Identity reset
[17:52:57] 🔄 Identity rotated (every 10 requests)
[17:52:58] [171/326] INAC
[17:52:59] [172/326] BMCA
[17:52:59] [173/326] SHCB
[17:53:00] [174/326] GABA
[17:53:01] [175/326] SBCT
[17:53:02] [176/326] GCMA
[17:53:03] [177/326] MYTK
[17:53:03] [178/326] INZS
[17:53:05] [179/326] RMIK
[17:53:06] [180/326] NYCH
[17:53:06] 🔄 Identity reset
[17:53:06] 🔄 Identity rotated (every 10 requests)
[17:53:06] [181/326] RAVE
[17:53:07] [182/326] PSXM
[17:53:08] [183/326] MCGP
[17:53:09] [184/326] PDDK
[17:53:10] [185/326] SPCK
[17:53:11] [186/326] MCRL
[17:53:12] [187/326] MHKT
[17:53:13] [188/326] ANRR
[17:53:13] [189/326] SAPK
[17:53:15] [190/326] NCUK
[17:53:15] 🔄 Identity reset
[17:53:15] 🔄 Identity rotated (every 10 requests)
[17:53:16] [191/326] JUGA
[17:53:16] [192/326] DBSC
[17:53:17] [193/326] LALK
[17:53:18] [194/326] GUCK
[17:53:19] [195/326] STSG
[17:53:20] [196/326] PPPZ
[17:53:21] [197/326] CNCY
[17:53:22] [198/326] MTAR
[17:53:23] [199/326] VNKD
[17:53:24] [200/326] KMAJ
[17:53:24] 🔄 Identity reset
[17:53:24] 🔄 Identity rotated (every 10 requests)
[17:53:25] [201/326] ACXK
[17:53:26] [202/326] UTKC
[17:53:27] [203/326] PBLK
[17:53:28] [204/326] ACBX
[17:53:28] [205/326] PTGM
[17:53:29] [206/326] BTDA
[17:53:30] [207/326] PJMB
[17:53:31] [208/326] TPDA
[17:53:32] [209/326] AMOE
[17:53:33] [210/326] PRHT
[17:53:34] 🔄 Identity reset
[17:53:34] 🔄 Identity rotated (every 10 requests)
[17:53:34] [211/326] PRTA
[17:53:35] [212/326] STAM
[17:53:36] [213/326] MSAA
[17:53:37] [214/326] SDLU
[17:53:38] [215/326] RCHH
[17:53:38] [216/326] KANT
[17:53:39] [217/326] FCRT
[17:53:40] [218/326] DNKM
[17:53:41] [219/326] RYCP
[17:53:42] [220/326] MYRP
[17:53:42] 🔄 Identity reset
[17:53:42] 🔄 Identity rotated (every 10 requests)
[17:53:43] [221/326] PPAK
[17:53:44] [222/326] NVPK
[17:53:44] [223/326] PRMC
[17:53:45] [224/326] JBCS
[17:53:46] [225/326] GXCK
[17:53:47] [226/326] USKO
[17:53:48] [227/326] GTEM
[17:53:49] [228/326] SMBU
[17:53:50] [229/326] VETC
[17:53:51] [230/326] LCDA
[17:53:51] 🔄 Identity reset
[17:53:51] 🔄 Identity rotated (every 10 requests)
[17:53:52] [231/326] MTVT
[17:53:53] [232/326] PYCP
[17:53:54] [233/326] PNSC
[17:53:55] [234/326] PPCC
[17:53:56] [235/326] TGRT
[17:53:56] [236/326] JYOT
[17:53:57] [237/326] SRCZ
[17:53:58] [238/326] SJTE
[17:53:59] [239/326] DESC
[17:54:01] [240/326] JHVN
[17:54:01] 🔄 Identity reset
[17:54:01] 🔄 Identity rotated (every 10 requests)
[17:54:02] [241/326] IPSG
[17:54:03] [242/326] IPCM
[17:54:03] [243/326] PDRS
[17:54:04] [244/326] ANCV
[17:54:05] [245/326] CMVV
[17:54:06] [246/326] SHYP
[17:54:07] [247/326] DNCS
[17:54:08] [248/326] GAJK
[17:54:09] [249/326] AKTN
[17:54:10] [250/326] KAYA
[17:54:11] 🔄 Identity reset
[17:54:11] 🔄 Identity rotated (every 10 requests)
[17:54:11] [251/326] SBRC
[17:54:12] [252/326] CHTP
[17:54:13] [253/326] SHRT
[17:54:14] [254/326] BCKU
[17:54:15] [255/326] FCPS
[17:54:16] [256/326] ARDD
[17:54:17] [257/326] CPCM
[17:54:18] [258/326] CGSM
[17:54:19] [259/326] PSMP
[17:54:20] [260/326] SDAL
[17:54:20] 🔄 Identity reset
[17:54:20] 🔄 Identity rotated (every 10 requests)
[17:54:20] [261/326] RTNB
[17:54:21] [262/326] LMCR
[17:54:22] [263/326] CIMA
[17:54:23] [264/326] RNAS
[17:54:24] [265/326] LITH
[17:54:25] [266/326] PBOX
[17:54:25] [267/326] FRTS
[17:54:26] [268/326] RKIC
[17:54:27] [269/326] PTAI
[17:54:28] [270/326] GCIC
[17:54:28] 🔄 Identity reset
[17:54:28] 🔄 Identity rotated (every 10 requests)
[17:54:29] [271/326] FNAS
[17:54:30] [272/326] SCAR
[17:54:31] [273/326] MTCA
[17:54:31] [274/326] SCTS
[17:54:32] [275/326] SYCS
[17:54:33] [276/326] RDMS
[17:54:34] [277/326] KAMP
[17:54:35] [278/326] ERSD
[17:54:36] [279/326] MJMJ
[17:54:37] [280/326] SRCJ
[17:54:37] 🔄 Identity reset
[17:54:37] 🔄 Identity rotated (every 10 requests)
[17:54:37] [281/326] SCXE
[17:54:38] [282/326] SVFR
[17:54:39] [283/326] BHCS
[17:54:40] [284/326] IMCC
[17:54:41] [285/326] PCBO
[17:54:42] [286/326] PRVN
[17:54:43] [287/326] AUPM
[17:54:44] [288/326] INBW
[17:54:45] [289/326] SVCW
[17:54:46] [290/326] RKCF
[17:54:47] 🔄 Identity reset
[17:54:47] 🔄 Identity rotated (every 10 requests)
[17:54:47] [291/326] UVBH
[17:54:48] [292/326] DNCY
[17:54:48] [293/326] ABCN
[17:54:49] [294/326] PRUR
[17:54:50] [295/326] PFMR
[17:54:52] [296/326] RKCN
[17:54:53] [297/326] CFEA
[17:54:53] [298/326] SDBG
[17:54:54] [299/326] SNAR
[17:54:55] [300/326] YISI
[17:54:56] 🔄 Identity reset
[17:54:56] 🔄 Identity rotated (every 10 requests)
[17:54:56] [301/326] JCFF
[17:54:57] [302/326] VTRK
[17:54:59] [303/326] PCLZ
[17:55:00] [304/326] DIMY
[17:55:01] [305/326] BBTS
[17:55:02] [306/326] GATH
[17:55:02] [307/326] GTMN
[17:55:03] [308/326] VTMH
[17:55:04] [309/326] CCKP
[17:55:05] [310/326] GPKA
[17:55:06] 🔄 Identity reset
[17:55:06] 🔄 Identity rotated (every 10 requests)
[17:55:06] [311/326] MHCL
[17:55:07] [312/326] ATCL
[17:55:08] [313/326] SBCK
[17:55:09] [314/326] AMMR
[17:55:10] [315/326] MADC
[17:55:11] [316/326] TMMA
[17:55:12] [317/326] CACC
[17:55:13] [318/326] CHAL
[17:55:13] [319/326] DURG
[17:55:14] [320/326] GMKU
[17:55:15] 🔄 Identity reset
[17:55:15] 🔄 Identity rotated (every 10 requests)
[17:55:15] [321/326] GECA
[17:55:16] [322/326] KYRR
[17:55:17] [323/326] KSDE
[17:55:18] [324/326] LMCI
[17:55:18] [325/326] NKCP
[17:55:19] [326/326] BGTC
[17:55:20] 🧹 Deduping shows
[17:55:20] ✅ DONE | Shows=32 | Movies=1
[18:58:25] 🚀 SCRIPT STARTED (enhanced anti‑detection)
[18:58:25] [1/326] BSAT
[18:58:26] 🧠 New identity created
[18:58:27] [2/326] RSSM
[18:58:28] [3/326] GCTA
[18:58:29] [4/326] TOPN
[18:58:30] [5/326] MCUS
[18:58:31] [6/326] SHRL
[18:58:32] [7/326] UPTP
[18:58:33] [8/326] TMMP
[18:58:34] [9/326] DNRP
[18:58:35] [10/326] SRLT
[18:58:35] 🔄 Identity reset
[18:58:35] 🔄 Identity rotated (every 10 requests)
[18:58:36] [11/326] RCNS
[18:58:36] [12/326] DCBH
[18:58:38] [13/326] NAGJ
[18:58:39] [14/326] JVRC
[18:58:40] [15/326] KRJG
[18:58:41] [16/326] SRTJ
[18:58:42] [17/326] CMXM
[18:58:42] [18/326] STMI
[18:58:44] [19/326] SLST
[18:58:45] [20/326] DTCN
[18:58:46] 🔄 Identity reset
[18:58:46] 🔄 Identity rotated (every 10 requests)
[18:58:46] [21/326] STYN
[18:58:47] [22/326] SZVR
[18:58:48] [23/326] SRKO
[18:58:49] [24/326] JTGT
[18:58:50] [25/326] SVFD
[18:58:51] [26/326] SISD
[18:58:51] [27/326] ABDD
[18:58:52] [28/326] DRCA
[18:58:53] [29/326] AVCS
[18:58:54] [30/326] MVKH
[18:58:55] 🔄 Identity reset
[18:58:55] 🔄 Identity rotated (every 10 requests)
[18:58:55] [31/326] ACPR
[18:58:56] [32/326] STIP
[18:58:58] [33/326] MTRA
[18:58:58] [34/326] RMKH
[18:58:59] [35/326] NKRL
[18:59:00] [36/326] PCWN
[18:59:01] [37/326] BLMT
[18:59:02] [38/326] GDPG
[18:59:03] [39/326] SRMX
[18:59:04] [40/326] JACP
[18:59:05] 🔄 Identity reset
[18:59:05] 🔄 Identity rotated (every 10 requests)
[18:59:05] [41/326] CPSH
[18:59:06] [42/326] MCCD
[18:59:07] [43/326] ECGH
[18:59:08] [44/326] MKCK
[18:59:09] [45/326] SRMM
[18:59:10] [46/326] SKYR
[18:59:10] [47/326] PCKC
[18:59:11] [48/326] JCMA
[18:59:12] [49/326] BSMP
[18:59:13] [50/326] VSPA
[18:59:14] 🔄 Identity reset
[18:59:14] 🔄 Identity rotated (every 10 requests)
[18:59:14] [51/326] DJYA
[18:59:15] [52/326] DIMP
[18:59:16] [53/326] FXDR
[18:59:16] [54/326] SSRC
[18:59:17] [55/326] STHP
[18:59:18] [56/326] CPPD
[18:59:19] [57/326] FCLK
[18:59:20] [58/326] SCPP
[18:59:21] [59/326] DCMJ
[18:59:22] [60/326] RCCR
[18:59:23] 🔄 Identity reset
[18:59:23] 🔄 Identity rotated (every 10 requests)
[18:59:23] [61/326] INMT
[18:59:24] [62/326] LXTK
[18:59:25] [63/326] SRYK
[18:59:26] [64/326] SGDK
[18:59:27] [65/326] PPKA
[18:59:28] [66/326] SPKA
[18:59:29] [67/326] CGHH
[18:59:30] [68/326] DCJN
[18:59:30] [69/326] SRKV
[18:59:31] [70/326] SAJC
[18:59:32] 🔄 Identity reset
[18:59:32] 🔄 Identity rotated (every 10 requests)
[18:59:32] [71/326] SUSR
[18:59:33] [72/326] STYG
[18:59:34] [73/326] NTKP
[18:59:34] [74/326] AKTG
[18:59:35] [75/326] CGCM
[18:59:36] [76/326] TULC
[18:59:37] [77/326] NYYZ
[18:59:38] [78/326] NYBW
[18:59:39] [79/326] MACB
[18:59:40] [80/326] SLVT
[18:59:41] 🔄 Identity reset
[18:59:41] 🔄 Identity rotated (every 10 requests)
[18:59:42] [81/326] SANA
[18:59:42] [82/326] ACMR
[18:59:43] [83/326] CPKN
[18:59:44] [84/326] DLGK
[18:59:45] [85/326] CWCK
[18:59:46] [86/326] FDDH
[18:59:46] [87/326] MMMD
[18:59:47] [88/326] CMEH
[18:59:48] [89/326] GGGV
[18:59:49] [90/326] SPJL
[18:59:50] 🔄 Identity reset
[18:59:50] 🔄 Identity rotated (every 10 requests)
[18:59:50] [91/326] RCCD
[18:59:51] [92/326] STTZ
[18:59:52] [93/326] BTCF
[18:59:52] [94/326] TSTZ
[18:59:53] [95/326] IPMM
[18:59:55] [96/326] PMPW
[18:59:56] [97/326] PCMZ
[18:59:57] [98/326] ESEM
[18:59:57] [99/326] PIPO
[18:59:58] [100/326] MATK
[18:59:59] 🔄 Identity reset
[18:59:59] 🔄 Identity rotated (every 10 requests)
[18:59:59] [101/326] PGHM
[19:00:00] [102/326] CTSR
[19:00:01] [103/326] CYKR
[19:00:02] [104/326] MSCM
[19:00:03] [105/326] RFNP
[19:00:04] [106/326] PDCP
[19:00:05] [107/326] NPSE
[19:00:06] [108/326] MKML
[19:00:07] [109/326] FTDP
[19:00:08] [110/326] MMXA
[19:00:09] 🔄 Identity reset
[19:00:09] 🔄 Identity rotated (every 10 requests)
[19:00:09] [111/326] CEPO
[19:00:10] [112/326] CMVP
[19:00:11] [113/326] SGTH
[19:00:13] [114/326] SAYN
[19:00:13] [115/326] URVS
[19:00:15] [116/326] VJTN
[19:00:16] [117/326] BBYK
[19:00:17] [118/326] SHBO
[19:00:18] [119/326] VCMR
[19:00:19] [120/326] MACT
[19:00:20] 🔄 Identity reset
[19:00:20] 🔄 Identity rotated (every 10 requests)
[19:00:20] [121/326] JMNP
[19:00:22] [122/326] VICS
[19:00:23] [123/326] VCDA
[19:00:24] [124/326] GCMM
[19:00:26] [125/326] INVS
[19:00:27] [126/326] SCGM
[19:00:27] [127/326] PCDA
[19:00:28] [128/326] KDCT
[19:00:30] [129/326] JACS
[19:00:31] [130/326] GMMC
[19:00:31] 🔄 Identity reset
[19:00:31] 🔄 Identity rotated (every 10 requests)
[19:00:32] [131/326] AICM
[19:00:33] [132/326] TJCM
[19:00:34] [133/326] RMTI
[19:00:35] [134/326] SHAC
[19:00:36] [135/326] APJC
[19:00:37] [136/326] GCTG
[19:00:38] [137/326] SSMC
[19:00:39] [138/326] THRM
[19:00:40] [139/326] RBCT
[19:00:40] [140/326] DIKT
[19:00:41] 🔄 Identity reset
[19:00:41] 🔄 Identity rotated (every 10 requests)
[19:00:41] [141/326] MIDL
[19:00:42] [142/326] VCSN
[19:00:43] [143/326] SKTG
[19:00:44] [144/326] SMWC
[19:00:45] [145/326] MNKH
[19:00:46] [146/326] PIAT
[19:00:46] [147/326] LTTP
[19:00:47] [148/326] PTPU
[19:00:48] [149/326] ACMG
[19:00:49] [150/326] SHMM
[19:00:50] 🔄 Identity reset
[19:00:50] 🔄 Identity rotated (every 10 requests)
[19:00:50] [151/326] MCMN
[19:00:51] [152/326] GLDC
[19:00:52] [153/326] HOUT
[19:00:53] [154/326] SVRP
[19:00:54] [155/326] PVDN
[19:00:55] [156/326] SCPY
[19:00:56] [157/326] DTPY
[19:00:57] [158/326] GKCS
[19:00:58] [159/326] NCAM
[19:00:59] [160/326] BSRM
[19:00:59] 🔄 Identity reset
[19:00:59] 🔄 Identity rotated (every 10 requests)
[19:01:00] [161/326] RCLC
[19:01:01] [162/326] SKKD
[19:01:02] [163/326] ACHU
[19:01:02] [164/326] RSCF
[19:01:03] [165/326] IMSH
[19:01:04] [166/326] MACX
[19:01:05] [167/326] HMMW
[19:01:07] [168/326] JTCP
[19:01:07] [169/326] SREN
[19:01:08] [170/326] PJRR
[19:01:09] 🔄 Identity reset
[19:01:09] 🔄 Identity rotated (every 10 requests)
[19:01:09] [171/326] INAC
[19:01:10] [172/326] BMCA
[19:01:11] [173/326] SHCB
[19:01:12] [174/326] GABA
[19:01:14] [175/326] SBCT
[19:01:15] [176/326] GCMA
[19:01:16] [177/326] MYTK
[19:01:17] [178/326] INZS
[19:01:18] [179/326] RMIK
[19:01:19] [180/326] NYCH
[19:01:19] 🔄 Identity reset
[19:01:19] 🔄 Identity rotated (every 10 requests)
[19:01:20] [181/326] RAVE
[19:01:21] [182/326] PSXM
[19:01:21] [183/326] MCGP
[19:01:22] [184/326] PDDK
[19:01:24] [185/326] SPCK
[19:01:25] [186/326] MCRL
[19:01:26] [187/326] MHKT
[19:01:27] [188/326] ANRR
[19:01:28] [189/326] SAPK
[19:01:29] [190/326] NCUK
[19:01:29] 🔄 Identity reset
[19:01:29] 🔄 Identity rotated (every 10 requests)
[19:01:30] [191/326] JUGA
[19:01:31] [192/326] DBSC
[19:01:31] [193/326] LALK
[19:01:32] [194/326] GUCK
[19:01:34] [195/326] STSG
[19:01:34] [196/326] PPPZ
[19:01:35] [197/326] CNCY
[19:01:37] [198/326] MTAR
[19:01:39] [199/326] VNKD
[19:01:39] [200/326] KMAJ
[19:01:40] 🔄 Identity reset
[19:01:40] 🔄 Identity rotated (every 10 requests)
[19:01:40] [201/326] ACXK
[19:01:42] [202/326] UTKC
[19:01:43] [203/326] PBLK
[19:01:43] [204/326] ACBX
[19:01:44] [205/326] PTGM
[19:01:45] [206/326] BTDA
[19:01:46] [207/326] PJMB
[19:01:47] [208/326] TPDA
[19:01:48] [209/326] AMOE
[19:01:48] [210/326] PRHT
[19:01:49] 🔄 Identity reset
[19:01:49] 🔄 Identity rotated (every 10 requests)
[19:01:50] [211/326] PRTA
[19:01:50] [212/326] STAM
[19:01:51] [213/326] MSAA
[19:01:52] [214/326] SDLU
[19:01:53] [215/326] RCHH
[19:01:54] [216/326] KANT
[19:01:55] [217/326] FCRT
[19:01:56] [218/326] DNKM
[19:01:56] [219/326] RYCP
[19:01:57] [220/326] MYRP
[19:01:58] 🔄 Identity reset
[19:01:58] 🔄 Identity rotated (every 10 requests)
[19:01:59] [221/326] PPAK
[19:01:59] [222/326] NVPK
[19:02:00] [223/326] PRMC
[19:02:01] [224/326] JBCS
[19:02:02] [225/326] GXCK
[19:02:03] [226/326] USKO
[19:02:04] [227/326] GTEM
[19:02:05] [228/326] SMBU
[19:02:06] [229/326] VETC
[19:02:07] [230/326] LCDA
[19:02:07] 🔄 Identity reset
[19:02:07] 🔄 Identity rotated (every 10 requests)
[19:02:08] [231/326] MTVT
[19:02:10] [232/326] PYCP
[19:02:11] [233/326] PNSC
[19:02:11] [234/326] PPCC
[19:02:12] [235/326] TGRT
[19:02:14] [236/326] JYOT
[19:02:15] [237/326] SRCZ
[19:02:16] [238/326] SJTE
[19:02:17] [239/326] DESC
[19:02:18] [240/326] JHVN
[19:02:18] 🔄 Identity reset
[19:02:18] 🔄 Identity rotated (every 10 requests)
[19:02:19] [241/326] IPSG
[19:02:20] [242/326] IPCM
[19:02:20] [243/326] PDRS
[19:02:21] [244/326] ANCV
[19:02:22] [245/326] CMVV
[19:02:23] [246/326] SHYP
[19:02:24] [247/326] DNCS
[19:02:25] [248/326] GAJK
[19:02:26] [249/326] AKTN
[19:02:27] [250/326] KAYA
[19:02:28] 🔄 Identity reset
[19:02:28] 🔄 Identity rotated (every 10 requests)
[19:02:28] [251/326] SBRC
[19:02:29] [252/326] CHTP
[19:02:30] [253/326] SHRT
[19:02:31] [254/326] BCKU
[19:02:32] [255/326] FCPS
[19:02:33] [256/326] ARDD
[19:02:34] [257/326] CPCM
[19:02:35] [258/326] CGSM
[19:02:36] [259/326] PSMP
[19:02:38] [260/326] SDAL
[19:02:38] 🔄 Identity reset
[19:02:38] 🔄 Identity rotated (every 10 requests)
[19:02:39] [261/326] RTNB
[19:02:39] [262/326] LMCR
[19:02:40] [263/326] CIMA
[19:02:41] [264/326] RNAS
[19:02:42] [265/326] LITH
[19:02:43] [266/326] PBOX
[19:02:44] [267/326] FRTS
[19:02:45] [268/326] RKIC
[19:02:46] [269/326] PTAI
[19:02:47] [270/326] GCIC
[19:02:48] 🔄 Identity reset
[19:02:48] 🔄 Identity rotated (every 10 requests)
[19:02:48] [271/326] FNAS
[19:02:49] [272/326] SCAR
[19:02:50] [273/326] MTCA
[19:02:52] [274/326] SCTS
[19:02:52] [275/326] SYCS
[19:02:54] [276/326] RDMS
[19:02:55] [277/326] KAMP
[19:02:56] [278/326] ERSD
[19:02:57] [279/326] MJMJ
[19:02:58] [280/326] SRCJ
[19:02:58] 🔄 Identity reset
[19:02:58] 🔄 Identity rotated (every 10 requests)
[19:02:59] [281/326] SCXE
[19:02:59] [282/326] SVFR
[19:03:01] [283/326] BHCS
[19:03:02] [284/326] IMCC
[19:03:03] [285/326] PCBO
[19:03:03] [286/326] PRVN
[19:03:04] [287/326] AUPM
[19:03:05] [288/326] INBW
[19:03:06] [289/326] SVCW
[19:03:07] [290/326] RKCF
[19:03:08] 🔄 Identity reset
[19:03:08] 🔄 Identity rotated (every 10 requests)
[19:03:08] [291/326] UVBH
[19:03:09] [292/326] DNCY
[19:03:10] [293/326] ABCN
[19:03:11] [294/326] PRUR
[19:03:12] [295/326] PFMR
[19:03:13] [296/326] RKCN
[19:03:14] [297/326] CFEA
[19:03:15] [298/326] SDBG
[19:03:15] [299/326] SNAR
[19:03:16] [300/326] YISI
[19:03:17] 🔄 Identity reset
[19:03:17] 🔄 Identity rotated (every 10 requests)
[19:03:17] [301/326] JCFF
[19:03:18] [302/326] VTRK
[19:03:19] [303/326] PCLZ
[19:03:20] [304/326] DIMY
[19:03:21] [305/326] BBTS
[19:03:22] [306/326] GATH
[19:03:23] [307/326] GTMN
[19:03:23] [308/326] VTMH
[19:03:24] [309/326] CCKP
[19:03:25] [310/326] GPKA
[19:03:26] 🔄 Identity reset
[19:03:26] 🔄 Identity rotated (every 10 requests)
[19:03:26] [311/326] MHCL
[19:03:27] [312/326] ATCL
[19:03:28] [313/326] SBCK
[19:03:29] [314/326] AMMR
[19:03:30] [315/326] MADC
[19:03:31] [316/326] TMMA
[19:03:32] [317/326] CACC
[19:03:32] [318/326] CHAL
[19:03:33] [319/326] DURG
[19:03:34] [320/326] GMKU
[19:03:35] 🔄 Identity reset
[19:03:35] 🔄 Identity rotated (every 10 requests)
[19:03:35] [321/326] GECA
[19:03:36] [322/326] KYRR
[19:03:37] [323/326] KSDE
[19:03:38] [324/326] LMCI
[19:03:39] [325/326] NKCP
[19:03:40] [326/326] BGTC
[19:03:41] 🧹 Deduping shows
[19:03:41] ✅ DONE | Shows=189 | Movies=1
[20:12:37] 🚀 SCRIPT STARTED (enhanced anti‑detection)
[20:12:37] [1/326] BSAT
[20:12:37] 🧠 New identity created
[20:12:38] [2/326] RSSM
[20:12:38] [3/326] GCTA
[20:12:39] [4/326] TOPN
[20:12:40] [5/326] MCUS
[20:12:41] [6/326] SHRL
[20:12:42] [7/326] UPTP
[20:12:43] [8/326] TMMP
[20:12:44] [9/326] DNRP
[20:12:46] [10/326] SRLT
[20:12:46] 🔄 Identity reset
[20:12:47] 🔄 Identity rotated (every 10 requests)
[20:12:47] [11/326] RCNS
[20:12:48] [12/326] DCBH
[20:12:49] [13/326] NAGJ
[20:12:49] [14/326] JVRC
[20:12:50] [15/326] KRJG
[20:12:51] [16/326] SRTJ
[20:12:52] [17/326] CMXM
[20:12:54] [18/326] STMI
[20:12:56] [19/326] SLST
[20:12:57] [20/326] DTCN
[20:12:57] 🔄 Identity reset
[20:12:57] 🔄 Identity rotated (every 10 requests)
[20:12:58] [21/326] STYN
[20:12:59] [22/326] SZVR
[20:12:59] [23/326] SRKO
[20:13:00] [24/326] JTGT
[20:13:01] [25/326] SVFD
[20:13:02] [26/326] SISD
[20:13:03] [27/326] ABDD
[20:13:04] [28/326] DRCA
[20:13:05] [29/326] AVCS
[20:13:06] [30/326] MVKH
[20:13:07] 🔄 Identity reset
[20:13:07] 🔄 Identity rotated (every 10 requests)
[20:13:07] [31/326] ACPR
[20:13:08] [32/326] STIP
[20:13:09] [33/326] MTRA
[20:13:10] [34/326] RMKH
[20:13:11] [35/326] NKRL
[20:13:12] [36/326] PCWN
[20:13:13] [37/326] BLMT
[20:13:14] [38/326] GDPG
[20:13:15] [39/326] SRMX
[20:13:16] [40/326] JACP
[20:13:16] 🔄 Identity reset
[20:13:16] 🔄 Identity rotated (every 10 requests)
[20:13:16] [41/326] CPSH
[20:13:17] [42/326] MCCD
[20:13:18] [43/326] ECGH
[20:13:19] [44/326] MKCK
[20:13:20] [45/326] SRMM
[20:13:21] [46/326] SKYR
[20:13:21] [47/326] PCKC
[20:13:22] [48/326] JCMA
[20:13:23] [49/326] BSMP
[20:13:24] [50/326] VSPA
[20:13:25] 🔄 Identity reset
[20:13:25] 🔄 Identity rotated (every 10 requests)
[20:13:25] [51/326] DJYA
[20:13:26] [52/326] DIMP
[20:13:27] [53/326] FXDR
[20:13:28] [54/326] SSRC
[20:13:28] [55/326] STHP
[20:13:29] [56/326] CPPD
[20:13:30] [57/326] FCLK
[20:13:31] [58/326] SCPP
[20:13:32] [59/326] DCMJ
[20:13:33] [60/326] RCCR
[20:13:34] 🔄 Identity reset
[20:13:34] 🔄 Identity rotated (every 10 requests)
[20:13:34] [61/326] INMT
[20:13:35] [62/326] LXTK
[20:13:36] [63/326] SRYK
[20:13:37] [64/326] SGDK
[20:13:38] [65/326] PPKA
[20:13:39] [66/326] SPKA
[20:13:40] [67/326] CGHH
[20:13:40] [68/326] DCJN
[20:13:42] [69/326] SRKV
[20:13:43] [70/326] SAJC
[20:13:44] 🔄 Identity reset
[20:13:44] 🔄 Identity rotated (every 10 requests)
[20:13:44] [71/326] SUSR
[20:13:45] [72/326] STYG
[20:13:46] [73/326] NTKP
[20:13:46] [74/326] AKTG
[20:13:47] [75/326] CGCM
[20:13:48] [76/326] TULC
[20:13:50] [77/326] NYYZ
[20:13:51] [78/326] NYBW
[20:13:52] [79/326] MACB
[20:13:53] [80/326] SLVT
[20:13:53] 🔄 Identity reset
[20:13:53] 🔄 Identity rotated (every 10 requests)
[20:13:54] [81/326] SANA
[20:13:56] [82/326] ACMR
[20:13:57] [83/326] CPKN
[20:13:57] [84/326] DLGK
[20:13:58] [85/326] CWCK
[20:13:59] [86/326] FDDH
[20:14:00] [87/326] MMMD
[20:14:01] [88/326] CMEH
[20:14:02] [89/326] GGGV
[20:14:03] [90/326] SPJL
[20:14:03] 🔄 Identity reset
[20:14:03] 🔄 Identity rotated (every 10 requests)
[20:14:04] [91/326] RCCD
[20:14:05] [92/326] STTZ
[20:14:06] [93/326] BTCF
[20:14:07] [94/326] TSTZ
[20:14:07] [95/326] IPMM
[20:14:08] [96/326] PMPW
[20:14:09] [97/326] PCMZ
[20:14:10] [98/326] ESEM
[20:14:11] [99/326] PIPO
[20:14:12] [100/326] MATK
[20:14:13] 🔄 Identity reset
[20:14:13] 🔄 Identity rotated (every 10 requests)
[20:14:13] [101/326] PGHM
[20:14:14] [102/326] CTSR
[20:14:15] [103/326] CYKR
[20:14:16] [104/326] MSCM
[20:14:17] [105/326] RFNP
[20:14:17] [106/326] PDCP
[20:14:18] [107/326] NPSE
[20:14:19] [108/326] MKML
[20:14:20] [109/326] FTDP
[20:14:21] [110/326] MMXA
[20:14:22] 🔄 Identity reset
[20:14:22] 🔄 Identity rotated (every 10 requests)
[20:14:22] [111/326] CEPO
[20:14:24] [112/326] CMVP
[20:14:24] [113/326] SGTH
[20:14:25] [114/326] SAYN
[20:14:26] [115/326] URVS
[20:14:27] [116/326] VJTN
[20:14:28] [117/326] BBYK
[20:14:29] [118/326] SHBO
[20:14:30] [119/326] VCMR
[20:14:31] [120/326] MACT
[20:14:32] 🔄 Identity reset
[20:14:32] 🔄 Identity rotated (every 10 requests)
[20:14:32] [121/326] JMNP
[20:14:33] [122/326] VICS
[20:14:34] [123/326] VCDA
[20:14:35] [124/326] GCMM
[20:14:36] [125/326] INVS
[20:14:37] [126/326] SCGM
[20:14:37] [127/326] PCDA
[20:14:38] [128/326] KDCT
[20:14:39] [129/326] JACS
[20:14:40] [130/326] GMMC
[20:14:40] 🔄 Identity reset
[20:14:40] 🔄 Identity rotated (every 10 requests)
[20:14:41] [131/326] AICM
[20:14:42] [132/326] TJCM
[20:14:43] [133/326] RMTI
[20:14:43] [134/326] SHAC
[20:14:44] [135/326] APJC
[20:14:45] [136/326] GCTG
[20:14:46] [137/326] SSMC
[20:14:47] [138/326] THRM
[20:14:48] [139/326] RBCT
[20:14:49] [140/326] DIKT
[20:14:49] 🔄 Identity reset
[20:14:49] 🔄 Identity rotated (every 10 requests)
[20:14:50] [141/326] MIDL
[20:14:51] [142/326] VCSN
[20:14:52] [143/326] SKTG
[20:14:53] [144/326] SMWC
[20:14:54] [145/326] MNKH
[20:14:55] [146/326] PIAT
[20:14:56] [147/326] LTTP
[20:14:57] [148/326] PTPU
[20:14:58] [149/326] ACMG
[20:14:59] [150/326] SHMM
[20:15:00] 🔄 Identity reset
[20:15:00] 🔄 Identity rotated (every 10 requests)
[20:15:00] [151/326] MCMN
[20:15:01] [152/326] GLDC
[20:15:02] [153/326] HOUT
[20:15:03] [154/326] SVRP
[20:15:04] [155/326] PVDN
[20:15:05] [156/326] SCPY
[20:15:06] [157/326] DTPY
[20:15:06] [158/326] GKCS
[20:15:07] [159/326] NCAM
[20:15:08] [160/326] BSRM
[20:15:09] 🔄 Identity reset
[20:15:09] 🔄 Identity rotated (every 10 requests)
[20:15:09] [161/326] RCLC
[20:15:10] [162/326] SKKD
[20:15:11] [163/326] ACHU
[20:15:12] [164/326] RSCF
[20:15:13] [165/326] IMSH
[20:15:14] [166/326] MACX
[20:15:15] [167/326] HMMW
[20:15:16] [168/326] JTCP
[20:15:17] [169/326] SREN
[20:15:17] [170/326] PJRR
[20:15:18] 🔄 Identity reset
[20:15:18] 🔄 Identity rotated (every 10 requests)
[20:15:18] [171/326] INAC
[20:15:19] [172/326] BMCA
[20:15:20] [173/326] SHCB
[20:15:21] [174/326] GABA
[20:15:22] [175/326] SBCT
[20:15:23] [176/326] GCMA
[20:15:24] [177/326] MYTK
[20:15:26] [178/326] INZS
[20:15:27] [179/326] RMIK
[20:15:28] [180/326] NYCH
[20:15:28] 🔄 Identity reset
[20:15:28] 🔄 Identity rotated (every 10 requests)
[20:15:29] [181/326] RAVE
[20:15:29] [182/326] PSXM
[20:15:30] [183/326] MCGP
[20:15:31] [184/326] PDDK
[20:15:32] [185/326] SPCK
[20:15:33] [186/326] MCRL
[20:15:34] [187/326] MHKT
[20:15:35] [188/326] ANRR
[20:15:36] [189/326] SAPK
[20:15:37] [190/326] NCUK
[20:15:37] 🔄 Identity reset
[20:15:37] 🔄 Identity rotated (every 10 requests)
[20:15:38] [191/326] JUGA
[20:15:38] [192/326] DBSC
[20:15:39] [193/326] LALK
[20:15:40] [194/326] GUCK
[20:15:41] [195/326] STSG
[20:15:42] [196/326] PPPZ
[20:15:43] [197/326] CNCY
[20:15:44] [198/326] MTAR
[20:15:46] [199/326] VNKD
[20:15:47] [200/326] KMAJ
[20:15:47] 🔄 Identity reset
[20:15:47] 🔄 Identity rotated (every 10 requests)
[20:15:47] [201/326] ACXK
[20:15:48] [202/326] UTKC
[20:15:49] [203/326] PBLK
[20:15:51] [204/326] ACBX
[20:15:51] [205/326] PTGM
[20:15:52] [206/326] BTDA
[20:15:53] [207/326] PJMB
[20:15:54] [208/326] TPDA
[20:15:55] [209/326] AMOE
[20:15:57] [210/326] PRHT
[20:15:57] 🔄 Identity reset
[20:15:57] 🔄 Identity rotated (every 10 requests)
[20:15:57] [211/326] PRTA
[20:15:58] [212/326] STAM
[20:15:59] [213/326] MSAA
[20:16:00] [214/326] SDLU
[20:16:01] [215/326] RCHH
[20:16:02] [216/326] KANT
[20:16:03] [217/326] FCRT
[20:16:04] [218/326] DNKM
[20:16:05] [219/326] RYCP
[20:16:05] [220/326] MYRP
[20:16:06] 🔄 Identity reset
[20:16:06] 🔄 Identity rotated (every 10 requests)
[20:16:06] [221/326] PPAK
[20:16:07] [222/326] NVPK
[20:16:08] [223/326] PRMC
[20:16:10] [224/326] JBCS
[20:16:11] [225/326] GXCK
[20:16:12] [226/326] USKO
[20:16:13] [227/326] GTEM
[20:16:14] [228/326] SMBU
[20:16:15] [229/326] VETC
[20:16:15] [230/326] LCDA
[20:16:16] 🔄 Identity reset
[20:16:16] 🔄 Identity rotated (every 10 requests)
[20:16:16] [231/326] MTVT
[20:16:17] [232/326] PYCP
[20:16:18] [233/326] PNSC
[20:16:19] [234/326] PPCC
[20:16:20] [235/326] TGRT
[20:16:21] [236/326] JYOT
[20:16:22] [237/326] SRCZ
[20:16:24] [238/326] SJTE
[20:16:25] [239/326] DESC
[20:16:26] [240/326] JHVN
[20:16:26] 🔄 Identity reset
[20:16:26] 🔄 Identity rotated (every 10 requests)
[20:16:27] [241/326] IPSG
[20:16:28] [242/326] IPCM
[20:16:29] [243/326] PDRS
[20:16:31] [244/326] ANCV
[20:16:31] [245/326] CMVV
[20:16:32] [246/326] SHYP
[20:16:33] [247/326] DNCS
[20:16:34] [248/326] GAJK
[20:16:35] [249/326] AKTN
[20:16:36] [250/326] KAYA
[20:16:36] 🔄 Identity reset
[20:16:36] 🔄 Identity rotated (every 10 requests)
[20:16:37] [251/326] SBRC
[20:16:38] [252/326] CHTP
[20:16:40] [253/326] SHRT
[20:16:41] [254/326] BCKU
[20:16:41] [255/326] FCPS
[20:16:42] [256/326] ARDD
[20:16:43] [257/326] CPCM
[20:16:45] [258/326] CGSM
[20:16:46] [259/326] PSMP
[20:16:47] [260/326] SDAL
[20:16:47] 🔄 Identity reset
[20:16:47] 🔄 Identity rotated (every 10 requests)
[20:16:48] [261/326] RTNB
[20:16:49] [262/326] LMCR
[20:16:49] [263/326] CIMA
[20:16:50] [264/326] RNAS
[20:16:51] [265/326] LITH
[20:16:52] [266/326] PBOX
[20:16:53] [267/326] FRTS
[20:16:54] [268/326] RKIC
[20:16:55] [269/326] PTAI
[20:16:55] [270/326] GCIC
[20:16:56] 🔄 Identity reset
[20:16:56] 🔄 Identity rotated (every 10 requests)
[20:16:56] [271/326] FNAS
[20:16:57] [272/326] SCAR
[20:16:58] [273/326] MTCA
[20:16:59] [274/326] SCTS
[20:17:00] [275/326] SYCS
[20:17:01] [276/326] RDMS
[20:17:02] [277/326] KAMP
[20:17:03] [278/326] ERSD
[20:17:04] [279/326] MJMJ
[20:17:05] [280/326] SRCJ
[20:17:05] 🔄 Identity reset
[20:17:05] 🔄 Identity rotated (every 10 requests)
[20:17:06] [281/326] SCXE
[20:17:07] [282/326] SVFR
[20:17:08] [283/326] BHCS
[20:17:09] [284/326] IMCC
[20:17:10] [285/326] PCBO
[20:17:10] [286/326] PRVN
[20:17:11] [287/326] AUPM
[20:17:12] [288/326] INBW
[20:17:13] [289/326] SVCW
[20:17:14] [290/326] RKCF
[20:17:14] 🔄 Identity reset
[20:17:14] 🔄 Identity rotated (every 10 requests)
[20:17:15] [291/326] UVBH
[20:17:16] [292/326] DNCY
[20:17:16] [293/326] ABCN
[20:17:18] [294/326] PRUR
[20:17:19] [295/326] PFMR
[20:17:20] [296/326] RKCN
[20:17:20] [297/326] CFEA
[20:17:21] [298/326] SDBG
[20:17:22] [299/326] SNAR
[20:17:23] [300/326] YISI
[20:17:24] 🔄 Identity reset
[20:17:24] 🔄 Identity rotated (every 10 requests)
[20:17:24] [301/326] JCFF
[20:17:25] [302/326] VTRK
[20:17:26] [303/326] PCLZ
[20:17:27] [304/326] DIMY
[20:17:28] [305/326] BBTS
[20:17:29] [306/326] GATH
[20:17:30] [307/326] GTMN
[20:17:30] [308/326] VTMH
[20:17:31] [309/326] CCKP
[20:17:32] [310/326] GPKA
[20:17:33] 🔄 Identity reset
[20:17:33] 🔄 Identity rotated (every 10 requests)
[20:17:33] [311/326] MHCL
[20:17:34] [312/326] ATCL
[20:17:35] [313/326] SBCK
[20:17:36] [314/326] AMMR
[20:17:37] [315/326] MADC
[20:17:37] [316/326] TMMA
[20:17:38] [317/326] CACC
[20:17:39] [318/326] CHAL
[20:17:40] [319/326] DURG
[20:17:41] [320/326] GMKU
[20:17:42] 🔄 Identity reset
[20:17:42] 🔄 Identity rotated (every 10 requests)
[20:17:42] [321/326] GECA
[20:17:43] [322/326] KYRR
[20:17:44] [323/326] KSDE
[20:17:45] [324/326] LMCI
[20:17:46] [325/326] NKCP
[20:17:47] [326/326] BGTC
[20:17:48] 🧹 Deduping shows
[20:17:48] ✅ DONE | Shows=229 | Movies=1
[22:24:11] 🚀 SCRIPT STARTED (enhanced anti‑detection)
[22:24:11] [1/326] BSAT
[22:24:12] 🧠 New identity created
[22:24:12] [2/326] RSSM
[22:24:13] [3/326] GCTA
[22:24:14] [4/326] TOPN
[22:24:15] [5/326] MCUS
[22:24:16] [6/326] SHRL
[22:24:16] [7/326] UPTP
[22:24:17] [8/326] TMMP
[22:24:18] [9/326] DNRP
[22:24:19] [10/326] SRLT
[22:24:20] 🔄 Identity reset
[22:24:20] 🔄 Identity rotated (every 10 requests)
[22:24:20] [11/326] RCNS
[22:24:21] [12/326] DCBH
[22:24:22] [13/326] NAGJ
[22:24:23] [14/326] JVRC
[22:24:24] [15/326] KRJG
[22:24:25] [16/326] SRTJ
[22:24:26] [17/326] CMXM
[22:24:27] [18/326] STMI
[22:24:28] [19/326] SLST
[22:24:29] [20/326] DTCN
[22:24:29] 🔄 Identity reset
[22:24:29] 🔄 Identity rotated (every 10 requests)
[22:24:29] [21/326] STYN
[22:24:30] [22/326] SZVR
[22:24:31] [23/326] SRKO
[22:24:32] [24/326] JTGT
[22:24:33] [25/326] SVFD
[22:24:34] [26/326] SISD
[22:24:34] [27/326] ABDD
[22:24:35] [28/326] DRCA
[22:24:36] [29/326] AVCS
[22:24:37] [30/326] MVKH
[22:24:38] 🔄 Identity reset
[22:24:38] 🔄 Identity rotated (every 10 requests)
[22:24:38] [31/326] ACPR
[22:24:40] [32/326] STIP
[22:24:41] [33/326] MTRA
[22:24:42] [34/326] RMKH
[22:24:43] [35/326] NKRL
[22:24:44] [36/326] PCWN
[22:24:45] [37/326] BLMT
[22:24:45] [38/326] GDPG
[22:24:46] [39/326] SRMX
[22:24:47] [40/326] JACP
[22:24:48] 🔄 Identity reset
[22:24:48] 🔄 Identity rotated (every 10 requests)
[22:24:48] [41/326] CPSH
[22:24:49] [42/326] MCCD
[22:24:50] [43/326] ECGH
[22:24:51] [44/326] MKCK
[22:24:51] [45/326] SRMM
[22:24:52] [46/326] SKYR
[22:24:53] [47/326] PCKC
[22:24:54] [48/326] JCMA
[22:24:56] [49/326] BSMP
[22:24:57] [50/326] VSPA
[22:24:57] 🔄 Identity reset
[22:24:57] 🔄 Identity rotated (every 10 requests)
[22:24:58] [51/326] DJYA
[22:24:59] [52/326] DIMP
[22:25:00] [53/326] FXDR
[22:25:01] [54/326] SSRC
[22:25:02] [55/326] STHP
[22:25:03] [56/326] CPPD
[22:25:04] [57/326] FCLK
[22:25:05] [58/326] SCPP
[22:25:06] [59/326] DCMJ
[22:25:08] [60/326] RCCR
[22:25:08] 🔄 Identity reset
[22:25:08] 🔄 Identity rotated (every 10 requests)
[22:25:09] [61/326] INMT
[22:25:10] [62/326] LXTK
[22:25:12] [63/326] SRYK
[22:25:13] [64/326] SGDK
[22:25:14] [65/326] PPKA
[22:25:15] [66/326] SPKA
[22:25:16] [67/326] CGHH
[22:25:17] [68/326] DCJN
[22:25:18] [69/326] SRKV
[22:25:19] [70/326] SAJC
[22:25:19] 🔄 Identity reset
[22:25:19] 🔄 Identity rotated (every 10 requests)
[22:25:20] [71/326] SUSR
[22:25:21] [72/326] STYG
[22:25:22] [73/326] NTKP
[22:25:23] [74/326] AKTG
[22:25:24] [75/326] CGCM
[22:25:25] [76/326] TULC
[22:25:26] [77/326] NYYZ
[22:25:27] [78/326] NYBW
[22:25:28] [79/326] MACB
[22:25:29] [80/326] SLVT
[22:25:30] 🔄 Identity reset
[22:25:30] 🔄 Identity rotated (every 10 requests)
[22:25:30] [81/326] SANA
[22:25:31] [82/326] ACMR
[22:25:32] [83/326] CPKN
[22:25:33] [84/326] DLGK
[22:25:34] [85/326] CWCK
[22:25:35] [86/326] FDDH
[22:25:36] [87/326] MMMD
[22:25:36] [88/326] CMEH
[22:25:37] [89/326] GGGV
[22:25:38] [90/326] SPJL
[22:25:39] 🔄 Identity reset
[22:25:39] 🔄 Identity rotated (every 10 requests)
[22:25:39] [91/326] RCCD
[22:25:40] [92/326] STTZ
[22:25:41] [93/326] BTCF
[22:25:42] [94/326] TSTZ
[22:25:43] [95/326] IPMM
[22:25:44] [96/326] PMPW
[22:25:45] [97/326] PCMZ
[22:25:45] [98/326] ESEM
[22:25:46] [99/326] PIPO
[22:25:47] [100/326] MATK
[22:25:48] 🔄 Identity reset
[22:25:48] 🔄 Identity rotated (every 10 requests)
[22:25:48] [101/326] PGHM
[22:25:50] [102/326] CTSR
[22:25:51] [103/326] CYKR
[22:25:52] [104/326] MSCM
[22:25:53] [105/326] RFNP
[22:25:54] [106/326] PDCP
[22:25:55] [107/326] NPSE
[22:25:56] [108/326] MKML
[22:25:57] [109/326] FTDP
[22:25:58] [110/326] MMXA
[22:25:58] 🔄 Identity reset
[22:25:58] 🔄 Identity rotated (every 10 requests)
[22:25:59] [111/326] CEPO
[22:26:00] [112/326] CMVP
[22:26:01] [113/326] SGTH
[22:26:02] [114/326] SAYN
[22:26:03] [115/326] URVS
[22:26:04] [116/326] VJTN
[22:26:05] [117/326] BBYK
[22:26:07] [118/326] SHBO
[22:26:08] [119/326] VCMR
[22:26:09] [120/326] MACT
[22:26:09] 🔄 Identity reset
[22:26:09] 🔄 Identity rotated (every 10 requests)
[22:26:10] [121/326] JMNP
[22:26:10] [122/326] VICS
[22:26:11] [123/326] VCDA
[22:26:12] [124/326] GCMM
[22:26:13] [125/326] INVS
[22:26:14] [126/326] SCGM
[22:26:15] [127/326] PCDA
[22:26:16] [128/326] KDCT
[22:26:17] [129/326] JACS
[22:26:18] [130/326] GMMC
[22:26:19] 🔄 Identity reset
[22:26:19] 🔄 Identity rotated (every 10 requests)
[22:26:20] [131/326] AICM
[22:26:21] [132/326] TJCM
[22:26:22] [133/326] RMTI
[22:26:22] [134/326] SHAC
[22:26:24] [135/326] APJC
[22:26:25] [136/326] GCTG
[22:26:25] [137/326] SSMC
[22:26:26] [138/326] THRM
[22:26:27] [139/326] RBCT
[22:26:29] [140/326] DIKT
[22:26:29] 🔄 Identity reset
[22:26:29] 🔄 Identity rotated (every 10 requests)
[22:26:29] [141/326] MIDL
[22:26:31] [142/326] VCSN
[22:26:32] [143/326] SKTG
[22:26:33] [144/326] SMWC
[22:26:34] [145/326] MNKH
[22:26:36] [146/326] PIAT
[22:26:37] [147/326] LTTP
[22:26:38] [148/326] PTPU
[22:26:39] [149/326] ACMG
[22:26:39] [150/326] SHMM
[22:26:40] 🔄 Identity reset
[22:26:40] 🔄 Identity rotated (every 10 requests)
[22:26:40] [151/326] MCMN
[22:26:41] [152/326] GLDC
[22:26:42] [153/326] HOUT
[22:26:43] [154/326] SVRP
[22:26:44] [155/326] PVDN
[22:26:45] [156/326] SCPY
[22:26:46] [157/326] DTPY
[22:26:47] [158/326] GKCS
[22:26:47] [159/326] NCAM
[22:26:48] [160/326] BSRM
[22:26:49] 🔄 Identity reset
[22:26:49] 🔄 Identity rotated (every 10 requests)
[22:26:49] [161/326] RCLC
[22:26:50] [162/326] SKKD
[22:26:51] [163/326] ACHU
[22:26:52] [164/326] RSCF
[22:26:53] [165/326] IMSH
[22:26:54] [166/326] MACX
[22:26:55] [167/326] HMMW
[22:26:56] [168/326] JTCP
[22:26:57] [169/326] SREN
[22:26:58] [170/326] PJRR
[22:26:59] 🔄 Identity reset
[22:26:59] 🔄 Identity rotated (every 10 requests)
[22:26:59] [171/326] INAC
[22:27:00] [172/326] BMCA
[22:27:01] [173/326] SHCB
[22:27:02] [174/326] GABA
[22:27:03] [175/326] SBCT
[22:27:04] [176/326] GCMA
[22:27:04] [177/326] MYTK
[22:27:05] [178/326] INZS
[22:27:07] [179/326] RMIK
[22:27:08] [180/326] NYCH
[22:27:08] 🔄 Identity reset
[22:27:08] 🔄 Identity rotated (every 10 requests)
[22:27:09] [181/326] RAVE
[22:27:10] [182/326] PSXM
[22:27:10] [183/326] MCGP
[22:27:11] [184/326] PDDK
[22:27:12] [185/326] SPCK
[22:27:13] [186/326] MCRL
[22:27:14] [187/326] MHKT
[22:27:16] [188/326] ANRR
[22:27:18] [189/326] SAPK
[22:27:19] [190/326] NCUK
[22:27:19] 🔄 Identity reset
[22:27:19] 🔄 Identity rotated (every 10 requests)
[22:27:20] [191/326] JUGA
[22:27:20] [192/326] DBSC
[22:27:22] [193/326] LALK
[22:27:23] [194/326] GUCK
[22:27:24] [195/326] STSG
[22:27:26] [196/326] PPPZ
[22:27:27] [197/326] CNCY
[22:27:28] [198/326] MTAR
[22:27:29] [199/326] VNKD
[22:27:30] [200/326] KMAJ
[22:27:30] 🔄 Identity reset
[22:27:30] 🔄 Identity rotated (every 10 requests)
[22:27:31] [201/326] ACXK
[22:27:32] [202/326] UTKC
[22:27:33] [203/326] PBLK
[22:27:34] [204/326] ACBX
[22:27:34] [205/326] PTGM
[22:27:35] [206/326] BTDA
[22:27:36] [207/326] PJMB
[22:27:37] [208/326] TPDA
[22:27:38] [209/326] AMOE
[22:27:39] [210/326] PRHT
[22:27:40] 🔄 Identity reset
[22:27:40] 🔄 Identity rotated (every 10 requests)
[22:27:40] [211/326] PRTA
[22:27:41] [212/326] STAM
[22:27:42] [213/326] MSAA
[22:27:42] [214/326] SDLU
[22:27:44] [215/326] RCHH
[22:27:45] [216/326] KANT
[22:27:46] [217/326] FCRT
[22:27:46] [218/326] DNKM
[22:27:47] [219/326] RYCP
[22:27:48] [220/326] MYRP
[22:27:49] 🔄 Identity reset
[22:27:49] 🔄 Identity rotated (every 10 requests)
[22:27:49] [221/326] PPAK
[22:27:50] [222/326] NVPK
[22:27:51] [223/326] PRMC
[22:27:52] [224/326] JBCS
[22:27:53] [225/326] GXCK
[22:27:54] [226/326] USKO
[22:27:55] [227/326] GTEM
[22:27:56] [228/326] SMBU
[22:27:57] [229/326] VETC
[22:27:58] [230/326] LCDA
[22:27:59] 🔄 Identity reset
[22:27:59] 🔄 Identity rotated (every 10 requests)
[22:27:59] [231/326] MTVT
[22:28:00] [232/326] PYCP
[22:28:01] [233/326] PNSC
[22:28:02] [234/326] PPCC
[22:28:03] [235/326] TGRT
[22:28:04] [236/326] JYOT
[22:28:05] [237/326] SRCZ
[22:28:06] [238/326] SJTE
[22:28:07] [239/326] DESC
[22:28:08] [240/326] JHVN
[22:28:08] 🔄 Identity reset
[22:28:08] 🔄 Identity rotated (every 10 requests)
[22:28:09] [241/326] IPSG
[22:28:10] [242/326] IPCM
[22:28:11] [243/326] PDRS
[22:28:11] [244/326] ANCV
[22:28:12] [245/326] CMVV
[22:28:13] [246/326] SHYP
[22:28:15] [247/326] DNCS
[22:28:16] [248/326] GAJK
[22:28:17] [249/326] AKTN
[22:28:18] [250/326] KAYA
[22:28:18] 🔄 Identity reset
[22:28:18] 🔄 Identity rotated (every 10 requests)
[22:28:18] [251/326] SBRC
[22:28:19] [252/326] CHTP
[22:28:20] [253/326] SHRT
[22:28:21] [254/326] BCKU
[22:28:22] [255/326] FCPS
[22:28:23] [256/326] ARDD
[22:28:24] [257/326] CPCM
[22:28:25] [258/326] CGSM
[22:28:26] [259/326] PSMP
[22:28:27] [260/326] SDAL
[22:28:28] 🔄 Identity reset
[22:28:28] 🔄 Identity rotated (every 10 requests)
[22:28:28] [261/326] RTNB
[22:28:29] [262/326] LMCR
[22:28:30] [263/326] CIMA
[22:28:31] [264/326] RNAS
[22:28:32] [265/326] LITH
[22:28:33] [266/326] PBOX
[22:28:35] [267/326] FRTS
[22:28:36] [268/326] RKIC
[22:28:37] [269/326] PTAI
[22:28:38] [270/326] GCIC
[22:28:38] 🔄 Identity reset
[22:28:38] 🔄 Identity rotated (every 10 requests)
[22:28:39] [271/326] FNAS
[22:28:40] [272/326] SCAR
[22:28:42] [273/326] MTCA
[22:28:43] [274/326] SCTS
[22:28:43] [275/326] SYCS
[22:28:44] [276/326] RDMS
[22:28:45] [277/326] KAMP
[22:28:46] [278/326] ERSD
[22:28:48] [279/326] MJMJ
[22:28:49] [280/326] SRCJ
[22:28:50] 🔄 Identity reset
[22:28:50] 🔄 Identity rotated (every 10 requests)
[22:28:50] [281/326] SCXE
[22:28:51] [282/326] SVFR
[22:28:52] [283/326] BHCS
[22:28:53] [284/326] IMCC
[22:28:53] [285/326] PCBO
[22:28:55] [286/326] PRVN
[22:28:56] [287/326] AUPM
[22:28:57] [288/326] INBW
[22:28:58] [289/326] SVCW
[22:28:59] [290/326] RKCF
[22:28:59] 🔄 Identity reset
[22:29:00] 🔄 Identity rotated (every 10 requests)
[22:29:00] [291/326] UVBH
[22:29:01] [292/326] DNCY
[22:29:02] [293/326] ABCN
[22:29:03] [294/326] PRUR
[22:29:04] [295/326] PFMR
[22:29:05] [296/326] RKCN
[22:29:07] [297/326] CFEA
[22:29:08] [298/326] SDBG
[22:29:09] [299/326] SNAR
[22:29:10] [300/326] YISI
[22:29:11] 🔄 Identity reset
[22:29:11] 🔄 Identity rotated (every 10 requests)
[22:29:11] [301/326] JCFF
[22:29:12] [302/326] VTRK
[22:29:13] [303/326] PCLZ
[22:29:14] [304/326] DIMY
[22:29:15] [305/326] BBTS
[22:29:16] [306/326] GATH
[22:29:16] [307/326] GTMN
[22:29:18] [308/326] VTMH
[22:29:19] [309/326] CCKP
[22:29:21] [310/326] GPKA
[22:29:21] 🔄 Identity reset
[22:29:21] 🔄 Identity rotated (every 10 requests)
[22:29:22] [311/326] MHCL
[22:29:23] [312/326] ATCL
[22:29:24] [313/326] SBCK
[22:29:25] [314/326] AMMR
[22:29:26] [315/326] MADC
[22:29:27] [316/326] TMMA
[22:29:28] [317/326] CACC
[22:29:29] [318/326] CHAL
[22:29:30] [319/326] DURG
[22:29:31] [320/326] GMKU
[22:29:32] 🔄 Identity reset
[22:29:32] 🔄 Identity rotated (every 10 requests)
[22:29:32] [321/326] GECA
[22:29:34] [322/326] KYRR
[22:29:35] [323/326] KSDE
[22:29:36] [324/326] LMCI
[22:29:37] [325/326] NKCP
[22:29:37] [326/326] BGTC
[22:29:38] 🧹 Deduping shows
[22:29:38] ✅ DONE | Shows=329 | Movies=1
[01:01:15] 🚀 SCRIPT STARTED (enhanced anti‑detection)
[01:01:15] [1/326] BSAT
[01:01:16] 🧠 New identity created
[01:01:16] [2/326] RSSM
[01:01:17] [3/326] GCTA
[01:01:18] [4/326] TOPN
[01:01:19] [5/326] MCUS
[01:01:20] [6/326] SHRL
[01:01:21] [7/326] UPTP
[01:01:21] [8/326] TMMP
[01:01:22] [9/326] DNRP
[01:01:23] [10/326] SRLT
[01:01:24] 🔄 Identity reset
[01:01:24] 🔄 Identity rotated (every 10 requests)
[01:01:24] [11/326] RCNS
[01:01:25] [12/326] DCBH
[01:01:26] [13/326] NAGJ
[01:01:27] [14/326] JVRC
[01:01:28] [15/326] KRJG
[01:01:29] [16/326] SRTJ
[01:01:30] [17/326] CMXM
[01:01:30] [18/326] STMI
[01:01:31] [19/326] SLST
[01:01:32] [20/326] DTCN
[01:01:33] 🔄 Identity reset
[01:01:33] 🔄 Identity rotated (every 10 requests)
[01:01:33] [21/326] STYN
[01:01:34] [22/326] SZVR
[01:01:35] [23/326] SRKO
[01:01:36] [24/326] JTGT
[01:01:36] [25/326] SVFD
[01:01:37] [26/326] SISD
[01:01:38] [27/326] ABDD
[01:01:39] [28/326] DRCA
[01:01:40] [29/326] AVCS
[01:01:40] [30/326] MVKH
[01:01:41] 🔄 Identity reset
[01:01:41] 🔄 Identity rotated (every 10 requests)
[01:01:42] [31/326] ACPR
[01:01:43] [32/326] STIP
[01:01:44] [33/326] MTRA
[01:01:45] [34/326] RMKH
[01:01:46] [35/326] NKRL
[01:01:47] [36/326] PCWN
[01:01:48] [37/326] BLMT
[01:01:49] [38/326] GDPG
[01:01:50] [39/326] SRMX
[01:01:50] [40/326] JACP
[01:01:51] 🔄 Identity reset
[01:01:51] 🔄 Identity rotated (every 10 requests)
[01:01:51] [41/326] CPSH
[01:01:52] [42/326] MCCD
[01:01:53] [43/326] ECGH
[01:01:54] [44/326] MKCK
[01:01:55] [45/326] SRMM
[01:01:56] [46/326] SKYR
[01:01:56] [47/326] PCKC
[01:01:57] [48/326] JCMA
[01:01:58] [49/326] BSMP
[01:01:59] [50/326] VSPA
[01:01:59] 🔄 Identity reset
[01:02:00] 🔄 Identity rotated (every 10 requests)
[01:02:01] [51/326] DJYA
[01:02:01] [52/326] DIMP
[01:02:02] [53/326] FXDR
[01:02:03] [54/326] SSRC
[01:02:04] [55/326] STHP
[01:02:05] [56/326] CPPD
[01:02:06] [57/326] FCLK
[01:02:07] [58/326] SCPP
[01:02:08] [59/326] DCMJ
[01:02:09] [60/326] RCCR
[01:02:09] 🔄 Identity reset
[01:02:09] 🔄 Identity rotated (every 10 requests)
[01:02:10] [61/326] INMT
[01:02:11] [62/326] LXTK
[01:02:12] [63/326] SRYK
[01:02:13] [64/326] SGDK
[01:02:14] [65/326] PPKA
[01:02:14] [66/326] SPKA
[01:02:15] [67/326] CGHH
[01:02:16] [68/326] DCJN
[01:02:17] [69/326] SRKV
[01:02:18] [70/326] SAJC
[01:02:18] 🔄 Identity reset
[01:02:18] 🔄 Identity rotated (every 10 requests)
[01:02:19] [71/326] SUSR
[01:02:20] [72/326] STYG
[01:02:21] [73/326] NTKP
[01:02:22] [74/326] AKTG
[01:02:23] [75/326] CGCM
[01:02:24] [76/326] TULC
[01:02:24] [77/326] NYYZ
[01:02:25] [78/326] NYBW
[01:02:26] [79/326] MACB
[01:02:27] [80/326] SLVT
[01:02:28] 🔄 Identity reset
[01:02:28] 🔄 Identity rotated (every 10 requests)
[01:02:28] [81/326] SANA
[01:02:29] [82/326] ACMR
[01:02:30] [83/326] CPKN
[01:02:30] [84/326] DLGK
[01:02:31] [85/326] CWCK
[01:02:32] [86/326] FDDH
[01:02:33] [87/326] MMMD
[01:02:34] [88/326] CMEH
[01:02:35] [89/326] GGGV
[01:02:35] [90/326] SPJL
[01:02:36] 🔄 Identity reset
[01:02:36] 🔄 Identity rotated (every 10 requests)
[01:02:36] [91/326] RCCD
[01:02:38] [92/326] STTZ
[01:02:39] [93/326] BTCF
[01:02:39] [94/326] TSTZ
[01:02:41] [95/326] IPMM
[01:02:42] [96/326] PMPW
[01:02:43] [97/326] PCMZ
[01:02:44] [98/326] ESEM
[01:02:45] [99/326] PIPO
[01:02:46] [100/326] MATK
[01:02:47] 🔄 Identity reset
[01:02:47] 🔄 Identity rotated (every 10 requests)
[01:02:47] [101/326] PGHM
[01:02:48] [102/326] CTSR
[01:02:49] [103/326] CYKR
[01:02:50] [104/326] MSCM
[01:02:51] [105/326] RFNP
[01:02:52] [106/326] PDCP
[01:02:53] [107/326] NPSE
[01:02:54] [108/326] MKML
[01:02:55] [109/326] FTDP
[01:02:56] [110/326] MMXA
[01:02:56] 🔄 Identity reset
[01:02:56] 🔄 Identity rotated (every 10 requests)
[01:02:56] [111/326] CEPO
[01:02:57] [112/326] CMVP
[01:02:58] [113/326] SGTH
[01:02:59] [114/326] SAYN
[01:03:01] [115/326] URVS
[01:03:02] [116/326] VJTN
[01:03:03] [117/326] BBYK
[01:03:04] [118/326] SHBO
[01:03:05] [119/326] VCMR
[01:03:06] [120/326] MACT
[01:03:06] 🔄 Identity reset
[01:03:06] 🔄 Identity rotated (every 10 requests)
[01:03:07] [121/326] JMNP
[01:03:07] [122/326] VICS
[01:03:08] [123/326] VCDA
[01:03:09] [124/326] GCMM
[01:03:10] [125/326] INVS
[01:03:11] [126/326] SCGM
[01:03:12] [127/326] PCDA
[01:03:13] [128/326] KDCT
[01:03:14] [129/326] JACS
[01:03:14] [130/326] GMMC
[01:03:15] 🔄 Identity reset
[01:03:15] 🔄 Identity rotated (every 10 requests)
[01:03:15] [131/326] AICM
[01:03:16] [132/326] TJCM
[01:03:17] [133/326] RMTI
[01:03:18] [134/326] SHAC
[01:03:18] [135/326] APJC
[01:03:19] [136/326] GCTG
[01:03:20] [137/326] SSMC
[01:03:21] [138/326] THRM
[01:03:22] [139/326] RBCT
[01:03:23] [140/326] DIKT
[01:03:24] 🔄 Identity reset
[01:03:24] 🔄 Identity rotated (every 10 requests)
[01:03:24] [141/326] MIDL
[01:03:25] [142/326] VCSN
[01:03:26] [143/326] SKTG
[01:03:27] [144/326] SMWC
[01:03:28] [145/326] MNKH
[01:03:28] [146/326] PIAT
[01:03:29] [147/326] LTTP
[01:03:30] [148/326] PTPU
[01:03:31] [149/326] ACMG
[01:03:32] [150/326] SHMM
[01:03:32] 🔄 Identity reset
[01:03:32] 🔄 Identity rotated (every 10 requests)
[01:03:33] [151/326] MCMN
[01:03:33] [152/326] GLDC
[01:03:34] [153/326] HOUT
[01:03:35] [154/326] SVRP
[01:03:36] [155/326] PVDN
[01:03:37] [156/326] SCPY
[01:03:38] [157/326] DTPY
[01:03:39] [158/326] GKCS
[01:03:40] [159/326] NCAM
[01:03:41] [160/326] BSRM
[01:03:42] 🔄 Identity reset
[01:03:42] 🔄 Identity rotated (every 10 requests)
[01:03:42] [161/326] RCLC
[01:03:43] [162/326] SKKD
[01:03:44] [163/326] ACHU
[01:03:45] [164/326] RSCF
[01:03:46] [165/326] IMSH
[01:03:47] [166/326] MACX
[01:03:48] [167/326] HMMW
[01:03:48] [168/326] JTCP
[01:03:49] [169/326] SREN
[01:03:50] [170/326] PJRR
[01:03:51] 🔄 Identity reset
[01:03:51] 🔄 Identity rotated (every 10 requests)
[01:03:52] [171/326] INAC
[01:03:52] [172/326] BMCA
[01:03:53] [173/326] SHCB
[01:03:55] [174/326] GABA
[01:03:56] [175/326] SBCT
[01:03:57] [176/326] GCMA
[01:03:58] [177/326] MYTK
[01:03:59] [178/326] INZS
[01:03:59] [179/326] RMIK
[01:04:01] [180/326] NYCH
[01:04:02] 🔄 Identity reset
[01:04:02] 🔄 Identity rotated (every 10 requests)
[01:04:02] [181/326] RAVE
[01:04:03] [182/326] PSXM
[01:04:04] [183/326] MCGP
[01:04:05] [184/326] PDDK
[01:04:05] [185/326] SPCK
[01:04:06] [186/326] MCRL
[01:04:07] [187/326] MHKT
[01:04:08] [188/326] ANRR
[01:04:09] [189/326] SAPK
[01:04:10] [190/326] NCUK
[01:04:11] 🔄 Identity reset
[01:04:11] 🔄 Identity rotated (every 10 requests)
[01:04:12] [191/326] JUGA
[01:04:13] [192/326] DBSC
[01:04:14] [193/326] LALK
[01:04:15] [194/326] GUCK
[01:04:16] [195/326] STSG
[01:04:17] [196/326] PPPZ
[01:04:18] [197/326] CNCY
[01:04:19] [198/326] MTAR
[01:04:20] [199/326] VNKD
[01:04:21] [200/326] KMAJ
[01:04:22] 🔄 Identity reset
[01:04:22] 🔄 Identity rotated (every 10 requests)
[01:04:22] [201/326] ACXK
[01:04:23] [202/326] UTKC
[01:04:24] [203/326] PBLK
[01:04:26] [204/326] ACBX
[01:04:27] [205/326] PTGM
[01:04:28] [206/326] BTDA
[01:04:28] [207/326] PJMB
[01:04:29] [208/326] TPDA
[01:04:30] [209/326] AMOE
[01:04:31] [210/326] PRHT
[01:04:31] 🔄 Identity reset
[01:04:31] 🔄 Identity rotated (every 10 requests)
[01:04:32] [211/326] PRTA
[01:04:32] [212/326] STAM
[01:04:33] [213/326] MSAA
[01:04:34] [214/326] SDLU
[01:04:35] [215/326] RCHH
[01:04:35] [216/326] KANT
[01:04:36] [217/326] FCRT
[01:04:37] [218/326] DNKM
[01:04:38] [219/326] RYCP
[01:04:39] [220/326] MYRP
[01:04:40] 🔄 Identity reset
[01:04:40] 🔄 Identity rotated (every 10 requests)
[01:04:40] [221/326] PPAK
[01:04:41] [222/326] NVPK
[01:04:42] [223/326] PRMC
[01:04:43] [224/326] JBCS
[01:04:44] [225/326] GXCK
[01:04:45] [226/326] USKO
[01:04:45] [227/326] GTEM
[01:04:46] [228/326] SMBU
[01:04:47] [229/326] VETC
[01:04:48] [230/326] LCDA
[01:04:48] 🔄 Identity reset
[01:04:48] 🔄 Identity rotated (every 10 requests)
[01:04:49] [231/326] MTVT
[01:04:50] [232/326] PYCP
[01:04:50] [233/326] PNSC
[01:04:51] [234/326] PPCC
[01:04:52] [235/326] TGRT
[01:04:53] [236/326] JYOT
[01:04:53] [237/326] SRCZ
[01:04:54] [238/326] SJTE
[01:04:55] [239/326] DESC
[01:04:56] [240/326] JHVN
[01:04:56] 🔄 Identity reset
[01:04:56] 🔄 Identity rotated (every 10 requests)
[01:04:57] [241/326] IPSG
[01:04:57] [242/326] IPCM
[01:04:58] [243/326] PDRS
[01:05:00] [244/326] ANCV
[01:05:01] [245/326] CMVV
[01:05:02] [246/326] SHYP
[01:05:02] [247/326] DNCS
[01:05:03] [248/326] GAJK
[01:05:04] [249/326] AKTN
[01:05:05] [250/326] KAYA
[01:05:06] 🔄 Identity reset
[01:05:06] 🔄 Identity rotated (every 10 requests)
[01:05:07] [251/326] SBRC
[01:05:08] [252/326] CHTP
[01:05:09] [253/326] SHRT
[01:05:09] [254/326] BCKU
[01:05:10] [255/326] FCPS
[01:05:11] [256/326] ARDD
[01:05:12] [257/326] CPCM
[01:05:13] [258/326] CGSM
[01:05:14] [259/326] PSMP
[01:05:15] [260/326] SDAL
[01:05:15] 🔄 Identity reset
[01:05:15] 🔄 Identity rotated (every 10 requests)
[01:05:15] [261/326] RTNB
[01:05:17] [262/326] LMCR
[01:05:17] [263/326] CIMA
[01:05:18] [264/326] RNAS
[01:05:19] [265/326] LITH
[01:05:20] [266/326] PBOX
[01:05:21] [267/326] FRTS
[01:05:21] [268/326] RKIC
[01:05:22] [269/326] PTAI
[01:05:23] [270/326] GCIC
[01:05:24] 🔄 Identity reset
[01:05:24] 🔄 Identity rotated (every 10 requests)
[01:05:24] [271/326] FNAS
[01:05:25] [272/326] SCAR
[01:05:26] [273/326] MTCA
[01:05:27] [274/326] SCTS
[01:05:28] [275/326] SYCS
[01:05:29] [276/326] RDMS
[01:05:30] [277/326] KAMP
[01:05:31] [278/326] ERSD
[01:05:32] [279/326] MJMJ
[01:05:33] [280/326] SRCJ
[01:05:34] 🔄 Identity reset
[01:05:34] 🔄 Identity rotated (every 10 requests)
[01:05:34] [281/326] SCXE
[01:05:35] [282/326] SVFR
[01:05:36] [283/326] BHCS
[01:05:36] [284/326] IMCC
[01:05:37] [285/326] PCBO
[01:05:38] [286/326] PRVN
[01:05:39] [287/326] AUPM
[01:05:40] [288/326] INBW
[01:05:41] [289/326] SVCW
[01:05:41] [290/326] RKCF
[01:05:42] 🔄 Identity reset
[01:05:42] 🔄 Identity rotated (every 10 requests)
[01:05:42] [291/326] UVBH
[01:05:43] [292/326] DNCY
[01:05:45] [293/326] ABCN
[01:05:46] [294/326] PRUR
[01:05:47] [295/326] PFMR
[01:05:48] [296/326] RKCN
[01:05:49] [297/326] CFEA
[01:05:50] [298/326] SDBG
[01:05:51] [299/326] SNAR
[01:05:52] [300/326] YISI
[01:05:52] 🔄 Identity reset
[01:05:52] 🔄 Identity rotated (every 10 requests)
[01:05:52] [301/326] JCFF
[01:05:53] [302/326] VTRK
[01:05:54] [303/326] PCLZ
[01:05:55] [304/326] DIMY
[01:05:56] [305/326] BBTS
[01:05:57] [306/326] GATH
[01:05:58] [307/326] GTMN
[01:05:58] [308/326] VTMH
[01:05:59] [309/326] CCKP
[01:06:00] [310/326] GPKA
[01:06:01] 🔄 Identity reset
[01:06:01] 🔄 Identity rotated (every 10 requests)
[01:06:01] [311/326] MHCL
[01:06:02] [312/326] ATCL
[01:06:03] [313/326] SBCK
[01:06:04] [314/326] AMMR
[01:06:05] [315/326] MADC
[01:06:05] [316/326] TMMA
[01:06:06] [317/326] CACC
[01:06:07] [318/326] CHAL
[01:06:08] [319/326] DURG
[01:06:09] [320/326] GMKU
[01:06:09] 🔄 Identity reset
[01:06:09] 🔄 Identity rotated (every 10 requests)
[01:06:10] [321/326] GECA
[01:06:10] [322/326] KYRR
[01:06:11] [323/326] KSDE
[01:06:12] [324/326] LMCI
[01:06:13] [325/326] NKCP
[01:06:14] [326/326] BGTC
[01:06:15] 🧹 Deduping shows
[01:06:15] ✅ DONE | Shows=332 | Movies=1
[04:46:44] 🚀 SCRIPT STARTED (enhanced anti‑detection)
[04:46:44] [1/326] BSAT
[04:46:44] 🧠 New identity created
[04:46:45] [2/326] RSSM
[04:46:46] [3/326] GCTA
[04:46:47] [4/326] TOPN
[04:46:48] [5/326] MCUS
[04:46:49] [6/326] SHRL
[04:46:50] [7/326] UPTP
[04:46:51] [8/326] TMMP
[04:46:52] [9/326] DNRP
[04:46:53] [10/326] SRLT
[04:46:53] 🔄 Identity reset
[04:46:53] 🔄 Identity rotated (every 10 requests)
[04:46:54] [11/326] RCNS
[04:46:55] [12/326] DCBH
[04:46:56] [13/326] NAGJ
[04:46:56] [14/326] JVRC
[04:46:57] [15/326] KRJG
[04:46:58] [16/326] SRTJ
[04:46:59] [17/326] CMXM
[04:47:00] [18/326] STMI
[04:47:01] [19/326] SLST
[04:47:02] [20/326] DTCN
[04:47:03] 🔄 Identity reset
[04:47:03] 🔄 Identity rotated (every 10 requests)
[04:47:03] [21/326] STYN
[04:47:04] [22/326] SZVR
[04:47:06] [23/326] SRKO
[04:47:07] [24/326] JTGT
[04:47:08] [25/326] SVFD
[04:47:09] [26/326] SISD
[04:47:10] [27/326] ABDD
[04:47:11] [28/326] DRCA
[04:47:13] [29/326] AVCS
[04:47:13] [30/326] MVKH
[04:47:14] 🔄 Identity reset
[04:47:14] 🔄 Identity rotated (every 10 requests)
[04:47:14] [31/326] ACPR
[04:47:15] [32/326] STIP
[04:47:16] [33/326] MTRA
[04:47:17] [34/326] RMKH
[04:47:19] [35/326] NKRL
[04:47:20] [36/326] PCWN
[04:47:21] [37/326] BLMT
[04:47:21] [38/326] GDPG
[04:47:23] [39/326] SRMX
[04:47:23] [40/326] JACP
[04:47:24] 🔄 Identity reset
[04:47:24] 🔄 Identity rotated (every 10 requests)
[04:47:24] [41/326] CPSH
[04:47:25] [42/326] MCCD
[04:47:26] [43/326] ECGH
[04:47:27] [44/326] MKCK
[04:47:28] [45/326] SRMM
[04:47:29] [46/326] SKYR
[04:47:30] [47/326] PCKC
[04:47:31] [48/326] JCMA
[04:47:32] [49/326] BSMP
[04:47:33] [50/326] VSPA
[04:47:34] 🔄 Identity reset
[04:47:34] 🔄 Identity rotated (every 10 requests)
[04:47:34] [51/326] DJYA
[04:47:35] [52/326] DIMP
[04:47:36] [53/326] FXDR
[04:47:37] [54/326] SSRC
[04:47:38] [55/326] STHP
[04:47:39] [56/326] CPPD
[04:47:40] [57/326] FCLK
[04:47:41] [58/326] SCPP
[04:47:42] [59/326] DCMJ
[04:47:43] [60/326] RCCR
[04:47:43] 🔄 Identity reset
[04:47:43] 🔄 Identity rotated (every 10 requests)
[04:47:44] [61/326] INMT
[04:47:45] [62/326] LXTK
[04:47:46] [63/326] SRYK
[04:47:47] [64/326] SGDK
[04:47:48] [65/326] PPKA
[04:47:49] [66/326] SPKA
[04:47:50] [67/326] CGHH
[04:47:51] [68/326] DCJN
[04:47:52] [69/326] SRKV
[04:47:53] [70/326] SAJC
[04:47:53] 🔄 Identity reset
[04:47:53] 🔄 Identity rotated (every 10 requests)
[04:47:54] [71/326] SUSR
[04:47:55] [72/326] STYG
[04:47:56] [73/326] NTKP
[04:47:56] [74/326] AKTG
[04:47:57] [75/326] CGCM
[04:47:58] [76/326] TULC
[04:47:59] [77/326] NYYZ
[04:48:01] [78/326] NYBW
[04:48:02] [79/326] MACB
[04:48:03] [80/326] SLVT
[04:48:04] 🔄 Identity reset
[04:48:04] 🔄 Identity rotated (every 10 requests)
[04:48:04] [81/326] SANA
[04:48:05] [82/326] ACMR
[04:48:06] [83/326] CPKN
[04:48:07] [84/326] DLGK
[04:48:08] [85/326] CWCK
[04:48:09] [86/326] FDDH
[04:48:11] [87/326] MMMD
[04:48:12] [88/326] CMEH
[04:48:12] [89/326] GGGV
[04:48:13] [90/326] SPJL
[04:48:14] 🔄 Identity reset
[04:48:14] 🔄 Identity rotated (every 10 requests)
[04:48:14] [91/326] RCCD
[04:48:15] [92/326] STTZ
[04:48:16] [93/326] BTCF
[04:48:17] [94/326] TSTZ
[04:48:18] [95/326] IPMM
[04:48:19] [96/326] PMPW
[04:48:20] [97/326] PCMZ
[04:48:21] [98/326] ESEM
[04:48:22] [99/326] PIPO
[04:48:23] [100/326] MATK
[04:48:24] 🔄 Identity reset
[04:48:24] 🔄 Identity rotated (every 10 requests)
[04:48:25] [101/326] PGHM
[04:48:26] [102/326] CTSR
[04:48:27] [103/326] CYKR
[04:48:28] [104/326] MSCM
[04:48:29] [105/326] RFNP
[04:48:30] [106/326] PDCP
[04:48:31] [107/326] NPSE
[04:48:32] [108/326] MKML
[04:48:33] [109/326] FTDP
[04:48:34] [110/326] MMXA
[04:48:34] 🔄 Identity reset
[04:48:34] 🔄 Identity rotated (every 10 requests)
[04:48:35] [111/326] CEPO
[04:48:35] [112/326] CMVP
[04:48:36] [113/326] SGTH
[04:48:37] [114/326] SAYN
[04:48:38] [115/326] URVS
[04:48:39] [116/326] VJTN
[04:48:40] [117/326] BBYK
[04:48:41] [118/326] SHBO
[04:48:42] [119/326] VCMR
[04:48:43] [120/326] MACT
[04:48:44] 🔄 Identity reset
[04:48:44] 🔄 Identity rotated (every 10 requests)
[04:48:44] [121/326] JMNP
[04:48:45] [122/326] VICS
[04:48:46] [123/326] VCDA
[04:48:47] [124/326] GCMM
[04:48:48] [125/326] INVS
[04:48:49] [126/326] SCGM
[04:48:50] [127/326] PCDA
[04:48:51] [128/326] KDCT
[04:48:52] [129/326] JACS
[04:48:54] [130/326] GMMC
[04:48:54] 🔄 Identity reset
[04:48:54] 🔄 Identity rotated (every 10 requests)
[04:48:54] [131/326] AICM
[04:48:55] [132/326] TJCM
[04:48:56] [133/326] RMTI
[04:48:57] [134/326] SHAC
[04:48:58] [135/326] APJC
[04:48:59] [136/326] GCTG
[04:49:01] [137/326] SSMC
[04:49:02] [138/326] THRM
[04:49:03] [139/326] RBCT
[04:49:03] [140/326] DIKT
[04:49:04] 🔄 Identity reset
[04:49:04] 🔄 Identity rotated (every 10 requests)
[04:49:05] [141/326] MIDL
[04:49:05] [142/326] VCSN
[04:49:06] [143/326] SKTG
[04:49:07] [144/326] SMWC
[04:49:08] [145/326] MNKH
[04:49:09] [146/326] PIAT
[04:49:10] [147/326] LTTP
[04:49:11] [148/326] PTPU
[04:49:13] [149/326] ACMG
[04:49:14] [150/326] SHMM
[04:49:15] 🔄 Identity reset
[04:49:15] 🔄 Identity rotated (every 10 requests)
[04:49:15] [151/326] MCMN
[04:49:16] [152/326] GLDC
[04:49:17] [153/326] HOUT
[04:49:18] [154/326] SVRP
[04:49:19] [155/326] PVDN
[04:49:21] [156/326] SCPY
[04:49:21] [157/326] DTPY
[04:49:23] [158/326] GKCS
[04:49:24] [159/326] NCAM
[04:49:25] [160/326] BSRM
[04:49:25] 🔄 Identity reset
[04:49:25] 🔄 Identity rotated (every 10 requests)
[04:49:26] [161/326] RCLC
[04:49:27] [162/326] SKKD
[04:49:28] [163/326] ACHU
[04:49:29] [164/326] RSCF
[04:49:30] [165/326] IMSH
[04:49:31] [166/326] MACX
[04:49:32] [167/326] HMMW
[04:49:33] [168/326] JTCP
[04:49:34] [169/326] SREN
[04:49:36] [170/326] PJRR
[04:49:36] 🔄 Identity reset
[04:49:36] 🔄 Identity rotated (every 10 requests)
[04:49:38] [171/326] INAC
[04:49:39] [172/326] BMCA
[04:49:40] [173/326] SHCB
[04:49:40] [174/326] GABA
[04:49:41] [175/326] SBCT
[04:49:42] [176/326] GCMA
[04:49:43] [177/326] MYTK
[04:49:45] [178/326] INZS
[04:49:46] [179/326] RMIK
[04:49:46] [180/326] NYCH
[04:49:47] 🔄 Identity reset
[04:49:47] 🔄 Identity rotated (every 10 requests)
[04:49:47] [181/326] RAVE
[04:49:48] [182/326] PSXM
[04:49:50] [183/326] MCGP
[04:49:51] [184/326] PDDK
[04:49:52] [185/326] SPCK
[04:49:53] [186/326] MCRL
[04:49:54] [187/326] MHKT
[04:49:55] [188/326] ANRR
[04:49:56] [189/326] SAPK
[04:49:57] [190/326] NCUK
[04:49:58] 🔄 Identity reset
[04:49:58] 🔄 Identity rotated (every 10 requests)
[04:49:58] [191/326] JUGA
[04:49:59] [192/326] DBSC
[04:50:00] [193/326] LALK
[04:50:01] [194/326] GUCK
[04:50:01] [195/326] STSG
[04:50:03] [196/326] PPPZ
[04:50:03] [197/326] CNCY
[04:50:04] [198/326] MTAR
[04:50:05] [199/326] VNKD
[04:50:06] [200/326] KMAJ
[04:50:07] 🔄 Identity reset
[04:50:07] 🔄 Identity rotated (every 10 requests)
[04:50:07] [201/326] ACXK
[04:50:08] [202/326] UTKC
[04:50:09] [203/326] PBLK
[04:50:10] [204/326] ACBX
[04:50:10] [205/326] PTGM
[04:50:11] [206/326] BTDA
[04:50:12] [207/326] PJMB
[04:50:13] [208/326] TPDA
[04:50:14] [209/326] AMOE
[04:50:15] [210/326] PRHT
[04:50:15] 🔄 Identity reset
[04:50:15] 🔄 Identity rotated (every 10 requests)
[04:50:16] [211/326] PRTA
[04:50:17] [212/326] STAM
[04:50:18] [213/326] MSAA
[04:50:19] [214/326] SDLU
[04:50:20] [215/326] RCHH
[04:50:21] [216/326] KANT
[04:50:22] [217/326] FCRT
[04:50:23] [218/326] DNKM
[04:50:24] [219/326] RYCP
[04:50:25] [220/326] MYRP
[04:50:25] 🔄 Identity reset
[04:50:25] 🔄 Identity rotated (every 10 requests)
[04:50:26] [221/326] PPAK
[04:50:26] [222/326] NVPK
[04:50:27] [223/326] PRMC
[04:50:29] [224/326] JBCS
[04:50:30] [225/326] GXCK
[04:50:31] [226/326] USKO
[04:50:32] [227/326] GTEM
[04:50:33] [228/326] SMBU
[04:50:35] [229/326] VETC
[04:50:36] [230/326] LCDA
[04:50:36] 🔄 Identity reset
[04:50:36] 🔄 Identity rotated (every 10 requests)
[04:50:37] [231/326] MTVT
[04:50:38] [232/326] PYCP
[04:50:39] [233/326] PNSC
[04:50:40] [234/326] PPCC
[04:50:41] [235/326] TGRT
[04:50:42] [236/326] JYOT
[04:50:43] [237/326] SRCZ
[04:50:44] [238/326] SJTE
[04:50:45] [239/326] DESC
[04:50:46] [240/326] JHVN
[04:50:46] 🔄 Identity reset
[04:50:46] 🔄 Identity rotated (every 10 requests)
[04:50:47] [241/326] IPSG
[04:50:48] [242/326] IPCM
[04:50:48] [243/326] PDRS
[04:50:49] [244/326] ANCV
[04:50:50] [245/326] CMVV
[04:50:51] [246/326] SHYP
[04:50:52] [247/326] DNCS
[04:50:53] [248/326] GAJK
[04:50:54] [249/326] AKTN
[04:50:55] [250/326] KAYA
[04:50:55] 🔄 Identity reset
[04:50:55] 🔄 Identity rotated (every 10 requests)
[04:50:56] [251/326] SBRC
[04:50:57] [252/326] CHTP
[04:50:58] [253/326] SHRT
[04:50:59] [254/326] BCKU
[04:51:00] [255/326] FCPS
[04:51:01] [256/326] ARDD
[04:51:02] [257/326] CPCM
[04:51:03] [258/326] CGSM
[04:51:04] [259/326] PSMP
[04:51:05] [260/326] SDAL
[04:51:06] 🔄 Identity reset
[04:51:06] 🔄 Identity rotated (every 10 requests)
[04:51:06] [261/326] RTNB
[04:51:07] [262/326] LMCR
[04:51:08] [263/326] CIMA
[04:51:10] [264/326] RNAS
[04:51:11] [265/326] LITH
[04:51:12] [266/326] PBOX
[04:51:13] [267/326] FRTS
[04:51:14] [268/326] RKIC
[04:51:15] [269/326] PTAI
[04:51:16] [270/326] GCIC
[04:51:16] 🔄 Identity reset
[04:51:16] 🔄 Identity rotated (every 10 requests)
[04:51:16] [271/326] FNAS
[04:51:18] [272/326] SCAR
[04:51:19] [273/326] MTCA
[04:51:20] [274/326] SCTS
[04:51:21] [275/326] SYCS
[04:51:22] [276/326] RDMS
[04:51:22] [277/326] KAMP
[04:51:23] [278/326] ERSD
[04:51:25] [279/326] MJMJ
[04:51:27] [280/326] SRCJ
[04:51:28] 🔄 Identity reset
[04:51:28] 🔄 Identity rotated (every 10 requests)
[04:51:28] [281/326] SCXE
[04:51:29] [282/326] SVFR
[04:51:30] [283/326] BHCS
[04:51:31] [284/326] IMCC
[04:51:32] [285/326] PCBO
[04:51:33] [286/326] PRVN
[04:51:34] [287/326] AUPM
[04:51:35] [288/326] INBW
[04:51:36] [289/326] SVCW
[04:51:37] [290/326] RKCF
[04:51:37] 🔄 Identity reset
[04:51:37] 🔄 Identity rotated (every 10 requests)
[04:51:38] [291/326] UVBH
[04:51:39] [292/326] DNCY
[04:51:40] [293/326] ABCN
[04:51:41] [294/326] PRUR
[04:51:42] [295/326] PFMR
[04:51:44] [296/326] RKCN
[04:51:44] [297/326] CFEA
[04:51:46] [298/326] SDBG
[04:51:46] [299/326] SNAR
[04:51:47] [300/326] YISI
[04:51:48] 🔄 Identity reset
[04:51:48] 🔄 Identity rotated (every 10 requests)
[04:51:49] [301/326] JCFF
[04:51:51] [302/326] VTRK
[04:51:52] [303/326] PCLZ
[04:51:53] [304/326] DIMY
[04:51:54] [305/326] BBTS
[04:51:54] [306/326] GATH
[04:51:56] [307/326] GTMN
[04:51:57] [308/326] VTMH
[04:51:57] [309/326] CCKP
[04:51:58] [310/326] GPKA
[04:51:59] 🔄 Identity reset
[04:51:59] 🔄 Identity rotated (every 10 requests)
[04:52:00] [311/326] MHCL
[04:52:01] [312/326] ATCL
[04:52:02] [313/326] SBCK
[04:52:02] [314/326] AMMR
[04:52:03] [315/326] MADC
[04:52:04] [316/326] TMMA
[04:52:05] [317/326] CACC
[04:52:06] [318/326] CHAL
[04:52:07] [319/326] DURG
[04:52:08] [320/326] GMKU
[04:52:08] 🔄 Identity reset
[04:52:08] 🔄 Identity rotated (every 10 requests)
[04:52:09] [321/326] GECA
[04:52:10] [322/326] KYRR
[04:52:12] [323/326] KSDE
[04:52:13] [324/326] LMCI
[04:52:14] [325/326] NKCP
[04:52:15] [326/326] BGTC
[04:52:17] 🧹 Deduping shows
[04:52:17] ✅ DONE | Shows=337 | Movies=1
[10:28:18] 🚀 SCRIPT STARTED (enhanced anti‑detection)
[10:28:18] [1/326] BSAT
[10:28:19] 🧠 New identity created
[10:28:19] [2/326] RSSM
[10:28:20] [3/326] GCTA
[10:28:21] [4/326] TOPN
[10:28:22] [5/326] MCUS
[10:28:23] [6/326] SHRL
[10:28:24] [7/326] UPTP
[10:28:25] [8/326] TMMP
[10:28:25] [9/326] DNRP
[10:28:26] [10/326] SRLT
[10:28:27] 🔄 Identity reset
[10:28:27] 🔄 Identity rotated (every 10 requests)
[10:28:27] [11/326] RCNS
[10:28:28] [12/326] DCBH
[10:28:30] [13/326] NAGJ
[10:28:31] [14/326] JVRC
[10:28:32] [15/326] KRJG
[10:28:32] [16/326] SRTJ
[10:28:33] [17/326] CMXM
[10:28:34] [18/326] STMI
[10:28:35] [19/326] SLST
[10:28:36] [20/326] DTCN
[10:28:36] 🔄 Identity reset
[10:28:36] 🔄 Identity rotated (every 10 requests)
[10:28:37] [21/326] STYN
[10:28:38] [22/326] SZVR
[10:28:39] [23/326] SRKO
[10:28:40] [24/326] JTGT
[10:28:41] [25/326] SVFD
[10:28:42] [26/326] SISD
[10:28:43] [27/326] ABDD
[10:28:43] [28/326] DRCA
[10:28:44] [29/326] AVCS
[10:28:45] [30/326] MVKH
[10:28:46] 🔄 Identity reset
[10:28:46] 🔄 Identity rotated (every 10 requests)
[10:28:46] [31/326] ACPR
[10:28:47] [32/326] STIP
[10:28:48] [33/326] MTRA
[10:28:49] [34/326] RMKH
[10:28:49] [35/326] NKRL
[10:28:50] [36/326] PCWN
[10:28:51] [37/326] BLMT
[10:28:52] [38/326] GDPG
[10:28:53] [39/326] SRMX
[10:28:54] [40/326] JACP
[10:28:54] 🔄 Identity reset
[10:28:54] 🔄 Identity rotated (every 10 requests)
[10:28:55] [41/326] CPSH
[10:28:55] [42/326] MCCD
[10:28:56] [43/326] ECGH
[10:28:57] [44/326] MKCK
[10:28:58] [45/326] SRMM
[10:28:59] [46/326] SKYR
[10:29:00] [47/326] PCKC
[10:29:01] [48/326] JCMA
[10:29:01] [49/326] BSMP
[10:29:02] [50/326] VSPA
[10:29:03] 🔄 Identity reset
[10:29:03] 🔄 Identity rotated (every 10 requests)
[10:29:03] [51/326] DJYA
[10:29:04] [52/326] DIMP
[10:29:05] [53/326] FXDR
[10:29:06] [54/326] SSRC
[10:29:07] [55/326] STHP
[10:29:08] [56/326] CPPD
[10:29:09] [57/326] FCLK
[10:29:10] [58/326] SCPP
[10:29:11] [59/326] DCMJ
[10:29:12] [60/326] RCCR
[10:29:12] 🔄 Identity reset
[10:29:12] 🔄 Identity rotated (every 10 requests)
[10:29:13] [61/326] INMT
[10:29:14] [62/326] LXTK
[10:29:14] [63/326] SRYK
[10:29:16] [64/326] SGDK
[10:29:17] [65/326] PPKA
[10:29:18] [66/326] SPKA
[10:29:19] [67/326] CGHH
[10:29:20] [68/326] DCJN
[10:29:21] [69/326] SRKV
[10:29:22] [70/326] SAJC
[10:29:23] 🔄 Identity reset
[10:29:23] 🔄 Identity rotated (every 10 requests)
[10:29:23] [71/326] SUSR
[10:29:24] [72/326] STYG
[10:29:26] [73/326] NTKP
[10:29:26] [74/326] AKTG
[10:29:27] [75/326] CGCM
[10:29:29] [76/326] TULC
[10:29:30] [77/326] NYYZ
[10:29:31] [78/326] NYBW
[10:29:31] [79/326] MACB
[10:29:32] [80/326] SLVT
[10:29:33] 🔄 Identity reset
[10:29:33] 🔄 Identity rotated (every 10 requests)
[10:29:33] [81/326] SANA
[10:29:34] [82/326] ACMR
[10:29:35] [83/326] CPKN
[10:29:36] [84/326] DLGK
[10:29:37] [85/326] CWCK
[10:29:38] [86/326] FDDH
[10:29:39] [87/326] MMMD
[10:29:40] [88/326] CMEH
[10:29:41] [89/326] GGGV
[10:29:42] [90/326] SPJL
[10:29:42] 🔄 Identity reset
[10:29:42] 🔄 Identity rotated (every 10 requests)
[10:29:43] [91/326] RCCD
[10:29:44] [92/326] STTZ
[10:29:45] [93/326] BTCF
[10:29:46] [94/326] TSTZ
[10:29:46] [95/326] IPMM
[10:29:47] [96/326] PMPW
[10:29:48] [97/326] PCMZ
[10:29:49] [98/326] ESEM
[10:29:50] [99/326] PIPO
[10:29:51] [100/326] MATK
[10:29:51] 🔄 Identity reset
[10:29:51] 🔄 Identity rotated (every 10 requests)
[10:29:52] [101/326] PGHM
[10:29:52] [102/326] CTSR
[10:29:53] [103/326] CYKR
[10:29:54] [104/326] MSCM
[10:29:55] [105/326] RFNP
[10:29:56] [106/326] PDCP
[10:29:57] [107/326] NPSE
[10:29:57] [108/326] MKML
[10:29:58] [109/326] FTDP
[10:29:59] [110/326] MMXA
[10:30:00] 🔄 Identity reset
[10:30:00] 🔄 Identity rotated (every 10 requests)
[10:30:00] [111/326] CEPO
[10:30:01] [112/326] CMVP
[10:30:02] [113/326] SGTH
[10:30:03] [114/326] SAYN
[10:30:04] [115/326] URVS
[10:30:05] [116/326] VJTN
[10:30:05] [117/326] BBYK
[10:30:06] [118/326] SHBO
[10:30:07] [119/326] VCMR
[10:30:08] [120/326] MACT
[10:30:08] 🔄 Identity reset
[10:30:09] 🔄 Identity rotated (every 10 requests)
[10:30:09] [121/326] JMNP
[10:30:10] [122/326] VICS
[10:30:11] [123/326] VCDA
[10:30:11] [124/326] GCMM
[10:30:12] [125/326] INVS
[10:30:13] [126/326] SCGM
[10:30:14] [127/326] PCDA
[10:30:15] [128/326] KDCT
[10:30:16] [129/326] JACS
[10:30:17] [130/326] GMMC
[10:30:17] 🔄 Identity reset
[10:30:17] 🔄 Identity rotated (every 10 requests)
[10:30:18] [131/326] AICM
[10:30:19] [132/326] TJCM
[10:30:19] [133/326] RMTI
[10:30:20] [134/326] SHAC
[10:30:21] [135/326] APJC
[10:30:22] [136/326] GCTG
[10:30:23] [137/326] SSMC
[10:30:24] [138/326] THRM
[10:30:25] [139/326] RBCT
[10:30:26] [140/326] DIKT
[10:30:26] 🔄 Identity reset
[10:30:26] 🔄 Identity rotated (every 10 requests)
[10:30:27] [141/326] MIDL
[10:30:27] [142/326] VCSN
[10:30:28] [143/326] SKTG
[10:30:29] [144/326] SMWC
[10:30:30] [145/326] MNKH
[10:30:31] [146/326] PIAT
[10:30:32] [147/326] LTTP
[10:30:32] [148/326] PTPU
[10:30:33] [149/326] ACMG
[10:30:34] [150/326] SHMM
[10:30:34] 🔄 Identity reset
[10:30:34] 🔄 Identity rotated (every 10 requests)
[10:30:35] [151/326] MCMN
[10:30:36] [152/326] GLDC
[10:30:37] [153/326] HOUT
[10:30:38] [154/326] SVRP
[10:30:38] [155/326] PVDN
[10:30:39] [156/326] SCPY
[10:30:40] [157/326] DTPY
[10:30:41] [158/326] GKCS
[10:30:42] [159/326] NCAM
[10:30:43] [160/326] BSRM
[10:30:44] 🔄 Identity reset
[10:30:44] 🔄 Identity rotated (every 10 requests)
[10:30:44] [161/326] RCLC
[10:30:45] [162/326] SKKD
[10:30:46] [163/326] ACHU
[10:30:47] [164/326] RSCF
[10:30:48] [165/326] IMSH
[10:30:48] [166/326] MACX
[10:30:49] [167/326] HMMW
[10:30:50] [168/326] JTCP
[10:30:51] [169/326] SREN
[10:30:52] [170/326] PJRR
[10:30:52] 🔄 Identity reset
[10:30:52] 🔄 Identity rotated (every 10 requests)
[10:30:53] [171/326] INAC
[10:30:53] [172/326] BMCA
[10:30:54] [173/326] SHCB
[10:30:55] [174/326] GABA
[10:30:56] [175/326] SBCT
[10:30:56] [176/326] GCMA
[10:30:57] [177/326] MYTK
[10:30:58] [178/326] INZS
[10:30:59] [179/326] RMIK
[10:31:01] [180/326] NYCH
[10:31:01] 🔄 Identity reset
[10:31:01] 🔄 Identity rotated (every 10 requests)
[10:31:02] [181/326] RAVE
[10:31:02] [182/326] PSXM
[10:31:03] [183/326] MCGP
[10:31:04] [184/326] PDDK
[10:31:05] [185/326] SPCK
[10:31:06] [186/326] MCRL
[10:31:07] [187/326] MHKT
[10:31:09] [188/326] ANRR
[10:31:10] [189/326] SAPK
[10:31:10] [190/326] NCUK
[10:31:11] 🔄 Identity reset
[10:31:11] 🔄 Identity rotated (every 10 requests)
[10:31:11] [191/326] JUGA
[10:31:12] [192/326] DBSC
[10:31:14] [193/326] LALK
[10:31:15] [194/326] GUCK
[10:31:16] [195/326] STSG
[10:31:16] [196/326] PPPZ
[10:31:17] [197/326] CNCY
[10:31:18] [198/326] MTAR
[10:31:20] [199/326] VNKD
[10:31:21] [200/326] KMAJ
[10:31:21] 🔄 Identity reset
[10:31:21] 🔄 Identity rotated (every 10 requests)
[10:31:22] [201/326] ACXK
[10:31:23] [202/326] UTKC
[10:31:24] [203/326] PBLK
[10:31:25] [204/326] ACBX
[10:31:26] [205/326] PTGM
[10:31:27] [206/326] BTDA
[10:31:28] [207/326] PJMB
[10:31:29] [208/326] TPDA
[10:31:29] [209/326] AMOE
[10:31:30] [210/326] PRHT
[10:31:31] 🔄 Identity reset
[10:31:31] 🔄 Identity rotated (every 10 requests)
[10:31:31] [211/326] PRTA
[10:31:32] [212/326] STAM
[10:31:33] [213/326] MSAA
[10:31:34] [214/326] SDLU
[10:31:34] [215/326] RCHH
[10:31:35] [216/326] KANT
[10:31:36] [217/326] FCRT
[10:31:37] [218/326] DNKM
[10:31:37] [219/326] RYCP
[10:31:38] [220/326] MYRP
[10:31:39] 🔄 Identity reset
[10:31:39] 🔄 Identity rotated (every 10 requests)
[10:31:39] [221/326] PPAK
[10:31:40] [222/326] NVPK
[10:31:41] [223/326] PRMC
[10:31:41] [224/326] JBCS
[10:31:43] [225/326] GXCK
[10:31:45] [226/326] USKO
[10:31:46] [227/326] GTEM
[10:31:46] [228/326] SMBU
[10:31:47] [229/326] VETC
[10:31:49] [230/326] LCDA
[10:31:49] 🔄 Identity reset
[10:31:49] 🔄 Identity rotated (every 10 requests)
[10:31:50] [231/326] MTVT
[10:31:51] [232/326] PYCP
[10:31:52] [233/326] PNSC
[10:31:53] [234/326] PPCC
[10:31:54] [235/326] TGRT
[10:31:55] [236/326] JYOT
[10:31:55] [237/326] SRCZ
[10:31:56] [238/326] SJTE
[10:31:57] [239/326] DESC
[10:31:58] [240/326] JHVN
[10:31:59] 🔄 Identity reset
[10:31:59] 🔄 Identity rotated (every 10 requests)
[10:31:59] [241/326] IPSG
[10:32:00] [242/326] IPCM
[10:32:01] [243/326] PDRS
[10:32:02] [244/326] ANCV
[10:32:03] [245/326] CMVV
[10:32:03] [246/326] SHYP
[10:32:04] [247/326] DNCS
[10:32:05] [248/326] GAJK
[10:32:06] [249/326] AKTN
[10:32:07] [250/326] KAYA
[10:32:07] 🔄 Identity reset
[10:32:07] 🔄 Identity rotated (every 10 requests)
[10:32:07] [251/326] SBRC
[10:32:08] [252/326] CHTP
[10:32:09] [253/326] SHRT
[10:32:10] [254/326] BCKU
[10:32:11] [255/326] FCPS
[10:32:12] [256/326] ARDD
[10:32:12] [257/326] CPCM
[10:32:13] [258/326] CGSM
[10:32:14] [259/326] PSMP
[10:32:15] [260/326] SDAL
[10:32:15] 🔄 Identity reset
[10:32:15] 🔄 Identity rotated (every 10 requests)
[10:32:16] [261/326] RTNB
[10:32:17] [262/326] LMCR
[10:32:18] [263/326] CIMA
[10:32:19] [264/326] RNAS
[10:32:20] [265/326] LITH
[10:32:21] [266/326] PBOX
[10:32:22] [267/326] FRTS
[10:32:23] [268/326] RKIC
[10:32:23] [269/326] PTAI
[10:32:24] [270/326] GCIC
[10:32:25] 🔄 Identity reset
[10:32:25] 🔄 Identity rotated (every 10 requests)
[10:32:25] [271/326] FNAS
[10:32:26] [272/326] SCAR
[10:32:27] [273/326] MTCA
[10:32:28] [274/326] SCTS
[10:32:29] [275/326] SYCS
[10:32:30] [276/326] RDMS
[10:32:30] [277/326] KAMP
[10:32:31] [278/326] ERSD
[10:32:32] [279/326] MJMJ
[10:32:33] [280/326] SRCJ
[10:32:33] 🔄 Identity reset
[10:32:33] 🔄 Identity rotated (every 10 requests)
[10:32:34] [281/326] SCXE
[10:32:35] [282/326] SVFR
[10:32:35] [283/326] BHCS
[10:32:37] [284/326] IMCC
[10:32:38] [285/326] PCBO
[10:32:39] [286/326] PRVN
[10:32:39] [287/326] AUPM
[10:32:40] [288/326] INBW
[10:32:41] [289/326] SVCW
[10:32:42] [290/326] RKCF
[10:32:43] 🔄 Identity reset
[10:32:43] 🔄 Identity rotated (every 10 requests)
[10:32:43] [291/326] UVBH
[10:32:44] [292/326] DNCY
[10:32:45] [293/326] ABCN
[10:32:46] [294/326] PRUR
[10:32:47] [295/326] PFMR
[10:32:48] [296/326] RKCN
[10:32:49] [297/326] CFEA
[10:32:50] [298/326] SDBG
[10:32:50] [299/326] SNAR
[10:32:51] [300/326] YISI
[10:32:52] 🔄 Identity reset
[10:32:52] 🔄 Identity rotated (every 10 requests)
[10:32:52] [301/326] JCFF
[10:32:53] [302/326] VTRK
[10:32:54] [303/326] PCLZ
[10:32:55] [304/326] DIMY
[10:32:56] [305/326] BBTS
[10:32:56] [306/326] GATH
[10:32:57] [307/326] GTMN
[10:32:58] [308/326] VTMH
[10:32:59] [309/326] CCKP
[10:33:00] [310/326] GPKA
[10:33:00] 🔄 Identity reset
[10:33:00] 🔄 Identity rotated (every 10 requests)
[10:33:00] [311/326] MHCL
[10:33:01] [312/326] ATCL
[10:33:02] [313/326] SBCK
[10:33:03] [314/326] AMMR
[10:33:04] [315/326] MADC
[10:33:04] [316/326] TMMA
[10:33:05] [317/326] CACC
[10:33:06] [318/326] CHAL
[10:33:07] [319/326] DURG
[10:33:08] [320/326] GMKU
[10:33:09] 🔄 Identity reset
[10:33:09] 🔄 Identity rotated (every 10 requests)
[10:33:09] [321/326] GECA
[10:33:10] [322/326] KYRR
[10:33:11] [323/326] KSDE
[10:33:11] [324/326] LMCI
[10:33:13] [325/326] NKCP
[10:33:14] [326/326] BGTC
[10:33:15] 🧹 Deduping shows
[10:33:15] ✅ DONE | Shows=342 | Movies=1
[11:32:19] 🚀 SCRIPT STARTED (enhanced anti‑detection)
[11:32:19] [1/326] BSAT
[11:32:20] 🧠 New identity created
[11:32:20] [2/326] RSSM
[11:32:21] [3/326] GCTA
[11:32:21] [4/326] TOPN
[11:32:22] [5/326] MCUS
[11:32:23] [6/326] SHRL
[11:32:24] [7/326] UPTP
[11:32:25] [8/326] TMMP
[11:32:26] [9/326] DNRP
[11:32:26] [10/326] SRLT
[11:32:27] 🔄 Identity reset
[11:32:27] 🔄 Identity rotated (every 10 requests)
[11:32:28] [11/326] RCNS
[11:32:29] [12/326] DCBH
[11:32:29] [13/326] NAGJ
[11:32:30] [14/326] JVRC
[11:32:31] [15/326] KRJG
[11:32:32] [16/326] SRTJ
[11:32:33] [17/326] CMXM
[11:32:34] [18/326] STMI
[11:32:35] [19/326] SLST
[11:32:36] [20/326] DTCN
[11:32:36] 🔄 Identity reset
[11:32:36] 🔄 Identity rotated (every 10 requests)
[11:32:37] [21/326] STYN
[11:32:37] [22/326] SZVR
[11:32:38] [23/326] SRKO
[11:32:39] [24/326] JTGT
[11:32:40] [25/326] SVFD
[11:32:42] [26/326] SISD
[11:32:43] [27/326] ABDD
[11:32:43] [28/326] DRCA
[11:32:44] [29/326] AVCS
[11:32:45] [30/326] MVKH
[11:32:46] 🔄 Identity reset
[11:32:46] 🔄 Identity rotated (every 10 requests)
[11:32:46] [31/326] ACPR
[11:32:47] [32/326] STIP
[11:32:48] [33/326] MTRA
[11:32:48] [34/326] RMKH
[11:32:49] [35/326] NKRL
[11:32:50] [36/326] PCWN
[11:32:52] [37/326] BLMT
[11:32:53] [38/326] GDPG
[11:32:54] [39/326] SRMX
[11:32:54] [40/326] JACP
[11:32:55] 🔄 Identity reset
[11:32:55] 🔄 Identity rotated (every 10 requests)
[11:32:55] [41/326] CPSH
[11:32:56] [42/326] MCCD
[11:32:57] [43/326] ECGH
[11:32:58] [44/326] MKCK
[11:32:59] [45/326] SRMM
[11:33:00] [46/326] SKYR
[11:33:00] [47/326] PCKC
[11:33:01] [48/326] JCMA
[11:33:02] [49/326] BSMP
[11:33:03] [50/326] VSPA
[11:33:04] 🔄 Identity reset
[11:33:04] 🔄 Identity rotated (every 10 requests)
[11:33:04] [51/326] DJYA
[11:33:06] [52/326] DIMP
[11:33:06] [53/326] FXDR
[11:33:07] [54/326] SSRC
[11:33:08] [55/326] STHP
[11:33:10] [56/326] CPPD
[11:33:11] [57/326] FCLK
[11:33:12] [58/326] SCPP
[11:33:13] [59/326] DCMJ
[11:33:14] [60/326] RCCR
[11:33:14] 🔄 Identity reset
[11:33:14] 🔄 Identity rotated (every 10 requests)
[11:33:14] [61/326] INMT
[11:33:15] [62/326] LXTK
[11:33:16] [63/326] SRYK
[11:33:17] [64/326] SGDK
[11:33:18] [65/326] PPKA
[11:33:19] [66/326] SPKA
[11:33:21] [67/326] CGHH
[11:33:21] [68/326] DCJN
[11:33:22] [69/326] SRKV
[11:33:23] [70/326] SAJC
[11:33:24] 🔄 Identity reset
[11:33:24] 🔄 Identity rotated (every 10 requests)
[11:33:24] [71/326] SUSR
[11:33:25] [72/326] STYG
[11:33:26] [73/326] NTKP
[11:33:26] [74/326] AKTG
[11:33:27] [75/326] CGCM
[11:33:28] [76/326] TULC
[11:33:29] [77/326] NYYZ
[11:33:30] [78/326] NYBW
[11:33:31] [79/326] MACB
[11:33:31] [80/326] SLVT
[11:33:32] 🔄 Identity reset
[11:33:32] 🔄 Identity rotated (every 10 requests)
[11:33:32] [81/326] SANA
[11:33:33] [82/326] ACMR
[11:33:34] [83/326] CPKN
[11:33:35] [84/326] DLGK
[11:33:36] [85/326] CWCK
[11:33:37] [86/326] FDDH
[11:33:37] [87/326] MMMD
[11:33:38] [88/326] CMEH
[11:33:40] [89/326] GGGV
[11:33:42] [90/326] SPJL
[11:33:43] 🔄 Identity reset
[11:33:43] 🔄 Identity rotated (every 10 requests)
[11:33:43] [91/326] RCCD
[11:33:44] [92/326] STTZ
[11:33:45] [93/326] BTCF
[11:33:45] [94/326] TSTZ
[11:33:46] [95/326] IPMM
[11:33:47] [96/326] PMPW
[11:33:49] [97/326] PCMZ
[11:33:50] [98/326] ESEM
[11:33:51] [99/326] PIPO
[11:33:51] [100/326] MATK
[11:33:52] 🔄 Identity reset
[11:33:52] 🔄 Identity rotated (every 10 requests)
[11:33:52] [101/326] PGHM
[11:33:53] [102/326] CTSR
[11:33:54] [103/326] CYKR
[11:33:55] [104/326] MSCM
[11:33:56] [105/326] RFNP
[11:33:56] [106/326] PDCP
[11:33:57] [107/326] NPSE
[11:33:58] [108/326] MKML
[11:33:59] [109/326] FTDP
[11:34:00] [110/326] MMXA
[11:34:00] 🔄 Identity reset
[11:34:00] 🔄 Identity rotated (every 10 requests)
[11:34:01] [111/326] CEPO
[11:34:02] [112/326] CMVP
[11:34:02] [113/326] SGTH
[11:34:03] [114/326] SAYN
[11:34:05] [115/326] URVS
[11:34:05] [116/326] VJTN
[11:34:06] [117/326] BBYK
[11:34:07] [118/326] SHBO
[11:34:09] [119/326] VCMR
[11:34:10] [120/326] MACT
[11:34:11] 🔄 Identity reset
[11:34:11] 🔄 Identity rotated (every 10 requests)
[11:34:11] [121/326] JMNP
[11:34:12] [122/326] VICS
[11:34:13] [123/326] VCDA
[11:34:14] [124/326] GCMM
[11:34:15] [125/326] INVS
[11:34:16] [126/326] SCGM
[11:34:17] [127/326] PCDA
[11:34:18] [128/326] KDCT
[11:34:18] [129/326] JACS
[11:34:20] [130/326] GMMC
[11:34:20] 🔄 Identity reset
[11:34:20] 🔄 Identity rotated (every 10 requests)
[11:34:21] [131/326] AICM
[11:34:21] [132/326] TJCM
[11:34:22] [133/326] RMTI
[11:34:23] [134/326] SHAC
[11:34:24] [135/326] APJC
[11:34:25] [136/326] GCTG
[11:34:26] [137/326] SSMC
[11:34:27] [138/326] THRM
[11:34:27] [139/326] RBCT
[11:34:28] [140/326] DIKT
[11:34:29] 🔄 Identity reset
[11:34:29] 🔄 Identity rotated (every 10 requests)
[11:34:29] [141/326] MIDL
[11:34:30] [142/326] VCSN
[11:34:31] [143/326] SKTG
[11:34:32] [144/326] SMWC
[11:34:32] [145/326] MNKH
[11:34:33] [146/326] PIAT
[11:34:34] [147/326] LTTP
[11:34:35] [148/326] PTPU
[11:34:36] [149/326] ACMG
[11:34:37] [150/326] SHMM
[11:34:37] 🔄 Identity reset
[11:34:37] 🔄 Identity rotated (every 10 requests)
[11:34:38] [151/326] MCMN
[11:34:39] [152/326] GLDC
[11:34:39] [153/326] HOUT
[11:34:40] [154/326] SVRP
[11:34:41] [155/326] PVDN
[11:34:43] [156/326] SCPY
[11:34:43] [157/326] DTPY
[11:34:44] [158/326] GKCS
[11:34:45] [159/326] NCAM
[11:34:46] [160/326] BSRM
[11:34:46] 🔄 Identity reset
[11:34:46] 🔄 Identity rotated (every 10 requests)
[11:34:47] [161/326] RCLC
[11:34:47] [162/326] SKKD
[11:34:48] [163/326] ACHU
[11:34:49] [164/326] RSCF
[11:34:50] [165/326] IMSH
[11:34:51] [166/326] MACX
[11:34:52] [167/326] HMMW
[11:34:53] [168/326] JTCP
[11:34:54] [169/326] SREN
[11:34:54] [170/326] PJRR
[11:34:55] 🔄 Identity reset
[11:34:55] 🔄 Identity rotated (every 10 requests)
[11:34:55] [171/326] INAC
[11:34:57] [172/326] BMCA
[11:34:58] [173/326] SHCB
[11:34:58] [174/326] GABA
[11:34:59] [175/326] SBCT
[11:35:00] [176/326] GCMA
[11:35:01] [177/326] MYTK
[11:35:02] [178/326] INZS
[11:35:03] [179/326] RMIK
[11:35:04] [180/326] NYCH
[11:35:05] 🔄 Identity reset
[11:35:05] 🔄 Identity rotated (every 10 requests)
[11:35:05] [181/326] RAVE
[11:35:06] [182/326] PSXM
[11:35:07] [183/326] MCGP
[11:35:07] [184/326] PDDK
[11:35:08] [185/326] SPCK
[11:35:09] [186/326] MCRL
[11:35:10] [187/326] MHKT
[11:35:11] [188/326] ANRR
[11:35:11] [189/326] SAPK
[11:35:12] [190/326] NCUK
[11:35:13] 🔄 Identity reset
[11:35:13] 🔄 Identity rotated (every 10 requests)
[11:35:13] [191/326] JUGA
[11:35:14] [192/326] DBSC
[11:35:15] [193/326] LALK
[11:35:16] [194/326] GUCK
[11:35:17] [195/326] STSG
[11:35:18] [196/326] PPPZ
[11:35:19] [197/326] CNCY
[11:35:20] [198/326] MTAR
[11:35:21] [199/326] VNKD
[11:35:21] [200/326] KMAJ
[11:35:22] 🔄 Identity reset
[11:35:22] 🔄 Identity rotated (every 10 requests)
[11:35:22] [201/326] ACXK
[11:35:23] [202/326] UTKC
[11:35:24] [203/326] PBLK
[11:35:24] [204/326] ACBX
[11:35:25] [205/326] PTGM
[11:35:26] [206/326] BTDA
[11:35:27] [207/326] PJMB
[11:35:28] [208/326] TPDA
[11:35:29] [209/326] AMOE
[11:35:30] [210/326] PRHT
[11:35:30] 🔄 Identity reset
[11:35:30] 🔄 Identity rotated (every 10 requests)
[11:35:30] [211/326] PRTA
[11:35:31] [212/326] STAM
[11:35:32] [213/326] MSAA
[11:35:33] [214/326] SDLU
[11:35:34] [215/326] RCHH
[11:35:35] [216/326] KANT
[11:35:35] [217/326] FCRT
[11:35:36] [218/326] DNKM
[11:35:37] [219/326] RYCP
[11:35:38] [220/326] MYRP
[11:35:39] 🔄 Identity reset
[11:35:39] 🔄 Identity rotated (every 10 requests)
[11:35:39] [221/326] PPAK
[11:35:40] [222/326] NVPK
[11:35:41] [223/326] PRMC
[11:35:41] [224/326] JBCS
[11:35:42] [225/326] GXCK
[11:35:43] [226/326] USKO
[11:35:44] [227/326] GTEM
[11:35:45] [228/326] SMBU
[11:35:46] [229/326] VETC
[11:35:47] [230/326] LCDA
[11:35:48] 🔄 Identity reset
[11:35:48] 🔄 Identity rotated (every 10 requests)
[11:35:48] [231/326] MTVT
[11:35:49] [232/326] PYCP
[11:35:49] [233/326] PNSC
[11:35:50] [234/326] PPCC
[11:35:51] [235/326] TGRT
[11:35:52] [236/326] JYOT
[11:35:53] [237/326] SRCZ
[11:35:54] [238/326] SJTE
[11:35:54] [239/326] DESC
[11:35:55] [240/326] JHVN
[11:35:56] 🔄 Identity reset
[11:35:56] 🔄 Identity rotated (every 10 requests)
[11:35:56] [241/326] IPSG
[11:35:57] [242/326] IPCM
[11:35:58] [243/326] PDRS
[11:35:59] [244/326] ANCV
[11:35:59] [245/326] CMVV
[11:36:00] [246/326] SHYP
[11:36:01] [247/326] DNCS
[11:36:02] [248/326] GAJK
[11:36:03] [249/326] AKTN
[11:36:04] [250/326] KAYA
[11:36:04] 🔄 Identity reset
[11:36:04] 🔄 Identity rotated (every 10 requests)
[11:36:05] [251/326] SBRC
[11:36:05] [252/326] CHTP
[11:36:06] [253/326] SHRT
[11:36:07] [254/326] BCKU
[11:36:08] [255/326] FCPS
[11:36:09] [256/326] ARDD
[11:36:10] [257/326] CPCM
[11:36:11] [258/326] CGSM
[11:36:12] [259/326] PSMP
[11:36:13] [260/326] SDAL
[11:36:13] 🔄 Identity reset
[11:36:13] 🔄 Identity rotated (every 10 requests)
[11:36:14] [261/326] RTNB
[11:36:14] [262/326] LMCR
[11:36:16] [263/326] CIMA
[11:36:16] [264/326] RNAS
[11:36:17] [265/326] LITH
[11:36:18] [266/326] PBOX
[11:36:19] [267/326] FRTS
[11:36:20] [268/326] RKIC
[11:36:21] [269/326] PTAI
[11:36:22] [270/326] GCIC
[11:36:22] 🔄 Identity reset
[11:36:22] 🔄 Identity rotated (every 10 requests)
[11:36:24] [271/326] FNAS
[11:36:24] [272/326] SCAR
[11:36:25] [273/326] MTCA
[11:36:26] [274/326] SCTS
[11:36:27] [275/326] SYCS
[11:36:29] [276/326] RDMS
[11:36:30] [277/326] KAMP
[11:36:30] [278/326] ERSD
[11:36:31] [279/326] MJMJ
[11:36:32] [280/326] SRCJ
[11:36:33] 🔄 Identity reset
[11:36:33] 🔄 Identity rotated (every 10 requests)
[11:36:34] [281/326] SCXE
[11:36:35] [282/326] SVFR
[11:36:35] [283/326] BHCS
[11:36:36] [284/326] IMCC
[11:36:37] [285/326] PCBO
[11:36:38] [286/326] PRVN
[11:36:39] [287/326] AUPM
[11:36:39] [288/326] INBW
[11:36:40] [289/326] SVCW
[11:36:41] [290/326] RKCF
[11:36:42] 🔄 Identity reset
[11:36:42] 🔄 Identity rotated (every 10 requests)
[11:36:42] [291/326] UVBH
[11:36:43] [292/326] DNCY
[11:36:44] [293/326] ABCN
[11:36:44] [294/326] PRUR
[11:36:45] [295/326] PFMR
[11:36:46] [296/326] RKCN
[11:36:47] [297/326] CFEA
[11:36:48] [298/326] SDBG
[11:36:48] [299/326] SNAR
[11:36:49] [300/326] YISI
[11:36:50] 🔄 Identity reset
[11:36:50] 🔄 Identity rotated (every 10 requests)
[11:36:50] [301/326] JCFF
[11:36:51] [302/326] VTRK
[11:36:52] [303/326] PCLZ
[11:36:53] [304/326] DIMY
[11:36:53] [305/326] BBTS
[11:36:54] [306/326] GATH
[11:36:55] [307/326] GTMN
[11:36:56] [308/326] VTMH
[11:36:57] [309/326] CCKP
[11:36:57] [310/326] GPKA
[11:36:58] 🔄 Identity reset
[11:36:58] 🔄 Identity rotated (every 10 requests)
[11:36:58] [311/326] MHCL
[11:36:59] [312/326] ATCL
[11:37:00] [313/326] SBCK
[11:37:01] [314/326] AMMR
[11:37:02] [315/326] MADC
[11:37:03] [316/326] TMMA
[11:37:04] [317/326] CACC
[11:37:05] [318/326] CHAL
[11:37:05] [319/326] DURG
[11:37:06] [320/326] GMKU
[11:37:07] 🔄 Identity reset
[11:37:07] 🔄 Identity rotated (every 10 requests)
[11:37:07] [321/326] GECA
[11:37:08] [322/326] KYRR
[11:37:09] [323/326] KSDE
[11:37:10] [324/326] LMCI
[11:37:10] [325/326] NKCP
[11:37:11] [326/326] BGTC
[11:37:12] 🧹 Deduping shows
[11:37:12] ✅ DONE | Shows=370 | Movies=1
[17:21:03] 🚀 SCRIPT STARTED (enhanced anti‑detection)
[17:21:03] [1/326] BSAT
[17:21:04] 🧠 New identity created
[17:21:04] [2/326] RSSM
[17:21:05] [3/326] GCTA
[17:21:06] [4/326] TOPN
[17:21:07] [5/326] MCUS
[17:21:08] [6/326] SHRL
[17:21:09] [7/326] UPTP
[17:21:09] [8/326] TMMP
[17:21:10] [9/326] DNRP
[17:21:12] [10/326] SRLT
[17:21:12] 🔄 Identity reset
[17:21:12] 🔄 Identity rotated (every 10 requests)
[17:21:13] [11/326] RCNS
[17:21:15] [12/326] DCBH
[17:21:15] [13/326] NAGJ
[17:21:16] [14/326] JVRC
[17:21:17] [15/326] KRJG
[17:21:18] [16/326] SRTJ
[17:21:19] [17/326] CMXM
[17:21:19] [18/326] STMI
[17:21:20] [19/326] SLST
[17:21:21] [20/326] DTCN
[17:21:22] 🔄 Identity reset
[17:21:22] 🔄 Identity rotated (every 10 requests)
[17:21:22] [21/326] STYN
[17:21:23] [22/326] SZVR
[17:21:24] [23/326] SRKO
[17:21:25] [24/326] JTGT
[17:21:26] [25/326] SVFD
[17:21:27] [26/326] SISD
[17:21:28] [27/326] ABDD
[17:21:28] [28/326] DRCA
[17:21:30] [29/326] AVCS
[17:21:31] [30/326] MVKH
[17:21:31] 🔄 Identity reset
[17:21:31] 🔄 Identity rotated (every 10 requests)
[17:21:31] [31/326] ACPR
[17:21:33] [32/326] STIP
[17:21:35] [33/326] MTRA
[17:21:35] [34/326] RMKH
[17:21:36] [35/326] NKRL
[17:21:37] [36/326] PCWN
[17:21:38] [37/326] BLMT
[17:21:39] [38/326] GDPG
[17:21:40] [39/326] SRMX
[17:21:41] [40/326] JACP
[17:21:42] 🔄 Identity reset
[17:21:42] 🔄 Identity rotated (every 10 requests)
[17:21:42] [41/326] CPSH
[17:21:43] [42/326] MCCD
[17:21:44] [43/326] ECGH
[17:21:45] [44/326] MKCK
[17:21:45] [45/326] SRMM
[17:21:46] [46/326] SKYR
[17:21:47] [47/326] PCKC
[17:21:48] [48/326] JCMA
[17:21:49] [49/326] BSMP
[17:21:49] [50/326] VSPA
[17:21:50] 🔄 Identity reset
[17:21:50] 🔄 Identity rotated (every 10 requests)
[17:21:50] [51/326] DJYA
[17:21:51] [52/326] DIMP
[17:21:52] [53/326] FXDR
[17:21:54] [54/326] SSRC
[17:21:55] [55/326] STHP
[17:21:56] [56/326] CPPD
[17:21:57] [57/326] FCLK
[17:21:57] [58/326] SCPP
[17:21:58] [59/326] DCMJ
[17:21:59] [60/326] RCCR
[17:22:00] 🔄 Identity reset
[17:22:00] 🔄 Identity rotated (every 10 requests)
[17:22:01] [61/326] INMT
[17:22:02] [62/326] LXTK
[17:22:03] [63/326] SRYK
[17:22:04] [64/326] SGDK
[17:22:05] [65/326] PPKA
[17:22:05] [66/326] SPKA
[17:22:06] [67/326] CGHH
[17:22:08] [68/326] DCJN
[17:22:09] [69/326] SRKV
[17:22:10] [70/326] SAJC
[17:22:10] 🔄 Identity reset
[17:22:10] 🔄 Identity rotated (every 10 requests)
[17:22:11] [71/326] SUSR
[17:22:11] [72/326] STYG
[17:22:12] [73/326] NTKP
[17:22:13] [74/326] AKTG
[17:22:14] [75/326] CGCM
[17:22:15] [76/326] TULC
[17:22:16] [77/326] NYYZ
[17:22:17] [78/326] NYBW
[17:22:18] [79/326] MACB
[17:22:19] [80/326] SLVT
[17:22:19] 🔄 Identity reset
[17:22:19] 🔄 Identity rotated (every 10 requests)
[17:22:19] [81/326] SANA
[17:22:20] [82/326] ACMR
[17:22:21] [83/326] CPKN
[17:22:23] [84/326] DLGK
[17:22:24] [85/326] CWCK
[17:22:26] [86/326] FDDH
[17:22:27] [87/326] MMMD
[17:22:28] [88/326] CMEH
[17:22:29] [89/326] GGGV
[17:22:30] [90/326] SPJL
[17:22:31] 🔄 Identity reset
[17:22:31] 🔄 Identity rotated (every 10 requests)
[17:22:31] [91/326] RCCD
[17:22:32] [92/326] STTZ
[17:22:33] [93/326] BTCF
[17:22:33] [94/326] TSTZ
[17:22:34] [95/326] IPMM
[17:22:35] [96/326] PMPW
[17:22:36] [97/326] PCMZ
[17:22:37] [98/326] ESEM
[17:22:38] [99/326] PIPO
[17:22:39] [100/326] MATK
[17:22:39] 🔄 Identity reset
[17:22:39] 🔄 Identity rotated (every 10 requests)
[17:22:40] [101/326] PGHM
[17:22:40] [102/326] CTSR
[17:22:41] [103/326] CYKR
[17:22:42] [104/326] MSCM
[17:22:43] [105/326] RFNP
[17:22:44] [106/326] PDCP
[17:22:45] [107/326] NPSE
[17:22:46] [108/326] MKML
[17:22:47] [109/326] FTDP
[17:22:48] [110/326] MMXA
[17:22:48] 🔄 Identity reset
[17:22:48] 🔄 Identity rotated (every 10 requests)
[17:22:48] [111/326] CEPO
[17:22:49] [112/326] CMVP
[17:22:50] [113/326] SGTH
[17:22:51] [114/326] SAYN
[17:22:52] [115/326] URVS
[17:22:53] [116/326] VJTN
[17:22:54] [117/326] BBYK
[17:22:54] [118/326] SHBO
[17:22:56] [119/326] VCMR
[17:22:58] [120/326] MACT
[17:22:58] 🔄 Identity reset
[17:22:58] 🔄 Identity rotated (every 10 requests)
[17:22:58] [121/326] JMNP
[17:22:59] [122/326] VICS
[17:23:00] [123/326] VCDA
[17:23:01] [124/326] GCMM
[17:23:02] [125/326] INVS
[17:23:03] [126/326] SCGM
[17:23:04] [127/326] PCDA
[17:23:05] [128/326] KDCT
[17:23:06] [129/326] JACS
[17:23:07] [130/326] GMMC
[17:23:08] 🔄 Identity reset
[17:23:08] 🔄 Identity rotated (every 10 requests)
[17:23:08] [131/326] AICM
[17:23:09] [132/326] TJCM
[17:23:09] [133/326] RMTI
[17:23:10] [134/326] SHAC
[17:23:11] [135/326] APJC
[17:23:12] [136/326] GCTG
[17:23:13] [137/326] SSMC
[17:23:14] [138/326] THRM
[17:23:15] [139/326] RBCT
[17:23:15] [140/326] DIKT
[17:23:16] 🔄 Identity reset
[17:23:16] 🔄 Identity rotated (every 10 requests)
[17:23:17] [141/326] MIDL
[17:23:18] [142/326] VCSN
[17:23:19] [143/326] SKTG
[17:23:20] [144/326] SMWC
[17:23:21] [145/326] MNKH
[17:23:22] [146/326] PIAT
[17:23:23] [147/326] LTTP
[17:23:23] [148/326] PTPU
[17:23:24] [149/326] ACMG
[17:23:25] [150/326] SHMM
[17:23:26] 🔄 Identity reset
[17:23:26] 🔄 Identity rotated (every 10 requests)
[17:23:26] [151/326] MCMN
[17:23:27] [152/326] GLDC
[17:23:28] [153/326] HOUT
[17:23:29] [154/326] SVRP
[17:23:30] [155/326] PVDN
[17:23:30] [156/326] SCPY
[17:23:31] [157/326] DTPY
[17:23:32] [158/326] GKCS
[17:23:33] [159/326] NCAM
[17:23:34] [160/326] BSRM
[17:23:35] 🔄 Identity reset
[17:23:35] 🔄 Identity rotated (every 10 requests)
[17:23:36] [161/326] RCLC
[17:23:37] [162/326] SKKD
[17:23:38] [163/326] ACHU
[17:23:38] [164/326] RSCF
[17:23:39] [165/326] IMSH
[17:23:40] [166/326] MACX
[17:23:41] [167/326] HMMW
[17:23:42] [168/326] JTCP
[17:23:43] [169/326] SREN
[17:23:44] [170/326] PJRR
[17:23:44] 🔄 Identity reset
[17:23:44] 🔄 Identity rotated (every 10 requests)
[17:23:45] [171/326] INAC
[17:23:46] [172/326] BMCA
[17:23:47] [173/326] SHCB
[17:23:47] [174/326] GABA
[17:23:48] [175/326] SBCT
[17:23:50] [176/326] GCMA
[17:23:51] [177/326] MYTK
[17:23:52] [178/326] INZS
[17:23:53] [179/326] RMIK
[17:23:54] [180/326] NYCH
[17:23:54] 🔄 Identity reset
[17:23:54] 🔄 Identity rotated (every 10 requests)
[17:23:55] [181/326] RAVE
[17:23:56] [182/326] PSXM
[17:23:57] [183/326] MCGP
[17:23:58] [184/326] PDDK
[17:24:00] [185/326] SPCK
[17:24:00] [186/326] MCRL
[17:24:01] [187/326] MHKT
[17:24:02] [188/326] ANRR
[17:24:03] [189/326] SAPK
[17:24:04] [190/326] NCUK
[17:24:05] 🔄 Identity reset
[17:24:05] 🔄 Identity rotated (every 10 requests)
[17:24:05] [191/326] JUGA
[17:24:06] [192/326] DBSC
[17:24:07] [193/326] LALK
[17:24:08] [194/326] GUCK
[17:24:09] [195/326] STSG
[17:24:10] [196/326] PPPZ
[17:24:10] [197/326] CNCY
[17:24:11] [198/326] MTAR
[17:24:12] [199/326] VNKD
[17:24:13] [200/326] KMAJ
[17:24:14] 🔄 Identity reset
[17:24:14] 🔄 Identity rotated (every 10 requests)
[17:24:14] [201/326] ACXK
[17:24:15] [202/326] UTKC
[17:24:15] [203/326] PBLK
[17:24:16] [204/326] ACBX
[17:24:17] [205/326] PTGM
[17:24:18] [206/326] BTDA
[17:24:19] [207/326] PJMB
[17:24:20] [208/326] TPDA
[17:24:21] [209/326] AMOE
[17:24:22] [210/326] PRHT
[17:24:22] 🔄 Identity reset
[17:24:22] 🔄 Identity rotated (every 10 requests)
[17:24:23] [211/326] PRTA
[17:24:23] [212/326] STAM
[17:24:24] [213/326] MSAA
[17:24:25] [214/326] SDLU
[17:24:26] [215/326] RCHH
[17:24:27] [216/326] KANT
[17:24:28] [217/326] FCRT
[17:24:29] [218/326] DNKM
[17:24:30] [219/326] RYCP
[17:24:30] [220/326] MYRP
[17:24:31] 🔄 Identity reset
[17:24:31] 🔄 Identity rotated (every 10 requests)
[17:24:31] [221/326] PPAK
[17:24:32] [222/326] NVPK
[17:24:33] [223/326] PRMC
[17:24:34] [224/326] JBCS
[17:24:35] [225/326] GXCK
[17:24:36] [226/326] USKO
[17:24:37] [227/326] GTEM
[17:24:38] [228/326] SMBU
[17:24:38] [229/326] VETC
[17:24:39] [230/326] LCDA
[17:24:40] 🔄 Identity reset
[17:24:40] 🔄 Identity rotated (every 10 requests)
[17:24:40] [231/326] MTVT
[17:24:41] [232/326] PYCP
[17:24:42] [233/326] PNSC
[17:24:43] [234/326] PPCC
[17:24:44] [235/326] TGRT
[17:24:44] [236/326] JYOT
[17:24:45] [237/326] SRCZ
[17:24:46] [238/326] SJTE
[17:24:47] [239/326] DESC
[17:24:48] [240/326] JHVN
[17:24:48] 🔄 Identity reset
[17:24:49] 🔄 Identity rotated (every 10 requests)
[17:24:49] [241/326] IPSG
[17:24:50] [242/326] IPCM
[17:24:51] [243/326] PDRS
[17:24:52] [244/326] ANCV
[17:24:53] [245/326] CMVV
[17:24:53] [246/326] SHYP
[17:24:54] [247/326] DNCS
[17:24:55] [248/326] GAJK
[17:24:56] [249/326] AKTN
[17:24:57] [250/326] KAYA
[17:24:57] 🔄 Identity reset
[17:24:57] 🔄 Identity rotated (every 10 requests)
[17:24:58] [251/326] SBRC
[17:24:59] [252/326] CHTP
[17:25:00] [253/326] SHRT
[17:25:00] [254/326] BCKU
[17:25:01] [255/326] FCPS
[17:25:02] [256/326] ARDD
[17:25:03] [257/326] CPCM
[17:25:04] [258/326] CGSM
[17:25:04] [259/326] PSMP
[17:25:05] [260/326] SDAL
[17:25:06] 🔄 Identity reset
[17:25:06] 🔄 Identity rotated (every 10 requests)
[17:25:06] [261/326] RTNB
[17:25:07] [262/326] LMCR
[17:25:08] [263/326] CIMA
[17:25:09] [264/326] RNAS
[17:25:10] [265/326] LITH
[17:25:11] [266/326] PBOX
[17:25:12] [267/326] FRTS
[17:25:13] [268/326] RKIC
[17:25:13] [269/326] PTAI
[17:25:14] [270/326] GCIC
[17:25:15] 🔄 Identity reset
[17:25:15] 🔄 Identity rotated (every 10 requests)
[17:25:15] [271/326] FNAS
[17:25:16] [272/326] SCAR
[17:25:17] [273/326] MTCA
[17:25:18] [274/326] SCTS
[17:25:19] [275/326] SYCS
[17:25:20] [276/326] RDMS
[17:25:21] [277/326] KAMP
[17:25:22] [278/326] ERSD
[17:25:22] [279/326] MJMJ
[17:25:23] [280/326] SRCJ
[17:25:24] 🔄 Identity reset
[17:25:24] 🔄 Identity rotated (every 10 requests)
[17:25:24] [281/326] SCXE
[17:25:25] [282/326] SVFR
[17:25:26] [283/326] BHCS
[17:25:27] [284/326] IMCC
[17:25:28] [285/326] PCBO
[17:25:29] [286/326] PRVN
[17:25:30] [287/326] AUPM
[17:25:31] [288/326] INBW
[17:25:32] [289/326] SVCW
[17:25:34] [290/326] RKCF
[17:25:34] 🔄 Identity reset
[17:25:34] 🔄 Identity rotated (every 10 requests)
[17:25:34] [291/326] UVBH
[17:25:35] [292/326] DNCY
[17:25:36] [293/326] ABCN
[17:25:37] [294/326] PRUR
[17:25:38] [295/326] PFMR
[17:25:39] [296/326] RKCN
[17:25:39] [297/326] CFEA
[17:25:40] [298/326] SDBG
[17:25:41] [299/326] SNAR
[17:25:42] [300/326] YISI
[17:25:43] 🔄 Identity reset
[17:25:43] 🔄 Identity rotated (every 10 requests)
[17:25:43] [301/326] JCFF
[17:25:44] [302/326] VTRK
[17:25:45] [303/326] PCLZ
[17:25:46] [304/326] DIMY
[17:25:47] [305/326] BBTS
[17:25:48] [306/326] GATH
[17:25:48] [307/326] GTMN
[17:25:50] [308/326] VTMH
[17:25:51] [309/326] CCKP
[17:25:52] [310/326] GPKA
[17:25:52] 🔄 Identity reset
[17:25:52] 🔄 Identity rotated (every 10 requests)
[17:25:53] [311/326] MHCL
[17:25:53] [312/326] ATCL
[17:25:54] [313/326] SBCK
[17:25:55] [314/326] AMMR
[17:25:57] [315/326] MADC
[17:25:58] [316/326] TMMA
[17:25:59] [317/326] CACC
[17:26:00] [318/326] CHAL
[17:26:00] [319/326] DURG
[17:26:01] [320/326] GMKU
[17:26:02] 🔄 Identity reset
[17:26:02] 🔄 Identity rotated (every 10 requests)
[17:26:02] [321/326] GECA
[17:26:03] [322/326] KYRR
[17:26:05] [323/326] KSDE
[17:26:06] [324/326] LMCI
[17:26:06] [325/326] NKCP
[17:26:07] [326/326] BGTC
[17:26:08] 🧹 Deduping shows
[17:26:08] ✅ DONE | Shows=441 | Movies=1
[19:56:56] 🚀 SCRIPT STARTED (enhanced anti‑detection)
[19:56:56] [1/326] BSAT
[19:56:57] 🧠 New identity created
[19:56:59] [2/326] RSSM
[19:57:00] [3/326] GCTA
[19:57:01] [4/326] TOPN
[19:57:02] [5/326] MCUS
[19:57:03] [6/326] SHRL
[19:57:04] [7/326] UPTP
[19:57:05] [8/326] TMMP
[19:57:06] [9/326] DNRP
[19:57:07] [10/326] SRLT
[19:57:08] 🔄 Identity reset
[19:57:08] 🔄 Identity rotated (every 10 requests)
[19:57:08] [11/326] RCNS
[19:57:09] [12/326] DCBH
[19:57:11] [13/326] NAGJ
[19:57:11] [14/326] JVRC
[19:57:12] [15/326] KRJG
[19:57:13] [16/326] SRTJ
[19:57:14] [17/326] CMXM
[19:57:15] [18/326] STMI
[19:57:16] [19/326] SLST
[19:57:18] [20/326] DTCN
[19:57:19] 🔄 Identity reset
[19:57:19] 🔄 Identity rotated (every 10 requests)
[19:57:19] [21/326] STYN
[19:57:20] [22/326] SZVR
[19:57:22] [23/326] SRKO
[19:57:23] [24/326] JTGT
[19:57:23] [25/326] SVFD
[19:57:24] [26/326] SISD
[19:57:25] [27/326] ABDD
[19:57:27] [28/326] DRCA
[19:57:28] [29/326] AVCS
[19:57:30] [30/326] MVKH
[19:57:30] 🔄 Identity reset
[19:57:30] 🔄 Identity rotated (every 10 requests)
[19:57:31] [31/326] ACPR
[19:57:32] [32/326] STIP
[19:57:33] [33/326] MTRA
[19:57:34] [34/326] RMKH
[19:57:35] [35/326] NKRL
[19:57:36] [36/326] PCWN
[19:57:37] [37/326] BLMT
[19:57:38] [38/326] GDPG
[19:57:39] [39/326] SRMX
[19:57:40] [40/326] JACP
[19:57:41] 🔄 Identity reset
[19:57:41] 🔄 Identity rotated (every 10 requests)
[19:57:41] [41/326] CPSH
[19:57:42] [42/326] MCCD
[19:57:44] [43/326] ECGH
[19:57:44] [44/326] MKCK
[19:57:46] [45/326] SRMM
[19:57:47] [46/326] SKYR
[19:57:50] [47/326] PCKC
[19:57:51] [48/326] JCMA
[19:57:52] [49/326] BSMP
[19:57:53] [50/326] VSPA
[19:57:53] 🔄 Identity reset
[19:57:53] 🔄 Identity rotated (every 10 requests)
[19:57:54] [51/326] DJYA
[19:57:55] [52/326] DIMP
[19:57:56] [53/326] FXDR
[19:57:57] [54/326] SSRC
[19:57:58] [55/326] STHP
[19:57:59] [56/326] CPPD
[19:58:00] [57/326] FCLK
[19:58:01] [58/326] SCPP
[19:58:02] [59/326] DCMJ
[19:58:03] [60/326] RCCR
[19:58:04] 🔄 Identity reset
[19:58:04] 🔄 Identity rotated (every 10 requests)
[19:58:04] [61/326] INMT
[19:58:05] [62/326] LXTK
[19:58:07] [63/326] SRYK
[19:58:09] [64/326] SGDK
[19:58:10] [65/326] PPKA
[19:58:11] [66/326] SPKA
[19:58:12] [67/326] CGHH
[19:58:13] [68/326] DCJN
[19:58:14] [69/326] SRKV
[19:58:15] [70/326] SAJC
[19:58:16] 🔄 Identity reset
[19:58:16] 🔄 Identity rotated (every 10 requests)
[19:58:16] [71/326] SUSR
[19:58:17] [72/326] STYG
[19:58:18] [73/326] NTKP
[19:58:19] [74/326] AKTG
[19:58:20] [75/326] CGCM
[19:58:22] [76/326] TULC
[19:58:23] [77/326] NYYZ
[19:58:23] [78/326] NYBW
[19:58:24] [79/326] MACB
[19:58:25] [80/326] SLVT
[19:58:26] 🔄 Identity reset
[19:58:26] 🔄 Identity rotated (every 10 requests)
[19:58:27] [81/326] SANA
[19:58:28] [82/326] ACMR
[19:58:30] [83/326] CPKN
[19:58:30] [84/326] DLGK
[19:58:31] [85/326] CWCK
[19:58:33] [86/326] FDDH
[19:58:34] [87/326] MMMD
[19:58:36] [88/326] CMEH
[19:58:37] [89/326] GGGV
[19:58:38] [90/326] SPJL
[19:58:38] 🔄 Identity reset
[19:58:38] 🔄 Identity rotated (every 10 requests)
[19:58:39] [91/326] RCCD
[19:58:40] [92/326] STTZ
[19:58:41] [93/326] BTCF
[19:58:42] [94/326] TSTZ
[19:58:42] [95/326] IPMM
[19:58:43] [96/326] PMPW
[19:58:44] [97/326] PCMZ
[19:58:45] [98/326] ESEM
[19:58:46] [99/326] PIPO
[19:58:47] [100/326] MATK
[19:58:48] 🔄 Identity reset
[19:58:48] 🔄 Identity rotated (every 10 requests)
[19:58:48] [101/326] PGHM
[19:58:49] [102/326] CTSR
[19:58:50] [103/326] CYKR
[19:58:51] [104/326] MSCM
[19:58:52] [105/326] RFNP
[19:58:53] [106/326] PDCP
[19:58:54] [107/326] NPSE
[19:58:55] [108/326] MKML
[19:58:56] [109/326] FTDP
[19:58:57] [110/326] MMXA
[19:58:57] 🔄 Identity reset
[19:58:57] 🔄 Identity rotated (every 10 requests)
[19:58:58] [111/326] CEPO
[19:58:59] [112/326] CMVP
[19:59:00] [113/326] SGTH
[19:59:01] [114/326] SAYN
[19:59:04] [115/326] URVS
[19:59:05] [116/326] VJTN
[19:59:06] [117/326] BBYK
[19:59:07] [118/326] SHBO
[19:59:08] [119/326] VCMR
[19:59:10] [120/326] MACT
[19:59:10] 🔄 Identity reset
[19:59:10] 🔄 Identity rotated (every 10 requests)
[19:59:11] [121/326] JMNP
[19:59:12] [122/326] VICS
[19:59:13] [123/326] VCDA
[19:59:15] [124/326] GCMM
[19:59:16] [125/326] INVS
[19:59:17] [126/326] SCGM
[19:59:18] [127/326] PCDA
[19:59:19] [128/326] KDCT
[19:59:20] [129/326] JACS
[19:59:21] [130/326] GMMC
[19:59:21] 🔄 Identity reset
[19:59:21] 🔄 Identity rotated (every 10 requests)
[19:59:22] [131/326] AICM
[19:59:24] [132/326] TJCM
[19:59:25] [133/326] RMTI
[19:59:26] [134/326] SHAC
[19:59:27] [135/326] APJC
[19:59:28] [136/326] GCTG
[19:59:29] [137/326] SSMC
[19:59:30] [138/326] THRM
[19:59:31] [139/326] RBCT
[19:59:32] [140/326] DIKT
[19:59:33] 🔄 Identity reset
[19:59:33] 🔄 Identity rotated (every 10 requests)
[19:59:34] [141/326] MIDL
[19:59:35] [142/326] VCSN
[19:59:36] [143/326] SKTG
[19:59:37] [144/326] SMWC
[19:59:38] [145/326] MNKH
[19:59:39] [146/326] PIAT
[19:59:40] [147/326] LTTP
[19:59:40] [148/326] PTPU
[19:59:41] [149/326] ACMG
[19:59:42] [150/326] SHMM
[19:59:43] 🔄 Identity reset
[19:59:43] 🔄 Identity rotated (every 10 requests)
[19:59:44] [151/326] MCMN
[19:59:45] [152/326] GLDC
[19:59:46] [153/326] HOUT
[19:59:47] [154/326] SVRP
[19:59:49] [155/326] PVDN
[19:59:50] [156/326] SCPY
[19:59:51] [157/326] DTPY
[19:59:52] [158/326] GKCS
[19:59:53] [159/326] NCAM
[19:59:54] [160/326] BSRM
[19:59:55] 🔄 Identity reset
[19:59:55] 🔄 Identity rotated (every 10 requests)
[19:59:56] [161/326] RCLC
[19:59:57] [162/326] SKKD
[19:59:58] [163/326] ACHU
[19:59:59] [164/326] RSCF
[20:00:00] [165/326] IMSH
[20:00:01] [166/326] MACX
[20:00:02] [167/326] HMMW
[20:00:03] [168/326] JTCP
[20:00:04] [169/326] SREN
[20:00:05] [170/326] PJRR
[20:00:05] 🔄 Identity reset
[20:00:05] 🔄 Identity rotated (every 10 requests)
[20:00:06] [171/326] INAC
[20:00:07] [172/326] BMCA
[20:00:08] [173/326] SHCB
[20:00:09] [174/326] GABA
[20:00:10] [175/326] SBCT
[20:00:11] [176/326] GCMA
[20:00:12] [177/326] MYTK
[20:00:13] [178/326] INZS
[20:00:14] [179/326] RMIK
[20:00:15] [180/326] NYCH
[20:00:15] 🔄 Identity reset
[20:00:15] 🔄 Identity rotated (every 10 requests)
[20:00:16] [181/326] RAVE
[20:00:17] [182/326] PSXM
[20:00:18] [183/326] MCGP
[20:00:19] [184/326] PDDK
[20:00:20] [185/326] SPCK
[20:00:21] [186/326] MCRL
[20:00:23] [187/326] MHKT
[20:00:25] [188/326] ANRR
[20:00:26] [189/326] SAPK
[20:00:27] [190/326] NCUK
[20:00:28] 🔄 Identity reset
[20:00:28] 🔄 Identity rotated (every 10 requests)
[20:00:28] [191/326] JUGA
[20:00:29] [192/326] DBSC
[20:00:30] [193/326] LALK
[20:00:31] [194/326] GUCK
[20:00:32] [195/326] STSG
[20:00:33] [196/326] PPPZ
[20:00:34] [197/326] CNCY
[20:00:35] [198/326] MTAR
[20:00:36] [199/326] VNKD
[20:00:37] [200/326] KMAJ
[20:00:38] 🔄 Identity reset
[20:00:38] 🔄 Identity rotated (every 10 requests)
[20:00:38] [201/326] ACXK
[20:00:39] [202/326] UTKC
[20:00:40] [203/326] PBLK
[20:00:41] [204/326] ACBX
[20:00:42] [205/326] PTGM
[20:00:43] [206/326] BTDA
[20:00:44] [207/326] PJMB
[20:00:45] [208/326] TPDA
[20:00:46] [209/326] AMOE
[20:00:47] [210/326] PRHT
[20:00:48] 🔄 Identity reset
[20:00:48] 🔄 Identity rotated (every 10 requests)
[20:00:48] [211/326] PRTA
[20:00:49] [212/326] STAM
[20:00:50] [213/326] MSAA
[20:00:51] [214/326] SDLU
[20:00:52] [215/326] RCHH
[20:00:52] [216/326] KANT
[20:00:53] [217/326] FCRT
[20:00:54] [218/326] DNKM
[20:00:55] [219/326] RYCP
[20:00:56] [220/326] MYRP
[20:00:57] 🔄 Identity reset
[20:00:57] 🔄 Identity rotated (every 10 requests)
[20:00:57] [221/326] PPAK
[20:00:58] [222/326] NVPK
[20:00:59] [223/326] PRMC
[20:01:00] [224/326] JBCS
[20:01:02] [225/326] GXCK
[20:01:03] [226/326] USKO
[20:01:04] [227/326] GTEM
[20:01:05] [228/326] SMBU
[20:01:06] [229/326] VETC
[20:01:07] [230/326] LCDA
[20:01:08] 🔄 Identity reset
[20:01:08] 🔄 Identity rotated (every 10 requests)
[20:01:08] [231/326] MTVT
[20:01:09] [232/326] PYCP
[20:01:11] [233/326] PNSC
[20:01:12] [234/326] PPCC
[20:01:13] [235/326] TGRT
[20:01:14] [236/326] JYOT
[20:01:15] [237/326] SRCZ
[20:01:16] [238/326] SJTE
[20:01:17] [239/326] DESC
[20:01:18] [240/326] JHVN
[20:01:18] 🔄 Identity reset
[20:01:18] 🔄 Identity rotated (every 10 requests)
[20:01:19] [241/326] IPSG
[20:01:20] [242/326] IPCM
[20:01:21] [243/326] PDRS
[20:01:26] [244/326] ANCV
[20:01:26] [245/326] CMVV
[20:01:28] [246/326] SHYP
[20:01:28] [247/326] DNCS
[20:01:29] [248/326] GAJK
[20:01:30] [249/326] AKTN
[20:01:31] [250/326] KAYA
[20:01:32] 🔄 Identity reset
[20:01:32] 🔄 Identity rotated (every 10 requests)
[20:01:32] [251/326] SBRC
[20:01:33] [252/326] CHTP
[20:01:35] [253/326] SHRT
[20:01:36] [254/326] BCKU
[20:01:37] [255/326] FCPS
[20:01:38] [256/326] ARDD
[20:01:40] [257/326] CPCM
[20:01:42] [258/326] CGSM
[20:01:43] [259/326] PSMP
[20:01:44] [260/326] SDAL
[20:01:45] 🔄 Identity reset
[20:01:45] 🔄 Identity rotated (every 10 requests)
[20:01:45] [261/326] RTNB
[20:01:46] [262/326] LMCR
[20:01:47] [263/326] CIMA
[20:01:48] [264/326] RNAS
[20:01:48] [265/326] LITH
[20:01:50] [266/326] PBOX
[20:01:52] [267/326] FRTS
[20:01:53] [268/326] RKIC
[20:01:55] [269/326] PTAI
[20:01:56] [270/326] GCIC
[20:01:57] 🔄 Identity reset
[20:01:57] 🔄 Identity rotated (every 10 requests)
[20:01:57] [271/326] FNAS
[20:01:59] [272/326] SCAR
[20:02:00] [273/326] MTCA
[20:02:01] [274/326] SCTS
[20:02:02] [275/326] SYCS
[20:02:03] [276/326] RDMS
[20:02:05] [277/326] KAMP
[20:02:06] [278/326] ERSD
[20:02:07] [279/326] MJMJ
[20:02:08] [280/326] SRCJ
[20:02:09] 🔄 Identity reset
[20:02:09] 🔄 Identity rotated (every 10 requests)
[20:02:09] [281/326] SCXE
[20:02:10] [282/326] SVFR
[20:02:11] [283/326] BHCS
[20:02:12] [284/326] IMCC
[20:02:14] [285/326] PCBO
[20:02:15] [286/326] PRVN
[20:02:17] [287/326] AUPM
[20:02:18] [288/326] INBW
[20:02:19] [289/326] SVCW
[20:02:20] [290/326] RKCF
[20:02:21] 🔄 Identity reset
[20:02:21] 🔄 Identity rotated (every 10 requests)
[20:02:21] [291/326] UVBH
[20:02:23] [292/326] DNCY
[20:02:24] [293/326] ABCN
[20:02:25] [294/326] PRUR
[20:02:26] [295/326] PFMR
[20:02:27] [296/326] RKCN
[20:02:28] [297/326] CFEA
[20:02:29] [298/326] SDBG
[20:02:32] [299/326] SNAR
[20:02:32] [300/326] YISI
[20:02:33] 🔄 Identity reset
[20:02:33] 🔄 Identity rotated (every 10 requests)
[20:02:34] [301/326] JCFF
[20:02:35] [302/326] VTRK
[20:02:36] [303/326] PCLZ
[20:02:38] [304/326] DIMY
[20:02:39] [305/326] BBTS
[20:02:40] [306/326] GATH
[20:02:41] [307/326] GTMN
[20:02:42] [308/326] VTMH
[20:02:43] [309/326] CCKP
[20:02:44] [310/326] GPKA
[20:02:45] 🔄 Identity reset
[20:02:45] 🔄 Identity rotated (every 10 requests)
[20:02:45] [311/326] MHCL
[20:02:47] [312/326] ATCL
[20:02:48] [313/326] SBCK
[20:02:49] [314/326] AMMR
[20:02:50] [315/326] MADC
[20:02:51] [316/326] TMMA
[20:02:52] [317/326] CACC
[20:02:53] [318/326] CHAL
[20:02:55] [319/326] DURG
[20:02:55] [320/326] GMKU
[20:02:56] 🔄 Identity reset
[20:02:56] 🔄 Identity rotated (every 10 requests)
[20:02:56] [321/326] GECA
[20:02:57] [322/326] KYRR
[20:02:58] [323/326] KSDE
[20:03:00] [324/326] LMCI
[20:03:01] [325/326] NKCP
[20:03:02] [326/326] BGTC
[20:03:03] 🧹 Deduping shows
[20:03:03] ✅ DONE | Shows=451 | Movies=1
[01:27:03] 🚀 SCRIPT STARTED (enhanced anti‑detection)
[01:27:03] [1/326] BSAT
[01:27:03] 🧠 New identity created
[01:27:04] [2/326] RSSM
[01:27:05] [3/326] GCTA
[01:27:06] [4/326] TOPN
[01:27:07] [5/326] MCUS
[01:27:08] [6/326] SHRL
[01:27:09] [7/326] UPTP
[01:27:11] [8/326] TMMP
[01:27:12] [9/326] DNRP
[01:27:12] [10/326] SRLT
[01:27:13] 🔄 Identity reset
[01:27:13] 🔄 Identity rotated (every 10 requests)
[01:27:13] [11/326] RCNS
[01:27:14] [12/326] DCBH
[01:27:16] [13/326] NAGJ
[01:27:17] [14/326] JVRC
[01:27:18] [15/326] KRJG
[01:27:19] [16/326] SRTJ
[01:27:20] [17/326] CMXM
[01:27:21] [18/326] STMI
[01:27:22] [19/326] SLST
[01:27:23] [20/326] DTCN
[01:27:24] 🔄 Identity reset
[01:27:24] 🔄 Identity rotated (every 10 requests)
[01:27:24] [21/326] STYN
[01:27:25] [22/326] SZVR
[01:27:26] [23/326] SRKO
[01:27:27] [24/326] JTGT
[01:27:28] [25/326] SVFD
[01:27:29] [26/326] SISD
[01:27:30] [27/326] ABDD
[01:27:30] [28/326] DRCA
[01:27:32] [29/326] AVCS
[01:27:32] [30/326] MVKH
[01:27:33] 🔄 Identity reset
[01:27:33] 🔄 Identity rotated (every 10 requests)
[01:27:33] [31/326] ACPR
[01:27:34] [32/326] STIP
[01:27:36] [33/326] MTRA
[01:27:37] [34/326] RMKH
[01:27:38] [35/326] NKRL
[01:27:39] [36/326] PCWN
[01:27:40] [37/326] BLMT
[01:27:41] [38/326] GDPG
[01:27:42] [39/326] SRMX
[01:27:43] [40/326] JACP
[01:27:43] 🔄 Identity reset
[01:27:43] 🔄 Identity rotated (every 10 requests)
[01:27:44] [41/326] CPSH
[01:27:45] [42/326] MCCD
[01:27:46] [43/326] ECGH
[01:27:47] [44/326] MKCK
[01:27:48] [45/326] SRMM
[01:27:49] [46/326] SKYR
[01:27:50] [47/326] PCKC
[01:27:51] [48/326] JCMA
[01:27:52] [49/326] BSMP
[01:27:52] [50/326] VSPA
[01:27:53] 🔄 Identity reset
[01:27:53] 🔄 Identity rotated (every 10 requests)
[01:27:53] [51/326] DJYA
[01:27:54] [52/326] DIMP
[01:27:56] [53/326] FXDR
[01:27:57] [54/326] SSRC
[01:27:58] [55/326] STHP
[01:27:59] [56/326] CPPD
[01:27:59] [57/326] FCLK
[01:28:00] [58/326] SCPP
[01:28:01] [59/326] DCMJ
[01:28:02] [60/326] RCCR
[01:28:03] 🔄 Identity reset
[01:28:03] 🔄 Identity rotated (every 10 requests)
[01:28:03] [61/326] INMT
[01:28:04] [62/326] LXTK
[01:28:05] [63/326] SRYK
[01:28:06] [64/326] SGDK
[01:28:06] [65/326] PPKA
[01:28:07] [66/326] SPKA
[01:28:08] [67/326] CGHH
[01:28:09] [68/326] DCJN
[01:28:10] [69/326] SRKV
[01:28:11] [70/326] SAJC
[01:28:12] 🔄 Identity reset
[01:28:12] 🔄 Identity rotated (every 10 requests)
[01:28:12] [71/326] SUSR
[01:28:13] [72/326] STYG
[01:28:14] [73/326] NTKP
[01:28:15] [74/326] AKTG
[01:28:16] [75/326] CGCM
[01:28:17] [76/326] TULC
[01:28:18] [77/326] NYYZ
[01:28:19] [78/326] NYBW
[01:28:21] [79/326] MACB
[01:28:21] [80/326] SLVT
[01:28:22] 🔄 Identity reset
[01:28:22] 🔄 Identity rotated (every 10 requests)
[01:28:23] [81/326] SANA
[01:28:24] [82/326] ACMR
[01:28:26] [83/326] CPKN
[01:28:27] [84/326] DLGK
[01:28:28] [85/326] CWCK
[01:28:28] [86/326] FDDH
[01:28:29] [87/326] MMMD
[01:28:30] [88/326] CMEH
[01:28:31] [89/326] GGGV
[01:28:32] [90/326] SPJL
[01:28:33] 🔄 Identity reset
[01:28:33] 🔄 Identity rotated (every 10 requests)
[01:28:33] [91/326] RCCD
[01:28:34] [92/326] STTZ
[01:28:35] [93/326] BTCF
[01:28:36] [94/326] TSTZ
[01:28:37] [95/326] IPMM
[01:28:38] [96/326] PMPW
[01:28:39] [97/326] PCMZ
[01:28:41] [98/326] ESEM
[01:28:42] [99/326] PIPO
[01:28:43] [100/326] MATK
[01:28:43] 🔄 Identity reset
[01:28:43] 🔄 Identity rotated (every 10 requests)
[01:28:44] [101/326] PGHM
[01:28:45] [102/326] CTSR
[01:28:46] [103/326] CYKR
[01:28:47] [104/326] MSCM
[01:28:48] [105/326] RFNP
[01:28:49] [106/326] PDCP
[01:28:50] [107/326] NPSE
[01:28:51] [108/326] MKML
[01:28:53] [109/326] FTDP
[01:28:53] [110/326] MMXA
[01:28:54] 🔄 Identity reset
[01:28:54] 🔄 Identity rotated (every 10 requests)
[01:28:55] [111/326] CEPO
[01:28:57] [112/326] CMVP
[01:28:58] [113/326] SGTH
[01:28:59] [114/326] SAYN
[01:29:00] [115/326] URVS
[01:29:01] [116/326] VJTN
[01:29:02] [117/326] BBYK
[01:29:03] [118/326] SHBO
[01:29:04] [119/326] VCMR
[01:29:05] [120/326] MACT
[01:29:05] 🔄 Identity reset
[01:29:05] 🔄 Identity rotated (every 10 requests)
[01:29:06] [121/326] JMNP
[01:29:07] [122/326] VICS
[01:29:07] [123/326] VCDA
[01:29:09] [124/326] GCMM
[01:29:10] [125/326] INVS
[01:29:10] [126/326] SCGM
[01:29:11] [127/326] PCDA
[01:29:12] [128/326] KDCT
[01:29:13] [129/326] JACS
[01:29:14] [130/326] GMMC
[01:29:15] 🔄 Identity reset
[01:29:15] 🔄 Identity rotated (every 10 requests)
[01:29:15] [131/326] AICM
[01:29:17] [132/326] TJCM
[01:29:19] [133/326] RMTI
[01:29:19] [134/326] SHAC
[01:29:20] [135/326] APJC
[01:29:21] [136/326] GCTG
[01:29:23] [137/326] SSMC
[01:29:24] [138/326] THRM
[01:29:24] [139/326] RBCT
[01:29:25] [140/326] DIKT
[01:29:26] 🔄 Identity reset
[01:29:26] 🔄 Identity rotated (every 10 requests)
[01:29:26] [141/326] MIDL
[01:29:27] [142/326] VCSN
[01:29:28] [143/326] SKTG
[01:29:29] [144/326] SMWC
[01:29:30] [145/326] MNKH
[01:29:31] [146/326] PIAT
[01:29:32] [147/326] LTTP
[01:29:33] [148/326] PTPU
[01:29:35] [149/326] ACMG
[01:29:36] [150/326] SHMM
[01:29:36] 🔄 Identity reset
[01:29:36] 🔄 Identity rotated (every 10 requests)
[01:29:36] [151/326] MCMN
[01:29:37] [152/326] GLDC
[01:29:38] [153/326] HOUT
[01:29:39] [154/326] SVRP
[01:29:40] [155/326] PVDN
[01:29:41] [156/326] SCPY
[01:29:42] [157/326] DTPY
[01:29:43] [158/326] GKCS
[01:29:44] [159/326] NCAM
[01:29:45] [160/326] BSRM
[01:29:46] 🔄 Identity reset
[01:29:46] 🔄 Identity rotated (every 10 requests)
[01:29:47] [161/326] RCLC
[01:29:48] [162/326] SKKD
[01:29:48] [163/326] ACHU
[01:29:49] [164/326] RSCF
[01:29:50] [165/326] IMSH
[01:29:52] [166/326] MACX
[01:29:53] [167/326] HMMW
[01:29:54] [168/326] JTCP
[01:29:55] [169/326] SREN
[01:29:56] [170/326] PJRR
[01:29:56] 🔄 Identity reset
[01:29:56] 🔄 Identity rotated (every 10 requests)
[01:29:57] [171/326] INAC
[01:29:58] [172/326] BMCA
[01:29:59] [173/326] SHCB
[01:30:00] [174/326] GABA
[01:30:01] [175/326] SBCT
[01:30:03] [176/326] GCMA
[01:30:04] [177/326] MYTK
[01:30:05] [178/326] INZS
[01:30:06] [179/326] RMIK
[01:30:07] [180/326] NYCH
[01:30:08] 🔄 Identity reset
[01:30:08] 🔄 Identity rotated (every 10 requests)
[01:30:08] [181/326] RAVE
[01:30:09] [182/326] PSXM
[01:30:10] [183/326] MCGP
[01:30:12] [184/326] PDDK
[01:30:13] [185/326] SPCK
[01:30:14] [186/326] MCRL
[01:30:15] [187/326] MHKT
[01:30:16] [188/326] ANRR
[01:30:17] [189/326] SAPK
[01:30:18] [190/326] NCUK
[01:30:19] 🔄 Identity reset
[01:30:19] 🔄 Identity rotated (every 10 requests)
[01:30:19] [191/326] JUGA
[01:30:20] [192/326] DBSC
[01:30:21] [193/326] LALK
[01:30:22] [194/326] GUCK
[01:30:23] [195/326] STSG
[01:30:24] [196/326] PPPZ
[01:30:24] [197/326] CNCY
[01:30:25] [198/326] MTAR
[01:30:26] [199/326] VNKD
[01:30:27] [200/326] KMAJ
[01:30:28] 🔄 Identity reset
[01:30:28] 🔄 Identity rotated (every 10 requests)
[01:30:28] [201/326] ACXK
[01:30:29] [202/326] UTKC
[01:30:30] [203/326] PBLK
[01:30:31] [204/326] ACBX
[01:30:32] [205/326] PTGM
[01:30:33] [206/326] BTDA
[01:30:34] [207/326] PJMB
[01:30:35] [208/326] TPDA
[01:30:36] [209/326] AMOE
[01:30:37] [210/326] PRHT
[01:30:38] 🔄 Identity reset
[01:30:38] 🔄 Identity rotated (every 10 requests)
[01:30:38] [211/326] PRTA
[01:30:39] [212/326] STAM
[01:30:40] [213/326] MSAA
[01:30:41] [214/326] SDLU
[01:30:42] [215/326] RCHH
[01:30:43] [216/326] KANT
[01:30:44] [217/326] FCRT
[01:30:45] [218/326] DNKM
[01:30:45] [219/326] RYCP
[01:30:46] [220/326] MYRP
[01:30:47] 🔄 Identity reset
[01:30:47] 🔄 Identity rotated (every 10 requests)
[01:30:47] [221/326] PPAK
[01:30:48] [222/326] NVPK
[01:30:49] [223/326] PRMC
[01:30:51] [224/326] JBCS
[01:30:52] [225/326] GXCK
[01:30:53] [226/326] USKO
[01:30:54] [227/326] GTEM
[01:30:55] [228/326] SMBU
[01:30:56] [229/326] VETC
[01:30:57] [230/326] LCDA
[01:30:58] 🔄 Identity reset
[01:30:58] 🔄 Identity rotated (every 10 requests)
[01:30:58] [231/326] MTVT
[01:30:59] [232/326] PYCP
[01:31:00] [233/326] PNSC
[01:31:01] [234/326] PPCC
[01:31:02] [235/326] TGRT
[01:31:03] [236/326] JYOT
[01:31:04] [237/326] SRCZ
[01:31:05] [238/326] SJTE
[01:31:05] [239/326] DESC
[01:31:06] [240/326] JHVN
[01:31:07] 🔄 Identity reset
[01:31:07] 🔄 Identity rotated (every 10 requests)
[01:31:07] [241/326] IPSG
[01:31:09] [242/326] IPCM
[01:31:11] [243/326] PDRS
[01:31:12] [244/326] ANCV
[01:31:14] [245/326] CMVV
[01:31:15] [246/326] SHYP
[01:31:16] [247/326] DNCS
[01:31:17] [248/326] GAJK
[01:31:19] [249/326] AKTN
[01:31:19] [250/326] KAYA
[01:31:20] 🔄 Identity reset
[01:31:20] 🔄 Identity rotated (every 10 requests)
[01:31:20] [251/326] SBRC
[01:31:21] [252/326] CHTP
[01:31:22] [253/326] SHRT
[01:31:23] [254/326] BCKU
[01:31:24] [255/326] FCPS
[01:31:25] [256/326] ARDD
[01:31:26] [257/326] CPCM
[01:31:27] [258/326] CGSM
[01:31:28] [259/326] PSMP
[01:31:29] [260/326] SDAL
[01:31:30] 🔄 Identity reset
[01:31:30] 🔄 Identity rotated (every 10 requests)
[01:31:30] [261/326] RTNB
[01:31:31] [262/326] LMCR
[01:31:32] [263/326] CIMA
[01:31:33] [264/326] RNAS
[01:31:34] [265/326] LITH
[01:31:34] [266/326] PBOX
[01:31:35] [267/326] FRTS
[01:31:37] [268/326] RKIC
[01:31:39] [269/326] PTAI
[01:31:40] [270/326] GCIC
[01:31:40] 🔄 Identity reset
[01:31:40] 🔄 Identity rotated (every 10 requests)
[01:31:41] [271/326] FNAS
[01:31:42] [272/326] SCAR
[01:31:43] [273/326] MTCA
[01:31:44] [274/326] SCTS
[01:31:45] [275/326] SYCS
[01:31:46] [276/326] RDMS
[01:31:47] [277/326] KAMP
[01:31:48] [278/326] ERSD
[01:31:48] [279/326] MJMJ
[01:31:50] [280/326] SRCJ
[01:31:51] 🔄 Identity reset
[01:31:51] 🔄 Identity rotated (every 10 requests)
[01:31:51] [281/326] SCXE
[01:31:52] [282/326] SVFR
[01:31:53] [283/326] BHCS
[01:31:54] [284/326] IMCC
[01:31:55] [285/326] PCBO
[01:31:56] [286/326] PRVN
[01:31:57] [287/326] AUPM
[01:31:57] [288/326] INBW
[01:31:58] [289/326] SVCW
[01:31:59] [290/326] RKCF
[01:32:00] 🔄 Identity reset
[01:32:00] 🔄 Identity rotated (every 10 requests)
[01:32:00] [291/326] UVBH
[01:32:01] [292/326] DNCY
[01:32:02] [293/326] ABCN
[01:32:03] [294/326] PRUR
[01:32:04] [295/326] PFMR
[01:32:05] [296/326] RKCN
[01:32:06] [297/326] CFEA
[01:32:08] [298/326] SDBG
[01:32:09] [299/326] SNAR
[01:32:10] [300/326] YISI
[01:32:11] 🔄 Identity reset
[01:32:11] 🔄 Identity rotated (every 10 requests)
[01:32:11] [301/326] JCFF
[01:32:12] [302/326] VTRK
[01:32:13] [303/326] PCLZ
[01:32:14] [304/326] DIMY
[01:32:15] [305/326] BBTS
[01:32:16] [306/326] GATH
[01:32:16] [307/326] GTMN
[01:32:17] [308/326] VTMH
[01:32:19] [309/326] CCKP
[01:32:21] [310/326] GPKA
[01:32:22] 🔄 Identity reset
[01:32:22] 🔄 Identity rotated (every 10 requests)
[01:32:22] [311/326] MHCL
[01:32:23] [312/326] ATCL
[01:32:24] [313/326] SBCK
[01:32:25] [314/326] AMMR
[01:32:26] [315/326] MADC
[01:32:27] [316/326] TMMA
[01:32:28] [317/326] CACC
[01:32:29] [318/326] CHAL
[01:32:29] [319/326] DURG
[01:32:30] [320/326] GMKU
[01:32:31] 🔄 Identity reset
[01:32:31] 🔄 Identity rotated (every 10 requests)
[01:32:31] [321/326] GECA
[01:32:32] [322/326] KYRR
[01:32:33] [323/326] KSDE
[01:32:34] [324/326] LMCI
[01:32:36] [325/326] NKCP
[01:32:37] [326/326] BGTC
[01:32:38] 🧹 Deduping shows
[01:32:38] ✅ DONE | Shows=474 | Movies=1
[05:01:41] 🚀 SCRIPT STARTED (enhanced anti‑detection)
[05:01:41] [1/326] BSAT
[05:01:42] 🧠 New identity created
[05:01:42] [2/326] RSSM
[05:01:44] [3/326] GCTA
[05:01:45] [4/326] TOPN
[05:01:46] [5/326] MCUS
[05:01:47] [6/326] SHRL
[05:01:48] [7/326] UPTP
[05:01:49] [8/326] TMMP
[05:01:50] [9/326] DNRP
[05:01:51] [10/326] SRLT
[05:01:52] 🔄 Identity reset
[05:01:52] 🔄 Identity rotated (every 10 requests)
[05:01:53] [11/326] RCNS
[05:01:54] [12/326] DCBH
[05:01:55] [13/326] NAGJ
[05:01:56] [14/326] JVRC
[05:01:58] [15/326] KRJG
[05:01:59] [16/326] SRTJ
[05:02:01] [17/326] CMXM
[05:02:02] [18/326] STMI
[05:02:03] [19/326] SLST
[05:02:04] [20/326] DTCN
[05:02:05] 🔄 Identity reset
[05:02:05] 🔄 Identity rotated (every 10 requests)
[05:02:06] [21/326] STYN
[05:02:08] [22/326] SZVR
[05:02:08] [23/326] SRKO
[05:02:09] [24/326] JTGT
[05:02:10] [25/326] SVFD
[05:02:12] [26/326] SISD
[05:02:13] [27/326] ABDD
[05:02:14] [28/326] DRCA
[05:02:15] [29/326] AVCS
[05:02:16] [30/326] MVKH
[05:02:16] 🔄 Identity reset
[05:02:16] 🔄 Identity rotated (every 10 requests)
[05:02:18] [31/326] ACPR
[05:02:19] [32/326] STIP
[05:02:21] [33/326] MTRA
[05:02:22] [34/326] RMKH
[05:02:23] [35/326] NKRL
[05:02:24] [36/326] PCWN
[05:02:26] [37/326] BLMT
[05:02:27] [38/326] GDPG
[05:02:28] [39/326] SRMX
[05:02:29] [40/326] JACP
[05:02:29] 🔄 Identity reset
[05:02:29] 🔄 Identity rotated (every 10 requests)
[05:02:30] [41/326] CPSH
[05:02:30] [42/326] MCCD
[05:02:31] [43/326] ECGH
[05:02:32] [44/326] MKCK
[05:02:33] [45/326] SRMM
[05:02:35] [46/326] SKYR
[05:02:36] [47/326] PCKC
[05:02:38] [48/326] JCMA
[05:02:39] [49/326] BSMP
[05:02:40] [50/326] VSPA
[05:02:40] 🔄 Identity reset
[05:02:40] 🔄 Identity rotated (every 10 requests)
[05:02:41] [51/326] DJYA
[05:02:42] [52/326] DIMP
[05:02:43] [53/326] FXDR
[05:02:45] [54/326] SSRC
[05:02:46] [55/326] STHP
[05:02:47] [56/326] CPPD
[05:02:48] [57/326] FCLK
[05:02:49] [58/326] SCPP
[05:02:50] [59/326] DCMJ
[05:02:51] [60/326] RCCR
[05:02:51] 🔄 Identity reset
[05:02:51] 🔄 Identity rotated (every 10 requests)
[05:02:51] [61/326] INMT
[05:02:53] [62/326] LXTK
[05:02:53] [63/326] SRYK
[05:02:54] [64/326] SGDK
[05:02:55] [65/326] PPKA
[05:02:56] [66/326] SPKA
[05:02:57] [67/326] CGHH
[05:02:59] [68/326] DCJN
[05:03:00] [69/326] SRKV
[05:03:01] [70/326] SAJC
[05:03:01] 🔄 Identity reset
[05:03:01] 🔄 Identity rotated (every 10 requests)
[05:03:02] [71/326] SUSR
[05:03:03] [72/326] STYG
[05:03:05] [73/326] NTKP
[05:03:06] [74/326] AKTG
[05:03:08] [75/326] CGCM
[05:03:09] [76/326] TULC
[05:03:10] [77/326] NYYZ
[05:03:11] [78/326] NYBW
[05:03:12] [79/326] MACB
[05:03:13] [80/326] SLVT
[05:03:13] 🔄 Identity reset
[05:03:13] 🔄 Identity rotated (every 10 requests)
[05:03:14] [81/326] SANA
[05:03:15] [82/326] ACMR
[05:03:17] [83/326] CPKN
[05:03:18] [84/326] DLGK
[05:03:19] [85/326] CWCK
[05:03:20] [86/326] FDDH
[05:03:20] [87/326] MMMD
[05:03:21] [88/326] CMEH
[05:03:22] [89/326] GGGV
[05:03:23] [90/326] SPJL
[05:03:24] 🔄 Identity reset
[05:03:24] 🔄 Identity rotated (every 10 requests)
[05:03:25] [91/326] RCCD
[05:03:26] [92/326] STTZ
[05:03:27] [93/326] BTCF
[05:03:28] [94/326] TSTZ
[05:03:30] [95/326] IPMM
[05:03:31] [96/326] PMPW
[05:03:32] [97/326] PCMZ
[05:03:34] [98/326] ESEM
[05:03:35] [99/326] PIPO
[05:03:36] [100/326] MATK
[05:03:36] 🔄 Identity reset
[05:03:36] 🔄 Identity rotated (every 10 requests)
[05:03:37] [101/326] PGHM
[05:03:38] [102/326] CTSR
[05:03:39] [103/326] CYKR
[05:03:40] [104/326] MSCM
[05:03:41] [105/326] RFNP
[05:03:42] [106/326] PDCP
[05:03:42] [107/326] NPSE
[05:03:43] [108/326] MKML
[05:03:45] [109/326] FTDP
[05:03:47] [110/326] MMXA
[05:03:47] 🔄 Identity reset
[05:03:47] 🔄 Identity rotated (every 10 requests)
[05:03:48] [111/326] CEPO
[05:03:49] [112/326] CMVP
[05:03:51] [113/326] SGTH
[05:03:52] [114/326] SAYN
[05:03:54] [115/326] URVS
[05:03:55] [116/326] VJTN
[05:03:57] [117/326] BBYK
[05:03:58] [118/326] SHBO
[05:03:59] [119/326] VCMR
[05:04:00] [120/326] MACT
[05:04:00] 🔄 Identity reset
[05:04:00] 🔄 Identity rotated (every 10 requests)
[05:04:01] [121/326] JMNP
[05:04:02] [122/326] VICS
[05:04:03] [123/326] VCDA
[05:04:05] [124/326] GCMM
[05:04:06] [125/326] INVS
[05:04:07] [126/326] SCGM
[05:04:09] [127/326] PCDA
[05:04:10] [128/326] KDCT
[05:04:11] [129/326] JACS
[05:04:13] [130/326] GMMC
[05:04:14] 🔄 Identity reset
[05:04:14] 🔄 Identity rotated (every 10 requests)
[05:04:14] [131/326] AICM
[05:04:16] [132/326] TJCM
[05:04:17] [133/326] RMTI
[05:04:18] [134/326] SHAC
[05:04:18] [135/326] APJC
[05:04:20] [136/326] GCTG
[05:04:21] [137/326] SSMC
[05:04:22] [138/326] THRM
[05:04:24] [139/326] RBCT
[05:04:25] [140/326] DIKT
[05:04:25] 🔄 Identity reset
[05:04:25] 🔄 Identity rotated (every 10 requests)
[05:04:26] [141/326] MIDL
[05:04:28] [142/326] VCSN
[05:04:28] [143/326] SKTG
[05:04:29] [144/326] SMWC
[05:04:31] [145/326] MNKH
[05:04:33] [146/326] PIAT
[05:04:34] [147/326] LTTP
[05:04:35] [148/326] PTPU
[05:04:36] [149/326] ACMG
[05:04:37] [150/326] SHMM
[05:04:38] 🔄 Identity reset
[05:04:38] 🔄 Identity rotated (every 10 requests)
[05:04:38] [151/326] MCMN
[05:04:40] [152/326] GLDC
[05:04:41] [153/326] HOUT
[05:04:42] [154/326] SVRP
[05:04:43] [155/326] PVDN
[05:04:44] [156/326] SCPY
[05:04:45] [157/326] DTPY
[05:04:46] [158/326] GKCS
[05:04:47] [159/326] NCAM
[05:04:49] [160/326] BSRM
[05:04:49] 🔄 Identity reset
[05:04:49] 🔄 Identity rotated (every 10 requests)
[05:04:50] [161/326] RCLC
[05:04:50] [162/326] SKKD
[05:04:52] [163/326] ACHU
[05:04:52] [164/326] RSCF
[05:04:53] [165/326] IMSH
[05:04:55] [166/326] MACX
[05:04:56] [167/326] HMMW
[05:04:57] [168/326] JTCP
[05:04:59] [169/326] SREN
[05:05:00] [170/326] PJRR
[05:05:01] 🔄 Identity reset
[05:05:01] 🔄 Identity rotated (every 10 requests)
[05:05:02] [171/326] INAC
[05:05:03] [172/326] BMCA
[05:05:05] [173/326] SHCB
[05:05:06] [174/326] GABA
[05:05:07] [175/326] SBCT
[05:05:09] [176/326] GCMA
[05:05:10] [177/326] MYTK
[05:05:12] [178/326] INZS
[05:05:13] [179/326] RMIK
[05:05:14] [180/326] NYCH
[05:05:14] 🔄 Identity reset
[05:05:14] 🔄 Identity rotated (every 10 requests)
[05:05:16] [181/326] RAVE
[05:05:17] [182/326] PSXM
[05:05:18] [183/326] MCGP
[05:05:19] [184/326] PDDK
[05:05:21] [185/326] SPCK
[05:05:22] [186/326] MCRL
[05:05:23] [187/326] MHKT
[05:05:24] [188/326] ANRR
[05:05:24] [189/326] SAPK
[05:05:26] [190/326] NCUK
[05:05:27] 🔄 Identity reset
[05:05:27] 🔄 Identity rotated (every 10 requests)
[05:05:27] [191/326] JUGA
[05:05:28] [192/326] DBSC
[05:05:30] [193/326] LALK
[05:05:31] [194/326] GUCK
[05:05:32] [195/326] STSG
[05:05:34] [196/326] PPPZ
[05:05:36] [197/326] CNCY
[05:05:36] [198/326] MTAR
[05:05:38] [199/326] VNKD
[05:05:39] [200/326] KMAJ
[05:05:40] 🔄 Identity reset
[05:05:40] 🔄 Identity rotated (every 10 requests)
[05:05:40] [201/326] ACXK
[05:05:41] [202/326] UTKC
[05:05:42] [203/326] PBLK
[05:05:42] [204/326] ACBX
[05:05:44] [205/326] PTGM
[05:05:45] [206/326] BTDA
[05:05:47] [207/326] PJMB
[05:05:48] [208/326] TPDA
[05:05:49] [209/326] AMOE
[05:05:50] [210/326] PRHT
[05:05:51] 🔄 Identity reset
[05:05:51] 🔄 Identity rotated (every 10 requests)
[05:05:51] [211/326] PRTA
[05:05:53] [212/326] STAM
[05:05:54] [213/326] MSAA
[05:05:56] [214/326] SDLU
[05:05:57] [215/326] RCHH
[05:05:58] [216/326] KANT
[05:05:59] [217/326] FCRT
[05:06:00] [218/326] DNKM
[05:06:01] [219/326] RYCP
[05:06:02] [220/326] MYRP
[05:06:02] 🔄 Identity reset
[05:06:02] 🔄 Identity rotated (every 10 requests)
[05:06:03] [221/326] PPAK
[05:06:05] [222/326] NVPK
[05:06:05] [223/326] PRMC
[05:06:06] [224/326] JBCS
[05:06:08] [225/326] GXCK
[05:06:09] [226/326] USKO
[05:06:10] [227/326] GTEM
[05:06:11] [228/326] SMBU
[05:06:12] [229/326] VETC
[05:06:13] [230/326] LCDA
[05:06:14] 🔄 Identity reset
[05:06:14] 🔄 Identity rotated (every 10 requests)
[05:06:14] [231/326] MTVT
[05:06:15] [232/326] PYCP
[05:06:16] [233/326] PNSC
[05:06:18] [234/326] PPCC
[05:06:20] [235/326] TGRT
[05:06:21] [236/326] JYOT
[05:06:22] [237/326] SRCZ
[05:06:23] [238/326] SJTE
[05:06:24] [239/326] DESC
[05:06:26] [240/326] JHVN
[05:06:26] 🔄 Identity reset
[05:06:26] 🔄 Identity rotated (every 10 requests)
[05:06:27] [241/326] IPSG
[05:06:29] [242/326] IPCM
[05:06:30] [243/326] PDRS
[05:06:31] [244/326] ANCV
[05:06:32] [245/326] CMVV
[05:06:33] [246/326] SHYP
[05:06:35] [247/326] DNCS
[05:06:36] [248/326] GAJK
[05:06:38] [249/326] AKTN
[05:06:38] [250/326] KAYA
[05:06:39] 🔄 Identity reset
[05:06:39] 🔄 Identity rotated (every 10 requests)
[05:06:39] [251/326] SBRC
[05:06:40] [252/326] CHTP
[05:06:42] [253/326] SHRT
[05:06:43] [254/326] BCKU
[05:06:45] [255/326] FCPS
[05:06:46] [256/326] ARDD
[05:06:46] [257/326] CPCM
[05:06:47] [258/326] CGSM
[05:06:48] [259/326] PSMP
[05:06:49] [260/326] SDAL
[05:06:50] 🔄 Identity reset
[05:06:50] 🔄 Identity rotated (every 10 requests)
[05:06:50] [261/326] RTNB
[05:06:51] [262/326] LMCR
[05:06:52] [263/326] CIMA
[05:06:53] [264/326] RNAS
[05:06:54] [265/326] LITH
[05:06:55] [266/326] PBOX
[05:06:55] [267/326] FRTS
[05:06:56] [268/326] RKIC
[05:06:58] [269/326] PTAI
[05:06:58] [270/326] GCIC
[05:06:59] 🔄 Identity reset
[05:06:59] 🔄 Identity rotated (every 10 requests)
[05:07:00] [271/326] FNAS
[05:07:01] [272/326] SCAR
[05:07:02] [273/326] MTCA
[05:07:03] [274/326] SCTS
[05:07:05] [275/326] SYCS
[05:07:06] [276/326] RDMS
[05:07:08] [277/326] KAMP
[05:07:09] [278/326] ERSD
[05:07:10] [279/326] MJMJ
[05:07:11] [280/326] SRCJ
[05:07:12] 🔄 Identity reset
[05:07:12] 🔄 Identity rotated (every 10 requests)
[05:07:12] [281/326] SCXE
[05:07:13] [282/326] SVFR
[05:07:14] [283/326] BHCS
[05:07:15] [284/326] IMCC
[05:07:16] [285/326] PCBO
[05:07:18] [286/326] PRVN
[05:07:20] [287/326] AUPM
[05:07:21] [288/326] INBW
[05:07:22] [289/326] SVCW
[05:07:24] [290/326] RKCF
[05:07:25] 🔄 Identity reset
[05:07:25] 🔄 Identity rotated (every 10 requests)
[05:07:26] [291/326] UVBH
[05:07:28] [292/326] DNCY
[05:07:29] [293/326] ABCN
[05:07:30] [294/326] PRUR
[05:07:31] [295/326] PFMR
[05:07:32] [296/326] RKCN
[05:07:33] [297/326] CFEA
[05:07:34] [298/326] SDBG
[05:07:36] [299/326] SNAR
[05:07:37] [300/326] YISI
[05:07:38] 🔄 Identity reset
[05:07:38] 🔄 Identity rotated (every 10 requests)
[05:07:38] [301/326] JCFF
[05:07:39] [302/326] VTRK
[05:07:40] [303/326] PCLZ
[05:07:41] [304/326] DIMY
[05:07:42] [305/326] BBTS
[05:07:43] [306/326] GATH
[05:07:44] [307/326] GTMN
[05:07:46] [308/326] VTMH
[05:07:47] [309/326] CCKP
[05:07:48] [310/326] GPKA
[05:07:49] 🔄 Identity reset
[05:07:49] 🔄 Identity rotated (every 10 requests)
[05:07:49] [311/326] MHCL
[05:07:50] [312/326] ATCL
[05:07:51] [313/326] SBCK
[05:07:52] [314/326] AMMR
[05:07:53] [315/326] MADC
[05:07:54] [316/326] TMMA
[05:07:56] [317/326] CACC
[05:07:57] [318/326] CHAL
[05:07:59] [319/326] DURG
[05:08:00] [320/326] GMKU
[05:08:01] 🔄 Identity reset
[05:08:01] 🔄 Identity rotated (every 10 requests)
[05:08:01] [321/326] GECA
[05:08:02] [322/326] KYRR
[05:08:03] [323/326] KSDE
[05:08:04] [324/326] LMCI
[05:08:05] [325/326] NKCP
[05:08:07] [326/326] BGTC
[05:08:08] 🧹 Deduping shows
[05:08:08] ✅ DONE | Shows=474 | Movies=1
[05:14:33] 🚀 SCRIPT STARTED (enhanced anti‑detection)
[05:14:33] [1/326] BSAT
[05:14:33] 🧠 New identity created
[05:14:33] [2/326] RSSM
[05:14:34] [3/326] GCTA
[05:14:34] [4/326] TOPN
[05:14:35] [5/326] MCUS
[05:14:36] [6/326] SHRL
[05:14:37] [7/326] UPTP
[05:14:37] [8/326] TMMP
[05:14:38] [9/326] DNRP
[05:14:39] [10/326] SRLT
[05:14:39] 🔄 Identity reset
[05:14:39] 🔄 Identity rotated (every 10 requests)
[05:14:39] [11/326] RCNS
[05:14:40] [12/326] DCBH
[05:14:41] [13/326] NAGJ
[05:14:41] [14/326] JVRC
[05:14:42] [15/326] KRJG
[05:14:43] [16/326] SRTJ
[05:14:43] [17/326] CMXM
[05:14:44] [18/326] STMI
[05:14:45] [19/326] SLST
[05:14:45] [20/326] DTCN
[05:14:46] 🔄 Identity reset
[05:14:46] 🔄 Identity rotated (every 10 requests)
[05:14:46] [21/326] STYN
[05:14:47] [22/326] SZVR
[05:14:47] [23/326] SRKO
[05:14:48] [24/326] JTGT
[05:14:49] [25/326] SVFD
[05:14:50] [26/326] SISD
[05:14:50] [27/326] ABDD
[05:14:51] [28/326] DRCA
[05:14:51] [29/326] AVCS
[05:14:52] [30/326] MVKH
[05:14:53] 🔄 Identity reset
[05:14:53] 🔄 Identity rotated (every 10 requests)
[05:14:53] [31/326] ACPR
[05:14:54] [32/326] STIP
[05:14:54] [33/326] MTRA
[05:14:55] [34/326] RMKH
[05:14:55] [35/326] NKRL
[05:14:56] [36/326] PCWN
[05:14:57] [37/326] BLMT
[05:14:58] [38/326] GDPG
[05:14:58] [39/326] SRMX
[05:14:59] [40/326] JACP
[05:15:00] 🔄 Identity reset
[05:15:00] 🔄 Identity rotated (every 10 requests)
[05:15:00] [41/326] CPSH
[05:15:00] [42/326] MCCD
[05:15:01] [43/326] ECGH
[05:15:02] [44/326] MKCK
[05:15:02] [45/326] SRMM
[05:15:03] [46/326] SKYR
[05:15:04] [47/326] PCKC
[05:15:04] [48/326] JCMA
[05:15:05] [49/326] BSMP
[05:15:06] [50/326] VSPA
[05:15:06] 🔄 Identity reset
[05:15:06] 🔄 Identity rotated (every 10 requests)
[05:15:06] [51/326] DJYA
[05:15:07] [52/326] DIMP
[05:15:08] [53/326] FXDR
[05:15:08] [54/326] SSRC
[05:15:09] [55/326] STHP
[05:15:09] [56/326] CPPD
[05:15:10] [57/326] FCLK
[05:15:11] [58/326] SCPP
[05:15:12] [59/326] DCMJ
[05:15:12] [60/326] RCCR
[05:15:13] 🔄 Identity reset
[05:15:13] 🔄 Identity rotated (every 10 requests)
[05:15:13] [61/326] INMT
[05:15:14] [62/326] LXTK
[05:15:14] [63/326] SRYK
[05:15:15] [64/326] SGDK
[05:15:15] [65/326] PPKA
[05:15:16] [66/326] SPKA
[05:15:17] [67/326] CGHH
[05:15:17] [68/326] DCJN
[05:15:18] [69/326] SRKV
[05:15:19] [70/326] SAJC
[05:15:19] 🔄 Identity reset
[05:15:19] 🔄 Identity rotated (every 10 requests)
[05:15:19] [71/326] SUSR
[05:15:20] [72/326] STYG
[05:15:20] [73/326] NTKP
[05:15:21] [74/326] AKTG
[05:15:22] [75/326] CGCM
[05:15:22] [76/326] TULC
[05:15:23] [77/326] NYYZ
[05:15:24] [78/326] NYBW
[05:15:24] [79/326] MACB
[05:15:25] [80/326] SLVT
[05:15:26] 🔄 Identity reset
[05:15:26] 🔄 Identity rotated (every 10 requests)
[05:15:26] [81/326] SANA
[05:15:26] [82/326] ACMR
[05:15:27] [83/326] CPKN
[05:15:28] [84/326] DLGK
[05:15:28] [85/326] CWCK
[05:15:29] [86/326] FDDH
[05:15:30] [87/326] MMMD
[05:15:30] [88/326] CMEH
[05:15:31] [89/326] GGGV
[05:15:31] [90/326] SPJL
[05:15:32] 🔄 Identity reset
[05:15:32] 🔄 Identity rotated (every 10 requests)
[05:15:32] [91/326] RCCD
[05:15:33] [92/326] STTZ
[05:15:33] [93/326] BTCF
[05:15:34] [94/326] TSTZ
[05:15:35] [95/326] IPMM
[05:15:35] [96/326] PMPW
[05:15:36] [97/326] PCMZ
[05:15:37] [98/326] ESEM
[05:15:37] [99/326] PIPO
[05:15:38] [100/326] MATK
[05:15:38] 🔄 Identity reset
[05:15:38] 🔄 Identity rotated (every 10 requests)
[05:15:39] [101/326] PGHM
[05:15:39] [102/326] CTSR
[05:15:40] [103/326] CYKR
[05:15:41] [104/326] MSCM
[05:15:41] [105/326] RFNP
[05:15:42] [106/326] PDCP
[05:15:42] [107/326] NPSE
[05:15:43] [108/326] MKML
[05:15:44] [109/326] FTDP
[05:15:44] [110/326] MMXA
[05:15:45] 🔄 Identity reset
[05:15:45] 🔄 Identity rotated (every 10 requests)
[05:15:45] [111/326] CEPO
[05:15:45] [112/326] CMVP
[05:15:46] [113/326] SGTH
[05:15:47] [114/326] SAYN
[05:15:48] [115/326] URVS
[05:15:48] [116/326] VJTN
[05:15:49] [117/326] BBYK
[05:15:50] [118/326] SHBO
[05:15:51] [119/326] VCMR
[05:15:51] [120/326] MACT
[05:15:52] 🔄 Identity reset
[05:15:52] 🔄 Identity rotated (every 10 requests)
[05:15:52] [121/326] JMNP
[05:15:52] [122/326] VICS
[05:15:53] [123/326] VCDA
[05:15:54] [124/326] GCMM
[05:15:55] [125/326] INVS
[05:15:55] [126/326] SCGM
[05:15:56] [127/326] PCDA
[05:15:56] [128/326] KDCT
[05:15:57] [129/326] JACS
[05:15:58] [130/326] GMMC
[05:15:58] 🔄 Identity reset
[05:15:58] 🔄 Identity rotated (every 10 requests)
[05:15:59] [131/326] AICM
[05:15:59] [132/326] TJCM
[05:16:00] [133/326] RMTI
[05:16:01] [134/326] SHAC
[05:16:01] [135/326] APJC
[05:16:02] [136/326] GCTG
[05:16:03] [137/326] SSMC
[05:16:03] [138/326] THRM
[05:16:04] [139/326] RBCT
[05:16:05] [140/326] DIKT
[05:16:05] 🔄 Identity reset
[05:16:05] 🔄 Identity rotated (every 10 requests)
[05:16:05] [141/326] MIDL
[05:16:06] [142/326] VCSN
[05:16:07] [143/326] SKTG
[05:16:07] [144/326] SMWC
[05:16:08] [145/326] MNKH
[05:16:09] [146/326] PIAT
[05:16:09] [147/326] LTTP
[05:16:10] [148/326] PTPU
[05:16:11] [149/326] ACMG
[05:16:11] [150/326] SHMM
[05:16:12] 🔄 Identity reset
[05:16:12] 🔄 Identity rotated (every 10 requests)
[05:16:12] [151/326] MCMN
[05:16:12] [152/326] GLDC
[05:16:13] [153/326] HOUT
[05:16:14] [154/326] SVRP
[05:16:15] [155/326] PVDN
[05:16:15] [156/326] SCPY
[05:16:16] [157/326] DTPY
[05:16:16] [158/326] GKCS
[05:16:17] [159/326] NCAM
[05:16:18] [160/326] BSRM
[05:16:18] 🔄 Identity reset
[05:16:18] 🔄 Identity rotated (every 10 requests)
[05:16:19] [161/326] RCLC
[05:16:19] [162/326] SKKD
[05:16:20] [163/326] ACHU
[05:16:20] [164/326] RSCF
[05:16:21] [165/326] IMSH
[05:16:22] [166/326] MACX
[05:16:22] [167/326] HMMW
[05:16:23] [168/326] JTCP
[05:16:24] [169/326] SREN
[05:16:25] [170/326] PJRR
[05:16:25] 🔄 Identity reset
[05:16:25] 🔄 Identity rotated (every 10 requests)
[05:16:25] [171/326] INAC
[05:16:26] [172/326] BMCA
[05:16:26] [173/326] SHCB
[05:16:27] [174/326] GABA
[05:16:28] [175/326] SBCT
[05:16:28] [176/326] GCMA
[05:16:29] [177/326] MYTK
[05:16:30] [178/326] INZS
[05:16:30] [179/326] RMIK
[05:16:31] [180/326] NYCH
[05:16:32] 🔄 Identity reset
[05:16:32] 🔄 Identity rotated (every 10 requests)
[05:16:32] [181/326] RAVE
[05:16:32] [182/326] PSXM
[05:16:33] [183/326] MCGP
[05:16:34] [184/326] PDDK
[05:16:34] [185/326] SPCK
[05:16:35] [186/326] MCRL
[05:16:35] [187/326] MHKT
[05:16:36] [188/326] ANRR
[05:16:37] [189/326] SAPK
[05:16:37] [190/326] NCUK
[05:16:38] 🔄 Identity reset
[05:16:38] 🔄 Identity rotated (every 10 requests)
[05:16:38] [191/326] JUGA
[05:16:39] [192/326] DBSC
[05:16:40] [193/326] LALK
[05:16:40] [194/326] GUCK
[05:16:41] [195/326] STSG
[05:16:42] [196/326] PPPZ
[05:16:43] [197/326] CNCY
[05:16:43] [198/326] MTAR
[05:16:44] [199/326] VNKD
[05:16:45] [200/326] KMAJ
[05:16:45] 🔄 Identity reset
[05:16:45] 🔄 Identity rotated (every 10 requests)
[05:16:45] 🔄 Retry 1/5 for KMAJ in 2.0s
[05:16:45] 🔄 Identity reset
[05:16:47] 🧠 New identity created
[05:16:47] [201/326] ACXK
[05:16:48] [202/326] UTKC
[05:16:49] [203/326] PBLK
[05:16:49] [204/326] ACBX
[05:16:50] [205/326] PTGM
[05:16:51] [206/326] BTDA
[05:16:51] [207/326] PJMB
[05:16:52] [208/326] TPDA
[05:16:52] [209/326] AMOE
[05:16:53] 🔄 Identity reset
[05:16:53] 🔄 Identity rotated (every 10 requests)
[05:16:53] [210/326] PRHT
[05:16:54] [211/326] PRTA
[05:16:54] [212/326] STAM
[05:16:55] [213/326] MSAA
[05:16:55] [214/326] SDLU
[05:16:56] [215/326] RCHH
[05:16:57] [216/326] KANT
[05:16:57] [217/326] FCRT
[05:16:58] [218/326] DNKM
[05:16:58] [219/326] RYCP
[05:16:59] 🔄 Identity reset
[05:16:59] 🔄 Identity rotated (every 10 requests)
[05:16:59] [220/326] MYRP
[05:17:00] [221/326] PPAK
[05:17:00] [222/326] NVPK
[05:17:01] [223/326] PRMC
[05:17:02] [224/326] JBCS
[05:17:02] [225/326] GXCK
[05:17:03] [226/326] USKO
[05:17:04] [227/326] GTEM
[05:17:04] [228/326] SMBU
[05:17:05] [229/326] VETC
[05:17:06] 🔄 Identity reset
[05:17:06] 🔄 Identity rotated (every 10 requests)
[05:17:06] [230/326] LCDA
[05:17:06] [231/326] MTVT
[05:17:07] [232/326] PYCP
[05:17:08] [233/326] PNSC
[05:17:09] [234/326] PPCC
[05:17:09] [235/326] TGRT
[05:17:10] [236/326] JYOT
[05:17:10] [237/326] SRCZ
[05:17:11] [238/326] SJTE
[05:17:12] [239/326] DESC
[05:17:12] 🔄 Identity reset
[05:17:12] 🔄 Identity rotated (every 10 requests)
[05:17:12] [240/326] JHVN
[05:17:13] [241/326] IPSG
[05:17:14] [242/326] IPCM
[05:17:15] [243/326] PDRS
[05:17:15] [244/326] ANCV
[05:17:16] [245/326] CMVV
[05:17:17] [246/326] SHYP
[05:17:17] [247/326] DNCS
[05:17:18] [248/326] GAJK
[05:17:18] [249/326] AKTN
[05:17:19] 🔄 Identity reset
[05:17:19] 🔄 Identity rotated (every 10 requests)
[05:17:19] [250/326] KAYA
[05:17:20] [251/326] SBRC
[05:17:21] [252/326] CHTP
[05:17:21] [253/326] SHRT
[05:17:22] [254/326] BCKU
[05:17:23] [255/326] FCPS
[05:17:23] [256/326] ARDD
[05:17:24] [257/326] CPCM
[05:17:25] [258/326] CGSM
[05:17:25] [259/326] PSMP
[05:17:26] 🔄 Identity reset
[05:17:26] 🔄 Identity rotated (every 10 requests)
[05:17:26] [260/326] SDAL
[05:17:27] [261/326] RTNB
[05:17:28] [262/326] LMCR
[05:17:28] [263/326] CIMA
[05:17:29] [264/326] RNAS
[05:17:29] [265/326] LITH
[05:17:30] [266/326] PBOX
[05:17:31] [267/326] FRTS
[05:17:31] [268/326] RKIC
[05:17:32] [269/326] PTAI
[05:17:33] 🔄 Identity reset
[05:17:33] 🔄 Identity rotated (every 10 requests)
[05:17:33] [270/326] GCIC
[05:17:33] [271/326] FNAS
[05:17:34] [272/326] SCAR
[05:17:35] [273/326] MTCA
[05:17:35] [274/326] SCTS
[05:17:36] [275/326] SYCS
[05:17:37] [276/326] RDMS
[05:17:37] [277/326] KAMP
[05:17:38] [278/326] ERSD
[05:17:39] [279/326] MJMJ
[05:17:39] 🔄 Identity reset
[05:17:39] 🔄 Identity rotated (every 10 requests)
[05:17:39] [280/326] SRCJ
[05:17:40] [281/326] SCXE
[05:17:41] [282/326] SVFR
[05:17:41] [283/326] BHCS
[05:17:42] [284/326] IMCC
[05:17:43] [285/326] PCBO
[05:17:43] [286/326] PRVN
[05:17:44] [287/326] AUPM
[05:17:45] [288/326] INBW
[05:17:45] [289/326] SVCW
[05:17:46] 🔄 Identity reset
[05:17:46] 🔄 Identity rotated (every 10 requests)
[05:17:46] [290/326] RKCF
[05:17:46] [291/326] UVBH
[05:17:47] [292/326] DNCY
[05:17:48] [293/326] ABCN
[05:17:48] [294/326] PRUR
[05:17:49] [295/326] PFMR
[05:17:50] [296/326] RKCN
[05:17:50] [297/326] CFEA
[05:17:51] [298/326] SDBG
[05:17:52] [299/326] SNAR
[05:17:52] 🔄 Identity reset
[05:17:52] 🔄 Identity rotated (every 10 requests)
[05:17:52] [300/326] YISI
[05:17:53] [301/326] JCFF
[05:17:54] [302/326] VTRK
[05:17:54] [303/326] PCLZ
[05:17:55] [304/326] DIMY
[05:17:56] [305/326] BBTS
[05:17:57] [306/326] GATH
[05:17:57] [307/326] GTMN
[05:17:58] [308/326] VTMH
[05:17:59] [309/326] CCKP
[05:17:59] 🔄 Identity reset
[05:17:59] 🔄 Identity rotated (every 10 requests)
[05:17:59] [310/326] GPKA
[05:18:00] [311/326] MHCL
[05:18:01] [312/326] ATCL
[05:18:01] [313/326] SBCK
[05:18:02] [314/326] AMMR
[05:18:03] [315/326] MADC
[05:18:03] [316/326] TMMA
[05:18:04] [317/326] CACC
[05:18:04] [318/326] CHAL
[05:18:05] [319/326] DURG
[05:18:06] 🔄 Identity reset
[05:18:06] 🔄 Identity rotated (every 10 requests)
[05:18:06] [320/326] GMKU
[05:18:06] [321/326] GECA
[05:18:07] [322/326] KYRR
[05:18:08] [323/326] KSDE
[05:18:08] [324/326] LMCI
[05:18:09] [325/326] NKCP
[05:18:10] [326/326] BGTC
[05:18:10] 🧹 Deduping shows
[05:18:10] ✅ DONE | Shows=474 | Movies=1
[11:39:35] 🚀 SCRIPT STARTED (enhanced anti‑detection)
[11:39:35] [1/326] BSAT
[11:39:36] 🧠 New identity created
[11:39:37] [2/326] RSSM
[11:39:38] [3/326] GCTA
[11:39:40] [4/326] TOPN
[11:39:41] [5/326] MCUS
[11:39:42] [6/326] SHRL
[11:39:43] [7/326] UPTP
[11:39:44] [8/326] TMMP
[11:39:45] [9/326] DNRP
[11:39:47] [10/326] SRLT
[11:39:47] 🔄 Identity reset
[11:39:47] 🔄 Identity rotated (every 10 requests)
[11:39:48] [11/326] RCNS
[11:39:49] [12/326] DCBH
[11:39:49] [13/326] NAGJ
[11:39:51] [14/326] JVRC
[11:39:52] [15/326] KRJG
[11:39:53] [16/326] SRTJ
[11:39:54] [17/326] CMXM
[11:39:55] [18/326] STMI
[11:39:56] [19/326] SLST
[11:39:57] [20/326] DTCN
[11:39:58] 🔄 Identity reset
[11:39:58] 🔄 Identity rotated (every 10 requests)
[11:39:59] [21/326] STYN
[11:40:00] [22/326] SZVR
[11:40:01] [23/326] SRKO
[11:40:02] [24/326] JTGT
[11:40:03] [25/326] SVFD
[11:40:04] [26/326] SISD
[11:40:05] [27/326] ABDD
[11:40:06] [28/326] DRCA
[11:40:07] [29/326] AVCS
[11:40:08] [30/326] MVKH
[11:40:09] 🔄 Identity reset
[11:40:09] 🔄 Identity rotated (every 10 requests)
[11:40:09] [31/326] ACPR
[11:40:10] [32/326] STIP
[11:40:11] [33/326] MTRA
[11:40:12] [34/326] RMKH
[11:40:12] [35/326] NKRL
[11:40:13] [36/326] PCWN
[11:40:14] [37/326] BLMT
[11:40:15] [38/326] GDPG
[11:40:16] [39/326] SRMX
[11:40:18] [40/326] JACP
[11:40:18] 🔄 Identity reset
[11:40:18] 🔄 Identity rotated (every 10 requests)
[11:40:19] [41/326] CPSH
[11:40:19] [42/326] MCCD
[11:40:21] [43/326] ECGH
[11:40:22] [44/326] MKCK
[11:40:23] [45/326] SRMM
[11:40:24] [46/326] SKYR
[11:40:25] [47/326] PCKC
[11:40:26] [48/326] JCMA
[11:40:27] [49/326] BSMP
[11:40:28] [50/326] VSPA
[11:40:28] 🔄 Identity reset
[11:40:28] 🔄 Identity rotated (every 10 requests)
[11:40:29] [51/326] DJYA
[11:40:30] [52/326] DIMP
[11:40:31] [53/326] FXDR
[11:40:32] [54/326] SSRC
[11:40:33] [55/326] STHP
[11:40:33] [56/326] CPPD
[11:40:34] [57/326] FCLK
[11:40:35] [58/326] SCPP
[11:40:36] [59/326] DCMJ
[11:40:37] [60/326] RCCR
[11:40:38] 🔄 Identity reset
[11:40:38] 🔄 Identity rotated (every 10 requests)
[11:40:38] [61/326] INMT
[11:40:39] [62/326] LXTK
[11:40:40] [63/326] SRYK
[11:40:41] [64/326] SGDK
[11:40:42] [65/326] PPKA
[11:40:42] [66/326] SPKA
[11:40:43] [67/326] CGHH
[11:40:44] [68/326] DCJN
[11:40:45] [69/326] SRKV
[11:40:46] [70/326] SAJC
[11:40:47] 🔄 Identity reset
[11:40:47] 🔄 Identity rotated (every 10 requests)
[11:40:47] [71/326] SUSR
[11:40:48] [72/326] STYG
[11:40:49] [73/326] NTKP
[11:40:50] [74/326] AKTG
[11:40:52] [75/326] CGCM
[11:40:53] [76/326] TULC
[11:40:54] [77/326] NYYZ
[11:40:55] [78/326] NYBW
[11:40:56] [79/326] MACB
[11:40:56] [80/326] SLVT
[11:40:57] 🔄 Identity reset
[11:40:57] 🔄 Identity rotated (every 10 requests)
[11:40:57] [81/326] SANA
[11:40:58] [82/326] ACMR
[11:41:00] [83/326] CPKN
[11:41:01] [84/326] DLGK
[11:41:02] [85/326] CWCK
[11:41:03] [86/326] FDDH
[11:41:04] [87/326] MMMD
[11:41:05] [88/326] CMEH
[11:41:06] [89/326] GGGV
[11:41:07] [90/326] SPJL
[11:41:08] 🔄 Identity reset
[11:41:08] 🔄 Identity rotated (every 10 requests)
[11:41:08] [91/326] RCCD
[11:41:09] [92/326] STTZ
[11:41:10] [93/326] BTCF
[11:41:12] [94/326] TSTZ
[11:41:13] [95/326] IPMM
[11:41:14] [96/326] PMPW
[11:41:14] [97/326] PCMZ
[11:41:15] [98/326] ESEM
[11:41:17] [99/326] PIPO
[11:41:17] [100/326] MATK
[11:41:18] 🔄 Identity reset
[11:41:18] 🔄 Identity rotated (every 10 requests)
[11:41:19] [101/326] PGHM
[11:41:19] [102/326] CTSR
[11:41:20] [103/326] CYKR
[11:41:21] [104/326] MSCM
[11:41:22] [105/326] RFNP
[11:41:23] [106/326] PDCP
[11:41:23] [107/326] NPSE
[11:41:24] [108/326] MKML
[11:41:26] [109/326] FTDP
[11:41:27] [110/326] MMXA
[11:41:28] 🔄 Identity reset
[11:41:28] 🔄 Identity rotated (every 10 requests)
[11:41:29] [111/326] CEPO
[11:41:30] [112/326] CMVP
[11:41:31] [113/326] SGTH
[11:41:32] [114/326] SAYN
[11:41:33] [115/326] URVS
[11:41:34] [116/326] VJTN
[11:41:35] [117/326] BBYK
[11:41:36] [118/326] SHBO
[11:41:38] [119/326] VCMR
[11:41:39] [120/326] MACT
[11:41:39] 🔄 Identity reset
[11:41:39] 🔄 Identity rotated (every 10 requests)
[11:41:40] [121/326] JMNP
[11:41:41] [122/326] VICS
[11:41:42] [123/326] VCDA
[11:41:44] [124/326] GCMM
[11:41:45] [125/326] INVS
[11:41:46] [126/326] SCGM
[11:41:48] [127/326] PCDA
[11:41:48] [128/326] KDCT
[11:41:49] [129/326] JACS
[11:41:50] [130/326] GMMC
[11:41:51] 🔄 Identity reset
[11:41:51] 🔄 Identity rotated (every 10 requests)
[11:41:51] [131/326] AICM
[11:41:52] [132/326] TJCM
[11:41:53] [133/326] RMTI
[11:41:54] [134/326] SHAC
[11:41:56] [135/326] APJC
[11:41:57] [136/326] GCTG
[11:41:57] [137/326] SSMC
[11:41:58] [138/326] THRM
[11:42:00] [139/326] RBCT
[11:42:01] [140/326] DIKT
[11:42:02] 🔄 Identity reset
[11:42:02] 🔄 Identity rotated (every 10 requests)
[11:42:02] [141/326] MIDL
[11:42:03] [142/326] VCSN
[11:42:04] [143/326] SKTG
[11:42:05] [144/326] SMWC
[11:42:06] [145/326] MNKH
[11:42:07] [146/326] PIAT
[11:42:08] [147/326] LTTP
[11:42:09] [148/326] PTPU
[11:42:10] [149/326] ACMG
[11:42:11] [150/326] SHMM
[11:42:11] 🔄 Identity reset
[11:42:11] 🔄 Identity rotated (every 10 requests)
[11:42:12] [151/326] MCMN
[11:42:12] [152/326] GLDC
[11:42:13] [153/326] HOUT
[11:42:14] [154/326] SVRP
[11:42:15] [155/326] PVDN
[11:42:16] [156/326] SCPY
[11:42:17] [157/326] DTPY
[11:42:18] [158/326] GKCS
[11:42:18] [159/326] NCAM
[11:42:19] [160/326] BSRM
[11:42:20] 🔄 Identity reset
[11:42:20] 🔄 Identity rotated (every 10 requests)
[11:42:20] [161/326] RCLC
[11:42:21] [162/326] SKKD
[11:42:22] [163/326] ACHU
[11:42:23] [164/326] RSCF
[11:42:24] [165/326] IMSH
[11:42:25] [166/326] MACX
[11:42:26] [167/326] HMMW
[11:42:27] [168/326] JTCP
[11:42:28] [169/326] SREN
[11:42:29] [170/326] PJRR
[11:42:30] 🔄 Identity reset
[11:42:30] 🔄 Identity rotated (every 10 requests)
[11:42:30] [171/326] INAC
[11:42:31] [172/326] BMCA
[11:42:32] [173/326] SHCB
[11:42:33] [174/326] GABA
[11:42:34] [175/326] SBCT
[11:42:35] [176/326] GCMA
[11:42:36] [177/326] MYTK
[11:42:37] [178/326] INZS
[11:42:38] [179/326] RMIK
[11:42:39] [180/326] NYCH
[11:42:40] 🔄 Identity reset
[11:42:40] 🔄 Identity rotated (every 10 requests)
[11:42:40] [181/326] RAVE
[11:42:41] [182/326] PSXM
[11:42:42] [183/326] MCGP
[11:42:43] [184/326] PDDK
[11:42:44] [185/326] SPCK
[11:42:45] [186/326] MCRL
[11:42:46] [187/326] MHKT
[11:42:47] [188/326] ANRR
[11:42:47] [189/326] SAPK
[11:42:48] [190/326] NCUK
[11:42:49] 🔄 Identity reset
[11:42:49] 🔄 Identity rotated (every 10 requests)
[11:42:49] [191/326] JUGA
[11:42:50] [192/326] DBSC
[11:42:51] [193/326] LALK
[11:42:52] [194/326] GUCK
[11:42:53] [195/326] STSG
[11:42:54] [196/326] PPPZ
[11:42:55] [197/326] CNCY
[11:42:56] [198/326] MTAR
[11:42:57] [199/326] VNKD
[11:42:57] [200/326] KMAJ
[11:42:58] 🔄 Identity reset
[11:42:58] 🔄 Identity rotated (every 10 requests)
[11:42:59] [201/326] ACXK
[11:42:59] [202/326] UTKC
[11:43:01] [203/326] PBLK
[11:43:03] [204/326] ACBX
[11:43:04] [205/326] PTGM
[11:43:05] [206/326] BTDA
[11:43:06] [207/326] PJMB
[11:43:07] [208/326] TPDA
[11:43:08] [209/326] AMOE
[11:43:09] [210/326] PRHT
[11:43:10] 🔄 Identity reset
[11:43:10] 🔄 Identity rotated (every 10 requests)
[11:43:10] [211/326] PRTA
[11:43:11] [212/326] STAM
[11:43:12] [213/326] MSAA
[11:43:13] [214/326] SDLU
[11:43:14] [215/326] RCHH
[11:43:15] [216/326] KANT
[11:43:15] [217/326] FCRT
[11:43:16] [218/326] DNKM
[11:43:18] [219/326] RYCP
[11:43:20] [220/326] MYRP
[11:43:20] 🔄 Identity reset
[11:43:20] 🔄 Identity rotated (every 10 requests)
[11:43:21] [221/326] PPAK
[11:43:22] [222/326] NVPK
[11:43:22] [223/326] PRMC
[11:43:23] [224/326] JBCS
[11:43:24] [225/326] GXCK
[11:43:25] [226/326] USKO
[11:43:26] [227/326] GTEM
[11:43:27] [228/326] SMBU
[11:43:28] [229/326] VETC
[11:43:29] [230/326] LCDA
[11:43:30] 🔄 Identity reset
[11:43:30] 🔄 Identity rotated (every 10 requests)
[11:43:30] [231/326] MTVT
[11:43:31] [232/326] PYCP
[11:43:31] [233/326] PNSC
[11:43:32] [234/326] PPCC
[11:43:34] [235/326] TGRT
[11:43:36] [236/326] JYOT
[11:43:37] [237/326] SRCZ
[11:43:37] [238/326] SJTE
[11:43:38] [239/326] DESC
[11:43:39] [240/326] JHVN
[11:43:40] 🔄 Identity reset
[11:43:40] 🔄 Identity rotated (every 10 requests)
[11:43:40] [241/326] IPSG
[11:43:42] [242/326] IPCM
[11:43:43] [243/326] PDRS
[11:43:45] [244/326] ANCV
[11:43:46] [245/326] CMVV
[11:43:47] [246/326] SHYP
[11:43:48] [247/326] DNCS
[11:43:49] [248/326] GAJK
[11:43:50] [249/326] AKTN
[11:43:51] [250/326] KAYA
[11:43:52] 🔄 Identity reset
[11:43:52] 🔄 Identity rotated (every 10 requests)
[11:43:52] [251/326] SBRC
[11:43:53] [252/326] CHTP
[11:43:54] [253/326] SHRT
[11:43:55] [254/326] BCKU
[11:43:55] [255/326] FCPS
[11:43:56] [256/326] ARDD
[11:43:57] [257/326] CPCM
[11:43:58] [258/326] CGSM
[11:43:59] [259/326] PSMP
[11:44:00] [260/326] SDAL
[11:44:01] 🔄 Identity reset
[11:44:01] 🔄 Identity rotated (every 10 requests)
[11:44:01] [261/326] RTNB
[11:44:02] [262/326] LMCR
[11:44:03] [263/326] CIMA
[11:44:04] [264/326] RNAS
[11:44:05] [265/326] LITH
[11:44:06] [266/326] PBOX
[11:44:06] [267/326] FRTS
[11:44:07] [268/326] RKIC
[11:44:08] [269/326] PTAI
[11:44:09] [270/326] GCIC
[11:44:10] 🔄 Identity reset
[11:44:10] 🔄 Identity rotated (every 10 requests)
[11:44:11] [271/326] FNAS
[11:44:12] [272/326] SCAR
[11:44:13] [273/326] MTCA
[11:44:14] [274/326] SCTS
[11:44:15] [275/326] SYCS
[11:44:16] [276/326] RDMS
[11:44:16] [277/326] KAMP
[11:44:17] [278/326] ERSD
[11:44:18] [279/326] MJMJ
[11:44:19] [280/326] SRCJ
[11:44:20] 🔄 Identity reset
[11:44:20] 🔄 Identity rotated (every 10 requests)
[11:44:20] [281/326] SCXE
[11:44:21] [282/326] SVFR
[11:44:22] [283/326] BHCS
[11:44:23] [284/326] IMCC
[11:44:24] [285/326] PCBO
[11:44:25] [286/326] PRVN
[11:44:25] [287/326] AUPM
[11:44:26] [288/326] INBW
[11:44:27] [289/326] SVCW
[11:44:28] [290/326] RKCF
[11:44:29] 🔄 Identity reset
[11:44:29] 🔄 Identity rotated (every 10 requests)
[11:44:29] [291/326] UVBH
[11:44:31] [292/326] DNCY
[11:44:32] [293/326] ABCN
[11:44:33] [294/326] PRUR
[11:44:34] [295/326] PFMR
[11:44:34] [296/326] RKCN
[11:44:35] [297/326] CFEA
[11:44:36] [298/326] SDBG
[11:44:37] [299/326] SNAR
[11:44:39] [300/326] YISI
[11:44:39] 🔄 Identity reset
[11:44:39] 🔄 Identity rotated (every 10 requests)
[11:44:40] [301/326] JCFF
[11:44:41] [302/326] VTRK
[11:44:41] [303/326] PCLZ
[11:44:42] [304/326] DIMY
[11:44:43] [305/326] BBTS
[11:44:44] [306/326] GATH
[11:44:46] [307/326] GTMN
[11:44:46] [308/326] VTMH
[11:44:47] [309/326] CCKP
[11:44:48] [310/326] GPKA
[11:44:49] 🔄 Identity reset
[11:44:49] 🔄 Identity rotated (every 10 requests)
[11:44:50] [311/326] MHCL
[11:44:51] [312/326] ATCL
[11:44:52] [313/326] SBCK
[11:44:53] [314/326] AMMR
[11:44:54] [315/326] MADC
[11:44:55] [316/326] TMMA
[11:44:55] [317/326] CACC
[11:44:56] [318/326] CHAL
[11:44:58] [319/326] DURG
[11:44:59] [320/326] GMKU
[11:44:59] 🔄 Identity reset
[11:44:59] 🔄 Identity rotated (every 10 requests)
[11:45:00] [321/326] GECA
[11:45:02] [322/326] KYRR
[11:45:03] [323/326] KSDE
[11:45:03] [324/326] LMCI
[11:45:04] [325/326] NKCP
[11:45:05] [326/326] BGTC
[11:45:06] 🧹 Deduping shows
[11:45:06] ✅ DONE | Shows=479 | Movies=1
[19:05:01] 🚀 SCRIPT STARTED (enhanced anti‑detection)
[19:05:01] [1/326] BSAT
[19:05:02] 🧠 New identity created
[19:05:03] [2/326] RSSM
[19:05:04] [3/326] GCTA
[19:05:06] [4/326] TOPN
[19:05:06] [5/326] MCUS
[19:05:07] [6/326] SHRL
[19:05:08] [7/326] UPTP
[19:05:09] [8/326] TMMP
[19:05:10] [9/326] DNRP
[19:05:11] [10/326] SRLT
[19:05:11] 🔄 Identity reset
[19:05:11] 🔄 Identity rotated (every 10 requests)
[19:05:11] [11/326] RCNS
[19:05:13] [12/326] DCBH
[19:05:14] [13/326] NAGJ
[19:05:15] [14/326] JVRC
[19:05:16] [15/326] KRJG
[19:05:17] [16/326] SRTJ
[19:05:17] [17/326] CMXM
[19:05:18] [18/326] STMI
[19:05:19] [19/326] SLST
[19:05:20] [20/326] DTCN
[19:05:21] 🔄 Identity reset
[19:05:21] 🔄 Identity rotated (every 10 requests)
[19:05:21] [21/326] STYN
[19:05:23] [22/326] SZVR
[19:05:24] [23/326] SRKO
[19:05:24] [24/326] JTGT
[19:05:25] [25/326] SVFD
[19:05:26] [26/326] SISD
[19:05:27] [27/326] ABDD
[19:05:28] [28/326] DRCA
[19:05:29] [29/326] AVCS
[19:05:30] [30/326] MVKH
[19:05:30] 🔄 Identity reset
[19:05:30] 🔄 Identity rotated (every 10 requests)
[19:05:30] [31/326] ACPR
[19:05:31] [32/326] STIP
[19:05:32] [33/326] MTRA
[19:05:33] [34/326] RMKH
[19:05:34] [35/326] NKRL
[19:05:34] [36/326] PCWN
[19:05:35] [37/326] BLMT
[19:05:36] [38/326] GDPG
[19:05:37] [39/326] SRMX
[19:05:38] [40/326] JACP
[19:05:39] 🔄 Identity reset
[19:05:39] 🔄 Identity rotated (every 10 requests)
[19:05:39] [41/326] CPSH
[19:05:40] [42/326] MCCD
[19:05:42] [43/326] ECGH
[19:05:42] [44/326] MKCK
[19:05:44] [45/326] SRMM
[19:05:45] [46/326] SKYR
[19:05:46] [47/326] PCKC
[19:05:48] [48/326] JCMA
[19:05:49] [49/326] BSMP
[19:05:50] [50/326] VSPA
[19:05:51] 🔄 Identity reset
[19:05:51] 🔄 Identity rotated (every 10 requests)
[19:05:51] [51/326] DJYA
[19:05:52] [52/326] DIMP
[19:05:53] [53/326] FXDR
[19:05:53] [54/326] SSRC
[19:05:54] [55/326] STHP
[19:05:55] [56/326] CPPD
[19:05:56] [57/326] FCLK
[19:05:57] [58/326] SCPP
[19:05:58] [59/326] DCMJ
[19:05:59] [60/326] RCCR
[19:05:59] 🔄 Identity reset
[19:05:59] 🔄 Identity rotated (every 10 requests)
[19:06:00] [61/326] INMT
[19:06:00] [62/326] LXTK
[19:06:01] [63/326] SRYK
[19:06:02] [64/326] SGDK
[19:06:03] [65/326] PPKA
[19:06:05] [66/326] SPKA
[19:06:05] [67/326] CGHH
[19:06:06] [68/326] DCJN
[19:06:07] [69/326] SRKV
[19:06:08] [70/326] SAJC
[19:06:09] 🔄 Identity reset
[19:06:09] 🔄 Identity rotated (every 10 requests)
[19:06:09] [71/326] SUSR
[19:06:10] [72/326] STYG
[19:06:11] [73/326] NTKP
[19:06:11] [74/326] AKTG
[19:06:12] [75/326] CGCM
[19:06:13] [76/326] TULC
[19:06:14] [77/326] NYYZ
[19:06:15] [78/326] NYBW
[19:06:16] [79/326] MACB
[19:06:17] [80/326] SLVT
[19:06:17] 🔄 Identity reset
[19:06:17] 🔄 Identity rotated (every 10 requests)
[19:06:19] [81/326] SANA
[19:06:19] [82/326] ACMR
[19:06:20] [83/326] CPKN
[19:06:21] [84/326] DLGK
[19:06:22] [85/326] CWCK
[19:06:23] [86/326] FDDH
[19:06:24] [87/326] MMMD
[19:06:25] [88/326] CMEH
[19:06:26] [89/326] GGGV
[19:06:26] [90/326] SPJL
[19:06:27] 🔄 Identity reset
[19:06:27] 🔄 Identity rotated (every 10 requests)
[19:06:27] [91/326] RCCD
[19:06:28] [92/326] STTZ
[19:06:29] [93/326] BTCF
[19:06:30] [94/326] TSTZ
[19:06:31] [95/326] IPMM
[19:06:31] [96/326] PMPW
[19:06:32] [97/326] PCMZ
[19:06:33] [98/326] ESEM
[19:06:35] [99/326] PIPO
[19:06:36] [100/326] MATK
[19:06:36] 🔄 Identity reset
[19:06:37] 🔄 Identity rotated (every 10 requests)
[19:06:37] [101/326] PGHM
[19:06:38] [102/326] CTSR
[19:06:39] [103/326] CYKR
[19:06:39] [104/326] MSCM
[19:06:40] [105/326] RFNP
[19:06:41] [106/326] PDCP
[19:06:42] [107/326] NPSE
[19:06:43] [108/326] MKML
[19:06:44] [109/326] FTDP
[19:06:45] [110/326] MMXA
[19:06:45] 🔄 Identity reset
[19:06:45] 🔄 Identity rotated (every 10 requests)
[19:06:46] [111/326] CEPO
[19:06:47] [112/326] CMVP
[19:06:48] [113/326] SGTH
[19:06:48] [114/326] SAYN
[19:06:49] [115/326] URVS
[19:06:51] [116/326] VJTN
[19:06:52] [117/326] BBYK
[19:06:53] [118/326] SHBO
[19:06:53] [119/326] VCMR
[19:06:54] [120/326] MACT
[19:06:55] 🔄 Identity reset
[19:06:55] 🔄 Identity rotated (every 10 requests)
[19:06:55] [121/326] JMNP
[19:06:56] [122/326] VICS
[19:06:57] [123/326] VCDA
[19:06:58] [124/326] GCMM
[19:06:59] [125/326] INVS
[19:07:00] [126/326] SCGM
[19:07:01] [127/326] PCDA
[19:07:02] [128/326] KDCT
[19:07:03] [129/326] JACS
[19:07:04] [130/326] GMMC
[19:07:04] 🔄 Identity reset
[19:07:04] 🔄 Identity rotated (every 10 requests)
[19:07:05] [131/326] AICM
[19:07:05] [132/326] TJCM
[19:07:06] [133/326] RMTI
[19:07:07] [134/326] SHAC
[19:07:08] [135/326] APJC
[19:07:10] [136/326] GCTG
[19:07:11] [137/326] SSMC
[19:07:12] [138/326] THRM
[19:07:13] [139/326] RBCT
[19:07:14] [140/326] DIKT
[19:07:14] 🔄 Identity reset
[19:07:14] 🔄 Identity rotated (every 10 requests)
[19:07:15] [141/326] MIDL
[19:07:16] [142/326] VCSN
[19:07:17] [143/326] SKTG
[19:07:18] [144/326] SMWC
[19:07:19] [145/326] MNKH
[19:07:19] [146/326] PIAT
[19:07:20] [147/326] LTTP
[19:07:21] [148/326] PTPU
[19:07:22] [149/326] ACMG
[19:07:23] [150/326] SHMM
[19:07:23] 🔄 Identity reset
[19:07:23] 🔄 Identity rotated (every 10 requests)
[19:07:23] [151/326] MCMN
[19:07:24] [152/326] GLDC
[19:07:25] [153/326] HOUT
[19:07:26] [154/326] SVRP
[19:07:27] [155/326] PVDN
[19:07:28] [156/326] SCPY
[19:07:29] [157/326] DTPY
[19:07:30] [158/326] GKCS
[19:07:31] [159/326] NCAM
[19:07:31] [160/326] BSRM
[19:07:32] 🔄 Identity reset
[19:07:32] 🔄 Identity rotated (every 10 requests)
[19:07:32] [161/326] RCLC
[19:07:33] [162/326] SKKD
[19:07:34] [163/326] ACHU
[19:07:35] [164/326] RSCF
[19:07:36] [165/326] IMSH
[19:07:37] [166/326] MACX
[19:07:37] [167/326] HMMW
[19:07:38] [168/326] JTCP
[19:07:39] [169/326] SREN
[19:07:40] [170/326] PJRR
[19:07:41] 🔄 Identity reset
[19:07:41] 🔄 Identity rotated (every 10 requests)
[19:07:41] [171/326] INAC
[19:07:42] [172/326] BMCA
[19:07:43] [173/326] SHCB
[19:07:44] [174/326] GABA
[19:07:44] [175/326] SBCT
[19:07:45] [176/326] GCMA
[19:07:46] [177/326] MYTK
[19:07:47] [178/326] INZS
[19:07:48] [179/326] RMIK
[19:07:49] [180/326] NYCH
[19:07:49] 🔄 Identity reset
[19:07:49] 🔄 Identity rotated (every 10 requests)
[19:07:49] [181/326] RAVE
[19:07:51] [182/326] PSXM
[19:07:52] [183/326] MCGP
[19:07:54] [184/326] PDDK
[19:07:54] [185/326] SPCK
[19:07:55] [186/326] MCRL
[19:07:56] [187/326] MHKT
[19:07:57] [188/326] ANRR
[19:07:58] [189/326] SAPK
[19:07:59] [190/326] NCUK
[19:07:59] 🔄 Identity reset
[19:07:59] 🔄 Identity rotated (every 10 requests)
[19:08:00] [191/326] JUGA
[19:08:00] [192/326] DBSC
[19:08:01] [193/326] LALK
[19:08:02] [194/326] GUCK
[19:08:03] [195/326] STSG
[19:08:04] [196/326] PPPZ
[19:08:05] [197/326] CNCY
[19:08:07] [198/326] MTAR
[19:08:08] [199/326] VNKD
[19:08:09] [200/326] KMAJ
[19:08:09] 🔄 Identity reset
[19:08:09] 🔄 Identity rotated (every 10 requests)
[19:08:10] [201/326] ACXK
[19:08:10] [202/326] UTKC
[19:08:11] [203/326] PBLK
[19:08:12] [204/326] ACBX
[19:08:13] [205/326] PTGM
[19:08:14] [206/326] BTDA
[19:08:15] [207/326] PJMB
[19:08:16] [208/326] TPDA
[19:08:17] [209/326] AMOE
[19:08:18] [210/326] PRHT
[19:08:18] 🔄 Identity reset
[19:08:18] 🔄 Identity rotated (every 10 requests)
[19:08:19] [211/326] PRTA
[19:08:20] [212/326] STAM
[19:08:20] [213/326] MSAA
[19:08:21] [214/326] SDLU
[19:08:22] [215/326] RCHH
[19:08:23] [216/326] KANT
[19:08:24] [217/326] FCRT
[19:08:25] [218/326] DNKM
[19:08:26] [219/326] RYCP
[19:08:26] [220/326] MYRP
[19:08:27] 🔄 Identity reset
[19:08:27] 🔄 Identity rotated (every 10 requests)
[19:08:27] [221/326] PPAK
[19:08:28] [222/326] NVPK
[19:08:29] [223/326] PRMC
[19:08:30] [224/326] JBCS
[19:08:31] [225/326] GXCK
[19:08:33] [226/326] USKO
[19:08:33] [227/326] GTEM
[19:08:34] [228/326] SMBU
[19:08:35] [229/326] VETC
[19:08:36] [230/326] LCDA
[19:08:37] 🔄 Identity reset
[19:08:37] 🔄 Identity rotated (every 10 requests)
[19:08:37] [231/326] MTVT
[19:08:38] [232/326] PYCP
[19:08:39] [233/326] PNSC
[19:08:40] [234/326] PPCC
[19:08:41] [235/326] TGRT
[19:08:41] [236/326] JYOT
[19:08:42] [237/326] SRCZ
[19:08:43] [238/326] SJTE
[19:08:44] [239/326] DESC
[19:08:45] [240/326] JHVN
[19:08:46] 🔄 Identity reset
[19:08:46] 🔄 Identity rotated (every 10 requests)
[19:08:46] [241/326] IPSG
[19:08:47] [242/326] IPCM
[19:08:48] [243/326] PDRS
[19:08:49] [244/326] ANCV
[19:08:50] [245/326] CMVV
[19:08:51] [246/326] SHYP
[19:08:52] [247/326] DNCS
[19:08:53] [248/326] GAJK
[19:08:54] [249/326] AKTN
[19:08:55] [250/326] KAYA
[19:08:56] 🔄 Identity reset
[19:08:56] 🔄 Identity rotated (every 10 requests)
[19:08:56] [251/326] SBRC
[19:08:57] [252/326] CHTP
[19:08:58] [253/326] SHRT
[19:08:59] [254/326] BCKU
[19:09:00] [255/326] FCPS
[19:09:01] [256/326] ARDD
[19:09:01] [257/326] CPCM
[19:09:02] [258/326] CGSM
[19:09:03] [259/326] PSMP
[19:09:04] [260/326] SDAL
[19:09:05] 🔄 Identity reset
[19:09:05] 🔄 Identity rotated (every 10 requests)
[19:09:05] [261/326] RTNB
[19:09:06] [262/326] LMCR
[19:09:07] [263/326] CIMA
[19:09:07] [264/326] RNAS
[19:09:08] [265/326] LITH
[19:09:09] [266/326] PBOX
[19:09:10] [267/326] FRTS
[19:09:11] [268/326] RKIC
[19:09:11] [269/326] PTAI
[19:09:12] [270/326] GCIC
[19:09:13] 🔄 Identity reset
[19:09:13] 🔄 Identity rotated (every 10 requests)
[19:09:13] [271/326] FNAS
[19:09:14] [272/326] SCAR
[19:09:15] [273/326] MTCA
[19:09:16] [274/326] SCTS
[19:09:17] [275/326] SYCS
[19:09:17] [276/326] RDMS
[19:09:18] [277/326] KAMP
[19:09:19] [278/326] ERSD
[19:09:20] [279/326] MJMJ
[19:09:21] [280/326] SRCJ
[19:09:21] 🔄 Identity reset
[19:09:21] 🔄 Identity rotated (every 10 requests)
[19:09:22] [281/326] SCXE
[19:09:22] [282/326] SVFR
[19:09:23] [283/326] BHCS
[19:09:24] [284/326] IMCC
[19:09:25] [285/326] PCBO
[19:09:26] [286/326] PRVN
[19:09:27] [287/326] AUPM
[19:09:28] [288/326] INBW
[19:09:29] [289/326] SVCW
[19:09:29] [290/326] RKCF
[19:09:30] 🔄 Identity reset
[19:09:30] 🔄 Identity rotated (every 10 requests)
[19:09:30] [291/326] UVBH
[19:09:31] [292/326] DNCY
[19:09:32] [293/326] ABCN
[19:09:33] [294/326] PRUR
[19:09:33] [295/326] PFMR
[19:09:34] [296/326] RKCN
[19:09:35] [297/326] CFEA
[19:09:36] [298/326] SDBG
[19:09:37] [299/326] SNAR
[19:09:37] [300/326] YISI
[19:09:38] 🔄 Identity reset
[19:09:38] 🔄 Identity rotated (every 10 requests)
[19:09:38] [301/326] JCFF
[19:09:39] [302/326] VTRK
[19:09:40] [303/326] PCLZ
[19:09:41] [304/326] DIMY
[19:09:42] [305/326] BBTS
[19:09:43] [306/326] GATH
[19:09:44] [307/326] GTMN
[19:09:45] [308/326] VTMH
[19:09:46] [309/326] CCKP
[19:09:47] [310/326] GPKA
[19:09:47] 🔄 Identity reset
[19:09:47] 🔄 Identity rotated (every 10 requests)
[19:09:48] [311/326] MHCL
[19:09:49] [312/326] ATCL
[19:09:50] [313/326] SBCK
[19:09:50] [314/326] AMMR
[19:09:51] [315/326] MADC
[19:09:52] [316/326] TMMA
[19:09:53] [317/326] CACC
[19:09:54] [318/326] CHAL
[19:09:55] [319/326] DURG
[19:09:56] [320/326] GMKU
[19:09:56] 🔄 Identity reset
[19:09:56] 🔄 Identity rotated (every 10 requests)
[19:09:57] [321/326] GECA
[19:09:57] [322/326] KYRR
[19:09:58] [323/326] KSDE
[19:09:59] [324/326] LMCI
[19:10:00] [325/326] NKCP
[19:10:01] [326/326] BGTC
[19:10:02] 🧹 Deduping shows
[19:10:02] ✅ DONE | Shows=505 | Movies=3
[22:43:10] 🚀 SCRIPT STARTED (enhanced anti‑detection)
[22:43:10] [1/326] BSAT
[22:43:11] 🧠 New identity created
[22:43:11] [2/326] RSSM
[22:43:12] [3/326] GCTA
[22:43:13] [4/326] TOPN
[22:43:15] [5/326] MCUS
[22:43:16] [6/326] SHRL
[22:43:18] [7/326] UPTP
[22:43:19] [8/326] TMMP
[22:43:19] [9/326] DNRP
[22:43:20] [10/326] SRLT
[22:43:21] 🔄 Identity reset
[22:43:21] 🔄 Identity rotated (every 10 requests)
[22:43:22] [11/326] RCNS
[22:43:23] [12/326] DCBH
[22:43:24] [13/326] NAGJ
[22:43:25] [14/326] JVRC
[22:43:26] [15/326] KRJG
[22:43:26] [16/326] SRTJ
[22:43:28] [17/326] CMXM
[22:43:29] [18/326] STMI
[22:43:30] [19/326] SLST
[22:43:31] [20/326] DTCN
[22:43:31] 🔄 Identity reset
[22:43:31] 🔄 Identity rotated (every 10 requests)
[22:43:32] [21/326] STYN
[22:43:33] [22/326] SZVR
[22:43:34] [23/326] SRKO
[22:43:34] [24/326] JTGT
[22:43:35] [25/326] SVFD
[22:43:36] [26/326] SISD
[22:43:37] [27/326] ABDD
[22:43:38] [28/326] DRCA
[22:43:39] [29/326] AVCS
[22:43:40] [30/326] MVKH
[22:43:40] 🔄 Identity reset
[22:43:40] 🔄 Identity rotated (every 10 requests)
[22:43:41] [31/326] ACPR
[22:43:42] [32/326] STIP
[22:43:43] [33/326] MTRA
[22:43:44] [34/326] RMKH
[22:43:45] [35/326] NKRL
[22:43:46] [36/326] PCWN
[22:43:47] [37/326] BLMT
[22:43:48] [38/326] GDPG
[22:43:50] [39/326] SRMX
[22:43:51] [40/326] JACP
[22:43:51] 🔄 Identity reset
[22:43:51] 🔄 Identity rotated (every 10 requests)
[22:43:52] [41/326] CPSH
[22:43:53] [42/326] MCCD
[22:43:54] [43/326] ECGH
[22:43:55] [44/326] MKCK
[22:43:56] [45/326] SRMM
[22:43:57] [46/326] SKYR
[22:43:58] [47/326] PCKC
[22:43:59] [48/326] JCMA
[22:43:59] [49/326] BSMP
[22:44:00] [50/326] VSPA
[22:44:01] 🔄 Identity reset
[22:44:01] 🔄 Identity rotated (every 10 requests)
[22:44:02] [51/326] DJYA
[22:44:03] [52/326] DIMP
[22:44:04] [53/326] FXDR
[22:44:05] [54/326] SSRC
[22:44:06] [55/326] STHP
[22:44:08] [56/326] CPPD
[22:44:09] [57/326] FCLK
[22:44:10] [58/326] SCPP
[22:44:12] [59/326] DCMJ
[22:44:12] [60/326] RCCR
[22:44:13] 🔄 Identity reset
[22:44:13] 🔄 Identity rotated (every 10 requests)
[22:44:13] [61/326] INMT
[22:44:14] [62/326] LXTK
[22:44:15] [63/326] SRYK
[22:44:16] [64/326] SGDK
[22:44:17] [65/326] PPKA
[22:44:18] [66/326] SPKA
[22:44:19] [67/326] CGHH
[22:44:20] [68/326] DCJN
[22:44:21] [69/326] SRKV
[22:44:22] [70/326] SAJC
[22:44:22] 🔄 Identity reset
[22:44:22] 🔄 Identity rotated (every 10 requests)
[22:44:23] [71/326] SUSR
[22:44:24] [72/326] STYG
[22:44:25] [73/326] NTKP
[22:44:26] [74/326] AKTG
[22:44:27] [75/326] CGCM
[22:44:28] [76/326] TULC
[22:44:29] [77/326] NYYZ
[22:44:30] [78/326] NYBW
[22:44:31] [79/326] MACB
[22:44:32] [80/326] SLVT
[22:44:33] 🔄 Identity reset
[22:44:33] 🔄 Identity rotated (every 10 requests)
[22:44:33] [81/326] SANA
[22:44:34] [82/326] ACMR
[22:44:36] [83/326] CPKN
[22:44:37] [84/326] DLGK
[22:44:38] [85/326] CWCK
[22:44:39] [86/326] FDDH
[22:44:40] [87/326] MMMD
[22:44:41] [88/326] CMEH
[22:44:42] [89/326] GGGV
[22:44:42] [90/326] SPJL
[22:44:43] 🔄 Identity reset
[22:44:43] 🔄 Identity rotated (every 10 requests)
[22:44:43] [91/326] RCCD
[22:44:44] [92/326] STTZ
[22:44:45] [93/326] BTCF
[22:44:46] [94/326] TSTZ
[22:44:47] [95/326] IPMM
[22:44:48] [96/326] PMPW
[22:44:49] [97/326] PCMZ
[22:44:50] [98/326] ESEM
[22:44:51] [99/326] PIPO
[22:44:52] [100/326] MATK
[22:44:53] 🔄 Identity reset
[22:44:53] 🔄 Identity rotated (every 10 requests)
[22:44:53] [101/326] PGHM
[22:44:54] [102/326] CTSR
[22:44:55] [103/326] CYKR
[22:44:56] [104/326] MSCM
[22:44:57] [105/326] RFNP
[22:44:58] [106/326] PDCP
[22:44:59] [107/326] NPSE
[22:45:00] [108/326] MKML
[22:45:02] [109/326] FTDP
[22:45:04] [110/326] MMXA
[22:45:05] 🔄 Identity reset
[22:45:05] 🔄 Identity rotated (every 10 requests)
[22:45:05] [111/326] CEPO
[22:45:07] [112/326] CMVP
[22:45:08] [113/326] SGTH
[22:45:09] [114/326] SAYN
[22:45:10] [115/326] URVS
[22:45:11] [116/326] VJTN
[22:45:12] [117/326] BBYK
[22:45:12] [118/326] SHBO
[22:45:13] [119/326] VCMR
[22:45:15] [120/326] MACT
[22:45:16] 🔄 Identity reset
[22:45:16] 🔄 Identity rotated (every 10 requests)
[22:45:16] [121/326] JMNP
[22:45:17] [122/326] VICS
[22:45:18] [123/326] VCDA
[22:45:19] [124/326] GCMM
[22:45:20] [125/326] INVS
[22:45:21] [126/326] SCGM
[22:45:22] [127/326] PCDA
[22:45:23] [128/326] KDCT
[22:45:23] [129/326] JACS
[22:45:24] [130/326] GMMC
[22:45:25] 🔄 Identity reset
[22:45:25] 🔄 Identity rotated (every 10 requests)
[22:45:25] [131/326] AICM
[22:45:26] [132/326] TJCM
[22:45:27] [133/326] RMTI
[22:45:28] [134/326] SHAC
[22:45:29] [135/326] APJC
[22:45:30] [136/326] GCTG
[22:45:31] [137/326] SSMC
[22:45:32] [138/326] THRM
[22:45:33] [139/326] RBCT
[22:45:34] [140/326] DIKT
[22:45:34] 🔄 Identity reset
[22:45:34] 🔄 Identity rotated (every 10 requests)
[22:45:35] [141/326] MIDL
[22:45:36] [142/326] VCSN
[22:45:37] [143/326] SKTG
[22:45:38] [144/326] SMWC
[22:45:39] [145/326] MNKH
[22:45:40] [146/326] PIAT
[22:45:41] [147/326] LTTP
[22:45:41] [148/326] PTPU
[22:45:42] [149/326] ACMG
[22:45:43] [150/326] SHMM
[22:45:44] 🔄 Identity reset
[22:45:44] 🔄 Identity rotated (every 10 requests)
[22:45:44] [151/326] MCMN
[22:45:46] [152/326] GLDC
[22:45:47] [153/326] HOUT
[22:45:49] [154/326] SVRP
[22:45:50] [155/326] PVDN
[22:45:51] [156/326] SCPY
[22:45:52] [157/326] DTPY
[22:45:53] [158/326] GKCS
[22:45:54] [159/326] NCAM
[22:45:55] [160/326] BSRM
[22:45:56] 🔄 Identity reset
[22:45:56] 🔄 Identity rotated (every 10 requests)
[22:45:57] [161/326] RCLC
[22:45:58] [162/326] SKKD
[22:45:59] [163/326] ACHU
[22:46:00] [164/326] RSCF
[22:46:01] [165/326] IMSH
[22:46:02] [166/326] MACX
[22:46:03] [167/326] HMMW
[22:46:04] [168/326] JTCP
[22:46:06] [169/326] SREN
[22:46:07] [170/326] PJRR
[22:46:08] 🔄 Identity reset
[22:46:08] 🔄 Identity rotated (every 10 requests)
[22:46:08] [171/326] INAC
[22:46:09] [172/326] BMCA
[22:46:10] [173/326] SHCB
[22:46:12] [174/326] GABA
[22:46:13] [175/326] SBCT
[22:46:14] [176/326] GCMA
[22:46:15] [177/326] MYTK
[22:46:16] [178/326] INZS
[22:46:17] [179/326] RMIK
[22:46:18] [180/326] NYCH
[22:46:18] 🔄 Identity reset
[22:46:19] 🔄 Identity rotated (every 10 requests)
[22:46:20] [181/326] RAVE
[22:46:21] [182/326] PSXM
[22:46:22] [183/326] MCGP
[22:46:23] [184/326] PDDK
[22:46:24] [185/326] SPCK
[22:46:25] [186/326] MCRL
[22:46:26] [187/326] MHKT
[22:46:28] [188/326] ANRR
[22:46:28] [189/326] SAPK
[22:46:30] [190/326] NCUK
[22:46:31] 🔄 Identity reset
[22:46:31] 🔄 Identity rotated (every 10 requests)
[22:46:31] [191/326] JUGA
[22:46:32] [192/326] DBSC
[22:46:33] [193/326] LALK
[22:46:35] [194/326] GUCK
[22:46:36] [195/326] STSG
[22:46:37] [196/326] PPPZ
[22:46:38] [197/326] CNCY
[22:46:39] [198/326] MTAR
[22:46:40] [199/326] VNKD
[22:46:41] [200/326] KMAJ
[22:46:41] 🔄 Identity reset
[22:46:41] 🔄 Identity rotated (every 10 requests)
[22:46:42] [201/326] ACXK
[22:46:43] [202/326] UTKC
[22:46:45] [203/326] PBLK
[22:46:46] [204/326] ACBX
[22:46:46] [205/326] PTGM
[22:46:47] [206/326] BTDA
[22:46:48] [207/326] PJMB
[22:46:49] [208/326] TPDA
[22:46:51] [209/326] AMOE
[22:46:51] [210/326] PRHT
[22:46:52] 🔄 Identity reset
[22:46:52] 🔄 Identity rotated (every 10 requests)
[22:46:52] [211/326] PRTA
[22:46:54] [212/326] STAM
[22:46:55] [213/326] MSAA
[22:46:56] [214/326] SDLU
[22:46:56] [215/326] RCHH
[22:46:57] [216/326] KANT
[22:46:58] [217/326] FCRT
[22:46:59] [218/326] DNKM
[22:47:00] [219/326] RYCP
[22:47:01] [220/326] MYRP
[22:47:01] 🔄 Identity reset
[22:47:01] 🔄 Identity rotated (every 10 requests)
[22:47:02] [221/326] PPAK
[22:47:03] [222/326] NVPK
[22:47:04] [223/326] PRMC
[22:47:05] [224/326] JBCS
[22:47:05] [225/326] GXCK
[22:47:07] [226/326] USKO
[22:47:08] [227/326] GTEM
[22:47:09] [228/326] SMBU
[22:47:11] [229/326] VETC
[22:47:11] [230/326] LCDA
[22:47:12] 🔄 Identity reset
[22:47:12] 🔄 Identity rotated (every 10 requests)
[22:47:13] [231/326] MTVT
[22:47:13] [232/326] PYCP
[22:47:14] [233/326] PNSC
[22:47:15] [234/326] PPCC
[22:47:16] [235/326] TGRT
[22:47:17] [236/326] JYOT
[22:47:18] [237/326] SRCZ
[22:47:19] [238/326] SJTE
[22:47:20] [239/326] DESC
[22:47:21] [240/326] JHVN
[22:47:21] 🔄 Identity reset
[22:47:21] 🔄 Identity rotated (every 10 requests)
[22:47:22] [241/326] IPSG
[22:47:23] [242/326] IPCM
[22:47:24] [243/326] PDRS
[22:47:25] [244/326] ANCV
[22:47:26] [245/326] CMVV
[22:47:27] [246/326] SHYP
[22:47:29] [247/326] DNCS
[22:47:30] [248/326] GAJK
[22:47:31] [249/326] AKTN
[22:47:32] [250/326] KAYA
[22:47:32] 🔄 Identity reset
[22:47:32] 🔄 Identity rotated (every 10 requests)
[22:47:33] [251/326] SBRC
[22:47:34] [252/326] CHTP
[22:47:35] [253/326] SHRT
[22:47:36] [254/326] BCKU
[22:47:37] [255/326] FCPS
[22:47:38] [256/326] ARDD
[22:47:39] [257/326] CPCM
[22:47:40] [258/326] CGSM
[22:47:41] [259/326] PSMP
[22:47:42] [260/326] SDAL
[22:47:42] 🔄 Identity reset
[22:47:42] 🔄 Identity rotated (every 10 requests)
[22:47:43] [261/326] RTNB
[22:47:44] [262/326] LMCR
[22:47:45] [263/326] CIMA
[22:47:45] [264/326] RNAS
[22:47:47] [265/326] LITH
[22:47:49] [266/326] PBOX
[22:47:50] [267/326] FRTS
[22:47:51] [268/326] RKIC
[22:47:52] [269/326] PTAI
[22:47:54] [270/326] GCIC
[22:47:54] 🔄 Identity reset
[22:47:54] 🔄 Identity rotated (every 10 requests)
[22:47:55] [271/326] FNAS
[22:47:56] [272/326] SCAR
[22:47:57] [273/326] MTCA
[22:47:58] [274/326] SCTS
[22:47:59] [275/326] SYCS
[22:48:00] [276/326] RDMS
[22:48:01] [277/326] KAMP
[22:48:02] [278/326] ERSD
[22:48:03] [279/326] MJMJ
[22:48:04] [280/326] SRCJ
[22:48:05] 🔄 Identity reset
[22:48:05] 🔄 Identity rotated (every 10 requests)
[22:48:05] [281/326] SCXE
[22:48:06] [282/326] SVFR
[22:48:08] [283/326] BHCS
[22:48:09] [284/326] IMCC
[22:48:09] [285/326] PCBO
[22:48:10] [286/326] PRVN
[22:48:11] [287/326] AUPM
[22:48:13] [288/326] INBW
[22:48:14] [289/326] SVCW
[22:48:15] [290/326] RKCF
[22:48:15] 🔄 Identity reset
[22:48:15] 🔄 Identity rotated (every 10 requests)
[22:48:16] [291/326] UVBH
[22:48:17] [292/326] DNCY
[22:48:17] [293/326] ABCN
[22:48:19] [294/326] PRUR
[22:48:21] [295/326] PFMR
[22:48:21] [296/326] RKCN
[22:48:22] [297/326] CFEA
[22:48:23] [298/326] SDBG
[22:48:24] [299/326] SNAR
[22:48:25] [300/326] YISI
[22:48:26] 🔄 Identity reset
[22:48:26] 🔄 Identity rotated (every 10 requests)
[22:48:27] [301/326] JCFF
[22:48:28] [302/326] VTRK
[22:48:29] [303/326] PCLZ
[22:48:30] [304/326] DIMY
[22:48:31] [305/326] BBTS
[22:48:32] [306/326] GATH
[22:48:32] [307/326] GTMN
[22:48:33] [308/326] VTMH
[22:48:34] [309/326] CCKP
[22:48:35] [310/326] GPKA
[22:48:36] 🔄 Identity reset
[22:48:36] 🔄 Identity rotated (every 10 requests)
[22:48:36] [311/326] MHCL
[22:48:37] [312/326] ATCL
[22:48:38] [313/326] SBCK
[22:48:40] [314/326] AMMR
[22:48:40] [315/326] MADC
[22:48:42] [316/326] TMMA
[22:48:43] [317/326] CACC
[22:48:44] [318/326] CHAL
[22:48:45] [319/326] DURG
[22:48:45] [320/326] GMKU
[22:48:46] 🔄 Identity reset
[22:48:46] 🔄 Identity rotated (every 10 requests)
[22:48:47] [321/326] GECA
[22:48:47] [322/326] KYRR
[22:48:48] [323/326] KSDE
[22:48:49] [324/326] LMCI
[22:48:50] [325/326] NKCP
[22:48:51] [326/326] BGTC
[22:48:52] 🧹 Deduping shows
[22:48:52] ✅ DONE | Shows=528 | Movies=3
[06:16:12] 🚀 SCRIPT STARTED (enhanced anti‑detection)
[06:16:12] [1/326] BSAT
[06:16:13] 🧠 New identity created
[06:16:14] [2/326] RSSM
[06:16:16] [3/326] GCTA
[06:16:17] [4/326] TOPN
[06:16:18] [5/326] MCUS
[06:16:20] [6/326] SHRL
[06:16:21] [7/326] UPTP
[06:16:22] [8/326] TMMP
[06:16:23] [9/326] DNRP
[06:16:24] [10/326] SRLT
[06:16:24] 🔄 Identity reset
[06:16:24] 🔄 Identity rotated (every 10 requests)
[06:16:26] [11/326] RCNS
[06:16:27] [12/326] DCBH
[06:16:29] [13/326] NAGJ
[06:16:30] [14/326] JVRC
[06:16:31] [15/326] KRJG
[06:16:32] [16/326] SRTJ
[06:16:33] [17/326] CMXM
[06:16:34] [18/326] STMI
[06:16:36] [19/326] SLST
[06:16:37] [20/326] DTCN
[06:16:38] 🔄 Identity reset
[06:16:38] 🔄 Identity rotated (every 10 requests)
[06:16:38] [21/326] STYN
[06:16:39] [22/326] SZVR
[06:16:40] [23/326] SRKO
[06:16:42] [24/326] JTGT
[06:16:43] [25/326] SVFD
[06:16:44] [26/326] SISD
[06:16:46] [27/326] ABDD
[06:16:46] [28/326] DRCA
[06:16:48] [29/326] AVCS
[06:16:49] [30/326] MVKH
[06:16:49] 🔄 Identity reset
[06:16:49] 🔄 Identity rotated (every 10 requests)
[06:16:50] [31/326] ACPR
[06:16:52] [32/326] STIP
[06:16:53] [33/326] MTRA
[06:16:54] [34/326] RMKH
[06:16:56] [35/326] NKRL
[06:16:57] [36/326] PCWN
[06:16:58] [37/326] BLMT
[06:16:59] [38/326] GDPG
[06:17:00] [39/326] SRMX
[06:17:01] [40/326] JACP
[06:17:02] 🔄 Identity reset
[06:17:02] 🔄 Identity rotated (every 10 requests)
[06:17:02] [41/326] CPSH
[06:17:04] [42/326] MCCD
[06:17:05] [43/326] ECGH
[06:17:05] [44/326] MKCK
[06:17:07] [45/326] SRMM
[06:17:09] [46/326] SKYR
[06:17:10] [47/326] PCKC
[06:17:11] [48/326] JCMA
[06:17:12] [49/326] BSMP
[06:17:14] [50/326] VSPA
[06:17:14] 🔄 Identity reset
[06:17:14] 🔄 Identity rotated (every 10 requests)
[06:17:15] [51/326] DJYA
[06:17:16] [52/326] DIMP
[06:17:18] [53/326] FXDR
[06:17:19] [54/326] SSRC
[06:17:19] [55/326] STHP
[06:17:20] [56/326] CPPD
[06:17:22] [57/326] FCLK
[06:17:23] [58/326] SCPP
[06:17:24] [59/326] DCMJ
[06:17:26] [60/326] RCCR
[06:17:26] 🔄 Identity reset
[06:17:26] 🔄 Identity rotated (every 10 requests)
[06:17:27] [61/326] INMT
[06:17:28] [62/326] LXTK
[06:17:29] [63/326] SRYK
[06:17:30] [64/326] SGDK
[06:17:31] [65/326] PPKA
[06:17:33] [66/326] SPKA
[06:17:34] [67/326] CGHH
[06:17:35] [68/326] DCJN
[06:17:36] [69/326] SRKV
[06:17:38] [70/326] SAJC
[06:17:39] 🔄 Identity reset
[06:17:39] 🔄 Identity rotated (every 10 requests)
[06:17:40] [71/326] SUSR
[06:17:42] [72/326] STYG
[06:17:44] [73/326] NTKP
[06:17:45] [74/326] AKTG
[06:17:46] [75/326] CGCM
[06:17:47] [76/326] TULC
[06:17:48] [77/326] NYYZ
[06:17:49] [78/326] NYBW
[06:17:50] [79/326] MACB
[06:17:51] [80/326] SLVT
[06:17:52] 🔄 Identity reset
[06:17:52] 🔄 Identity rotated (every 10 requests)
[06:17:53] [81/326] SANA
[06:17:54] [82/326] ACMR
[06:17:55] [83/326] CPKN
[06:17:56] [84/326] DLGK
[06:17:57] [85/326] CWCK
[06:17:58] [86/326] FDDH
[06:17:59] [87/326] MMMD
[06:18:01] [88/326] CMEH
[06:18:03] [89/326] GGGV
[06:18:03] [90/326] SPJL
[06:18:04] 🔄 Identity reset
[06:18:04] 🔄 Identity rotated (every 10 requests)
[06:18:04] [91/326] RCCD
[06:18:05] [92/326] STTZ
[06:18:07] [93/326] BTCF
[06:18:08] [94/326] TSTZ
[06:18:09] [95/326] IPMM
[06:18:10] [96/326] PMPW
[06:18:11] [97/326] PCMZ
[06:18:12] [98/326] ESEM
[06:18:13] [99/326] PIPO
[06:18:14] [100/326] MATK
[06:18:15] 🔄 Identity reset
[06:18:15] 🔄 Identity rotated (every 10 requests)
[06:18:16] [101/326] PGHM
[06:18:18] [102/326] CTSR
[06:18:19] [103/326] CYKR
[06:18:20] [104/326] MSCM
[06:18:22] [105/326] RFNP
[06:18:24] [106/326] PDCP
[06:18:24] [107/326] NPSE
[06:18:25] [108/326] MKML
[06:18:27] [109/326] FTDP
[06:18:28] [110/326] MMXA
[06:18:29] 🔄 Identity reset
[06:18:29] 🔄 Identity rotated (every 10 requests)
[06:18:29] [111/326] CEPO
[06:18:30] [112/326] CMVP
[06:18:32] [113/326] SGTH
[06:18:33] [114/326] SAYN
[06:18:35] [115/326] URVS
[06:18:37] [116/326] VJTN
[06:18:38] [117/326] BBYK
[06:18:39] [118/326] SHBO
[06:18:40] [119/326] VCMR
[06:18:40] [120/326] MACT
[06:18:41] 🔄 Identity reset
[06:18:41] 🔄 Identity rotated (every 10 requests)
[06:18:41] [121/326] JMNP
[06:18:42] [122/326] VICS
[06:18:43] [123/326] VCDA
[06:18:44] [124/326] GCMM
[06:18:45] [125/326] INVS
[06:18:46] [126/326] SCGM
[06:18:47] [127/326] PCDA
[06:18:48] [128/326] KDCT
[06:18:49] [129/326] JACS
[06:18:50] [130/326] GMMC
[06:18:51] 🔄 Identity reset
[06:18:51] 🔄 Identity rotated (every 10 requests)
[06:18:51] [131/326] AICM
[06:18:52] [132/326] TJCM
[06:18:54] [133/326] RMTI
[06:18:55] [134/326] SHAC
[06:18:56] [135/326] APJC
[06:18:56] [136/326] GCTG
[06:18:57] [137/326] SSMC
[06:18:58] [138/326] THRM
[06:18:59] [139/326] RBCT
[06:19:00] [140/326] DIKT
[06:19:00] 🔄 Identity reset
[06:19:00] 🔄 Identity rotated (every 10 requests)
[06:19:01] [141/326] MIDL
[06:19:02] [142/326] VCSN
[06:19:03] [143/326] SKTG
[06:19:05] [144/326] SMWC
[06:19:06] [145/326] MNKH
[06:19:08] [146/326] PIAT
[06:19:09] [147/326] LTTP
[06:19:10] [148/326] PTPU
[06:19:11] [149/326] ACMG
[06:19:12] [150/326] SHMM
[06:19:12] 🔄 Identity reset
[06:19:12] 🔄 Identity rotated (every 10 requests)
[06:19:13] [151/326] MCMN
[06:19:14] [152/326] GLDC
[06:19:15] [153/326] HOUT
[06:19:16] [154/326] SVRP
[06:19:17] [155/326] PVDN
[06:19:18] [156/326] SCPY
[06:19:19] [157/326] DTPY
[06:19:19] [158/326] GKCS
[06:19:21] [159/326] NCAM
[06:19:23] [160/326] BSRM
[06:19:23] 🔄 Identity reset
[06:19:24] 🔄 Identity rotated (every 10 requests)
[06:19:24] [161/326] RCLC
[06:19:26] [162/326] SKKD
[06:19:28] [163/326] ACHU
[06:19:29] [164/326] RSCF
[06:19:30] [165/326] IMSH
[06:19:31] [166/326] MACX
[06:19:32] [167/326] HMMW
[06:19:33] [168/326] JTCP
[06:19:34] [169/326] SREN
[06:19:36] [170/326] PJRR
[06:19:37] 🔄 Identity reset
[06:19:37] 🔄 Identity rotated (every 10 requests)
[06:19:37] [171/326] INAC
[06:19:38] [172/326] BMCA
[06:19:39] [173/326] SHCB
[06:19:40] [174/326] GABA
[06:19:41] [175/326] SBCT
[06:19:42] [176/326] GCMA
[06:19:43] [177/326] MYTK
[06:19:44] [178/326] INZS
[06:19:45] [179/326] RMIK
[06:19:46] [180/326] NYCH
[06:19:46] 🔄 Identity reset
[06:19:46] 🔄 Identity rotated (every 10 requests)
[06:19:48] [181/326] RAVE
[06:19:48] [182/326] PSXM
[06:19:49] [183/326] MCGP
[06:19:51] [184/326] PDDK
[06:19:52] [185/326] SPCK
[06:19:53] [186/326] MCRL
[06:19:55] [187/326] MHKT
[06:19:56] [188/326] ANRR
[06:19:58] [189/326] SAPK
[06:19:59] [190/326] NCUK
[06:19:59] 🔄 Identity reset
[06:19:59] 🔄 Identity rotated (every 10 requests)
[06:19:59] [191/326] JUGA
[06:20:00] [192/326] DBSC
[06:20:01] [193/326] LALK
[06:20:02] [194/326] GUCK
[06:20:03] [195/326] STSG
[06:20:04] [196/326] PPPZ
[06:20:05] [197/326] CNCY
[06:20:07] [198/326] MTAR
[06:20:08] [199/326] VNKD
[06:20:09] [200/326] KMAJ
[06:20:09] 🔄 Identity reset
[06:20:09] 🔄 Identity rotated (every 10 requests)
[06:20:10] [201/326] ACXK
[06:20:10] [202/326] UTKC
[06:20:11] [203/326] PBLK
[06:20:13] [204/326] ACBX
[06:20:14] [205/326] PTGM
[06:20:15] [206/326] BTDA
[06:20:16] [207/326] PJMB
[06:20:18] [208/326] TPDA
[06:20:18] [209/326] AMOE
[06:20:20] [210/326] PRHT
[06:20:20] 🔄 Identity reset
[06:20:20] 🔄 Identity rotated (every 10 requests)
[06:20:21] [211/326] PRTA
[06:20:22] [212/326] STAM
[06:20:23] [213/326] MSAA
[06:20:24] [214/326] SDLU
[06:20:25] [215/326] RCHH
[06:20:26] [216/326] KANT
[06:20:27] [217/326] FCRT
[06:20:27] [218/326] DNKM
[06:20:28] [219/326] RYCP
[06:20:29] [220/326] MYRP
[06:20:30] 🔄 Identity reset
[06:20:30] 🔄 Identity rotated (every 10 requests)
[06:20:31] [221/326] PPAK
[06:20:32] [222/326] NVPK
[06:20:33] [223/326] PRMC
[06:20:35] [224/326] JBCS
[06:20:36] [225/326] GXCK
[06:20:37] [226/326] USKO
[06:20:38] [227/326] GTEM
[06:20:39] [228/326] SMBU
[06:20:41] [229/326] VETC
[06:20:42] [230/326] LCDA
[06:20:43] 🔄 Identity reset
[06:20:43] 🔄 Identity rotated (every 10 requests)
[06:20:43] [231/326] MTVT
[06:20:43] [232/326] PYCP
[06:20:44] [233/326] PNSC
[06:20:45] [234/326] PPCC
[06:20:46] [235/326] TGRT
[06:20:47] [236/326] JYOT
[06:20:48] [237/326] SRCZ
[06:20:49] [238/326] SJTE
[06:20:50] [239/326] DESC
[06:20:51] [240/326] JHVN
[06:20:52] 🔄 Identity reset
[06:20:52] 🔄 Identity rotated (every 10 requests)
[06:20:52] [241/326] IPSG
[06:20:53] [242/326] IPCM
[06:20:54] [243/326] PDRS
[06:20:55] [244/326] ANCV
[06:20:56] [245/326] CMVV
[06:20:57] [246/326] SHYP
[06:20:58] [247/326] DNCS
[06:20:58] [248/326] GAJK
[06:20:59] [249/326] AKTN
[06:21:00] [250/326] KAYA
[06:21:01] 🔄 Identity reset
[06:21:01] 🔄 Identity rotated (every 10 requests)
[06:21:01] [251/326] SBRC
[06:21:03] [252/326] CHTP
[06:21:04] [253/326] SHRT
[06:21:05] [254/326] BCKU
[06:21:06] [255/326] FCPS
[06:21:07] [256/326] ARDD
[06:21:09] [257/326] CPCM
[06:21:10] [258/326] CGSM
[06:21:11] [259/326] PSMP
[06:21:13] [260/326] SDAL
[06:21:13] 🔄 Identity reset
[06:21:13] 🔄 Identity rotated (every 10 requests)
[06:21:14] [261/326] RTNB
[06:21:15] [262/326] LMCR
[06:21:16] [263/326] CIMA
[06:21:17] [264/326] RNAS
[06:21:17] [265/326] LITH
[06:21:19] [266/326] PBOX
[06:21:20] [267/326] FRTS
[06:21:22] [268/326] RKIC
[06:21:22] [269/326] PTAI
[06:21:24] [270/326] GCIC
[06:21:25] 🔄 Identity reset
[06:21:25] 🔄 Identity rotated (every 10 requests)
[06:21:25] [271/326] FNAS
[06:21:26] [272/326] SCAR
[06:21:27] [273/326] MTCA
[06:21:28] [274/326] SCTS
[06:21:29] [275/326] SYCS
[06:21:30] [276/326] RDMS
[06:21:31] [277/326] KAMP
[06:21:33] [278/326] ERSD
[06:21:34] [279/326] MJMJ
[06:21:36] [280/326] SRCJ
[06:21:36] 🔄 Identity reset
[06:21:36] 🔄 Identity rotated (every 10 requests)
[06:21:37] [281/326] SCXE
[06:21:37] [282/326] SVFR
[06:21:38] [283/326] BHCS
[06:21:39] [284/326] IMCC
[06:21:41] [285/326] PCBO
[06:21:42] [286/326] PRVN
[06:21:43] [287/326] AUPM
[06:21:45] [288/326] INBW
[06:21:45] [289/326] SVCW
[06:21:46] [290/326] RKCF
[06:21:47] 🔄 Identity reset
[06:21:47] 🔄 Identity rotated (every 10 requests)
[06:21:47] [291/326] UVBH
[06:21:48] [292/326] DNCY
[06:21:49] [293/326] ABCN
[06:21:50] [294/326] PRUR
[06:21:51] [295/326] PFMR
[06:21:52] [296/326] RKCN
[06:21:54] [297/326] CFEA
[06:21:56] [298/326] SDBG
[06:21:57] [299/326] SNAR
[06:21:57] [300/326] YISI
[06:21:58] 🔄 Identity reset
[06:21:58] 🔄 Identity rotated (every 10 requests)
[06:21:58] [301/326] JCFF
[06:22:00] [302/326] VTRK
[06:22:01] [303/326] PCLZ
[06:22:01] [304/326] DIMY
[06:22:03] [305/326] BBTS
[06:22:04] [306/326] GATH
[06:22:05] [307/326] GTMN
[06:22:06] [308/326] VTMH
[06:22:07] [309/326] CCKP
[06:22:08] [310/326] GPKA
[06:22:09] 🔄 Identity reset
[06:22:09] 🔄 Identity rotated (every 10 requests)
[06:22:09] [311/326] MHCL
[06:22:10] [312/326] ATCL
[06:22:11] [313/326] SBCK
[06:22:12] [314/326] AMMR
[06:22:12] [315/326] MADC
[06:22:14] [316/326] TMMA
[06:22:15] [317/326] CACC
[06:22:16] [318/326] CHAL
[06:22:18] [319/326] DURG
[06:22:19] [320/326] GMKU
[06:22:20] 🔄 Identity reset
[06:22:20] 🔄 Identity rotated (every 10 requests)
[06:22:21] [321/326] GECA
[06:22:23] [322/326] KYRR
[06:22:23] [323/326] KSDE
[06:22:25] [324/326] LMCI
[06:22:27] [325/326] NKCP
[06:22:28] [326/326] BGTC
[06:22:29] 🧹 Deduping shows
[06:22:29] ✅ DONE | Shows=528 | Movies=3
[11:56:49] 🚀 SCRIPT STARTED (enhanced anti‑detection)
[11:56:49] [1/326] BSAT
[11:56:50] 🧠 New identity created
[11:56:51] [2/326] RSSM
[11:56:53] [3/326] GCTA
[11:56:54] [4/326] TOPN
[11:56:55] [5/326] MCUS
[11:56:55] [6/326] SHRL
[11:56:57] [7/326] UPTP
[11:56:58] [8/326] TMMP
[11:56:59] [9/326] DNRP
[11:57:00] [10/326] SRLT
[11:57:01] 🔄 Identity reset
[11:57:01] 🔄 Identity rotated (every 10 requests)
[11:57:01] [11/326] RCNS
[11:57:02] [12/326] DCBH
[11:57:03] [13/326] NAGJ
[11:57:04] [14/326] JVRC
[11:57:06] [15/326] KRJG
[11:57:06] [16/326] SRTJ
[11:57:07] [17/326] CMXM
[11:57:08] [18/326] STMI
[11:57:09] [19/326] SLST
[11:57:10] [20/326] DTCN
[11:57:10] 🔄 Identity reset
[11:57:10] 🔄 Identity rotated (every 10 requests)
[11:57:11] [21/326] STYN
[11:57:12] [22/326] SZVR
[11:57:13] [23/326] SRKO
[11:57:14] [24/326] JTGT
[11:57:16] [25/326] SVFD
[11:57:16] [26/326] SISD
[11:57:18] [27/326] ABDD
[11:57:19] [28/326] DRCA
[11:57:20] [29/326] AVCS
[11:57:21] [30/326] MVKH
[11:57:22] 🔄 Identity reset
[11:57:22] 🔄 Identity rotated (every 10 requests)
[11:57:23] [31/326] ACPR
[11:57:23] [32/326] STIP
[11:57:24] [33/326] MTRA
[11:57:26] [34/326] RMKH
[11:57:27] [35/326] NKRL
[11:57:27] [36/326] PCWN
[11:57:28] [37/326] BLMT
[11:57:29] [38/326] GDPG
[11:57:30] [39/326] SRMX
[11:57:31] [40/326] JACP
[11:57:32] 🔄 Identity reset
[11:57:32] 🔄 Identity rotated (every 10 requests)
[11:57:32] [41/326] CPSH
[11:57:33] [42/326] MCCD
[11:57:34] [43/326] ECGH
[11:57:35] [44/326] MKCK
[11:57:36] [45/326] SRMM
[11:57:37] [46/326] SKYR
[11:57:38] [47/326] PCKC
[11:57:38] [48/326] JCMA
[11:57:39] [49/326] BSMP
[11:57:40] [50/326] VSPA
[11:57:41] 🔄 Identity reset
[11:57:41] 🔄 Identity rotated (every 10 requests)
[11:57:42] [51/326] DJYA
[11:57:42] [52/326] DIMP
[11:57:44] [53/326] FXDR
[11:57:45] [54/326] SSRC
[11:57:46] [55/326] STHP
[11:57:47] [56/326] CPPD
[11:57:48] [57/326] FCLK
[11:57:48] [58/326] SCPP
[11:57:49] [59/326] DCMJ
[11:57:50] [60/326] RCCR
[11:57:51] 🔄 Identity reset
[11:57:51] 🔄 Identity rotated (every 10 requests)
[11:57:51] [61/326] INMT
[11:57:52] [62/326] LXTK
[11:57:53] [63/326] SRYK
[11:57:54] [64/326] SGDK
[11:57:55] [65/326] PPKA
[11:57:56] [66/326] SPKA
[11:57:57] [67/326] CGHH
[11:57:58] [68/326] DCJN
[11:57:58] [69/326] SRKV
[11:57:59] [70/326] SAJC
[11:58:00] 🔄 Identity reset
[11:58:00] 🔄 Identity rotated (every 10 requests)
[11:58:00] [71/326] SUSR
[11:58:01] [72/326] STYG
[11:58:02] [73/326] NTKP
[11:58:03] [74/326] AKTG
[11:58:03] [75/326] CGCM
[11:58:04] [76/326] TULC
[11:58:06] [77/326] NYYZ
[11:58:07] [78/326] NYBW
[11:58:07] [79/326] MACB
[11:58:08] [80/326] SLVT
[11:58:09] 🔄 Identity reset
[11:58:09] 🔄 Identity rotated (every 10 requests)
[11:58:09] [81/326] SANA
[11:58:10] [82/326] ACMR
[11:58:11] [83/326] CPKN
[11:58:12] [84/326] DLGK
[11:58:12] [85/326] CWCK
[11:58:13] [86/326] FDDH
[11:58:14] [87/326] MMMD
[11:58:15] [88/326] CMEH
[11:58:16] [89/326] GGGV
[11:58:16] [90/326] SPJL
[11:58:17] 🔄 Identity reset
[11:58:17] 🔄 Identity rotated (every 10 requests)
[11:58:18] [91/326] RCCD
[11:58:19] [92/326] STTZ
[11:58:20] [93/326] BTCF
[11:58:21] [94/326] TSTZ
[11:58:22] [95/326] IPMM
[11:58:22] [96/326] PMPW
[11:58:23] [97/326] PCMZ
[11:58:25] [98/326] ESEM
[11:58:26] [99/326] PIPO
[11:58:27] [100/326] MATK
[11:58:28] 🔄 Identity reset
[11:58:28] 🔄 Identity rotated (every 10 requests)
[11:58:28] [101/326] PGHM
[11:58:29] [102/326] CTSR
[11:58:30] [103/326] CYKR
[11:58:31] [104/326] MSCM
[11:58:32] [105/326] RFNP
[11:58:32] [106/326] PDCP
[11:58:33] [107/326] NPSE
[11:58:34] [108/326] MKML
[11:58:35] [109/326] FTDP
[11:58:36] [110/326] MMXA
[11:58:37] 🔄 Identity reset
[11:58:37] 🔄 Identity rotated (every 10 requests)
[11:58:37] [111/326] CEPO
[11:58:38] [112/326] CMVP
[11:58:39] [113/326] SGTH
[11:58:40] [114/326] SAYN
[11:58:41] [115/326] URVS
[11:58:42] [116/326] VJTN
[11:58:43] [117/326] BBYK
[11:58:43] [118/326] SHBO
[11:58:44] [119/326] VCMR
[11:58:46] [120/326] MACT
[11:58:46] 🔄 Identity reset
[11:58:46] 🔄 Identity rotated (every 10 requests)
[11:58:47] [121/326] JMNP
[11:58:48] [122/326] VICS
[11:58:49] [123/326] VCDA
[11:58:49] [124/326] GCMM
[11:58:50] [125/326] INVS
[11:58:51] [126/326] SCGM
[11:58:52] [127/326] PCDA
[11:58:53] [128/326] KDCT
[11:58:54] [129/326] JACS
[11:58:55] [130/326] GMMC
[11:58:56] 🔄 Identity reset
[11:58:56] 🔄 Identity rotated (every 10 requests)
[11:58:56] [131/326] AICM
[11:58:57] [132/326] TJCM
[11:58:57] [133/326] RMTI
[11:58:58] [134/326] SHAC
[11:58:59] [135/326] APJC
[11:59:00] [136/326] GCTG
[11:59:01] [137/326] SSMC
[11:59:02] [138/326] THRM
[11:59:02] [139/326] RBCT
[11:59:03] [140/326] DIKT
[11:59:04] 🔄 Identity reset
[11:59:04] 🔄 Identity rotated (every 10 requests)
[11:59:04] [141/326] MIDL
[11:59:05] [142/326] VCSN
[11:59:06] [143/326] SKTG
[11:59:07] [144/326] SMWC
[11:59:08] [145/326] MNKH
[11:59:09] [146/326] PIAT
[11:59:10] [147/326] LTTP
[11:59:11] [148/326] PTPU
[11:59:12] [149/326] ACMG
[11:59:12] [150/326] SHMM
[11:59:13] 🔄 Identity reset
[11:59:13] 🔄 Identity rotated (every 10 requests)
[11:59:13] [151/326] MCMN
[11:59:15] [152/326] GLDC
[11:59:16] [153/326] HOUT
[11:59:17] [154/326] SVRP
[11:59:17] [155/326] PVDN
[11:59:18] [156/326] SCPY
[11:59:19] [157/326] DTPY
[11:59:20] [158/326] GKCS
[11:59:21] [159/326] NCAM
[11:59:21] [160/326] BSRM
[11:59:22] 🔄 Identity reset
[11:59:22] 🔄 Identity rotated (every 10 requests)
[11:59:22] [161/326] RCLC
[11:59:23] [162/326] SKKD
[11:59:24] [163/326] ACHU
[11:59:25] [164/326] RSCF
[11:59:26] [165/326] IMSH
[11:59:27] [166/326] MACX
[11:59:28] [167/326] HMMW
[11:59:28] [168/326] JTCP
[11:59:29] [169/326] SREN
[11:59:30] [170/326] PJRR
[11:59:31] 🔄 Identity reset
[11:59:31] 🔄 Identity rotated (every 10 requests)
[11:59:31] [171/326] INAC
[11:59:33] [172/326] BMCA
[11:59:33] [173/326] SHCB
[11:59:34] [174/326] GABA
[11:59:36] [175/326] SBCT
[11:59:37] [176/326] GCMA
[11:59:38] [177/326] MYTK
[11:59:39] [178/326] INZS
[11:59:40] [179/326] RMIK
[11:59:41] [180/326] NYCH
[11:59:41] 🔄 Identity reset
[11:59:41] 🔄 Identity rotated (every 10 requests)
[11:59:42] [181/326] RAVE
[11:59:43] [182/326] PSXM
[11:59:44] [183/326] MCGP
[11:59:44] [184/326] PDDK
[11:59:45] [185/326] SPCK
[11:59:47] [186/326] MCRL
[11:59:47] [187/326] MHKT
[11:59:49] [188/326] ANRR
[11:59:50] [189/326] SAPK
[11:59:51] [190/326] NCUK
[11:59:51] 🔄 Identity reset
[11:59:51] 🔄 Identity rotated (every 10 requests)
[11:59:52] [191/326] JUGA
[11:59:52] [192/326] DBSC
[11:59:53] [193/326] LALK
[11:59:55] [194/326] GUCK
[11:59:56] [195/326] STSG
[11:59:57] [196/326] PPPZ
[11:59:58] [197/326] CNCY
[11:59:59] [198/326] MTAR
[12:00:00] [199/326] VNKD
[12:00:01] [200/326] KMAJ
[12:00:01] 🔄 Identity reset
[12:00:01] 🔄 Identity rotated (every 10 requests)
[12:00:01] [201/326] ACXK
[12:00:03] [202/326] UTKC
[12:00:04] [203/326] PBLK
[12:00:05] [204/326] ACBX
[12:00:06] [205/326] PTGM
[12:00:07] [206/326] BTDA
[12:00:08] [207/326] PJMB
[12:00:09] [208/326] TPDA
[12:00:10] [209/326] AMOE
[12:00:11] [210/326] PRHT
[12:00:11] 🔄 Identity reset
[12:00:11] 🔄 Identity rotated (every 10 requests)
[12:00:11] [211/326] PRTA
[12:00:12] [212/326] STAM
[12:00:13] [213/326] MSAA
[12:00:14] [214/326] SDLU
[12:00:15] [215/326] RCHH
[12:00:15] [216/326] KANT
[12:00:16] [217/326] FCRT
[12:00:17] [218/326] DNKM
[12:00:18] [219/326] RYCP
[12:00:19] [220/326] MYRP
[12:00:19] 🔄 Identity reset
[12:00:19] 🔄 Identity rotated (every 10 requests)
[12:00:19] [221/326] PPAK
[12:00:20] [222/326] NVPK
[12:00:21] [223/326] PRMC
[12:00:22] [224/326] JBCS
[12:00:23] [225/326] GXCK
[12:00:24] [226/326] USKO
[12:00:25] [227/326] GTEM
[12:00:26] [228/326] SMBU
[12:00:26] [229/326] VETC
[12:00:27] [230/326] LCDA
[12:00:28] 🔄 Identity reset
[12:00:28] 🔄 Identity rotated (every 10 requests)
[12:00:28] [231/326] MTVT
[12:00:29] [232/326] PYCP
[12:00:31] [233/326] PNSC
[12:00:31] [234/326] PPCC
[12:00:32] [235/326] TGRT
[12:00:34] [236/326] JYOT
[12:00:34] [237/326] SRCZ
[12:00:35] [238/326] SJTE
[12:00:36] [239/326] DESC
[12:00:38] [240/326] JHVN
[12:00:38] 🔄 Identity reset
[12:00:38] 🔄 Identity rotated (every 10 requests)
[12:00:39] [241/326] IPSG
[12:00:39] [242/326] IPCM
[12:00:40] [243/326] PDRS
[12:00:41] [244/326] ANCV
[12:00:42] [245/326] CMVV
[12:00:43] [246/326] SHYP
[12:00:45] [247/326] DNCS
[12:00:45] [248/326] GAJK
[12:00:46] [249/326] AKTN
[12:00:48] [250/326] KAYA
[12:00:48] 🔄 Identity reset
[12:00:49] 🔄 Identity rotated (every 10 requests)
[12:00:49] [251/326] SBRC
[12:00:50] [252/326] CHTP
[12:00:51] [253/326] SHRT
[12:00:51] [254/326] BCKU
[12:00:53] [255/326] FCPS
[12:00:53] [256/326] ARDD
[12:00:54] [257/326] CPCM
[12:00:55] [258/326] CGSM
[12:00:56] [259/326] PSMP
[12:00:57] [260/326] SDAL
[12:00:57] 🔄 Identity reset
[12:00:57] 🔄 Identity rotated (every 10 requests)
[12:00:58] [261/326] RTNB
[12:00:58] [262/326] LMCR
[12:00:59] [263/326] CIMA
[12:01:00] [264/326] RNAS
[12:01:01] [265/326] LITH
[12:01:02] [266/326] PBOX
[12:01:03] [267/326] FRTS
[12:01:04] [268/326] RKIC
[12:01:05] [269/326] PTAI
[12:01:06] [270/326] GCIC
[12:01:07] 🔄 Identity reset
[12:01:07] 🔄 Identity rotated (every 10 requests)
[12:01:07] [271/326] FNAS
[12:01:08] [272/326] SCAR
[12:01:09] [273/326] MTCA
[12:01:10] [274/326] SCTS
[12:01:11] [275/326] SYCS
[12:01:12] [276/326] RDMS
[12:01:12] [277/326] KAMP
[12:01:13] [278/326] ERSD
[12:01:14] [279/326] MJMJ
[12:01:15] [280/326] SRCJ
[12:01:16] 🔄 Identity reset
[12:01:16] 🔄 Identity rotated (every 10 requests)
[12:01:16] [281/326] SCXE
[12:01:17] [282/326] SVFR
[12:01:18] [283/326] BHCS
[12:01:19] [284/326] IMCC
[12:01:20] [285/326] PCBO
[12:01:21] [286/326] PRVN
[12:01:22] [287/326] AUPM
[12:01:23] [288/326] INBW
[12:01:24] [289/326] SVCW
[12:01:25] [290/326] RKCF
[12:01:26] 🔄 Identity reset
[12:01:26] 🔄 Identity rotated (every 10 requests)
[12:01:26] [291/326] UVBH
[12:01:27] [292/326] DNCY
[12:01:28] [293/326] ABCN
[12:01:29] [294/326] PRUR
[12:01:31] [295/326] PFMR
[12:01:32] [296/326] RKCN
[12:01:33] [297/326] CFEA
[12:01:33] [298/326] SDBG
[12:01:34] [299/326] SNAR
[12:01:35] [300/326] YISI
[12:01:36] 🔄 Identity reset
[12:01:36] 🔄 Identity rotated (every 10 requests)
[12:01:36] [301/326] JCFF
[12:01:37] [302/326] VTRK
[12:01:37] [303/326] PCLZ
[12:01:39] [304/326] DIMY
[12:01:40] [305/326] BBTS
[12:01:41] [306/326] GATH
[12:01:42] [307/326] GTMN
[12:01:43] [308/326] VTMH
[12:01:44] [309/326] CCKP
[12:01:45] [310/326] GPKA
[12:01:45] 🔄 Identity reset
[12:01:45] 🔄 Identity rotated (every 10 requests)
[12:01:45] [311/326] MHCL
[12:01:47] [312/326] ATCL
[12:01:49] [313/326] SBCK
[12:01:49] [314/326] AMMR
[12:01:50] [315/326] MADC
[12:01:51] [316/326] TMMA
[12:01:52] [317/326] CACC
[12:01:53] [318/326] CHAL
[12:01:53] [319/326] DURG
[12:01:54] [320/326] GMKU
[12:01:55] 🔄 Identity reset
[12:01:55] 🔄 Identity rotated (every 10 requests)
[12:01:55] [321/326] GECA
[12:01:56] [322/326] KYRR
[12:01:57] [323/326] KSDE
[12:01:58] [324/326] LMCI
[12:01:58] [325/326] NKCP
[12:01:59] [326/326] BGTC
[12:02:00] 🧹 Deduping shows
[12:02:00] ✅ DONE | Shows=532 | Movies=4
[20:46:21] 🚀 SCRIPT STARTED (enhanced anti‑detection)
[20:46:21] [1/326] BSAT
[20:46:21] 🧠 New identity created
[20:46:22] [2/326] RSSM
[20:46:22] [3/326] GCTA
[20:46:23] [4/326] TOPN
[20:46:24] [5/326] MCUS
[20:46:26] [6/326] SHRL
[20:46:27] [7/326] UPTP
[20:46:27] [8/326] TMMP
[20:46:29] [9/326] DNRP
[20:46:30] [10/326] SRLT
[20:46:30] 🔄 Identity reset
[20:46:30] 🔄 Identity rotated (every 10 requests)
[20:46:32] [11/326] RCNS
[20:46:32] [12/326] DCBH
[20:46:33] [13/326] NAGJ
[20:46:34] [14/326] JVRC
[20:46:35] [15/326] KRJG
[20:46:36] [16/326] SRTJ
[20:46:36] [17/326] CMXM
[20:46:37] [18/326] STMI
[20:46:38] [19/326] SLST
[20:46:39] [20/326] DTCN
[20:46:40] 🔄 Identity reset
[20:46:40] 🔄 Identity rotated (every 10 requests)
[20:46:40] [21/326] STYN
[20:46:41] [22/326] SZVR
[20:46:42] [23/326] SRKO
[20:46:43] [24/326] JTGT
[20:46:44] [25/326] SVFD
[20:46:45] [26/326] SISD
[20:46:45] [27/326] ABDD
[20:46:46] [28/326] DRCA
[20:46:48] [29/326] AVCS
[20:46:49] [30/326] MVKH
[20:46:49] 🔄 Identity reset
[20:46:49] 🔄 Identity rotated (every 10 requests)
[20:46:50] [31/326] ACPR
[20:46:50] [32/326] STIP
[20:46:51] [33/326] MTRA
[20:46:53] [34/326] RMKH
[20:46:53] [35/326] NKRL
[20:46:54] [36/326] PCWN
[20:46:55] [37/326] BLMT
[20:46:57] [38/326] GDPG
[20:46:58] [39/326] SRMX
[20:46:58] [40/326] JACP
[20:46:59] 🔄 Identity reset
[20:46:59] 🔄 Identity rotated (every 10 requests)
[20:47:00] [41/326] CPSH
[20:47:01] [42/326] MCCD
[20:47:02] [43/326] ECGH
[20:47:03] [44/326] MKCK
[20:47:04] [45/326] SRMM
[20:47:05] [46/326] SKYR
[20:47:06] [47/326] PCKC
[20:47:08] [48/326] JCMA
[20:47:08] [49/326] BSMP
[20:47:09] [50/326] VSPA
[20:47:10] 🔄 Identity reset
[20:47:10] 🔄 Identity rotated (every 10 requests)
[20:47:10] [51/326] DJYA
[20:47:11] [52/326] DIMP
[20:47:12] [53/326] FXDR
[20:47:13] [54/326] SSRC
[20:47:13] [55/326] STHP
[20:47:14] [56/326] CPPD
[20:47:15] [57/326] FCLK
[20:47:16] [58/326] SCPP
[20:47:17] [59/326] DCMJ
[20:47:18] [60/326] RCCR
[20:47:19] 🔄 Identity reset
[20:47:19] 🔄 Identity rotated (every 10 requests)
[20:47:19] [61/326] INMT
[20:47:20] [62/326] LXTK
[20:47:21] [63/326] SRYK
[20:47:22] [64/326] SGDK
[20:47:23] [65/326] PPKA
[20:47:23] [66/326] SPKA
[20:47:25] [67/326] CGHH
[20:47:26] [68/326] DCJN
[20:47:27] [69/326] SRKV
[20:47:28] [70/326] SAJC
[20:47:28] 🔄 Identity reset
[20:47:28] 🔄 Identity rotated (every 10 requests)
[20:47:28] [71/326] SUSR
[20:47:31] [72/326] STYG
[20:47:32] [73/326] NTKP
[20:47:33] [74/326] AKTG
[20:47:33] [75/326] CGCM
[20:47:34] [76/326] TULC
[20:47:36] [77/326] NYYZ
[20:47:37] [78/326] NYBW
[20:47:38] [79/326] MACB
[20:47:38] [80/326] SLVT
[20:47:39] 🔄 Identity reset
[20:47:39] 🔄 Identity rotated (every 10 requests)
[20:47:39] [81/326] SANA
[20:47:41] [82/326] ACMR
[20:47:42] [83/326] CPKN
[20:47:42] [84/326] DLGK
[20:47:43] [85/326] CWCK
[20:47:44] [86/326] FDDH
[20:47:45] [87/326] MMMD
[20:47:46] [88/326] CMEH
[20:47:47] [89/326] GGGV
[20:47:48] [90/326] SPJL
[20:47:48] 🔄 Identity reset
[20:47:48] 🔄 Identity rotated (every 10 requests)
[20:47:49] [91/326] RCCD
[20:47:49] [92/326] STTZ
[20:47:50] [93/326] BTCF
[20:47:51] [94/326] TSTZ
[20:47:52] [95/326] IPMM
[20:47:53] [96/326] PMPW
[20:47:54] [97/326] PCMZ
[20:47:54] [98/326] ESEM
[20:47:55] [99/326] PIPO
[20:47:56] [100/326] MATK
[20:47:57] 🔄 Identity reset
[20:47:57] 🔄 Identity rotated (every 10 requests)
[20:47:57] [101/326] PGHM
[20:47:59] [102/326] CTSR
[20:47:59] [103/326] CYKR
[20:48:01] [104/326] MSCM
[20:48:02] [105/326] RFNP
[20:48:03] [106/326] PDCP
[20:48:04] [107/326] NPSE
[20:48:05] [108/326] MKML
[20:48:06] [109/326] FTDP
[20:48:07] [110/326] MMXA
[20:48:07] 🔄 Identity reset
[20:48:07] 🔄 Identity rotated (every 10 requests)
[20:48:08] [111/326] CEPO
[20:48:09] [112/326] CMVP
[20:48:10] [113/326] SGTH
[20:48:11] [114/326] SAYN
[20:48:12] [115/326] URVS
[20:48:12] [116/326] VJTN
[20:48:13] [117/326] BBYK
[20:48:15] [118/326] SHBO
[20:48:16] [119/326] VCMR
[20:48:17] [120/326] MACT
[20:48:18] 🔄 Identity reset
[20:48:18] 🔄 Identity rotated (every 10 requests)
[20:48:18] [121/326] JMNP
[20:48:19] [122/326] VICS
[20:48:20] [123/326] VCDA
[20:48:21] [124/326] GCMM
[20:48:22] [125/326] INVS
[20:48:23] [126/326] SCGM
[20:48:25] [127/326] PCDA
[20:48:25] [128/326] KDCT
[20:48:26] [129/326] JACS
[20:48:27] [130/326] GMMC
[20:48:28] 🔄 Identity reset
[20:48:28] 🔄 Identity rotated (every 10 requests)
[20:48:28] [131/326] AICM
[20:48:29] [132/326] TJCM
[20:48:30] [133/326] RMTI
[20:48:31] [134/326] SHAC
[20:48:32] [135/326] APJC
[20:48:33] [136/326] GCTG
[20:48:34] [137/326] SSMC
[20:48:35] [138/326] THRM
[20:48:36] [139/326] RBCT
[20:48:37] [140/326] DIKT
[20:48:38] 🔄 Identity reset
[20:48:38] 🔄 Identity rotated (every 10 requests)
[20:48:38] [141/326] MIDL
[20:48:39] [142/326] VCSN
[20:48:40] [143/326] SKTG
[20:48:41] [144/326] SMWC
[20:48:42] [145/326] MNKH
[20:48:43] [146/326] PIAT
[20:48:44] [147/326] LTTP
[20:48:45] [148/326] PTPU
[20:48:46] [149/326] ACMG
[20:48:47] [150/326] SHMM
[20:48:48] 🔄 Identity reset
[20:48:48] 🔄 Identity rotated (every 10 requests)
[20:48:48] [151/326] MCMN
[20:48:49] [152/326] GLDC
[20:48:50] [153/326] HOUT
[20:48:51] [154/326] SVRP
[20:48:53] [155/326] PVDN
[20:48:54] [156/326] SCPY
[20:48:55] [157/326] DTPY
[20:48:56] [158/326] GKCS
[20:48:56] [159/326] NCAM
[20:48:57] [160/326] BSRM
[20:48:58] 🔄 Identity reset
[20:48:58] 🔄 Identity rotated (every 10 requests)
[20:48:58] [161/326] RCLC
[20:48:59] [162/326] SKKD
[20:49:00] [163/326] ACHU
[20:49:01] [164/326] RSCF
[20:49:02] [165/326] IMSH
[20:49:03] [166/326] MACX
[20:49:03] [167/326] HMMW
[20:49:04] [168/326] JTCP
[20:49:05] [169/326] SREN
[20:49:06] [170/326] PJRR
[20:49:07] 🔄 Identity reset
[20:49:07] 🔄 Identity rotated (every 10 requests)
[20:49:07] [171/326] INAC
[20:49:08] [172/326] BMCA
[20:49:09] [173/326] SHCB
[20:49:10] [174/326] GABA
[20:49:12] [175/326] SBCT
[20:49:13] [176/326] GCMA
[20:49:13] [177/326] MYTK
[20:49:14] [178/326] INZS
[20:49:15] [179/326] RMIK
[20:49:17] [180/326] NYCH
[20:49:17] 🔄 Identity reset
[20:49:17] 🔄 Identity rotated (every 10 requests)
[20:49:18] [181/326] RAVE
[20:49:19] [182/326] PSXM
[20:49:20] [183/326] MCGP
[20:49:21] [184/326] PDDK
[20:49:22] [185/326] SPCK
[20:49:23] [186/326] MCRL
[20:49:24] [187/326] MHKT
[20:49:25] [188/326] ANRR
[20:49:26] [189/326] SAPK
[20:49:27] [190/326] NCUK
[20:49:27] 🔄 Identity reset
[20:49:27] 🔄 Identity rotated (every 10 requests)
[20:49:27] [191/326] JUGA
[20:49:29] [192/326] DBSC
[20:49:30] [193/326] LALK
[20:49:31] [194/326] GUCK
[20:49:32] [195/326] STSG
[20:49:32] [196/326] PPPZ
[20:49:33] [197/326] CNCY
[20:49:34] [198/326] MTAR
[20:49:35] [199/326] VNKD
[20:49:36] [200/326] KMAJ
[20:49:36] 🔄 Identity reset
[20:49:36] 🔄 Identity rotated (every 10 requests)
[20:49:37] [201/326] ACXK
[20:49:38] [202/326] UTKC
[20:49:39] [203/326] PBLK
[20:49:39] [204/326] ACBX
[20:49:40] [205/326] PTGM
[20:49:41] [206/326] BTDA
[20:49:42] [207/326] PJMB
[20:49:43] [208/326] TPDA
[20:49:44] [209/326] AMOE
[20:49:45] [210/326] PRHT
[20:49:46] 🔄 Identity reset
[20:49:46] 🔄 Identity rotated (every 10 requests)
[20:49:46] [211/326] PRTA
[20:49:51] [212/326] STAM
[20:49:52] [213/326] MSAA
[20:49:53] [214/326] SDLU
[20:49:54] [215/326] RCHH
[20:49:54] [216/326] KANT
[20:49:55] [217/326] FCRT
[20:49:56] [218/326] DNKM
[20:49:57] [219/326] RYCP
[20:49:58] [220/326] MYRP
[20:49:58] 🔄 Identity reset
[20:49:58] 🔄 Identity rotated (every 10 requests)
[20:49:59] [221/326] PPAK
[20:50:00] [222/326] NVPK
[20:50:00] [223/326] PRMC
[20:50:01] [224/326] JBCS
[20:50:02] [225/326] GXCK
[20:50:03] [226/326] USKO
[20:50:04] [227/326] GTEM
[20:50:05] [228/326] SMBU
[20:50:06] [229/326] VETC
[20:50:06] [230/326] LCDA
[20:50:07] 🔄 Identity reset
[20:50:07] 🔄 Identity rotated (every 10 requests)
[20:50:07] [231/326] MTVT
[20:50:08] [232/326] PYCP
[20:50:09] [233/326] PNSC
[20:50:10] [234/326] PPCC
[20:50:11] [235/326] TGRT
[20:50:12] [236/326] JYOT
[20:50:12] [237/326] SRCZ
[20:50:13] [238/326] SJTE
[20:50:14] [239/326] DESC
[20:50:15] [240/326] JHVN
[20:50:16] 🔄 Identity reset
[20:50:16] 🔄 Identity rotated (every 10 requests)
[20:50:16] [241/326] IPSG
[20:50:17] [242/326] IPCM
[20:50:18] [243/326] PDRS
[20:50:18] [244/326] ANCV
[20:50:19] [245/326] CMVV
[20:50:20] [246/326] SHYP
[20:50:21] [247/326] DNCS
[20:50:22] [248/326] GAJK
[20:50:23] [249/326] AKTN
[20:50:24] [250/326] KAYA
[20:50:25] 🔄 Identity reset
[20:50:25] 🔄 Identity rotated (every 10 requests)
[20:50:25] [251/326] SBRC
[20:50:26] [252/326] CHTP
[20:50:27] [253/326] SHRT
[20:50:28] [254/326] BCKU
[20:50:29] [255/326] FCPS
[20:50:30] [256/326] ARDD
[20:50:30] [257/326] CPCM
[20:50:32] [258/326] CGSM
[20:50:33] [259/326] PSMP
[20:50:34] [260/326] SDAL
[20:50:34] 🔄 Identity reset
[20:50:34] 🔄 Identity rotated (every 10 requests)
[20:50:35] [261/326] RTNB
[20:50:35] [262/326] LMCR
[20:50:36] [263/326] CIMA
[20:50:37] [264/326] RNAS
[20:50:38] [265/326] LITH
[20:50:39] [266/326] PBOX
[20:50:39] [267/326] FRTS
[20:50:40] [268/326] RKIC
[20:50:42] [269/326] PTAI
[20:50:43] [270/326] GCIC
[20:50:44] 🔄 Identity reset
[20:50:44] 🔄 Identity rotated (every 10 requests)
[20:50:44] [271/326] FNAS
[20:50:45] [272/326] SCAR
[20:50:46] [273/326] MTCA
[20:50:47] [274/326] SCTS
[20:50:48] [275/326] SYCS
[20:50:49] [276/326] RDMS
[20:50:51] [277/326] KAMP
[20:50:52] [278/326] ERSD
[20:50:53] [279/326] MJMJ
[20:50:54] [280/326] SRCJ
[20:50:55] 🔄 Identity reset
[20:50:55] 🔄 Identity rotated (every 10 requests)
[20:50:55] [281/326] SCXE
[20:50:56] [282/326] SVFR
[20:50:57] [283/326] BHCS
[20:50:58] [284/326] IMCC
[20:50:59] [285/326] PCBO
[20:51:00] [286/326] PRVN
[20:51:01] [287/326] AUPM
[20:51:02] [288/326] INBW
[20:51:03] [289/326] SVCW
[20:51:04] [290/326] RKCF
[20:51:04] 🔄 Identity reset
[20:51:04] 🔄 Identity rotated (every 10 requests)
[20:51:04] [291/326] UVBH
[20:51:05] [292/326] DNCY
[20:51:06] [293/326] ABCN
[20:51:07] [294/326] PRUR
[20:51:08] [295/326] PFMR
[20:51:09] [296/326] RKCN
[20:51:10] [297/326] CFEA
[20:51:10] [298/326] SDBG
[20:51:11] [299/326] SNAR
[20:51:12] [300/326] YISI
[20:51:13] 🔄 Identity reset
[20:51:13] 🔄 Identity rotated (every 10 requests)
[20:51:13] [301/326] JCFF
[20:51:14] [302/326] VTRK
[20:51:15] [303/326] PCLZ
[20:51:16] [304/326] DIMY
[20:51:16] [305/326] BBTS
[20:51:17] [306/326] GATH
[20:51:18] [307/326] GTMN
[20:51:19] [308/326] VTMH
[20:51:21] [309/326] CCKP
[20:51:22] [310/326] GPKA
[20:51:22] 🔄 Identity reset
[20:51:22] 🔄 Identity rotated (every 10 requests)
[20:51:22] [311/326] MHCL
[20:51:24] [312/326] ATCL
[20:51:25] [313/326] SBCK
[20:51:26] [314/326] AMMR
[20:51:27] [315/326] MADC
[20:51:27] [316/326] TMMA
[20:51:28] [317/326] CACC
[20:51:29] [318/326] CHAL
[20:51:30] [319/326] DURG
[20:51:31] [320/326] GMKU
[20:51:31] 🔄 Identity reset
[20:51:31] 🔄 Identity rotated (every 10 requests)
[20:51:32] [321/326] GECA
[20:51:33] [322/326] KYRR
[20:51:34] [323/326] KSDE
[20:51:35] [324/326] LMCI
[20:51:36] [325/326] NKCP
[20:51:37] [326/326] BGTC
[20:51:38] 🧹 Deduping shows
[20:51:38] ✅ DONE | Shows=719 | Movies=22
[02:42:21] 🚀 SCRIPT STARTED (enhanced anti‑detection)
[02:42:21] [1/326] BSAT
[02:42:22] 🧠 New identity created
[02:42:23] [2/326] RSSM
[02:42:24] [3/326] GCTA
[02:42:25] [4/326] TOPN
[02:42:26] [5/326] MCUS
[02:42:27] [6/326] SHRL
[02:42:28] [7/326] UPTP
[02:42:29] [8/326] TMMP
[02:42:30] [9/326] DNRP
[02:42:30] [10/326] SRLT
[02:42:31] 🔄 Identity reset
[02:42:31] 🔄 Identity rotated (every 10 requests)
[02:42:31] [11/326] RCNS
[02:42:32] [12/326] DCBH
[02:42:33] [13/326] NAGJ
[02:42:34] [14/326] JVRC
[02:42:35] [15/326] KRJG
[02:42:36] [16/326] SRTJ
[02:42:37] [17/326] CMXM
[02:42:38] [18/326] STMI
[02:42:39] [19/326] SLST
[02:42:40] [20/326] DTCN
[02:42:41] 🔄 Identity reset
[02:42:41] 🔄 Identity rotated (every 10 requests)
[02:42:41] [21/326] STYN
[02:42:42] [22/326] SZVR
[02:42:44] [23/326] SRKO
[02:42:46] [24/326] JTGT
[02:42:47] [25/326] SVFD
[02:42:48] [26/326] SISD
[02:42:50] [27/326] ABDD
[02:42:51] [28/326] DRCA
[02:42:52] [29/326] AVCS
[02:42:53] [30/326] MVKH
[02:42:54] 🔄 Identity reset
[02:42:54] 🔄 Identity rotated (every 10 requests)
[02:42:54] [31/326] ACPR
[02:42:55] [32/326] STIP
[02:42:56] [33/326] MTRA
[02:42:57] [34/326] RMKH
[02:42:59] [35/326] NKRL
[02:42:59] [36/326] PCWN
[02:43:00] [37/326] BLMT
[02:43:01] [38/326] GDPG
[02:43:03] [39/326] SRMX
[02:43:04] [40/326] JACP
[02:43:05] 🔄 Identity reset
[02:43:05] 🔄 Identity rotated (every 10 requests)
[02:43:05] [41/326] CPSH
[02:43:07] [42/326] MCCD
[02:43:07] [43/326] ECGH
[02:43:09] [44/326] MKCK
[02:43:09] [45/326] SRMM
[02:43:10] [46/326] SKYR
[02:43:11] [47/326] PCKC
[02:43:12] [48/326] JCMA
[02:43:13] [49/326] BSMP
[02:43:14] [50/326] VSPA
[02:43:15] 🔄 Identity reset
[02:43:15] 🔄 Identity rotated (every 10 requests)
[02:43:15] [51/326] DJYA
[02:43:16] [52/326] DIMP
[02:43:17] [53/326] FXDR
[02:43:18] [54/326] SSRC
[02:43:18] [55/326] STHP
[02:43:19] [56/326] CPPD
[02:43:21] [57/326] FCLK
[02:43:23] [58/326] SCPP
[02:43:24] [59/326] DCMJ
[02:43:25] [60/326] RCCR
[02:43:25] 🔄 Identity reset
[02:43:25] 🔄 Identity rotated (every 10 requests)
[02:43:26] [61/326] INMT
[02:43:27] [62/326] LXTK
[02:43:27] [63/326] SRYK
[02:43:28] [64/326] SGDK
[02:43:29] [65/326] PPKA
[02:43:30] [66/326] SPKA
[02:43:32] [67/326] CGHH
[02:43:33] [68/326] DCJN
[02:43:34] [69/326] SRKV
[02:43:34] [70/326] SAJC
[02:43:35] 🔄 Identity reset
[02:43:35] 🔄 Identity rotated (every 10 requests)
[02:43:36] [71/326] SUSR
[02:43:37] [72/326] STYG
[02:43:39] [73/326] NTKP
[02:43:40] [74/326] AKTG
[02:43:42] [75/326] CGCM
[02:43:42] [76/326] TULC
[02:43:44] [77/326] NYYZ
[02:43:45] [78/326] NYBW
[02:43:46] [79/326] MACB
[02:43:47] [80/326] SLVT
[02:43:48] 🔄 Identity reset
[02:43:48] 🔄 Identity rotated (every 10 requests)
[02:43:49] [81/326] SANA
[02:43:51] [82/326] ACMR
[02:43:52] [83/326] CPKN
[02:43:52] [84/326] DLGK
[02:43:53] [85/326] CWCK
[02:43:54] [86/326] FDDH
[02:43:55] [87/326] MMMD
[02:43:56] [88/326] CMEH
[02:43:57] [89/326] GGGV
[02:43:58] [90/326] SPJL
[02:43:58] 🔄 Identity reset
[02:43:58] 🔄 Identity rotated (every 10 requests)
[02:43:59] [91/326] RCCD
[02:44:00] [92/326] STTZ
[02:44:00] [93/326] BTCF
[02:44:01] [94/326] TSTZ
[02:44:02] [95/326] IPMM
[02:44:03] [96/326] PMPW
[02:44:05] [97/326] PCMZ
[02:44:06] [98/326] ESEM
[02:44:07] [99/326] PIPO
[02:44:07] [100/326] MATK
[02:44:08] 🔄 Identity reset
[02:44:08] 🔄 Identity rotated (every 10 requests)
[02:44:08] [101/326] PGHM
[02:44:09] [102/326] CTSR
[02:44:10] [103/326] CYKR
[02:44:11] [104/326] MSCM
[02:44:12] [105/326] RFNP
[02:44:13] [106/326] PDCP
[02:44:14] [107/326] NPSE
[02:44:15] [108/326] MKML
[02:44:16] [109/326] FTDP
[02:44:17] [110/326] MMXA
[02:44:18] 🔄 Identity reset
[02:44:18] 🔄 Identity rotated (every 10 requests)
[02:44:19] [111/326] CEPO
[02:44:20] [112/326] CMVP
[02:44:21] [113/326] SGTH
[02:44:22] [114/326] SAYN
[02:44:23] [115/326] URVS
[02:44:24] [116/326] VJTN
[02:44:25] [117/326] BBYK
[02:44:26] [118/326] SHBO
[02:44:26] [119/326] VCMR
[02:44:27] [120/326] MACT
[02:44:28] 🔄 Identity reset
[02:44:28] 🔄 Identity rotated (every 10 requests)
[02:44:28] [121/326] JMNP
[02:44:29] [122/326] VICS
[02:44:30] [123/326] VCDA
[02:44:31] [124/326] GCMM
[02:44:32] [125/326] INVS
[02:44:33] [126/326] SCGM
[02:44:34] [127/326] PCDA
[02:44:34] [128/326] KDCT
[02:44:35] [129/326] JACS
[02:44:36] [130/326] GMMC
[02:44:37] 🔄 Identity reset
[02:44:37] 🔄 Identity rotated (every 10 requests)
[02:44:38] [131/326] AICM
[02:44:39] [132/326] TJCM
[02:44:40] [133/326] RMTI
[02:44:41] [134/326] SHAC
[02:44:41] [135/326] APJC
[02:44:42] [136/326] GCTG
[02:44:43] [137/326] SSMC
[02:44:44] [138/326] THRM
[02:44:45] [139/326] RBCT
[02:44:47] [140/326] DIKT
[02:44:47] 🔄 Identity reset
[02:44:47] 🔄 Identity rotated (every 10 requests)
[02:44:49] [141/326] MIDL
[02:44:50] [142/326] VCSN
[02:44:50] [143/326] SKTG
[02:44:52] [144/326] SMWC
[02:44:53] [145/326] MNKH
[02:44:55] [146/326] PIAT
[02:44:56] [147/326] LTTP
[02:44:57] [148/326] PTPU
[02:44:58] [149/326] ACMG
[02:44:59] [150/326] SHMM
[02:45:00] 🔄 Identity reset
[02:45:00] 🔄 Identity rotated (every 10 requests)
[02:45:00] [151/326] MCMN
[02:45:01] [152/326] GLDC
[02:45:02] [153/326] HOUT
[02:45:03] [154/326] SVRP
[02:45:04] [155/326] PVDN
[02:45:05] [156/326] SCPY
[02:45:06] [157/326] DTPY
[02:45:07] [158/326] GKCS
[02:45:09] [159/326] NCAM
[02:45:10] [160/326] BSRM
[02:45:10] 🔄 Identity reset
[02:45:10] 🔄 Identity rotated (every 10 requests)
[02:45:11] [161/326] RCLC
[02:45:12] [162/326] SKKD
[02:45:12] [163/326] ACHU
[02:45:13] [164/326] RSCF
[02:45:14] [165/326] IMSH
[02:45:16] [166/326] MACX
[02:45:17] [167/326] HMMW
[02:45:18] [168/326] JTCP
[02:45:19] [169/326] SREN
[02:45:20] [170/326] PJRR
[02:45:20] 🔄 Identity reset
[02:45:20] 🔄 Identity rotated (every 10 requests)
[02:45:22] [171/326] INAC
[02:45:23] [172/326] BMCA
[02:45:24] [173/326] SHCB
[02:45:25] [174/326] GABA
[02:45:25] [175/326] SBCT
[02:45:26] [176/326] GCMA
[02:45:27] [177/326] MYTK
[02:45:28] [178/326] INZS
[02:45:29] [179/326] RMIK
[02:45:30] [180/326] NYCH
[02:45:31] 🔄 Identity reset
[02:45:31] 🔄 Identity rotated (every 10 requests)
[02:45:31] [181/326] RAVE
[02:45:32] [182/326] PSXM
[02:45:33] [183/326] MCGP
[02:45:34] [184/326] PDDK
[02:45:35] [185/326] SPCK
[02:45:36] [186/326] MCRL
[02:45:38] [187/326] MHKT
[02:45:39] [188/326] ANRR
[02:45:40] [189/326] SAPK
[02:45:41] [190/326] NCUK
[02:45:41] 🔄 Identity reset
[02:45:41] 🔄 Identity rotated (every 10 requests)
[02:45:42] [191/326] JUGA
[02:45:43] [192/326] DBSC
[02:45:44] [193/326] LALK
[02:45:45] [194/326] GUCK
[02:45:46] [195/326] STSG
[02:45:47] [196/326] PPPZ
[02:45:48] [197/326] CNCY
[02:45:49] [198/326] MTAR
[02:45:50] [199/326] VNKD
[02:45:51] [200/326] KMAJ
[02:45:51] 🔄 Identity reset
[02:45:51] 🔄 Identity rotated (every 10 requests)
[02:45:52] [201/326] ACXK
[02:45:53] [202/326] UTKC
[02:45:54] [203/326] PBLK
[02:45:56] [204/326] ACBX
[02:45:57] [205/326] PTGM
[02:45:57] [206/326] BTDA
[02:45:58] [207/326] PJMB
[02:45:59] [208/326] TPDA
[02:46:00] [209/326] AMOE
[02:46:01] [210/326] PRHT
[02:46:01] 🔄 Identity reset
[02:46:01] 🔄 Identity rotated (every 10 requests)
[02:46:02] [211/326] PRTA
[02:46:03] [212/326] STAM
[02:46:04] [213/326] MSAA
[02:46:05] [214/326] SDLU
[02:46:06] [215/326] RCHH
[02:46:07] [216/326] KANT
[02:46:08] [217/326] FCRT
[02:46:08] [218/326] DNKM
[02:46:09] [219/326] RYCP
[02:46:10] [220/326] MYRP
[02:46:11] 🔄 Identity reset
[02:46:11] 🔄 Identity rotated (every 10 requests)
[02:46:12] [221/326] PPAK
[02:46:13] [222/326] NVPK
[02:46:14] [223/326] PRMC
[02:46:15] [224/326] JBCS
[02:46:15] [225/326] GXCK
[02:46:16] [226/326] USKO
[02:46:17] [227/326] GTEM
[02:46:18] [228/326] SMBU
[02:46:19] [229/326] VETC
[02:46:20] [230/326] LCDA
[02:46:21] 🔄 Identity reset
[02:46:21] 🔄 Identity rotated (every 10 requests)
[02:46:21] [231/326] MTVT
[02:46:22] [232/326] PYCP
[02:46:23] [233/326] PNSC
[02:46:24] [234/326] PPCC
[02:46:25] [235/326] TGRT
[02:46:26] [236/326] JYOT
[02:46:27] [237/326] SRCZ
[02:46:28] [238/326] SJTE
[02:46:30] [239/326] DESC
[02:46:31] [240/326] JHVN
[02:46:32] 🔄 Identity reset
[02:46:32] 🔄 Identity rotated (every 10 requests)
[02:46:32] [241/326] IPSG
[02:46:33] [242/326] IPCM
[02:46:34] [243/326] PDRS
[02:46:35] [244/326] ANCV
[02:46:36] [245/326] CMVV
[02:46:37] [246/326] SHYP
[02:46:38] [247/326] DNCS
[02:46:39] [248/326] GAJK
[02:46:40] [249/326] AKTN
[02:46:41] [250/326] KAYA
[02:46:41] 🔄 Identity reset
[02:46:41] 🔄 Identity rotated (every 10 requests)
[02:46:42] [251/326] SBRC
[02:46:43] [252/326] CHTP
[02:46:43] [253/326] SHRT
[02:46:44] [254/326] BCKU
[02:46:45] [255/326] FCPS
[02:46:47] [256/326] ARDD
[02:46:48] [257/326] CPCM
[02:46:49] [258/326] CGSM
[02:46:50] [259/326] PSMP
[02:46:51] [260/326] SDAL
[02:46:51] 🔄 Identity reset
[02:46:51] 🔄 Identity rotated (every 10 requests)
[02:46:52] [261/326] RTNB
[02:46:53] [262/326] LMCR
[02:46:54] [263/326] CIMA
[02:46:55] [264/326] RNAS
[02:46:56] [265/326] LITH
[02:46:58] [266/326] PBOX
[02:46:59] [267/326] FRTS
[02:47:00] [268/326] RKIC
[02:47:01] [269/326] PTAI
[02:47:02] [270/326] GCIC
[02:47:03] 🔄 Identity reset
[02:47:03] 🔄 Identity rotated (every 10 requests)
[02:47:03] [271/326] FNAS
[02:47:04] [272/326] SCAR
[02:47:05] [273/326] MTCA
[02:47:06] [274/326] SCTS
[02:47:07] [275/326] SYCS
[02:47:08] [276/326] RDMS
[02:47:09] [277/326] KAMP
[02:47:10] [278/326] ERSD
[02:47:11] [279/326] MJMJ
[02:47:12] [280/326] SRCJ
[02:47:12] 🔄 Identity reset
[02:47:12] 🔄 Identity rotated (every 10 requests)
[02:47:13] [281/326] SCXE
[02:47:13] [282/326] SVFR
[02:47:14] [283/326] BHCS
[02:47:15] [284/326] IMCC
[02:47:16] [285/326] PCBO
[02:47:17] [286/326] PRVN
[02:47:18] [287/326] AUPM
[02:47:19] [288/326] INBW
[02:47:20] [289/326] SVCW
[02:47:21] [290/326] RKCF
[02:47:22] 🔄 Identity reset
[02:47:22] 🔄 Identity rotated (every 10 requests)
[02:47:22] [291/326] UVBH
[02:47:23] [292/326] DNCY
[02:47:24] [293/326] ABCN
[02:47:25] [294/326] PRUR
[02:47:26] [295/326] PFMR
[02:47:27] [296/326] RKCN
[02:47:28] [297/326] CFEA
[02:47:29] [298/326] SDBG
[02:47:30] [299/326] SNAR
[02:47:31] [300/326] YISI
[02:47:32] 🔄 Identity reset
[02:47:32] 🔄 Identity rotated (every 10 requests)
[02:47:32] [301/326] JCFF
[02:47:33] [302/326] VTRK
[02:47:34] [303/326] PCLZ
[02:47:35] [304/326] DIMY
[02:47:36] [305/326] BBTS
[02:47:36] [306/326] GATH
[02:47:38] [307/326] GTMN
[02:47:38] [308/326] VTMH
[02:47:39] [309/326] CCKP
[02:47:40] [310/326] GPKA
[02:47:41] 🔄 Identity reset
[02:47:41] 🔄 Identity rotated (every 10 requests)
[02:47:41] [311/326] MHCL
[02:47:42] [312/326] ATCL
[02:47:44] [313/326] SBCK
[02:47:45] [314/326] AMMR
[02:47:46] [315/326] MADC
[02:47:47] [316/326] TMMA
[02:47:48] [317/326] CACC
[02:47:49] [318/326] CHAL
[02:47:50] [319/326] DURG
[02:47:51] [320/326] GMKU
[02:47:52] 🔄 Identity reset
[02:47:52] 🔄 Identity rotated (every 10 requests)
[02:47:52] [321/326] GECA
[02:47:53] [322/326] KYRR
[02:47:54] [323/326] KSDE
[02:47:55] [324/326] LMCI
[02:47:55] [325/326] NKCP
[02:47:57] [326/326] BGTC
[02:47:58] 🧹 Deduping shows
[02:47:58] ✅ DONE | Shows=784 | Movies=28
[05:47:24] 🚀 SCRIPT STARTED (enhanced anti‑detection)
[05:47:24] [1/326] BSAT
[05:47:25] 🧠 New identity created
[05:47:25] [2/326] RSSM
[05:47:26] [3/326] GCTA
[05:47:28] [4/326] TOPN
[05:47:29] [5/326] MCUS
[05:47:30] [6/326] SHRL
[05:47:31] [7/326] UPTP
[05:47:31] [8/326] TMMP
[05:47:32] [9/326] DNRP
[05:47:33] [10/326] SRLT
[05:47:34] 🔄 Identity reset
[05:47:34] 🔄 Identity rotated (every 10 requests)
[05:47:34] [11/326] RCNS
[05:47:35] [12/326] DCBH
[05:47:36] [13/326] NAGJ
[05:47:37] [14/326] JVRC
[05:47:38] [15/326] KRJG
[05:47:39] [16/326] SRTJ
[05:47:40] [17/326] CMXM
[05:47:40] [18/326] STMI
[05:47:41] [19/326] SLST
[05:47:42] [20/326] DTCN
[05:47:43] 🔄 Identity reset
[05:47:43] 🔄 Identity rotated (every 10 requests)
[05:47:43] [21/326] STYN
[05:47:44] [22/326] SZVR
[05:47:45] [23/326] SRKO
[05:47:46] [24/326] JTGT
[05:47:47] [25/326] SVFD
[05:47:48] [26/326] SISD
[05:47:50] [27/326] ABDD
[05:47:51] [28/326] DRCA
[05:47:51] [29/326] AVCS
[05:47:52] [30/326] MVKH
[05:47:53] 🔄 Identity reset
[05:47:53] 🔄 Identity rotated (every 10 requests)
[05:47:53] [31/326] ACPR
[05:47:55] [32/326] STIP
[05:47:56] [33/326] MTRA
[05:47:57] [34/326] RMKH
[05:47:59] [35/326] NKRL
[05:48:00] [36/326] PCWN
[05:48:01] [37/326] BLMT
[05:48:02] [38/326] GDPG
[05:48:03] [39/326] SRMX
[05:48:04] [40/326] JACP
[05:48:04] 🔄 Identity reset
[05:48:04] 🔄 Identity rotated (every 10 requests)
[05:48:06] [41/326] CPSH
[05:48:07] [42/326] MCCD
[05:48:08] [43/326] ECGH
[05:48:10] [44/326] MKCK
[05:48:11] [45/326] SRMM
[05:48:12] [46/326] SKYR
[05:48:13] [47/326] PCKC
[05:48:14] [48/326] JCMA
[05:48:14] [49/326] BSMP
[05:48:16] [50/326] VSPA
[05:48:16] 🔄 Identity reset
[05:48:16] 🔄 Identity rotated (every 10 requests)
[05:48:17] [51/326] DJYA
[05:48:18] [52/326] DIMP
[05:48:19] [53/326] FXDR
[05:48:19] [54/326] SSRC
[05:48:20] [55/326] STHP
[05:48:21] [56/326] CPPD
[05:48:22] [57/326] FCLK
[05:48:24] [58/326] SCPP
[05:48:25] [59/326] DCMJ
[05:48:25] [60/326] RCCR
[05:48:26] 🔄 Identity reset
[05:48:26] 🔄 Identity rotated (every 10 requests)
[05:48:27] [61/326] INMT
[05:48:28] [62/326] LXTK
[05:48:29] [63/326] SRYK
[05:48:30] [64/326] SGDK
[05:48:31] [65/326] PPKA
[05:48:32] [66/326] SPKA
[05:48:32] [67/326] CGHH
[05:48:33] [68/326] DCJN
[05:48:34] [69/326] SRKV
[05:48:35] [70/326] SAJC
[05:48:36] 🔄 Identity reset
[05:48:36] 🔄 Identity rotated (every 10 requests)
[05:48:37] [71/326] SUSR
[05:48:38] [72/326] STYG
[05:48:39] [73/326] NTKP
[05:48:40] [74/326] AKTG
[05:48:41] [75/326] CGCM
[05:48:43] [76/326] TULC
[05:48:45] [77/326] NYYZ
[05:48:45] [78/326] NYBW
[05:48:46] [79/326] MACB
[05:48:47] [80/326] SLVT
[05:48:48] 🔄 Identity reset
[05:48:48] 🔄 Identity rotated (every 10 requests)
[05:48:49] [81/326] SANA
[05:48:50] [82/326] ACMR
[05:48:51] [83/326] CPKN
[05:48:52] [84/326] DLGK
[05:48:53] [85/326] CWCK
[05:48:55] [86/326] FDDH
[05:48:55] [87/326] MMMD
[05:48:56] [88/326] CMEH
[05:48:58] [89/326] GGGV
[05:48:59] [90/326] SPJL
[05:49:00] 🔄 Identity reset
[05:49:00] 🔄 Identity rotated (every 10 requests)
[05:49:00] [91/326] RCCD
[05:49:01] [92/326] STTZ
[05:49:02] [93/326] BTCF
[05:49:03] [94/326] TSTZ
[05:49:04] [95/326] IPMM
[05:49:05] [96/326] PMPW
[05:49:06] [97/326] PCMZ
[05:49:07] [98/326] ESEM
[05:49:08] [99/326] PIPO
[05:49:09] [100/326] MATK
[05:49:09] 🔄 Identity reset
[05:49:09] 🔄 Identity rotated (every 10 requests)
[05:49:10] [101/326] PGHM
[05:49:11] [102/326] CTSR
[05:49:12] [103/326] CYKR
[05:49:13] [104/326] MSCM
[05:49:14] [105/326] RFNP
[05:49:15] [106/326] PDCP
[05:49:16] [107/326] NPSE
[05:49:16] [108/326] MKML
[05:49:18] [109/326] FTDP
[05:49:19] [110/326] MMXA
[05:49:20] 🔄 Identity reset
[05:49:20] 🔄 Identity rotated (every 10 requests)
[05:49:21] [111/326] CEPO
[05:49:22] [112/326] CMVP
[05:49:23] [113/326] SGTH
[05:49:24] [114/326] SAYN
[05:49:25] [115/326] URVS
[05:49:26] [116/326] VJTN
[05:49:27] [117/326] BBYK
[05:49:28] [118/326] SHBO
[05:49:29] [119/326] VCMR
[05:49:30] [120/326] MACT
[05:49:31] 🔄 Identity reset
[05:49:31] 🔄 Identity rotated (every 10 requests)
[05:49:31] [121/326] JMNP
[05:49:32] [122/326] VICS
[05:49:34] [123/326] VCDA
[05:49:36] [124/326] GCMM
[05:49:37] [125/326] INVS
[05:49:38] [126/326] SCGM
[05:49:39] [127/326] PCDA
[05:49:40] [128/326] KDCT
[05:49:41] [129/326] JACS
[05:49:42] [130/326] GMMC
[05:49:42] 🔄 Identity reset
[05:49:42] 🔄 Identity rotated (every 10 requests)
[05:49:43] [131/326] AICM
[05:49:43] [132/326] TJCM
[05:49:44] [133/326] RMTI
[05:49:45] [134/326] SHAC
[05:49:46] [135/326] APJC
[05:49:47] [136/326] GCTG
[05:49:49] [137/326] SSMC
[05:49:50] [138/326] THRM
[05:49:51] [139/326] RBCT
[05:49:52] [140/326] DIKT
[05:49:52] 🔄 Identity reset
[05:49:52] 🔄 Identity rotated (every 10 requests)
[05:49:53] [141/326] MIDL
[05:49:54] [142/326] VCSN
[05:49:55] [143/326] SKTG
[05:49:57] [144/326] SMWC
[05:49:58] [145/326] MNKH
[05:49:59] [146/326] PIAT
[05:50:00] [147/326] LTTP
[05:50:00] [148/326] PTPU
[05:50:01] [149/326] ACMG
[05:50:02] [150/326] SHMM
[05:50:03] 🔄 Identity reset
[05:50:03] 🔄 Identity rotated (every 10 requests)
[05:50:03] [151/326] MCMN
[05:50:04] [152/326] GLDC
[05:50:05] [153/326] HOUT
[05:50:06] [154/326] SVRP
[05:50:07] [155/326] PVDN
[05:50:07] [156/326] SCPY
[05:50:09] [157/326] DTPY
[05:50:10] [158/326] GKCS
[05:50:11] [159/326] NCAM
[05:50:12] [160/326] BSRM
[05:50:13] 🔄 Identity reset
[05:50:13] 🔄 Identity rotated (every 10 requests)
[05:50:13] [161/326] RCLC
[05:50:14] [162/326] SKKD
[05:50:15] [163/326] ACHU
[05:50:16] [164/326] RSCF
[05:50:17] [165/326] IMSH
[05:50:18] [166/326] MACX
[05:50:19] [167/326] HMMW
[05:50:19] [168/326] JTCP
[05:50:20] [169/326] SREN
[05:50:21] [170/326] PJRR
[05:50:22] 🔄 Identity reset
[05:50:22] 🔄 Identity rotated (every 10 requests)
[05:50:22] [171/326] INAC
[05:50:23] [172/326] BMCA
[05:50:24] [173/326] SHCB
[05:50:25] [174/326] GABA
[05:50:26] [175/326] SBCT
[05:50:27] [176/326] GCMA
[05:50:28] [177/326] MYTK
[05:50:29] [178/326] INZS
[05:50:30] [179/326] RMIK
[05:50:30] [180/326] NYCH
[05:50:31] 🔄 Identity reset
[05:50:31] 🔄 Identity rotated (every 10 requests)
[05:50:32] [181/326] RAVE
[05:50:33] [182/326] PSXM
[05:50:35] [183/326] MCGP
[05:50:36] [184/326] PDDK
[05:50:37] [185/326] SPCK
[05:50:37] [186/326] MCRL
[05:50:39] [187/326] MHKT
[05:50:40] [188/326] ANRR
[05:50:41] [189/326] SAPK
[05:50:43] [190/326] NCUK
[05:50:43] 🔄 Identity reset
[05:50:43] 🔄 Identity rotated (every 10 requests)
[05:50:45] [191/326] JUGA
[05:50:45] [192/326] DBSC
[05:50:46] [193/326] LALK
[05:50:47] [194/326] GUCK
[05:50:48] [195/326] STSG
[05:50:50] [196/326] PPPZ
[05:50:51] [197/326] CNCY
[05:50:52] [198/326] MTAR
[05:50:53] [199/326] VNKD
[05:50:53] [200/326] KMAJ
[05:50:54] 🔄 Identity reset
[05:50:54] 🔄 Identity rotated (every 10 requests)
[05:50:54] [201/326] ACXK
[05:50:55] [202/326] UTKC
[05:50:56] [203/326] PBLK
[05:50:57] [204/326] ACBX
[05:50:58] [205/326] PTGM
[05:50:59] [206/326] BTDA
[05:51:00] [207/326] PJMB
[05:51:00] [208/326] TPDA
[05:51:01] [209/326] AMOE
[05:51:02] [210/326] PRHT
[05:51:03] 🔄 Identity reset
[05:51:03] 🔄 Identity rotated (every 10 requests)
[05:51:03] [211/326] PRTA
[05:51:04] [212/326] STAM
[05:51:05] [213/326] MSAA
[05:51:06] [214/326] SDLU
[05:51:07] [215/326] RCHH
[05:51:08] [216/326] KANT
[05:51:09] [217/326] FCRT
[05:51:10] [218/326] DNKM
[05:51:11] [219/326] RYCP
[05:51:12] [220/326] MYRP
[05:51:13] 🔄 Identity reset
[05:51:13] 🔄 Identity rotated (every 10 requests)
[05:51:13] [221/326] PPAK
[05:51:14] [222/326] NVPK
[05:51:16] [223/326] PRMC
[05:51:17] [224/326] JBCS
[05:51:18] [225/326] GXCK
[05:51:19] [226/326] USKO
[05:51:20] [227/326] GTEM
[05:51:22] [228/326] SMBU
[05:51:23] [229/326] VETC
[05:51:24] [230/326] LCDA
[05:51:25] 🔄 Identity reset
[05:51:25] 🔄 Identity rotated (every 10 requests)
[05:51:25] [231/326] MTVT
[05:51:26] [232/326] PYCP
[05:51:27] [233/326] PNSC
[05:51:28] [234/326] PPCC
[05:51:29] [235/326] TGRT
[05:51:30] [236/326] JYOT
[05:51:31] [237/326] SRCZ
[05:51:31] [238/326] SJTE
[05:51:32] [239/326] DESC
[05:51:34] [240/326] JHVN
[05:51:35] 🔄 Identity reset
[05:51:35] 🔄 Identity rotated (every 10 requests)
[05:51:35] [241/326] IPSG
[05:51:36] [242/326] IPCM
[05:51:37] [243/326] PDRS
[05:51:38] [244/326] ANCV
[05:51:39] [245/326] CMVV
[05:51:40] [246/326] SHYP
[05:51:41] [247/326] DNCS
[05:51:42] [248/326] GAJK
[05:51:43] [249/326] AKTN
[05:51:44] [250/326] KAYA
[05:51:45] 🔄 Identity reset
[05:51:45] 🔄 Identity rotated (every 10 requests)
[05:51:46] [251/326] SBRC
[05:51:47] [252/326] CHTP
[05:51:48] [253/326] SHRT
[05:51:49] [254/326] BCKU
[05:51:50] [255/326] FCPS
[05:51:51] [256/326] ARDD
[05:51:52] [257/326] CPCM
[05:51:53] [258/326] CGSM
[05:51:55] [259/326] PSMP
[05:51:55] [260/326] SDAL
[05:51:56] 🔄 Identity reset
[05:51:56] 🔄 Identity rotated (every 10 requests)
[05:51:56] [261/326] RTNB
[05:51:58] [262/326] LMCR
[05:51:59] [263/326] CIMA
[05:51:59] [264/326] RNAS
[05:52:00] [265/326] LITH
[05:52:02] [266/326] PBOX
[05:52:03] [267/326] FRTS
[05:52:04] [268/326] RKIC
[05:52:05] [269/326] PTAI
[05:52:07] [270/326] GCIC
[05:52:07] 🔄 Identity reset
[05:52:07] 🔄 Identity rotated (every 10 requests)
[05:52:09] [271/326] FNAS
[05:52:10] [272/326] SCAR
[05:52:11] [273/326] MTCA
[05:52:12] [274/326] SCTS
[05:52:13] [275/326] SYCS
[05:52:14] [276/326] RDMS
[05:52:15] [277/326] KAMP
[05:52:16] [278/326] ERSD
[05:52:17] [279/326] MJMJ
[05:52:18] [280/326] SRCJ
[05:52:19] 🔄 Identity reset
[05:52:19] 🔄 Identity rotated (every 10 requests)
[05:52:20] [281/326] SCXE
[05:52:21] [282/326] SVFR
[05:52:22] [283/326] BHCS
[05:52:23] [284/326] IMCC
[05:52:24] [285/326] PCBO
[05:52:25] [286/326] PRVN
[05:52:26] [287/326] AUPM
[05:52:27] [288/326] INBW
[05:52:28] [289/326] SVCW
[05:52:29] [290/326] RKCF
[05:52:29] 🔄 Identity reset
[05:52:29] 🔄 Identity rotated (every 10 requests)
[05:52:30] [291/326] UVBH
[05:52:31] [292/326] DNCY
[05:52:32] [293/326] ABCN
[05:52:33] [294/326] PRUR
[05:52:34] [295/326] PFMR
[05:52:34] [296/326] RKCN
[05:52:36] [297/326] CFEA
[05:52:36] [298/326] SDBG
[05:52:37] [299/326] SNAR
[05:52:38] [300/326] YISI
[05:52:39] 🔄 Identity reset
[05:52:39] 🔄 Identity rotated (every 10 requests)
[05:52:39] [301/326] JCFF
[05:52:40] [302/326] VTRK
[05:52:41] [303/326] PCLZ
[05:52:42] [304/326] DIMY
[05:52:43] [305/326] BBTS
[05:52:44] [306/326] GATH
[05:52:46] [307/326] GTMN
[05:52:47] [308/326] VTMH
[05:52:48] [309/326] CCKP
[05:52:49] [310/326] GPKA
[05:52:50] 🔄 Identity reset
[05:52:50] 🔄 Identity rotated (every 10 requests)
[05:52:50] [311/326] MHCL
[05:52:51] [312/326] ATCL
[05:52:52] [313/326] SBCK
[05:52:54] [314/326] AMMR
[05:52:55] [315/326] MADC
[05:52:56] [316/326] TMMA
[05:52:57] [317/326] CACC
[05:52:59] [318/326] CHAL
[05:53:00] [319/326] DURG
[05:53:02] [320/326] GMKU
[05:53:03] 🔄 Identity reset
[05:53:03] 🔄 Identity rotated (every 10 requests)
[05:53:03] [321/326] GECA
[05:53:04] [322/326] KYRR
[05:53:05] [323/326] KSDE
[05:53:06] [324/326] LMCI
[05:53:07] [325/326] NKCP
[05:53:08] [326/326] BGTC
[05:53:09] 🧹 Deduping shows
[05:53:09] ✅ DONE | Shows=784 | Movies=28
[08:30:09] 🚀 SCRIPT STARTED (enhanced anti‑detection)
[08:30:09] [1/326] BSAT
[08:30:09] 🧠 New identity created
[08:30:09] [2/326] RSSM
[08:30:10] [3/326] GCTA
[08:30:12] [4/326] TOPN
[08:30:13] [5/326] MCUS
[08:30:13] [6/326] SHRL
[08:30:14] [7/326] UPTP
[08:30:15] [8/326] TMMP
[08:30:16] [9/326] DNRP
[08:30:17] [10/326] SRLT
[08:30:17] 🔄 Identity reset
[08:30:17] 🔄 Identity rotated (every 10 requests)
[08:30:18] [11/326] RCNS
[08:30:18] [12/326] DCBH
[08:30:19] [13/326] NAGJ
[08:30:20] [14/326] JVRC
[08:30:21] [15/326] KRJG
[08:30:22] [16/326] SRTJ
[08:30:23] [17/326] CMXM
[08:30:24] [18/326] STMI
[08:30:25] [19/326] SLST
[08:30:26] [20/326] DTCN
[08:30:26] 🔄 Identity reset
[08:30:26] 🔄 Identity rotated (every 10 requests)
[08:30:27] [21/326] STYN
[08:30:28] [22/326] SZVR
[08:30:29] [23/326] SRKO
[08:30:30] [24/326] JTGT
[08:30:31] [25/326] SVFD
[08:30:32] [26/326] SISD
[08:30:33] [27/326] ABDD
[08:30:34] [28/326] DRCA
[08:30:35] [29/326] AVCS
[08:30:36] [30/326] MVKH
[08:30:36] 🔄 Identity reset
[08:30:36] 🔄 Identity rotated (every 10 requests)
[08:30:37] [31/326] ACPR
[08:30:37] [32/326] STIP
[08:30:38] [33/326] MTRA
[08:30:39] [34/326] RMKH
[08:30:40] [35/326] NKRL
[08:30:41] [36/326] PCWN
[08:30:42] [37/326] BLMT
[08:30:42] [38/326] GDPG
[08:30:43] [39/326] SRMX
[08:30:44] [40/326] JACP
[08:30:45] 🔄 Identity reset
[08:30:45] 🔄 Identity rotated (every 10 requests)
[08:30:45] [41/326] CPSH
[08:30:46] [42/326] MCCD
[08:30:47] [43/326] ECGH
[08:30:48] [44/326] MKCK
[08:30:49] [45/326] SRMM
[08:30:49] [46/326] SKYR
[08:30:50] [47/326] PCKC
[08:30:51] [48/326] JCMA
[08:30:51] [49/326] BSMP
[08:30:52] [50/326] VSPA
[08:30:53] 🔄 Identity reset
[08:30:53] 🔄 Identity rotated (every 10 requests)
[08:30:53] [51/326] DJYA
[08:30:54] [52/326] DIMP
[08:30:55] [53/326] FXDR
[08:30:55] [54/326] SSRC
[08:30:56] [55/326] STHP
[08:30:57] [56/326] CPPD
[08:30:58] [57/326] FCLK
[08:30:59] [58/326] SCPP
[08:31:00] [59/326] DCMJ
[08:31:01] [60/326] RCCR
[08:31:02] 🔄 Identity reset
[08:31:02] 🔄 Identity rotated (every 10 requests)
[08:31:02] [61/326] INMT
[08:31:03] [62/326] LXTK
[08:31:04] [63/326] SRYK
[08:31:05] [64/326] SGDK
[08:31:05] [65/326] PPKA
[08:31:06] [66/326] SPKA
[08:31:07] [67/326] CGHH
[08:31:08] [68/326] DCJN
[08:31:09] [69/326] SRKV
[08:31:10] [70/326] SAJC
[08:31:10] 🔄 Identity reset
[08:31:10] 🔄 Identity rotated (every 10 requests)
[08:31:11] [71/326] SUSR
[08:31:12] [72/326] STYG
[08:31:13] [73/326] NTKP
[08:31:13] [74/326] AKTG
[08:31:14] [75/326] CGCM
[08:31:15] [76/326] TULC
[08:31:16] [77/326] NYYZ
[08:31:16] [78/326] NYBW
[08:31:17] [79/326] MACB
[08:31:18] [80/326] SLVT
[08:31:19] 🔄 Identity reset
[08:31:19] 🔄 Identity rotated (every 10 requests)
[08:31:19] [81/326] SANA
[08:31:20] [82/326] ACMR
[08:31:20] [83/326] CPKN
[08:31:21] [84/326] DLGK
[08:31:22] [85/326] CWCK
[08:31:22] [86/326] FDDH
[08:31:23] [87/326] MMMD
[08:31:24] [88/326] CMEH
[08:31:25] [89/326] GGGV
[08:31:26] [90/326] SPJL
[08:31:27] 🔄 Identity reset
[08:31:27] 🔄 Identity rotated (every 10 requests)
[08:31:27] [91/326] RCCD
[08:31:28] [92/326] STTZ
[08:31:28] [93/326] BTCF
[08:31:29] [94/326] TSTZ
[08:31:30] [95/326] IPMM
[08:31:30] [96/326] PMPW
[08:31:31] [97/326] PCMZ
[08:31:32] [98/326] ESEM
[08:31:33] [99/326] PIPO
[08:31:34] [100/326] MATK
[08:31:34] 🔄 Identity reset
[08:31:34] 🔄 Identity rotated (every 10 requests)
[08:31:35] [101/326] PGHM
[08:31:36] [102/326] CTSR
[08:31:36] [103/326] CYKR
[08:31:37] [104/326] MSCM
[08:31:39] [105/326] RFNP
[08:31:39] [106/326] PDCP
[08:31:40] [107/326] NPSE
[08:31:41] [108/326] MKML
[08:31:42] [109/326] FTDP
[08:31:42] [110/326] MMXA
[08:31:43] 🔄 Identity reset
[08:31:43] 🔄 Identity rotated (every 10 requests)
[08:31:44] [111/326] CEPO
[08:31:44] [112/326] CMVP
[08:31:45] [113/326] SGTH
[08:31:46] [114/326] SAYN
[08:31:47] [115/326] URVS
[08:31:48] [116/326] VJTN
[08:31:49] [117/326] BBYK
[08:31:49] [118/326] SHBO
[08:31:50] [119/326] VCMR
[08:31:51] [120/326] MACT
[08:31:51] 🔄 Identity reset
[08:31:51] 🔄 Identity rotated (every 10 requests)
[08:31:52] [121/326] JMNP
[08:31:53] [122/326] VICS
[08:31:54] [123/326] VCDA
[08:31:54] [124/326] GCMM
[08:31:55] [125/326] INVS
[08:31:55] [126/326] SCGM
[08:31:56] [127/326] PCDA
[08:31:57] [128/326] KDCT
[08:31:59] [129/326] JACS
[08:32:00] [130/326] GMMC
[08:32:00] 🔄 Identity reset
[08:32:00] 🔄 Identity rotated (every 10 requests)
[08:32:00] [131/326] AICM
[08:32:01] [132/326] TJCM
[08:32:02] [133/326] RMTI
[08:32:03] [134/326] SHAC
[08:32:04] [135/326] APJC
[08:32:05] [136/326] GCTG
[08:32:05] [137/326] SSMC
[08:32:06] [138/326] THRM
[08:32:07] [139/326] RBCT
[08:32:08] [140/326] DIKT
[08:32:08] 🔄 Identity reset
[08:32:08] 🔄 Identity rotated (every 10 requests)
[08:32:09] [141/326] MIDL
[08:32:09] [142/326] VCSN
[08:32:10] [143/326] SKTG
[08:32:11] [144/326] SMWC
[08:32:12] [145/326] MNKH
[08:32:13] [146/326] PIAT
[08:32:14] [147/326] LTTP
[08:32:15] [148/326] PTPU
[08:32:16] [149/326] ACMG
[08:32:16] [150/326] SHMM
[08:32:17] 🔄 Identity reset
[08:32:17] 🔄 Identity rotated (every 10 requests)
[08:32:17] [151/326] MCMN
[08:32:18] [152/326] GLDC
[08:32:19] [153/326] HOUT
[08:32:20] [154/326] SVRP
[08:32:20] [155/326] PVDN
[08:32:22] [156/326] SCPY
[08:32:23] [157/326] DTPY
[08:32:23] [158/326] GKCS
[08:32:24] [159/326] NCAM
[08:32:25] [160/326] BSRM
[08:32:26] 🔄 Identity reset
[08:32:26] 🔄 Identity rotated (every 10 requests)
[08:32:26] [161/326] RCLC
[08:32:27] [162/326] SKKD
[08:32:28] [163/326] ACHU
[08:32:28] [164/326] RSCF
[08:32:29] [165/326] IMSH
[08:32:30] [166/326] MACX
[08:32:31] [167/326] HMMW
[08:32:32] [168/326] JTCP
[08:32:32] [169/326] SREN
[08:32:34] [170/326] PJRR
[08:32:34] 🔄 Identity reset
[08:32:35] 🔄 Identity rotated (every 10 requests)
[08:32:35] [171/326] INAC
[08:32:35] [172/326] BMCA
[08:32:37] [173/326] SHCB
[08:32:39] [174/326] GABA
[08:32:39] [175/326] SBCT
[08:32:40] [176/326] GCMA
[08:32:41] [177/326] MYTK
[08:32:42] [178/326] INZS
[08:32:42] [179/326] RMIK
[08:32:43] [180/326] NYCH
[08:32:44] 🔄 Identity reset
[08:32:44] 🔄 Identity rotated (every 10 requests)
[08:32:44] [181/326] RAVE
[08:32:45] [182/326] PSXM
[08:32:46] [183/326] MCGP
[08:32:46] [184/326] PDDK
[08:32:47] [185/326] SPCK
[08:32:48] [186/326] MCRL
[08:32:48] [187/326] MHKT
[08:32:49] [188/326] ANRR
[08:32:50] [189/326] SAPK
[08:32:51] [190/326] NCUK
[08:32:52] 🔄 Identity reset
[08:32:52] 🔄 Identity rotated (every 10 requests)
[08:32:53] [191/326] JUGA
[08:32:53] [192/326] DBSC
[08:32:54] [193/326] LALK
[08:32:55] [194/326] GUCK
[08:32:55] [195/326] STSG
[08:32:56] [196/326] PPPZ
[08:32:57] [197/326] CNCY
[08:32:57] [198/326] MTAR
[08:32:58] [199/326] VNKD
[08:32:59] [200/326] KMAJ
[08:32:59] 🔄 Identity reset
[08:32:59] 🔄 Identity rotated (every 10 requests)
[08:33:00] [201/326] ACXK
[08:33:00] [202/326] UTKC
[08:33:01] [203/326] PBLK
[08:33:02] [204/326] ACBX
[08:33:03] [205/326] PTGM
[08:33:04] [206/326] BTDA
[08:33:04] [207/326] PJMB
[08:33:05] [208/326] TPDA
[08:33:06] [209/326] AMOE
[08:33:07] [210/326] PRHT
[08:33:07] 🔄 Identity reset
[08:33:07] 🔄 Identity rotated (every 10 requests)
[08:33:08] [211/326] PRTA
[08:33:08] [212/326] STAM
[08:33:09] [213/326] MSAA
[08:33:10] [214/326] SDLU
[08:33:12] [215/326] RCHH
[08:33:12] [216/326] KANT
[08:33:13] [217/326] FCRT
[08:33:14] [218/326] DNKM
[08:33:14] [219/326] RYCP
[08:33:15] [220/326] MYRP
[08:33:16] 🔄 Identity reset
[08:33:16] 🔄 Identity rotated (every 10 requests)
[08:33:16] [221/326] PPAK
[08:33:17] [222/326] NVPK
[08:33:18] [223/326] PRMC
[08:33:18] [224/326] JBCS
[08:33:19] [225/326] GXCK
[08:33:20] [226/326] USKO
[08:33:21] [227/326] GTEM
[08:33:21] [228/326] SMBU
[08:33:22] [229/326] VETC
[08:33:23] [230/326] LCDA
[08:33:24] 🔄 Identity reset
[08:33:24] 🔄 Identity rotated (every 10 requests)
[08:33:24] [231/326] MTVT
[08:33:25] [232/326] PYCP
[08:33:26] [233/326] PNSC
[08:33:27] [234/326] PPCC
[08:33:27] [235/326] TGRT
[08:33:28] [236/326] JYOT
[08:33:29] [237/326] SRCZ
[08:33:30] [238/326] SJTE
[08:33:32] [239/326] DESC
[08:33:32] [240/326] JHVN
[08:33:33] 🔄 Identity reset
[08:33:33] 🔄 Identity rotated (every 10 requests)
[08:33:33] [241/326] IPSG
[08:33:34] [242/326] IPCM
[08:33:35] [243/326] PDRS
[08:33:35] [244/326] ANCV
[08:33:36] [245/326] CMVV
[08:33:37] [246/326] SHYP
[08:33:38] [247/326] DNCS
[08:33:38] [248/326] GAJK
[08:33:39] [249/326] AKTN
[08:33:40] [250/326] KAYA
[08:33:40] 🔄 Identity reset
[08:33:40] 🔄 Identity rotated (every 10 requests)
[08:33:40] [251/326] SBRC
[08:33:41] [252/326] CHTP
[08:33:42] [253/326] SHRT
[08:33:43] [254/326] BCKU
[08:33:43] [255/326] FCPS
[08:33:44] [256/326] ARDD
[08:33:44] [257/326] CPCM
[08:33:45] [258/326] CGSM
[08:33:46] [259/326] PSMP
[08:33:46] [260/326] SDAL
[08:33:47] 🔄 Identity reset
[08:33:47] 🔄 Identity rotated (every 10 requests)
[08:33:47] [261/326] RTNB
[08:33:48] [262/326] LMCR
[08:33:49] [263/326] CIMA
[08:33:50] [264/326] RNAS
[08:33:50] [265/326] LITH
[08:33:51] [266/326] PBOX
[08:33:52] [267/326] FRTS
[08:33:53] [268/326] RKIC
[08:33:54] [269/326] PTAI
[08:33:55] [270/326] GCIC
[08:33:55] 🔄 Identity reset
[08:33:55] 🔄 Identity rotated (every 10 requests)
[08:33:56] [271/326] FNAS
[08:33:56] [272/326] SCAR
[08:33:57] [273/326] MTCA
[08:33:58] [274/326] SCTS
[08:33:58] [275/326] SYCS
[08:33:59] [276/326] RDMS
[08:34:00] [277/326] KAMP
[08:34:00] [278/326] ERSD
[08:34:01] [279/326] MJMJ
[08:34:02] [280/326] SRCJ
[08:34:02] 🔄 Identity reset
[08:34:02] 🔄 Identity rotated (every 10 requests)
[08:34:03] [281/326] SCXE
[08:34:04] [282/326] SVFR
[08:34:05] [283/326] BHCS
[08:34:05] [284/326] IMCC
[08:34:06] [285/326] PCBO
[08:34:07] [286/326] PRVN
[08:34:08] [287/326] AUPM
[08:34:08] [288/326] INBW
[08:34:09] [289/326] SVCW
[08:34:11] [290/326] RKCF
[08:34:11] 🔄 Identity reset
[08:34:11] 🔄 Identity rotated (every 10 requests)
[08:34:11] [291/326] UVBH
[08:34:12] [292/326] DNCY
[08:34:13] [293/326] ABCN
[08:34:14] [294/326] PRUR
[08:34:14] [295/326] PFMR
[08:34:15] [296/326] RKCN
[08:34:15] [297/326] CFEA
[08:34:16] [298/326] SDBG
[08:34:17] [299/326] SNAR
[08:34:18] [300/326] YISI
[08:34:18] 🔄 Identity reset
[08:34:19] 🔄 Identity rotated (every 10 requests)
[08:34:19] [301/326] JCFF
[08:34:20] [302/326] VTRK
[08:34:20] [303/326] PCLZ
[08:34:21] [304/326] DIMY
[08:34:22] [305/326] BBTS
[08:34:23] [306/326] GATH
[08:34:23] [307/326] GTMN
[08:34:24] [308/326] VTMH
[08:34:25] [309/326] CCKP
[08:34:26] [310/326] GPKA
[08:34:26] 🔄 Identity reset
[08:34:26] 🔄 Identity rotated (every 10 requests)
[08:34:26] [311/326] MHCL
[08:34:27] [312/326] ATCL
[08:34:28] [313/326] SBCK
[08:34:28] [314/326] AMMR
[08:34:29] [315/326] MADC
[08:34:30] [316/326] TMMA
[08:34:31] [317/326] CACC
[08:34:32] [318/326] CHAL
[08:34:33] [319/326] DURG
[08:34:33] [320/326] GMKU
[08:34:34] 🔄 Identity reset
[08:34:34] 🔄 Identity rotated (every 10 requests)
[08:34:34] [321/326] GECA
[08:34:35] [322/326] KYRR
[08:34:35] [323/326] KSDE
[08:34:36] [324/326] LMCI
[08:34:37] [325/326] NKCP
[08:34:38] [326/326] BGTC
[08:34:39] 🧹 Deduping shows
[08:34:39] ✅ DONE | Shows=784 | Movies=28
[11:42:36] 🚀 SCRIPT STARTED (enhanced anti‑detection)
[11:42:36] [1/326] BSAT
[11:42:36] 🧠 New identity created
[11:42:37] [2/326] RSSM
[11:42:38] [3/326] GCTA
[11:42:39] [4/326] TOPN
[11:42:39] [5/326] MCUS
[11:42:40] [6/326] SHRL
[11:42:41] [7/326] UPTP
[11:42:42] [8/326] TMMP
[11:42:43] [9/326] DNRP
[11:42:45] [10/326] SRLT
[11:42:45] 🔄 Identity reset
[11:42:45] 🔄 Identity rotated (every 10 requests)
[11:42:46] [11/326] RCNS
[11:42:47] [12/326] DCBH
[11:42:48] [13/326] NAGJ
[11:42:49] [14/326] JVRC
[11:42:50] [15/326] KRJG
[11:42:51] [16/326] SRTJ
[11:42:52] [17/326] CMXM
[11:42:53] [18/326] STMI
[11:42:53] [19/326] SLST
[11:42:54] [20/326] DTCN
[11:42:55] 🔄 Identity reset
[11:42:55] 🔄 Identity rotated (every 10 requests)
[11:42:55] [21/326] STYN
[11:42:56] [22/326] SZVR
[11:42:57] [23/326] SRKO
[11:42:58] [24/326] JTGT
[11:42:59] [25/326] SVFD
[11:42:59] [26/326] SISD
[11:43:00] [27/326] ABDD
[11:43:01] [28/326] DRCA
[11:43:02] [29/326] AVCS
[11:43:03] [30/326] MVKH
[11:43:04] 🔄 Identity reset
[11:43:04] 🔄 Identity rotated (every 10 requests)
[11:43:05] [31/326] ACPR
[11:43:06] [32/326] STIP
[11:43:07] [33/326] MTRA
[11:43:08] [34/326] RMKH
[11:43:09] [35/326] NKRL
[11:43:10] [36/326] PCWN
[11:43:11] [37/326] BLMT
[11:43:12] [38/326] GDPG
[11:43:13] [39/326] SRMX
[11:43:13] [40/326] JACP
[11:43:14] 🔄 Identity reset
[11:43:14] 🔄 Identity rotated (every 10 requests)
[11:43:14] [41/326] CPSH
[11:43:15] [42/326] MCCD
[11:43:16] [43/326] ECGH
[11:43:17] [44/326] MKCK
[11:43:19] [45/326] SRMM
[11:43:20] [46/326] SKYR
[11:43:21] [47/326] PCKC
[11:43:22] [48/326] JCMA
[11:43:23] [49/326] BSMP
[11:43:24] [50/326] VSPA
[11:43:25] 🔄 Identity reset
[11:43:25] 🔄 Identity rotated (every 10 requests)
[11:43:25] [51/326] DJYA
[11:43:27] [52/326] DIMP
[11:43:28] [53/326] FXDR
[11:43:30] [54/326] SSRC
[11:43:31] [55/326] STHP
[11:43:31] [56/326] CPPD
[11:43:32] [57/326] FCLK
[11:43:33] [58/326] SCPP
[11:43:35] [59/326] DCMJ
[11:43:36] [60/326] RCCR
[11:43:36] 🔄 Identity reset
[11:43:36] 🔄 Identity rotated (every 10 requests)
[11:43:37] [61/326] INMT
[11:43:38] [62/326] LXTK
[11:43:38] [63/326] SRYK
[11:43:39] [64/326] SGDK
[11:43:40] [65/326] PPKA
[11:43:41] [66/326] SPKA
[11:43:43] [67/326] CGHH
[11:43:44] [68/326] DCJN
[11:43:45] [69/326] SRKV
[11:43:46] [70/326] SAJC
[11:43:46] 🔄 Identity reset
[11:43:46] 🔄 Identity rotated (every 10 requests)
[11:43:47] [71/326] SUSR
[11:43:48] [72/326] STYG
[11:43:48] [73/326] NTKP
[11:43:49] [74/326] AKTG
[11:43:50] [75/326] CGCM
[11:43:51] [76/326] TULC
[11:43:52] [77/326] NYYZ
[11:43:53] [78/326] NYBW
[11:43:54] [79/326] MACB
[11:43:54] [80/326] SLVT
[11:43:55] 🔄 Identity reset
[11:43:55] 🔄 Identity rotated (every 10 requests)
[11:43:55] [81/326] SANA
[11:43:57] [82/326] ACMR
[11:43:58] [83/326] CPKN
[11:43:59] [84/326] DLGK
[11:44:00] [85/326] CWCK
[11:44:02] [86/326] FDDH
[11:44:03] [87/326] MMMD
[11:44:03] [88/326] CMEH
[11:44:04] [89/326] GGGV
[11:44:05] [90/326] SPJL
[11:44:06] 🔄 Identity reset
[11:44:06] 🔄 Identity rotated (every 10 requests)
[11:44:07] [91/326] RCCD
[11:44:08] [92/326] STTZ
[11:44:09] [93/326] BTCF
[11:44:10] [94/326] TSTZ
[11:44:11] [95/326] IPMM
[11:44:12] [96/326] PMPW
[11:44:14] [97/326] PCMZ
[11:44:16] [98/326] ESEM
[11:44:17] [99/326] PIPO
[11:44:18] [100/326] MATK
[11:44:18] 🔄 Identity reset
[11:44:18] 🔄 Identity rotated (every 10 requests)
[11:44:18] [101/326] PGHM
[11:44:19] [102/326] CTSR
[11:44:20] [103/326] CYKR
[11:44:21] [104/326] MSCM
[11:44:22] [105/326] RFNP
[11:44:23] [106/326] PDCP
[11:44:24] [107/326] NPSE
[11:44:25] [108/326] MKML
[11:44:27] [109/326] FTDP
[11:44:28] [110/326] MMXA
[11:44:28] 🔄 Identity reset
[11:44:28] 🔄 Identity rotated (every 10 requests)
[11:44:28] [111/326] CEPO
[11:44:29] [112/326] CMVP
[11:44:30] [113/326] SGTH
[11:44:31] [114/326] SAYN
[11:44:32] [115/326] URVS
[11:44:33] [116/326] VJTN
[11:44:34] [117/326] BBYK
[11:44:35] [118/326] SHBO
[11:44:36] [119/326] VCMR
[11:44:37] [120/326] MACT
[11:44:37] 🔄 Identity reset
[11:44:37] 🔄 Identity rotated (every 10 requests)
[11:44:38] [121/326] JMNP
[11:44:38] [122/326] VICS
[11:44:39] [123/326] VCDA
[11:44:40] [124/326] GCMM
[11:44:41] [125/326] INVS
[11:44:42] [126/326] SCGM
[11:44:43] [127/326] PCDA
[11:44:44] [128/326] KDCT
[11:44:45] [129/326] JACS
[11:44:46] [130/326] GMMC
[11:44:46] 🔄 Identity reset
[11:44:46] 🔄 Identity rotated (every 10 requests)
[11:44:47] [131/326] AICM
[11:44:48] [132/326] TJCM
[11:44:49] [133/326] RMTI
[11:44:50] [134/326] SHAC
[11:44:51] [135/326] APJC
[11:44:52] [136/326] GCTG
[11:44:54] [137/326] SSMC
[11:44:54] [138/326] THRM
[11:44:55] [139/326] RBCT
[11:44:56] [140/326] DIKT
[11:44:57] 🔄 Identity reset
[11:44:57] 🔄 Identity rotated (every 10 requests)
[11:44:57] [141/326] MIDL
[11:44:58] [142/326] VCSN
[11:45:00] [143/326] SKTG
[11:45:01] [144/326] SMWC
[11:45:02] [145/326] MNKH
[11:45:04] [146/326] PIAT
[11:45:05] [147/326] LTTP
[11:45:05] [148/326] PTPU
[11:45:06] [149/326] ACMG
[11:45:07] [150/326] SHMM
[11:45:08] 🔄 Identity reset
[11:45:08] 🔄 Identity rotated (every 10 requests)
[11:45:08] [151/326] MCMN
[11:45:09] [152/326] GLDC
[11:45:10] [153/326] HOUT
[11:45:11] [154/326] SVRP
[11:45:12] [155/326] PVDN
[11:45:14] [156/326] SCPY
[11:45:15] [157/326] DTPY
[11:45:16] [158/326] GKCS
[11:45:17] [159/326] NCAM
[11:45:17] [160/326] BSRM
[11:45:18] 🔄 Identity reset
[11:45:18] 🔄 Identity rotated (every 10 requests)
[11:45:18] [161/326] RCLC
[11:45:20] [162/326] SKKD
[11:45:21] [163/326] ACHU
[11:45:22] [164/326] RSCF
[11:45:23] [165/326] IMSH
[11:45:25] [166/326] MACX
[11:45:25] [167/326] HMMW
[11:45:26] [168/326] JTCP
[11:45:27] [169/326] SREN
[11:45:28] [170/326] PJRR
[11:45:29] 🔄 Identity reset
[11:45:29] 🔄 Identity rotated (every 10 requests)
[11:45:29] [171/326] INAC
[11:45:30] [172/326] BMCA
[11:45:32] [173/326] SHCB
[11:45:33] [174/326] GABA
[11:45:34] [175/326] SBCT
[11:45:34] [176/326] GCMA
[11:45:35] [177/326] MYTK
[11:45:36] [178/326] INZS
[11:45:37] [179/326] RMIK
[11:45:38] [180/326] NYCH
[11:45:39] 🔄 Identity reset
[11:45:39] 🔄 Identity rotated (every 10 requests)
[11:45:39] [181/326] RAVE
[11:45:40] [182/326] PSXM
[11:45:41] [183/326] MCGP
[11:45:42] [184/326] PDDK
[11:45:43] [185/326] SPCK
[11:45:44] [186/326] MCRL
[11:45:45] [187/326] MHKT
[11:45:46] [188/326] ANRR
[11:45:47] [189/326] SAPK
[11:45:48] [190/326] NCUK
[11:45:49] 🔄 Identity reset
[11:45:49] 🔄 Identity rotated (every 10 requests)
[11:45:49] [191/326] JUGA
[11:45:50] [192/326] DBSC
[11:45:51] [193/326] LALK
[11:45:52] [194/326] GUCK
[11:45:53] [195/326] STSG
[11:45:54] [196/326] PPPZ
[11:45:55] [197/326] CNCY
[11:45:56] [198/326] MTAR
[11:45:56] [199/326] VNKD
[11:45:58] [200/326] KMAJ
[11:45:58] 🔄 Identity reset
[11:45:58] 🔄 Identity rotated (every 10 requests)
[11:45:59] [201/326] ACXK
[11:46:00] [202/326] UTKC
[11:46:00] [203/326] PBLK
[11:46:02] [204/326] ACBX
[11:46:03] [205/326] PTGM
[11:46:05] [206/326] BTDA
[11:46:06] [207/326] PJMB
[11:46:07] [208/326] TPDA
[11:46:07] [209/326] AMOE
[11:46:08] [210/326] PRHT
[11:46:09] 🔄 Identity reset
[11:46:09] 🔄 Identity rotated (every 10 requests)
[11:46:09] [211/326] PRTA
[11:46:10] [212/326] STAM
[11:46:11] [213/326] MSAA
[11:46:12] [214/326] SDLU
[11:46:13] [215/326] RCHH
[11:46:14] [216/326] KANT
[11:46:15] [217/326] FCRT
[11:46:16] [218/326] DNKM
[11:46:16] [219/326] RYCP
[11:46:17] [220/326] MYRP
[11:46:18] 🔄 Identity reset
[11:46:18] 🔄 Identity rotated (every 10 requests)
[11:46:18] [221/326] PPAK
[11:46:19] [222/326] NVPK
[11:46:20] [223/326] PRMC
[11:46:21] [224/326] JBCS
[11:46:22] [225/326] GXCK
[11:46:22] [226/326] USKO
[11:46:24] [227/326] GTEM
[11:46:25] [228/326] SMBU
[11:46:26] [229/326] VETC
[11:46:27] [230/326] LCDA
[11:46:27] 🔄 Identity reset
[11:46:27] 🔄 Identity rotated (every 10 requests)
[11:46:28] [231/326] MTVT
[11:46:28] [232/326] PYCP
[11:46:29] [233/326] PNSC
[11:46:30] [234/326] PPCC
[11:46:32] [235/326] TGRT
[11:46:33] [236/326] JYOT
[11:46:34] [237/326] SRCZ
[11:46:35] [238/326] SJTE
[11:46:36] [239/326] DESC
[11:46:38] [240/326] JHVN
[11:46:38] 🔄 Identity reset
[11:46:38] 🔄 Identity rotated (every 10 requests)
[11:46:39] [241/326] IPSG
[11:46:40] [242/326] IPCM
[11:46:40] [243/326] PDRS
[11:46:41] [244/326] ANCV
[11:46:42] [245/326] CMVV
[11:46:43] [246/326] SHYP
[11:46:45] [247/326] DNCS
[11:46:46] [248/326] GAJK
[11:46:47] [249/326] AKTN
[11:46:48] [250/326] KAYA
[11:46:48] 🔄 Identity reset
[11:46:48] 🔄 Identity rotated (every 10 requests)
[11:46:48] [251/326] SBRC
[11:46:49] [252/326] CHTP
[11:46:50] [253/326] SHRT
[11:46:51] [254/326] BCKU
[11:46:52] [255/326] FCPS
[11:46:53] [256/326] ARDD
[11:46:54] [257/326] CPCM
[11:46:55] [258/326] CGSM
[11:46:56] [259/326] PSMP
[11:46:57] [260/326] SDAL
[11:46:58] 🔄 Identity reset
[11:46:58] 🔄 Identity rotated (every 10 requests)
[11:46:58] [261/326] RTNB
[11:46:59] [262/326] LMCR
[11:47:00] [263/326] CIMA
[11:47:01] [264/326] RNAS
[11:47:02] [265/326] LITH
[11:47:03] [266/326] PBOX
[11:47:03] [267/326] FRTS
[11:47:04] [268/326] RKIC
[11:47:05] [269/326] PTAI
[11:47:06] [270/326] GCIC
[11:47:07] 🔄 Identity reset
[11:47:07] 🔄 Identity rotated (every 10 requests)
[11:47:07] [271/326] FNAS
[11:47:08] [272/326] SCAR
[11:47:09] [273/326] MTCA
[11:47:10] [274/326] SCTS
[11:47:11] [275/326] SYCS
[11:47:12] [276/326] RDMS
[11:47:13] [277/326] KAMP
[11:47:14] [278/326] ERSD
[11:47:15] [279/326] MJMJ
[11:47:16] [280/326] SRCJ
[11:47:16] 🔄 Identity reset
[11:47:16] 🔄 Identity rotated (every 10 requests)
[11:47:17] [281/326] SCXE
[11:47:17] [282/326] SVFR
[11:47:18] [283/326] BHCS
[11:47:19] [284/326] IMCC
[11:47:20] [285/326] PCBO
[11:47:21] [286/326] PRVN
[11:47:22] [287/326] AUPM
[11:47:23] [288/326] INBW
[11:47:24] [289/326] SVCW
[11:47:25] [290/326] RKCF
[11:47:25] 🔄 Identity reset
[11:47:25] 🔄 Identity rotated (every 10 requests)
[11:47:26] [291/326] UVBH
[11:47:27] [292/326] DNCY
[11:47:28] [293/326] ABCN
[11:47:28] [294/326] PRUR
[11:47:29] [295/326] PFMR
[11:47:31] [296/326] RKCN
[11:47:32] [297/326] CFEA
[11:47:33] [298/326] SDBG
[11:47:34] [299/326] SNAR
[11:47:35] [300/326] YISI
[11:47:35] 🔄 Identity reset
[11:47:35] 🔄 Identity rotated (every 10 requests)
[11:47:35] [301/326] JCFF
[11:47:36] [302/326] VTRK
[11:47:37] [303/326] PCLZ
[11:47:38] [304/326] DIMY
[11:47:39] [305/326] BBTS
[11:47:40] [306/326] GATH
[11:47:41] [307/326] GTMN
[11:47:42] [308/326] VTMH
[11:47:44] [309/326] CCKP
[11:47:45] [310/326] GPKA
[11:47:45] 🔄 Identity reset
[11:47:45] 🔄 Identity rotated (every 10 requests)
[11:47:46] [311/326] MHCL
[11:47:47] [312/326] ATCL
[11:47:48] [313/326] SBCK
[11:47:49] [314/326] AMMR
[11:47:50] [315/326] MADC
[11:47:51] [316/326] TMMA
[11:47:52] [317/326] CACC
[11:47:53] [318/326] CHAL
[11:47:54] [319/326] DURG
[11:47:55] [320/326] GMKU
[11:47:56] 🔄 Identity reset
[11:47:56] 🔄 Identity rotated (every 10 requests)
[11:47:56] [321/326] GECA
[11:47:57] [322/326] KYRR
[11:47:58] [323/326] KSDE
[11:47:59] [324/326] LMCI
[11:48:00] [325/326] NKCP
[11:48:01] [326/326] BGTC
[11:48:01] 🧹 Deduping shows
[11:48:01] ✅ DONE | Shows=836 | Movies=32
[13:47:52] 🚀 SCRIPT STARTED (enhanced anti‑detection)
[13:47:52] [1/326] BSAT
[13:47:52] 🧠 New identity created
[13:47:53] [2/326] RSSM
[13:47:54] [3/326] GCTA
[13:47:55] [4/326] TOPN
[13:47:55] [5/326] MCUS
[13:47:57] [6/326] SHRL
[13:47:58] [7/326] UPTP
[13:47:58] [8/326] TMMP
[13:47:59] [9/326] DNRP
[13:48:00] [10/326] SRLT
[13:48:01] 🔄 Identity reset
[13:48:01] 🔄 Identity rotated (every 10 requests)
[13:48:01] [11/326] RCNS
[13:48:02] [12/326] DCBH
[13:48:03] [13/326] NAGJ
[13:48:03] [14/326] JVRC
[13:48:04] [15/326] KRJG
[13:48:05] [16/326] SRTJ
[13:48:06] [17/326] CMXM
[13:48:07] [18/326] STMI
[13:48:08] [19/326] SLST
[13:48:09] [20/326] DTCN
[13:48:10] 🔄 Identity reset
[13:48:10] 🔄 Identity rotated (every 10 requests)
[13:48:10] [21/326] STYN
[13:48:11] [22/326] SZVR
[13:48:12] [23/326] SRKO
[13:48:13] [24/326] JTGT
[13:48:14] [25/326] SVFD
[13:48:15] [26/326] SISD
[13:48:16] [27/326] ABDD
[13:48:17] [28/326] DRCA
[13:48:18] [29/326] AVCS
[13:48:18] [30/326] MVKH
[13:48:19] 🔄 Identity reset
[13:48:19] 🔄 Identity rotated (every 10 requests)
[13:48:20] [31/326] ACPR
[13:48:21] [32/326] STIP
[13:48:22] [33/326] MTRA
[13:48:23] [34/326] RMKH
[13:48:24] [35/326] NKRL
[13:48:25] [36/326] PCWN
[13:48:26] [37/326] BLMT
[13:48:27] [38/326] GDPG
[13:48:28] [39/326] SRMX
[13:48:29] [40/326] JACP
[13:48:29] 🔄 Identity reset
[13:48:29] 🔄 Identity rotated (every 10 requests)
[13:48:30] [41/326] CPSH
[13:48:30] [42/326] MCCD
[13:48:31] [43/326] ECGH
[13:48:32] [44/326] MKCK
[13:48:33] [45/326] SRMM
[13:48:34] [46/326] SKYR
[13:48:35] [47/326] PCKC
[13:48:35] [48/326] JCMA
[13:48:37] [49/326] BSMP
[13:48:38] [50/326] VSPA
[13:48:39] 🔄 Identity reset
[13:48:39] 🔄 Identity rotated (every 10 requests)
[13:48:39] [51/326] DJYA
[13:48:40] [52/326] DIMP
[13:48:41] [53/326] FXDR
[13:48:41] [54/326] SSRC
[13:48:42] [55/326] STHP
[13:48:44] [56/326] CPPD
[13:48:45] [57/326] FCLK
[13:48:46] [58/326] SCPP
[13:48:47] [59/326] DCMJ
[13:48:48] [60/326] RCCR
[13:48:48] 🔄 Identity reset
[13:48:48] 🔄 Identity rotated (every 10 requests)
[13:48:49] [61/326] INMT
[13:48:50] [62/326] LXTK
[13:48:51] [63/326] SRYK
[13:48:52] [64/326] SGDK
[13:48:52] [65/326] PPKA
[13:48:53] [66/326] SPKA
[13:48:54] [67/326] CGHH
[13:48:55] [68/326] DCJN
[13:48:56] [69/326] SRKV
[13:48:57] [70/326] SAJC
[13:48:57] 🔄 Identity reset
[13:48:57] 🔄 Identity rotated (every 10 requests)
[13:48:58] [71/326] SUSR
[13:48:59] [72/326] STYG
[13:49:00] [73/326] NTKP
[13:49:01] [74/326] AKTG
[13:49:02] [75/326] CGCM
[13:49:03] [76/326] TULC
[13:49:04] [77/326] NYYZ
[13:49:04] [78/326] NYBW
[13:49:05] [79/326] MACB
[13:49:06] [80/326] SLVT
[13:49:06] 🔄 Identity reset
[13:49:06] 🔄 Identity rotated (every 10 requests)
[13:49:07] [81/326] SANA
[13:49:08] [82/326] ACMR
[13:49:08] [83/326] CPKN
[13:49:09] [84/326] DLGK
[13:49:10] [85/326] CWCK
[13:49:12] [86/326] FDDH
[13:49:13] [87/326] MMMD
[13:49:14] [88/326] CMEH
[13:49:15] [89/326] GGGV
[13:49:15] [90/326] SPJL
[13:49:16] 🔄 Identity reset
[13:49:16] 🔄 Identity rotated (every 10 requests)
[13:49:16] [91/326] RCCD
[13:49:17] [92/326] STTZ
[13:49:18] [93/326] BTCF
[13:49:19] [94/326] TSTZ
[13:49:20] [95/326] IPMM
[13:49:21] [96/326] PMPW
[13:49:22] [97/326] PCMZ
[13:49:23] [98/326] ESEM
[13:49:24] [99/326] PIPO
[13:49:25] [100/326] MATK
[13:49:25] 🔄 Identity reset
[13:49:25] 🔄 Identity rotated (every 10 requests)
[13:49:26] [101/326] PGHM
[13:49:27] [102/326] CTSR
[13:49:27] [103/326] CYKR
[13:49:28] [104/326] MSCM
[13:49:29] [105/326] RFNP
[13:49:30] [106/326] PDCP
[13:49:31] [107/326] NPSE
[13:49:32] [108/326] MKML
[13:49:33] [109/326] FTDP
[13:49:34] [110/326] MMXA
[13:49:34] 🔄 Identity reset
[13:49:34] 🔄 Identity rotated (every 10 requests)
[13:49:35] [111/326] CEPO
[13:49:35] [112/326] CMVP
[13:49:36] [113/326] SGTH
[13:49:37] [114/326] SAYN
[13:49:38] [115/326] URVS
[13:49:39] [116/326] VJTN
[13:49:40] [117/326] BBYK
[13:49:41] [118/326] SHBO
[13:49:41] [119/326] VCMR
[13:49:42] [120/326] MACT
[13:49:43] 🔄 Identity reset
[13:49:43] 🔄 Identity rotated (every 10 requests)
[13:49:43] [121/326] JMNP
[13:49:44] [122/326] VICS
[13:49:45] [123/326] VCDA
[13:49:46] [124/326] GCMM
[13:49:46] [125/326] INVS
[13:49:47] [126/326] SCGM
[13:49:48] [127/326] PCDA
[13:49:49] [128/326] KDCT
[13:49:50] [129/326] JACS
[13:49:51] [130/326] GMMC
[13:49:52] 🔄 Identity reset
[13:49:52] 🔄 Identity rotated (every 10 requests)
[13:49:52] [131/326] AICM
[13:49:53] [132/326] TJCM
[13:49:54] [133/326] RMTI
[13:49:54] [134/326] SHAC
[13:49:55] [135/326] APJC
[13:49:56] [136/326] GCTG
[13:49:57] [137/326] SSMC
[13:49:58] [138/326] THRM
[13:49:59] [139/326] RBCT
[13:49:59] [140/326] DIKT
[13:50:00] 🔄 Identity reset
[13:50:00] 🔄 Identity rotated (every 10 requests)
[13:50:00] [141/326] MIDL
[13:50:01] [142/326] VCSN
[13:50:02] [143/326] SKTG
[13:50:03] [144/326] SMWC
[13:50:04] [145/326] MNKH
[13:50:04] [146/326] PIAT
[13:50:05] [147/326] LTTP
[13:50:06] [148/326] PTPU
[13:50:08] [149/326] ACMG
[13:50:08] [150/326] SHMM
[13:50:09] 🔄 Identity reset
[13:50:09] 🔄 Identity rotated (every 10 requests)
[13:50:09] [151/326] MCMN
[13:50:10] [152/326] GLDC
[13:50:11] [153/326] HOUT
[13:50:12] [154/326] SVRP
[13:50:13] [155/326] PVDN
[13:50:14] [156/326] SCPY
[13:50:15] [157/326] DTPY
[13:50:16] [158/326] GKCS
[13:50:17] [159/326] NCAM
[13:50:18] [160/326] BSRM
[13:50:18] 🔄 Identity reset
[13:50:18] 🔄 Identity rotated (every 10 requests)
[13:50:19] [161/326] RCLC
[13:50:20] [162/326] SKKD
[13:50:21] [163/326] ACHU
[13:50:21] [164/326] RSCF
[13:50:22] [165/326] IMSH
[13:50:23] [166/326] MACX
[13:50:24] [167/326] HMMW
[13:50:25] [168/326] JTCP
[13:50:26] [169/326] SREN
[13:50:27] [170/326] PJRR
[13:50:27] 🔄 Identity reset
[13:50:27] 🔄 Identity rotated (every 10 requests)
[13:50:28] [171/326] INAC
[13:50:29] [172/326] BMCA
[13:50:29] [173/326] SHCB
[13:50:30] [174/326] GABA
[13:50:31] [175/326] SBCT
[13:50:32] [176/326] GCMA
[13:50:33] [177/326] MYTK
[13:50:34] [178/326] INZS
[13:50:34] [179/326] RMIK
[13:50:35] [180/326] NYCH
[13:50:36] 🔄 Identity reset
[13:50:36] 🔄 Identity rotated (every 10 requests)
[13:50:36] [181/326] RAVE
[13:50:37] [182/326] PSXM
[13:50:38] [183/326] MCGP
[13:50:39] [184/326] PDDK
[13:50:40] [185/326] SPCK
[13:50:42] [186/326] MCRL
[13:50:42] [187/326] MHKT
[13:50:43] [188/326] ANRR
[13:50:44] [189/326] SAPK
[13:50:45] [190/326] NCUK
[13:50:46] 🔄 Identity reset
[13:50:46] 🔄 Identity rotated (every 10 requests)
[13:50:46] [191/326] JUGA
[13:50:48] [192/326] DBSC
[13:50:48] [193/326] LALK
[13:50:49] [194/326] GUCK
[13:50:50] [195/326] STSG
[13:50:51] [196/326] PPPZ
[13:50:52] [197/326] CNCY
[13:50:53] [198/326] MTAR
[13:50:54] [199/326] VNKD
[13:50:55] [200/326] KMAJ
[13:50:55] 🔄 Identity reset
[13:50:56] 🔄 Identity rotated (every 10 requests)
[13:50:56] [201/326] ACXK
[13:50:57] [202/326] UTKC
[13:50:58] [203/326] PBLK
[13:50:58] [204/326] ACBX
[13:50:59] [205/326] PTGM
[13:51:00] [206/326] BTDA
[13:51:01] [207/326] PJMB
[13:51:02] [208/326] TPDA
[13:51:03] [209/326] AMOE
[13:51:04] [210/326] PRHT
[13:51:04] 🔄 Identity reset
[13:51:04] 🔄 Identity rotated (every 10 requests)
[13:51:05] [211/326] PRTA
[13:51:06] [212/326] STAM
[13:51:06] [213/326] MSAA
[13:51:07] [214/326] SDLU
[13:51:08] [215/326] RCHH
[13:51:10] [216/326] KANT
[13:51:10] [217/326] FCRT
[13:51:11] [218/326] DNKM
[13:51:13] [219/326] RYCP
[13:51:13] [220/326] MYRP
[13:51:14] 🔄 Identity reset
[13:51:14] 🔄 Identity rotated (every 10 requests)
[13:51:14] [221/326] PPAK
[13:51:15] [222/326] NVPK
[13:51:16] [223/326] PRMC
[13:51:17] [224/326] JBCS
[13:51:17] [225/326] GXCK
[13:51:18] [226/326] USKO
[13:51:19] [227/326] GTEM
[13:51:20] [228/326] SMBU
[13:51:21] [229/326] VETC
[13:51:22] [230/326] LCDA
[13:51:22] 🔄 Identity reset
[13:51:22] 🔄 Identity rotated (every 10 requests)
[13:51:23] [231/326] MTVT
[13:51:23] [232/326] PYCP
[13:51:24] [233/326] PNSC
[13:51:25] [234/326] PPCC
[13:51:26] [235/326] TGRT
[13:51:27] [236/326] JYOT
[13:51:28] [237/326] SRCZ
[13:51:29] [238/326] SJTE
[13:51:30] [239/326] DESC
[13:51:31] [240/326] JHVN
[13:51:32] 🔄 Identity reset
[13:51:32] 🔄 Identity rotated (every 10 requests)
[13:51:32] [241/326] IPSG
[13:51:33] [242/326] IPCM
[13:51:34] [243/326] PDRS
[13:51:35] [244/326] ANCV
[13:51:35] [245/326] CMVV
[13:51:36] [246/326] SHYP
[13:51:37] [247/326] DNCS
[13:51:38] [248/326] GAJK
[13:51:39] [249/326] AKTN
[13:51:40] [250/326] KAYA
[13:51:41] 🔄 Identity reset
[13:51:41] 🔄 Identity rotated (every 10 requests)
[13:51:41] [251/326] SBRC
[13:51:42] [252/326] CHTP
[13:51:43] [253/326] SHRT
[13:51:44] [254/326] BCKU
[13:51:44] [255/326] FCPS
[13:51:45] [256/326] ARDD
[13:51:46] [257/326] CPCM
[13:51:47] [258/326] CGSM
[13:51:48] [259/326] PSMP
[13:51:48] [260/326] SDAL
[13:51:49] 🔄 Identity reset
[13:51:49] 🔄 Identity rotated (every 10 requests)
[13:51:49] [261/326] RTNB
[13:51:50] [262/326] LMCR
[13:51:51] [263/326] CIMA
[13:51:52] [264/326] RNAS
[13:51:53] [265/326] LITH
[13:51:54] [266/326] PBOX
[13:51:55] [267/326] FRTS
[13:51:55] [268/326] RKIC
[13:51:56] [269/326] PTAI
[13:51:58] [270/326] GCIC
[13:51:58] 🔄 Identity reset
[13:51:58] 🔄 Identity rotated (every 10 requests)
[13:51:59] [271/326] FNAS
[13:52:00] [272/326] SCAR
[13:52:00] [273/326] MTCA
[13:52:01] [274/326] SCTS
[13:52:02] [275/326] SYCS
[13:52:03] [276/326] RDMS
[13:52:04] [277/326] KAMP
[13:52:05] [278/326] ERSD
[13:52:05] [279/326] MJMJ
[13:52:06] [280/326] SRCJ
[13:52:07] 🔄 Identity reset
[13:52:07] 🔄 Identity rotated (every 10 requests)
[13:52:07] [281/326] SCXE
[13:52:08] [282/326] SVFR
[13:52:09] [283/326] BHCS
[13:52:09] [284/326] IMCC
[13:52:11] [285/326] PCBO
[13:52:12] [286/326] PRVN
[13:52:12] [287/326] AUPM
[13:52:13] [288/326] INBW
[13:52:15] [289/326] SVCW
[13:52:16] [290/326] RKCF
[13:52:17] 🔄 Identity reset
[13:52:17] 🔄 Identity rotated (every 10 requests)
[13:52:17] [291/326] UVBH
[13:52:18] [292/326] DNCY
[13:52:18] [293/326] ABCN
[13:52:19] [294/326] PRUR
[13:52:20] [295/326] PFMR
[13:52:21] [296/326] RKCN
[13:52:21] [297/326] CFEA
[13:52:23] [298/326] SDBG
[13:52:24] [299/326] SNAR
[13:52:24] [300/326] YISI
[13:52:25] 🔄 Identity reset
[13:52:25] 🔄 Identity rotated (every 10 requests)
[13:52:25] [301/326] JCFF
[13:52:26] [302/326] VTRK
[13:52:27] [303/326] PCLZ
[13:52:28] [304/326] DIMY
[13:52:29] [305/326] BBTS
[13:52:30] [306/326] GATH
[13:52:30] [307/326] GTMN
[13:52:31] [308/326] VTMH
[13:52:32] [309/326] CCKP
[13:52:33] [310/326] GPKA
[13:52:33] 🔄 Identity reset
[13:52:33] 🔄 Identity rotated (every 10 requests)
[13:52:34] [311/326] MHCL
[13:52:35] [312/326] ATCL
[13:52:35] [313/326] SBCK
[13:52:36] [314/326] AMMR
[13:52:37] [315/326] MADC
[13:52:38] [316/326] TMMA
[13:52:39] [317/326] CACC
[13:52:40] [318/326] CHAL
[13:52:40] [319/326] DURG
[13:52:41] [320/326] GMKU
[13:52:42] 🔄 Identity reset
[13:52:42] 🔄 Identity rotated (every 10 requests)
[13:52:42] [321/326] GECA
[13:52:43] [322/326] KYRR
[13:52:44] [323/326] KSDE
[13:52:46] [324/326] LMCI
[13:52:46] [325/326] NKCP
[13:52:47] [326/326] BGTC
[13:52:48] 🧹 Deduping shows
[13:52:48] ✅ DONE | Shows=854 | Movies=24
[16:46:13] 🚀 SCRIPT STARTED (enhanced anti‑detection)
[16:46:13] [1/326] BSAT
[16:46:14] 🧠 New identity created
[16:46:14] [2/326] RSSM
[16:46:15] [3/326] GCTA
[16:46:16] [4/326] TOPN
[16:46:17] [5/326] MCUS
[16:46:19] [6/326] SHRL
[16:46:20] [7/326] UPTP
[16:46:21] [8/326] TMMP
[16:46:22] [9/326] DNRP
[16:46:23] [10/326] SRLT
[16:46:23] 🔄 Identity reset
[16:46:23] 🔄 Identity rotated (every 10 requests)
[16:46:24] [11/326] RCNS
[16:46:25] [12/326] DCBH
[16:46:25] [13/326] NAGJ
[16:46:26] [14/326] JVRC
[16:46:27] [15/326] KRJG
[16:46:29] [16/326] SRTJ
[16:46:30] [17/326] CMXM
[16:46:30] [18/326] STMI
[16:46:32] [19/326] SLST
[16:46:33] [20/326] DTCN
[16:46:33] 🔄 Identity reset
[16:46:33] 🔄 Identity rotated (every 10 requests)
[16:46:34] [21/326] STYN
[16:46:34] [22/326] SZVR
[16:46:35] [23/326] SRKO
[16:46:36] [24/326] JTGT
[16:46:37] [25/326] SVFD
[16:46:38] [26/326] SISD
[16:46:39] [27/326] ABDD
[16:46:39] [28/326] DRCA
[16:46:40] [29/326] AVCS
[16:46:41] [30/326] MVKH
[16:46:42] 🔄 Identity reset
[16:46:42] 🔄 Identity rotated (every 10 requests)
[16:46:42] [31/326] ACPR
[16:46:43] [32/326] STIP
[16:46:44] [33/326] MTRA
[16:46:45] [34/326] RMKH
[16:46:46] [35/326] NKRL
[16:46:47] [36/326] PCWN
[16:46:48] [37/326] BLMT
[16:46:49] [38/326] GDPG
[16:46:50] [39/326] SRMX
[16:46:50] [40/326] JACP
[16:46:51] 🔄 Identity reset
[16:46:51] 🔄 Identity rotated (every 10 requests)
[16:46:51] [41/326] CPSH
[16:46:52] [42/326] MCCD
[16:46:53] [43/326] ECGH
[16:46:54] [44/326] MKCK
[16:46:55] [45/326] SRMM
[16:46:55] [46/326] SKYR
[16:46:56] [47/326] PCKC
[16:46:57] [48/326] JCMA
[16:46:58] [49/326] BSMP
[16:46:59] [50/326] VSPA
[16:46:59] 🔄 Identity reset
[16:46:59] 🔄 Identity rotated (every 10 requests)
[16:47:00] [51/326] DJYA
[16:47:01] [52/326] DIMP
[16:47:02] [53/326] FXDR
[16:47:03] [54/326] SSRC
[16:47:04] [55/326] STHP
[16:47:05] [56/326] CPPD
[16:47:07] [57/326] FCLK
[16:47:08] [58/326] SCPP
[16:47:09] [59/326] DCMJ
[16:47:09] [60/326] RCCR
[16:47:10] 🔄 Identity reset
[16:47:10] 🔄 Identity rotated (every 10 requests)
[16:47:10] [61/326] INMT
[16:47:11] [62/326] LXTK
[16:47:12] [63/326] SRYK
[16:47:13] [64/326] SGDK
[16:47:14] [65/326] PPKA
[16:47:15] [66/326] SPKA
[16:47:16] [67/326] CGHH
[16:47:16] [68/326] DCJN
[16:47:17] [69/326] SRKV
[16:47:18] [70/326] SAJC
[16:47:18] 🔄 Identity reset
[16:47:19] 🔄 Identity rotated (every 10 requests)
[16:47:19] [71/326] SUSR
[16:47:20] [72/326] STYG
[16:47:21] [73/326] NTKP
[16:47:21] [74/326] AKTG
[16:47:23] [75/326] CGCM
[16:47:24] [76/326] TULC
[16:47:24] [77/326] NYYZ
[16:47:25] [78/326] NYBW
[16:47:26] [79/326] MACB
[16:47:27] [80/326] SLVT
[16:47:27] 🔄 Identity reset
[16:47:27] 🔄 Identity rotated (every 10 requests)
[16:47:28] [81/326] SANA
[16:47:28] [82/326] ACMR
[16:47:29] [83/326] CPKN
[16:47:30] [84/326] DLGK
[16:47:31] [85/326] CWCK
[16:47:32] [86/326] FDDH
[16:47:33] [87/326] MMMD
[16:47:35] [88/326] CMEH
[16:47:35] [89/326] GGGV
[16:47:36] [90/326] SPJL
[16:47:37] 🔄 Identity reset
[16:47:37] 🔄 Identity rotated (every 10 requests)
[16:47:38] [91/326] RCCD
[16:47:39] [92/326] STTZ
[16:47:40] [93/326] BTCF
[16:47:41] [94/326] TSTZ
[16:47:41] [95/326] IPMM
[16:47:42] [96/326] PMPW
[16:47:43] [97/326] PCMZ
[16:47:44] [98/326] ESEM
[16:47:45] [99/326] PIPO
[16:47:46] [100/326] MATK
[16:47:46] 🔄 Identity reset
[16:47:46] 🔄 Identity rotated (every 10 requests)
[16:47:47] [101/326] PGHM
[16:47:48] [102/326] CTSR
[16:47:49] [103/326] CYKR
[16:47:51] [104/326] MSCM
[16:47:52] [105/326] RFNP
[16:47:52] [106/326] PDCP
[16:47:53] [107/326] NPSE
[16:47:54] [108/326] MKML
[16:47:55] [109/326] FTDP
[16:47:57] [110/326] MMXA
[16:47:57] 🔄 Identity reset
[16:47:57] 🔄 Identity rotated (every 10 requests)
[16:47:57] [111/326] CEPO
[16:47:59] [112/326] CMVP
[16:48:00] [113/326] SGTH
[16:48:01] [114/326] SAYN
[16:48:02] [115/326] URVS
[16:48:03] [116/326] VJTN
[16:48:04] [117/326] BBYK
[16:48:04] [118/326] SHBO
[16:48:05] [119/326] VCMR
[16:48:06] [120/326] MACT
[16:48:07] 🔄 Identity reset
[16:48:07] 🔄 Identity rotated (every 10 requests)
[16:48:07] [121/326] JMNP
[16:48:08] [122/326] VICS
[16:48:09] [123/326] VCDA
[16:48:10] [124/326] GCMM
[16:48:10] [125/326] INVS
[16:48:12] [126/326] SCGM
[16:48:13] [127/326] PCDA
[16:48:14] [128/326] KDCT
[16:48:15] [129/326] JACS
[16:48:16] [130/326] GMMC
[16:48:16] 🔄 Identity reset
[16:48:16] 🔄 Identity rotated (every 10 requests)
[16:48:17] [131/326] AICM
[16:48:18] [132/326] TJCM
[16:48:19] [133/326] RMTI
[16:48:20] [134/326] SHAC
[16:48:21] [135/326] APJC
[16:48:22] [136/326] GCTG
[16:48:22] [137/326] SSMC
[16:48:23] [138/326] THRM
[16:48:24] [139/326] RBCT
[16:48:26] [140/326] DIKT
[16:48:26] 🔄 Identity reset
[16:48:26] 🔄 Identity rotated (every 10 requests)
[16:48:27] [141/326] MIDL
[16:48:27] [142/326] VCSN
[16:48:28] [143/326] SKTG
[16:48:29] [144/326] SMWC
[16:48:30] [145/326] MNKH
[16:48:31] [146/326] PIAT
[16:48:32] [147/326] LTTP
[16:48:32] [148/326] PTPU
[16:48:33] [149/326] ACMG
[16:48:34] [150/326] SHMM
[16:48:35] 🔄 Identity reset
[16:48:35] 🔄 Identity rotated (every 10 requests)
[16:48:35] [151/326] MCMN
[16:48:36] [152/326] GLDC
[16:48:36] [153/326] HOUT
[16:48:37] [154/326] SVRP
[16:48:38] [155/326] PVDN
[16:48:39] [156/326] SCPY
[16:48:40] [157/326] DTPY
[16:48:41] [158/326] GKCS
[16:48:42] [159/326] NCAM
[16:48:44] [160/326] BSRM
[16:48:44] 🔄 Identity reset
[16:48:44] 🔄 Identity rotated (every 10 requests)
[16:48:45] [161/326] RCLC
[16:48:46] [162/326] SKKD
[16:48:46] [163/326] ACHU
[16:48:47] [164/326] RSCF
[16:48:49] [165/326] IMSH
[16:48:49] [166/326] MACX
[16:48:50] [167/326] HMMW
[16:48:51] [168/326] JTCP
[16:48:52] [169/326] SREN
[16:48:53] [170/326] PJRR
[16:48:54] 🔄 Identity reset
[16:48:54] 🔄 Identity rotated (every 10 requests)
[16:48:54] [171/326] INAC
[16:48:56] [172/326] BMCA
[16:48:56] [173/326] SHCB
[16:48:57] [174/326] GABA
[16:48:58] [175/326] SBCT
[16:48:59] [176/326] GCMA
[16:49:00] [177/326] MYTK
[16:49:01] [178/326] INZS
[16:49:02] [179/326] RMIK
[16:49:02] [180/326] NYCH
[16:49:03] 🔄 Identity reset
[16:49:03] 🔄 Identity rotated (every 10 requests)
[16:49:03] [181/326] RAVE
[16:49:04] [182/326] PSXM
[16:49:05] [183/326] MCGP
[16:49:06] [184/326] PDDK
[16:49:07] [185/326] SPCK
[16:49:08] [186/326] MCRL
[16:49:08] [187/326] MHKT
[16:49:09] [188/326] ANRR
[16:49:10] [189/326] SAPK
[16:49:11] [190/326] NCUK
[16:49:11] 🔄 Identity reset
[16:49:11] 🔄 Identity rotated (every 10 requests)
[16:49:12] [191/326] JUGA
[16:49:13] [192/326] DBSC
[16:49:14] [193/326] LALK
[16:49:15] [194/326] GUCK
[16:49:16] [195/326] STSG
[16:49:17] [196/326] PPPZ
[16:49:18] [197/326] CNCY
[16:49:19] [198/326] MTAR
[16:49:19] [199/326] VNKD
[16:49:20] [200/326] KMAJ
[16:49:21] 🔄 Identity reset
[16:49:21] 🔄 Identity rotated (every 10 requests)
[16:49:21] [201/326] ACXK
[16:49:22] [202/326] UTKC
[16:49:23] [203/326] PBLK
[16:49:24] [204/326] ACBX
[16:49:25] [205/326] PTGM
[16:49:26] [206/326] BTDA
[16:49:27] [207/326] PJMB
[16:49:28] [208/326] TPDA
[16:49:29] [209/326] AMOE
[16:49:30] [210/326] PRHT
[16:49:31] 🔄 Identity reset
[16:49:31] 🔄 Identity rotated (every 10 requests)
[16:49:31] [211/326] PRTA
[16:49:32] [212/326] STAM
[16:49:33] [213/326] MSAA
[16:49:33] [214/326] SDLU
[16:49:34] [215/326] RCHH
[16:49:35] [216/326] KANT
[16:49:36] [217/326] FCRT
[16:49:37] [218/326] DNKM
[16:49:38] [219/326] RYCP
[16:49:38] [220/326] MYRP
[16:49:39] 🔄 Identity reset
[16:49:39] 🔄 Identity rotated (every 10 requests)
[16:49:40] [221/326] PPAK
[16:49:41] [222/326] NVPK
[16:49:42] [223/326] PRMC
[16:49:42] [224/326] JBCS
[16:49:43] [225/326] GXCK
[16:49:45] [226/326] USKO
[16:49:46] [227/326] GTEM
[16:49:47] [228/326] SMBU
[16:49:47] [229/326] VETC
[16:49:48] [230/326] LCDA
[16:49:49] 🔄 Identity reset
[16:49:49] 🔄 Identity rotated (every 10 requests)
[16:49:49] [231/326] MTVT
[16:49:50] [232/326] PYCP
[16:49:51] [233/326] PNSC
[16:49:51] [234/326] PPCC
[16:49:52] [235/326] TGRT
[16:49:53] [236/326] JYOT
[16:49:54] [237/326] SRCZ
[16:49:55] [238/326] SJTE
[16:49:56] [239/326] DESC
[16:49:57] [240/326] JHVN
[16:49:57] 🔄 Identity reset
[16:49:57] 🔄 Identity rotated (every 10 requests)
[16:49:58] [241/326] IPSG
[16:49:58] [242/326] IPCM
[16:50:00] [243/326] PDRS
[16:50:01] [244/326] ANCV
[16:50:01] [245/326] CMVV
[16:50:03] [246/326] SHYP
[16:50:04] [247/326] DNCS
[16:50:04] [248/326] GAJK
[16:50:05] [249/326] AKTN
[16:50:07] [250/326] KAYA
[16:50:08] 🔄 Identity reset
[16:50:08] 🔄 Identity rotated (every 10 requests)
[16:50:08] [251/326] SBRC
[16:50:09] [252/326] CHTP
[16:50:10] [253/326] SHRT
[16:50:11] [254/326] BCKU
[16:50:12] [255/326] FCPS
[16:50:13] [256/326] ARDD
[16:50:14] [257/326] CPCM
[16:50:15] [258/326] CGSM
[16:50:16] [259/326] PSMP
[16:50:16] [260/326] SDAL
[16:50:17] 🔄 Identity reset
[16:50:17] 🔄 Identity rotated (every 10 requests)
[16:50:17] [261/326] RTNB
[16:50:18] [262/326] LMCR
[16:50:19] [263/326] CIMA
[16:50:21] [264/326] RNAS
[16:50:22] [265/326] LITH
[16:50:22] [266/326] PBOX
[16:50:23] [267/326] FRTS
[16:50:24] [268/326] RKIC
[16:50:25] [269/326] PTAI
[16:50:26] [270/326] GCIC
[16:50:26] 🔄 Identity reset
[16:50:26] 🔄 Identity rotated (every 10 requests)
[16:50:27] [271/326] FNAS
[16:50:28] [272/326] SCAR
[16:50:28] [273/326] MTCA
[16:50:30] [274/326] SCTS
[16:50:32] [275/326] SYCS
[16:50:33] [276/326] RDMS
[16:50:33] [277/326] KAMP
[16:50:34] [278/326] ERSD
[16:50:35] [279/326] MJMJ
[16:50:36] [280/326] SRCJ
[16:50:37] 🔄 Identity reset
[16:50:37] 🔄 Identity rotated (every 10 requests)
[16:50:37] [281/326] SCXE
[16:50:38] [282/326] SVFR
[16:50:39] [283/326] BHCS
[16:50:39] [284/326] IMCC
[16:50:40] [285/326] PCBO
[16:50:41] [286/326] PRVN
[16:50:42] [287/326] AUPM
[16:50:43] [288/326] INBW
[16:50:44] [289/326] SVCW
[16:50:45] [290/326] RKCF
[16:50:45] 🔄 Identity reset
[16:50:45] 🔄 Identity rotated (every 10 requests)
[16:50:46] [291/326] UVBH
[16:50:47] [292/326] DNCY
[16:50:48] [293/326] ABCN
[16:50:49] [294/326] PRUR
[16:50:50] [295/326] PFMR
[16:50:51] [296/326] RKCN
[16:50:52] [297/326] CFEA
[16:50:53] [298/326] SDBG
[16:50:53] [299/326] SNAR
[16:50:54] [300/326] YISI
[16:50:55] 🔄 Identity reset
[16:50:55] 🔄 Identity rotated (every 10 requests)
[16:50:55] [301/326] JCFF
[16:50:56] [302/326] VTRK
[16:50:57] [303/326] PCLZ
[16:50:58] [304/326] DIMY
[16:50:59] [305/326] BBTS
[16:51:00] [306/326] GATH
[16:51:01] [307/326] GTMN
[16:51:02] [308/326] VTMH
[16:51:03] [309/326] CCKP
[16:51:04] [310/326] GPKA
[16:51:05] 🔄 Identity reset
[16:51:05] 🔄 Identity rotated (every 10 requests)
[16:51:05] [311/326] MHCL
[16:51:06] [312/326] ATCL
[16:51:07] [313/326] SBCK
[16:51:08] [314/326] AMMR
[16:51:09] [315/326] MADC
[16:51:10] [316/326] TMMA
[16:51:10] [317/326] CACC
[16:51:11] [318/326] CHAL
[16:51:12] [319/326] DURG
[16:51:13] [320/326] GMKU
[16:51:14] 🔄 Identity reset
[16:51:14] 🔄 Identity rotated (every 10 requests)
[16:51:14] [321/326] GECA
[16:51:15] [322/326] KYRR
[16:51:16] [323/326] KSDE
[16:51:17] [324/326] LMCI
[16:51:18] [325/326] NKCP
[16:51:19] [326/326] BGTC
[16:51:19] 🧹 Deduping shows
[16:51:19] ✅ DONE | Shows=957 | Movies=28
[21:00:44] 🚀 SCRIPT STARTED (enhanced anti‑detection)
[21:00:44] [1/326] BSAT
[21:00:44] 🧠 New identity created
[21:00:45] [2/326] RSSM
[21:00:46] [3/326] GCTA
[21:00:46] [4/326] TOPN
[21:00:47] [5/326] MCUS
[21:00:48] [6/326] SHRL
[21:00:49] [7/326] UPTP
[21:00:50] [8/326] TMMP
[21:00:51] [9/326] DNRP
[21:00:52] [10/326] SRLT
[21:00:52] 🔄 Identity reset
[21:00:52] 🔄 Identity rotated (every 10 requests)
[21:00:53] [11/326] RCNS
[21:00:53] [12/326] DCBH
[21:00:55] [13/326] NAGJ
[21:00:55] [14/326] JVRC
[21:00:56] [15/326] KRJG
[21:00:57] [16/326] SRTJ
[21:00:58] [17/326] CMXM
[21:00:59] [18/326] STMI
[21:01:00] [19/326] SLST
[21:01:01] [20/326] DTCN
[21:01:02] 🔄 Identity reset
[21:01:02] 🔄 Identity rotated (every 10 requests)
[21:01:02] [21/326] STYN
[21:01:03] [22/326] SZVR
[21:01:05] [23/326] SRKO
[21:01:06] [24/326] JTGT
[21:01:08] [25/326] SVFD
[21:01:09] [26/326] SISD
[21:01:09] [27/326] ABDD
[21:01:10] [28/326] DRCA
[21:01:11] [29/326] AVCS
[21:01:12] [30/326] MVKH
[21:01:13] 🔄 Identity reset
[21:01:13] 🔄 Identity rotated (every 10 requests)
[21:01:13] [31/326] ACPR
[21:01:14] [32/326] STIP
[21:01:15] [33/326] MTRA
[21:01:16] [34/326] RMKH
[21:01:16] [35/326] NKRL
[21:01:17] [36/326] PCWN
[21:01:18] [37/326] BLMT
[21:01:19] [38/326] GDPG
[21:01:20] [39/326] SRMX
[21:01:21] [40/326] JACP
[21:01:21] 🔄 Identity reset
[21:01:21] 🔄 Identity rotated (every 10 requests)
[21:01:22] [41/326] CPSH
[21:01:23] [42/326] MCCD
[21:01:24] [43/326] ECGH
[21:01:25] [44/326] MKCK
[21:01:25] [45/326] SRMM
[21:01:26] [46/326] SKYR
[21:01:28] [47/326] PCKC
[21:01:28] [48/326] JCMA
[21:01:29] [49/326] BSMP
[21:01:31] [50/326] VSPA
[21:01:31] 🔄 Identity reset
[21:01:31] 🔄 Identity rotated (every 10 requests)
[21:01:32] [51/326] DJYA
[21:01:33] [52/326] DIMP
[21:01:34] [53/326] FXDR
[21:01:35] [54/326] SSRC
[21:01:36] [55/326] STHP
[21:01:38] [56/326] CPPD
[21:01:38] [57/326] FCLK
[21:01:39] [58/326] SCPP
[21:01:40] [59/326] DCMJ
[21:01:41] [60/326] RCCR
[21:01:41] 🔄 Identity reset
[21:01:41] 🔄 Identity rotated (every 10 requests)
[21:01:42] [61/326] INMT
[21:01:43] [62/326] LXTK
[21:01:43] [63/326] SRYK
[21:01:44] [64/326] SGDK
[21:01:45] [65/326] PPKA
[21:01:46] [66/326] SPKA
[21:01:46] [67/326] CGHH
[21:01:47] [68/326] DCJN
[21:01:48] [69/326] SRKV
[21:01:49] [70/326] SAJC
[21:01:50] 🔄 Identity reset
[21:01:50] 🔄 Identity rotated (every 10 requests)
[21:01:50] [71/326] SUSR
[21:01:52] [72/326] STYG
[21:01:53] [73/326] NTKP
[21:01:54] [74/326] AKTG
[21:01:55] [75/326] CGCM
[21:01:56] [76/326] TULC
[21:01:57] [77/326] NYYZ
[21:01:58] [78/326] NYBW
[21:01:59] [79/326] MACB
[21:02:00] [80/326] SLVT
[21:02:00] 🔄 Identity reset
[21:02:00] 🔄 Identity rotated (every 10 requests)
[21:02:00] [81/326] SANA
[21:02:02] [82/326] ACMR
[21:02:03] [83/326] CPKN
[21:02:04] [84/326] DLGK
[21:02:05] [85/326] CWCK
[21:02:05] [86/326] FDDH
[21:02:07] [87/326] MMMD
[21:02:08] [88/326] CMEH
[21:02:09] [89/326] GGGV
[21:02:10] [90/326] SPJL
[21:02:10] 🔄 Identity reset
[21:02:10] 🔄 Identity rotated (every 10 requests)
[21:02:11] [91/326] RCCD
[21:02:12] [92/326] STTZ
[21:02:12] [93/326] BTCF
[21:02:13] [94/326] TSTZ
[21:02:14] [95/326] IPMM
[21:02:15] [96/326] PMPW
[21:02:16] [97/326] PCMZ
[21:02:17] [98/326] ESEM
[21:02:18] [99/326] PIPO
[21:02:19] [100/326] MATK
[21:02:19] 🔄 Identity reset
[21:02:19] 🔄 Identity rotated (every 10 requests)
[21:02:19] [101/326] PGHM
[21:02:21] [102/326] CTSR
[21:02:22] [103/326] CYKR
[21:02:24] [104/326] MSCM
[21:02:25] [105/326] RFNP
[21:02:26] [106/326] PDCP
[21:02:26] [107/326] NPSE
[21:02:28] [108/326] MKML
[21:02:28] [109/326] FTDP
[21:02:30] [110/326] MMXA
[21:02:30] 🔄 Identity reset
[21:02:30] 🔄 Identity rotated (every 10 requests)
[21:02:30] [111/326] CEPO
[21:02:31] [112/326] CMVP
[21:02:32] [113/326] SGTH
[21:02:33] [114/326] SAYN
[21:02:34] [115/326] URVS
[21:02:35] [116/326] VJTN
[21:02:36] [117/326] BBYK
[21:02:36] [118/326] SHBO
[21:02:37] [119/326] VCMR
[21:02:38] [120/326] MACT
[21:02:39] 🔄 Identity reset
[21:02:39] 🔄 Identity rotated (every 10 requests)
[21:02:39] [121/326] JMNP
[21:02:40] [122/326] VICS
[21:02:41] [123/326] VCDA
[21:02:43] [124/326] GCMM
[21:02:43] [125/326] INVS
[21:02:44] [126/326] SCGM
[21:02:45] [127/326] PCDA
[21:02:46] [128/326] KDCT
[21:02:47] [129/326] JACS
[21:02:48] [130/326] GMMC
[21:02:48] 🔄 Identity reset
[21:02:48] 🔄 Identity rotated (every 10 requests)
[21:02:49] [131/326] AICM
[21:02:50] [132/326] TJCM
[21:02:51] [133/326] RMTI
[21:02:52] [134/326] SHAC
[21:02:53] [135/326] APJC
[21:02:54] [136/326] GCTG
[21:02:55] [137/326] SSMC
[21:02:56] [138/326] THRM
[21:02:57] [139/326] RBCT
[21:02:58] [140/326] DIKT
[21:02:59] 🔄 Identity reset
[21:02:59] 🔄 Identity rotated (every 10 requests)
[21:02:59] [141/326] MIDL
[21:03:00] [142/326] VCSN
[21:03:01] [143/326] SKTG
[21:03:02] [144/326] SMWC
[21:03:03] [145/326] MNKH
[21:03:04] [146/326] PIAT
[21:03:06] [147/326] LTTP
[21:03:07] [148/326] PTPU
[21:03:08] [149/326] ACMG
[21:03:09] [150/326] SHMM
[21:03:09] 🔄 Identity reset
[21:03:09] 🔄 Identity rotated (every 10 requests)
[21:03:10] [151/326] MCMN
[21:03:11] [152/326] GLDC
[21:03:12] [153/326] HOUT
[21:03:14] [154/326] SVRP
[21:03:14] [155/326] PVDN
[21:03:15] [156/326] SCPY
[21:03:17] [157/326] DTPY
[21:03:18] [158/326] GKCS
[21:03:18] [159/326] NCAM
[21:03:19] [160/326] BSRM
[21:03:20] 🔄 Identity reset
[21:03:20] 🔄 Identity rotated (every 10 requests)
[21:03:20] [161/326] RCLC
[21:03:21] [162/326] SKKD
[21:03:22] [163/326] ACHU
[21:03:23] [164/326] RSCF
[21:03:24] [165/326] IMSH
[21:03:25] [166/326] MACX
[21:03:26] [167/326] HMMW
[21:03:27] [168/326] JTCP
[21:03:28] [169/326] SREN
[21:03:29] [170/326] PJRR
[21:03:29] 🔄 Identity reset
[21:03:29] 🔄 Identity rotated (every 10 requests)
[21:03:30] [171/326] INAC
[21:03:30] [172/326] BMCA
[21:03:31] [173/326] SHCB
[21:03:32] [174/326] GABA
[21:03:34] [175/326] SBCT
[21:03:35] [176/326] GCMA
[21:03:35] [177/326] MYTK
[21:03:36] [178/326] INZS
[21:03:37] [179/326] RMIK
[21:03:38] [180/326] NYCH
[21:03:39] 🔄 Identity reset
[21:03:39] 🔄 Identity rotated (every 10 requests)
[21:03:39] [181/326] RAVE
[21:03:40] [182/326] PSXM
[21:03:41] [183/326] MCGP
[21:03:41] [184/326] PDDK
[21:03:42] [185/326] SPCK
[21:03:43] [186/326] MCRL
[21:03:44] [187/326] MHKT
[21:03:46] [188/326] ANRR
[21:03:47] [189/326] SAPK
[21:03:48] [190/326] NCUK
[21:03:48] 🔄 Identity reset
[21:03:48] 🔄 Identity rotated (every 10 requests)
[21:03:49] [191/326] JUGA
[21:03:49] [192/326] DBSC
[21:03:50] [193/326] LALK
[21:03:51] [194/326] GUCK
[21:03:52] [195/326] STSG
[21:03:53] [196/326] PPPZ
[21:03:54] [197/326] CNCY
[21:03:55] [198/326] MTAR
[21:03:56] [199/326] VNKD
[21:03:56] [200/326] KMAJ
[21:03:57] 🔄 Identity reset
[21:03:57] 🔄 Identity rotated (every 10 requests)
[21:03:58] [201/326] ACXK
[21:03:59] [202/326] UTKC
[21:04:00] [203/326] PBLK
[21:04:01] [204/326] ACBX
[21:04:02] [205/326] PTGM
[21:04:03] [206/326] BTDA
[21:04:04] [207/326] PJMB
[21:04:05] [208/326] TPDA
[21:04:06] [209/326] AMOE
[21:04:07] [210/326] PRHT
[21:04:08] 🔄 Identity reset
[21:04:08] 🔄 Identity rotated (every 10 requests)
[21:04:08] [211/326] PRTA
[21:04:09] [212/326] STAM
[21:04:10] [213/326] MSAA
[21:04:11] [214/326] SDLU
[21:04:12] [215/326] RCHH
[21:04:13] [216/326] KANT
[21:04:14] [217/326] FCRT
[21:04:15] [218/326] DNKM
[21:04:16] [219/326] RYCP
[21:04:17] [220/326] MYRP
[21:04:18] 🔄 Identity reset
[21:04:18] 🔄 Identity rotated (every 10 requests)
[21:04:18] [221/326] PPAK
[21:04:19] [222/326] NVPK
[21:04:20] [223/326] PRMC
[21:04:21] [224/326] JBCS
[21:04:22] [225/326] GXCK
[21:04:23] [226/326] USKO
[21:04:24] [227/326] GTEM
[21:04:24] [228/326] SMBU
[21:04:25] [229/326] VETC
[21:04:26] [230/326] LCDA
[21:04:27] 🔄 Identity reset
[21:04:27] 🔄 Identity rotated (every 10 requests)
[21:04:27] [231/326] MTVT
[21:04:29] [232/326] PYCP
[21:04:30] [233/326] PNSC
[21:04:31] [234/326] PPCC
[21:04:32] [235/326] TGRT
[21:04:33] [236/326] JYOT
[21:04:34] [237/326] SRCZ
[21:04:35] [238/326] SJTE
[21:04:36] [239/326] DESC
[21:04:37] [240/326] JHVN
[21:04:38] 🔄 Identity reset
[21:04:38] 🔄 Identity rotated (every 10 requests)
[21:04:38] [241/326] IPSG
[21:04:39] [242/326] IPCM
[21:04:40] [243/326] PDRS
[21:04:41] [244/326] ANCV
[21:04:42] [245/326] CMVV
[21:04:42] [246/326] SHYP
[21:04:43] [247/326] DNCS
[21:04:44] [248/326] GAJK
[21:04:45] [249/326] AKTN
[21:04:46] [250/326] KAYA
[21:04:46] 🔄 Identity reset
[21:04:46] 🔄 Identity rotated (every 10 requests)
[21:04:47] [251/326] SBRC
[21:04:48] [252/326] CHTP
[21:04:49] [253/326] SHRT
[21:04:50] [254/326] BCKU
[21:04:50] [255/326] FCPS
[21:04:51] [256/326] ARDD
[21:04:52] [257/326] CPCM
[21:04:53] [258/326] CGSM
[21:04:54] [259/326] PSMP
[21:04:55] [260/326] SDAL
[21:04:56] 🔄 Identity reset
[21:04:56] 🔄 Identity rotated (every 10 requests)
[21:04:56] [261/326] RTNB
[21:04:57] [262/326] LMCR
[21:04:57] [263/326] CIMA
[21:04:58] [264/326] RNAS
[21:05:00] [265/326] LITH
[21:05:01] [266/326] PBOX
[21:05:01] [267/326] FRTS
[21:05:02] [268/326] RKIC
[21:05:03] [269/326] PTAI
[21:05:04] [270/326] GCIC
[21:05:05] 🔄 Identity reset
[21:05:05] 🔄 Identity rotated (every 10 requests)
[21:05:05] [271/326] FNAS
[21:05:06] [272/326] SCAR
[21:05:07] [273/326] MTCA
[21:05:07] [274/326] SCTS
[21:05:08] [275/326] SYCS
[21:05:09] [276/326] RDMS
[21:05:10] [277/326] KAMP
[21:05:11] [278/326] ERSD
[21:05:12] [279/326] MJMJ
[21:05:13] [280/326] SRCJ
[21:05:13] 🔄 Identity reset
[21:05:13] 🔄 Identity rotated (every 10 requests)
[21:05:14] [281/326] SCXE
[21:05:15] [282/326] SVFR
[21:05:16] [283/326] BHCS
[21:05:17] [284/326] IMCC
[21:05:19] [285/326] PCBO
[21:05:19] [286/326] PRVN
[21:05:21] [287/326] AUPM
[21:05:22] [288/326] INBW
[21:05:23] [289/326] SVCW
[21:05:23] [290/326] RKCF
[21:05:24] 🔄 Identity reset
[21:05:24] 🔄 Identity rotated (every 10 requests)
[21:05:24] [291/326] UVBH
[21:05:25] [292/326] DNCY
[21:05:26] [293/326] ABCN
[21:05:28] [294/326] PRUR
[21:05:29] [295/326] PFMR
[21:05:29] [296/326] RKCN
[21:05:30] [297/326] CFEA
[21:05:31] [298/326] SDBG
[21:05:32] [299/326] SNAR
[21:05:33] [300/326] YISI
[21:05:33] 🔄 Identity reset
[21:05:33] 🔄 Identity rotated (every 10 requests)
[21:05:34] [301/326] JCFF
[21:05:35] [302/326] VTRK
[21:05:36] [303/326] PCLZ
[21:05:36] [304/326] DIMY
[21:05:37] [305/326] BBTS
[21:05:38] [306/326] GATH
[21:05:39] [307/326] GTMN
[21:05:40] [308/326] VTMH
[21:05:41] [309/326] CCKP
[21:05:42] [310/326] GPKA
[21:05:43] 🔄 Identity reset
[21:05:43] 🔄 Identity rotated (every 10 requests)
[21:05:43] [311/326] MHCL
[21:05:44] [312/326] ATCL
[21:05:45] [313/326] SBCK
[21:05:46] [314/326] AMMR
[21:05:47] [315/326] MADC
[21:05:48] [316/326] TMMA
[21:05:49] [317/326] CACC
[21:05:50] [318/326] CHAL
[21:05:51] [319/326] DURG
[21:05:52] [320/326] GMKU
[21:05:53] 🔄 Identity reset
[21:05:53] 🔄 Identity rotated (every 10 requests)
[21:05:53] [321/326] GECA
[21:05:55] [322/326] KYRR
[21:05:56] [323/326] KSDE
[21:05:56] [324/326] LMCI
[21:05:57] [325/326] NKCP
[21:05:58] [326/326] BGTC
[21:05:59] 🧹 Deduping shows
[21:05:59] ✅ DONE | Shows=1182 | Movies=36
