[00:17:00] 🚀 BMS DAILY TRACKER STARTED (enhanced anti‑detection)
[00:17:00] [1/459] NECA
[00:17:00] 🧠 New identity created
[00:17:01] [2/459] BJLC
[00:17:02] [3/459] BASU
[00:17:02] [4/459] RUPI
[00:17:03] [5/459] LCBK
[00:17:04] [6/459] PMAC
[00:17:05] [7/459] AMLC
[00:17:06] [8/459] LICL
[00:17:07] [9/459] UDMM
[00:17:07] [10/459] STBZ
[00:17:08] 🔄 Identity reset
[00:17:08] 🔄 Identity rotated (every 10 requests)
[00:17:09] [11/459] UUBT
[00:17:10] [12/459] SJKC
[00:17:11] [13/459] TUAL
[00:17:12] [14/459] MRSE
[00:17:12] [15/459] RMRK
[00:17:13] [16/459] TTKP
[00:17:14] [17/459] KTKO
[00:17:15] [18/459] SDBK
[00:17:15] [19/459] MCPR
[00:17:16] [20/459] CHTI
[00:17:17] 🔄 Identity reset
[00:17:17] 🔄 Identity rotated (every 10 requests)
[00:17:17] [21/459] GCCP
[00:17:18] [22/459] SRMY
[00:17:18] [23/459] NYST
[00:17:19] [24/459] NYAG
[00:17:20] [25/459] SBMT
[00:17:21] [26/459] INGA
[00:17:22] [27/459] WSIC
[00:17:22] [28/459] SCSS
[00:17:23] [29/459] COPG
[00:17:24] [30/459] RCGR
[00:17:24] 🔄 Identity reset
[00:17:24] 🔄 Identity rotated (every 10 requests)
[00:17:24] [31/459] TCZA
[00:17:25] [32/459] CNLP
[00:17:26] [33/459] CLKN
[00:17:27] [34/459] LHDF
[00:17:28] [35/459] ELKC
[00:17:28] [36/459] VCEM
[00:17:30] [37/459] SSZA
[00:17:31] [38/459] KRMT
[00:17:32] [39/459] LCMV
[00:17:32] [40/459] AYCZ
[00:17:33] 🔄 Identity reset
[00:17:33] 🔄 Identity rotated (every 10 requests)
[00:17:33] [41/459] CUMS
[00:17:34] [42/459] BOCK
[00:17:36] [43/459] PNMR
[00:17:37] [44/459] PJCP
[00:17:37] [45/459] JDDD
[00:17:38] [46/459] STMS
[00:17:39] [47/459] FLMB
[00:17:40] [48/459] PKCM
[00:17:41] [49/459] SPPR
[00:17:41] [50/459] EYLH
[00:17:42] 🔄 Identity reset
[00:17:42] 🔄 Identity rotated (every 10 requests)
[00:17:43] [51/459] RJCC
[00:17:43] [52/459] MMPS
[00:17:44] [53/459] SHMX
[00:17:45] [54/459] CCNL
[00:17:46] [55/459] RCNV
[00:17:46] [56/459] MAAG
[00:17:47] [57/459] LXCM
[00:17:48] [58/459] RCNI
[00:17:49] [59/459] SNNI
[00:17:50] [60/459] LALC
[00:17:50] 🔄 Identity reset
[00:17:50] 🔄 Identity rotated (every 10 requests)
[00:17:50] [61/459] SOCN
[00:17:51] [62/459] JHTP
[00:17:52] [63/459] PITP
[00:17:53] [64/459] CCKW
[00:17:54] [65/459] MCMC
[00:17:54] [66/459] DEES
[00:17:55] [67/459] SABT
[00:17:56] [68/459] VSPP
[00:17:57] [69/459] ABCT
[00:17:58] [70/459] JVTB
[00:17:59] 🔄 Identity reset
[00:17:59] 🔄 Identity rotated (every 10 requests)
[00:17:59] [71/459] VCBD
[00:18:00] [72/459] RMGG
[00:18:00] [73/459] RNMH
[00:18:01] [74/459] SPGL
[00:18:02] [75/459] JTTR
[00:18:03] [76/459] SICS
[00:18:04] [77/459] SRMI
[00:18:05] [78/459] SSIJ
[00:18:06] [79/459] KFMT
[00:18:07] [80/459] VBIT
[00:18:07] 🔄 Identity reset
[00:18:07] 🔄 Identity rotated (every 10 requests)
[00:18:07] [81/459] JKCT
[00:18:09] [82/459] GCGP
[00:18:10] [83/459] GDCS
[00:18:11] [84/459] TRBA
[00:18:12] [85/459] QUST
[00:18:12] [86/459] VSHM
[00:18:13] [87/459] SDCP
[00:18:14] [88/459] SNVS
[00:18:15] [89/459] NYTO
[00:18:15] [90/459] URWC
[00:18:16] 🔄 Identity reset
[00:18:16] 🔄 Identity rotated (every 10 requests)
[00:18:16] [91/459] GTWH
[00:18:17] [92/459] PFCM
[00:18:18] [93/459] KRTA
[00:18:19] [94/459] AXMC
[00:18:20] [95/459] EVMC
[00:18:20] [96/459] HGSM
[00:18:21] [97/459] ACVM
[00:18:22] [98/459] PSKL
[00:18:23] [99/459] RDMP
[00:18:24] [100/459] RHGH
[00:18:24] 🔄 Identity reset
[00:18:24] 🔄 Identity rotated (every 10 requests)
[00:18:25] [101/459] OMCM
[00:18:26] [102/459] DCCP
[00:18:27] [103/459] MCPB
[00:18:28] [104/459] ALCI
[00:18:29] [105/459] BLMX
[00:18:30] [106/459] BTMV
[00:18:31] [107/459] FVPN
[00:18:32] [108/459] CMAR
[00:18:33] [109/459] CEIM
[00:18:33] [110/459] CMVA
[00:18:34] 🔄 Identity reset
[00:18:34] 🔄 Identity rotated (every 10 requests)
[00:18:34] [111/459] CPIV
[00:18:36] [112/459] CNPE
[00:18:36] [113/459] COLV
[00:18:37] [114/459] DNNV
[00:18:37] [115/459] HCAD
[00:18:38] [116/459] TAKA
[00:18:39] [117/459] INVD
[00:18:40] [118/459] IRMM
[00:18:41] [119/459] INSE
[00:18:42] [120/459] MRSW
[00:18:42] 🔄 Identity reset
[00:18:42] 🔄 Identity rotated (every 10 requests)
[00:18:43] [121/459] MCVD
[00:18:44] [122/459] MCSO
[00:18:45] [123/459] PEVM
[00:18:45] [124/459] PVNL
[00:18:46] [125/459] PTCV
[00:18:47] [126/459] PRTC
[00:18:48] [127/459] RCVA
[00:18:49] [128/459] MTBN
[00:18:49] [129/459] LUCP
[00:18:50] [130/459] FMPT
[00:18:51] 🔄 Identity reset
[00:18:51] 🔄 Identity rotated (every 10 requests)
[00:18:51] [131/459] JLSL
[00:18:52] [132/459] SBHA
[00:18:53] [133/459] SHRC
[00:18:53] [134/459] AVPS
[00:18:54] [135/459] STPM
[00:18:55] [136/459] ATRD
[00:18:56] [137/459] VTED
[00:18:58] [138/459] ACAI
[00:18:59] [139/459] SMAE
[00:19:00] [140/459] VMAT
[00:19:00] 🔄 Identity reset
[00:19:00] 🔄 Identity rotated (every 10 requests)
[00:19:01] [141/459] LKCT
[00:19:01] [142/459] JTVK
[00:19:02] [143/459] PRTY
[00:19:03] [144/459] GETT
[00:19:04] [145/459] ESAP
[00:19:05] [146/459] NCPM
[00:19:05] [147/459] PCPA
[00:19:06] [148/459] MMOM
[00:19:07] [149/459] PHUP
[00:19:08] [150/459] CCPI
[00:19:08] 🔄 Identity reset
[00:19:08] 🔄 Identity rotated (every 10 requests)
[00:19:09] [151/459] CNTD
[00:19:10] [152/459] NLJR
[00:19:11] [153/459] SRNG
[00:19:12] [154/459] MHAL
[00:19:13] [155/459] PNSM
[00:19:13] [156/459] DRMY
[00:19:14] [157/459] CCMU
[00:19:15] [158/459] SCMY
[00:19:15] [159/459] PVSY
[00:19:16] [160/459] SDLM
[00:19:17] 🔄 Identity reset
[00:19:17] 🔄 Identity rotated (every 10 requests)
[00:19:17] [161/459] ICCM
[00:19:18] [162/459] PYSU
[00:19:19] [163/459] GATM
[00:19:20] [164/459] WOTM
[00:19:21] [165/459] RKTS
[00:19:21] [166/459] PMTY
[00:19:22] [167/459] LYMS
[00:19:23] [168/459] TGCA
[00:19:24] [169/459] DSTA
[00:19:24] [170/459] CNGE
[00:19:25] 🔄 Identity reset
[00:19:25] 🔄 Identity rotated (every 10 requests)
[00:19:25] [171/459] VSTG
[00:19:26] [172/459] GTCK
[00:19:27] [173/459] TGNT
[00:19:28] [174/459] ASLC
[00:19:29] [175/459] SSST
[00:19:30] [176/459] KBTT
[00:19:31] [177/459] HKCP
[00:19:32] [178/459] SWLC
[00:19:32] [179/459] RTND
[00:19:33] [180/459] PKKT
[00:19:34] 🔄 Identity reset
[00:19:34] 🔄 Identity rotated (every 10 requests)
[00:19:34] [181/459] HSTK
[00:19:36] [182/459] SPTT
[00:19:36] [183/459] IMPM
[00:19:37] [184/459] SCMV
[00:19:38] [185/459] SPCT
[00:19:39] [186/459] JBCA
[00:19:39] [187/459] ATTR
[00:19:40] [188/459] SPMT
[00:19:41] [189/459] LCTM
[00:19:41] [190/459] SCVL
[00:19:42] 🔄 Identity reset
[00:19:42] 🔄 Identity rotated (every 10 requests)
[00:19:42] [191/459] SCVT
[00:19:43] [192/459] KRIC
[00:19:43] [193/459] CTMG
[00:19:44] [194/459] ACNC
[00:19:45] [195/459] DMCK
[00:19:46] [196/459] KMTV
[00:19:46] [197/459] PFCJ
[00:19:47] [198/459] VNMD
[00:19:48] [199/459] VPCZ
[00:19:49] [200/459] SRYR
[00:19:49] 🔄 Identity reset
[00:19:49] 🔄 Identity rotated (every 10 requests)
[00:19:49] [201/459] SYTR
[00:19:50] [202/459] GATR
[00:19:51] [203/459] URTR
[00:19:52] [204/459] MKSM
[00:19:53] [205/459] VSMH
[00:19:55] [206/459] SKRJ
[00:19:56] [207/459] SSJR
[00:19:56] [208/459] SVSM
[00:19:57] [209/459] RUCM
[00:19:57] [210/459] PRKN
[00:19:58] 🔄 Identity reset
[00:19:58] 🔄 Identity rotated (every 10 requests)
[00:19:58] [211/459] RROH
[00:19:59] [212/459] SCTN
[00:20:01] [213/459] RTDM
[00:20:01] [214/459] ASRM
[00:20:02] [215/459] SKMD
[00:20:03] [216/459] SUTD
[00:20:04] [217/459] SADM
[00:20:05] [218/459] WCNR
[00:20:06] [219/459] CNED
[00:20:07] [220/459] MPDB
[00:20:07] 🔄 Identity reset
[00:20:07] 🔄 Identity rotated (every 10 requests)
[00:20:08] [221/459] KTBH
[00:20:09] [222/459] IDRM
[00:20:09] [223/459] PJJT
[00:20:10] [224/459] PFCV
[00:20:11] [225/459] AACT
[00:20:12] [226/459] AAAD
[00:20:13] [227/459] ANES
[00:20:13] [228/459] MNCA
[00:20:14] [229/459] RMGU
[00:20:15] [230/459] DLCN
[00:20:15] 🔄 Identity reset
[00:20:15] 🔄 Identity rotated (every 10 requests)
[00:20:16] [231/459] LJWT
[00:20:16] [232/459] MCBG
[00:20:17] [233/459] MYBG
[00:20:19] [234/459] GCCA
[00:20:20] [235/459] GCGA
[00:20:20] [236/459] ECGN
[00:20:21] [237/459] PRAB
[00:20:22] [238/459] PNMP
[00:20:22] [239/459] GCPT
[00:20:24] [240/459] ROYN
[00:20:24] 🔄 Identity reset
[00:20:24] 🔄 Identity rotated (every 10 requests)
[00:20:25] [241/459] VATM
[00:20:25] [242/459] KSNT
[00:20:26] [243/459] ACTC
[00:20:27] [244/459] PLTD
[00:20:28] [245/459] SKMK
[00:20:29] [246/459] CMTT
[00:20:29] [247/459] SMXP
[00:20:30] [248/459] SCMX
[00:20:32] [249/459] ACXN
[00:20:32] [250/459] ASWT
[00:20:33] 🔄 Identity reset
[00:20:33] 🔄 Identity rotated (every 10 requests)
[00:20:33] [251/459] VVVL
[00:20:34] [252/459] NAGO
[00:20:35] [253/459] SNCN
[00:20:35] [254/459] MCKP
[00:20:36] [255/459] SAMO
[00:20:37] [256/459] JBTV
[00:20:38] [257/459] DCVV
[00:20:38] [258/459] KMSV
[00:20:39] [259/459] KDCN
[00:20:40] [260/459] CNCP
[00:20:41] 🔄 Identity reset
[00:20:41] 🔄 Identity rotated (every 10 requests)
[00:20:41] [261/459] HAMC
[00:20:42] [262/459] CCVZ
[00:20:42] [263/459] NCCK
[00:20:43] [264/459] MCHR
[00:20:44] [265/459] SCHT
[00:20:45] [266/459] ESSH
[00:20:46] [267/459] CUJC
[00:20:47] [268/459] PECP
[00:20:48] [269/459] PMMI
[00:20:49] [270/459] PCCH
[00:20:50] 🔄 Identity reset
[00:20:50] 🔄 Identity rotated (every 10 requests)
[00:20:50] [271/459] PRPM
[00:20:51] [272/459] PVKL
[00:20:51] [273/459] CBSM
[00:20:52] [274/459] PVCZ
[00:20:53] [275/459] PCVV
[00:20:54] [276/459] CTMJ
[00:20:55] [277/459] RCPS
[00:20:55] [278/459] PCIT
[00:20:56] [279/459] FNCH
[00:20:57] [280/459] INZD
[00:20:57] 🔄 Identity reset
[00:20:58] 🔄 Identity rotated (every 10 requests)
[00:20:58] [281/459] INPC
[00:20:58] [282/459] LCZP
[00:20:59] [283/459] SMCB
[00:21:00] [284/459] PTSB
[00:21:01] [285/459] TPSI
[00:21:02] [286/459] KHMJ
[00:21:02] [287/459] RCCJ
[00:21:03] [288/459] NCJA
[00:21:04] [289/459] NCJN
[00:21:04] [290/459] BTDP
[00:21:05] 🔄 Identity reset
[00:21:05] 🔄 Identity rotated (every 10 requests)
[00:21:05] [291/459] PADY
[00:21:06] [292/459] NYBH
[00:21:06] [293/459] MTBR
[00:21:07] [294/459] KRBC
[00:21:08] [295/459] DKTI
[00:21:09] [296/459] ANAN
[00:21:09] [297/459] INBP
[00:21:10] [298/459] PATB
[00:21:11] [299/459] RGNT
[00:21:11] [300/459] CGPM
[00:21:12] 🔄 Identity reset
[00:21:12] 🔄 Identity rotated (every 10 requests)
[00:21:12] [301/459] INTN
[00:21:13] [302/459] MCMP
[00:21:14] [303/459] ASRG
[00:21:15] [304/459] CXJD
[00:21:15] [305/459] SPCP
[00:21:16] [306/459] CSTP
[00:21:17] [307/459] PKVC
[00:21:17] [308/459] ESCP
[00:21:18] [309/459] CAEP
[00:21:20] [310/459] CCSP
[00:21:20] 🔄 Identity reset
[00:21:20] 🔄 Identity rotated (every 10 requests)
[00:21:20] [311/459] KTPC
[00:21:21] [312/459] DACA
[00:21:22] [313/459] NVKY
[00:21:23] [314/459] PTIN
[00:21:24] [315/459] SCIN
[00:21:24] [316/459] MCTY
[00:21:25] [317/459] PCMX
[00:21:26] [318/459] INIC
[00:21:27] [319/459] MMZM
[00:21:28] [320/459] SSLP
[00:21:29] 🔄 Identity reset
[00:21:29] 🔄 Identity rotated (every 10 requests)
[00:21:29] [321/459] DTDT
[00:21:30] [322/459] FFCX
[00:21:31] [323/459] RCMM
[00:21:33] [324/459] KYID
[00:21:33] [325/459] CSCI
[00:21:34] [326/459] FCMC
[00:21:35] [327/459] MMXI
[00:21:36] [328/459] ASTC
[00:21:37] [329/459] CMRA
[00:21:38] [330/459] DICI
[00:21:39] 🔄 Identity reset
[00:21:39] 🔄 Identity rotated (every 10 requests)
[00:21:39] [331/459] KDIN
[00:21:40] [332/459] PRFI
[00:21:41] [333/459] SVFC
[00:21:41] [334/459] UCPL
[00:21:42] [335/459] COOC
[00:21:44] [336/459] SCAL
[00:21:44] [337/459] SVFF
[00:21:45] [338/459] VCMG
[00:21:46] [339/459] UUCT
[00:21:46] [340/459] GCSE
[00:21:47] 🔄 Identity reset
[00:21:47] 🔄 Identity rotated (every 10 requests)
[00:21:47] [341/459] SUSC
[00:21:48] [342/459] MISC
[00:21:49] [343/459] RMBL
[00:21:49] [344/459] CMXN
[00:21:50] [345/459] PVBK
[00:21:51] [346/459] HHCG
[00:21:52] [347/459] SCAG
[00:21:52] [348/459] CNPR
[00:21:53] [349/459] CSER
[00:21:54] [350/459] HLWD
[00:21:54] 🔄 Identity reset
[00:21:54] 🔄 Identity rotated (every 10 requests)
[00:21:55] [351/459] BOLY
[00:21:56] [352/459] SSPG
[00:21:57] [353/459] MUPX
[00:21:57] [354/459] HAMR
[00:21:58] [355/459] SDNC
[00:21:59] [356/459] RTEN
[00:22:00] [357/459] SDTD
[00:22:00] [358/459] KAWS
[00:22:01] [359/459] CMZX
[00:22:02] [360/459] DCDD
[00:22:03] 🔄 Identity reset
[00:22:03] 🔄 Identity rotated (every 10 requests)
[00:22:03] [361/459] ALSN
[00:22:04] [362/459] IMXS
[00:22:05] [363/459] PVFF
[00:22:05] [364/459] PVOO
[00:22:06] [365/459] CFBS
[00:22:08] [366/459] PVER
[00:22:09] [367/459] PPNX
[00:22:09] [368/459] CNRM
[00:22:10] [369/459] PVWW
[00:22:11] [370/459] INMB
[00:22:12] 🔄 Identity reset
[00:22:12] 🔄 Identity rotated (every 10 requests)
[00:22:12] [371/459] CPJR
[00:22:13] [372/459] INRZ
[00:22:14] [373/459] PMSR
[00:22:14] [374/459] GPGM
[00:22:15] [375/459] PGWB
[00:22:17] [376/459] PMBR
[00:22:18] [377/459] GPAM
[00:22:18] [378/459] INBC
[00:22:19] [379/459] PZVK
[00:22:20] [380/459] CPEB
[00:22:20] 🔄 Identity reset
[00:22:20] 🔄 Identity rotated (every 10 requests)
[00:22:21] [381/459] FMLB
[00:22:22] [382/459] INBG
[00:22:23] [383/459] GPBR
[00:22:25] [384/459] PAAS
[00:22:25] [385/459] VTBR
[00:22:26] [386/459] GPMY
[00:22:27] [387/459] GYBU
[00:22:27] [388/459] INBJ
[00:22:28] [389/459] LKTH
[00:22:29] [390/459] NSBR
[00:22:30] 🔄 Identity reset
[00:22:30] 🔄 Identity rotated (every 10 requests)
[00:22:30] [391/459] PDRD
[00:22:31] [392/459] VRBL
[00:22:31] [393/459] VTGB
[00:22:32] [394/459] VTSK
[00:22:33] [395/459] BKDV
[00:22:34] [396/459] SVTB
[00:22:35] [397/459] MLDT
[00:22:36] [398/459] NRBL
[00:22:36] [399/459] SLTR
[00:22:37] [400/459] VNKA
[00:22:38] 🔄 Identity reset
[00:22:38] 🔄 Identity rotated (every 10 requests)
[00:22:38] [401/459] TDCA
[00:22:39] [402/459] INBM
[00:22:40] [403/459] SSNR
[00:22:41] [404/459] BHAC
[00:22:42] [405/459] SDSD
[00:22:42] [406/459] SAMP
[00:22:43] [407/459] RATK
[00:22:44] [408/459] KCBI
[00:22:44] [409/459] URBL
[00:22:45] [410/459] MKBG
[00:22:46] 🔄 Identity reset
[00:22:46] 🔄 Identity rotated (every 10 requests)
[00:22:47] [411/459] ASTB
[00:22:48] [412/459] VBWT
[00:22:48] [413/459] GPSM
[00:22:49] [414/459] ROON
[00:22:50] [415/459] CHTH
[00:22:51] [416/459] SSPA
[00:22:52] [417/459] ANBL
[00:22:53] [418/459] VTBE
[00:22:54] [419/459] SVKT
[00:22:56] [420/459] SVYK
[00:22:56] 🔄 Identity reset
[00:22:56] 🔄 Identity rotated (every 10 requests)
[00:22:57] [421/459] PTBK
[00:22:57] [422/459] RKTB
[00:22:59] [423/459] BALT
[00:22:59] [424/459] STSV
[00:23:00] [425/459] VCCB
[00:23:01] [426/459] SLTB
[00:23:02] [427/459] SBCR
[00:23:03] [428/459] VDCS
[00:23:04] [429/459] MDKI
[00:23:05] [430/459] SMRN
[00:23:06] 🔄 Identity reset
[00:23:06] 🔄 Identity rotated (every 10 requests)
[00:23:06] [431/459] PTBC
[00:23:07] [432/459] RADI
[00:23:08] [433/459] ADCR
[00:23:08] [434/459] SDCS
[00:23:10] [435/459] SRPJ
[00:23:11] [436/459] ARTS
[00:23:12] [437/459] SRHK
[00:23:12] [438/459] SPAY
[00:23:13] [439/459] GPTB
[00:23:15] [440/459] SNNN
[00:23:15] 🔄 Identity reset
[00:23:15] 🔄 Identity rotated (every 10 requests)
[00:23:15] [441/459] BALJ
[00:23:16] [442/459] TRIG
[00:23:17] [443/459] GTYT
[00:23:17] [444/459] ATGN
[00:23:18] [445/459] ANTE
[00:23:19] [446/459] BDCG
[00:23:20] [447/459] VECI
[00:23:20] [448/459] SCPR
[00:23:21] [449/459] RTEA
[00:23:22] [450/459] JSAI
[00:23:23] 🔄 Identity reset
[00:23:23] 🔄 Identity rotated (every 10 requests)
[00:23:23] [451/459] VJTP
[00:23:24] [452/459] GNDS
[00:23:24] [453/459] PAXA
[00:23:25] [454/459] CGGM
[00:23:26] [455/459] ACKZ
[00:23:27] [456/459] EMCC
[00:23:28] [457/459] KLSK
[00:23:29] [458/459] AVCK
[00:23:29] [459/459] JTCK
[00:23:30] ✅ DONE | Shows=0 | Movies=0
[01:16:44] 🚀 BMS DAILY TRACKER STARTED (enhanced anti‑detection)
[01:16:44] [1/459] NECA
[01:16:45] 🧠 New identity created
[01:16:46] [2/459] BJLC
[01:16:47] [3/459] BASU
[01:16:49] [4/459] RUPI
[01:16:49] [5/459] LCBK
[01:16:50] [6/459] PMAC
[01:16:52] [7/459] AMLC
[01:16:52] [8/459] LICL
[01:16:53] [9/459] UDMM
[01:16:54] [10/459] STBZ
[01:16:55] 🔄 Identity reset
[01:16:55] 🔄 Identity rotated (every 10 requests)
[01:16:55] [11/459] UUBT
[01:16:56] [12/459] SJKC
[01:16:57] [13/459] TUAL
[01:16:58] [14/459] MRSE
[01:16:59] [15/459] RMRK
[01:17:00] [16/459] TTKP
[01:17:00] [17/459] KTKO
[01:17:02] [18/459] SDBK
[01:17:03] [19/459] MCPR
[01:17:04] [20/459] CHTI
[01:17:04] 🔄 Identity reset
[01:17:04] 🔄 Identity rotated (every 10 requests)
[01:17:05] [21/459] GCCP
[01:17:06] [22/459] SRMY
[01:17:07] [23/459] NYST
[01:17:08] [24/459] NYAG
[01:17:08] [25/459] SBMT
[01:17:09] [26/459] INGA
[01:17:10] [27/459] WSIC
[01:17:11] [28/459] SCSS
[01:17:12] [29/459] COPG
[01:17:13] [30/459] RCGR
[01:17:13] 🔄 Identity reset
[01:17:13] 🔄 Identity rotated (every 10 requests)
[01:17:14] [31/459] TCZA
[01:17:14] [32/459] CNLP
[01:17:15] [33/459] CLKN
[01:17:16] [34/459] LHDF
[01:17:17] [35/459] ELKC
[01:17:18] [36/459] VCEM
[01:17:19] [37/459] SSZA
[01:17:20] [38/459] KRMT
[01:17:21] [39/459] LCMV
[01:17:22] [40/459] AYCZ
[01:17:22] 🔄 Identity reset
[01:17:22] 🔄 Identity rotated (every 10 requests)
[01:17:23] [41/459] CUMS
[01:17:24] [42/459] BOCK
[01:17:25] [43/459] PNMR
[01:17:26] [44/459] PJCP
[01:17:27] [45/459] JDDD
[01:17:28] [46/459] STMS
[01:17:29] [47/459] FLMB
[01:17:31] [48/459] PKCM
[01:17:32] [49/459] SPPR
[01:17:33] [50/459] EYLH
[01:17:34] 🔄 Identity reset
[01:17:34] 🔄 Identity rotated (every 10 requests)
[01:17:34] [51/459] RJCC
[01:17:36] [52/459] MMPS
[01:17:37] [53/459] SHMX
[01:17:37] [54/459] CCNL
[01:17:38] [55/459] RCNV
[01:17:40] [56/459] MAAG
[01:17:40] [57/459] LXCM
[01:17:41] [58/459] RCNI
[01:17:42] [59/459] SNNI
[01:17:44] [60/459] LALC
[01:17:44] 🔄 Identity reset
[01:17:44] 🔄 Identity rotated (every 10 requests)
[01:17:45] [61/459] SOCN
[01:17:46] [62/459] JHTP
[01:17:47] [63/459] PITP
[01:17:48] [64/459] CCKW
[01:17:49] [65/459] MCMC
[01:17:50] [66/459] DEES
[01:17:51] [67/459] SABT
[01:17:51] [68/459] VSPP
[01:17:52] [69/459] ABCT
[01:17:53] [70/459] JVTB
[01:17:54] 🔄 Identity reset
[01:17:54] 🔄 Identity rotated (every 10 requests)
[01:17:54] [71/459] VCBD
[01:17:55] [72/459] RMGG
[01:17:56] [73/459] RNMH
[01:17:58] [74/459] SPGL
[01:17:59] [75/459] JTTR
[01:18:00] [76/459] SICS
[01:18:00] [77/459] SRMI
[01:18:01] [78/459] SSIJ
[01:18:03] [79/459] KFMT
[01:18:04] [80/459] VBIT
[01:18:05] 🔄 Identity reset
[01:18:05] 🔄 Identity rotated (every 10 requests)
[01:18:06] [81/459] JKCT
[01:18:07] [82/459] GCGP
[01:18:08] [83/459] GDCS
[01:18:10] [84/459] TRBA
[01:18:11] [85/459] QUST
[01:18:11] [86/459] VSHM
[01:18:12] [87/459] SDCP
[01:18:13] [88/459] SNVS
[01:18:14] [89/459] NYTO
[01:18:15] [90/459] URWC
[01:18:16] 🔄 Identity reset
[01:18:16] 🔄 Identity rotated (every 10 requests)
[01:18:16] [91/459] GTWH
[01:18:17] [92/459] PFCM
[01:18:18] [93/459] KRTA
[01:18:19] [94/459] AXMC
[01:18:20] [95/459] EVMC
[01:18:20] [96/459] HGSM
[01:18:21] [97/459] ACVM
[01:18:22] [98/459] PSKL
[01:18:23] [99/459] RDMP
[01:18:24] [100/459] RHGH
[01:18:25] 🔄 Identity reset
[01:18:25] 🔄 Identity rotated (every 10 requests)
[01:18:25] [101/459] OMCM
[01:18:27] [102/459] DCCP
[01:18:28] [103/459] MCPB
[01:18:29] [104/459] ALCI
[01:18:30] [105/459] BLMX
[01:18:31] [106/459] BTMV
[01:18:32] [107/459] FVPN
[01:18:33] [108/459] CMAR
[01:18:34] [109/459] CEIM
[01:18:35] [110/459] CMVA
[01:18:36] 🔄 Identity reset
[01:18:36] 🔄 Identity rotated (every 10 requests)
[01:18:36] [111/459] CPIV
[01:18:38] [112/459] CNPE
[01:18:38] [113/459] COLV
[01:18:40] [114/459] DNNV
[01:18:42] [115/459] HCAD
[01:18:43] [116/459] TAKA
[01:18:44] [117/459] INVD
[01:18:45] [118/459] IRMM
[01:18:45] [119/459] INSE
[01:18:46] [120/459] MRSW
[01:18:47] 🔄 Identity reset
[01:18:47] 🔄 Identity rotated (every 10 requests)
[01:18:47] [121/459] MCVD
[01:18:48] [122/459] MCSO
[01:18:49] [123/459] PEVM
[01:18:50] [124/459] PVNL
[01:18:51] [125/459] PTCV
[01:18:52] [126/459] PRTC
[01:18:53] [127/459] RCVA
[01:18:54] [128/459] MTBN
[01:18:54] [129/459] LUCP
[01:18:56] [130/459] FMPT
[01:18:57] 🔄 Identity reset
[01:18:57] 🔄 Identity rotated (every 10 requests)
[01:18:57] [131/459] JLSL
[01:18:58] [132/459] SBHA
[01:18:59] [133/459] SHRC
[01:19:00] [134/459] AVPS
[01:19:01] [135/459] STPM
[01:19:02] [136/459] ATRD
[01:19:03] [137/459] VTED
[01:19:04] [138/459] ACAI
[01:19:05] [139/459] SMAE
[01:19:06] [140/459] VMAT
[01:19:07] 🔄 Identity reset
[01:19:07] 🔄 Identity rotated (every 10 requests)
[01:19:07] [141/459] LKCT
[01:19:08] [142/459] JTVK
[01:19:09] [143/459] PRTY
[01:19:10] [144/459] GETT
[01:19:11] [145/459] ESAP
[01:19:12] [146/459] NCPM
[01:19:12] [147/459] PCPA
[01:19:13] [148/459] MMOM
[01:19:14] [149/459] PHUP
[01:19:15] [150/459] CCPI
[01:19:16] 🔄 Identity reset
[01:19:16] 🔄 Identity rotated (every 10 requests)
[01:19:16] [151/459] CNTD
[01:19:18] [152/459] NLJR
[01:19:19] [153/459] SRNG
[01:19:20] [154/459] MHAL
[01:19:21] [155/459] PNSM
[01:19:22] [156/459] DRMY
[01:19:23] [157/459] CCMU
[01:19:24] [158/459] SCMY
[01:19:24] [159/459] PVSY
[01:19:26] [160/459] SDLM
[01:19:26] 🔄 Identity reset
[01:19:26] 🔄 Identity rotated (every 10 requests)
[01:19:26] [161/459] ICCM
[01:19:27] [162/459] PYSU
[01:19:29] [163/459] GATM
[01:19:30] [164/459] WOTM
[01:19:31] [165/459] RKTS
[01:19:31] [166/459] PMTY
[01:19:32] [167/459] LYMS
[01:19:33] [168/459] TGCA
[01:19:34] [169/459] DSTA
[01:19:35] [170/459] CNGE
[01:19:35] 🔄 Identity reset
[01:19:35] 🔄 Identity rotated (every 10 requests)
[01:19:36] [171/459] VSTG
[01:19:37] [172/459] GTCK
[01:19:38] [173/459] TGNT
[01:19:39] [174/459] ASLC
[01:19:40] [175/459] SSST
[01:19:41] [176/459] KBTT
[01:19:43] [177/459] HKCP
[01:19:44] [178/459] SWLC
[01:19:44] [179/459] RTND
[01:19:45] [180/459] PKKT
[01:19:46] 🔄 Identity reset
[01:19:46] 🔄 Identity rotated (every 10 requests)
[01:19:46] [181/459] HSTK
[01:19:47] [182/459] SPTT
[01:19:48] [183/459] IMPM
[01:19:49] [184/459] SCMV
[01:19:50] [185/459] SPCT
[01:19:51] [186/459] JBCA
[01:19:52] [187/459] ATTR
[01:19:54] [188/459] SPMT
[01:19:55] [189/459] LCTM
[01:19:55] [190/459] SCVL
[01:19:56] 🔄 Identity reset
[01:19:56] 🔄 Identity rotated (every 10 requests)
[01:19:57] [191/459] SCVT
[01:19:57] [192/459] KRIC
[01:19:58] [193/459] CTMG
[01:19:59] [194/459] ACNC
[01:20:00] [195/459] DMCK
[01:20:01] [196/459] KMTV
[01:20:02] [197/459] PFCJ
[01:20:03] [198/459] VNMD
[01:20:04] [199/459] VPCZ
[01:20:05] [200/459] SRYR
[01:20:06] 🔄 Identity reset
[01:20:06] 🔄 Identity rotated (every 10 requests)
[01:20:07] [201/459] SYTR
[01:20:08] [202/459] GATR
[01:20:09] [203/459] URTR
[01:20:09] [204/459] MKSM
[01:20:10] [205/459] VSMH
[01:20:12] [206/459] SKRJ
[01:20:14] [207/459] SSJR
[01:20:15] [208/459] SVSM
[01:20:15] [209/459] RUCM
[01:20:16] [210/459] PRKN
[01:20:17] 🔄 Identity reset
[01:20:17] 🔄 Identity rotated (every 10 requests)
[01:20:17] [211/459] RROH
[01:20:18] [212/459] SCTN
[01:20:20] [213/459] RTDM
[01:20:21] [214/459] ASRM
[01:20:22] [215/459] SKMD
[01:20:22] [216/459] SUTD
[01:20:23] [217/459] SADM
[01:20:24] [218/459] WCNR
[01:20:25] [219/459] CNED
[01:20:26] [220/459] MPDB
[01:20:27] 🔄 Identity reset
[01:20:27] 🔄 Identity rotated (every 10 requests)
[01:20:28] [221/459] KTBH
[01:20:28] [222/459] IDRM
[01:20:29] [223/459] PJJT
[01:20:30] [224/459] PFCV
[01:20:31] [225/459] AACT
[01:20:32] [226/459] AAAD
[01:20:33] [227/459] ANES
[01:20:34] [228/459] MNCA
[01:20:36] [229/459] RMGU
[01:20:37] [230/459] DLCN
[01:20:37] 🔄 Identity reset
[01:20:37] 🔄 Identity rotated (every 10 requests)
[01:20:38] [231/459] LJWT
[01:20:39] [232/459] MCBG
[01:20:39] [233/459] MYBG
[01:20:40] [234/459] GCCA
[01:20:41] [235/459] GCGA
[01:20:42] [236/459] ECGN
[01:20:43] [237/459] PRAB
[01:20:44] [238/459] PNMP
[01:20:45] [239/459] GCPT
[01:20:46] [240/459] ROYN
[01:20:46] 🔄 Identity reset
[01:20:46] 🔄 Identity rotated (every 10 requests)
[01:20:47] [241/459] VATM
[01:20:47] [242/459] KSNT
[01:20:48] [243/459] ACTC
[01:20:49] [244/459] PLTD
[01:20:50] [245/459] SKMK
[01:20:51] [246/459] CMTT
[01:20:52] [247/459] SMXP
[01:20:53] [248/459] SCMX
[01:20:54] [249/459] ACXN
[01:20:55] [250/459] ASWT
[01:20:55] 🔄 Identity reset
[01:20:56] 🔄 Identity rotated (every 10 requests)
[01:20:56] [251/459] VVVL
[01:20:57] [252/459] NAGO
[01:20:58] [253/459] SNCN
[01:20:59] [254/459] MCKP
[01:20:59] [255/459] SAMO
[01:21:00] [256/459] JBTV
[01:21:01] [257/459] DCVV
[01:21:02] [258/459] KMSV
[01:21:03] [259/459] KDCN
[01:21:04] [260/459] CNCP
[01:21:05] 🔄 Identity reset
[01:21:05] 🔄 Identity rotated (every 10 requests)
[01:21:05] [261/459] HAMC
[01:21:07] [262/459] CCVZ
[01:21:08] [263/459] NCCK
[01:21:09] [264/459] MCHR
[01:21:10] [265/459] SCHT
[01:21:10] [266/459] ESSH
[01:21:12] [267/459] CUJC
[01:21:13] [268/459] PECP
[01:21:14] [269/459] PMMI
[01:21:15] [270/459] PCCH
[01:21:16] 🔄 Identity reset
[01:21:16] 🔄 Identity rotated (every 10 requests)
[01:21:16] [271/459] PRPM
[01:21:17] [272/459] PVKL
[01:21:18] [273/459] CBSM
[01:21:19] [274/459] PVCZ
[01:21:20] [275/459] PCVV
[01:21:21] [276/459] CTMJ
[01:21:22] [277/459] RCPS
[01:21:23] [278/459] PCIT
[01:21:24] [279/459] FNCH
[01:21:24] [280/459] INZD
[01:21:25] 🔄 Identity reset
[01:21:25] 🔄 Identity rotated (every 10 requests)
[01:21:25] [281/459] INPC
[01:21:26] [282/459] LCZP
[01:21:27] [283/459] SMCB
[01:21:28] [284/459] PTSB
[01:21:29] [285/459] TPSI
[01:21:30] [286/459] KHMJ
[01:21:31] [287/459] RCCJ
[01:21:32] [288/459] NCJA
[01:21:32] [289/459] NCJN
[01:21:33] [290/459] BTDP
[01:21:34] 🔄 Identity reset
[01:21:34] 🔄 Identity rotated (every 10 requests)
[01:21:34] [291/459] PADY
[01:21:35] [292/459] NYBH
[01:21:36] [293/459] MTBR
[01:21:37] [294/459] KRBC
[01:21:38] [295/459] DKTI
[01:21:39] [296/459] ANAN
[01:21:40] [297/459] INBP
[01:21:41] [298/459] PATB
[01:21:42] [299/459] RGNT
[01:21:43] [300/459] CGPM
[01:21:44] 🔄 Identity reset
[01:21:44] 🔄 Identity rotated (every 10 requests)
[01:21:44] [301/459] INTN
[01:21:45] [302/459] MCMP
[01:21:46] [303/459] ASRG
[01:21:47] [304/459] CXJD
[01:21:48] [305/459] SPCP
[01:21:49] [306/459] CSTP
[01:21:50] [307/459] PKVC
[01:21:51] [308/459] ESCP
[01:21:52] [309/459] CAEP
[01:21:52] [310/459] CCSP
[01:21:53] 🔄 Identity reset
[01:21:53] 🔄 Identity rotated (every 10 requests)
[01:21:53] [311/459] KTPC
[01:21:54] [312/459] DACA
[01:21:55] [313/459] NVKY
[01:21:56] [314/459] PTIN
[01:21:57] [315/459] SCIN
[01:21:59] [316/459] MCTY
[01:21:59] [317/459] PCMX
[01:22:00] [318/459] INIC
[01:22:01] [319/459] MMZM
[01:22:02] [320/459] SSLP
[01:22:03] 🔄 Identity reset
[01:22:03] 🔄 Identity rotated (every 10 requests)
[01:22:03] [321/459] DTDT
[01:22:04] [322/459] FFCX
[01:22:05] [323/459] RCMM
[01:22:06] [324/459] KYID
[01:22:07] [325/459] CSCI
[01:22:08] [326/459] FCMC
[01:22:09] [327/459] MMXI
[01:22:10] [328/459] ASTC
[01:22:10] [329/459] CMRA
[01:22:11] [330/459] DICI
[01:22:12] 🔄 Identity reset
[01:22:12] 🔄 Identity rotated (every 10 requests)
[01:22:12] [331/459] KDIN
[01:22:13] [332/459] PRFI
[01:22:15] [333/459] SVFC
[01:22:16] [334/459] UCPL
[01:22:17] [335/459] COOC
[01:22:18] [336/459] SCAL
[01:22:18] [337/459] SVFF
[01:22:19] [338/459] VCMG
[01:22:21] [339/459] UUCT
[01:22:22] [340/459] GCSE
[01:22:22] 🔄 Identity reset
[01:22:22] 🔄 Identity rotated (every 10 requests)
[01:22:22] [341/459] SUSC
[01:22:23] [342/459] MISC
[01:22:24] [343/459] RMBL
[01:22:26] [344/459] CMXN
[01:22:27] [345/459] PVBK
[01:22:27] [346/459] HHCG
[01:22:28] [347/459] SCAG
[01:22:29] [348/459] CNPR
[01:22:30] [349/459] CSER
[01:22:31] [350/459] HLWD
[01:22:31] 🔄 Identity reset
[01:22:31] 🔄 Identity rotated (every 10 requests)
[01:22:32] [351/459] BOLY
[01:22:32] [352/459] SSPG
[01:22:33] [353/459] MUPX
[01:22:34] [354/459] HAMR
[01:22:35] [355/459] SDNC
[01:22:36] [356/459] RTEN
[01:22:38] [357/459] SDTD
[01:22:39] [358/459] KAWS
[01:22:40] [359/459] CMZX
[01:22:41] [360/459] DCDD
[01:22:42] 🔄 Identity reset
[01:22:42] 🔄 Identity rotated (every 10 requests)
[01:22:42] [361/459] ALSN
[01:22:43] [362/459] IMXS
[01:22:44] [363/459] PVFF
[01:22:45] [364/459] PVOO
[01:22:45] [365/459] CFBS
[01:22:46] [366/459] PVER
[01:22:47] [367/459] PPNX
[01:22:48] [368/459] CNRM
[01:22:49] [369/459] PVWW
[01:22:50] [370/459] INMB
[01:22:51] 🔄 Identity reset
[01:22:51] 🔄 Identity rotated (every 10 requests)
[01:22:51] [371/459] CPJR
[01:22:53] [372/459] INRZ
[01:22:53] [373/459] PMSR
[01:22:54] [374/459] GPGM
[01:22:55] [375/459] PGWB
[01:22:57] [376/459] PMBR
[01:22:59] [377/459] GPAM
[01:23:00] [378/459] INBC
[01:23:00] [379/459] PZVK
[01:23:01] [380/459] CPEB
[01:23:02] 🔄 Identity reset
[01:23:02] 🔄 Identity rotated (every 10 requests)
[01:23:02] [381/459] FMLB
[01:23:03] [382/459] INBG
[01:23:04] [383/459] GPBR
[01:23:05] [384/459] PAAS
[01:23:06] [385/459] VTBR
[01:23:07] [386/459] GPMY
[01:23:08] [387/459] GYBU
[01:23:09] [388/459] INBJ
[01:23:09] [389/459] LKTH
[01:23:10] [390/459] NSBR
[01:23:11] 🔄 Identity reset
[01:23:11] 🔄 Identity rotated (every 10 requests)
[01:23:11] [391/459] PDRD
[01:23:12] [392/459] VRBL
[01:23:13] [393/459] VTGB
[01:23:15] [394/459] VTSK
[01:23:16] [395/459] BKDV
[01:23:17] [396/459] SVTB
[01:23:18] [397/459] MLDT
[01:23:18] [398/459] NRBL
[01:23:19] [399/459] SLTR
[01:23:21] [400/459] VNKA
[01:23:22] 🔄 Identity reset
[01:23:22] 🔄 Identity rotated (every 10 requests)
[01:23:22] [401/459] TDCA
[01:23:23] [402/459] INBM
[01:23:24] [403/459] SSNR
[01:23:25] [404/459] BHAC
[01:23:26] [405/459] SDSD
[01:23:28] [406/459] SAMP
[01:23:29] [407/459] RATK
[01:23:31] [408/459] KCBI
[01:23:31] [409/459] URBL
[01:23:32] [410/459] MKBG
[01:23:33] 🔄 Identity reset
[01:23:33] 🔄 Identity rotated (every 10 requests)
[01:23:33] [411/459] ASTB
[01:23:36] [412/459] VBWT
[01:23:37] [413/459] GPSM
[01:23:38] [414/459] ROON
[01:23:40] [415/459] CHTH
[01:23:40] [416/459] SSPA
[01:23:42] [417/459] ANBL
[01:23:43] [418/459] VTBE
[01:23:44] [419/459] SVKT
[01:23:46] [420/459] SVYK
[01:23:46] 🔄 Identity reset
[01:23:46] 🔄 Identity rotated (every 10 requests)
[01:23:47] [421/459] PTBK
[01:23:48] [422/459] RKTB
[01:23:49] [423/459] BALT
[01:23:50] [424/459] STSV
[01:23:51] [425/459] VCCB
[01:23:52] [426/459] SLTB
[01:23:53] [427/459] SBCR
[01:23:54] [428/459] VDCS
[01:23:55] [429/459] MDKI
[01:23:56] [430/459] SMRN
[01:23:56] 🔄 Identity reset
[01:23:56] 🔄 Identity rotated (every 10 requests)
[01:23:58] [431/459] PTBC
[01:23:59] [432/459] RADI
[01:24:00] [433/459] ADCR
[01:24:01] [434/459] SDCS
[01:24:02] [435/459] SRPJ
[01:24:03] [436/459] ARTS
[01:24:04] [437/459] SRHK
[01:24:05] [438/459] SPAY
[01:24:06] [439/459] GPTB
[01:24:07] [440/459] SNNN
[01:24:07] 🔄 Identity reset
[01:24:08] 🔄 Identity rotated (every 10 requests)
[01:24:08] [441/459] BALJ
[01:24:09] [442/459] TRIG
[01:24:10] [443/459] GTYT
[01:24:11] [444/459] ATGN
[01:24:12] [445/459] ANTE
[01:24:13] [446/459] BDCG
[01:24:14] [447/459] VECI
[01:24:15] [448/459] SCPR
[01:24:16] [449/459] RTEA
[01:24:17] [450/459] JSAI
[01:24:18] 🔄 Identity reset
[01:24:18] 🔄 Identity rotated (every 10 requests)
[01:24:18] [451/459] VJTP
[01:24:19] [452/459] GNDS
[01:24:20] [453/459] PAXA
[01:24:21] [454/459] CGGM
[01:24:22] [455/459] ACKZ
[01:24:23] [456/459] EMCC
[01:24:24] [457/459] KLSK
[01:24:25] [458/459] AVCK
[01:24:26] [459/459] JTCK
[01:24:27] ✅ DONE | Shows=0 | Movies=0
[02:16:20] 🚀 BMS DAILY TRACKER STARTED (enhanced anti‑detection)
[02:16:20] [1/459] NECA
[02:16:21] 🧠 New identity created
[02:16:21] [2/459] BJLC
[02:16:22] [3/459] BASU
[02:16:23] [4/459] RUPI
[02:16:24] [5/459] LCBK
[02:16:25] [6/459] PMAC
[02:16:26] [7/459] AMLC
[02:16:27] [8/459] LICL
[02:16:28] [9/459] UDMM
[02:16:28] [10/459] STBZ
[02:16:29] 🔄 Identity reset
[02:16:29] 🔄 Identity rotated (every 10 requests)
[02:16:30] [11/459] UUBT
[02:16:31] [12/459] SJKC
[02:16:32] [13/459] TUAL
[02:16:33] [14/459] MRSE
[02:16:33] [15/459] RMRK
[02:16:34] [16/459] TTKP
[02:16:35] [17/459] KTKO
[02:16:36] [18/459] SDBK
[02:16:37] [19/459] MCPR
[02:16:37] [20/459] CHTI
[02:16:38] 🔄 Identity reset
[02:16:38] 🔄 Identity rotated (every 10 requests)
[02:16:38] [21/459] GCCP
[02:16:39] [22/459] SRMY
[02:16:40] [23/459] NYST
[02:16:41] [24/459] NYAG
[02:16:42] [25/459] SBMT
[02:16:43] [26/459] INGA
[02:16:44] [27/459] WSIC
[02:16:45] [28/459] SCSS
[02:16:45] [29/459] COPG
[02:16:46] [30/459] RCGR
[02:16:47] 🔄 Identity reset
[02:16:47] 🔄 Identity rotated (every 10 requests)
[02:16:47] [31/459] TCZA
[02:16:48] [32/459] CNLP
[02:16:49] [33/459] CLKN
[02:16:49] [34/459] LHDF
[02:16:50] [35/459] ELKC
[02:16:51] [36/459] VCEM
[02:16:52] [37/459] SSZA
[02:16:53] [38/459] KRMT
[02:16:53] [39/459] LCMV
[02:16:54] [40/459] AYCZ
[02:16:55] 🔄 Identity reset
[02:16:55] 🔄 Identity rotated (every 10 requests)
[02:16:55] [41/459] CUMS
[02:16:56] [42/459] BOCK
[02:16:57] [43/459] PNMR
[02:16:58] [44/459] PJCP
[02:16:59] [45/459] JDDD
[02:16:59] [46/459] STMS
[02:17:00] [47/459] FLMB
[02:17:01] [48/459] PKCM
[02:17:02] [49/459] SPPR
[02:17:03] [50/459] EYLH
[02:17:04] 🔄 Identity reset
[02:17:04] 🔄 Identity rotated (every 10 requests)
[02:17:05] [51/459] RJCC
[02:17:06] [52/459] MMPS
[02:17:06] [53/459] SHMX
[02:17:07] [54/459] CCNL
[02:17:08] [55/459] RCNV
[02:17:09] [56/459] MAAG
[02:17:10] [57/459] LXCM
[02:17:10] [58/459] RCNI
[02:17:11] [59/459] SNNI
[02:17:12] [60/459] LALC
[02:17:13] 🔄 Identity reset
[02:17:13] 🔄 Identity rotated (every 10 requests)
[02:17:13] [61/459] SOCN
[02:17:14] [62/459] JHTP
[02:17:15] [63/459] PITP
[02:17:16] [64/459] CCKW
[02:17:17] [65/459] MCMC
[02:17:18] [66/459] DEES
[02:17:18] [67/459] SABT
[02:17:19] [68/459] VSPP
[02:17:20] [69/459] ABCT
[02:17:21] [70/459] JVTB
[02:17:22] 🔄 Identity reset
[02:17:22] 🔄 Identity rotated (every 10 requests)
[02:17:22] [71/459] VCBD
[02:17:23] [72/459] RMGG
[02:17:24] [73/459] RNMH
[02:17:24] [74/459] SPGL
[02:17:25] [75/459] JTTR
[02:17:26] [76/459] SICS
[02:17:27] [77/459] SRMI
[02:17:28] [78/459] SSIJ
[02:17:29] [79/459] KFMT
[02:17:29] [80/459] VBIT
[02:17:30] 🔄 Identity reset
[02:17:30] 🔄 Identity rotated (every 10 requests)
[02:17:30] [81/459] JKCT
[02:17:31] [82/459] GCGP
[02:17:32] [83/459] GDCS
[02:17:33] [84/459] TRBA
[02:17:34] [85/459] QUST
[02:17:36] [86/459] VSHM
[02:17:37] [87/459] SDCP
[02:17:38] [88/459] SNVS
[02:17:40] [89/459] NYTO
[02:17:41] [90/459] URWC
[02:17:41] 🔄 Identity reset
[02:17:41] 🔄 Identity rotated (every 10 requests)
[02:17:42] [91/459] GTWH
[02:17:42] [92/459] PFCM
[02:17:43] [93/459] KRTA
[02:17:44] [94/459] AXMC
[02:17:45] [95/459] EVMC
[02:17:46] [96/459] HGSM
[02:17:47] [97/459] ACVM
[02:17:48] [98/459] PSKL
[02:17:49] [99/459] RDMP
[02:17:50] [100/459] RHGH
[02:17:51] 🔄 Identity reset
[02:17:51] 🔄 Identity rotated (every 10 requests)
[02:17:51] [101/459] OMCM
[02:17:52] [102/459] DCCP
[02:17:53] [103/459] MCPB
[02:17:53] [104/459] ALCI
[02:17:54] [105/459] BLMX
[02:17:55] [106/459] BTMV
[02:17:56] [107/459] FVPN
[02:17:57] [108/459] CMAR
[02:17:58] [109/459] CEIM
[02:17:59] [110/459] CMVA
[02:18:00] 🔄 Identity reset
[02:18:00] 🔄 Identity rotated (every 10 requests)
[02:18:00] [111/459] CPIV
[02:18:01] [112/459] CNPE
[02:18:02] [113/459] COLV
[02:18:03] [114/459] DNNV
[02:18:04] [115/459] HCAD
[02:18:05] [116/459] TAKA
[02:18:05] [117/459] INVD
[02:18:06] [118/459] IRMM
[02:18:07] [119/459] INSE
[02:18:08] [120/459] MRSW
[02:18:09] 🔄 Identity reset
[02:18:09] 🔄 Identity rotated (every 10 requests)
[02:18:09] [121/459] MCVD
[02:18:10] [122/459] MCSO
[02:18:10] [123/459] PEVM
[02:18:11] [124/459] PVNL
[02:18:12] [125/459] PTCV
[02:18:13] [126/459] PRTC
[02:18:14] [127/459] RCVA
[02:18:14] [128/459] MTBN
[02:18:15] [129/459] LUCP
[02:18:16] [130/459] FMPT
[02:18:17] 🔄 Identity reset
[02:18:17] 🔄 Identity rotated (every 10 requests)
[02:18:17] [131/459] JLSL
[02:18:17] [132/459] SBHA
[02:18:18] [133/459] SHRC
[02:18:20] [134/459] AVPS
[02:18:21] [135/459] STPM
[02:18:22] [136/459] ATRD
[02:18:23] [137/459] VTED
[02:18:25] [138/459] ACAI
[02:18:26] [139/459] SMAE
[02:18:26] [140/459] VMAT
[02:18:27] 🔄 Identity reset
[02:18:27] 🔄 Identity rotated (every 10 requests)
[02:18:27] [141/459] LKCT
[02:18:28] [142/459] JTVK
[02:18:29] [143/459] PRTY
[02:18:30] [144/459] GETT
[02:18:31] [145/459] ESAP
[02:18:31] [146/459] NCPM
[02:18:32] [147/459] PCPA
[02:18:33] [148/459] MMOM
[02:18:34] [149/459] PHUP
[02:18:35] [150/459] CCPI
[02:18:36] 🔄 Identity reset
[02:18:36] 🔄 Identity rotated (every 10 requests)
[02:18:36] [151/459] CNTD
[02:18:37] [152/459] NLJR
[02:18:38] [153/459] SRNG
[02:18:39] [154/459] MHAL
[02:18:39] [155/459] PNSM
[02:18:40] [156/459] DRMY
[02:18:41] [157/459] CCMU
[02:18:42] [158/459] SCMY
[02:18:43] [159/459] PVSY
[02:18:44] [160/459] SDLM
[02:18:45] 🔄 Identity reset
[02:18:45] 🔄 Identity rotated (every 10 requests)
[02:18:45] [161/459] ICCM
[02:18:46] [162/459] PYSU
[02:18:46] [163/459] GATM
[02:18:47] [164/459] WOTM
[02:18:49] [165/459] RKTS
[02:18:49] [166/459] PMTY
[02:18:50] [167/459] LYMS
[02:18:51] [168/459] TGCA
[02:18:52] [169/459] DSTA
[02:18:52] [170/459] CNGE
[02:18:53] 🔄 Identity reset
[02:18:53] 🔄 Identity rotated (every 10 requests)
[02:18:53] [171/459] VSTG
[02:18:54] [172/459] GTCK
[02:18:55] [173/459] TGNT
[02:18:55] [174/459] ASLC
[02:18:56] [175/459] SSST
[02:18:57] [176/459] KBTT
[02:18:58] [177/459] HKCP
[02:18:59] [178/459] SWLC
[02:19:00] [179/459] RTND
[02:19:01] [180/459] PKKT
[02:19:01] 🔄 Identity reset
[02:19:01] 🔄 Identity rotated (every 10 requests)
[02:19:02] [181/459] HSTK
[02:19:03] [182/459] SPTT
[02:19:04] [183/459] IMPM
[02:19:05] [184/459] SCMV
[02:19:06] [185/459] SPCT
[02:19:07] [186/459] JBCA
[02:19:08] [187/459] ATTR
[02:19:08] [188/459] SPMT
[02:19:09] [189/459] LCTM
[02:19:10] [190/459] SCVL
[02:19:11] 🔄 Identity reset
[02:19:11] 🔄 Identity rotated (every 10 requests)
[02:19:11] [191/459] SCVT
[02:19:11] [192/459] KRIC
[02:19:12] [193/459] CTMG
[02:19:13] [194/459] ACNC
[02:19:14] [195/459] DMCK
[02:19:15] [196/459] KMTV
[02:19:16] [197/459] PFCJ
[02:19:17] [198/459] VNMD
[02:19:18] [199/459] VPCZ
[02:19:19] [200/459] SRYR
[02:19:19] 🔄 Identity reset
[02:19:19] 🔄 Identity rotated (every 10 requests)
[02:19:20] [201/459] SYTR
[02:19:20] [202/459] GATR
[02:19:21] [203/459] URTR
[02:19:22] [204/459] MKSM
[02:19:23] [205/459] VSMH
[02:19:25] [206/459] SKRJ
[02:19:26] [207/459] SSJR
[02:19:26] [208/459] SVSM
[02:19:27] [209/459] RUCM
[02:19:28] [210/459] PRKN
[02:19:28] 🔄 Identity reset
[02:19:28] 🔄 Identity rotated (every 10 requests)
[02:19:29] [211/459] RROH
[02:19:29] [212/459] SCTN
[02:19:30] [213/459] RTDM
[02:19:31] [214/459] ASRM
[02:19:32] [215/459] SKMD
[02:19:32] [216/459] SUTD
[02:19:33] [217/459] SADM
[02:19:34] [218/459] WCNR
[02:19:35] [219/459] CNED
[02:19:36] [220/459] MPDB
[02:19:37] 🔄 Identity reset
[02:19:37] 🔄 Identity rotated (every 10 requests)
[02:19:37] [221/459] KTBH
[02:19:38] [222/459] IDRM
[02:19:39] [223/459] PJJT
[02:19:40] [224/459] PFCV
[02:19:41] [225/459] AACT
[02:19:41] [226/459] AAAD
[02:19:42] [227/459] ANES
[02:19:43] [228/459] MNCA
[02:19:43] [229/459] RMGU
[02:19:44] [230/459] DLCN
[02:19:45] 🔄 Identity reset
[02:19:45] 🔄 Identity rotated (every 10 requests)
[02:19:45] [231/459] LJWT
[02:19:46] [232/459] MCBG
[02:19:47] [233/459] MYBG
[02:19:47] [234/459] GCCA
[02:19:48] [235/459] GCGA
[02:19:49] [236/459] ECGN
[02:19:50] [237/459] PRAB
[02:19:50] [238/459] PNMP
[02:19:51] [239/459] GCPT
[02:19:52] [240/459] ROYN
[02:19:52] 🔄 Identity reset
[02:19:52] 🔄 Identity rotated (every 10 requests)
[02:19:53] [241/459] VATM
[02:19:53] [242/459] KSNT
[02:19:54] [243/459] ACTC
[02:19:55] [244/459] PLTD
[02:19:56] [245/459] SKMK
[02:19:57] [246/459] CMTT
[02:19:58] [247/459] SMXP
[02:19:59] [248/459] SCMX
[02:20:00] [249/459] ACXN
[02:20:00] [250/459] ASWT
[02:20:01] 🔄 Identity reset
[02:20:01] 🔄 Identity rotated (every 10 requests)
[02:20:01] [251/459] VVVL
[02:20:02] [252/459] NAGO
[02:20:03] [253/459] SNCN
[02:20:03] [254/459] MCKP
[02:20:04] [255/459] SAMO
[02:20:05] [256/459] JBTV
[02:20:06] [257/459] DCVV
[02:20:07] [258/459] KMSV
[02:20:08] [259/459] KDCN
[02:20:09] [260/459] CNCP
[02:20:10] 🔄 Identity reset
[02:20:10] 🔄 Identity rotated (every 10 requests)
[02:20:10] [261/459] HAMC
[02:20:11] [262/459] CCVZ
[02:20:12] [263/459] NCCK
[02:20:12] [264/459] MCHR
[02:20:13] [265/459] SCHT
[02:20:14] [266/459] ESSH
[02:20:15] [267/459] CUJC
[02:20:17] [268/459] PECP
[02:20:17] [269/459] PMMI
[02:20:18] [270/459] PCCH
[02:20:19] 🔄 Identity reset
[02:20:19] 🔄 Identity rotated (every 10 requests)
[02:20:19] [271/459] PRPM
[02:20:20] [272/459] PVKL
[02:20:22] [273/459] CBSM
[02:20:22] [274/459] PVCZ
[02:20:23] [275/459] PCVV
[02:20:24] [276/459] CTMJ
[02:20:24] [277/459] RCPS
[02:20:25] [278/459] PCIT
[02:20:26] [279/459] FNCH
[02:20:27] [280/459] INZD
[02:20:27] 🔄 Identity reset
[02:20:27] 🔄 Identity rotated (every 10 requests)
[02:20:28] [281/459] INPC
[02:20:28] [282/459] LCZP
[02:20:29] [283/459] SMCB
[02:20:30] [284/459] PTSB
[02:20:31] [285/459] TPSI
[02:20:32] [286/459] KHMJ
[02:20:32] [287/459] RCCJ
[02:20:33] [288/459] NCJA
[02:20:34] [289/459] NCJN
[02:20:35] [290/459] BTDP
[02:20:35] 🔄 Identity reset
[02:20:35] 🔄 Identity rotated (every 10 requests)
[02:20:36] [291/459] PADY
[02:20:36] [292/459] NYBH
[02:20:37] [293/459] MTBR
[02:20:38] [294/459] KRBC
[02:20:38] [295/459] DKTI
[02:20:39] [296/459] ANAN
[02:20:40] [297/459] INBP
[02:20:41] [298/459] PATB
[02:20:41] [299/459] RGNT
[02:20:42] [300/459] CGPM
[02:20:43] 🔄 Identity reset
[02:20:43] 🔄 Identity rotated (every 10 requests)
[02:20:43] [301/459] INTN
[02:20:44] [302/459] MCMP
[02:20:45] [303/459] ASRG
[02:20:45] [304/459] CXJD
[02:20:46] [305/459] SPCP
[02:20:47] [306/459] CSTP
[02:20:47] [307/459] PKVC
[02:20:48] [308/459] ESCP
[02:20:49] [309/459] CAEP
[02:20:50] [310/459] CCSP
[02:20:51] 🔄 Identity reset
[02:20:51] 🔄 Identity rotated (every 10 requests)
[02:20:51] [311/459] KTPC
[02:20:52] [312/459] DACA
[02:20:52] [313/459] NVKY
[02:20:53] [314/459] PTIN
[02:20:54] [315/459] SCIN
[02:20:55] [316/459] MCTY
[02:20:56] [317/459] PCMX
[02:20:56] [318/459] INIC
[02:20:57] [319/459] MMZM
[02:20:58] [320/459] SSLP
[02:20:59] 🔄 Identity reset
[02:20:59] 🔄 Identity rotated (every 10 requests)
[02:20:59] [321/459] DTDT
[02:21:00] [322/459] FFCX
[02:21:01] [323/459] RCMM
[02:21:02] [324/459] KYID
[02:21:02] [325/459] CSCI
[02:21:03] [326/459] FCMC
[02:21:04] [327/459] MMXI
[02:21:05] [328/459] ASTC
[02:21:06] [329/459] CMRA
[02:21:07] [330/459] DICI
[02:21:08] 🔄 Identity reset
[02:21:08] 🔄 Identity rotated (every 10 requests)
[02:21:08] [331/459] KDIN
[02:21:09] [332/459] PRFI
[02:21:09] [333/459] SVFC
[02:21:10] [334/459] UCPL
[02:21:11] [335/459] COOC
[02:21:11] [336/459] SCAL
[02:21:12] [337/459] SVFF
[02:21:13] [338/459] VCMG
[02:21:14] [339/459] UUCT
[02:21:15] [340/459] GCSE
[02:21:15] 🔄 Identity reset
[02:21:15] 🔄 Identity rotated (every 10 requests)
[02:21:16] [341/459] SUSC
[02:21:16] [342/459] MISC
[02:21:17] [343/459] RMBL
[02:21:17] [344/459] CMXN
[02:21:18] [345/459] PVBK
[02:21:19] [346/459] HHCG
[02:21:20] [347/459] SCAG
[02:21:20] [348/459] CNPR
[02:21:21] [349/459] CSER
[02:21:22] [350/459] HLWD
[02:21:23] 🔄 Identity reset
[02:21:23] 🔄 Identity rotated (every 10 requests)
[02:21:23] [351/459] BOLY
[02:21:24] [352/459] SSPG
[02:21:25] [353/459] MUPX
[02:21:25] [354/459] HAMR
[02:21:26] [355/459] SDNC
[02:21:27] [356/459] RTEN
[02:21:27] [357/459] SDTD
[02:21:28] [358/459] KAWS
[02:21:29] [359/459] CMZX
[02:21:30] [360/459] DCDD
[02:21:30] 🔄 Identity reset
[02:21:30] 🔄 Identity rotated (every 10 requests)
[02:21:31] [361/459] ALSN
[02:21:31] [362/459] IMXS
[02:21:32] [363/459] PVFF
[02:21:33] [364/459] PVOO
[02:21:34] [365/459] CFBS
[02:21:35] [366/459] PVER
[02:21:36] [367/459] PPNX
[02:21:37] [368/459] CNRM
[02:21:37] [369/459] PVWW
[02:21:38] [370/459] INMB
[02:21:39] 🔄 Identity reset
[02:21:39] 🔄 Identity rotated (every 10 requests)
[02:21:39] [371/459] CPJR
[02:21:40] [372/459] INRZ
[02:21:40] [373/459] PMSR
[02:21:41] [374/459] GPGM
[02:21:42] [375/459] PGWB
[02:21:44] [376/459] PMBR
[02:21:44] [377/459] GPAM
[02:21:45] [378/459] INBC
[02:21:46] [379/459] PZVK
[02:21:47] [380/459] CPEB
[02:21:47] 🔄 Identity reset
[02:21:47] 🔄 Identity rotated (every 10 requests)
[02:21:48] [381/459] FMLB
[02:21:48] [382/459] INBG
[02:21:49] [383/459] GPBR
[02:21:51] [384/459] PAAS
[02:21:51] [385/459] VTBR
[02:21:53] [386/459] GPMY
[02:21:54] [387/459] GYBU
[02:21:54] [388/459] INBJ
[02:21:55] [389/459] LKTH
[02:21:56] [390/459] NSBR
[02:21:56] 🔄 Identity reset
[02:21:56] 🔄 Identity rotated (every 10 requests)
[02:21:57] [391/459] PDRD
[02:21:58] [392/459] VRBL
[02:21:59] [393/459] VTGB
[02:22:00] [394/459] VTSK
[02:22:01] [395/459] BKDV
[02:22:02] [396/459] SVTB
[02:22:03] [397/459] MLDT
[02:22:04] [398/459] NRBL
[02:22:05] [399/459] SLTR
[02:22:06] [400/459] VNKA
[02:22:06] 🔄 Identity reset
[02:22:06] 🔄 Identity rotated (every 10 requests)
[02:22:07] [401/459] TDCA
[02:22:07] [402/459] INBM
[02:22:08] [403/459] SSNR
[02:22:09] [404/459] BHAC
[02:22:10] [405/459] SDSD
[02:22:10] [406/459] SAMP
[02:22:11] [407/459] RATK
[02:22:12] [408/459] KCBI
[02:22:13] [409/459] URBL
[02:22:14] [410/459] MKBG
[02:22:14] 🔄 Identity reset
[02:22:14] 🔄 Identity rotated (every 10 requests)
[02:22:14] [411/459] ASTB
[02:22:15] [412/459] VBWT
[02:22:16] [413/459] GPSM
[02:22:17] [414/459] ROON
[02:22:17] [415/459] CHTH
[02:22:18] [416/459] SSPA
[02:22:18] [417/459] ANBL
[02:22:19] [418/459] VTBE
[02:22:20] [419/459] SVKT
[02:22:22] [420/459] SVYK
[02:22:22] 🔄 Identity reset
[02:22:22] 🔄 Identity rotated (every 10 requests)
[02:22:23] [421/459] PTBK
[02:22:23] [422/459] RKTB
[02:22:24] [423/459] BALT
[02:22:25] [424/459] STSV
[02:22:26] [425/459] VCCB
[02:22:27] [426/459] SLTB
[02:22:28] [427/459] SBCR
[02:22:28] [428/459] VDCS
[02:22:29] [429/459] MDKI
[02:22:30] [430/459] SMRN
[02:22:30] 🔄 Identity reset
[02:22:30] 🔄 Identity rotated (every 10 requests)
[02:22:30] [431/459] PTBC
[02:22:31] [432/459] RADI
[02:22:32] [433/459] ADCR
[02:22:33] [434/459] SDCS
[02:22:34] [435/459] SRPJ
[02:22:35] [436/459] ARTS
[02:22:36] [437/459] SRHK
[02:22:37] [438/459] SPAY
[02:22:38] [439/459] GPTB
[02:22:39] [440/459] SNNN
[02:22:40] 🔄 Identity reset
[02:22:40] 🔄 Identity rotated (every 10 requests)
[02:22:40] [441/459] BALJ
[02:22:40] [442/459] TRIG
[02:22:41] [443/459] GTYT
[02:22:42] [444/459] ATGN
[02:22:43] [445/459] ANTE
[02:22:44] [446/459] BDCG
[02:22:44] [447/459] VECI
[02:22:45] [448/459] SCPR
[02:22:46] [449/459] RTEA
[02:22:46] [450/459] JSAI
[02:22:47] 🔄 Identity reset
[02:22:47] 🔄 Identity rotated (every 10 requests)
[02:22:47] [451/459] VJTP
[02:22:48] [452/459] GNDS
[02:22:49] [453/459] PAXA
[02:22:50] [454/459] CGGM
[02:22:50] [455/459] ACKZ
[02:22:52] [456/459] EMCC
[02:22:53] [457/459] KLSK
[02:22:54] [458/459] AVCK
[02:22:54] [459/459] JTCK
[02:22:55] ✅ DONE | Shows=0 | Movies=0
[03:16:48] 🚀 BMS DAILY TRACKER STARTED (enhanced anti‑detection)
[03:16:48] [1/459] NECA
[03:16:49] 🧠 New identity created
[03:16:50] [2/459] BJLC
[03:16:51] [3/459] BASU
[03:16:52] [4/459] RUPI
[03:16:53] [5/459] LCBK
[03:16:54] [6/459] PMAC
[03:16:55] [7/459] AMLC
[03:16:57] [8/459] LICL
[03:16:58] [9/459] UDMM
[03:16:59] [10/459] STBZ
[03:17:00] 🔄 Identity reset
[03:17:00] 🔄 Identity rotated (every 10 requests)
[03:17:00] [11/459] UUBT
[03:17:01] [12/459] SJKC
[03:17:02] [13/459] TUAL
[03:17:03] [14/459] MRSE
[03:17:04] [15/459] RMRK
[03:17:04] [16/459] TTKP
[03:17:05] [17/459] KTKO
[03:17:06] [18/459] SDBK
[03:17:07] [19/459] MCPR
[03:17:08] [20/459] CHTI
[03:17:09] 🔄 Identity reset
[03:17:09] 🔄 Identity rotated (every 10 requests)
[03:17:09] [21/459] GCCP
[03:17:10] [22/459] SRMY
[03:17:12] [23/459] NYST
[03:17:13] [24/459] NYAG
[03:17:14] [25/459] SBMT
[03:17:15] [26/459] INGA
[03:17:16] [27/459] WSIC
[03:17:17] [28/459] SCSS
[03:17:17] [29/459] COPG
[03:17:18] [30/459] RCGR
[03:17:19] 🔄 Identity reset
[03:17:19] 🔄 Identity rotated (every 10 requests)
[03:17:19] [31/459] TCZA
[03:17:20] [32/459] CNLP
[03:17:22] [33/459] CLKN
[03:17:23] [34/459] LHDF
[03:17:24] [35/459] ELKC
[03:17:25] [36/459] VCEM
[03:17:26] [37/459] SSZA
[03:17:27] [38/459] KRMT
[03:17:28] [39/459] LCMV
[03:17:29] [40/459] AYCZ
[03:17:29] 🔄 Identity reset
[03:17:29] 🔄 Identity rotated (every 10 requests)
[03:17:30] [41/459] CUMS
[03:17:31] [42/459] BOCK
[03:17:32] [43/459] PNMR
[03:17:34] [44/459] PJCP
[03:17:34] [45/459] JDDD
[03:17:35] [46/459] STMS
[03:17:36] [47/459] FLMB
[03:17:37] [48/459] PKCM
[03:17:38] [49/459] SPPR
[03:17:39] [50/459] EYLH
[03:17:39] 🔄 Identity reset
[03:17:40] 🔄 Identity rotated (every 10 requests)
[03:17:40] [51/459] RJCC
[03:17:41] [52/459] MMPS
[03:17:42] [53/459] SHMX
[03:17:44] [54/459] CCNL
[03:17:45] [55/459] RCNV
[03:17:45] [56/459] MAAG
[03:17:46] [57/459] LXCM
[03:17:47] [58/459] RCNI
[03:17:48] [59/459] SNNI
[03:17:50] [60/459] LALC
[03:17:50] 🔄 Identity reset
[03:17:50] 🔄 Identity rotated (every 10 requests)
[03:17:51] [61/459] SOCN
[03:17:52] [62/459] JHTP
[03:17:54] [63/459] PITP
[03:17:54] [64/459] CCKW
[03:17:56] [65/459] MCMC
[03:17:57] [66/459] DEES
[03:17:58] [67/459] SABT
[03:17:59] [68/459] VSPP
[03:18:00] [69/459] ABCT
[03:18:01] [70/459] JVTB
[03:18:01] 🔄 Identity reset
[03:18:01] 🔄 Identity rotated (every 10 requests)
[03:18:02] [71/459] VCBD
[03:18:03] [72/459] RMGG
[03:18:04] [73/459] RNMH
[03:18:05] [74/459] SPGL
[03:18:06] [75/459] JTTR
[03:18:06] [76/459] SICS
[03:18:07] [77/459] SRMI
[03:18:08] [78/459] SSIJ
[03:18:09] [79/459] KFMT
[03:18:10] [80/459] VBIT
[03:18:11] 🔄 Identity reset
[03:18:11] 🔄 Identity rotated (every 10 requests)
[03:18:11] [81/459] JKCT
[03:18:12] [82/459] GCGP
[03:18:13] [83/459] GDCS
[03:18:14] [84/459] TRBA
[03:18:15] [85/459] QUST
[03:18:16] [86/459] VSHM
[03:18:17] [87/459] SDCP
[03:18:18] [88/459] SNVS
[03:18:19] [89/459] NYTO
[03:18:20] [90/459] URWC
[03:18:20] 🔄 Identity reset
[03:18:20] 🔄 Identity rotated (every 10 requests)
[03:18:21] [91/459] GTWH
[03:18:23] [92/459] PFCM
[03:18:24] [93/459] KRTA
[03:18:25] [94/459] AXMC
[03:18:26] [95/459] EVMC
[03:18:26] [96/459] HGSM
[03:18:27] [97/459] ACVM
[03:18:29] [98/459] PSKL
[03:18:31] [99/459] RDMP
[03:18:32] [100/459] RHGH
[03:18:33] 🔄 Identity reset
[03:18:33] 🔄 Identity rotated (every 10 requests)
[03:18:33] [101/459] OMCM
[03:18:34] [102/459] DCCP
[03:18:35] [103/459] MCPB
[03:18:36] [104/459] ALCI
[03:18:37] [105/459] BLMX
[03:18:38] [106/459] BTMV
[03:18:39] [107/459] FVPN
[03:18:40] [108/459] CMAR
[03:18:40] [109/459] CEIM
[03:18:42] [110/459] CMVA
[03:18:43] 🔄 Identity reset
[03:18:43] 🔄 Identity rotated (every 10 requests)
[03:18:43] [111/459] CPIV
[03:18:44] [112/459] CNPE
[03:18:45] [113/459] COLV
[03:18:46] [114/459] DNNV
[03:18:47] [115/459] HCAD
[03:18:49] [116/459] TAKA
[03:18:50] [117/459] INVD
[03:18:52] [118/459] IRMM
[03:18:52] [119/459] INSE
[03:18:53] [120/459] MRSW
[03:18:54] 🔄 Identity reset
[03:18:54] 🔄 Identity rotated (every 10 requests)
[03:18:54] [121/459] MCVD
[03:18:55] [122/459] MCSO
[03:18:56] [123/459] PEVM
[03:18:57] [124/459] PVNL
[03:18:58] [125/459] PTCV
[03:18:59] [126/459] PRTC
[03:19:00] [127/459] RCVA
[03:19:01] [128/459] MTBN
[03:19:01] [129/459] LUCP
[03:19:02] [130/459] FMPT
[03:19:03] 🔄 Identity reset
[03:19:03] 🔄 Identity rotated (every 10 requests)
[03:19:03] [131/459] JLSL
[03:19:04] [132/459] SBHA
[03:19:05] [133/459] SHRC
[03:19:07] [134/459] AVPS
[03:19:08] [135/459] STPM
[03:19:09] [136/459] ATRD
[03:19:10] [137/459] VTED
[03:19:11] [138/459] ACAI
[03:19:12] [139/459] SMAE
[03:19:13] [140/459] VMAT
[03:19:14] 🔄 Identity reset
[03:19:14] 🔄 Identity rotated (every 10 requests)
[03:19:15] [141/459] LKCT
[03:19:16] [142/459] JTVK
[03:19:17] [143/459] PRTY
[03:19:18] [144/459] GETT
[03:19:19] [145/459] ESAP
[03:19:20] [146/459] NCPM
[03:19:21] [147/459] PCPA
[03:19:22] [148/459] MMOM
[03:19:23] [149/459] PHUP
[03:19:24] [150/459] CCPI
[03:19:25] 🔄 Identity reset
[03:19:25] 🔄 Identity rotated (every 10 requests)
[03:19:25] [151/459] CNTD
[03:19:26] [152/459] NLJR
[03:19:27] [153/459] SRNG
[03:19:28] [154/459] MHAL
[03:19:29] [155/459] PNSM
[03:19:29] [156/459] DRMY
[03:19:30] [157/459] CCMU
[03:19:31] [158/459] SCMY
[03:19:32] [159/459] PVSY
[03:19:33] [160/459] SDLM
[03:19:34] 🔄 Identity reset
[03:19:34] 🔄 Identity rotated (every 10 requests)
[03:19:34] [161/459] ICCM
[03:19:35] [162/459] PYSU
[03:19:36] [163/459] GATM
[03:19:37] [164/459] WOTM
[03:19:38] [165/459] RKTS
[03:19:39] [166/459] PMTY
[03:19:40] [167/459] LYMS
[03:19:41] [168/459] TGCA
[03:19:42] [169/459] DSTA
[03:19:43] [170/459] CNGE
[03:19:44] 🔄 Identity reset
[03:19:44] 🔄 Identity rotated (every 10 requests)
[03:19:44] [171/459] VSTG
[03:19:45] [172/459] GTCK
[03:19:46] [173/459] TGNT
[03:19:47] [174/459] ASLC
[03:19:48] [175/459] SSST
[03:19:49] [176/459] KBTT
[03:19:50] [177/459] HKCP
[03:19:51] [178/459] SWLC
[03:19:52] [179/459] RTND
[03:19:53] [180/459] PKKT
[03:19:54] 🔄 Identity reset
[03:19:54] 🔄 Identity rotated (every 10 requests)
[03:19:54] [181/459] HSTK
[03:19:55] [182/459] SPTT
[03:19:56] [183/459] IMPM
[03:19:57] [184/459] SCMV
[03:19:58] [185/459] SPCT
[03:19:59] [186/459] JBCA
[03:20:00] [187/459] ATTR
[03:20:02] [188/459] SPMT
[03:20:02] [189/459] LCTM
[03:20:03] [190/459] SCVL
[03:20:04] 🔄 Identity reset
[03:20:04] 🔄 Identity rotated (every 10 requests)
[03:20:04] [191/459] SCVT
[03:20:05] [192/459] KRIC
[03:20:06] [193/459] CTMG
[03:20:07] [194/459] ACNC
[03:20:08] [195/459] DMCK
[03:20:09] [196/459] KMTV
[03:20:10] [197/459] PFCJ
[03:20:11] [198/459] VNMD
[03:20:12] [199/459] VPCZ
[03:20:13] [200/459] SRYR
[03:20:13] 🔄 Identity reset
[03:20:13] 🔄 Identity rotated (every 10 requests)
[03:20:14] [201/459] SYTR
[03:20:15] [202/459] GATR
[03:20:16] [203/459] URTR
[03:20:18] [204/459] MKSM
[03:20:19] [205/459] VSMH
[03:20:20] [206/459] SKRJ
[03:20:21] [207/459] SSJR
[03:20:22] [208/459] SVSM
[03:20:23] [209/459] RUCM
[03:20:25] [210/459] PRKN
[03:20:25] 🔄 Identity reset
[03:20:25] 🔄 Identity rotated (every 10 requests)
[03:20:26] [211/459] RROH
[03:20:27] [212/459] SCTN
[03:20:28] [213/459] RTDM
[03:20:29] [214/459] ASRM
[03:20:29] [215/459] SKMD
[03:20:30] [216/459] SUTD
[03:20:31] [217/459] SADM
[03:20:32] [218/459] WCNR
[03:20:33] [219/459] CNED
[03:20:34] [220/459] MPDB
[03:20:35] 🔄 Identity reset
[03:20:35] 🔄 Identity rotated (every 10 requests)
[03:20:35] [221/459] KTBH
[03:20:36] [222/459] IDRM
[03:20:37] [223/459] PJJT
[03:20:37] [224/459] PFCV
[03:20:38] [225/459] AACT
[03:20:39] [226/459] AAAD
[03:20:40] [227/459] ANES
[03:20:41] [228/459] MNCA
[03:20:42] [229/459] RMGU
[03:20:43] [230/459] DLCN
[03:20:44] 🔄 Identity reset
[03:20:44] 🔄 Identity rotated (every 10 requests)
[03:20:44] [231/459] LJWT
[03:20:45] [232/459] MCBG
[03:20:47] [233/459] MYBG
[03:20:48] [234/459] GCCA
[03:20:49] [235/459] GCGA
[03:20:50] [236/459] ECGN
[03:20:51] [237/459] PRAB
[03:20:53] [238/459] PNMP
[03:20:54] [239/459] GCPT
[03:20:54] [240/459] ROYN
[03:20:55] 🔄 Identity reset
[03:20:55] 🔄 Identity rotated (every 10 requests)
[03:20:55] [241/459] VATM
[03:20:57] [242/459] KSNT
[03:20:58] [243/459] ACTC
[03:20:59] [244/459] PLTD
[03:21:00] [245/459] SKMK
[03:21:01] [246/459] CMTT
[03:21:02] [247/459] SMXP
[03:21:03] [248/459] SCMX
[03:21:04] [249/459] ACXN
[03:21:05] [250/459] ASWT
[03:21:05] 🔄 Identity reset
[03:21:05] 🔄 Identity rotated (every 10 requests)
[03:21:06] [251/459] VVVL
[03:21:08] [252/459] NAGO
[03:21:09] [253/459] SNCN
[03:21:10] [254/459] MCKP
[03:21:11] [255/459] SAMO
[03:21:12] [256/459] JBTV
[03:21:12] [257/459] DCVV
[03:21:14] [258/459] KMSV
[03:21:15] [259/459] KDCN
[03:21:15] [260/459] CNCP
[03:21:16] 🔄 Identity reset
[03:21:16] 🔄 Identity rotated (every 10 requests)
[03:21:17] [261/459] HAMC
[03:21:18] [262/459] CCVZ
[03:21:19] [263/459] NCCK
[03:21:21] [264/459] MCHR
[03:21:22] [265/459] SCHT
[03:21:23] [266/459] ESSH
[03:21:25] [267/459] CUJC
[03:21:26] [268/459] PECP
[03:21:27] [269/459] PMMI
[03:21:28] [270/459] PCCH
[03:21:29] 🔄 Identity reset
[03:21:29] 🔄 Identity rotated (every 10 requests)
[03:21:30] [271/459] PRPM
[03:21:31] [272/459] PVKL
[03:21:33] [273/459] CBSM
[03:21:34] [274/459] PVCZ
[03:21:35] [275/459] PCVV
[03:21:36] [276/459] CTMJ
[03:21:37] [277/459] RCPS
[03:21:38] [278/459] PCIT
[03:21:39] [279/459] FNCH
[03:21:40] [280/459] INZD
[03:21:40] 🔄 Identity reset
[03:21:40] 🔄 Identity rotated (every 10 requests)
[03:21:41] [281/459] INPC
[03:21:42] [282/459] LCZP
[03:21:43] [283/459] SMCB
[03:21:44] [284/459] PTSB
[03:21:44] [285/459] TPSI
[03:21:46] [286/459] KHMJ
[03:21:46] [287/459] RCCJ
[03:21:47] [288/459] NCJA
[03:21:48] [289/459] NCJN
[03:21:49] [290/459] BTDP
[03:21:50] 🔄 Identity reset
[03:21:50] 🔄 Identity rotated (every 10 requests)
[03:21:50] [291/459] PADY
[03:21:51] [292/459] NYBH
[03:21:52] [293/459] MTBR
[03:21:54] [294/459] KRBC
[03:21:55] [295/459] DKTI
[03:21:56] [296/459] ANAN
[03:21:58] [297/459] INBP
[03:21:58] [298/459] PATB
[03:21:59] [299/459] RGNT
[03:22:01] [300/459] CGPM
[03:22:02] 🔄 Identity reset
[03:22:02] 🔄 Identity rotated (every 10 requests)
[03:22:02] [301/459] INTN
[03:22:03] [302/459] MCMP
[03:22:04] [303/459] ASRG
[03:22:05] [304/459] CXJD
[03:22:07] [305/459] SPCP
[03:22:07] [306/459] CSTP
[03:22:08] [307/459] PKVC
[03:22:09] [308/459] ESCP
[03:22:10] [309/459] CAEP
[03:22:11] [310/459] CCSP
[03:22:12] 🔄 Identity reset
[03:22:12] 🔄 Identity rotated (every 10 requests)
[03:22:12] [311/459] KTPC
[03:22:13] [312/459] DACA
[03:22:14] [313/459] NVKY
[03:22:15] [314/459] PTIN
[03:22:16] [315/459] SCIN
[03:22:18] [316/459] MCTY
[03:22:18] [317/459] PCMX
[03:22:20] [318/459] INIC
[03:22:20] [319/459] MMZM
[03:22:21] [320/459] SSLP
[03:22:22] 🔄 Identity reset
[03:22:22] 🔄 Identity rotated (every 10 requests)
[03:22:22] [321/459] DTDT
[03:22:24] [322/459] FFCX
[03:22:26] [323/459] RCMM
[03:22:27] [324/459] KYID
[03:22:28] [325/459] CSCI
[03:22:29] [326/459] FCMC
[03:22:30] [327/459] MMXI
[03:22:30] [328/459] ASTC
[03:22:31] [329/459] CMRA
[03:22:32] [330/459] DICI
[03:22:33] 🔄 Identity reset
[03:22:33] 🔄 Identity rotated (every 10 requests)
[03:22:33] [331/459] KDIN
[03:22:34] [332/459] PRFI
[03:22:35] [333/459] SVFC
[03:22:36] [334/459] UCPL
[03:22:37] [335/459] COOC
[03:22:39] [336/459] SCAL
[03:22:40] [337/459] SVFF
[03:22:42] [338/459] VCMG
[03:22:43] [339/459] UUCT
[03:22:44] [340/459] GCSE
[03:22:45] 🔄 Identity reset
[03:22:45] 🔄 Identity rotated (every 10 requests)
[03:22:45] [341/459] SUSC
[03:22:46] [342/459] MISC
[03:22:47] [343/459] RMBL
[03:22:48] [344/459] CMXN
[03:22:49] [345/459] PVBK
[03:22:50] [346/459] HHCG
[03:22:51] [347/459] SCAG
[03:22:52] [348/459] CNPR
[03:22:53] [349/459] CSER
[03:22:54] [350/459] HLWD
[03:22:55] 🔄 Identity reset
[03:22:55] 🔄 Identity rotated (every 10 requests)
[03:22:55] [351/459] BOLY
[03:22:56] [352/459] SSPG
[03:22:57] [353/459] MUPX
[03:22:58] [354/459] HAMR
[03:22:58] [355/459] SDNC
[03:23:00] [356/459] RTEN
[03:23:01] [357/459] SDTD
[03:23:02] [358/459] KAWS
[03:23:03] [359/459] CMZX
[03:23:04] [360/459] DCDD
[03:23:04] 🔄 Identity reset
[03:23:04] 🔄 Identity rotated (every 10 requests)
[03:23:04] [361/459] ALSN
[03:23:05] [362/459] IMXS
[03:23:06] [363/459] PVFF
[03:23:08] [364/459] PVOO
[03:23:09] [365/459] CFBS
[03:23:09] [366/459] PVER
[03:23:10] [367/459] PPNX
[03:23:12] [368/459] CNRM
[03:23:13] [369/459] PVWW
[03:23:14] [370/459] INMB
[03:23:15] 🔄 Identity reset
[03:23:15] 🔄 Identity rotated (every 10 requests)
[03:23:15] [371/459] CPJR
[03:23:16] [372/459] INRZ
[03:23:18] [373/459] PMSR
[03:23:19] [374/459] GPGM
[03:23:20] [375/459] PGWB
[03:23:21] [376/459] PMBR
[03:23:22] [377/459] GPAM
[03:23:23] [378/459] INBC
[03:23:24] [379/459] PZVK
[03:23:24] [380/459] CPEB
[03:23:25] 🔄 Identity reset
[03:23:25] 🔄 Identity rotated (every 10 requests)
[03:23:26] [381/459] FMLB
[03:23:27] [382/459] INBG
[03:23:27] [383/459] GPBR
[03:23:29] [384/459] PAAS
[03:23:30] [385/459] VTBR
[03:23:31] [386/459] GPMY
[03:23:32] [387/459] GYBU
[03:23:33] [388/459] INBJ
[03:23:34] [389/459] LKTH
[03:23:35] [390/459] NSBR
[03:23:35] 🔄 Identity reset
[03:23:36] 🔄 Identity rotated (every 10 requests)
[03:23:36] [391/459] PDRD
[03:23:38] [392/459] VRBL
[03:23:38] [393/459] VTGB
[03:23:39] [394/459] VTSK
[03:23:40] [395/459] BKDV
[03:23:41] [396/459] SVTB
[03:23:42] [397/459] MLDT
[03:23:43] [398/459] NRBL
[03:23:44] [399/459] SLTR
[03:23:45] [400/459] VNKA
[03:23:45] 🔄 Identity reset
[03:23:45] 🔄 Identity rotated (every 10 requests)
[03:23:46] [401/459] TDCA
[03:23:47] [402/459] INBM
[03:23:47] [403/459] SSNR
[03:23:48] [404/459] BHAC
[03:23:49] [405/459] SDSD
[03:23:50] [406/459] SAMP
[03:23:51] [407/459] RATK
[03:23:52] [408/459] KCBI
[03:23:53] [409/459] URBL
[03:23:54] [410/459] MKBG
[03:23:55] 🔄 Identity reset
[03:23:55] 🔄 Identity rotated (every 10 requests)
[03:23:56] [411/459] ASTB
[03:23:57] [412/459] VBWT
[03:23:58] [413/459] GPSM
[03:23:59] [414/459] ROON
[03:24:00] [415/459] CHTH
[03:24:02] [416/459] SSPA
[03:24:03] [417/459] ANBL
[03:24:04] [418/459] VTBE
[03:24:06] [419/459] SVKT
[03:24:07] [420/459] SVYK
[03:24:08] 🔄 Identity reset
[03:24:08] 🔄 Identity rotated (every 10 requests)
[03:24:08] [421/459] PTBK
[03:24:09] [422/459] RKTB
[03:24:10] [423/459] BALT
[03:24:11] [424/459] STSV
[03:24:12] [425/459] VCCB
[03:24:13] [426/459] SLTB
[03:24:14] [427/459] SBCR
[03:24:15] [428/459] VDCS
[03:24:16] [429/459] MDKI
[03:24:16] [430/459] SMRN
[03:24:17] 🔄 Identity reset
[03:24:17] 🔄 Identity rotated (every 10 requests)
[03:24:17] [431/459] PTBC
[03:24:18] [432/459] RADI
[03:24:19] [433/459] ADCR
[03:24:20] [434/459] SDCS
[03:24:21] [435/459] SRPJ
[03:24:22] [436/459] ARTS
[03:24:23] [437/459] SRHK
[03:24:24] [438/459] SPAY
[03:24:25] [439/459] GPTB
[03:24:26] [440/459] SNNN
[03:24:26] 🔄 Identity reset
[03:24:26] 🔄 Identity rotated (every 10 requests)
[03:24:27] [441/459] BALJ
[03:24:29] [442/459] TRIG
[03:24:29] [443/459] GTYT
[03:24:30] [444/459] ATGN
[03:24:31] [445/459] ANTE
[03:24:32] [446/459] BDCG
[03:24:33] [447/459] VECI
[03:24:34] [448/459] SCPR
[03:24:35] [449/459] RTEA
[03:24:36] [450/459] JSAI
[03:24:37] 🔄 Identity reset
[03:24:37] 🔄 Identity rotated (every 10 requests)
[03:24:37] [451/459] VJTP
[03:24:38] [452/459] GNDS
[03:24:39] [453/459] PAXA
[03:24:40] [454/459] CGGM
[03:24:41] [455/459] ACKZ
[03:24:42] [456/459] EMCC
[03:24:43] [457/459] KLSK
[03:24:44] [458/459] AVCK
[03:24:46] [459/459] JTCK
[03:24:47] ✅ DONE | Shows=1 | Movies=1
[04:16:36] 🚀 BMS DAILY TRACKER STARTED (enhanced anti‑detection)
[04:16:36] [1/459] NECA
[04:16:37] 🧠 New identity created
[04:16:37] 🔄 Retry 1/5 for NECA in 2.4s
[04:16:37] 🔄 Identity reset
[04:16:40] 🧠 New identity created
[04:16:40] [2/459] BJLC
[04:16:42] [3/459] BASU
[04:16:43] [4/459] RUPI
[04:16:43] [5/459] LCBK
[04:16:44] [6/459] PMAC
[04:16:45] [7/459] AMLC
[04:16:46] [8/459] LICL
[04:16:47] [9/459] UDMM
[04:16:47] 🔄 Identity reset
[04:16:47] 🔄 Identity rotated (every 10 requests)
[04:16:47] [10/459] STBZ
[04:16:49] [11/459] UUBT
[04:16:50] [12/459] SJKC
[04:16:50] [13/459] TUAL
[04:16:51] [14/459] MRSE
[04:16:52] [15/459] RMRK
[04:16:52] [16/459] TTKP
[04:16:53] [17/459] KTKO
[04:16:54] [18/459] SDBK
[04:16:54] [19/459] MCPR
[04:16:55] 🔄 Identity reset
[04:16:55] 🔄 Identity rotated (every 10 requests)
[04:16:55] [20/459] CHTI
[04:16:56] [21/459] GCCP
[04:16:57] [22/459] SRMY
[04:16:57] [23/459] NYST
[04:16:58] [24/459] NYAG
[04:16:59] [25/459] SBMT
[04:16:59] [26/459] INGA
[04:17:01] [27/459] WSIC
[04:17:02] [28/459] SCSS
[04:17:03] [29/459] COPG
[04:17:03] 🔄 Identity reset
[04:17:03] 🔄 Identity rotated (every 10 requests)
[04:17:04] [30/459] RCGR
[04:17:05] [31/459] TCZA
[04:17:06] [32/459] CNLP
[04:17:06] [33/459] CLKN
[04:17:07] [34/459] LHDF
[04:17:08] [35/459] ELKC
[04:17:09] [36/459] VCEM
[04:17:10] [37/459] SSZA
[04:17:11] [38/459] KRMT
[04:17:13] [39/459] LCMV
[04:17:13] 🔄 Identity reset
[04:17:13] 🔄 Identity rotated (every 10 requests)
[04:17:14] [40/459] AYCZ
[04:17:15] [41/459] CUMS
[04:17:16] [42/459] BOCK
[04:17:17] [43/459] PNMR
[04:17:18] [44/459] PJCP
[04:17:18] [45/459] JDDD
[04:17:20] [46/459] STMS
[04:17:21] [47/459] FLMB
[04:17:22] [48/459] PKCM
[04:17:23] [49/459] SPPR
[04:17:23] 🔄 Identity reset
[04:17:23] 🔄 Identity rotated (every 10 requests)
[04:17:24] [50/459] EYLH
[04:17:24] [51/459] RJCC
[04:17:25] [52/459] MMPS
[04:17:26] [53/459] SHMX
[04:17:28] [54/459] CCNL
[04:17:28] [55/459] RCNV
[04:17:30] [56/459] MAAG
[04:17:31] [57/459] LXCM
[04:17:32] [58/459] RCNI
[04:17:32] [59/459] SNNI
[04:17:33] 🔄 Identity reset
[04:17:33] 🔄 Identity rotated (every 10 requests)
[04:17:33] [60/459] LALC
[04:17:34] [61/459] SOCN
[04:17:36] [62/459] JHTP
[04:17:37] [63/459] PITP
[04:17:38] [64/459] CCKW
[04:17:39] [65/459] MCMC
[04:17:39] [66/459] DEES
[04:17:40] [67/459] SABT
[04:17:41] [68/459] VSPP
[04:17:42] [69/459] ABCT
[04:17:43] 🔄 Identity reset
[04:17:43] 🔄 Identity rotated (every 10 requests)
[04:17:43] [70/459] JVTB
[04:17:44] [71/459] VCBD
[04:17:45] [72/459] RMGG
[04:17:46] [73/459] RNMH
[04:17:48] [74/459] SPGL
[04:17:49] [75/459] JTTR
[04:17:49] [76/459] SICS
[04:17:50] [77/459] SRMI
[04:17:51] [78/459] SSIJ
[04:17:52] [79/459] KFMT
[04:17:53] 🔄 Identity reset
[04:17:53] 🔄 Identity rotated (every 10 requests)
[04:17:53] [80/459] VBIT
[04:17:53] [81/459] JKCT
[04:17:54] [82/459] GCGP
[04:17:55] [83/459] GDCS
[04:17:56] [84/459] TRBA
[04:17:57] [85/459] QUST
[04:17:58] [86/459] VSHM
[04:17:58] [87/459] SDCP
[04:17:59] [88/459] SNVS
[04:18:01] [89/459] NYTO
[04:18:02] 🔄 Identity reset
[04:18:02] 🔄 Identity rotated (every 10 requests)
[04:18:02] [90/459] URWC
[04:18:03] [91/459] GTWH
[04:18:05] [92/459] PFCM
[04:18:06] [93/459] KRTA
[04:18:07] [94/459] AXMC
[04:18:08] [95/459] EVMC
[04:18:08] [96/459] HGSM
[04:18:09] [97/459] ACVM
[04:18:11] [98/459] PSKL
[04:18:12] [99/459] RDMP
[04:18:13] 🔄 Identity reset
[04:18:13] 🔄 Identity rotated (every 10 requests)
[04:18:13] [100/459] RHGH
[04:18:14] [101/459] OMCM
[04:18:15] [102/459] DCCP
[04:18:17] [103/459] MCPB
[04:18:18] [104/459] ALCI
[04:18:20] [105/459] BLMX
[04:18:21] [106/459] BTMV
[04:18:22] [107/459] FVPN
[04:18:22] [108/459] CMAR
[04:18:23] [109/459] CEIM
[04:18:24] 🔄 Identity reset
[04:18:24] 🔄 Identity rotated (every 10 requests)
[04:18:25] [110/459] CMVA
[04:18:26] [111/459] CPIV
[04:18:27] [112/459] CNPE
[04:18:28] [113/459] COLV
[04:18:29] [114/459] DNNV
[04:18:29] [115/459] HCAD
[04:18:30] [116/459] TAKA
[04:18:31] [117/459] INVD
[04:18:32] [118/459] IRMM
[04:18:33] [119/459] INSE
[04:18:33] 🔄 Identity reset
[04:18:33] 🔄 Identity rotated (every 10 requests)
[04:18:34] [120/459] MRSW
[04:18:35] [121/459] MCVD
[04:18:36] [122/459] MCSO
[04:18:37] [123/459] PEVM
[04:18:38] [124/459] PVNL
[04:18:39] [125/459] PTCV
[04:18:41] [126/459] PRTC
[04:18:42] [127/459] RCVA
[04:18:43] [128/459] MTBN
[04:18:43] [129/459] LUCP
[04:18:44] 🔄 Identity reset
[04:18:44] 🔄 Identity rotated (every 10 requests)
[04:18:44] [130/459] FMPT
[04:18:45] [131/459] JLSL
[04:18:46] [132/459] SBHA
[04:18:47] [133/459] SHRC
[04:18:48] [134/459] AVPS
[04:18:49] [135/459] STPM
[04:18:49] [136/459] ATRD
[04:18:50] [137/459] VTED
[04:18:51] [138/459] ACAI
[04:18:53] [139/459] SMAE
[04:18:53] 🔄 Identity reset
[04:18:53] 🔄 Identity rotated (every 10 requests)
[04:18:54] [140/459] VMAT
[04:18:55] [141/459] LKCT
[04:18:55] [142/459] JTVK
[04:18:56] [143/459] PRTY
[04:18:57] [144/459] GETT
[04:18:58] [145/459] ESAP
[04:18:59] [146/459] NCPM
[04:18:59] [147/459] PCPA
[04:19:00] [148/459] MMOM
[04:19:01] [149/459] PHUP
[04:19:02] 🔄 Identity reset
[04:19:02] 🔄 Identity rotated (every 10 requests)
[04:19:02] [150/459] CCPI
[04:19:04] [151/459] CNTD
[04:19:05] [152/459] NLJR
[04:19:06] [153/459] SRNG
[04:19:07] [154/459] MHAL
[04:19:08] [155/459] PNSM
[04:19:09] [156/459] DRMY
[04:19:10] [157/459] CCMU
[04:19:11] [158/459] SCMY
[04:19:12] [159/459] PVSY
[04:19:12] 🔄 Identity reset
[04:19:12] 🔄 Identity rotated (every 10 requests)
[04:19:13] [160/459] SDLM
[04:19:13] [161/459] ICCM
[04:19:14] [162/459] PYSU
[04:19:15] [163/459] GATM
[04:19:16] [164/459] WOTM
[04:19:17] [165/459] RKTS
[04:19:18] [166/459] PMTY
[04:19:19] [167/459] LYMS
[04:19:20] [168/459] TGCA
[04:19:20] [169/459] DSTA
[04:19:21] 🔄 Identity reset
[04:19:21] 🔄 Identity rotated (every 10 requests)
[04:19:21] [170/459] CNGE
[04:19:22] [171/459] VSTG
[04:19:23] [172/459] GTCK
[04:19:24] [173/459] TGNT
[04:19:24] [174/459] ASLC
[04:19:25] [175/459] SSST
[04:19:26] [176/459] KBTT
[04:19:27] [177/459] HKCP
[04:19:28] [178/459] SWLC
[04:19:29] [179/459] RTND
[04:19:29] 🔄 Identity reset
[04:19:29] 🔄 Identity rotated (every 10 requests)
[04:19:30] [180/459] PKKT
[04:19:30] [181/459] HSTK
[04:19:32] [182/459] SPTT
[04:19:33] [183/459] IMPM
[04:19:33] [184/459] SCMV
[04:19:34] [185/459] SPCT
[04:19:35] [186/459] JBCA
[04:19:36] [187/459] ATTR
[04:19:38] [188/459] SPMT
[04:19:39] [189/459] LCTM
[04:19:39] 🔄 Identity reset
[04:19:39] 🔄 Identity rotated (every 10 requests)
[04:19:39] [190/459] SCVL
[04:19:40] [191/459] SCVT
[04:19:41] [192/459] KRIC
[04:19:42] [193/459] CTMG
[04:19:43] [194/459] ACNC
[04:19:44] [195/459] DMCK
[04:19:45] [196/459] KMTV
[04:19:46] [197/459] PFCJ
[04:19:47] [198/459] VNMD
[04:19:47] [199/459] VPCZ
[04:19:48] 🔄 Identity reset
[04:19:48] 🔄 Identity rotated (every 10 requests)
[04:19:48] [200/459] SRYR
[04:19:49] [201/459] SYTR
[04:19:50] [202/459] GATR
[04:19:51] [203/459] URTR
[04:19:52] [204/459] MKSM
[04:19:54] [205/459] VSMH
[04:19:54] [206/459] SKRJ
[04:19:55] [207/459] SSJR
[04:19:56] [208/459] SVSM
[04:19:57] [209/459] RUCM
[04:19:57] 🔄 Identity reset
[04:19:57] 🔄 Identity rotated (every 10 requests)
[04:19:58] [210/459] PRKN
[04:19:59] [211/459] RROH
[04:20:00] [212/459] SCTN
[04:20:01] [213/459] RTDM
[04:20:02] [214/459] ASRM
[04:20:03] [215/459] SKMD
[04:20:04] [216/459] SUTD
[04:20:04] [217/459] SADM
[04:20:05] [218/459] WCNR
[04:20:07] [219/459] CNED
[04:20:07] 🔄 Identity reset
[04:20:07] 🔄 Identity rotated (every 10 requests)
[04:20:08] [220/459] MPDB
[04:20:08] [221/459] KTBH
[04:20:09] [222/459] IDRM
[04:20:11] [223/459] PJJT
[04:20:12] [224/459] PFCV
[04:20:13] [225/459] AACT
[04:20:14] [226/459] AAAD
[04:20:15] [227/459] ANES
[04:20:15] [228/459] MNCA
[04:20:16] [229/459] RMGU
[04:20:17] 🔄 Identity reset
[04:20:17] 🔄 Identity rotated (every 10 requests)
[04:20:17] [230/459] DLCN
[04:20:18] [231/459] LJWT
[04:20:19] [232/459] MCBG
[04:20:20] [233/459] MYBG
[04:20:21] [234/459] GCCA
[04:20:22] [235/459] GCGA
[04:20:23] [236/459] ECGN
[04:20:23] [237/459] PRAB
[04:20:24] [238/459] PNMP
[04:20:25] [239/459] GCPT
[04:20:25] 🔄 Identity reset
[04:20:26] 🔄 Identity rotated (every 10 requests)
[04:20:26] [240/459] ROYN
[04:20:27] [241/459] VATM
[04:20:28] [242/459] KSNT
[04:20:29] [243/459] ACTC
[04:20:30] [244/459] PLTD
[04:20:31] [245/459] SKMK
[04:20:32] [246/459] CMTT
[04:20:33] [247/459] SMXP
[04:20:33] [248/459] SCMX
[04:20:34] [249/459] ACXN
[04:20:35] 🔄 Identity reset
[04:20:35] 🔄 Identity rotated (every 10 requests)
[04:20:35] [250/459] ASWT
[04:20:36] [251/459] VVVL
[04:20:37] [252/459] NAGO
[04:20:38] [253/459] SNCN
[04:20:39] [254/459] MCKP
[04:20:40] [255/459] SAMO
[04:20:41] [256/459] JBTV
[04:20:42] [257/459] DCVV
[04:20:42] [258/459] KMSV
[04:20:43] [259/459] KDCN
[04:20:44] 🔄 Identity reset
[04:20:44] 🔄 Identity rotated (every 10 requests)
[04:20:45] [260/459] CNCP
[04:20:46] [261/459] HAMC
[04:20:47] [262/459] CCVZ
[04:20:47] [263/459] NCCK
[04:20:49] [264/459] MCHR
[04:20:49] [265/459] SCHT
[04:20:50] [266/459] ESSH
[04:20:51] [267/459] CUJC
[04:20:52] [268/459] PECP
[04:20:52] [269/459] PMMI
[04:20:53] 🔄 Identity reset
[04:20:53] 🔄 Identity rotated (every 10 requests)
[04:20:53] [270/459] PCCH
[04:20:54] [271/459] PRPM
[04:20:55] [272/459] PVKL
[04:20:56] [273/459] CBSM
[04:20:57] [274/459] PVCZ
[04:20:58] [275/459] PCVV
[04:20:58] [276/459] CTMJ
[04:20:59] [277/459] RCPS
[04:21:00] [278/459] PCIT
[04:21:01] [279/459] FNCH
[04:21:01] 🔄 Identity reset
[04:21:02] 🔄 Identity rotated (every 10 requests)
[04:21:02] [280/459] INZD
[04:21:03] [281/459] INPC
[04:21:04] [282/459] LCZP
[04:21:04] [283/459] SMCB
[04:21:05] [284/459] PTSB
[04:21:07] [285/459] TPSI
[04:21:08] [286/459] KHMJ
[04:21:08] [287/459] RCCJ
[04:21:09] [288/459] NCJA
[04:21:10] [289/459] NCJN
[04:21:11] 🔄 Identity reset
[04:21:11] 🔄 Identity rotated (every 10 requests)
[04:21:11] [290/459] BTDP
[04:21:12] [291/459] PADY
[04:21:13] [292/459] NYBH
[04:21:14] [293/459] MTBR
[04:21:14] [294/459] KRBC
[04:21:16] [295/459] DKTI
[04:21:18] [296/459] ANAN
[04:21:19] [297/459] INBP
[04:21:19] [298/459] PATB
[04:21:20] [299/459] RGNT
[04:21:21] 🔄 Identity reset
[04:21:21] 🔄 Identity rotated (every 10 requests)
[04:21:21] [300/459] CGPM
[04:21:22] [301/459] INTN
[04:21:23] [302/459] MCMP
[04:21:24] [303/459] ASRG
[04:21:24] [304/459] CXJD
[04:21:25] [305/459] SPCP
[04:21:26] [306/459] CSTP
[04:21:27] [307/459] PKVC
[04:21:28] [308/459] ESCP
[04:21:29] [309/459] CAEP
[04:21:29] 🔄 Identity reset
[04:21:29] 🔄 Identity rotated (every 10 requests)
[04:21:29] [310/459] CCSP
[04:21:30] [311/459] KTPC
[04:21:31] [312/459] DACA
[04:21:32] [313/459] NVKY
[04:21:32] [314/459] PTIN
[04:21:33] [315/459] SCIN
[04:21:34] [316/459] MCTY
[04:21:35] [317/459] PCMX
[04:21:36] [318/459] INIC
[04:21:37] [319/459] MMZM
[04:21:38] 🔄 Identity reset
[04:21:38] 🔄 Identity rotated (every 10 requests)
[04:21:38] [320/459] SSLP
[04:21:39] [321/459] DTDT
[04:21:40] [322/459] FFCX
[04:21:41] [323/459] RCMM
[04:21:42] [324/459] KYID
[04:21:43] [325/459] CSCI
[04:21:43] [326/459] FCMC
[04:21:44] [327/459] MMXI
[04:21:45] [328/459] ASTC
[04:21:46] [329/459] CMRA
[04:21:47] 🔄 Identity reset
[04:21:47] 🔄 Identity rotated (every 10 requests)
[04:21:47] [330/459] DICI
[04:21:48] [331/459] KDIN
[04:21:49] [332/459] PRFI
[04:21:50] [333/459] SVFC
[04:21:51] [334/459] UCPL
[04:21:51] [335/459] COOC
[04:21:52] [336/459] SCAL
[04:21:53] [337/459] SVFF
[04:21:53] [338/459] VCMG
[04:21:54] [339/459] UUCT
[04:21:55] 🔄 Identity reset
[04:21:55] 🔄 Identity rotated (every 10 requests)
[04:21:55] [340/459] GCSE
[04:21:57] [341/459] SUSC
[04:21:58] [342/459] MISC
[04:21:58] [343/459] RMBL
[04:21:59] [344/459] CMXN
[04:22:00] [345/459] PVBK
[04:22:01] [346/459] HHCG
[04:22:02] [347/459] SCAG
[04:22:03] [348/459] CNPR
[04:22:03] [349/459] CSER
[04:22:04] 🔄 Identity reset
[04:22:04] 🔄 Identity rotated (every 10 requests)
[04:22:04] [350/459] HLWD
[04:22:05] [351/459] BOLY
[04:22:06] [352/459] SSPG
[04:22:07] [353/459] MUPX
[04:22:08] [354/459] HAMR
[04:22:09] [355/459] SDNC
[04:22:10] [356/459] RTEN
[04:22:11] [357/459] SDTD
[04:22:12] [358/459] KAWS
[04:22:12] [359/459] CMZX
[04:22:13] 🔄 Identity reset
[04:22:13] 🔄 Identity rotated (every 10 requests)
[04:22:13] [360/459] DCDD
[04:22:14] [361/459] ALSN
[04:22:15] [362/459] IMXS
[04:22:16] [363/459] PVFF
[04:22:16] [364/459] PVOO
[04:22:17] [365/459] CFBS
[04:22:18] [366/459] PVER
[04:22:19] [367/459] PPNX
[04:22:20] [368/459] CNRM
[04:22:21] [369/459] PVWW
[04:22:21] 🔄 Identity reset
[04:22:21] 🔄 Identity rotated (every 10 requests)
[04:22:21] [370/459] INMB
[04:22:22] [371/459] CPJR
[04:22:23] [372/459] INRZ
[04:22:24] [373/459] PMSR
[04:22:25] [374/459] GPGM
[04:22:26] [375/459] PGWB
[04:22:28] [376/459] PMBR
[04:22:28] [377/459] GPAM
[04:22:29] [378/459] INBC
[04:22:30] [379/459] PZVK
[04:22:30] 🔄 Identity reset
[04:22:30] 🔄 Identity rotated (every 10 requests)
[04:22:30] [380/459] CPEB
[04:22:31] [381/459] FMLB
[04:22:32] [382/459] INBG
[04:22:33] [383/459] GPBR
[04:22:35] [384/459] PAAS
[04:22:36] [385/459] VTBR
[04:22:36] [386/459] GPMY
[04:22:37] [387/459] GYBU
[04:22:38] [388/459] INBJ
[04:22:39] [389/459] LKTH
[04:22:40] 🔄 Identity reset
[04:22:40] 🔄 Identity rotated (every 10 requests)
[04:22:40] 🔄 Retry 1/5 for LKTH in 2.2s
[04:22:40] 🔄 Identity reset
[04:22:42] 🧠 New identity created
[04:22:42] [390/459] NSBR
[04:22:43] [391/459] PDRD
[04:22:44] [392/459] VRBL
[04:22:45] [393/459] VTGB
[04:22:46] [394/459] VTSK
[04:22:47] [395/459] BKDV
[04:22:48] [396/459] SVTB
[04:22:49] [397/459] MLDT
[04:22:50] [398/459] NRBL
[04:22:50] 🔄 Identity reset
[04:22:50] 🔄 Identity rotated (every 10 requests)
[04:22:51] [399/459] SLTR
[04:22:51] [400/459] VNKA
[04:22:52] [401/459] TDCA
[04:22:53] [402/459] INBM
[04:22:55] [403/459] SSNR
[04:22:56] [404/459] BHAC
[04:22:57] [405/459] SDSD
[04:22:58] [406/459] SAMP
[04:22:59] [407/459] RATK
[04:23:00] [408/459] KCBI
[04:23:01] 🔄 Identity reset
[04:23:01] 🔄 Identity rotated (every 10 requests)
[04:23:01] [409/459] URBL
[04:23:02] [410/459] MKBG
[04:23:03] [411/459] ASTB
[04:23:04] [412/459] VBWT
[04:23:04] [413/459] GPSM
[04:23:05] [414/459] ROON
[04:23:06] [415/459] CHTH
[04:23:07] [416/459] SSPA
[04:23:08] [417/459] ANBL
[04:23:09] [418/459] VTBE
[04:23:10] 🔄 Identity reset
[04:23:10] 🔄 Identity rotated (every 10 requests)
[04:23:10] [419/459] SVKT
[04:23:12] [420/459] SVYK
[04:23:13] [421/459] PTBK
[04:23:13] [422/459] RKTB
[04:23:14] [423/459] BALT
[04:23:15] [424/459] STSV
[04:23:16] [425/459] VCCB
[04:23:17] [426/459] SLTB
[04:23:18] [427/459] SBCR
[04:23:19] [428/459] VDCS
[04:23:19] 🔄 Identity reset
[04:23:19] 🔄 Identity rotated (every 10 requests)
[04:23:19] [429/459] MDKI
[04:23:20] [430/459] SMRN
[04:23:21] [431/459] PTBC
[04:23:22] [432/459] RADI
[04:23:23] [433/459] ADCR
[04:23:24] [434/459] SDCS
[04:23:25] [435/459] SRPJ
[04:23:26] [436/459] ARTS
[04:23:27] [437/459] SRHK
[04:23:28] [438/459] SPAY
[04:23:29] 🔄 Identity reset
[04:23:29] 🔄 Identity rotated (every 10 requests)
[04:23:29] [439/459] GPTB
[04:23:30] [440/459] SNNN
[04:23:31] [441/459] BALJ
[04:23:31] [442/459] TRIG
[04:23:32] [443/459] GTYT
[04:23:33] [444/459] ATGN
[04:23:34] [445/459] ANTE
[04:23:35] [446/459] BDCG
[04:23:36] [447/459] VECI
[04:23:36] [448/459] SCPR
[04:23:37] 🔄 Identity reset
[04:23:37] 🔄 Identity rotated (every 10 requests)
[04:23:37] [449/459] RTEA
[04:23:38] [450/459] JSAI
[04:23:39] [451/459] VJTP
[04:23:40] [452/459] GNDS
[04:23:40] [453/459] PAXA
[04:23:41] [454/459] CGGM
[04:23:42] [455/459] ACKZ
[04:23:43] [456/459] EMCC
[04:23:44] [457/459] KLSK
[04:23:45] [458/459] AVCK
[04:23:46] 🔄 Identity reset
[04:23:46] 🔄 Identity rotated (every 10 requests)
[04:23:46] [459/459] JTCK
[04:23:48] ✅ DONE | Shows=5 | Movies=2
[05:16:51] 🚀 BMS DAILY TRACKER STARTED (enhanced anti‑detection)
[05:16:51] [1/459] NECA
[05:16:51] 🧠 New identity created
[05:16:52] [2/459] BJLC
[05:16:53] [3/459] BASU
[05:16:53] [4/459] RUPI
[05:16:54] [5/459] LCBK
[05:16:55] [6/459] PMAC
[05:16:56] [7/459] AMLC
[05:16:57] [8/459] LICL
[05:16:58] [9/459] UDMM
[05:16:58] [10/459] STBZ
[05:16:59] 🔄 Identity reset
[05:16:59] 🔄 Identity rotated (every 10 requests)
[05:16:59] [11/459] UUBT
[05:17:00] [12/459] SJKC
[05:17:01] [13/459] TUAL
[05:17:02] [14/459] MRSE
[05:17:02] [15/459] RMRK
[05:17:03] [16/459] TTKP
[05:17:04] [17/459] KTKO
[05:17:05] [18/459] SDBK
[05:17:06] [19/459] MCPR
[05:17:06] [20/459] CHTI
[05:17:07] 🔄 Identity reset
[05:17:07] 🔄 Identity rotated (every 10 requests)
[05:17:07] [21/459] GCCP
[05:17:08] [22/459] SRMY
[05:17:09] [23/459] NYST
[05:17:10] [24/459] NYAG
[05:17:11] [25/459] SBMT
[05:17:12] [26/459] INGA
[05:17:12] [27/459] WSIC
[05:17:13] [28/459] SCSS
[05:17:14] [29/459] COPG
[05:17:15] [30/459] RCGR
[05:17:15] 🔄 Identity reset
[05:17:15] 🔄 Identity rotated (every 10 requests)
[05:17:15] [31/459] TCZA
[05:17:16] [32/459] CNLP
[05:17:17] [33/459] CLKN
[05:17:17] [34/459] LHDF
[05:17:18] [35/459] ELKC
[05:17:19] [36/459] VCEM
[05:17:20] [37/459] SSZA
[05:17:20] [38/459] KRMT
[05:17:21] [39/459] LCMV
[05:17:23] [40/459] AYCZ
[05:17:23] 🔄 Identity reset
[05:17:23] 🔄 Identity rotated (every 10 requests)
[05:17:24] [41/459] CUMS
[05:17:25] [42/459] BOCK
[05:17:26] [43/459] PNMR
[05:17:26] [44/459] PJCP
[05:17:27] [45/459] JDDD
[05:17:28] [46/459] STMS
[05:17:28] [47/459] FLMB
[05:17:29] [48/459] PKCM
[05:17:30] [49/459] SPPR
[05:17:31] [50/459] EYLH
[05:17:31] 🔄 Identity reset
[05:17:31] 🔄 Identity rotated (every 10 requests)
[05:17:32] [51/459] RJCC
[05:17:32] [52/459] MMPS
[05:17:33] [53/459] SHMX
[05:17:34] [54/459] CCNL
[05:17:35] [55/459] RCNV
[05:17:36] [56/459] MAAG
[05:17:38] [57/459] LXCM
[05:17:38] [58/459] RCNI
[05:17:39] [59/459] SNNI
[05:17:40] [60/459] LALC
[05:17:41] 🔄 Identity reset
[05:17:41] 🔄 Identity rotated (every 10 requests)
[05:17:41] [61/459] SOCN
[05:17:42] [62/459] JHTP
[05:17:43] [63/459] PITP
[05:17:43] [64/459] CCKW
[05:17:44] [65/459] MCMC
[05:17:45] [66/459] DEES
[05:17:46] [67/459] SABT
[05:17:47] [68/459] VSPP
[05:17:47] [69/459] ABCT
[05:17:49] [70/459] JVTB
[05:17:50] 🔄 Identity reset
[05:17:50] 🔄 Identity rotated (every 10 requests)
[05:17:50] [71/459] VCBD
[05:17:50] [72/459] RMGG
[05:17:51] [73/459] RNMH
[05:17:52] [74/459] SPGL
[05:17:53] [75/459] JTTR
[05:17:54] [76/459] SICS
[05:17:55] [77/459] SRMI
[05:17:56] [78/459] SSIJ
[05:17:57] [79/459] KFMT
[05:17:58] [80/459] VBIT
[05:17:58] 🔄 Identity reset
[05:17:58] 🔄 Identity rotated (every 10 requests)
[05:17:59] [81/459] JKCT
[05:17:59] [82/459] GCGP
[05:18:01] [83/459] GDCS
[05:18:02] [84/459] TRBA
[05:18:03] [85/459] QUST
[05:18:04] [86/459] VSHM
[05:18:04] [87/459] SDCP
[05:18:05] [88/459] SNVS
[05:18:06] [89/459] NYTO
[05:18:07] [90/459] URWC
[05:18:08] 🔄 Identity reset
[05:18:08] 🔄 Identity rotated (every 10 requests)
[05:18:08] [91/459] GTWH
[05:18:09] [92/459] PFCM
[05:18:10] [93/459] KRTA
[05:18:11] [94/459] AXMC
[05:18:11] [95/459] EVMC
[05:18:12] [96/459] HGSM
[05:18:13] [97/459] ACVM
[05:18:14] [98/459] PSKL
[05:18:14] [99/459] RDMP
[05:18:15] [100/459] RHGH
[05:18:16] 🔄 Identity reset
[05:18:16] 🔄 Identity rotated (every 10 requests)
[05:18:16] [101/459] OMCM
[05:18:17] [102/459] DCCP
[05:18:18] [103/459] MCPB
[05:18:18] [104/459] ALCI
[05:18:19] [105/459] BLMX
[05:18:19] [106/459] BTMV
[05:18:20] [107/459] FVPN
[05:18:21] [108/459] CMAR
[05:18:22] [109/459] CEIM
[05:18:22] [110/459] CMVA
[05:18:23] 🔄 Identity reset
[05:18:23] 🔄 Identity rotated (every 10 requests)
[05:18:23] [111/459] CPIV
[05:18:24] [112/459] CNPE
[05:18:25] [113/459] COLV
[05:18:25] [114/459] DNNV
[05:18:26] [115/459] HCAD
[05:18:27] [116/459] TAKA
[05:18:27] [117/459] INVD
[05:18:28] [118/459] IRMM
[05:18:29] [119/459] INSE
[05:18:30] [120/459] MRSW
[05:18:30] 🔄 Identity reset
[05:18:30] 🔄 Identity rotated (every 10 requests)
[05:18:31] [121/459] MCVD
[05:18:32] [122/459] MCSO
[05:18:33] [123/459] PEVM
[05:18:33] [124/459] PVNL
[05:18:34] [125/459] PTCV
[05:18:35] [126/459] PRTC
[05:18:36] [127/459] RCVA
[05:18:36] [128/459] MTBN
[05:18:37] [129/459] LUCP
[05:18:38] [130/459] FMPT
[05:18:38] 🔄 Identity reset
[05:18:38] 🔄 Identity rotated (every 10 requests)
[05:18:39] [131/459] JLSL
[05:18:39] [132/459] SBHA
[05:18:40] [133/459] SHRC
[05:18:41] [134/459] AVPS
[05:18:42] [135/459] STPM
[05:18:43] [136/459] ATRD
[05:18:44] [137/459] VTED
[05:18:45] [138/459] ACAI
[05:18:45] [139/459] SMAE
[05:18:46] [140/459] VMAT
[05:18:46] 🔄 Identity reset
[05:18:46] 🔄 Identity rotated (every 10 requests)
[05:18:47] [141/459] LKCT
[05:18:47] [142/459] JTVK
[05:18:48] [143/459] PRTY
[05:18:49] [144/459] GETT
[05:18:49] [145/459] ESAP
[05:18:50] [146/459] NCPM
[05:18:51] [147/459] PCPA
[05:18:51] [148/459] MMOM
[05:18:52] [149/459] PHUP
[05:18:53] [150/459] CCPI
[05:18:53] 🔄 Identity reset
[05:18:53] 🔄 Identity rotated (every 10 requests)
[05:18:54] [151/459] CNTD
[05:18:55] [152/459] NLJR
[05:18:56] [153/459] SRNG
[05:18:56] [154/459] MHAL
[05:18:57] [155/459] PNSM
[05:18:58] [156/459] DRMY
[05:18:59] [157/459] CCMU
[05:18:59] [158/459] SCMY
[05:19:00] [159/459] PVSY
[05:19:01] [160/459] SDLM
[05:19:01] 🔄 Identity reset
[05:19:01] 🔄 Identity rotated (every 10 requests)
[05:19:02] [161/459] ICCM
[05:19:03] [162/459] PYSU
[05:19:04] [163/459] GATM
[05:19:04] [164/459] WOTM
[05:19:05] [165/459] RKTS
[05:19:06] [166/459] PMTY
[05:19:07] [167/459] LYMS
[05:19:07] [168/459] TGCA
[05:19:08] [169/459] DSTA
[05:19:09] [170/459] CNGE
[05:19:10] 🔄 Identity reset
[05:19:10] 🔄 Identity rotated (every 10 requests)
[05:19:10] [171/459] VSTG
[05:19:11] [172/459] GTCK
[05:19:11] [173/459] TGNT
[05:19:12] [174/459] ASLC
[05:19:13] [175/459] SSST
[05:19:14] [176/459] KBTT
[05:19:14] [177/459] HKCP
[05:19:15] [178/459] SWLC
[05:19:16] [179/459] RTND
[05:19:16] [180/459] PKKT
[05:19:17] 🔄 Identity reset
[05:19:17] 🔄 Identity rotated (every 10 requests)
[05:19:17] [181/459] HSTK
[05:19:18] [182/459] SPTT
[05:19:19] [183/459] IMPM
[05:19:20] [184/459] SCMV
[05:19:20] [185/459] SPCT
[05:19:21] [186/459] JBCA
[05:19:22] [187/459] ATTR
[05:19:23] [188/459] SPMT
[05:19:23] [189/459] LCTM
[05:19:24] [190/459] SCVL
[05:19:24] 🔄 Identity reset
[05:19:24] 🔄 Identity rotated (every 10 requests)
[05:19:25] [191/459] SCVT
[05:19:25] [192/459] KRIC
[05:19:26] [193/459] CTMG
[05:19:27] [194/459] ACNC
[05:19:27] [195/459] DMCK
[05:19:28] [196/459] KMTV
[05:19:28] [197/459] PFCJ
[05:19:29] [198/459] VNMD
[05:19:30] [199/459] VPCZ
[05:19:31] [200/459] SRYR
[05:19:31] 🔄 Identity reset
[05:19:31] 🔄 Identity rotated (every 10 requests)
[05:19:31] [201/459] SYTR
[05:19:32] [202/459] GATR
[05:19:33] [203/459] URTR
[05:19:34] [204/459] MKSM
[05:19:35] [205/459] VSMH
[05:19:37] [206/459] SKRJ
[05:19:38] [207/459] SSJR
[05:19:39] [208/459] SVSM
[05:19:39] [209/459] RUCM
[05:19:40] [210/459] PRKN
[05:19:40] 🔄 Identity reset
[05:19:40] 🔄 Identity rotated (every 10 requests)
[05:19:41] [211/459] RROH
[05:19:42] [212/459] SCTN
[05:19:42] [213/459] RTDM
[05:19:43] [214/459] ASRM
[05:19:43] [215/459] SKMD
[05:19:44] [216/459] SUTD
[05:19:45] [217/459] SADM
[05:19:46] [218/459] WCNR
[05:19:47] [219/459] CNED
[05:19:48] [220/459] MPDB
[05:19:48] 🔄 Identity reset
[05:19:48] 🔄 Identity rotated (every 10 requests)
[05:19:48] [221/459] KTBH
[05:19:50] [222/459] IDRM
[05:19:50] [223/459] PJJT
[05:19:51] [224/459] PFCV
[05:19:52] [225/459] AACT
[05:19:54] [226/459] AAAD
[05:19:55] [227/459] ANES
[05:19:55] [228/459] MNCA
[05:19:56] [229/459] RMGU
[05:19:57] [230/459] DLCN
[05:19:57] 🔄 Identity reset
[05:19:57] 🔄 Identity rotated (every 10 requests)
[05:19:58] [231/459] LJWT
[05:19:58] [232/459] MCBG
[05:19:59] [233/459] MYBG
[05:20:01] [234/459] GCCA
[05:20:02] [235/459] GCGA
[05:20:03] [236/459] ECGN
[05:20:04] [237/459] PRAB
[05:20:05] [238/459] PNMP
[05:20:06] [239/459] GCPT
[05:20:06] [240/459] ROYN
[05:20:07] 🔄 Identity reset
[05:20:07] 🔄 Identity rotated (every 10 requests)
[05:20:07] [241/459] VATM
[05:20:08] [242/459] KSNT
[05:20:09] [243/459] ACTC
[05:20:09] [244/459] PLTD
[05:20:10] [245/459] SKMK
[05:20:11] [246/459] CMTT
[05:20:12] [247/459] SMXP
[05:20:13] [248/459] SCMX
[05:20:14] [249/459] ACXN
[05:20:14] [250/459] ASWT
[05:20:15] 🔄 Identity reset
[05:20:15] 🔄 Identity rotated (every 10 requests)
[05:20:15] [251/459] VVVL
[05:20:17] [252/459] NAGO
[05:20:17] [253/459] SNCN
[05:20:18] [254/459] MCKP
[05:20:19] [255/459] SAMO
[05:20:20] [256/459] JBTV
[05:20:21] [257/459] DCVV
[05:20:22] [258/459] KMSV
[05:20:23] [259/459] KDCN
[05:20:24] [260/459] CNCP
[05:20:24] 🔄 Identity reset
[05:20:24] 🔄 Identity rotated (every 10 requests)
[05:20:25] [261/459] HAMC
[05:20:25] [262/459] CCVZ
[05:20:26] [263/459] NCCK
[05:20:27] [264/459] MCHR
[05:20:27] [265/459] SCHT
[05:20:28] [266/459] ESSH
[05:20:29] [267/459] CUJC
[05:20:30] [268/459] PECP
[05:20:31] [269/459] PMMI
[05:20:32] [270/459] PCCH
[05:20:32] 🔄 Identity reset
[05:20:32] 🔄 Identity rotated (every 10 requests)
[05:20:32] [271/459] PRPM
[05:20:33] [272/459] PVKL
[05:20:34] [273/459] CBSM
[05:20:35] [274/459] PVCZ
[05:20:36] [275/459] PCVV
[05:20:36] [276/459] CTMJ
[05:20:37] [277/459] RCPS
[05:20:38] [278/459] PCIT
[05:20:39] [279/459] FNCH
[05:20:39] [280/459] INZD
[05:20:40] 🔄 Identity reset
[05:20:40] 🔄 Identity rotated (every 10 requests)
[05:20:40] [281/459] INPC
[05:20:41] [282/459] LCZP
[05:20:42] [283/459] SMCB
[05:20:43] [284/459] PTSB
[05:20:43] [285/459] TPSI
[05:20:45] [286/459] KHMJ
[05:20:46] [287/459] RCCJ
[05:20:47] [288/459] NCJA
[05:20:48] [289/459] NCJN
[05:20:49] [290/459] BTDP
[05:20:49] 🔄 Identity reset
[05:20:49] 🔄 Identity rotated (every 10 requests)
[05:20:49] [291/459] PADY
[05:20:50] [292/459] NYBH
[05:20:51] [293/459] MTBR
[05:20:51] [294/459] KRBC
[05:20:52] [295/459] DKTI
[05:20:53] [296/459] ANAN
[05:20:53] [297/459] INBP
[05:20:54] [298/459] PATB
[05:20:55] [299/459] RGNT
[05:20:55] [300/459] CGPM
[05:20:56] 🔄 Identity reset
[05:20:56] 🔄 Identity rotated (every 10 requests)
[05:20:56] [301/459] INTN
[05:20:57] [302/459] MCMP
[05:20:58] [303/459] ASRG
[05:20:58] [304/459] CXJD
[05:20:59] [305/459] SPCP
[05:21:00] [306/459] CSTP
[05:21:01] [307/459] PKVC
[05:21:02] [308/459] ESCP
[05:21:02] [309/459] CAEP
[05:21:03] [310/459] CCSP
[05:21:04] 🔄 Identity reset
[05:21:04] 🔄 Identity rotated (every 10 requests)
[05:21:04] [311/459] KTPC
[05:21:05] [312/459] DACA
[05:21:06] [313/459] NVKY
[05:21:07] [314/459] PTIN
[05:21:07] [315/459] SCIN
[05:21:08] [316/459] MCTY
[05:21:09] [317/459] PCMX
[05:21:10] [318/459] INIC
[05:21:10] [319/459] MMZM
[05:21:11] [320/459] SSLP
[05:21:12] 🔄 Identity reset
[05:21:12] 🔄 Identity rotated (every 10 requests)
[05:21:13] [321/459] DTDT
[05:21:14] [322/459] FFCX
[05:21:15] [323/459] RCMM
[05:21:16] [324/459] KYID
[05:21:16] [325/459] CSCI
[05:21:17] [326/459] FCMC
[05:21:18] [327/459] MMXI
[05:21:19] [328/459] ASTC
[05:21:20] [329/459] CMRA
[05:21:21] [330/459] DICI
[05:21:21] 🔄 Identity reset
[05:21:21] 🔄 Identity rotated (every 10 requests)
[05:21:21] [331/459] KDIN
[05:21:22] [332/459] PRFI
[05:21:24] [333/459] SVFC
[05:21:24] [334/459] UCPL
[05:21:25] [335/459] COOC
[05:21:26] [336/459] SCAL
[05:21:27] [337/459] SVFF
[05:21:28] [338/459] VCMG
[05:21:28] [339/459] UUCT
[05:21:30] [340/459] GCSE
[05:21:30] 🔄 Identity reset
[05:21:30] 🔄 Identity rotated (every 10 requests)
[05:21:31] [341/459] SUSC
[05:21:31] [342/459] MISC
[05:21:32] [343/459] RMBL
[05:21:33] [344/459] CMXN
[05:21:34] [345/459] PVBK
[05:21:35] [346/459] HHCG
[05:21:35] [347/459] SCAG
[05:21:36] [348/459] CNPR
[05:21:37] [349/459] CSER
[05:21:37] [350/459] HLWD
[05:21:38] 🔄 Identity reset
[05:21:38] 🔄 Identity rotated (every 10 requests)
[05:21:38] [351/459] BOLY
[05:21:39] [352/459] SSPG
[05:21:40] [353/459] MUPX
[05:21:41] [354/459] HAMR
[05:21:41] [355/459] SDNC
[05:21:42] [356/459] RTEN
[05:21:43] [357/459] SDTD
[05:21:43] [358/459] KAWS
[05:21:44] [359/459] CMZX
[05:21:45] [360/459] DCDD
[05:21:46] 🔄 Identity reset
[05:21:46] 🔄 Identity rotated (every 10 requests)
[05:21:46] [361/459] ALSN
[05:21:47] [362/459] IMXS
[05:21:48] [363/459] PVFF
[05:21:48] [364/459] PVOO
[05:21:49] [365/459] CFBS
[05:21:50] [366/459] PVER
[05:21:51] [367/459] PPNX
[05:21:52] [368/459] CNRM
[05:21:52] [369/459] PVWW
[05:21:53] [370/459] INMB
[05:21:53] 🔄 Identity reset
[05:21:53] 🔄 Identity rotated (every 10 requests)
[05:21:54] [371/459] CPJR
[05:21:54] [372/459] INRZ
[05:21:55] [373/459] PMSR
[05:21:56] [374/459] GPGM
[05:21:57] [375/459] PGWB
[05:21:58] [376/459] PMBR
[05:21:59] [377/459] GPAM
[05:22:00] [378/459] INBC
[05:22:01] [379/459] PZVK
[05:22:02] [380/459] CPEB
[05:22:03] 🔄 Identity reset
[05:22:03] 🔄 Identity rotated (every 10 requests)
[05:22:03] [381/459] FMLB
[05:22:03] [382/459] INBG
[05:22:04] [383/459] GPBR
[05:22:05] [384/459] PAAS
[05:22:06] [385/459] VTBR
[05:22:07] [386/459] GPMY
[05:22:07] [387/459] GYBU
[05:22:08] [388/459] INBJ
[05:22:09] [389/459] LKTH
[05:22:09] [390/459] NSBR
[05:22:10] 🔄 Identity reset
[05:22:10] 🔄 Identity rotated (every 10 requests)
[05:22:10] [391/459] PDRD
[05:22:11] [392/459] VRBL
[05:22:12] [393/459] VTGB
[05:22:12] [394/459] VTSK
[05:22:13] [395/459] BKDV
[05:22:14] [396/459] SVTB
[05:22:15] [397/459] MLDT
[05:22:15] [398/459] NRBL
[05:22:16] [399/459] SLTR
[05:22:16] [400/459] VNKA
[05:22:17] 🔄 Identity reset
[05:22:17] 🔄 Identity rotated (every 10 requests)
[05:22:17] [401/459] TDCA
[05:22:18] [402/459] INBM
[05:22:19] [403/459] SSNR
[05:22:20] [404/459] BHAC
[05:22:23] [405/459] SDSD
[05:22:24] [406/459] SAMP
[05:22:24] [407/459] RATK
[05:22:25] [408/459] KCBI
[05:22:26] [409/459] URBL
[05:22:26] [410/459] MKBG
[05:22:27] 🔄 Identity reset
[05:22:27] 🔄 Identity rotated (every 10 requests)
[05:22:28] [411/459] ASTB
[05:22:29] [412/459] VBWT
[05:22:30] [413/459] GPSM
[05:22:30] [414/459] ROON
[05:22:31] [415/459] CHTH
[05:22:32] [416/459] SSPA
[05:22:32] [417/459] ANBL
[05:22:33] [418/459] VTBE
[05:22:34] [419/459] SVKT
[05:22:36] [420/459] SVYK
[05:22:36] 🔄 Identity reset
[05:22:36] 🔄 Identity rotated (every 10 requests)
[05:22:36] [421/459] PTBK
[05:22:37] [422/459] RKTB
[05:22:38] [423/459] BALT
[05:22:39] [424/459] STSV
[05:22:39] [425/459] VCCB
[05:22:40] [426/459] SLTB
[05:22:41] [427/459] SBCR
[05:22:42] [428/459] VDCS
[05:22:42] [429/459] MDKI
[05:22:43] [430/459] SMRN
[05:22:44] 🔄 Identity reset
[05:22:44] 🔄 Identity rotated (every 10 requests)
[05:22:44] [431/459] PTBC
[05:22:45] [432/459] RADI
[05:22:47] [433/459] ADCR
[05:22:48] [434/459] SDCS
[05:22:48] [435/459] SRPJ
[05:22:50] [436/459] ARTS
[05:22:51] [437/459] SRHK
[05:22:52] [438/459] SPAY
[05:22:53] [439/459] GPTB
[05:22:53] [440/459] SNNN
[05:22:54] 🔄 Identity reset
[05:22:54] 🔄 Identity rotated (every 10 requests)
[05:22:54] [441/459] BALJ
[05:22:55] [442/459] TRIG
[05:22:55] [443/459] GTYT
[05:22:56] [444/459] ATGN
[05:22:57] [445/459] ANTE
[05:22:58] [446/459] BDCG
[05:22:58] [447/459] VECI
[05:22:59] [448/459] SCPR
[05:23:00] [449/459] RTEA
[05:23:00] [450/459] JSAI
[05:23:01] 🔄 Identity reset
[05:23:01] 🔄 Identity rotated (every 10 requests)
[05:23:01] [451/459] VJTP
[05:23:02] [452/459] GNDS
[05:23:03] [453/459] PAXA
[05:23:03] [454/459] CGGM
[05:23:04] [455/459] ACKZ
[05:23:05] [456/459] EMCC
[05:23:06] [457/459] KLSK
[05:23:06] [458/459] AVCK
[05:23:07] [459/459] JTCK
[05:23:08] ✅ DONE | Shows=17 | Movies=9
[06:06:49] 🚀 BMS DAILY TRACKER STARTED (enhanced anti‑detection)
[06:06:49] [1/459] NECA
[06:06:49] 🧠 New identity created
[06:06:50] [2/459] BJLC
[06:06:50] [3/459] BASU
[06:06:51] [4/459] RUPI
[06:06:53] [5/459] LCBK
[06:06:55] [6/459] PMAC
[06:06:56] [7/459] AMLC
[06:06:57] [8/459] LICL
[06:06:58] [9/459] UDMM
[06:06:59] [10/459] STBZ
[06:07:00] 🔄 Identity reset
[06:07:00] 🔄 Identity rotated (every 10 requests)
[06:07:00] [11/459] UUBT
[06:07:01] [12/459] SJKC
[06:07:02] [13/459] TUAL
[06:07:03] [14/459] MRSE
[06:07:04] [15/459] RMRK
[06:07:05] [16/459] TTKP
[06:07:05] [17/459] KTKO
[06:07:06] [18/459] SDBK
[06:07:07] [19/459] MCPR
[06:07:08] [20/459] CHTI
[06:07:09] 🔄 Identity reset
[06:07:09] 🔄 Identity rotated (every 10 requests)
[06:07:09] [21/459] GCCP
[06:07:10] [22/459] SRMY
[06:07:11] [23/459] NYST
[06:07:12] [24/459] NYAG
[06:07:13] [25/459] SBMT
[06:07:13] [26/459] INGA
[06:07:14] [27/459] WSIC
[06:07:15] [28/459] SCSS
[06:07:16] [29/459] COPG
[06:07:18] [30/459] RCGR
[06:07:18] 🔄 Identity reset
[06:07:18] 🔄 Identity rotated (every 10 requests)
[06:07:19] [31/459] TCZA
[06:07:20] [32/459] CNLP
[06:07:21] [33/459] CLKN
[06:07:22] [34/459] LHDF
[06:07:23] [35/459] ELKC
[06:07:24] [36/459] VCEM
[06:07:26] [37/459] SSZA
[06:07:27] [38/459] KRMT
[06:07:28] [39/459] LCMV
[06:07:29] [40/459] AYCZ
[06:07:30] 🔄 Identity reset
[06:07:30] 🔄 Identity rotated (every 10 requests)
[06:07:30] [41/459] CUMS
[06:07:31] [42/459] BOCK
[06:07:33] [43/459] PNMR
[06:07:34] [44/459] PJCP
[06:07:35] [45/459] JDDD
[06:07:36] [46/459] STMS
[06:07:37] [47/459] FLMB
[06:07:38] [48/459] PKCM
[06:07:39] [49/459] SPPR
[06:07:40] [50/459] EYLH
[06:07:40] 🔄 Identity reset
[06:07:40] 🔄 Identity rotated (every 10 requests)
[06:07:41] [51/459] RJCC
[06:07:41] [52/459] MMPS
[06:07:42] [53/459] SHMX
[06:07:44] [54/459] CCNL
[06:07:46] [55/459] RCNV
[06:07:47] [56/459] MAAG
[06:07:48] [57/459] LXCM
[06:07:48] [58/459] RCNI
[06:07:49] [59/459] SNNI
[06:07:50] [60/459] LALC
[06:07:51] 🔄 Identity reset
[06:07:51] 🔄 Identity rotated (every 10 requests)
[06:07:51] [61/459] SOCN
[06:07:53] [62/459] JHTP
[06:07:54] [63/459] PITP
[06:07:56] [64/459] CCKW
[06:07:57] [65/459] MCMC
[06:07:58] [66/459] DEES
[06:07:59] [67/459] SABT
[06:08:01] [68/459] VSPP
[06:08:02] [69/459] ABCT
[06:08:03] [70/459] JVTB
[06:08:03] 🔄 Identity reset
[06:08:03] 🔄 Identity rotated (every 10 requests)
[06:08:04] [71/459] VCBD
[06:08:05] [72/459] RMGG
[06:08:06] [73/459] RNMH
[06:08:07] [74/459] SPGL
[06:08:08] [75/459] JTTR
[06:08:09] [76/459] SICS
[06:08:10] [77/459] SRMI
[06:08:11] [78/459] SSIJ
[06:08:11] [79/459] KFMT
[06:08:12] [80/459] VBIT
[06:08:13] 🔄 Identity reset
[06:08:13] 🔄 Identity rotated (every 10 requests)
[06:08:13] [81/459] JKCT
[06:08:14] [82/459] GCGP
[06:08:15] [83/459] GDCS
[06:08:16] [84/459] TRBA
[06:08:17] [85/459] QUST
[06:08:18] [86/459] VSHM
[06:08:19] [87/459] SDCP
[06:08:20] [88/459] SNVS
[06:08:21] [89/459] NYTO
[06:08:22] [90/459] URWC
[06:08:23] 🔄 Identity reset
[06:08:23] 🔄 Identity rotated (every 10 requests)
[06:08:23] [91/459] GTWH
[06:08:24] [92/459] PFCM
[06:08:25] [93/459] KRTA
[06:08:26] [94/459] AXMC
[06:08:27] [95/459] EVMC
[06:08:28] [96/459] HGSM
[06:08:29] [97/459] ACVM
[06:08:31] [98/459] PSKL
[06:08:32] [99/459] RDMP
[06:08:34] [100/459] RHGH
[06:08:34] 🔄 Identity reset
[06:08:34] 🔄 Identity rotated (every 10 requests)
[06:08:35] [101/459] OMCM
[06:08:35] [102/459] DCCP
[06:08:36] [103/459] MCPB
[06:08:37] [104/459] ALCI
[06:08:38] [105/459] BLMX
[06:08:39] [106/459] BTMV
[06:08:40] [107/459] FVPN
[06:08:41] [108/459] CMAR
[06:08:42] [109/459] CEIM
[06:08:42] [110/459] CMVA
[06:08:43] 🔄 Identity reset
[06:08:43] 🔄 Identity rotated (every 10 requests)
[06:08:44] [111/459] CPIV
[06:08:45] [112/459] CNPE
[06:08:46] [113/459] COLV
[06:08:47] [114/459] DNNV
[06:08:48] [115/459] HCAD
[06:08:49] [116/459] TAKA
[06:08:50] [117/459] INVD
[06:08:51] [118/459] IRMM
[06:08:52] [119/459] INSE
[06:08:53] [120/459] MRSW
[06:08:53] 🔄 Identity reset
[06:08:53] 🔄 Identity rotated (every 10 requests)
[06:08:54] [121/459] MCVD
[06:08:54] [122/459] MCSO
[06:08:56] [123/459] PEVM
[06:08:57] [124/459] PVNL
[06:08:59] [125/459] PTCV
[06:09:00] [126/459] PRTC
[06:09:01] [127/459] RCVA
[06:09:02] [128/459] MTBN
[06:09:03] [129/459] LUCP
[06:09:03] [130/459] FMPT
[06:09:04] 🔄 Identity reset
[06:09:04] 🔄 Identity rotated (every 10 requests)
[06:09:04] [131/459] JLSL
[06:09:05] [132/459] SBHA
[06:09:07] [133/459] SHRC
[06:09:08] [134/459] AVPS
[06:09:09] [135/459] STPM
[06:09:10] [136/459] ATRD
[06:09:11] [137/459] VTED
[06:09:12] [138/459] ACAI
[06:09:13] [139/459] SMAE
[06:09:14] [140/459] VMAT
[06:09:14] 🔄 Identity reset
[06:09:14] 🔄 Identity rotated (every 10 requests)
[06:09:16] [141/459] LKCT
[06:09:16] [142/459] JTVK
[06:09:17] [143/459] PRTY
[06:09:18] [144/459] GETT
[06:09:19] [145/459] ESAP
[06:09:20] [146/459] NCPM
[06:09:21] [147/459] PCPA
[06:09:22] [148/459] MMOM
[06:09:23] [149/459] PHUP
[06:09:23] [150/459] CCPI
[06:09:24] 🔄 Identity reset
[06:09:24] 🔄 Identity rotated (every 10 requests)
[06:09:24] [151/459] CNTD
[06:09:25] [152/459] NLJR
[06:09:27] [153/459] SRNG
[06:09:28] [154/459] MHAL
[06:09:29] [155/459] PNSM
[06:09:29] [156/459] DRMY
[06:09:30] [157/459] CCMU
[06:09:31] [158/459] SCMY
[06:09:32] [159/459] PVSY
[06:09:34] [160/459] SDLM
[06:09:35] 🔄 Identity reset
[06:09:35] 🔄 Identity rotated (every 10 requests)
[06:09:35] [161/459] ICCM
[06:09:36] [162/459] PYSU
[06:09:37] [163/459] GATM
[06:09:38] [164/459] WOTM
[06:09:39] [165/459] RKTS
[06:09:40] [166/459] PMTY
[06:09:42] [167/459] LYMS
[06:09:43] [168/459] TGCA
[06:09:44] [169/459] DSTA
[06:09:45] [170/459] CNGE
[06:09:46] 🔄 Identity reset
[06:09:46] 🔄 Identity rotated (every 10 requests)
[06:09:46] [171/459] VSTG
[06:09:47] [172/459] GTCK
[06:09:48] [173/459] TGNT
[06:09:49] [174/459] ASLC
[06:09:50] [175/459] SSST
[06:09:51] [176/459] KBTT
[06:09:52] [177/459] HKCP
[06:09:54] [178/459] SWLC
[06:09:56] [179/459] RTND
[06:09:57] [180/459] PKKT
[06:09:58] 🔄 Identity reset
[06:09:58] 🔄 Identity rotated (every 10 requests)
[06:09:58] [181/459] HSTK
[06:09:59] [182/459] SPTT
[06:10:00] [183/459] IMPM
[06:10:01] [184/459] SCMV
[06:10:02] [185/459] SPCT
[06:10:03] [186/459] JBCA
[06:10:04] [187/459] ATTR
[06:10:06] [188/459] SPMT
[06:10:07] [189/459] LCTM
[06:10:09] [190/459] SCVL
[06:10:09] 🔄 Identity reset
[06:10:09] 🔄 Identity rotated (every 10 requests)
[06:10:10] [191/459] SCVT
[06:10:10] [192/459] KRIC
[06:10:11] [193/459] CTMG
[06:10:12] [194/459] ACNC
[06:10:13] [195/459] DMCK
[06:10:14] [196/459] KMTV
[06:10:15] [197/459] PFCJ
[06:10:16] [198/459] VNMD
[06:10:17] [199/459] VPCZ
[06:10:18] [200/459] SRYR
[06:10:19] 🔄 Identity reset
[06:10:19] 🔄 Identity rotated (every 10 requests)
[06:10:19] [201/459] SYTR
[06:10:20] [202/459] GATR
[06:10:21] [203/459] URTR
[06:10:22] [204/459] MKSM
[06:10:23] [205/459] VSMH
[06:10:24] [206/459] SKRJ
[06:10:25] [207/459] SSJR
[06:10:26] [208/459] SVSM
[06:10:27] [209/459] RUCM
[06:10:28] [210/459] PRKN
[06:10:29] 🔄 Identity reset
[06:10:29] 🔄 Identity rotated (every 10 requests)
[06:10:29] [211/459] RROH
[06:10:30] [212/459] SCTN
[06:10:31] [213/459] RTDM
[06:10:32] [214/459] ASRM
[06:10:33] [215/459] SKMD
[06:10:34] [216/459] SUTD
[06:10:35] [217/459] SADM
[06:10:36] [218/459] WCNR
[06:10:37] [219/459] CNED
[06:10:38] [220/459] MPDB
[06:10:39] 🔄 Identity reset
[06:10:39] 🔄 Identity rotated (every 10 requests)
[06:10:39] [221/459] KTBH
[06:10:40] [222/459] IDRM
[06:10:41] [223/459] PJJT
[06:10:42] [224/459] PFCV
[06:10:43] [225/459] AACT
[06:10:45] [226/459] AAAD
[06:10:46] [227/459] ANES
[06:10:47] [228/459] MNCA
[06:10:47] [229/459] RMGU
[06:10:48] [230/459] DLCN
[06:10:49] 🔄 Identity reset
[06:10:49] 🔄 Identity rotated (every 10 requests)
[06:10:50] [231/459] LJWT
[06:10:51] [232/459] MCBG
[06:10:53] [233/459] MYBG
[06:10:54] [234/459] GCCA
[06:10:55] [235/459] GCGA
[06:10:56] [236/459] ECGN
[06:10:57] [237/459] PRAB
[06:10:58] [238/459] PNMP
[06:10:58] [239/459] GCPT
[06:10:59] [240/459] ROYN
[06:11:00] 🔄 Identity reset
[06:11:00] 🔄 Identity rotated (every 10 requests)
[06:11:00] [241/459] VATM
[06:11:01] [242/459] KSNT
[06:11:02] [243/459] ACTC
[06:11:03] [244/459] PLTD
[06:11:04] [245/459] SKMK
[06:11:05] [246/459] CMTT
[06:11:06] [247/459] SMXP
[06:11:07] [248/459] SCMX
[06:11:08] [249/459] ACXN
[06:11:09] [250/459] ASWT
[06:11:10] 🔄 Identity reset
[06:11:10] 🔄 Identity rotated (every 10 requests)
[06:11:10] [251/459] VVVL
[06:11:11] [252/459] NAGO
[06:11:12] [253/459] SNCN
[06:11:13] [254/459] MCKP
[06:11:14] [255/459] SAMO
[06:11:15] [256/459] JBTV
[06:11:16] [257/459] DCVV
[06:11:17] [258/459] KMSV
[06:11:18] [259/459] KDCN
[06:11:19] [260/459] CNCP
[06:11:20] 🔄 Identity reset
[06:11:20] 🔄 Identity rotated (every 10 requests)
[06:11:20] [261/459] HAMC
[06:11:21] [262/459] CCVZ
[06:11:22] [263/459] NCCK
[06:11:23] [264/459] MCHR
[06:11:24] [265/459] SCHT
[06:11:25] [266/459] ESSH
[06:11:26] [267/459] CUJC
[06:11:27] [268/459] PECP
[06:11:29] [269/459] PMMI
[06:11:29] [270/459] PCCH
[06:11:30] 🔄 Identity reset
[06:11:30] 🔄 Identity rotated (every 10 requests)
[06:11:30] [271/459] PRPM
[06:11:31] [272/459] PVKL
[06:11:33] [273/459] CBSM
[06:11:35] [274/459] PVCZ
[06:11:36] [275/459] PCVV
[06:11:38] [276/459] CTMJ
[06:11:39] [277/459] RCPS
[06:11:40] [278/459] PCIT
[06:11:40] [279/459] FNCH
[06:11:41] [280/459] INZD
[06:11:42] 🔄 Identity reset
[06:11:42] 🔄 Identity rotated (every 10 requests)
[06:11:42] [281/459] INPC
[06:11:43] [282/459] LCZP
[06:11:44] [283/459] SMCB
[06:11:45] [284/459] PTSB
[06:11:46] [285/459] TPSI
[06:11:47] [286/459] KHMJ
[06:11:48] [287/459] RCCJ
[06:11:49] [288/459] NCJA
[06:11:50] [289/459] NCJN
[06:11:51] [290/459] BTDP
[06:11:52] 🔄 Identity reset
[06:11:52] 🔄 Identity rotated (every 10 requests)
[06:11:52] [291/459] PADY
[06:11:53] [292/459] NYBH
[06:11:54] [293/459] MTBR
[06:11:55] [294/459] KRBC
[06:11:56] [295/459] DKTI
[06:11:57] [296/459] ANAN
[06:11:58] [297/459] INBP
[06:11:59] [298/459] PATB
[06:12:00] [299/459] RGNT
[06:12:02] [300/459] CGPM
[06:12:02] 🔄 Identity reset
[06:12:02] 🔄 Identity rotated (every 10 requests)
[06:12:03] [301/459] INTN
[06:12:04] [302/459] MCMP
[06:12:05] [303/459] ASRG
[06:12:06] [304/459] CXJD
[06:12:07] [305/459] SPCP
[06:12:08] [306/459] CSTP
[06:12:09] [307/459] PKVC
[06:12:10] [308/459] ESCP
[06:12:12] [309/459] CAEP
[06:12:12] [310/459] CCSP
[06:12:13] 🔄 Identity reset
[06:12:13] 🔄 Identity rotated (every 10 requests)
[06:12:14] [311/459] KTPC
[06:12:15] [312/459] DACA
[06:12:16] [313/459] NVKY
[06:12:16] [314/459] PTIN
[06:12:17] [315/459] SCIN
[06:12:19] [316/459] MCTY
[06:12:20] [317/459] PCMX
[06:12:21] [318/459] INIC
[06:12:22] [319/459] MMZM
[06:12:23] [320/459] SSLP
[06:12:23] 🔄 Identity reset
[06:12:23] 🔄 Identity rotated (every 10 requests)
[06:12:24] [321/459] DTDT
[06:12:24] [322/459] FFCX
[06:12:25] [323/459] RCMM
[06:12:26] [324/459] KYID
[06:12:28] [325/459] CSCI
[06:12:29] [326/459] FCMC
[06:12:30] [327/459] MMXI
[06:12:31] [328/459] ASTC
[06:12:31] [329/459] CMRA
[06:12:32] [330/459] DICI
[06:12:33] 🔄 Identity reset
[06:12:33] 🔄 Identity rotated (every 10 requests)
[06:12:33] [331/459] KDIN
[06:12:34] [332/459] PRFI
[06:12:35] [333/459] SVFC
[06:12:36] [334/459] UCPL
[06:12:37] [335/459] COOC
[06:12:39] [336/459] SCAL
[06:12:39] [337/459] SVFF
[06:12:41] [338/459] VCMG
[06:12:42] [339/459] UUCT
[06:12:44] [340/459] GCSE
[06:12:45] 🔄 Identity reset
[06:12:45] 🔄 Identity rotated (every 10 requests)
[06:12:45] [341/459] SUSC
[06:12:46] [342/459] MISC
[06:12:47] [343/459] RMBL
[06:12:48] [344/459] CMXN
[06:12:49] [345/459] PVBK
[06:12:50] [346/459] HHCG
[06:12:50] [347/459] SCAG
[06:12:51] [348/459] CNPR
[06:12:52] [349/459] CSER
[06:12:53] [350/459] HLWD
[06:12:54] 🔄 Identity reset
[06:12:54] 🔄 Identity rotated (every 10 requests)
[06:12:54] [351/459] BOLY
[06:12:55] [352/459] SSPG
[06:12:56] [353/459] MUPX
[06:12:57] [354/459] HAMR
[06:12:58] [355/459] SDNC
[06:12:59] [356/459] RTEN
[06:13:00] [357/459] SDTD
[06:13:01] [358/459] KAWS
[06:13:02] [359/459] CMZX
[06:13:03] [360/459] DCDD
[06:13:03] 🔄 Identity reset
[06:13:03] 🔄 Identity rotated (every 10 requests)
[06:13:04] [361/459] ALSN
[06:13:05] [362/459] IMXS
[06:13:06] [363/459] PVFF
[06:13:07] [364/459] PVOO
[06:13:07] [365/459] CFBS
[06:13:09] [366/459] PVER
[06:13:10] [367/459] PPNX
[06:13:11] [368/459] CNRM
[06:13:11] [369/459] PVWW
[06:13:12] [370/459] INMB
[06:13:13] 🔄 Identity reset
[06:13:13] 🔄 Identity rotated (every 10 requests)
[06:13:13] [371/459] CPJR
[06:13:14] [372/459] INRZ
[06:13:15] [373/459] PMSR
[06:13:16] [374/459] GPGM
[06:13:18] [375/459] PGWB
[06:13:19] [376/459] PMBR
[06:13:20] [377/459] GPAM
[06:13:20] [378/459] INBC
[06:13:21] [379/459] PZVK
[06:13:22] [380/459] CPEB
[06:13:23] 🔄 Identity reset
[06:13:23] 🔄 Identity rotated (every 10 requests)
[06:13:23] [381/459] FMLB
[06:13:24] [382/459] INBG
[06:13:25] [383/459] GPBR
[06:13:26] [384/459] PAAS
[06:13:27] [385/459] VTBR
[06:13:29] [386/459] GPMY
[06:13:30] [387/459] GYBU
[06:13:30] [388/459] INBJ
[06:13:31] [389/459] LKTH
[06:13:32] [390/459] NSBR
[06:13:33] 🔄 Identity reset
[06:13:33] 🔄 Identity rotated (every 10 requests)
[06:13:33] [391/459] PDRD
[06:13:34] [392/459] VRBL
[06:13:35] [393/459] VTGB
[06:13:37] [394/459] VTSK
[06:13:38] [395/459] BKDV
[06:13:39] [396/459] SVTB
[06:13:40] [397/459] MLDT
[06:13:40] [398/459] NRBL
[06:13:41] [399/459] SLTR
[06:13:42] [400/459] VNKA
[06:13:43] 🔄 Identity reset
[06:13:43] 🔄 Identity rotated (every 10 requests)
[06:13:43] [401/459] TDCA
[06:13:44] [402/459] INBM
[06:13:45] [403/459] SSNR
[06:13:46] [404/459] BHAC
[06:13:47] [405/459] SDSD
[06:13:48] [406/459] SAMP
[06:13:48] [407/459] RATK
[06:13:49] [408/459] KCBI
[06:13:51] [409/459] URBL
[06:13:52] [410/459] MKBG
[06:13:53] 🔄 Identity reset
[06:13:53] 🔄 Identity rotated (every 10 requests)
[06:13:54] [411/459] ASTB
[06:13:55] [412/459] VBWT
[06:13:57] [413/459] GPSM
[06:13:58] [414/459] ROON
[06:13:59] [415/459] CHTH
[06:13:59] [416/459] SSPA
[06:14:01] [417/459] ANBL
[06:14:02] [418/459] VTBE
[06:14:02] [419/459] SVKT
[06:14:03] [420/459] SVYK
[06:14:04] 🔄 Identity reset
[06:14:04] 🔄 Identity rotated (every 10 requests)
[06:14:05] [421/459] PTBK
[06:14:06] [422/459] RKTB
[06:14:07] [423/459] BALT
[06:14:08] [424/459] STSV
[06:14:09] [425/459] VCCB
[06:14:10] [426/459] SLTB
[06:14:11] [427/459] SBCR
[06:14:12] [428/459] VDCS
[06:14:13] [429/459] MDKI
[06:14:14] [430/459] SMRN
[06:14:14] 🔄 Identity reset
[06:14:14] 🔄 Identity rotated (every 10 requests)
[06:14:15] [431/459] PTBC
[06:14:15] [432/459] RADI
[06:14:17] [433/459] ADCR
[06:14:18] [434/459] SDCS
[06:14:19] [435/459] SRPJ
[06:14:20] [436/459] ARTS
[06:14:21] [437/459] SRHK
[06:14:22] [438/459] SPAY
[06:14:23] [439/459] GPTB
[06:14:23] [440/459] SNNN
[06:14:24] 🔄 Identity reset
[06:14:24] 🔄 Identity rotated (every 10 requests)
[06:14:24] [441/459] BALJ
[06:14:25] [442/459] TRIG
[06:14:26] [443/459] GTYT
[06:14:28] [444/459] ATGN
[06:14:29] [445/459] ANTE
[06:14:30] [446/459] BDCG
[06:14:31] [447/459] VECI
[06:14:32] [448/459] SCPR
[06:14:33] [449/459] RTEA
[06:14:34] [450/459] JSAI
[06:14:35] 🔄 Identity reset
[06:14:35] 🔄 Identity rotated (every 10 requests)
[06:14:35] [451/459] VJTP
[06:14:36] [452/459] GNDS
[06:14:37] [453/459] PAXA
[06:14:38] [454/459] CGGM
[06:14:38] [455/459] ACKZ
[06:14:39] [456/459] EMCC
[06:14:40] [457/459] KLSK
[06:14:41] [458/459] AVCK
[06:14:42] [459/459] JTCK
[06:14:43] ✅ DONE | Shows=192 | Movies=38
[06:34:13] 🚀 BMS DAILY TRACKER STARTED (enhanced anti‑detection)
[06:34:13] [1/459] NECA
[06:34:14] 🧠 New identity created
[06:34:14] [2/459] BJLC
[06:34:15] [3/459] BASU
[06:34:15] [4/459] RUPI
[06:34:16] [5/459] LCBK
[06:34:17] [6/459] PMAC
[06:34:17] [7/459] AMLC
[06:34:18] [8/459] LICL
[06:34:18] [9/459] UDMM
[06:34:19] [10/459] STBZ
[06:34:20] 🔄 Identity reset
[06:34:20] 🔄 Identity rotated (every 10 requests)
[06:34:20] [11/459] UUBT
[06:34:20] [12/459] SJKC
[06:34:21] [13/459] TUAL
[06:34:21] [14/459] MRSE
[06:34:22] [15/459] RMRK
[06:34:23] [16/459] TTKP
[06:34:23] [17/459] KTKO
[06:34:24] [18/459] SDBK
[06:34:25] [19/459] MCPR
[06:34:25] [20/459] CHTI
[06:34:26] 🔄 Identity reset
[06:34:26] 🔄 Identity rotated (every 10 requests)
[06:34:26] [21/459] GCCP
[06:34:27] [22/459] SRMY
[06:34:27] [23/459] NYST
[06:34:28] [24/459] NYAG
[06:34:29] [25/459] SBMT
[06:34:29] [26/459] INGA
[06:34:30] [27/459] WSIC
[06:34:31] [28/459] SCSS
[06:34:31] [29/459] COPG
[06:34:32] [30/459] RCGR
[06:34:32] 🔄 Identity reset
[06:34:32] 🔄 Identity rotated (every 10 requests)
[06:34:33] [31/459] TCZA
[06:34:33] [32/459] CNLP
[06:34:34] [33/459] CLKN
[06:34:34] [34/459] LHDF
[06:34:35] [35/459] ELKC
[06:34:36] [36/459] VCEM
[06:34:36] [37/459] SSZA
[06:34:37] [38/459] KRMT
[06:34:38] [39/459] LCMV
[06:34:38] [40/459] AYCZ
[06:34:39] 🔄 Identity reset
[06:34:39] 🔄 Identity rotated (every 10 requests)
[06:34:39] [41/459] CUMS
[06:34:40] [42/459] BOCK
[06:34:41] [43/459] PNMR
[06:34:41] [44/459] PJCP
[06:34:42] [45/459] JDDD
[06:34:42] [46/459] STMS
[06:34:43] [47/459] FLMB
[06:34:44] [48/459] PKCM
[06:34:44] [49/459] SPPR
[06:34:45] [50/459] EYLH
[06:34:46] 🔄 Identity reset
[06:34:46] 🔄 Identity rotated (every 10 requests)
[06:34:46] [51/459] RJCC
[06:34:46] [52/459] MMPS
[06:34:47] [53/459] SHMX
[06:34:47] [54/459] CCNL
[06:34:48] [55/459] RCNV
[06:34:49] [56/459] MAAG
[06:34:50] [57/459] LXCM
[06:34:50] [58/459] RCNI
[06:34:51] [59/459] SNNI
[06:34:51] [60/459] LALC
[06:34:52] 🔄 Identity reset
[06:34:52] 🔄 Identity rotated (every 10 requests)
[06:34:52] [61/459] SOCN
[06:34:53] [62/459] JHTP
[06:34:53] [63/459] PITP
[06:34:54] [64/459] CCKW
[06:34:54] [65/459] MCMC
[06:34:55] [66/459] DEES
[06:34:56] [67/459] SABT
[06:34:56] [68/459] VSPP
[06:34:57] [69/459] ABCT
[06:34:57] [70/459] JVTB
[06:34:58] 🔄 Identity reset
[06:34:58] 🔄 Identity rotated (every 10 requests)
[06:34:58] [71/459] VCBD
[06:34:59] [72/459] RMGG
[06:34:59] [73/459] RNMH
[06:35:00] [74/459] SPGL
[06:35:01] [75/459] JTTR
[06:35:01] [76/459] SICS
[06:35:02] [77/459] SRMI
[06:35:03] [78/459] SSIJ
[06:35:03] [79/459] KFMT
[06:35:04] [80/459] VBIT
[06:35:04] 🔄 Identity reset
[06:35:04] 🔄 Identity rotated (every 10 requests)
[06:35:04] [81/459] JKCT
[06:35:05] [82/459] GCGP
[06:35:06] [83/459] GDCS
[06:35:06] [84/459] TRBA
[06:35:07] [85/459] QUST
[06:35:07] [86/459] VSHM
[06:35:08] [87/459] SDCP
[06:35:09] [88/459] SNVS
[06:35:09] [89/459] NYTO
[06:35:10] [90/459] URWC
[06:35:11] 🔄 Identity reset
[06:35:11] 🔄 Identity rotated (every 10 requests)
[06:35:11] [91/459] GTWH
[06:35:11] [92/459] PFCM
[06:35:12] [93/459] KRTA
[06:35:12] [94/459] AXMC
[06:35:13] [95/459] EVMC
[06:35:13] [96/459] HGSM
[06:35:14] [97/459] ACVM
[06:35:15] [98/459] PSKL
[06:35:15] [99/459] RDMP
[06:35:16] [100/459] RHGH
[06:35:17] 🔄 Identity reset
[06:35:17] 🔄 Identity rotated (every 10 requests)
[06:35:17] [101/459] OMCM
[06:35:18] [102/459] DCCP
[06:35:18] [103/459] MCPB
[06:35:19] [104/459] ALCI
[06:35:20] [105/459] BLMX
[06:35:20] [106/459] BTMV
[06:35:21] [107/459] FVPN
[06:35:21] [108/459] CMAR
[06:35:22] [109/459] CEIM
[06:35:23] [110/459] CMVA
[06:35:24] 🔄 Identity reset
[06:35:24] 🔄 Identity rotated (every 10 requests)
[06:35:24] [111/459] CPIV
[06:35:24] [112/459] CNPE
[06:35:25] [113/459] COLV
[06:35:25] [114/459] DNNV
[06:35:26] [115/459] HCAD
[06:35:27] [116/459] TAKA
[06:35:27] [117/459] INVD
[06:35:28] [118/459] IRMM
[06:35:28] [119/459] INSE
[06:35:29] [120/459] MRSW
[06:35:30] 🔄 Identity reset
[06:35:30] 🔄 Identity rotated (every 10 requests)
[06:35:30] [121/459] MCVD
[06:35:30] [122/459] MCSO
[06:35:31] [123/459] PEVM
[06:35:32] [124/459] PVNL
[06:35:32] [125/459] PTCV
[06:35:33] [126/459] PRTC
[06:35:34] [127/459] RCVA
[06:35:34] [128/459] MTBN
[06:35:35] [129/459] LUCP
[06:35:35] [130/459] FMPT
[06:35:36] 🔄 Identity reset
[06:35:36] 🔄 Identity rotated (every 10 requests)
[06:35:36] [131/459] JLSL
[06:35:37] [132/459] SBHA
[06:35:37] [133/459] SHRC
[06:35:38] [134/459] AVPS
[06:35:38] [135/459] STPM
[06:35:39] [136/459] ATRD
[06:35:40] [137/459] VTED
[06:35:40] [138/459] ACAI
[06:35:41] [139/459] SMAE
[06:35:42] [140/459] VMAT
[06:35:42] 🔄 Identity reset
[06:35:42] 🔄 Identity rotated (every 10 requests)
[06:35:42] [141/459] LKCT
[06:35:43] [142/459] JTVK
[06:35:44] [143/459] PRTY
[06:35:44] [144/459] GETT
[06:35:45] [145/459] ESAP
[06:35:45] [146/459] NCPM
[06:35:46] [147/459] PCPA
[06:35:47] [148/459] MMOM
[06:35:48] [149/459] PHUP
[06:35:48] [150/459] CCPI
[06:35:49] 🔄 Identity reset
[06:35:49] 🔄 Identity rotated (every 10 requests)
[06:35:49] [151/459] CNTD
[06:35:49] [152/459] NLJR
[06:35:50] [153/459] SRNG
[06:35:51] [154/459] MHAL
[06:35:51] [155/459] PNSM
[06:35:52] [156/459] DRMY
[06:35:53] [157/459] CCMU
[06:35:54] [158/459] SCMY
[06:35:54] [159/459] PVSY
[06:35:55] [160/459] SDLM
[06:35:55] 🔄 Identity reset
[06:35:55] 🔄 Identity rotated (every 10 requests)
[06:35:55] [161/459] ICCM
[06:35:56] [162/459] PYSU
[06:35:57] [163/459] GATM
[06:35:58] [164/459] WOTM
[06:35:58] [165/459] RKTS
[06:35:59] [166/459] PMTY
[06:35:59] [167/459] LYMS
[06:36:00] [168/459] TGCA
[06:36:01] [169/459] DSTA
[06:36:01] [170/459] CNGE
[06:36:02] 🔄 Identity reset
[06:36:02] 🔄 Identity rotated (every 10 requests)
[06:36:02] [171/459] VSTG
[06:36:03] [172/459] GTCK
[06:36:03] [173/459] TGNT
[06:36:04] [174/459] ASLC
[06:36:05] [175/459] SSST
[06:36:05] [176/459] KBTT
[06:36:06] [177/459] HKCP
[06:36:06] [178/459] SWLC
[06:36:07] [179/459] RTND
[06:36:08] [180/459] PKKT
[06:36:09] 🔄 Identity reset
[06:36:09] 🔄 Identity rotated (every 10 requests)
[06:36:09] [181/459] HSTK
[06:36:09] [182/459] SPTT
[06:36:10] [183/459] IMPM
[06:36:11] [184/459] SCMV
[06:36:11] [185/459] SPCT
[06:36:12] [186/459] JBCA
[06:36:13] [187/459] ATTR
[06:36:13] [188/459] SPMT
[06:36:14] [189/459] LCTM
[06:36:14] [190/459] SCVL
[06:36:15] 🔄 Identity reset
[06:36:15] 🔄 Identity rotated (every 10 requests)
[06:36:15] [191/459] SCVT
[06:36:16] [192/459] KRIC
[06:36:17] [193/459] CTMG
[06:36:17] [194/459] ACNC
[06:36:18] [195/459] DMCK
[06:36:19] [196/459] KMTV
[06:36:19] [197/459] PFCJ
[06:36:20] [198/459] VNMD
[06:36:20] [199/459] VPCZ
[06:36:21] [200/459] SRYR
[06:36:21] 🔄 Identity reset
[06:36:21] 🔄 Identity rotated (every 10 requests)
[06:36:22] [201/459] SYTR
[06:36:22] [202/459] GATR
[06:36:23] [203/459] URTR
[06:36:23] [204/459] MKSM
[06:36:24] [205/459] VSMH
[06:36:24] [206/459] SKRJ
[06:36:25] [207/459] SSJR
[06:36:26] [208/459] SVSM
[06:36:26] [209/459] RUCM
[06:36:27] [210/459] PRKN
[06:36:27] 🔄 Identity reset
[06:36:27] 🔄 Identity rotated (every 10 requests)
[06:36:27] [211/459] RROH
[06:36:28] [212/459] SCTN
[06:36:29] [213/459] RTDM
[06:36:29] [214/459] ASRM
[06:36:30] [215/459] SKMD
[06:36:30] [216/459] SUTD
[06:36:31] [217/459] SADM
[06:36:32] [218/459] WCNR
[06:36:32] [219/459] CNED
[06:36:33] [220/459] MPDB
[06:36:34] 🔄 Identity reset
[06:36:34] 🔄 Identity rotated (every 10 requests)
[06:36:34] [221/459] KTBH
[06:36:35] [222/459] IDRM
[06:36:35] [223/459] PJJT
[06:36:36] [224/459] PFCV
[06:36:36] [225/459] AACT
[06:36:37] [226/459] AAAD
[06:36:38] [227/459] ANES
[06:36:38] [228/459] MNCA
[06:36:39] [229/459] RMGU
[06:36:39] [230/459] DLCN
[06:36:40] 🔄 Identity reset
[06:36:40] 🔄 Identity rotated (every 10 requests)
[06:36:40] [231/459] LJWT
[06:36:41] [232/459] MCBG
[06:36:41] [233/459] MYBG
[06:36:42] [234/459] GCCA
[06:36:43] [235/459] GCGA
[06:36:43] [236/459] ECGN
[06:36:44] [237/459] PRAB
[06:36:45] [238/459] PNMP
[06:36:45] [239/459] GCPT
[06:36:46] [240/459] ROYN
[06:36:46] 🔄 Identity reset
[06:36:46] 🔄 Identity rotated (every 10 requests)
[06:36:46] [241/459] VATM
[06:36:47] [242/459] KSNT
[06:36:48] [243/459] ACTC
[06:36:48] [244/459] PLTD
[06:36:49] [245/459] SKMK
[06:36:49] [246/459] CMTT
[06:36:50] [247/459] SMXP
[06:36:51] [248/459] SCMX
[06:36:51] [249/459] ACXN
[06:36:52] [250/459] ASWT
[06:36:52] 🔄 Identity reset
[06:36:52] 🔄 Identity rotated (every 10 requests)
[06:36:53] [251/459] VVVL
[06:36:53] [252/459] NAGO
[06:36:54] [253/459] SNCN
[06:36:55] [254/459] MCKP
[06:36:55] [255/459] SAMO
[06:36:56] [256/459] JBTV
[06:36:57] [257/459] DCVV
[06:36:57] [258/459] KMSV
[06:36:58] [259/459] KDCN
[06:36:59] [260/459] CNCP
[06:36:59] 🔄 Identity reset
[06:36:59] 🔄 Identity rotated (every 10 requests)
[06:36:59] [261/459] HAMC
[06:37:00] [262/459] CCVZ
[06:37:01] [263/459] NCCK
[06:37:01] [264/459] MCHR
[06:37:02] [265/459] SCHT
[06:37:02] [266/459] ESSH
[06:37:03] [267/459] CUJC
[06:37:03] [268/459] PECP
[06:37:04] [269/459] PMMI
[06:37:05] [270/459] PCCH
[06:37:05] 🔄 Identity reset
[06:37:05] 🔄 Identity rotated (every 10 requests)
[06:37:05] [271/459] PRPM
[06:37:06] [272/459] PVKL
[06:37:06] [273/459] CBSM
[06:37:07] [274/459] PVCZ
[06:37:08] [275/459] PCVV
[06:37:08] [276/459] CTMJ
[06:37:09] [277/459] RCPS
[06:37:10] [278/459] PCIT
[06:37:10] [279/459] FNCH
[06:37:11] [280/459] INZD
[06:37:11] 🔄 Identity reset
[06:37:11] 🔄 Identity rotated (every 10 requests)
[06:37:11] [281/459] INPC
[06:37:12] [282/459] LCZP
[06:37:13] [283/459] SMCB
[06:37:13] [284/459] PTSB
[06:37:14] [285/459] TPSI
[06:37:14] [286/459] KHMJ
[06:37:15] [287/459] RCCJ
[06:37:16] [288/459] NCJA
[06:37:16] [289/459] NCJN
[06:37:17] [290/459] BTDP
[06:37:17] 🔄 Identity reset
[06:37:17] 🔄 Identity rotated (every 10 requests)
[06:37:17] [291/459] PADY
[06:37:18] [292/459] NYBH
[06:37:19] [293/459] MTBR
[06:37:19] [294/459] KRBC
[06:37:20] [295/459] DKTI
[06:37:20] [296/459] ANAN
[06:37:21] [297/459] INBP
[06:37:22] [298/459] PATB
[06:37:22] [299/459] RGNT
[06:37:23] [300/459] CGPM
[06:37:24] 🔄 Identity reset
[06:37:24] 🔄 Identity rotated (every 10 requests)
[06:37:24] [301/459] INTN
[06:37:25] [302/459] MCMP
[06:37:25] [303/459] ASRG
[06:37:26] [304/459] CXJD
[06:37:27] [305/459] SPCP
[06:37:27] [306/459] CSTP
[06:37:28] [307/459] PKVC
[06:37:29] [308/459] ESCP
[06:37:29] [309/459] CAEP
[06:37:30] [310/459] CCSP
[06:37:30] 🔄 Identity reset
[06:37:30] 🔄 Identity rotated (every 10 requests)
[06:37:30] [311/459] KTPC
[06:37:31] [312/459] DACA
[06:37:32] [313/459] NVKY
[06:37:32] [314/459] PTIN
[06:37:33] [315/459] SCIN
[06:37:34] [316/459] MCTY
[06:37:34] [317/459] PCMX
[06:37:35] [318/459] INIC
[06:37:36] [319/459] MMZM
[06:37:36] [320/459] SSLP
[06:37:37] 🔄 Identity reset
[06:37:37] 🔄 Identity rotated (every 10 requests)
[06:37:37] [321/459] DTDT
[06:37:37] [322/459] FFCX
[06:37:38] [323/459] RCMM
[06:37:39] [324/459] KYID
[06:37:39] [325/459] CSCI
[06:37:40] [326/459] FCMC
[06:37:41] [327/459] MMXI
[06:37:42] [328/459] ASTC
[06:37:42] [329/459] CMRA
[06:37:43] [330/459] DICI
[06:37:43] 🔄 Identity reset
[06:37:43] 🔄 Identity rotated (every 10 requests)
[06:37:43] [331/459] KDIN
[06:37:44] [332/459] PRFI
[06:37:45] [333/459] SVFC
[06:37:46] [334/459] UCPL
[06:37:46] [335/459] COOC
[06:37:47] [336/459] SCAL
[06:37:48] [337/459] SVFF
[06:37:48] [338/459] VCMG
[06:37:49] [339/459] UUCT
[06:37:50] [340/459] GCSE
[06:37:50] 🔄 Identity reset
[06:37:50] 🔄 Identity rotated (every 10 requests)
[06:37:50] [341/459] SUSC
[06:37:51] [342/459] MISC
[06:37:52] [343/459] RMBL
[06:37:52] [344/459] CMXN
[06:37:53] [345/459] PVBK
[06:37:54] [346/459] HHCG
[06:37:54] [347/459] SCAG
[06:37:55] [348/459] CNPR
[06:37:56] [349/459] CSER
[06:37:56] [350/459] HLWD
[06:37:57] 🔄 Identity reset
[06:37:57] 🔄 Identity rotated (every 10 requests)
[06:37:57] [351/459] BOLY
[06:37:58] [352/459] SSPG
[06:37:58] [353/459] MUPX
[06:37:59] [354/459] HAMR
[06:38:00] [355/459] SDNC
[06:38:00] [356/459] RTEN
[06:38:01] [357/459] SDTD
[06:38:01] [358/459] KAWS
[06:38:02] [359/459] CMZX
[06:38:03] [360/459] DCDD
[06:38:03] 🔄 Identity reset
[06:38:03] 🔄 Identity rotated (every 10 requests)
[06:38:03] [361/459] ALSN
[06:38:04] [362/459] IMXS
[06:38:05] [363/459] PVFF
[06:38:05] [364/459] PVOO
[06:38:06] [365/459] CFBS
[06:38:06] [366/459] PVER
[06:38:07] [367/459] PPNX
[06:38:07] [368/459] CNRM
[06:38:08] [369/459] PVWW
[06:38:09] [370/459] INMB
[06:38:09] 🔄 Identity reset
[06:38:09] 🔄 Identity rotated (every 10 requests)
[06:38:09] [371/459] CPJR
[06:38:10] [372/459] INRZ
[06:38:10] [373/459] PMSR
[06:38:11] [374/459] GPGM
[06:38:12] [375/459] PGWB
[06:38:12] [376/459] PMBR
[06:38:13] [377/459] GPAM
[06:38:13] [378/459] INBC
[06:38:14] [379/459] PZVK
[06:38:15] [380/459] CPEB
[06:38:16] 🔄 Identity reset
[06:38:16] 🔄 Identity rotated (every 10 requests)
[06:38:16] [381/459] FMLB
[06:38:16] [382/459] INBG
[06:38:17] [383/459] GPBR
[06:38:17] [384/459] PAAS
[06:38:18] [385/459] VTBR
[06:38:19] [386/459] GPMY
[06:38:20] [387/459] GYBU
[06:38:20] [388/459] INBJ
[06:38:21] [389/459] LKTH
[06:38:21] [390/459] NSBR
[06:38:22] 🔄 Identity reset
[06:38:22] 🔄 Identity rotated (every 10 requests)
[06:38:22] [391/459] PDRD
[06:38:23] [392/459] VRBL
[06:38:23] [393/459] VTGB
[06:38:24] [394/459] VTSK
[06:38:25] [395/459] BKDV
[06:38:25] [396/459] SVTB
[06:38:26] [397/459] MLDT
[06:38:27] [398/459] NRBL
[06:38:27] [399/459] SLTR
[06:38:28] [400/459] VNKA
[06:38:28] 🔄 Identity reset
[06:38:28] 🔄 Identity rotated (every 10 requests)
[06:38:28] [401/459] TDCA
[06:38:29] [402/459] INBM
[06:38:29] [403/459] SSNR
[06:38:30] [404/459] BHAC
[06:38:31] [405/459] SDSD
[06:38:31] [406/459] SAMP
[06:38:32] [407/459] RATK
[06:38:33] [408/459] KCBI
[06:38:33] [409/459] URBL
[06:38:34] [410/459] MKBG
[06:38:34] 🔄 Identity reset
[06:38:34] 🔄 Identity rotated (every 10 requests)
[06:38:34] [411/459] ASTB
[06:38:35] [412/459] VBWT
[06:38:36] [413/459] GPSM
[06:38:36] [414/459] ROON
[06:38:37] [415/459] CHTH
[06:38:38] [416/459] SSPA
[06:38:38] [417/459] ANBL
[06:38:39] [418/459] VTBE
[06:38:40] [419/459] SVKT
[06:38:40] [420/459] SVYK
[06:38:41] 🔄 Identity reset
[06:38:41] 🔄 Identity rotated (every 10 requests)
[06:38:41] [421/459] PTBK
[06:38:42] [422/459] RKTB
[06:38:42] [423/459] BALT
[06:38:43] [424/459] STSV
[06:38:44] [425/459] VCCB
[06:38:44] [426/459] SLTB
[06:38:45] [427/459] SBCR
[06:38:46] [428/459] VDCS
[06:38:46] [429/459] MDKI
[06:38:47] [430/459] SMRN
[06:38:47] 🔄 Identity reset
[06:38:47] 🔄 Identity rotated (every 10 requests)
[06:38:48] [431/459] PTBC
[06:38:48] [432/459] RADI
[06:38:49] [433/459] ADCR
[06:38:50] [434/459] SDCS
[06:38:50] [435/459] SRPJ
[06:38:51] [436/459] ARTS
[06:38:51] [437/459] SRHK
[06:38:52] [438/459] SPAY
[06:38:53] [439/459] GPTB
[06:38:54] [440/459] SNNN
[06:38:54] 🔄 Identity reset
[06:38:54] 🔄 Identity rotated (every 10 requests)
[06:38:54] [441/459] BALJ
[06:38:55] [442/459] TRIG
[06:38:56] [443/459] GTYT
[06:38:57] [444/459] ATGN
[06:38:57] [445/459] ANTE
[06:38:58] [446/459] BDCG
[06:38:59] [447/459] VECI
[06:38:59] [448/459] SCPR
[06:39:00] [449/459] RTEA
[06:39:01] [450/459] JSAI
[06:39:01] 🔄 Identity reset
[06:39:01] 🔄 Identity rotated (every 10 requests)
[06:39:02] [451/459] VJTP
[06:39:02] [452/459] GNDS
[06:39:03] [453/459] PAXA
[06:39:04] [454/459] CGGM
[06:39:04] [455/459] ACKZ
[06:39:05] [456/459] EMCC
[06:39:06] [457/459] KLSK
[06:39:06] [458/459] AVCK
[06:39:07] [459/459] JTCK
[06:39:08] ✅ DONE | Shows=348 | Movies=49
[07:06:37] 🚀 BMS DAILY TRACKER STARTED (enhanced anti‑detection)
[07:06:37] [1/459] NECA
[07:06:38] 🧠 New identity created
[07:06:39] [2/459] BJLC
[07:06:39] [3/459] BASU
[07:06:40] [4/459] RUPI
[07:06:41] [5/459] LCBK
[07:06:43] [6/459] PMAC
[07:06:45] [7/459] AMLC
[07:06:46] [8/459] LICL
[07:06:47] [9/459] UDMM
[07:06:48] [10/459] STBZ
[07:06:49] 🔄 Identity reset
[07:06:49] 🔄 Identity rotated (every 10 requests)
[07:06:49] [11/459] UUBT
[07:06:51] [12/459] SJKC
[07:06:52] [13/459] TUAL
[07:06:53] [14/459] MRSE
[07:06:54] [15/459] RMRK
[07:06:55] [16/459] TTKP
[07:06:56] [17/459] KTKO
[07:06:57] [18/459] SDBK
[07:06:58] [19/459] MCPR
[07:06:59] [20/459] CHTI
[07:07:00] 🔄 Identity reset
[07:07:00] 🔄 Identity rotated (every 10 requests)
[07:07:00] [21/459] GCCP
[07:07:01] [22/459] SRMY
[07:07:02] [23/459] NYST
[07:07:03] [24/459] NYAG
[07:07:05] [25/459] SBMT
[07:07:06] [26/459] INGA
[07:07:08] [27/459] WSIC
[07:07:09] [28/459] SCSS
[07:07:10] [29/459] COPG
[07:07:10] [30/459] RCGR
[07:07:11] 🔄 Identity reset
[07:07:11] 🔄 Identity rotated (every 10 requests)
[07:07:11] [31/459] TCZA
[07:07:12] [32/459] CNLP
[07:07:14] [33/459] CLKN
[07:07:15] [34/459] LHDF
[07:07:16] [35/459] ELKC
[07:07:17] [36/459] VCEM
[07:07:18] [37/459] SSZA
[07:07:19] [38/459] KRMT
[07:07:20] [39/459] LCMV
[07:07:21] [40/459] AYCZ
[07:07:22] 🔄 Identity reset
[07:07:22] 🔄 Identity rotated (every 10 requests)
[07:07:22] [41/459] CUMS
[07:07:23] [42/459] BOCK
[07:07:24] [43/459] PNMR
[07:07:25] [44/459] PJCP
[07:07:26] [45/459] JDDD
[07:07:27] [46/459] STMS
[07:07:28] [47/459] FLMB
[07:07:29] [48/459] PKCM
[07:07:30] [49/459] SPPR
[07:07:31] [50/459] EYLH
[07:07:31] 🔄 Identity reset
[07:07:31] 🔄 Identity rotated (every 10 requests)
[07:07:32] [51/459] RJCC
[07:07:33] [52/459] MMPS
[07:07:34] [53/459] SHMX
[07:07:35] [54/459] CCNL
[07:07:36] [55/459] RCNV
[07:07:37] [56/459] MAAG
[07:07:38] [57/459] LXCM
[07:07:39] [58/459] RCNI
[07:07:40] [59/459] SNNI
[07:07:41] [60/459] LALC
[07:07:41] 🔄 Identity reset
[07:07:41] 🔄 Identity rotated (every 10 requests)
[07:07:43] [61/459] SOCN
[07:07:44] [62/459] JHTP
[07:07:45] [63/459] PITP
[07:07:46] [64/459] CCKW
[07:07:48] [65/459] MCMC
[07:07:49] [66/459] DEES
[07:07:50] [67/459] SABT
[07:07:51] [68/459] VSPP
[07:07:53] [69/459] ABCT
[07:07:55] [70/459] JVTB
[07:07:55] 🔄 Identity reset
[07:07:55] 🔄 Identity rotated (every 10 requests)
[07:07:56] [71/459] VCBD
[07:07:56] [72/459] RMGG
[07:07:58] [73/459] RNMH
[07:07:58] [74/459] SPGL
[07:07:59] [75/459] JTTR
[07:08:01] [76/459] SICS
[07:08:02] [77/459] SRMI
[07:08:03] [78/459] SSIJ
[07:08:04] [79/459] KFMT
[07:08:05] [80/459] VBIT
[07:08:06] 🔄 Identity reset
[07:08:06] 🔄 Identity rotated (every 10 requests)
[07:08:06] [81/459] JKCT
[07:08:07] [82/459] GCGP
[07:08:08] [83/459] GDCS
[07:08:09] [84/459] TRBA
[07:08:10] [85/459] QUST
[07:08:10] [86/459] VSHM
[07:08:11] [87/459] SDCP
[07:08:12] [88/459] SNVS
[07:08:13] [89/459] NYTO
[07:08:14] [90/459] URWC
[07:08:15] 🔄 Identity reset
[07:08:15] 🔄 Identity rotated (every 10 requests)
[07:08:16] [91/459] GTWH
[07:08:17] [92/459] PFCM
[07:08:18] [93/459] KRTA
[07:08:19] [94/459] AXMC
[07:08:20] [95/459] EVMC
[07:08:22] [96/459] HGSM
[07:08:22] [97/459] ACVM
[07:08:23] [98/459] PSKL
[07:08:24] [99/459] RDMP
[07:08:25] [100/459] RHGH
[07:08:26] 🔄 Identity reset
[07:08:26] 🔄 Identity rotated (every 10 requests)
[07:08:27] [101/459] OMCM
[07:08:27] [102/459] DCCP
[07:08:28] [103/459] MCPB
[07:08:29] [104/459] ALCI
[07:08:31] [105/459] BLMX
[07:08:32] [106/459] BTMV
[07:08:33] [107/459] FVPN
[07:08:34] [108/459] CMAR
[07:08:35] [109/459] CEIM
[07:08:36] [110/459] CMVA
[07:08:37] 🔄 Identity reset
[07:08:37] 🔄 Identity rotated (every 10 requests)
[07:08:38] [111/459] CPIV
[07:08:39] [112/459] CNPE
[07:08:40] [113/459] COLV
[07:08:41] [114/459] DNNV
[07:08:42] [115/459] HCAD
[07:08:43] [116/459] TAKA
[07:08:44] [117/459] INVD
[07:08:45] [118/459] IRMM
[07:08:46] [119/459] INSE
[07:08:46] [120/459] MRSW
[07:08:47] 🔄 Identity reset
[07:08:47] 🔄 Identity rotated (every 10 requests)
[07:08:47] [121/459] MCVD
[07:08:48] [122/459] MCSO
[07:08:49] [123/459] PEVM
[07:08:50] [124/459] PVNL
[07:08:51] [125/459] PTCV
[07:08:52] [126/459] PRTC
[07:08:53] [127/459] RCVA
[07:08:54] [128/459] MTBN
[07:08:56] [129/459] LUCP
[07:08:57] [130/459] FMPT
[07:08:58] 🔄 Identity reset
[07:08:58] 🔄 Identity rotated (every 10 requests)
[07:08:58] [131/459] JLSL
[07:08:59] [132/459] SBHA
[07:09:00] [133/459] SHRC
[07:09:01] [134/459] AVPS
[07:09:02] [135/459] STPM
[07:09:03] [136/459] ATRD
[07:09:03] [137/459] VTED
[07:09:04] [138/459] ACAI
[07:09:05] [139/459] SMAE
[07:09:07] [140/459] VMAT
[07:09:08] 🔄 Identity reset
[07:09:08] 🔄 Identity rotated (every 10 requests)
[07:09:08] [141/459] LKCT
[07:09:09] [142/459] JTVK
[07:09:10] [143/459] PRTY
[07:09:11] [144/459] GETT
[07:09:12] [145/459] ESAP
[07:09:13] [146/459] NCPM
[07:09:14] [147/459] PCPA
[07:09:15] [148/459] MMOM
[07:09:16] [149/459] PHUP
[07:09:16] [150/459] CCPI
[07:09:17] 🔄 Identity reset
[07:09:17] 🔄 Identity rotated (every 10 requests)
[07:09:17] [151/459] CNTD
[07:09:18] [152/459] NLJR
[07:09:19] [153/459] SRNG
[07:09:20] [154/459] MHAL
[07:09:21] [155/459] PNSM
[07:09:22] [156/459] DRMY
[07:09:23] [157/459] CCMU
[07:09:24] [158/459] SCMY
[07:09:25] [159/459] PVSY
[07:09:26] [160/459] SDLM
[07:09:27] 🔄 Identity reset
[07:09:27] 🔄 Identity rotated (every 10 requests)
[07:09:27] [161/459] ICCM
[07:09:28] [162/459] PYSU
[07:09:29] [163/459] GATM
[07:09:30] [164/459] WOTM
[07:09:31] [165/459] RKTS
[07:09:32] [166/459] PMTY
[07:09:33] [167/459] LYMS
[07:09:33] [168/459] TGCA
[07:09:34] [169/459] DSTA
[07:09:35] [170/459] CNGE
[07:09:36] 🔄 Identity reset
[07:09:36] 🔄 Identity rotated (every 10 requests)
[07:09:36] [171/459] VSTG
[07:09:37] [172/459] GTCK
[07:09:38] [173/459] TGNT
[07:09:39] [174/459] ASLC
[07:09:41] [175/459] SSST
[07:09:41] [176/459] KBTT
[07:09:42] [177/459] HKCP
[07:09:43] [178/459] SWLC
[07:09:45] [179/459] RTND
[07:09:46] [180/459] PKKT
[07:09:47] 🔄 Identity reset
[07:09:47] 🔄 Identity rotated (every 10 requests)
[07:09:47] [181/459] HSTK
[07:09:48] [182/459] SPTT
[07:09:49] [183/459] IMPM
[07:09:50] [184/459] SCMV
[07:09:51] [185/459] SPCT
[07:09:52] [186/459] JBCA
[07:09:53] [187/459] ATTR
[07:09:54] [188/459] SPMT
[07:09:55] [189/459] LCTM
[07:09:56] [190/459] SCVL
[07:09:57] 🔄 Identity reset
[07:09:57] 🔄 Identity rotated (every 10 requests)
[07:09:57] [191/459] SCVT
[07:09:58] [192/459] KRIC
[07:10:00] [193/459] CTMG
[07:10:01] [194/459] ACNC
[07:10:02] [195/459] DMCK
[07:10:03] [196/459] KMTV
[07:10:04] [197/459] PFCJ
[07:10:04] [198/459] VNMD
[07:10:05] [199/459] VPCZ
[07:10:06] [200/459] SRYR
[07:10:07] 🔄 Identity reset
[07:10:07] 🔄 Identity rotated (every 10 requests)
[07:10:07] [201/459] SYTR
[07:10:08] [202/459] GATR
[07:10:09] [203/459] URTR
[07:10:10] [204/459] MKSM
[07:10:11] [205/459] VSMH
[07:10:12] [206/459] SKRJ
[07:10:13] [207/459] SSJR
[07:10:13] [208/459] SVSM
[07:10:14] [209/459] RUCM
[07:10:16] [210/459] PRKN
[07:10:17] 🔄 Identity reset
[07:10:17] 🔄 Identity rotated (every 10 requests)
[07:10:17] [211/459] RROH
[07:10:18] [212/459] SCTN
[07:10:19] [213/459] RTDM
[07:10:20] [214/459] ASRM
[07:10:22] [215/459] SKMD
[07:10:22] [216/459] SUTD
[07:10:23] [217/459] SADM
[07:10:24] [218/459] WCNR
[07:10:26] [219/459] CNED
[07:10:27] [220/459] MPDB
[07:10:27] 🔄 Identity reset
[07:10:27] 🔄 Identity rotated (every 10 requests)
[07:10:28] [221/459] KTBH
[07:10:29] [222/459] IDRM
[07:10:29] [223/459] PJJT
[07:10:30] [224/459] PFCV
[07:10:31] [225/459] AACT
[07:10:32] [226/459] AAAD
[07:10:33] [227/459] ANES
[07:10:34] [228/459] MNCA
[07:10:35] [229/459] RMGU
[07:10:36] [230/459] DLCN
[07:10:36] 🔄 Identity reset
[07:10:36] 🔄 Identity rotated (every 10 requests)
[07:10:37] [231/459] LJWT
[07:10:38] [232/459] MCBG
[07:10:38] [233/459] MYBG
[07:10:40] [234/459] GCCA
[07:10:41] [235/459] GCGA
[07:10:42] [236/459] ECGN
[07:10:43] [237/459] PRAB
[07:10:44] [238/459] PNMP
[07:10:45] [239/459] GCPT
[07:10:46] [240/459] ROYN
[07:10:46] 🔄 Identity reset
[07:10:46] 🔄 Identity rotated (every 10 requests)
[07:10:47] [241/459] VATM
[07:10:48] [242/459] KSNT
[07:10:49] [243/459] ACTC
[07:10:49] [244/459] PLTD
[07:10:50] [245/459] SKMK
[07:10:51] [246/459] CMTT
[07:10:52] [247/459] SMXP
[07:10:53] [248/459] SCMX
[07:10:54] [249/459] ACXN
[07:10:55] [250/459] ASWT
[07:10:56] 🔄 Identity reset
[07:10:56] 🔄 Identity rotated (every 10 requests)
[07:10:56] [251/459] VVVL
[07:10:57] [252/459] NAGO
[07:10:59] [253/459] SNCN
[07:10:59] [254/459] MCKP
[07:11:00] [255/459] SAMO
[07:11:01] [256/459] JBTV
[07:11:03] [257/459] DCVV
[07:11:04] [258/459] KMSV
[07:11:05] [259/459] KDCN
[07:11:06] [260/459] CNCP
[07:11:06] 🔄 Identity reset
[07:11:06] 🔄 Identity rotated (every 10 requests)
[07:11:07] [261/459] HAMC
[07:11:08] [262/459] CCVZ
[07:11:09] [263/459] NCCK
[07:11:10] [264/459] MCHR
[07:11:11] [265/459] SCHT
[07:11:12] [266/459] ESSH
[07:11:13] [267/459] CUJC
[07:11:15] [268/459] PECP
[07:11:15] [269/459] PMMI
[07:11:16] [270/459] PCCH
[07:11:17] 🔄 Identity reset
[07:11:17] 🔄 Identity rotated (every 10 requests)
[07:11:17] [271/459] PRPM
[07:11:18] [272/459] PVKL
[07:11:19] [273/459] CBSM
[07:11:20] [274/459] PVCZ
[07:11:21] [275/459] PCVV
[07:11:22] [276/459] CTMJ
[07:11:23] [277/459] RCPS
[07:11:24] [278/459] PCIT
[07:11:25] [279/459] FNCH
[07:11:26] [280/459] INZD
[07:11:27] 🔄 Identity reset
[07:11:27] 🔄 Identity rotated (every 10 requests)
[07:11:28] [281/459] INPC
[07:11:29] [282/459] LCZP
[07:11:30] [283/459] SMCB
[07:11:31] [284/459] PTSB
[07:11:32] [285/459] TPSI
[07:11:32] [286/459] KHMJ
[07:11:34] [287/459] RCCJ
[07:11:35] [288/459] NCJA
[07:11:36] [289/459] NCJN
[07:11:37] [290/459] BTDP
[07:11:37] 🔄 Identity reset
[07:11:37] 🔄 Identity rotated (every 10 requests)
[07:11:38] [291/459] PADY
[07:11:40] [292/459] NYBH
[07:11:41] [293/459] MTBR
[07:11:42] [294/459] KRBC
[07:11:44] [295/459] DKTI
[07:11:45] [296/459] ANAN
[07:11:45] [297/459] INBP
[07:11:46] [298/459] PATB
[07:11:47] [299/459] RGNT
[07:11:48] [300/459] CGPM
[07:11:49] 🔄 Identity reset
[07:11:49] 🔄 Identity rotated (every 10 requests)
[07:11:49] [301/459] INTN
[07:11:50] [302/459] MCMP
[07:11:51] [303/459] ASRG
[07:11:52] [304/459] CXJD
[07:11:53] [305/459] SPCP
[07:11:54] [306/459] CSTP
[07:11:56] [307/459] PKVC
[07:11:57] [308/459] ESCP
[07:11:58] [309/459] CAEP
[07:11:59] [310/459] CCSP
[07:11:59] 🔄 Identity reset
[07:11:59] 🔄 Identity rotated (every 10 requests)
[07:11:59] [311/459] KTPC
[07:12:00] [312/459] DACA
[07:12:01] [313/459] NVKY
[07:12:02] [314/459] PTIN
[07:12:03] [315/459] SCIN
[07:12:04] [316/459] MCTY
[07:12:05] [317/459] PCMX
[07:12:06] [318/459] INIC
[07:12:07] [319/459] MMZM
[07:12:08] [320/459] SSLP
[07:12:08] 🔄 Identity reset
[07:12:09] 🔄 Identity rotated (every 10 requests)
[07:12:09] [321/459] DTDT
[07:12:10] [322/459] FFCX
[07:12:11] [323/459] RCMM
[07:12:11] [324/459] KYID
[07:12:12] [325/459] CSCI
[07:12:13] [326/459] FCMC
[07:12:14] [327/459] MMXI
[07:12:15] [328/459] ASTC
[07:12:16] [329/459] CMRA
[07:12:17] [330/459] DICI
[07:12:18] 🔄 Identity reset
[07:12:18] 🔄 Identity rotated (every 10 requests)
[07:12:18] [331/459] KDIN
[07:12:19] [332/459] PRFI
[07:12:20] [333/459] SVFC
[07:12:21] [334/459] UCPL
[07:12:22] [335/459] COOC
[07:12:23] [336/459] SCAL
[07:12:24] [337/459] SVFF
[07:12:25] [338/459] VCMG
[07:12:25] [339/459] UUCT
[07:12:26] [340/459] GCSE
[07:12:27] 🔄 Identity reset
[07:12:27] 🔄 Identity rotated (every 10 requests)
[07:12:27] [341/459] SUSC
[07:12:28] [342/459] MISC
[07:12:29] [343/459] RMBL
[07:12:30] [344/459] CMXN
[07:12:31] [345/459] PVBK
[07:12:32] [346/459] HHCG
[07:12:33] [347/459] SCAG
[07:12:34] [348/459] CNPR
[07:12:35] [349/459] CSER
[07:12:36] [350/459] HLWD
[07:12:36] 🔄 Identity reset
[07:12:36] 🔄 Identity rotated (every 10 requests)
[07:12:37] [351/459] BOLY
[07:12:38] [352/459] SSPG
[07:12:39] [353/459] MUPX
[07:12:39] [354/459] HAMR
[07:12:40] [355/459] SDNC
[07:12:41] [356/459] RTEN
[07:12:42] [357/459] SDTD
[07:12:44] [358/459] KAWS
[07:12:46] [359/459] CMZX
[07:12:47] [360/459] DCDD
[07:12:47] 🔄 Identity reset
[07:12:47] 🔄 Identity rotated (every 10 requests)
[07:12:48] [361/459] ALSN
[07:12:49] [362/459] IMXS
[07:12:50] [363/459] PVFF
[07:12:50] [364/459] PVOO
[07:12:52] [365/459] CFBS
[07:12:52] [366/459] PVER
[07:12:53] [367/459] PPNX
[07:12:54] [368/459] CNRM
[07:12:55] [369/459] PVWW
[07:12:56] [370/459] INMB
[07:12:57] 🔄 Identity reset
[07:12:57] 🔄 Identity rotated (every 10 requests)
[07:12:57] [371/459] CPJR
[07:12:58] [372/459] INRZ
[07:12:59] [373/459] PMSR
[07:13:01] [374/459] GPGM
[07:13:03] [375/459] PGWB
[07:13:04] [376/459] PMBR
[07:13:05] [377/459] GPAM
[07:13:06] [378/459] INBC
[07:13:07] [379/459] PZVK
[07:13:08] [380/459] CPEB
[07:13:08] 🔄 Identity reset
[07:13:08] 🔄 Identity rotated (every 10 requests)
[07:13:09] [381/459] FMLB
[07:13:10] [382/459] INBG
[07:13:11] [383/459] GPBR
[07:13:12] [384/459] PAAS
[07:13:14] [385/459] VTBR
[07:13:15] [386/459] GPMY
[07:13:15] [387/459] GYBU
[07:13:16] [388/459] INBJ
[07:13:17] [389/459] LKTH
[07:13:18] [390/459] NSBR
[07:13:19] 🔄 Identity reset
[07:13:19] 🔄 Identity rotated (every 10 requests)
[07:13:19] [391/459] PDRD
[07:13:20] [392/459] VRBL
[07:13:21] [393/459] VTGB
[07:13:22] [394/459] VTSK
[07:13:23] [395/459] BKDV
[07:13:24] [396/459] SVTB
[07:13:25] [397/459] MLDT
[07:13:26] [398/459] NRBL
[07:13:27] [399/459] SLTR
[07:13:29] [400/459] VNKA
[07:13:30] 🔄 Identity reset
[07:13:30] 🔄 Identity rotated (every 10 requests)
[07:13:30] [401/459] TDCA
[07:13:32] [402/459] INBM
[07:13:33] [403/459] SSNR
[07:13:34] [404/459] BHAC
[07:13:35] [405/459] SDSD
[07:13:36] [406/459] SAMP
[07:13:37] [407/459] RATK
[07:13:37] [408/459] KCBI
[07:13:39] [409/459] URBL
[07:13:41] [410/459] MKBG
[07:13:41] 🔄 Identity reset
[07:13:41] 🔄 Identity rotated (every 10 requests)
[07:13:42] [411/459] ASTB
[07:13:43] [412/459] VBWT
[07:13:44] [413/459] GPSM
[07:13:45] [414/459] ROON
[07:13:46] [415/459] CHTH
[07:13:47] [416/459] SSPA
[07:13:48] [417/459] ANBL
[07:13:49] [418/459] VTBE
[07:13:50] [419/459] SVKT
[07:13:51] [420/459] SVYK
[07:13:51] 🔄 Identity reset
[07:13:51] 🔄 Identity rotated (every 10 requests)
[07:13:52] [421/459] PTBK
[07:13:53] [422/459] RKTB
[07:13:54] [423/459] BALT
[07:13:55] [424/459] STSV
[07:13:56] [425/459] VCCB
[07:13:57] [426/459] SLTB
[07:13:59] [427/459] SBCR
[07:14:00] [428/459] VDCS
[07:14:01] [429/459] MDKI
[07:14:01] [430/459] SMRN
[07:14:02] 🔄 Identity reset
[07:14:02] 🔄 Identity rotated (every 10 requests)
[07:14:03] [431/459] PTBC
[07:14:03] [432/459] RADI
[07:14:04] [433/459] ADCR
[07:14:05] [434/459] SDCS
[07:14:06] [435/459] SRPJ
[07:14:07] [436/459] ARTS
[07:14:08] [437/459] SRHK
[07:14:09] [438/459] SPAY
[07:14:10] [439/459] GPTB
[07:14:11] [440/459] SNNN
[07:14:11] 🔄 Identity reset
[07:14:11] 🔄 Identity rotated (every 10 requests)
[07:14:12] [441/459] BALJ
[07:14:13] [442/459] TRIG
[07:14:14] [443/459] GTYT
[07:14:15] [444/459] ATGN
[07:14:15] [445/459] ANTE
[07:14:16] [446/459] BDCG
[07:14:17] [447/459] VECI
[07:14:19] [448/459] SCPR
[07:14:20] [449/459] RTEA
[07:14:21] [450/459] JSAI
[07:14:21] 🔄 Identity reset
[07:14:21] 🔄 Identity rotated (every 10 requests)
[07:14:22] [451/459] VJTP
[07:14:23] [452/459] GNDS
[07:14:24] [453/459] PAXA
[07:14:25] [454/459] CGGM
[07:14:26] [455/459] ACKZ
[07:14:27] [456/459] EMCC
[07:14:28] [457/459] KLSK
[07:14:29] [458/459] AVCK
[07:14:30] [459/459] JTCK
[07:14:31] ✅ DONE | Shows=532 | Movies=59
[08:06:32] 🚀 BMS DAILY TRACKER STARTED (enhanced anti‑detection)
[08:06:32] [1/459] NECA
[08:06:33] 🧠 New identity created
[08:06:34] [2/459] BJLC
[08:06:34] [3/459] BASU
[08:06:36] [4/459] RUPI
[08:06:37] [5/459] LCBK
[08:06:37] [6/459] PMAC
[08:06:39] [7/459] AMLC
[08:06:40] [8/459] LICL
[08:06:41] [9/459] UDMM
[08:06:42] [10/459] STBZ
[08:06:43] 🔄 Identity reset
[08:06:43] 🔄 Identity rotated (every 10 requests)
[08:06:44] [11/459] UUBT
[08:06:45] [12/459] SJKC
[08:06:46] [13/459] TUAL
[08:06:47] [14/459] MRSE
[08:06:47] [15/459] RMRK
[08:06:48] [16/459] TTKP
[08:06:49] [17/459] KTKO
[08:06:50] [18/459] SDBK
[08:06:51] [19/459] MCPR
[08:06:52] [20/459] CHTI
[08:06:53] 🔄 Identity reset
[08:06:53] 🔄 Identity rotated (every 10 requests)
[08:06:53] [21/459] GCCP
[08:06:54] [22/459] SRMY
[08:06:55] [23/459] NYST
[08:06:55] [24/459] NYAG
[08:06:56] [25/459] SBMT
[08:06:57] [26/459] INGA
[08:06:58] [27/459] WSIC
[08:06:59] [28/459] SCSS
[08:07:01] [29/459] COPG
[08:07:02] [30/459] RCGR
[08:07:03] 🔄 Identity reset
[08:07:03] 🔄 Identity rotated (every 10 requests)
[08:07:04] [31/459] TCZA
[08:07:05] [32/459] CNLP
[08:07:06] [33/459] CLKN
[08:07:07] [34/459] LHDF
[08:07:08] [35/459] ELKC
[08:07:08] [36/459] VCEM
[08:07:09] [37/459] SSZA
[08:07:10] [38/459] KRMT
[08:07:11] [39/459] LCMV
[08:07:13] [40/459] AYCZ
[08:07:13] 🔄 Identity reset
[08:07:13] 🔄 Identity rotated (every 10 requests)
[08:07:14] [41/459] CUMS
[08:07:15] [42/459] BOCK
[08:07:16] [43/459] PNMR
[08:07:17] [44/459] PJCP
[08:07:18] [45/459] JDDD
[08:07:19] [46/459] STMS
[08:07:20] [47/459] FLMB
[08:07:21] [48/459] PKCM
[08:07:21] [49/459] SPPR
[08:07:22] [50/459] EYLH
[08:07:23] 🔄 Identity reset
[08:07:23] 🔄 Identity rotated (every 10 requests)
[08:07:24] [51/459] RJCC
[08:07:25] [52/459] MMPS
[08:07:26] [53/459] SHMX
[08:07:27] [54/459] CCNL
[08:07:29] [55/459] RCNV
[08:07:30] [56/459] MAAG
[08:07:31] [57/459] LXCM
[08:07:31] [58/459] RCNI
[08:07:32] [59/459] SNNI
[08:07:33] [60/459] LALC
[08:07:34] 🔄 Identity reset
[08:07:34] 🔄 Identity rotated (every 10 requests)
[08:07:34] [61/459] SOCN
[08:07:35] [62/459] JHTP
[08:07:36] [63/459] PITP
[08:07:37] [64/459] CCKW
[08:07:38] [65/459] MCMC
[08:07:39] [66/459] DEES
[08:07:40] [67/459] SABT
[08:07:40] [68/459] VSPP
[08:07:41] [69/459] ABCT
[08:07:42] [70/459] JVTB
[08:07:43] 🔄 Identity reset
[08:07:43] 🔄 Identity rotated (every 10 requests)
[08:07:43] [71/459] VCBD
[08:07:44] [72/459] RMGG
[08:07:45] [73/459] RNMH
[08:07:45] [74/459] SPGL
[08:07:46] [75/459] JTTR
[08:07:47] [76/459] SICS
[08:07:48] [77/459] SRMI
[08:07:49] [78/459] SSIJ
[08:07:50] [79/459] KFMT
[08:07:52] [80/459] VBIT
[08:07:52] 🔄 Identity reset
[08:07:52] 🔄 Identity rotated (every 10 requests)
[08:07:52] [81/459] JKCT
[08:07:53] [82/459] GCGP
[08:07:54] [83/459] GDCS
[08:07:55] [84/459] TRBA
[08:07:56] [85/459] QUST
[08:07:57] [86/459] VSHM
[08:07:58] [87/459] SDCP
[08:07:59] [88/459] SNVS
[08:08:00] [89/459] NYTO
[08:08:01] [90/459] URWC
[08:08:01] 🔄 Identity reset
[08:08:01] 🔄 Identity rotated (every 10 requests)
[08:08:02] [91/459] GTWH
[08:08:02] [92/459] PFCM
[08:08:03] [93/459] KRTA
[08:08:04] [94/459] AXMC
[08:08:05] [95/459] EVMC
[08:08:06] [96/459] HGSM
[08:08:07] [97/459] ACVM
[08:08:08] [98/459] PSKL
[08:08:09] [99/459] RDMP
[08:08:10] [100/459] RHGH
[08:08:10] 🔄 Identity reset
[08:08:10] 🔄 Identity rotated (every 10 requests)
[08:08:11] [101/459] OMCM
[08:08:12] [102/459] DCCP
[08:08:13] [103/459] MCPB
[08:08:14] [104/459] ALCI
[08:08:15] [105/459] BLMX
[08:08:16] [106/459] BTMV
[08:08:17] [107/459] FVPN
[08:08:18] [108/459] CMAR
[08:08:19] [109/459] CEIM
[08:08:20] [110/459] CMVA
[08:08:20] 🔄 Identity reset
[08:08:20] 🔄 Identity rotated (every 10 requests)
[08:08:21] [111/459] CPIV
[08:08:21] [112/459] CNPE
[08:08:22] [113/459] COLV
[08:08:23] [114/459] DNNV
[08:08:24] [115/459] HCAD
[08:08:25] [116/459] TAKA
[08:08:26] [117/459] INVD
[08:08:27] [118/459] IRMM
[08:08:27] [119/459] INSE
[08:08:29] [120/459] MRSW
[08:08:30] 🔄 Identity reset
[08:08:30] 🔄 Identity rotated (every 10 requests)
[08:08:30] [121/459] MCVD
[08:08:31] [122/459] MCSO
[08:08:32] [123/459] PEVM
[08:08:34] [124/459] PVNL
[08:08:35] [125/459] PTCV
[08:08:36] [126/459] PRTC
[08:08:37] [127/459] RCVA
[08:08:37] [128/459] MTBN
[08:08:38] [129/459] LUCP
[08:08:39] [130/459] FMPT
[08:08:40] 🔄 Identity reset
[08:08:40] 🔄 Identity rotated (every 10 requests)
[08:08:40] [131/459] JLSL
[08:08:41] [132/459] SBHA
[08:08:42] [133/459] SHRC
[08:08:43] [134/459] AVPS
[08:08:44] [135/459] STPM
[08:08:45] [136/459] ATRD
[08:08:46] [137/459] VTED
[08:08:47] [138/459] ACAI
[08:08:47] [139/459] SMAE
[08:08:48] [140/459] VMAT
[08:08:49] 🔄 Identity reset
[08:08:49] 🔄 Identity rotated (every 10 requests)
[08:08:49] [141/459] LKCT
[08:08:50] [142/459] JTVK
[08:08:51] [143/459] PRTY
[08:08:52] [144/459] GETT
[08:08:53] [145/459] ESAP
[08:08:54] [146/459] NCPM
[08:08:55] [147/459] PCPA
[08:08:56] [148/459] MMOM
[08:08:57] [149/459] PHUP
[08:08:58] [150/459] CCPI
[08:08:58] 🔄 Identity reset
[08:08:58] 🔄 Identity rotated (every 10 requests)
[08:08:59] [151/459] CNTD
[08:09:00] [152/459] NLJR
[08:09:00] [153/459] SRNG
[08:09:01] [154/459] MHAL
[08:09:02] [155/459] PNSM
[08:09:03] [156/459] DRMY
[08:09:04] [157/459] CCMU
[08:09:05] [158/459] SCMY
[08:09:06] [159/459] PVSY
[08:09:07] [160/459] SDLM
[08:09:08] 🔄 Identity reset
[08:09:08] 🔄 Identity rotated (every 10 requests)
[08:09:08] [161/459] ICCM
[08:09:09] [162/459] PYSU
[08:09:10] [163/459] GATM
[08:09:11] [164/459] WOTM
[08:09:13] [165/459] RKTS
[08:09:13] [166/459] PMTY
[08:09:14] [167/459] LYMS
[08:09:15] [168/459] TGCA
[08:09:16] [169/459] DSTA
[08:09:17] [170/459] CNGE
[08:09:17] 🔄 Identity reset
[08:09:17] 🔄 Identity rotated (every 10 requests)
[08:09:18] [171/459] VSTG
[08:09:19] [172/459] GTCK
[08:09:20] [173/459] TGNT
[08:09:21] [174/459] ASLC
[08:09:22] [175/459] SSST
[08:09:23] [176/459] KBTT
[08:09:24] [177/459] HKCP
[08:09:25] [178/459] SWLC
[08:09:26] [179/459] RTND
[08:09:27] [180/459] PKKT
[08:09:27] 🔄 Identity reset
[08:09:27] 🔄 Identity rotated (every 10 requests)
[08:09:28] [181/459] HSTK
[08:09:29] [182/459] SPTT
[08:09:30] [183/459] IMPM
[08:09:31] [184/459] SCMV
[08:09:32] [185/459] SPCT
[08:09:33] [186/459] JBCA
[08:09:33] [187/459] ATTR
[08:09:34] [188/459] SPMT
[08:09:35] [189/459] LCTM
[08:09:36] [190/459] SCVL
[08:09:36] 🔄 Identity reset
[08:09:36] 🔄 Identity rotated (every 10 requests)
[08:09:37] [191/459] SCVT
[08:09:38] [192/459] KRIC
[08:09:39] [193/459] CTMG
[08:09:40] [194/459] ACNC
[08:09:41] [195/459] DMCK
[08:09:42] [196/459] KMTV
[08:09:43] [197/459] PFCJ
[08:09:44] [198/459] VNMD
[08:09:45] [199/459] VPCZ
[08:09:45] [200/459] SRYR
[08:09:46] 🔄 Identity reset
[08:09:46] 🔄 Identity rotated (every 10 requests)
[08:09:46] [201/459] SYTR
[08:09:47] [202/459] GATR
[08:09:48] [203/459] URTR
[08:09:49] [204/459] MKSM
[08:09:50] [205/459] VSMH
[08:09:51] [206/459] SKRJ
[08:09:52] [207/459] SSJR
[08:09:53] [208/459] SVSM
[08:09:54] [209/459] RUCM
[08:09:55] [210/459] PRKN
[08:09:55] 🔄 Identity reset
[08:09:55] 🔄 Identity rotated (every 10 requests)
[08:09:55] [211/459] RROH
[08:09:56] [212/459] SCTN
[08:09:58] [213/459] RTDM
[08:09:59] [214/459] ASRM
[08:10:00] [215/459] SKMD
[08:10:01] [216/459] SUTD
[08:10:02] [217/459] SADM
[08:10:04] [218/459] WCNR
[08:10:05] [219/459] CNED
[08:10:06] [220/459] MPDB
[08:10:06] 🔄 Identity reset
[08:10:06] 🔄 Identity rotated (every 10 requests)
[08:10:06] [221/459] KTBH
[08:10:07] [222/459] IDRM
[08:10:08] [223/459] PJJT
[08:10:09] [224/459] PFCV
[08:10:10] [225/459] AACT
[08:10:11] [226/459] AAAD
[08:10:12] [227/459] ANES
[08:10:13] [228/459] MNCA
[08:10:15] [229/459] RMGU
[08:10:16] [230/459] DLCN
[08:10:16] 🔄 Identity reset
[08:10:16] 🔄 Identity rotated (every 10 requests)
[08:10:17] [231/459] LJWT
[08:10:17] [232/459] MCBG
[08:10:18] [233/459] MYBG
[08:10:19] [234/459] GCCA
[08:10:20] [235/459] GCGA
[08:10:21] [236/459] ECGN
[08:10:22] [237/459] PRAB
[08:10:23] [238/459] PNMP
[08:10:24] [239/459] GCPT
[08:10:25] [240/459] ROYN
[08:10:26] 🔄 Identity reset
[08:10:26] 🔄 Identity rotated (every 10 requests)
[08:10:26] [241/459] VATM
[08:10:27] [242/459] KSNT
[08:10:27] [243/459] ACTC
[08:10:28] [244/459] PLTD
[08:10:29] [245/459] SKMK
[08:10:30] [246/459] CMTT
[08:10:31] [247/459] SMXP
[08:10:32] [248/459] SCMX
[08:10:32] [249/459] ACXN
[08:10:33] [250/459] ASWT
[08:10:34] 🔄 Identity reset
[08:10:34] 🔄 Identity rotated (every 10 requests)
[08:10:34] [251/459] VVVL
[08:10:35] [252/459] NAGO
[08:10:36] [253/459] SNCN
[08:10:37] [254/459] MCKP
[08:10:39] [255/459] SAMO
[08:10:40] [256/459] JBTV
[08:10:41] [257/459] DCVV
[08:10:42] [258/459] KMSV
[08:10:44] [259/459] KDCN
[08:10:45] [260/459] CNCP
[08:10:45] 🔄 Identity reset
[08:10:45] 🔄 Identity rotated (every 10 requests)
[08:10:46] [261/459] HAMC
[08:10:46] [262/459] CCVZ
[08:10:47] [263/459] NCCK
[08:10:48] [264/459] MCHR
[08:10:49] [265/459] SCHT
[08:10:50] [266/459] ESSH
[08:10:51] [267/459] CUJC
[08:10:52] [268/459] PECP
[08:10:53] [269/459] PMMI
[08:10:54] [270/459] PCCH
[08:10:54] 🔄 Identity reset
[08:10:54] 🔄 Identity rotated (every 10 requests)
[08:10:55] [271/459] PRPM
[08:10:56] [272/459] PVKL
[08:10:57] [273/459] CBSM
[08:10:57] [274/459] PVCZ
[08:10:58] [275/459] PCVV
[08:10:59] [276/459] CTMJ
[08:11:00] [277/459] RCPS
[08:11:01] [278/459] PCIT
[08:11:01] [279/459] FNCH
[08:11:02] [280/459] INZD
[08:11:03] 🔄 Identity reset
[08:11:03] 🔄 Identity rotated (every 10 requests)
[08:11:03] [281/459] INPC
[08:11:04] [282/459] LCZP
[08:11:05] [283/459] SMCB
[08:11:06] [284/459] PTSB
[08:11:07] [285/459] TPSI
[08:11:08] [286/459] KHMJ
[08:11:09] [287/459] RCCJ
[08:11:09] [288/459] NCJA
[08:11:10] [289/459] NCJN
[08:11:12] [290/459] BTDP
[08:11:12] 🔄 Identity reset
[08:11:12] 🔄 Identity rotated (every 10 requests)
[08:11:13] [291/459] PADY
[08:11:14] [292/459] NYBH
[08:11:15] [293/459] MTBR
[08:11:16] [294/459] KRBC
[08:11:16] [295/459] DKTI
[08:11:17] [296/459] ANAN
[08:11:18] [297/459] INBP
[08:11:19] [298/459] PATB
[08:11:20] [299/459] RGNT
[08:11:21] [300/459] CGPM
[08:11:22] 🔄 Identity reset
[08:11:22] 🔄 Identity rotated (every 10 requests)
[08:11:22] [301/459] INTN
[08:11:23] [302/459] MCMP
[08:11:25] [303/459] ASRG
[08:11:26] [304/459] CXJD
[08:11:27] [305/459] SPCP
[08:11:28] [306/459] CSTP
[08:11:29] [307/459] PKVC
[08:11:29] [308/459] ESCP
[08:11:30] [309/459] CAEP
[08:11:31] [310/459] CCSP
[08:11:32] 🔄 Identity reset
[08:11:32] 🔄 Identity rotated (every 10 requests)
[08:11:32] [311/459] KTPC
[08:11:33] [312/459] DACA
[08:11:35] [313/459] NVKY
[08:11:36] [314/459] PTIN
[08:11:37] [315/459] SCIN
[08:11:38] [316/459] MCTY
[08:11:39] [317/459] PCMX
[08:11:40] [318/459] INIC
[08:11:40] [319/459] MMZM
[08:11:41] [320/459] SSLP
[08:11:42] 🔄 Identity reset
[08:11:42] 🔄 Identity rotated (every 10 requests)
[08:11:43] [321/459] DTDT
[08:11:43] [322/459] FFCX
[08:11:44] [323/459] RCMM
[08:11:45] [324/459] KYID
[08:11:46] [325/459] CSCI
[08:11:47] [326/459] FCMC
[08:11:48] [327/459] MMXI
[08:11:49] [328/459] ASTC
[08:11:50] [329/459] CMRA
[08:11:51] [330/459] DICI
[08:11:51] 🔄 Identity reset
[08:11:51] 🔄 Identity rotated (every 10 requests)
[08:11:51] [331/459] KDIN
[08:11:52] [332/459] PRFI
[08:11:53] [333/459] SVFC
[08:11:54] [334/459] UCPL
[08:11:55] [335/459] COOC
[08:11:56] [336/459] SCAL
[08:11:57] [337/459] SVFF
[08:11:58] [338/459] VCMG
[08:11:59] [339/459] UUCT
[08:11:59] [340/459] GCSE
[08:12:00] 🔄 Identity reset
[08:12:00] 🔄 Identity rotated (every 10 requests)
[08:12:00] [341/459] SUSC
[08:12:01] [342/459] MISC
[08:12:02] [343/459] RMBL
[08:12:03] [344/459] CMXN
[08:12:04] [345/459] PVBK
[08:12:05] [346/459] HHCG
[08:12:06] [347/459] SCAG
[08:12:07] [348/459] CNPR
[08:12:08] [349/459] CSER
[08:12:09] [350/459] HLWD
[08:12:09] 🔄 Identity reset
[08:12:09] 🔄 Identity rotated (every 10 requests)
[08:12:10] [351/459] BOLY
[08:12:10] [352/459] SSPG
[08:12:12] [353/459] MUPX
[08:12:13] [354/459] HAMR
[08:12:14] [355/459] SDNC
[08:12:15] [356/459] RTEN
[08:12:16] [357/459] SDTD
[08:12:17] [358/459] KAWS
[08:12:18] [359/459] CMZX
[08:12:19] [360/459] DCDD
[08:12:19] 🔄 Identity reset
[08:12:19] 🔄 Identity rotated (every 10 requests)
[08:12:20] [361/459] ALSN
[08:12:21] [362/459] IMXS
[08:12:22] [363/459] PVFF
[08:12:23] [364/459] PVOO
[08:12:24] [365/459] CFBS
[08:12:25] [366/459] PVER
[08:12:26] [367/459] PPNX
[08:12:27] [368/459] CNRM
[08:12:28] [369/459] PVWW
[08:12:29] [370/459] INMB
[08:12:30] 🔄 Identity reset
[08:12:30] 🔄 Identity rotated (every 10 requests)
[08:12:30] [371/459] CPJR
[08:12:31] [372/459] INRZ
[08:12:32] [373/459] PMSR
[08:12:33] [374/459] GPGM
[08:12:34] [375/459] PGWB
[08:12:35] [376/459] PMBR
[08:12:36] [377/459] GPAM
[08:12:37] [378/459] INBC
[08:12:38] [379/459] PZVK
[08:12:39] [380/459] CPEB
[08:12:40] 🔄 Identity reset
[08:12:40] 🔄 Identity rotated (every 10 requests)
[08:12:40] [381/459] FMLB
[08:12:41] [382/459] INBG
[08:12:42] [383/459] GPBR
[08:12:43] [384/459] PAAS
[08:12:44] [385/459] VTBR
[08:12:45] [386/459] GPMY
[08:12:45] [387/459] GYBU
[08:12:46] [388/459] INBJ
[08:12:48] [389/459] LKTH
[08:12:49] [390/459] NSBR
[08:12:50] 🔄 Identity reset
[08:12:50] 🔄 Identity rotated (every 10 requests)
[08:12:50] [391/459] PDRD
[08:12:51] [392/459] VRBL
[08:12:52] [393/459] VTGB
[08:12:54] [394/459] VTSK
[08:12:55] [395/459] BKDV
[08:12:56] [396/459] SVTB
[08:12:56] [397/459] MLDT
[08:12:57] [398/459] NRBL
[08:12:58] [399/459] SLTR
[08:12:59] [400/459] VNKA
[08:13:00] 🔄 Identity reset
[08:13:00] 🔄 Identity rotated (every 10 requests)
[08:13:01] [401/459] TDCA
[08:13:02] [402/459] INBM
[08:13:03] [403/459] SSNR
[08:13:03] [404/459] BHAC
[08:13:04] [405/459] SDSD
[08:13:05] [406/459] SAMP
[08:13:06] [407/459] RATK
[08:13:07] [408/459] KCBI
[08:13:08] [409/459] URBL
[08:13:09] [410/459] MKBG
[08:13:10] 🔄 Identity reset
[08:13:10] 🔄 Identity rotated (every 10 requests)
[08:13:11] [411/459] ASTB
[08:13:12] [412/459] VBWT
[08:13:13] [413/459] GPSM
[08:13:14] [414/459] ROON
[08:13:14] [415/459] CHTH
[08:13:15] [416/459] SSPA
[08:13:16] [417/459] ANBL
[08:13:17] [418/459] VTBE
[08:13:18] [419/459] SVKT
[08:13:20] [420/459] SVYK
[08:13:20] 🔄 Identity reset
[08:13:20] 🔄 Identity rotated (every 10 requests)
[08:13:21] [421/459] PTBK
[08:13:22] [422/459] RKTB
[08:13:23] [423/459] BALT
[08:13:24] [424/459] STSV
[08:13:25] [425/459] VCCB
[08:13:26] [426/459] SLTB
[08:13:27] [427/459] SBCR
[08:13:28] [428/459] VDCS
[08:13:29] [429/459] MDKI
[08:13:30] [430/459] SMRN
[08:13:31] 🔄 Identity reset
[08:13:31] 🔄 Identity rotated (every 10 requests)
[08:13:31] [431/459] PTBC
[08:13:32] [432/459] RADI
[08:13:33] [433/459] ADCR
[08:13:34] [434/459] SDCS
[08:13:35] [435/459] SRPJ
[08:13:36] [436/459] ARTS
[08:13:37] [437/459] SRHK
[08:13:38] [438/459] SPAY
[08:13:38] [439/459] GPTB
[08:13:39] [440/459] SNNN
[08:13:40] 🔄 Identity reset
[08:13:40] 🔄 Identity rotated (every 10 requests)
[08:13:40] [441/459] BALJ
[08:13:41] [442/459] TRIG
[08:13:42] [443/459] GTYT
[08:13:43] [444/459] ATGN
[08:13:44] [445/459] ANTE
[08:13:45] [446/459] BDCG
[08:13:46] [447/459] VECI
[08:13:47] [448/459] SCPR
[08:13:49] [449/459] RTEA
[08:13:50] [450/459] JSAI
[08:13:51] 🔄 Identity reset
[08:13:51] 🔄 Identity rotated (every 10 requests)
[08:13:51] [451/459] VJTP
[08:13:52] [452/459] GNDS
[08:13:53] [453/459] PAXA
[08:13:54] [454/459] CGGM
[08:13:55] [455/459] ACKZ
[08:13:56] [456/459] EMCC
[08:13:57] [457/459] KLSK
[08:13:58] [458/459] AVCK
[08:13:59] [459/459] JTCK
[08:14:00] ✅ DONE | Shows=846 | Movies=79
