[00:16:11] 🚀 BMS DAILY TRACKER STARTED (enhanced anti‑detection)
[00:16:11] [1/458] MBDC
[00:16:11] 🧠 New identity created
[00:16:12] [2/458] CHKM
[00:16:13] [3/458] JTKZ
[00:16:13] [4/458] CMCT
[00:16:14] [5/458] ASHO
[00:16:15] [6/458] ECDG
[00:16:16] [7/458] SPAT
[00:16:17] [8/458] HILC
[00:16:19] [9/458] SPPH
[00:16:20] [10/458] SBHN
[00:16:21] 🔄 Identity reset
[00:16:21] 🔄 Identity rotated (every 10 requests)
[00:16:21] [11/458] RRCA
[00:16:22] [12/458] APAA
[00:16:23] [13/458] RAME
[00:16:24] [14/458] TMMS
[00:16:25] [15/458] BATK
[00:16:26] [16/458] LKOP
[00:16:27] [17/458] AMTT
[00:16:27] [18/458] PTGK
[00:16:28] [19/458] ANRS
[00:16:29] [20/458] VWBW
[00:16:30] 🔄 Identity reset
[00:16:30] 🔄 Identity rotated (every 10 requests)
[00:16:30] [21/458] SVFG
[00:16:31] [22/458] STAT
[00:16:32] [23/458] GDCV
[00:16:33] [24/458] VEBI
[00:16:34] [25/458] VDSS
[00:16:34] [26/458] NTHV
[00:16:35] [27/458] AOCH
[00:16:36] [28/458] KASR
[00:16:37] [29/458] AYCS
[00:16:38] [30/458] SHAI
[00:16:39] 🔄 Identity reset
[00:16:39] 🔄 Identity rotated (every 10 requests)
[00:16:39] [31/458] SKPE
[00:16:40] [32/458] SBTA
[00:16:41] [33/458] RTTD
[00:16:42] [34/458] CCJD
[00:16:43] [35/458] RSJJ
[00:16:44] [36/458] RKND
[00:16:45] [37/458] SVTX
[00:16:46] [38/458] BAKM
[00:16:47] [39/458] SVDC
[00:16:48] [40/458] MNCV
[00:16:49] 🔄 Identity reset
[00:16:49] 🔄 Identity rotated (every 10 requests)
[00:16:49] [41/458] SJGC
[00:16:50] [42/458] MTPK
[00:16:51] [43/458] GATP
[00:16:52] [44/458] ABTS
[00:16:52] [45/458] ABDE
[00:16:53] [46/458] RCNM
[00:16:54] [47/458] KTHV
[00:16:55] [48/458] MDGJ
[00:16:57] [49/458] SMLM
[00:16:58] [50/458] JTMA
[00:16:58] 🔄 Identity reset
[00:16:58] 🔄 Identity rotated (every 10 requests)
[00:16:59] [51/458] ACKP
[00:17:00] [52/458] SRTA
[00:17:01] [53/458] STAY
[00:17:02] [54/458] MAVO
[00:17:03] [55/458] APTS
[00:17:04] [56/458] OMEA
[00:17:05] [57/458] TTFD
[00:17:06] [58/458] MJCU
[00:17:07] [59/458] CXTE
[00:17:08] [60/458] CTPX
[00:17:08] 🔄 Identity reset
[00:17:08] 🔄 Identity rotated (every 10 requests)
[00:17:09] [61/458] ASSL
[00:17:10] [62/458] CMVB
[00:17:11] [63/458] VPUR
[00:17:12] [64/458] JJDA
[00:17:13] [65/458] INBL
[00:17:14] [66/458] BIKB
[00:17:16] [67/458] NTBB
[00:17:17] [68/458] GLOB
[00:17:18] [69/458] SNTB
[00:17:19] [70/458] CHGV
[00:17:19] 🔄 Identity reset
[00:17:19] 🔄 Identity rotated (every 10 requests)
[00:17:20] [71/458] SSBZ
[00:17:21] [72/458] PRDB
[00:17:22] [73/458] ISMT
[00:17:23] [74/458] MCSD
[00:17:24] [75/458] JBTT
[00:17:25] [76/458] GEKR
[00:17:26] [77/458] PVUN
[00:17:26] [78/458] NRTB
[00:17:27] [79/458] PRAA
[00:17:28] [80/458] PCBL
[00:17:29] 🔄 Identity reset
[00:17:29] 🔄 Identity rotated (every 10 requests)
[00:17:29] [81/458] PTCM
[00:17:30] [82/458] KHNN
[00:17:31] [83/458] OMJE
[00:17:32] [84/458] STGN
[00:17:32] [85/458] RPMS
[00:17:33] [86/458] NWAD
[00:17:34] [87/458] BLCK
[00:17:35] [88/458] SVAA
[00:17:36] [89/458] URVM
[00:17:37] [90/458] ANTM
[00:17:37] 🔄 Identity reset
[00:17:37] 🔄 Identity rotated (every 10 requests)
[00:17:38] [91/458] VJYM
[00:17:39] [92/458] MAZZ
[00:17:40] [93/458] CSHM
[00:17:41] [94/458] WGMH
[00:17:41] [95/458] SALN
[00:17:42] [96/458] BRTP
[00:17:43] [97/458] SVTA
[00:17:44] [98/458] SBTP
[00:17:45] [99/458] VLSS
[00:17:46] [100/458] SRJA
[00:17:47] 🔄 Identity reset
[00:17:47] 🔄 Identity rotated (every 10 requests)
[00:17:47] [101/458] ANCG
[00:17:48] [102/458] CGGC
[00:17:49] [103/458] CRJA
[00:17:50] [104/458] USCR
[00:17:51] [105/458] MMEF
[00:17:53] [106/458] JCRJ
[00:17:53] [107/458] ADCM
[00:17:54] [108/458] BMYK
[00:17:55] [109/458] KICS
[00:17:56] [110/458] MBBT
[00:17:57] 🔄 Identity reset
[00:17:57] 🔄 Identity rotated (every 10 requests)
[00:17:57] [111/458] MACK
[00:17:58] [112/458] CLDR
[00:17:59] [113/458] JYCR
[00:18:00] [114/458] DCRP
[00:18:01] [115/458] RAHT
[00:18:02] [116/458] CSSM
[00:18:03] [117/458] ATPK
[00:18:03] [118/458] KLRT
[00:18:05] [119/458] SRDD
[00:18:05] [120/458] CKMC
[00:18:06] 🔄 Identity reset
[00:18:06] 🔄 Identity rotated (every 10 requests)
[00:18:06] [121/458] KRVM
[00:18:07] [122/458] AKCP
[00:18:08] [123/458] CNCV
[00:18:09] [124/458] PACT
[00:18:10] [125/458] NATP
[00:18:10] [126/458] PCPK
[00:18:11] [127/458] SMHO
[00:18:12] [128/458] CWTK
[00:18:13] [129/458] RVKZ
[00:18:14] [130/458] ASPD
[00:18:14] 🔄 Identity reset
[00:18:14] 🔄 Identity rotated (every 10 requests)
[00:18:15] [131/458] VTKZ
[00:18:16] [132/458] LCSO
[00:18:17] [133/458] PRDY
[00:18:18] [134/458] RCAP
[00:18:19] [135/458] RGAR
[00:18:20] [136/458] RCAC
[00:18:21] [137/458] PMOD
[00:18:22] [138/458] PVCN
[00:18:23] [139/458] SCRZ
[00:18:23] [140/458] PVPC
[00:18:24] 🔄 Identity reset
[00:18:24] 🔄 Identity rotated (every 10 requests)
[00:18:24] [141/458] STID
[00:18:25] [142/458] NEDD
[00:18:26] [143/458] BNBA
[00:18:28] [144/458] NTCD
[00:18:29] [145/458] OCDE
[00:18:29] [146/458] CCDU
[00:18:31] [147/458] CRXH
[00:18:32] [148/458] VLVT
[00:18:33] [149/458] CICI
[00:18:34] [150/458] SUCB
[00:18:35] 🔄 Identity reset
[00:18:35] 🔄 Identity rotated (every 10 requests)
[00:18:35] [151/458] TCBP
[00:18:36] [152/458] SCCY
[00:18:37] [153/458] LXCY
[00:18:39] [154/458] NCMD
[00:18:40] [155/458] PHCS
[00:18:41] [156/458] DUXR
[00:18:42] [157/458] VNKS
[00:18:42] [158/458] SEDP
[00:18:43] [159/458] SVEN
[00:18:44] [160/458] SRKM
[00:18:45] 🔄 Identity reset
[00:18:45] 🔄 Identity rotated (every 10 requests)
[00:18:45] [161/458] JTLT
[00:18:46] [162/458] SVSS
[00:18:47] [163/458] AMDE
[00:18:48] [164/458] WVRN
[00:18:48] [165/458] ISMG
[00:18:49] [166/458] WVKS
[00:18:50] [167/458] USCG
[00:18:51] [168/458] IOTG
[00:18:52] [169/458] RRJM
[00:18:53] [170/458] EDMP
[00:18:54] 🔄 Identity reset
[00:18:54] 🔄 Identity rotated (every 10 requests)
[00:18:54] [171/458] SCGZ
[00:18:55] [172/458] GMGX
[00:18:57] [173/458] OMTP
[00:18:58] [174/458] MITD
[00:18:59] [175/458] SMMD
[00:18:59] [176/458] STML
[00:19:00] [177/458] MCFS
[00:19:01] [178/458] FPKA
[00:19:02] [179/458] OMLR
[00:19:03] [180/458] KKSC
[00:19:03] 🔄 Identity reset
[00:19:03] 🔄 Identity rotated (every 10 requests)
[00:19:04] [181/458] RVMA
[00:19:05] [182/458] SCLL
[00:19:06] [183/458] SCDK
[00:19:08] [184/458] SXMI
[00:19:09] [185/458] SHDN
[00:19:10] [186/458] PAAD
[00:19:11] [187/458] UUCB
[00:19:12] [188/458] JHOL
[00:19:13] [189/458] SGWT
[00:19:13] [190/458] SRII
[00:19:14] 🔄 Identity reset
[00:19:14] 🔄 Identity rotated (every 10 requests)
[00:19:15] [191/458] SGCK
[00:19:15] [192/458] SVVB
[00:19:16] [193/458] DMHA
[00:19:17] [194/458] PPNL
[00:19:18] [195/458] CPNL
[00:19:19] [196/458] WVLD
[00:19:20] [197/458] PSLV
[00:19:21] [198/458] VTTL
[00:19:22] [199/458] NPAD
[00:19:23] [200/458] PVCS
[00:19:24] 🔄 Identity reset
[00:19:24] 🔄 Identity rotated (every 10 requests)
[00:19:24] [201/458] MCHL
[00:19:25] [202/458] PPLL
[00:19:26] [203/458] MALO
[00:19:27] [204/458] SWBH
[00:19:28] [205/458] PUGB
[00:19:30] [206/458] INBB
[00:19:31] [207/458] INNS
[00:19:31] [208/458] MCPT
[00:19:32] [209/458] SCMI
[00:19:33] [210/458] OCON
[00:19:34] 🔄 Identity reset
[00:19:34] 🔄 Identity rotated (every 10 requests)
[00:19:34] [211/458] SCSM
[00:19:35] [212/458] RJVN
[00:19:36] [213/458] AMDK
[00:19:37] [214/458] ISMR
[00:19:38] [215/458] SMTD
[00:19:39] [216/458] VTDD
[00:19:40] [217/458] PDDZ
[00:19:41] [218/458] PCCK
[00:19:41] [219/458] INAM
[00:19:42] [220/458] FNKT
[00:19:43] 🔄 Identity reset
[00:19:43] 🔄 Identity rotated (every 10 requests)
[00:19:43] [221/458] GDKA
[00:19:44] [222/458] MAYU
[00:19:45] [223/458] TCGU
[00:19:46] [224/458] KDCA
[00:19:48] [225/458] DOMY
[00:19:49] [226/458] PDDD
[00:19:50] [227/458] BJTS
[00:19:51] [228/458] VTCA
[00:19:51] [229/458] SBTM
[00:19:52] [230/458] SEET
[00:19:53] 🔄 Identity reset
[00:19:53] 🔄 Identity rotated (every 10 requests)
[00:19:53] [231/458] SSTJ
[00:19:55] [232/458] SVNT
[00:19:56] [233/458] PPPR
[00:19:57] [234/458] PVYS
[00:19:58] [235/458] IOSE
[00:19:58] [236/458] ACTV
[00:19:59] [237/458] APVE
[00:20:00] [238/458] TCCL
[00:20:01] [239/458] SCMO
[00:20:02] [240/458] SAUM
[00:20:03] 🔄 Identity reset
[00:20:03] 🔄 Identity rotated (every 10 requests)
[00:20:03] 🔄 Retry 1/5 for SAUM in 2.2s
[00:20:03] 🔄 Identity reset
[00:20:05] 🧠 New identity created
[00:20:05] [241/458] KCJS
[00:20:07] [242/458] NJCJ
[00:20:08] [243/458] NECF
[00:20:09] [244/458] CCGW
[00:20:10] [245/458] CCMG
[00:20:11] [246/458] NYRG
[00:20:12] [247/458] NCSQ
[00:20:13] [248/458] GRCG
[00:20:13] [249/458] CCBT
[00:20:14] 🔄 Identity reset
[00:20:14] 🔄 Identity rotated (every 10 requests)
[00:20:14] [250/458] ACGA
[00:20:15] [251/458] INAG
[00:20:16] [252/458] FUCG
[00:20:17] [253/458] AICF
[00:20:18] [254/458] GRGA
[00:20:19] [255/458] GDCN
[00:20:20] [256/458] RRCG
[00:20:21] [257/458] SDCH
[00:20:22] [258/458] WVJM
[00:20:23] [259/458] JCCZ
[00:20:23] 🔄 Identity reset
[00:20:23] 🔄 Identity rotated (every 10 requests)
[00:20:24] [260/458] CNCL
[00:20:24] [261/458] TMLV
[00:20:25] [262/458] MEMB
[00:20:26] [263/458] SGTD
[00:20:28] [264/458] CONX
[00:20:29] [265/458] CCMH
[00:20:30] [266/458] ACMC
[00:20:31] [267/458] DTPD
[00:20:32] [268/458] POJA
[00:20:33] [269/458] FNBH
[00:20:33] 🔄 Identity reset
[00:20:33] 🔄 Identity rotated (every 10 requests)
[00:20:34] [270/458] CGCB
[00:20:35] [271/458] RACN
[00:20:36] [272/458] JTSM
[00:20:36] [273/458] SCDN
[00:20:37] [274/458] AACK
[00:20:38] [275/458] RMCE
[00:20:39] [276/458] BSGB
[00:20:40] [277/458] MRCB
[00:20:41] [278/458] SRVR
[00:20:42] [279/458] VTKK
[00:20:43] 🔄 Identity reset
[00:20:43] 🔄 Identity rotated (every 10 requests)
[00:20:43] 🔄 Retry 1/5 for VTKK in 2.4s
[00:20:43] 🔄 Identity reset
[00:20:45] 🧠 New identity created
[00:20:46] [280/458] AMST
[00:20:47] [281/458] APCY
[00:20:47] [282/458] LMHO
[00:20:48] [283/458] MTZH
[00:20:49] [284/458] AMZB
[00:20:50] [285/458] SUVT
[00:20:51] [286/458] RCIP
[00:20:52] [287/458] KESR
[00:20:53] [288/458] SNKC
[00:20:53] 🔄 Identity reset
[00:20:53] 🔄 Identity rotated (every 10 requests)
[00:20:54] [289/458] SCED
[00:20:55] [290/458] DVCA
[00:20:55] [291/458] VCDT
[00:20:57] [292/458] RRDI
[00:20:59] [293/458] DFCH
[00:21:00] [294/458] INSC
[00:21:01] [295/458] RGTR
[00:21:02] [296/458] FMOT
[00:21:03] [297/458] SCPM
[00:21:04] [298/458] GCDT
[00:21:05] 🔄 Identity reset
[00:21:05] 🔄 Identity rotated (every 10 requests)
[00:21:05] [299/458] BRKT
[00:21:06] [300/458] DEMP
[00:21:07] [301/458] SRLC
[00:21:08] [302/458] KSTT
[00:21:09] [303/458] SMMT
[00:21:09] [304/458] SILM
[00:21:11] [305/458] JCVM
[00:21:12] [306/458] KCSV
[00:21:13] [307/458] MHLK
[00:21:14] [308/458] SLVL
[00:21:14] 🔄 Identity reset
[00:21:14] 🔄 Identity rotated (every 10 requests)
[00:21:15] [309/458] RJKP
[00:21:16] [310/458] BBPC
[00:21:17] [311/458] MXCB
[00:21:17] [312/458] TCPK
[00:21:18] [313/458] RTBR
[00:21:20] [314/458] GAUT
[00:21:21] [315/458] DVCF
[00:21:22] [316/458] JTSB
[00:21:23] [317/458] SBLS
[00:21:24] [318/458] UDAY
[00:21:24] 🔄 Identity reset
[00:21:25] 🔄 Identity rotated (every 10 requests)
[00:21:25] 🔄 Retry 1/5 for UDAY in 2.4s
[00:21:25] 🔄 Identity reset
[00:21:27] 🧠 New identity created
[00:21:27] [319/458] PTNP
[00:21:28] [320/458] DMKT
[00:21:29] [321/458] NTDT
[00:21:30] [322/458] SHDJ
[00:21:32] [323/458] OTNC
[00:21:33] [324/458] RNTW
[00:21:34] [325/458] GCMI
[00:21:35] [326/458] CRCM
[00:21:35] [327/458] NNCZ
[00:21:36] 🔄 Identity reset
[00:21:36] 🔄 Identity rotated (every 10 requests)
[00:21:37] [328/458] OEMO
[00:21:37] [329/458] PVJM
[00:21:38] [330/458] CPJI
[00:21:39] [331/458] RMCJ
[00:21:40] [332/458] CNWJ
[00:21:41] [333/458] EPJM
[00:21:42] [334/458] FNJJ
[00:21:43] [335/458] GCMJ
[00:21:44] [336/458] INPS
[00:21:45] [337/458] BICJ
[00:21:46] 🔄 Identity reset
[00:21:46] 🔄 Identity rotated (every 10 requests)
[00:21:46] [338/458] ISTJ
[00:21:47] [339/458] INJC
[00:21:48] [340/458] GLXJ
[00:21:49] [341/458] INEM
[00:21:51] [342/458] JTMN
[00:21:52] [343/458] FRCJ
[00:21:53] [344/458] DDJP
[00:21:54] [345/458] INJV
[00:21:55] [346/458] GOLC
[00:21:56] [347/458] KOCI
[00:21:56] 🔄 Identity reset
[00:21:56] 🔄 Identity rotated (every 10 requests)
[00:21:57] [348/458] FSTD
[00:21:58] [349/458] PACJ
[00:21:59] [350/458] GMCN
[00:22:00] [351/458] MMDJ
[00:22:01] [352/458] GODH
[00:22:02] [353/458] SKYN
[00:22:03] [354/458] NCTH
[00:22:04] [355/458] SKVZ
[00:22:06] [356/458] SVML
[00:22:07] [357/458] ACVZ
[00:22:08] 🔄 Identity reset
[00:22:08] 🔄 Identity rotated (every 10 requests)
[00:22:09] [358/458] SURA
[00:22:11] [359/458] RTRB
[00:22:12] [360/458] LLCT
[00:22:13] [361/458] ATTS
[00:22:13] [362/458] JYCM
[00:22:14] [363/458] CTKR
[00:22:16] [364/458] LCKR
[00:22:16] [365/458] NYCV
[00:22:17] [366/458] NYOH
[00:22:18] [367/458] NOVX
[00:22:19] 🔄 Identity reset
[00:22:19] 🔄 Identity rotated (every 10 requests)
[00:22:19] [368/458] MRGK
[00:22:20] [369/458] MOON
[00:22:21] [370/458] SBUC
[00:22:22] [371/458] GSVA
[00:22:23] [372/458] VIAK
[00:22:24] [373/458] SMVZ
[00:22:24] [374/458] MATE
[00:22:26] [375/458] RDCN
[00:22:26] [376/458] ASBL
[00:22:27] [377/458] ASVS
[00:22:28] 🔄 Identity reset
[00:22:28] 🔄 Identity rotated (every 10 requests)
[00:22:28] [378/458] ASSR
[00:22:29] [379/458] SSKN
[00:22:30] [380/458] DRPV
[00:22:31] [381/458] MRHT
[00:22:32] [382/458] BSCN
[00:22:33] [383/458] RKNX
[00:22:34] [384/458] MSMC
[00:22:35] [385/458] MSCJ
[00:22:36] [386/458] BTBJ
[00:22:37] [387/458] MJCC
[00:22:38] 🔄 Identity reset
[00:22:38] 🔄 Identity rotated (every 10 requests)
[00:22:38] [388/458] IOMM
[00:22:39] [389/458] ADGR
[00:22:40] [390/458] MYCP
[00:22:41] [391/458] IGCM
[00:22:42] [392/458] PGRK
[00:22:43] [393/458] VPGO
[00:22:44] [394/458] KOMS
[00:22:45] [395/458] URGG
[00:22:46] [396/458] GOST
[00:22:47] [397/458] LACT
[00:22:48] 🔄 Identity reset
[00:22:48] 🔄 Identity rotated (every 10 requests)
[00:22:48] [398/458] BWCM
[00:22:49] [399/458] NCCW
[00:22:50] [400/458] SKYC
[00:22:51] [401/458] CCPM
[00:22:51] [402/458] VCBT
[00:22:52] [403/458] SDKR
[00:22:53] [404/458] CTYB
[00:22:54] [405/458] SHCX
[00:22:55] [406/458] RCUN
[00:22:56] [407/458] CNRA
[00:22:56] 🔄 Identity reset
[00:22:56] 🔄 Identity rotated (every 10 requests)
[00:22:57] [408/458] RFCA
[00:22:58] [409/458] RDCU
[00:23:00] [410/458] SARK
[00:23:00] [411/458] SPPP
[00:23:01] [412/458] ADMB
[00:23:02] [413/458] JYOE
[00:23:03] [414/458] SRMD
[00:23:05] [415/458] RJDH
[00:23:06] [416/458] SSTD
[00:23:07] [417/458] AACV
[00:23:08] 🔄 Identity reset
[00:23:08] 🔄 Identity rotated (every 10 requests)
[00:23:08] [418/458] PPVD
[00:23:10] [419/458] STCP
[00:23:11] [420/458] ANLS
[00:23:12] [421/458] BIJO
[00:23:13] [422/458] AVAB
[00:23:14] [423/458] SPMD
[00:23:14] [424/458] SVJL
[00:23:15] [425/458] SDDJ
[00:23:16] [426/458] SLTU
[00:23:17] [427/458] SAKA
[00:23:18] 🔄 Identity reset
[00:23:18] 🔄 Identity rotated (every 10 requests)
[00:23:19] [428/458] PMAM
[00:23:19] [429/458] FNAM
[00:23:20] [430/458] ACAM
[00:23:21] [431/458] SCMM
[00:23:23] [432/458] PMAK
[00:23:24] [433/458] NYSA
[00:23:25] [434/458] FCPA
[00:23:26] [435/458] GDAN
[00:23:27] [436/458] RSCA
[00:23:28] [437/458] DMAN
[00:23:28] 🔄 Identity reset
[00:23:28] 🔄 Identity rotated (every 10 requests)
[00:23:29] [438/458] DZCM
[00:23:30] [439/458] NSGL
[00:23:31] [440/458] CCPP
[00:23:33] [441/458] PSMG
[00:23:34] [442/458] GSER
[00:23:35] [443/458] FCCT
[00:23:36] [444/458] FCTB
[00:23:37] [445/458] LCNK
[00:23:38] [446/458] SKTY
[00:23:39] [447/458] INAA
[00:23:40] 🔄 Identity reset
[00:23:40] 🔄 Identity rotated (every 10 requests)
[00:23:41] [448/458] RCWN
[00:23:42] [449/458] VAIS
[00:23:43] [450/458] CVMN
[00:23:44] [451/458] INTS
[00:23:45] [452/458] FRGS
[00:23:46] [453/458] DTCK
[00:23:46] [454/458] MCMH
[00:23:48] [455/458] ECRR
[00:23:50] [456/458] RLLP
[00:23:51] [457/458] CCSN
[00:23:51] 🔄 Identity reset
[00:23:51] 🔄 Identity rotated (every 10 requests)
[00:23:52] [458/458] CCBA
[00:23:53] ✅ DONE | Shows=0 | Movies=0
[00:57:59] 🚀 BMS DAILY TRACKER STARTED (enhanced anti‑detection)
[00:57:59] [1/458] MBDC
[00:58:00] 🧠 New identity created
[00:58:00] [2/458] CHKM
[00:58:01] [3/458] JTKZ
[00:58:02] [4/458] CMCT
[00:58:04] [5/458] ASHO
[00:58:04] [6/458] ECDG
[00:58:05] [7/458] SPAT
[00:58:07] [8/458] HILC
[00:58:09] [9/458] SPPH
[00:58:10] [10/458] SBHN
[00:58:10] 🔄 Identity reset
[00:58:10] 🔄 Identity rotated (every 10 requests)
[00:58:10] 🔄 Retry 1/5 for SBHN in 2.4s
[00:58:10] 🔄 Identity reset
[00:58:13] 🧠 New identity created
[00:58:13] [11/458] RRCA
[00:58:14] [12/458] APAA
[00:58:15] [13/458] RAME
[00:58:16] [14/458] TMMS
[00:58:17] [15/458] BATK
[00:58:17] [16/458] LKOP
[00:58:19] [17/458] AMTT
[00:58:20] [18/458] PTGK
[00:58:21] [19/458] ANRS
[00:58:21] 🔄 Identity reset
[00:58:21] 🔄 Identity rotated (every 10 requests)
[00:58:22] [20/458] VWBW
[00:58:23] [21/458] SVFG
[00:58:23] [22/458] STAT
[00:58:24] [23/458] GDCV
[00:58:25] [24/458] VEBI
[00:58:26] [25/458] VDSS
[00:58:27] [26/458] NTHV
[00:58:28] [27/458] AOCH
[00:58:29] [28/458] KASR
[00:58:30] [29/458] AYCS
[00:58:31] 🔄 Identity reset
[00:58:31] 🔄 Identity rotated (every 10 requests)
[00:58:31] [30/458] SHAI
[00:58:32] [31/458] SKPE
[00:58:33] [32/458] SBTA
[00:58:34] [33/458] RTTD
[00:58:35] [34/458] CCJD
[00:58:36] [35/458] RSJJ
[00:58:37] [36/458] RKND
[00:58:38] [37/458] SVTX
[00:58:39] [38/458] BAKM
[00:58:39] [39/458] SVDC
[00:58:40] 🔄 Identity reset
[00:58:40] 🔄 Identity rotated (every 10 requests)
[00:58:40] 🔄 Retry 1/5 for SVDC in 2.9s
[00:58:40] 🔄 Identity reset
[00:58:43] 🧠 New identity created
[00:58:43] [40/458] MNCV
[00:58:44] [41/458] SJGC
[00:58:45] [42/458] MTPK
[00:58:46] [43/458] GATP
[00:58:47] [44/458] ABTS
[00:58:48] [45/458] ABDE
[00:58:49] [46/458] RCNM
[00:58:50] [47/458] KTHV
[00:58:51] [48/458] MDGJ
[00:58:51] 🔄 Identity reset
[00:58:51] 🔄 Identity rotated (every 10 requests)
[00:58:51] [49/458] SMLM
[00:58:52] [50/458] JTMA
[00:58:53] [51/458] ACKP
[00:58:54] [52/458] SRTA
[00:58:55] [53/458] STAY
[00:58:56] [54/458] MAVO
[00:58:57] [55/458] APTS
[00:58:58] [56/458] OMEA
[00:58:59] [57/458] TTFD
[00:58:59] [58/458] MJCU
[00:59:00] 🔄 Identity reset
[00:59:00] 🔄 Identity rotated (every 10 requests)
[00:59:00] [59/458] CXTE
[00:59:01] [60/458] CTPX
[00:59:02] [61/458] ASSL
[00:59:03] [62/458] CMVB
[00:59:04] [63/458] VPUR
[00:59:05] [64/458] JJDA
[00:59:06] [65/458] INBL
[00:59:07] [66/458] BIKB
[00:59:08] [67/458] NTBB
[00:59:09] [68/458] GLOB
[00:59:10] 🔄 Identity reset
[00:59:10] 🔄 Identity rotated (every 10 requests)
[00:59:11] [69/458] SNTB
[00:59:12] [70/458] CHGV
[00:59:13] [71/458] SSBZ
[00:59:14] [72/458] PRDB
[00:59:14] [73/458] ISMT
[00:59:15] [74/458] MCSD
[00:59:17] [75/458] JBTT
[00:59:19] [76/458] GEKR
[00:59:20] [77/458] PVUN
[00:59:20] [78/458] NRTB
[00:59:21] 🔄 Identity reset
[00:59:21] 🔄 Identity rotated (every 10 requests)
[00:59:21] 🔄 Retry 1/5 for NRTB in 2.2s
[00:59:21] 🔄 Identity reset
[00:59:23] 🧠 New identity created
[00:59:24] [79/458] PRAA
[00:59:25] [80/458] PCBL
[00:59:26] [81/458] PTCM
[00:59:27] [82/458] KHNN
[00:59:28] [83/458] OMJE
[00:59:29] [84/458] STGN
[00:59:30] [85/458] RPMS
[00:59:31] [86/458] NWAD
[00:59:31] [87/458] BLCK
[00:59:32] 🔄 Identity reset
[00:59:32] 🔄 Identity rotated (every 10 requests)
[00:59:32] 🔄 Retry 1/5 for BLCK in 2.1s
[00:59:32] 🔄 Identity reset
[00:59:34] 🧠 New identity created
[00:59:34] [88/458] SVAA
[00:59:35] [89/458] URVM
[00:59:36] [90/458] ANTM
[00:59:37] [91/458] VJYM
[00:59:38] [92/458] MAZZ
[00:59:39] [93/458] CSHM
[00:59:40] [94/458] WGMH
[00:59:40] [95/458] SALN
[00:59:41] [96/458] BRTP
[00:59:42] 🔄 Identity reset
[00:59:42] 🔄 Identity rotated (every 10 requests)
[00:59:42] [97/458] SVTA
[00:59:43] [98/458] SBTP
[00:59:44] [99/458] VLSS
[00:59:45] [100/458] SRJA
[00:59:46] [101/458] ANCG
[00:59:47] [102/458] CGGC
[00:59:49] [103/458] CRJA
[00:59:50] [104/458] USCR
[00:59:51] [105/458] MMEF
[00:59:52] [106/458] JCRJ
[00:59:52] 🔄 Identity reset
[00:59:52] 🔄 Identity rotated (every 10 requests)
[00:59:53] [107/458] ADCM
[00:59:53] [108/458] BMYK
[00:59:54] [109/458] KICS
[00:59:55] [110/458] MBBT
[00:59:56] [111/458] MACK
[00:59:57] [112/458] CLDR
[00:59:58] [113/458] JYCR
[00:59:59] [114/458] DCRP
[01:00:00] [115/458] RAHT
[01:00:01] [116/458] CSSM
[01:00:02] 🔄 Identity reset
[01:00:02] 🔄 Identity rotated (every 10 requests)
[01:00:02] 🔄 Retry 1/5 for CSSM in 2.4s
[01:00:02] 🔄 Identity reset
[01:00:04] 🧠 New identity created
[01:00:05] [117/458] ATPK
[01:00:06] [118/458] KLRT
[01:00:06] [119/458] SRDD
[01:00:07] [120/458] CKMC
[01:00:08] [121/458] KRVM
[01:00:09] [122/458] AKCP
[01:00:10] [123/458] CNCV
[01:00:11] [124/458] PACT
[01:00:12] [125/458] NATP
[01:00:12] 🔄 Identity reset
[01:00:12] 🔄 Identity rotated (every 10 requests)
[01:00:12] 🔄 Retry 1/5 for NATP in 2.7s
[01:00:12] 🔄 Identity reset
[01:00:15] 🧠 New identity created
[01:00:15] 🔄 Retry 2/5 for NATP in 4.9s
[01:00:15] 🔄 Identity reset
[01:00:20] 🧠 New identity created
[01:00:21] [126/458] PCPK
[01:00:21] [127/458] SMHO
[01:00:22] [128/458] CWTK
[01:00:23] [129/458] RVKZ
[01:00:24] [130/458] ASPD
[01:00:26] [131/458] VTKZ
[01:00:27] [132/458] LCSO
[01:00:28] [133/458] PRDY
[01:00:28] 🔄 Identity reset
[01:00:28] 🔄 Identity rotated (every 10 requests)
[01:00:29] [134/458] RCAP
[01:00:30] [135/458] RGAR
[01:00:31] [136/458] RCAC
[01:00:31] [137/458] PMOD
[01:00:32] [138/458] PVCN
[01:00:33] [139/458] SCRZ
[01:00:34] [140/458] PVPC
[01:00:35] [141/458] STID
[01:00:36] [142/458] NEDD
[01:00:37] [143/458] BNBA
[01:00:37] 🔄 Identity reset
[01:00:38] 🔄 Identity rotated (every 10 requests)
[01:00:38] [144/458] NTCD
[01:00:39] [145/458] OCDE
[01:00:40] [146/458] CCDU
[01:00:41] [147/458] CRXH
[01:00:41] [148/458] VLVT
[01:00:42] [149/458] CICI
[01:00:43] [150/458] SUCB
[01:00:44] [151/458] TCBP
[01:00:45] [152/458] SCCY
[01:00:46] [153/458] LXCY
[01:00:46] 🔄 Identity reset
[01:00:46] 🔄 Identity rotated (every 10 requests)
[01:00:47] [154/458] NCMD
[01:00:48] [155/458] PHCS
[01:00:49] [156/458] DUXR
[01:00:49] [157/458] VNKS
[01:00:50] [158/458] SEDP
[01:00:51] [159/458] SVEN
[01:00:52] [160/458] SRKM
[01:00:52] [161/458] JTLT
[01:00:53] [162/458] SVSS
[01:00:54] [163/458] AMDE
[01:00:55] 🔄 Identity reset
[01:00:55] 🔄 Identity rotated (every 10 requests)
[01:00:55] [164/458] WVRN
[01:00:56] [165/458] ISMG
[01:00:57] [166/458] WVKS
[01:00:58] [167/458] USCG
[01:00:59] [168/458] IOTG
[01:01:00] [169/458] RRJM
[01:01:01] [170/458] EDMP
[01:01:01] [171/458] SCGZ
[01:01:02] [172/458] GMGX
[01:01:03] [173/458] OMTP
[01:01:04] 🔄 Identity reset
[01:01:04] 🔄 Identity rotated (every 10 requests)
[01:01:04] [174/458] MITD
[01:01:05] [175/458] SMMD
[01:01:06] [176/458] STML
[01:01:07] [177/458] MCFS
[01:01:08] [178/458] FPKA
[01:01:09] [179/458] OMLR
[01:01:10] [180/458] KKSC
[01:01:11] [181/458] RVMA
[01:01:12] [182/458] SCLL
[01:01:13] [183/458] SCDK
[01:01:14] 🔄 Identity reset
[01:01:14] 🔄 Identity rotated (every 10 requests)
[01:01:14] [184/458] SXMI
[01:01:15] [185/458] SHDN
[01:01:16] [186/458] PAAD
[01:01:17] [187/458] UUCB
[01:01:17] [188/458] JHOL
[01:01:19] [189/458] SGWT
[01:01:20] [190/458] SRII
[01:01:21] [191/458] SGCK
[01:01:21] [192/458] SVVB
[01:01:22] [193/458] DMHA
[01:01:23] 🔄 Identity reset
[01:01:23] 🔄 Identity rotated (every 10 requests)
[01:01:23] [194/458] PPNL
[01:01:24] [195/458] CPNL
[01:01:25] [196/458] WVLD
[01:01:26] [197/458] PSLV
[01:01:27] [198/458] VTTL
[01:01:28] [199/458] NPAD
[01:01:28] [200/458] PVCS
[01:01:29] [201/458] MCHL
[01:01:30] [202/458] PPLL
[01:01:32] [203/458] MALO
[01:01:32] 🔄 Identity reset
[01:01:32] 🔄 Identity rotated (every 10 requests)
[01:01:33] 🔄 Retry 1/5 for MALO in 2.5s
[01:01:33] 🔄 Identity reset
[01:01:35] 🧠 New identity created
[01:01:35] [204/458] SWBH
[01:01:36] [205/458] PUGB
[01:01:37] [206/458] INBB
[01:01:38] [207/458] INNS
[01:01:39] [208/458] MCPT
[01:01:40] [209/458] SCMI
[01:01:41] [210/458] OCON
[01:01:42] [211/458] SCSM
[01:01:42] [212/458] RJVN
[01:01:43] 🔄 Identity reset
[01:01:43] 🔄 Identity rotated (every 10 requests)
[01:01:44] [213/458] AMDK
[01:01:46] [214/458] ISMR
[01:01:47] [215/458] SMTD
[01:01:48] [216/458] VTDD
[01:01:48] [217/458] PDDZ
[01:01:49] [218/458] PCCK
[01:01:50] [219/458] INAM
[01:01:51] [220/458] FNKT
[01:01:52] [221/458] GDKA
[01:01:54] [222/458] MAYU
[01:01:54] 🔄 Identity reset
[01:01:54] 🔄 Identity rotated (every 10 requests)
[01:01:54] [223/458] TCGU
[01:01:56] [224/458] KDCA
[01:01:57] [225/458] DOMY
[01:01:58] [226/458] PDDD
[01:01:59] [227/458] BJTS
[01:02:00] [228/458] VTCA
[01:02:01] [229/458] SBTM
[01:02:02] [230/458] SEET
[01:02:03] [231/458] SSTJ
[01:02:03] [232/458] SVNT
[01:02:04] 🔄 Identity reset
[01:02:04] 🔄 Identity rotated (every 10 requests)
[01:02:04] [233/458] PPPR
[01:02:05] [234/458] PVYS
[01:02:07] [235/458] IOSE
[01:02:08] [236/458] ACTV
[01:02:09] [237/458] APVE
[01:02:09] [238/458] TCCL
[01:02:10] [239/458] SCMO
[01:02:11] [240/458] SAUM
[01:02:12] [241/458] KCJS
[01:02:13] [242/458] NJCJ
[01:02:13] 🔄 Identity reset
[01:02:13] 🔄 Identity rotated (every 10 requests)
[01:02:14] [243/458] NECF
[01:02:14] [244/458] CCGW
[01:02:15] [245/458] CCMG
[01:02:16] [246/458] NYRG
[01:02:17] [247/458] NCSQ
[01:02:19] [248/458] GRCG
[01:02:20] [249/458] CCBT
[01:02:21] [250/458] ACGA
[01:02:22] [251/458] INAG
[01:02:22] [252/458] FUCG
[01:02:23] 🔄 Identity reset
[01:02:23] 🔄 Identity rotated (every 10 requests)
[01:02:23] [253/458] AICF
[01:02:24] [254/458] GRGA
[01:02:25] [255/458] GDCN
[01:02:26] [256/458] RRCG
[01:02:26] [257/458] SDCH
[01:02:27] [258/458] WVJM
[01:02:28] [259/458] JCCZ
[01:02:29] [260/458] CNCL
[01:02:31] [261/458] TMLV
[01:02:32] [262/458] MEMB
[01:02:32] 🔄 Identity reset
[01:02:32] 🔄 Identity rotated (every 10 requests)
[01:02:32] 🔄 Retry 1/5 for MEMB in 2.8s
[01:02:32] 🔄 Identity reset
[01:02:35] 🧠 New identity created
[01:02:36] [263/458] SGTD
[01:02:37] [264/458] CONX
[01:02:38] [265/458] CCMH
[01:02:39] [266/458] ACMC
[01:02:41] [267/458] DTPD
[01:02:42] [268/458] POJA
[01:02:42] [269/458] FNBH
[01:02:43] [270/458] CGCB
[01:02:44] [271/458] RACN
[01:02:44] 🔄 Identity reset
[01:02:45] 🔄 Identity rotated (every 10 requests)
[01:02:45] [272/458] JTSM
[01:02:46] [273/458] SCDN
[01:02:47] [274/458] AACK
[01:02:47] [275/458] RMCE
[01:02:48] [276/458] BSGB
[01:02:49] [277/458] MRCB
[01:02:50] [278/458] SRVR
[01:02:51] [279/458] VTKK
[01:02:52] [280/458] AMST
[01:02:53] [281/458] APCY
[01:02:53] 🔄 Identity reset
[01:02:53] 🔄 Identity rotated (every 10 requests)
[01:02:54] [282/458] LMHO
[01:02:54] [283/458] MTZH
[01:02:55] [284/458] AMZB
[01:02:56] [285/458] SUVT
[01:02:58] [286/458] RCIP
[01:03:00] [287/458] KESR
[01:03:01] [288/458] SNKC
[01:03:02] [289/458] SCED
[01:03:03] [290/458] DVCA
[01:03:04] [291/458] VCDT
[01:03:04] 🔄 Identity reset
[01:03:04] 🔄 Identity rotated (every 10 requests)
[01:03:05] [292/458] RRDI
[01:03:06] [293/458] DFCH
[01:03:07] [294/458] INSC
[01:03:08] [295/458] RGTR
[01:03:09] [296/458] FMOT
[01:03:10] [297/458] SCPM
[01:03:11] [298/458] GCDT
[01:03:12] [299/458] BRKT
[01:03:13] [300/458] DEMP
[01:03:14] [301/458] SRLC
[01:03:15] 🔄 Identity reset
[01:03:15] 🔄 Identity rotated (every 10 requests)
[01:03:15] [302/458] KSTT
[01:03:16] [303/458] SMMT
[01:03:17] [304/458] SILM
[01:03:18] [305/458] JCVM
[01:03:19] [306/458] KCSV
[01:03:20] [307/458] MHLK
[01:03:20] [308/458] SLVL
[01:03:21] [309/458] RJKP
[01:03:22] [310/458] BBPC
[01:03:23] [311/458] MXCB
[01:03:24] 🔄 Identity reset
[01:03:24] 🔄 Identity rotated (every 10 requests)
[01:03:24] [312/458] TCPK
[01:03:25] [313/458] RTBR
[01:03:26] [314/458] GAUT
[01:03:27] [315/458] DVCF
[01:03:28] [316/458] JTSB
[01:03:29] [317/458] SBLS
[01:03:30] [318/458] UDAY
[01:03:30] [319/458] PTNP
[01:03:31] [320/458] DMKT
[01:03:33] [321/458] NTDT
[01:03:33] 🔄 Identity reset
[01:03:34] 🔄 Identity rotated (every 10 requests)
[01:03:34] [322/458] SHDJ
[01:03:36] [323/458] OTNC
[01:03:36] [324/458] RNTW
[01:03:38] [325/458] GCMI
[01:03:39] [326/458] CRCM
[01:03:40] [327/458] NNCZ
[01:03:41] [328/458] OEMO
[01:03:42] [329/458] PVJM
[01:03:43] [330/458] CPJI
[01:03:44] [331/458] RMCJ
[01:03:44] 🔄 Identity reset
[01:03:44] 🔄 Identity rotated (every 10 requests)
[01:03:45] [332/458] CNWJ
[01:03:46] [333/458] EPJM
[01:03:47] [334/458] FNJJ
[01:03:47] [335/458] GCMJ
[01:03:49] [336/458] INPS
[01:03:49] [337/458] BICJ
[01:03:51] [338/458] ISTJ
[01:03:51] [339/458] INJC
[01:03:52] [340/458] GLXJ
[01:03:53] [341/458] INEM
[01:03:54] 🔄 Identity reset
[01:03:54] 🔄 Identity rotated (every 10 requests)
[01:03:54] [342/458] JTMN
[01:03:55] [343/458] FRCJ
[01:03:57] [344/458] DDJP
[01:03:58] [345/458] INJV
[01:03:58] [346/458] GOLC
[01:03:59] [347/458] KOCI
[01:04:00] [348/458] FSTD
[01:04:01] [349/458] PACJ
[01:04:02] [350/458] GMCN
[01:04:03] [351/458] MMDJ
[01:04:03] 🔄 Identity reset
[01:04:03] 🔄 Identity rotated (every 10 requests)
[01:04:03] [352/458] GODH
[01:04:04] [353/458] SKYN
[01:04:05] [354/458] NCTH
[01:04:07] [355/458] SKVZ
[01:04:09] [356/458] SVML
[01:04:10] [357/458] ACVZ
[01:04:10] [358/458] SURA
[01:04:11] [359/458] RTRB
[01:04:12] [360/458] LLCT
[01:04:14] [361/458] ATTS
[01:04:14] 🔄 Identity reset
[01:04:14] 🔄 Identity rotated (every 10 requests)
[01:04:15] [362/458] JYCM
[01:04:16] [363/458] CTKR
[01:04:17] [364/458] LCKR
[01:04:18] [365/458] NYCV
[01:04:18] [366/458] NYOH
[01:04:19] [367/458] NOVX
[01:04:20] [368/458] MRGK
[01:04:21] [369/458] MOON
[01:04:22] [370/458] SBUC
[01:04:23] [371/458] GSVA
[01:04:23] 🔄 Identity reset
[01:04:23] 🔄 Identity rotated (every 10 requests)
[01:04:23] [372/458] VIAK
[01:04:24] [373/458] SMVZ
[01:04:25] [374/458] MATE
[01:04:26] [375/458] RDCN
[01:04:27] [376/458] ASBL
[01:04:28] [377/458] ASVS
[01:04:28] [378/458] ASSR
[01:04:29] [379/458] SSKN
[01:04:30] [380/458] DRPV
[01:04:32] [381/458] MRHT
[01:04:32] 🔄 Identity reset
[01:04:32] 🔄 Identity rotated (every 10 requests)
[01:04:33] [382/458] BSCN
[01:04:34] [383/458] RKNX
[01:04:34] [384/458] MSMC
[01:04:35] [385/458] MSCJ
[01:04:36] [386/458] BTBJ
[01:04:37] [387/458] MJCC
[01:04:38] [388/458] IOMM
[01:04:39] [389/458] ADGR
[01:04:39] [390/458] MYCP
[01:04:40] [391/458] IGCM
[01:04:41] 🔄 Identity reset
[01:04:41] 🔄 Identity rotated (every 10 requests)
[01:04:41] 🔄 Retry 1/5 for IGCM in 2.7s
[01:04:41] 🔄 Identity reset
[01:04:44] 🧠 New identity created
[01:04:44] [392/458] PGRK
[01:04:45] [393/458] VPGO
[01:04:46] [394/458] KOMS
[01:04:47] [395/458] URGG
[01:04:48] [396/458] GOST
[01:04:50] [397/458] LACT
[01:04:52] [398/458] BWCM
[01:04:53] [399/458] NCCW
[01:04:53] [400/458] SKYC
[01:04:54] 🔄 Identity reset
[01:04:54] 🔄 Identity rotated (every 10 requests)
[01:04:54] 🔄 Retry 1/5 for SKYC in 2.7s
[01:04:54] 🔄 Identity reset
[01:04:57] 🧠 New identity created
[01:04:57] [401/458] CCPM
[01:04:58] [402/458] VCBT
[01:04:59] [403/458] SDKR
[01:05:00] [404/458] CTYB
[01:05:01] [405/458] SHCX
[01:05:02] [406/458] RCUN
[01:05:03] [407/458] CNRA
[01:05:04] [408/458] RFCA
[01:05:05] [409/458] RDCU
[01:05:05] 🔄 Identity reset
[01:05:05] 🔄 Identity rotated (every 10 requests)
[01:05:06] [410/458] SARK
[01:05:07] [411/458] SPPP
[01:05:08] [412/458] ADMB
[01:05:09] [413/458] JYOE
[01:05:10] [414/458] SRMD
[01:05:11] [415/458] RJDH
[01:05:12] [416/458] SSTD
[01:05:13] [417/458] AACV
[01:05:14] [418/458] PPVD
[01:05:15] [419/458] STCP
[01:05:16] 🔄 Identity reset
[01:05:16] 🔄 Identity rotated (every 10 requests)
[01:05:16] [420/458] ANLS
[01:05:17] [421/458] BIJO
[01:05:18] [422/458] AVAB
[01:05:20] [423/458] SPMD
[01:05:20] [424/458] SVJL
[01:05:21] [425/458] SDDJ
[01:05:22] [426/458] SLTU
[01:05:23] [427/458] SAKA
[01:05:24] [428/458] PMAM
[01:05:25] [429/458] FNAM
[01:05:26] 🔄 Identity reset
[01:05:26] 🔄 Identity rotated (every 10 requests)
[01:05:26] 🔄 Retry 1/5 for FNAM in 2.6s
[01:05:26] 🔄 Identity reset
[01:05:29] 🧠 New identity created
[01:05:29] [430/458] ACAM
[01:05:30] [431/458] SCMM
[01:05:31] [432/458] PMAK
[01:05:31] [433/458] NYSA
[01:05:32] [434/458] FCPA
[01:05:33] [435/458] GDAN
[01:05:34] [436/458] RSCA
[01:05:35] [437/458] DMAN
[01:05:36] [438/458] DZCM
[01:05:37] 🔄 Identity reset
[01:05:37] 🔄 Identity rotated (every 10 requests)
[01:05:37] [439/458] NSGL
[01:05:38] [440/458] CCPP
[01:05:39] [441/458] PSMG
[01:05:40] [442/458] GSER
[01:05:40] [443/458] FCCT
[01:05:41] [444/458] FCTB
[01:05:42] [445/458] LCNK
[01:05:43] [446/458] SKTY
[01:05:44] [447/458] INAA
[01:05:45] [448/458] RCWN
[01:05:46] 🔄 Identity reset
[01:05:46] 🔄 Identity rotated (every 10 requests)
[01:05:46] [449/458] VAIS
[01:05:47] [450/458] CVMN
[01:05:48] [451/458] INTS
[01:05:49] [452/458] FRGS
[01:05:50] [453/458] DTCK
[01:05:51] [454/458] MCMH
[01:05:52] [455/458] ECRR
[01:05:53] [456/458] RLLP
[01:05:54] [457/458] CCSN
[01:05:54] [458/458] CCBA
[01:05:55] 🔄 Identity reset
[01:05:55] 🔄 Identity rotated (every 10 requests)
[01:05:55] ✅ DONE | Shows=0 | Movies=0
[01:15:57] 🚀 BMS DAILY TRACKER STARTED (enhanced anti‑detection)
[01:15:57] [1/458] MBDC
[01:15:58] 🧠 New identity created
[01:15:58] [2/458] CHKM
[01:15:59] [3/458] JTKZ
[01:16:00] [4/458] CMCT
[01:16:01] [5/458] ASHO
[01:16:02] [6/458] ECDG
[01:16:03] [7/458] SPAT
[01:16:04] [8/458] HILC
[01:16:05] [9/458] SPPH
[01:16:06] [10/458] SBHN
[01:16:06] 🔄 Identity reset
[01:16:06] 🔄 Identity rotated (every 10 requests)
[01:16:08] [11/458] RRCA
[01:16:09] [12/458] APAA
[01:16:09] [13/458] RAME
[01:16:10] [14/458] TMMS
[01:16:11] [15/458] BATK
[01:16:12] [16/458] LKOP
[01:16:13] [17/458] AMTT
[01:16:14] [18/458] PTGK
[01:16:15] [19/458] ANRS
[01:16:16] [20/458] VWBW
[01:16:16] 🔄 Identity reset
[01:16:16] 🔄 Identity rotated (every 10 requests)
[01:16:16] 🔄 Retry 1/5 for VWBW in 2.5s
[01:16:16] 🔄 Identity reset
[01:16:19] 🧠 New identity created
[01:16:19] [21/458] SVFG
[01:16:20] [22/458] STAT
[01:16:21] [23/458] GDCV
[01:16:23] [24/458] VEBI
[01:16:24] [25/458] VDSS
[01:16:25] [26/458] NTHV
[01:16:26] [27/458] AOCH
[01:16:26] [28/458] KASR
[01:16:27] [29/458] AYCS
[01:16:28] 🔄 Identity reset
[01:16:28] 🔄 Identity rotated (every 10 requests)
[01:16:28] [30/458] SHAI
[01:16:30] [31/458] SKPE
[01:16:31] [32/458] SBTA
[01:16:32] [33/458] RTTD
[01:16:33] [34/458] CCJD
[01:16:34] [35/458] RSJJ
[01:16:35] [36/458] RKND
[01:16:36] [37/458] SVTX
[01:16:37] [38/458] BAKM
[01:16:38] [39/458] SVDC
[01:16:38] 🔄 Identity reset
[01:16:38] 🔄 Identity rotated (every 10 requests)
[01:16:38] [40/458] MNCV
[01:16:39] [41/458] SJGC
[01:16:40] [42/458] MTPK
[01:16:42] [43/458] GATP
[01:16:43] [44/458] ABTS
[01:16:44] [45/458] ABDE
[01:16:44] [46/458] RCNM
[01:16:46] [47/458] KTHV
[01:16:47] [48/458] MDGJ
[01:16:48] [49/458] SMLM
[01:16:48] 🔄 Identity reset
[01:16:48] 🔄 Identity rotated (every 10 requests)
[01:16:49] [50/458] JTMA
[01:16:50] [51/458] ACKP
[01:16:51] [52/458] SRTA
[01:16:52] [53/458] STAY
[01:16:53] [54/458] MAVO
[01:16:54] [55/458] APTS
[01:16:55] [56/458] OMEA
[01:16:56] [57/458] TTFD
[01:16:57] [58/458] MJCU
[01:16:58] [59/458] CXTE
[01:16:58] 🔄 Identity reset
[01:16:58] 🔄 Identity rotated (every 10 requests)
[01:16:59] [60/458] CTPX
[01:17:00] [61/458] ASSL
[01:17:00] [62/458] CMVB
[01:17:01] [63/458] VPUR
[01:17:03] [64/458] JJDA
[01:17:04] [65/458] INBL
[01:17:05] [66/458] BIKB
[01:17:06] [67/458] NTBB
[01:17:07] [68/458] GLOB
[01:17:08] [69/458] SNTB
[01:17:08] 🔄 Identity reset
[01:17:08] 🔄 Identity rotated (every 10 requests)
[01:17:09] [70/458] CHGV
[01:17:10] [71/458] SSBZ
[01:17:11] [72/458] PRDB
[01:17:12] [73/458] ISMT
[01:17:13] [74/458] MCSD
[01:17:14] [75/458] JBTT
[01:17:16] [76/458] GEKR
[01:17:17] [77/458] PVUN
[01:17:17] [78/458] NRTB
[01:17:18] [79/458] PRAA
[01:17:19] 🔄 Identity reset
[01:17:19] 🔄 Identity rotated (every 10 requests)
[01:17:19] [80/458] PCBL
[01:17:20] [81/458] PTCM
[01:17:22] [82/458] KHNN
[01:17:23] [83/458] OMJE
[01:17:24] [84/458] STGN
[01:17:25] [85/458] RPMS
[01:17:26] [86/458] NWAD
[01:17:27] [87/458] BLCK
[01:17:28] [88/458] SVAA
[01:17:29] [89/458] URVM
[01:17:29] 🔄 Identity reset
[01:17:29] 🔄 Identity rotated (every 10 requests)
[01:17:30] [90/458] ANTM
[01:17:31] [91/458] VJYM
[01:17:32] [92/458] MAZZ
[01:17:33] [93/458] CSHM
[01:17:35] [94/458] WGMH
[01:17:36] [95/458] SALN
[01:17:37] [96/458] BRTP
[01:17:38] [97/458] SVTA
[01:17:39] [98/458] SBTP
[01:17:40] [99/458] VLSS
[01:17:40] 🔄 Identity reset
[01:17:40] 🔄 Identity rotated (every 10 requests)
[01:17:41] [100/458] SRJA
[01:17:42] [101/458] ANCG
[01:17:42] [102/458] CGGC
[01:17:43] [103/458] CRJA
[01:17:44] [104/458] USCR
[01:17:46] [105/458] MMEF
[01:17:47] [106/458] JCRJ
[01:17:48] [107/458] ADCM
[01:17:49] [108/458] BMYK
[01:17:50] [109/458] KICS
[01:17:50] 🔄 Identity reset
[01:17:50] 🔄 Identity rotated (every 10 requests)
[01:17:51] [110/458] MBBT
[01:17:52] [111/458] MACK
[01:17:53] [112/458] CLDR
[01:17:54] [113/458] JYCR
[01:17:55] [114/458] DCRP
[01:17:56] [115/458] RAHT
[01:17:58] [116/458] CSSM
[01:17:59] [117/458] ATPK
[01:18:01] [118/458] KLRT
[01:18:03] [119/458] SRDD
[01:18:03] 🔄 Identity reset
[01:18:03] 🔄 Identity rotated (every 10 requests)
[01:18:04] [120/458] CKMC
[01:18:05] [121/458] KRVM
[01:18:06] [122/458] AKCP
[01:18:07] [123/458] CNCV
[01:18:08] [124/458] PACT
[01:18:09] [125/458] NATP
[01:18:10] [126/458] PCPK
[01:18:11] [127/458] SMHO
[01:18:12] [128/458] CWTK
[01:18:13] [129/458] RVKZ
[01:18:13] 🔄 Identity reset
[01:18:13] 🔄 Identity rotated (every 10 requests)
[01:18:14] [130/458] ASPD
[01:18:15] [131/458] VTKZ
[01:18:16] [132/458] LCSO
[01:18:17] [133/458] PRDY
[01:18:18] [134/458] RCAP
[01:18:19] [135/458] RGAR
[01:18:20] [136/458] RCAC
[01:18:21] [137/458] PMOD
[01:18:22] [138/458] PVCN
[01:18:22] [139/458] SCRZ
[01:18:23] 🔄 Identity reset
[01:18:23] 🔄 Identity rotated (every 10 requests)
[01:18:23] [140/458] PVPC
[01:18:24] [141/458] STID
[01:18:25] [142/458] NEDD
[01:18:26] [143/458] BNBA
[01:18:27] [144/458] NTCD
[01:18:28] [145/458] OCDE
[01:18:30] [146/458] CCDU
[01:18:31] [147/458] CRXH
[01:18:31] [148/458] VLVT
[01:18:32] [149/458] CICI
[01:18:33] 🔄 Identity reset
[01:18:33] 🔄 Identity rotated (every 10 requests)
[01:18:33] [150/458] SUCB
[01:18:34] [151/458] TCBP
[01:18:35] [152/458] SCCY
[01:18:37] [153/458] LXCY
[01:18:38] [154/458] NCMD
[01:18:39] [155/458] PHCS
[01:18:40] [156/458] DUXR
[01:18:41] [157/458] VNKS
[01:18:42] [158/458] SEDP
[01:18:43] [159/458] SVEN
[01:18:43] 🔄 Identity reset
[01:18:43] 🔄 Identity rotated (every 10 requests)
[01:18:44] [160/458] SRKM
[01:18:45] [161/458] JTLT
[01:18:46] [162/458] SVSS
[01:18:47] [163/458] AMDE
[01:18:48] [164/458] WVRN
[01:18:49] [165/458] ISMG
[01:18:50] [166/458] WVKS
[01:18:51] [167/458] USCG
[01:18:51] [168/458] IOTG
[01:18:53] [169/458] RRJM
[01:18:53] 🔄 Identity reset
[01:18:53] 🔄 Identity rotated (every 10 requests)
[01:18:54] [170/458] EDMP
[01:18:55] [171/458] SCGZ
[01:18:56] [172/458] GMGX
[01:18:57] [173/458] OMTP
[01:18:58] [174/458] MITD
[01:18:59] [175/458] SMMD
[01:19:00] [176/458] STML
[01:19:01] [177/458] MCFS
[01:19:02] [178/458] FPKA
[01:19:02] [179/458] OMLR
[01:19:03] 🔄 Identity reset
[01:19:03] 🔄 Identity rotated (every 10 requests)
[01:19:03] [180/458] KKSC
[01:19:04] [181/458] RVMA
[01:19:05] [182/458] SCLL
[01:19:06] [183/458] SCDK
[01:19:07] [184/458] SXMI
[01:19:08] [185/458] SHDN
[01:19:08] [186/458] PAAD
[01:19:09] [187/458] UUCB
[01:19:10] [188/458] JHOL
[01:19:11] [189/458] SGWT
[01:19:12] 🔄 Identity reset
[01:19:12] 🔄 Identity rotated (every 10 requests)
[01:19:12] [190/458] SRII
[01:19:13] [191/458] SGCK
[01:19:14] [192/458] SVVB
[01:19:15] [193/458] DMHA
[01:19:15] [194/458] PPNL
[01:19:16] [195/458] CPNL
[01:19:17] [196/458] WVLD
[01:19:18] [197/458] PSLV
[01:19:19] [198/458] VTTL
[01:19:20] [199/458] NPAD
[01:19:21] 🔄 Identity reset
[01:19:21] 🔄 Identity rotated (every 10 requests)
[01:19:21] 🔄 Retry 1/5 for NPAD in 2.1s
[01:19:21] 🔄 Identity reset
[01:19:23] 🧠 New identity created
[01:19:23] 🔄 Retry 2/5 for NPAD in 4.0s
[01:19:23] 🔄 Identity reset
[01:19:27] 🧠 New identity created
[01:19:28] [200/458] PVCS
[01:19:29] [201/458] MCHL
[01:19:30] [202/458] PPLL
[01:19:31] [203/458] MALO
[01:19:32] [204/458] SWBH
[01:19:33] [205/458] PUGB
[01:19:34] [206/458] INBB
[01:19:35] [207/458] INNS
[01:19:35] 🔄 Identity reset
[01:19:35] 🔄 Identity rotated (every 10 requests)
[01:19:36] [208/458] MCPT
[01:19:37] [209/458] SCMI
[01:19:37] [210/458] OCON
[01:19:38] [211/458] SCSM
[01:19:39] [212/458] RJVN
[01:19:40] [213/458] AMDK
[01:19:41] [214/458] ISMR
[01:19:43] [215/458] SMTD
[01:19:44] [216/458] VTDD
[01:19:45] [217/458] PDDZ
[01:19:45] 🔄 Identity reset
[01:19:45] 🔄 Identity rotated (every 10 requests)
[01:19:46] [218/458] PCCK
[01:19:46] [219/458] INAM
[01:19:47] [220/458] FNKT
[01:19:48] [221/458] GDKA
[01:19:49] [222/458] MAYU
[01:19:50] [223/458] TCGU
[01:19:51] [224/458] KDCA
[01:19:51] [225/458] DOMY
[01:19:52] [226/458] PDDD
[01:19:53] [227/458] BJTS
[01:19:54] 🔄 Identity reset
[01:19:54] 🔄 Identity rotated (every 10 requests)
[01:19:55] [228/458] VTCA
[01:19:55] [229/458] SBTM
[01:19:56] [230/458] SEET
[01:19:57] [231/458] SSTJ
[01:19:58] [232/458] SVNT
[01:19:59] [233/458] PPPR
[01:20:00] [234/458] PVYS
[01:20:01] [235/458] IOSE
[01:20:02] [236/458] ACTV
[01:20:03] [237/458] APVE
[01:20:03] 🔄 Identity reset
[01:20:03] 🔄 Identity rotated (every 10 requests)
[01:20:03] 🔄 Retry 1/5 for APVE in 2.0s
[01:20:03] 🔄 Identity reset
[01:20:05] 🧠 New identity created
[01:20:06] [238/458] TCCL
[01:20:07] [239/458] SCMO
[01:20:08] [240/458] SAUM
[01:20:09] [241/458] KCJS
[01:20:10] [242/458] NJCJ
[01:20:10] [243/458] NECF
[01:20:11] [244/458] CCGW
[01:20:12] [245/458] CCMG
[01:20:13] [246/458] NYRG
[01:20:14] 🔄 Identity reset
[01:20:14] 🔄 Identity rotated (every 10 requests)
[01:20:14] [247/458] NCSQ
[01:20:15] [248/458] GRCG
[01:20:16] [249/458] CCBT
[01:20:17] [250/458] ACGA
[01:20:18] [251/458] INAG
[01:20:18] [252/458] FUCG
[01:20:19] [253/458] AICF
[01:20:20] [254/458] GRGA
[01:20:21] [255/458] GDCN
[01:20:22] [256/458] RRCG
[01:20:22] 🔄 Identity reset
[01:20:22] 🔄 Identity rotated (every 10 requests)
[01:20:24] [257/458] SDCH
[01:20:24] [258/458] WVJM
[01:20:25] [259/458] JCCZ
[01:20:26] [260/458] CNCL
[01:20:27] [261/458] TMLV
[01:20:28] [262/458] MEMB
[01:20:29] [263/458] SGTD
[01:20:30] [264/458] CONX
[01:20:31] [265/458] CCMH
[01:20:32] [266/458] ACMC
[01:20:32] 🔄 Identity reset
[01:20:32] 🔄 Identity rotated (every 10 requests)
[01:20:32] 🔄 Retry 1/5 for ACMC in 2.9s
[01:20:32] 🔄 Identity reset
[01:20:35] 🧠 New identity created
[01:20:36] [267/458] DTPD
[01:20:37] [268/458] POJA
[01:20:38] [269/458] FNBH
[01:20:39] [270/458] CGCB
[01:20:40] [271/458] RACN
[01:20:41] [272/458] JTSM
[01:20:42] [273/458] SCDN
[01:20:44] [274/458] AACK
[01:20:44] [275/458] RMCE
[01:20:45] 🔄 Identity reset
[01:20:45] 🔄 Identity rotated (every 10 requests)
[01:20:45] [276/458] BSGB
[01:20:46] [277/458] MRCB
[01:20:47] [278/458] SRVR
[01:20:48] [279/458] VTKK
[01:20:49] [280/458] AMST
[01:20:50] [281/458] APCY
[01:20:51] [282/458] LMHO
[01:20:52] [283/458] MTZH
[01:20:53] [284/458] AMZB
[01:20:54] [285/458] SUVT
[01:20:55] 🔄 Identity reset
[01:20:55] 🔄 Identity rotated (every 10 requests)
[01:20:55] 🔄 Retry 1/5 for SUVT in 2.7s
[01:20:55] 🔄 Identity reset
[01:20:57] 🧠 New identity created
[01:20:58] 🔄 Retry 2/5 for SUVT in 4.4s
[01:20:58] 🔄 Identity reset
[01:21:02] 🧠 New identity created
[01:21:02] [286/458] RCIP
[01:21:03] [287/458] KESR
[01:21:04] [288/458] SNKC
[01:21:05] [289/458] SCED
[01:21:06] [290/458] DVCA
[01:21:07] [291/458] VCDT
[01:21:08] [292/458] RRDI
[01:21:09] [293/458] DFCH
[01:21:10] 🔄 Identity reset
[01:21:10] 🔄 Identity rotated (every 10 requests)
[01:21:10] [294/458] INSC
[01:21:12] [295/458] RGTR
[01:21:13] [296/458] FMOT
[01:21:14] [297/458] SCPM
[01:21:15] [298/458] GCDT
[01:21:16] [299/458] BRKT
[01:21:17] [300/458] DEMP
[01:21:18] [301/458] SRLC
[01:21:19] [302/458] KSTT
[01:21:20] [303/458] SMMT
[01:21:20] 🔄 Identity reset
[01:21:20] 🔄 Identity rotated (every 10 requests)
[01:21:21] [304/458] SILM
[01:21:21] [305/458] JCVM
[01:21:22] [306/458] KCSV
[01:21:24] [307/458] MHLK
[01:21:25] [308/458] SLVL
[01:21:26] [309/458] RJKP
[01:21:28] [310/458] BBPC
[01:21:29] [311/458] MXCB
[01:21:30] [312/458] TCPK
[01:21:30] [313/458] RTBR
[01:21:31] 🔄 Identity reset
[01:21:31] 🔄 Identity rotated (every 10 requests)
[01:21:31] [314/458] GAUT
[01:21:32] [315/458] DVCF
[01:21:33] [316/458] JTSB
[01:21:34] [317/458] SBLS
[01:21:35] [318/458] UDAY
[01:21:36] [319/458] PTNP
[01:21:37] [320/458] DMKT
[01:21:38] [321/458] NTDT
[01:21:40] [322/458] SHDJ
[01:21:42] [323/458] OTNC
[01:21:42] 🔄 Identity reset
[01:21:42] 🔄 Identity rotated (every 10 requests)
[01:21:42] [324/458] RNTW
[01:21:43] [325/458] GCMI
[01:21:44] [326/458] CRCM
[01:21:45] [327/458] NNCZ
[01:21:47] [328/458] OEMO
[01:21:48] [329/458] PVJM
[01:21:49] [330/458] CPJI
[01:21:50] [331/458] RMCJ
[01:21:51] [332/458] CNWJ
[01:21:52] [333/458] EPJM
[01:21:53] 🔄 Identity reset
[01:21:53] 🔄 Identity rotated (every 10 requests)
[01:21:53] [334/458] FNJJ
[01:21:54] [335/458] GCMJ
[01:21:55] [336/458] INPS
[01:21:56] [337/458] BICJ
[01:21:57] [338/458] ISTJ
[01:21:58] [339/458] INJC
[01:21:59] [340/458] GLXJ
[01:21:59] [341/458] INEM
[01:22:00] [342/458] JTMN
[01:22:01] [343/458] FRCJ
[01:22:02] 🔄 Identity reset
[01:22:02] 🔄 Identity rotated (every 10 requests)
[01:22:02] [344/458] DDJP
[01:22:04] [345/458] INJV
[01:22:05] [346/458] GOLC
[01:22:06] [347/458] KOCI
[01:22:06] [348/458] FSTD
[01:22:07] [349/458] PACJ
[01:22:08] [350/458] GMCN
[01:22:09] [351/458] MMDJ
[01:22:10] [352/458] GODH
[01:22:11] [353/458] SKYN
[01:22:12] 🔄 Identity reset
[01:22:12] 🔄 Identity rotated (every 10 requests)
[01:22:12] [354/458] NCTH
[01:22:13] [355/458] SKVZ
[01:22:14] [356/458] SVML
[01:22:15] [357/458] ACVZ
[01:22:16] [358/458] SURA
[01:22:18] [359/458] RTRB
[01:22:19] [360/458] LLCT
[01:22:20] [361/458] ATTS
[01:22:21] [362/458] JYCM
[01:22:23] [363/458] CTKR
[01:22:23] 🔄 Identity reset
[01:22:23] 🔄 Identity rotated (every 10 requests)
[01:22:24] [364/458] LCKR
[01:22:25] [365/458] NYCV
[01:22:26] [366/458] NYOH
[01:22:26] [367/458] NOVX
[01:22:27] [368/458] MRGK
[01:22:28] [369/458] MOON
[01:22:29] [370/458] SBUC
[01:22:30] [371/458] GSVA
[01:22:31] [372/458] VIAK
[01:22:32] [373/458] SMVZ
[01:22:33] 🔄 Identity reset
[01:22:33] 🔄 Identity rotated (every 10 requests)
[01:22:33] [374/458] MATE
[01:22:34] [375/458] RDCN
[01:22:35] [376/458] ASBL
[01:22:36] [377/458] ASVS
[01:22:36] [378/458] ASSR
[01:22:38] [379/458] SSKN
[01:22:38] [380/458] DRPV
[01:22:39] [381/458] MRHT
[01:22:41] [382/458] BSCN
[01:22:42] [383/458] RKNX
[01:22:43] 🔄 Identity reset
[01:22:43] 🔄 Identity rotated (every 10 requests)
[01:22:44] [384/458] MSMC
[01:22:45] [385/458] MSCJ
[01:22:46] [386/458] BTBJ
[01:22:47] [387/458] MJCC
[01:22:48] [388/458] IOMM
[01:22:49] [389/458] ADGR
[01:22:50] [390/458] MYCP
[01:22:51] [391/458] IGCM
[01:22:51] [392/458] PGRK
[01:22:52] [393/458] VPGO
[01:22:53] 🔄 Identity reset
[01:22:53] 🔄 Identity rotated (every 10 requests)
[01:22:53] [394/458] KOMS
[01:22:54] [395/458] URGG
[01:22:55] [396/458] GOST
[01:22:56] [397/458] LACT
[01:22:58] [398/458] BWCM
[01:22:59] [399/458] NCCW
[01:23:00] [400/458] SKYC
[01:23:01] [401/458] CCPM
[01:23:02] [402/458] VCBT
[01:23:03] [403/458] SDKR
[01:23:03] 🔄 Identity reset
[01:23:03] 🔄 Identity rotated (every 10 requests)
[01:23:04] [404/458] CTYB
[01:23:05] [405/458] SHCX
[01:23:06] [406/458] RCUN
[01:23:06] [407/458] CNRA
[01:23:07] [408/458] RFCA
[01:23:08] [409/458] RDCU
[01:23:09] [410/458] SARK
[01:23:10] [411/458] SPPP
[01:23:11] [412/458] ADMB
[01:23:12] [413/458] JYOE
[01:23:12] 🔄 Identity reset
[01:23:12] 🔄 Identity rotated (every 10 requests)
[01:23:13] [414/458] SRMD
[01:23:13] [415/458] RJDH
[01:23:14] [416/458] SSTD
[01:23:15] [417/458] AACV
[01:23:16] [418/458] PPVD
[01:23:18] [419/458] STCP
[01:23:19] [420/458] ANLS
[01:23:20] [421/458] BIJO
[01:23:21] [422/458] AVAB
[01:23:22] [423/458] SPMD
[01:23:23] 🔄 Identity reset
[01:23:23] 🔄 Identity rotated (every 10 requests)
[01:23:23] [424/458] SVJL
[01:23:24] [425/458] SDDJ
[01:23:25] [426/458] SLTU
[01:23:26] [427/458] SAKA
[01:23:27] [428/458] PMAM
[01:23:28] [429/458] FNAM
[01:23:29] [430/458] ACAM
[01:23:30] [431/458] SCMM
[01:23:31] [432/458] PMAK
[01:23:31] [433/458] NYSA
[01:23:32] 🔄 Identity reset
[01:23:32] 🔄 Identity rotated (every 10 requests)
[01:23:33] [434/458] FCPA
[01:23:35] [435/458] GDAN
[01:23:36] [436/458] RSCA
[01:23:37] [437/458] DMAN
[01:23:38] [438/458] DZCM
[01:23:39] [439/458] NSGL
[01:23:40] [440/458] CCPP
[01:23:40] [441/458] PSMG
[01:23:41] [442/458] GSER
[01:23:42] [443/458] FCCT
[01:23:43] 🔄 Identity reset
[01:23:43] 🔄 Identity rotated (every 10 requests)
[01:23:43] [444/458] FCTB
[01:23:44] [445/458] LCNK
[01:23:45] [446/458] SKTY
[01:23:46] [447/458] INAA
[01:23:47] [448/458] RCWN
[01:23:48] [449/458] VAIS
[01:23:49] [450/458] CVMN
[01:23:50] [451/458] INTS
[01:23:51] [452/458] FRGS
[01:23:51] [453/458] DTCK
[01:23:52] 🔄 Identity reset
[01:23:52] 🔄 Identity rotated (every 10 requests)
[01:23:52] [454/458] MCMH
[01:23:53] [455/458] ECRR
[01:23:55] [456/458] RLLP
[01:23:56] [457/458] CCSN
[01:23:57] [458/458] CCBA
[01:23:58] ✅ DONE | Shows=0 | Movies=0
[02:16:09] 🚀 BMS DAILY TRACKER STARTED (enhanced anti‑detection)
[02:16:09] [1/458] MBDC
[02:16:10] 🧠 New identity created
[02:16:10] [2/458] CHKM
[02:16:11] [3/458] JTKZ
[02:16:13] [4/458] CMCT
[02:16:14] [5/458] ASHO
[02:16:14] [6/458] ECDG
[02:16:15] [7/458] SPAT
[02:16:16] [8/458] HILC
[02:16:18] [9/458] SPPH
[02:16:19] [10/458] SBHN
[02:16:19] 🔄 Identity reset
[02:16:19] 🔄 Identity rotated (every 10 requests)
[02:16:20] [11/458] RRCA
[02:16:21] [12/458] APAA
[02:16:22] [13/458] RAME
[02:16:23] [14/458] TMMS
[02:16:24] [15/458] BATK
[02:16:25] [16/458] LKOP
[02:16:26] [17/458] AMTT
[02:16:27] [18/458] PTGK
[02:16:28] [19/458] ANRS
[02:16:29] [20/458] VWBW
[02:16:29] 🔄 Identity reset
[02:16:29] 🔄 Identity rotated (every 10 requests)
[02:16:30] [21/458] SVFG
[02:16:30] [22/458] STAT
[02:16:31] [23/458] GDCV
[02:16:32] [24/458] VEBI
[02:16:33] [25/458] VDSS
[02:16:35] [26/458] NTHV
[02:16:36] [27/458] AOCH
[02:16:37] [28/458] KASR
[02:16:38] [29/458] AYCS
[02:16:40] [30/458] SHAI
[02:16:41] 🔄 Identity reset
[02:16:41] 🔄 Identity rotated (every 10 requests)
[02:16:42] [31/458] SKPE
[02:16:43] [32/458] SBTA
[02:16:43] [33/458] RTTD
[02:16:44] [34/458] CCJD
[02:16:45] [35/458] RSJJ
[02:16:46] [36/458] RKND
[02:16:47] [37/458] SVTX
[02:16:49] [38/458] BAKM
[02:16:49] [39/458] SVDC
[02:16:50] [40/458] MNCV
[02:16:51] 🔄 Identity reset
[02:16:51] 🔄 Identity rotated (every 10 requests)
[02:16:52] [41/458] SJGC
[02:16:53] [42/458] MTPK
[02:16:54] [43/458] GATP
[02:16:55] [44/458] ABTS
[02:16:55] [45/458] ABDE
[02:16:56] [46/458] RCNM
[02:16:59] [47/458] KTHV
[02:17:00] [48/458] MDGJ
[02:17:01] [49/458] SMLM
[02:17:02] [50/458] JTMA
[02:17:02] 🔄 Identity reset
[02:17:02] 🔄 Identity rotated (every 10 requests)
[02:17:03] [51/458] ACKP
[02:17:04] [52/458] SRTA
[02:17:06] [53/458] STAY
[02:17:06] [54/458] MAVO
[02:17:07] [55/458] APTS
[02:17:08] [56/458] OMEA
[02:17:09] [57/458] TTFD
[02:17:10] [58/458] MJCU
[02:17:11] [59/458] CXTE
[02:17:12] [60/458] CTPX
[02:17:12] 🔄 Identity reset
[02:17:12] 🔄 Identity rotated (every 10 requests)
[02:17:13] [61/458] ASSL
[02:17:14] [62/458] CMVB
[02:17:15] [63/458] VPUR
[02:17:16] [64/458] JJDA
[02:17:17] [65/458] INBL
[02:17:18] [66/458] BIKB
[02:17:19] [67/458] NTBB
[02:17:20] [68/458] GLOB
[02:17:22] [69/458] SNTB
[02:17:22] [70/458] CHGV
[02:17:23] 🔄 Identity reset
[02:17:23] 🔄 Identity rotated (every 10 requests)
[02:17:23] [71/458] SSBZ
[02:17:25] [72/458] PRDB
[02:17:26] [73/458] ISMT
[02:17:27] [74/458] MCSD
[02:17:28] [75/458] JBTT
[02:17:29] [76/458] GEKR
[02:17:29] [77/458] PVUN
[02:17:30] [78/458] NRTB
[02:17:31] [79/458] PRAA
[02:17:32] [80/458] PCBL
[02:17:33] 🔄 Identity reset
[02:17:33] 🔄 Identity rotated (every 10 requests)
[02:17:33] [81/458] PTCM
[02:17:34] [82/458] KHNN
[02:17:35] [83/458] OMJE
[02:17:36] [84/458] STGN
[02:17:36] [85/458] RPMS
[02:17:37] [86/458] NWAD
[02:17:38] [87/458] BLCK
[02:17:40] [88/458] SVAA
[02:17:40] [89/458] URVM
[02:17:41] [90/458] ANTM
[02:17:42] 🔄 Identity reset
[02:17:42] 🔄 Identity rotated (every 10 requests)
[02:17:44] [91/458] VJYM
[02:17:45] [92/458] MAZZ
[02:17:47] [93/458] CSHM
[02:17:48] [94/458] WGMH
[02:17:48] [95/458] SALN
[02:17:50] [96/458] BRTP
[02:17:51] [97/458] SVTA
[02:17:52] [98/458] SBTP
[02:17:53] [99/458] VLSS
[02:17:54] [100/458] SRJA
[02:17:54] 🔄 Identity reset
[02:17:55] 🔄 Identity rotated (every 10 requests)
[02:17:55] 🔄 Retry 1/5 for SRJA in 2.9s
[02:17:55] 🔄 Identity reset
[02:17:57] 🧠 New identity created
[02:17:58] [101/458] ANCG
[02:17:59] [102/458] CGGC
[02:18:00] [103/458] CRJA
[02:18:00] [104/458] USCR
[02:18:01] [105/458] MMEF
[02:18:02] [106/458] JCRJ
[02:18:03] [107/458] ADCM
[02:18:04] [108/458] BMYK
[02:18:05] [109/458] KICS
[02:18:05] 🔄 Identity reset
[02:18:05] 🔄 Identity rotated (every 10 requests)
[02:18:06] [110/458] MBBT
[02:18:07] [111/458] MACK
[02:18:08] [112/458] CLDR
[02:18:09] [113/458] JYCR
[02:18:10] [114/458] DCRP
[02:18:11] [115/458] RAHT
[02:18:11] [116/458] CSSM
[02:18:12] [117/458] ATPK
[02:18:13] [118/458] KLRT
[02:18:15] [119/458] SRDD
[02:18:15] 🔄 Identity reset
[02:18:15] 🔄 Identity rotated (every 10 requests)
[02:18:16] [120/458] CKMC
[02:18:17] [121/458] KRVM
[02:18:19] [122/458] AKCP
[02:18:20] [123/458] CNCV
[02:18:21] [124/458] PACT
[02:18:22] [125/458] NATP
[02:18:23] [126/458] PCPK
[02:18:24] [127/458] SMHO
[02:18:25] [128/458] CWTK
[02:18:26] [129/458] RVKZ
[02:18:26] 🔄 Identity reset
[02:18:26] 🔄 Identity rotated (every 10 requests)
[02:18:27] [130/458] ASPD
[02:18:28] [131/458] VTKZ
[02:18:29] [132/458] LCSO
[02:18:30] [133/458] PRDY
[02:18:31] [134/458] RCAP
[02:18:32] [135/458] RGAR
[02:18:33] [136/458] RCAC
[02:18:33] [137/458] PMOD
[02:18:34] [138/458] PVCN
[02:18:36] [139/458] SCRZ
[02:18:36] 🔄 Identity reset
[02:18:36] 🔄 Identity rotated (every 10 requests)
[02:18:37] [140/458] PVPC
[02:18:38] [141/458] STID
[02:18:39] [142/458] NEDD
[02:18:40] [143/458] BNBA
[02:18:41] [144/458] NTCD
[02:18:42] [145/458] OCDE
[02:18:43] [146/458] CCDU
[02:18:44] [147/458] CRXH
[02:18:45] [148/458] VLVT
[02:18:46] [149/458] CICI
[02:18:47] 🔄 Identity reset
[02:18:47] 🔄 Identity rotated (every 10 requests)
[02:18:47] [150/458] SUCB
[02:18:48] [151/458] TCBP
[02:18:50] [152/458] SCCY
[02:18:51] [153/458] LXCY
[02:18:52] [154/458] NCMD
[02:18:53] [155/458] PHCS
[02:18:54] [156/458] DUXR
[02:18:55] [157/458] VNKS
[02:18:56] [158/458] SEDP
[02:18:57] [159/458] SVEN
[02:18:57] 🔄 Identity reset
[02:18:57] 🔄 Identity rotated (every 10 requests)
[02:18:57] 🔄 Retry 1/5 for SVEN in 2.6s
[02:18:57] 🔄 Identity reset
[02:19:00] 🧠 New identity created
[02:19:00] 🔄 Retry 2/5 for SVEN in 4.5s
[02:19:00] 🔄 Identity reset
[02:19:05] 🧠 New identity created
[02:19:05] [160/458] SRKM
[02:19:06] [161/458] JTLT
[02:19:07] [162/458] SVSS
[02:19:08] [163/458] AMDE
[02:19:08] [164/458] WVRN
[02:19:09] [165/458] ISMG
[02:19:10] [166/458] WVKS
[02:19:12] [167/458] USCG
[02:19:12] 🔄 Identity reset
[02:19:12] 🔄 Identity rotated (every 10 requests)
[02:19:13] [168/458] IOTG
[02:19:14] [169/458] RRJM
[02:19:15] [170/458] EDMP
[02:19:16] [171/458] SCGZ
[02:19:17] [172/458] GMGX
[02:19:18] [173/458] OMTP
[02:19:19] [174/458] MITD
[02:19:20] [175/458] SMMD
[02:19:21] [176/458] STML
[02:19:22] [177/458] MCFS
[02:19:23] 🔄 Identity reset
[02:19:23] 🔄 Identity rotated (every 10 requests)
[02:19:23] [178/458] FPKA
[02:19:24] [179/458] OMLR
[02:19:25] [180/458] KKSC
[02:19:26] [181/458] RVMA
[02:19:27] [182/458] SCLL
[02:19:27] [183/458] SCDK
[02:19:28] [184/458] SXMI
[02:19:29] [185/458] SHDN
[02:19:30] [186/458] PAAD
[02:19:32] [187/458] UUCB
[02:19:33] 🔄 Identity reset
[02:19:33] 🔄 Identity rotated (every 10 requests)
[02:19:33] 🔄 Retry 1/5 for UUCB in 2.7s
[02:19:33] 🔄 Identity reset
[02:19:35] 🧠 New identity created
[02:19:36] [188/458] JHOL
[02:19:37] [189/458] SGWT
[02:19:38] [190/458] SRII
[02:19:39] [191/458] SGCK
[02:19:40] [192/458] SVVB
[02:19:41] [193/458] DMHA
[02:19:42] [194/458] PPNL
[02:19:42] [195/458] CPNL
[02:19:47] [196/458] WVLD
[02:19:48] 🔄 Identity reset
[02:19:48] 🔄 Identity rotated (every 10 requests)
[02:19:48] [197/458] PSLV
[02:19:49] [198/458] VTTL
[02:19:50] [199/458] NPAD
[02:19:51] [200/458] PVCS
[02:19:51] [201/458] MCHL
[02:19:52] [202/458] PPLL
[02:19:54] [203/458] MALO
[02:19:55] [204/458] SWBH
[02:19:56] [205/458] PUGB
[02:19:57] [206/458] INBB
[02:19:57] 🔄 Identity reset
[02:19:57] 🔄 Identity rotated (every 10 requests)
[02:19:57] 🔄 Retry 1/5 for INBB in 2.6s
[02:19:57] 🔄 Identity reset
[02:20:00] 🧠 New identity created
[02:20:01] [207/458] INNS
[02:20:02] [208/458] MCPT
[02:20:03] [209/458] SCMI
[02:20:04] [210/458] OCON
[02:20:05] [211/458] SCSM
[02:20:06] [212/458] RJVN
[02:20:07] [213/458] AMDK
[02:20:08] [214/458] ISMR
[02:20:09] [215/458] SMTD
[02:20:09] 🔄 Identity reset
[02:20:09] 🔄 Identity rotated (every 10 requests)
[02:20:10] [216/458] VTDD
[02:20:10] [217/458] PDDZ
[02:20:11] [218/458] PCCK
[02:20:12] [219/458] INAM
[02:20:13] [220/458] FNKT
[02:20:14] [221/458] GDKA
[02:20:15] [222/458] MAYU
[02:20:16] [223/458] TCGU
[02:20:17] [224/458] KDCA
[02:20:18] [225/458] DOMY
[02:20:18] 🔄 Identity reset
[02:20:18] 🔄 Identity rotated (every 10 requests)
[02:20:19] [226/458] PDDD
[02:20:20] [227/458] BJTS
[02:20:21] [228/458] VTCA
[02:20:22] [229/458] SBTM
[02:20:23] [230/458] SEET
[02:20:25] [231/458] SSTJ
[02:20:25] [232/458] SVNT
[02:20:26] [233/458] PPPR
[02:20:27] [234/458] PVYS
[02:20:28] [235/458] IOSE
[02:20:29] 🔄 Identity reset
[02:20:29] 🔄 Identity rotated (every 10 requests)
[02:20:29] 🔄 Retry 1/5 for IOSE in 2.1s
[02:20:29] 🔄 Identity reset
[02:20:31] 🧠 New identity created
[02:20:31] [236/458] ACTV
[02:20:32] [237/458] APVE
[02:20:33] [238/458] TCCL
[02:20:34] [239/458] SCMO
[02:20:36] [240/458] SAUM
[02:20:37] [241/458] KCJS
[02:20:38] [242/458] NJCJ
[02:20:39] [243/458] NECF
[02:20:40] [244/458] CCGW
[02:20:41] 🔄 Identity reset
[02:20:41] 🔄 Identity rotated (every 10 requests)
[02:20:41] 🔄 Retry 1/5 for CCGW in 2.9s
[02:20:41] 🔄 Identity reset
[02:20:44] 🧠 New identity created
[02:20:44] [245/458] CCMG
[02:20:45] [246/458] NYRG
[02:20:46] [247/458] NCSQ
[02:20:47] [248/458] GRCG
[02:20:48] [249/458] CCBT
[02:20:49] [250/458] ACGA
[02:20:51] [251/458] INAG
[02:20:52] [252/458] FUCG
[02:20:53] [253/458] AICF
[02:20:53] 🔄 Identity reset
[02:20:53] 🔄 Identity rotated (every 10 requests)
[02:20:54] [254/458] GRGA
[02:20:55] [255/458] GDCN
[02:20:56] [256/458] RRCG
[02:20:57] [257/458] SDCH
[02:20:58] [258/458] WVJM
[02:20:59] [259/458] JCCZ
[02:21:00] [260/458] CNCL
[02:21:01] [261/458] TMLV
[02:21:02] [262/458] MEMB
[02:21:03] [263/458] SGTD
[02:21:03] 🔄 Identity reset
[02:21:03] 🔄 Identity rotated (every 10 requests)
[02:21:04] [264/458] CONX
[02:21:04] [265/458] CCMH
[02:21:06] [266/458] ACMC
[02:21:07] [267/458] DTPD
[02:21:08] [268/458] POJA
[02:21:09] [269/458] FNBH
[02:21:10] [270/458] CGCB
[02:21:11] [271/458] RACN
[02:21:12] [272/458] JTSM
[02:21:15] [273/458] SCDN
[02:21:16] 🔄 Identity reset
[02:21:16] 🔄 Identity rotated (every 10 requests)
[02:21:16] [274/458] AACK
[02:21:17] [275/458] RMCE
[02:21:18] [276/458] BSGB
[02:21:19] [277/458] MRCB
[02:21:20] [278/458] SRVR
[02:21:21] [279/458] VTKK
[02:21:22] [280/458] AMST
[02:21:23] [281/458] APCY
[02:21:25] [282/458] LMHO
[02:21:25] [283/458] MTZH
[02:21:26] 🔄 Identity reset
[02:21:26] 🔄 Identity rotated (every 10 requests)
[02:21:26] [284/458] AMZB
[02:21:28] [285/458] SUVT
[02:21:29] [286/458] RCIP
[02:21:30] [287/458] KESR
[02:21:32] [288/458] SNKC
[02:21:32] [289/458] SCED
[02:21:33] [290/458] DVCA
[02:21:34] [291/458] VCDT
[02:21:35] [292/458] RRDI
[02:21:36] [293/458] DFCH
[02:21:37] 🔄 Identity reset
[02:21:37] 🔄 Identity rotated (every 10 requests)
[02:21:37] [294/458] INSC
[02:21:38] [295/458] RGTR
[02:21:40] [296/458] FMOT
[02:21:41] [297/458] SCPM
[02:21:42] [298/458] GCDT
[02:21:43] [299/458] BRKT
[02:21:44] [300/458] DEMP
[02:21:45] [301/458] SRLC
[02:21:46] [302/458] KSTT
[02:21:47] [303/458] SMMT
[02:21:47] 🔄 Identity reset
[02:21:47] 🔄 Identity rotated (every 10 requests)
[02:21:47] [304/458] SILM
[02:21:49] [305/458] JCVM
[02:21:50] [306/458] KCSV
[02:21:51] [307/458] MHLK
[02:21:52] [308/458] SLVL
[02:21:53] [309/458] RJKP
[02:21:54] [310/458] BBPC
[02:21:56] [311/458] MXCB
[02:21:57] [312/458] TCPK
[02:21:58] [313/458] RTBR
[02:21:59] 🔄 Identity reset
[02:21:59] 🔄 Identity rotated (every 10 requests)
[02:21:59] [314/458] GAUT
[02:22:00] [315/458] DVCF
[02:22:01] [316/458] JTSB
[02:22:02] [317/458] SBLS
[02:22:03] [318/458] UDAY
[02:22:04] [319/458] PTNP
[02:22:05] [320/458] DMKT
[02:22:06] [321/458] NTDT
[02:22:07] [322/458] SHDJ
[02:22:08] [323/458] OTNC
[02:22:09] 🔄 Identity reset
[02:22:09] 🔄 Identity rotated (every 10 requests)
[02:22:09] [324/458] RNTW
[02:22:10] [325/458] GCMI
[02:22:11] [326/458] CRCM
[02:22:12] [327/458] NNCZ
[02:22:12] [328/458] OEMO
[02:22:13] [329/458] PVJM
[02:22:15] [330/458] CPJI
[02:22:16] [331/458] RMCJ
[02:22:17] [332/458] CNWJ
[02:22:18] [333/458] EPJM
[02:22:18] 🔄 Identity reset
[02:22:18] 🔄 Identity rotated (every 10 requests)
[02:22:19] [334/458] FNJJ
[02:22:20] [335/458] GCMJ
[02:22:20] [336/458] INPS
[02:22:21] [337/458] BICJ
[02:22:22] [338/458] ISTJ
[02:22:23] [339/458] INJC
[02:22:25] [340/458] GLXJ
[02:22:26] [341/458] INEM
[02:22:27] [342/458] JTMN
[02:22:28] [343/458] FRCJ
[02:22:28] 🔄 Identity reset
[02:22:28] 🔄 Identity rotated (every 10 requests)
[02:22:28] [344/458] DDJP
[02:22:29] [345/458] INJV
[02:22:30] [346/458] GOLC
[02:22:31] [347/458] KOCI
[02:22:33] [348/458] FSTD
[02:22:34] [349/458] PACJ
[02:22:35] [350/458] GMCN
[02:22:36] [351/458] MMDJ
[02:22:38] [352/458] GODH
[02:22:38] [353/458] SKYN
[02:22:39] 🔄 Identity reset
[02:22:39] 🔄 Identity rotated (every 10 requests)
[02:22:39] 🔄 Retry 1/5 for SKYN in 2.4s
[02:22:39] 🔄 Identity reset
[02:22:41] 🧠 New identity created
[02:22:42] [354/458] NCTH
[02:22:43] [355/458] SKVZ
[02:22:43] [356/458] SVML
[02:22:44] [357/458] ACVZ
[02:22:46] [358/458] SURA
[02:22:47] [359/458] RTRB
[02:22:49] [360/458] LLCT
[02:22:49] [361/458] ATTS
[02:22:51] [362/458] JYCM
[02:22:52] 🔄 Identity reset
[02:22:52] 🔄 Identity rotated (every 10 requests)
[02:22:52] [363/458] CTKR
[02:22:53] [364/458] LCKR
[02:22:54] [365/458] NYCV
[02:22:55] [366/458] NYOH
[02:22:57] [367/458] NOVX
[02:22:58] [368/458] MRGK
[02:22:59] [369/458] MOON
[02:23:00] [370/458] SBUC
[02:23:00] [371/458] GSVA
[02:23:01] [372/458] VIAK
[02:23:02] 🔄 Identity reset
[02:23:02] 🔄 Identity rotated (every 10 requests)
[02:23:02] 🔄 Retry 1/5 for VIAK in 2.9s
[02:23:02] 🔄 Identity reset
[02:23:05] 🧠 New identity created
[02:23:05] [373/458] SMVZ
[02:23:07] [374/458] MATE
[02:23:08] [375/458] RDCN
[02:23:09] [376/458] ASBL
[02:23:10] [377/458] ASVS
[02:23:11] [378/458] ASSR
[02:23:13] [379/458] SSKN
[02:23:14] [380/458] DRPV
[02:23:15] [381/458] MRHT
[02:23:16] 🔄 Identity reset
[02:23:16] 🔄 Identity rotated (every 10 requests)
[02:23:16] [382/458] BSCN
[02:23:17] [383/458] RKNX
[02:23:18] [384/458] MSMC
[02:23:19] [385/458] MSCJ
[02:23:20] [386/458] BTBJ
[02:23:21] [387/458] MJCC
[02:23:22] [388/458] IOMM
[02:23:23] [389/458] ADGR
[02:23:24] [390/458] MYCP
[02:23:25] [391/458] IGCM
[02:23:25] 🔄 Identity reset
[02:23:25] 🔄 Identity rotated (every 10 requests)
[02:23:26] [392/458] PGRK
[02:23:27] [393/458] VPGO
[02:23:27] [394/458] KOMS
[02:23:28] [395/458] URGG
[02:23:29] [396/458] GOST
[02:23:30] [397/458] LACT
[02:23:31] [398/458] BWCM
[02:23:32] [399/458] NCCW
[02:23:33] [400/458] SKYC
[02:23:34] [401/458] CCPM
[02:23:35] 🔄 Identity reset
[02:23:35] 🔄 Identity rotated (every 10 requests)
[02:23:35] 🔄 Retry 1/5 for CCPM in 2.0s
[02:23:35] 🔄 Identity reset
[02:23:37] 🧠 New identity created
[02:23:37] [402/458] VCBT
[02:23:38] [403/458] SDKR
[02:23:39] [404/458] CTYB
[02:23:40] [405/458] SHCX
[02:23:41] [406/458] RCUN
[02:23:42] [407/458] CNRA
[02:23:43] [408/458] RFCA
[02:23:44] [409/458] RDCU
[02:23:46] [410/458] SARK
[02:23:47] 🔄 Identity reset
[02:23:47] 🔄 Identity rotated (every 10 requests)
[02:23:48] [411/458] SPPP
[02:23:49] [412/458] ADMB
[02:23:50] [413/458] JYOE
[02:23:50] [414/458] SRMD
[02:23:51] [415/458] RJDH
[02:23:52] [416/458] SSTD
[02:23:54] [417/458] AACV
[02:23:55] [418/458] PPVD
[02:23:56] [419/458] STCP
[02:23:57] [420/458] ANLS
[02:23:57] 🔄 Identity reset
[02:23:57] 🔄 Identity rotated (every 10 requests)
[02:23:57] [421/458] BIJO
[02:23:58] [422/458] AVAB
[02:24:00] [423/458] SPMD
[02:24:01] [424/458] SVJL
[02:24:03] [425/458] SDDJ
[02:24:04] [426/458] SLTU
[02:24:05] [427/458] SAKA
[02:24:06] [428/458] PMAM
[02:24:07] [429/458] FNAM
[02:24:08] [430/458] ACAM
[02:24:09] 🔄 Identity reset
[02:24:09] 🔄 Identity rotated (every 10 requests)
[02:24:09] [431/458] SCMM
[02:24:10] [432/458] PMAK
[02:24:11] [433/458] NYSA
[02:24:12] [434/458] FCPA
[02:24:13] [435/458] GDAN
[02:24:14] [436/458] RSCA
[02:24:15] [437/458] DMAN
[02:24:16] [438/458] DZCM
[02:24:17] [439/458] NSGL
[02:24:18] [440/458] CCPP
[02:24:18] 🔄 Identity reset
[02:24:18] 🔄 Identity rotated (every 10 requests)
[02:24:19] [441/458] PSMG
[02:24:19] [442/458] GSER
[02:24:20] [443/458] FCCT
[02:24:22] [444/458] FCTB
[02:24:23] [445/458] LCNK
[02:24:24] [446/458] SKTY
[02:24:25] [447/458] INAA
[02:24:26] [448/458] RCWN
[02:24:27] [449/458] VAIS
[02:24:28] [450/458] CVMN
[02:24:28] 🔄 Identity reset
[02:24:28] 🔄 Identity rotated (every 10 requests)
[02:24:29] [451/458] INTS
[02:24:30] [452/458] FRGS
[02:24:31] [453/458] DTCK
[02:24:33] [454/458] MCMH
[02:24:34] [455/458] ECRR
[02:24:34] [456/458] RLLP
[02:24:35] [457/458] CCSN
[02:24:36] [458/458] CCBA
[02:24:37] ✅ DONE | Shows=0 | Movies=0
[03:16:09] 🚀 BMS DAILY TRACKER STARTED (enhanced anti‑detection)
[03:16:09] [1/458] MBDC
[03:16:09] 🧠 New identity created
[03:16:09] 🔄 Retry 1/5 for MBDC in 2.3s
[03:16:09] 🔄 Identity reset
[03:16:12] 🧠 New identity created
[03:16:13] [2/458] CHKM
[03:16:14] [3/458] JTKZ
[03:16:14] [4/458] CMCT
[03:16:15] [5/458] ASHO
[03:16:17] [6/458] ECDG
[03:16:18] [7/458] SPAT
[03:16:19] [8/458] HILC
[03:16:19] [9/458] SPPH
[03:16:20] 🔄 Identity reset
[03:16:20] 🔄 Identity rotated (every 10 requests)
[03:16:20] [10/458] SBHN
[03:16:21] [11/458] RRCA
[03:16:22] [12/458] APAA
[03:16:23] [13/458] RAME
[03:16:24] [14/458] TMMS
[03:16:25] [15/458] BATK
[03:16:26] [16/458] LKOP
[03:16:27] [17/458] AMTT
[03:16:28] [18/458] PTGK
[03:16:29] [19/458] ANRS
[03:16:30] 🔄 Identity reset
[03:16:30] 🔄 Identity rotated (every 10 requests)
[03:16:30] [20/458] VWBW
[03:16:31] [21/458] SVFG
[03:16:32] [22/458] STAT
[03:16:33] [23/458] GDCV
[03:16:34] [24/458] VEBI
[03:16:35] [25/458] VDSS
[03:16:36] [26/458] NTHV
[03:16:38] [27/458] AOCH
[03:16:39] [28/458] KASR
[03:16:40] [29/458] AYCS
[03:16:40] 🔄 Identity reset
[03:16:40] 🔄 Identity rotated (every 10 requests)
[03:16:41] [30/458] SHAI
[03:16:42] [31/458] SKPE
[03:16:42] [32/458] SBTA
[03:16:43] [33/458] RTTD
[03:16:44] [34/458] CCJD
[03:16:46] [35/458] RSJJ
[03:16:47] [36/458] RKND
[03:16:48] [37/458] SVTX
[03:16:49] [38/458] BAKM
[03:16:50] [39/458] SVDC
[03:16:51] 🔄 Identity reset
[03:16:51] 🔄 Identity rotated (every 10 requests)
[03:16:51] [40/458] MNCV
[03:16:52] [41/458] SJGC
[03:16:53] [42/458] MTPK
[03:16:54] [43/458] GATP
[03:16:54] [44/458] ABTS
[03:16:55] [45/458] ABDE
[03:16:56] [46/458] RCNM
[03:16:57] [47/458] KTHV
[03:16:58] [48/458] MDGJ
[03:16:59] [49/458] SMLM
[03:16:59] 🔄 Identity reset
[03:16:59] 🔄 Identity rotated (every 10 requests)
[03:17:01] [50/458] JTMA
[03:17:01] [51/458] ACKP
[03:17:02] [52/458] SRTA
[03:17:03] [53/458] STAY
[03:17:04] [54/458] MAVO
[03:17:05] [55/458] APTS
[03:17:05] [56/458] OMEA
[03:17:07] [57/458] TTFD
[03:17:08] [58/458] MJCU
[03:17:09] [59/458] CXTE
[03:17:09] 🔄 Identity reset
[03:17:09] 🔄 Identity rotated (every 10 requests)
[03:17:10] [60/458] CTPX
[03:17:11] [61/458] ASSL
[03:17:11] [62/458] CMVB
[03:17:12] [63/458] VPUR
[03:17:13] [64/458] JJDA
[03:17:14] [65/458] INBL
[03:17:15] [66/458] BIKB
[03:17:16] [67/458] NTBB
[03:17:17] [68/458] GLOB
[03:17:18] [69/458] SNTB
[03:17:18] 🔄 Identity reset
[03:17:18] 🔄 Identity rotated (every 10 requests)
[03:17:18] [70/458] CHGV
[03:17:19] [71/458] SSBZ
[03:17:21] [72/458] PRDB
[03:17:22] [73/458] ISMT
[03:17:22] [74/458] MCSD
[03:17:23] [75/458] JBTT
[03:17:24] [76/458] GEKR
[03:17:25] [77/458] PVUN
[03:17:27] [78/458] NRTB
[03:17:28] [79/458] PRAA
[03:17:28] 🔄 Identity reset
[03:17:28] 🔄 Identity rotated (every 10 requests)
[03:17:29] [80/458] PCBL
[03:17:30] [81/458] PTCM
[03:17:31] [82/458] KHNN
[03:17:32] [83/458] OMJE
[03:17:33] [84/458] STGN
[03:17:34] [85/458] RPMS
[03:17:35] [86/458] NWAD
[03:17:36] [87/458] BLCK
[03:17:36] [88/458] SVAA
[03:17:37] [89/458] URVM
[03:17:38] 🔄 Identity reset
[03:17:38] 🔄 Identity rotated (every 10 requests)
[03:17:38] [90/458] ANTM
[03:17:39] [91/458] VJYM
[03:17:40] [92/458] MAZZ
[03:17:41] [93/458] CSHM
[03:17:42] [94/458] WGMH
[03:17:43] [95/458] SALN
[03:17:44] [96/458] BRTP
[03:17:45] [97/458] SVTA
[03:17:47] [98/458] SBTP
[03:17:48] [99/458] VLSS
[03:17:48] 🔄 Identity reset
[03:17:48] 🔄 Identity rotated (every 10 requests)
[03:17:49] [100/458] SRJA
[03:17:50] [101/458] ANCG
[03:17:50] [102/458] CGGC
[03:17:51] [103/458] CRJA
[03:17:52] [104/458] USCR
[03:17:53] [105/458] MMEF
[03:17:54] [106/458] JCRJ
[03:17:55] [107/458] ADCM
[03:17:56] [108/458] BMYK
[03:17:56] [109/458] KICS
[03:17:57] 🔄 Identity reset
[03:17:57] 🔄 Identity rotated (every 10 requests)
[03:17:58] [110/458] MBBT
[03:17:59] [111/458] MACK
[03:18:00] [112/458] CLDR
[03:18:01] [113/458] JYCR
[03:18:01] [114/458] DCRP
[03:18:02] [115/458] RAHT
[03:18:03] [116/458] CSSM
[03:18:04] [117/458] ATPK
[03:18:06] [118/458] KLRT
[03:18:07] [119/458] SRDD
[03:18:07] 🔄 Identity reset
[03:18:07] 🔄 Identity rotated (every 10 requests)
[03:18:07] [120/458] CKMC
[03:18:08] [121/458] KRVM
[03:18:09] [122/458] AKCP
[03:18:11] [123/458] CNCV
[03:18:12] [124/458] PACT
[03:18:13] [125/458] NATP
[03:18:13] [126/458] PCPK
[03:18:14] [127/458] SMHO
[03:18:15] [128/458] CWTK
[03:18:17] [129/458] RVKZ
[03:18:17] 🔄 Identity reset
[03:18:17] 🔄 Identity rotated (every 10 requests)
[03:18:17] [130/458] ASPD
[03:18:18] [131/458] VTKZ
[03:18:19] [132/458] LCSO
[03:18:20] [133/458] PRDY
[03:18:21] [134/458] RCAP
[03:18:22] [135/458] RGAR
[03:18:22] [136/458] RCAC
[03:18:23] [137/458] PMOD
[03:18:24] [138/458] PVCN
[03:18:25] [139/458] SCRZ
[03:18:26] 🔄 Identity reset
[03:18:26] 🔄 Identity rotated (every 10 requests)
[03:18:26] [140/458] PVPC
[03:18:27] [141/458] STID
[03:18:27] [142/458] NEDD
[03:18:28] [143/458] BNBA
[03:18:29] [144/458] NTCD
[03:18:30] [145/458] OCDE
[03:18:31] [146/458] CCDU
[03:18:32] [147/458] CRXH
[03:18:33] [148/458] VLVT
[03:18:34] [149/458] CICI
[03:18:34] 🔄 Identity reset
[03:18:34] 🔄 Identity rotated (every 10 requests)
[03:18:34] [150/458] SUCB
[03:18:35] [151/458] TCBP
[03:18:36] [152/458] SCCY
[03:18:37] [153/458] LXCY
[03:18:38] [154/458] NCMD
[03:18:39] [155/458] PHCS
[03:18:40] [156/458] DUXR
[03:18:41] [157/458] VNKS
[03:18:41] [158/458] SEDP
[03:18:42] [159/458] SVEN
[03:18:43] 🔄 Identity reset
[03:18:43] 🔄 Identity rotated (every 10 requests)
[03:18:43] [160/458] SRKM
[03:18:44] [161/458] JTLT
[03:18:45] [162/458] SVSS
[03:18:46] [163/458] AMDE
[03:18:47] [164/458] WVRN
[03:18:48] [165/458] ISMG
[03:18:49] [166/458] WVKS
[03:18:50] [167/458] USCG
[03:18:51] [168/458] IOTG
[03:18:52] [169/458] RRJM
[03:18:52] 🔄 Identity reset
[03:18:52] 🔄 Identity rotated (every 10 requests)
[03:18:53] [170/458] EDMP
[03:18:53] [171/458] SCGZ
[03:18:54] [172/458] GMGX
[03:18:55] [173/458] OMTP
[03:18:57] [174/458] MITD
[03:18:58] [175/458] SMMD
[03:18:59] [176/458] STML
[03:19:00] [177/458] MCFS
[03:19:01] [178/458] FPKA
[03:19:02] [179/458] OMLR
[03:19:02] 🔄 Identity reset
[03:19:02] 🔄 Identity rotated (every 10 requests)
[03:19:04] [180/458] KKSC
[03:19:05] [181/458] RVMA
[03:19:06] [182/458] SCLL
[03:19:07] [183/458] SCDK
[03:19:09] [184/458] SXMI
[03:19:10] [185/458] SHDN
[03:19:11] [186/458] PAAD
[03:19:12] [187/458] UUCB
[03:19:13] [188/458] JHOL
[03:19:14] [189/458] SGWT
[03:19:15] 🔄 Identity reset
[03:19:15] 🔄 Identity rotated (every 10 requests)
[03:19:15] 🔄 Retry 1/5 for SGWT in 2.1s
[03:19:15] 🔄 Identity reset
[03:19:17] 🧠 New identity created
[03:19:17] [190/458] SRII
[03:19:19] [191/458] SGCK
[03:19:20] [192/458] SVVB
[03:19:21] [193/458] DMHA
[03:19:22] [194/458] PPNL
[03:19:23] [195/458] CPNL
[03:19:24] [196/458] WVLD
[03:19:25] [197/458] PSLV
[03:19:26] [198/458] VTTL
[03:19:26] 🔄 Identity reset
[03:19:26] 🔄 Identity rotated (every 10 requests)
[03:19:26] [199/458] NPAD
[03:19:28] [200/458] PVCS
[03:19:29] [201/458] MCHL
[03:19:30] [202/458] PPLL
[03:19:31] [203/458] MALO
[03:19:31] [204/458] SWBH
[03:19:32] [205/458] PUGB
[03:19:33] [206/458] INBB
[03:19:34] [207/458] INNS
[03:19:35] [208/458] MCPT
[03:19:36] 🔄 Identity reset
[03:19:36] 🔄 Identity rotated (every 10 requests)
[03:19:36] [209/458] SCMI
[03:19:37] [210/458] OCON
[03:19:38] [211/458] SCSM
[03:19:39] [212/458] RJVN
[03:19:40] [213/458] AMDK
[03:19:40] [214/458] ISMR
[03:19:42] [215/458] SMTD
[03:19:43] [216/458] VTDD
[03:19:44] [217/458] PDDZ
[03:19:45] [218/458] PCCK
[03:19:45] 🔄 Identity reset
[03:19:45] 🔄 Identity rotated (every 10 requests)
[03:19:45] 🔄 Retry 1/5 for PCCK in 2.7s
[03:19:45] 🔄 Identity reset
[03:19:48] 🧠 New identity created
[03:19:48] [219/458] INAM
[03:19:49] [220/458] FNKT
[03:19:50] [221/458] GDKA
[03:19:51] [222/458] MAYU
[03:19:52] [223/458] TCGU
[03:19:53] [224/458] KDCA
[03:19:54] [225/458] DOMY
[03:19:55] [226/458] PDDD
[03:19:56] [227/458] BJTS
[03:19:56] 🔄 Identity reset
[03:19:56] 🔄 Identity rotated (every 10 requests)
[03:19:57] [228/458] VTCA
[03:19:57] [229/458] SBTM
[03:19:58] [230/458] SEET
[03:19:59] [231/458] SSTJ
[03:20:00] [232/458] SVNT
[03:20:01] [233/458] PPPR
[03:20:02] [234/458] PVYS
[03:20:03] [235/458] IOSE
[03:20:04] [236/458] ACTV
[03:20:05] [237/458] APVE
[03:20:06] 🔄 Identity reset
[03:20:06] 🔄 Identity rotated (every 10 requests)
[03:20:07] [238/458] TCCL
[03:20:08] [239/458] SCMO
[03:20:09] [240/458] SAUM
[03:20:10] [241/458] KCJS
[03:20:11] [242/458] NJCJ
[03:20:12] [243/458] NECF
[03:20:14] [244/458] CCGW
[03:20:15] [245/458] CCMG
[03:20:15] [246/458] NYRG
[03:20:16] [247/458] NCSQ
[03:20:17] 🔄 Identity reset
[03:20:17] 🔄 Identity rotated (every 10 requests)
[03:20:17] [248/458] GRCG
[03:20:18] [249/458] CCBT
[03:20:19] [250/458] ACGA
[03:20:20] [251/458] INAG
[03:20:21] [252/458] FUCG
[03:20:22] [253/458] AICF
[03:20:23] [254/458] GRGA
[03:20:24] [255/458] GDCN
[03:20:25] [256/458] RRCG
[03:20:26] [257/458] SDCH
[03:20:26] 🔄 Identity reset
[03:20:26] 🔄 Identity rotated (every 10 requests)
[03:20:27] [258/458] WVJM
[03:20:28] [259/458] JCCZ
[03:20:30] [260/458] CNCL
[03:20:31] [261/458] TMLV
[03:20:31] [262/458] MEMB
[03:20:32] [263/458] SGTD
[03:20:34] [264/458] CONX
[03:20:35] [265/458] CCMH
[03:20:36] [266/458] ACMC
[03:20:36] [267/458] DTPD
[03:20:37] 🔄 Identity reset
[03:20:37] 🔄 Identity rotated (every 10 requests)
[03:20:37] [268/458] POJA
[03:20:38] [269/458] FNBH
[03:20:39] [270/458] CGCB
[03:20:40] [271/458] RACN
[03:20:42] [272/458] JTSM
[03:20:43] [273/458] SCDN
[03:20:43] [274/458] AACK
[03:20:44] [275/458] RMCE
[03:20:46] [276/458] BSGB
[03:20:47] [277/458] MRCB
[03:20:48] 🔄 Identity reset
[03:20:48] 🔄 Identity rotated (every 10 requests)
[03:20:48] [278/458] SRVR
[03:20:49] [279/458] VTKK
[03:20:50] [280/458] AMST
[03:20:51] [281/458] APCY
[03:20:52] [282/458] LMHO
[03:20:53] [283/458] MTZH
[03:20:54] [284/458] AMZB
[03:20:55] [285/458] SUVT
[03:20:56] [286/458] RCIP
[03:20:58] [287/458] KESR
[03:20:58] 🔄 Identity reset
[03:20:58] 🔄 Identity rotated (every 10 requests)
[03:20:59] [288/458] SNKC
[03:20:59] [289/458] SCED
[03:21:00] [290/458] DVCA
[03:21:01] [291/458] VCDT
[03:21:03] [292/458] RRDI
[03:21:04] [293/458] DFCH
[03:21:04] [294/458] INSC
[03:21:05] [295/458] RGTR
[03:21:06] [296/458] FMOT
[03:21:07] [297/458] SCPM
[03:21:08] 🔄 Identity reset
[03:21:08] 🔄 Identity rotated (every 10 requests)
[03:21:09] [298/458] GCDT
[03:21:10] [299/458] BRKT
[03:21:11] [300/458] DEMP
[03:21:12] [301/458] SRLC
[03:21:12] [302/458] KSTT
[03:21:13] [303/458] SMMT
[03:21:14] [304/458] SILM
[03:21:15] [305/458] JCVM
[03:21:16] [306/458] KCSV
[03:21:17] [307/458] MHLK
[03:21:18] 🔄 Identity reset
[03:21:18] 🔄 Identity rotated (every 10 requests)
[03:21:18] [308/458] SLVL
[03:21:19] [309/458] RJKP
[03:21:19] [310/458] BBPC
[03:21:21] [311/458] MXCB
[03:21:22] [312/458] TCPK
[03:21:23] [313/458] RTBR
[03:21:24] [314/458] GAUT
[03:21:24] [315/458] DVCF
[03:21:25] [316/458] JTSB
[03:21:26] [317/458] SBLS
[03:21:27] 🔄 Identity reset
[03:21:27] 🔄 Identity rotated (every 10 requests)
[03:21:27] [318/458] UDAY
[03:21:28] [319/458] PTNP
[03:21:29] [320/458] DMKT
[03:21:30] [321/458] NTDT
[03:21:31] [322/458] SHDJ
[03:21:32] [323/458] OTNC
[03:21:33] [324/458] RNTW
[03:21:34] [325/458] GCMI
[03:21:35] [326/458] CRCM
[03:21:36] [327/458] NNCZ
[03:21:37] 🔄 Identity reset
[03:21:37] 🔄 Identity rotated (every 10 requests)
[03:21:37] [328/458] OEMO
[03:21:38] [329/458] PVJM
[03:21:39] [330/458] CPJI
[03:21:40] [331/458] RMCJ
[03:21:41] [332/458] CNWJ
[03:21:42] [333/458] EPJM
[03:21:43] [334/458] FNJJ
[03:21:44] [335/458] GCMJ
[03:21:46] [336/458] INPS
[03:21:46] [337/458] BICJ
[03:21:47] 🔄 Identity reset
[03:21:47] 🔄 Identity rotated (every 10 requests)
[03:21:47] [338/458] ISTJ
[03:21:48] [339/458] INJC
[03:21:49] [340/458] GLXJ
[03:21:51] [341/458] INEM
[03:21:52] [342/458] JTMN
[03:21:53] [343/458] FRCJ
[03:21:53] [344/458] DDJP
[03:21:55] [345/458] INJV
[03:21:55] [346/458] GOLC
[03:21:56] [347/458] KOCI
[03:21:57] 🔄 Identity reset
[03:21:57] 🔄 Identity rotated (every 10 requests)
[03:21:57] [348/458] FSTD
[03:21:58] [349/458] PACJ
[03:21:59] [350/458] GMCN
[03:22:00] [351/458] MMDJ
[03:22:01] [352/458] GODH
[03:22:02] [353/458] SKYN
[03:22:03] [354/458] NCTH
[03:22:04] [355/458] SKVZ
[03:22:05] [356/458] SVML
[03:22:06] [357/458] ACVZ
[03:22:07] 🔄 Identity reset
[03:22:07] 🔄 Identity rotated (every 10 requests)
[03:22:07] [358/458] SURA
[03:22:08] [359/458] RTRB
[03:22:09] [360/458] LLCT
[03:22:10] [361/458] ATTS
[03:22:10] [362/458] JYCM
[03:22:12] [363/458] CTKR
[03:22:13] [364/458] LCKR
[03:22:14] [365/458] NYCV
[03:22:16] [366/458] NYOH
[03:22:17] [367/458] NOVX
[03:22:17] 🔄 Identity reset
[03:22:17] 🔄 Identity rotated (every 10 requests)
[03:22:18] [368/458] MRGK
[03:22:18] [369/458] MOON
[03:22:19] [370/458] SBUC
[03:22:20] [371/458] GSVA
[03:22:21] [372/458] VIAK
[03:22:23] [373/458] SMVZ
[03:22:24] [374/458] MATE
[03:22:25] [375/458] RDCN
[03:22:26] [376/458] ASBL
[03:22:27] [377/458] ASVS
[03:22:28] 🔄 Identity reset
[03:22:28] 🔄 Identity rotated (every 10 requests)
[03:22:28] [378/458] ASSR
[03:22:29] [379/458] SSKN
[03:22:30] [380/458] DRPV
[03:22:31] [381/458] MRHT
[03:22:32] [382/458] BSCN
[03:22:33] [383/458] RKNX
[03:22:34] [384/458] MSMC
[03:22:36] [385/458] MSCJ
[03:22:37] [386/458] BTBJ
[03:22:38] [387/458] MJCC
[03:22:38] 🔄 Identity reset
[03:22:38] 🔄 Identity rotated (every 10 requests)
[03:22:38] [388/458] IOMM
[03:22:39] [389/458] ADGR
[03:22:40] [390/458] MYCP
[03:22:41] [391/458] IGCM
[03:22:42] [392/458] PGRK
[03:22:43] [393/458] VPGO
[03:22:44] [394/458] KOMS
[03:22:45] [395/458] URGG
[03:22:46] [396/458] GOST
[03:22:46] [397/458] LACT
[03:22:47] 🔄 Identity reset
[03:22:47] 🔄 Identity rotated (every 10 requests)
[03:22:47] [398/458] BWCM
[03:22:48] [399/458] NCCW
[03:22:49] [400/458] SKYC
[03:22:50] [401/458] CCPM
[03:22:51] [402/458] VCBT
[03:22:52] [403/458] SDKR
[03:22:52] [404/458] CTYB
[03:22:53] [405/458] SHCX
[03:22:54] [406/458] RCUN
[03:22:55] [407/458] CNRA
[03:22:56] 🔄 Identity reset
[03:22:56] 🔄 Identity rotated (every 10 requests)
[03:22:56] [408/458] RFCA
[03:22:58] [409/458] RDCU
[03:22:59] [410/458] SARK
[03:23:00] [411/458] SPPP
[03:23:00] [412/458] ADMB
[03:23:01] [413/458] JYOE
[03:23:02] [414/458] SRMD
[03:23:03] [415/458] RJDH
[03:23:04] [416/458] SSTD
[03:23:05] [417/458] AACV
[03:23:06] 🔄 Identity reset
[03:23:06] 🔄 Identity rotated (every 10 requests)
[03:23:06] [418/458] PPVD
[03:23:07] [419/458] STCP
[03:23:07] [420/458] ANLS
[03:23:08] [421/458] BIJO
[03:23:09] [422/458] AVAB
[03:23:10] [423/458] SPMD
[03:23:11] [424/458] SVJL
[03:23:12] [425/458] SDDJ
[03:23:13] [426/458] SLTU
[03:23:14] [427/458] SAKA
[03:23:15] 🔄 Identity reset
[03:23:15] 🔄 Identity rotated (every 10 requests)
[03:23:15] [428/458] PMAM
[03:23:16] [429/458] FNAM
[03:23:17] [430/458] ACAM
[03:23:18] [431/458] SCMM
[03:23:19] [432/458] PMAK
[03:23:20] [433/458] NYSA
[03:23:21] [434/458] FCPA
[03:23:22] [435/458] GDAN
[03:23:23] [436/458] RSCA
[03:23:24] [437/458] DMAN
[03:23:24] 🔄 Identity reset
[03:23:24] 🔄 Identity rotated (every 10 requests)
[03:23:25] [438/458] DZCM
[03:23:25] [439/458] NSGL
[03:23:26] [440/458] CCPP
[03:23:27] [441/458] PSMG
[03:23:28] [442/458] GSER
[03:23:29] [443/458] FCCT
[03:23:30] [444/458] FCTB
[03:23:31] [445/458] LCNK
[03:23:32] [446/458] SKTY
[03:23:33] [447/458] INAA
[03:23:33] 🔄 Identity reset
[03:23:33] 🔄 Identity rotated (every 10 requests)
[03:23:34] [448/458] RCWN
[03:23:35] [449/458] VAIS
[03:23:36] [450/458] CVMN
[03:23:37] [451/458] INTS
[03:23:38] [452/458] FRGS
[03:23:39] [453/458] DTCK
[03:23:41] [454/458] MCMH
[03:23:41] [455/458] ECRR
[03:23:42] [456/458] RLLP
[03:23:44] [457/458] CCSN
[03:23:45] 🔄 Identity reset
[03:23:45] 🔄 Identity rotated (every 10 requests)
[03:23:45] [458/458] CCBA
[03:23:46] ✅ DONE | Shows=0 | Movies=0
[03:45:26] 🚀 BMS DAILY TRACKER STARTED (enhanced anti‑detection)
[03:45:26] [1/458] MBDC
[03:45:27] 🧠 New identity created
[03:45:28] [2/458] CHKM
[03:45:28] [3/458] JTKZ
[03:45:29] [4/458] CMCT
[03:45:30] [5/458] ASHO
[03:45:31] [6/458] ECDG
[03:45:32] [7/458] SPAT
[03:45:33] [8/458] HILC
[03:45:34] [9/458] SPPH
[03:45:36] [10/458] SBHN
[03:45:36] 🔄 Identity reset
[03:45:36] 🔄 Identity rotated (every 10 requests)
[03:45:37] [11/458] RRCA
[03:45:38] [12/458] APAA
[03:45:39] [13/458] RAME
[03:45:39] [14/458] TMMS
[03:45:40] [15/458] BATK
[03:45:41] [16/458] LKOP
[03:45:42] [17/458] AMTT
[03:45:43] [18/458] PTGK
[03:45:45] [19/458] ANRS
[03:45:46] [20/458] VWBW
[03:45:46] 🔄 Identity reset
[03:45:46] 🔄 Identity rotated (every 10 requests)
[03:45:47] [21/458] SVFG
[03:45:48] [22/458] STAT
[03:45:49] [23/458] GDCV
[03:45:49] [24/458] VEBI
[03:45:51] [25/458] VDSS
[03:45:52] [26/458] NTHV
[03:45:53] [27/458] AOCH
[03:45:54] [28/458] KASR
[03:45:55] [29/458] AYCS
[03:45:56] [30/458] SHAI
[03:45:56] 🔄 Identity reset
[03:45:56] 🔄 Identity rotated (every 10 requests)
[03:45:57] [31/458] SKPE
[03:45:58] [32/458] SBTA
[03:45:58] [33/458] RTTD
[03:45:59] [34/458] CCJD
[03:46:00] [35/458] RSJJ
[03:46:01] [36/458] RKND
[03:46:02] [37/458] SVTX
[03:46:03] [38/458] BAKM
[03:46:04] [39/458] SVDC
[03:46:05] [40/458] MNCV
[03:46:05] 🔄 Identity reset
[03:46:05] 🔄 Identity rotated (every 10 requests)
[03:46:05] 🔄 Retry 1/5 for MNCV in 2.8s
[03:46:05] 🔄 Identity reset
[03:46:08] 🧠 New identity created
[03:46:08] 🔄 Retry 2/5 for MNCV in 4.8s
[03:46:08] 🔄 Identity reset
[03:46:13] 🧠 New identity created
[03:46:13] [41/458] SJGC
[03:46:14] [42/458] MTPK
[03:46:15] [43/458] GATP
[03:46:16] [44/458] ABTS
[03:46:17] [45/458] ABDE
[03:46:18] [46/458] RCNM
[03:46:19] [47/458] KTHV
[03:46:20] [48/458] MDGJ
[03:46:20] 🔄 Identity reset
[03:46:20] 🔄 Identity rotated (every 10 requests)
[03:46:21] [49/458] SMLM
[03:46:22] [50/458] JTMA
[03:46:22] [51/458] ACKP
[03:46:23] [52/458] SRTA
[03:46:24] [53/458] STAY
[03:46:26] [54/458] MAVO
[03:46:26] [55/458] APTS
[03:46:27] [56/458] OMEA
[03:46:28] [57/458] TTFD
[03:46:30] [58/458] MJCU
[03:46:30] 🔄 Identity reset
[03:46:30] 🔄 Identity rotated (every 10 requests)
[03:46:31] [59/458] CXTE
[03:46:31] [60/458] CTPX
[03:46:32] [61/458] ASSL
[03:46:33] [62/458] CMVB
[03:46:34] [63/458] VPUR
[03:46:35] [64/458] JJDA
[03:46:36] [65/458] INBL
[03:46:37] [66/458] BIKB
[03:46:38] [67/458] NTBB
[03:46:39] [68/458] GLOB
[03:46:40] 🔄 Identity reset
[03:46:40] 🔄 Identity rotated (every 10 requests)
[03:46:40] [69/458] SNTB
[03:46:41] [70/458] CHGV
[03:46:42] [71/458] SSBZ
[03:46:44] [72/458] PRDB
[03:46:45] [73/458] ISMT
[03:46:47] [74/458] MCSD
[03:46:48] [75/458] JBTT
[03:46:49] [76/458] GEKR
[03:46:50] [77/458] PVUN
[03:46:50] [78/458] NRTB
[03:46:51] 🔄 Identity reset
[03:46:51] 🔄 Identity rotated (every 10 requests)
[03:46:51] 🔄 Retry 1/5 for NRTB in 2.3s
[03:46:51] 🔄 Identity reset
[03:46:54] 🧠 New identity created
[03:46:54] [79/458] PRAA
[03:46:56] [80/458] PCBL
[03:46:56] [81/458] PTCM
[03:46:57] [82/458] KHNN
[03:46:58] [83/458] OMJE
[03:46:59] [84/458] STGN
[03:47:00] [85/458] RPMS
[03:47:01] [86/458] NWAD
[03:47:01] [87/458] BLCK
[03:47:02] 🔄 Identity reset
[03:47:02] 🔄 Identity rotated (every 10 requests)
[03:47:03] [88/458] SVAA
[03:47:04] [89/458] URVM
[03:47:05] [90/458] ANTM
[03:47:06] [91/458] VJYM
[03:47:07] [92/458] MAZZ
[03:47:08] [93/458] CSHM
[03:47:09] [94/458] WGMH
[03:47:10] [95/458] SALN
[03:47:11] [96/458] BRTP
[03:47:12] [97/458] SVTA
[03:47:13] 🔄 Identity reset
[03:47:13] 🔄 Identity rotated (every 10 requests)
[03:47:13] [98/458] SBTP
[03:47:14] [99/458] VLSS
[03:47:15] [100/458] SRJA
[03:47:16] [101/458] ANCG
[03:47:17] [102/458] CGGC
[03:47:18] [103/458] CRJA
[03:47:18] [104/458] USCR
[03:47:19] [105/458] MMEF
[03:47:20] [106/458] JCRJ
[03:47:21] [107/458] ADCM
[03:47:22] 🔄 Identity reset
[03:47:22] 🔄 Identity rotated (every 10 requests)
[03:47:22] [108/458] BMYK
[03:47:23] [109/458] KICS
[03:47:24] [110/458] MBBT
[03:47:26] [111/458] MACK
[03:47:27] [112/458] CLDR
[03:47:27] [113/458] JYCR
[03:47:28] [114/458] DCRP
[03:47:29] [115/458] RAHT
[03:47:30] [116/458] CSSM
[03:47:31] [117/458] ATPK
[03:47:32] 🔄 Identity reset
[03:47:32] 🔄 Identity rotated (every 10 requests)
[03:47:32] 🔄 Retry 1/5 for ATPK in 2.4s
[03:47:32] 🔄 Identity reset
[03:47:34] 🧠 New identity created
[03:47:35] [118/458] KLRT
[03:47:36] [119/458] SRDD
[03:47:36] [120/458] CKMC
[03:47:37] [121/458] KRVM
[03:47:38] [122/458] AKCP
[03:47:39] [123/458] CNCV
[03:47:40] [124/458] PACT
[03:47:41] [125/458] NATP
[03:47:42] [126/458] PCPK
[03:47:43] 🔄 Identity reset
[03:47:43] 🔄 Identity rotated (every 10 requests)
[03:47:43] [127/458] SMHO
[03:47:44] [128/458] CWTK
[03:47:45] [129/458] RVKZ
[03:47:46] [130/458] ASPD
[03:47:47] [131/458] VTKZ
[03:47:48] [132/458] LCSO
[03:47:49] [133/458] PRDY
[03:47:50] [134/458] RCAP
[03:47:51] [135/458] RGAR
[03:47:52] [136/458] RCAC
[03:47:53] 🔄 Identity reset
[03:47:53] 🔄 Identity rotated (every 10 requests)
[03:47:53] [137/458] PMOD
[03:47:54] [138/458] PVCN
[03:47:55] [139/458] SCRZ
[03:47:56] [140/458] PVPC
[03:47:57] [141/458] STID
[03:47:58] [142/458] NEDD
[03:47:59] [143/458] BNBA
[03:48:00] [144/458] NTCD
[03:48:01] [145/458] OCDE
[03:48:02] [146/458] CCDU
[03:48:03] 🔄 Identity reset
[03:48:03] 🔄 Identity rotated (every 10 requests)
[03:48:04] [147/458] CRXH
[03:48:04] [148/458] VLVT
[03:48:06] [149/458] CICI
[03:48:07] [150/458] SUCB
[03:48:07] [151/458] TCBP
[03:48:08] [152/458] SCCY
[03:48:09] [153/458] LXCY
[03:48:10] [154/458] NCMD
[03:48:12] [155/458] PHCS
[03:48:13] [156/458] DUXR
[03:48:13] 🔄 Identity reset
[03:48:13] 🔄 Identity rotated (every 10 requests)
[03:48:14] [157/458] VNKS
[03:48:15] [158/458] SEDP
[03:48:15] [159/458] SVEN
[03:48:16] [160/458] SRKM
[03:48:18] [161/458] JTLT
[03:48:19] [162/458] SVSS
[03:48:20] [163/458] AMDE
[03:48:21] [164/458] WVRN
[03:48:21] [165/458] ISMG
[03:48:22] [166/458] WVKS
[03:48:23] 🔄 Identity reset
[03:48:23] 🔄 Identity rotated (every 10 requests)
[03:48:24] [167/458] USCG
[03:48:25] [168/458] IOTG
[03:48:26] [169/458] RRJM
[03:48:27] [170/458] EDMP
[03:48:28] [171/458] SCGZ
[03:48:29] [172/458] GMGX
[03:48:30] [173/458] OMTP
[03:48:31] [174/458] MITD
[03:48:31] [175/458] SMMD
[03:48:32] [176/458] STML
[03:48:33] 🔄 Identity reset
[03:48:33] 🔄 Identity rotated (every 10 requests)
[03:48:34] [177/458] MCFS
[03:48:35] [178/458] FPKA
[03:48:36] [179/458] OMLR
[03:48:37] [180/458] KKSC
[03:48:38] [181/458] RVMA
[03:48:38] [182/458] SCLL
[03:48:39] [183/458] SCDK
[03:48:40] [184/458] SXMI
[03:48:41] [185/458] SHDN
[03:48:42] [186/458] PAAD
[03:48:43] 🔄 Identity reset
[03:48:43] 🔄 Identity rotated (every 10 requests)
[03:48:43] [187/458] UUCB
[03:48:44] [188/458] JHOL
[03:48:45] [189/458] SGWT
[03:48:46] [190/458] SRII
[03:48:47] [191/458] SGCK
[03:48:49] [192/458] SVVB
[03:48:50] [193/458] DMHA
[03:48:51] [194/458] PPNL
[03:48:52] [195/458] CPNL
[03:48:53] [196/458] WVLD
[03:48:53] 🔄 Identity reset
[03:48:53] 🔄 Identity rotated (every 10 requests)
[03:48:54] [197/458] PSLV
[03:48:55] [198/458] VTTL
[03:48:56] [199/458] NPAD
[03:48:57] [200/458] PVCS
[03:48:58] [201/458] MCHL
[03:48:58] [202/458] PPLL
[03:48:59] [203/458] MALO
[03:49:01] [204/458] SWBH
[03:49:02] [205/458] PUGB
[03:49:02] [206/458] INBB
[03:49:03] 🔄 Identity reset
[03:49:03] 🔄 Identity rotated (every 10 requests)
[03:49:03] 🔄 Retry 1/5 for INBB in 2.1s
[03:49:03] 🔄 Identity reset
[03:49:05] 🧠 New identity created
[03:49:06] [207/458] INNS
[03:49:06] [208/458] MCPT
[03:49:08] [209/458] SCMI
[03:49:08] [210/458] OCON
[03:49:09] [211/458] SCSM
[03:49:10] [212/458] RJVN
[03:49:11] [213/458] AMDK
[03:49:12] [214/458] ISMR
[03:49:13] [215/458] SMTD
[03:49:14] 🔄 Identity reset
[03:49:14] 🔄 Identity rotated (every 10 requests)
[03:49:14] [216/458] VTDD
[03:49:15] [217/458] PDDZ
[03:49:16] [218/458] PCCK
[03:49:17] [219/458] INAM
[03:49:18] [220/458] FNKT
[03:49:19] [221/458] GDKA
[03:49:20] [222/458] MAYU
[03:49:20] [223/458] TCGU
[03:49:22] [224/458] KDCA
[03:49:23] [225/458] DOMY
[03:49:23] 🔄 Identity reset
[03:49:23] 🔄 Identity rotated (every 10 requests)
[03:49:23] [226/458] PDDD
[03:49:25] [227/458] BJTS
[03:49:26] [228/458] VTCA
[03:49:27] [229/458] SBTM
[03:49:28] [230/458] SEET
[03:49:29] [231/458] SSTJ
[03:49:30] [232/458] SVNT
[03:49:32] [233/458] PPPR
[03:49:33] [234/458] PVYS
[03:49:34] [235/458] IOSE
[03:49:34] 🔄 Identity reset
[03:49:34] 🔄 Identity rotated (every 10 requests)
[03:49:35] [236/458] ACTV
[03:49:36] [237/458] APVE
[03:49:36] [238/458] TCCL
[03:49:37] [239/458] SCMO
[03:49:38] [240/458] SAUM
[03:49:39] [241/458] KCJS
[03:49:40] [242/458] NJCJ
[03:49:41] [243/458] NECF
[03:49:42] [244/458] CCGW
[03:49:43] [245/458] CCMG
[03:49:44] 🔄 Identity reset
[03:49:44] 🔄 Identity rotated (every 10 requests)
[03:49:44] [246/458] NYRG
[03:49:45] [247/458] NCSQ
[03:49:46] [248/458] GRCG
[03:49:47] [249/458] CCBT
[03:49:48] [250/458] ACGA
[03:49:49] [251/458] INAG
[03:49:51] [252/458] FUCG
[03:49:51] [253/458] AICF
[03:49:52] [254/458] GRGA
[03:49:53] [255/458] GDCN
[03:49:54] 🔄 Identity reset
[03:49:54] 🔄 Identity rotated (every 10 requests)
[03:49:54] [256/458] RRCG
[03:49:55] [257/458] SDCH
[03:49:56] [258/458] WVJM
[03:49:57] [259/458] JCCZ
[03:49:58] [260/458] CNCL
[03:49:59] [261/458] TMLV
[03:50:00] [262/458] MEMB
[03:50:01] [263/458] SGTD
[03:50:02] [264/458] CONX
[03:50:03] [265/458] CCMH
[03:50:04] 🔄 Identity reset
[03:50:04] 🔄 Identity rotated (every 10 requests)
[03:50:04] 🔄 Retry 1/5 for CCMH in 2.7s
[03:50:04] 🔄 Identity reset
[03:50:07] 🧠 New identity created
[03:50:07] 🔄 Retry 2/5 for CCMH in 4.6s
[03:50:07] 🔄 Identity reset
[03:50:11] 🧠 New identity created
[03:50:12] [266/458] ACMC
[03:50:13] [267/458] DTPD
[03:50:14] [268/458] POJA
[03:50:15] [269/458] FNBH
[03:50:16] [270/458] CGCB
[03:50:17] [271/458] RACN
[03:50:18] [272/458] JTSM
[03:50:18] [273/458] SCDN
[03:50:19] 🔄 Identity reset
[03:50:19] 🔄 Identity rotated (every 10 requests)
[03:50:19] [274/458] AACK
[03:50:20] [275/458] RMCE
[03:50:21] [276/458] BSGB
[03:50:22] [277/458] MRCB
[03:50:23] [278/458] SRVR
[03:50:24] [279/458] VTKK
[03:50:24] [280/458] AMST
[03:50:25] [281/458] APCY
[03:50:26] [282/458] LMHO
[03:50:27] [283/458] MTZH
[03:50:27] 🔄 Identity reset
[03:50:27] 🔄 Identity rotated (every 10 requests)
[03:50:28] 🔄 Retry 1/5 for MTZH in 2.9s
[03:50:28] 🔄 Identity reset
[03:50:30] 🧠 New identity created
[03:50:31] [284/458] AMZB
[03:50:32] [285/458] SUVT
[03:50:33] [286/458] RCIP
[03:50:34] [287/458] KESR
[03:50:35] [288/458] SNKC
[03:50:36] [289/458] SCED
[03:50:37] [290/458] DVCA
[03:50:37] [291/458] VCDT
[03:50:38] [292/458] RRDI
[03:50:39] 🔄 Identity reset
[03:50:39] 🔄 Identity rotated (every 10 requests)
[03:50:40] [293/458] DFCH
[03:50:41] [294/458] INSC
[03:50:42] [295/458] RGTR
[03:50:43] [296/458] FMOT
[03:50:44] [297/458] SCPM
[03:50:46] [298/458] GCDT
[03:50:47] [299/458] BRKT
[03:50:48] [300/458] DEMP
[03:50:49] [301/458] SRLC
[03:50:50] [302/458] KSTT
[03:50:51] 🔄 Identity reset
[03:50:51] 🔄 Identity rotated (every 10 requests)
[03:50:51] [303/458] SMMT
[03:50:52] [304/458] SILM
[03:50:53] [305/458] JCVM
[03:50:54] [306/458] KCSV
[03:50:55] [307/458] MHLK
[03:50:56] [308/458] SLVL
[03:50:57] [309/458] RJKP
[03:50:58] [310/458] BBPC
[03:50:59] [311/458] MXCB
[03:51:00] [312/458] TCPK
[03:51:01] 🔄 Identity reset
[03:51:01] 🔄 Identity rotated (every 10 requests)
[03:51:01] [313/458] RTBR
[03:51:02] [314/458] GAUT
[03:51:04] [315/458] DVCF
[03:51:05] [316/458] JTSB
[03:51:06] [317/458] SBLS
[03:51:07] [318/458] UDAY
[03:51:07] [319/458] PTNP
[03:51:08] [320/458] DMKT
[03:51:09] [321/458] NTDT
[03:51:10] [322/458] SHDJ
[03:51:11] 🔄 Identity reset
[03:51:11] 🔄 Identity rotated (every 10 requests)
[03:51:11] [323/458] OTNC
[03:51:12] [324/458] RNTW
[03:51:13] [325/458] GCMI
[03:51:15] [326/458] CRCM
[03:51:16] [327/458] NNCZ
[03:51:17] [328/458] OEMO
[03:51:18] [329/458] PVJM
[03:51:19] [330/458] CPJI
[03:51:20] [331/458] RMCJ
[03:51:21] [332/458] CNWJ
[03:51:21] 🔄 Identity reset
[03:51:21] 🔄 Identity rotated (every 10 requests)
[03:51:22] [333/458] EPJM
[03:51:22] [334/458] FNJJ
[03:51:23] [335/458] GCMJ
[03:51:25] [336/458] INPS
[03:51:26] [337/458] BICJ
[03:51:27] [338/458] ISTJ
[03:51:27] [339/458] INJC
[03:51:28] [340/458] GLXJ
[03:51:29] [341/458] INEM
[03:51:30] [342/458] JTMN
[03:51:31] 🔄 Identity reset
[03:51:31] 🔄 Identity rotated (every 10 requests)
[03:51:31] [343/458] FRCJ
[03:51:32] [344/458] DDJP
[03:51:34] [345/458] INJV
[03:51:34] [346/458] GOLC
[03:51:35] [347/458] KOCI
[03:51:36] [348/458] FSTD
[03:51:37] [349/458] PACJ
[03:51:38] [350/458] GMCN
[03:51:39] [351/458] MMDJ
[03:51:40] [352/458] GODH
[03:51:41] 🔄 Identity reset
[03:51:41] 🔄 Identity rotated (every 10 requests)
[03:51:42] [353/458] SKYN
[03:51:43] [354/458] NCTH
[03:51:44] [355/458] SKVZ
[03:51:45] [356/458] SVML
[03:51:46] [357/458] ACVZ
[03:51:47] [358/458] SURA
[03:51:48] [359/458] RTRB
[03:51:49] [360/458] LLCT
[03:51:50] [361/458] ATTS
[03:51:51] [362/458] JYCM
[03:51:52] 🔄 Identity reset
[03:51:52] 🔄 Identity rotated (every 10 requests)
[03:51:53] [363/458] CTKR
[03:51:54] [364/458] LCKR
[03:51:54] [365/458] NYCV
[03:51:56] [366/458] NYOH
[03:51:57] [367/458] NOVX
[03:51:58] [368/458] MRGK
[03:51:59] [369/458] MOON
[03:52:00] [370/458] SBUC
[03:52:01] [371/458] GSVA
[03:52:02] [372/458] VIAK
[03:52:02] 🔄 Identity reset
[03:52:02] 🔄 Identity rotated (every 10 requests)
[03:52:02] [373/458] SMVZ
[03:52:03] [374/458] MATE
[03:52:04] [375/458] RDCN
[03:52:05] [376/458] ASBL
[03:52:06] [377/458] ASVS
[03:52:07] [378/458] ASSR
[03:52:07] [379/458] SSKN
[03:52:08] [380/458] DRPV
[03:52:09] [381/458] MRHT
[03:52:10] [382/458] BSCN
[03:52:10] 🔄 Identity reset
[03:52:10] 🔄 Identity rotated (every 10 requests)
[03:52:11] [383/458] RKNX
[03:52:12] [384/458] MSMC
[03:52:13] [385/458] MSCJ
[03:52:14] [386/458] BTBJ
[03:52:15] [387/458] MJCC
[03:52:16] [388/458] IOMM
[03:52:17] [389/458] ADGR
[03:52:18] [390/458] MYCP
[03:52:19] [391/458] IGCM
[03:52:21] [392/458] PGRK
[03:52:21] 🔄 Identity reset
[03:52:21] 🔄 Identity rotated (every 10 requests)
[03:52:22] [393/458] VPGO
[03:52:23] [394/458] KOMS
[03:52:24] [395/458] URGG
[03:52:25] [396/458] GOST
[03:52:26] [397/458] LACT
[03:52:27] [398/458] BWCM
[03:52:28] [399/458] NCCW
[03:52:29] [400/458] SKYC
[03:52:30] [401/458] CCPM
[03:52:31] [402/458] VCBT
[03:52:32] 🔄 Identity reset
[03:52:32] 🔄 Identity rotated (every 10 requests)
[03:52:33] [403/458] SDKR
[03:52:34] [404/458] CTYB
[03:52:35] [405/458] SHCX
[03:52:36] [406/458] RCUN
[03:52:36] [407/458] CNRA
[03:52:37] [408/458] RFCA
[03:52:38] [409/458] RDCU
[03:52:39] [410/458] SARK
[03:52:40] [411/458] SPPP
[03:52:42] [412/458] ADMB
[03:52:42] 🔄 Identity reset
[03:52:42] 🔄 Identity rotated (every 10 requests)
[03:52:43] [413/458] JYOE
[03:52:44] [414/458] SRMD
[03:52:45] [415/458] RJDH
[03:52:45] [416/458] SSTD
[03:52:47] [417/458] AACV
[03:52:48] [418/458] PPVD
[03:52:49] [419/458] STCP
[03:52:50] [420/458] ANLS
[03:52:51] [421/458] BIJO
[03:52:52] [422/458] AVAB
[03:52:53] 🔄 Identity reset
[03:52:53] 🔄 Identity rotated (every 10 requests)
[03:52:53] [423/458] SPMD
[03:52:54] [424/458] SVJL
[03:52:55] [425/458] SDDJ
[03:52:56] [426/458] SLTU
[03:52:57] [427/458] SAKA
[03:52:58] [428/458] PMAM
[03:52:59] [429/458] FNAM
[03:53:00] [430/458] ACAM
[03:53:01] [431/458] SCMM
[03:53:02] [432/458] PMAK
[03:53:03] 🔄 Identity reset
[03:53:03] 🔄 Identity rotated (every 10 requests)
[03:53:03] [433/458] NYSA
[03:53:04] [434/458] FCPA
[03:53:05] [435/458] GDAN
[03:53:06] [436/458] RSCA
[03:53:07] [437/458] DMAN
[03:53:08] [438/458] DZCM
[03:53:09] [439/458] NSGL
[03:53:09] [440/458] CCPP
[03:53:11] [441/458] PSMG
[03:53:12] [442/458] GSER
[03:53:13] 🔄 Identity reset
[03:53:13] 🔄 Identity rotated (every 10 requests)
[03:53:14] [443/458] FCCT
[03:53:15] [444/458] FCTB
[03:53:16] [445/458] LCNK
[03:53:17] [446/458] SKTY
[03:53:18] [447/458] INAA
[03:53:19] [448/458] RCWN
[03:53:20] [449/458] VAIS
[03:53:21] [450/458] CVMN
[03:53:23] [451/458] INTS
[03:53:24] [452/458] FRGS
[03:53:25] 🔄 Identity reset
[03:53:25] 🔄 Identity rotated (every 10 requests)
[03:53:25] [453/458] DTCK
[03:53:27] [454/458] MCMH
[03:53:28] [455/458] ECRR
[03:53:28] [456/458] RLLP
[03:53:29] [457/458] CCSN
[03:53:30] [458/458] CCBA
[03:53:31] ✅ DONE | Shows=1 | Movies=1
[04:16:03] 🚀 BMS DAILY TRACKER STARTED (enhanced anti‑detection)
[04:16:03] [1/458] MBDC
[04:16:04] 🧠 New identity created
[04:16:04] 🔄 Retry 1/5 for MBDC in 3.0s
[04:16:04] 🔄 Identity reset
[04:16:07] 🧠 New identity created
[04:16:07] [2/458] CHKM
[04:16:08] [3/458] JTKZ
[04:16:09] [4/458] CMCT
[04:16:10] [5/458] ASHO
[04:16:11] [6/458] ECDG
[04:16:12] [7/458] SPAT
[04:16:12] [8/458] HILC
[04:16:13] [9/458] SPPH
[04:16:14] 🔄 Identity reset
[04:16:14] 🔄 Identity rotated (every 10 requests)
[04:16:14] [10/458] SBHN
[04:16:15] [11/458] RRCA
[04:16:16] [12/458] APAA
[04:16:17] [13/458] RAME
[04:16:18] [14/458] TMMS
[04:16:18] [15/458] BATK
[04:16:19] [16/458] LKOP
[04:16:20] [17/458] AMTT
[04:16:21] [18/458] PTGK
[04:16:22] [19/458] ANRS
[04:16:22] 🔄 Identity reset
[04:16:22] 🔄 Identity rotated (every 10 requests)
[04:16:24] [20/458] VWBW
[04:16:24] [21/458] SVFG
[04:16:25] [22/458] STAT
[04:16:26] [23/458] GDCV
[04:16:27] [24/458] VEBI
[04:16:28] [25/458] VDSS
[04:16:28] [26/458] NTHV
[04:16:29] [27/458] AOCH
[04:16:30] [28/458] KASR
[04:16:31] [29/458] AYCS
[04:16:32] 🔄 Identity reset
[04:16:32] 🔄 Identity rotated (every 10 requests)
[04:16:32] [30/458] SHAI
[04:16:33] [31/458] SKPE
[04:16:33] [32/458] SBTA
[04:16:34] [33/458] RTTD
[04:16:35] [34/458] CCJD
[04:16:36] [35/458] RSJJ
[04:16:37] [36/458] RKND
[04:16:38] [37/458] SVTX
[04:16:38] [38/458] BAKM
[04:16:40] [39/458] SVDC
[04:16:40] 🔄 Identity reset
[04:16:41] 🔄 Identity rotated (every 10 requests)
[04:16:41] [40/458] MNCV
[04:16:42] [41/458] SJGC
[04:16:42] [42/458] MTPK
[04:16:43] [43/458] GATP
[04:16:44] [44/458] ABTS
[04:16:45] [45/458] ABDE
[04:16:46] [46/458] RCNM
[04:16:47] [47/458] KTHV
[04:16:48] [48/458] MDGJ
[04:16:49] [49/458] SMLM
[04:16:50] 🔄 Identity reset
[04:16:50] 🔄 Identity rotated (every 10 requests)
[04:16:50] [50/458] JTMA
[04:16:51] [51/458] ACKP
[04:16:52] [52/458] SRTA
[04:16:54] [53/458] STAY
[04:16:55] [54/458] MAVO
[04:16:56] [55/458] APTS
[04:16:57] [56/458] OMEA
[04:16:58] [57/458] TTFD
[04:16:59] [58/458] MJCU
[04:17:00] [59/458] CXTE
[04:17:01] 🔄 Identity reset
[04:17:01] 🔄 Identity rotated (every 10 requests)
[04:17:02] [60/458] CTPX
[04:17:02] [61/458] ASSL
[04:17:03] [62/458] CMVB
[04:17:04] [63/458] VPUR
[04:17:05] [64/458] JJDA
[04:17:06] [65/458] INBL
[04:17:08] [66/458] BIKB
[04:17:09] [67/458] NTBB
[04:17:10] [68/458] GLOB
[04:17:10] [69/458] SNTB
[04:17:11] 🔄 Identity reset
[04:17:11] 🔄 Identity rotated (every 10 requests)
[04:17:11] [70/458] CHGV
[04:17:12] [71/458] SSBZ
[04:17:13] [72/458] PRDB
[04:17:14] [73/458] ISMT
[04:17:15] [74/458] MCSD
[04:17:16] [75/458] JBTT
[04:17:17] [76/458] GEKR
[04:17:18] [77/458] PVUN
[04:17:19] [78/458] NRTB
[04:17:20] [79/458] PRAA
[04:17:20] 🔄 Identity reset
[04:17:20] 🔄 Identity rotated (every 10 requests)
[04:17:21] [80/458] PCBL
[04:17:22] [81/458] PTCM
[04:17:23] [82/458] KHNN
[04:17:24] [83/458] OMJE
[04:17:25] [84/458] STGN
[04:17:26] [85/458] RPMS
[04:17:26] [86/458] NWAD
[04:17:27] [87/458] BLCK
[04:17:28] [88/458] SVAA
[04:17:29] [89/458] URVM
[04:17:30] 🔄 Identity reset
[04:17:30] 🔄 Identity rotated (every 10 requests)
[04:17:30] 🔄 Retry 1/5 for URVM in 2.4s
[04:17:30] 🔄 Identity reset
[04:17:32] 🧠 New identity created
[04:17:32] 🔄 Retry 2/5 for URVM in 4.3s
[04:17:32] 🔄 Identity reset
[04:17:36] 🧠 New identity created
[04:17:37] [90/458] ANTM
[04:17:38] [91/458] VJYM
[04:17:39] [92/458] MAZZ
[04:17:40] [93/458] CSHM
[04:17:40] [94/458] WGMH
[04:17:42] [95/458] SALN
[04:17:43] [96/458] BRTP
[04:17:44] [97/458] SVTA
[04:17:44] 🔄 Identity reset
[04:17:44] 🔄 Identity rotated (every 10 requests)
[04:17:45] [98/458] SBTP
[04:17:45] [99/458] VLSS
[04:17:46] [100/458] SRJA
[04:17:47] [101/458] ANCG
[04:17:48] [102/458] CGGC
[04:17:49] [103/458] CRJA
[04:17:50] [104/458] USCR
[04:17:51] [105/458] MMEF
[04:17:52] [106/458] JCRJ
[04:17:53] [107/458] ADCM
[04:17:54] 🔄 Identity reset
[04:17:54] 🔄 Identity rotated (every 10 requests)
[04:17:54] [108/458] BMYK
[04:17:55] [109/458] KICS
[04:17:56] [110/458] MBBT
[04:17:57] [111/458] MACK
[04:17:58] [112/458] CLDR
[04:17:59] [113/458] JYCR
[04:18:00] [114/458] DCRP
[04:18:01] [115/458] RAHT
[04:18:02] [116/458] CSSM
[04:18:03] [117/458] ATPK
[04:18:04] 🔄 Identity reset
[04:18:04] 🔄 Identity rotated (every 10 requests)
[04:18:04] [118/458] KLRT
[04:18:06] [119/458] SRDD
[04:18:06] [120/458] CKMC
[04:18:07] [121/458] KRVM
[04:18:08] [122/458] AKCP
[04:18:09] [123/458] CNCV
[04:18:10] [124/458] PACT
[04:18:10] [125/458] NATP
[04:18:11] [126/458] PCPK
[04:18:12] [127/458] SMHO
[04:18:13] 🔄 Identity reset
[04:18:13] 🔄 Identity rotated (every 10 requests)
[04:18:14] [128/458] CWTK
[04:18:15] [129/458] RVKZ
[04:18:16] [130/458] ASPD
[04:18:17] [131/458] VTKZ
[04:18:18] [132/458] LCSO
[04:18:19] [133/458] PRDY
[04:18:20] [134/458] RCAP
[04:18:22] [135/458] RGAR
[04:18:23] [136/458] RCAC
[04:18:24] [137/458] PMOD
[04:18:24] 🔄 Identity reset
[04:18:24] 🔄 Identity rotated (every 10 requests)
[04:18:25] [138/458] PVCN
[04:18:26] [139/458] SCRZ
[04:18:27] [140/458] PVPC
[04:18:27] [141/458] STID
[04:18:28] [142/458] NEDD
[04:18:29] [143/458] BNBA
[04:18:30] [144/458] NTCD
[04:18:31] [145/458] OCDE
[04:18:32] [146/458] CCDU
[04:18:32] [147/458] CRXH
[04:18:33] 🔄 Identity reset
[04:18:33] 🔄 Identity rotated (every 10 requests)
[04:18:33] [148/458] VLVT
[04:18:34] [149/458] CICI
[04:18:35] [150/458] SUCB
[04:18:35] [151/458] TCBP
[04:18:36] [152/458] SCCY
[04:18:37] [153/458] LXCY
[04:18:38] [154/458] NCMD
[04:18:39] [155/458] PHCS
[04:18:39] [156/458] DUXR
[04:18:40] [157/458] VNKS
[04:18:41] 🔄 Identity reset
[04:18:41] 🔄 Identity rotated (every 10 requests)
[04:18:41] [158/458] SEDP
[04:18:42] [159/458] SVEN
[04:18:43] [160/458] SRKM
[04:18:43] [161/458] JTLT
[04:18:44] [162/458] SVSS
[04:18:45] [163/458] AMDE
[04:18:46] [164/458] WVRN
[04:18:47] [165/458] ISMG
[04:18:48] [166/458] WVKS
[04:18:49] [167/458] USCG
[04:18:50] 🔄 Identity reset
[04:18:50] 🔄 Identity rotated (every 10 requests)
[04:18:50] [168/458] IOTG
[04:18:51] [169/458] RRJM
[04:18:52] [170/458] EDMP
[04:18:52] [171/458] SCGZ
[04:18:53] [172/458] GMGX
[04:18:54] [173/458] OMTP
[04:18:55] [174/458] MITD
[04:18:56] [175/458] SMMD
[04:18:56] [176/458] STML
[04:18:57] [177/458] MCFS
[04:18:58] 🔄 Identity reset
[04:18:58] 🔄 Identity rotated (every 10 requests)
[04:18:58] [178/458] FPKA
[04:18:59] [179/458] OMLR
[04:19:00] [180/458] KKSC
[04:19:01] [181/458] RVMA
[04:19:02] [182/458] SCLL
[04:19:03] [183/458] SCDK
[04:19:05] [184/458] SXMI
[04:19:06] [185/458] SHDN
[04:19:06] [186/458] PAAD
[04:19:07] [187/458] UUCB
[04:19:08] 🔄 Identity reset
[04:19:08] 🔄 Identity rotated (every 10 requests)
[04:19:08] 🔄 Retry 1/5 for UUCB in 2.6s
[04:19:08] 🔄 Identity reset
[04:19:10] 🧠 New identity created
[04:19:11] [188/458] JHOL
[04:19:12] [189/458] SGWT
[04:19:12] [190/458] SRII
[04:19:14] [191/458] SGCK
[04:19:15] [192/458] SVVB
[04:19:17] [193/458] DMHA
[04:19:18] [194/458] PPNL
[04:19:18] [195/458] CPNL
[04:19:19] [196/458] WVLD
[04:19:20] 🔄 Identity reset
[04:19:20] 🔄 Identity rotated (every 10 requests)
[04:19:20] [197/458] PSLV
[04:19:21] [198/458] VTTL
[04:19:22] [199/458] NPAD
[04:19:23] [200/458] PVCS
[04:19:23] [201/458] MCHL
[04:19:24] [202/458] PPLL
[04:19:25] [203/458] MALO
[04:19:26] [204/458] SWBH
[04:19:27] [205/458] PUGB
[04:19:28] [206/458] INBB
[04:19:28] 🔄 Identity reset
[04:19:28] 🔄 Identity rotated (every 10 requests)
[04:19:28] 🔄 Retry 1/5 for INBB in 2.5s
[04:19:28] 🔄 Identity reset
[04:19:31] 🧠 New identity created
[04:19:31] [207/458] INNS
[04:19:33] [208/458] MCPT
[04:19:33] [209/458] SCMI
[04:19:34] [210/458] OCON
[04:19:35] [211/458] SCSM
[04:19:36] [212/458] RJVN
[04:19:37] [213/458] AMDK
[04:19:38] [214/458] ISMR
[04:19:39] [215/458] SMTD
[04:19:39] 🔄 Identity reset
[04:19:39] 🔄 Identity rotated (every 10 requests)
[04:19:40] [216/458] VTDD
[04:19:41] [217/458] PDDZ
[04:19:41] [218/458] PCCK
[04:19:42] [219/458] INAM
[04:19:43] [220/458] FNKT
[04:19:44] [221/458] GDKA
[04:19:45] [222/458] MAYU
[04:19:46] [223/458] TCGU
[04:19:47] [224/458] KDCA
[04:19:48] [225/458] DOMY
[04:19:48] 🔄 Identity reset
[04:19:48] 🔄 Identity rotated (every 10 requests)
[04:19:49] [226/458] PDDD
[04:19:50] [227/458] BJTS
[04:19:51] [228/458] VTCA
[04:19:51] [229/458] SBTM
[04:19:52] [230/458] SEET
[04:19:53] [231/458] SSTJ
[04:19:54] [232/458] SVNT
[04:19:55] [233/458] PPPR
[04:19:56] [234/458] PVYS
[04:19:57] [235/458] IOSE
[04:19:58] 🔄 Identity reset
[04:19:58] 🔄 Identity rotated (every 10 requests)
[04:19:58] [236/458] ACTV
[04:19:59] [237/458] APVE
[04:20:00] [238/458] TCCL
[04:20:01] [239/458] SCMO
[04:20:02] [240/458] SAUM
[04:20:03] [241/458] KCJS
[04:20:04] [242/458] NJCJ
[04:20:05] [243/458] NECF
[04:20:06] [244/458] CCGW
[04:20:06] [245/458] CCMG
[04:20:07] 🔄 Identity reset
[04:20:07] 🔄 Identity rotated (every 10 requests)
[04:20:07] [246/458] NYRG
[04:20:08] [247/458] NCSQ
[04:20:09] [248/458] GRCG
[04:20:10] [249/458] CCBT
[04:20:11] [250/458] ACGA
[04:20:12] [251/458] INAG
[04:20:13] [252/458] FUCG
[04:20:14] [253/458] AICF
[04:20:15] [254/458] GRGA
[04:20:16] [255/458] GDCN
[04:20:16] 🔄 Identity reset
[04:20:16] 🔄 Identity rotated (every 10 requests)
[04:20:17] [256/458] RRCG
[04:20:18] [257/458] SDCH
[04:20:19] [258/458] WVJM
[04:20:20] [259/458] JCCZ
[04:20:20] [260/458] CNCL
[04:20:21] [261/458] TMLV
[04:20:22] [262/458] MEMB
[04:20:23] [263/458] SGTD
[04:20:24] [264/458] CONX
[04:20:25] [265/458] CCMH
[04:20:25] 🔄 Identity reset
[04:20:25] 🔄 Identity rotated (every 10 requests)
[04:20:26] [266/458] ACMC
[04:20:27] [267/458] DTPD
[04:20:27] [268/458] POJA
[04:20:28] [269/458] FNBH
[04:20:29] [270/458] CGCB
[04:20:30] [271/458] RACN
[04:20:31] [272/458] JTSM
[04:20:32] [273/458] SCDN
[04:20:33] [274/458] AACK
[04:20:34] [275/458] RMCE
[04:20:34] 🔄 Identity reset
[04:20:34] 🔄 Identity rotated (every 10 requests)
[04:20:34] [276/458] BSGB
[04:20:36] [277/458] MRCB
[04:20:37] [278/458] SRVR
[04:20:38] [279/458] VTKK
[04:20:39] [280/458] AMST
[04:20:39] [281/458] APCY
[04:20:41] [282/458] LMHO
[04:20:42] [283/458] MTZH
[04:20:43] [284/458] AMZB
[04:20:44] [285/458] SUVT
[04:20:45] 🔄 Identity reset
[04:20:45] 🔄 Identity rotated (every 10 requests)
[04:20:45] [286/458] RCIP
[04:20:46] [287/458] KESR
[04:20:47] [288/458] SNKC
[04:20:48] [289/458] SCED
[04:20:49] [290/458] DVCA
[04:20:49] [291/458] VCDT
[04:20:50] [292/458] RRDI
[04:20:52] [293/458] DFCH
[04:20:53] [294/458] INSC
[04:20:55] [295/458] RGTR
[04:20:55] 🔄 Identity reset
[04:20:55] 🔄 Identity rotated (every 10 requests)
[04:20:55] 🔄 Retry 1/5 for RGTR in 2.1s
[04:20:55] 🔄 Identity reset
[04:20:57] 🧠 New identity created
[04:20:58] [296/458] FMOT
[04:20:59] [297/458] SCPM
[04:21:00] [298/458] GCDT
[04:21:01] [299/458] BRKT
[04:21:02] [300/458] DEMP
[04:21:02] [301/458] SRLC
[04:21:03] [302/458] KSTT
[04:21:04] [303/458] SMMT
[04:21:05] [304/458] SILM
[04:21:06] 🔄 Identity reset
[04:21:06] 🔄 Identity rotated (every 10 requests)
[04:21:06] [305/458] JCVM
[04:21:07] [306/458] KCSV
[04:21:08] [307/458] MHLK
[04:21:09] [308/458] SLVL
[04:21:10] [309/458] RJKP
[04:21:11] [310/458] BBPC
[04:21:13] [311/458] MXCB
[04:21:14] [312/458] TCPK
[04:21:14] [313/458] RTBR
[04:21:16] [314/458] GAUT
[04:21:16] 🔄 Identity reset
[04:21:16] 🔄 Identity rotated (every 10 requests)
[04:21:17] [315/458] DVCF
[04:21:18] [316/458] JTSB
[04:21:19] [317/458] SBLS
[04:21:20] [318/458] UDAY
[04:21:20] [319/458] PTNP
[04:21:21] [320/458] DMKT
[04:21:23] [321/458] NTDT
[04:21:24] [322/458] SHDJ
[04:21:25] [323/458] OTNC
[04:21:26] [324/458] RNTW
[04:21:26] 🔄 Identity reset
[04:21:26] 🔄 Identity rotated (every 10 requests)
[04:21:26] [325/458] GCMI
[04:21:27] [326/458] CRCM
[04:21:29] [327/458] NNCZ
[04:21:30] [328/458] OEMO
[04:21:31] [329/458] PVJM
[04:21:31] [330/458] CPJI
[04:21:33] [331/458] RMCJ
[04:21:34] [332/458] CNWJ
[04:21:35] [333/458] EPJM
[04:21:35] [334/458] FNJJ
[04:21:36] 🔄 Identity reset
[04:21:36] 🔄 Identity rotated (every 10 requests)
[04:21:37] [335/458] GCMJ
[04:21:39] [336/458] INPS
[04:21:40] [337/458] BICJ
[04:21:40] [338/458] ISTJ
[04:21:41] [339/458] INJC
[04:21:42] [340/458] GLXJ
[04:21:43] [341/458] INEM
[04:21:44] [342/458] JTMN
[04:21:45] [343/458] FRCJ
[04:21:46] [344/458] DDJP
[04:21:46] 🔄 Identity reset
[04:21:46] 🔄 Identity rotated (every 10 requests)
[04:21:47] [345/458] INJV
[04:21:48] [346/458] GOLC
[04:21:48] [347/458] KOCI
[04:21:49] [348/458] FSTD
[04:21:50] [349/458] PACJ
[04:21:52] [350/458] GMCN
[04:21:53] [351/458] MMDJ
[04:21:53] [352/458] GODH
[04:21:54] [353/458] SKYN
[04:21:55] [354/458] NCTH
[04:21:56] 🔄 Identity reset
[04:21:56] 🔄 Identity rotated (every 10 requests)
[04:21:56] 🔄 Retry 1/5 for NCTH in 2.7s
[04:21:56] 🔄 Identity reset
[04:21:58] 🧠 New identity created
[04:21:59] [355/458] SKVZ
[04:22:00] [356/458] SVML
[04:22:01] [357/458] ACVZ
[04:22:01] [358/458] SURA
[04:22:02] [359/458] RTRB
[04:22:03] [360/458] LLCT
[04:22:04] [361/458] ATTS
[04:22:06] [362/458] JYCM
[04:22:07] [363/458] CTKR
[04:22:08] 🔄 Identity reset
[04:22:08] 🔄 Identity rotated (every 10 requests)
[04:22:08] [364/458] LCKR
[04:22:09] [365/458] NYCV
[04:22:11] [366/458] NYOH
[04:22:12] [367/458] NOVX
[04:22:13] [368/458] MRGK
[04:22:14] [369/458] MOON
[04:22:15] [370/458] SBUC
[04:22:16] [371/458] GSVA
[04:22:17] [372/458] VIAK
[04:22:17] [373/458] SMVZ
[04:22:18] 🔄 Identity reset
[04:22:18] 🔄 Identity rotated (every 10 requests)
[04:22:18] [374/458] MATE
[04:22:19] [375/458] RDCN
[04:22:20] [376/458] ASBL
[04:22:21] [377/458] ASVS
[04:22:22] [378/458] ASSR
[04:22:23] [379/458] SSKN
[04:22:24] [380/458] DRPV
[04:22:25] [381/458] MRHT
[04:22:26] [382/458] BSCN
[04:22:26] [383/458] RKNX
[04:22:27] 🔄 Identity reset
[04:22:27] 🔄 Identity rotated (every 10 requests)
[04:22:27] [384/458] MSMC
[04:22:28] [385/458] MSCJ
[04:22:30] [386/458] BTBJ
[04:22:31] [387/458] MJCC
[04:22:32] [388/458] IOMM
[04:22:33] [389/458] ADGR
[04:22:34] [390/458] MYCP
[04:22:35] [391/458] IGCM
[04:22:36] [392/458] PGRK
[04:22:37] [393/458] VPGO
[04:22:37] 🔄 Identity reset
[04:22:37] 🔄 Identity rotated (every 10 requests)
[04:22:38] [394/458] KOMS
[04:22:39] [395/458] URGG
[04:22:41] [396/458] GOST
[04:22:42] [397/458] LACT
[04:22:43] [398/458] BWCM
[04:22:43] [399/458] NCCW
[04:22:44] [400/458] SKYC
[04:22:45] [401/458] CCPM
[04:22:47] [402/458] VCBT
[04:22:47] [403/458] SDKR
[04:22:48] 🔄 Identity reset
[04:22:48] 🔄 Identity rotated (every 10 requests)
[04:22:48] [404/458] CTYB
[04:22:49] [405/458] SHCX
[04:22:50] [406/458] RCUN
[04:22:52] [407/458] CNRA
[04:22:53] [408/458] RFCA
[04:22:54] [409/458] RDCU
[04:22:55] [410/458] SARK
[04:22:56] [411/458] SPPP
[04:22:57] [412/458] ADMB
[04:22:58] [413/458] JYOE
[04:22:58] 🔄 Identity reset
[04:22:58] 🔄 Identity rotated (every 10 requests)
[04:22:58] [414/458] SRMD
[04:22:59] [415/458] RJDH
[04:23:00] [416/458] SSTD
[04:23:01] [417/458] AACV
[04:23:02] [418/458] PPVD
[04:23:03] [419/458] STCP
[04:23:04] [420/458] ANLS
[04:23:05] [421/458] BIJO
[04:23:06] [422/458] AVAB
[04:23:07] [423/458] SPMD
[04:23:08] 🔄 Identity reset
[04:23:08] 🔄 Identity rotated (every 10 requests)
[04:23:08] [424/458] SVJL
[04:23:10] [425/458] SDDJ
[04:23:11] [426/458] SLTU
[04:23:12] [427/458] SAKA
[04:23:13] [428/458] PMAM
[04:23:14] [429/458] FNAM
[04:23:15] [430/458] ACAM
[04:23:16] [431/458] SCMM
[04:23:17] [432/458] PMAK
[04:23:18] [433/458] NYSA
[04:23:18] 🔄 Identity reset
[04:23:18] 🔄 Identity rotated (every 10 requests)
[04:23:19] [434/458] FCPA
[04:23:20] [435/458] GDAN
[04:23:21] [436/458] RSCA
[04:23:21] [437/458] DMAN
[04:23:22] [438/458] DZCM
[04:23:24] [439/458] NSGL
[04:23:25] [440/458] CCPP
[04:23:26] [441/458] PSMG
[04:23:27] [442/458] GSER
[04:23:28] [443/458] FCCT
[04:23:29] 🔄 Identity reset
[04:23:29] 🔄 Identity rotated (every 10 requests)
[04:23:30] [444/458] FCTB
[04:23:31] [445/458] LCNK
[04:23:32] [446/458] SKTY
[04:23:32] [447/458] INAA
[04:23:33] [448/458] RCWN
[04:23:34] [449/458] VAIS
[04:23:35] [450/458] CVMN
[04:23:36] [451/458] INTS
[04:23:37] [452/458] FRGS
[04:23:38] [453/458] DTCK
[04:23:38] 🔄 Identity reset
[04:23:38] 🔄 Identity rotated (every 10 requests)
[04:23:39] [454/458] MCMH
[04:23:40] [455/458] ECRR
[04:23:41] [456/458] RLLP
[04:23:42] [457/458] CCSN
[04:23:43] [458/458] CCBA
[04:23:44] ✅ DONE | Shows=1 | Movies=1
[05:16:40] 🚀 BMS DAILY TRACKER STARTED (enhanced anti‑detection)
[05:16:40] [1/458] MBDC
[05:16:41] 🧠 New identity created
[05:16:41] [2/458] CHKM
[05:16:42] [3/458] JTKZ
[05:16:43] [4/458] CMCT
[05:16:44] [5/458] ASHO
[05:16:45] [6/458] ECDG
[05:16:46] [7/458] SPAT
[05:16:46] [8/458] HILC
[05:16:47] [9/458] SPPH
[05:16:48] [10/458] SBHN
[05:16:49] 🔄 Identity reset
[05:16:49] 🔄 Identity rotated (every 10 requests)
[05:16:49] [11/458] RRCA
[05:16:50] [12/458] APAA
[05:16:51] [13/458] RAME
[05:16:52] [14/458] TMMS
[05:16:53] [15/458] BATK
[05:16:54] [16/458] LKOP
[05:16:55] [17/458] AMTT
[05:16:56] [18/458] PTGK
[05:16:56] [19/458] ANRS
[05:16:58] [20/458] VWBW
[05:16:59] 🔄 Identity reset
[05:16:59] 🔄 Identity rotated (every 10 requests)
[05:16:59] [21/458] SVFG
[05:17:00] [22/458] STAT
[05:17:01] [23/458] GDCV
[05:17:01] [24/458] VEBI
[05:17:02] [25/458] VDSS
[05:17:03] [26/458] NTHV
[05:17:04] [27/458] AOCH
[05:17:05] [28/458] KASR
[05:17:06] [29/458] AYCS
[05:17:07] [30/458] SHAI
[05:17:07] 🔄 Identity reset
[05:17:07] 🔄 Identity rotated (every 10 requests)
[05:17:08] [31/458] SKPE
[05:17:09] [32/458] SBTA
[05:17:11] [33/458] RTTD
[05:17:11] [34/458] CCJD
[05:17:12] [35/458] RSJJ
[05:17:13] [36/458] RKND
[05:17:14] [37/458] SVTX
[05:17:15] [38/458] BAKM
[05:17:16] [39/458] SVDC
[05:17:17] [40/458] MNCV
[05:17:17] 🔄 Identity reset
[05:17:17] 🔄 Identity rotated (every 10 requests)
[05:17:18] [41/458] SJGC
[05:17:19] [42/458] MTPK
[05:17:20] [43/458] GATP
[05:17:21] [44/458] ABTS
[05:17:21] [45/458] ABDE
[05:17:22] [46/458] RCNM
[05:17:23] [47/458] KTHV
[05:17:24] [48/458] MDGJ
[05:17:25] [49/458] SMLM
[05:17:26] [50/458] JTMA
[05:17:27] 🔄 Identity reset
[05:17:27] 🔄 Identity rotated (every 10 requests)
[05:17:27] [51/458] ACKP
[05:17:28] [52/458] SRTA
[05:17:29] [53/458] STAY
[05:17:30] [54/458] MAVO
[05:17:31] [55/458] APTS
[05:17:31] [56/458] OMEA
[05:17:32] [57/458] TTFD
[05:17:33] [58/458] MJCU
[05:17:34] [59/458] CXTE
[05:17:35] [60/458] CTPX
[05:17:36] 🔄 Identity reset
[05:17:36] 🔄 Identity rotated (every 10 requests)
[05:17:36] [61/458] ASSL
[05:17:37] [62/458] CMVB
[05:17:39] [63/458] VPUR
[05:17:40] [64/458] JJDA
[05:17:41] [65/458] INBL
[05:17:42] [66/458] BIKB
[05:17:43] [67/458] NTBB
[05:17:44] [68/458] GLOB
[05:17:45] [69/458] SNTB
[05:17:45] [70/458] CHGV
[05:17:46] 🔄 Identity reset
[05:17:46] 🔄 Identity rotated (every 10 requests)
[05:17:47] [71/458] SSBZ
[05:17:48] [72/458] PRDB
[05:17:49] [73/458] ISMT
[05:17:50] [74/458] MCSD
[05:17:51] [75/458] JBTT
[05:17:51] [76/458] GEKR
[05:17:53] [77/458] PVUN
[05:17:54] [78/458] NRTB
[05:17:55] [79/458] PRAA
[05:17:55] [80/458] PCBL
[05:17:56] 🔄 Identity reset
[05:17:56] 🔄 Identity rotated (every 10 requests)
[05:17:56] [81/458] PTCM
[05:17:57] [82/458] KHNN
[05:17:58] [83/458] OMJE
[05:17:59] [84/458] STGN
[05:18:00] [85/458] RPMS
[05:18:01] [86/458] NWAD
[05:18:02] [87/458] BLCK
[05:18:03] [88/458] SVAA
[05:18:03] [89/458] URVM
[05:18:04] [90/458] ANTM
[05:18:05] 🔄 Identity reset
[05:18:05] 🔄 Identity rotated (every 10 requests)
[05:18:06] [91/458] VJYM
[05:18:07] [92/458] MAZZ
[05:18:07] [93/458] CSHM
[05:18:08] [94/458] WGMH
[05:18:09] [95/458] SALN
[05:18:10] [96/458] BRTP
[05:18:11] [97/458] SVTA
[05:18:12] [98/458] SBTP
[05:18:13] [99/458] VLSS
[05:18:14] [100/458] SRJA
[05:18:15] 🔄 Identity reset
[05:18:15] 🔄 Identity rotated (every 10 requests)
[05:18:15] [101/458] ANCG
[05:18:16] [102/458] CGGC
[05:18:17] [103/458] CRJA
[05:18:18] [104/458] USCR
[05:18:19] [105/458] MMEF
[05:18:20] [106/458] JCRJ
[05:18:21] [107/458] ADCM
[05:18:22] [108/458] BMYK
[05:18:23] [109/458] KICS
[05:18:24] [110/458] MBBT
[05:18:25] 🔄 Identity reset
[05:18:25] 🔄 Identity rotated (every 10 requests)
[05:18:26] [111/458] MACK
[05:18:28] [112/458] CLDR
[05:18:29] [113/458] JYCR
[05:18:29] [114/458] DCRP
[05:18:30] [115/458] RAHT
[05:18:31] [116/458] CSSM
[05:18:32] [117/458] ATPK
[05:18:33] [118/458] KLRT
[05:18:34] [119/458] SRDD
[05:18:35] [120/458] CKMC
[05:18:36] 🔄 Identity reset
[05:18:36] 🔄 Identity rotated (every 10 requests)
[05:18:36] [121/458] KRVM
[05:18:37] [122/458] AKCP
[05:18:38] [123/458] CNCV
[05:18:39] [124/458] PACT
[05:18:39] [125/458] NATP
[05:18:41] [126/458] PCPK
[05:18:43] [127/458] SMHO
[05:18:44] [128/458] CWTK
[05:18:45] [129/458] RVKZ
[05:18:46] [130/458] ASPD
[05:18:46] 🔄 Identity reset
[05:18:46] 🔄 Identity rotated (every 10 requests)
[05:18:47] [131/458] VTKZ
[05:18:48] [132/458] LCSO
[05:18:49] [133/458] PRDY
[05:18:50] [134/458] RCAP
[05:18:50] [135/458] RGAR
[05:18:51] [136/458] RCAC
[05:18:52] [137/458] PMOD
[05:18:53] [138/458] PVCN
[05:18:54] [139/458] SCRZ
[05:18:55] [140/458] PVPC
[05:18:56] 🔄 Identity reset
[05:18:56] 🔄 Identity rotated (every 10 requests)
[05:18:56] [141/458] STID
[05:18:57] [142/458] NEDD
[05:18:58] [143/458] BNBA
[05:18:58] [144/458] NTCD
[05:18:59] [145/458] OCDE
[05:19:00] [146/458] CCDU
[05:19:01] [147/458] CRXH
[05:19:02] [148/458] VLVT
[05:19:03] [149/458] CICI
[05:19:04] [150/458] SUCB
[05:19:04] 🔄 Identity reset
[05:19:04] 🔄 Identity rotated (every 10 requests)
[05:19:05] [151/458] TCBP
[05:19:05] [152/458] SCCY
[05:19:06] [153/458] LXCY
[05:19:07] [154/458] NCMD
[05:19:08] [155/458] PHCS
[05:19:09] [156/458] DUXR
[05:19:10] [157/458] VNKS
[05:19:10] [158/458] SEDP
[05:19:11] [159/458] SVEN
[05:19:12] [160/458] SRKM
[05:19:13] 🔄 Identity reset
[05:19:13] 🔄 Identity rotated (every 10 requests)
[05:19:13] [161/458] JTLT
[05:19:14] [162/458] SVSS
[05:19:16] [163/458] AMDE
[05:19:17] [164/458] WVRN
[05:19:17] [165/458] ISMG
[05:19:18] [166/458] WVKS
[05:19:19] [167/458] USCG
[05:19:20] [168/458] IOTG
[05:19:21] [169/458] RRJM
[05:19:22] [170/458] EDMP
[05:19:23] 🔄 Identity reset
[05:19:23] 🔄 Identity rotated (every 10 requests)
[05:19:23] [171/458] SCGZ
[05:19:24] [172/458] GMGX
[05:19:25] [173/458] OMTP
[05:19:26] [174/458] MITD
[05:19:27] [175/458] SMMD
[05:19:28] [176/458] STML
[05:19:29] [177/458] MCFS
[05:19:30] [178/458] FPKA
[05:19:31] [179/458] OMLR
[05:19:33] [180/458] KKSC
[05:19:33] 🔄 Identity reset
[05:19:33] 🔄 Identity rotated (every 10 requests)
[05:19:34] [181/458] RVMA
[05:19:35] [182/458] SCLL
[05:19:36] [183/458] SCDK
[05:19:36] [184/458] SXMI
[05:19:37] [185/458] SHDN
[05:19:38] [186/458] PAAD
[05:19:39] [187/458] UUCB
[05:19:41] [188/458] JHOL
[05:19:42] [189/458] SGWT
[05:19:43] [190/458] SRII
[05:19:43] 🔄 Identity reset
[05:19:43] 🔄 Identity rotated (every 10 requests)
[05:19:44] [191/458] SGCK
[05:19:44] [192/458] SVVB
[05:19:46] [193/458] DMHA
[05:19:48] [194/458] PPNL
[05:19:49] [195/458] CPNL
[05:19:50] [196/458] WVLD
[05:19:51] [197/458] PSLV
[05:19:52] [198/458] VTTL
[05:19:52] [199/458] NPAD
[05:19:53] [200/458] PVCS
[05:19:54] 🔄 Identity reset
[05:19:54] 🔄 Identity rotated (every 10 requests)
[05:19:54] [201/458] MCHL
[05:19:55] [202/458] PPLL
[05:19:56] [203/458] MALO
[05:19:58] [204/458] SWBH
[05:19:58] [205/458] PUGB
[05:19:59] [206/458] INBB
[05:20:01] [207/458] INNS
[05:20:02] [208/458] MCPT
[05:20:02] [209/458] SCMI
[05:20:04] [210/458] OCON
[05:20:04] 🔄 Identity reset
[05:20:04] 🔄 Identity rotated (every 10 requests)
[05:20:04] 🔄 Retry 1/5 for OCON in 2.6s
[05:20:04] 🔄 Identity reset
[05:20:07] 🧠 New identity created
[05:20:07] [211/458] SCSM
[05:20:08] [212/458] RJVN
[05:20:09] [213/458] AMDK
[05:20:10] [214/458] ISMR
[05:20:11] [215/458] SMTD
[05:20:12] [216/458] VTDD
[05:20:13] [217/458] PDDZ
[05:20:13] [218/458] PCCK
[05:20:14] [219/458] INAM
[05:20:15] 🔄 Identity reset
[05:20:15] 🔄 Identity rotated (every 10 requests)
[05:20:15] [220/458] FNKT
[05:20:16] [221/458] GDKA
[05:20:17] [222/458] MAYU
[05:20:18] [223/458] TCGU
[05:20:19] [224/458] KDCA
[05:20:20] [225/458] DOMY
[05:20:21] [226/458] PDDD
[05:20:22] [227/458] BJTS
[05:20:22] [228/458] VTCA
[05:20:23] [229/458] SBTM
[05:20:24] 🔄 Identity reset
[05:20:24] 🔄 Identity rotated (every 10 requests)
[05:20:24] [230/458] SEET
[05:20:25] [231/458] SSTJ
[05:20:26] [232/458] SVNT
[05:20:27] [233/458] PPPR
[05:20:28] [234/458] PVYS
[05:20:29] [235/458] IOSE
[05:20:30] [236/458] ACTV
[05:20:30] [237/458] APVE
[05:20:31] [238/458] TCCL
[05:20:32] [239/458] SCMO
[05:20:33] 🔄 Identity reset
[05:20:33] 🔄 Identity rotated (every 10 requests)
[05:20:33] [240/458] SAUM
[05:20:34] [241/458] KCJS
[05:20:35] [242/458] NJCJ
[05:20:36] [243/458] NECF
[05:20:37] [244/458] CCGW
[05:20:39] [245/458] CCMG
[05:20:40] [246/458] NYRG
[05:20:41] [247/458] NCSQ
[05:20:42] [248/458] GRCG
[05:20:43] [249/458] CCBT
[05:20:43] 🔄 Identity reset
[05:20:44] 🔄 Identity rotated (every 10 requests)
[05:20:44] [250/458] ACGA
[05:20:45] [251/458] INAG
[05:20:46] [252/458] FUCG
[05:20:46] [253/458] AICF
[05:20:47] [254/458] GRGA
[05:20:48] [255/458] GDCN
[05:20:50] [256/458] RRCG
[05:20:50] [257/458] SDCH
[05:20:51] [258/458] WVJM
[05:20:52] [259/458] JCCZ
[05:20:53] 🔄 Identity reset
[05:20:53] 🔄 Identity rotated (every 10 requests)
[05:20:53] [260/458] CNCL
[05:20:54] [261/458] TMLV
[05:20:55] [262/458] MEMB
[05:20:56] [263/458] SGTD
[05:20:57] [264/458] CONX
[05:20:58] [265/458] CCMH
[05:20:59] [266/458] ACMC
[05:21:00] [267/458] DTPD
[05:21:01] [268/458] POJA
[05:21:02] [269/458] FNBH
[05:21:03] 🔄 Identity reset
[05:21:03] 🔄 Identity rotated (every 10 requests)
[05:21:03] [270/458] CGCB
[05:21:04] [271/458] RACN
[05:21:05] [272/458] JTSM
[05:21:06] [273/458] SCDN
[05:21:07] [274/458] AACK
[05:21:08] [275/458] RMCE
[05:21:09] [276/458] BSGB
[05:21:10] [277/458] MRCB
[05:21:11] [278/458] SRVR
[05:21:12] [279/458] VTKK
[05:21:13] 🔄 Identity reset
[05:21:13] 🔄 Identity rotated (every 10 requests)
[05:21:13] [280/458] AMST
[05:21:14] [281/458] APCY
[05:21:15] [282/458] LMHO
[05:21:16] [283/458] MTZH
[05:21:17] [284/458] AMZB
[05:21:18] [285/458] SUVT
[05:21:19] [286/458] RCIP
[05:21:19] [287/458] KESR
[05:21:21] [288/458] SNKC
[05:21:22] [289/458] SCED
[05:21:23] 🔄 Identity reset
[05:21:23] 🔄 Identity rotated (every 10 requests)
[05:21:23] [290/458] DVCA
[05:21:24] [291/458] VCDT
[05:21:25] [292/458] RRDI
[05:21:26] [293/458] DFCH
[05:21:27] [294/458] INSC
[05:21:28] [295/458] RGTR
[05:21:29] [296/458] FMOT
[05:21:30] [297/458] SCPM
[05:21:31] [298/458] GCDT
[05:21:32] [299/458] BRKT
[05:21:32] 🔄 Identity reset
[05:21:32] 🔄 Identity rotated (every 10 requests)
[05:21:33] [300/458] DEMP
[05:21:34] [301/458] SRLC
[05:21:35] [302/458] KSTT
[05:21:36] [303/458] SMMT
[05:21:36] [304/458] SILM
[05:21:37] [305/458] JCVM
[05:21:38] [306/458] KCSV
[05:21:39] [307/458] MHLK
[05:21:40] [308/458] SLVL
[05:21:41] [309/458] RJKP
[05:21:42] 🔄 Identity reset
[05:21:42] 🔄 Identity rotated (every 10 requests)
[05:21:42] [310/458] BBPC
[05:21:43] [311/458] MXCB
[05:21:44] [312/458] TCPK
[05:21:45] [313/458] RTBR
[05:21:46] [314/458] GAUT
[05:21:47] [315/458] DVCF
[05:21:47] [316/458] JTSB
[05:21:48] [317/458] SBLS
[05:21:49] [318/458] UDAY
[05:21:50] [319/458] PTNP
[05:21:51] 🔄 Identity reset
[05:21:51] 🔄 Identity rotated (every 10 requests)
[05:21:51] [320/458] DMKT
[05:21:52] [321/458] NTDT
[05:21:53] [322/458] SHDJ
[05:21:54] [323/458] OTNC
[05:21:55] [324/458] RNTW
[05:21:55] [325/458] GCMI
[05:21:56] [326/458] CRCM
[05:21:57] [327/458] NNCZ
[05:21:58] [328/458] OEMO
[05:21:59] [329/458] PVJM
[05:22:00] 🔄 Identity reset
[05:22:00] 🔄 Identity rotated (every 10 requests)
[05:22:00] [330/458] CPJI
[05:22:01] [331/458] RMCJ
[05:22:02] [332/458] CNWJ
[05:22:03] [333/458] EPJM
[05:22:04] [334/458] FNJJ
[05:22:05] [335/458] GCMJ
[05:22:06] [336/458] INPS
[05:22:06] [337/458] BICJ
[05:22:07] [338/458] ISTJ
[05:22:08] [339/458] INJC
[05:22:09] 🔄 Identity reset
[05:22:09] 🔄 Identity rotated (every 10 requests)
[05:22:09] 🔄 Retry 1/5 for INJC in 2.5s
[05:22:09] 🔄 Identity reset
[05:22:12] 🧠 New identity created
[05:22:12] [340/458] GLXJ
[05:22:14] [341/458] INEM
[05:22:15] [342/458] JTMN
[05:22:16] [343/458] FRCJ
[05:22:17] [344/458] DDJP
[05:22:19] [345/458] INJV
[05:22:20] [346/458] GOLC
[05:22:21] [347/458] KOCI
[05:22:21] [348/458] FSTD
[05:22:22] 🔄 Identity reset
[05:22:22] 🔄 Identity rotated (every 10 requests)
[05:22:22] [349/458] PACJ
[05:22:23] [350/458] GMCN
[05:22:24] [351/458] MMDJ
[05:22:25] [352/458] GODH
[05:22:26] [353/458] SKYN
[05:22:27] [354/458] NCTH
[05:22:28] [355/458] SKVZ
[05:22:29] [356/458] SVML
[05:22:30] [357/458] ACVZ
[05:22:31] [358/458] SURA
[05:22:32] 🔄 Identity reset
[05:22:32] 🔄 Identity rotated (every 10 requests)
[05:22:32] [359/458] RTRB
[05:22:33] [360/458] LLCT
[05:22:34] [361/458] ATTS
[05:22:35] [362/458] JYCM
[05:22:37] [363/458] CTKR
[05:22:38] [364/458] LCKR
[05:22:39] [365/458] NYCV
[05:22:39] [366/458] NYOH
[05:22:40] [367/458] NOVX
[05:22:41] [368/458] MRGK
[05:22:42] 🔄 Identity reset
[05:22:42] 🔄 Identity rotated (every 10 requests)
[05:22:42] [369/458] MOON
[05:22:44] [370/458] SBUC
[05:22:44] [371/458] GSVA
[05:22:45] [372/458] VIAK
[05:22:47] [373/458] SMVZ
[05:22:48] [374/458] MATE
[05:22:49] [375/458] RDCN
[05:22:50] [376/458] ASBL
[05:22:51] [377/458] ASVS
[05:22:52] [378/458] ASSR
[05:22:52] 🔄 Identity reset
[05:22:52] 🔄 Identity rotated (every 10 requests)
[05:22:53] [379/458] SSKN
[05:22:54] [380/458] DRPV
[05:22:55] [381/458] MRHT
[05:22:56] [382/458] BSCN
[05:22:57] [383/458] RKNX
[05:22:58] [384/458] MSMC
[05:22:59] [385/458] MSCJ
[05:23:00] [386/458] BTBJ
[05:23:01] [387/458] MJCC
[05:23:01] [388/458] IOMM
[05:23:02] 🔄 Identity reset
[05:23:02] 🔄 Identity rotated (every 10 requests)
[05:23:03] [389/458] ADGR
[05:23:04] [390/458] MYCP
[05:23:05] [391/458] IGCM
[05:23:06] [392/458] PGRK
[05:23:07] [393/458] VPGO
[05:23:08] [394/458] KOMS
[05:23:09] [395/458] URGG
[05:23:10] [396/458] GOST
[05:23:11] [397/458] LACT
[05:23:12] [398/458] BWCM
[05:23:13] 🔄 Identity reset
[05:23:13] 🔄 Identity rotated (every 10 requests)
[05:23:14] [399/458] NCCW
[05:23:15] [400/458] SKYC
[05:23:16] [401/458] CCPM
[05:23:16] [402/458] VCBT
[05:23:17] [403/458] SDKR
[05:23:18] [404/458] CTYB
[05:23:19] [405/458] SHCX
[05:23:20] [406/458] RCUN
[05:23:21] [407/458] CNRA
[05:23:22] [408/458] RFCA
[05:23:22] 🔄 Identity reset
[05:23:22] 🔄 Identity rotated (every 10 requests)
[05:23:23] [409/458] RDCU
[05:23:24] [410/458] SARK
[05:23:25] [411/458] SPPP
[05:23:26] [412/458] ADMB
[05:23:27] [413/458] JYOE
[05:23:28] [414/458] SRMD
[05:23:29] [415/458] RJDH
[05:23:30] [416/458] SSTD
[05:23:31] [417/458] AACV
[05:23:32] [418/458] PPVD
[05:23:33] 🔄 Identity reset
[05:23:33] 🔄 Identity rotated (every 10 requests)
[05:23:33] [419/458] STCP
[05:23:34] [420/458] ANLS
[05:23:35] [421/458] BIJO
[05:23:36] [422/458] AVAB
[05:23:37] [423/458] SPMD
[05:23:38] [424/458] SVJL
[05:23:40] [425/458] SDDJ
[05:23:40] [426/458] SLTU
[05:23:41] [427/458] SAKA
[05:23:42] [428/458] PMAM
[05:23:43] 🔄 Identity reset
[05:23:43] 🔄 Identity rotated (every 10 requests)
[05:23:44] [429/458] FNAM
[05:23:45] [430/458] ACAM
[05:23:46] [431/458] SCMM
[05:23:46] [432/458] PMAK
[05:23:47] [433/458] NYSA
[05:23:48] [434/458] FCPA
[05:23:49] [435/458] GDAN
[05:23:50] [436/458] RSCA
[05:23:51] [437/458] DMAN
[05:23:52] [438/458] DZCM
[05:23:53] 🔄 Identity reset
[05:23:53] 🔄 Identity rotated (every 10 requests)
[05:23:53] [439/458] NSGL
[05:23:54] [440/458] CCPP
[05:23:55] [441/458] PSMG
[05:23:56] [442/458] GSER
[05:23:57] [443/458] FCCT
[05:23:58] [444/458] FCTB
[05:23:58] [445/458] LCNK
[05:23:59] [446/458] SKTY
[05:24:00] [447/458] INAA
[05:24:01] [448/458] RCWN
[05:24:01] 🔄 Identity reset
[05:24:01] 🔄 Identity rotated (every 10 requests)
[05:24:02] [449/458] VAIS
[05:24:03] [450/458] CVMN
[05:24:04] [451/458] INTS
[05:24:05] [452/458] FRGS
[05:24:06] [453/458] DTCK
[05:24:07] [454/458] MCMH
[05:24:08] [455/458] ECRR
[05:24:10] [456/458] RLLP
[05:24:11] [457/458] CCSN
[05:24:11] [458/458] CCBA
[05:24:12] 🔄 Identity reset
[05:24:12] 🔄 Identity rotated (every 10 requests)
[05:24:13] ✅ DONE | Shows=12 | Movies=5
[06:05:58] 🚀 BMS DAILY TRACKER STARTED (enhanced anti‑detection)
[06:05:58] [1/458] MBDC
[06:05:59] 🧠 New identity created
[06:05:59] [2/458] CHKM
[06:06:00] [3/458] JTKZ
[06:06:01] [4/458] CMCT
[06:06:02] [5/458] ASHO
[06:06:03] [6/458] ECDG
[06:06:03] [7/458] SPAT
[06:06:04] [8/458] HILC
[06:06:06] [9/458] SPPH
[06:06:07] [10/458] SBHN
[06:06:08] 🔄 Identity reset
[06:06:08] 🔄 Identity rotated (every 10 requests)
[06:06:09] [11/458] RRCA
[06:06:10] [12/458] APAA
[06:06:11] [13/458] RAME
[06:06:12] [14/458] TMMS
[06:06:13] [15/458] BATK
[06:06:14] [16/458] LKOP
[06:06:15] [17/458] AMTT
[06:06:16] [18/458] PTGK
[06:06:17] [19/458] ANRS
[06:06:18] [20/458] VWBW
[06:06:18] 🔄 Identity reset
[06:06:18] 🔄 Identity rotated (every 10 requests)
[06:06:19] [21/458] SVFG
[06:06:20] [22/458] STAT
[06:06:21] [23/458] GDCV
[06:06:22] [24/458] VEBI
[06:06:23] [25/458] VDSS
[06:06:24] [26/458] NTHV
[06:06:24] [27/458] AOCH
[06:06:25] [28/458] KASR
[06:06:26] [29/458] AYCS
[06:06:27] [30/458] SHAI
[06:06:27] 🔄 Identity reset
[06:06:28] 🔄 Identity rotated (every 10 requests)
[06:06:28] [31/458] SKPE
[06:06:29] [32/458] SBTA
[06:06:31] [33/458] RTTD
[06:06:32] [34/458] CCJD
[06:06:33] [35/458] RSJJ
[06:06:35] [36/458] RKND
[06:06:36] [37/458] SVTX
[06:06:37] [38/458] BAKM
[06:06:38] [39/458] SVDC
[06:06:39] [40/458] MNCV
[06:06:39] 🔄 Identity reset
[06:06:39] 🔄 Identity rotated (every 10 requests)
[06:06:39] [41/458] SJGC
[06:06:40] [42/458] MTPK
[06:06:41] [43/458] GATP
[06:06:42] [44/458] ABTS
[06:06:43] [45/458] ABDE
[06:06:44] [46/458] RCNM
[06:06:45] [47/458] KTHV
[06:06:46] [48/458] MDGJ
[06:06:46] [49/458] SMLM
[06:06:47] [50/458] JTMA
[06:06:48] 🔄 Identity reset
[06:06:48] 🔄 Identity rotated (every 10 requests)
[06:06:49] [51/458] ACKP
[06:06:50] [52/458] SRTA
[06:06:50] [53/458] STAY
[06:06:51] [54/458] MAVO
[06:06:52] [55/458] APTS
[06:06:53] [56/458] OMEA
[06:06:55] [57/458] TTFD
[06:06:56] [58/458] MJCU
[06:06:57] [59/458] CXTE
[06:06:58] [60/458] CTPX
[06:06:58] 🔄 Identity reset
[06:06:58] 🔄 Identity rotated (every 10 requests)
[06:06:59] [61/458] ASSL
[06:07:00] [62/458] CMVB
[06:07:02] [63/458] VPUR
[06:07:04] [64/458] JJDA
[06:07:04] [65/458] INBL
[06:07:05] [66/458] BIKB
[06:07:06] [67/458] NTBB
[06:07:07] [68/458] GLOB
[06:07:08] [69/458] SNTB
[06:07:09] [70/458] CHGV
[06:07:09] 🔄 Identity reset
[06:07:09] 🔄 Identity rotated (every 10 requests)
[06:07:10] [71/458] SSBZ
[06:07:10] [72/458] PRDB
[06:07:12] [73/458] ISMT
[06:07:13] [74/458] MCSD
[06:07:14] [75/458] JBTT
[06:07:15] [76/458] GEKR
[06:07:16] [77/458] PVUN
[06:07:17] [78/458] NRTB
[06:07:18] [79/458] PRAA
[06:07:19] [80/458] PCBL
[06:07:19] 🔄 Identity reset
[06:07:19] 🔄 Identity rotated (every 10 requests)
[06:07:20] [81/458] PTCM
[06:07:20] [82/458] KHNN
[06:07:21] [83/458] OMJE
[06:07:22] [84/458] STGN
[06:07:23] [85/458] RPMS
[06:07:24] [86/458] NWAD
[06:07:25] [87/458] BLCK
[06:07:26] [88/458] SVAA
[06:07:27] [89/458] URVM
[06:07:28] [90/458] ANTM
[06:07:28] 🔄 Identity reset
[06:07:28] 🔄 Identity rotated (every 10 requests)
[06:07:29] [91/458] VJYM
[06:07:30] [92/458] MAZZ
[06:07:30] [93/458] CSHM
[06:07:31] [94/458] WGMH
[06:07:32] [95/458] SALN
[06:07:33] [96/458] BRTP
[06:07:34] [97/458] SVTA
[06:07:35] [98/458] SBTP
[06:07:35] [99/458] VLSS
[06:07:36] [100/458] SRJA
[06:07:37] 🔄 Identity reset
[06:07:37] 🔄 Identity rotated (every 10 requests)
[06:07:37] [101/458] ANCG
[06:07:38] [102/458] CGGC
[06:07:39] [103/458] CRJA
[06:07:40] [104/458] USCR
[06:07:41] [105/458] MMEF
[06:07:42] [106/458] JCRJ
[06:07:42] [107/458] ADCM
[06:07:43] [108/458] BMYK
[06:07:44] [109/458] KICS
[06:07:45] [110/458] MBBT
[06:07:45] 🔄 Identity reset
[06:07:45] 🔄 Identity rotated (every 10 requests)
[06:07:46] [111/458] MACK
[06:07:46] [112/458] CLDR
[06:07:48] [113/458] JYCR
[06:07:49] [114/458] DCRP
[06:07:49] [115/458] RAHT
[06:07:51] [116/458] CSSM
[06:07:53] [117/458] ATPK
[06:07:54] [118/458] KLRT
[06:07:55] [119/458] SRDD
[06:07:56] [120/458] CKMC
[06:07:57] 🔄 Identity reset
[06:07:57] 🔄 Identity rotated (every 10 requests)
[06:07:57] [121/458] KRVM
[06:07:58] [122/458] AKCP
[06:07:59] [123/458] CNCV
[06:08:00] [124/458] PACT
[06:08:00] [125/458] NATP
[06:08:01] [126/458] PCPK
[06:08:02] [127/458] SMHO
[06:08:03] [128/458] CWTK
[06:08:04] [129/458] RVKZ
[06:08:05] [130/458] ASPD
[06:08:05] 🔄 Identity reset
[06:08:05] 🔄 Identity rotated (every 10 requests)
[06:08:05] [131/458] VTKZ
[06:08:07] [132/458] LCSO
[06:08:08] [133/458] PRDY
[06:08:09] [134/458] RCAP
[06:08:10] [135/458] RGAR
[06:08:11] [136/458] RCAC
[06:08:12] [137/458] PMOD
[06:08:13] [138/458] PVCN
[06:08:13] [139/458] SCRZ
[06:08:14] [140/458] PVPC
[06:08:15] 🔄 Identity reset
[06:08:15] 🔄 Identity rotated (every 10 requests)
[06:08:15] [141/458] STID
[06:08:16] [142/458] NEDD
[06:08:16] [143/458] BNBA
[06:08:17] [144/458] NTCD
[06:08:18] [145/458] OCDE
[06:08:19] [146/458] CCDU
[06:08:20] [147/458] CRXH
[06:08:21] [148/458] VLVT
[06:08:22] [149/458] CICI
[06:08:23] [150/458] SUCB
[06:08:24] 🔄 Identity reset
[06:08:24] 🔄 Identity rotated (every 10 requests)
[06:08:24] [151/458] TCBP
[06:08:25] [152/458] SCCY
[06:08:25] [153/458] LXCY
[06:08:26] [154/458] NCMD
[06:08:27] [155/458] PHCS
[06:08:28] [156/458] DUXR
[06:08:29] [157/458] VNKS
[06:08:30] [158/458] SEDP
[06:08:31] [159/458] SVEN
[06:08:31] [160/458] SRKM
[06:08:32] 🔄 Identity reset
[06:08:32] 🔄 Identity rotated (every 10 requests)
[06:08:32] [161/458] JTLT
[06:08:33] [162/458] SVSS
[06:08:34] [163/458] AMDE
[06:08:35] [164/458] WVRN
[06:08:36] [165/458] ISMG
[06:08:37] [166/458] WVKS
[06:08:38] [167/458] USCG
[06:08:39] [168/458] IOTG
[06:08:40] [169/458] RRJM
[06:08:41] [170/458] EDMP
[06:08:41] 🔄 Identity reset
[06:08:41] 🔄 Identity rotated (every 10 requests)
[06:08:41] [171/458] SCGZ
[06:08:42] [172/458] GMGX
[06:08:43] [173/458] OMTP
[06:08:44] [174/458] MITD
[06:08:45] [175/458] SMMD
[06:08:45] [176/458] STML
[06:08:46] [177/458] MCFS
[06:08:47] [178/458] FPKA
[06:08:48] [179/458] OMLR
[06:08:49] [180/458] KKSC
[06:08:50] 🔄 Identity reset
[06:08:50] 🔄 Identity rotated (every 10 requests)
[06:08:50] [181/458] RVMA
[06:08:51] [182/458] SCLL
[06:08:52] [183/458] SCDK
[06:08:52] [184/458] SXMI
[06:08:53] [185/458] SHDN
[06:08:54] [186/458] PAAD
[06:08:55] [187/458] UUCB
[06:08:56] [188/458] JHOL
[06:08:57] [189/458] SGWT
[06:08:57] [190/458] SRII
[06:08:58] 🔄 Identity reset
[06:08:58] 🔄 Identity rotated (every 10 requests)
[06:08:59] [191/458] SGCK
[06:08:59] [192/458] SVVB
[06:09:00] [193/458] DMHA
[06:09:01] [194/458] PPNL
[06:09:02] [195/458] CPNL
[06:09:03] [196/458] WVLD
[06:09:04] [197/458] PSLV
[06:09:05] [198/458] VTTL
[06:09:06] [199/458] NPAD
[06:09:06] [200/458] PVCS
[06:09:07] 🔄 Identity reset
[06:09:07] 🔄 Identity rotated (every 10 requests)
[06:09:07] [201/458] MCHL
[06:09:08] [202/458] PPLL
[06:09:09] [203/458] MALO
[06:09:10] [204/458] SWBH
[06:09:10] [205/458] PUGB
[06:09:11] [206/458] INBB
[06:09:12] [207/458] INNS
[06:09:13] [208/458] MCPT
[06:09:14] [209/458] SCMI
[06:09:14] [210/458] OCON
[06:09:15] 🔄 Identity reset
[06:09:15] 🔄 Identity rotated (every 10 requests)
[06:09:15] [211/458] SCSM
[06:09:16] [212/458] RJVN
[06:09:17] [213/458] AMDK
[06:09:17] [214/458] ISMR
[06:09:18] [215/458] SMTD
[06:09:19] [216/458] VTDD
[06:09:20] [217/458] PDDZ
[06:09:20] [218/458] PCCK
[06:09:21] [219/458] INAM
[06:09:22] [220/458] FNKT
[06:09:22] 🔄 Identity reset
[06:09:22] 🔄 Identity rotated (every 10 requests)
[06:09:23] [221/458] GDKA
[06:09:24] [222/458] MAYU
[06:09:25] [223/458] TCGU
[06:09:26] [224/458] KDCA
[06:09:27] [225/458] DOMY
[06:09:28] [226/458] PDDD
[06:09:29] [227/458] BJTS
[06:09:30] [228/458] VTCA
[06:09:31] [229/458] SBTM
[06:09:31] [230/458] SEET
[06:09:32] 🔄 Identity reset
[06:09:32] 🔄 Identity rotated (every 10 requests)
[06:09:32] 🔄 Retry 1/5 for SEET in 2.2s
[06:09:32] 🔄 Identity reset
[06:09:34] 🧠 New identity created
[06:09:34] [231/458] SSTJ
[06:09:35] [232/458] SVNT
[06:09:35] [233/458] PPPR
[06:09:36] [234/458] PVYS
[06:09:37] [235/458] IOSE
[06:09:38] [236/458] ACTV
[06:09:39] [237/458] APVE
[06:09:40] [238/458] TCCL
[06:09:41] [239/458] SCMO
[06:09:41] 🔄 Identity reset
[06:09:41] 🔄 Identity rotated (every 10 requests)
[06:09:42] [240/458] SAUM
[06:09:42] [241/458] KCJS
[06:09:43] [242/458] NJCJ
[06:09:44] [243/458] NECF
[06:09:45] [244/458] CCGW
[06:09:46] [245/458] CCMG
[06:09:47] [246/458] NYRG
[06:09:48] [247/458] NCSQ
[06:09:49] [248/458] GRCG
[06:09:50] [249/458] CCBT
[06:09:51] 🔄 Identity reset
[06:09:51] 🔄 Identity rotated (every 10 requests)
[06:09:51] [250/458] ACGA
[06:09:52] [251/458] INAG
[06:09:53] [252/458] FUCG
[06:09:54] [253/458] AICF
[06:09:54] [254/458] GRGA
[06:09:55] [255/458] GDCN
[06:09:56] [256/458] RRCG
[06:09:57] [257/458] SDCH
[06:09:58] [258/458] WVJM
[06:09:58] [259/458] JCCZ
[06:09:59] 🔄 Identity reset
[06:09:59] 🔄 Identity rotated (every 10 requests)
[06:09:59] [260/458] CNCL
[06:10:00] [261/458] TMLV
[06:10:00] [262/458] MEMB
[06:10:01] [263/458] SGTD
[06:10:02] [264/458] CONX
[06:10:03] [265/458] CCMH
[06:10:04] [266/458] ACMC
[06:10:05] [267/458] DTPD
[06:10:06] [268/458] POJA
[06:10:07] [269/458] FNBH
[06:10:08] 🔄 Identity reset
[06:10:08] 🔄 Identity rotated (every 10 requests)
[06:10:08] [270/458] CGCB
[06:10:08] [271/458] RACN
[06:10:09] [272/458] JTSM
[06:10:10] [273/458] SCDN
[06:10:11] [274/458] AACK
[06:10:12] [275/458] RMCE
[06:10:13] [276/458] BSGB
[06:10:14] [277/458] MRCB
[06:10:15] [278/458] SRVR
[06:10:16] [279/458] VTKK
[06:10:17] 🔄 Identity reset
[06:10:17] 🔄 Identity rotated (every 10 requests)
[06:10:17] [280/458] AMST
[06:10:18] [281/458] APCY
[06:10:19] [282/458] LMHO
[06:10:20] [283/458] MTZH
[06:10:20] [284/458] AMZB
[06:10:21] [285/458] SUVT
[06:10:22] [286/458] RCIP
[06:10:23] [287/458] KESR
[06:10:24] [288/458] SNKC
[06:10:25] [289/458] SCED
[06:10:25] 🔄 Identity reset
[06:10:25] 🔄 Identity rotated (every 10 requests)
[06:10:25] [290/458] DVCA
[06:10:26] [291/458] VCDT
[06:10:27] [292/458] RRDI
[06:10:28] [293/458] DFCH
[06:10:28] [294/458] INSC
[06:10:29] [295/458] RGTR
[06:10:30] [296/458] FMOT
[06:10:31] [297/458] SCPM
[06:10:32] [298/458] GCDT
[06:10:33] [299/458] BRKT
[06:10:34] 🔄 Identity reset
[06:10:34] 🔄 Identity rotated (every 10 requests)
[06:10:34] [300/458] DEMP
[06:10:35] [301/458] SRLC
[06:10:36] [302/458] KSTT
[06:10:37] [303/458] SMMT
[06:10:37] [304/458] SILM
[06:10:38] [305/458] JCVM
[06:10:39] [306/458] KCSV
[06:10:40] [307/458] MHLK
[06:10:41] [308/458] SLVL
[06:10:41] [309/458] RJKP
[06:10:42] 🔄 Identity reset
[06:10:42] 🔄 Identity rotated (every 10 requests)
[06:10:42] [310/458] BBPC
[06:10:43] [311/458] MXCB
[06:10:44] [312/458] TCPK
[06:10:45] [313/458] RTBR
[06:10:46] [314/458] GAUT
[06:10:46] [315/458] DVCF
[06:10:47] [316/458] JTSB
[06:10:48] [317/458] SBLS
[06:10:48] [318/458] UDAY
[06:10:49] [319/458] PTNP
[06:10:49] 🔄 Identity reset
[06:10:49] 🔄 Identity rotated (every 10 requests)
[06:10:50] 🔄 Retry 1/5 for PTNP in 2.8s
[06:10:50] 🔄 Identity reset
[06:10:52] 🧠 New identity created
[06:10:53] [320/458] DMKT
[06:10:54] [321/458] NTDT
[06:10:55] [322/458] SHDJ
[06:10:55] [323/458] OTNC
[06:10:56] [324/458] RNTW
[06:10:57] [325/458] GCMI
[06:10:58] [326/458] CRCM
[06:10:58] [327/458] NNCZ
[06:10:59] [328/458] OEMO
[06:11:00] 🔄 Identity reset
[06:11:00] 🔄 Identity rotated (every 10 requests)
[06:11:00] [329/458] PVJM
[06:11:01] [330/458] CPJI
[06:11:02] [331/458] RMCJ
[06:11:02] [332/458] CNWJ
[06:11:03] [333/458] EPJM
[06:11:04] [334/458] FNJJ
[06:11:04] [335/458] GCMJ
[06:11:05] [336/458] INPS
[06:11:06] [337/458] BICJ
[06:11:07] [338/458] ISTJ
[06:11:07] 🔄 Identity reset
[06:11:07] 🔄 Identity rotated (every 10 requests)
[06:11:08] [339/458] INJC
[06:11:09] [340/458] GLXJ
[06:11:09] [341/458] INEM
[06:11:10] [342/458] JTMN
[06:11:11] [343/458] FRCJ
[06:11:11] [344/458] DDJP
[06:11:12] [345/458] INJV
[06:11:13] [346/458] GOLC
[06:11:14] [347/458] KOCI
[06:11:14] [348/458] FSTD
[06:11:15] 🔄 Identity reset
[06:11:15] 🔄 Identity rotated (every 10 requests)
[06:11:15] [349/458] PACJ
[06:11:16] [350/458] GMCN
[06:11:16] [351/458] MMDJ
[06:11:17] [352/458] GODH
[06:11:19] [353/458] SKYN
[06:11:20] [354/458] NCTH
[06:11:21] [355/458] SKVZ
[06:11:22] [356/458] SVML
[06:11:23] [357/458] ACVZ
[06:11:24] [358/458] SURA
[06:11:24] 🔄 Identity reset
[06:11:24] 🔄 Identity rotated (every 10 requests)
[06:11:24] [359/458] RTRB
[06:11:25] [360/458] LLCT
[06:11:26] [361/458] ATTS
[06:11:27] [362/458] JYCM
[06:11:28] [363/458] CTKR
[06:11:28] [364/458] LCKR
[06:11:29] [365/458] NYCV
[06:11:29] [366/458] NYOH
[06:11:30] [367/458] NOVX
[06:11:31] [368/458] MRGK
[06:11:32] 🔄 Identity reset
[06:11:32] 🔄 Identity rotated (every 10 requests)
[06:11:32] [369/458] MOON
[06:11:33] [370/458] SBUC
[06:11:34] [371/458] GSVA
[06:11:34] [372/458] VIAK
[06:11:35] [373/458] SMVZ
[06:11:36] [374/458] MATE
[06:11:37] [375/458] RDCN
[06:11:38] [376/458] ASBL
[06:11:38] [377/458] ASVS
[06:11:39] [378/458] ASSR
[06:11:40] 🔄 Identity reset
[06:11:40] 🔄 Identity rotated (every 10 requests)
[06:11:40] [379/458] SSKN
[06:11:41] [380/458] DRPV
[06:11:42] [381/458] MRHT
[06:11:42] [382/458] BSCN
[06:11:43] [383/458] RKNX
[06:11:44] [384/458] MSMC
[06:11:44] [385/458] MSCJ
[06:11:45] [386/458] BTBJ
[06:11:46] [387/458] MJCC
[06:11:47] [388/458] IOMM
[06:11:48] 🔄 Identity reset
[06:11:48] 🔄 Identity rotated (every 10 requests)
[06:11:48] [389/458] ADGR
[06:11:49] [390/458] MYCP
[06:11:50] [391/458] IGCM
[06:11:50] [392/458] PGRK
[06:11:51] [393/458] VPGO
[06:11:52] [394/458] KOMS
[06:11:53] [395/458] URGG
[06:11:53] [396/458] GOST
[06:11:54] [397/458] LACT
[06:11:55] [398/458] BWCM
[06:11:56] 🔄 Identity reset
[06:11:56] 🔄 Identity rotated (every 10 requests)
[06:11:56] [399/458] NCCW
[06:11:57] [400/458] SKYC
[06:11:58] [401/458] CCPM
[06:11:59] [402/458] VCBT
[06:12:00] [403/458] SDKR
[06:12:01] [404/458] CTYB
[06:12:02] [405/458] SHCX
[06:12:03] [406/458] RCUN
[06:12:04] [407/458] CNRA
[06:12:05] [408/458] RFCA
[06:12:05] 🔄 Identity reset
[06:12:05] 🔄 Identity rotated (every 10 requests)
[06:12:06] [409/458] RDCU
[06:12:06] [410/458] SARK
[06:12:07] [411/458] SPPP
[06:12:08] [412/458] ADMB
[06:12:09] [413/458] JYOE
[06:12:10] [414/458] SRMD
[06:12:10] [415/458] RJDH
[06:12:11] [416/458] SSTD
[06:12:12] [417/458] AACV
[06:12:13] [418/458] PPVD
[06:12:13] 🔄 Identity reset
[06:12:13] 🔄 Identity rotated (every 10 requests)
[06:12:14] [419/458] STCP
[06:12:14] [420/458] ANLS
[06:12:16] [421/458] BIJO
[06:12:17] [422/458] AVAB
[06:12:18] [423/458] SPMD
[06:12:19] [424/458] SVJL
[06:12:19] [425/458] SDDJ
[06:12:20] [426/458] SLTU
[06:12:21] [427/458] SAKA
[06:12:22] [428/458] PMAM
[06:12:22] 🔄 Identity reset
[06:12:22] 🔄 Identity rotated (every 10 requests)
[06:12:22] [429/458] FNAM
[06:12:23] [430/458] ACAM
[06:12:24] [431/458] SCMM
[06:12:25] [432/458] PMAK
[06:12:25] [433/458] NYSA
[06:12:26] [434/458] FCPA
[06:12:27] [435/458] GDAN
[06:12:28] [436/458] RSCA
[06:12:30] [437/458] DMAN
[06:12:31] [438/458] DZCM
[06:12:31] 🔄 Identity reset
[06:12:31] 🔄 Identity rotated (every 10 requests)
[06:12:32] [439/458] NSGL
[06:12:32] [440/458] CCPP
[06:12:33] [441/458] PSMG
[06:12:34] [442/458] GSER
[06:12:35] [443/458] FCCT
[06:12:35] [444/458] FCTB
[06:12:36] [445/458] LCNK
[06:12:37] [446/458] SKTY
[06:12:39] [447/458] INAA
[06:12:39] [448/458] RCWN
[06:12:40] 🔄 Identity reset
[06:12:40] 🔄 Identity rotated (every 10 requests)
[06:12:40] [449/458] VAIS
[06:12:41] [450/458] CVMN
[06:12:42] [451/458] INTS
[06:12:42] [452/458] FRGS
[06:12:43] [453/458] DTCK
[06:12:44] [454/458] MCMH
[06:12:45] [455/458] ECRR
[06:12:46] [456/458] RLLP
[06:12:47] [457/458] CCSN
[06:12:48] [458/458] CCBA
[06:12:48] 🔄 Identity reset
[06:12:48] 🔄 Identity rotated (every 10 requests)
[06:12:49] ✅ DONE | Shows=249 | Movies=18
[06:24:40] 🚀 BMS DAILY TRACKER STARTED (enhanced anti‑detection)
[06:24:40] [1/458] MBDC
[06:24:41] 🧠 New identity created
[06:24:41] [2/458] CHKM
[06:24:42] [3/458] JTKZ
[06:24:43] [4/458] CMCT
[06:24:44] [5/458] ASHO
[06:24:45] [6/458] ECDG
[06:24:46] [7/458] SPAT
[06:24:47] [8/458] HILC
[06:24:48] [9/458] SPPH
[06:24:49] [10/458] SBHN
[06:24:50] 🔄 Identity reset
[06:24:50] 🔄 Identity rotated (every 10 requests)
[06:24:50] [11/458] RRCA
[06:24:51] [12/458] APAA
[06:24:52] [13/458] RAME
[06:24:53] [14/458] TMMS
[06:24:54] [15/458] BATK
[06:24:55] [16/458] LKOP
[06:24:56] [17/458] AMTT
[06:24:57] [18/458] PTGK
[06:24:59] [19/458] ANRS
[06:25:00] [20/458] VWBW
[06:25:00] 🔄 Identity reset
[06:25:01] 🔄 Identity rotated (every 10 requests)
[06:25:01] [21/458] SVFG
[06:25:02] [22/458] STAT
[06:25:02] [23/458] GDCV
[06:25:03] [24/458] VEBI
[06:25:04] [25/458] VDSS
[06:25:05] [26/458] NTHV
[06:25:06] [27/458] AOCH
[06:25:07] [28/458] KASR
[06:25:08] [29/458] AYCS
[06:25:09] [30/458] SHAI
[06:25:09] 🔄 Identity reset
[06:25:09] 🔄 Identity rotated (every 10 requests)
[06:25:10] [31/458] SKPE
[06:25:10] [32/458] SBTA
[06:25:11] [33/458] RTTD
[06:25:12] [34/458] CCJD
[06:25:13] [35/458] RSJJ
[06:25:14] [36/458] RKND
[06:25:15] [37/458] SVTX
[06:25:16] [38/458] BAKM
[06:25:17] [39/458] SVDC
[06:25:18] [40/458] MNCV
[06:25:19] 🔄 Identity reset
[06:25:19] 🔄 Identity rotated (every 10 requests)
[06:25:19] [41/458] SJGC
[06:25:21] [42/458] MTPK
[06:25:22] [43/458] GATP
[06:25:23] [44/458] ABTS
[06:25:23] [45/458] ABDE
[06:25:24] [46/458] RCNM
[06:25:25] [47/458] KTHV
[06:25:26] [48/458] MDGJ
[06:25:27] [49/458] SMLM
[06:25:28] [50/458] JTMA
[06:25:28] 🔄 Identity reset
[06:25:28] 🔄 Identity rotated (every 10 requests)
[06:25:29] [51/458] ACKP
[06:25:31] [52/458] SRTA
[06:25:31] [53/458] STAY
[06:25:32] [54/458] MAVO
[06:25:33] [55/458] APTS
[06:25:34] [56/458] OMEA
[06:25:35] [57/458] TTFD
[06:25:37] [58/458] MJCU
[06:25:38] [59/458] CXTE
[06:25:38] [60/458] CTPX
[06:25:39] 🔄 Identity reset
[06:25:39] 🔄 Identity rotated (every 10 requests)
[06:25:39] [61/458] ASSL
[06:25:40] [62/458] CMVB
[06:25:42] [63/458] VPUR
[06:25:43] [64/458] JJDA
[06:25:44] [65/458] INBL
[06:25:44] [66/458] BIKB
[06:25:45] [67/458] NTBB
[06:25:46] [68/458] GLOB
[06:25:47] [69/458] SNTB
[06:25:48] [70/458] CHGV
[06:25:49] 🔄 Identity reset
[06:25:49] 🔄 Identity rotated (every 10 requests)
[06:25:49] 🔄 Retry 1/5 for CHGV in 2.6s
[06:25:49] 🔄 Identity reset
[06:25:52] 🧠 New identity created
[06:25:52] [71/458] SSBZ
[06:25:53] [72/458] PRDB
[06:25:53] [73/458] ISMT
[06:25:54] [74/458] MCSD
[06:25:56] [75/458] JBTT
[06:25:57] [76/458] GEKR
[06:25:58] [77/458] PVUN
[06:25:58] [78/458] NRTB
[06:25:59] [79/458] PRAA
[06:26:00] 🔄 Identity reset
[06:26:00] 🔄 Identity rotated (every 10 requests)
[06:26:00] [80/458] PCBL
[06:26:01] [81/458] PTCM
[06:26:02] [82/458] KHNN
[06:26:04] [83/458] OMJE
[06:26:05] [84/458] STGN
[06:26:06] [85/458] RPMS
[06:26:07] [86/458] NWAD
[06:26:07] [87/458] BLCK
[06:26:08] [88/458] SVAA
[06:26:09] [89/458] URVM
[06:26:10] 🔄 Identity reset
[06:26:10] 🔄 Identity rotated (every 10 requests)
[06:26:10] [90/458] ANTM
[06:26:11] [91/458] VJYM
[06:26:12] [92/458] MAZZ
[06:26:14] [93/458] CSHM
[06:26:15] [94/458] WGMH
[06:26:15] [95/458] SALN
[06:26:16] [96/458] BRTP
[06:26:17] [97/458] SVTA
[06:26:18] [98/458] SBTP
[06:26:19] [99/458] VLSS
[06:26:20] 🔄 Identity reset
[06:26:20] 🔄 Identity rotated (every 10 requests)
[06:26:20] 🔄 Retry 1/5 for VLSS in 2.9s
[06:26:20] 🔄 Identity reset
[06:26:22] 🧠 New identity created
[06:26:23] [100/458] SRJA
[06:26:24] [101/458] ANCG
[06:26:25] [102/458] CGGC
[06:26:25] [103/458] CRJA
[06:26:26] [104/458] USCR
[06:26:27] [105/458] MMEF
[06:26:28] [106/458] JCRJ
[06:26:29] [107/458] ADCM
[06:26:30] [108/458] BMYK
[06:26:31] 🔄 Identity reset
[06:26:31] 🔄 Identity rotated (every 10 requests)
[06:26:31] [109/458] KICS
[06:26:32] [110/458] MBBT
[06:26:33] [111/458] MACK
[06:26:35] [112/458] CLDR
[06:26:37] [113/458] JYCR
[06:26:38] [114/458] DCRP
[06:26:39] [115/458] RAHT
[06:26:40] [116/458] CSSM
[06:26:40] [117/458] ATPK
[06:26:42] [118/458] KLRT
[06:26:43] 🔄 Identity reset
[06:26:43] 🔄 Identity rotated (every 10 requests)
[06:26:43] [119/458] SRDD
[06:26:44] [120/458] CKMC
[06:26:46] [121/458] KRVM
[06:26:46] [122/458] AKCP
[06:26:47] [123/458] CNCV
[06:26:48] [124/458] PACT
[06:26:49] [125/458] NATP
[06:26:51] [126/458] PCPK
[06:26:51] [127/458] SMHO
[06:26:52] [128/458] CWTK
[06:26:53] 🔄 Identity reset
[06:26:53] 🔄 Identity rotated (every 10 requests)
[06:26:53] [129/458] RVKZ
[06:26:54] [130/458] ASPD
[06:26:56] [131/458] VTKZ
[06:26:57] [132/458] LCSO
[06:26:58] [133/458] PRDY
[06:26:59] [134/458] RCAP
[06:26:59] [135/458] RGAR
[06:27:00] [136/458] RCAC
[06:27:01] [137/458] PMOD
[06:27:02] [138/458] PVCN
[06:27:03] 🔄 Identity reset
[06:27:03] 🔄 Identity rotated (every 10 requests)
[06:27:03] 🔄 Retry 1/5 for PVCN in 2.7s
[06:27:03] 🔄 Identity reset
[06:27:06] 🧠 New identity created
[06:27:06] [139/458] SCRZ
[06:27:07] [140/458] PVPC
[06:27:07] [141/458] STID
[06:27:08] [142/458] NEDD
[06:27:09] [143/458] BNBA
[06:27:10] [144/458] NTCD
[06:27:11] [145/458] OCDE
[06:27:12] [146/458] CCDU
[06:27:13] [147/458] CRXH
[06:27:14] 🔄 Identity reset
[06:27:14] 🔄 Identity rotated (every 10 requests)
[06:27:14] [148/458] VLVT
[06:27:15] [149/458] CICI
[06:27:16] [150/458] SUCB
[06:27:17] [151/458] TCBP
[06:27:18] [152/458] SCCY
[06:27:19] [153/458] LXCY
[06:27:19] [154/458] NCMD
[06:27:20] [155/458] PHCS
[06:27:21] [156/458] DUXR
[06:27:22] [157/458] VNKS
[06:27:23] 🔄 Identity reset
[06:27:23] 🔄 Identity rotated (every 10 requests)
[06:27:23] [158/458] SEDP
[06:27:24] [159/458] SVEN
[06:27:25] [160/458] SRKM
[06:27:26] [161/458] JTLT
[06:27:27] [162/458] SVSS
[06:27:28] [163/458] AMDE
[06:27:29] [164/458] WVRN
[06:27:30] [165/458] ISMG
[06:27:31] [166/458] WVKS
[06:27:32] [167/458] USCG
[06:27:32] 🔄 Identity reset
[06:27:32] 🔄 Identity rotated (every 10 requests)
[06:27:33] [168/458] IOTG
[06:27:34] [169/458] RRJM
[06:27:34] [170/458] EDMP
[06:27:35] [171/458] SCGZ
[06:27:36] [172/458] GMGX
[06:27:37] [173/458] OMTP
[06:27:38] [174/458] MITD
[06:27:39] [175/458] SMMD
[06:27:40] [176/458] STML
[06:27:41] [177/458] MCFS
[06:27:42] 🔄 Identity reset
[06:27:42] 🔄 Identity rotated (every 10 requests)
[06:27:42] [178/458] FPKA
[06:27:43] [179/458] OMLR
[06:27:44] [180/458] KKSC
[06:27:45] [181/458] RVMA
[06:27:46] [182/458] SCLL
[06:27:47] [183/458] SCDK
[06:27:48] [184/458] SXMI
[06:27:49] [185/458] SHDN
[06:27:50] [186/458] PAAD
[06:27:50] [187/458] UUCB
[06:27:51] 🔄 Identity reset
[06:27:51] 🔄 Identity rotated (every 10 requests)
[06:27:51] [188/458] JHOL
[06:27:52] [189/458] SGWT
[06:27:53] [190/458] SRII
[06:27:54] [191/458] SGCK
[06:27:56] [192/458] SVVB
[06:27:56] [193/458] DMHA
[06:27:57] [194/458] PPNL
[06:27:58] [195/458] CPNL
[06:27:59] [196/458] WVLD
[06:28:01] [197/458] PSLV
[06:28:02] 🔄 Identity reset
[06:28:02] 🔄 Identity rotated (every 10 requests)
[06:28:02] [198/458] VTTL
[06:28:03] [199/458] NPAD
[06:28:04] [200/458] PVCS
[06:28:05] [201/458] MCHL
[06:28:06] [202/458] PPLL
[06:28:07] [203/458] MALO
[06:28:07] [204/458] SWBH
[06:28:08] [205/458] PUGB
[06:28:09] [206/458] INBB
[06:28:10] [207/458] INNS
[06:28:10] 🔄 Identity reset
[06:28:11] 🔄 Identity rotated (every 10 requests)
[06:28:11] [208/458] MCPT
[06:28:12] [209/458] SCMI
[06:28:13] [210/458] OCON
[06:28:14] [211/458] SCSM
[06:28:15] [212/458] RJVN
[06:28:15] [213/458] AMDK
[06:28:16] [214/458] ISMR
[06:28:17] [215/458] SMTD
[06:28:18] [216/458] VTDD
[06:28:19] [217/458] PDDZ
[06:28:19] 🔄 Identity reset
[06:28:19] 🔄 Identity rotated (every 10 requests)
[06:28:20] [218/458] PCCK
[06:28:21] [219/458] INAM
[06:28:22] [220/458] FNKT
[06:28:23] [221/458] GDKA
[06:28:24] [222/458] MAYU
[06:28:24] [223/458] TCGU
[06:28:25] [224/458] KDCA
[06:28:26] [225/458] DOMY
[06:28:27] [226/458] PDDD
[06:28:28] [227/458] BJTS
[06:28:28] 🔄 Identity reset
[06:28:28] 🔄 Identity rotated (every 10 requests)
[06:28:29] [228/458] VTCA
[06:28:30] [229/458] SBTM
[06:28:30] [230/458] SEET
[06:28:31] [231/458] SSTJ
[06:28:32] [232/458] SVNT
[06:28:33] [233/458] PPPR
[06:28:34] [234/458] PVYS
[06:28:35] [235/458] IOSE
[06:28:36] [236/458] ACTV
[06:28:37] [237/458] APVE
[06:28:37] 🔄 Identity reset
[06:28:37] 🔄 Identity rotated (every 10 requests)
[06:28:37] 🔄 Retry 1/5 for APVE in 2.8s
[06:28:37] 🔄 Identity reset
[06:28:40] 🧠 New identity created
[06:28:41] [238/458] TCCL
[06:28:42] [239/458] SCMO
[06:28:43] [240/458] SAUM
[06:28:43] [241/458] KCJS
[06:28:44] [242/458] NJCJ
[06:28:45] [243/458] NECF
[06:28:46] [244/458] CCGW
[06:28:47] [245/458] CCMG
[06:28:48] [246/458] NYRG
[06:28:48] 🔄 Identity reset
[06:28:49] 🔄 Identity rotated (every 10 requests)
[06:28:50] [247/458] NCSQ
[06:28:51] [248/458] GRCG
[06:28:52] [249/458] CCBT
[06:28:53] [250/458] ACGA
[06:28:54] [251/458] INAG
[06:28:55] [252/458] FUCG
[06:28:56] [253/458] AICF
[06:28:58] [254/458] GRGA
[06:28:58] [255/458] GDCN
[06:28:59] [256/458] RRCG
[06:29:00] 🔄 Identity reset
[06:29:00] 🔄 Identity rotated (every 10 requests)
[06:29:00] [257/458] SDCH
[06:29:01] [258/458] WVJM
[06:29:02] [259/458] JCCZ
[06:29:03] [260/458] CNCL
[06:29:04] [261/458] TMLV
[06:29:05] [262/458] MEMB
[06:29:06] [263/458] SGTD
[06:29:07] [264/458] CONX
[06:29:08] [265/458] CCMH
[06:29:09] [266/458] ACMC
[06:29:09] 🔄 Identity reset
[06:29:09] 🔄 Identity rotated (every 10 requests)
[06:29:10] [267/458] DTPD
[06:29:11] [268/458] POJA
[06:29:12] [269/458] FNBH
[06:29:12] [270/458] CGCB
[06:29:13] [271/458] RACN
[06:29:14] [272/458] JTSM
[06:29:15] [273/458] SCDN
[06:29:16] [274/458] AACK
[06:29:17] [275/458] RMCE
[06:29:18] [276/458] BSGB
[06:29:18] 🔄 Identity reset
[06:29:19] 🔄 Identity rotated (every 10 requests)
[06:29:19] [277/458] MRCB
[06:29:20] [278/458] SRVR
[06:29:21] [279/458] VTKK
[06:29:22] [280/458] AMST
[06:29:22] [281/458] APCY
[06:29:24] [282/458] LMHO
[06:29:25] [283/458] MTZH
[06:29:25] [284/458] AMZB
[06:29:27] [285/458] SUVT
[06:29:28] [286/458] RCIP
[06:29:28] 🔄 Identity reset
[06:29:28] 🔄 Identity rotated (every 10 requests)
[06:29:29] [287/458] KESR
[06:29:30] [288/458] SNKC
[06:29:30] [289/458] SCED
[06:29:31] [290/458] DVCA
[06:29:32] [291/458] VCDT
[06:29:33] [292/458] RRDI
[06:29:34] [293/458] DFCH
[06:29:35] [294/458] INSC
[06:29:36] [295/458] RGTR
[06:29:37] [296/458] FMOT
[06:29:37] 🔄 Identity reset
[06:29:37] 🔄 Identity rotated (every 10 requests)
[06:29:37] [297/458] SCPM
[06:29:38] [298/458] GCDT
[06:29:39] [299/458] BRKT
[06:29:40] [300/458] DEMP
[06:29:41] [301/458] SRLC
[06:29:42] [302/458] KSTT
[06:29:42] [303/458] SMMT
[06:29:43] [304/458] SILM
[06:29:44] [305/458] JCVM
[06:29:45] [306/458] KCSV
[06:29:45] 🔄 Identity reset
[06:29:45] 🔄 Identity rotated (every 10 requests)
[06:29:46] [307/458] MHLK
[06:29:47] [308/458] SLVL
[06:29:48] [309/458] RJKP
[06:29:49] [310/458] BBPC
[06:29:50] [311/458] MXCB
[06:29:51] [312/458] TCPK
[06:29:52] [313/458] RTBR
[06:29:53] [314/458] GAUT
[06:29:54] [315/458] DVCF
[06:29:55] [316/458] JTSB
[06:29:55] 🔄 Identity reset
[06:29:55] 🔄 Identity rotated (every 10 requests)
[06:29:56] [317/458] SBLS
[06:29:57] [318/458] UDAY
[06:29:58] [319/458] PTNP
[06:30:00] [320/458] DMKT
[06:30:01] [321/458] NTDT
[06:30:02] [322/458] SHDJ
[06:30:02] [323/458] OTNC
[06:30:03] [324/458] RNTW
[06:30:04] [325/458] GCMI
[06:30:05] [326/458] CRCM
[06:30:05] 🔄 Identity reset
[06:30:05] 🔄 Identity rotated (every 10 requests)
[06:30:07] [327/458] NNCZ
[06:30:07] [328/458] OEMO
[06:30:08] [329/458] PVJM
[06:30:09] [330/458] CPJI
[06:30:10] [331/458] RMCJ
[06:30:11] [332/458] CNWJ
[06:30:12] [333/458] EPJM
[06:30:13] [334/458] FNJJ
[06:30:14] [335/458] GCMJ
[06:30:14] [336/458] INPS
[06:30:15] 🔄 Identity reset
[06:30:15] 🔄 Identity rotated (every 10 requests)
[06:30:15] [337/458] BICJ
[06:30:16] [338/458] ISTJ
[06:30:18] [339/458] INJC
[06:30:19] [340/458] GLXJ
[06:30:20] [341/458] INEM
[06:30:22] [342/458] JTMN
[06:30:23] [343/458] FRCJ
[06:30:24] [344/458] DDJP
[06:30:25] [345/458] INJV
[06:30:26] [346/458] GOLC
[06:30:26] 🔄 Identity reset
[06:30:26] 🔄 Identity rotated (every 10 requests)
[06:30:27] [347/458] KOCI
[06:30:28] [348/458] FSTD
[06:30:28] [349/458] PACJ
[06:30:29] [350/458] GMCN
[06:30:30] [351/458] MMDJ
[06:30:31] [352/458] GODH
[06:30:32] [353/458] SKYN
[06:30:33] [354/458] NCTH
[06:30:34] [355/458] SKVZ
[06:30:34] [356/458] SVML
[06:30:35] 🔄 Identity reset
[06:30:35] 🔄 Identity rotated (every 10 requests)
[06:30:35] [357/458] ACVZ
[06:30:36] [358/458] SURA
[06:30:37] [359/458] RTRB
[06:30:38] [360/458] LLCT
[06:30:40] [361/458] ATTS
[06:30:41] [362/458] JYCM
[06:30:42] [363/458] CTKR
[06:30:42] [364/458] LCKR
[06:30:43] [365/458] NYCV
[06:30:44] [366/458] NYOH
[06:30:45] 🔄 Identity reset
[06:30:45] 🔄 Identity rotated (every 10 requests)
[06:30:46] [367/458] NOVX
[06:30:47] [368/458] MRGK
[06:30:49] [369/458] MOON
[06:30:50] [370/458] SBUC
[06:30:51] [371/458] GSVA
[06:30:52] [372/458] VIAK
[06:30:52] [373/458] SMVZ
[06:30:53] [374/458] MATE
[06:30:54] [375/458] RDCN
[06:30:55] [376/458] ASBL
[06:30:56] 🔄 Identity reset
[06:30:56] 🔄 Identity rotated (every 10 requests)
[06:30:56] [377/458] ASVS
[06:30:58] [378/458] ASSR
[06:30:59] [379/458] SSKN
[06:30:59] [380/458] DRPV
[06:31:00] [381/458] MRHT
[06:31:01] [382/458] BSCN
[06:31:02] [383/458] RKNX
[06:31:03] [384/458] MSMC
[06:31:04] [385/458] MSCJ
[06:31:05] [386/458] BTBJ
[06:31:06] 🔄 Identity reset
[06:31:06] 🔄 Identity rotated (every 10 requests)
[06:31:06] [387/458] MJCC
[06:31:08] [388/458] IOMM
[06:31:09] [389/458] ADGR
[06:31:10] [390/458] MYCP
[06:31:10] [391/458] IGCM
[06:31:11] [392/458] PGRK
[06:31:12] [393/458] VPGO
[06:31:13] [394/458] KOMS
[06:31:14] [395/458] URGG
[06:31:15] [396/458] GOST
[06:31:15] 🔄 Identity reset
[06:31:15] 🔄 Identity rotated (every 10 requests)
[06:31:16] [397/458] LACT
[06:31:17] [398/458] BWCM
[06:31:18] [399/458] NCCW
[06:31:19] [400/458] SKYC
[06:31:20] [401/458] CCPM
[06:31:21] [402/458] VCBT
[06:31:22] [403/458] SDKR
[06:31:23] [404/458] CTYB
[06:31:24] [405/458] SHCX
[06:31:25] [406/458] RCUN
[06:31:25] 🔄 Identity reset
[06:31:25] 🔄 Identity rotated (every 10 requests)
[06:31:26] [407/458] CNRA
[06:31:27] [408/458] RFCA
[06:31:27] [409/458] RDCU
[06:31:28] [410/458] SARK
[06:31:30] [411/458] SPPP
[06:31:31] [412/458] ADMB
[06:31:32] [413/458] JYOE
[06:31:33] [414/458] SRMD
[06:31:34] [415/458] RJDH
[06:31:35] [416/458] SSTD
[06:31:35] 🔄 Identity reset
[06:31:35] 🔄 Identity rotated (every 10 requests)
[06:31:36] [417/458] AACV
[06:31:37] [418/458] PPVD
[06:31:38] [419/458] STCP
[06:31:39] [420/458] ANLS
[06:31:40] [421/458] BIJO
[06:31:41] [422/458] AVAB
[06:31:42] [423/458] SPMD
[06:31:43] [424/458] SVJL
[06:31:45] [425/458] SDDJ
[06:31:46] [426/458] SLTU
[06:31:46] 🔄 Identity reset
[06:31:46] 🔄 Identity rotated (every 10 requests)
[06:31:46] [427/458] SAKA
[06:31:48] [428/458] PMAM
[06:31:49] [429/458] FNAM
[06:31:50] [430/458] ACAM
[06:31:51] [431/458] SCMM
[06:31:52] [432/458] PMAK
[06:31:53] [433/458] NYSA
[06:31:54] [434/458] FCPA
[06:31:54] [435/458] GDAN
[06:31:55] [436/458] RSCA
[06:31:56] 🔄 Identity reset
[06:31:56] 🔄 Identity rotated (every 10 requests)
[06:31:57] [437/458] DMAN
[06:31:58] [438/458] DZCM
[06:31:59] [439/458] NSGL
[06:32:00] [440/458] CCPP
[06:32:01] [441/458] PSMG
[06:32:01] [442/458] GSER
[06:32:02] [443/458] FCCT
[06:32:03] [444/458] FCTB
[06:32:04] [445/458] LCNK
[06:32:05] [446/458] SKTY
[06:32:05] 🔄 Identity reset
[06:32:06] 🔄 Identity rotated (every 10 requests)
[06:32:06] [447/458] INAA
[06:32:07] [448/458] RCWN
[06:32:08] [449/458] VAIS
[06:32:09] [450/458] CVMN
[06:32:10] [451/458] INTS
[06:32:11] [452/458] FRGS
[06:32:12] [453/458] DTCK
[06:32:12] [454/458] MCMH
[06:32:13] [455/458] ECRR
[06:32:14] [456/458] RLLP
[06:32:15] 🔄 Identity reset
[06:32:15] 🔄 Identity rotated (every 10 requests)
[06:32:15] [457/458] CCSN
[06:32:16] [458/458] CCBA
[06:32:17] ✅ DONE | Shows=309 | Movies=20
[07:06:04] 🚀 BMS DAILY TRACKER STARTED (enhanced anti‑detection)
[07:06:04] [1/458] MBDC
[07:06:05] 🧠 New identity created
[07:06:05] [2/458] CHKM
[07:06:06] [3/458] JTKZ
[07:06:07] [4/458] CMCT
[07:06:08] [5/458] ASHO
[07:06:09] [6/458] ECDG
[07:06:09] [7/458] SPAT
[07:06:10] [8/458] HILC
[07:06:10] [9/458] SPPH
[07:06:11] [10/458] SBHN
[07:06:12] 🔄 Identity reset
[07:06:12] 🔄 Identity rotated (every 10 requests)
[07:06:12] [11/458] RRCA
[07:06:13] [12/458] APAA
[07:06:13] [13/458] RAME
[07:06:14] [14/458] TMMS
[07:06:15] [15/458] BATK
[07:06:15] [16/458] LKOP
[07:06:16] [17/458] AMTT
[07:06:18] [18/458] PTGK
[07:06:18] [19/458] ANRS
[07:06:20] [20/458] VWBW
[07:06:21] 🔄 Identity reset
[07:06:21] 🔄 Identity rotated (every 10 requests)
[07:06:22] [21/458] SVFG
[07:06:22] [22/458] STAT
[07:06:23] [23/458] GDCV
[07:06:24] [24/458] VEBI
[07:06:25] [25/458] VDSS
[07:06:26] [26/458] NTHV
[07:06:27] [27/458] AOCH
[07:06:28] [28/458] KASR
[07:06:28] [29/458] AYCS
[07:06:29] [30/458] SHAI
[07:06:30] 🔄 Identity reset
[07:06:30] 🔄 Identity rotated (every 10 requests)
[07:06:30] [31/458] SKPE
[07:06:30] [32/458] SBTA
[07:06:31] [33/458] RTTD
[07:06:32] [34/458] CCJD
[07:06:33] [35/458] RSJJ
[07:06:33] [36/458] RKND
[07:06:34] [37/458] SVTX
[07:06:35] [38/458] BAKM
[07:06:36] [39/458] SVDC
[07:06:36] [40/458] MNCV
[07:06:37] 🔄 Identity reset
[07:06:37] 🔄 Identity rotated (every 10 requests)
[07:06:38] [41/458] SJGC
[07:06:38] [42/458] MTPK
[07:06:39] [43/458] GATP
[07:06:40] [44/458] ABTS
[07:06:41] [45/458] ABDE
[07:06:41] [46/458] RCNM
[07:06:42] [47/458] KTHV
[07:06:43] [48/458] MDGJ
[07:06:43] [49/458] SMLM
[07:06:44] [50/458] JTMA
[07:06:44] 🔄 Identity reset
[07:06:44] 🔄 Identity rotated (every 10 requests)
[07:06:44] [51/458] ACKP
[07:06:45] [52/458] SRTA
[07:06:46] [53/458] STAY
[07:06:46] [54/458] MAVO
[07:06:47] [55/458] APTS
[07:06:48] [56/458] OMEA
[07:06:48] [57/458] TTFD
[07:06:49] [58/458] MJCU
[07:06:50] [59/458] CXTE
[07:06:51] [60/458] CTPX
[07:06:51] 🔄 Identity reset
[07:06:51] 🔄 Identity rotated (every 10 requests)
[07:06:52] [61/458] ASSL
[07:06:52] [62/458] CMVB
[07:06:53] [63/458] VPUR
[07:06:54] [64/458] JJDA
[07:06:54] [65/458] INBL
[07:06:55] [66/458] BIKB
[07:06:56] [67/458] NTBB
[07:06:56] [68/458] GLOB
[07:06:57] [69/458] SNTB
[07:06:58] [70/458] CHGV
[07:06:58] 🔄 Identity reset
[07:06:58] 🔄 Identity rotated (every 10 requests)
[07:06:58] [71/458] SSBZ
[07:06:59] [72/458] PRDB
[07:07:00] [73/458] ISMT
[07:07:00] [74/458] MCSD
[07:07:01] [75/458] JBTT
[07:07:02] [76/458] GEKR
[07:07:03] [77/458] PVUN
[07:07:03] [78/458] NRTB
[07:07:04] [79/458] PRAA
[07:07:05] [80/458] PCBL
[07:07:05] 🔄 Identity reset
[07:07:05] 🔄 Identity rotated (every 10 requests)
[07:07:05] [81/458] PTCM
[07:07:06] [82/458] KHNN
[07:07:07] [83/458] OMJE
[07:07:07] [84/458] STGN
[07:07:08] [85/458] RPMS
[07:07:08] [86/458] NWAD
[07:07:09] [87/458] BLCK
[07:07:10] [88/458] SVAA
[07:07:11] [89/458] URVM
[07:07:11] [90/458] ANTM
[07:07:12] 🔄 Identity reset
[07:07:12] 🔄 Identity rotated (every 10 requests)
[07:07:12] [91/458] VJYM
[07:07:13] [92/458] MAZZ
[07:07:13] [93/458] CSHM
[07:07:14] [94/458] WGMH
[07:07:15] [95/458] SALN
[07:07:16] [96/458] BRTP
[07:07:17] [97/458] SVTA
[07:07:17] [98/458] SBTP
[07:07:18] [99/458] VLSS
[07:07:19] [100/458] SRJA
[07:07:19] 🔄 Identity reset
[07:07:19] 🔄 Identity rotated (every 10 requests)
[07:07:19] [101/458] ANCG
[07:07:21] [102/458] CGGC
[07:07:22] [103/458] CRJA
[07:07:23] [104/458] USCR
[07:07:24] [105/458] MMEF
[07:07:25] [106/458] JCRJ
[07:07:25] [107/458] ADCM
[07:07:26] [108/458] BMYK
[07:07:27] [109/458] KICS
[07:07:28] [110/458] MBBT
[07:07:28] 🔄 Identity reset
[07:07:28] 🔄 Identity rotated (every 10 requests)
[07:07:29] [111/458] MACK
[07:07:29] [112/458] CLDR
[07:07:30] [113/458] JYCR
[07:07:31] [114/458] DCRP
[07:07:32] [115/458] RAHT
[07:07:33] [116/458] CSSM
[07:07:34] [117/458] ATPK
[07:07:34] [118/458] KLRT
[07:07:35] [119/458] SRDD
[07:07:35] [120/458] CKMC
[07:07:36] 🔄 Identity reset
[07:07:36] 🔄 Identity rotated (every 10 requests)
[07:07:36] [121/458] KRVM
[07:07:37] [122/458] AKCP
[07:07:37] [123/458] CNCV
[07:07:38] [124/458] PACT
[07:07:39] [125/458] NATP
[07:07:39] [126/458] PCPK
[07:07:40] [127/458] SMHO
[07:07:41] [128/458] CWTK
[07:07:42] [129/458] RVKZ
[07:07:42] [130/458] ASPD
[07:07:43] 🔄 Identity reset
[07:07:43] 🔄 Identity rotated (every 10 requests)
[07:07:43] [131/458] VTKZ
[07:07:44] [132/458] LCSO
[07:07:45] [133/458] PRDY
[07:07:46] [134/458] RCAP
[07:07:46] [135/458] RGAR
[07:07:47] [136/458] RCAC
[07:07:47] [137/458] PMOD
[07:07:48] [138/458] PVCN
[07:07:48] [139/458] SCRZ
[07:07:49] [140/458] PVPC
[07:07:49] 🔄 Identity reset
[07:07:49] 🔄 Identity rotated (every 10 requests)
[07:07:50] [141/458] STID
[07:07:50] [142/458] NEDD
[07:07:51] [143/458] BNBA
[07:07:51] [144/458] NTCD
[07:07:52] [145/458] OCDE
[07:07:53] [146/458] CCDU
[07:07:54] [147/458] CRXH
[07:07:55] [148/458] VLVT
[07:07:55] [149/458] CICI
[07:07:56] [150/458] SUCB
[07:07:57] 🔄 Identity reset
[07:07:57] 🔄 Identity rotated (every 10 requests)
[07:07:57] [151/458] TCBP
[07:07:58] [152/458] SCCY
[07:07:58] [153/458] LXCY
[07:07:59] [154/458] NCMD
[07:07:59] [155/458] PHCS
[07:08:01] [156/458] DUXR
[07:08:02] [157/458] VNKS
[07:08:03] [158/458] SEDP
[07:08:03] [159/458] SVEN
[07:08:04] [160/458] SRKM
[07:08:05] 🔄 Identity reset
[07:08:05] 🔄 Identity rotated (every 10 requests)
[07:08:05] [161/458] JTLT
[07:08:05] [162/458] SVSS
[07:08:06] [163/458] AMDE
[07:08:07] [164/458] WVRN
[07:08:07] [165/458] ISMG
[07:08:08] [166/458] WVKS
[07:08:08] [167/458] USCG
[07:08:09] [168/458] IOTG
[07:08:10] [169/458] RRJM
[07:08:10] [170/458] EDMP
[07:08:11] 🔄 Identity reset
[07:08:11] 🔄 Identity rotated (every 10 requests)
[07:08:11] [171/458] SCGZ
[07:08:12] [172/458] GMGX
[07:08:13] [173/458] OMTP
[07:08:13] [174/458] MITD
[07:08:14] [175/458] SMMD
[07:08:15] [176/458] STML
[07:08:15] [177/458] MCFS
[07:08:16] [178/458] FPKA
[07:08:17] [179/458] OMLR
[07:08:17] [180/458] KKSC
[07:08:18] 🔄 Identity reset
[07:08:18] 🔄 Identity rotated (every 10 requests)
[07:08:18] [181/458] RVMA
[07:08:19] [182/458] SCLL
[07:08:19] [183/458] SCDK
[07:08:20] [184/458] SXMI
[07:08:21] [185/458] SHDN
[07:08:21] [186/458] PAAD
[07:08:22] [187/458] UUCB
[07:08:23] [188/458] JHOL
[07:08:23] [189/458] SGWT
[07:08:24] [190/458] SRII
[07:08:24] 🔄 Identity reset
[07:08:24] 🔄 Identity rotated (every 10 requests)
[07:08:24] [191/458] SGCK
[07:08:25] [192/458] SVVB
[07:08:26] [193/458] DMHA
[07:08:27] [194/458] PPNL
[07:08:28] [195/458] CPNL
[07:08:29] [196/458] WVLD
[07:08:29] [197/458] PSLV
[07:08:30] [198/458] VTTL
[07:08:31] [199/458] NPAD
[07:08:32] [200/458] PVCS
[07:08:32] 🔄 Identity reset
[07:08:32] 🔄 Identity rotated (every 10 requests)
[07:08:33] [201/458] MCHL
[07:08:33] [202/458] PPLL
[07:08:34] [203/458] MALO
[07:08:35] [204/458] SWBH
[07:08:35] [205/458] PUGB
[07:08:36] [206/458] INBB
[07:08:37] [207/458] INNS
[07:08:38] [208/458] MCPT
[07:08:39] [209/458] SCMI
[07:08:39] [210/458] OCON
[07:08:40] 🔄 Identity reset
[07:08:40] 🔄 Identity rotated (every 10 requests)
[07:08:40] [211/458] SCSM
[07:08:41] [212/458] RJVN
[07:08:42] [213/458] AMDK
[07:08:42] [214/458] ISMR
[07:08:43] [215/458] SMTD
[07:08:44] [216/458] VTDD
[07:08:44] [217/458] PDDZ
[07:08:45] [218/458] PCCK
[07:08:46] [219/458] INAM
[07:08:47] [220/458] FNKT
[07:08:47] 🔄 Identity reset
[07:08:47] 🔄 Identity rotated (every 10 requests)
[07:08:47] [221/458] GDKA
[07:08:48] [222/458] MAYU
[07:08:49] [223/458] TCGU
[07:08:50] [224/458] KDCA
[07:08:51] [225/458] DOMY
[07:08:52] [226/458] PDDD
[07:08:52] [227/458] BJTS
[07:08:53] [228/458] VTCA
[07:08:54] [229/458] SBTM
[07:08:55] [230/458] SEET
[07:08:55] 🔄 Identity reset
[07:08:55] 🔄 Identity rotated (every 10 requests)
[07:08:55] [231/458] SSTJ
[07:08:56] [232/458] SVNT
[07:08:58] [233/458] PPPR
[07:08:58] [234/458] PVYS
[07:08:59] [235/458] IOSE
[07:09:00] [236/458] ACTV
[07:09:01] [237/458] APVE
[07:09:02] [238/458] TCCL
[07:09:03] [239/458] SCMO
[07:09:04] [240/458] SAUM
[07:09:05] 🔄 Identity reset
[07:09:05] 🔄 Identity rotated (every 10 requests)
[07:09:05] [241/458] KCJS
[07:09:06] [242/458] NJCJ
[07:09:06] [243/458] NECF
[07:09:07] [244/458] CCGW
[07:09:08] [245/458] CCMG
[07:09:09] [246/458] NYRG
[07:09:10] [247/458] NCSQ
[07:09:11] [248/458] GRCG
[07:09:12] [249/458] CCBT
[07:09:13] [250/458] ACGA
[07:09:14] 🔄 Identity reset
[07:09:14] 🔄 Identity rotated (every 10 requests)
[07:09:14] [251/458] INAG
[07:09:15] [252/458] FUCG
[07:09:16] [253/458] AICF
[07:09:17] [254/458] GRGA
[07:09:19] [255/458] GDCN
[07:09:19] [256/458] RRCG
[07:09:20] [257/458] SDCH
[07:09:21] [258/458] WVJM
[07:09:22] [259/458] JCCZ
[07:09:23] [260/458] CNCL
[07:09:23] 🔄 Identity reset
[07:09:23] 🔄 Identity rotated (every 10 requests)
[07:09:24] [261/458] TMLV
[07:09:25] [262/458] MEMB
[07:09:26] [263/458] SGTD
[07:09:27] [264/458] CONX
[07:09:28] [265/458] CCMH
[07:09:29] [266/458] ACMC
[07:09:30] [267/458] DTPD
[07:09:31] [268/458] POJA
[07:09:31] [269/458] FNBH
[07:09:32] [270/458] CGCB
[07:09:33] 🔄 Identity reset
[07:09:33] 🔄 Identity rotated (every 10 requests)
[07:09:33] [271/458] RACN
[07:09:34] [272/458] JTSM
[07:09:35] [273/458] SCDN
[07:09:36] [274/458] AACK
[07:09:37] [275/458] RMCE
[07:09:38] [276/458] BSGB
[07:09:39] [277/458] MRCB
[07:09:40] [278/458] SRVR
[07:09:41] [279/458] VTKK
[07:09:41] [280/458] AMST
[07:09:42] 🔄 Identity reset
[07:09:42] 🔄 Identity rotated (every 10 requests)
[07:09:42] [281/458] APCY
[07:09:43] [282/458] LMHO
[07:09:44] [283/458] MTZH
[07:09:45] [284/458] AMZB
[07:09:46] [285/458] SUVT
[07:09:47] [286/458] RCIP
[07:09:48] [287/458] KESR
[07:09:49] [288/458] SNKC
[07:09:50] [289/458] SCED
[07:09:50] [290/458] DVCA
[07:09:51] 🔄 Identity reset
[07:09:51] 🔄 Identity rotated (every 10 requests)
[07:09:51] [291/458] VCDT
[07:09:52] [292/458] RRDI
[07:09:54] [293/458] DFCH
[07:09:54] [294/458] INSC
[07:09:55] [295/458] RGTR
[07:09:56] [296/458] FMOT
[07:09:57] [297/458] SCPM
[07:09:58] [298/458] GCDT
[07:09:59] [299/458] BRKT
[07:10:00] [300/458] DEMP
[07:10:01] 🔄 Identity reset
[07:10:01] 🔄 Identity rotated (every 10 requests)
[07:10:01] [301/458] SRLC
[07:10:02] [302/458] KSTT
[07:10:03] [303/458] SMMT
[07:10:04] [304/458] SILM
[07:10:05] [305/458] JCVM
[07:10:06] [306/458] KCSV
[07:10:06] [307/458] MHLK
[07:10:07] [308/458] SLVL
[07:10:08] [309/458] RJKP
[07:10:09] [310/458] BBPC
[07:10:10] 🔄 Identity reset
[07:10:10] 🔄 Identity rotated (every 10 requests)
[07:10:11] [311/458] MXCB
[07:10:12] [312/458] TCPK
[07:10:12] [313/458] RTBR
[07:10:14] [314/458] GAUT
[07:10:15] [315/458] DVCF
[07:10:15] [316/458] JTSB
[07:10:16] [317/458] SBLS
[07:10:17] [318/458] UDAY
[07:10:18] [319/458] PTNP
[07:10:18] [320/458] DMKT
[07:10:19] 🔄 Identity reset
[07:10:19] 🔄 Identity rotated (every 10 requests)
[07:10:19] 🔄 Retry 1/5 for DMKT in 2.2s
[07:10:19] 🔄 Identity reset
[07:10:21] 🧠 New identity created
[07:10:22] [321/458] NTDT
[07:10:23] [322/458] SHDJ
[07:10:24] [323/458] OTNC
[07:10:25] [324/458] RNTW
[07:10:25] [325/458] GCMI
[07:10:26] [326/458] CRCM
[07:10:27] [327/458] NNCZ
[07:10:28] [328/458] OEMO
[07:10:29] [329/458] PVJM
[07:10:30] 🔄 Identity reset
[07:10:30] 🔄 Identity rotated (every 10 requests)
[07:10:30] [330/458] CPJI
[07:10:31] [331/458] RMCJ
[07:10:32] [332/458] CNWJ
[07:10:33] [333/458] EPJM
[07:10:34] [334/458] FNJJ
[07:10:35] [335/458] GCMJ
[07:10:36] [336/458] INPS
[07:10:37] [337/458] BICJ
[07:10:38] [338/458] ISTJ
[07:10:38] [339/458] INJC
[07:10:39] 🔄 Identity reset
[07:10:39] 🔄 Identity rotated (every 10 requests)
[07:10:39] [340/458] GLXJ
[07:10:40] [341/458] INEM
[07:10:41] [342/458] JTMN
[07:10:42] [343/458] FRCJ
[07:10:43] [344/458] DDJP
[07:10:44] [345/458] INJV
[07:10:45] [346/458] GOLC
[07:10:46] [347/458] KOCI
[07:10:47] [348/458] FSTD
[07:10:48] [349/458] PACJ
[07:10:48] 🔄 Identity reset
[07:10:48] 🔄 Identity rotated (every 10 requests)
[07:10:49] [350/458] GMCN
[07:10:50] [351/458] MMDJ
[07:10:51] [352/458] GODH
[07:10:53] [353/458] SKYN
[07:10:53] [354/458] NCTH
[07:10:54] [355/458] SKVZ
[07:10:55] [356/458] SVML
[07:10:56] [357/458] ACVZ
[07:10:58] [358/458] SURA
[07:10:59] [359/458] RTRB
[07:11:00] 🔄 Identity reset
[07:11:00] 🔄 Identity rotated (every 10 requests)
[07:11:00] [360/458] LLCT
[07:11:01] [361/458] ATTS
[07:11:03] [362/458] JYCM
[07:11:03] [363/458] CTKR
[07:11:04] [364/458] LCKR
[07:11:05] [365/458] NYCV
[07:11:06] [366/458] NYOH
[07:11:07] [367/458] NOVX
[07:11:08] [368/458] MRGK
[07:11:08] [369/458] MOON
[07:11:09] 🔄 Identity reset
[07:11:09] 🔄 Identity rotated (every 10 requests)
[07:11:09] [370/458] SBUC
[07:11:10] [371/458] GSVA
[07:11:11] [372/458] VIAK
[07:11:12] [373/458] SMVZ
[07:11:13] [374/458] MATE
[07:11:14] [375/458] RDCN
[07:11:15] [376/458] ASBL
[07:11:15] [377/458] ASVS
[07:11:16] [378/458] ASSR
[07:11:18] [379/458] SSKN
[07:11:18] 🔄 Identity reset
[07:11:18] 🔄 Identity rotated (every 10 requests)
[07:11:19] [380/458] DRPV
[07:11:20] [381/458] MRHT
[07:11:21] [382/458] BSCN
[07:11:22] [383/458] RKNX
[07:11:23] [384/458] MSMC
[07:11:24] [385/458] MSCJ
[07:11:25] [386/458] BTBJ
[07:11:26] [387/458] MJCC
[07:11:27] [388/458] IOMM
[07:11:28] [389/458] ADGR
[07:11:28] 🔄 Identity reset
[07:11:28] 🔄 Identity rotated (every 10 requests)
[07:11:28] 🔄 Retry 1/5 for ADGR in 2.8s
[07:11:28] 🔄 Identity reset
[07:11:31] 🧠 New identity created
[07:11:32] [390/458] MYCP
[07:11:33] [391/458] IGCM
[07:11:34] [392/458] PGRK
[07:11:34] [393/458] VPGO
[07:11:35] [394/458] KOMS
[07:11:36] [395/458] URGG
[07:11:37] [396/458] GOST
[07:11:38] [397/458] LACT
[07:11:38] [398/458] BWCM
[07:11:39] 🔄 Identity reset
[07:11:39] 🔄 Identity rotated (every 10 requests)
[07:11:51] 🔄 Retry 1/5 for BWCM in 2.3s
[07:11:51] 🔄 Identity reset
[07:11:53] 🧠 New identity created
[07:11:54] [399/458] NCCW
[07:11:55] [400/458] SKYC
[07:11:55] [401/458] CCPM
[07:11:57] [402/458] VCBT
[07:11:58] [403/458] SDKR
[07:11:59] [404/458] CTYB
[07:12:00] [405/458] SHCX
[07:12:00] [406/458] RCUN
[07:12:01] [407/458] CNRA
[07:12:02] 🔄 Identity reset
[07:12:02] 🔄 Identity rotated (every 10 requests)
[07:12:02] [408/458] RFCA
[07:12:03] [409/458] RDCU
[07:12:04] [410/458] SARK
[07:12:04] [411/458] SPPP
[07:12:05] [412/458] ADMB
[07:12:06] [413/458] JYOE
[07:12:07] [414/458] SRMD
[07:12:07] [415/458] RJDH
[07:12:08] [416/458] SSTD
[07:12:09] [417/458] AACV
[07:12:09] 🔄 Identity reset
[07:12:10] 🔄 Identity rotated (every 10 requests)
[07:12:10] [418/458] PPVD
[07:12:11] [419/458] STCP
[07:12:12] [420/458] ANLS
[07:12:12] [421/458] BIJO
[07:12:13] [422/458] AVAB
[07:12:15] [423/458] SPMD
[07:12:16] [424/458] SVJL
[07:12:17] [425/458] SDDJ
[07:12:18] [426/458] SLTU
[07:12:19] [427/458] SAKA
[07:12:19] 🔄 Identity reset
[07:12:19] 🔄 Identity rotated (every 10 requests)
[07:12:20] [428/458] PMAM
[07:12:21] [429/458] FNAM
[07:12:22] [430/458] ACAM
[07:12:22] [431/458] SCMM
[07:12:24] [432/458] PMAK
[07:12:25] [433/458] NYSA
[07:12:25] [434/458] FCPA
[07:12:26] [435/458] GDAN
[07:12:27] [436/458] RSCA
[07:12:29] [437/458] DMAN
[07:12:29] 🔄 Identity reset
[07:12:29] 🔄 Identity rotated (every 10 requests)
[07:12:30] [438/458] DZCM
[07:12:30] [439/458] NSGL
[07:12:31] [440/458] CCPP
[07:12:32] [441/458] PSMG
[07:12:33] [442/458] GSER
[07:12:34] [443/458] FCCT
[07:12:35] [444/458] FCTB
[07:12:36] [445/458] LCNK
[07:12:37] [446/458] SKTY
[07:12:38] [447/458] INAA
[07:12:38] 🔄 Identity reset
[07:12:38] 🔄 Identity rotated (every 10 requests)
[07:12:39] [448/458] RCWN
[07:12:40] [449/458] VAIS
[07:12:40] [450/458] CVMN
[07:12:41] [451/458] INTS
[07:12:42] [452/458] FRGS
[07:12:43] [453/458] DTCK
[07:12:44] [454/458] MCMH
[07:12:45] [455/458] ECRR
[07:12:45] [456/458] RLLP
[07:12:46] [457/458] CCSN
[07:12:47] 🔄 Identity reset
[07:12:47] 🔄 Identity rotated (every 10 requests)
[07:12:47] [458/458] CCBA
[07:12:48] ✅ DONE | Shows=446 | Movies=28
