[10:03:06] 🚀 SCRIPT STARTED (enhanced anti‑detection)
[10:03:06] [1/459] MCCZ
[10:03:07] 🧠 New identity created
[10:03:07] [2/459] FRPU
[10:03:09] [3/459] SKSI
[10:03:10] [4/459] SSCK
[10:03:11] [5/459] SRDC
[10:03:12] [6/459] RSCZ
[10:03:13] [7/459] PRVT
[10:03:13] [8/459] GAGJ
[10:03:15] [9/459] SMHG
[10:03:16] [10/459] JTST
[10:03:16] 🔄 Identity reset
[10:03:16] 🔄 Identity rotated (every 10 requests)
[10:03:17] [11/459] MYTH
[10:03:18] [12/459] JPCC
[10:03:19] [13/459] ACDC
[10:03:19] [14/459] SVFP
[10:03:20] [15/459] SFCM
[10:03:21] [16/459] RUPK
[10:03:22] [17/459] NTCR
[10:03:23] [18/459] RTCH
[10:03:24] [19/459] SCMH
[10:03:25] [20/459] SVYM
[10:03:25] 🔄 Identity reset
[10:03:25] 🔄 Identity rotated (every 10 requests)
[10:03:25] [21/459] SPYM
[10:03:26] [22/459] SMMF
[10:03:27] [23/459] CLLB
[10:03:28] [24/459] FMCB
[10:03:29] [25/459] BBTC
[10:03:31] [26/459] NTHS
[10:03:31] [27/459] PKKJ
[10:03:32] [28/459] MTJA
[10:03:33] [29/459] PMSJ
[10:03:34] [30/459] JMJU
[10:03:35] 🔄 Identity reset
[10:03:35] 🔄 Identity rotated (every 10 requests)
[10:03:35] [31/459] SRAD
[10:03:36] [32/459] MJMC
[10:03:37] [33/459] DFRM
[10:03:38] [34/459] PMRS
[10:03:38] [35/459] RKPP
[10:03:39] [36/459] BMBK
[10:03:40] [37/459] NEWS
[10:03:42] [38/459] SALB
[10:03:43] [39/459] SCPW
[10:03:43] [40/459] RAYL
[10:03:44] 🔄 Identity reset
[10:03:44] 🔄 Identity rotated (every 10 requests)
[10:03:44] [41/459] CMGJ
[10:03:45] [42/459] JRCR
[10:03:46] [43/459] SRTB
[10:03:47] [44/459] ETPB
[10:03:48] [45/459] MXBN
[10:03:49] [46/459] TOPE
[10:03:50] [47/459] SNLJ
[10:03:50] [48/459] CDDP
[10:03:51] [49/459] APCX
[10:03:52] [50/459] TALP
[10:03:53] 🔄 Identity reset
[10:03:53] 🔄 Identity rotated (every 10 requests)
[10:03:53] [51/459] RRMP
[10:03:54] [52/459] MAHB
[10:03:55] [53/459] MTKR
[10:03:56] [54/459] KSKL
[10:03:57] [55/459] RJLT
[10:03:58] [56/459] ATAS
[10:03:59] [57/459] AMHR
[10:04:00] [58/459] RSRM
[10:04:00] [59/459] GCAT
[10:04:01] [60/459] SMML
[10:04:02] 🔄 Identity reset
[10:04:02] 🔄 Identity rotated (every 10 requests)
[10:04:02] [61/459] ACCD
[10:04:03] [62/459] VYDA
[10:04:04] [63/459] MSKT
[10:04:05] [64/459] AVDM
[10:04:05] [65/459] ASMH
[10:04:07] [66/459] VTMB
[10:04:08] [67/459] WVMB
[10:04:09] [68/459] PPMN
[10:04:09] [69/459] MTMD
[10:04:10] [70/459] SMMO
[10:04:11] 🔄 Identity reset
[10:04:11] 🔄 Identity rotated (every 10 requests)
[10:04:11] [71/459] DLPB
[10:04:12] [72/459] AKMD
[10:04:13] [73/459] SHRR
[10:04:14] [74/459] ASCO
[10:04:15] [75/459] CZVX
[10:04:16] [76/459] GCBB
[10:04:17] [77/459] ATBM
[10:04:18] [78/459] TCGM
[10:04:19] [79/459] UMSE
[10:04:19] [80/459] NKCL
[10:04:20] 🔄 Identity reset
[10:04:20] 🔄 Identity rotated (every 10 requests)
[10:04:20] [81/459] BTLR
[10:04:21] [82/459] GOCL
[10:04:22] [83/459] MIRN
[10:04:23] [84/459] THEC
[10:04:24] [85/459] SPPB
[10:04:24] [86/459] PMMM
[10:04:25] [87/459] GGMC
[10:04:26] [88/459] AVSR
[10:04:27] [89/459] RDMH
[10:04:28] [90/459] JSRS
[10:04:28] 🔄 Identity reset
[10:04:28] 🔄 Identity rotated (every 10 requests)
[10:04:29] [91/459] VKGP
[10:04:30] [92/459] ACRT
[10:04:31] [93/459] GCBA
[10:04:32] [94/459] GTCP
[10:04:33] [95/459] AKFC
[10:04:34] [96/459] INCS
[10:04:35] [97/459] SMCK
[10:04:36] [98/459] BRUN
[10:04:37] [99/459] RPPC
[10:04:38] [100/459] PAYD
[10:04:38] 🔄 Identity reset
[10:04:38] 🔄 Identity rotated (every 10 requests)
[10:04:38] [101/459] SVVT
[10:04:39] [102/459] RNCC
[10:04:40] [103/459] PCRC
[10:04:41] [104/459] PMRM
[10:04:42] [105/459] CCRP
[10:04:43] [106/459] INCR
[10:04:44] [107/459] ZTMP
[10:04:45] [108/459] MCNR
[10:04:46] [109/459] INRP
[10:04:47] [110/459] STRC
[10:04:47] 🔄 Identity reset
[10:04:47] 🔄 Identity rotated (every 10 requests)
[10:04:48] [111/459] RATI
[10:04:50] [112/459] PBTR
[10:04:51] [113/459] CMHP
[10:04:51] [114/459] ZECJ
[10:04:52] [115/459] CCCB
[10:04:53] [116/459] BWCB
[10:04:54] [117/459] CCAT
[10:04:55] [118/459] KGCM
[10:04:56] [119/459] INPT
[10:04:57] [120/459] FNCO
[10:04:57] 🔄 Identity reset
[10:04:57] 🔄 Identity rotated (every 10 requests)
[10:04:58] [121/459] SRMJ
[10:04:59] [122/459] PFSC
[10:05:00] [123/459] PBMC
[10:05:01] [124/459] KARP
[10:05:01] [125/459] KOVI
[10:05:02] [126/459] ACXL
[10:05:04] [127/459] GKCC
[10:05:04] [128/459] ASCC
[10:05:05] [129/459] SETC
[10:05:07] [130/459] KACC
[10:05:07] 🔄 Identity reset
[10:05:07] 🔄 Identity rotated (every 10 requests)
[10:05:08] [131/459] KAVE
[10:05:09] [132/459] CNTC
[10:05:09] [133/459] MEEN
[10:05:10] [134/459] BMRV
[10:05:11] [135/459] SVAM
[10:05:12] [136/459] VTBP
[10:05:13] [137/459] VCKN
[10:05:14] [138/459] SGTK
[10:05:15] [139/459] RCGS
[10:05:16] [140/459] RCCB
[10:05:17] 🔄 Identity reset
[10:05:17] 🔄 Identity rotated (every 10 requests)
[10:05:17] [141/459] RKSR
[10:05:18] [142/459] RKCU
[10:05:19] [143/459] GIBH
[10:05:20] [144/459] CXBS
[10:05:21] [145/459] GGCB
[10:05:22] [146/459] SCPB
[10:05:23] [147/459] AKTB
[10:05:24] [148/459] SRBU
[10:05:25] [149/459] CSSA
[10:05:25] [150/459] MYAN
[10:05:26] 🔄 Identity reset
[10:05:26] 🔄 Identity rotated (every 10 requests)
[10:05:26] [151/459] EXCA
[10:05:27] [152/459] CKSA
[10:05:28] [153/459] JTNM
[10:05:29] [154/459] CXKT
[10:05:30] [155/459] NCLM
[10:05:30] [156/459] JAAD
[10:05:31] [157/459] RDCR
[10:05:32] [158/459] MEER
[10:05:33] [159/459] SIBT
[10:05:34] [160/459] PVVB
[10:05:34] 🔄 Identity reset
[10:05:34] 🔄 Identity rotated (every 10 requests)
[10:05:35] [161/459] FNPN
[10:05:35] [162/459] CRPX
[10:05:36] [163/459] STET
[10:05:37] [164/459] METE
[10:05:38] [165/459] BJML
[10:05:39] [166/459] MAVT
[10:05:40] [167/459] MSRM
[10:05:41] [168/459] TJMP
[10:05:42] [169/459] MHCK
[10:05:44] [170/459] SVGP
[10:05:44] 🔄 Identity reset
[10:05:44] 🔄 Identity rotated (every 10 requests)
[10:05:45] [171/459] KRRC
[10:05:46] [172/459] IMCH
[10:05:47] [173/459] CMCS
[10:05:48] [174/459] SGND
[10:05:49] [175/459] RNAT
[10:05:50] [176/459] PRTN
[10:05:51] [177/459] MPTN
[10:05:52] [178/459] ARCC
[10:05:53] [179/459] NTTE
[10:05:54] [180/459] ABND
[10:05:55] 🔄 Identity reset
[10:05:55] 🔄 Identity rotated (every 10 requests)
[10:05:56] [181/459] KCSN
[10:05:57] [182/459] KCSA
[10:05:57] [183/459] DCKT
[10:05:58] [184/459] MBBR
[10:05:59] [185/459] RAMU
[10:06:01] [186/459] RACW
[10:06:01] [187/459] MCHP
[10:06:02] [188/459] TMHM
[10:06:03] [189/459] STXH
[10:06:04] [190/459] AGSG
[10:06:05] 🔄 Identity reset
[10:06:05] 🔄 Identity rotated (every 10 requests)
[10:06:05] [191/459] SIRA
[10:06:06] [192/459] RCAN
[10:06:07] [193/459] CWTB
[10:06:08] [194/459] VTYM
[10:06:09] [195/459] RRPP
[10:06:10] [196/459] ASMR
[10:06:11] [197/459] RONO
[10:06:12] [198/459] MEMR
[10:06:13] [199/459] CTMR
[10:06:13] [200/459] PMTT
[10:06:14] 🔄 Identity reset
[10:06:14] 🔄 Identity rotated (every 10 requests)
[10:06:14] [201/459] PSLX
[10:06:15] [202/459] IPPL
[10:06:16] [203/459] MMSG
[10:06:17] [204/459] INEL
[10:06:18] [205/459] COAC
[10:06:19] [206/459] WVLK
[10:06:20] [207/459] PPXL
[10:06:22] [208/459] PSML
[10:06:23] [209/459] FNLK
[10:06:24] [210/459] ILUM
[10:06:24] 🔄 Identity reset
[10:06:24] 🔄 Identity rotated (every 10 requests)
[10:06:24] [211/459] ILCM
[10:06:25] [212/459] MSNL
[10:06:26] [213/459] VINB
[10:06:27] [214/459] SALW
[10:06:29] [215/459] PRTB
[10:06:29] [216/459] NCIL
[10:06:31] [217/459] PSUL
[10:06:32] [218/459] SCLK
[10:06:33] [219/459] ADDC
[10:06:33] [220/459] OACL
[10:06:34] 🔄 Identity reset
[10:06:34] 🔄 Identity rotated (every 10 requests)
[10:06:34] [221/459] OOCF
[10:06:35] [222/459] GPMF
[10:06:36] [223/459] SSDG
[10:06:37] [224/459] SKRS
[10:06:38] [225/459] NTTP
[10:06:39] [226/459] SLTP
[10:06:40] [227/459] JTLC
[10:06:40] [228/459] POON
[10:06:41] [229/459] CCPC
[10:06:42] [230/459] DCKC
[10:06:43] 🔄 Identity reset
[10:06:43] 🔄 Identity rotated (every 10 requests)
[10:06:43] [231/459] CPRT
[10:06:44] [232/459] EYHZ
[10:06:45] [233/459] ARBL
[10:06:46] [234/459] SBTB
[10:06:47] [235/459] MMCK
[10:06:48] [236/459] PLMR
[10:06:48] [237/459] BIJH
[10:06:49] [238/459] SDRT
[10:06:50] [239/459] PRDC
[10:06:52] [240/459] OMJA
[10:06:52] 🔄 Identity reset
[10:06:52] 🔄 Identity rotated (every 10 requests)
[10:06:53] [241/459] VKCR
[10:06:53] [242/459] ATRT
[10:06:54] [243/459] WVRP
[10:06:56] [244/459] MVRP
[10:06:57] [245/459] FCAX
[10:06:58] [246/459] CTLC
[10:06:59] [247/459] JCHB
[10:07:00] [248/459] SELP
[10:07:01] [249/459] VCPG
[10:07:02] [250/459] ASCX
[10:07:03] 🔄 Identity reset
[10:07:03] 🔄 Identity rotated (every 10 requests)
[10:07:03] [251/459] EOCS
[10:07:04] [252/459] RCPH
[10:07:05] [253/459] RJTM
[10:07:06] [254/459] SGMD
[10:07:07] [255/459] SVJT
[10:07:08] [256/459] SPPO
[10:07:09] [257/459] MNRL
[10:07:10] [258/459] KNOX
[10:07:11] [259/459] GIER
[10:07:12] [260/459] PJMS
[10:07:12] 🔄 Identity reset
[10:07:12] 🔄 Identity rotated (every 10 requests)
[10:07:13] [261/459] UNSP
[10:07:14] [262/459] JETP
[10:07:15] [263/459] VTWA
[10:07:15] [264/459] SCJI
[10:07:16] [265/459] CBZZ
[10:07:17] [266/459] SDCJ
[10:07:18] [267/459] RRCC
[10:07:19] [268/459] VNKG
[10:07:20] [269/459] LKTO
[10:07:21] [270/459] PJRM
[10:07:22] 🔄 Identity reset
[10:07:22] 🔄 Identity rotated (every 10 requests)
[10:07:22] [271/459] NVRM
[10:07:23] [272/459] SJCS
[10:07:24] [273/459] VIGK
[10:07:25] [274/459] ANST
[10:07:26] [275/459] JTTS
[10:07:26] [276/459] NTST
[10:07:27] [277/459] PREB
[10:07:28] [278/459] TSCZ
[10:07:29] [279/459] CDCM
[10:07:30] [280/459] ELYE
[10:07:30] 🔄 Identity reset
[10:07:30] 🔄 Identity rotated (every 10 requests)
[10:07:31] [281/459] INBS
[10:07:32] [282/459] SMGC
[10:07:33] [283/459] UTMP
[10:07:33] [284/459] INTA
[10:07:34] [285/459] OMPT
[10:07:36] [286/459] SCIR
[10:07:37] [287/459] GCKJ
[10:07:38] [288/459] INOG
[10:07:38] [289/459] SMGB
[10:07:39] [290/459] MCSG
[10:07:40] 🔄 Identity reset
[10:07:40] 🔄 Identity rotated (every 10 requests)
[10:07:40] [291/459] STKG
[10:07:42] [292/459] TTKG
[10:07:43] [293/459] SRTR
[10:07:44] [294/459] ETTR
[10:07:44] [295/459] GGGZ
[10:07:45] [296/459] IPGM
[10:07:46] [297/459] FCDH
[10:07:47] [298/459] DESB
[10:07:48] [299/459] VNTP
[10:07:48] [300/459] ANNT
[10:07:49] 🔄 Identity reset
[10:07:49] 🔄 Identity rotated (every 10 requests)
[10:07:49] [301/459] SLTI
[10:07:50] [302/459] MAJU
[10:07:51] [303/459] JCXP
[10:07:52] [304/459] HARK
[10:07:53] [305/459] JPCJ
[10:07:54] [306/459] RXBD
[10:07:55] [307/459] PTKJ
[10:07:55] [308/459] CMTU
[10:07:56] [309/459] SWOR
[10:07:57] [310/459] JMEX
[10:07:58] 🔄 Identity reset
[10:07:58] 🔄 Identity rotated (every 10 requests)
[10:07:59] [311/459] DTPT
[10:08:00] [312/459] VGMM
[10:08:01] [313/459] VCSG
[10:08:01] [314/459] CVCG
[10:08:02] [315/459] TNTT
[10:08:03] [316/459] SHRM
[10:08:04] [317/459] CGKD
[10:08:06] [318/459] EKCM
[10:08:07] [319/459] SDCX
[10:08:07] [320/459] SBTE
[10:08:08] 🔄 Identity reset
[10:08:08] 🔄 Identity rotated (every 10 requests)
[10:08:08] [321/459] STKJ
[10:08:09] [322/459] TPCE
[10:08:11] [323/459] JTNP
[10:08:12] [324/459] LPCH
[10:08:13] [325/459] CPUO
[10:08:13] [326/459] APSU
[10:08:14] [327/459] RTHC
[10:08:15] [328/459] PTBU
[10:08:16] [329/459] CUCC
[10:08:17] [330/459] CPSA
[10:08:17] 🔄 Identity reset
[10:08:17] 🔄 Identity rotated (every 10 requests)
[10:08:18] [331/459] SUAY
[10:08:19] [332/459] AYAA
[10:08:20] [333/459] MUCH
[10:08:20] [334/459] PCIN
[10:08:21] [335/459] JRRM
[10:08:22] [336/459] KATS
[10:08:23] [337/459] MHFF
[10:08:24] [338/459] ESYM
[10:08:25] [339/459] STYV
[10:08:26] [340/459] SDKG
[10:08:26] 🔄 Identity reset
[10:08:26] 🔄 Identity rotated (every 10 requests)
[10:08:26] [341/459] SMTI
[10:08:27] [342/459] NYCS
[10:08:28] [343/459] MTBG
[10:08:29] [344/459] RHCA
[10:08:30] [345/459] PCKH
[10:08:30] [346/459] ARCR
[10:08:32] [347/459] NCMB
[10:08:33] [348/459] SHYC
[10:08:34] [349/459] LACK
[10:08:34] [350/459] MTCM
[10:08:35] 🔄 Identity reset
[10:08:35] 🔄 Identity rotated (every 10 requests)
[10:08:35] [351/459] RRBN
[10:08:36] [352/459] MYDC
[10:08:38] [353/459] STCS
[10:08:38] [354/459] CONN
[10:08:40] [355/459] SIPS
[10:08:41] [356/459] SMMX
[10:08:42] [357/459] SCBY
[10:08:42] [358/459] SUAP
[10:08:43] [359/459] RSMK
[10:08:44] [360/459] STKP
[10:08:45] 🔄 Identity reset
[10:08:45] 🔄 Identity rotated (every 10 requests)
[10:08:45] [361/459] CIPC
[10:08:46] [362/459] KKCI
[10:08:47] [363/459] CTNK
[10:08:48] [364/459] MMTZ
[10:08:49] [365/459] DCCO
[10:08:50] [366/459] VNMN
[10:08:50] [367/459] RLCN
[10:08:51] [368/459] CMMS
[10:08:52] [369/459] AYOU
[10:08:53] [370/459] SSCN
[10:08:54] 🔄 Identity reset
[10:08:54] 🔄 Identity rotated (every 10 requests)
[10:08:54] 🔄 Retry 1/5 for SSCN in 2.1s
[10:08:54] 🔄 Identity reset
[10:08:56] 🧠 New identity created
[10:08:56] [371/459] SMXN
[10:08:58] [372/459] ASSK
[10:08:58] [373/459] VCKM
[10:08:59] [374/459] PCPH
[10:09:00] [375/459] PADM
[10:09:01] [376/459] IESA
[10:09:02] [377/459] VCSP
[10:09:03] [378/459] AEST
[10:09:04] [379/459] VTNR
[10:09:05] 🔄 Identity reset
[10:09:05] 🔄 Identity rotated (every 10 requests)
[10:09:05] [380/459] GTTA
[10:09:06] [381/459] CMMM
[10:09:07] [382/459] AHKT
[10:09:07] [383/459] SIJI
[10:09:08] [384/459] VCEI
[10:09:09] [385/459] SAKR
[10:09:10] [386/459] VSMT
[10:09:11] [387/459] SSCT
[10:09:12] [388/459] USTR
[10:09:13] [389/459] MTKT
[10:09:14] 🔄 Identity reset
[10:09:14] 🔄 Identity rotated (every 10 requests)
[10:09:14] [390/459] TGMP
[10:09:15] [391/459] SIVC
[10:09:15] [392/459] KICT
[10:09:16] [393/459] DAMD
[10:09:18] [394/459] CNPT
[10:09:19] [395/459] RVTT
[10:09:21] [396/459] SNCM
[10:09:21] [397/459] GHTE
[10:09:22] [398/459] PPAM
[10:09:24] [399/459] PVAA
[10:09:24] 🔄 Identity reset
[10:09:24] 🔄 Identity rotated (every 10 requests)
[10:09:25] [400/459] CPAO
[10:09:25] [401/459] HAMD
[10:09:26] [402/459] RCCA
[10:09:28] [403/459] MPCH
[10:09:29] [404/459] ARED
[10:09:30] [405/459] RRCV
[10:09:31] [406/459] MTRB
[10:09:31] [407/459] CKUA
[10:09:32] [408/459] ABMP
[10:09:33] [409/459] RCWA
[10:09:34] 🔄 Identity reset
[10:09:34] 🔄 Identity rotated (every 10 requests)
[10:09:34] [410/459] CGAR
[10:09:35] [411/459] METH
[10:09:36] [412/459] WAGA
[10:09:38] [413/459] MCMA
[10:09:39] [414/459] CSMP
[10:09:39] [415/459] RCNK
[10:09:41] [416/459] PSTM
[10:09:42] [417/459] CSEP
[10:09:43] [418/459] AMGD
[10:09:44] [419/459] CSTE
[10:09:44] 🔄 Identity reset
[10:09:44] 🔄 Identity rotated (every 10 requests)
[10:09:45] [420/459] CONS
[10:09:46] [421/459] APPX
[10:09:47] [422/459] MABC
[10:09:48] [423/459] CXST
[10:09:49] [424/459] MATN
[10:09:49] [425/459] MACZ
[10:09:50] [426/459] MASA
[10:09:51] [427/459] MBSX
[10:09:52] [428/459] CSST
[10:09:53] [429/459] APCL
[10:09:54] 🔄 Identity reset
[10:09:54] 🔄 Identity rotated (every 10 requests)
[10:09:55] [430/459] CGOS
[10:09:56] [431/459] CPEC
[10:09:57] [432/459] MCCP
[10:09:58] [433/459] BSSO
[10:09:59] [434/459] SJKA
[10:09:59] [435/459] CGBO
[10:10:00] [436/459] MVSK
[10:10:01] [437/459] HVCA
[10:10:02] [438/459] NAMD
[10:10:03] [439/459] DEVI
[10:10:04] 🔄 Identity reset
[10:10:04] 🔄 Identity rotated (every 10 requests)
[10:10:04] [440/459] SCSV
[10:10:05] [441/459] PSMA
[10:10:06] [442/459] CLDJ
[10:10:07] [443/459] NMAD
[10:10:07] [444/459] CGMO
[10:10:08] [445/459] MCNA
[10:10:09] [446/459] OCBN
[10:10:10] [447/459] CPEM
[10:10:11] [448/459] CPSM
[10:10:12] [449/459] RCAD
[10:10:13] 🔄 Identity reset
[10:10:13] 🔄 Identity rotated (every 10 requests)
[10:10:13] [450/459] CPMU
[10:10:14] [451/459] DICD
[10:10:15] [452/459] CHOE
[10:10:16] [453/459] PDJM
[10:10:17] [454/459] SSTU
[10:10:18] [455/459] VNRN
[10:10:18] [456/459] PVLG
[10:10:19] [457/459] SWBL
[10:10:20] [458/459] SCAB
[10:10:22] [459/459] RDDA
[10:10:22] 🔄 Identity reset
[10:10:22] 🔄 Identity rotated (every 10 requests)
[10:10:22] 🔄 Retry 1/5 for RDDA in 2.0s
[10:10:22] 🔄 Identity reset
[10:10:24] 🧠 New identity created
[10:10:25] 🧹 Deduping shows
[10:10:25] ✅ DONE | Shows=24 | Movies=5
[17:02:32] 🚀 SCRIPT STARTED (enhanced anti‑detection)
[17:02:32] [1/459] MCCZ
[17:02:32] 🧠 New identity created
[17:02:32] [2/459] FRPU
[17:02:33] [3/459] SKSI
[17:02:34] [4/459] SSCK
[17:02:35] [5/459] SRDC
[17:02:36] [6/459] RSCZ
[17:02:38] [7/459] PRVT
[17:02:39] [8/459] GAGJ
[17:02:40] [9/459] SMHG
[17:02:40] [10/459] JTST
[17:02:41] 🔄 Identity reset
[17:02:41] 🔄 Identity rotated (every 10 requests)
[17:02:41] [11/459] MYTH
[17:02:42] [12/459] JPCC
[17:02:43] [13/459] ACDC
[17:02:44] [14/459] SVFP
[17:02:45] [15/459] SFCM
[17:02:46] [16/459] RUPK
[17:02:46] [17/459] NTCR
[17:02:47] [18/459] RTCH
[17:02:48] [19/459] SCMH
[17:02:49] [20/459] SVYM
[17:02:50] 🔄 Identity reset
[17:02:50] 🔄 Identity rotated (every 10 requests)
[17:02:50] [21/459] SPYM
[17:02:51] [22/459] SMMF
[17:02:53] [23/459] CLLB
[17:02:53] [24/459] FMCB
[17:02:54] [25/459] BBTC
[17:02:55] [26/459] NTHS
[17:02:56] [27/459] PKKJ
[17:02:57] [28/459] MTJA
[17:02:58] [29/459] PMSJ
[17:02:59] [30/459] JMJU
[17:03:00] 🔄 Identity reset
[17:03:00] 🔄 Identity rotated (every 10 requests)
[17:03:01] [31/459] SRAD
[17:03:02] [32/459] MJMC
[17:03:03] [33/459] DFRM
[17:03:04] [34/459] PMRS
[17:03:05] [35/459] RKPP
[17:03:06] [36/459] BMBK
[17:03:07] [37/459] NEWS
[17:03:08] [38/459] SALB
[17:03:08] [39/459] SCPW
[17:03:09] [40/459] RAYL
[17:03:10] 🔄 Identity reset
[17:03:10] 🔄 Identity rotated (every 10 requests)
[17:03:10] 🔄 Retry 1/5 for RAYL in 2.6s
[17:03:10] 🔄 Identity reset
[17:03:13] 🧠 New identity created
[17:03:13] 🔄 Retry 2/5 for RAYL in 4.5s
[17:03:13] 🔄 Identity reset
[17:03:17] 🧠 New identity created
[17:03:17] [41/459] CMGJ
[17:03:18] [42/459] JRCR
[17:03:19] [43/459] SRTB
[17:03:20] [44/459] ETPB
[17:03:21] [45/459] MXBN
[17:03:22] [46/459] TOPE
[17:03:23] [47/459] SNLJ
[17:03:24] [48/459] CDDP
[17:03:24] 🔄 Identity reset
[17:03:24] 🔄 Identity rotated (every 10 requests)
[17:03:25] [49/459] APCX
[17:03:25] [50/459] TALP
[17:03:26] [51/459] RRMP
[17:03:27] [52/459] MAHB
[17:03:28] [53/459] MTKR
[17:03:29] [54/459] KSKL
[17:03:30] [55/459] RJLT
[17:03:31] [56/459] ATAS
[17:03:32] [57/459] AMHR
[17:03:33] [58/459] RSRM
[17:03:33] 🔄 Identity reset
[17:03:33] 🔄 Identity rotated (every 10 requests)
[17:03:33] [59/459] GCAT
[17:03:34] [60/459] SMML
[17:03:35] [61/459] ACCD
[17:03:36] [62/459] VYDA
[17:03:37] [63/459] MSKT
[17:03:38] [64/459] AVDM
[17:03:38] [65/459] ASMH
[17:03:39] [66/459] VTMB
[17:03:40] [67/459] WVMB
[17:03:41] [68/459] PPMN
[17:03:41] 🔄 Identity reset
[17:03:41] 🔄 Identity rotated (every 10 requests)
[17:03:41] 🔄 Retry 1/5 for PPMN in 2.5s
[17:03:41] 🔄 Identity reset
[17:03:44] 🧠 New identity created
[17:03:44] [69/459] MTMD
[17:03:45] [70/459] SMMO
[17:03:47] [71/459] DLPB
[17:03:48] [72/459] AKMD
[17:03:49] [73/459] SHRR
[17:03:50] [74/459] ASCO
[17:03:51] [75/459] CZVX
[17:03:52] [76/459] GCBB
[17:03:52] [77/459] ATBM
[17:03:53] 🔄 Identity reset
[17:03:53] 🔄 Identity rotated (every 10 requests)
[17:03:53] [78/459] TCGM
[17:03:54] [79/459] UMSE
[17:03:55] [80/459] NKCL
[17:03:56] [81/459] BTLR
[17:03:57] [82/459] GOCL
[17:03:58] [83/459] MIRN
[17:03:59] [84/459] THEC
[17:04:00] [85/459] SPPB
[17:04:01] [86/459] PMMM
[17:04:02] [87/459] GGMC
[17:04:03] 🔄 Identity reset
[17:04:03] 🔄 Identity rotated (every 10 requests)
[17:04:03] 🔄 Retry 1/5 for GGMC in 2.7s
[17:04:03] 🔄 Identity reset
[17:04:05] 🧠 New identity created
[17:04:06] [88/459] AVSR
[17:04:07] [89/459] RDMH
[17:04:08] [90/459] JSRS
[17:04:08] [91/459] VKGP
[17:04:10] [92/459] ACRT
[17:04:11] [93/459] GCBA
[17:04:12] [94/459] GTCP
[17:04:12] [95/459] AKFC
[17:04:13] [96/459] INCS
[17:04:14] 🔄 Identity reset
[17:04:14] 🔄 Identity rotated (every 10 requests)
[17:04:14] [97/459] SMCK
[17:04:15] [98/459] BRUN
[17:04:16] [99/459] RPPC
[17:04:17] [100/459] PAYD
[17:04:18] [101/459] SVVT
[17:04:19] [102/459] RNCC
[17:04:19] [103/459] PCRC
[17:04:20] [104/459] PMRM
[17:04:21] [105/459] CCRP
[17:04:22] [106/459] INCR
[17:04:23] 🔄 Identity reset
[17:04:23] 🔄 Identity rotated (every 10 requests)
[17:04:23] 🔄 Retry 1/5 for INCR in 2.2s
[17:04:23] 🔄 Identity reset
[17:04:25] 🧠 New identity created
[17:04:25] [107/459] ZTMP
[17:04:26] [108/459] MCNR
[17:04:27] [109/459] INRP
[17:04:28] [110/459] STRC
[17:04:29] [111/459] RATI
[17:04:30] [112/459] PBTR
[17:04:30] [113/459] CMHP
[17:04:31] [114/459] ZECJ
[17:04:32] [115/459] CCCB
[17:04:33] 🔄 Identity reset
[17:04:33] 🔄 Identity rotated (every 10 requests)
[17:04:33] [116/459] BWCB
[17:04:34] [117/459] CCAT
[17:04:35] [118/459] KGCM
[17:04:36] [119/459] INPT
[17:04:36] [120/459] FNCO
[17:04:37] [121/459] SRMJ
[17:04:38] [122/459] PFSC
[17:04:39] [123/459] PBMC
[17:04:40] [124/459] KARP
[17:04:41] [125/459] KOVI
[17:04:42] 🔄 Identity reset
[17:04:42] 🔄 Identity rotated (every 10 requests)
[17:04:42] 🔄 Retry 1/5 for KOVI in 2.3s
[17:04:42] 🔄 Identity reset
[17:04:44] 🧠 New identity created
[17:04:45] [126/459] ACXL
[17:04:46] [127/459] GKCC
[17:04:47] [128/459] ASCC
[17:04:48] [129/459] SETC
[17:04:49] [130/459] KACC
[17:04:50] [131/459] KAVE
[17:04:51] [132/459] CNTC
[17:04:52] [133/459] MEEN
[17:04:53] [134/459] BMRV
[17:04:53] 🔄 Identity reset
[17:04:53] 🔄 Identity rotated (every 10 requests)
[17:04:54] [135/459] SVAM
[17:04:55] [136/459] VTBP
[17:04:55] [137/459] VCKN
[17:04:56] [138/459] SGTK
[17:04:57] [139/459] RCGS
[17:04:58] [140/459] RCCB
[17:05:00] [141/459] RKSR
[17:05:00] [142/459] RKCU
[17:05:01] [143/459] GIBH
[17:05:02] [144/459] CXBS
[17:05:03] 🔄 Identity reset
[17:05:03] 🔄 Identity rotated (every 10 requests)
[17:05:03] 🔄 Retry 1/5 for CXBS in 2.1s
[17:05:03] 🔄 Identity reset
[17:05:05] 🧠 New identity created
[17:05:05] [145/459] GGCB
[17:05:06] [146/459] SCPB
[17:05:07] [147/459] AKTB
[17:05:08] [148/459] SRBU
[17:05:08] [149/459] CSSA
[17:05:09] [150/459] MYAN
[17:05:13] [151/459] EXCA
[17:05:14] [152/459] CKSA
[17:05:15] [153/459] JTNM
[17:05:15] 🔄 Identity reset
[17:05:15] 🔄 Identity rotated (every 10 requests)
[17:05:15] [154/459] CXKT
[17:05:16] [155/459] NCLM
[17:05:17] [156/459] JAAD
[17:05:18] [157/459] RDCR
[17:05:19] [158/459] MEER
[17:05:20] [159/459] SIBT
[17:05:21] [160/459] PVVB
[17:05:22] [161/459] FNPN
[17:05:23] [162/459] CRPX
[17:05:24] [163/459] STET
[17:05:24] 🔄 Identity reset
[17:05:24] 🔄 Identity rotated (every 10 requests)
[17:05:25] [164/459] METE
[17:05:26] [165/459] BJML
[17:05:26] [166/459] MAVT
[17:05:27] [167/459] MSRM
[17:05:28] [168/459] TJMP
[17:05:29] [169/459] MHCK
[17:05:30] [170/459] SVGP
[17:05:31] [171/459] KRRC
[17:05:32] [172/459] IMCH
[17:05:33] [173/459] CMCS
[17:05:33] 🔄 Identity reset
[17:05:33] 🔄 Identity rotated (every 10 requests)
[17:05:33] [174/459] SGND
[17:05:34] [175/459] RNAT
[17:05:35] [176/459] PRTN
[17:05:36] [177/459] MPTN
[17:05:37] [178/459] ARCC
[17:05:38] [179/459] NTTE
[17:05:40] [180/459] ABND
[17:05:41] [181/459] KCSN
[17:05:42] [182/459] KCSA
[17:05:42] [183/459] DCKT
[17:05:43] 🔄 Identity reset
[17:05:43] 🔄 Identity rotated (every 10 requests)
[17:05:43] [184/459] MBBR
[17:05:44] [185/459] RAMU
[17:05:45] [186/459] RACW
[17:05:46] [187/459] MCHP
[17:05:47] [188/459] TMHM
[17:05:48] [189/459] STXH
[17:05:49] [190/459] AGSG
[17:05:50] [191/459] SIRA
[17:05:50] [192/459] RCAN
[17:05:52] [193/459] CWTB
[17:05:52] 🔄 Identity reset
[17:05:52] 🔄 Identity rotated (every 10 requests)
[17:05:52] [194/459] VTYM
[17:05:53] [195/459] RRPP
[17:05:54] [196/459] ASMR
[17:05:55] [197/459] RONO
[17:05:56] [198/459] MEMR
[17:05:57] [199/459] CTMR
[17:05:59] [200/459] PMTT
[17:05:59] [201/459] PSLX
[17:06:00] [202/459] IPPL
[17:06:01] [203/459] MMSG
[17:06:02] 🔄 Identity reset
[17:06:02] 🔄 Identity rotated (every 10 requests)
[17:06:02] 🔄 Retry 1/5 for MMSG in 2.3s
[17:06:02] 🔄 Identity reset
[17:06:04] 🧠 New identity created
[17:06:05] [204/459] INEL
[17:06:06] [205/459] COAC
[17:06:07] [206/459] WVLK
[17:06:07] [207/459] PPXL
[17:06:08] [208/459] PSML
[17:06:09] [209/459] FNLK
[17:06:10] [210/459] ILUM
[17:06:11] [211/459] ILCM
[17:06:11] [212/459] MSNL
[17:06:12] 🔄 Identity reset
[17:06:12] 🔄 Identity rotated (every 10 requests)
[17:06:12] [213/459] VINB
[17:06:13] [214/459] SALW
[17:06:14] [215/459] PRTB
[17:06:15] [216/459] NCIL
[17:06:16] [217/459] PSUL
[17:06:16] [218/459] SCLK
[17:06:17] [219/459] ADDC
[17:06:18] [220/459] OACL
[17:06:19] [221/459] OOCF
[17:06:21] [222/459] GPMF
[17:06:21] 🔄 Identity reset
[17:06:21] 🔄 Identity rotated (every 10 requests)
[17:06:22] [223/459] SSDG
[17:06:23] [224/459] SKRS
[17:06:23] [225/459] NTTP
[17:06:24] [226/459] SLTP
[17:06:25] [227/459] JTLC
[17:06:26] [228/459] POON
[17:06:27] [229/459] CCPC
[17:06:28] [230/459] DCKC
[17:06:29] [231/459] CPRT
[17:06:30] [232/459] EYHZ
[17:06:31] 🔄 Identity reset
[17:06:31] 🔄 Identity rotated (every 10 requests)
[17:06:31] [233/459] ARBL
[17:06:32] [234/459] SBTB
[17:06:33] [235/459] MMCK
[17:06:34] [236/459] PLMR
[17:06:35] [237/459] BIJH
[17:06:36] [238/459] SDRT
[17:06:37] [239/459] PRDC
[17:06:38] [240/459] OMJA
[17:06:39] [241/459] VKCR
[17:06:40] [242/459] ATRT
[17:06:41] 🔄 Identity reset
[17:06:41] 🔄 Identity rotated (every 10 requests)
[17:06:41] 🔄 Retry 1/5 for ATRT in 2.3s
[17:06:41] 🔄 Identity reset
[17:06:43] 🧠 New identity created
[17:06:43] [243/459] WVRP
[17:06:44] [244/459] MVRP
[17:06:45] [245/459] FCAX
[17:06:46] [246/459] CTLC
[17:06:47] [247/459] JCHB
[17:06:48] [248/459] SELP
[17:06:49] [249/459] VCPG
[17:06:50] [250/459] ASCX
[17:06:51] [251/459] EOCS
[17:06:51] 🔄 Identity reset
[17:06:51] 🔄 Identity rotated (every 10 requests)
[17:06:52] [252/459] RCPH
[17:06:52] [253/459] RJTM
[17:06:53] [254/459] SGMD
[17:06:54] [255/459] SVJT
[17:06:55] [256/459] SPPO
[17:06:56] [257/459] MNRL
[17:06:57] [258/459] KNOX
[17:06:58] [259/459] GIER
[17:06:59] [260/459] PJMS
[17:07:00] [261/459] UNSP
[17:07:00] 🔄 Identity reset
[17:07:00] 🔄 Identity rotated (every 10 requests)
[17:07:01] [262/459] JETP
[17:07:02] [263/459] VTWA
[17:07:03] [264/459] SCJI
[17:07:04] [265/459] CBZZ
[17:07:05] [266/459] SDCJ
[17:07:06] [267/459] RRCC
[17:07:07] [268/459] VNKG
[17:07:08] [269/459] LKTO
[17:07:09] [270/459] PJRM
[17:07:10] [271/459] NVRM
[17:07:10] 🔄 Identity reset
[17:07:10] 🔄 Identity rotated (every 10 requests)
[17:07:11] [272/459] SJCS
[17:07:12] [273/459] VIGK
[17:07:13] [274/459] ANST
[17:07:14] [275/459] JTTS
[17:07:15] [276/459] NTST
[17:07:16] [277/459] PREB
[17:07:16] [278/459] TSCZ
[17:07:17] [279/459] CDCM
[17:07:18] [280/459] ELYE
[17:07:19] [281/459] INBS
[17:07:20] 🔄 Identity reset
[17:07:20] 🔄 Identity rotated (every 10 requests)
[17:07:20] 🔄 Retry 1/5 for INBS in 2.1s
[17:07:20] 🔄 Identity reset
[17:07:22] 🧠 New identity created
[17:07:22] [282/459] SMGC
[17:07:23] [283/459] UTMP
[17:07:24] [284/459] INTA
[17:07:25] [285/459] OMPT
[17:07:26] [286/459] SCIR
[17:07:26] [287/459] GCKJ
[17:07:27] [288/459] INOG
[17:07:28] [289/459] SMGB
[17:07:30] [290/459] MCSG
[17:07:30] 🔄 Identity reset
[17:07:30] 🔄 Identity rotated (every 10 requests)
[17:07:31] [291/459] STKG
[17:07:31] [292/459] TTKG
[17:07:32] [293/459] SRTR
[17:07:33] [294/459] ETTR
[17:07:34] [295/459] GGGZ
[17:07:36] [296/459] IPGM
[17:07:37] [297/459] FCDH
[17:07:38] [298/459] DESB
[17:07:38] [299/459] VNTP
[17:07:39] [300/459] ANNT
[17:07:40] 🔄 Identity reset
[17:07:40] 🔄 Identity rotated (every 10 requests)
[17:07:40] 🔄 Retry 1/5 for ANNT in 2.6s
[17:07:40] 🔄 Identity reset
[17:07:43] 🧠 New identity created
[17:07:43] [301/459] SLTI
[17:07:44] [302/459] MAJU
[17:07:45] [303/459] JCXP
[17:07:46] [304/459] HARK
[17:07:47] [305/459] JPCJ
[17:07:47] [306/459] RXBD
[17:07:48] [307/459] PTKJ
[17:07:49] [308/459] CMTU
[17:07:50] [309/459] SWOR
[17:07:51] 🔄 Identity reset
[17:07:51] 🔄 Identity rotated (every 10 requests)
[17:07:51] [310/459] JMEX
[17:07:52] [311/459] DTPT
[17:07:52] [312/459] VGMM
[17:07:53] [313/459] VCSG
[17:07:54] [314/459] CVCG
[17:07:55] [315/459] TNTT
[17:07:56] [316/459] SHRM
[17:07:57] [317/459] CGKD
[17:07:58] [318/459] EKCM
[17:07:58] [319/459] SDCX
[17:07:59] 🔄 Identity reset
[17:07:59] 🔄 Identity rotated (every 10 requests)
[17:08:00] [320/459] SBTE
[17:08:01] [321/459] STKJ
[17:08:01] [322/459] TPCE
[17:08:03] [323/459] JTNP
[17:08:04] [324/459] LPCH
[17:08:05] [325/459] CPUO
[17:08:06] [326/459] APSU
[17:08:07] [327/459] RTHC
[17:08:08] [328/459] PTBU
[17:08:09] [329/459] CUCC
[17:08:09] 🔄 Identity reset
[17:08:09] 🔄 Identity rotated (every 10 requests)
[17:08:10] [330/459] CPSA
[17:08:10] [331/459] SUAY
[17:08:12] [332/459] AYAA
[17:08:13] [333/459] MUCH
[17:08:15] [334/459] PCIN
[17:08:15] [335/459] JRRM
[17:08:16] [336/459] KATS
[17:08:17] [337/459] MHFF
[17:08:18] [338/459] ESYM
[17:08:19] [339/459] STYV
[17:08:19] 🔄 Identity reset
[17:08:19] 🔄 Identity rotated (every 10 requests)
[17:08:20] [340/459] SDKG
[17:08:21] [341/459] SMTI
[17:08:21] [342/459] NYCS
[17:08:23] [343/459] MTBG
[17:08:23] [344/459] RHCA
[17:08:24] [345/459] PCKH
[17:08:25] [346/459] ARCR
[17:08:26] [347/459] NCMB
[17:08:28] [348/459] SHYC
[17:08:28] [349/459] LACK
[17:08:29] 🔄 Identity reset
[17:08:29] 🔄 Identity rotated (every 10 requests)
[17:08:29] [350/459] MTCM
[17:08:30] [351/459] RRBN
[17:08:31] [352/459] MYDC
[17:08:31] [353/459] STCS
[17:08:33] [354/459] CONN
[17:08:35] [355/459] SIPS
[17:08:35] [356/459] SMMX
[17:08:37] [357/459] SCBY
[17:08:38] [358/459] SUAP
[17:08:39] [359/459] RSMK
[17:08:39] 🔄 Identity reset
[17:08:39] 🔄 Identity rotated (every 10 requests)
[17:08:40] [360/459] STKP
[17:08:41] [361/459] CIPC
[17:08:42] [362/459] KKCI
[17:08:43] [363/459] CTNK
[17:08:44] [364/459] MMTZ
[17:08:45] [365/459] DCCO
[17:08:46] [366/459] VNMN
[17:08:46] [367/459] RLCN
[17:08:47] [368/459] CMMS
[17:08:48] [369/459] AYOU
[17:08:49] 🔄 Identity reset
[17:08:49] 🔄 Identity rotated (every 10 requests)
[17:08:49] [370/459] SSCN
[17:08:50] [371/459] SMXN
[17:08:50] [372/459] ASSK
[17:08:51] [373/459] VCKM
[17:08:52] [374/459] PCPH
[17:08:53] [375/459] PADM
[17:08:54] [376/459] IESA
[17:08:55] [377/459] VCSP
[17:08:56] [378/459] AEST
[17:08:56] [379/459] VTNR
[17:08:57] 🔄 Identity reset
[17:08:57] 🔄 Identity rotated (every 10 requests)
[17:08:58] [380/459] GTTA
[17:08:58] [381/459] CMMM
[17:08:59] [382/459] AHKT
[17:09:00] [383/459] SIJI
[17:09:01] [384/459] VCEI
[17:09:02] [385/459] SAKR
[17:09:03] [386/459] VSMT
[17:09:03] [387/459] SSCT
[17:09:04] [388/459] USTR
[17:09:05] [389/459] MTKT
[17:09:06] 🔄 Identity reset
[17:09:06] 🔄 Identity rotated (every 10 requests)
[17:09:06] 🔄 Retry 1/5 for MTKT in 2.2s
[17:09:06] 🔄 Identity reset
[17:09:08] 🧠 New identity created
[17:09:08] [390/459] TGMP
[17:09:09] [391/459] SIVC
[17:09:10] [392/459] KICT
[17:09:11] [393/459] DAMD
[17:09:12] [394/459] CNPT
[17:09:12] [395/459] RVTT
[17:09:13] [396/459] SNCM
[17:09:14] [397/459] GHTE
[17:09:15] [398/459] PPAM
[17:09:16] 🔄 Identity reset
[17:09:16] 🔄 Identity rotated (every 10 requests)
[17:09:16] [399/459] PVAA
[17:09:17] [400/459] CPAO
[17:09:17] [401/459] HAMD
[17:09:19] [402/459] RCCA
[17:09:20] [403/459] MPCH
[17:09:21] [404/459] ARED
[17:09:22] [405/459] RRCV
[17:09:23] [406/459] MTRB
[17:09:24] [407/459] CKUA
[17:09:25] [408/459] ABMP
[17:09:26] 🔄 Identity reset
[17:09:26] 🔄 Identity rotated (every 10 requests)
[17:09:26] [409/459] RCWA
[17:09:27] [410/459] CGAR
[17:09:28] [411/459] METH
[17:09:28] [412/459] WAGA
[17:09:30] [413/459] MCMA
[17:09:31] [414/459] CSMP
[17:09:32] [415/459] RCNK
[17:09:32] [416/459] PSTM
[17:09:33] [417/459] CSEP
[17:09:34] [418/459] AMGD
[17:09:34] 🔄 Identity reset
[17:09:34] 🔄 Identity rotated (every 10 requests)
[17:09:35] [419/459] CSTE
[17:09:35] [420/459] CONS
[17:09:36] [421/459] APPX
[17:09:37] [422/459] MABC
[17:09:38] [423/459] CXST
[17:09:39] [424/459] MATN
[17:09:40] [425/459] MACZ
[17:09:41] [426/459] MASA
[17:09:42] [427/459] MBSX
[17:09:43] [428/459] CSST
[17:09:44] 🔄 Identity reset
[17:09:44] 🔄 Identity rotated (every 10 requests)
[17:09:44] [429/459] APCL
[17:09:45] [430/459] CGOS
[17:09:46] [431/459] CPEC
[17:09:47] [432/459] MCCP
[17:09:48] [433/459] BSSO
[17:09:48] [434/459] SJKA
[17:09:50] [435/459] CGBO
[17:09:51] [436/459] MVSK
[17:09:52] [437/459] HVCA
[17:09:52] [438/459] NAMD
[17:09:53] 🔄 Identity reset
[17:09:53] 🔄 Identity rotated (every 10 requests)
[17:09:53] [439/459] DEVI
[17:09:54] [440/459] SCSV
[17:09:55] [441/459] PSMA
[17:09:56] [442/459] CLDJ
[17:09:57] [443/459] NMAD
[17:09:58] [444/459] CGMO
[17:09:59] [445/459] MCNA
[17:10:00] [446/459] OCBN
[17:10:01] [447/459] CPEM
[17:10:01] [448/459] CPSM
[17:10:02] 🔄 Identity reset
[17:10:02] 🔄 Identity rotated (every 10 requests)
[17:10:02] 🔄 Retry 1/5 for CPSM in 2.4s
[17:10:02] 🔄 Identity reset
[17:10:04] 🧠 New identity created
[17:10:04] 🔄 Retry 2/5 for CPSM in 4.8s
[17:10:04] 🔄 Identity reset
[17:10:09] 🧠 New identity created
[17:10:09] [449/459] RCAD
[17:10:10] [450/459] CPMU
[17:10:11] [451/459] DICD
[17:10:13] [452/459] CHOE
[17:10:14] [453/459] PDJM
[17:10:14] [454/459] SSTU
[17:10:15] [455/459] VNRN
[17:10:16] [456/459] PVLG
[17:10:17] 🔄 Identity reset
[17:10:17] 🔄 Identity rotated (every 10 requests)
[17:10:17] [457/459] SWBL
[17:10:18] [458/459] SCAB
[17:10:19] [459/459] RDDA
[17:10:20] 🧹 Deduping shows
[17:10:20] ✅ DONE | Shows=23 | Movies=6
[05:00:28] 🚀 SCRIPT STARTED (enhanced anti‑detection)
[05:00:28] [1/459] MCCZ
[05:00:29] 🧠 New identity created
[05:00:29] [2/459] FRPU
[05:00:30] [3/459] SKSI
[05:00:31] [4/459] SSCK
[05:00:32] [5/459] SRDC
[05:00:34] [6/459] RSCZ
[05:00:35] [7/459] PRVT
[05:00:36] [8/459] GAGJ
[05:00:37] [9/459] SMHG
[05:00:38] [10/459] JTST
[05:00:38] 🔄 Identity reset
[05:00:38] 🔄 Identity rotated (every 10 requests)
[05:00:39] [11/459] MYTH
[05:00:40] [12/459] JPCC
[05:00:41] [13/459] ACDC
[05:00:41] [14/459] SVFP
[05:00:42] [15/459] SFCM
[05:00:43] [16/459] RUPK
[05:00:44] [17/459] NTCR
[05:00:45] [18/459] RTCH
[05:00:46] [19/459] SCMH
[05:00:47] [20/459] SVYM
[05:00:47] 🔄 Identity reset
[05:00:48] 🔄 Identity rotated (every 10 requests)
[05:00:48] [21/459] SPYM
[05:00:49] [22/459] SMMF
[05:00:50] [23/459] CLLB
[05:00:51] [24/459] FMCB
[05:00:51] [25/459] BBTC
[05:00:52] [26/459] NTHS
[05:00:53] [27/459] PKKJ
[05:00:54] [28/459] MTJA
[05:00:55] [29/459] PMSJ
[05:00:56] [30/459] JMJU
[05:00:56] 🔄 Identity reset
[05:00:56] 🔄 Identity rotated (every 10 requests)
[05:00:57] [31/459] SRAD
[05:00:58] [32/459] MJMC
[05:00:58] [33/459] DFRM
[05:00:59] [34/459] PMRS
[05:01:00] [35/459] RKPP
[05:01:01] [36/459] BMBK
[05:01:02] [37/459] NEWS
[05:01:03] [38/459] SALB
[05:01:04] [39/459] SCPW
[05:01:05] [40/459] RAYL
[05:01:06] 🔄 Identity reset
[05:01:06] 🔄 Identity rotated (every 10 requests)
[05:01:07] [41/459] CMGJ
[05:01:08] [42/459] JRCR
[05:01:09] [43/459] SRTB
[05:01:10] [44/459] ETPB
[05:01:11] [45/459] MXBN
[05:01:12] [46/459] TOPE
[05:01:13] [47/459] SNLJ
[05:01:13] [48/459] CDDP
[05:01:14] [49/459] APCX
[05:01:15] [50/459] TALP
[05:01:16] 🔄 Identity reset
[05:01:16] 🔄 Identity rotated (every 10 requests)
[05:01:16] [51/459] RRMP
[05:01:17] [52/459] MAHB
[05:01:18] [53/459] MTKR
[05:01:19] [54/459] KSKL
[05:01:20] [55/459] RJLT
[05:01:20] [56/459] ATAS
[05:01:21] [57/459] AMHR
[05:01:22] [58/459] RSRM
[05:01:23] [59/459] GCAT
[05:01:24] [60/459] SMML
[05:01:25] 🔄 Identity reset
[05:01:25] 🔄 Identity rotated (every 10 requests)
[05:01:26] [61/459] ACCD
[05:01:27] [62/459] VYDA
[05:01:28] [63/459] MSKT
[05:01:29] [64/459] AVDM
[05:01:30] [65/459] ASMH
[05:01:30] [66/459] VTMB
[05:01:31] [67/459] WVMB
[05:01:32] [68/459] PPMN
[05:01:33] [69/459] MTMD
[05:01:34] [70/459] SMMO
[05:01:34] 🔄 Identity reset
[05:01:34] 🔄 Identity rotated (every 10 requests)
[05:01:35] [71/459] DLPB
[05:01:36] [72/459] AKMD
[05:01:36] [73/459] SHRR
[05:01:37] [74/459] ASCO
[05:01:38] [75/459] CZVX
[05:01:39] [76/459] GCBB
[05:01:40] [77/459] ATBM
[05:01:41] [78/459] TCGM
[05:01:42] [79/459] UMSE
[05:01:43] [80/459] NKCL
[05:01:44] 🔄 Identity reset
[05:01:44] 🔄 Identity rotated (every 10 requests)
[05:01:44] [81/459] BTLR
[05:01:45] [82/459] GOCL
[05:01:46] [83/459] MIRN
[05:01:47] [84/459] THEC
[05:01:48] [85/459] SPPB
[05:01:49] [86/459] PMMM
[05:01:50] [87/459] GGMC
[05:01:51] [88/459] AVSR
[05:01:53] [89/459] RDMH
[05:01:55] [90/459] JSRS
[05:01:55] 🔄 Identity reset
[05:01:55] 🔄 Identity rotated (every 10 requests)
[05:01:56] [91/459] VKGP
[05:01:56] [92/459] ACRT
[05:01:57] [93/459] GCBA
[05:01:58] [94/459] GTCP
[05:01:59] [95/459] AKFC
[05:02:00] [96/459] INCS
[05:02:01] [97/459] SMCK
[05:02:02] [98/459] BRUN
[05:02:03] [99/459] RPPC
[05:02:04] [100/459] PAYD
[05:02:04] 🔄 Identity reset
[05:02:04] 🔄 Identity rotated (every 10 requests)
[05:02:05] [101/459] SVVT
[05:02:05] [102/459] RNCC
[05:02:06] [103/459] PCRC
[05:02:07] [104/459] PMRM
[05:02:08] [105/459] CCRP
[05:02:09] [106/459] INCR
[05:02:10] [107/459] ZTMP
[05:02:11] [108/459] MCNR
[05:02:12] [109/459] INRP
[05:02:13] [110/459] STRC
[05:02:14] 🔄 Identity reset
[05:02:14] 🔄 Identity rotated (every 10 requests)
[05:02:15] [111/459] RATI
[05:02:16] [112/459] PBTR
[05:02:17] [113/459] CMHP
[05:02:18] [114/459] ZECJ
[05:02:19] [115/459] CCCB
[05:02:20] [116/459] BWCB
[05:02:21] [117/459] CCAT
[05:02:23] [118/459] KGCM
[05:02:24] [119/459] INPT
[05:02:25] [120/459] FNCO
[05:02:25] 🔄 Identity reset
[05:02:25] 🔄 Identity rotated (every 10 requests)
[05:02:26] [121/459] SRMJ
[05:02:27] [122/459] PFSC
[05:02:28] [123/459] PBMC
[05:02:28] [124/459] KARP
[05:02:29] [125/459] KOVI
[05:02:30] [126/459] ACXL
[05:02:31] [127/459] GKCC
[05:02:32] [128/459] ASCC
[05:02:33] [129/459] SETC
[05:02:34] [130/459] KACC
[05:02:35] 🔄 Identity reset
[05:02:35] 🔄 Identity rotated (every 10 requests)
[05:02:35] [131/459] KAVE
[05:02:36] [132/459] CNTC
[05:02:37] [133/459] MEEN
[05:02:38] [134/459] BMRV
[05:02:39] [135/459] SVAM
[05:02:41] [136/459] VTBP
[05:02:42] [137/459] VCKN
[05:02:43] [138/459] SGTK
[05:02:44] [139/459] RCGS
[05:02:45] [140/459] RCCB
[05:02:45] 🔄 Identity reset
[05:02:46] 🔄 Identity rotated (every 10 requests)
[05:02:46] [141/459] RKSR
[05:02:48] [142/459] RKCU
[05:02:49] [143/459] GIBH
[05:02:49] [144/459] CXBS
[05:02:50] [145/459] GGCB
[05:02:51] [146/459] SCPB
[05:02:52] [147/459] AKTB
[05:02:53] [148/459] SRBU
[05:02:54] [149/459] CSSA
[05:02:55] [150/459] MYAN
[05:02:56] 🔄 Identity reset
[05:02:56] 🔄 Identity rotated (every 10 requests)
[05:02:56] [151/459] EXCA
[05:02:57] [152/459] CKSA
[05:02:58] [153/459] JTNM
[05:02:59] [154/459] CXKT
[05:03:00] [155/459] NCLM
[05:03:01] [156/459] JAAD
[05:03:02] [157/459] RDCR
[05:03:03] [158/459] MEER
[05:03:04] [159/459] SIBT
[05:03:04] [160/459] PVVB
[05:03:05] 🔄 Identity reset
[05:03:05] 🔄 Identity rotated (every 10 requests)
[05:03:06] [161/459] FNPN
[05:03:07] [162/459] CRPX
[05:03:08] [163/459] STET
[05:03:09] [164/459] METE
[05:03:10] [165/459] BJML
[05:03:11] [166/459] MAVT
[05:03:12] [167/459] MSRM
[05:03:13] [168/459] TJMP
[05:03:15] [169/459] MHCK
[05:03:16] [170/459] SVGP
[05:03:16] 🔄 Identity reset
[05:03:17] 🔄 Identity rotated (every 10 requests)
[05:03:17] [171/459] KRRC
[05:03:18] [172/459] IMCH
[05:03:19] [173/459] CMCS
[05:03:20] [174/459] SGND
[05:03:21] [175/459] RNAT
[05:03:22] [176/459] PRTN
[05:03:23] [177/459] MPTN
[05:03:24] [178/459] ARCC
[05:03:25] [179/459] NTTE
[05:03:26] [180/459] ABND
[05:03:27] 🔄 Identity reset
[05:03:27] 🔄 Identity rotated (every 10 requests)
[05:03:27] [181/459] KCSN
[05:03:29] [182/459] KCSA
[05:03:30] [183/459] DCKT
[05:03:31] [184/459] MBBR
[05:03:32] [185/459] RAMU
[05:03:32] [186/459] RACW
[05:03:33] [187/459] MCHP
[05:03:34] [188/459] TMHM
[05:03:35] [189/459] STXH
[05:03:36] [190/459] AGSG
[05:03:36] 🔄 Identity reset
[05:03:36] 🔄 Identity rotated (every 10 requests)
[05:03:37] [191/459] SIRA
[05:03:38] [192/459] RCAN
[05:03:38] [193/459] CWTB
[05:03:39] [194/459] VTYM
[05:03:40] [195/459] RRPP
[05:03:42] [196/459] ASMR
[05:03:43] [197/459] RONO
[05:03:44] [198/459] MEMR
[05:03:45] [199/459] CTMR
[05:03:46] [200/459] PMTT
[05:03:47] 🔄 Identity reset
[05:03:47] 🔄 Identity rotated (every 10 requests)
[05:03:47] [201/459] PSLX
[05:03:48] [202/459] IPPL
[05:03:49] [203/459] MMSG
[05:03:50] [204/459] INEL
[05:03:51] [205/459] COAC
[05:03:52] [206/459] WVLK
[05:03:53] [207/459] PPXL
[05:03:54] [208/459] PSML
[05:03:55] [209/459] FNLK
[05:03:56] [210/459] ILUM
[05:03:57] 🔄 Identity reset
[05:03:57] 🔄 Identity rotated (every 10 requests)
[05:03:57] [211/459] ILCM
[05:03:58] [212/459] MSNL
[05:03:59] [213/459] VINB
[05:04:00] [214/459] SALW
[05:04:01] [215/459] PRTB
[05:04:02] [216/459] NCIL
[05:04:03] [217/459] PSUL
[05:04:04] [218/459] SCLK
[05:04:05] [219/459] ADDC
[05:04:06] [220/459] OACL
[05:04:07] 🔄 Identity reset
[05:04:07] 🔄 Identity rotated (every 10 requests)
[05:04:07] [221/459] OOCF
[05:04:09] [222/459] GPMF
[05:04:10] [223/459] SSDG
[05:04:11] [224/459] SKRS
[05:04:12] [225/459] NTTP
[05:04:13] [226/459] SLTP
[05:04:14] [227/459] JTLC
[05:04:15] [228/459] POON
[05:04:17] [229/459] CCPC
[05:04:18] [230/459] DCKC
[05:04:18] 🔄 Identity reset
[05:04:18] 🔄 Identity rotated (every 10 requests)
[05:04:19] [231/459] CPRT
[05:04:19] [232/459] EYHZ
[05:04:20] [233/459] ARBL
[05:04:21] [234/459] SBTB
[05:04:22] [235/459] MMCK
[05:04:23] [236/459] PLMR
[05:04:24] [237/459] BIJH
[05:04:25] [238/459] SDRT
[05:04:26] [239/459] PRDC
[05:04:27] [240/459] OMJA
[05:04:27] 🔄 Identity reset
[05:04:27] 🔄 Identity rotated (every 10 requests)
[05:04:28] [241/459] VKCR
[05:04:29] [242/459] ATRT
[05:04:30] [243/459] WVRP
[05:04:31] [244/459] MVRP
[05:04:32] [245/459] FCAX
[05:04:33] [246/459] CTLC
[05:04:35] [247/459] JCHB
[05:04:36] [248/459] SELP
[05:04:37] [249/459] VCPG
[05:04:37] [250/459] ASCX
[05:04:38] 🔄 Identity reset
[05:04:38] 🔄 Identity rotated (every 10 requests)
[05:04:38] [251/459] EOCS
[05:04:39] [252/459] RCPH
[05:04:40] [253/459] RJTM
[05:04:42] [254/459] SGMD
[05:04:43] [255/459] SVJT
[05:04:44] [256/459] SPPO
[05:04:45] [257/459] MNRL
[05:04:45] [258/459] KNOX
[05:04:46] [259/459] GIER
[05:04:47] [260/459] PJMS
[05:04:48] 🔄 Identity reset
[05:04:48] 🔄 Identity rotated (every 10 requests)
[05:04:48] [261/459] UNSP
[05:04:49] [262/459] JETP
[05:04:50] [263/459] VTWA
[05:04:51] [264/459] SCJI
[05:04:52] [265/459] CBZZ
[05:04:53] [266/459] SDCJ
[05:04:53] [267/459] RRCC
[05:04:54] [268/459] VNKG
[05:04:55] [269/459] LKTO
[05:04:56] [270/459] PJRM
[05:04:57] 🔄 Identity reset
[05:04:57] 🔄 Identity rotated (every 10 requests)
[05:04:57] [271/459] NVRM
[05:04:58] [272/459] SJCS
[05:04:59] [273/459] VIGK
[05:05:00] [274/459] ANST
[05:05:01] [275/459] JTTS
[05:05:02] [276/459] NTST
[05:05:03] [277/459] PREB
[05:05:04] [278/459] TSCZ
[05:05:05] [279/459] CDCM
[05:05:06] [280/459] ELYE
[05:05:07] 🔄 Identity reset
[05:05:07] 🔄 Identity rotated (every 10 requests)
[05:05:08] [281/459] INBS
[05:05:09] [282/459] SMGC
[05:05:10] [283/459] UTMP
[05:05:11] [284/459] INTA
[05:05:12] [285/459] OMPT
[05:05:13] [286/459] SCIR
[05:05:14] [287/459] GCKJ
[05:05:14] [288/459] INOG
[05:05:15] [289/459] SMGB
[05:05:16] [290/459] MCSG
[05:05:17] 🔄 Identity reset
[05:05:17] 🔄 Identity rotated (every 10 requests)
[05:05:17] [291/459] STKG
[05:05:18] [292/459] TTKG
[05:05:20] [293/459] SRTR
[05:05:20] [294/459] ETTR
[05:05:21] [295/459] GGGZ
[05:05:22] [296/459] IPGM
[05:05:23] [297/459] FCDH
[05:05:24] [298/459] DESB
[05:05:25] [299/459] VNTP
[05:05:26] [300/459] ANNT
[05:05:27] 🔄 Identity reset
[05:05:27] 🔄 Identity rotated (every 10 requests)
[05:05:28] [301/459] SLTI
[05:05:30] [302/459] MAJU
[05:05:30] [303/459] JCXP
[05:05:31] [304/459] HARK
[05:05:32] [305/459] JPCJ
[05:05:33] [306/459] RXBD
[05:05:35] [307/459] PTKJ
[05:05:36] [308/459] CMTU
[05:05:36] [309/459] SWOR
[05:05:38] [310/459] JMEX
[05:05:38] 🔄 Identity reset
[05:05:38] 🔄 Identity rotated (every 10 requests)
[05:05:38] [311/459] DTPT
[05:05:39] [312/459] VGMM
[05:05:40] [313/459] VCSG
[05:05:41] [314/459] CVCG
[05:05:42] [315/459] TNTT
[05:05:43] [316/459] SHRM
[05:05:44] [317/459] CGKD
[05:05:45] [318/459] EKCM
[05:05:46] [319/459] SDCX
[05:05:47] [320/459] SBTE
[05:05:48] 🔄 Identity reset
[05:05:48] 🔄 Identity rotated (every 10 requests)
[05:05:49] [321/459] STKJ
[05:05:51] [322/459] TPCE
[05:05:52] [323/459] JTNP
[05:05:53] [324/459] LPCH
[05:05:53] [325/459] CPUO
[05:05:55] [326/459] APSU
[05:05:56] [327/459] RTHC
[05:05:56] [328/459] PTBU
[05:05:57] [329/459] CUCC
[05:05:58] [330/459] CPSA
[05:05:59] 🔄 Identity reset
[05:05:59] 🔄 Identity rotated (every 10 requests)
[05:05:59] [331/459] SUAY
[05:06:00] [332/459] AYAA
[05:06:01] [333/459] MUCH
[05:06:02] [334/459] PCIN
[05:06:03] [335/459] JRRM
[05:06:04] [336/459] KATS
[05:06:05] [337/459] MHFF
[05:06:06] [338/459] ESYM
[05:06:07] [339/459] STYV
[05:06:08] [340/459] SDKG
[05:06:09] 🔄 Identity reset
[05:06:09] 🔄 Identity rotated (every 10 requests)
[05:06:10] [341/459] SMTI
[05:06:11] [342/459] NYCS
[05:06:12] [343/459] MTBG
[05:06:13] [344/459] RHCA
[05:06:14] [345/459] PCKH
[05:06:15] [346/459] ARCR
[05:06:16] [347/459] NCMB
[05:06:17] [348/459] SHYC
[05:06:18] [349/459] LACK
[05:06:19] [350/459] MTCM
[05:06:20] 🔄 Identity reset
[05:06:20] 🔄 Identity rotated (every 10 requests)
[05:06:20] 🔄 Retry 1/5 for MTCM in 2.7s
[05:06:20] 🔄 Identity reset
[05:06:22] 🧠 New identity created
[05:06:23] [351/459] RRBN
[05:06:24] [352/459] MYDC
[05:06:25] [353/459] STCS
[05:06:26] [354/459] CONN
[05:06:28] [355/459] SIPS
[05:06:29] [356/459] SMMX
[05:06:30] [357/459] SCBY
[05:06:31] [358/459] SUAP
[05:06:32] [359/459] RSMK
[05:06:32] 🔄 Identity reset
[05:06:32] 🔄 Identity rotated (every 10 requests)
[05:06:33] [360/459] STKP
[05:06:34] [361/459] CIPC
[05:06:35] [362/459] KKCI
[05:06:36] [363/459] CTNK
[05:06:37] [364/459] MMTZ
[05:06:38] [365/459] DCCO
[05:06:39] [366/459] VNMN
[05:06:40] [367/459] RLCN
[05:06:41] [368/459] CMMS
[05:06:41] [369/459] AYOU
[05:06:42] 🔄 Identity reset
[05:06:42] 🔄 Identity rotated (every 10 requests)
[05:06:42] [370/459] SSCN
[05:06:43] [371/459] SMXN
[05:06:44] [372/459] ASSK
[05:06:46] [373/459] VCKM
[05:06:47] [374/459] PCPH
[05:06:48] [375/459] PADM
[05:06:49] [376/459] IESA
[05:06:50] [377/459] VCSP
[05:06:51] [378/459] AEST
[05:06:52] [379/459] VTNR
[05:06:53] 🔄 Identity reset
[05:06:53] 🔄 Identity rotated (every 10 requests)
[05:06:53] [380/459] GTTA
[05:06:54] [381/459] CMMM
[05:06:55] [382/459] AHKT
[05:06:56] [383/459] SIJI
[05:06:57] [384/459] VCEI
[05:06:58] [385/459] SAKR
[05:06:59] [386/459] VSMT
[05:06:59] [387/459] SSCT
[05:07:00] [388/459] USTR
[05:07:01] [389/459] MTKT
[05:07:02] 🔄 Identity reset
[05:07:02] 🔄 Identity rotated (every 10 requests)
[05:07:02] [390/459] TGMP
[05:07:03] [391/459] SIVC
[05:07:04] [392/459] KICT
[05:07:05] [393/459] DAMD
[05:07:07] [394/459] CNPT
[05:07:08] [395/459] RVTT
[05:07:09] [396/459] SNCM
[05:07:09] [397/459] GHTE
[05:07:10] [398/459] PPAM
[05:07:11] [399/459] PVAA
[05:07:12] 🔄 Identity reset
[05:07:12] 🔄 Identity rotated (every 10 requests)
[05:07:12] [400/459] CPAO
[05:07:13] [401/459] HAMD
[05:07:15] [402/459] RCCA
[05:07:16] [403/459] MPCH
[05:07:17] [404/459] ARED
[05:07:18] [405/459] RRCV
[05:07:18] [406/459] MTRB
[05:07:19] [407/459] CKUA
[05:07:20] [408/459] ABMP
[05:07:22] [409/459] RCWA
[05:07:23] 🔄 Identity reset
[05:07:23] 🔄 Identity rotated (every 10 requests)
[05:07:23] [410/459] CGAR
[05:07:24] [411/459] METH
[05:07:25] [412/459] WAGA
[05:07:25] [413/459] MCMA
[05:07:26] [414/459] CSMP
[05:07:27] [415/459] RCNK
[05:07:28] [416/459] PSTM
[05:07:29] [417/459] CSEP
[05:07:30] [418/459] AMGD
[05:07:32] [419/459] CSTE
[05:07:32] 🔄 Identity reset
[05:07:32] 🔄 Identity rotated (every 10 requests)
[05:07:32] [420/459] CONS
[05:07:33] [421/459] APPX
[05:07:34] [422/459] MABC
[05:07:35] [423/459] CXST
[05:07:36] [424/459] MATN
[05:07:37] [425/459] MACZ
[05:07:38] [426/459] MASA
[05:07:39] [427/459] MBSX
[05:07:40] [428/459] CSST
[05:07:41] [429/459] APCL
[05:07:41] 🔄 Identity reset
[05:07:41] 🔄 Identity rotated (every 10 requests)
[05:07:41] [430/459] CGOS
[05:07:42] [431/459] CPEC
[05:07:43] [432/459] MCCP
[05:07:44] [433/459] BSSO
[05:07:46] [434/459] SJKA
[05:07:47] [435/459] CGBO
[05:07:48] [436/459] MVSK
[05:07:49] [437/459] HVCA
[05:07:50] [438/459] NAMD
[05:07:51] [439/459] DEVI
[05:07:51] 🔄 Identity reset
[05:07:51] 🔄 Identity rotated (every 10 requests)
[05:07:51] [440/459] SCSV
[05:07:53] [441/459] PSMA
[05:07:54] [442/459] CLDJ
[05:07:55] [443/459] NMAD
[05:07:56] [444/459] CGMO
[05:07:57] [445/459] MCNA
[05:07:57] [446/459] OCBN
[05:07:58] [447/459] CPEM
[05:07:59] [448/459] CPSM
[05:08:00] [449/459] RCAD
[05:08:01] 🔄 Identity reset
[05:08:01] 🔄 Identity rotated (every 10 requests)
[05:08:01] [450/459] CPMU
[05:08:02] [451/459] DICD
[05:08:03] [452/459] CHOE
[05:08:04] [453/459] PDJM
[05:08:05] [454/459] SSTU
[05:08:06] [455/459] VNRN
[05:08:06] [456/459] PVLG
[05:08:07] [457/459] SWBL
[05:08:08] [458/459] SCAB
[05:08:09] [459/459] RDDA
[05:08:10] 🔄 Identity reset
[05:08:10] 🔄 Identity rotated (every 10 requests)
[05:08:10] 🧹 Deduping shows
[05:08:10] ✅ DONE | Shows=231 | Movies=35
[22:09:13] 🚀 SCRIPT STARTED (enhanced anti‑detection)
[22:09:13] [1/459] MCCZ
[22:09:13] 🧠 New identity created
[22:09:14] [2/459] FRPU
[22:09:15] [3/459] SKSI
[22:09:16] [4/459] SSCK
[22:09:17] [5/459] SRDC
[22:09:18] [6/459] RSCZ
[22:09:19] [7/459] PRVT
[22:09:19] [8/459] GAGJ
[22:09:20] [9/459] SMHG
[22:09:21] [10/459] JTST
[22:09:22] 🔄 Identity reset
[22:09:22] 🔄 Identity rotated (every 10 requests)
[22:09:22] [11/459] MYTH
[22:09:23] [12/459] JPCC
[22:09:24] [13/459] ACDC
[22:09:25] [14/459] SVFP
[22:09:26] [15/459] SFCM
[22:09:27] [16/459] RUPK
[22:09:28] [17/459] NTCR
[22:09:30] [18/459] RTCH
[22:09:31] [19/459] SCMH
[22:09:32] [20/459] SVYM
[22:09:32] 🔄 Identity reset
[22:09:32] 🔄 Identity rotated (every 10 requests)
[22:09:34] [21/459] SPYM
[22:09:34] [22/459] SMMF
[22:09:35] [23/459] CLLB
[22:09:36] [24/459] FMCB
[22:09:37] [25/459] BBTC
[22:09:38] [26/459] NTHS
[22:09:39] [27/459] PKKJ
[22:09:40] [28/459] MTJA
[22:09:41] [29/459] PMSJ
[22:09:42] [30/459] JMJU
[22:09:42] 🔄 Identity reset
[22:09:42] 🔄 Identity rotated (every 10 requests)
[22:09:42] [31/459] SRAD
[22:09:43] [32/459] MJMC
[22:09:44] [33/459] DFRM
[22:09:45] [34/459] PMRS
[22:09:46] [35/459] RKPP
[22:09:47] [36/459] BMBK
[22:09:48] [37/459] NEWS
[22:09:49] [38/459] SALB
[22:09:50] [39/459] SCPW
[22:09:51] [40/459] RAYL
[22:09:51] 🔄 Identity reset
[22:09:51] 🔄 Identity rotated (every 10 requests)
[22:09:52] [41/459] CMGJ
[22:09:53] [42/459] JRCR
[22:09:54] [43/459] SRTB
[22:09:55] [44/459] ETPB
[22:09:56] [45/459] MXBN
[22:09:57] [46/459] TOPE
[22:09:58] [47/459] SNLJ
[22:09:59] [48/459] CDDP
[22:10:00] [49/459] APCX
[22:10:00] [50/459] TALP
[22:10:01] 🔄 Identity reset
[22:10:01] 🔄 Identity rotated (every 10 requests)
[22:10:02] [51/459] RRMP
[22:10:03] [52/459] MAHB
[22:10:04] [53/459] MTKR
[22:10:05] [54/459] KSKL
[22:10:06] [55/459] RJLT
[22:10:07] [56/459] ATAS
[22:10:08] [57/459] AMHR
[22:10:09] [58/459] RSRM
[22:10:10] [59/459] GCAT
[22:10:11] [60/459] SMML
[22:10:11] 🔄 Identity reset
[22:10:11] 🔄 Identity rotated (every 10 requests)
[22:10:12] [61/459] ACCD
[22:10:13] [62/459] VYDA
[22:10:13] [63/459] MSKT
[22:10:14] [64/459] AVDM
[22:10:15] [65/459] ASMH
[22:10:16] [66/459] VTMB
[22:10:17] [67/459] WVMB
[22:10:18] [68/459] PPMN
[22:10:19] [69/459] MTMD
[22:10:20] [70/459] SMMO
[22:10:21] 🔄 Identity reset
[22:10:21] 🔄 Identity rotated (every 10 requests)
[22:10:21] [71/459] DLPB
[22:10:22] [72/459] AKMD
[22:10:23] [73/459] SHRR
[22:10:24] [74/459] ASCO
[22:10:25] [75/459] CZVX
[22:10:26] [76/459] GCBB
[22:10:27] [77/459] ATBM
[22:10:28] [78/459] TCGM
[22:10:29] [79/459] UMSE
[22:10:30] [80/459] NKCL
[22:10:30] 🔄 Identity reset
[22:10:30] 🔄 Identity rotated (every 10 requests)
[22:10:31] [81/459] BTLR
[22:10:32] [82/459] GOCL
[22:10:33] [83/459] MIRN
[22:10:34] [84/459] THEC
[22:10:35] [85/459] SPPB
[22:10:36] [86/459] PMMM
[22:10:37] [87/459] GGMC
[22:10:38] [88/459] AVSR
[22:10:39] [89/459] RDMH
[22:10:40] [90/459] JSRS
[22:10:40] 🔄 Identity reset
[22:10:40] 🔄 Identity rotated (every 10 requests)
[22:10:41] [91/459] VKGP
[22:10:42] [92/459] ACRT
[22:10:43] [93/459] GCBA
[22:10:44] [94/459] GTCP
[22:10:45] [95/459] AKFC
[22:10:46] [96/459] INCS
[22:10:47] [97/459] SMCK
[22:10:48] [98/459] BRUN
[22:10:49] [99/459] RPPC
[22:10:50] [100/459] PAYD
[22:10:50] 🔄 Identity reset
[22:10:50] 🔄 Identity rotated (every 10 requests)
[22:10:50] [101/459] SVVT
[22:10:51] [102/459] RNCC
[22:10:52] [103/459] PCRC
[22:10:54] [104/459] PMRM
[22:10:55] [105/459] CCRP
[22:10:56] [106/459] INCR
[22:10:57] [107/459] ZTMP
[22:10:58] [108/459] MCNR
[22:10:59] [109/459] INRP
[22:10:59] [110/459] STRC
[22:11:00] 🔄 Identity reset
[22:11:00] 🔄 Identity rotated (every 10 requests)
[22:11:00] [111/459] RATI
[22:11:01] [112/459] PBTR
[22:11:02] [113/459] CMHP
[22:11:03] [114/459] ZECJ
[22:11:04] [115/459] CCCB
[22:11:05] [116/459] BWCB
[22:11:06] [117/459] CCAT
[22:11:07] [118/459] KGCM
[22:11:08] [119/459] INPT
[22:11:09] [120/459] FNCO
[22:11:10] 🔄 Identity reset
[22:11:10] 🔄 Identity rotated (every 10 requests)
[22:11:11] [121/459] SRMJ
[22:11:11] [122/459] PFSC
[22:11:12] [123/459] PBMC
[22:11:13] [124/459] KARP
[22:11:14] [125/459] KOVI
[22:11:15] [126/459] ACXL
[22:11:16] [127/459] GKCC
[22:11:17] [128/459] ASCC
[22:11:17] [129/459] SETC
[22:11:18] [130/459] KACC
[22:11:19] 🔄 Identity reset
[22:11:19] 🔄 Identity rotated (every 10 requests)
[22:11:19] [131/459] KAVE
[22:11:20] [132/459] CNTC
[22:11:22] [133/459] MEEN
[22:11:23] [134/459] BMRV
[22:11:23] [135/459] SVAM
[22:11:24] [136/459] VTBP
[22:11:25] [137/459] VCKN
[22:11:26] [138/459] SGTK
[22:11:27] [139/459] RCGS
[22:11:28] [140/459] RCCB
[22:11:28] 🔄 Identity reset
[22:11:28] 🔄 Identity rotated (every 10 requests)
[22:11:29] [141/459] RKSR
[22:11:29] [142/459] RKCU
[22:11:30] [143/459] GIBH
[22:11:31] [144/459] CXBS
[22:11:32] [145/459] GGCB
[22:11:33] [146/459] SCPB
[22:11:34] [147/459] AKTB
[22:11:35] [148/459] SRBU
[22:11:35] [149/459] CSSA
[22:11:36] [150/459] MYAN
[22:11:37] 🔄 Identity reset
[22:11:37] 🔄 Identity rotated (every 10 requests)
[22:11:37] [151/459] EXCA
[22:11:39] [152/459] CKSA
[22:11:40] [153/459] JTNM
[22:11:41] [154/459] CXKT
[22:11:42] [155/459] NCLM
[22:11:43] [156/459] JAAD
[22:11:44] [157/459] RDCR
[22:11:44] [158/459] MEER
[22:11:45] [159/459] SIBT
[22:11:46] [160/459] PVVB
[22:11:47] 🔄 Identity reset
[22:11:47] 🔄 Identity rotated (every 10 requests)
[22:11:47] [161/459] FNPN
[22:11:48] [162/459] CRPX
[22:11:49] [163/459] STET
[22:11:50] [164/459] METE
[22:11:51] [165/459] BJML
[22:11:52] [166/459] MAVT
[22:11:53] [167/459] MSRM
[22:11:54] [168/459] TJMP
[22:11:55] [169/459] MHCK
[22:11:56] [170/459] SVGP
[22:11:56] 🔄 Identity reset
[22:11:56] 🔄 Identity rotated (every 10 requests)
[22:11:57] [171/459] KRRC
[22:11:58] [172/459] IMCH
[22:11:59] [173/459] CMCS
[22:12:00] [174/459] SGND
[22:12:01] [175/459] RNAT
[22:12:02] [176/459] PRTN
[22:12:03] [177/459] MPTN
[22:12:04] [178/459] ARCC
[22:12:05] [179/459] NTTE
[22:12:06] [180/459] ABND
[22:12:06] 🔄 Identity reset
[22:12:06] 🔄 Identity rotated (every 10 requests)
[22:12:07] [181/459] KCSN
[22:12:08] [182/459] KCSA
[22:12:09] [183/459] DCKT
[22:12:10] [184/459] MBBR
[22:12:11] [185/459] RAMU
[22:12:12] [186/459] RACW
[22:12:12] [187/459] MCHP
[22:12:13] [188/459] TMHM
[22:12:14] [189/459] STXH
[22:12:15] [190/459] AGSG
[22:12:15] 🔄 Identity reset
[22:12:15] 🔄 Identity rotated (every 10 requests)
[22:12:16] [191/459] SIRA
[22:12:17] [192/459] RCAN
[22:12:18] [193/459] CWTB
[22:12:18] [194/459] VTYM
[22:12:19] [195/459] RRPP
[22:12:20] [196/459] ASMR
[22:12:21] [197/459] RONO
[22:12:22] [198/459] MEMR
[22:12:24] [199/459] CTMR
[22:12:25] [200/459] PMTT
[22:12:25] 🔄 Identity reset
[22:12:25] 🔄 Identity rotated (every 10 requests)
[22:12:25] [201/459] PSLX
[22:12:26] [202/459] IPPL
[22:12:27] [203/459] MMSG
[22:12:28] [204/459] INEL
[22:12:29] [205/459] COAC
[22:12:30] [206/459] WVLK
[22:12:31] [207/459] PPXL
[22:12:32] [208/459] PSML
[22:12:32] [209/459] FNLK
[22:12:33] [210/459] ILUM
[22:12:34] 🔄 Identity reset
[22:12:34] 🔄 Identity rotated (every 10 requests)
[22:12:34] [211/459] ILCM
[22:12:35] [212/459] MSNL
[22:12:36] [213/459] VINB
[22:12:37] [214/459] SALW
[22:12:38] [215/459] PRTB
[22:12:39] [216/459] NCIL
[22:12:39] [217/459] PSUL
[22:12:40] [218/459] SCLK
[22:12:41] [219/459] ADDC
[22:12:42] [220/459] OACL
[22:12:43] 🔄 Identity reset
[22:12:43] 🔄 Identity rotated (every 10 requests)
[22:12:43] [221/459] OOCF
[22:12:44] [222/459] GPMF
[22:12:45] [223/459] SSDG
[22:12:46] [224/459] SKRS
[22:12:47] [225/459] NTTP
[22:12:47] [226/459] SLTP
[22:12:48] [227/459] JTLC
[22:12:49] [228/459] POON
[22:12:50] [229/459] CCPC
[22:12:51] [230/459] DCKC
[22:12:51] 🔄 Identity reset
[22:12:51] 🔄 Identity rotated (every 10 requests)
[22:12:52] [231/459] CPRT
[22:12:53] [232/459] EYHZ
[22:12:53] [233/459] ARBL
[22:12:54] [234/459] SBTB
[22:12:55] [235/459] MMCK
[22:12:56] [236/459] PLMR
[22:12:57] [237/459] BIJH
[22:12:58] [238/459] SDRT
[22:12:59] [239/459] PRDC
[22:13:00] [240/459] OMJA
[22:13:00] 🔄 Identity reset
[22:13:00] 🔄 Identity rotated (every 10 requests)
[22:13:01] [241/459] VKCR
[22:13:02] [242/459] ATRT
[22:13:02] [243/459] WVRP
[22:13:03] [244/459] MVRP
[22:13:05] [245/459] FCAX
[22:13:06] [246/459] CTLC
[22:13:08] [247/459] JCHB
[22:13:09] [248/459] SELP
[22:13:10] [249/459] VCPG
[22:13:11] [250/459] ASCX
[22:13:12] 🔄 Identity reset
[22:13:12] 🔄 Identity rotated (every 10 requests)
[22:13:13] [251/459] EOCS
[22:13:14] [252/459] RCPH
[22:13:14] [253/459] RJTM
[22:13:15] [254/459] SGMD
[22:13:16] [255/459] SVJT
[22:13:18] [256/459] SPPO
[22:13:19] [257/459] MNRL
[22:13:20] [258/459] KNOX
[22:13:21] [259/459] GIER
[22:13:22] [260/459] PJMS
[22:13:22] 🔄 Identity reset
[22:13:22] 🔄 Identity rotated (every 10 requests)
[22:13:22] [261/459] UNSP
[22:13:23] [262/459] JETP
[22:13:24] [263/459] VTWA
[22:13:25] [264/459] SCJI
[22:13:26] [265/459] CBZZ
[22:13:28] [266/459] SDCJ
[22:13:29] [267/459] RRCC
[22:13:30] [268/459] VNKG
[22:13:30] [269/459] LKTO
[22:13:31] [270/459] PJRM
[22:13:32] 🔄 Identity reset
[22:13:32] 🔄 Identity rotated (every 10 requests)
[22:13:33] [271/459] NVRM
[22:13:34] [272/459] SJCS
[22:13:34] [273/459] VIGK
[22:13:35] [274/459] ANST
[22:13:36] [275/459] JTTS
[22:13:37] [276/459] NTST
[22:13:38] [277/459] PREB
[22:13:39] [278/459] TSCZ
[22:13:41] [279/459] CDCM
[22:13:42] [280/459] ELYE
[22:13:42] 🔄 Identity reset
[22:13:42] 🔄 Identity rotated (every 10 requests)
[22:13:43] [281/459] INBS
[22:13:43] [282/459] SMGC
[22:13:44] [283/459] UTMP
[22:13:45] [284/459] INTA
[22:13:46] [285/459] OMPT
[22:13:47] [286/459] SCIR
[22:13:48] [287/459] GCKJ
[22:13:49] [288/459] INOG
[22:13:50] [289/459] SMGB
[22:13:51] [290/459] MCSG
[22:13:52] 🔄 Identity reset
[22:13:52] 🔄 Identity rotated (every 10 requests)
[22:13:53] [291/459] STKG
[22:13:54] [292/459] TTKG
[22:13:55] [293/459] SRTR
[22:13:56] [294/459] ETTR
[22:13:57] [295/459] GGGZ
[22:13:58] [296/459] IPGM
[22:13:59] [297/459] FCDH
[22:14:00] [298/459] DESB
[22:14:01] [299/459] VNTP
[22:14:02] [300/459] ANNT
[22:14:02] 🔄 Identity reset
[22:14:02] 🔄 Identity rotated (every 10 requests)
[22:14:03] [301/459] SLTI
[22:14:04] [302/459] MAJU
[22:14:05] [303/459] JCXP
[22:14:06] [304/459] HARK
[22:14:07] [305/459] JPCJ
[22:14:08] [306/459] RXBD
[22:14:08] [307/459] PTKJ
[22:14:09] [308/459] CMTU
[22:14:10] [309/459] SWOR
[22:14:11] [310/459] JMEX
[22:14:11] 🔄 Identity reset
[22:14:11] 🔄 Identity rotated (every 10 requests)
[22:14:12] [311/459] DTPT
[22:14:12] [312/459] VGMM
[22:14:13] [313/459] VCSG
[22:14:14] [314/459] CVCG
[22:14:15] [315/459] TNTT
[22:14:16] [316/459] SHRM
[22:14:17] [317/459] CGKD
[22:14:18] [318/459] EKCM
[22:14:18] [319/459] SDCX
[22:14:19] [320/459] SBTE
[22:14:20] 🔄 Identity reset
[22:14:20] 🔄 Identity rotated (every 10 requests)
[22:14:20] [321/459] STKJ
[22:14:21] [322/459] TPCE
[22:14:22] [323/459] JTNP
[22:14:23] [324/459] LPCH
[22:14:24] [325/459] CPUO
[22:14:25] [326/459] APSU
[22:14:26] [327/459] RTHC
[22:14:27] [328/459] PTBU
[22:14:27] [329/459] CUCC
[22:14:29] [330/459] CPSA
[22:14:30] 🔄 Identity reset
[22:14:30] 🔄 Identity rotated (every 10 requests)
[22:14:30] [331/459] SUAY
[22:14:31] [332/459] AYAA
[22:14:32] [333/459] MUCH
[22:14:33] [334/459] PCIN
[22:14:34] [335/459] JRRM
[22:14:35] [336/459] KATS
[22:14:36] [337/459] MHFF
[22:14:37] [338/459] ESYM
[22:14:38] [339/459] STYV
[22:14:39] [340/459] SDKG
[22:14:40] 🔄 Identity reset
[22:14:40] 🔄 Identity rotated (every 10 requests)
[22:14:40] [341/459] SMTI
[22:14:41] [342/459] NYCS
[22:14:42] [343/459] MTBG
[22:14:43] [344/459] RHCA
[22:14:44] [345/459] PCKH
[22:14:46] [346/459] ARCR
[22:14:47] [347/459] NCMB
[22:14:48] [348/459] SHYC
[22:14:49] [349/459] LACK
[22:14:50] [350/459] MTCM
[22:14:50] 🔄 Identity reset
[22:14:50] 🔄 Identity rotated (every 10 requests)
[22:14:50] 🔄 Retry 1/5 for MTCM in 2.2s
[22:14:50] 🔄 Identity reset
[22:14:53] 🧠 New identity created
[22:14:53] 🔄 Retry 2/5 for MTCM in 4.6s
[22:14:53] 🔄 Identity reset
[22:14:57] 🧠 New identity created
[22:14:58] [351/459] RRBN
[22:14:59] [352/459] MYDC
[22:15:00] [353/459] STCS
[22:15:00] [354/459] CONN
[22:15:01] [355/459] SIPS
[22:15:02] [356/459] SMMX
[22:15:03] [357/459] SCBY
[22:15:04] [358/459] SUAP
[22:15:04] 🔄 Identity reset
[22:15:04] 🔄 Identity rotated (every 10 requests)
[22:15:05] [359/459] RSMK
[22:15:06] [360/459] STKP
[22:15:07] [361/459] CIPC
[22:15:08] [362/459] KKCI
[22:15:09] [363/459] CTNK
[22:15:10] [364/459] MMTZ
[22:15:10] [365/459] DCCO
[22:15:11] [366/459] VNMN
[22:15:12] [367/459] RLCN
[22:15:13] [368/459] CMMS
[22:15:14] 🔄 Identity reset
[22:15:14] 🔄 Identity rotated (every 10 requests)
[22:15:14] [369/459] AYOU
[22:15:15] [370/459] SSCN
[22:15:16] [371/459] SMXN
[22:15:18] [372/459] ASSK
[22:15:19] [373/459] VCKM
[22:15:20] [374/459] PCPH
[22:15:21] [375/459] PADM
[22:15:22] [376/459] IESA
[22:15:22] [377/459] VCSP
[22:15:23] [378/459] AEST
[22:15:24] 🔄 Identity reset
[22:15:24] 🔄 Identity rotated (every 10 requests)
[22:15:24] [379/459] VTNR
[22:15:25] [380/459] GTTA
[22:15:26] [381/459] CMMM
[22:15:27] [382/459] AHKT
[22:15:28] [383/459] SIJI
[22:15:29] [384/459] VCEI
[22:15:30] [385/459] SAKR
[22:15:31] [386/459] VSMT
[22:15:32] [387/459] SSCT
[22:15:33] [388/459] USTR
[22:15:34] 🔄 Identity reset
[22:15:34] 🔄 Identity rotated (every 10 requests)
[22:15:34] [389/459] MTKT
[22:15:36] [390/459] TGMP
[22:15:37] [391/459] SIVC
[22:15:38] [392/459] KICT
[22:15:38] [393/459] DAMD
[22:15:39] [394/459] CNPT
[22:15:40] [395/459] RVTT
[22:15:41] [396/459] SNCM
[22:15:42] [397/459] GHTE
[22:15:43] [398/459] PPAM
[22:15:44] 🔄 Identity reset
[22:15:44] 🔄 Identity rotated (every 10 requests)
[22:15:44] [399/459] PVAA
[22:15:45] [400/459] CPAO
[22:15:46] [401/459] HAMD
[22:15:46] [402/459] RCCA
[22:15:47] [403/459] MPCH
[22:15:48] [404/459] ARED
[22:15:49] [405/459] RRCV
[22:15:50] [406/459] MTRB
[22:15:51] [407/459] CKUA
[22:15:51] [408/459] ABMP
[22:15:52] 🔄 Identity reset
[22:15:52] 🔄 Identity rotated (every 10 requests)
[22:15:52] [409/459] RCWA
[22:15:54] [410/459] CGAR
[22:15:55] [411/459] METH
[22:15:56] [412/459] WAGA
[22:15:57] [413/459] MCMA
[22:15:58] [414/459] CSMP
[22:15:58] [415/459] RCNK
[22:15:59] [416/459] PSTM
[22:16:00] [417/459] CSEP
[22:16:02] [418/459] AMGD
[22:16:02] 🔄 Identity reset
[22:16:02] 🔄 Identity rotated (every 10 requests)
[22:16:03] [419/459] CSTE
[22:16:04] [420/459] CONS
[22:16:05] [421/459] APPX
[22:16:05] [422/459] MABC
[22:16:06] [423/459] CXST
[22:16:07] [424/459] MATN
[22:16:08] [425/459] MACZ
[22:16:09] [426/459] MASA
[22:16:10] [427/459] MBSX
[22:16:11] [428/459] CSST
[22:16:11] 🔄 Identity reset
[22:16:11] 🔄 Identity rotated (every 10 requests)
[22:16:12] [429/459] APCL
[22:16:12] [430/459] CGOS
[22:16:13] [431/459] CPEC
[22:16:14] [432/459] MCCP
[22:16:15] [433/459] BSSO
[22:16:16] [434/459] SJKA
[22:16:17] [435/459] CGBO
[22:16:18] [436/459] MVSK
[22:16:19] [437/459] HVCA
[22:16:20] [438/459] NAMD
[22:16:20] 🔄 Identity reset
[22:16:20] 🔄 Identity rotated (every 10 requests)
[22:16:21] [439/459] DEVI
[22:16:21] [440/459] SCSV
[22:16:22] [441/459] PSMA
[22:16:23] [442/459] CLDJ
[22:16:24] [443/459] NMAD
[22:16:26] [444/459] CGMO
[22:16:27] [445/459] MCNA
[22:16:28] [446/459] OCBN
[22:16:29] [447/459] CPEM
[22:16:30] [448/459] CPSM
[22:16:30] 🔄 Identity reset
[22:16:30] 🔄 Identity rotated (every 10 requests)
[22:16:31] [449/459] RCAD
[22:16:31] [450/459] CPMU
[22:16:32] [451/459] DICD
[22:16:33] [452/459] CHOE
[22:16:34] [453/459] PDJM
[22:16:35] [454/459] SSTU
[22:16:36] [455/459] VNRN
[22:16:37] [456/459] PVLG
[22:16:38] [457/459] SWBL
[22:16:39] [458/459] SCAB
[22:16:39] 🔄 Identity reset
[22:16:39] 🔄 Identity rotated (every 10 requests)
[22:16:40] [459/459] RDDA
[22:16:41] 🧹 Deduping shows
[22:16:41] ✅ DONE | Shows=1086 | Movies=66
[16:30:10] 🚀 SCRIPT STARTED (enhanced anti‑detection)
[16:30:10] [1/459] MCCZ
[16:30:11] 🧠 New identity created
[16:30:11] [2/459] FRPU
[16:30:12] [3/459] SKSI
[16:30:13] [4/459] SSCK
[16:30:15] [5/459] SRDC
[16:30:16] [6/459] RSCZ
[16:30:16] [7/459] PRVT
[16:30:17] [8/459] GAGJ
[16:30:18] [9/459] SMHG
[16:30:19] [10/459] JTST
[16:30:20] 🔄 Identity reset
[16:30:20] 🔄 Identity rotated (every 10 requests)
[16:30:20] [11/459] MYTH
[16:30:21] [12/459] JPCC
[16:30:22] [13/459] ACDC
[16:30:23] [14/459] SVFP
[16:30:24] [15/459] SFCM
[16:30:25] [16/459] RUPK
[16:30:26] [17/459] NTCR
[16:30:27] [18/459] RTCH
[16:30:28] [19/459] SCMH
[16:30:29] [20/459] SVYM
[16:30:30] 🔄 Identity reset
[16:30:30] 🔄 Identity rotated (every 10 requests)
[16:30:30] [21/459] SPYM
[16:30:31] [22/459] SMMF
[16:30:32] [23/459] CLLB
[16:30:33] [24/459] FMCB
[16:30:34] [25/459] BBTC
[16:30:35] [26/459] NTHS
[16:30:36] [27/459] PKKJ
[16:30:37] [28/459] MTJA
[16:30:38] [29/459] PMSJ
[16:30:39] [30/459] JMJU
[16:30:39] 🔄 Identity reset
[16:30:39] 🔄 Identity rotated (every 10 requests)
[16:30:40] [31/459] SRAD
[16:30:40] [32/459] MJMC
[16:30:41] [33/459] DFRM
[16:30:42] [34/459] PMRS
[16:30:43] [35/459] RKPP
[16:30:44] [36/459] BMBK
[16:30:45] [37/459] NEWS
[16:30:45] [38/459] SALB
[16:30:46] [39/459] SCPW
[16:30:47] [40/459] RAYL
[16:30:48] 🔄 Identity reset
[16:30:48] 🔄 Identity rotated (every 10 requests)
[16:30:48] [41/459] CMGJ
[16:30:49] [42/459] JRCR
[16:30:49] [43/459] SRTB
[16:30:50] [44/459] ETPB
[16:30:51] [45/459] MXBN
[16:30:52] [46/459] TOPE
[16:30:54] [47/459] SNLJ
[16:30:54] [48/459] CDDP
[16:30:56] [49/459] APCX
[16:30:57] [50/459] TALP
[16:30:57] 🔄 Identity reset
[16:30:57] 🔄 Identity rotated (every 10 requests)
[16:30:57] [51/459] RRMP
[16:30:58] [52/459] MAHB
[16:30:59] [53/459] MTKR
[16:31:00] [54/459] KSKL
[16:31:01] [55/459] RJLT
[16:31:02] [56/459] ATAS
[16:31:03] [57/459] AMHR
[16:31:04] [58/459] RSRM
[16:31:04] [59/459] GCAT
[16:31:06] [60/459] SMML
[16:31:07] 🔄 Identity reset
[16:31:07] 🔄 Identity rotated (every 10 requests)
[16:31:07] 🔄 Retry 1/5 for SMML in 2.9s
[16:31:07] 🔄 Identity reset
[16:31:10] 🧠 New identity created
[16:31:10] 🔄 Retry 2/5 for SMML in 4.7s
[16:31:10] 🔄 Identity reset
[16:31:15] 🧠 New identity created
[16:31:15] [61/459] ACCD
[16:31:16] [62/459] VYDA
[16:31:16] [63/459] MSKT
[16:31:17] [64/459] AVDM
[16:31:18] [65/459] ASMH
[16:31:19] [66/459] VTMB
[16:31:20] [67/459] WVMB
[16:31:21] [68/459] PPMN
[16:31:21] 🔄 Identity reset
[16:31:21] 🔄 Identity rotated (every 10 requests)
[16:31:22] [69/459] MTMD
[16:31:23] [70/459] SMMO
[16:31:24] [71/459] DLPB
[16:31:24] [72/459] AKMD
[16:31:25] [73/459] SHRR
[16:31:26] [74/459] ASCO
[16:31:27] [75/459] CZVX
[16:31:28] [76/459] GCBB
[16:31:29] [77/459] ATBM
[16:31:30] [78/459] TCGM
[16:31:31] 🔄 Identity reset
[16:31:31] 🔄 Identity rotated (every 10 requests)
[16:31:32] [79/459] UMSE
[16:31:33] [80/459] NKCL
[16:31:33] [81/459] BTLR
[16:31:35] [82/459] GOCL
[16:31:36] [83/459] MIRN
[16:31:37] [84/459] THEC
[16:31:38] [85/459] SPPB
[16:31:39] [86/459] PMMM
[16:31:40] [87/459] GGMC
[16:31:40] [88/459] AVSR
[16:31:41] 🔄 Identity reset
[16:31:41] 🔄 Identity rotated (every 10 requests)
[16:31:41] [89/459] RDMH
[16:31:43] [90/459] JSRS
[16:31:43] [91/459] VKGP
[16:31:44] [92/459] ACRT
[16:31:45] [93/459] GCBA
[16:31:46] [94/459] GTCP
[16:31:47] [95/459] AKFC
[16:31:48] [96/459] INCS
[16:31:49] [97/459] SMCK
[16:31:50] [98/459] BRUN
[16:31:50] 🔄 Identity reset
[16:31:50] 🔄 Identity rotated (every 10 requests)
[16:31:50] 🔄 Retry 1/5 for BRUN in 2.4s
[16:31:50] 🔄 Identity reset
[16:31:53] 🧠 New identity created
[16:31:53] [99/459] RPPC
[16:31:54] [100/459] PAYD
[16:31:55] [101/459] SVVT
[16:31:56] [102/459] RNCC
[16:31:56] [103/459] PCRC
[16:31:57] [104/459] PMRM
[16:31:58] [105/459] CCRP
[16:31:59] [106/459] INCR
[16:32:00] [107/459] ZTMP
[16:32:00] 🔄 Identity reset
[16:32:00] 🔄 Identity rotated (every 10 requests)
[16:32:01] [108/459] MCNR
[16:32:02] [109/459] INRP
[16:32:02] [110/459] STRC
[16:32:03] [111/459] RATI
[16:32:04] [112/459] PBTR
[16:32:05] [113/459] CMHP
[16:32:05] [114/459] ZECJ
[16:32:06] [115/459] CCCB
[16:32:07] [116/459] BWCB
[16:32:08] [117/459] CCAT
[16:32:08] 🔄 Identity reset
[16:32:08] 🔄 Identity rotated (every 10 requests)
[16:32:09] [118/459] KGCM
[16:32:10] [119/459] INPT
[16:32:10] [120/459] FNCO
[16:32:11] [121/459] SRMJ
[16:32:12] [122/459] PFSC
[16:32:13] [123/459] PBMC
[16:32:14] [124/459] KARP
[16:32:15] [125/459] KOVI
[16:32:16] [126/459] ACXL
[16:32:17] [127/459] GKCC
[16:32:18] 🔄 Identity reset
[16:32:18] 🔄 Identity rotated (every 10 requests)
[16:32:18] [128/459] ASCC
[16:32:19] [129/459] SETC
[16:32:19] [130/459] KACC
[16:32:21] [131/459] KAVE
[16:32:22] [132/459] CNTC
[16:32:23] [133/459] MEEN
[16:32:24] [134/459] BMRV
[16:32:25] [135/459] SVAM
[16:32:26] [136/459] VTBP
[16:32:27] [137/459] VCKN
[16:32:28] 🔄 Identity reset
[16:32:28] 🔄 Identity rotated (every 10 requests)
[16:32:28] [138/459] SGTK
[16:32:29] [139/459] RCGS
[16:32:30] [140/459] RCCB
[16:32:30] [141/459] RKSR
[16:32:31] [142/459] RKCU
[16:32:32] [143/459] GIBH
[16:32:33] [144/459] CXBS
[16:32:35] [145/459] GGCB
[16:32:36] [146/459] SCPB
[16:32:37] [147/459] AKTB
[16:32:38] 🔄 Identity reset
[16:32:38] 🔄 Identity rotated (every 10 requests)
[16:32:38] [148/459] SRBU
[16:32:39] [149/459] CSSA
[16:32:40] [150/459] MYAN
[16:32:40] [151/459] EXCA
[16:32:41] [152/459] CKSA
[16:32:42] [153/459] JTNM
[16:32:43] [154/459] CXKT
[16:32:44] [155/459] NCLM
[16:32:45] [156/459] JAAD
[16:32:45] [157/459] RDCR
[16:32:46] 🔄 Identity reset
[16:32:46] 🔄 Identity rotated (every 10 requests)
[16:32:46] [158/459] MEER
[16:32:47] [159/459] SIBT
[16:32:48] [160/459] PVVB
[16:32:49] [161/459] FNPN
[16:32:51] [162/459] CRPX
[16:32:51] [163/459] STET
[16:32:52] [164/459] METE
[16:32:53] [165/459] BJML
[16:32:54] [166/459] MAVT
[16:32:55] [167/459] MSRM
[16:32:55] 🔄 Identity reset
[16:32:55] 🔄 Identity rotated (every 10 requests)
[16:32:55] [168/459] TJMP
[16:32:57] [169/459] MHCK
[16:32:57] [170/459] SVGP
[16:32:58] [171/459] KRRC
[16:32:59] [172/459] IMCH
[16:33:00] [173/459] CMCS
[16:33:01] [174/459] SGND
[16:33:02] [175/459] RNAT
[16:33:03] [176/459] PRTN
[16:33:03] [177/459] MPTN
[16:33:04] 🔄 Identity reset
[16:33:04] 🔄 Identity rotated (every 10 requests)
[16:33:04] [178/459] ARCC
[16:33:05] [179/459] NTTE
[16:33:07] [180/459] ABND
[16:33:07] [181/459] KCSN
[16:33:08] [182/459] KCSA
[16:33:09] [183/459] DCKT
[16:33:10] [184/459] MBBR
[16:33:11] [185/459] RAMU
[16:33:12] [186/459] RACW
[16:33:13] [187/459] MCHP
[16:33:13] 🔄 Identity reset
[16:33:13] 🔄 Identity rotated (every 10 requests)
[16:33:14] [188/459] TMHM
[16:33:15] [189/459] STXH
[16:33:15] [190/459] AGSG
[16:33:16] [191/459] SIRA
[16:33:17] [192/459] RCAN
[16:33:18] [193/459] CWTB
[16:33:19] [194/459] VTYM
[16:33:20] [195/459] RRPP
[16:33:21] [196/459] ASMR
[16:33:22] [197/459] RONO
[16:33:23] 🔄 Identity reset
[16:33:23] 🔄 Identity rotated (every 10 requests)
[16:33:23] [198/459] MEMR
[16:33:24] [199/459] CTMR
[16:33:25] [200/459] PMTT
[16:33:26] [201/459] PSLX
[16:33:27] [202/459] IPPL
[16:33:28] [203/459] MMSG
[16:33:29] [204/459] INEL
[16:33:29] [205/459] COAC
[16:33:30] [206/459] WVLK
[16:33:31] [207/459] PPXL
[16:33:32] 🔄 Identity reset
[16:33:32] 🔄 Identity rotated (every 10 requests)
[16:33:32] [208/459] PSML
[16:33:33] [209/459] FNLK
[16:33:34] [210/459] ILUM
[16:33:35] [211/459] ILCM
[16:33:36] [212/459] MSNL
[16:33:36] [213/459] VINB
[16:33:37] [214/459] SALW
[16:33:38] [215/459] PRTB
[16:33:39] [216/459] NCIL
[16:33:40] [217/459] PSUL
[16:33:41] 🔄 Identity reset
[16:33:41] 🔄 Identity rotated (every 10 requests)
[16:33:41] 🔄 Retry 1/5 for PSUL in 2.7s
[16:33:41] 🔄 Identity reset
[16:33:44] 🧠 New identity created
[16:33:44] [218/459] SCLK
[16:33:45] [219/459] ADDC
[16:33:46] [220/459] OACL
[16:33:46] [221/459] OOCF
[16:33:47] [222/459] GPMF
[16:33:48] [223/459] SSDG
[16:33:49] [224/459] SKRS
[16:33:50] [225/459] NTTP
[16:33:51] [226/459] SLTP
[16:33:51] 🔄 Identity reset
[16:33:51] 🔄 Identity rotated (every 10 requests)
[16:33:51] [227/459] JTLC
[16:33:53] [228/459] POON
[16:33:54] [229/459] CCPC
[16:33:55] [230/459] DCKC
[16:33:56] [231/459] CPRT
[16:33:57] [232/459] EYHZ
[16:33:57] [233/459] ARBL
[16:33:58] [234/459] SBTB
[16:33:59] [235/459] MMCK
[16:34:00] [236/459] PLMR
[16:34:00] 🔄 Identity reset
[16:34:00] 🔄 Identity rotated (every 10 requests)
[16:34:01] [237/459] BIJH
[16:34:02] [238/459] SDRT
[16:34:02] [239/459] PRDC
[16:34:03] [240/459] OMJA
[16:34:04] [241/459] VKCR
[16:34:05] [242/459] ATRT
[16:34:05] [243/459] WVRP
[16:34:06] [244/459] MVRP
[16:34:08] [245/459] FCAX
[16:34:09] [246/459] CTLC
[16:34:09] 🔄 Identity reset
[16:34:09] 🔄 Identity rotated (every 10 requests)
[16:34:10] [247/459] JCHB
[16:34:10] [248/459] SELP
[16:34:11] [249/459] VCPG
[16:34:12] [250/459] ASCX
[16:34:13] [251/459] EOCS
[16:34:14] [252/459] RCPH
[16:34:15] [253/459] RJTM
[16:34:16] [254/459] SGMD
[16:34:17] [255/459] SVJT
[16:34:18] [256/459] SPPO
[16:34:18] 🔄 Identity reset
[16:34:18] 🔄 Identity rotated (every 10 requests)
[16:34:18] [257/459] MNRL
[16:34:19] [258/459] KNOX
[16:34:20] [259/459] GIER
[16:34:21] [260/459] PJMS
[16:34:22] [261/459] UNSP
[16:34:23] [262/459] JETP
[16:34:24] [263/459] VTWA
[16:34:25] [264/459] SCJI
[16:34:25] [265/459] CBZZ
[16:34:26] [266/459] SDCJ
[16:34:27] 🔄 Identity reset
[16:34:27] 🔄 Identity rotated (every 10 requests)
[16:34:27] [267/459] RRCC
[16:34:28] [268/459] VNKG
[16:34:29] [269/459] LKTO
[16:34:30] [270/459] PJRM
[16:34:31] [271/459] NVRM
[16:34:32] [272/459] SJCS
[16:34:33] [273/459] VIGK
[16:34:34] [274/459] ANST
[16:34:35] [275/459] JTTS
[16:34:36] [276/459] NTST
[16:34:36] 🔄 Identity reset
[16:34:36] 🔄 Identity rotated (every 10 requests)
[16:34:36] 🔄 Retry 1/5 for NTST in 2.5s
[16:34:36] 🔄 Identity reset
[16:34:39] 🧠 New identity created
[16:34:39] [277/459] PREB
[16:34:40] [278/459] TSCZ
[16:34:41] [279/459] CDCM
[16:34:41] [280/459] ELYE
[16:34:42] [281/459] INBS
[16:34:43] [282/459] SMGC
[16:34:44] [283/459] UTMP
[16:34:45] [284/459] INTA
[16:34:46] [285/459] OMPT
[16:34:47] 🔄 Identity reset
[16:34:47] 🔄 Identity rotated (every 10 requests)
[16:34:47] [286/459] SCIR
[16:34:49] [287/459] GCKJ
[16:34:49] [288/459] INOG
[16:34:50] [289/459] SMGB
[16:34:51] [290/459] MCSG
[16:34:52] [291/459] STKG
[16:34:52] [292/459] TTKG
[16:34:53] [293/459] SRTR
[16:34:54] [294/459] ETTR
[16:34:55] [295/459] GGGZ
[16:34:56] 🔄 Identity reset
[16:34:56] 🔄 Identity rotated (every 10 requests)
[16:34:56] [296/459] IPGM
[16:34:57] [297/459] FCDH
[16:34:58] [298/459] DESB
[16:34:59] [299/459] VNTP
[16:35:00] [300/459] ANNT
[16:35:02] [301/459] SLTI
[16:35:02] [302/459] MAJU
[16:35:03] [303/459] JCXP
[16:35:04] [304/459] HARK
[16:35:05] [305/459] JPCJ
[16:35:06] 🔄 Identity reset
[16:35:06] 🔄 Identity rotated (every 10 requests)
[16:35:06] [306/459] RXBD
[16:35:07] [307/459] PTKJ
[16:35:08] [308/459] CMTU
[16:35:09] [309/459] SWOR
[16:35:10] [310/459] JMEX
[16:35:11] [311/459] DTPT
[16:35:11] [312/459] VGMM
[16:35:12] [313/459] VCSG
[16:35:13] [314/459] CVCG
[16:35:14] [315/459] TNTT
[16:35:14] 🔄 Identity reset
[16:35:14] 🔄 Identity rotated (every 10 requests)
[16:35:15] [316/459] SHRM
[16:35:15] [317/459] CGKD
[16:35:16] [318/459] EKCM
[16:35:17] [319/459] SDCX
[16:35:18] [320/459] SBTE
[16:35:19] [321/459] STKJ
[16:35:19] [322/459] TPCE
[16:35:20] [323/459] JTNP
[16:35:21] [324/459] LPCH
[16:35:22] [325/459] CPUO
[16:35:22] 🔄 Identity reset
[16:35:22] 🔄 Identity rotated (every 10 requests)
[16:35:23] [326/459] APSU
[16:35:23] [327/459] RTHC
[16:35:24] [328/459] PTBU
[16:35:25] [329/459] CUCC
[16:35:26] [330/459] CPSA
[16:35:27] [331/459] SUAY
[16:35:27] [332/459] AYAA
[16:35:28] [333/459] MUCH
[16:35:29] [334/459] PCIN
[16:35:30] [335/459] JRRM
[16:35:31] 🔄 Identity reset
[16:35:31] 🔄 Identity rotated (every 10 requests)
[16:35:31] [336/459] KATS
[16:35:32] [337/459] MHFF
[16:35:33] [338/459] ESYM
[16:35:34] [339/459] STYV
[16:35:35] [340/459] SDKG
[16:35:36] [341/459] SMTI
[16:35:37] [342/459] NYCS
[16:35:38] [343/459] MTBG
[16:35:38] [344/459] RHCA
[16:35:39] [345/459] PCKH
[16:35:40] 🔄 Identity reset
[16:35:40] 🔄 Identity rotated (every 10 requests)
[16:35:40] [346/459] ARCR
[16:35:41] [347/459] NCMB
[16:35:42] [348/459] SHYC
[16:35:42] [349/459] LACK
[16:35:43] [350/459] MTCM
[16:35:44] [351/459] RRBN
[16:35:45] [352/459] MYDC
[16:35:46] [353/459] STCS
[16:35:47] [354/459] CONN
[16:35:48] [355/459] SIPS
[16:35:49] 🔄 Identity reset
[16:35:49] 🔄 Identity rotated (every 10 requests)
[16:35:49] [356/459] SMMX
[16:35:50] [357/459] SCBY
[16:35:52] [358/459] SUAP
[16:35:53] [359/459] RSMK
[16:35:54] [360/459] STKP
[16:35:55] [361/459] CIPC
[16:35:56] [362/459] KKCI
[16:35:57] [363/459] CTNK
[16:35:58] [364/459] MMTZ
[16:35:59] [365/459] DCCO
[16:36:00] 🔄 Identity reset
[16:36:00] 🔄 Identity rotated (every 10 requests)
[16:36:00] [366/459] VNMN
[16:36:01] [367/459] RLCN
[16:36:02] [368/459] CMMS
[16:36:03] [369/459] AYOU
[16:36:03] [370/459] SSCN
[16:36:04] [371/459] SMXN
[16:36:05] [372/459] ASSK
[16:36:06] [373/459] VCKM
[16:36:07] [374/459] PCPH
[16:36:08] [375/459] PADM
[16:36:08] 🔄 Identity reset
[16:36:08] 🔄 Identity rotated (every 10 requests)
[16:36:09] [376/459] IESA
[16:36:10] [377/459] VCSP
[16:36:10] [378/459] AEST
[16:36:11] [379/459] VTNR
[16:36:12] [380/459] GTTA
[16:36:13] [381/459] CMMM
[16:36:14] [382/459] AHKT
[16:36:15] [383/459] SIJI
[16:36:16] [384/459] VCEI
[16:36:17] [385/459] SAKR
[16:36:17] 🔄 Identity reset
[16:36:17] 🔄 Identity rotated (every 10 requests)
[16:36:18] [386/459] VSMT
[16:36:19] [387/459] SSCT
[16:36:20] [388/459] USTR
[16:36:20] [389/459] MTKT
[16:36:21] [390/459] TGMP
[16:36:22] [391/459] SIVC
[16:36:24] [392/459] KICT
[16:36:25] [393/459] DAMD
[16:36:26] [394/459] CNPT
[16:36:27] [395/459] RVTT
[16:36:27] 🔄 Identity reset
[16:36:27] 🔄 Identity rotated (every 10 requests)
[16:36:27] 🔄 Retry 1/5 for RVTT in 2.2s
[16:36:27] 🔄 Identity reset
[16:36:30] 🧠 New identity created
[16:36:30] 🔄 Retry 2/5 for RVTT in 4.0s
[16:36:30] 🔄 Identity reset
[16:36:34] 🧠 New identity created
[16:36:34] [396/459] SNCM
[16:36:35] [397/459] GHTE
[16:36:35] [398/459] PPAM
[16:36:36] [399/459] PVAA
[16:36:37] [400/459] CPAO
[16:36:38] [401/459] HAMD
[16:36:39] [402/459] RCCA
[16:36:40] [403/459] MPCH
[16:36:41] 🔄 Identity reset
[16:36:41] 🔄 Identity rotated (every 10 requests)
[16:36:41] [404/459] ARED
[16:36:42] [405/459] RRCV
[16:36:43] [406/459] MTRB
[16:36:44] [407/459] CKUA
[16:36:45] [408/459] ABMP
[16:36:46] [409/459] RCWA
[16:36:46] [410/459] CGAR
[16:36:47] [411/459] METH
[16:36:48] [412/459] WAGA
[16:36:49] [413/459] MCMA
[16:36:50] 🔄 Identity reset
[16:36:50] 🔄 Identity rotated (every 10 requests)
[16:36:50] [414/459] CSMP
[16:36:51] [415/459] RCNK
[16:36:52] [416/459] PSTM
[16:36:53] [417/459] CSEP
[16:36:54] [418/459] AMGD
[16:36:55] [419/459] CSTE
[16:36:56] [420/459] CONS
[16:36:57] [421/459] APPX
[16:36:58] [422/459] MABC
[16:36:58] [423/459] CXST
[16:36:59] 🔄 Identity reset
[16:36:59] 🔄 Identity rotated (every 10 requests)
[16:36:59] [424/459] MATN
[16:37:00] [425/459] MACZ
[16:37:01] [426/459] MASA
[16:37:02] [427/459] MBSX
[16:37:03] [428/459] CSST
[16:37:04] [429/459] APCL
[16:37:05] [430/459] CGOS
[16:37:06] [431/459] CPEC
[16:37:06] [432/459] MCCP
[16:37:07] [433/459] BSSO
[16:37:08] 🔄 Identity reset
[16:37:08] 🔄 Identity rotated (every 10 requests)
[16:37:08] [434/459] SJKA
[16:37:09] [435/459] CGBO
[16:37:10] [436/459] MVSK
[16:37:11] [437/459] HVCA
[16:37:12] [438/459] NAMD
[16:37:13] [439/459] DEVI
[16:37:13] [440/459] SCSV
[16:37:14] [441/459] PSMA
[16:37:15] [442/459] CLDJ
[16:37:16] [443/459] NMAD
[16:37:16] 🔄 Identity reset
[16:37:17] 🔄 Identity rotated (every 10 requests)
[16:37:17] [444/459] CGMO
[16:37:18] [445/459] MCNA
[16:37:18] [446/459] OCBN
[16:37:19] [447/459] CPEM
[16:37:20] [448/459] CPSM
[16:37:21] [449/459] RCAD
[16:37:22] [450/459] CPMU
[16:37:23] [451/459] DICD
[16:37:23] [452/459] CHOE
[16:37:24] [453/459] PDJM
[16:37:25] 🔄 Identity reset
[16:37:25] 🔄 Identity rotated (every 10 requests)
[16:37:26] [454/459] SSTU
[16:37:27] [455/459] VNRN
[16:37:28] [456/459] PVLG
[16:37:28] [457/459] SWBL
[16:37:29] [458/459] SCAB
[16:37:30] [459/459] RDDA
[16:37:31] 🧹 Deduping shows
[16:37:31] ✅ DONE | Shows=3609 | Movies=102
[10:23:48] 🚀 SCRIPT STARTED
[10:23:48] [1/459] MCCZ
[10:23:48] 🧠 New identity created
[10:23:50] [2/459] FRPU
[10:23:51] [3/459] SKSI
[10:23:52] [4/459] SSCK
[10:23:53] [5/459] SRDC
[10:23:54] [6/459] RSCZ
[10:23:55] [7/459] PRVT
[10:23:56] [8/459] GAGJ
[10:23:57] [9/459] SMHG
[10:23:58] [10/459] JTST
[10:23:58] 🔄 Identity reset
[10:23:58] 🔄 Identity rotated (every 10 requests)
[10:23:59] [11/459] MYTH
[10:23:59] [12/459] JPCC
[10:24:00] [13/459] ACDC
[10:24:01] [14/459] SVFP
[10:24:02] [15/459] SFCM
[10:24:03] [16/459] RUPK
[10:24:04] [17/459] NTCR
[10:24:05] [18/459] RTCH
[10:24:06] [19/459] SCMH
[10:24:07] [20/459] SVYM
[10:24:07] 🔄 Identity reset
[10:24:07] 🔄 Identity rotated (every 10 requests)
[10:24:08] [21/459] SPYM
[10:24:09] [22/459] SMMF
[10:24:10] [23/459] CLLB
[10:24:11] [24/459] FMCB
[10:24:12] [25/459] BBTC
[10:24:13] [26/459] NTHS
[10:24:14] [27/459] PKKJ
[10:24:15] [28/459] MTJA
[10:24:16] [29/459] PMSJ
[10:24:17] [30/459] JMJU
[10:24:17] 🔄 Identity reset
[10:24:17] 🔄 Identity rotated (every 10 requests)
[10:24:18] [31/459] SRAD
[10:24:19] [32/459] MJMC
[10:24:20] [33/459] DFRM
[10:24:21] [34/459] PMRS
[10:24:22] [35/459] RKPP
[10:24:23] [36/459] BMBK
[10:24:24] [37/459] NEWS
[10:24:24] [38/459] SALB
[10:24:26] [39/459] SCPW
[10:24:28] [40/459] RAYL
[10:24:28] 🔄 Identity reset
[10:24:28] 🔄 Identity rotated (every 10 requests)
[10:24:28] [41/459] CMGJ
[10:24:30] [42/459] JRCR
[10:24:31] [43/459] SRTB
[10:24:32] [44/459] ETPB
[10:24:33] [45/459] MXBN
[10:24:34] [46/459] TOPE
[10:24:35] [47/459] SNLJ
[10:24:36] [48/459] CDDP
[10:24:36] [49/459] APCX
[10:24:37] [50/459] TALP
[10:24:37] 🔄 Identity reset
[10:24:37] 🔄 Identity rotated (every 10 requests)
[10:24:38] [51/459] RRMP
[10:24:39] [52/459] MAHB
[10:24:41] [53/459] MTKR
[10:24:42] [54/459] KSKL
[10:24:43] [55/459] RJLT
[10:24:43] [56/459] ATAS
[10:24:45] [57/459] AMHR
[10:24:46] [58/459] RSRM
[10:24:47] [59/459] GCAT
[10:24:47] [60/459] SMML
[10:24:47] 🔄 Identity reset
[10:24:48] 🔄 Identity rotated (every 10 requests)
[10:24:48] [61/459] ACCD
[10:24:49] [62/459] VYDA
[10:24:50] [63/459] MSKT
[10:24:51] [64/459] AVDM
[10:24:52] [65/459] ASMH
[10:24:53] [66/459] VTMB
[10:24:54] [67/459] WVMB
[10:24:55] [68/459] PPMN
[10:24:56] [69/459] MTMD
[10:24:57] [70/459] SMMO
[10:24:57] 🔄 Identity reset
[10:24:57] 🔄 Identity rotated (every 10 requests)
[10:24:58] [71/459] DLPB
[10:24:58] [72/459] AKMD
[10:24:59] [73/459] SHRR
[10:25:00] [74/459] ASCO
[10:25:01] [75/459] CZVX
[10:25:02] [76/459] GCBB
[10:25:03] [77/459] ATBM
[10:25:04] [78/459] TCGM
[10:25:05] [79/459] UMSE
[10:25:06] [80/459] NKCL
[10:25:06] 🔄 Identity reset
[10:25:06] 🔄 Identity rotated (every 10 requests)
[10:25:07] [81/459] BTLR
[10:25:07] [82/459] GOCL
[10:25:08] [83/459] MIRN
[10:25:09] [84/459] THEC
[10:25:10] [85/459] SPPB
[10:25:11] [86/459] PMMM
[10:25:11] [87/459] GGMC
[10:25:12] [88/459] AVSR
[10:25:13] [89/459] RDMH
[10:25:14] [90/459] JSRS
[10:25:14] 🔄 Identity reset
[10:25:14] 🔄 Identity rotated (every 10 requests)
[10:25:15] [91/459] VKGP
[10:25:16] [92/459] ACRT
[10:25:16] [93/459] GCBA
[10:25:18] [94/459] GTCP
[10:25:19] [95/459] AKFC
[10:25:20] [96/459] INCS
[10:25:21] [97/459] SMCK
[10:25:22] [98/459] BRUN
[10:25:23] [99/459] RPPC
[10:25:24] [100/459] PAYD
[10:25:24] 🔄 Identity reset
[10:25:24] 🔄 Identity rotated (every 10 requests)
[10:25:25] [101/459] SVVT
[10:25:26] [102/459] RNCC
[10:25:26] [103/459] PCRC
[10:25:27] [104/459] PMRM
[10:25:28] [105/459] CCRP
[10:25:29] [106/459] INCR
[10:25:30] [107/459] ZTMP
[10:25:31] [108/459] MCNR
[10:25:32] [109/459] INRP
[10:25:33] [110/459] STRC
[10:25:33] 🔄 Identity reset
[10:25:33] 🔄 Identity rotated (every 10 requests)
[10:25:34] [111/459] RATI
[10:25:35] [112/459] PBTR
[10:25:36] [113/459] CMHP
[10:25:37] [114/459] ZECJ
[10:25:38] [115/459] CCCB
[10:25:39] [116/459] BWCB
[10:25:40] [117/459] CCAT
[10:25:41] [118/459] KGCM
[10:25:42] [119/459] INPT
[10:25:43] [120/459] FNCO
[10:25:43] 🔄 Identity reset
[10:25:43] 🔄 Identity rotated (every 10 requests)
[10:25:44] [121/459] SRMJ
[10:25:45] [122/459] PFSC
[10:25:45] [123/459] PBMC
[10:25:47] [124/459] KARP
[10:25:48] [125/459] KOVI
[10:25:49] [126/459] ACXL
[10:25:49] [127/459] GKCC
[10:25:50] [128/459] ASCC
[10:25:51] [129/459] SETC
[10:25:52] [130/459] KACC
[10:25:52] 🔄 Identity reset
[10:25:52] 🔄 Identity rotated (every 10 requests)
[10:25:53] [131/459] KAVE
[10:25:54] [132/459] CNTC
[10:25:55] [133/459] MEEN
[10:25:57] [134/459] BMRV
[10:25:58] [135/459] SVAM
[10:25:59] [136/459] VTBP
[10:26:00] [137/459] VCKN
[10:26:00] [138/459] SGTK
[10:26:02] [139/459] RCGS
[10:26:02] [140/459] RCCB
[10:26:02] 🔄 Identity reset
[10:26:02] 🔄 Identity rotated (every 10 requests)
[10:26:03] [141/459] RKSR
[10:26:04] [142/459] RKCU
[10:26:06] [143/459] GIBH
[10:26:07] [144/459] CXBS
[10:26:08] [145/459] GGCB
[10:26:09] [146/459] SCPB
[10:26:10] [147/459] AKTB
[10:26:11] [148/459] SRBU
[10:26:12] [149/459] CSSA
[10:26:12] [150/459] MYAN
[10:26:12] 🔄 Identity reset
[10:26:12] 🔄 Identity rotated (every 10 requests)
[10:26:13] [151/459] EXCA
[10:26:15] [152/459] CKSA
[10:26:16] [153/459] JTNM
[10:26:17] [154/459] CXKT
[10:26:18] [155/459] NCLM
[10:26:19] [156/459] JAAD
[10:26:20] [157/459] RDCR
[10:26:21] [158/459] MEER
[10:26:22] [159/459] SIBT
[10:26:23] [160/459] PVVB
[10:26:23] 🔄 Identity reset
[10:26:23] 🔄 Identity rotated (every 10 requests)
[10:26:24] [161/459] FNPN
[10:26:25] [162/459] CRPX
[10:26:26] [163/459] STET
[10:26:27] [164/459] METE
[10:26:28] [165/459] BJML
[10:26:30] [166/459] MAVT
[10:26:31] [167/459] MSRM
[10:26:32] [168/459] TJMP
[10:26:33] [169/459] MHCK
[10:26:33] [170/459] SVGP
[10:26:33] 🔄 Identity reset
[10:26:33] 🔄 Identity rotated (every 10 requests)
[10:26:34] [171/459] KRRC
[10:26:35] [172/459] IMCH
[10:26:36] [173/459] CMCS
[10:26:38] [174/459] SGND
[10:26:39] [175/459] RNAT
[10:26:41] [176/459] PRTN
[10:26:42] [177/459] MPTN
[10:26:43] [178/459] ARCC
[10:26:43] [179/459] NTTE
[10:26:44] [180/459] ABND
[10:26:44] 🔄 Identity reset
[10:26:44] 🔄 Identity rotated (every 10 requests)
[10:26:45] [181/459] KCSN
[10:26:46] [182/459] KCSA
[10:26:47] [183/459] DCKT
[10:26:48] [184/459] MBBR
[10:26:49] [185/459] RAMU
[10:26:49] [186/459] RACW
[10:26:50] [187/459] MCHP
[10:26:51] [188/459] TMHM
[10:26:52] [189/459] STXH
[10:26:53] [190/459] AGSG
[10:26:53] 🔄 Identity reset
[10:26:53] 🔄 Identity rotated (every 10 requests)
[10:26:54] [191/459] SIRA
[10:26:55] [192/459] RCAN
[10:26:56] [193/459] CWTB
[10:26:57] [194/459] VTYM
[10:26:58] [195/459] RRPP
[10:26:59] [196/459] ASMR
[10:27:00] [197/459] RONO
[10:27:01] [198/459] MEMR
[10:27:02] [199/459] CTMR
[10:27:03] [200/459] PMTT
[10:27:03] 🔄 Identity reset
[10:27:03] 🔄 Identity rotated (every 10 requests)
[10:27:04] [201/459] PSLX
[10:27:04] [202/459] IPPL
[10:27:05] [203/459] MMSG
[10:27:06] [204/459] INEL
[10:27:07] [205/459] COAC
[10:27:08] [206/459] WVLK
[10:27:10] [207/459] PPXL
[10:27:11] [208/459] PSML
[10:27:12] [209/459] FNLK
[10:27:13] [210/459] ILUM
[10:27:13] 🔄 Identity reset
[10:27:13] 🔄 Identity rotated (every 10 requests)
[10:27:14] [211/459] ILCM
[10:27:14] [212/459] MSNL
[10:27:15] [213/459] VINB
[10:27:16] [214/459] SALW
[10:27:17] [215/459] PRTB
[10:27:18] [216/459] NCIL
[10:27:19] [217/459] PSUL
[10:27:20] [218/459] SCLK
[10:27:20] [219/459] ADDC
[10:27:21] [220/459] OACL
[10:27:21] 🔄 Identity reset
[10:27:21] 🔄 Identity rotated (every 10 requests)
[10:27:22] [221/459] OOCF
[10:27:23] [222/459] GPMF
[10:27:24] [223/459] SSDG
[10:27:25] [224/459] SKRS
[10:27:26] [225/459] NTTP
[10:27:27] [226/459] SLTP
[10:27:28] [227/459] JTLC
[10:27:29] [228/459] POON
[10:27:30] [229/459] CCPC
[10:27:31] [230/459] DCKC
[10:27:31] 🔄 Identity reset
[10:27:31] 🔄 Identity rotated (every 10 requests)
[10:27:32] [231/459] CPRT
[10:27:33] [232/459] EYHZ
[10:27:34] [233/459] ARBL
[10:27:35] [234/459] SBTB
[10:27:36] [235/459] MMCK
[10:27:37] [236/459] PLMR
[10:27:38] [237/459] BIJH
[10:27:39] [238/459] SDRT
[10:27:40] [239/459] PRDC
[10:27:41] [240/459] OMJA
[10:27:41] 🔄 Identity reset
[10:27:41] 🔄 Identity rotated (every 10 requests)
[10:27:42] [241/459] VKCR
[10:27:43] [242/459] ATRT
[10:27:44] [243/459] WVRP
[10:27:45] [244/459] MVRP
[10:27:45] [245/459] FCAX
[10:27:46] [246/459] CTLC
[10:27:47] [247/459] JCHB
[10:27:48] [248/459] SELP
[10:27:48] [249/459] VCPG
[10:27:50] [250/459] ASCX
[10:27:50] 🔄 Identity reset
[10:27:50] 🔄 Identity rotated (every 10 requests)
[10:27:50] [251/459] EOCS
[10:27:51] [252/459] RCPH
[10:27:52] [253/459] RJTM
[10:27:53] [254/459] SGMD
[10:27:54] [255/459] SVJT
[10:27:55] [256/459] SPPO
[10:27:56] [257/459] MNRL
[10:27:57] [258/459] KNOX
[10:27:58] [259/459] GIER
[10:27:58] [260/459] PJMS
[10:27:58] 🔄 Identity reset
[10:27:58] 🔄 Identity rotated (every 10 requests)
[10:27:59] [261/459] UNSP
[10:28:01] [262/459] JETP
[10:28:02] [263/459] VTWA
[10:28:03] [264/459] SCJI
[10:28:04] [265/459] CBZZ
[10:28:04] [266/459] SDCJ
[10:28:05] [267/459] RRCC
[10:28:06] [268/459] VNKG
[10:28:07] [269/459] LKTO
[10:28:08] [270/459] PJRM
[10:28:08] 🔄 Identity reset
[10:28:08] 🔄 Identity rotated (every 10 requests)
[10:28:09] [271/459] NVRM
[10:28:10] [272/459] SJCS
[10:28:11] [273/459] VIGK
[10:28:12] [274/459] ANST
[10:28:13] [275/459] JTTS
[10:28:14] [276/459] NTST
[10:28:15] [277/459] PREB
[10:28:16] [278/459] TSCZ
[10:28:17] [279/459] CDCM
[10:28:17] [280/459] ELYE
[10:28:17] 🔄 Identity reset
[10:28:17] 🔄 Identity rotated (every 10 requests)
[10:28:18] [281/459] INBS
[10:28:20] [282/459] SMGC
[10:28:21] [283/459] UTMP
[10:28:22] [284/459] INTA
[10:28:23] [285/459] OMPT
[10:28:24] [286/459] SCIR
[10:28:24] [287/459] GCKJ
[10:28:26] [288/459] INOG
[10:28:27] [289/459] SMGB
[10:28:27] [290/459] MCSG
[10:28:27] 🔄 Identity reset
[10:28:27] 🔄 Identity rotated (every 10 requests)
[10:28:28] [291/459] STKG
[10:28:29] [292/459] TTKG
[10:28:30] [293/459] SRTR
[10:28:31] [294/459] ETTR
[10:28:32] [295/459] GGGZ
[10:28:33] [296/459] IPGM
[10:28:34] [297/459] FCDH
[10:28:35] [298/459] DESB
[10:28:35] [299/459] VNTP
[10:28:36] [300/459] ANNT
[10:28:36] 🔄 Identity reset
[10:28:36] 🔄 Identity rotated (every 10 requests)
[10:28:37] [301/459] SLTI
[10:28:38] [302/459] MAJU
[10:28:39] [303/459] JCXP
[10:28:40] [304/459] HARK
[10:28:41] [305/459] JPCJ
[10:28:42] [306/459] RXBD
[10:28:42] [307/459] PTKJ
[10:28:43] [308/459] CMTU
[10:28:45] [309/459] SWOR
[10:28:47] [310/459] JMEX
[10:28:47] 🔄 Identity reset
[10:28:47] 🔄 Identity rotated (every 10 requests)
[10:28:48] [311/459] DTPT
[10:28:49] [312/459] VGMM
[10:28:50] [313/459] VCSG
[10:28:51] [314/459] CVCG
[10:28:52] [315/459] TNTT
[10:28:53] [316/459] SHRM
[10:28:54] [317/459] CGKD
[10:28:55] [318/459] EKCM
[10:28:56] [319/459] SDCX
[10:28:57] [320/459] SBTE
[10:28:57] 🔄 Identity reset
[10:28:57] 🔄 Identity rotated (every 10 requests)
[10:28:58] [321/459] STKJ
[10:28:59] [322/459] TPCE
[10:29:00] [323/459] JTNP
[10:29:01] [324/459] LPCH
[10:29:02] [325/459] CPUO
[10:29:03] [326/459] APSU
[10:29:03] [327/459] RTHC
[10:29:04] [328/459] PTBU
[10:29:05] [329/459] CUCC
[10:29:06] [330/459] CPSA
[10:29:06] 🔄 Identity reset
[10:29:06] 🔄 Identity rotated (every 10 requests)
[10:29:07] [331/459] SUAY
[10:29:08] [332/459] AYAA
[10:29:09] [333/459] MUCH
[10:29:10] [334/459] PCIN
[10:29:11] [335/459] JRRM
[10:29:12] [336/459] KATS
[10:29:13] [337/459] MHFF
[10:29:13] [338/459] ESYM
[10:29:14] [339/459] STYV
[10:29:15] [340/459] SDKG
[10:29:15] 🔄 Identity reset
[10:29:15] 🔄 Identity rotated (every 10 requests)
[10:29:16] [341/459] SMTI
[10:29:17] [342/459] NYCS
[10:29:18] [343/459] MTBG
[10:29:18] [344/459] RHCA
[10:29:19] [345/459] PCKH
[10:29:20] [346/459] ARCR
[10:29:21] [347/459] NCMB
[10:29:22] [348/459] SHYC
[10:29:23] [349/459] LACK
[10:29:24] [350/459] MTCM
[10:29:24] 🔄 Identity reset
[10:29:24] 🔄 Identity rotated (every 10 requests)
[10:29:25] [351/459] RRBN
[10:29:26] [352/459] MYDC
[10:29:28] [353/459] STCS
[10:29:29] [354/459] CONN
[10:29:29] [355/459] SIPS
[10:29:31] [356/459] SMMX
[10:29:33] [357/459] SCBY
[10:29:33] [358/459] SUAP
[10:29:34] [359/459] RSMK
[10:29:35] [360/459] STKP
[10:29:35] 🔄 Identity reset
[10:29:35] 🔄 Identity rotated (every 10 requests)
[10:29:36] [361/459] CIPC
[10:29:38] [362/459] KKCI
[10:29:38] [363/459] CTNK
[10:29:39] [364/459] MMTZ
[10:29:40] [365/459] DCCO
[10:29:41] [366/459] VNMN
[10:29:42] [367/459] RLCN
[10:29:43] [368/459] CMMS
[10:29:45] [369/459] AYOU
[10:29:46] [370/459] SSCN
[10:29:46] 🔄 Identity reset
[10:29:46] 🔄 Identity rotated (every 10 requests)
[10:29:47] [371/459] SMXN
[10:29:48] [372/459] ASSK
[10:29:49] [373/459] VCKM
[10:29:50] [374/459] PCPH
[10:29:51] [375/459] PADM
[10:29:52] [376/459] IESA
[10:29:52] [377/459] VCSP
[10:29:55] [378/459] AEST
[10:29:56] [379/459] VTNR
[10:29:57] [380/459] GTTA
[10:29:57] 🔄 Identity reset
[10:29:57] 🔄 Identity rotated (every 10 requests)
[10:29:58] [381/459] CMMM
[10:29:59] [382/459] AHKT
[10:30:00] [383/459] SIJI
[10:30:00] [384/459] VCEI
[10:30:01] [385/459] SAKR
[10:30:02] [386/459] VSMT
[10:30:03] [387/459] SSCT
[10:30:04] [388/459] USTR
[10:30:05] [389/459] MTKT
[10:30:06] [390/459] TGMP
[10:30:06] 🔄 Identity reset
[10:30:06] 🔄 Identity rotated (every 10 requests)
[10:30:07] [391/459] SIVC
[10:30:08] [392/459] KICT
[10:30:09] [393/459] DAMD
[10:30:09] [394/459] CNPT
[10:30:11] [395/459] RVTT
[10:30:12] [396/459] SNCM
[10:30:13] [397/459] GHTE
[10:30:15] [398/459] PPAM
[10:30:16] [399/459] PVAA
[10:30:17] [400/459] CPAO
[10:30:17] 🔄 Identity reset
[10:30:17] 🔄 Identity rotated (every 10 requests)
[10:30:18] [401/459] HAMD
[10:30:18] [402/459] RCCA
[10:30:19] [403/459] MPCH
[10:30:21] [404/459] ARED
[10:30:22] [405/459] RRCV
[10:30:22] [406/459] MTRB
[10:30:24] [407/459] CKUA
[10:30:25] [408/459] ABMP
[10:30:26] [409/459] RCWA
[10:30:27] [410/459] CGAR
[10:30:27] 🔄 Identity reset
[10:30:27] 🔄 Identity rotated (every 10 requests)
[10:30:28] [411/459] METH
[10:30:29] [412/459] WAGA
[10:30:30] [413/459] MCMA
[10:30:31] [414/459] CSMP
[10:30:32] [415/459] RCNK
[10:30:33] [416/459] PSTM
[10:30:34] [417/459] CSEP
[10:30:35] [418/459] AMGD
[10:30:36] [419/459] CSTE
[10:30:36] [420/459] CONS
[10:30:36] 🔄 Identity reset
[10:30:36] 🔄 Identity rotated (every 10 requests)
[10:30:38] [421/459] APPX
[10:30:38] [422/459] MABC
[10:30:39] [423/459] CXST
[10:30:41] [424/459] MATN
[10:30:42] [425/459] MACZ
[10:30:42] [426/459] MASA
[10:30:43] [427/459] MBSX
[10:30:44] [428/459] CSST
[10:30:45] [429/459] APCL
[10:30:46] [430/459] CGOS
[10:30:46] 🔄 Identity reset
[10:30:46] 🔄 Identity rotated (every 10 requests)
[10:30:47] [431/459] CPEC
[10:30:48] [432/459] MCCP
[10:30:49] [433/459] BSSO
[10:30:50] [434/459] SJKA
[10:30:50] [435/459] CGBO
[10:30:52] [436/459] MVSK
[10:30:53] [437/459] HVCA
[10:30:54] [438/459] NAMD
[10:30:55] [439/459] DEVI
[10:30:56] [440/459] SCSV
[10:30:56] 🔄 Identity reset
[10:30:56] 🔄 Identity rotated (every 10 requests)
[10:30:57] [441/459] PSMA
[10:30:58] [442/459] CLDJ
[10:30:59] [443/459] NMAD
[10:31:00] [444/459] CGMO
[10:31:02] [445/459] MCNA
[10:31:02] [446/459] OCBN
[10:31:03] [447/459] CPEM
[10:31:04] [448/459] CPSM
[10:31:05] [449/459] RCAD
[10:31:06] [450/459] CPMU
[10:31:06] 🔄 Identity reset
[10:31:06] 🔄 Identity rotated (every 10 requests)
[10:31:07] [451/459] DICD
[10:31:08] [452/459] CHOE
[10:31:09] [453/459] PDJM
[10:31:11] [454/459] SSTU
[10:31:12] [455/459] VNRN
[10:31:14] [456/459] PVLG
[10:31:15] [457/459] SWBL
[10:31:15] [458/459] SCAB
[10:31:16] [459/459] RDDA
[10:31:17] 🧹 Deduping shows
[10:31:17] ✅ DONE | Shows=3950 | Movies=104
[16:51:41] 🚀 SCRIPT STARTED
[16:51:41] [1/459] MCCZ
[16:51:41] 🧠 New identity created
[16:51:42] [2/459] FRPU
[16:51:43] [3/459] SKSI
[16:51:43] [4/459] SSCK
[16:51:45] [5/459] SRDC
[16:51:46] [6/459] RSCZ
[16:51:47] [7/459] PRVT
[16:51:47] [8/459] GAGJ
[16:51:48] [9/459] SMHG
[16:51:49] [10/459] JTST
[16:51:49] 🔄 Identity reset
[16:51:49] 🔄 Identity rotated (every 10 requests)
[16:51:50] [11/459] MYTH
[16:51:51] [12/459] JPCC
[16:51:52] [13/459] ACDC
[16:51:53] [14/459] SVFP
[16:51:55] [15/459] SFCM
[16:51:55] [16/459] RUPK
[16:51:56] [17/459] NTCR
[16:51:57] [18/459] RTCH
[16:51:58] [19/459] SCMH
[16:51:59] [20/459] SVYM
[16:51:59] 🔄 Identity reset
[16:51:59] 🔄 Identity rotated (every 10 requests)
[16:52:00] [21/459] SPYM
[16:52:01] [22/459] SMMF
[16:52:02] [23/459] CLLB
[16:52:03] [24/459] FMCB
[16:52:03] [25/459] BBTC
[16:52:04] [26/459] NTHS
[16:52:05] [27/459] PKKJ
[16:52:06] [28/459] MTJA
[16:52:07] [29/459] PMSJ
[16:52:07] [30/459] JMJU
[16:52:07] 🔄 Identity reset
[16:52:07] 🔄 Identity rotated (every 10 requests)
[16:52:08] [31/459] SRAD
[16:52:09] [32/459] MJMC
[16:52:10] [33/459] DFRM
[16:52:10] [34/459] PMRS
[16:52:11] [35/459] RKPP
[16:52:12] [36/459] BMBK
[16:52:12] [37/459] NEWS
[16:52:14] [38/459] SALB
[16:52:15] [39/459] SCPW
[16:52:16] [40/459] RAYL
[16:52:16] 🔄 Identity reset
[16:52:16] 🔄 Identity rotated (every 10 requests)
[16:52:16] 🔄 Retry 1/5 for RAYL in 2.7s
[16:52:16] 🔄 Identity reset
[16:52:18] 🧠 New identity created
[16:52:19] [41/459] CMGJ
[16:52:20] [42/459] JRCR
[16:52:21] [43/459] SRTB
[16:52:22] [44/459] ETPB
[16:52:23] [45/459] MXBN
[16:52:23] [46/459] TOPE
[16:52:24] [47/459] SNLJ
[16:52:26] [48/459] CDDP
[16:52:27] [49/459] APCX
[16:52:27] 🔄 Identity reset
[16:52:27] 🔄 Identity rotated (every 10 requests)
[16:52:28] [50/459] TALP
[16:52:28] [51/459] RRMP
[16:52:29] [52/459] MAHB
[16:52:31] [53/459] MTKR
[16:52:31] [54/459] KSKL
[16:52:32] [55/459] RJLT
[16:52:33] [56/459] ATAS
[16:52:34] [57/459] AMHR
[16:52:35] [58/459] RSRM
[16:52:36] [59/459] GCAT
[16:52:36] 🔄 Identity reset
[16:52:36] 🔄 Identity rotated (every 10 requests)
[16:52:36] [60/459] SMML
[16:52:38] [61/459] ACCD
[16:52:38] [62/459] VYDA
[16:52:39] [63/459] MSKT
[16:52:41] [64/459] AVDM
[16:52:42] [65/459] ASMH
[16:52:44] [66/459] VTMB
[16:52:44] [67/459] WVMB
[16:52:45] [68/459] PPMN
[16:52:46] [69/459] MTMD
[16:52:46] 🔄 Identity reset
[16:52:46] 🔄 Identity rotated (every 10 requests)
[16:52:47] [70/459] SMMO
[16:52:49] [71/459] DLPB
[16:52:50] [72/459] AKMD
[16:52:50] [73/459] SHRR
[16:52:51] [74/459] ASCO
[16:52:52] [75/459] CZVX
[16:52:53] [76/459] GCBB
[16:52:54] [77/459] ATBM
[16:52:55] [78/459] TCGM
[16:52:56] [79/459] UMSE
[16:52:56] 🔄 Identity reset
[16:52:56] 🔄 Identity rotated (every 10 requests)
[16:52:56] [80/459] NKCL
[16:52:57] [81/459] BTLR
[16:52:58] [82/459] GOCL
[16:52:59] [83/459] MIRN
[16:53:00] [84/459] THEC
[16:53:01] [85/459] SPPB
[16:53:01] [86/459] PMMM
[16:53:02] [87/459] GGMC
[16:53:03] [88/459] AVSR
[16:53:04] [89/459] RDMH
[16:53:04] 🔄 Identity reset
[16:53:04] 🔄 Identity rotated (every 10 requests)
[16:53:04] [90/459] JSRS
[16:53:05] [91/459] VKGP
[16:53:06] [92/459] ACRT
[16:53:06] [93/459] GCBA
[16:53:07] [94/459] GTCP
[16:53:09] [95/459] AKFC
[16:53:10] [96/459] INCS
[16:53:11] [97/459] SMCK
[16:53:12] [98/459] BRUN
[16:53:13] [99/459] RPPC
[16:53:13] 🔄 Identity reset
[16:53:13] 🔄 Identity rotated (every 10 requests)
[16:53:14] [100/459] PAYD
[16:53:15] [101/459] SVVT
[16:53:16] [102/459] RNCC
[16:53:17] [103/459] PCRC
[16:53:18] [104/459] PMRM
[16:53:19] [105/459] CCRP
[16:53:20] [106/459] INCR
[16:53:20] [107/459] ZTMP
[16:53:21] [108/459] MCNR
[16:53:22] [109/459] INRP
[16:53:22] 🔄 Identity reset
[16:53:22] 🔄 Identity rotated (every 10 requests)
[16:53:22] 🔄 Retry 1/5 for INRP in 2.9s
[16:53:22] 🔄 Identity reset
[16:53:25] 🧠 New identity created
[16:53:26] [110/459] STRC
[16:53:27] [111/459] RATI
[16:53:28] [112/459] PBTR
[16:53:28] [113/459] CMHP
[16:53:29] [114/459] ZECJ
[16:53:30] [115/459] CCCB
[16:53:31] [116/459] BWCB
[16:53:32] [117/459] CCAT
[16:53:32] [118/459] KGCM
[16:53:32] 🔄 Identity reset
[16:53:32] 🔄 Identity rotated (every 10 requests)
[16:53:32] 🔄 Retry 1/5 for KGCM in 2.4s
[16:53:32] 🔄 Identity reset
[16:53:35] 🧠 New identity created
[16:53:36] [119/459] INPT
[16:53:37] [120/459] FNCO
[16:53:37] [121/459] SRMJ
[16:53:38] [122/459] PFSC
[16:53:39] [123/459] PBMC
[16:53:40] [124/459] KARP
[16:53:41] [125/459] KOVI
[16:53:42] [126/459] ACXL
[16:53:43] [127/459] GKCC
[16:53:43] 🔄 Identity reset
[16:53:43] 🔄 Identity rotated (every 10 requests)
[16:53:43] 🔄 Retry 1/5 for GKCC in 2.7s
[16:53:43] 🔄 Identity reset
[16:53:45] 🧠 New identity created
[16:53:46] [128/459] ASCC
[16:53:47] [129/459] SETC
[16:53:49] [130/459] KACC
[16:53:50] [131/459] KAVE
[16:53:50] [132/459] CNTC
[16:53:51] [133/459] MEEN
[16:53:52] [134/459] BMRV
[16:53:53] [135/459] SVAM
[16:53:54] [136/459] VTBP
[16:53:54] 🔄 Identity reset
[16:53:54] 🔄 Identity rotated (every 10 requests)
[16:53:54] 🔄 Retry 1/5 for VTBP in 2.1s
[16:53:54] 🔄 Identity reset
[16:53:56] 🧠 New identity created
[16:53:56] 🔄 Retry 2/5 for VTBP in 4.2s
[16:53:56] 🔄 Identity reset
[16:54:00] 🧠 New identity created
[16:54:01] [137/459] VCKN
[16:54:02] [138/459] SGTK
[16:54:03] [139/459] RCGS
[16:54:03] [140/459] RCCB
[16:54:04] [141/459] RKSR
[16:54:05] [142/459] RKCU
[16:54:06] [143/459] GIBH
[16:54:06] [144/459] CXBS
[16:54:06] 🔄 Identity reset
[16:54:06] 🔄 Identity rotated (every 10 requests)
[16:54:06] 🔄 Retry 1/5 for CXBS in 2.5s
[16:54:06] 🔄 Identity reset
[16:54:09] 🧠 New identity created
[16:54:10] [145/459] GGCB
[16:54:11] [146/459] SCPB
[16:54:11] [147/459] AKTB
[16:54:12] [148/459] SRBU
[16:54:13] [149/459] CSSA
[16:54:14] [150/459] MYAN
[16:54:15] [151/459] EXCA
[16:54:16] [152/459] CKSA
[16:54:17] [153/459] JTNM
[16:54:17] 🔄 Identity reset
[16:54:17] 🔄 Identity rotated (every 10 requests)
[16:54:18] [154/459] CXKT
[16:54:19] [155/459] NCLM
[16:54:19] [156/459] JAAD
[16:54:20] [157/459] RDCR
[16:54:21] [158/459] MEER
[16:54:22] [159/459] SIBT
[16:54:23] [160/459] PVVB
[16:54:24] [161/459] FNPN
[16:54:25] [162/459] CRPX
[16:54:27] [163/459] STET
[16:54:27] 🔄 Identity reset
[16:54:27] 🔄 Identity rotated (every 10 requests)
[16:54:27] [164/459] METE
[16:54:28] [165/459] BJML
[16:54:29] [166/459] MAVT
[16:54:30] [167/459] MSRM
[16:54:31] [168/459] TJMP
[16:54:32] [169/459] MHCK
[16:54:33] [170/459] SVGP
[16:54:34] [171/459] KRRC
[16:54:34] [172/459] IMCH
[16:54:35] [173/459] CMCS
[16:54:35] 🔄 Identity reset
[16:54:35] 🔄 Identity rotated (every 10 requests)
[16:54:36] [174/459] SGND
[16:54:37] [175/459] RNAT
[16:54:38] [176/459] PRTN
[16:54:40] [177/459] MPTN
[16:54:40] [178/459] ARCC
[16:54:41] [179/459] NTTE
[16:54:42] [180/459] ABND
[16:54:43] [181/459] KCSN
[16:54:44] [182/459] KCSA
[16:54:45] [183/459] DCKT
[16:54:45] 🔄 Identity reset
[16:54:45] 🔄 Identity rotated (every 10 requests)
[16:54:46] [184/459] MBBR
[16:54:47] [185/459] RAMU
[16:54:48] [186/459] RACW
[16:54:48] [187/459] MCHP
[16:54:49] [188/459] TMHM
[16:54:50] [189/459] STXH
[16:54:51] [190/459] AGSG
[16:54:52] [191/459] SIRA
[16:54:53] [192/459] RCAN
[16:54:54] [193/459] CWTB
[16:54:54] 🔄 Identity reset
[16:54:54] 🔄 Identity rotated (every 10 requests)
[16:54:55] [194/459] VTYM
[16:54:56] [195/459] RRPP
[16:54:57] [196/459] ASMR
[16:54:58] [197/459] RONO
[16:54:59] [198/459] MEMR
[16:55:00] [199/459] CTMR
[16:55:00] [200/459] PMTT
[16:55:01] [201/459] PSLX
[16:55:02] [202/459] IPPL
[16:55:03] [203/459] MMSG
[16:55:03] 🔄 Identity reset
[16:55:03] 🔄 Identity rotated (every 10 requests)
[16:55:04] [204/459] INEL
[16:55:05] [205/459] COAC
[16:55:06] [206/459] WVLK
[16:55:06] [207/459] PPXL
[16:55:07] [208/459] PSML
[16:55:08] [209/459] FNLK
[16:55:09] [210/459] ILUM
[16:55:09] [211/459] ILCM
[16:55:10] [212/459] MSNL
[16:55:11] [213/459] VINB
[16:55:11] 🔄 Identity reset
[16:55:11] 🔄 Identity rotated (every 10 requests)
[16:55:11] [214/459] SALW
[16:55:12] [215/459] PRTB
[16:55:13] [216/459] NCIL
[16:55:14] [217/459] PSUL
[16:55:15] [218/459] SCLK
[16:55:16] [219/459] ADDC
[16:55:16] [220/459] OACL
[16:55:18] [221/459] OOCF
[16:55:18] [222/459] GPMF
[16:55:19] [223/459] SSDG
[16:55:19] 🔄 Identity reset
[16:55:19] 🔄 Identity rotated (every 10 requests)
[16:55:21] [224/459] SKRS
[16:55:21] [225/459] NTTP
[16:55:22] [226/459] SLTP
[16:55:23] [227/459] JTLC
[16:55:24] [228/459] POON
[16:55:24] [229/459] CCPC
[16:55:25] [230/459] DCKC
[16:55:26] [231/459] CPRT
[16:55:27] [232/459] EYHZ
[16:55:28] [233/459] ARBL
[16:55:28] 🔄 Identity reset
[16:55:28] 🔄 Identity rotated (every 10 requests)
[16:55:28] [234/459] SBTB
[16:55:29] [235/459] MMCK
[16:55:29] [236/459] PLMR
[16:55:30] [237/459] BIJH
[16:55:31] [238/459] SDRT
[16:55:32] [239/459] PRDC
[16:55:32] [240/459] OMJA
[16:55:33] [241/459] VKCR
[16:55:34] [242/459] ATRT
[16:55:34] [243/459] WVRP
[16:55:34] 🔄 Identity reset
[16:55:35] 🔄 Identity rotated (every 10 requests)
[16:55:35] [244/459] MVRP
[16:55:36] [245/459] FCAX
[16:55:37] [246/459] CTLC
[16:55:37] [247/459] JCHB
[16:55:38] [248/459] SELP
[16:55:39] [249/459] VCPG
[16:55:40] [250/459] ASCX
[16:55:41] [251/459] EOCS
[16:55:41] [252/459] RCPH
[16:55:42] [253/459] RJTM
[16:55:42] 🔄 Identity reset
[16:55:42] 🔄 Identity rotated (every 10 requests)
[16:55:43] [254/459] SGMD
[16:55:44] [255/459] SVJT
[16:55:45] [256/459] SPPO
[16:55:46] [257/459] MNRL
[16:55:47] [258/459] KNOX
[16:55:48] [259/459] GIER
[16:55:49] [260/459] PJMS
[16:55:49] [261/459] UNSP
[16:55:50] [262/459] JETP
[16:55:51] [263/459] VTWA
[16:55:51] 🔄 Identity reset
[16:55:51] 🔄 Identity rotated (every 10 requests)
[16:55:52] [264/459] SCJI
[16:55:53] [265/459] CBZZ
[16:55:54] [266/459] SDCJ
[16:55:55] [267/459] RRCC
[16:55:55] [268/459] VNKG
[16:55:56] [269/459] LKTO
[16:55:57] [270/459] PJRM
[16:55:58] [271/459] NVRM
[16:55:59] [272/459] SJCS
[16:56:00] [273/459] VIGK
[16:56:00] 🔄 Identity reset
[16:56:00] 🔄 Identity rotated (every 10 requests)
[16:56:00] [274/459] ANST
[16:56:01] [275/459] JTTS
[16:56:02] [276/459] NTST
[16:56:03] [277/459] PREB
[16:56:04] [278/459] TSCZ
[16:56:05] [279/459] CDCM
[16:56:05] [280/459] ELYE
[16:56:06] [281/459] INBS
[16:56:07] [282/459] SMGC
[16:56:08] [283/459] UTMP
[16:56:08] 🔄 Identity reset
[16:56:08] 🔄 Identity rotated (every 10 requests)
[16:56:09] [284/459] INTA
[16:56:10] [285/459] OMPT
[16:56:10] [286/459] SCIR
[16:56:11] [287/459] GCKJ
[16:56:12] [288/459] INOG
[16:56:13] [289/459] SMGB
[16:56:14] [290/459] MCSG
[16:56:15] [291/459] STKG
[16:56:15] [292/459] TTKG
[16:56:16] [293/459] SRTR
[16:56:16] 🔄 Identity reset
[16:56:16] 🔄 Identity rotated (every 10 requests)
[16:56:17] [294/459] ETTR
[16:56:18] [295/459] GGGZ
[16:56:20] [296/459] IPGM
[16:56:20] [297/459] FCDH
[16:56:21] [298/459] DESB
[16:56:22] [299/459] VNTP
[16:56:23] [300/459] ANNT
[16:56:24] [301/459] SLTI
[16:56:25] [302/459] MAJU
[16:56:26] [303/459] JCXP
[16:56:26] 🔄 Identity reset
[16:56:26] 🔄 Identity rotated (every 10 requests)
[16:56:27] [304/459] HARK
[16:56:28] [305/459] JPCJ
[16:56:28] [306/459] RXBD
[16:56:29] [307/459] PTKJ
[16:56:30] [308/459] CMTU
[16:56:31] [309/459] SWOR
[16:56:32] [310/459] JMEX
[16:56:33] [311/459] DTPT
[16:56:34] [312/459] VGMM
[16:56:34] [313/459] VCSG
[16:56:34] 🔄 Identity reset
[16:56:34] 🔄 Identity rotated (every 10 requests)
[16:56:35] [314/459] CVCG
[16:56:36] [315/459] TNTT
[16:56:37] [316/459] SHRM
[16:56:38] [317/459] CGKD
[16:56:39] [318/459] EKCM
[16:56:40] [319/459] SDCX
[16:56:41] [320/459] SBTE
[16:56:41] [321/459] STKJ
[16:56:42] [322/459] TPCE
[16:56:43] [323/459] JTNP
[16:56:43] 🔄 Identity reset
[16:56:43] 🔄 Identity rotated (every 10 requests)
[16:56:45] [324/459] LPCH
[16:56:45] [325/459] CPUO
[16:56:47] [326/459] APSU
[16:56:47] [327/459] RTHC
[16:56:48] [328/459] PTBU
[16:56:49] [329/459] CUCC
[16:56:51] [330/459] CPSA
[16:56:51] [331/459] SUAY
[16:56:53] [332/459] AYAA
[16:56:54] [333/459] MUCH
[16:56:54] 🔄 Identity reset
[16:56:54] 🔄 Identity rotated (every 10 requests)
[16:56:54] [334/459] PCIN
[16:56:56] [335/459] JRRM
[16:56:58] [336/459] KATS
[16:56:58] [337/459] MHFF
[16:56:59] [338/459] ESYM
[16:57:01] [339/459] STYV
[16:57:02] [340/459] SDKG
[16:57:03] [341/459] SMTI
[16:57:04] [342/459] NYCS
[16:57:05] [343/459] MTBG
[16:57:05] 🔄 Identity reset
[16:57:05] 🔄 Identity rotated (every 10 requests)
[16:57:07] [344/459] RHCA
[16:57:07] [345/459] PCKH
[16:57:08] [346/459] ARCR
[16:57:09] [347/459] NCMB
[16:57:10] [348/459] SHYC
[16:57:11] [349/459] LACK
[16:57:12] [350/459] MTCM
[16:57:13] [351/459] RRBN
[16:57:14] [352/459] MYDC
[16:57:14] [353/459] STCS
[16:57:14] 🔄 Identity reset
[16:57:14] 🔄 Identity rotated (every 10 requests)
[16:57:15] [354/459] CONN
[16:57:16] [355/459] SIPS
[16:57:18] [356/459] SMMX
[16:57:19] [357/459] SCBY
[16:57:21] [358/459] SUAP
[16:57:22] [359/459] RSMK
[16:57:23] [360/459] STKP
[16:57:24] [361/459] CIPC
[16:57:25] [362/459] KKCI
[16:57:26] [363/459] CTNK
[16:57:26] 🔄 Identity reset
[16:57:26] 🔄 Identity rotated (every 10 requests)
[16:57:27] [364/459] MMTZ
[16:57:28] [365/459] DCCO
[16:57:29] [366/459] VNMN
[16:57:30] [367/459] RLCN
[16:57:31] [368/459] CMMS
[16:57:32] [369/459] AYOU
[16:57:33] [370/459] SSCN
[16:57:34] [371/459] SMXN
[16:57:35] [372/459] ASSK
[16:57:37] [373/459] VCKM
[16:57:37] 🔄 Identity reset
[16:57:37] 🔄 Identity rotated (every 10 requests)
[16:57:37] [374/459] PCPH
[16:57:38] [375/459] PADM
[16:57:39] [376/459] IESA
[16:57:40] [377/459] VCSP
[16:57:42] [378/459] AEST
[16:57:42] [379/459] VTNR
[16:57:43] [380/459] GTTA
[16:57:44] [381/459] CMMM
[16:57:45] [382/459] AHKT
[16:57:46] [383/459] SIJI
[16:57:46] 🔄 Identity reset
[16:57:46] 🔄 Identity rotated (every 10 requests)
[16:57:47] [384/459] VCEI
[16:57:48] [385/459] SAKR
[16:57:50] [386/459] VSMT
[16:57:50] [387/459] SSCT
[16:57:52] [388/459] USTR
[16:57:54] [389/459] MTKT
[16:57:55] [390/459] TGMP
[16:57:56] [391/459] SIVC
[16:57:57] [392/459] KICT
[16:57:58] [393/459] DAMD
[16:57:58] 🔄 Identity reset
[16:57:58] 🔄 Identity rotated (every 10 requests)
[16:57:59] [394/459] CNPT
[16:58:00] [395/459] RVTT
[16:58:00] [396/459] SNCM
[16:58:01] [397/459] GHTE
[16:58:03] [398/459] PPAM
[16:58:04] [399/459] PVAA
[16:58:05] [400/459] CPAO
[16:58:05] [401/459] HAMD
[16:58:06] [402/459] RCCA
[16:58:07] [403/459] MPCH
[16:58:07] 🔄 Identity reset
[16:58:07] 🔄 Identity rotated (every 10 requests)
[16:58:09] [404/459] ARED
[16:58:10] [405/459] RRCV
[16:58:11] [406/459] MTRB
[16:58:12] [407/459] CKUA
[16:58:13] [408/459] ABMP
[16:58:14] [409/459] RCWA
[16:58:15] [410/459] CGAR
[16:58:16] [411/459] METH
[16:58:17] [412/459] WAGA
[16:58:18] [413/459] MCMA
[16:58:18] 🔄 Identity reset
[16:58:18] 🔄 Identity rotated (every 10 requests)
[16:58:20] [414/459] CSMP
[16:58:21] [415/459] RCNK
[16:58:22] [416/459] PSTM
[16:58:23] [417/459] CSEP
[16:58:24] [418/459] AMGD
[16:58:26] [419/459] CSTE
[16:58:26] [420/459] CONS
[16:58:27] [421/459] APPX
[16:58:28] [422/459] MABC
[16:58:29] [423/459] CXST
[16:58:29] 🔄 Identity reset
[16:58:29] 🔄 Identity rotated (every 10 requests)
[16:58:30] [424/459] MATN
[16:58:31] [425/459] MACZ
[16:58:32] [426/459] MASA
[16:58:33] [427/459] MBSX
[16:58:34] [428/459] CSST
[16:58:35] [429/459] APCL
[16:58:36] [430/459] CGOS
[16:58:37] [431/459] CPEC
[16:58:38] [432/459] MCCP
[16:58:39] [433/459] BSSO
[16:58:39] 🔄 Identity reset
[16:58:39] 🔄 Identity rotated (every 10 requests)
[16:58:40] [434/459] SJKA
[16:58:41] [435/459] CGBO
[16:58:42] [436/459] MVSK
[16:58:43] [437/459] HVCA
[16:58:43] [438/459] NAMD
[16:58:44] [439/459] DEVI
[16:58:45] [440/459] SCSV
[16:58:47] [441/459] PSMA
[16:58:47] [442/459] CLDJ
[16:58:48] [443/459] NMAD
[16:58:48] 🔄 Identity reset
[16:58:48] 🔄 Identity rotated (every 10 requests)
[16:58:49] [444/459] CGMO
[16:58:50] [445/459] MCNA
[16:58:51] [446/459] OCBN
[16:58:51] [447/459] CPEM
[16:58:52] [448/459] CPSM
[16:58:53] [449/459] RCAD
[16:58:54] [450/459] CPMU
[16:58:55] [451/459] DICD
[16:58:56] [452/459] CHOE
[16:58:57] [453/459] PDJM
[16:58:57] 🔄 Identity reset
[16:58:57] 🔄 Identity rotated (every 10 requests)
[16:58:58] [454/459] SSTU
[16:58:59] [455/459] VNRN
[16:59:00] [456/459] PVLG
[16:59:01] [457/459] SWBL
[16:59:02] [458/459] SCAB
[16:59:03] [459/459] RDDA
[16:59:04] 🧹 Deduping shows
[16:59:04] ✅ DONE | Shows=4286 | Movies=105
[21:30:39] 🚀 SCRIPT STARTED
[21:30:39] [1/459] MCCZ
[21:30:39] 🧠 New identity created
[21:30:40] [2/459] FRPU
[21:30:41] [3/459] SKSI
[21:30:42] [4/459] SSCK
[21:30:43] [5/459] SRDC
[21:30:44] [6/459] RSCZ
[21:30:45] [7/459] PRVT
[21:30:46] [8/459] GAGJ
[21:30:47] [9/459] SMHG
[21:30:49] [10/459] JTST
[21:30:49] 🔄 Identity reset
[21:30:49] 🔄 Identity rotated (every 10 requests)
[21:30:50] [11/459] MYTH
[21:30:50] [12/459] JPCC
[21:30:52] [13/459] ACDC
[21:30:53] [14/459] SVFP
[21:30:54] [15/459] SFCM
[21:30:55] [16/459] RUPK
[21:30:56] [17/459] NTCR
[21:30:57] [18/459] RTCH
[21:30:57] [19/459] SCMH
[21:30:58] [20/459] SVYM
[21:30:58] 🔄 Identity reset
[21:30:58] 🔄 Identity rotated (every 10 requests)
[21:30:59] [21/459] SPYM
[21:31:00] [22/459] SMMF
[21:31:01] [23/459] CLLB
[21:31:02] [24/459] FMCB
[21:31:03] [25/459] BBTC
[21:31:03] [26/459] NTHS
[21:31:04] [27/459] PKKJ
[21:31:05] [28/459] MTJA
[21:31:06] [29/459] PMSJ
[21:31:07] [30/459] JMJU
[21:31:07] 🔄 Identity reset
[21:31:07] 🔄 Identity rotated (every 10 requests)
[21:31:08] [31/459] SRAD
[21:31:09] [32/459] MJMC
[21:31:10] [33/459] DFRM
[21:31:11] [34/459] PMRS
[21:31:12] [35/459] RKPP
[21:31:13] [36/459] BMBK
[21:31:14] [37/459] NEWS
[21:31:15] [38/459] SALB
[21:31:16] [39/459] SCPW
[21:31:18] [40/459] RAYL
[21:31:18] 🔄 Identity reset
[21:31:18] 🔄 Identity rotated (every 10 requests)
[21:31:19] [41/459] CMGJ
[21:31:20] [42/459] JRCR
[21:31:21] [43/459] SRTB
[21:31:22] [44/459] ETPB
[21:31:23] [45/459] MXBN
[21:31:24] [46/459] TOPE
[21:31:25] [47/459] SNLJ
[21:31:26] [48/459] CDDP
[21:31:27] [49/459] APCX
[21:31:28] [50/459] TALP
[21:31:28] 🔄 Identity reset
[21:31:28] 🔄 Identity rotated (every 10 requests)
[21:31:29] [51/459] RRMP
[21:31:30] [52/459] MAHB
[21:31:31] [53/459] MTKR
[21:31:32] [54/459] KSKL
[21:31:33] [55/459] RJLT
[21:31:34] [56/459] ATAS
[21:31:34] [57/459] AMHR
[21:31:35] [58/459] RSRM
[21:31:36] [59/459] GCAT
[21:31:37] [60/459] SMML
[21:31:37] 🔄 Identity reset
[21:31:37] 🔄 Identity rotated (every 10 requests)
[21:31:38] [61/459] ACCD
[21:31:39] [62/459] VYDA
[21:31:40] [63/459] MSKT
[21:31:41] [64/459] AVDM
[21:31:42] [65/459] ASMH
[21:31:42] [66/459] VTMB
[21:31:43] [67/459] WVMB
[21:31:45] [68/459] PPMN
[21:31:46] [69/459] MTMD
[21:31:47] [70/459] SMMO
[21:31:47] 🔄 Identity reset
[21:31:47] 🔄 Identity rotated (every 10 requests)
[21:31:48] [71/459] DLPB
[21:31:49] [72/459] AKMD
[21:31:49] [73/459] SHRR
[21:31:50] [74/459] ASCO
[21:31:51] [75/459] CZVX
[21:31:52] [76/459] GCBB
[21:31:53] [77/459] ATBM
[21:31:54] [78/459] TCGM
[21:31:55] [79/459] UMSE
[21:31:55] [80/459] NKCL
[21:31:55] 🔄 Identity reset
[21:31:56] 🔄 Identity rotated (every 10 requests)
[21:31:56] [81/459] BTLR
[21:31:57] [82/459] GOCL
[21:31:58] [83/459] MIRN
[21:31:59] [84/459] THEC
[21:32:00] [85/459] SPPB
[21:32:01] [86/459] PMMM
[21:32:02] [87/459] GGMC
[21:32:03] [88/459] AVSR
[21:32:04] [89/459] RDMH
[21:32:05] [90/459] JSRS
[21:32:05] 🔄 Identity reset
[21:32:05] 🔄 Identity rotated (every 10 requests)
[21:32:05] [91/459] VKGP
[21:32:06] [92/459] ACRT
[21:32:07] [93/459] GCBA
[21:32:08] [94/459] GTCP
[21:32:09] [95/459] AKFC
[21:32:10] [96/459] INCS
[21:32:10] [97/459] SMCK
[21:32:11] [98/459] BRUN
[21:32:12] [99/459] RPPC
[21:32:13] [100/459] PAYD
[21:32:13] 🔄 Identity reset
[21:32:13] 🔄 Identity rotated (every 10 requests)
[21:32:14] [101/459] SVVT
[21:32:15] [102/459] RNCC
[21:32:16] [103/459] PCRC
[21:32:16] [104/459] PMRM
[21:32:17] [105/459] CCRP
[21:32:18] [106/459] INCR
[21:32:19] [107/459] ZTMP
[21:32:21] [108/459] MCNR
[21:32:22] [109/459] INRP
[21:32:23] [110/459] STRC
[21:32:23] 🔄 Identity reset
[21:32:23] 🔄 Identity rotated (every 10 requests)
[21:32:24] [111/459] RATI
[21:32:25] [112/459] PBTR
[21:32:26] [113/459] CMHP
[21:32:27] [114/459] ZECJ
[21:32:28] [115/459] CCCB
[21:32:29] [116/459] BWCB
[21:32:30] [117/459] CCAT
[21:32:30] [118/459] KGCM
[21:32:31] [119/459] INPT
[21:32:32] [120/459] FNCO
[21:32:32] 🔄 Identity reset
[21:32:32] 🔄 Identity rotated (every 10 requests)
[21:32:33] [121/459] SRMJ
[21:32:34] [122/459] PFSC
[21:32:35] [123/459] PBMC
[21:32:36] [124/459] KARP
[21:32:37] [125/459] KOVI
[21:32:38] [126/459] ACXL
[21:32:39] [127/459] GKCC
[21:32:39] [128/459] ASCC
[21:32:40] [129/459] SETC
[21:32:42] [130/459] KACC
[21:32:42] 🔄 Identity reset
[21:32:42] 🔄 Identity rotated (every 10 requests)
[21:32:43] [131/459] KAVE
[21:32:44] [132/459] CNTC
[21:32:45] [133/459] MEEN
[21:32:46] [134/459] BMRV
[21:32:47] [135/459] SVAM
[21:32:48] [136/459] VTBP
[21:32:49] [137/459] VCKN
[21:32:49] [138/459] SGTK
[21:32:51] [139/459] RCGS
[21:32:51] [140/459] RCCB
[21:32:51] 🔄 Identity reset
[21:32:52] 🔄 Identity rotated (every 10 requests)
[21:32:53] [141/459] RKSR
[21:32:54] [142/459] RKCU
[21:32:55] [143/459] GIBH
[21:32:56] [144/459] CXBS
[21:32:58] [145/459] GGCB
[21:32:59] [146/459] SCPB
[21:33:00] [147/459] AKTB
[21:33:01] [148/459] SRBU
[21:33:02] [149/459] CSSA
[21:33:03] [150/459] MYAN
[21:33:03] 🔄 Identity reset
[21:33:03] 🔄 Identity rotated (every 10 requests)
[21:33:04] [151/459] EXCA
[21:33:05] [152/459] CKSA
[21:33:06] [153/459] JTNM
[21:33:07] [154/459] CXKT
[21:33:08] [155/459] NCLM
[21:33:09] [156/459] JAAD
[21:33:10] [157/459] RDCR
[21:33:11] [158/459] MEER
[21:33:12] [159/459] SIBT
[21:33:13] [160/459] PVVB
[21:33:13] 🔄 Identity reset
[21:33:13] 🔄 Identity rotated (every 10 requests)
[21:33:14] [161/459] FNPN
[21:33:15] [162/459] CRPX
[21:33:16] [163/459] STET
[21:33:17] [164/459] METE
[21:33:18] [165/459] BJML
[21:33:19] [166/459] MAVT
[21:33:21] [167/459] MSRM
[21:33:21] [168/459] TJMP
[21:33:22] [169/459] MHCK
[21:33:23] [170/459] SVGP
[21:33:23] 🔄 Identity reset
[21:33:23] 🔄 Identity rotated (every 10 requests)
[21:33:23] 🔄 Retry 1/5 for SVGP in 3.0s
[21:33:23] 🔄 Identity reset
[21:33:26] 🧠 New identity created
[21:33:28] [171/459] KRRC
[21:33:29] [172/459] IMCH
[21:33:30] [173/459] CMCS
[21:33:31] [174/459] SGND
[21:33:32] [175/459] RNAT
[21:33:33] [176/459] PRTN
[21:33:34] [177/459] MPTN
[21:33:35] [178/459] ARCC
[21:33:36] [179/459] NTTE
[21:33:36] 🔄 Identity reset
[21:33:36] 🔄 Identity rotated (every 10 requests)
[21:33:37] [180/459] ABND
[21:33:38] [181/459] KCSN
[21:33:39] [182/459] KCSA
[21:33:40] [183/459] DCKT
[21:33:40] [184/459] MBBR
[21:33:41] [185/459] RAMU
[21:33:42] [186/459] RACW
[21:33:44] [187/459] MCHP
[21:33:45] [188/459] TMHM
[21:33:46] [189/459] STXH
[21:33:46] 🔄 Identity reset
[21:33:46] 🔄 Identity rotated (every 10 requests)
[21:33:47] [190/459] AGSG
[21:33:48] [191/459] SIRA
[21:33:49] [192/459] RCAN
[21:33:50] [193/459] CWTB
[21:33:51] [194/459] VTYM
[21:33:53] [195/459] RRPP
[21:33:54] [196/459] ASMR
[21:33:55] [197/459] RONO
[21:33:56] [198/459] MEMR
[21:33:57] [199/459] CTMR
[21:33:57] 🔄 Identity reset
[21:33:57] 🔄 Identity rotated (every 10 requests)
[21:33:58] [200/459] PMTT
[21:33:59] [201/459] PSLX
[21:34:00] [202/459] IPPL
[21:34:01] [203/459] MMSG
[21:34:02] [204/459] INEL
[21:34:03] [205/459] COAC
[21:34:04] [206/459] WVLK
[21:34:05] [207/459] PPXL
[21:34:06] [208/459] PSML
[21:34:07] [209/459] FNLK
[21:34:07] 🔄 Identity reset
[21:34:07] 🔄 Identity rotated (every 10 requests)
[21:34:08] [210/459] ILUM
[21:34:08] [211/459] ILCM
[21:34:09] [212/459] MSNL
[21:34:10] [213/459] VINB
[21:34:11] [214/459] SALW
[21:34:12] [215/459] PRTB
[21:34:13] [216/459] NCIL
[21:34:14] [217/459] PSUL
[21:34:15] [218/459] SCLK
[21:34:16] [219/459] ADDC
[21:34:16] 🔄 Identity reset
[21:34:16] 🔄 Identity rotated (every 10 requests)
[21:34:17] [220/459] OACL
[21:34:18] [221/459] OOCF
[21:34:19] [222/459] GPMF
[21:34:19] [223/459] SSDG
[21:34:21] [224/459] SKRS
[21:34:22] [225/459] NTTP
[21:34:23] [226/459] SLTP
[21:34:24] [227/459] JTLC
[21:34:25] [228/459] POON
[21:34:26] [229/459] CCPC
[21:34:26] 🔄 Identity reset
[21:34:26] 🔄 Identity rotated (every 10 requests)
[21:34:27] [230/459] DCKC
[21:34:28] [231/459] CPRT
[21:34:29] [232/459] EYHZ
[21:34:30] [233/459] ARBL
[21:34:30] [234/459] SBTB
[21:34:31] [235/459] MMCK
[21:34:32] [236/459] PLMR
[21:34:33] [237/459] BIJH
[21:34:35] [238/459] SDRT
[21:34:36] [239/459] PRDC
[21:34:36] 🔄 Identity reset
[21:34:36] 🔄 Identity rotated (every 10 requests)
[21:34:37] [240/459] OMJA
[21:34:38] [241/459] VKCR
[21:34:39] [242/459] ATRT
[21:34:40] [243/459] WVRP
[21:34:41] [244/459] MVRP
[21:34:42] [245/459] FCAX
[21:34:43] [246/459] CTLC
[21:34:45] [247/459] JCHB
[21:34:46] [248/459] SELP
[21:34:47] [249/459] VCPG
[21:34:47] 🔄 Identity reset
[21:34:47] 🔄 Identity rotated (every 10 requests)
[21:34:48] [250/459] ASCX
[21:34:49] [251/459] EOCS
[21:34:50] [252/459] RCPH
[21:34:51] [253/459] RJTM
[21:34:52] [254/459] SGMD
[21:34:53] [255/459] SVJT
[21:34:53] [256/459] SPPO
[21:34:54] [257/459] MNRL
[21:34:56] [258/459] KNOX
[21:34:57] [259/459] GIER
[21:34:57] 🔄 Identity reset
[21:34:57] 🔄 Identity rotated (every 10 requests)
[21:34:58] [260/459] PJMS
[21:34:59] [261/459] UNSP
[21:35:00] [262/459] JETP
[21:35:01] [263/459] VTWA
[21:35:03] [264/459] SCJI
[21:35:04] [265/459] CBZZ
[21:35:04] [266/459] SDCJ
[21:35:06] [267/459] RRCC
[21:35:07] [268/459] VNKG
[21:35:08] [269/459] LKTO
[21:35:08] 🔄 Identity reset
[21:35:08] 🔄 Identity rotated (every 10 requests)
[21:35:09] [270/459] PJRM
[21:35:10] [271/459] NVRM
[21:35:11] [272/459] SJCS
[21:35:12] [273/459] VIGK
[21:35:13] [274/459] ANST
[21:35:14] [275/459] JTTS
[21:35:15] [276/459] NTST
[21:35:16] [277/459] PREB
[21:35:17] [278/459] TSCZ
[21:35:18] [279/459] CDCM
[21:35:18] 🔄 Identity reset
[21:35:18] 🔄 Identity rotated (every 10 requests)
[21:35:19] [280/459] ELYE
[21:35:20] [281/459] INBS
[21:35:21] [282/459] SMGC
[21:35:22] [283/459] UTMP
[21:35:23] [284/459] INTA
[21:35:24] [285/459] OMPT
[21:35:24] [286/459] SCIR
[21:35:26] [287/459] GCKJ
[21:35:27] [288/459] INOG
[21:35:28] [289/459] SMGB
[21:35:28] 🔄 Identity reset
[21:35:28] 🔄 Identity rotated (every 10 requests)
[21:35:29] [290/459] MCSG
[21:35:30] [291/459] STKG
[21:35:31] [292/459] TTKG
[21:35:32] [293/459] SRTR
[21:35:33] [294/459] ETTR
[21:35:34] [295/459] GGGZ
[21:35:35] [296/459] IPGM
[21:35:36] [297/459] FCDH
[21:35:37] [298/459] DESB
[21:35:38] [299/459] VNTP
[21:35:38] 🔄 Identity reset
[21:35:38] 🔄 Identity rotated (every 10 requests)
[21:35:38] 🔄 Retry 1/5 for VNTP in 2.3s
[21:35:38] 🔄 Identity reset
[21:35:40] 🧠 New identity created
[21:35:41] [300/459] ANNT
[21:35:42] [301/459] SLTI
[21:35:43] [302/459] MAJU
[21:35:44] [303/459] JCXP
[21:35:45] [304/459] HARK
[21:35:46] [305/459] JPCJ
[21:35:47] [306/459] RXBD
[21:35:47] [307/459] PTKJ
[21:35:49] [308/459] CMTU
[21:35:49] 🔄 Identity reset
[21:35:49] 🔄 Identity rotated (every 10 requests)
[21:35:50] [309/459] SWOR
[21:35:51] [310/459] JMEX
[21:35:52] [311/459] DTPT
[21:35:53] [312/459] VGMM
[21:35:54] [313/459] VCSG
[21:35:55] [314/459] CVCG
[21:35:56] [315/459] TNTT
[21:35:57] [316/459] SHRM
[21:35:58] [317/459] CGKD
[21:35:59] [318/459] EKCM
[21:35:59] 🔄 Identity reset
[21:35:59] 🔄 Identity rotated (every 10 requests)
[21:36:01] [319/459] SDCX
[21:36:02] [320/459] SBTE
[21:36:03] [321/459] STKJ
[21:36:04] [322/459] TPCE
[21:36:04] [323/459] JTNP
[21:36:06] [324/459] LPCH
[21:36:07] [325/459] CPUO
[21:36:08] [326/459] APSU
[21:36:09] [327/459] RTHC
[21:36:10] [328/459] PTBU
[21:36:10] 🔄 Identity reset
[21:36:10] 🔄 Identity rotated (every 10 requests)
[21:36:10] [329/459] CUCC
[21:36:11] [330/459] CPSA
[21:36:12] [331/459] SUAY
[21:36:13] [332/459] AYAA
[21:36:13] [333/459] MUCH
[21:36:14] [334/459] PCIN
[21:36:15] [335/459] JRRM
[21:36:16] [336/459] KATS
[21:36:17] [337/459] MHFF
[21:36:18] [338/459] ESYM
[21:36:18] 🔄 Identity reset
[21:36:18] 🔄 Identity rotated (every 10 requests)
[21:36:19] [339/459] STYV
[21:36:20] [340/459] SDKG
[21:36:20] [341/459] SMTI
[21:36:21] [342/459] NYCS
[21:36:22] [343/459] MTBG
[21:36:23] [344/459] RHCA
[21:36:24] [345/459] PCKH
[21:36:25] [346/459] ARCR
[21:36:26] [347/459] NCMB
[21:36:26] [348/459] SHYC
[21:36:26] 🔄 Identity reset
[21:36:26] 🔄 Identity rotated (every 10 requests)
[21:36:27] [349/459] LACK
[21:36:29] [350/459] MTCM
[21:36:30] [351/459] RRBN
[21:36:30] [352/459] MYDC
[21:36:31] [353/459] STCS
[21:36:32] [354/459] CONN
[21:36:33] [355/459] SIPS
[21:36:34] [356/459] SMMX
[21:36:35] [357/459] SCBY
[21:36:36] [358/459] SUAP
[21:36:36] 🔄 Identity reset
[21:36:36] 🔄 Identity rotated (every 10 requests)
[21:36:36] [359/459] RSMK
[21:36:37] [360/459] STKP
[21:36:38] [361/459] CIPC
[21:36:39] [362/459] KKCI
[21:36:40] [363/459] CTNK
[21:36:41] [364/459] MMTZ
[21:36:42] [365/459] DCCO
[21:36:42] [366/459] VNMN
[21:36:44] [367/459] RLCN
[21:36:44] [368/459] CMMS
[21:36:44] 🔄 Identity reset
[21:36:44] 🔄 Identity rotated (every 10 requests)
[21:36:45] [369/459] AYOU
[21:36:46] [370/459] SSCN
[21:36:48] [371/459] SMXN
[21:36:49] [372/459] ASSK
[21:36:50] [373/459] VCKM
[21:36:51] [374/459] PCPH
[21:36:52] [375/459] PADM
[21:36:52] [376/459] IESA
[21:36:53] [377/459] VCSP
[21:36:54] [378/459] AEST
[21:36:54] 🔄 Identity reset
[21:36:54] 🔄 Identity rotated (every 10 requests)
[21:36:55] [379/459] VTNR
[21:36:57] [380/459] GTTA
[21:36:57] [381/459] CMMM
[21:36:58] [382/459] AHKT
[21:37:00] [383/459] SIJI
[21:37:01] [384/459] VCEI
[21:37:01] [385/459] SAKR
[21:37:02] [386/459] VSMT
[21:37:03] [387/459] SSCT
[21:37:04] [388/459] USTR
[21:37:04] 🔄 Identity reset
[21:37:04] 🔄 Identity rotated (every 10 requests)
[21:37:05] [389/459] MTKT
[21:37:06] [390/459] TGMP
[21:37:07] [391/459] SIVC
[21:37:08] [392/459] KICT
[21:37:09] [393/459] DAMD
[21:37:10] [394/459] CNPT
[21:37:11] [395/459] RVTT
[21:37:12] [396/459] SNCM
[21:37:13] [397/459] GHTE
[21:37:14] [398/459] PPAM
[21:37:14] 🔄 Identity reset
[21:37:14] 🔄 Identity rotated (every 10 requests)
[21:37:15] [399/459] PVAA
[21:37:16] [400/459] CPAO
[21:37:17] [401/459] HAMD
[21:37:18] [402/459] RCCA
[21:37:19] [403/459] MPCH
[21:37:20] [404/459] ARED
[21:37:21] [405/459] RRCV
[21:37:22] [406/459] MTRB
[21:37:23] [407/459] CKUA
[21:37:24] [408/459] ABMP
[21:37:24] 🔄 Identity reset
[21:37:24] 🔄 Identity rotated (every 10 requests)
[21:37:25] [409/459] RCWA
[21:37:26] [410/459] CGAR
[21:37:27] [411/459] METH
[21:37:28] [412/459] WAGA
[21:37:29] [413/459] MCMA
[21:37:30] [414/459] CSMP
[21:37:31] [415/459] RCNK
[21:37:31] [416/459] PSTM
[21:37:33] [417/459] CSEP
[21:37:33] [418/459] AMGD
[21:37:33] 🔄 Identity reset
[21:37:33] 🔄 Identity rotated (every 10 requests)
[21:37:34] [419/459] CSTE
[21:37:36] [420/459] CONS
[21:37:37] [421/459] APPX
[21:37:38] [422/459] MABC
[21:37:39] [423/459] CXST
[21:37:40] [424/459] MATN
[21:37:41] [425/459] MACZ
[21:37:42] [426/459] MASA
[21:37:44] [427/459] MBSX
[21:37:45] [428/459] CSST
[21:37:45] 🔄 Identity reset
[21:37:45] 🔄 Identity rotated (every 10 requests)
[21:37:46] [429/459] APCL
[21:37:47] [430/459] CGOS
[21:37:47] [431/459] CPEC
[21:37:48] [432/459] MCCP
[21:37:49] [433/459] BSSO
[21:37:50] [434/459] SJKA
[21:37:51] [435/459] CGBO
[21:37:52] [436/459] MVSK
[21:37:53] [437/459] HVCA
[21:37:54] [438/459] NAMD
[21:37:54] 🔄 Identity reset
[21:37:54] 🔄 Identity rotated (every 10 requests)
[21:37:55] [439/459] DEVI
[21:37:56] [440/459] SCSV
[21:37:57] [441/459] PSMA
[21:37:58] [442/459] CLDJ
[21:37:59] [443/459] NMAD
[21:38:00] [444/459] CGMO
[21:38:01] [445/459] MCNA
[21:38:02] [446/459] OCBN
[21:38:03] [447/459] CPEM
[21:38:04] [448/459] CPSM
[21:38:04] 🔄 Identity reset
[21:38:04] 🔄 Identity rotated (every 10 requests)
[21:38:05] [449/459] RCAD
[21:38:05] [450/459] CPMU
[21:38:06] [451/459] DICD
[21:38:07] [452/459] CHOE
[21:38:08] [453/459] PDJM
[21:38:09] [454/459] SSTU
[21:38:11] [455/459] VNRN
[21:38:12] [456/459] PVLG
[21:38:12] [457/459] SWBL
[21:38:13] [458/459] SCAB
[21:38:13] 🔄 Identity reset
[21:38:13] 🔄 Identity rotated (every 10 requests)
[21:38:14] [459/459] RDDA
[21:38:15] 🧹 Deduping shows
[21:38:15] ✅ DONE | Shows=4352 | Movies=103
[23:32:07] 🚀 SCRIPT STARTED
[23:32:07] [1/459] MCCZ
[23:32:07] 🧠 New identity created
[23:32:08] [2/459] FRPU
[23:32:09] [3/459] SKSI
[23:32:11] [4/459] SSCK
[23:32:12] [5/459] SRDC
[23:32:13] [6/459] RSCZ
[23:32:14] [7/459] PRVT
[23:32:15] [8/459] GAGJ
[23:32:16] [9/459] SMHG
[23:32:17] [10/459] JTST
[23:32:17] 🔄 Identity reset
[23:32:17] 🔄 Identity rotated (every 10 requests)
[23:32:17] 🔄 Retry 1/5 for JTST in 2.7s
[23:32:17] 🔄 Identity reset
[23:32:20] 🧠 New identity created
[23:32:21] [11/459] MYTH
[23:32:21] [12/459] JPCC
[23:32:22] [13/459] ACDC
[23:32:24] [14/459] SVFP
[23:32:25] [15/459] SFCM
[23:32:26] [16/459] RUPK
[23:32:27] [17/459] NTCR
[23:32:27] [18/459] RTCH
[23:32:29] [19/459] SCMH
[23:32:29] 🔄 Identity reset
[23:32:29] 🔄 Identity rotated (every 10 requests)
[23:32:29] 🔄 Retry 1/5 for SCMH in 2.2s
[23:32:29] 🔄 Identity reset
[23:32:32] 🧠 New identity created
[23:32:32] [20/459] SVYM
[23:32:33] [21/459] SPYM
[23:32:34] [22/459] SMMF
[23:32:35] [23/459] CLLB
[23:32:36] [24/459] FMCB
[23:32:37] [25/459] BBTC
[23:32:38] [26/459] NTHS
[23:32:40] [27/459] PKKJ
[23:32:40] [28/459] MTJA
[23:32:40] 🔄 Identity reset
[23:32:40] 🔄 Identity rotated (every 10 requests)
[23:32:41] [29/459] PMSJ
[23:32:42] [30/459] JMJU
[23:32:43] [31/459] SRAD
[23:32:44] [32/459] MJMC
[23:32:45] [33/459] DFRM
[23:32:46] [34/459] PMRS
[23:32:47] [35/459] RKPP
[23:32:48] [36/459] BMBK
[23:32:48] [37/459] NEWS
[23:32:49] [38/459] SALB
[23:32:49] 🔄 Identity reset
[23:32:49] 🔄 Identity rotated (every 10 requests)
[23:32:51] [39/459] SCPW
[23:32:52] [40/459] RAYL
[23:32:53] [41/459] CMGJ
[23:32:54] [42/459] JRCR
[23:32:55] [43/459] SRTB
[23:32:56] [44/459] ETPB
[23:32:57] [45/459] MXBN
[23:32:58] [46/459] TOPE
[23:32:59] [47/459] SNLJ
[23:32:59] [48/459] CDDP
[23:32:59] 🔄 Identity reset
[23:32:59] 🔄 Identity rotated (every 10 requests)
[23:32:59] 🔄 Retry 1/5 for CDDP in 2.6s
[23:32:59] 🔄 Identity reset
[23:33:02] 🧠 New identity created
[23:33:03] [49/459] APCX
[23:33:04] [50/459] TALP
[23:33:04] [51/459] RRMP
[23:33:06] [52/459] MAHB
[23:33:06] [53/459] MTKR
[23:33:07] [54/459] KSKL
[23:33:08] [55/459] RJLT
[23:33:09] [56/459] ATAS
[23:33:10] [57/459] AMHR
[23:33:10] 🔄 Identity reset
[23:33:10] 🔄 Identity rotated (every 10 requests)
[23:33:11] [58/459] RSRM
[23:33:12] [59/459] GCAT
[23:33:13] [60/459] SMML
[23:33:14] [61/459] ACCD
[23:33:15] [62/459] VYDA
[23:33:16] [63/459] MSKT
[23:33:17] [64/459] AVDM
[23:33:18] [65/459] ASMH
[23:33:19] [66/459] VTMB
[23:33:20] [67/459] WVMB
[23:33:20] 🔄 Identity reset
[23:33:20] 🔄 Identity rotated (every 10 requests)
[23:33:21] [68/459] PPMN
[23:33:21] [69/459] MTMD
[23:33:22] [70/459] SMMO
[23:33:23] [71/459] DLPB
[23:33:24] [72/459] AKMD
[23:33:25] [73/459] SHRR
[23:33:26] [74/459] ASCO
[23:33:27] [75/459] CZVX
[23:33:28] [76/459] GCBB
[23:33:29] [77/459] ATBM
[23:33:29] 🔄 Identity reset
[23:33:29] 🔄 Identity rotated (every 10 requests)
[23:33:29] 🔄 Retry 1/5 for ATBM in 2.5s
[23:33:29] 🔄 Identity reset
[23:33:31] 🧠 New identity created
[23:33:33] [78/459] TCGM
[23:33:34] [79/459] UMSE
[23:33:35] [80/459] NKCL
[23:33:36] [81/459] BTLR
[23:33:38] [82/459] GOCL
[23:33:39] [83/459] MIRN
[23:33:40] [84/459] THEC
[23:33:40] [85/459] SPPB
[23:33:42] [86/459] PMMM
[23:33:42] 🔄 Identity reset
[23:33:42] 🔄 Identity rotated (every 10 requests)
[23:33:42] [87/459] GGMC
[23:33:43] [88/459] AVSR
[23:33:45] [89/459] RDMH
[23:33:46] [90/459] JSRS
[23:33:47] [91/459] VKGP
[23:33:47] [92/459] ACRT
[23:33:49] [93/459] GCBA
[23:33:50] [94/459] GTCP
[23:33:52] [95/459] AKFC
[23:33:53] [96/459] INCS
[23:33:53] 🔄 Identity reset
[23:33:53] 🔄 Identity rotated (every 10 requests)
[23:33:54] [97/459] SMCK
[23:33:55] [98/459] BRUN
[23:33:56] [99/459] RPPC
[23:33:56] [100/459] PAYD
[23:33:57] [101/459] SVVT
[23:33:58] [102/459] RNCC
[23:34:00] [103/459] PCRC
[23:34:01] [104/459] PMRM
[23:34:02] [105/459] CCRP
[23:34:03] [106/459] INCR
[23:34:03] 🔄 Identity reset
[23:34:03] 🔄 Identity rotated (every 10 requests)
[23:34:03] 🔄 Retry 1/5 for INCR in 2.9s
[23:34:03] 🔄 Identity reset
[23:34:06] 🧠 New identity created
[23:34:07] [107/459] ZTMP
[23:34:08] [108/459] MCNR
[23:34:09] [109/459] INRP
[23:34:10] [110/459] STRC
[23:34:11] [111/459] RATI
[23:34:12] [112/459] PBTR
[23:34:13] [113/459] CMHP
[23:34:14] [114/459] ZECJ
[23:34:15] [115/459] CCCB
[23:34:15] 🔄 Identity reset
[23:34:15] 🔄 Identity rotated (every 10 requests)
[23:34:16] [116/459] BWCB
[23:34:17] [117/459] CCAT
[23:34:18] [118/459] KGCM
[23:34:19] [119/459] INPT
[23:34:20] [120/459] FNCO
[23:34:21] [121/459] SRMJ
[23:34:22] [122/459] PFSC
[23:34:23] [123/459] PBMC
[23:34:24] [124/459] KARP
[23:34:25] [125/459] KOVI
[23:34:25] 🔄 Identity reset
[23:34:25] 🔄 Identity rotated (every 10 requests)
[23:34:26] [126/459] ACXL
[23:34:27] [127/459] GKCC
[23:34:27] [128/459] ASCC
[23:34:28] [129/459] SETC
[23:34:29] [130/459] KACC
[23:34:31] [131/459] KAVE
[23:34:32] [132/459] CNTC
[23:34:33] [133/459] MEEN
[23:34:34] [134/459] BMRV
[23:34:35] [135/459] SVAM
[23:34:35] 🔄 Identity reset
[23:34:35] 🔄 Identity rotated (every 10 requests)
[23:34:36] [136/459] VTBP
[23:34:37] [137/459] VCKN
[23:34:38] [138/459] SGTK
[23:34:39] [139/459] RCGS
[23:34:40] [140/459] RCCB
[23:34:41] [141/459] RKSR
[23:34:42] [142/459] RKCU
[23:34:43] [143/459] GIBH
[23:34:44] [144/459] CXBS
[23:34:45] [145/459] GGCB
[23:34:45] 🔄 Identity reset
[23:34:45] 🔄 Identity rotated (every 10 requests)
[23:34:46] [146/459] SCPB
[23:34:47] [147/459] AKTB
[23:34:48] [148/459] SRBU
[23:34:49] [149/459] CSSA
[23:34:50] [150/459] MYAN
[23:34:51] [151/459] EXCA
[23:34:52] [152/459] CKSA
[23:34:53] [153/459] JTNM
[23:34:54] [154/459] CXKT
[23:34:55] [155/459] NCLM
[23:34:55] 🔄 Identity reset
[23:34:55] 🔄 Identity rotated (every 10 requests)
[23:34:56] [156/459] JAAD
[23:34:57] [157/459] RDCR
[23:34:58] [158/459] MEER
[23:34:59] [159/459] SIBT
[23:35:01] [160/459] PVVB
[23:35:02] [161/459] FNPN
[23:35:03] [162/459] CRPX
[23:35:04] [163/459] STET
[23:35:05] [164/459] METE
[23:35:06] [165/459] BJML
[23:35:06] 🔄 Identity reset
[23:35:06] 🔄 Identity rotated (every 10 requests)
[23:35:07] [166/459] MAVT
[23:35:08] [167/459] MSRM
[23:35:09] [168/459] TJMP
[23:35:10] [169/459] MHCK
[23:35:11] [170/459] SVGP
[23:35:12] [171/459] KRRC
[23:35:13] [172/459] IMCH
[23:35:14] [173/459] CMCS
[23:35:15] [174/459] SGND
[23:35:16] [175/459] RNAT
[23:35:16] 🔄 Identity reset
[23:35:16] 🔄 Identity rotated (every 10 requests)
[23:35:16] [176/459] PRTN
[23:35:17] [177/459] MPTN
[23:35:18] [178/459] ARCC
[23:35:20] [179/459] NTTE
[23:35:21] [180/459] ABND
[23:35:21] [181/459] KCSN
[23:35:22] [182/459] KCSA
[23:35:23] [183/459] DCKT
[23:35:24] [184/459] MBBR
[23:35:25] [185/459] RAMU
[23:35:25] 🔄 Identity reset
[23:35:25] 🔄 Identity rotated (every 10 requests)
[23:35:26] [186/459] RACW
[23:35:28] [187/459] MCHP
[23:35:28] [188/459] TMHM
[23:35:29] [189/459] STXH
[23:35:30] [190/459] AGSG
[23:35:31] [191/459] SIRA
[23:35:32] [192/459] RCAN
[23:35:33] [193/459] CWTB
[23:35:34] [194/459] VTYM
[23:35:35] [195/459] RRPP
[23:35:35] 🔄 Identity reset
[23:35:35] 🔄 Identity rotated (every 10 requests)
[23:35:35] [196/459] ASMR
[23:35:36] [197/459] RONO
[23:35:37] [198/459] MEMR
[23:35:38] [199/459] CTMR
[23:35:39] [200/459] PMTT
[23:35:41] [201/459] PSLX
[23:35:43] [202/459] IPPL
[23:35:43] [203/459] MMSG
[23:35:45] [204/459] INEL
[23:35:45] [205/459] COAC
[23:35:45] 🔄 Identity reset
[23:35:45] 🔄 Identity rotated (every 10 requests)
[23:35:46] [206/459] WVLK
[23:35:47] [207/459] PPXL
[23:35:48] [208/459] PSML
[23:35:49] [209/459] FNLK
[23:35:50] [210/459] ILUM
[23:35:51] [211/459] ILCM
[23:35:51] [212/459] MSNL
[23:35:52] [213/459] VINB
[23:35:53] [214/459] SALW
[23:35:54] [215/459] PRTB
[23:35:54] 🔄 Identity reset
[23:35:54] 🔄 Identity rotated (every 10 requests)
[23:35:55] [216/459] NCIL
[23:35:56] [217/459] PSUL
[23:35:57] [218/459] SCLK
[23:35:58] [219/459] ADDC
[23:35:58] [220/459] OACL
[23:35:59] [221/459] OOCF
[23:36:00] [222/459] GPMF
[23:36:01] [223/459] SSDG
[23:36:03] [224/459] SKRS
[23:36:04] [225/459] NTTP
[23:36:04] 🔄 Identity reset
[23:36:04] 🔄 Identity rotated (every 10 requests)
[23:36:05] [226/459] SLTP
[23:36:06] [227/459] JTLC
[23:36:07] [228/459] POON
[23:36:07] [229/459] CCPC
[23:36:08] [230/459] DCKC
[23:36:09] [231/459] CPRT
[23:36:10] [232/459] EYHZ
[23:36:11] [233/459] ARBL
[23:36:12] [234/459] SBTB
[23:36:13] [235/459] MMCK
[23:36:13] 🔄 Identity reset
[23:36:13] 🔄 Identity rotated (every 10 requests)
[23:36:15] [236/459] PLMR
[23:36:16] [237/459] BIJH
[23:36:16] [238/459] SDRT
[23:36:17] [239/459] PRDC
[23:36:18] [240/459] OMJA
[23:36:19] [241/459] VKCR
[23:36:20] [242/459] ATRT
[23:36:21] [243/459] WVRP
[23:36:22] [244/459] MVRP
[23:36:23] [245/459] FCAX
[23:36:23] 🔄 Identity reset
[23:36:23] 🔄 Identity rotated (every 10 requests)
[23:36:24] [246/459] CTLC
[23:36:25] [247/459] JCHB
[23:36:26] [248/459] SELP
[23:36:27] [249/459] VCPG
[23:36:28] [250/459] ASCX
[23:36:28] [251/459] EOCS
[23:36:29] [252/459] RCPH
[23:36:30] [253/459] RJTM
[23:36:31] [254/459] SGMD
[23:36:32] [255/459] SVJT
[23:36:32] 🔄 Identity reset
[23:36:32] 🔄 Identity rotated (every 10 requests)
[23:36:34] [256/459] SPPO
[23:36:35] [257/459] MNRL
[23:36:36] [258/459] KNOX
[23:36:37] [259/459] GIER
[23:36:38] [260/459] PJMS
[23:36:39] [261/459] UNSP
[23:36:40] [262/459] JETP
[23:36:41] [263/459] VTWA
[23:36:43] [264/459] SCJI
[23:36:44] [265/459] CBZZ
[23:36:44] 🔄 Identity reset
[23:36:44] 🔄 Identity rotated (every 10 requests)
[23:36:45] [266/459] SDCJ
[23:36:46] [267/459] RRCC
[23:36:47] [268/459] VNKG
[23:36:47] [269/459] LKTO
[23:36:48] [270/459] PJRM
[23:36:49] [271/459] NVRM
[23:36:50] [272/459] SJCS
[23:36:51] [273/459] VIGK
[23:36:52] [274/459] ANST
[23:36:53] [275/459] JTTS
[23:36:53] 🔄 Identity reset
[23:36:53] 🔄 Identity rotated (every 10 requests)
[23:36:54] [276/459] NTST
[23:36:56] [277/459] PREB
[23:36:58] [278/459] TSCZ
[23:36:58] [279/459] CDCM
[23:36:59] [280/459] ELYE
[23:37:00] [281/459] INBS
[23:37:01] [282/459] SMGC
[23:37:02] [283/459] UTMP
[23:37:03] [284/459] INTA
[23:37:04] [285/459] OMPT
[23:37:04] 🔄 Identity reset
[23:37:04] 🔄 Identity rotated (every 10 requests)
[23:37:05] [286/459] SCIR
[23:37:06] [287/459] GCKJ
[23:37:07] [288/459] INOG
[23:37:08] [289/459] SMGB
[23:37:08] [290/459] MCSG
[23:37:09] [291/459] STKG
[23:37:11] [292/459] TTKG
[23:37:11] [293/459] SRTR
[23:37:13] [294/459] ETTR
[23:37:13] [295/459] GGGZ
[23:37:13] 🔄 Identity reset
[23:37:13] 🔄 Identity rotated (every 10 requests)
[23:37:14] [296/459] IPGM
[23:37:15] [297/459] FCDH
[23:37:16] [298/459] DESB
[23:37:17] [299/459] VNTP
[23:37:19] [300/459] ANNT
[23:37:19] [301/459] SLTI
[23:37:20] [302/459] MAJU
[23:37:21] [303/459] JCXP
[23:37:22] [304/459] HARK
[23:37:23] [305/459] JPCJ
[23:37:23] 🔄 Identity reset
[23:37:23] 🔄 Identity rotated (every 10 requests)
[23:37:24] [306/459] RXBD
[23:37:25] [307/459] PTKJ
[23:37:26] [308/459] CMTU
[23:37:27] [309/459] SWOR
[23:37:28] [310/459] JMEX
[23:37:29] [311/459] DTPT
[23:37:30] [312/459] VGMM
[23:37:31] [313/459] VCSG
[23:37:32] [314/459] CVCG
[23:37:34] [315/459] TNTT
[23:37:34] 🔄 Identity reset
[23:37:34] 🔄 Identity rotated (every 10 requests)
[23:37:35] [316/459] SHRM
[23:37:36] [317/459] CGKD
[23:37:37] [318/459] EKCM
[23:37:37] [319/459] SDCX
[23:37:38] [320/459] SBTE
[23:37:39] [321/459] STKJ
[23:37:40] [322/459] TPCE
[23:37:41] [323/459] JTNP
[23:37:42] [324/459] LPCH
[23:37:43] [325/459] CPUO
[23:37:43] 🔄 Identity reset
[23:37:43] 🔄 Identity rotated (every 10 requests)
[23:37:44] [326/459] APSU
[23:37:45] [327/459] RTHC
[23:37:46] [328/459] PTBU
[23:37:47] [329/459] CUCC
[23:37:48] [330/459] CPSA
[23:37:49] [331/459] SUAY
[23:37:50] [332/459] AYAA
[23:37:51] [333/459] MUCH
[23:37:51] [334/459] PCIN
[23:37:52] [335/459] JRRM
[23:37:52] 🔄 Identity reset
[23:37:52] 🔄 Identity rotated (every 10 requests)
[23:37:53] [336/459] KATS
[23:37:54] [337/459] MHFF
[23:37:56] [338/459] ESYM
[23:37:57] [339/459] STYV
[23:37:58] [340/459] SDKG
[23:37:59] [341/459] SMTI
[23:38:00] [342/459] NYCS
[23:38:01] [343/459] MTBG
[23:38:02] [344/459] RHCA
[23:38:03] [345/459] PCKH
[23:38:03] 🔄 Identity reset
[23:38:03] 🔄 Identity rotated (every 10 requests)
[23:38:04] [346/459] ARCR
[23:38:05] [347/459] NCMB
[23:38:06] [348/459] SHYC
[23:38:06] [349/459] LACK
[23:38:07] [350/459] MTCM
[23:38:08] [351/459] RRBN
[23:38:09] [352/459] MYDC
[23:38:10] [353/459] STCS
[23:38:11] [354/459] CONN
[23:38:13] [355/459] SIPS
[23:38:13] 🔄 Identity reset
[23:38:13] 🔄 Identity rotated (every 10 requests)
[23:38:14] [356/459] SMMX
[23:38:14] [357/459] SCBY
[23:38:15] [358/459] SUAP
[23:38:16] [359/459] RSMK
[23:38:17] [360/459] STKP
[23:38:19] [361/459] CIPC
[23:38:20] [362/459] KKCI
[23:38:20] [363/459] CTNK
[23:38:21] [364/459] MMTZ
[23:38:22] [365/459] DCCO
[23:38:22] 🔄 Identity reset
[23:38:22] 🔄 Identity rotated (every 10 requests)
[23:38:23] [366/459] VNMN
[23:38:24] [367/459] RLCN
[23:38:25] [368/459] CMMS
[23:38:27] [369/459] AYOU
[23:38:28] [370/459] SSCN
[23:38:29] [371/459] SMXN
[23:38:29] [372/459] ASSK
[23:38:30] [373/459] VCKM
[23:38:32] [374/459] PCPH
[23:38:33] [375/459] PADM
[23:38:33] 🔄 Identity reset
[23:38:33] 🔄 Identity rotated (every 10 requests)
[23:38:34] [376/459] IESA
[23:38:35] [377/459] VCSP
[23:38:36] [378/459] AEST
[23:38:37] [379/459] VTNR
[23:38:38] [380/459] GTTA
[23:38:39] [381/459] CMMM
[23:38:40] [382/459] AHKT
[23:38:41] [383/459] SIJI
[23:38:42] [384/459] VCEI
[23:38:43] [385/459] SAKR
[23:38:43] 🔄 Identity reset
[23:38:43] 🔄 Identity rotated (every 10 requests)
[23:38:44] [386/459] VSMT
[23:38:45] [387/459] SSCT
[23:38:46] [388/459] USTR
[23:38:47] [389/459] MTKT
[23:38:47] [390/459] TGMP
[23:38:48] [391/459] SIVC
[23:38:50] [392/459] KICT
[23:38:51] [393/459] DAMD
[23:38:53] [394/459] CNPT
[23:38:53] [395/459] RVTT
[23:38:53] 🔄 Identity reset
[23:38:53] 🔄 Identity rotated (every 10 requests)
[23:38:55] [396/459] SNCM
[23:38:56] [397/459] GHTE
[23:38:57] [398/459] PPAM
[23:38:58] [399/459] PVAA
[23:38:59] [400/459] CPAO
[23:39:00] [401/459] HAMD
[23:39:01] [402/459] RCCA
[23:39:01] [403/459] MPCH
[23:39:03] [404/459] ARED
[23:39:04] [405/459] RRCV
[23:39:04] 🔄 Identity reset
[23:39:04] 🔄 Identity rotated (every 10 requests)
[23:39:05] [406/459] MTRB
[23:39:06] [407/459] CKUA
[23:39:07] [408/459] ABMP
[23:39:08] [409/459] RCWA
[23:39:09] [410/459] CGAR
[23:39:10] [411/459] METH
[23:39:11] [412/459] WAGA
[23:39:12] [413/459] MCMA
[23:39:13] [414/459] CSMP
[23:39:14] [415/459] RCNK
[23:39:14] 🔄 Identity reset
[23:39:14] 🔄 Identity rotated (every 10 requests)
[23:39:15] [416/459] PSTM
[23:39:16] [417/459] CSEP
[23:39:17] [418/459] AMGD
[23:39:19] [419/459] CSTE
[23:39:20] [420/459] CONS
[23:39:21] [421/459] APPX
[23:39:22] [422/459] MABC
[23:39:23] [423/459] CXST
[23:39:24] [424/459] MATN
[23:39:26] [425/459] MACZ
[23:39:26] 🔄 Identity reset
[23:39:26] 🔄 Identity rotated (every 10 requests)
[23:39:27] [426/459] MASA
[23:39:28] [427/459] MBSX
[23:39:29] [428/459] CSST
[23:39:30] [429/459] APCL
[23:39:31] [430/459] CGOS
[23:39:32] [431/459] CPEC
[23:39:33] [432/459] MCCP
[23:39:34] [433/459] BSSO
[23:39:35] [434/459] SJKA
[23:39:36] [435/459] CGBO
[23:39:36] 🔄 Identity reset
[23:39:36] 🔄 Identity rotated (every 10 requests)
[23:39:37] [436/459] MVSK
[23:39:37] [437/459] HVCA
[23:39:39] [438/459] NAMD
[23:39:40] [439/459] DEVI
[23:39:41] [440/459] SCSV
[23:39:42] [441/459] PSMA
[23:39:42] [442/459] CLDJ
[23:39:43] [443/459] NMAD
[23:39:44] [444/459] CGMO
[23:39:45] [445/459] MCNA
[23:39:45] 🔄 Identity reset
[23:39:45] 🔄 Identity rotated (every 10 requests)
[23:39:46] [446/459] OCBN
[23:39:47] [447/459] CPEM
[23:39:48] [448/459] CPSM
[23:39:49] [449/459] RCAD
[23:39:50] [450/459] CPMU
[23:39:51] [451/459] DICD
[23:39:52] [452/459] CHOE
[23:39:52] [453/459] PDJM
[23:39:53] [454/459] SSTU
[23:39:54] [455/459] VNRN
[23:39:54] 🔄 Identity reset
[23:39:54] 🔄 Identity rotated (every 10 requests)
[23:39:54] 🔄 Retry 1/5 for VNRN in 2.6s
[23:39:54] 🔄 Identity reset
[23:39:57] 🧠 New identity created
[23:39:58] [456/459] PVLG
[23:39:59] [457/459] SWBL
[23:40:01] [458/459] SCAB
[23:40:01] [459/459] RDDA
[23:40:02] 🧹 Deduping shows
[23:40:02] ✅ DONE | Shows=4404 | Movies=103
