[10:04:16] 🚀 SCRIPT STARTED (enhanced anti‑detection)
[10:04:16] [1/458] MBDC
[10:04:17] 🧠 New identity created
[10:04:17] [2/458] CHKM
[10:04:18] [3/458] JTKZ
[10:04:19] [4/458] CMCT
[10:04:20] [5/458] ASHO
[10:04:21] [6/458] ECDG
[10:04:22] [7/458] SPAT
[10:04:23] [8/458] HILC
[10:04:24] [9/458] SPPH
[10:04:25] [10/458] SBHN
[10:04:25] 🔄 Identity reset
[10:04:25] 🔄 Identity rotated (every 10 requests)
[10:04:26] [11/458] RRCA
[10:04:27] [12/458] APAA
[10:04:28] [13/458] RAME
[10:04:29] [14/458] TMMS
[10:04:30] [15/458] BATK
[10:04:31] [16/458] LKOP
[10:04:32] [17/458] AMTT
[10:04:33] [18/458] PTGK
[10:04:34] [19/458] ANRS
[10:04:35] [20/458] VWBW
[10:04:36] 🔄 Identity reset
[10:04:36] 🔄 Identity rotated (every 10 requests)
[10:04:36] [21/458] SVFG
[10:04:37] [22/458] STAT
[10:04:38] [23/458] GDCV
[10:04:39] [24/458] VEBI
[10:04:41] [25/458] VDSS
[10:04:42] [26/458] NTHV
[10:04:43] [27/458] AOCH
[10:04:43] [28/458] KASR
[10:04:44] [29/458] AYCS
[10:04:45] [30/458] SHAI
[10:04:46] 🔄 Identity reset
[10:04:46] 🔄 Identity rotated (every 10 requests)
[10:04:46] [31/458] SKPE
[10:04:47] [32/458] SBTA
[10:04:48] [33/458] RTTD
[10:04:49] [34/458] CCJD
[10:04:50] [35/458] RSJJ
[10:04:51] [36/458] RKND
[10:04:52] [37/458] SVTX
[10:04:52] [38/458] BAKM
[10:04:53] [39/458] SVDC
[10:04:54] [40/458] MNCV
[10:04:55] 🔄 Identity reset
[10:04:55] 🔄 Identity rotated (every 10 requests)
[10:04:55] [41/458] SJGC
[10:04:56] [42/458] MTPK
[10:04:57] [43/458] GATP
[10:04:58] [44/458] ABTS
[10:04:59] [45/458] ABDE
[10:05:00] [46/458] RCNM
[10:05:01] [47/458] KTHV
[10:05:02] [48/458] MDGJ
[10:05:03] [49/458] SMLM
[10:05:04] [50/458] JTMA
[10:05:04] 🔄 Identity reset
[10:05:04] 🔄 Identity rotated (every 10 requests)
[10:05:05] [51/458] ACKP
[10:05:05] [52/458] SRTA
[10:05:06] [53/458] STAY
[10:05:07] [54/458] MAVO
[10:05:08] [55/458] APTS
[10:05:09] [56/458] OMEA
[10:05:10] [57/458] TTFD
[10:05:11] [58/458] MJCU
[10:05:12] [59/458] CXTE
[10:05:13] [60/458] CTPX
[10:05:13] 🔄 Identity reset
[10:05:14] 🔄 Identity rotated (every 10 requests)
[10:05:14] [61/458] ASSL
[10:05:15] [62/458] CMVB
[10:05:17] [63/458] VPUR
[10:05:18] [64/458] JJDA
[10:05:19] [65/458] INBL
[10:05:20] [66/458] BIKB
[10:05:21] [67/458] NTBB
[10:05:22] [68/458] GLOB
[10:05:22] [69/458] SNTB
[10:05:23] [70/458] CHGV
[10:05:24] 🔄 Identity reset
[10:05:24] 🔄 Identity rotated (every 10 requests)
[10:05:24] [71/458] SSBZ
[10:05:25] [72/458] PRDB
[10:05:26] [73/458] ISMT
[10:05:27] [74/458] MCSD
[10:05:28] [75/458] JBTT
[10:05:29] [76/458] GEKR
[10:05:31] [77/458] PVUN
[10:05:32] [78/458] NRTB
[10:05:33] [79/458] PRAA
[10:05:33] [80/458] PCBL
[10:05:34] 🔄 Identity reset
[10:05:34] 🔄 Identity rotated (every 10 requests)
[10:05:34] [81/458] PTCM
[10:05:35] [82/458] KHNN
[10:05:36] [83/458] OMJE
[10:05:37] [84/458] STGN
[10:05:38] [85/458] RPMS
[10:05:39] [86/458] NWAD
[10:05:40] [87/458] BLCK
[10:05:41] [88/458] SVAA
[10:05:42] [89/458] URVM
[10:05:43] [90/458] ANTM
[10:05:43] 🔄 Identity reset
[10:05:43] 🔄 Identity rotated (every 10 requests)
[10:05:44] [91/458] VJYM
[10:05:44] [92/458] MAZZ
[10:05:45] [93/458] CSHM
[10:05:46] [94/458] WGMH
[10:05:47] [95/458] SALN
[10:05:49] [96/458] BRTP
[10:05:50] [97/458] SVTA
[10:05:51] [98/458] SBTP
[10:05:52] [99/458] VLSS
[10:05:53] [100/458] SRJA
[10:05:54] 🔄 Identity reset
[10:05:54] 🔄 Identity rotated (every 10 requests)
[10:05:54] [101/458] ANCG
[10:05:55] [102/458] CGGC
[10:05:56] [103/458] CRJA
[10:05:57] [104/458] USCR
[10:05:58] [105/458] MMEF
[10:05:59] [106/458] JCRJ
[10:06:01] [107/458] ADCM
[10:06:01] [108/458] BMYK
[10:06:03] [109/458] KICS
[10:06:03] [110/458] MBBT
[10:06:04] 🔄 Identity reset
[10:06:04] 🔄 Identity rotated (every 10 requests)
[10:06:04] [111/458] MACK
[10:06:05] [112/458] CLDR
[10:06:06] [113/458] JYCR
[10:06:07] [114/458] DCRP
[10:06:08] [115/458] RAHT
[10:06:09] [116/458] CSSM
[10:06:10] [117/458] ATPK
[10:06:11] [118/458] KLRT
[10:06:12] [119/458] SRDD
[10:06:13] [120/458] CKMC
[10:06:14] 🔄 Identity reset
[10:06:14] 🔄 Identity rotated (every 10 requests)
[10:06:14] [121/458] KRVM
[10:06:15] [122/458] AKCP
[10:06:16] [123/458] CNCV
[10:06:17] [124/458] PACT
[10:06:18] [125/458] NATP
[10:06:19] [126/458] PCPK
[10:06:20] [127/458] SMHO
[10:06:21] [128/458] CWTK
[10:06:22] [129/458] RVKZ
[10:06:23] [130/458] ASPD
[10:06:24] 🔄 Identity reset
[10:06:24] 🔄 Identity rotated (every 10 requests)
[10:06:24] [131/458] VTKZ
[10:06:25] [132/458] LCSO
[10:06:26] [133/458] PRDY
[10:06:27] [134/458] RCAP
[10:06:28] [135/458] RGAR
[10:06:29] [136/458] RCAC
[10:06:30] [137/458] PMOD
[10:06:32] [138/458] PVCN
[10:06:32] [139/458] SCRZ
[10:06:33] [140/458] PVPC
[10:06:34] 🔄 Identity reset
[10:06:34] 🔄 Identity rotated (every 10 requests)
[10:06:34] [141/458] STID
[10:06:36] [142/458] NEDD
[10:06:37] [143/458] BNBA
[10:06:39] [144/458] NTCD
[10:06:39] [145/458] OCDE
[10:06:40] [146/458] CCDU
[10:06:41] [147/458] CRXH
[10:06:42] [148/458] VLVT
[10:06:43] [149/458] CICI
[10:06:44] [150/458] SUCB
[10:06:44] 🔄 Identity reset
[10:06:44] 🔄 Identity rotated (every 10 requests)
[10:06:46] [151/458] TCBP
[10:06:47] [152/458] SCCY
[10:06:48] [153/458] LXCY
[10:06:48] [154/458] NCMD
[10:06:49] [155/458] PHCS
[10:06:50] [156/458] DUXR
[10:06:51] [157/458] VNKS
[10:06:53] [158/458] SEDP
[10:06:54] [159/458] SVEN
[10:06:55] [160/458] SRKM
[10:06:55] 🔄 Identity reset
[10:06:55] 🔄 Identity rotated (every 10 requests)
[10:06:56] [161/458] JTLT
[10:06:57] [162/458] SVSS
[10:06:58] [163/458] AMDE
[10:06:58] [164/458] WVRN
[10:07:00] [165/458] ISMG
[10:07:01] [166/458] WVKS
[10:07:02] [167/458] USCG
[10:07:03] [168/458] IOTG
[10:07:04] [169/458] RRJM
[10:07:05] [170/458] EDMP
[10:07:06] 🔄 Identity reset
[10:07:06] 🔄 Identity rotated (every 10 requests)
[10:07:06] [171/458] SCGZ
[10:07:07] [172/458] GMGX
[10:07:08] [173/458] OMTP
[10:07:09] [174/458] MITD
[10:07:10] [175/458] SMMD
[10:07:11] [176/458] STML
[10:07:12] [177/458] MCFS
[10:07:13] [178/458] FPKA
[10:07:14] [179/458] OMLR
[10:07:15] [180/458] KKSC
[10:07:15] 🔄 Identity reset
[10:07:15] 🔄 Identity rotated (every 10 requests)
[10:07:15] [181/458] RVMA
[10:07:16] [182/458] SCLL
[10:07:17] [183/458] SCDK
[10:07:19] [184/458] SXMI
[10:07:20] [185/458] SHDN
[10:07:21] [186/458] PAAD
[10:07:21] [187/458] UUCB
[10:07:22] [188/458] JHOL
[10:07:24] [189/458] SGWT
[10:07:25] [190/458] SRII
[10:07:25] 🔄 Identity reset
[10:07:25] 🔄 Identity rotated (every 10 requests)
[10:07:26] [191/458] SGCK
[10:07:27] [192/458] SVVB
[10:07:28] [193/458] DMHA
[10:07:29] [194/458] PPNL
[10:07:30] [195/458] CPNL
[10:07:31] [196/458] WVLD
[10:07:33] [197/458] PSLV
[10:07:34] [198/458] VTTL
[10:07:35] [199/458] NPAD
[10:07:36] [200/458] PVCS
[10:07:36] 🔄 Identity reset
[10:07:36] 🔄 Identity rotated (every 10 requests)
[10:07:37] [201/458] MCHL
[10:07:38] [202/458] PPLL
[10:07:38] [203/458] MALO
[10:07:39] [204/458] SWBH
[10:07:40] [205/458] PUGB
[10:07:41] [206/458] INBB
[10:07:42] [207/458] INNS
[10:07:43] [208/458] MCPT
[10:07:45] [209/458] SCMI
[10:07:46] [210/458] OCON
[10:07:46] 🔄 Identity reset
[10:07:46] 🔄 Identity rotated (every 10 requests)
[10:07:47] [211/458] SCSM
[10:07:47] [212/458] RJVN
[10:07:48] [213/458] AMDK
[10:07:49] [214/458] ISMR
[10:07:50] [215/458] SMTD
[10:07:51] [216/458] VTDD
[10:07:52] [217/458] PDDZ
[10:07:53] [218/458] PCCK
[10:07:54] [219/458] INAM
[10:07:54] [220/458] FNKT
[10:07:55] 🔄 Identity reset
[10:07:55] 🔄 Identity rotated (every 10 requests)
[10:07:56] [221/458] GDKA
[10:07:57] [222/458] MAYU
[10:07:58] [223/458] TCGU
[10:07:59] [224/458] KDCA
[10:08:00] [225/458] DOMY
[10:08:01] [226/458] PDDD
[10:08:02] [227/458] BJTS
[10:08:02] [228/458] VTCA
[10:08:04] [229/458] SBTM
[10:08:05] [230/458] SEET
[10:08:06] 🔄 Identity reset
[10:08:06] 🔄 Identity rotated (every 10 requests)
[10:08:06] [231/458] SSTJ
[10:08:08] [232/458] SVNT
[10:08:09] [233/458] PPPR
[10:08:10] [234/458] PVYS
[10:08:11] [235/458] IOSE
[10:08:12] [236/458] ACTV
[10:08:13] [237/458] APVE
[10:08:14] [238/458] TCCL
[10:08:15] [239/458] SCMO
[10:08:17] [240/458] SAUM
[10:08:17] 🔄 Identity reset
[10:08:17] 🔄 Identity rotated (every 10 requests)
[10:08:18] [241/458] KCJS
[10:08:18] [242/458] NJCJ
[10:08:19] [243/458] NECF
[10:08:20] [244/458] CCGW
[10:08:21] [245/458] CCMG
[10:08:22] [246/458] NYRG
[10:08:23] [247/458] NCSQ
[10:08:24] [248/458] GRCG
[10:08:25] [249/458] CCBT
[10:08:26] [250/458] ACGA
[10:08:26] 🔄 Identity reset
[10:08:26] 🔄 Identity rotated (every 10 requests)
[10:08:27] [251/458] INAG
[10:08:28] [252/458] FUCG
[10:08:29] [253/458] AICF
[10:08:30] [254/458] GRGA
[10:08:31] [255/458] GDCN
[10:08:32] [256/458] RRCG
[10:08:33] [257/458] SDCH
[10:08:33] [258/458] WVJM
[10:08:34] [259/458] JCCZ
[10:08:35] [260/458] CNCL
[10:08:36] 🔄 Identity reset
[10:08:36] 🔄 Identity rotated (every 10 requests)
[10:08:36] [261/458] TMLV
[10:08:38] [262/458] MEMB
[10:08:39] [263/458] SGTD
[10:08:40] [264/458] CONX
[10:08:41] [265/458] CCMH
[10:08:42] [266/458] ACMC
[10:08:43] [267/458] DTPD
[10:08:44] [268/458] POJA
[10:08:44] [269/458] FNBH
[10:08:45] [270/458] CGCB
[10:08:46] 🔄 Identity reset
[10:08:46] 🔄 Identity rotated (every 10 requests)
[10:08:46] [271/458] RACN
[10:08:47] [272/458] JTSM
[10:08:48] [273/458] SCDN
[10:08:49] [274/458] AACK
[10:08:50] [275/458] RMCE
[10:08:51] [276/458] BSGB
[10:08:52] [277/458] MRCB
[10:08:52] [278/458] SRVR
[10:08:53] [279/458] VTKK
[10:08:55] [280/458] AMST
[10:08:55] 🔄 Identity reset
[10:08:55] 🔄 Identity rotated (every 10 requests)
[10:08:56] [281/458] APCY
[10:08:57] [282/458] LMHO
[10:08:57] [283/458] MTZH
[10:08:58] [284/458] AMZB
[10:08:59] [285/458] SUVT
[10:09:00] [286/458] RCIP
[10:09:01] [287/458] KESR
[10:09:02] [288/458] SNKC
[10:09:03] [289/458] SCED
[10:09:04] [290/458] DVCA
[10:09:05] 🔄 Identity reset
[10:09:05] 🔄 Identity rotated (every 10 requests)
[10:09:05] [291/458] VCDT
[10:09:06] [292/458] RRDI
[10:09:07] [293/458] DFCH
[10:09:08] [294/458] INSC
[10:09:09] [295/458] RGTR
[10:09:10] [296/458] FMOT
[10:09:11] [297/458] SCPM
[10:09:12] [298/458] GCDT
[10:09:13] [299/458] BRKT
[10:09:14] [300/458] DEMP
[10:09:14] 🔄 Identity reset
[10:09:14] 🔄 Identity rotated (every 10 requests)
[10:09:15] [301/458] SRLC
[10:09:16] [302/458] KSTT
[10:09:17] [303/458] SMMT
[10:09:18] [304/458] SILM
[10:09:19] [305/458] JCVM
[10:09:19] [306/458] KCSV
[10:09:20] [307/458] MHLK
[10:09:21] [308/458] SLVL
[10:09:22] [309/458] RJKP
[10:09:23] [310/458] BBPC
[10:09:24] 🔄 Identity reset
[10:09:24] 🔄 Identity rotated (every 10 requests)
[10:09:24] [311/458] MXCB
[10:09:25] [312/458] TCPK
[10:09:26] [313/458] RTBR
[10:09:27] [314/458] GAUT
[10:09:29] [315/458] DVCF
[10:09:30] [316/458] JTSB
[10:09:31] [317/458] SBLS
[10:09:31] [318/458] UDAY
[10:09:32] [319/458] PTNP
[10:09:33] [320/458] DMKT
[10:09:34] 🔄 Identity reset
[10:09:34] 🔄 Identity rotated (every 10 requests)
[10:09:34] [321/458] NTDT
[10:09:35] [322/458] SHDJ
[10:09:36] [323/458] OTNC
[10:09:37] [324/458] RNTW
[10:09:37] [325/458] GCMI
[10:09:38] [326/458] CRCM
[10:09:39] [327/458] NNCZ
[10:09:40] [328/458] OEMO
[10:09:41] [329/458] PVJM
[10:09:42] [330/458] CPJI
[10:09:43] 🔄 Identity reset
[10:09:43] 🔄 Identity rotated (every 10 requests)
[10:09:43] [331/458] RMCJ
[10:09:44] [332/458] CNWJ
[10:09:45] [333/458] EPJM
[10:09:46] [334/458] FNJJ
[10:09:47] [335/458] GCMJ
[10:09:48] [336/458] INPS
[10:09:50] [337/458] BICJ
[10:09:51] [338/458] ISTJ
[10:09:52] [339/458] INJC
[10:09:53] [340/458] GLXJ
[10:09:53] 🔄 Identity reset
[10:09:54] 🔄 Identity rotated (every 10 requests)
[10:09:55] [341/458] INEM
[10:09:55] [342/458] JTMN
[10:09:57] [343/458] FRCJ
[10:09:58] [344/458] DDJP
[10:09:59] [345/458] INJV
[10:10:00] [346/458] GOLC
[10:10:01] [347/458] KOCI
[10:10:02] [348/458] FSTD
[10:10:03] [349/458] PACJ
[10:10:04] [350/458] GMCN
[10:10:05] 🔄 Identity reset
[10:10:05] 🔄 Identity rotated (every 10 requests)
[10:10:05] [351/458] MMDJ
[10:10:06] [352/458] GODH
[10:10:07] [353/458] SKYN
[10:10:08] [354/458] NCTH
[10:10:08] [355/458] SKVZ
[10:10:09] [356/458] SVML
[10:10:10] [357/458] ACVZ
[10:10:12] [358/458] SURA
[10:10:13] [359/458] RTRB
[10:10:14] [360/458] LLCT
[10:10:14] 🔄 Identity reset
[10:10:14] 🔄 Identity rotated (every 10 requests)
[10:10:15] [361/458] ATTS
[10:10:16] [362/458] JYCM
[10:10:17] [363/458] CTKR
[10:10:18] [364/458] LCKR
[10:10:19] [365/458] NYCV
[10:10:20] [366/458] NYOH
[10:10:22] [367/458] NOVX
[10:10:23] [368/458] MRGK
[10:10:24] [369/458] MOON
[10:10:25] [370/458] SBUC
[10:10:26] 🔄 Identity reset
[10:10:26] 🔄 Identity rotated (every 10 requests)
[10:10:26] [371/458] GSVA
[10:10:27] [372/458] VIAK
[10:10:28] [373/458] SMVZ
[10:10:29] [374/458] MATE
[10:10:31] [375/458] RDCN
[10:10:33] [376/458] ASBL
[10:10:34] [377/458] ASVS
[10:10:34] [378/458] ASSR
[10:10:35] [379/458] SSKN
[10:10:36] [380/458] DRPV
[10:10:37] 🔄 Identity reset
[10:10:37] 🔄 Identity rotated (every 10 requests)
[10:10:37] [381/458] MRHT
[10:10:38] [382/458] BSCN
[10:10:39] [383/458] RKNX
[10:10:40] [384/458] MSMC
[10:10:41] [385/458] MSCJ
[10:10:42] [386/458] BTBJ
[10:10:43] [387/458] MJCC
[10:10:44] [388/458] IOMM
[10:10:45] [389/458] ADGR
[10:10:45] [390/458] MYCP
[10:10:46] 🔄 Identity reset
[10:10:46] 🔄 Identity rotated (every 10 requests)
[10:10:46] [391/458] IGCM
[10:10:48] [392/458] PGRK
[10:10:49] [393/458] VPGO
[10:10:50] [394/458] KOMS
[10:10:51] [395/458] URGG
[10:10:52] [396/458] GOST
[10:10:53] [397/458] LACT
[10:10:54] [398/458] BWCM
[10:10:55] [399/458] NCCW
[10:10:56] [400/458] SKYC
[10:10:56] 🔄 Identity reset
[10:10:56] 🔄 Identity rotated (every 10 requests)
[10:10:57] [401/458] CCPM
[10:10:58] [402/458] VCBT
[10:10:59] [403/458] SDKR
[10:11:00] [404/458] CTYB
[10:11:02] [405/458] SHCX
[10:11:03] [406/458] RCUN
[10:11:04] [407/458] CNRA
[10:11:05] [408/458] RFCA
[10:11:05] [409/458] RDCU
[10:11:06] [410/458] SARK
[10:11:07] 🔄 Identity reset
[10:11:07] 🔄 Identity rotated (every 10 requests)
[10:11:07] [411/458] SPPP
[10:11:08] [412/458] ADMB
[10:11:09] [413/458] JYOE
[10:11:10] [414/458] SRMD
[10:11:11] [415/458] RJDH
[10:11:12] [416/458] SSTD
[10:11:13] [417/458] AACV
[10:11:14] [418/458] PPVD
[10:11:15] [419/458] STCP
[10:11:15] [420/458] ANLS
[10:11:16] 🔄 Identity reset
[10:11:16] 🔄 Identity rotated (every 10 requests)
[10:11:16] [421/458] BIJO
[10:11:18] [422/458] AVAB
[10:11:19] [423/458] SPMD
[10:11:20] [424/458] SVJL
[10:11:21] [425/458] SDDJ
[10:11:22] [426/458] SLTU
[10:11:23] [427/458] SAKA
[10:11:24] [428/458] PMAM
[10:11:25] [429/458] FNAM
[10:11:26] [430/458] ACAM
[10:11:26] 🔄 Identity reset
[10:11:26] 🔄 Identity rotated (every 10 requests)
[10:11:27] [431/458] SCMM
[10:11:28] [432/458] PMAK
[10:11:29] [433/458] NYSA
[10:11:30] [434/458] FCPA
[10:11:30] [435/458] GDAN
[10:11:31] [436/458] RSCA
[10:11:32] [437/458] DMAN
[10:11:33] [438/458] DZCM
[10:11:34] [439/458] NSGL
[10:11:35] [440/458] CCPP
[10:11:36] 🔄 Identity reset
[10:11:36] 🔄 Identity rotated (every 10 requests)
[10:11:36] [441/458] PSMG
[10:11:37] [442/458] GSER
[10:11:38] [443/458] FCCT
[10:11:39] [444/458] FCTB
[10:11:40] [445/458] LCNK
[10:11:40] [446/458] SKTY
[10:11:42] [447/458] INAA
[10:11:42] [448/458] RCWN
[10:11:43] [449/458] VAIS
[10:11:44] [450/458] CVMN
[10:11:45] 🔄 Identity reset
[10:11:45] 🔄 Identity rotated (every 10 requests)
[10:11:46] [451/458] INTS
[10:11:47] [452/458] FRGS
[10:11:48] [453/458] DTCK
[10:11:49] [454/458] MCMH
[10:11:50] [455/458] ECRR
[10:11:51] [456/458] RLLP
[10:11:52] [457/458] CCSN
[10:11:53] [458/458] CCBA
[10:11:54] 🧹 Deduping shows
[10:11:54] ✅ DONE | Shows=681 | Movies=60
[17:08:06] 🚀 SCRIPT STARTED (enhanced anti‑detection)
[17:08:06] [1/458] MBDC
[17:08:06] 🧠 New identity created
[17:08:07] [2/458] CHKM
[17:08:08] [3/458] JTKZ
[17:08:09] [4/458] CMCT
[17:08:10] [5/458] ASHO
[17:08:11] [6/458] ECDG
[17:08:12] [7/458] SPAT
[17:08:13] [8/458] HILC
[17:08:13] [9/458] SPPH
[17:08:14] [10/458] SBHN
[17:08:15] 🔄 Identity reset
[17:08:15] 🔄 Identity rotated (every 10 requests)
[17:08:15] [11/458] RRCA
[17:08:17] [12/458] APAA
[17:08:18] [13/458] RAME
[17:08:19] [14/458] TMMS
[17:08:21] [15/458] BATK
[17:08:22] [16/458] LKOP
[17:08:23] [17/458] AMTT
[17:08:23] [18/458] PTGK
[17:08:24] [19/458] ANRS
[17:08:25] [20/458] VWBW
[17:08:26] 🔄 Identity reset
[17:08:26] 🔄 Identity rotated (every 10 requests)
[17:08:26] [21/458] SVFG
[17:08:28] [22/458] STAT
[17:08:29] [23/458] GDCV
[17:08:29] [24/458] VEBI
[17:08:30] [25/458] VDSS
[17:08:31] [26/458] NTHV
[17:08:32] [27/458] AOCH
[17:08:33] [28/458] KASR
[17:08:33] [29/458] AYCS
[17:08:34] [30/458] SHAI
[17:08:35] 🔄 Identity reset
[17:08:35] 🔄 Identity rotated (every 10 requests)
[17:08:35] [31/458] SKPE
[17:08:36] [32/458] SBTA
[17:08:37] [33/458] RTTD
[17:08:39] [34/458] CCJD
[17:08:40] [35/458] RSJJ
[17:08:41] [36/458] RKND
[17:08:42] [37/458] SVTX
[17:08:43] [38/458] BAKM
[17:08:44] [39/458] SVDC
[17:08:45] [40/458] MNCV
[17:08:45] 🔄 Identity reset
[17:08:45] 🔄 Identity rotated (every 10 requests)
[17:08:46] [41/458] SJGC
[17:08:47] [42/458] MTPK
[17:08:47] [43/458] GATP
[17:08:48] [44/458] ABTS
[17:08:50] [45/458] ABDE
[17:08:51] [46/458] RCNM
[17:08:52] [47/458] KTHV
[17:08:54] [48/458] MDGJ
[17:08:55] [49/458] SMLM
[17:08:56] [50/458] JTMA
[17:08:57] 🔄 Identity reset
[17:08:57] 🔄 Identity rotated (every 10 requests)
[17:08:57] [51/458] ACKP
[17:08:58] [52/458] SRTA
[17:09:00] [53/458] STAY
[17:09:00] [54/458] MAVO
[17:09:01] [55/458] APTS
[17:09:02] [56/458] OMEA
[17:09:04] [57/458] TTFD
[17:09:04] [58/458] MJCU
[17:09:05] [59/458] CXTE
[17:09:06] [60/458] CTPX
[17:09:07] 🔄 Identity reset
[17:09:07] 🔄 Identity rotated (every 10 requests)
[17:09:07] [61/458] ASSL
[17:09:08] [62/458] CMVB
[17:09:09] [63/458] VPUR
[17:09:10] [64/458] JJDA
[17:09:11] [65/458] INBL
[17:09:12] [66/458] BIKB
[17:09:13] [67/458] NTBB
[17:09:14] [68/458] GLOB
[17:09:15] [69/458] SNTB
[17:09:16] [70/458] CHGV
[17:09:17] 🔄 Identity reset
[17:09:17] 🔄 Identity rotated (every 10 requests)
[17:09:17] [71/458] SSBZ
[17:09:18] [72/458] PRDB
[17:09:19] [73/458] ISMT
[17:09:20] [74/458] MCSD
[17:09:21] [75/458] JBTT
[17:09:21] [76/458] GEKR
[17:09:22] [77/458] PVUN
[17:09:23] [78/458] NRTB
[17:09:24] [79/458] PRAA
[17:09:26] [80/458] PCBL
[17:09:26] 🔄 Identity reset
[17:09:26] 🔄 Identity rotated (every 10 requests)
[17:09:27] [81/458] PTCM
[17:09:28] [82/458] KHNN
[17:09:29] [83/458] OMJE
[17:09:30] [84/458] STGN
[17:09:31] [85/458] RPMS
[17:09:32] [86/458] NWAD
[17:09:33] [87/458] BLCK
[17:09:33] [88/458] SVAA
[17:09:35] [89/458] URVM
[17:09:35] [90/458] ANTM
[17:09:36] 🔄 Identity reset
[17:09:36] 🔄 Identity rotated (every 10 requests)
[17:09:36] [91/458] VJYM
[17:09:38] [92/458] MAZZ
[17:09:39] [93/458] CSHM
[17:09:40] [94/458] WGMH
[17:09:41] [95/458] SALN
[17:09:42] [96/458] BRTP
[17:09:43] [97/458] SVTA
[17:09:44] [98/458] SBTP
[17:09:45] [99/458] VLSS
[17:09:46] [100/458] SRJA
[17:09:47] 🔄 Identity reset
[17:09:47] 🔄 Identity rotated (every 10 requests)
[17:09:47] [101/458] ANCG
[17:09:48] [102/458] CGGC
[17:09:48] [103/458] CRJA
[17:09:49] [104/458] USCR
[17:09:50] [105/458] MMEF
[17:09:51] [106/458] JCRJ
[17:09:52] [107/458] ADCM
[17:09:53] [108/458] BMYK
[17:09:54] [109/458] KICS
[17:09:55] [110/458] MBBT
[17:09:55] 🔄 Identity reset
[17:09:55] 🔄 Identity rotated (every 10 requests)
[17:09:55] [111/458] MACK
[17:09:56] [112/458] CLDR
[17:09:57] [113/458] JYCR
[17:09:58] [114/458] DCRP
[17:09:59] [115/458] RAHT
[17:10:00] [116/458] CSSM
[17:10:01] [117/458] ATPK
[17:10:02] [118/458] KLRT
[17:10:03] [119/458] SRDD
[17:10:04] [120/458] CKMC
[17:10:04] 🔄 Identity reset
[17:10:04] 🔄 Identity rotated (every 10 requests)
[17:10:05] [121/458] KRVM
[17:10:06] [122/458] AKCP
[17:10:07] [123/458] CNCV
[17:10:08] [124/458] PACT
[17:10:09] [125/458] NATP
[17:10:10] [126/458] PCPK
[17:10:11] [127/458] SMHO
[17:10:12] [128/458] CWTK
[17:10:13] [129/458] RVKZ
[17:10:14] [130/458] ASPD
[17:10:15] 🔄 Identity reset
[17:10:15] 🔄 Identity rotated (every 10 requests)
[17:10:15] [131/458] VTKZ
[17:10:16] [132/458] LCSO
[17:10:17] [133/458] PRDY
[17:10:18] [134/458] RCAP
[17:10:20] [135/458] RGAR
[17:10:20] [136/458] RCAC
[17:10:21] [137/458] PMOD
[17:10:22] [138/458] PVCN
[17:10:23] [139/458] SCRZ
[17:10:24] [140/458] PVPC
[17:10:25] 🔄 Identity reset
[17:10:25] 🔄 Identity rotated (every 10 requests)
[17:10:25] [141/458] STID
[17:10:26] [142/458] NEDD
[17:10:27] [143/458] BNBA
[17:10:28] [144/458] NTCD
[17:10:29] [145/458] OCDE
[17:10:29] [146/458] CCDU
[17:10:30] [147/458] CRXH
[17:10:31] [148/458] VLVT
[17:10:32] [149/458] CICI
[17:10:33] [150/458] SUCB
[17:10:34] 🔄 Identity reset
[17:10:34] 🔄 Identity rotated (every 10 requests)
[17:10:34] [151/458] TCBP
[17:10:35] [152/458] SCCY
[17:10:36] [153/458] LXCY
[17:10:37] [154/458] NCMD
[17:10:38] [155/458] PHCS
[17:10:39] [156/458] DUXR
[17:10:40] [157/458] VNKS
[17:10:41] [158/458] SEDP
[17:10:42] [159/458] SVEN
[17:10:43] [160/458] SRKM
[17:10:43] 🔄 Identity reset
[17:10:43] 🔄 Identity rotated (every 10 requests)
[17:10:43] [161/458] JTLT
[17:10:44] [162/458] SVSS
[17:10:45] [163/458] AMDE
[17:10:46] [164/458] WVRN
[17:10:47] [165/458] ISMG
[17:10:48] [166/458] WVKS
[17:10:49] [167/458] USCG
[17:10:50] [168/458] IOTG
[17:10:51] [169/458] RRJM
[17:10:52] [170/458] EDMP
[17:10:53] 🔄 Identity reset
[17:10:53] 🔄 Identity rotated (every 10 requests)
[17:10:54] [171/458] SCGZ
[17:10:55] [172/458] GMGX
[17:10:55] [173/458] OMTP
[17:10:56] [174/458] MITD
[17:10:57] [175/458] SMMD
[17:10:58] [176/458] STML
[17:10:59] [177/458] MCFS
[17:11:00] [178/458] FPKA
[17:11:02] [179/458] OMLR
[17:11:03] [180/458] KKSC
[17:11:03] 🔄 Identity reset
[17:11:03] 🔄 Identity rotated (every 10 requests)
[17:11:04] [181/458] RVMA
[17:11:05] [182/458] SCLL
[17:11:06] [183/458] SCDK
[17:11:07] [184/458] SXMI
[17:11:08] [185/458] SHDN
[17:11:09] [186/458] PAAD
[17:11:10] [187/458] UUCB
[17:11:10] [188/458] JHOL
[17:11:11] [189/458] SGWT
[17:11:12] [190/458] SRII
[17:11:13] 🔄 Identity reset
[17:11:13] 🔄 Identity rotated (every 10 requests)
[17:11:13] [191/458] SGCK
[17:11:14] [192/458] SVVB
[17:11:15] [193/458] DMHA
[17:11:16] [194/458] PPNL
[17:11:17] [195/458] CPNL
[17:11:18] [196/458] WVLD
[17:11:19] [197/458] PSLV
[17:11:20] [198/458] VTTL
[17:11:21] [199/458] NPAD
[17:11:22] [200/458] PVCS
[17:11:22] 🔄 Identity reset
[17:11:22] 🔄 Identity rotated (every 10 requests)
[17:11:23] [201/458] MCHL
[17:11:23] [202/458] PPLL
[17:11:24] [203/458] MALO
[17:11:25] [204/458] SWBH
[17:11:26] [205/458] PUGB
[17:11:27] [206/458] INBB
[17:11:28] [207/458] INNS
[17:11:29] [208/458] MCPT
[17:11:30] [209/458] SCMI
[17:11:31] [210/458] OCON
[17:11:31] 🔄 Identity reset
[17:11:31] 🔄 Identity rotated (every 10 requests)
[17:11:32] [211/458] SCSM
[17:11:32] [212/458] RJVN
[17:11:33] [213/458] AMDK
[17:11:34] [214/458] ISMR
[17:11:35] [215/458] SMTD
[17:11:37] [216/458] VTDD
[17:11:38] [217/458] PDDZ
[17:11:39] [218/458] PCCK
[17:11:40] [219/458] INAM
[17:11:40] [220/458] FNKT
[17:11:41] 🔄 Identity reset
[17:11:41] 🔄 Identity rotated (every 10 requests)
[17:11:42] [221/458] GDKA
[17:11:43] [222/458] MAYU
[17:11:43] [223/458] TCGU
[17:11:44] [224/458] KDCA
[17:11:45] [225/458] DOMY
[17:11:47] [226/458] PDDD
[17:11:48] [227/458] BJTS
[17:11:49] [228/458] VTCA
[17:11:49] [229/458] SBTM
[17:11:50] [230/458] SEET
[17:11:51] 🔄 Identity reset
[17:11:51] 🔄 Identity rotated (every 10 requests)
[17:11:52] [231/458] SSTJ
[17:11:53] [232/458] SVNT
[17:11:54] [233/458] PPPR
[17:11:54] [234/458] PVYS
[17:11:56] [235/458] IOSE
[17:11:58] [236/458] ACTV
[17:11:59] [237/458] APVE
[17:12:00] [238/458] TCCL
[17:12:01] [239/458] SCMO
[17:12:02] [240/458] SAUM
[17:12:02] 🔄 Identity reset
[17:12:02] 🔄 Identity rotated (every 10 requests)
[17:12:03] [241/458] KCJS
[17:12:04] [242/458] NJCJ
[17:12:05] [243/458] NECF
[17:12:05] [244/458] CCGW
[17:12:06] [245/458] CCMG
[17:12:07] [246/458] NYRG
[17:12:08] [247/458] NCSQ
[17:12:09] [248/458] GRCG
[17:12:10] [249/458] CCBT
[17:12:11] [250/458] ACGA
[17:12:11] 🔄 Identity reset
[17:12:11] 🔄 Identity rotated (every 10 requests)
[17:12:12] [251/458] INAG
[17:12:13] [252/458] FUCG
[17:12:14] [253/458] AICF
[17:12:15] [254/458] GRGA
[17:12:15] [255/458] GDCN
[17:12:16] [256/458] RRCG
[17:12:17] [257/458] SDCH
[17:12:18] [258/458] WVJM
[17:12:19] [259/458] JCCZ
[17:12:20] [260/458] CNCL
[17:12:21] 🔄 Identity reset
[17:12:21] 🔄 Identity rotated (every 10 requests)
[17:12:21] [261/458] TMLV
[17:12:22] [262/458] MEMB
[17:12:23] [263/458] SGTD
[17:12:24] [264/458] CONX
[17:12:26] [265/458] CCMH
[17:12:27] [266/458] ACMC
[17:12:29] [267/458] DTPD
[17:12:30] [268/458] POJA
[17:12:30] [269/458] FNBH
[17:12:31] [270/458] CGCB
[17:12:32] 🔄 Identity reset
[17:12:32] 🔄 Identity rotated (every 10 requests)
[17:12:32] [271/458] RACN
[17:12:33] [272/458] JTSM
[17:12:34] [273/458] SCDN
[17:12:35] [274/458] AACK
[17:12:36] [275/458] RMCE
[17:12:37] [276/458] BSGB
[17:12:38] [277/458] MRCB
[17:12:38] [278/458] SRVR
[17:12:39] [279/458] VTKK
[17:12:40] [280/458] AMST
[17:12:41] 🔄 Identity reset
[17:12:41] 🔄 Identity rotated (every 10 requests)
[17:12:41] [281/458] APCY
[17:12:42] [282/458] LMHO
[17:12:44] [283/458] MTZH
[17:12:45] [284/458] AMZB
[17:12:46] [285/458] SUVT
[17:12:46] [286/458] RCIP
[17:12:48] [287/458] KESR
[17:12:49] [288/458] SNKC
[17:12:50] [289/458] SCED
[17:12:51] [290/458] DVCA
[17:12:51] 🔄 Identity reset
[17:12:52] 🔄 Identity rotated (every 10 requests)
[17:12:53] [291/458] VCDT
[17:12:54] [292/458] RRDI
[17:12:55] [293/458] DFCH
[17:12:56] [294/458] INSC
[17:12:57] [295/458] RGTR
[17:12:57] [296/458] FMOT
[17:12:58] [297/458] SCPM
[17:12:59] [298/458] GCDT
[17:13:00] [299/458] BRKT
[17:13:01] [300/458] DEMP
[17:13:02] 🔄 Identity reset
[17:13:02] 🔄 Identity rotated (every 10 requests)
[17:13:02] [301/458] SRLC
[17:13:03] [302/458] KSTT
[17:13:04] [303/458] SMMT
[17:13:06] [304/458] SILM
[17:13:07] [305/458] JCVM
[17:13:08] [306/458] KCSV
[17:13:09] [307/458] MHLK
[17:13:10] [308/458] SLVL
[17:13:11] [309/458] RJKP
[17:13:12] [310/458] BBPC
[17:13:12] 🔄 Identity reset
[17:13:12] 🔄 Identity rotated (every 10 requests)
[17:13:12] [311/458] MXCB
[17:13:14] [312/458] TCPK
[17:13:14] [313/458] RTBR
[17:13:15] [314/458] GAUT
[17:13:16] [315/458] DVCF
[17:13:18] [316/458] JTSB
[17:13:18] [317/458] SBLS
[17:13:20] [318/458] UDAY
[17:13:21] [319/458] PTNP
[17:13:22] [320/458] DMKT
[17:13:22] 🔄 Identity reset
[17:13:22] 🔄 Identity rotated (every 10 requests)
[17:13:23] [321/458] NTDT
[17:13:24] [322/458] SHDJ
[17:13:24] [323/458] OTNC
[17:13:25] [324/458] RNTW
[17:13:27] [325/458] GCMI
[17:13:28] [326/458] CRCM
[17:13:29] [327/458] NNCZ
[17:13:31] [328/458] OEMO
[17:13:32] [329/458] PVJM
[17:13:33] [330/458] CPJI
[17:13:33] 🔄 Identity reset
[17:13:33] 🔄 Identity rotated (every 10 requests)
[17:13:35] [331/458] RMCJ
[17:13:36] [332/458] CNWJ
[17:13:37] [333/458] EPJM
[17:13:38] [334/458] FNJJ
[17:13:39] [335/458] GCMJ
[17:13:39] [336/458] INPS
[17:13:40] [337/458] BICJ
[17:13:42] [338/458] ISTJ
[17:13:43] [339/458] INJC
[17:13:44] [340/458] GLXJ
[17:13:44] 🔄 Identity reset
[17:13:44] 🔄 Identity rotated (every 10 requests)
[17:13:46] [341/458] INEM
[17:13:46] [342/458] JTMN
[17:13:47] [343/458] FRCJ
[17:13:49] [344/458] DDJP
[17:13:50] [345/458] INJV
[17:13:51] [346/458] GOLC
[17:13:52] [347/458] KOCI
[17:13:53] [348/458] FSTD
[17:13:53] [349/458] PACJ
[17:13:54] [350/458] GMCN
[17:13:55] 🔄 Identity reset
[17:13:55] 🔄 Identity rotated (every 10 requests)
[17:13:55] [351/458] MMDJ
[17:13:56] [352/458] GODH
[17:13:58] [353/458] SKYN
[17:14:00] [354/458] NCTH
[17:14:00] [355/458] SKVZ
[17:14:01] [356/458] SVML
[17:14:02] [357/458] ACVZ
[17:14:03] [358/458] SURA
[17:14:05] [359/458] RTRB
[17:14:06] [360/458] LLCT
[17:14:06] 🔄 Identity reset
[17:14:06] 🔄 Identity rotated (every 10 requests)
[17:14:07] [361/458] ATTS
[17:14:08] [362/458] JYCM
[17:14:10] [363/458] CTKR
[17:14:11] [364/458] LCKR
[17:14:11] [365/458] NYCV
[17:14:12] [366/458] NYOH
[17:14:13] [367/458] NOVX
[17:14:14] [368/458] MRGK
[17:14:16] [369/458] MOON
[17:14:17] [370/458] SBUC
[17:14:18] 🔄 Identity reset
[17:14:18] 🔄 Identity rotated (every 10 requests)
[17:14:18] [371/458] GSVA
[17:14:19] [372/458] VIAK
[17:14:20] [373/458] SMVZ
[17:14:20] [374/458] MATE
[17:14:21] [375/458] RDCN
[17:14:23] [376/458] ASBL
[17:14:24] [377/458] ASVS
[17:14:25] [378/458] ASSR
[17:14:26] [379/458] SSKN
[17:14:27] [380/458] DRPV
[17:14:27] 🔄 Identity reset
[17:14:27] 🔄 Identity rotated (every 10 requests)
[17:14:27] [381/458] MRHT
[17:14:28] [382/458] BSCN
[17:14:29] [383/458] RKNX
[17:14:30] [384/458] MSMC
[17:14:31] [385/458] MSCJ
[17:14:32] [386/458] BTBJ
[17:14:33] [387/458] MJCC
[17:14:34] [388/458] IOMM
[17:14:35] [389/458] ADGR
[17:14:36] [390/458] MYCP
[17:14:36] 🔄 Identity reset
[17:14:36] 🔄 Identity rotated (every 10 requests)
[17:14:37] [391/458] IGCM
[17:14:38] [392/458] PGRK
[17:14:39] [393/458] VPGO
[17:14:39] [394/458] KOMS
[17:14:40] [395/458] URGG
[17:14:42] [396/458] GOST
[17:14:43] [397/458] LACT
[17:14:44] [398/458] BWCM
[17:14:45] [399/458] NCCW
[17:14:46] [400/458] SKYC
[17:14:47] 🔄 Identity reset
[17:14:47] 🔄 Identity rotated (every 10 requests)
[17:14:47] [401/458] CCPM
[17:14:48] [402/458] VCBT
[17:14:49] [403/458] SDKR
[17:14:50] [404/458] CTYB
[17:14:51] [405/458] SHCX
[17:14:52] [406/458] RCUN
[17:14:53] [407/458] CNRA
[17:14:55] [408/458] RFCA
[17:14:56] [409/458] RDCU
[17:14:56] [410/458] SARK
[17:14:57] 🔄 Identity reset
[17:14:57] 🔄 Identity rotated (every 10 requests)
[17:14:57] [411/458] SPPP
[17:14:59] [412/458] ADMB
[17:15:00] [413/458] JYOE
[17:15:01] [414/458] SRMD
[17:15:02] [415/458] RJDH
[17:15:03] [416/458] SSTD
[17:15:04] [417/458] AACV
[17:15:05] [418/458] PPVD
[17:15:06] [419/458] STCP
[17:15:07] [420/458] ANLS
[17:15:07] 🔄 Identity reset
[17:15:07] 🔄 Identity rotated (every 10 requests)
[17:15:07] [421/458] BIJO
[17:15:09] [422/458] AVAB
[17:15:10] [423/458] SPMD
[17:15:11] [424/458] SVJL
[17:15:12] [425/458] SDDJ
[17:15:13] [426/458] SLTU
[17:15:14] [427/458] SAKA
[17:15:15] [428/458] PMAM
[17:15:16] [429/458] FNAM
[17:15:18] [430/458] ACAM
[17:15:18] 🔄 Identity reset
[17:15:18] 🔄 Identity rotated (every 10 requests)
[17:15:19] [431/458] SCMM
[17:15:19] [432/458] PMAK
[17:15:20] [433/458] NYSA
[17:15:21] [434/458] FCPA
[17:15:22] [435/458] GDAN
[17:15:23] [436/458] RSCA
[17:15:24] [437/458] DMAN
[17:15:26] [438/458] DZCM
[17:15:26] [439/458] NSGL
[17:15:27] [440/458] CCPP
[17:15:28] 🔄 Identity reset
[17:15:28] 🔄 Identity rotated (every 10 requests)
[17:15:28] [441/458] PSMG
[17:15:29] [442/458] GSER
[17:15:30] [443/458] FCCT
[17:15:31] [444/458] FCTB
[17:15:32] [445/458] LCNK
[17:15:33] [446/458] SKTY
[17:15:34] [447/458] INAA
[17:15:35] [448/458] RCWN
[17:15:36] [449/458] VAIS
[17:15:37] [450/458] CVMN
[17:15:37] 🔄 Identity reset
[17:15:37] 🔄 Identity rotated (every 10 requests)
[17:15:38] [451/458] INTS
[17:15:39] [452/458] FRGS
[17:15:40] [453/458] DTCK
[17:15:41] [454/458] MCMH
[17:15:42] [455/458] ECRR
[17:15:43] [456/458] RLLP
[17:15:44] [457/458] CCSN
[17:15:45] [458/458] CCBA
[17:15:46] 🧹 Deduping shows
[17:15:46] ✅ DONE | Shows=724 | Movies=66
[05:25:50] 🚀 SCRIPT STARTED (enhanced anti‑detection)
[05:25:50] [1/458] MBDC
[05:25:51] 🧠 New identity created
[05:25:51] [2/458] CHKM
[05:25:52] [3/458] JTKZ
[05:25:53] [4/458] CMCT
[05:25:54] [5/458] ASHO
[05:25:55] [6/458] ECDG
[05:25:56] [7/458] SPAT
[05:25:57] [8/458] HILC
[05:25:58] [9/458] SPPH
[05:25:59] [10/458] SBHN
[05:25:59] 🔄 Identity reset
[05:25:59] 🔄 Identity rotated (every 10 requests)
[05:25:59] [11/458] RRCA
[05:26:00] [12/458] APAA
[05:26:01] [13/458] RAME
[05:26:02] [14/458] TMMS
[05:26:03] [15/458] BATK
[05:26:04] [16/458] LKOP
[05:26:05] [17/458] AMTT
[05:26:06] [18/458] PTGK
[05:26:07] [19/458] ANRS
[05:26:08] [20/458] VWBW
[05:26:08] 🔄 Identity reset
[05:26:08] 🔄 Identity rotated (every 10 requests)
[05:26:09] [21/458] SVFG
[05:26:10] [22/458] STAT
[05:26:11] [23/458] GDCV
[05:26:12] [24/458] VEBI
[05:26:13] [25/458] VDSS
[05:26:13] [26/458] NTHV
[05:26:14] [27/458] AOCH
[05:26:15] [28/458] KASR
[05:26:16] [29/458] AYCS
[05:26:17] [30/458] SHAI
[05:26:17] 🔄 Identity reset
[05:26:17] 🔄 Identity rotated (every 10 requests)
[05:26:18] [31/458] SKPE
[05:26:19] [32/458] SBTA
[05:26:20] [33/458] RTTD
[05:26:21] [34/458] CCJD
[05:26:22] [35/458] RSJJ
[05:26:23] [36/458] RKND
[05:26:25] [37/458] SVTX
[05:26:26] [38/458] BAKM
[05:26:27] [39/458] SVDC
[05:26:27] [40/458] MNCV
[05:26:28] 🔄 Identity reset
[05:26:28] 🔄 Identity rotated (every 10 requests)
[05:26:28] [41/458] SJGC
[05:26:29] [42/458] MTPK
[05:26:31] [43/458] GATP
[05:26:31] [44/458] ABTS
[05:26:32] [45/458] ABDE
[05:26:33] [46/458] RCNM
[05:26:34] [47/458] KTHV
[05:26:35] [48/458] MDGJ
[05:26:36] [49/458] SMLM
[05:26:37] [50/458] JTMA
[05:26:37] 🔄 Identity reset
[05:26:37] 🔄 Identity rotated (every 10 requests)
[05:26:37] [51/458] ACKP
[05:26:38] [52/458] SRTA
[05:26:39] [53/458] STAY
[05:26:40] [54/458] MAVO
[05:26:41] [55/458] APTS
[05:26:41] [56/458] OMEA
[05:26:42] [57/458] TTFD
[05:26:44] [58/458] MJCU
[05:26:44] [59/458] CXTE
[05:26:45] [60/458] CTPX
[05:26:46] 🔄 Identity reset
[05:26:46] 🔄 Identity rotated (every 10 requests)
[05:26:46] [61/458] ASSL
[05:26:47] [62/458] CMVB
[05:26:48] [63/458] VPUR
[05:26:48] [64/458] JJDA
[05:26:49] [65/458] INBL
[05:26:50] [66/458] BIKB
[05:26:51] [67/458] NTBB
[05:26:52] [68/458] GLOB
[05:26:53] [69/458] SNTB
[05:26:54] [70/458] CHGV
[05:26:55] 🔄 Identity reset
[05:26:55] 🔄 Identity rotated (every 10 requests)
[05:26:55] [71/458] SSBZ
[05:26:56] [72/458] PRDB
[05:26:57] [73/458] ISMT
[05:26:58] [74/458] MCSD
[05:26:59] [75/458] JBTT
[05:27:00] [76/458] GEKR
[05:27:02] [77/458] PVUN
[05:27:03] [78/458] NRTB
[05:27:04] [79/458] PRAA
[05:27:04] [80/458] PCBL
[05:27:05] 🔄 Identity reset
[05:27:05] 🔄 Identity rotated (every 10 requests)
[05:27:05] [81/458] PTCM
[05:27:06] [82/458] KHNN
[05:27:08] [83/458] OMJE
[05:27:09] [84/458] STGN
[05:27:10] [85/458] RPMS
[05:27:11] [86/458] NWAD
[05:27:12] [87/458] BLCK
[05:27:13] [88/458] SVAA
[05:27:14] [89/458] URVM
[05:27:14] [90/458] ANTM
[05:27:15] 🔄 Identity reset
[05:27:15] 🔄 Identity rotated (every 10 requests)
[05:27:15] [91/458] VJYM
[05:27:16] [92/458] MAZZ
[05:27:17] [93/458] CSHM
[05:27:18] [94/458] WGMH
[05:27:19] [95/458] SALN
[05:27:20] [96/458] BRTP
[05:27:21] [97/458] SVTA
[05:27:22] [98/458] SBTP
[05:27:23] [99/458] VLSS
[05:27:23] [100/458] SRJA
[05:27:24] 🔄 Identity reset
[05:27:24] 🔄 Identity rotated (every 10 requests)
[05:27:24] [101/458] ANCG
[05:27:25] [102/458] CGGC
[05:27:26] [103/458] CRJA
[05:27:27] [104/458] USCR
[05:27:28] [105/458] MMEF
[05:27:28] [106/458] JCRJ
[05:27:29] [107/458] ADCM
[05:27:30] [108/458] BMYK
[05:27:32] [109/458] KICS
[05:27:33] [110/458] MBBT
[05:27:33] 🔄 Identity reset
[05:27:33] 🔄 Identity rotated (every 10 requests)
[05:27:34] [111/458] MACK
[05:27:34] [112/458] CLDR
[05:27:35] [113/458] JYCR
[05:27:36] [114/458] DCRP
[05:27:37] [115/458] RAHT
[05:27:38] [116/458] CSSM
[05:27:39] [117/458] ATPK
[05:27:39] [118/458] KLRT
[05:27:40] [119/458] SRDD
[05:27:41] [120/458] CKMC
[05:27:42] 🔄 Identity reset
[05:27:42] 🔄 Identity rotated (every 10 requests)
[05:27:42] [121/458] KRVM
[05:27:43] [122/458] AKCP
[05:27:44] [123/458] CNCV
[05:27:45] [124/458] PACT
[05:27:45] [125/458] NATP
[05:27:46] [126/458] PCPK
[05:27:47] [127/458] SMHO
[05:27:48] [128/458] CWTK
[05:27:49] [129/458] RVKZ
[05:27:50] [130/458] ASPD
[05:27:51] 🔄 Identity reset
[05:27:51] 🔄 Identity rotated (every 10 requests)
[05:27:51] [131/458] VTKZ
[05:27:52] [132/458] LCSO
[05:27:53] [133/458] PRDY
[05:27:54] [134/458] RCAP
[05:27:55] [135/458] RGAR
[05:27:55] [136/458] RCAC
[05:27:56] [137/458] PMOD
[05:27:57] [138/458] PVCN
[05:27:58] [139/458] SCRZ
[05:27:59] [140/458] PVPC
[05:28:00] 🔄 Identity reset
[05:28:00] 🔄 Identity rotated (every 10 requests)
[05:28:00] [141/458] STID
[05:28:01] [142/458] NEDD
[05:28:02] [143/458] BNBA
[05:28:02] [144/458] NTCD
[05:28:03] [145/458] OCDE
[05:28:04] [146/458] CCDU
[05:28:05] [147/458] CRXH
[05:28:06] [148/458] VLVT
[05:28:06] [149/458] CICI
[05:28:07] [150/458] SUCB
[05:28:08] 🔄 Identity reset
[05:28:08] 🔄 Identity rotated (every 10 requests)
[05:28:08] [151/458] TCBP
[05:28:09] [152/458] SCCY
[05:28:10] [153/458] LXCY
[05:28:11] [154/458] NCMD
[05:28:12] [155/458] PHCS
[05:28:13] [156/458] DUXR
[05:28:14] [157/458] VNKS
[05:28:15] [158/458] SEDP
[05:28:16] [159/458] SVEN
[05:28:17] [160/458] SRKM
[05:28:18] 🔄 Identity reset
[05:28:18] 🔄 Identity rotated (every 10 requests)
[05:28:18] [161/458] JTLT
[05:28:19] [162/458] SVSS
[05:28:20] [163/458] AMDE
[05:28:21] [164/458] WVRN
[05:28:22] [165/458] ISMG
[05:28:23] [166/458] WVKS
[05:28:24] [167/458] USCG
[05:28:25] [168/458] IOTG
[05:28:25] [169/458] RRJM
[05:28:26] [170/458] EDMP
[05:28:27] 🔄 Identity reset
[05:28:27] 🔄 Identity rotated (every 10 requests)
[05:28:27] [171/458] SCGZ
[05:28:28] [172/458] GMGX
[05:28:29] [173/458] OMTP
[05:28:30] [174/458] MITD
[05:28:31] [175/458] SMMD
[05:28:32] [176/458] STML
[05:28:33] [177/458] MCFS
[05:28:34] [178/458] FPKA
[05:28:35] [179/458] OMLR
[05:28:36] [180/458] KKSC
[05:28:36] 🔄 Identity reset
[05:28:36] 🔄 Identity rotated (every 10 requests)
[05:28:37] [181/458] RVMA
[05:28:38] [182/458] SCLL
[05:28:39] [183/458] SCDK
[05:28:40] [184/458] SXMI
[05:28:41] [185/458] SHDN
[05:28:42] [186/458] PAAD
[05:28:42] [187/458] UUCB
[05:28:43] [188/458] JHOL
[05:28:45] [189/458] SGWT
[05:28:46] [190/458] SRII
[05:28:46] 🔄 Identity reset
[05:28:46] 🔄 Identity rotated (every 10 requests)
[05:28:46] [191/458] SGCK
[05:28:47] [192/458] SVVB
[05:28:49] [193/458] DMHA
[05:28:50] [194/458] PPNL
[05:28:51] [195/458] CPNL
[05:28:52] [196/458] WVLD
[05:28:53] [197/458] PSLV
[05:28:54] [198/458] VTTL
[05:28:55] [199/458] NPAD
[05:28:56] [200/458] PVCS
[05:28:56] 🔄 Identity reset
[05:28:56] 🔄 Identity rotated (every 10 requests)
[05:28:57] [201/458] MCHL
[05:28:57] [202/458] PPLL
[05:28:58] [203/458] MALO
[05:28:59] [204/458] SWBH
[05:29:00] [205/458] PUGB
[05:29:02] [206/458] INBB
[05:29:03] [207/458] INNS
[05:29:04] [208/458] MCPT
[05:29:05] [209/458] SCMI
[05:29:06] [210/458] OCON
[05:29:06] 🔄 Identity reset
[05:29:06] 🔄 Identity rotated (every 10 requests)
[05:29:07] [211/458] SCSM
[05:29:07] [212/458] RJVN
[05:29:08] [213/458] AMDK
[05:29:09] [214/458] ISMR
[05:29:10] [215/458] SMTD
[05:29:11] [216/458] VTDD
[05:29:12] [217/458] PDDZ
[05:29:12] [218/458] PCCK
[05:29:13] [219/458] INAM
[05:29:14] [220/458] FNKT
[05:29:15] 🔄 Identity reset
[05:29:15] 🔄 Identity rotated (every 10 requests)
[05:29:15] [221/458] GDKA
[05:29:16] [222/458] MAYU
[05:29:17] [223/458] TCGU
[05:29:18] [224/458] KDCA
[05:29:18] [225/458] DOMY
[05:29:19] [226/458] PDDD
[05:29:20] [227/458] BJTS
[05:29:21] [228/458] VTCA
[05:29:22] [229/458] SBTM
[05:29:23] [230/458] SEET
[05:29:23] 🔄 Identity reset
[05:29:23] 🔄 Identity rotated (every 10 requests)
[05:29:24] [231/458] SSTJ
[05:29:25] [232/458] SVNT
[05:29:26] [233/458] PPPR
[05:29:27] [234/458] PVYS
[05:29:27] [235/458] IOSE
[05:29:28] [236/458] ACTV
[05:29:30] [237/458] APVE
[05:29:31] [238/458] TCCL
[05:29:32] [239/458] SCMO
[05:29:33] [240/458] SAUM
[05:29:33] 🔄 Identity reset
[05:29:33] 🔄 Identity rotated (every 10 requests)
[05:29:34] [241/458] KCJS
[05:29:34] [242/458] NJCJ
[05:29:35] [243/458] NECF
[05:29:36] [244/458] CCGW
[05:29:37] [245/458] CCMG
[05:29:38] [246/458] NYRG
[05:29:39] [247/458] NCSQ
[05:29:40] [248/458] GRCG
[05:29:40] [249/458] CCBT
[05:29:41] [250/458] ACGA
[05:29:42] 🔄 Identity reset
[05:29:42] 🔄 Identity rotated (every 10 requests)
[05:29:42] [251/458] INAG
[05:29:43] [252/458] FUCG
[05:29:44] [253/458] AICF
[05:29:45] [254/458] GRGA
[05:29:46] [255/458] GDCN
[05:29:47] [256/458] RRCG
[05:29:48] [257/458] SDCH
[05:29:49] [258/458] WVJM
[05:29:50] [259/458] JCCZ
[05:29:51] [260/458] CNCL
[05:29:52] 🔄 Identity reset
[05:29:52] 🔄 Identity rotated (every 10 requests)
[05:29:53] [261/458] TMLV
[05:29:54] [262/458] MEMB
[05:29:55] [263/458] SGTD
[05:29:56] [264/458] CONX
[05:29:57] [265/458] CCMH
[05:29:58] [266/458] ACMC
[05:29:58] [267/458] DTPD
[05:29:59] [268/458] POJA
[05:30:00] [269/458] FNBH
[05:30:01] [270/458] CGCB
[05:30:01] 🔄 Identity reset
[05:30:01] 🔄 Identity rotated (every 10 requests)
[05:30:02] [271/458] RACN
[05:30:02] [272/458] JTSM
[05:30:03] [273/458] SCDN
[05:30:04] [274/458] AACK
[05:30:05] [275/458] RMCE
[05:30:06] [276/458] BSGB
[05:30:07] [277/458] MRCB
[05:30:08] [278/458] SRVR
[05:30:08] [279/458] VTKK
[05:30:09] [280/458] AMST
[05:30:10] 🔄 Identity reset
[05:30:10] 🔄 Identity rotated (every 10 requests)
[05:30:10] [281/458] APCY
[05:30:11] [282/458] LMHO
[05:30:12] [283/458] MTZH
[05:30:13] [284/458] AMZB
[05:30:13] [285/458] SUVT
[05:30:14] [286/458] RCIP
[05:30:15] [287/458] KESR
[05:30:16] [288/458] SNKC
[05:30:17] [289/458] SCED
[05:30:18] [290/458] DVCA
[05:30:18] 🔄 Identity reset
[05:30:18] 🔄 Identity rotated (every 10 requests)
[05:30:19] [291/458] VCDT
[05:30:19] [292/458] RRDI
[05:30:20] [293/458] DFCH
[05:30:21] [294/458] INSC
[05:30:22] [295/458] RGTR
[05:30:23] [296/458] FMOT
[05:30:24] [297/458] SCPM
[05:30:24] [298/458] GCDT
[05:30:25] [299/458] BRKT
[05:30:26] [300/458] DEMP
[05:30:27] 🔄 Identity reset
[05:30:27] 🔄 Identity rotated (every 10 requests)
[05:30:27] [301/458] SRLC
[05:30:29] [302/458] KSTT
[05:30:30] [303/458] SMMT
[05:30:31] [304/458] SILM
[05:30:32] [305/458] JCVM
[05:30:33] [306/458] KCSV
[05:30:34] [307/458] MHLK
[05:30:35] [308/458] SLVL
[05:30:36] [309/458] RJKP
[05:30:37] [310/458] BBPC
[05:30:37] 🔄 Identity reset
[05:30:37] 🔄 Identity rotated (every 10 requests)
[05:30:38] [311/458] MXCB
[05:30:39] [312/458] TCPK
[05:30:39] [313/458] RTBR
[05:30:40] [314/458] GAUT
[05:30:41] [315/458] DVCF
[05:30:42] [316/458] JTSB
[05:30:43] [317/458] SBLS
[05:30:44] [318/458] UDAY
[05:30:44] [319/458] PTNP
[05:30:46] [320/458] DMKT
[05:30:46] 🔄 Identity reset
[05:30:46] 🔄 Identity rotated (every 10 requests)
[05:30:47] [321/458] NTDT
[05:30:48] [322/458] SHDJ
[05:30:48] [323/458] OTNC
[05:30:49] [324/458] RNTW
[05:30:50] [325/458] GCMI
[05:30:51] [326/458] CRCM
[05:30:52] [327/458] NNCZ
[05:30:53] [328/458] OEMO
[05:30:55] [329/458] PVJM
[05:30:56] [330/458] CPJI
[05:30:56] 🔄 Identity reset
[05:30:56] 🔄 Identity rotated (every 10 requests)
[05:30:57] [331/458] RMCJ
[05:30:58] [332/458] CNWJ
[05:30:59] [333/458] EPJM
[05:30:59] [334/458] FNJJ
[05:31:00] [335/458] GCMJ
[05:31:01] [336/458] INPS
[05:31:02] [337/458] BICJ
[05:31:03] [338/458] ISTJ
[05:31:04] [339/458] INJC
[05:31:04] [340/458] GLXJ
[05:31:05] 🔄 Identity reset
[05:31:05] 🔄 Identity rotated (every 10 requests)
[05:31:05] [341/458] INEM
[05:31:07] [342/458] JTMN
[05:31:08] [343/458] FRCJ
[05:31:09] [344/458] DDJP
[05:31:10] [345/458] INJV
[05:31:11] [346/458] GOLC
[05:31:12] [347/458] KOCI
[05:31:13] [348/458] FSTD
[05:31:14] [349/458] PACJ
[05:31:15] [350/458] GMCN
[05:31:15] 🔄 Identity reset
[05:31:15] 🔄 Identity rotated (every 10 requests)
[05:31:16] [351/458] MMDJ
[05:31:17] [352/458] GODH
[05:31:17] [353/458] SKYN
[05:31:18] [354/458] NCTH
[05:31:19] [355/458] SKVZ
[05:31:20] [356/458] SVML
[05:31:21] [357/458] ACVZ
[05:31:22] [358/458] SURA
[05:31:23] [359/458] RTRB
[05:31:24] [360/458] LLCT
[05:31:25] 🔄 Identity reset
[05:31:25] 🔄 Identity rotated (every 10 requests)
[05:31:25] [361/458] ATTS
[05:31:27] [362/458] JYCM
[05:31:28] [363/458] CTKR
[05:31:29] [364/458] LCKR
[05:31:30] [365/458] NYCV
[05:31:31] [366/458] NYOH
[05:31:31] [367/458] NOVX
[05:31:32] [368/458] MRGK
[05:31:33] [369/458] MOON
[05:31:34] [370/458] SBUC
[05:31:35] 🔄 Identity reset
[05:31:35] 🔄 Identity rotated (every 10 requests)
[05:31:35] [371/458] GSVA
[05:31:36] [372/458] VIAK
[05:31:36] [373/458] SMVZ
[05:31:37] [374/458] MATE
[05:31:38] [375/458] RDCN
[05:31:39] [376/458] ASBL
[05:31:40] [377/458] ASVS
[05:31:41] [378/458] ASSR
[05:31:42] [379/458] SSKN
[05:31:42] [380/458] DRPV
[05:31:43] 🔄 Identity reset
[05:31:43] 🔄 Identity rotated (every 10 requests)
[05:31:43] [381/458] MRHT
[05:31:45] [382/458] BSCN
[05:31:46] [383/458] RKNX
[05:31:46] [384/458] MSMC
[05:31:47] [385/458] MSCJ
[05:31:49] [386/458] BTBJ
[05:31:50] [387/458] MJCC
[05:31:51] [388/458] IOMM
[05:31:52] [389/458] ADGR
[05:31:53] [390/458] MYCP
[05:31:53] 🔄 Identity reset
[05:31:53] 🔄 Identity rotated (every 10 requests)
[05:31:53] [391/458] IGCM
[05:31:54] [392/458] PGRK
[05:31:55] [393/458] VPGO
[05:31:56] [394/458] KOMS
[05:31:57] [395/458] URGG
[05:31:58] [396/458] GOST
[05:31:59] [397/458] LACT
[05:32:00] [398/458] BWCM
[05:32:00] [399/458] NCCW
[05:32:01] [400/458] SKYC
[05:32:02] 🔄 Identity reset
[05:32:02] 🔄 Identity rotated (every 10 requests)
[05:32:02] [401/458] CCPM
[05:32:03] [402/458] VCBT
[05:32:04] [403/458] SDKR
[05:32:05] [404/458] CTYB
[05:32:06] [405/458] SHCX
[05:32:06] [406/458] RCUN
[05:32:07] [407/458] CNRA
[05:32:08] [408/458] RFCA
[05:32:09] [409/458] RDCU
[05:32:10] [410/458] SARK
[05:32:11] 🔄 Identity reset
[05:32:11] 🔄 Identity rotated (every 10 requests)
[05:32:11] [411/458] SPPP
[05:32:12] [412/458] ADMB
[05:32:12] [413/458] JYOE
[05:32:13] [414/458] SRMD
[05:32:15] [415/458] RJDH
[05:32:16] [416/458] SSTD
[05:32:16] [417/458] AACV
[05:32:17] [418/458] PPVD
[05:32:18] [419/458] STCP
[05:32:19] [420/458] ANLS
[05:32:20] 🔄 Identity reset
[05:32:20] 🔄 Identity rotated (every 10 requests)
[05:32:20] [421/458] BIJO
[05:32:21] [422/458] AVAB
[05:32:22] [423/458] SPMD
[05:32:23] [424/458] SVJL
[05:32:24] [425/458] SDDJ
[05:32:25] [426/458] SLTU
[05:32:26] [427/458] SAKA
[05:32:27] [428/458] PMAM
[05:32:28] [429/458] FNAM
[05:32:29] [430/458] ACAM
[05:32:30] 🔄 Identity reset
[05:32:30] 🔄 Identity rotated (every 10 requests)
[05:32:30] [431/458] SCMM
[05:32:31] [432/458] PMAK
[05:32:31] [433/458] NYSA
[05:32:32] [434/458] FCPA
[05:32:33] [435/458] GDAN
[05:32:34] [436/458] RSCA
[05:32:35] [437/458] DMAN
[05:32:36] [438/458] DZCM
[05:32:37] [439/458] NSGL
[05:32:38] [440/458] CCPP
[05:32:39] 🔄 Identity reset
[05:32:39] 🔄 Identity rotated (every 10 requests)
[05:32:39] [441/458] PSMG
[05:32:40] [442/458] GSER
[05:32:41] [443/458] FCCT
[05:32:42] [444/458] FCTB
[05:32:43] [445/458] LCNK
[05:32:43] [446/458] SKTY
[05:32:45] [447/458] INAA
[05:32:46] [448/458] RCWN
[05:32:46] [449/458] VAIS
[05:32:47] [450/458] CVMN
[05:32:48] 🔄 Identity reset
[05:32:48] 🔄 Identity rotated (every 10 requests)
[05:32:48] [451/458] INTS
[05:32:49] [452/458] FRGS
[05:32:50] [453/458] DTCK
[05:32:51] [454/458] MCMH
[05:32:52] [455/458] ECRR
[05:32:53] [456/458] RLLP
[05:32:54] [457/458] CCSN
[05:32:56] [458/458] CCBA
[05:32:56] 🧹 Deduping shows
[05:32:56] ✅ DONE | Shows=805 | Movies=66
[21:44:23] 🚀 SCRIPT STARTED (enhanced anti‑detection)
[21:44:23] [1/458] MBDC
[21:44:24] 🧠 New identity created
[21:44:24] [2/458] CHKM
[21:44:25] [3/458] JTKZ
[21:44:26] [4/458] CMCT
[21:44:27] [5/458] ASHO
[21:44:28] [6/458] ECDG
[21:44:29] [7/458] SPAT
[21:44:30] [8/458] HILC
[21:44:31] [9/458] SPPH
[21:44:32] [10/458] SBHN
[21:44:32] 🔄 Identity reset
[21:44:32] 🔄 Identity rotated (every 10 requests)
[21:44:33] [11/458] RRCA
[21:44:33] [12/458] APAA
[21:44:34] [13/458] RAME
[21:44:35] [14/458] TMMS
[21:44:36] [15/458] BATK
[21:44:37] [16/458] LKOP
[21:44:38] [17/458] AMTT
[21:44:39] [18/458] PTGK
[21:44:40] [19/458] ANRS
[21:44:40] [20/458] VWBW
[21:44:41] 🔄 Identity reset
[21:44:41] 🔄 Identity rotated (every 10 requests)
[21:44:41] [21/458] SVFG
[21:44:42] [22/458] STAT
[21:44:43] [23/458] GDCV
[21:44:44] [24/458] VEBI
[21:44:45] [25/458] VDSS
[21:44:46] [26/458] NTHV
[21:44:47] [27/458] AOCH
[21:44:47] [28/458] KASR
[21:44:48] [29/458] AYCS
[21:44:49] [30/458] SHAI
[21:44:50] 🔄 Identity reset
[21:44:50] 🔄 Identity rotated (every 10 requests)
[21:44:50] [31/458] SKPE
[21:44:51] [32/458] SBTA
[21:44:52] [33/458] RTTD
[21:44:53] [34/458] CCJD
[21:44:53] [35/458] RSJJ
[21:44:54] [36/458] RKND
[21:44:55] [37/458] SVTX
[21:44:56] [38/458] BAKM
[21:44:57] [39/458] SVDC
[21:44:58] [40/458] MNCV
[21:44:59] 🔄 Identity reset
[21:44:59] 🔄 Identity rotated (every 10 requests)
[21:44:59] [41/458] SJGC
[21:45:00] [42/458] MTPK
[21:45:01] [43/458] GATP
[21:45:02] [44/458] ABTS
[21:45:03] [45/458] ABDE
[21:45:03] [46/458] RCNM
[21:45:04] [47/458] KTHV
[21:45:05] [48/458] MDGJ
[21:45:07] [49/458] SMLM
[21:45:08] [50/458] JTMA
[21:45:08] 🔄 Identity reset
[21:45:08] 🔄 Identity rotated (every 10 requests)
[21:45:08] [51/458] ACKP
[21:45:09] [52/458] SRTA
[21:45:10] [53/458] STAY
[21:45:11] [54/458] MAVO
[21:45:12] [55/458] APTS
[21:45:13] [56/458] OMEA
[21:45:14] [57/458] TTFD
[21:45:14] [58/458] MJCU
[21:45:15] [59/458] CXTE
[21:45:16] [60/458] CTPX
[21:45:17] 🔄 Identity reset
[21:45:17] 🔄 Identity rotated (every 10 requests)
[21:45:17] [61/458] ASSL
[21:45:18] [62/458] CMVB
[21:45:19] [63/458] VPUR
[21:45:20] [64/458] JJDA
[21:45:21] [65/458] INBL
[21:45:22] [66/458] BIKB
[21:45:24] [67/458] NTBB
[21:45:25] [68/458] GLOB
[21:45:26] [69/458] SNTB
[21:45:27] [70/458] CHGV
[21:45:28] 🔄 Identity reset
[21:45:28] 🔄 Identity rotated (every 10 requests)
[21:45:28] [71/458] SSBZ
[21:45:29] [72/458] PRDB
[21:45:30] [73/458] ISMT
[21:45:31] [74/458] MCSD
[21:45:31] [75/458] JBTT
[21:45:32] [76/458] GEKR
[21:45:33] [77/458] PVUN
[21:45:35] [78/458] NRTB
[21:45:35] [79/458] PRAA
[21:45:36] [80/458] PCBL
[21:45:37] 🔄 Identity reset
[21:45:37] 🔄 Identity rotated (every 10 requests)
[21:45:37] [81/458] PTCM
[21:45:38] [82/458] KHNN
[21:45:39] [83/458] OMJE
[21:45:40] [84/458] STGN
[21:45:41] [85/458] RPMS
[21:45:42] [86/458] NWAD
[21:45:44] [87/458] BLCK
[21:45:45] [88/458] SVAA
[21:45:46] [89/458] URVM
[21:45:47] [90/458] ANTM
[21:45:47] 🔄 Identity reset
[21:45:47] 🔄 Identity rotated (every 10 requests)
[21:45:48] [91/458] VJYM
[21:45:50] [92/458] MAZZ
[21:45:51] [93/458] CSHM
[21:45:51] [94/458] WGMH
[21:45:52] [95/458] SALN
[21:45:53] [96/458] BRTP
[21:45:54] [97/458] SVTA
[21:45:55] [98/458] SBTP
[21:45:56] [99/458] VLSS
[21:45:56] [100/458] SRJA
[21:45:57] 🔄 Identity reset
[21:45:57] 🔄 Identity rotated (every 10 requests)
[21:45:58] [101/458] ANCG
[21:45:59] [102/458] CGGC
[21:46:00] [103/458] CRJA
[21:46:01] [104/458] USCR
[21:46:02] [105/458] MMEF
[21:46:03] [106/458] JCRJ
[21:46:04] [107/458] ADCM
[21:46:05] [108/458] BMYK
[21:46:06] [109/458] KICS
[21:46:07] [110/458] MBBT
[21:46:07] 🔄 Identity reset
[21:46:07] 🔄 Identity rotated (every 10 requests)
[21:46:08] [111/458] MACK
[21:46:09] [112/458] CLDR
[21:46:11] [113/458] JYCR
[21:46:12] [114/458] DCRP
[21:46:13] [115/458] RAHT
[21:46:13] [116/458] CSSM
[21:46:14] [117/458] ATPK
[21:46:16] [118/458] KLRT
[21:46:17] [119/458] SRDD
[21:46:18] [120/458] CKMC
[21:46:19] 🔄 Identity reset
[21:46:19] 🔄 Identity rotated (every 10 requests)
[21:46:19] [121/458] KRVM
[21:46:20] [122/458] AKCP
[21:46:21] [123/458] CNCV
[21:46:22] [124/458] PACT
[21:46:24] [125/458] NATP
[21:46:25] [126/458] PCPK
[21:46:26] [127/458] SMHO
[21:46:26] [128/458] CWTK
[21:46:27] [129/458] RVKZ
[21:46:28] [130/458] ASPD
[21:46:29] 🔄 Identity reset
[21:46:29] 🔄 Identity rotated (every 10 requests)
[21:46:29] [131/458] VTKZ
[21:46:31] [132/458] LCSO
[21:46:32] [133/458] PRDY
[21:46:33] [134/458] RCAP
[21:46:33] [135/458] RGAR
[21:46:34] [136/458] RCAC
[21:46:35] [137/458] PMOD
[21:46:36] [138/458] PVCN
[21:46:37] [139/458] SCRZ
[21:46:38] [140/458] PVPC
[21:46:39] 🔄 Identity reset
[21:46:39] 🔄 Identity rotated (every 10 requests)
[21:46:39] [141/458] STID
[21:46:40] [142/458] NEDD
[21:46:41] [143/458] BNBA
[21:46:42] [144/458] NTCD
[21:46:43] [145/458] OCDE
[21:46:44] [146/458] CCDU
[21:46:45] [147/458] CRXH
[21:46:46] [148/458] VLVT
[21:46:47] [149/458] CICI
[21:46:48] [150/458] SUCB
[21:46:48] 🔄 Identity reset
[21:46:48] 🔄 Identity rotated (every 10 requests)
[21:46:49] [151/458] TCBP
[21:46:50] [152/458] SCCY
[21:46:50] [153/458] LXCY
[21:46:51] [154/458] NCMD
[21:46:52] [155/458] PHCS
[21:46:53] [156/458] DUXR
[21:46:54] [157/458] VNKS
[21:46:54] [158/458] SEDP
[21:46:55] [159/458] SVEN
[21:46:56] [160/458] SRKM
[21:46:57] 🔄 Identity reset
[21:46:57] 🔄 Identity rotated (every 10 requests)
[21:46:57] [161/458] JTLT
[21:46:58] [162/458] SVSS
[21:46:59] [163/458] AMDE
[21:47:00] [164/458] WVRN
[21:47:01] [165/458] ISMG
[21:47:02] [166/458] WVKS
[21:47:03] [167/458] USCG
[21:47:04] [168/458] IOTG
[21:47:05] [169/458] RRJM
[21:47:05] [170/458] EDMP
[21:47:06] 🔄 Identity reset
[21:47:06] 🔄 Identity rotated (every 10 requests)
[21:47:06] [171/458] SCGZ
[21:47:07] [172/458] GMGX
[21:47:08] [173/458] OMTP
[21:47:09] [174/458] MITD
[21:47:10] [175/458] SMMD
[21:47:11] [176/458] STML
[21:47:12] [177/458] MCFS
[21:47:13] [178/458] FPKA
[21:47:13] [179/458] OMLR
[21:47:14] [180/458] KKSC
[21:47:15] 🔄 Identity reset
[21:47:15] 🔄 Identity rotated (every 10 requests)
[21:47:15] [181/458] RVMA
[21:47:16] [182/458] SCLL
[21:47:17] [183/458] SCDK
[21:47:18] [184/458] SXMI
[21:47:19] [185/458] SHDN
[21:47:20] [186/458] PAAD
[21:47:22] [187/458] UUCB
[21:47:22] [188/458] JHOL
[21:47:24] [189/458] SGWT
[21:47:25] [190/458] SRII
[21:47:26] 🔄 Identity reset
[21:47:26] 🔄 Identity rotated (every 10 requests)
[21:47:26] [191/458] SGCK
[21:47:27] [192/458] SVVB
[21:47:29] [193/458] DMHA
[21:47:30] [194/458] PPNL
[21:47:31] [195/458] CPNL
[21:47:32] [196/458] WVLD
[21:47:32] [197/458] PSLV
[21:47:34] [198/458] VTTL
[21:47:35] [199/458] NPAD
[21:47:36] [200/458] PVCS
[21:47:36] 🔄 Identity reset
[21:47:36] 🔄 Identity rotated (every 10 requests)
[21:47:37] [201/458] MCHL
[21:47:38] [202/458] PPLL
[21:47:39] [203/458] MALO
[21:47:40] [204/458] SWBH
[21:47:41] [205/458] PUGB
[21:47:42] [206/458] INBB
[21:47:43] [207/458] INNS
[21:47:44] [208/458] MCPT
[21:47:45] [209/458] SCMI
[21:47:45] [210/458] OCON
[21:47:46] 🔄 Identity reset
[21:47:46] 🔄 Identity rotated (every 10 requests)
[21:47:46] [211/458] SCSM
[21:47:47] [212/458] RJVN
[21:47:49] [213/458] AMDK
[21:47:50] [214/458] ISMR
[21:47:51] [215/458] SMTD
[21:47:51] [216/458] VTDD
[21:47:52] [217/458] PDDZ
[21:47:53] [218/458] PCCK
[21:47:55] [219/458] INAM
[21:47:56] [220/458] FNKT
[21:47:56] 🔄 Identity reset
[21:47:56] 🔄 Identity rotated (every 10 requests)
[21:47:56] [221/458] GDKA
[21:47:58] [222/458] MAYU
[21:47:59] [223/458] TCGU
[21:48:00] [224/458] KDCA
[21:48:01] [225/458] DOMY
[21:48:02] [226/458] PDDD
[21:48:03] [227/458] BJTS
[21:48:04] [228/458] VTCA
[21:48:05] [229/458] SBTM
[21:48:06] [230/458] SEET
[21:48:07] 🔄 Identity reset
[21:48:07] 🔄 Identity rotated (every 10 requests)
[21:48:07] [231/458] SSTJ
[21:48:09] [232/458] SVNT
[21:48:09] [233/458] PPPR
[21:48:10] [234/458] PVYS
[21:48:12] [235/458] IOSE
[21:48:13] [236/458] ACTV
[21:48:14] [237/458] APVE
[21:48:15] [238/458] TCCL
[21:48:16] [239/458] SCMO
[21:48:17] [240/458] SAUM
[21:48:18] 🔄 Identity reset
[21:48:18] 🔄 Identity rotated (every 10 requests)
[21:48:18] [241/458] KCJS
[21:48:19] [242/458] NJCJ
[21:48:20] [243/458] NECF
[21:48:21] [244/458] CCGW
[21:48:22] [245/458] CCMG
[21:48:23] [246/458] NYRG
[21:48:23] [247/458] NCSQ
[21:48:25] [248/458] GRCG
[21:48:26] [249/458] CCBT
[21:48:27] [250/458] ACGA
[21:48:27] 🔄 Identity reset
[21:48:27] 🔄 Identity rotated (every 10 requests)
[21:48:28] [251/458] INAG
[21:48:28] [252/458] FUCG
[21:48:29] [253/458] AICF
[21:48:30] [254/458] GRGA
[21:48:31] [255/458] GDCN
[21:48:33] [256/458] RRCG
[21:48:34] [257/458] SDCH
[21:48:35] [258/458] WVJM
[21:48:36] [259/458] JCCZ
[21:48:36] [260/458] CNCL
[21:48:37] 🔄 Identity reset
[21:48:37] 🔄 Identity rotated (every 10 requests)
[21:48:37] [261/458] TMLV
[21:48:38] [262/458] MEMB
[21:48:40] [263/458] SGTD
[21:48:41] [264/458] CONX
[21:48:42] [265/458] CCMH
[21:48:43] [266/458] ACMC
[21:48:43] [267/458] DTPD
[21:48:45] [268/458] POJA
[21:48:46] [269/458] FNBH
[21:48:47] [270/458] CGCB
[21:48:47] 🔄 Identity reset
[21:48:47] 🔄 Identity rotated (every 10 requests)
[21:48:48] [271/458] RACN
[21:48:49] [272/458] JTSM
[21:48:50] [273/458] SCDN
[21:48:50] [274/458] AACK
[21:48:51] [275/458] RMCE
[21:48:52] [276/458] BSGB
[21:48:53] [277/458] MRCB
[21:48:54] [278/458] SRVR
[21:48:55] [279/458] VTKK
[21:48:56] [280/458] AMST
[21:48:56] 🔄 Identity reset
[21:48:56] 🔄 Identity rotated (every 10 requests)
[21:48:56] [281/458] APCY
[21:48:57] [282/458] LMHO
[21:48:58] [283/458] MTZH
[21:48:59] [284/458] AMZB
[21:49:00] [285/458] SUVT
[21:49:01] [286/458] RCIP
[21:49:01] [287/458] KESR
[21:49:02] [288/458] SNKC
[21:49:03] [289/458] SCED
[21:49:04] [290/458] DVCA
[21:49:05] 🔄 Identity reset
[21:49:05] 🔄 Identity rotated (every 10 requests)
[21:49:05] [291/458] VCDT
[21:49:07] [292/458] RRDI
[21:49:08] [293/458] DFCH
[21:49:09] [294/458] INSC
[21:49:10] [295/458] RGTR
[21:49:11] [296/458] FMOT
[21:49:11] [297/458] SCPM
[21:49:12] [298/458] GCDT
[21:49:13] [299/458] BRKT
[21:49:14] [300/458] DEMP
[21:49:15] 🔄 Identity reset
[21:49:15] 🔄 Identity rotated (every 10 requests)
[21:49:15] [301/458] SRLC
[21:49:16] [302/458] KSTT
[21:49:17] [303/458] SMMT
[21:49:19] [304/458] SILM
[21:49:21] [305/458] JCVM
[21:49:22] [306/458] KCSV
[21:49:23] [307/458] MHLK
[21:49:24] [308/458] SLVL
[21:49:25] [309/458] RJKP
[21:49:26] [310/458] BBPC
[21:49:26] 🔄 Identity reset
[21:49:26] 🔄 Identity rotated (every 10 requests)
[21:49:27] [311/458] MXCB
[21:49:28] [312/458] TCPK
[21:49:30] [313/458] RTBR
[21:49:30] [314/458] GAUT
[21:49:32] [315/458] DVCF
[21:49:33] [316/458] JTSB
[21:49:34] [317/458] SBLS
[21:49:35] [318/458] UDAY
[21:49:35] [319/458] PTNP
[21:49:36] [320/458] DMKT
[21:49:37] 🔄 Identity reset
[21:49:37] 🔄 Identity rotated (every 10 requests)
[21:49:37] [321/458] NTDT
[21:49:38] [322/458] SHDJ
[21:49:39] [323/458] OTNC
[21:49:40] [324/458] RNTW
[21:49:40] [325/458] GCMI
[21:49:41] [326/458] CRCM
[21:49:42] [327/458] NNCZ
[21:49:43] [328/458] OEMO
[21:49:44] [329/458] PVJM
[21:49:45] [330/458] CPJI
[21:49:46] 🔄 Identity reset
[21:49:46] 🔄 Identity rotated (every 10 requests)
[21:49:46] [331/458] RMCJ
[21:49:47] [332/458] CNWJ
[21:49:48] [333/458] EPJM
[21:49:48] [334/458] FNJJ
[21:49:49] [335/458] GCMJ
[21:49:50] [336/458] INPS
[21:49:51] [337/458] BICJ
[21:49:52] [338/458] ISTJ
[21:49:53] [339/458] INJC
[21:49:54] [340/458] GLXJ
[21:49:54] 🔄 Identity reset
[21:49:54] 🔄 Identity rotated (every 10 requests)
[21:49:55] [341/458] INEM
[21:49:56] [342/458] JTMN
[21:49:57] [343/458] FRCJ
[21:49:58] [344/458] DDJP
[21:49:59] [345/458] INJV
[21:50:00] [346/458] GOLC
[21:50:01] [347/458] KOCI
[21:50:02] [348/458] FSTD
[21:50:03] [349/458] PACJ
[21:50:04] [350/458] GMCN
[21:50:05] 🔄 Identity reset
[21:50:05] 🔄 Identity rotated (every 10 requests)
[21:50:05] [351/458] MMDJ
[21:50:06] [352/458] GODH
[21:50:07] [353/458] SKYN
[21:50:08] [354/458] NCTH
[21:50:09] [355/458] SKVZ
[21:50:10] [356/458] SVML
[21:50:11] [357/458] ACVZ
[21:50:12] [358/458] SURA
[21:50:13] [359/458] RTRB
[21:50:14] [360/458] LLCT
[21:50:15] 🔄 Identity reset
[21:50:15] 🔄 Identity rotated (every 10 requests)
[21:50:15] [361/458] ATTS
[21:50:16] [362/458] JYCM
[21:50:17] [363/458] CTKR
[21:50:18] [364/458] LCKR
[21:50:19] [365/458] NYCV
[21:50:20] [366/458] NYOH
[21:50:20] [367/458] NOVX
[21:50:21] [368/458] MRGK
[21:50:22] [369/458] MOON
[21:50:23] [370/458] SBUC
[21:50:24] 🔄 Identity reset
[21:50:24] 🔄 Identity rotated (every 10 requests)
[21:50:24] [371/458] GSVA
[21:50:25] [372/458] VIAK
[21:50:26] [373/458] SMVZ
[21:50:26] [374/458] MATE
[21:50:27] [375/458] RDCN
[21:50:28] [376/458] ASBL
[21:50:29] [377/458] ASVS
[21:50:30] [378/458] ASSR
[21:50:31] [379/458] SSKN
[21:50:31] [380/458] DRPV
[21:50:32] 🔄 Identity reset
[21:50:32] 🔄 Identity rotated (every 10 requests)
[21:50:33] [381/458] MRHT
[21:50:33] [382/458] BSCN
[21:50:34] [383/458] RKNX
[21:50:35] [384/458] MSMC
[21:50:36] [385/458] MSCJ
[21:50:37] [386/458] BTBJ
[21:50:38] [387/458] MJCC
[21:50:39] [388/458] IOMM
[21:50:40] [389/458] ADGR
[21:50:41] [390/458] MYCP
[21:50:42] 🔄 Identity reset
[21:50:42] 🔄 Identity rotated (every 10 requests)
[21:50:42] [391/458] IGCM
[21:50:43] [392/458] PGRK
[21:50:44] [393/458] VPGO
[21:50:45] [394/458] KOMS
[21:50:45] [395/458] URGG
[21:50:46] [396/458] GOST
[21:50:47] [397/458] LACT
[21:50:49] [398/458] BWCM
[21:50:49] [399/458] NCCW
[21:50:50] [400/458] SKYC
[21:50:51] 🔄 Identity reset
[21:50:51] 🔄 Identity rotated (every 10 requests)
[21:50:51] [401/458] CCPM
[21:50:53] [402/458] VCBT
[21:50:54] [403/458] SDKR
[21:50:55] [404/458] CTYB
[21:50:56] [405/458] SHCX
[21:50:57] [406/458] RCUN
[21:50:57] [407/458] CNRA
[21:50:58] [408/458] RFCA
[21:50:59] [409/458] RDCU
[21:51:01] [410/458] SARK
[21:51:01] 🔄 Identity reset
[21:51:01] 🔄 Identity rotated (every 10 requests)
[21:51:01] [411/458] SPPP
[21:51:02] [412/458] ADMB
[21:51:03] [413/458] JYOE
[21:51:04] [414/458] SRMD
[21:51:05] [415/458] RJDH
[21:51:06] [416/458] SSTD
[21:51:07] [417/458] AACV
[21:51:08] [418/458] PPVD
[21:51:10] [419/458] STCP
[21:51:11] [420/458] ANLS
[21:51:11] 🔄 Identity reset
[21:51:11] 🔄 Identity rotated (every 10 requests)
[21:51:12] [421/458] BIJO
[21:51:13] [422/458] AVAB
[21:51:14] [423/458] SPMD
[21:51:14] [424/458] SVJL
[21:51:15] [425/458] SDDJ
[21:51:16] [426/458] SLTU
[21:51:18] [427/458] SAKA
[21:51:19] [428/458] PMAM
[21:51:20] [429/458] FNAM
[21:51:21] [430/458] ACAM
[21:51:21] 🔄 Identity reset
[21:51:21] 🔄 Identity rotated (every 10 requests)
[21:51:22] [431/458] SCMM
[21:51:22] [432/458] PMAK
[21:51:23] [433/458] NYSA
[21:51:24] [434/458] FCPA
[21:51:25] [435/458] GDAN
[21:51:26] [436/458] RSCA
[21:51:26] [437/458] DMAN
[21:51:27] [438/458] DZCM
[21:51:28] [439/458] NSGL
[21:51:30] [440/458] CCPP
[21:51:30] 🔄 Identity reset
[21:51:30] 🔄 Identity rotated (every 10 requests)
[21:51:31] [441/458] PSMG
[21:51:32] [442/458] GSER
[21:51:32] [443/458] FCCT
[21:51:33] [444/458] FCTB
[21:51:35] [445/458] LCNK
[21:51:36] [446/458] SKTY
[21:51:37] [447/458] INAA
[21:51:38] [448/458] RCWN
[21:51:39] [449/458] VAIS
[21:51:39] [450/458] CVMN
[21:51:40] 🔄 Identity reset
[21:51:40] 🔄 Identity rotated (every 10 requests)
[21:51:40] [451/458] INTS
[21:51:41] [452/458] FRGS
[21:51:42] [453/458] DTCK
[21:51:43] [454/458] MCMH
[21:51:44] [455/458] ECRR
[21:51:44] [456/458] RLLP
[21:51:45] [457/458] CCSN
[21:51:46] [458/458] CCBA
[21:51:47] 🧹 Deduping shows
[21:51:47] ✅ DONE | Shows=1326 | Movies=79
[02:11:32] 🚀 SCRIPT STARTED
[02:11:32] [1/458] MBDC
[02:11:32] 🧠 New identity created
[02:11:33] [2/458] CHKM
[02:11:34] [3/458] JTKZ
[02:11:35] [4/458] CMCT
[02:11:36] [5/458] ASHO
[02:11:38] [6/458] ECDG
[02:11:39] [7/458] SPAT
[02:11:40] [8/458] HILC
[02:11:42] [9/458] SPPH
[02:11:44] [10/458] SBHN
[02:11:44] 🔄 Identity reset
[02:11:44] 🔄 Identity rotated (every 10 requests)
[02:11:45] [11/458] RRCA
[02:11:46] [12/458] APAA
[02:11:47] [13/458] RAME
[02:11:48] [14/458] TMMS
[02:11:50] [15/458] BATK
[02:11:51] [16/458] LKOP
[02:11:52] [17/458] AMTT
[02:11:53] [18/458] PTGK
[02:11:54] [19/458] ANRS
[02:11:55] [20/458] VWBW
[02:11:55] 🔄 Identity reset
[02:11:56] 🔄 Identity rotated (every 10 requests)
[02:11:56] [21/458] SVFG
[02:11:58] [22/458] STAT
[02:11:59] [23/458] GDCV
[02:12:01] [24/458] VEBI
[02:12:02] [25/458] VDSS
[02:12:04] [26/458] NTHV
[02:12:05] [27/458] AOCH
[02:12:07] [28/458] KASR
[02:12:09] [29/458] AYCS
[02:12:11] [30/458] SHAI
[02:12:11] 🔄 Identity reset
[02:12:11] 🔄 Identity rotated (every 10 requests)
[02:12:12] [31/458] SKPE
[02:12:13] [32/458] SBTA
[02:12:14] [33/458] RTTD
[02:12:16] [34/458] CCJD
[02:12:17] [35/458] RSJJ
[02:12:19] [36/458] RKND
[02:12:21] [37/458] SVTX
[02:12:22] [38/458] BAKM
[02:12:23] [39/458] SVDC
[02:12:25] [40/458] MNCV
[02:12:25] 🔄 Identity reset
[02:12:25] 🔄 Identity rotated (every 10 requests)
[02:12:25] [41/458] SJGC
[02:12:27] [42/458] MTPK
[02:12:28] [43/458] GATP
[02:12:30] [44/458] ABTS
[02:12:31] [45/458] ABDE
[02:12:33] [46/458] RCNM
[02:12:34] [47/458] KTHV
[02:12:35] [48/458] MDGJ
[02:12:36] [49/458] SMLM
[02:12:37] [50/458] JTMA
[02:12:38] 🔄 Identity reset
[02:12:38] 🔄 Identity rotated (every 10 requests)
[02:12:39] [51/458] ACKP
[02:12:40] [52/458] SRTA
[02:12:41] [53/458] STAY
[02:12:42] [54/458] MAVO
[02:12:44] [55/458] APTS
[02:12:45] [56/458] OMEA
[02:12:46] [57/458] TTFD
[02:12:48] [58/458] MJCU
[02:12:49] [59/458] CXTE
[02:12:50] [60/458] CTPX
[02:12:50] 🔄 Identity reset
[02:12:50] 🔄 Identity rotated (every 10 requests)
[02:12:51] [61/458] ASSL
[02:12:52] [62/458] CMVB
[02:12:53] [63/458] VPUR
[02:12:55] [64/458] JJDA
[02:12:56] [65/458] INBL
[02:12:57] [66/458] BIKB
[02:12:57] [67/458] NTBB
[02:12:58] [68/458] GLOB
[02:12:59] [69/458] SNTB
[02:13:00] [70/458] CHGV
[02:13:00] 🔄 Identity reset
[02:13:00] 🔄 Identity rotated (every 10 requests)
[02:13:02] [71/458] SSBZ
[02:13:04] [72/458] PRDB
[02:13:04] [73/458] ISMT
[02:13:05] [74/458] MCSD
[02:13:07] [75/458] JBTT
[02:13:09] [76/458] GEKR
[02:13:10] [77/458] PVUN
[02:13:12] [78/458] NRTB
[02:13:14] [79/458] PRAA
[02:13:15] [80/458] PCBL
[02:13:15] 🔄 Identity reset
[02:13:15] 🔄 Identity rotated (every 10 requests)
[02:13:17] [81/458] PTCM
[02:13:18] [82/458] KHNN
[02:13:19] [83/458] OMJE
[02:13:21] [84/458] STGN
[02:13:23] [85/458] RPMS
[02:13:24] [86/458] NWAD
[02:13:25] [87/458] BLCK
[02:13:26] [88/458] SVAA
[02:13:27] [89/458] URVM
[02:13:28] [90/458] ANTM
[02:13:28] 🔄 Identity reset
[02:13:28] 🔄 Identity rotated (every 10 requests)
[02:13:29] [91/458] VJYM
[02:13:30] [92/458] MAZZ
[02:13:31] [93/458] CSHM
[02:13:32] [94/458] WGMH
[02:13:33] [95/458] SALN
[02:13:34] [96/458] BRTP
[02:13:34] [97/458] SVTA
[02:13:35] [98/458] SBTP
[02:13:37] [99/458] VLSS
[02:13:39] [100/458] SRJA
[02:13:39] 🔄 Identity reset
[02:13:39] 🔄 Identity rotated (every 10 requests)
[02:13:40] [101/458] ANCG
[02:13:41] [102/458] CGGC
[02:13:43] [103/458] CRJA
[02:13:45] [104/458] USCR
[02:13:46] [105/458] MMEF
[02:13:48] [106/458] JCRJ
[02:13:49] [107/458] ADCM
[02:13:50] [108/458] BMYK
[02:13:51] [109/458] KICS
[02:13:53] [110/458] MBBT
[02:13:53] 🔄 Identity reset
[02:13:53] 🔄 Identity rotated (every 10 requests)
[02:13:53] [111/458] MACK
[02:13:55] [112/458] CLDR
[02:13:57] [113/458] JYCR
[02:13:58] [114/458] DCRP
[02:13:59] [115/458] RAHT
[02:14:01] [116/458] CSSM
[02:14:01] [117/458] ATPK
[02:14:03] [118/458] KLRT
[02:14:04] [119/458] SRDD
[02:14:05] [120/458] CKMC
[02:14:05] 🔄 Identity reset
[02:14:05] 🔄 Identity rotated (every 10 requests)
[02:14:06] [121/458] KRVM
[02:14:06] [122/458] AKCP
[02:14:07] [123/458] CNCV
[02:14:09] [124/458] PACT
[02:14:10] [125/458] NATP
[02:14:11] [126/458] PCPK
[02:14:12] [127/458] SMHO
[02:14:13] [128/458] CWTK
[02:14:14] [129/458] RVKZ
[02:14:15] [130/458] ASPD
[02:14:15] 🔄 Identity reset
[02:14:15] 🔄 Identity rotated (every 10 requests)
[02:14:16] [131/458] VTKZ
[02:14:17] [132/458] LCSO
[02:14:18] [133/458] PRDY
[02:14:19] [134/458] RCAP
[02:14:20] [135/458] RGAR
[02:14:22] [136/458] RCAC
[02:14:23] [137/458] PMOD
[02:14:23] [138/458] PVCN
[02:14:24] [139/458] SCRZ
[02:14:25] [140/458] PVPC
[02:14:25] 🔄 Identity reset
[02:14:25] 🔄 Identity rotated (every 10 requests)
[02:14:26] [141/458] STID
[02:14:27] [142/458] NEDD
[02:14:28] [143/458] BNBA
[02:14:28] [144/458] NTCD
[02:14:29] [145/458] OCDE
[02:14:30] [146/458] CCDU
[02:14:31] [147/458] CRXH
[02:14:33] [148/458] VLVT
[02:14:34] [149/458] CICI
[02:14:36] [150/458] SUCB
[02:14:36] 🔄 Identity reset
[02:14:36] 🔄 Identity rotated (every 10 requests)
[02:14:37] [151/458] TCBP
[02:14:38] [152/458] SCCY
[02:14:39] [153/458] LXCY
[02:14:40] [154/458] NCMD
[02:14:41] [155/458] PHCS
[02:14:43] [156/458] DUXR
[02:14:44] [157/458] VNKS
[02:14:45] [158/458] SEDP
[02:14:47] [159/458] SVEN
[02:14:47] [160/458] SRKM
[02:14:47] 🔄 Identity reset
[02:14:47] 🔄 Identity rotated (every 10 requests)
[02:14:48] [161/458] JTLT
[02:14:49] [162/458] SVSS
[02:14:50] [163/458] AMDE
[02:14:52] [164/458] WVRN
[02:14:53] [165/458] ISMG
[02:14:54] [166/458] WVKS
[02:14:55] [167/458] USCG
[02:14:56] [168/458] IOTG
[02:14:57] [169/458] RRJM
[02:14:58] [170/458] EDMP
[02:14:58] 🔄 Identity reset
[02:14:58] 🔄 Identity rotated (every 10 requests)
[02:14:59] [171/458] SCGZ
[02:15:00] [172/458] GMGX
[02:15:02] [173/458] OMTP
[02:15:02] [174/458] MITD
[02:15:04] [175/458] SMMD
[02:15:05] [176/458] STML
[02:15:07] [177/458] MCFS
[02:15:08] [178/458] FPKA
[02:15:09] [179/458] OMLR
[02:15:10] [180/458] KKSC
[02:15:10] 🔄 Identity reset
[02:15:10] 🔄 Identity rotated (every 10 requests)
[02:15:11] [181/458] RVMA
[02:15:12] [182/458] SCLL
[02:15:13] [183/458] SCDK
[02:15:14] [184/458] SXMI
[02:15:15] [185/458] SHDN
[02:15:16] [186/458] PAAD
[02:15:17] [187/458] UUCB
[02:15:18] [188/458] JHOL
[02:15:19] [189/458] SGWT
[02:15:20] [190/458] SRII
[02:15:20] 🔄 Identity reset
[02:15:20] 🔄 Identity rotated (every 10 requests)
[02:15:21] [191/458] SGCK
[02:15:22] [192/458] SVVB
[02:15:23] [193/458] DMHA
[02:15:24] [194/458] PPNL
[02:15:25] [195/458] CPNL
[02:15:27] [196/458] WVLD
[02:15:28] [197/458] PSLV
[02:15:29] [198/458] VTTL
[02:15:29] [199/458] NPAD
[02:15:31] [200/458] PVCS
[02:15:31] 🔄 Identity reset
[02:15:31] 🔄 Identity rotated (every 10 requests)
[02:15:32] [201/458] MCHL
[02:15:34] [202/458] PPLL
[02:15:35] [203/458] MALO
[02:15:37] [204/458] SWBH
[02:15:38] [205/458] PUGB
[02:15:40] [206/458] INBB
[02:15:41] [207/458] INNS
[02:15:41] [208/458] MCPT
[02:15:43] [209/458] SCMI
[02:15:44] [210/458] OCON
[02:15:44] 🔄 Identity reset
[02:15:44] 🔄 Identity rotated (every 10 requests)
[02:15:44] [211/458] SCSM
[02:15:45] [212/458] RJVN
[02:15:46] [213/458] AMDK
[02:15:47] [214/458] ISMR
[02:15:48] [215/458] SMTD
[02:15:49] [216/458] VTDD
[02:15:50] [217/458] PDDZ
[02:15:51] [218/458] PCCK
[02:15:52] [219/458] INAM
[02:15:53] [220/458] FNKT
[02:15:53] 🔄 Identity reset
[02:15:53] 🔄 Identity rotated (every 10 requests)
[02:15:54] [221/458] GDKA
[02:15:55] [222/458] MAYU
[02:15:56] [223/458] TCGU
[02:15:57] [224/458] KDCA
[02:15:58] [225/458] DOMY
[02:15:59] [226/458] PDDD
[02:16:01] [227/458] BJTS
[02:16:02] [228/458] VTCA
[02:16:03] [229/458] SBTM
[02:16:04] [230/458] SEET
[02:16:04] 🔄 Identity reset
[02:16:04] 🔄 Identity rotated (every 10 requests)
[02:16:05] [231/458] SSTJ
[02:16:06] [232/458] SVNT
[02:16:08] [233/458] PPPR
[02:16:09] [234/458] PVYS
[02:16:09] [235/458] IOSE
[02:16:10] [236/458] ACTV
[02:16:11] [237/458] APVE
[02:16:12] [238/458] TCCL
[02:16:12] [239/458] SCMO
[02:16:14] [240/458] SAUM
[02:16:14] 🔄 Identity reset
[02:16:14] 🔄 Identity rotated (every 10 requests)
[02:16:16] [241/458] KCJS
[02:16:17] [242/458] NJCJ
[02:16:18] [243/458] NECF
[02:16:19] [244/458] CCGW
[02:16:20] [245/458] CCMG
[02:16:21] [246/458] NYRG
[02:16:21] [247/458] NCSQ
[02:16:23] [248/458] GRCG
[02:16:24] [249/458] CCBT
[02:16:25] [250/458] ACGA
[02:16:25] 🔄 Identity reset
[02:16:25] 🔄 Identity rotated (every 10 requests)
[02:16:26] [251/458] INAG
[02:16:27] [252/458] FUCG
[02:16:28] [253/458] AICF
[02:16:30] [254/458] GRGA
[02:16:30] [255/458] GDCN
[02:16:32] [256/458] RRCG
[02:16:34] [257/458] SDCH
[02:16:36] [258/458] WVJM
[02:16:38] [259/458] JCCZ
[02:16:38] [260/458] CNCL
[02:16:38] 🔄 Identity reset
[02:16:38] 🔄 Identity rotated (every 10 requests)
[02:16:39] [261/458] TMLV
[02:16:40] [262/458] MEMB
[02:16:41] [263/458] SGTD
[02:16:43] [264/458] CONX
[02:16:44] [265/458] CCMH
[02:16:46] [266/458] ACMC
[02:16:46] [267/458] DTPD
[02:16:47] [268/458] POJA
[02:16:48] [269/458] FNBH
[02:16:49] [270/458] CGCB
[02:16:49] 🔄 Identity reset
[02:16:49] 🔄 Identity rotated (every 10 requests)
[02:16:49] [271/458] RACN
[02:16:50] [272/458] JTSM
[02:16:52] [273/458] SCDN
[02:16:53] [274/458] AACK
[02:16:54] [275/458] RMCE
[02:16:55] [276/458] BSGB
[02:16:56] [277/458] MRCB
[02:16:58] [278/458] SRVR
[02:16:59] [279/458] VTKK
[02:17:00] [280/458] AMST
[02:17:00] 🔄 Identity reset
[02:17:00] 🔄 Identity rotated (every 10 requests)
[02:17:02] [281/458] APCY
[02:17:02] [282/458] LMHO
[02:17:03] [283/458] MTZH
[02:17:04] [284/458] AMZB
[02:17:05] [285/458] SUVT
[02:17:06] [286/458] RCIP
[02:17:07] [287/458] KESR
[02:17:09] [288/458] SNKC
[02:17:10] [289/458] SCED
[02:17:11] [290/458] DVCA
[02:17:11] 🔄 Identity reset
[02:17:11] 🔄 Identity rotated (every 10 requests)
[02:17:12] [291/458] VCDT
[02:17:13] [292/458] RRDI
[02:17:15] [293/458] DFCH
[02:17:15] [294/458] INSC
[02:17:16] [295/458] RGTR
[02:17:17] [296/458] FMOT
[02:17:18] [297/458] SCPM
[02:17:19] [298/458] GCDT
[02:17:20] [299/458] BRKT
[02:17:21] [300/458] DEMP
[02:17:21] 🔄 Identity reset
[02:17:21] 🔄 Identity rotated (every 10 requests)
[02:17:22] [301/458] SRLC
[02:17:23] [302/458] KSTT
[02:17:24] [303/458] SMMT
[02:17:24] [304/458] SILM
[02:17:25] [305/458] JCVM
[02:17:26] [306/458] KCSV
[02:17:27] [307/458] MHLK
[02:17:28] [308/458] SLVL
[02:17:29] [309/458] RJKP
[02:17:31] [310/458] BBPC
[02:17:31] 🔄 Identity reset
[02:17:31] 🔄 Identity rotated (every 10 requests)
[02:17:32] [311/458] MXCB
[02:17:33] [312/458] TCPK
[02:17:34] [313/458] RTBR
[02:17:35] [314/458] GAUT
[02:17:37] [315/458] DVCF
[02:17:38] [316/458] JTSB
[02:17:39] [317/458] SBLS
[02:17:39] [318/458] UDAY
[02:17:40] [319/458] PTNP
[02:17:41] [320/458] DMKT
[02:17:41] 🔄 Identity reset
[02:17:41] 🔄 Identity rotated (every 10 requests)
[02:17:42] [321/458] NTDT
[02:17:44] [322/458] SHDJ
[02:17:45] [323/458] OTNC
[02:17:46] [324/458] RNTW
[02:17:48] [325/458] GCMI
[02:17:50] [326/458] CRCM
[02:17:51] [327/458] NNCZ
[02:17:52] [328/458] OEMO
[02:17:53] [329/458] PVJM
[02:17:54] [330/458] CPJI
[02:17:54] 🔄 Identity reset
[02:17:54] 🔄 Identity rotated (every 10 requests)
[02:17:55] [331/458] RMCJ
[02:17:57] [332/458] CNWJ
[02:17:58] [333/458] EPJM
[02:17:59] [334/458] FNJJ
[02:18:00] [335/458] GCMJ
[02:18:02] [336/458] INPS
[02:18:03] [337/458] BICJ
[02:18:04] [338/458] ISTJ
[02:18:05] [339/458] INJC
[02:18:06] [340/458] GLXJ
[02:18:06] 🔄 Identity reset
[02:18:06] 🔄 Identity rotated (every 10 requests)
[02:18:08] [341/458] INEM
[02:18:09] [342/458] JTMN
[02:18:10] [343/458] FRCJ
[02:18:11] [344/458] DDJP
[02:18:11] [345/458] INJV
[02:18:12] [346/458] GOLC
[02:18:14] [347/458] KOCI
[02:18:15] [348/458] FSTD
[02:18:16] [349/458] PACJ
[02:18:17] [350/458] GMCN
[02:18:17] 🔄 Identity reset
[02:18:18] 🔄 Identity rotated (every 10 requests)
[02:18:19] [351/458] MMDJ
[02:18:20] [352/458] GODH
[02:18:21] [353/458] SKYN
[02:18:22] [354/458] NCTH
[02:18:23] [355/458] SKVZ
[02:18:24] [356/458] SVML
[02:18:25] [357/458] ACVZ
[02:18:26] [358/458] SURA
[02:18:27] [359/458] RTRB
[02:18:28] [360/458] LLCT
[02:18:28] 🔄 Identity reset
[02:18:28] 🔄 Identity rotated (every 10 requests)
[02:18:29] [361/458] ATTS
[02:18:30] [362/458] JYCM
[02:18:31] [363/458] CTKR
[02:18:32] [364/458] LCKR
[02:18:33] [365/458] NYCV
[02:18:34] [366/458] NYOH
[02:18:36] [367/458] NOVX
[02:18:37] [368/458] MRGK
[02:18:37] [369/458] MOON
[02:18:38] [370/458] SBUC
[02:18:38] 🔄 Identity reset
[02:18:38] 🔄 Identity rotated (every 10 requests)
[02:18:39] [371/458] GSVA
[02:18:40] [372/458] VIAK
[02:18:41] [373/458] SMVZ
[02:18:42] [374/458] MATE
[02:18:43] [375/458] RDCN
[02:18:44] [376/458] ASBL
[02:18:46] [377/458] ASVS
[02:18:47] [378/458] ASSR
[02:18:48] [379/458] SSKN
[02:18:50] [380/458] DRPV
[02:18:50] 🔄 Identity reset
[02:18:50] 🔄 Identity rotated (every 10 requests)
[02:18:51] [381/458] MRHT
[02:18:53] [382/458] BSCN
[02:18:54] [383/458] RKNX
[02:18:55] [384/458] MSMC
[02:18:57] [385/458] MSCJ
[02:18:57] [386/458] BTBJ
[02:18:58] [387/458] MJCC
[02:18:59] [388/458] IOMM
[02:19:00] [389/458] ADGR
[02:19:01] [390/458] MYCP
[02:19:01] 🔄 Identity reset
[02:19:01] 🔄 Identity rotated (every 10 requests)
[02:19:02] [391/458] IGCM
[02:19:04] [392/458] PGRK
[02:19:05] [393/458] VPGO
[02:19:06] [394/458] KOMS
[02:19:07] [395/458] URGG
[02:19:08] [396/458] GOST
[02:19:09] [397/458] LACT
[02:19:10] [398/458] BWCM
[02:19:10] [399/458] NCCW
[02:19:11] [400/458] SKYC
[02:19:11] 🔄 Identity reset
[02:19:11] 🔄 Identity rotated (every 10 requests)
[02:19:12] [401/458] CCPM
[02:19:13] [402/458] VCBT
[02:19:15] [403/458] SDKR
[02:19:16] [404/458] CTYB
[02:19:17] [405/458] SHCX
[02:19:18] [406/458] RCUN
[02:19:20] [407/458] CNRA
[02:19:22] [408/458] RFCA
[02:19:23] [409/458] RDCU
[02:19:24] [410/458] SARK
[02:19:24] 🔄 Identity reset
[02:19:24] 🔄 Identity rotated (every 10 requests)
[02:19:25] [411/458] SPPP
[02:19:26] [412/458] ADMB
[02:19:27] [413/458] JYOE
[02:19:28] [414/458] SRMD
[02:19:29] [415/458] RJDH
[02:19:30] [416/458] SSTD
[02:19:30] [417/458] AACV
[02:19:32] [418/458] PPVD
[02:19:33] [419/458] STCP
[02:19:35] [420/458] ANLS
[02:19:35] 🔄 Identity reset
[02:19:35] 🔄 Identity rotated (every 10 requests)
[02:19:36] [421/458] BIJO
[02:19:38] [422/458] AVAB
[02:19:39] [423/458] SPMD
[02:19:40] [424/458] SVJL
[02:19:41] [425/458] SDDJ
[02:19:41] [426/458] SLTU
[02:19:42] [427/458] SAKA
[02:19:43] [428/458] PMAM
[02:19:44] [429/458] FNAM
[02:19:46] [430/458] ACAM
[02:19:46] 🔄 Identity reset
[02:19:46] 🔄 Identity rotated (every 10 requests)
[02:19:46] [431/458] SCMM
[02:19:47] [432/458] PMAK
[02:19:48] [433/458] NYSA
[02:19:49] [434/458] FCPA
[02:19:50] [435/458] GDAN
[02:19:51] [436/458] RSCA
[02:19:53] [437/458] DMAN
[02:19:54] [438/458] DZCM
[02:19:56] [439/458] NSGL
[02:19:57] [440/458] CCPP
[02:19:57] 🔄 Identity reset
[02:19:57] 🔄 Identity rotated (every 10 requests)
[02:19:57] [441/458] PSMG
[02:19:58] [442/458] GSER
[02:19:59] [443/458] FCCT
[02:20:01] [444/458] FCTB
[02:20:02] [445/458] LCNK
[02:20:03] [446/458] SKTY
[02:20:04] [447/458] INAA
[02:20:05] [448/458] RCWN
[02:20:07] [449/458] VAIS
[02:20:07] [450/458] CVMN
[02:20:07] 🔄 Identity reset
[02:20:07] 🔄 Identity rotated (every 10 requests)
[02:20:08] [451/458] INTS
[02:20:09] [452/458] FRGS
[02:20:11] [453/458] DTCK
[02:20:12] [454/458] MCMH
[02:20:14] [455/458] ECRR
[02:20:15] [456/458] RLLP
[02:20:16] [457/458] CCSN
[02:20:17] [458/458] CCBA
[02:20:18] 🧹 Deduping shows
[02:20:18] ✅ DONE | Shows=2997 | Movies=87
[11:31:12] 🚀 SCRIPT STARTED
[11:31:12] [1/458] MBDC
[11:31:12] 🧠 New identity created
[11:31:13] [2/458] CHKM
[11:31:14] [3/458] JTKZ
[11:31:15] [4/458] CMCT
[11:31:16] [5/458] ASHO
[11:31:17] [6/458] ECDG
[11:31:18] [7/458] SPAT
[11:31:19] [8/458] HILC
[11:31:20] [9/458] SPPH
[11:31:21] [10/458] SBHN
[11:31:21] 🔄 Identity reset
[11:31:21] 🔄 Identity rotated (every 10 requests)
[11:31:22] [11/458] RRCA
[11:31:23] [12/458] APAA
[11:31:25] [13/458] RAME
[11:31:25] [14/458] TMMS
[11:31:26] [15/458] BATK
[11:31:27] [16/458] LKOP
[11:31:28] [17/458] AMTT
[11:31:29] [18/458] PTGK
[11:31:30] [19/458] ANRS
[11:31:31] [20/458] VWBW
[11:31:31] 🔄 Identity reset
[11:31:31] 🔄 Identity rotated (every 10 requests)
[11:31:32] [21/458] SVFG
[11:31:33] [22/458] STAT
[11:31:35] [23/458] GDCV
[11:31:36] [24/458] VEBI
[11:31:36] [25/458] VDSS
[11:31:37] [26/458] NTHV
[11:31:39] [27/458] AOCH
[11:31:40] [28/458] KASR
[11:31:41] [29/458] AYCS
[11:31:42] [30/458] SHAI
[11:31:42] 🔄 Identity reset
[11:31:42] 🔄 Identity rotated (every 10 requests)
[11:31:43] [31/458] SKPE
[11:31:44] [32/458] SBTA
[11:31:45] [33/458] RTTD
[11:31:46] [34/458] CCJD
[11:31:46] [35/458] RSJJ
[11:31:47] [36/458] RKND
[11:31:48] [37/458] SVTX
[11:31:49] [38/458] BAKM
[11:31:50] [39/458] SVDC
[11:31:51] [40/458] MNCV
[11:31:51] 🔄 Identity reset
[11:31:51] 🔄 Identity rotated (every 10 requests)
[11:31:52] [41/458] SJGC
[11:31:54] [42/458] MTPK
[11:31:55] [43/458] GATP
[11:31:56] [44/458] ABTS
[11:31:57] [45/458] ABDE
[11:31:59] [46/458] RCNM
[11:32:00] [47/458] KTHV
[11:32:01] [48/458] MDGJ
[11:32:02] [49/458] SMLM
[11:32:03] [50/458] JTMA
[11:32:03] 🔄 Identity reset
[11:32:03] 🔄 Identity rotated (every 10 requests)
[11:32:05] [51/458] ACKP
[11:32:06] [52/458] SRTA
[11:32:07] [53/458] STAY
[11:32:08] [54/458] MAVO
[11:32:08] [55/458] APTS
[11:32:09] [56/458] OMEA
[11:32:11] [57/458] TTFD
[11:32:12] [58/458] MJCU
[11:32:12] [59/458] CXTE
[11:32:14] [60/458] CTPX
[11:32:14] 🔄 Identity reset
[11:32:14] 🔄 Identity rotated (every 10 requests)
[11:32:14] [61/458] ASSL
[11:32:15] [62/458] CMVB
[11:32:16] [63/458] VPUR
[11:32:17] [64/458] JJDA
[11:32:18] [65/458] INBL
[11:32:19] [66/458] BIKB
[11:32:20] [67/458] NTBB
[11:32:21] [68/458] GLOB
[11:32:22] [69/458] SNTB
[11:32:23] [70/458] CHGV
[11:32:23] 🔄 Identity reset
[11:32:23] 🔄 Identity rotated (every 10 requests)
[11:32:25] [71/458] SSBZ
[11:32:26] [72/458] PRDB
[11:32:27] [73/458] ISMT
[11:32:27] [74/458] MCSD
[11:32:28] [75/458] JBTT
[11:32:29] [76/458] GEKR
[11:32:31] [77/458] PVUN
[11:32:32] [78/458] NRTB
[11:32:33] [79/458] PRAA
[11:32:34] [80/458] PCBL
[11:32:34] 🔄 Identity reset
[11:32:34] 🔄 Identity rotated (every 10 requests)
[11:32:35] [81/458] PTCM
[11:32:36] [82/458] KHNN
[11:32:37] [83/458] OMJE
[11:32:38] [84/458] STGN
[11:32:39] [85/458] RPMS
[11:32:40] [86/458] NWAD
[11:32:40] [87/458] BLCK
[11:32:42] [88/458] SVAA
[11:32:42] [89/458] URVM
[11:32:43] [90/458] ANTM
[11:32:43] 🔄 Identity reset
[11:32:43] 🔄 Identity rotated (every 10 requests)
[11:32:44] [91/458] VJYM
[11:32:46] [92/458] MAZZ
[11:32:46] [93/458] CSHM
[11:32:47] [94/458] WGMH
[11:32:48] [95/458] SALN
[11:32:49] [96/458] BRTP
[11:32:50] [97/458] SVTA
[11:32:51] [98/458] SBTP
[11:32:52] [99/458] VLSS
[11:32:54] [100/458] SRJA
[11:32:54] 🔄 Identity reset
[11:32:54] 🔄 Identity rotated (every 10 requests)
[11:32:55] [101/458] ANCG
[11:32:55] [102/458] CGGC
[11:32:56] [103/458] CRJA
[11:32:57] [104/458] USCR
[11:32:58] [105/458] MMEF
[11:32:59] [106/458] JCRJ
[11:33:00] [107/458] ADCM
[11:33:01] [108/458] BMYK
[11:33:02] [109/458] KICS
[11:33:03] [110/458] MBBT
[11:33:03] 🔄 Identity reset
[11:33:03] 🔄 Identity rotated (every 10 requests)
[11:33:05] [111/458] MACK
[11:33:06] [112/458] CLDR
[11:33:07] [113/458] JYCR
[11:33:07] [114/458] DCRP
[11:33:08] [115/458] RAHT
[11:33:09] [116/458] CSSM
[11:33:10] [117/458] ATPK
[11:33:12] [118/458] KLRT
[11:33:13] [119/458] SRDD
[11:33:14] [120/458] CKMC
[11:33:14] 🔄 Identity reset
[11:33:14] 🔄 Identity rotated (every 10 requests)
[11:33:15] [121/458] KRVM
[11:33:16] [122/458] AKCP
[11:33:17] [123/458] CNCV
[11:33:18] [124/458] PACT
[11:33:19] [125/458] NATP
[11:33:21] [126/458] PCPK
[11:33:22] [127/458] SMHO
[11:33:23] [128/458] CWTK
[11:33:24] [129/458] RVKZ
[11:33:25] [130/458] ASPD
[11:33:25] 🔄 Identity reset
[11:33:25] 🔄 Identity rotated (every 10 requests)
[11:33:26] [131/458] VTKZ
[11:33:27] [132/458] LCSO
[11:33:28] [133/458] PRDY
[11:33:29] [134/458] RCAP
[11:33:30] [135/458] RGAR
[11:33:31] [136/458] RCAC
[11:33:32] [137/458] PMOD
[11:33:32] [138/458] PVCN
[11:33:33] [139/458] SCRZ
[11:33:35] [140/458] PVPC
[11:33:35] 🔄 Identity reset
[11:33:35] 🔄 Identity rotated (every 10 requests)
[11:33:36] [141/458] STID
[11:33:37] [142/458] NEDD
[11:33:38] [143/458] BNBA
[11:33:40] [144/458] NTCD
[11:33:40] [145/458] OCDE
[11:33:41] [146/458] CCDU
[11:33:43] [147/458] CRXH
[11:33:43] [148/458] VLVT
[11:33:44] [149/458] CICI
[11:33:45] [150/458] SUCB
[11:33:45] 🔄 Identity reset
[11:33:45] 🔄 Identity rotated (every 10 requests)
[11:33:46] [151/458] TCBP
[11:33:47] [152/458] SCCY
[11:33:49] [153/458] LXCY
[11:33:50] [154/458] NCMD
[11:33:51] [155/458] PHCS
[11:33:52] [156/458] DUXR
[11:33:53] [157/458] VNKS
[11:33:54] [158/458] SEDP
[11:33:55] [159/458] SVEN
[11:33:56] [160/458] SRKM
[11:33:56] 🔄 Identity reset
[11:33:56] 🔄 Identity rotated (every 10 requests)
[11:33:58] [161/458] JTLT
[11:33:59] [162/458] SVSS
[11:34:00] [163/458] AMDE
[11:34:01] [164/458] WVRN
[11:34:02] [165/458] ISMG
[11:34:03] [166/458] WVKS
[11:34:04] [167/458] USCG
[11:34:04] [168/458] IOTG
[11:34:05] [169/458] RRJM
[11:34:06] [170/458] EDMP
[11:34:06] 🔄 Identity reset
[11:34:06] 🔄 Identity rotated (every 10 requests)
[11:34:07] [171/458] SCGZ
[11:34:08] [172/458] GMGX
[11:34:10] [173/458] OMTP
[11:34:11] [174/458] MITD
[11:34:12] [175/458] SMMD
[11:34:13] [176/458] STML
[11:34:13] [177/458] MCFS
[11:34:14] [178/458] FPKA
[11:34:15] [179/458] OMLR
[11:34:16] [180/458] KKSC
[11:34:16] 🔄 Identity reset
[11:34:16] 🔄 Identity rotated (every 10 requests)
[11:34:17] [181/458] RVMA
[11:34:19] [182/458] SCLL
[11:34:19] [183/458] SCDK
[11:34:20] [184/458] SXMI
[11:34:21] [185/458] SHDN
[11:34:22] [186/458] PAAD
[11:34:23] [187/458] UUCB
[11:34:24] [188/458] JHOL
[11:34:25] [189/458] SGWT
[11:34:26] [190/458] SRII
[11:34:26] 🔄 Identity reset
[11:34:26] 🔄 Identity rotated (every 10 requests)
[11:34:27] [191/458] SGCK
[11:34:28] [192/458] SVVB
[11:34:29] [193/458] DMHA
[11:34:30] [194/458] PPNL
[11:34:31] [195/458] CPNL
[11:34:32] [196/458] WVLD
[11:34:33] [197/458] PSLV
[11:34:34] [198/458] VTTL
[11:34:35] [199/458] NPAD
[11:34:36] [200/458] PVCS
[11:34:36] 🔄 Identity reset
[11:34:36] 🔄 Identity rotated (every 10 requests)
[11:34:38] [201/458] MCHL
[11:34:39] [202/458] PPLL
[11:34:40] [203/458] MALO
[11:34:41] [204/458] SWBH
[11:34:42] [205/458] PUGB
[11:34:43] [206/458] INBB
[11:34:44] [207/458] INNS
[11:34:45] [208/458] MCPT
[11:34:45] [209/458] SCMI
[11:34:46] [210/458] OCON
[11:34:46] 🔄 Identity reset
[11:34:46] 🔄 Identity rotated (every 10 requests)
[11:34:47] [211/458] SCSM
[11:34:48] [212/458] RJVN
[11:34:49] [213/458] AMDK
[11:34:50] [214/458] ISMR
[11:34:51] [215/458] SMTD
[11:34:53] [216/458] VTDD
[11:34:54] [217/458] PDDZ
[11:34:55] [218/458] PCCK
[11:34:56] [219/458] INAM
[11:34:57] [220/458] FNKT
[11:34:57] 🔄 Identity reset
[11:34:57] 🔄 Identity rotated (every 10 requests)
[11:34:58] [221/458] GDKA
[11:34:59] [222/458] MAYU
[11:34:59] [223/458] TCGU
[11:35:00] [224/458] KDCA
[11:35:01] [225/458] DOMY
[11:35:03] [226/458] PDDD
[11:35:04] [227/458] BJTS
[11:35:05] [228/458] VTCA
[11:35:05] [229/458] SBTM
[11:35:06] [230/458] SEET
[11:35:06] 🔄 Identity reset
[11:35:06] 🔄 Identity rotated (every 10 requests)
[11:35:07] [231/458] SSTJ
[11:35:08] [232/458] SVNT
[11:35:09] [233/458] PPPR
[11:35:11] [234/458] PVYS
[11:35:12] [235/458] IOSE
[11:35:13] [236/458] ACTV
[11:35:14] [237/458] APVE
[11:35:15] [238/458] TCCL
[11:35:15] [239/458] SCMO
[11:35:16] [240/458] SAUM
[11:35:16] 🔄 Identity reset
[11:35:16] 🔄 Identity rotated (every 10 requests)
[11:35:17] [241/458] KCJS
[11:35:18] [242/458] NJCJ
[11:35:19] [243/458] NECF
[11:35:20] [244/458] CCGW
[11:35:21] [245/458] CCMG
[11:35:22] [246/458] NYRG
[11:35:23] [247/458] NCSQ
[11:35:24] [248/458] GRCG
[11:35:25] [249/458] CCBT
[11:35:26] [250/458] ACGA
[11:35:26] 🔄 Identity reset
[11:35:26] 🔄 Identity rotated (every 10 requests)
[11:35:27] [251/458] INAG
[11:35:29] [252/458] FUCG
[11:35:30] [253/458] AICF
[11:35:32] [254/458] GRGA
[11:35:33] [255/458] GDCN
[11:35:33] [256/458] RRCG
[11:35:34] [257/458] SDCH
[11:35:35] [258/458] WVJM
[11:35:36] [259/458] JCCZ
[11:35:37] [260/458] CNCL
[11:35:37] 🔄 Identity reset
[11:35:37] 🔄 Identity rotated (every 10 requests)
[11:35:38] [261/458] TMLV
[11:35:39] [262/458] MEMB
[11:35:40] [263/458] SGTD
[11:35:40] [264/458] CONX
[11:35:41] [265/458] CCMH
[11:35:42] [266/458] ACMC
[11:35:43] [267/458] DTPD
[11:35:44] [268/458] POJA
[11:35:45] [269/458] FNBH
[11:35:46] [270/458] CGCB
[11:35:46] 🔄 Identity reset
[11:35:46] 🔄 Identity rotated (every 10 requests)
[11:35:47] [271/458] RACN
[11:35:48] [272/458] JTSM
[11:35:49] [273/458] SCDN
[11:35:49] [274/458] AACK
[11:35:50] [275/458] RMCE
[11:35:51] [276/458] BSGB
[11:35:52] [277/458] MRCB
[11:35:53] [278/458] SRVR
[11:35:54] [279/458] VTKK
[11:35:55] [280/458] AMST
[11:35:55] 🔄 Identity reset
[11:35:55] 🔄 Identity rotated (every 10 requests)
[11:35:57] [281/458] APCY
[11:35:57] [282/458] LMHO
[11:35:58] [283/458] MTZH
[11:35:59] [284/458] AMZB
[11:36:00] [285/458] SUVT
[11:36:01] [286/458] RCIP
[11:36:02] [287/458] KESR
[11:36:03] [288/458] SNKC
[11:36:04] [289/458] SCED
[11:36:04] [290/458] DVCA
[11:36:04] 🔄 Identity reset
[11:36:04] 🔄 Identity rotated (every 10 requests)
[11:36:05] [291/458] VCDT
[11:36:06] [292/458] RRDI
[11:36:07] [293/458] DFCH
[11:36:08] [294/458] INSC
[11:36:09] [295/458] RGTR
[11:36:10] [296/458] FMOT
[11:36:11] [297/458] SCPM
[11:36:12] [298/458] GCDT
[11:36:13] [299/458] BRKT
[11:36:14] [300/458] DEMP
[11:36:14] 🔄 Identity reset
[11:36:14] 🔄 Identity rotated (every 10 requests)
[11:36:15] [301/458] SRLC
[11:36:17] [302/458] KSTT
[11:36:18] [303/458] SMMT
[11:36:19] [304/458] SILM
[11:36:20] [305/458] JCVM
[11:36:21] [306/458] KCSV
[11:36:22] [307/458] MHLK
[11:36:23] [308/458] SLVL
[11:36:24] [309/458] RJKP
[11:36:25] [310/458] BBPC
[11:36:25] 🔄 Identity reset
[11:36:25] 🔄 Identity rotated (every 10 requests)
[11:36:27] [311/458] MXCB
[11:36:27] [312/458] TCPK
[11:36:28] [313/458] RTBR
[11:36:30] [314/458] GAUT
[11:36:31] [315/458] DVCF
[11:36:32] [316/458] JTSB
[11:36:33] [317/458] SBLS
[11:36:34] [318/458] UDAY
[11:36:35] [319/458] PTNP
[11:36:36] [320/458] DMKT
[11:36:36] 🔄 Identity reset
[11:36:36] 🔄 Identity rotated (every 10 requests)
[11:36:37] [321/458] NTDT
[11:36:38] [322/458] SHDJ
[11:36:39] [323/458] OTNC
[11:36:39] [324/458] RNTW
[11:36:40] [325/458] GCMI
[11:36:41] [326/458] CRCM
[11:36:43] [327/458] NNCZ
[11:36:44] [328/458] OEMO
[11:36:45] [329/458] PVJM
[11:36:46] [330/458] CPJI
[11:36:46] 🔄 Identity reset
[11:36:46] 🔄 Identity rotated (every 10 requests)
[11:36:47] [331/458] RMCJ
[11:36:48] [332/458] CNWJ
[11:36:49] [333/458] EPJM
[11:36:50] [334/458] FNJJ
[11:36:51] [335/458] GCMJ
[11:36:52] [336/458] INPS
[11:36:53] [337/458] BICJ
[11:36:54] [338/458] ISTJ
[11:36:55] [339/458] INJC
[11:36:56] [340/458] GLXJ
[11:36:56] 🔄 Identity reset
[11:36:56] 🔄 Identity rotated (every 10 requests)
[11:36:57] [341/458] INEM
[11:36:58] [342/458] JTMN
[11:36:59] [343/458] FRCJ
[11:37:00] [344/458] DDJP
[11:37:02] [345/458] INJV
[11:37:03] [346/458] GOLC
[11:37:04] [347/458] KOCI
[11:37:04] [348/458] FSTD
[11:37:05] [349/458] PACJ
[11:37:06] [350/458] GMCN
[11:37:06] 🔄 Identity reset
[11:37:06] 🔄 Identity rotated (every 10 requests)
[11:37:07] [351/458] MMDJ
[11:37:08] [352/458] GODH
[11:37:09] [353/458] SKYN
[11:37:10] [354/458] NCTH
[11:37:11] [355/458] SKVZ
[11:37:12] [356/458] SVML
[11:37:13] [357/458] ACVZ
[11:37:14] [358/458] SURA
[11:37:15] [359/458] RTRB
[11:37:16] [360/458] LLCT
[11:37:16] 🔄 Identity reset
[11:37:16] 🔄 Identity rotated (every 10 requests)
[11:37:17] [361/458] ATTS
[11:37:18] [362/458] JYCM
[11:37:19] [363/458] CTKR
[11:37:20] [364/458] LCKR
[11:37:22] [365/458] NYCV
[11:37:24] [366/458] NYOH
[11:37:25] [367/458] NOVX
[11:37:26] [368/458] MRGK
[11:37:27] [369/458] MOON
[11:37:29] [370/458] SBUC
[11:37:29] 🔄 Identity reset
[11:37:29] 🔄 Identity rotated (every 10 requests)
[11:37:31] [371/458] GSVA
[11:37:31] [372/458] VIAK
[11:37:33] [373/458] SMVZ
[11:37:34] [374/458] MATE
[11:37:35] [375/458] RDCN
[11:37:36] [376/458] ASBL
[11:37:37] [377/458] ASVS
[11:37:38] [378/458] ASSR
[11:37:39] [379/458] SSKN
[11:37:41] [380/458] DRPV
[11:37:41] 🔄 Identity reset
[11:37:41] 🔄 Identity rotated (every 10 requests)
[11:37:42] [381/458] MRHT
[11:37:43] [382/458] BSCN
[11:37:44] [383/458] RKNX
[11:37:46] [384/458] MSMC
[11:37:46] [385/458] MSCJ
[11:37:48] [386/458] BTBJ
[11:37:49] [387/458] MJCC
[11:37:50] [388/458] IOMM
[11:37:51] [389/458] ADGR
[11:37:53] [390/458] MYCP
[11:37:53] 🔄 Identity reset
[11:37:53] 🔄 Identity rotated (every 10 requests)
[11:37:54] [391/458] IGCM
[11:37:55] [392/458] PGRK
[11:37:56] [393/458] VPGO
[11:37:57] [394/458] KOMS
[11:37:59] [395/458] URGG
[11:37:59] [396/458] GOST
[11:38:01] [397/458] LACT
[11:38:02] [398/458] BWCM
[11:38:03] [399/458] NCCW
[11:38:04] [400/458] SKYC
[11:38:04] 🔄 Identity reset
[11:38:04] 🔄 Identity rotated (every 10 requests)
[11:38:05] [401/458] CCPM
[11:38:06] [402/458] VCBT
[11:38:07] [403/458] SDKR
[11:38:08] [404/458] CTYB
[11:38:09] [405/458] SHCX
[11:38:10] [406/458] RCUN
[11:38:11] [407/458] CNRA
[11:38:12] [408/458] RFCA
[11:38:13] [409/458] RDCU
[11:38:13] [410/458] SARK
[11:38:13] 🔄 Identity reset
[11:38:13] 🔄 Identity rotated (every 10 requests)
[11:38:14] [411/458] SPPP
[11:38:15] [412/458] ADMB
[11:38:16] [413/458] JYOE
[11:38:17] [414/458] SRMD
[11:38:18] [415/458] RJDH
[11:38:19] [416/458] SSTD
[11:38:19] [417/458] AACV
[11:38:20] [418/458] PPVD
[11:38:21] [419/458] STCP
[11:38:22] [420/458] ANLS
[11:38:22] 🔄 Identity reset
[11:38:22] 🔄 Identity rotated (every 10 requests)
[11:38:23] [421/458] BIJO
[11:38:24] [422/458] AVAB
[11:38:25] [423/458] SPMD
[11:38:26] [424/458] SVJL
[11:38:27] [425/458] SDDJ
[11:38:28] [426/458] SLTU
[11:38:29] [427/458] SAKA
[11:38:30] [428/458] PMAM
[11:38:31] [429/458] FNAM
[11:38:32] [430/458] ACAM
[11:38:32] 🔄 Identity reset
[11:38:32] 🔄 Identity rotated (every 10 requests)
[11:38:33] [431/458] SCMM
[11:38:34] [432/458] PMAK
[11:38:36] [433/458] NYSA
[11:38:37] [434/458] FCPA
[11:38:38] [435/458] GDAN
[11:38:38] [436/458] RSCA
[11:38:40] [437/458] DMAN
[11:38:40] [438/458] DZCM
[11:38:42] [439/458] NSGL
[11:38:43] [440/458] CCPP
[11:38:43] 🔄 Identity reset
[11:38:43] 🔄 Identity rotated (every 10 requests)
[11:38:44] [441/458] PSMG
[11:38:46] [442/458] GSER
[11:38:47] [443/458] FCCT
[11:38:48] [444/458] FCTB
[11:38:49] [445/458] LCNK
[11:38:49] [446/458] SKTY
[11:38:50] [447/458] INAA
[11:38:52] [448/458] RCWN
[11:38:53] [449/458] VAIS
[11:38:53] [450/458] CVMN
[11:38:53] 🔄 Identity reset
[11:38:53] 🔄 Identity rotated (every 10 requests)
[11:38:54] [451/458] INTS
[11:38:55] [452/458] FRGS
[11:38:56] [453/458] DTCK
[11:38:57] [454/458] MCMH
[11:38:58] [455/458] ECRR
[11:38:59] [456/458] RLLP
[11:39:00] [457/458] CCSN
[11:39:01] [458/458] CCBA
[11:39:02] 🧹 Deduping shows
[11:39:02] ✅ DONE | Shows=3053 | Movies=88
[18:44:25] 🚀 SCRIPT STARTED
[18:44:25] [1/458] MBDC
[18:44:25] 🧠 New identity created
[18:44:26] [2/458] CHKM
[18:44:27] [3/458] JTKZ
[18:44:28] [4/458] CMCT
[18:44:29] [5/458] ASHO
[18:44:30] [6/458] ECDG
[18:44:31] [7/458] SPAT
[18:44:32] [8/458] HILC
[18:44:33] [9/458] SPPH
[18:44:34] [10/458] SBHN
[18:44:34] 🔄 Identity reset
[18:44:34] 🔄 Identity rotated (every 10 requests)
[18:44:35] [11/458] RRCA
[18:44:36] [12/458] APAA
[18:44:37] [13/458] RAME
[18:44:39] [14/458] TMMS
[18:44:39] [15/458] BATK
[18:44:41] [16/458] LKOP
[18:44:42] [17/458] AMTT
[18:44:43] [18/458] PTGK
[18:44:44] [19/458] ANRS
[18:44:45] [20/458] VWBW
[18:44:45] 🔄 Identity reset
[18:44:45] 🔄 Identity rotated (every 10 requests)
[18:44:45] [21/458] SVFG
[18:44:46] [22/458] STAT
[18:44:48] [23/458] GDCV
[18:44:49] [24/458] VEBI
[18:44:50] [25/458] VDSS
[18:44:51] [26/458] NTHV
[18:44:52] [27/458] AOCH
[18:44:53] [28/458] KASR
[18:44:53] [29/458] AYCS
[18:44:55] [30/458] SHAI
[18:44:55] 🔄 Identity reset
[18:44:55] 🔄 Identity rotated (every 10 requests)
[18:44:56] [31/458] SKPE
[18:44:57] [32/458] SBTA
[18:44:58] [33/458] RTTD
[18:44:59] [34/458] CCJD
[18:45:00] [35/458] RSJJ
[18:45:01] [36/458] RKND
[18:45:02] [37/458] SVTX
[18:45:03] [38/458] BAKM
[18:45:04] [39/458] SVDC
[18:45:05] [40/458] MNCV
[18:45:05] 🔄 Identity reset
[18:45:05] 🔄 Identity rotated (every 10 requests)
[18:45:06] [41/458] SJGC
[18:45:08] [42/458] MTPK
[18:45:09] [43/458] GATP
[18:45:10] [44/458] ABTS
[18:45:11] [45/458] ABDE
[18:45:12] [46/458] RCNM
[18:45:13] [47/458] KTHV
[18:45:14] [48/458] MDGJ
[18:45:15] [49/458] SMLM
[18:45:16] [50/458] JTMA
[18:45:16] 🔄 Identity reset
[18:45:16] 🔄 Identity rotated (every 10 requests)
[18:45:17] [51/458] ACKP
[18:45:18] [52/458] SRTA
[18:45:19] [53/458] STAY
[18:45:20] [54/458] MAVO
[18:45:22] [55/458] APTS
[18:45:23] [56/458] OMEA
[18:45:23] [57/458] TTFD
[18:45:24] [58/458] MJCU
[18:45:25] [59/458] CXTE
[18:45:26] [60/458] CTPX
[18:45:26] 🔄 Identity reset
[18:45:26] 🔄 Identity rotated (every 10 requests)
[18:45:27] [61/458] ASSL
[18:45:28] [62/458] CMVB
[18:45:29] [63/458] VPUR
[18:45:30] [64/458] JJDA
[18:45:31] [65/458] INBL
[18:45:32] [66/458] BIKB
[18:45:34] [67/458] NTBB
[18:45:35] [68/458] GLOB
[18:45:37] [69/458] SNTB
[18:45:38] [70/458] CHGV
[18:45:38] 🔄 Identity reset
[18:45:38] 🔄 Identity rotated (every 10 requests)
[18:45:39] [71/458] SSBZ
[18:45:40] [72/458] PRDB
[18:45:42] [73/458] ISMT
[18:45:43] [74/458] MCSD
[18:45:45] [75/458] JBTT
[18:45:45] [76/458] GEKR
[18:45:46] [77/458] PVUN
[18:45:47] [78/458] NRTB
[18:45:48] [79/458] PRAA
[18:45:49] [80/458] PCBL
[18:45:49] 🔄 Identity reset
[18:45:49] 🔄 Identity rotated (every 10 requests)
[18:45:50] [81/458] PTCM
[18:45:52] [82/458] KHNN
[18:45:53] [83/458] OMJE
[18:45:53] [84/458] STGN
[18:45:54] [85/458] RPMS
[18:45:56] [86/458] NWAD
[18:45:57] [87/458] BLCK
[18:45:58] [88/458] SVAA
[18:45:59] [89/458] URVM
[18:46:00] [90/458] ANTM
[18:46:00] 🔄 Identity reset
[18:46:00] 🔄 Identity rotated (every 10 requests)
[18:46:02] [91/458] VJYM
[18:46:03] [92/458] MAZZ
[18:46:04] [93/458] CSHM
[18:46:05] [94/458] WGMH
[18:46:06] [95/458] SALN
[18:46:07] [96/458] BRTP
[18:46:08] [97/458] SVTA
[18:46:09] [98/458] SBTP
[18:46:09] [99/458] VLSS
[18:46:10] [100/458] SRJA
[18:46:10] 🔄 Identity reset
[18:46:10] 🔄 Identity rotated (every 10 requests)
[18:46:11] [101/458] ANCG
[18:46:12] [102/458] CGGC
[18:46:13] [103/458] CRJA
[18:46:14] [104/458] USCR
[18:46:15] [105/458] MMEF
[18:46:16] [106/458] JCRJ
[18:46:17] [107/458] ADCM
[18:46:18] [108/458] BMYK
[18:46:19] [109/458] KICS
[18:46:20] [110/458] MBBT
[18:46:20] 🔄 Identity reset
[18:46:20] 🔄 Identity rotated (every 10 requests)
[18:46:21] [111/458] MACK
[18:46:22] [112/458] CLDR
[18:46:23] [113/458] JYCR
[18:46:24] [114/458] DCRP
[18:46:25] [115/458] RAHT
[18:46:26] [116/458] CSSM
[18:46:27] [117/458] ATPK
[18:46:28] [118/458] KLRT
[18:46:29] [119/458] SRDD
[18:46:30] [120/458] CKMC
[18:46:30] 🔄 Identity reset
[18:46:30] 🔄 Identity rotated (every 10 requests)
[18:46:31] [121/458] KRVM
[18:46:32] [122/458] AKCP
[18:46:34] [123/458] CNCV
[18:46:35] [124/458] PACT
[18:46:36] [125/458] NATP
[18:46:37] [126/458] PCPK
[18:46:38] [127/458] SMHO
[18:46:39] [128/458] CWTK
[18:46:39] [129/458] RVKZ
[18:46:41] [130/458] ASPD
[18:46:41] 🔄 Identity reset
[18:46:41] 🔄 Identity rotated (every 10 requests)
[18:46:41] [131/458] VTKZ
[18:46:42] [132/458] LCSO
[18:46:44] [133/458] PRDY
[18:46:45] [134/458] RCAP
[18:46:46] [135/458] RGAR
[18:46:47] [136/458] RCAC
[18:46:48] [137/458] PMOD
[18:46:50] [138/458] PVCN
[18:46:51] [139/458] SCRZ
[18:46:52] [140/458] PVPC
[18:46:52] 🔄 Identity reset
[18:46:52] 🔄 Identity rotated (every 10 requests)
[18:46:52] [141/458] STID
[18:46:53] [142/458] NEDD
[18:46:55] [143/458] BNBA
[18:46:56] [144/458] NTCD
[18:46:57] [145/458] OCDE
[18:46:58] [146/458] CCDU
[18:46:59] [147/458] CRXH
[18:47:01] [148/458] VLVT
[18:47:02] [149/458] CICI
[18:47:03] [150/458] SUCB
[18:47:03] 🔄 Identity reset
[18:47:03] 🔄 Identity rotated (every 10 requests)
[18:47:04] [151/458] TCBP
[18:47:05] [152/458] SCCY
[18:47:06] [153/458] LXCY
[18:47:07] [154/458] NCMD
[18:47:08] [155/458] PHCS
[18:47:09] [156/458] DUXR
[18:47:10] [157/458] VNKS
[18:47:11] [158/458] SEDP
[18:47:12] [159/458] SVEN
[18:47:13] [160/458] SRKM
[18:47:13] 🔄 Identity reset
[18:47:13] 🔄 Identity rotated (every 10 requests)
[18:47:14] [161/458] JTLT
[18:47:15] [162/458] SVSS
[18:47:16] [163/458] AMDE
[18:47:16] [164/458] WVRN
[18:47:18] [165/458] ISMG
[18:47:19] [166/458] WVKS
[18:47:20] [167/458] USCG
[18:47:21] [168/458] IOTG
[18:47:21] [169/458] RRJM
[18:47:22] [170/458] EDMP
[18:47:22] 🔄 Identity reset
[18:47:22] 🔄 Identity rotated (every 10 requests)
[18:47:23] [171/458] SCGZ
[18:47:24] [172/458] GMGX
[18:47:25] [173/458] OMTP
[18:47:26] [174/458] MITD
[18:47:27] [175/458] SMMD
[18:47:28] [176/458] STML
[18:47:29] [177/458] MCFS
[18:47:30] [178/458] FPKA
[18:47:31] [179/458] OMLR
[18:47:31] [180/458] KKSC
[18:47:31] 🔄 Identity reset
[18:47:31] 🔄 Identity rotated (every 10 requests)
[18:47:32] [181/458] RVMA
[18:47:33] [182/458] SCLL
[18:47:34] [183/458] SCDK
[18:47:35] [184/458] SXMI
[18:47:36] [185/458] SHDN
[18:47:37] [186/458] PAAD
[18:47:37] [187/458] UUCB
[18:47:39] [188/458] JHOL
[18:47:40] [189/458] SGWT
[18:47:40] [190/458] SRII
[18:47:40] 🔄 Identity reset
[18:47:40] 🔄 Identity rotated (every 10 requests)
[18:47:41] [191/458] SGCK
[18:47:42] [192/458] SVVB
[18:47:43] [193/458] DMHA
[18:47:44] [194/458] PPNL
[18:47:45] [195/458] CPNL
[18:47:47] [196/458] WVLD
[18:47:48] [197/458] PSLV
[18:47:49] [198/458] VTTL
[18:47:51] [199/458] NPAD
[18:47:51] [200/458] PVCS
[18:47:51] 🔄 Identity reset
[18:47:52] 🔄 Identity rotated (every 10 requests)
[18:47:52] [201/458] MCHL
[18:47:54] [202/458] PPLL
[18:47:55] [203/458] MALO
[18:47:56] [204/458] SWBH
[18:47:57] [205/458] PUGB
[18:47:58] [206/458] INBB
[18:47:59] [207/458] INNS
[18:48:00] [208/458] MCPT
[18:48:01] [209/458] SCMI
[18:48:02] [210/458] OCON
[18:48:02] 🔄 Identity reset
[18:48:02] 🔄 Identity rotated (every 10 requests)
[18:48:03] [211/458] SCSM
[18:48:04] [212/458] RJVN
[18:48:05] [213/458] AMDK
[18:48:05] [214/458] ISMR
[18:48:06] [215/458] SMTD
[18:48:07] [216/458] VTDD
[18:48:09] [217/458] PDDZ
[18:48:10] [218/458] PCCK
[18:48:11] [219/458] INAM
[18:48:12] [220/458] FNKT
[18:48:12] 🔄 Identity reset
[18:48:12] 🔄 Identity rotated (every 10 requests)
[18:48:13] [221/458] GDKA
[18:48:14] [222/458] MAYU
[18:48:15] [223/458] TCGU
[18:48:16] [224/458] KDCA
[18:48:17] [225/458] DOMY
[18:48:18] [226/458] PDDD
[18:48:18] [227/458] BJTS
[18:48:19] [228/458] VTCA
[18:48:20] [229/458] SBTM
[18:48:21] [230/458] SEET
[18:48:21] 🔄 Identity reset
[18:48:21] 🔄 Identity rotated (every 10 requests)
[18:48:22] [231/458] SSTJ
[18:48:23] [232/458] SVNT
[18:48:24] [233/458] PPPR
[18:48:25] [234/458] PVYS
[18:48:27] [235/458] IOSE
[18:48:27] [236/458] ACTV
[18:48:28] [237/458] APVE
[18:48:29] [238/458] TCCL
[18:48:30] [239/458] SCMO
[18:48:31] [240/458] SAUM
[18:48:31] 🔄 Identity reset
[18:48:31] 🔄 Identity rotated (every 10 requests)
[18:48:32] [241/458] KCJS
[18:48:32] [242/458] NJCJ
[18:48:33] [243/458] NECF
[18:48:35] [244/458] CCGW
[18:48:36] [245/458] CCMG
[18:48:37] [246/458] NYRG
[18:48:38] [247/458] NCSQ
[18:48:43] [248/458] GRCG
[18:48:44] [249/458] CCBT
[18:48:45] [250/458] ACGA
[18:48:45] 🔄 Identity reset
[18:48:45] 🔄 Identity rotated (every 10 requests)
[18:48:46] [251/458] INAG
[18:48:46] [252/458] FUCG
[18:48:50] [253/458] AICF
[18:48:51] [254/458] GRGA
[18:48:52] [255/458] GDCN
[18:48:53] [256/458] RRCG
[18:48:54] [257/458] SDCH
[18:48:55] [258/458] WVJM
[18:48:55] [259/458] JCCZ
[18:48:56] [260/458] CNCL
[18:48:56] 🔄 Identity reset
[18:48:56] 🔄 Identity rotated (every 10 requests)
[18:48:57] [261/458] TMLV
[18:48:58] [262/458] MEMB
[18:48:59] [263/458] SGTD
[18:49:01] [264/458] CONX
[18:49:02] [265/458] CCMH
[18:49:02] [266/458] ACMC
[18:49:03] [267/458] DTPD
[18:49:04] [268/458] POJA
[18:49:05] [269/458] FNBH
[18:49:07] [270/458] CGCB
[18:49:07] 🔄 Identity reset
[18:49:07] 🔄 Identity rotated (every 10 requests)
[18:49:08] [271/458] RACN
[18:49:09] [272/458] JTSM
[18:49:09] [273/458] SCDN
[18:49:10] [274/458] AACK
[18:49:11] [275/458] RMCE
[18:49:12] [276/458] BSGB
[18:49:13] [277/458] MRCB
[18:49:14] [278/458] SRVR
[18:49:15] [279/458] VTKK
[18:49:15] [280/458] AMST
[18:49:15] 🔄 Identity reset
[18:49:15] 🔄 Identity rotated (every 10 requests)
[18:49:16] [281/458] APCY
[18:49:17] [282/458] LMHO
[18:49:18] [283/458] MTZH
[18:49:19] [284/458] AMZB
[18:49:20] [285/458] SUVT
[18:49:21] [286/458] RCIP
[18:49:22] [287/458] KESR
[18:49:23] [288/458] SNKC
[18:49:24] [289/458] SCED
[18:49:25] [290/458] DVCA
[18:49:25] 🔄 Identity reset
[18:49:25] 🔄 Identity rotated (every 10 requests)
[18:49:26] [291/458] VCDT
[18:49:26] [292/458] RRDI
[18:49:27] [293/458] DFCH
[18:49:28] [294/458] INSC
[18:49:29] [295/458] RGTR
[18:49:30] [296/458] FMOT
[18:49:31] [297/458] SCPM
[18:49:32] [298/458] GCDT
[18:49:33] [299/458] BRKT
[18:49:34] [300/458] DEMP
[18:49:34] 🔄 Identity reset
[18:49:34] 🔄 Identity rotated (every 10 requests)
[18:49:35] [301/458] SRLC
[18:49:36] [302/458] KSTT
[18:49:36] [303/458] SMMT
[18:49:37] [304/458] SILM
[18:49:38] [305/458] JCVM
[18:49:39] [306/458] KCSV
[18:49:40] [307/458] MHLK
[18:49:41] [308/458] SLVL
[18:49:42] [309/458] RJKP
[18:49:43] [310/458] BBPC
[18:49:43] 🔄 Identity reset
[18:49:43] 🔄 Identity rotated (every 10 requests)
[18:49:43] [311/458] MXCB
[18:49:45] [312/458] TCPK
[18:49:45] [313/458] RTBR
[18:49:46] [314/458] GAUT
[18:49:47] [315/458] DVCF
[18:49:48] [316/458] JTSB
[18:49:49] [317/458] SBLS
[18:49:50] [318/458] UDAY
[18:49:51] [319/458] PTNP
[18:49:52] [320/458] DMKT
[18:49:52] 🔄 Identity reset
[18:49:52] 🔄 Identity rotated (every 10 requests)
[18:49:53] [321/458] NTDT
[18:49:54] [322/458] SHDJ
[18:49:55] [323/458] OTNC
[18:49:56] [324/458] RNTW
[18:49:57] [325/458] GCMI
[18:49:58] [326/458] CRCM
[18:49:59] [327/458] NNCZ
[18:50:00] [328/458] OEMO
[18:50:01] [329/458] PVJM
[18:50:02] [330/458] CPJI
[18:50:02] 🔄 Identity reset
[18:50:02] 🔄 Identity rotated (every 10 requests)
[18:50:03] [331/458] RMCJ
[18:50:04] [332/458] CNWJ
[18:50:05] [333/458] EPJM
[18:50:06] [334/458] FNJJ
[18:50:07] [335/458] GCMJ
[18:50:07] [336/458] INPS
[18:50:08] [337/458] BICJ
[18:50:09] [338/458] ISTJ
[18:50:10] [339/458] INJC
[18:50:11] [340/458] GLXJ
[18:50:11] 🔄 Identity reset
[18:50:11] 🔄 Identity rotated (every 10 requests)
[18:50:12] [341/458] INEM
[18:50:13] [342/458] JTMN
[18:50:14] [343/458] FRCJ
[18:50:15] [344/458] DDJP
[18:50:16] [345/458] INJV
[18:50:17] [346/458] GOLC
[18:50:17] [347/458] KOCI
[18:50:19] [348/458] FSTD
[18:50:19] [349/458] PACJ
[18:50:20] [350/458] GMCN
[18:50:20] 🔄 Identity reset
[18:50:20] 🔄 Identity rotated (every 10 requests)
[18:50:22] [351/458] MMDJ
[18:50:22] [352/458] GODH
[18:50:23] [353/458] SKYN
[18:50:24] [354/458] NCTH
[18:50:25] [355/458] SKVZ
[18:50:26] [356/458] SVML
[18:50:27] [357/458] ACVZ
[18:50:28] [358/458] SURA
[18:50:29] [359/458] RTRB
[18:50:30] [360/458] LLCT
[18:50:30] 🔄 Identity reset
[18:50:30] 🔄 Identity rotated (every 10 requests)
[18:50:31] [361/458] ATTS
[18:50:32] [362/458] JYCM
[18:50:33] [363/458] CTKR
[18:50:34] [364/458] LCKR
[18:50:35] [365/458] NYCV
[18:50:36] [366/458] NYOH
[18:50:37] [367/458] NOVX
[18:50:38] [368/458] MRGK
[18:50:39] [369/458] MOON
[18:50:40] [370/458] SBUC
[18:50:40] 🔄 Identity reset
[18:50:40] 🔄 Identity rotated (every 10 requests)
[18:50:41] [371/458] GSVA
[18:50:42] [372/458] VIAK
[18:50:43] [373/458] SMVZ
[18:50:43] [374/458] MATE
[18:50:44] [375/458] RDCN
[18:50:45] [376/458] ASBL
[18:50:46] [377/458] ASVS
[18:50:47] [378/458] ASSR
[18:50:48] [379/458] SSKN
[18:50:49] [380/458] DRPV
[18:50:49] 🔄 Identity reset
[18:50:49] 🔄 Identity rotated (every 10 requests)
[18:50:50] [381/458] MRHT
[18:50:51] [382/458] BSCN
[18:50:52] [383/458] RKNX
[18:50:53] [384/458] MSMC
[18:50:54] [385/458] MSCJ
[18:50:55] [386/458] BTBJ
[18:50:56] [387/458] MJCC
[18:50:57] [388/458] IOMM
[18:50:58] [389/458] ADGR
[18:50:59] [390/458] MYCP
[18:50:59] 🔄 Identity reset
[18:50:59] 🔄 Identity rotated (every 10 requests)
[18:51:00] [391/458] IGCM
[18:51:01] [392/458] PGRK
[18:51:02] [393/458] VPGO
[18:51:03] [394/458] KOMS
[18:51:04] [395/458] URGG
[18:51:05] [396/458] GOST
[18:51:06] [397/458] LACT
[18:51:06] [398/458] BWCM
[18:51:07] [399/458] NCCW
[18:51:08] [400/458] SKYC
[18:51:08] 🔄 Identity reset
[18:51:08] 🔄 Identity rotated (every 10 requests)
[18:51:10] [401/458] CCPM
[18:51:11] [402/458] VCBT
[18:51:11] [403/458] SDKR
[18:51:12] [404/458] CTYB
[18:51:14] [405/458] SHCX
[18:51:15] [406/458] RCUN
[18:51:16] [407/458] CNRA
[18:51:17] [408/458] RFCA
[18:51:18] [409/458] RDCU
[18:51:19] [410/458] SARK
[18:51:19] 🔄 Identity reset
[18:51:19] 🔄 Identity rotated (every 10 requests)
[18:51:20] [411/458] SPPP
[18:51:21] [412/458] ADMB
[18:51:22] [413/458] JYOE
[18:51:23] [414/458] SRMD
[18:51:24] [415/458] RJDH
[18:51:26] [416/458] SSTD
[18:51:26] [417/458] AACV
[18:51:28] [418/458] PPVD
[18:51:29] [419/458] STCP
[18:51:30] [420/458] ANLS
[18:51:30] 🔄 Identity reset
[18:51:30] 🔄 Identity rotated (every 10 requests)
[18:51:31] [421/458] BIJO
[18:51:32] [422/458] AVAB
[18:51:33] [423/458] SPMD
[18:51:33] [424/458] SVJL
[18:51:35] [425/458] SDDJ
[18:51:35] [426/458] SLTU
[18:51:36] [427/458] SAKA
[18:51:37] [428/458] PMAM
[18:51:38] [429/458] FNAM
[18:51:39] [430/458] ACAM
[18:51:39] 🔄 Identity reset
[18:51:39] 🔄 Identity rotated (every 10 requests)
[18:51:41] [431/458] SCMM
[18:51:42] [432/458] PMAK
[18:51:42] [433/458] NYSA
[18:51:43] [434/458] FCPA
[18:51:44] [435/458] GDAN
[18:51:45] [436/458] RSCA
[18:51:46] [437/458] DMAN
[18:51:47] [438/458] DZCM
[18:51:48] [439/458] NSGL
[18:51:49] [440/458] CCPP
[18:51:49] 🔄 Identity reset
[18:51:49] 🔄 Identity rotated (every 10 requests)
[18:51:50] [441/458] PSMG
[18:51:51] [442/458] GSER
[18:51:52] [443/458] FCCT
[18:51:53] [444/458] FCTB
[18:51:54] [445/458] LCNK
[18:51:55] [446/458] SKTY
[18:51:56] [447/458] INAA
[18:51:57] [448/458] RCWN
[18:51:58] [449/458] VAIS
[18:51:59] [450/458] CVMN
[18:51:59] 🔄 Identity reset
[18:51:59] 🔄 Identity rotated (every 10 requests)
[18:52:01] [451/458] INTS
[18:52:02] [452/458] FRGS
[18:52:03] [453/458] DTCK
[18:52:04] [454/458] MCMH
[18:52:05] [455/458] ECRR
[18:52:05] [456/458] RLLP
[18:52:06] [457/458] CCSN
[18:52:08] [458/458] CCBA
[18:52:09] 🧹 Deduping shows
[18:52:09] ✅ DONE | Shows=3332 | Movies=90
[23:31:58] 🚀 SCRIPT STARTED
[23:31:58] [1/458] MBDC
[23:31:58] 🧠 New identity created
[23:31:59] [2/458] CHKM
[23:32:00] [3/458] JTKZ
[23:32:01] [4/458] CMCT
[23:32:02] [5/458] ASHO
[23:32:03] [6/458] ECDG
[23:32:03] [7/458] SPAT
[23:32:05] [8/458] HILC
[23:32:06] [9/458] SPPH
[23:32:07] [10/458] SBHN
[23:32:07] 🔄 Identity reset
[23:32:07] 🔄 Identity rotated (every 10 requests)
[23:32:08] [11/458] RRCA
[23:32:09] [12/458] APAA
[23:32:10] [13/458] RAME
[23:32:11] [14/458] TMMS
[23:32:12] [15/458] BATK
[23:32:13] [16/458] LKOP
[23:32:13] [17/458] AMTT
[23:32:14] [18/458] PTGK
[23:32:15] [19/458] ANRS
[23:32:16] [20/458] VWBW
[23:32:16] 🔄 Identity reset
[23:32:16] 🔄 Identity rotated (every 10 requests)
[23:32:17] [21/458] SVFG
[23:32:18] [22/458] STAT
[23:32:19] [23/458] GDCV
[23:32:19] [24/458] VEBI
[23:32:20] [25/458] VDSS
[23:32:21] [26/458] NTHV
[23:32:22] [27/458] AOCH
[23:32:23] [28/458] KASR
[23:32:24] [29/458] AYCS
[23:32:24] [30/458] SHAI
[23:32:24] 🔄 Identity reset
[23:32:24] 🔄 Identity rotated (every 10 requests)
[23:32:26] [31/458] SKPE
[23:32:27] [32/458] SBTA
[23:32:29] [33/458] RTTD
[23:32:30] [34/458] CCJD
[23:32:31] [35/458] RSJJ
[23:32:32] [36/458] RKND
[23:32:33] [37/458] SVTX
[23:32:34] [38/458] BAKM
[23:32:35] [39/458] SVDC
[23:32:36] [40/458] MNCV
[23:32:36] 🔄 Identity reset
[23:32:36] 🔄 Identity rotated (every 10 requests)
[23:32:37] [41/458] SJGC
[23:32:38] [42/458] MTPK
[23:32:39] [43/458] GATP
[23:32:40] [44/458] ABTS
[23:32:40] [45/458] ABDE
[23:32:42] [46/458] RCNM
[23:32:43] [47/458] KTHV
[23:32:44] [48/458] MDGJ
[23:32:45] [49/458] SMLM
[23:32:46] [50/458] JTMA
[23:32:46] 🔄 Identity reset
[23:32:46] 🔄 Identity rotated (every 10 requests)
[23:32:47] [51/458] ACKP
[23:32:48] [52/458] SRTA
[23:32:48] [53/458] STAY
[23:32:49] [54/458] MAVO
[23:32:50] [55/458] APTS
[23:32:50] [56/458] OMEA
[23:32:51] [57/458] TTFD
[23:32:52] [58/458] MJCU
[23:32:53] [59/458] CXTE
[23:32:53] [60/458] CTPX
[23:32:53] 🔄 Identity reset
[23:32:53] 🔄 Identity rotated (every 10 requests)
[23:32:54] [61/458] ASSL
[23:32:55] [62/458] CMVB
[23:32:56] [63/458] VPUR
[23:32:56] [64/458] JJDA
[23:32:57] [65/458] INBL
[23:32:57] [66/458] BIKB
[23:32:58] [67/458] NTBB
[23:32:59] [68/458] GLOB
[23:32:59] [69/458] SNTB
[23:33:00] [70/458] CHGV
[23:33:00] 🔄 Identity reset
[23:33:00] 🔄 Identity rotated (every 10 requests)
[23:33:01] [71/458] SSBZ
[23:33:01] [72/458] PRDB
[23:33:02] [73/458] ISMT
[23:33:03] [74/458] MCSD
[23:33:03] [75/458] JBTT
[23:33:04] [76/458] GEKR
[23:33:04] [77/458] PVUN
[23:33:05] [78/458] NRTB
[23:33:06] [79/458] PRAA
[23:33:06] [80/458] PCBL
[23:33:06] 🔄 Identity reset
[23:33:06] 🔄 Identity rotated (every 10 requests)
[23:33:07] [81/458] PTCM
[23:33:08] [82/458] KHNN
[23:33:09] [83/458] OMJE
[23:33:09] [84/458] STGN
[23:33:10] [85/458] RPMS
[23:33:11] [86/458] NWAD
[23:33:11] [87/458] BLCK
[23:33:12] [88/458] SVAA
[23:33:13] [89/458] URVM
[23:33:13] [90/458] ANTM
[23:33:13] 🔄 Identity reset
[23:33:13] 🔄 Identity rotated (every 10 requests)
[23:33:14] [91/458] VJYM
[23:33:15] [92/458] MAZZ
[23:33:15] [93/458] CSHM
[23:33:16] [94/458] WGMH
[23:33:16] [95/458] SALN
[23:33:17] [96/458] BRTP
[23:33:18] [97/458] SVTA
[23:33:18] [98/458] SBTP
[23:33:19] [99/458] VLSS
[23:33:19] [100/458] SRJA
[23:33:19] 🔄 Identity reset
[23:33:19] 🔄 Identity rotated (every 10 requests)
[23:33:20] [101/458] ANCG
[23:33:20] [102/458] CGGC
[23:33:21] [103/458] CRJA
[23:33:22] [104/458] USCR
[23:33:22] [105/458] MMEF
[23:33:23] [106/458] JCRJ
[23:33:24] [107/458] ADCM
[23:33:25] [108/458] BMYK
[23:33:25] [109/458] KICS
[23:33:26] [110/458] MBBT
[23:33:26] 🔄 Identity reset
[23:33:26] 🔄 Identity rotated (every 10 requests)
[23:33:27] [111/458] MACK
[23:33:28] [112/458] CLDR
[23:33:28] [113/458] JYCR
[23:33:29] [114/458] DCRP
[23:33:29] [115/458] RAHT
[23:33:30] [116/458] CSSM
[23:33:31] [117/458] ATPK
[23:33:31] [118/458] KLRT
[23:33:32] [119/458] SRDD
[23:33:33] [120/458] CKMC
[23:33:33] 🔄 Identity reset
[23:33:33] 🔄 Identity rotated (every 10 requests)
[23:33:33] [121/458] KRVM
[23:33:34] [122/458] AKCP
[23:33:35] [123/458] CNCV
[23:33:36] [124/458] PACT
[23:33:36] [125/458] NATP
[23:33:37] [126/458] PCPK
[23:33:37] [127/458] SMHO
[23:33:38] [128/458] CWTK
[23:33:39] [129/458] RVKZ
[23:33:39] [130/458] ASPD
[23:33:39] 🔄 Identity reset
[23:33:39] 🔄 Identity rotated (every 10 requests)
[23:33:40] [131/458] VTKZ
[23:33:41] [132/458] LCSO
[23:33:42] [133/458] PRDY
[23:33:42] [134/458] RCAP
[23:33:43] [135/458] RGAR
[23:33:43] [136/458] RCAC
[23:33:44] [137/458] PMOD
[23:33:45] [138/458] PVCN
[23:33:46] [139/458] SCRZ
[23:33:46] [140/458] PVPC
[23:33:46] 🔄 Identity reset
[23:33:46] 🔄 Identity rotated (every 10 requests)
[23:33:47] [141/458] STID
[23:33:47] [142/458] NEDD
[23:33:48] [143/458] BNBA
[23:33:49] [144/458] NTCD
[23:33:49] [145/458] OCDE
[23:33:50] [146/458] CCDU
[23:33:51] [147/458] CRXH
[23:33:51] [148/458] VLVT
[23:33:52] [149/458] CICI
[23:33:53] [150/458] SUCB
[23:33:53] 🔄 Identity reset
[23:33:53] 🔄 Identity rotated (every 10 requests)
[23:33:54] [151/458] TCBP
[23:33:54] [152/458] SCCY
[23:33:55] [153/458] LXCY
[23:33:56] [154/458] NCMD
[23:33:56] [155/458] PHCS
[23:33:57] [156/458] DUXR
[23:33:58] [157/458] VNKS
[23:33:58] [158/458] SEDP
[23:33:59] [159/458] SVEN
[23:34:00] [160/458] SRKM
[23:34:00] 🔄 Identity reset
[23:34:00] 🔄 Identity rotated (every 10 requests)
[23:34:00] [161/458] JTLT
[23:34:01] [162/458] SVSS
[23:34:02] [163/458] AMDE
[23:34:02] [164/458] WVRN
[23:34:03] [165/458] ISMG
[23:34:04] [166/458] WVKS
[23:34:04] [167/458] USCG
[23:34:05] [168/458] IOTG
[23:34:05] [169/458] RRJM
[23:34:06] [170/458] EDMP
[23:34:06] 🔄 Identity reset
[23:34:06] 🔄 Identity rotated (every 10 requests)
[23:34:07] [171/458] SCGZ
[23:34:07] [172/458] GMGX
[23:34:08] [173/458] OMTP
[23:34:09] [174/458] MITD
[23:34:09] [175/458] SMMD
[23:34:10] [176/458] STML
[23:34:11] [177/458] MCFS
[23:34:12] [178/458] FPKA
[23:34:12] [179/458] OMLR
[23:34:13] [180/458] KKSC
[23:34:13] 🔄 Identity reset
[23:34:13] 🔄 Identity rotated (every 10 requests)
[23:34:14] [181/458] RVMA
[23:34:15] [182/458] SCLL
[23:34:15] [183/458] SCDK
[23:34:16] [184/458] SXMI
[23:34:17] [185/458] SHDN
[23:34:18] [186/458] PAAD
[23:34:18] [187/458] UUCB
[23:34:19] [188/458] JHOL
[23:34:19] [189/458] SGWT
[23:34:20] [190/458] SRII
[23:34:20] 🔄 Identity reset
[23:34:20] 🔄 Identity rotated (every 10 requests)
[23:34:21] [191/458] SGCK
[23:34:21] [192/458] SVVB
[23:34:22] [193/458] DMHA
[23:34:22] [194/458] PPNL
[23:34:23] [195/458] CPNL
[23:34:24] [196/458] WVLD
[23:34:25] [197/458] PSLV
[23:34:25] [198/458] VTTL
[23:34:26] [199/458] NPAD
[23:34:27] [200/458] PVCS
[23:34:27] 🔄 Identity reset
[23:34:27] 🔄 Identity rotated (every 10 requests)
[23:34:27] [201/458] MCHL
[23:34:28] [202/458] PPLL
[23:34:29] [203/458] MALO
[23:34:29] [204/458] SWBH
[23:34:30] [205/458] PUGB
[23:34:30] [206/458] INBB
[23:34:31] [207/458] INNS
[23:34:31] [208/458] MCPT
[23:34:32] [209/458] SCMI
[23:34:32] [210/458] OCON
[23:34:32] 🔄 Identity reset
[23:34:32] 🔄 Identity rotated (every 10 requests)
[23:34:33] [211/458] SCSM
[23:34:34] [212/458] RJVN
[23:34:35] [213/458] AMDK
[23:34:35] [214/458] ISMR
[23:34:36] [215/458] SMTD
[23:34:36] [216/458] VTDD
[23:34:37] [217/458] PDDZ
[23:34:38] [218/458] PCCK
[23:34:39] [219/458] INAM
[23:34:39] [220/458] FNKT
[23:34:39] 🔄 Identity reset
[23:34:39] 🔄 Identity rotated (every 10 requests)
[23:34:40] [221/458] GDKA
[23:34:40] [222/458] MAYU
[23:34:41] [223/458] TCGU
[23:34:41] [224/458] KDCA
[23:34:42] [225/458] DOMY
[23:34:42] [226/458] PDDD
[23:34:43] [227/458] BJTS
[23:34:44] [228/458] VTCA
[23:34:44] [229/458] SBTM
[23:34:45] [230/458] SEET
[23:34:45] 🔄 Identity reset
[23:34:45] 🔄 Identity rotated (every 10 requests)
[23:34:46] [231/458] SSTJ
[23:34:46] [232/458] SVNT
[23:34:47] [233/458] PPPR
[23:34:48] [234/458] PVYS
[23:34:48] [235/458] IOSE
[23:34:49] [236/458] ACTV
[23:34:50] [237/458] APVE
[23:34:50] [238/458] TCCL
[23:34:51] [239/458] SCMO
[23:34:52] [240/458] SAUM
[23:34:52] 🔄 Identity reset
[23:34:52] 🔄 Identity rotated (every 10 requests)
[23:34:52] [241/458] KCJS
[23:34:53] [242/458] NJCJ
[23:34:54] [243/458] NECF
[23:34:55] [244/458] CCGW
[23:34:55] [245/458] CCMG
[23:34:56] [246/458] NYRG
[23:34:57] [247/458] NCSQ
[23:34:57] [248/458] GRCG
[23:34:58] [249/458] CCBT
[23:34:59] [250/458] ACGA
[23:34:59] 🔄 Identity reset
[23:34:59] 🔄 Identity rotated (every 10 requests)
[23:34:59] [251/458] INAG
[23:35:00] [252/458] FUCG
[23:35:00] [253/458] AICF
[23:35:01] [254/458] GRGA
[23:35:02] [255/458] GDCN
[23:35:03] [256/458] RRCG
[23:35:03] [257/458] SDCH
[23:35:04] [258/458] WVJM
[23:35:05] [259/458] JCCZ
[23:35:06] [260/458] CNCL
[23:35:06] 🔄 Identity reset
[23:35:06] 🔄 Identity rotated (every 10 requests)
[23:35:06] [261/458] TMLV
[23:35:07] [262/458] MEMB
[23:35:07] [263/458] SGTD
[23:35:08] [264/458] CONX
[23:35:09] [265/458] CCMH
[23:35:10] [266/458] ACMC
[23:35:10] [267/458] DTPD
[23:35:11] [268/458] POJA
[23:35:12] [269/458] FNBH
[23:35:12] [270/458] CGCB
[23:35:12] 🔄 Identity reset
[23:35:12] 🔄 Identity rotated (every 10 requests)
[23:35:13] [271/458] RACN
[23:35:14] [272/458] JTSM
[23:35:15] [273/458] SCDN
[23:35:15] [274/458] AACK
[23:35:16] [275/458] RMCE
[23:35:16] [276/458] BSGB
[23:35:17] [277/458] MRCB
[23:35:18] [278/458] SRVR
[23:35:18] [279/458] VTKK
[23:35:19] [280/458] AMST
[23:35:19] 🔄 Identity reset
[23:35:19] 🔄 Identity rotated (every 10 requests)
[23:35:19] [281/458] APCY
[23:35:20] [282/458] LMHO
[23:35:21] [283/458] MTZH
[23:35:21] [284/458] AMZB
[23:35:22] [285/458] SUVT
[23:35:23] [286/458] RCIP
[23:35:24] [287/458] KESR
[23:35:24] [288/458] SNKC
[23:35:25] [289/458] SCED
[23:35:26] [290/458] DVCA
[23:35:26] 🔄 Identity reset
[23:35:26] 🔄 Identity rotated (every 10 requests)
[23:35:26] [291/458] VCDT
[23:35:27] [292/458] RRDI
[23:35:28] [293/458] DFCH
[23:35:29] [294/458] INSC
[23:35:29] [295/458] RGTR
[23:35:30] [296/458] FMOT
[23:35:31] [297/458] SCPM
[23:35:31] [298/458] GCDT
[23:35:32] [299/458] BRKT
[23:35:33] [300/458] DEMP
[23:35:33] 🔄 Identity reset
[23:35:33] 🔄 Identity rotated (every 10 requests)
[23:35:33] [301/458] SRLC
[23:35:34] [302/458] KSTT
[23:35:35] [303/458] SMMT
[23:35:35] [304/458] SILM
[23:35:36] [305/458] JCVM
[23:35:36] [306/458] KCSV
[23:35:37] [307/458] MHLK
[23:35:38] [308/458] SLVL
[23:35:38] [309/458] RJKP
[23:35:39] [310/458] BBPC
[23:35:39] 🔄 Identity reset
[23:35:39] 🔄 Identity rotated (every 10 requests)
[23:35:40] [311/458] MXCB
[23:35:40] [312/458] TCPK
[23:35:41] [313/458] RTBR
[23:35:42] [314/458] GAUT
[23:35:42] [315/458] DVCF
[23:35:43] [316/458] JTSB
[23:35:43] [317/458] SBLS
[23:35:44] [318/458] UDAY
[23:35:45] [319/458] PTNP
[23:35:46] [320/458] DMKT
[23:35:46] 🔄 Identity reset
[23:35:46] 🔄 Identity rotated (every 10 requests)
[23:35:46] [321/458] NTDT
[23:35:47] [322/458] SHDJ
[23:35:48] [323/458] OTNC
[23:35:48] [324/458] RNTW
[23:35:49] [325/458] GCMI
[23:35:50] [326/458] CRCM
[23:35:51] [327/458] NNCZ
[23:35:51] [328/458] OEMO
[23:35:52] [329/458] PVJM
[23:35:53] [330/458] CPJI
[23:35:53] 🔄 Identity reset
[23:35:53] 🔄 Identity rotated (every 10 requests)
[23:35:55] [331/458] RMCJ
[23:35:56] [332/458] CNWJ
[23:35:56] [333/458] EPJM
[23:35:57] [334/458] FNJJ
[23:35:58] [335/458] GCMJ
[23:35:58] [336/458] INPS
[23:35:59] [337/458] BICJ
[23:36:00] [338/458] ISTJ
[23:36:00] [339/458] INJC
[23:36:01] [340/458] GLXJ
[23:36:01] 🔄 Identity reset
[23:36:01] 🔄 Identity rotated (every 10 requests)
[23:36:01] [341/458] INEM
[23:36:02] [342/458] JTMN
[23:36:03] [343/458] FRCJ
[23:36:03] [344/458] DDJP
[23:36:04] [345/458] INJV
[23:36:04] [346/458] GOLC
[23:36:05] [347/458] KOCI
[23:36:06] [348/458] FSTD
[23:36:07] [349/458] PACJ
[23:36:07] [350/458] GMCN
[23:36:07] 🔄 Identity reset
[23:36:07] 🔄 Identity rotated (every 10 requests)
[23:36:08] [351/458] MMDJ
[23:36:09] [352/458] GODH
[23:36:09] [353/458] SKYN
[23:36:10] [354/458] NCTH
[23:36:11] [355/458] SKVZ
[23:36:12] [356/458] SVML
[23:36:12] [357/458] ACVZ
[23:36:13] [358/458] SURA
[23:36:14] [359/458] RTRB
[23:36:14] [360/458] LLCT
[23:36:14] 🔄 Identity reset
[23:36:14] 🔄 Identity rotated (every 10 requests)
[23:36:15] [361/458] ATTS
[23:36:16] [362/458] JYCM
[23:36:16] [363/458] CTKR
[23:36:17] [364/458] LCKR
[23:36:18] [365/458] NYCV
[23:36:19] [366/458] NYOH
[23:36:19] [367/458] NOVX
[23:36:20] [368/458] MRGK
[23:36:20] [369/458] MOON
[23:36:21] [370/458] SBUC
[23:36:21] 🔄 Identity reset
[23:36:21] 🔄 Identity rotated (every 10 requests)
[23:36:22] [371/458] GSVA
[23:36:22] [372/458] VIAK
[23:36:23] [373/458] SMVZ
[23:36:24] [374/458] MATE
[23:36:24] [375/458] RDCN
[23:36:25] [376/458] ASBL
[23:36:26] [377/458] ASVS
[23:36:26] [378/458] ASSR
[23:36:27] [379/458] SSKN
[23:36:28] [380/458] DRPV
[23:36:28] 🔄 Identity reset
[23:36:28] 🔄 Identity rotated (every 10 requests)
[23:36:28] [381/458] MRHT
[23:36:29] [382/458] BSCN
[23:36:30] [383/458] RKNX
[23:36:30] [384/458] MSMC
[23:36:31] [385/458] MSCJ
[23:36:31] [386/458] BTBJ
[23:36:32] [387/458] MJCC
[23:36:33] [388/458] IOMM
[23:36:33] [389/458] ADGR
[23:36:34] [390/458] MYCP
[23:36:34] 🔄 Identity reset
[23:36:34] 🔄 Identity rotated (every 10 requests)
[23:36:35] [391/458] IGCM
[23:36:35] [392/458] PGRK
[23:36:36] [393/458] VPGO
[23:36:37] [394/458] KOMS
[23:36:37] [395/458] URGG
[23:36:38] [396/458] GOST
[23:36:39] [397/458] LACT
[23:36:39] [398/458] BWCM
[23:36:40] [399/458] NCCW
[23:36:41] [400/458] SKYC
[23:36:41] 🔄 Identity reset
[23:36:41] 🔄 Identity rotated (every 10 requests)
[23:36:42] [401/458] CCPM
[23:36:42] [402/458] VCBT
[23:36:43] [403/458] SDKR
[23:36:44] [404/458] CTYB
[23:36:44] [405/458] SHCX
[23:36:45] [406/458] RCUN
[23:36:45] [407/458] CNRA
[23:36:46] [408/458] RFCA
[23:36:47] [409/458] RDCU
[23:36:48] [410/458] SARK
[23:36:48] 🔄 Identity reset
[23:36:48] 🔄 Identity rotated (every 10 requests)
[23:36:49] [411/458] SPPP
[23:36:49] [412/458] ADMB
[23:36:50] [413/458] JYOE
[23:36:51] [414/458] SRMD
[23:36:51] [415/458] RJDH
[23:36:52] [416/458] SSTD
[23:36:53] [417/458] AACV
[23:36:53] [418/458] PPVD
[23:36:54] [419/458] STCP
[23:36:55] [420/458] ANLS
[23:36:55] 🔄 Identity reset
[23:36:55] 🔄 Identity rotated (every 10 requests)
[23:36:55] [421/458] BIJO
[23:36:56] [422/458] AVAB
[23:36:57] [423/458] SPMD
[23:36:57] [424/458] SVJL
[23:36:58] [425/458] SDDJ
[23:36:59] [426/458] SLTU
[23:36:59] [427/458] SAKA
[23:37:00] [428/458] PMAM
[23:37:01] [429/458] FNAM
[23:37:01] [430/458] ACAM
[23:37:01] 🔄 Identity reset
[23:37:01] 🔄 Identity rotated (every 10 requests)
[23:37:02] [431/458] SCMM
[23:37:02] [432/458] PMAK
[23:37:03] [433/458] NYSA
[23:37:04] [434/458] FCPA
[23:37:04] [435/458] GDAN
[23:37:05] [436/458] RSCA
[23:37:06] [437/458] DMAN
[23:37:06] [438/458] DZCM
[23:37:07] [439/458] NSGL
[23:37:08] [440/458] CCPP
[23:37:08] 🔄 Identity reset
[23:37:08] 🔄 Identity rotated (every 10 requests)
[23:37:08] [441/458] PSMG
[23:37:09] [442/458] GSER
[23:37:09] [443/458] FCCT
[23:37:10] [444/458] FCTB
[23:37:10] [445/458] LCNK
[23:37:11] [446/458] SKTY
[23:37:12] [447/458] INAA
[23:37:13] [448/458] RCWN
[23:37:13] [449/458] VAIS
[23:37:14] [450/458] CVMN
[23:37:14] 🔄 Identity reset
[23:37:14] 🔄 Identity rotated (every 10 requests)
[23:37:15] [451/458] INTS
[23:37:16] [452/458] FRGS
[23:37:16] [453/458] DTCK
[23:37:17] [454/458] MCMH
[23:37:18] [455/458] ECRR
[23:37:18] [456/458] RLLP
[23:37:19] [457/458] CCSN
[23:37:20] [458/458] CCBA
[23:37:21] 🧹 Deduping shows
[23:37:21] ✅ DONE | Shows=3491 | Movies=91
