[09:34:48] 🚀 SCRIPT STARTED (enhanced anti‑detection)
[09:34:48] [1/445] TGMR
[09:34:48] 🧠 New identity created
[09:34:49] [2/445] CXKR
[09:34:50] [3/445] SROP
[09:34:50] [4/445] GTSV
[09:34:51] [5/445] SNTY
[09:34:52] [6/445] SMYY
[09:34:53] [7/445] CNCS
[09:34:54] [8/445] CSTM
[09:34:55] [9/445] NUCD
[09:34:56] [10/445] SHCZ
[09:34:57] 🔄 Identity reset
[09:34:57] 🔄 Identity rotated (every 10 requests)
[09:34:57] [11/445] NJCT
[09:34:58] [12/445] COPC
[09:34:59] [13/445] STVV
[09:35:00] [14/445] SKRN
[09:35:01] [15/445] APPZ
[09:35:01] [16/445] YMGN
[09:35:02] [17/445] SVTU
[09:35:03] [18/445] GTAD
[09:35:04] [19/445] PSUS
[09:35:05] [20/445] SMCD
[09:35:05] 🔄 Identity reset
[09:35:05] 🔄 Identity rotated (every 10 requests)
[09:35:06] [21/445] CMCM
[09:35:07] [22/445] SYCT
[09:35:08] [23/445] STLY
[09:35:09] [24/445] CMHU
[09:35:09] [25/445] CMSA
[09:35:11] [26/445] CLCU
[09:35:12] [27/445] PPNT
[09:35:13] [28/445] JTAB
[09:35:14] [29/445] BUUC
[09:35:15] [30/445] BSVK
[09:35:16] 🔄 Identity reset
[09:35:16] 🔄 Identity rotated (every 10 requests)
[09:35:16] [31/445] VVVQ
[09:35:17] [32/445] TKMU
[09:35:18] [33/445] ESYL
[09:35:19] [34/445] ACHP
[09:35:20] [35/445] BTKD
[09:35:20] [36/445] DESA
[09:35:21] [37/445] GBCT
[09:35:22] [38/445] BLLD
[09:35:23] [39/445] SKNT
[09:35:24] [40/445] SSTE
[09:35:25] 🔄 Identity reset
[09:35:25] 🔄 Identity rotated (every 10 requests)
[09:35:25] [41/445] VJMR
[09:35:26] [42/445] NTPU
[09:35:27] [43/445] RDKN
[09:35:28] [44/445] ADGC
[09:35:29] [45/445] VRBP
[09:35:30] [46/445] NMNA
[09:35:31] [47/445] CMMX
[09:35:32] [48/445] PTKO
[09:35:33] [49/445] RBML
[09:35:34] [50/445] SAIC
[09:35:35] 🔄 Identity reset
[09:35:35] 🔄 Identity rotated (every 10 requests)
[09:35:35] [51/445] SVTJ
[09:35:36] [52/445] MRTE
[09:35:37] [53/445] RBTP
[09:35:38] [54/445] NLPS
[09:35:39] [55/445] GTNA
[09:35:40] [56/445] DGGC
[09:35:41] [57/445] SMCR
[09:35:42] [58/445] SCGD
[09:35:43] [59/445] SRRJ
[09:35:44] [60/445] CNRY
[09:35:44] 🔄 Identity reset
[09:35:44] 🔄 Identity rotated (every 10 requests)
[09:35:45] [61/445] KTDI
[09:35:46] [62/445] SNJL
[09:35:47] [63/445] RKMD
[09:35:48] [64/445] SMDC
[09:35:48] [65/445] TADG
[09:35:49] [66/445] MCGS
[09:35:50] [67/445] PETK
[09:35:51] [68/445] CHAG
[09:35:52] [69/445] KSTL
[09:35:52] [70/445] AADS
[09:35:53] 🔄 Identity reset
[09:35:53] 🔄 Identity rotated (every 10 requests)
[09:35:53] [71/445] NTHZ
[09:35:54] [72/445] HCKI
[09:35:56] [73/445] SSEF
[09:35:57] [74/445] MCGX
[09:35:57] [75/445] ERRA
[09:35:58] [76/445] SDTW
[09:35:59] [77/445] RMPK
[09:36:00] [78/445] PTHK
[09:36:01] [79/445] PXCS
[09:36:02] [80/445] SVLU
[09:36:02] 🔄 Identity reset
[09:36:02] 🔄 Identity rotated (every 10 requests)
[09:36:03] [81/445] STAH
[09:36:03] [82/445] JRGF
[09:36:04] [83/445] CDOK
[09:36:05] [84/445] CMSG
[09:36:06] [85/445] APTD
[09:36:07] [86/445] KMPG
[09:36:08] [87/445] MUTJ
[09:36:09] [88/445] VCCI
[09:36:10] [89/445] URBE
[09:36:11] [90/445] TCTS
[09:36:11] 🔄 Identity reset
[09:36:12] 🔄 Identity rotated (every 10 requests)
[09:36:12] [91/445] STSN
[09:36:13] [92/445] AKCH
[09:36:13] [93/445] APSC
[09:36:14] [94/445] VLTB
[09:36:15] [95/445] SANU
[09:36:16] [96/445] AXAM
[09:36:18] [97/445] MGMG
[09:36:19] [98/445] HTBY
[09:36:20] [99/445] MMZS
[09:36:21] [100/445] SUDR
[09:36:22] 🔄 Identity reset
[09:36:22] 🔄 Identity rotated (every 10 requests)
[09:36:22] [101/445] CCAD
[09:36:23] [102/445] SKKC
[09:36:24] [103/445] RMCD
[09:36:25] [104/445] SBCQ
[09:36:26] [105/445] DCCT
[09:36:26] [106/445] VTKP
[09:36:27] [107/445] MLAM
[09:36:28] [108/445] SAVT
[09:36:29] [109/445] GEPL
[09:36:30] [110/445] AMCD
[09:36:31] 🔄 Identity reset
[09:36:31] 🔄 Identity rotated (every 10 requests)
[09:36:31] [111/445] CCXR
[09:36:32] [112/445] GRNG
[09:36:33] [113/445] EBCA
[09:36:34] [114/445] CNVG
[09:36:35] [115/445] MWSS
[09:36:36] [116/445] VBOR
[09:36:37] [117/445] NEEB
[09:36:38] [118/445] SUTH
[09:36:39] [119/445] ANDB
[09:36:40] [120/445] MMXS
[09:36:41] 🔄 Identity reset
[09:36:41] 🔄 Identity rotated (every 10 requests)
[09:36:41] [121/445] CNPD
[09:36:42] [122/445] SDCE
[09:36:43] [123/445] DHCB
[09:36:44] [124/445] ODEN
[09:36:45] [125/445] TNTC
[09:36:46] [126/445] VBKM
[09:36:47] [127/445] RZYM
[09:36:48] [128/445] JEMC
[09:36:48] [129/445] CMAU
[09:36:49] [130/445] SIVP
[09:36:50] 🔄 Identity reset
[09:36:50] 🔄 Identity rotated (every 10 requests)
[09:36:50] [131/445] ATAG
[09:36:51] [132/445] CHTM
[09:36:52] [133/445] AAEE
[09:36:53] [134/445] IWPM
[09:36:54] [135/445] KCMW
[09:36:55] [136/445] MCTD
[09:36:56] [137/445] SPWR
[09:36:57] [138/445] SDPO
[09:36:58] [139/445] PCSK
[09:36:58] [140/445] ACHV
[09:36:59] 🔄 Identity reset
[09:36:59] 🔄 Identity rotated (every 10 requests)
[09:37:00] [141/445] SVLA
[09:37:01] [142/445] PICT
[09:37:02] [143/445] BXDR
[09:37:03] [144/445] SPWA
[09:37:04] [145/445] MCKO
[09:37:05] [146/445] RTHK
[09:37:06] [147/445] CCMF
[09:37:06] [148/445] MRGB
[09:37:07] [149/445] CPLC
[09:37:08] [150/445] RACD
[09:37:08] 🔄 Identity reset
[09:37:09] 🔄 Identity rotated (every 10 requests)
[09:37:09] [151/445] ATKT
[09:37:10] [152/445] SARN
[09:37:11] [153/445] KKUI
[09:37:12] [154/445] RGCM
[09:37:12] [155/445] BRVP
[09:37:14] [156/445] HRSR
[09:37:15] [157/445] GKGM
[09:37:16] [158/445] TTCD
[09:37:17] [159/445] PTTI
[09:37:18] [160/445] MPTT
[09:37:18] 🔄 Identity reset
[09:37:19] 🔄 Identity rotated (every 10 requests)
[09:37:19] [161/445] CVTT
[09:37:20] [162/445] PCXD
[09:37:21] [163/445] GCDC
[09:37:21] [164/445] CCCF
[09:37:22] [165/445] MRAD
[09:37:23] [166/445] CPLK
[09:37:24] [167/445] SATB
[09:37:25] [168/445] SNVG
[09:37:27] [169/445] JMBA
[09:37:28] [170/445] TEJA
[09:37:28] 🔄 Identity reset
[09:37:28] 🔄 Identity rotated (every 10 requests)
[09:37:29] [171/445] STYO
[09:37:29] [172/445] JTBP
[09:37:30] [173/445] KRGD
[09:37:31] [174/445] SLJJ
[09:37:32] [175/445] SPTJ
[09:37:33] [176/445] SWJG
[09:37:34] [177/445] LKRT
[09:37:35] [178/445] KCKA
[09:37:36] [179/445] SNCR
[09:37:37] [180/445] SMKL
[09:37:38] 🔄 Identity reset
[09:37:38] 🔄 Identity rotated (every 10 requests)
[09:37:38] [181/445] GCFA
[09:37:39] [182/445] DDCK
[09:37:40] [183/445] NCHJ
[09:37:42] [184/445] RDMA
[09:37:43] [185/445] SVSV
[09:37:44] [186/445] SCJG
[09:37:45] [187/445] VKLP
[09:37:46] [188/445] NWCC
[09:37:47] [189/445] VKNS
[09:37:48] [190/445] SDDP
[09:37:48] 🔄 Identity reset
[09:37:48] 🔄 Identity rotated (every 10 requests)
[09:37:49] [191/445] ACSI
[09:37:50] [192/445] SATG
[09:37:51] [193/445] SCMW
[09:37:52] [194/445] LKTK
[09:37:52] [195/445] VCKV
[09:37:53] [196/445] KKPE
[09:37:54] [197/445] KIGH
[09:37:55] [198/445] SRPM
[09:37:56] [199/445] SCAH
[09:37:57] [200/445] MUTA
[09:37:57] 🔄 Identity reset
[09:37:58] 🔄 Identity rotated (every 10 requests)
[09:37:58] [201/445] SEPU
[09:37:59] [202/445] INOA
[09:38:00] [203/445] BASK
[09:38:01] [204/445] NECB
[09:38:02] [205/445] GTTG
[09:38:03] [206/445] ASSA
[09:38:04] [207/445] ANCL
[09:38:06] [208/445] GCTI
[09:38:07] [209/445] RCTS
[09:38:08] [210/445] ACNL
[09:38:09] 🔄 Identity reset
[09:38:09] 🔄 Identity rotated (every 10 requests)
[09:38:09] [211/445] MYCT
[09:38:10] [212/445] NMHT
[09:38:11] [213/445] MDIT
[09:38:12] [214/445] LATG
[09:38:13] [215/445] SMTY
[09:38:14] [216/445] CVCT
[09:38:15] [217/445] RAMB
[09:38:16] [218/445] TGMS
[09:38:17] [219/445] BHEL
[09:38:18] [220/445] SHCT
[09:38:18] 🔄 Identity reset
[09:38:18] 🔄 Identity rotated (every 10 requests)
[09:38:19] [221/445] SVCT
[09:38:19] [222/445] MRIY
[09:38:20] [223/445] SARO
[09:38:21] [224/445] STCT
[09:38:22] [225/445] JKKC
[09:38:24] [226/445] PLTT
[09:38:25] [227/445] SRNT
[09:38:26] [228/445] YAST
[09:38:26] [229/445] PERL
[09:38:28] [230/445] CICM
[09:38:28] 🔄 Identity reset
[09:38:28] 🔄 Identity rotated (every 10 requests)
[09:38:29] [231/445] MMTR
[09:38:30] [232/445] ABTK
[09:38:31] [233/445] ATYY
[09:38:32] [234/445] ASTK
[09:38:33] [235/445] VVCK
[09:38:34] [236/445] ATKY
[09:38:35] [237/445] GWEK
[09:38:36] [238/445] SVFH
[09:38:37] [239/445] SLTA
[09:38:38] [240/445] AASH
[09:38:39] 🔄 Identity reset
[09:38:39] 🔄 Identity rotated (every 10 requests)
[09:38:39] [241/445] ACXB
[09:38:40] [242/445] SMTX
[09:38:41] [243/445] AZDH
[09:38:42] [244/445] CMMH
[09:38:43] [245/445] SCSZ
[09:38:44] [246/445] SCKP
[09:38:45] [247/445] NXTM
[09:38:46] [248/445] NWCS
[09:38:47] [249/445] CXMH
[09:38:48] [250/445] PCMA
[09:38:48] 🔄 Identity reset
[09:38:48] 🔄 Identity rotated (every 10 requests)
[09:38:49] [251/445] SGCM
[09:38:50] [252/445] SDTU
[09:38:51] [253/445] MMVI
[09:38:52] [254/445] JKCM
[09:38:52] [255/445] VCMM
[09:38:53] [256/445] SYEE
[09:38:55] [257/445] VASD
[09:38:56] [258/445] BDRB
[09:38:57] [259/445] LASM
[09:38:58] [260/445] DCRL
[09:38:58] 🔄 Identity reset
[09:38:58] 🔄 Identity rotated (every 10 requests)
[09:38:58] 🔄 Retry 1/5 for DCRL in 2.8s
[09:38:58] 🔄 Identity reset
[09:39:01] 🧠 New identity created
[09:39:01] [261/445] DVPM
[09:39:02] [262/445] SBMJ
[09:39:03] [263/445] CBMU
[09:39:05] [264/445] IUBS
[09:39:06] [265/445] INAP
[09:39:07] [266/445] SRRC
[09:39:07] [267/445] SAGR
[09:39:08] [268/445] CPMJ
[09:39:09] [269/445] ATJL
[09:39:10] 🔄 Identity reset
[09:39:10] 🔄 Identity rotated (every 10 requests)
[09:39:10] [270/445] NNTD
[09:39:11] [271/445] JHCJ
[09:39:12] [272/445] CMMP
[09:39:13] [273/445] RSDR
[09:39:14] [274/445] AMTI
[09:39:15] [275/445] NYSG
[09:39:16] [276/445] AVSG
[09:39:17] [277/445] SYTP
[09:39:18] [278/445] LARC
[09:39:19] [279/445] RJTP
[09:39:19] 🔄 Identity reset
[09:39:19] 🔄 Identity rotated (every 10 requests)
[09:39:20] [280/445] LAKC
[09:39:20] [281/445] MCXE
[09:39:21] [282/445] CCZC
[09:39:22] [283/445] AVCH
[09:39:23] [284/445] CMBE
[09:39:24] [285/445] MRRC
[09:39:25] [286/445] PCPY
[09:39:26] [287/445] SRMH
[09:39:27] [288/445] SVGS
[09:39:28] [289/445] PCSE
[09:39:28] 🔄 Identity reset
[09:39:28] 🔄 Identity rotated (every 10 requests)
[09:39:28] [290/445] SVFT
[09:39:29] [291/445] TNZP
[09:39:30] [292/445] ICTP
[09:39:31] [293/445] ACTZ
[09:39:32] [294/445] GTUR
[09:39:33] [295/445] MAFC
[09:39:34] [296/445] MINL
[09:39:35] [297/445] MRCL
[09:39:36] [298/445] RCRP
[09:39:37] [299/445] RFFG
[09:39:37] 🔄 Identity reset
[09:39:37] 🔄 Identity rotated (every 10 requests)
[09:39:38] [300/445] RMAS
[09:39:39] [301/445] INVR
[09:39:40] [302/445] RMAR
[09:39:41] [303/445] CNIS
[09:39:42] [304/445] RHRJ
[09:39:43] [305/445] INXR
[09:39:44] [306/445] VALT
[09:39:45] [307/445] LCSH
[09:39:47] [308/445] CMVS
[09:39:47] [309/445] CNMS
[09:39:48] 🔄 Identity reset
[09:39:48] 🔄 Identity rotated (every 10 requests)
[09:39:48] [310/445] ROOG
[09:39:49] [311/445] ISRM
[09:39:50] [312/445] RCRM
[09:39:51] [313/445] ACJA
[09:39:52] [314/445] RCVS
[09:39:53] [315/445] CPUS
[09:39:54] [316/445] TGCS
[09:39:55] [317/445] RKCJ
[09:39:56] [318/445] MKSB
[09:39:57] [319/445] TCSJ
[09:39:57] 🔄 Identity reset
[09:39:57] 🔄 Identity rotated (every 10 requests)
[09:39:58] [320/445] RMGP
[09:39:58] [321/445] CLLP
[09:39:59] [322/445] RCMV
[09:40:00] [323/445] CCKS
[09:40:01] [324/445] RSRP
[09:40:02] [325/445] APLP
[09:40:03] [326/445] CNVS
[09:40:04] [327/445] RMVY
[09:40:06] [328/445] PGBD
[09:40:07] [329/445] KLMS
[09:40:07] 🔄 Identity reset
[09:40:07] 🔄 Identity rotated (every 10 requests)
[09:40:08] [330/445] RUST
[09:40:09] [331/445] MASM
[09:40:10] [332/445] BACS
[09:40:11] [333/445] BWST
[09:40:12] [334/445] RRFH
[09:40:12] [335/445] SJTM
[09:40:13] [336/445] BEMR
[09:40:14] [337/445] MCGR
[09:40:15] [338/445] SDSK
[09:40:16] [339/445] VBOL
[09:40:17] 🔄 Identity reset
[09:40:17] 🔄 Identity rotated (every 10 requests)
[09:40:17] [340/445] RMGM
[09:40:18] [341/445] NOPL
[09:40:19] [342/445] MKJK
[09:40:20] [343/445] CVRN
[09:40:21] [344/445] MMEN
[09:40:21] [345/445] AMNG
[09:40:22] [346/445] INTM
[09:40:23] [347/445] SLCZ
[09:40:24] [348/445] AMJN
[09:40:25] [349/445] ACJN
[09:40:26] 🔄 Identity reset
[09:40:26] 🔄 Identity rotated (every 10 requests)
[09:40:26] [350/445] AMKN
[09:40:27] [351/445] BTCN
[09:40:28] [352/445] AMBT
[09:40:29] [353/445] PACN
[09:40:30] [354/445] LCNS
[09:40:31] [355/445] PPKC
[09:40:32] [356/445] JYYN
[09:40:33] [357/445] JTNR
[09:40:34] [358/445] GTEE
[09:40:35] [359/445] SRNM
[09:40:35] 🔄 Identity reset
[09:40:35] 🔄 Identity rotated (every 10 requests)
[09:40:36] [360/445] SDTC
[09:40:37] [361/445] VPCA
[09:40:37] [362/445] VLRA
[09:40:38] [363/445] SHKR
[09:40:39] [364/445] SBKD
[09:40:40] [365/445] SAAD
[09:40:41] [366/445] JTGN
[09:40:43] [367/445] SLAM
[09:40:43] [368/445] VTPM
[09:40:44] [369/445] ANPT
[09:40:45] 🔄 Identity reset
[09:40:45] 🔄 Identity rotated (every 10 requests)
[09:40:45] [370/445] PUNB
[09:40:46] [371/445] CPKT
[09:40:47] [372/445] CNWE
[09:40:48] [373/445] ECPP
[09:40:49] [374/445] CPAR
[09:40:49] [375/445] ESBW
[09:40:50] [376/445] PKPU
[09:40:51] [377/445] CPRP
[09:40:53] [378/445] RAHU
[09:40:54] [379/445] RHMN
[09:40:54] 🔄 Identity reset
[09:40:54] 🔄 Identity rotated (every 10 requests)
[09:40:55] [380/445] FMJP
[09:40:56] [381/445] CTMP
[09:40:57] [382/445] INPN
[09:40:58] [383/445] STTG
[09:40:58] [384/445] CTRD
[09:40:59] [385/445] PUVB
[09:41:00] [386/445] ESVP
[09:41:01] [387/445] CPFT
[09:41:02] [388/445] LCPC
[09:41:03] [389/445] VBCT
[09:41:03] 🔄 Identity reset
[09:41:03] 🔄 Identity rotated (every 10 requests)
[09:41:04] [390/445] FSCW
[09:41:05] [391/445] VCMP
[09:41:06] [392/445] ASHC
[09:41:06] [393/445] VLCX
[09:41:07] [394/445] SHEV
[09:41:08] [395/445] APCO
[09:41:09] [396/445] SILC
[09:41:10] [397/445] SNMR
[09:41:11] [398/445] KYBO
[09:41:12] [399/445] SATK
[09:41:12] 🔄 Identity reset
[09:41:12] 🔄 Identity rotated (every 10 requests)
[09:41:13] [400/445] SSCS
[09:41:14] [401/445] CLSB
[09:41:15] [402/445] KMJR
[09:41:16] [403/445] FSCK
[09:41:17] [404/445] NNKA
[09:41:18] [405/445] CLMK
[09:41:19] [406/445] DMPZ
[09:41:20] [407/445] INQM
[09:41:21] [408/445] CAML
[09:41:22] [409/445] INRK
[09:41:23] 🔄 Identity reset
[09:41:23] 🔄 Identity rotated (every 10 requests)
[09:41:23] [410/445] IMKN
[09:41:24] [411/445] SVNR
[09:41:25] [412/445] INSL
[09:41:26] [413/445] MSMA
[09:41:27] [414/445] MCKK
[09:41:28] [415/445] FCHP
[09:41:29] [416/445] SFCR
[09:41:30] [417/445] NACK
[09:41:31] [418/445] PVAK
[09:41:31] [419/445] INER
[09:41:32] 🔄 Identity reset
[09:41:32] 🔄 Identity rotated (every 10 requests)
[09:41:32] [420/445] RDBK
[09:41:33] [421/445] SVFN
[09:41:34] [422/445] IFRM
[09:41:35] [423/445] ATCK
[09:41:36] [424/445] ASKO
[09:41:38] [425/445] STKT
[09:41:39] [426/445] SVFB
[09:41:40] [427/445] INKS
[09:41:41] [428/445] PCRA
[09:41:42] [429/445] ATJA
[09:41:42] 🔄 Identity reset
[09:41:42] 🔄 Identity rotated (every 10 requests)
[09:41:43] [430/445] IMJN
[09:41:43] [431/445] INHD
[09:41:44] [432/445] BARA
[09:41:45] [433/445] MCSL
[09:41:46] [434/445] RTOY
[09:41:47] [435/445] MENO
[09:41:48] [436/445] PUDM
[09:41:50] [437/445] PRCN
[09:41:51] [438/445] JMJR
[09:41:52] [439/445] SSGK
[09:41:52] 🔄 Identity reset
[09:41:52] 🔄 Identity rotated (every 10 requests)
[09:41:53] [440/445] SSRL
[09:41:54] [441/445] JYKL
[09:41:55] [442/445] ACNB
[09:41:56] [443/445] SONP
[09:41:58] [444/445] EMCI
[09:41:58] [445/445] MRJH
[09:41:59] 🧹 Deduping shows
[09:41:59] ✅ DONE | Shows=342 | Movies=26
[16:32:11] 🚀 SCRIPT STARTED (enhanced anti‑detection)
[16:32:11] [1/445] TGMR
[16:32:11] 🧠 New identity created
[16:32:12] [2/445] CXKR
[16:32:13] [3/445] SROP
[16:32:14] [4/445] GTSV
[16:32:14] [5/445] SNTY
[16:32:16] [6/445] SMYY
[16:32:18] [7/445] CNCS
[16:32:19] [8/445] CSTM
[16:32:19] [9/445] NUCD
[16:32:20] [10/445] SHCZ
[16:32:21] 🔄 Identity reset
[16:32:21] 🔄 Identity rotated (every 10 requests)
[16:32:21] [11/445] NJCT
[16:32:22] [12/445] COPC
[16:32:23] [13/445] STVV
[16:32:24] [14/445] SKRN
[16:32:25] [15/445] APPZ
[16:32:25] [16/445] YMGN
[16:32:26] [17/445] SVTU
[16:32:28] [18/445] GTAD
[16:32:29] [19/445] PSUS
[16:32:30] [20/445] SMCD
[16:32:31] 🔄 Identity reset
[16:32:31] 🔄 Identity rotated (every 10 requests)
[16:32:31] [21/445] CMCM
[16:32:32] [22/445] SYCT
[16:32:33] [23/445] STLY
[16:32:34] [24/445] CMHU
[16:32:36] [25/445] CMSA
[16:32:37] [26/445] CLCU
[16:32:38] [27/445] PPNT
[16:32:38] [28/445] JTAB
[16:32:39] [29/445] BUUC
[16:32:40] [30/445] BSVK
[16:32:40] 🔄 Identity reset
[16:32:40] 🔄 Identity rotated (every 10 requests)
[16:32:40] 🔄 Retry 1/5 for BSVK in 2.6s
[16:32:40] 🔄 Identity reset
[16:32:43] 🧠 New identity created
[16:32:43] [31/445] VVVQ
[16:32:44] [32/445] TKMU
[16:32:45] [33/445] ESYL
[16:32:46] [34/445] ACHP
[16:32:47] [35/445] BTKD
[16:32:48] [36/445] DESA
[16:32:49] [37/445] GBCT
[16:32:50] [38/445] BLLD
[16:32:51] [39/445] SKNT
[16:32:52] 🔄 Identity reset
[16:32:52] 🔄 Identity rotated (every 10 requests)
[16:32:52] [40/445] SSTE
[16:32:53] [41/445] VJMR
[16:32:54] [42/445] NTPU
[16:32:55] [43/445] RDKN
[16:32:56] [44/445] ADGC
[16:32:57] [45/445] VRBP
[16:32:58] [46/445] NMNA
[16:32:58] [47/445] CMMX
[16:32:59] [48/445] PTKO
[16:33:00] [49/445] RBML
[16:33:01] 🔄 Identity reset
[16:33:01] 🔄 Identity rotated (every 10 requests)
[16:33:01] [50/445] SAIC
[16:33:02] [51/445] SVTJ
[16:33:03] [52/445] MRTE
[16:33:04] [53/445] RBTP
[16:33:05] [54/445] NLPS
[16:33:05] [55/445] GTNA
[16:33:06] [56/445] DGGC
[16:33:07] [57/445] SMCR
[16:33:08] [58/445] SCGD
[16:33:09] [59/445] SRRJ
[16:33:09] 🔄 Identity reset
[16:33:09] 🔄 Identity rotated (every 10 requests)
[16:33:11] [60/445] CNRY
[16:33:11] [61/445] KTDI
[16:33:12] [62/445] SNJL
[16:33:13] [63/445] RKMD
[16:33:14] [64/445] SMDC
[16:33:15] [65/445] TADG
[16:33:16] [66/445] MCGS
[16:33:16] [67/445] PETK
[16:33:17] [68/445] CHAG
[16:33:18] [69/445] KSTL
[16:33:19] 🔄 Identity reset
[16:33:19] 🔄 Identity rotated (every 10 requests)
[16:33:19] [70/445] AADS
[16:33:20] [71/445] NTHZ
[16:33:20] [72/445] HCKI
[16:33:21] [73/445] SSEF
[16:33:22] [74/445] MCGX
[16:33:23] [75/445] ERRA
[16:33:24] [76/445] SDTW
[16:33:25] [77/445] RMPK
[16:33:25] [78/445] PTHK
[16:33:26] [79/445] PXCS
[16:33:27] 🔄 Identity reset
[16:33:27] 🔄 Identity rotated (every 10 requests)
[16:33:27] [80/445] SVLU
[16:33:28] [81/445] STAH
[16:33:29] [82/445] JRGF
[16:33:30] [83/445] CDOK
[16:33:31] [84/445] CMSG
[16:33:31] [85/445] APTD
[16:33:32] [86/445] KMPG
[16:33:33] [87/445] MUTJ
[16:33:34] [88/445] VCCI
[16:33:35] [89/445] URBE
[16:33:36] 🔄 Identity reset
[16:33:36] 🔄 Identity rotated (every 10 requests)
[16:33:36] [90/445] TCTS
[16:33:37] [91/445] STSN
[16:33:38] [92/445] AKCH
[16:33:39] [93/445] APSC
[16:33:40] [94/445] VLTB
[16:33:41] [95/445] SANU
[16:33:42] [96/445] AXAM
[16:33:43] [97/445] MGMG
[16:33:43] [98/445] HTBY
[16:33:44] [99/445] MMZS
[16:33:45] 🔄 Identity reset
[16:33:45] 🔄 Identity rotated (every 10 requests)
[16:33:46] [100/445] SUDR
[16:33:47] [101/445] CCAD
[16:33:47] [102/445] SKKC
[16:33:48] [103/445] RMCD
[16:33:50] [104/445] SBCQ
[16:33:51] [105/445] DCCT
[16:33:52] [106/445] VTKP
[16:33:52] [107/445] MLAM
[16:33:54] [108/445] SAVT
[16:33:55] [109/445] GEPL
[16:33:56] 🔄 Identity reset
[16:33:56] 🔄 Identity rotated (every 10 requests)
[16:33:56] [110/445] AMCD
[16:33:57] [111/445] CCXR
[16:33:58] [112/445] GRNG
[16:33:59] [113/445] EBCA
[16:33:59] [114/445] CNVG
[16:34:00] [115/445] MWSS
[16:34:01] [116/445] VBOR
[16:34:02] [117/445] NEEB
[16:34:04] [118/445] SUTH
[16:34:05] [119/445] ANDB
[16:34:05] 🔄 Identity reset
[16:34:05] 🔄 Identity rotated (every 10 requests)
[16:34:06] [120/445] MMXS
[16:34:07] [121/445] CNPD
[16:34:08] [122/445] SDCE
[16:34:09] [123/445] DHCB
[16:34:10] [124/445] ODEN
[16:34:12] [125/445] TNTC
[16:34:13] [126/445] VBKM
[16:34:13] [127/445] RZYM
[16:34:14] [128/445] JEMC
[16:34:15] [129/445] CMAU
[16:34:16] 🔄 Identity reset
[16:34:16] 🔄 Identity rotated (every 10 requests)
[16:34:16] [130/445] SIVP
[16:34:17] [131/445] ATAG
[16:34:18] [132/445] CHTM
[16:34:18] [133/445] AAEE
[16:34:19] [134/445] IWPM
[16:34:20] [135/445] KCMW
[16:34:21] [136/445] MCTD
[16:34:21] [137/445] SPWR
[16:34:22] [138/445] SDPO
[16:34:23] [139/445] PCSK
[16:34:24] 🔄 Identity reset
[16:34:24] 🔄 Identity rotated (every 10 requests)
[16:34:24] [140/445] ACHV
[16:34:25] [141/445] SVLA
[16:34:26] [142/445] PICT
[16:34:27] [143/445] BXDR
[16:34:28] [144/445] SPWA
[16:34:28] [145/445] MCKO
[16:34:29] [146/445] RTHK
[16:34:30] [147/445] CCMF
[16:34:31] [148/445] MRGB
[16:34:32] [149/445] CPLC
[16:34:32] 🔄 Identity reset
[16:34:32] 🔄 Identity rotated (every 10 requests)
[16:34:32] [150/445] RACD
[16:34:33] [151/445] ATKT
[16:34:34] [152/445] SARN
[16:34:35] [153/445] KKUI
[16:34:36] [154/445] RGCM
[16:34:37] [155/445] BRVP
[16:34:38] [156/445] HRSR
[16:34:39] [157/445] GKGM
[16:34:40] [158/445] TTCD
[16:34:42] [159/445] PTTI
[16:34:42] 🔄 Identity reset
[16:34:42] 🔄 Identity rotated (every 10 requests)
[16:34:43] [160/445] MPTT
[16:34:44] [161/445] CVTT
[16:34:44] [162/445] PCXD
[16:34:45] [163/445] GCDC
[16:34:46] [164/445] CCCF
[16:34:47] [165/445] MRAD
[16:34:48] [166/445] CPLK
[16:34:49] [167/445] SATB
[16:34:50] [168/445] SNVG
[16:34:51] [169/445] JMBA
[16:34:51] 🔄 Identity reset
[16:34:51] 🔄 Identity rotated (every 10 requests)
[16:34:51] [170/445] TEJA
[16:34:52] [171/445] STYO
[16:34:54] [172/445] JTBP
[16:34:55] [173/445] KRGD
[16:34:56] [174/445] SLJJ
[16:34:56] [175/445] SPTJ
[16:34:57] [176/445] SWJG
[16:34:58] [177/445] LKRT
[16:34:59] [178/445] KCKA
[16:35:00] [179/445] SNCR
[16:35:01] 🔄 Identity reset
[16:35:01] 🔄 Identity rotated (every 10 requests)
[16:35:01] [180/445] SMKL
[16:35:02] [181/445] GCFA
[16:35:03] [182/445] DDCK
[16:35:04] [183/445] NCHJ
[16:35:04] [184/445] RDMA
[16:35:05] [185/445] SVSV
[16:35:06] [186/445] SCJG
[16:35:07] [187/445] VKLP
[16:35:08] [188/445] NWCC
[16:35:09] [189/445] VKNS
[16:35:10] 🔄 Identity reset
[16:35:10] 🔄 Identity rotated (every 10 requests)
[16:35:10] [190/445] SDDP
[16:35:11] [191/445] ACSI
[16:35:12] [192/445] SATG
[16:35:13] [193/445] SCMW
[16:35:13] [194/445] LKTK
[16:35:14] [195/445] VCKV
[16:35:15] [196/445] KKPE
[16:35:16] [197/445] KIGH
[16:35:17] [198/445] SRPM
[16:35:18] [199/445] SCAH
[16:35:18] 🔄 Identity reset
[16:35:18] 🔄 Identity rotated (every 10 requests)
[16:35:18] [200/445] MUTA
[16:35:19] [201/445] SEPU
[16:35:20] [202/445] INOA
[16:35:22] [203/445] BASK
[16:35:24] [204/445] NECB
[16:35:25] [205/445] GTTG
[16:35:25] [206/445] ASSA
[16:35:26] [207/445] ANCL
[16:35:27] [208/445] GCTI
[16:35:28] [209/445] RCTS
[16:35:29] 🔄 Identity reset
[16:35:29] 🔄 Identity rotated (every 10 requests)
[16:35:29] 🔄 Retry 1/5 for RCTS in 2.4s
[16:35:29] 🔄 Identity reset
[16:35:31] 🧠 New identity created
[16:35:32] [210/445] ACNL
[16:35:33] [211/445] MYCT
[16:35:34] [212/445] NMHT
[16:35:35] [213/445] MDIT
[16:35:36] [214/445] LATG
[16:35:37] [215/445] SMTY
[16:35:38] [216/445] CVCT
[16:35:39] [217/445] RAMB
[16:35:40] [218/445] TGMS
[16:35:40] 🔄 Identity reset
[16:35:40] 🔄 Identity rotated (every 10 requests)
[16:35:40] [219/445] BHEL
[16:35:41] [220/445] SHCT
[16:35:42] [221/445] SVCT
[16:35:43] [222/445] MRIY
[16:35:44] [223/445] SARO
[16:35:45] [224/445] STCT
[16:35:46] [225/445] JKKC
[16:35:47] [226/445] PLTT
[16:35:48] [227/445] SRNT
[16:35:49] [228/445] YAST
[16:35:49] 🔄 Identity reset
[16:35:49] 🔄 Identity rotated (every 10 requests)
[16:35:49] [229/445] PERL
[16:35:50] [230/445] CICM
[16:35:51] [231/445] MMTR
[16:35:52] [232/445] ABTK
[16:35:53] [233/445] ATYY
[16:35:53] [234/445] ASTK
[16:35:54] [235/445] VVCK
[16:35:55] [236/445] ATKY
[16:35:56] [237/445] GWEK
[16:35:57] [238/445] SVFH
[16:35:57] 🔄 Identity reset
[16:35:57] 🔄 Identity rotated (every 10 requests)
[16:35:58] [239/445] SLTA
[16:35:58] [240/445] AASH
[16:35:59] [241/445] ACXB
[16:36:00] [242/445] SMTX
[16:36:01] [243/445] AZDH
[16:36:02] [244/445] CMMH
[16:36:03] [245/445] SCSZ
[16:36:03] [246/445] SCKP
[16:36:04] [247/445] NXTM
[16:36:05] [248/445] NWCS
[16:36:06] 🔄 Identity reset
[16:36:06] 🔄 Identity rotated (every 10 requests)
[16:36:06] [249/445] CXMH
[16:36:07] [250/445] PCMA
[16:36:08] [251/445] SGCM
[16:36:09] [252/445] SDTU
[16:36:10] [253/445] MMVI
[16:36:11] [254/445] JKCM
[16:36:11] [255/445] VCMM
[16:36:12] [256/445] SYEE
[16:36:13] [257/445] VASD
[16:36:14] [258/445] BDRB
[16:36:15] 🔄 Identity reset
[16:36:15] 🔄 Identity rotated (every 10 requests)
[16:36:15] [259/445] LASM
[16:36:16] [260/445] DCRL
[16:36:17] [261/445] DVPM
[16:36:18] [262/445] SBMJ
[16:36:19] [263/445] CBMU
[16:36:20] [264/445] IUBS
[16:36:21] [265/445] INAP
[16:36:22] [266/445] SRRC
[16:36:22] [267/445] SAGR
[16:36:23] [268/445] CPMJ
[16:36:24] 🔄 Identity reset
[16:36:24] 🔄 Identity rotated (every 10 requests)
[16:36:24] [269/445] ATJL
[16:36:25] [270/445] NNTD
[16:36:26] [271/445] JHCJ
[16:36:27] [272/445] CMMP
[16:36:28] [273/445] RSDR
[16:36:29] [274/445] AMTI
[16:36:29] [275/445] NYSG
[16:36:30] [276/445] AVSG
[16:36:31] [277/445] SYTP
[16:36:32] [278/445] LARC
[16:36:33] 🔄 Identity reset
[16:36:33] 🔄 Identity rotated (every 10 requests)
[16:36:33] [279/445] RJTP
[16:36:34] [280/445] LAKC
[16:36:35] [281/445] MCXE
[16:36:36] [282/445] CCZC
[16:36:38] [283/445] AVCH
[16:36:38] [284/445] CMBE
[16:36:40] [285/445] MRRC
[16:36:41] [286/445] PCPY
[16:36:42] [287/445] SRMH
[16:36:43] [288/445] SVGS
[16:36:44] 🔄 Identity reset
[16:36:44] 🔄 Identity rotated (every 10 requests)
[16:36:44] [289/445] PCSE
[16:36:45] [290/445] SVFT
[16:36:46] [291/445] TNZP
[16:36:47] [292/445] ICTP
[16:36:48] [293/445] ACTZ
[16:36:49] [294/445] GTUR
[16:36:50] [295/445] MAFC
[16:36:51] [296/445] MINL
[16:36:51] [297/445] MRCL
[16:36:52] [298/445] RCRP
[16:36:53] 🔄 Identity reset
[16:36:53] 🔄 Identity rotated (every 10 requests)
[16:36:53] [299/445] RFFG
[16:36:54] [300/445] RMAS
[16:36:55] [301/445] INVR
[16:36:56] [302/445] RMAR
[16:36:56] [303/445] CNIS
[16:36:57] [304/445] RHRJ
[16:36:58] [305/445] INXR
[16:36:59] [306/445] VALT
[16:37:00] [307/445] LCSH
[16:37:01] [308/445] CMVS
[16:37:01] 🔄 Identity reset
[16:37:01] 🔄 Identity rotated (every 10 requests)
[16:37:02] [309/445] CNMS
[16:37:03] [310/445] ROOG
[16:37:04] [311/445] ISRM
[16:37:05] [312/445] RCRM
[16:37:05] [313/445] ACJA
[16:37:06] [314/445] RCVS
[16:37:07] [315/445] CPUS
[16:37:08] [316/445] TGCS
[16:37:09] [317/445] RKCJ
[16:37:10] [318/445] MKSB
[16:37:11] 🔄 Identity reset
[16:37:11] 🔄 Identity rotated (every 10 requests)
[16:37:12] [319/445] TCSJ
[16:37:13] [320/445] RMGP
[16:37:13] [321/445] CLLP
[16:37:14] [322/445] RCMV
[16:37:16] [323/445] CCKS
[16:37:17] [324/445] RSRP
[16:37:18] [325/445] APLP
[16:37:18] [326/445] CNVS
[16:37:19] [327/445] RMVY
[16:37:20] [328/445] PGBD
[16:37:21] 🔄 Identity reset
[16:37:21] 🔄 Identity rotated (every 10 requests)
[16:37:21] [329/445] KLMS
[16:37:22] [330/445] RUST
[16:37:23] [331/445] MASM
[16:37:23] [332/445] BACS
[16:37:24] [333/445] BWST
[16:37:25] [334/445] RRFH
[16:37:26] [335/445] SJTM
[16:37:27] [336/445] BEMR
[16:37:28] [337/445] MCGR
[16:37:29] [338/445] SDSK
[16:37:29] 🔄 Identity reset
[16:37:29] 🔄 Identity rotated (every 10 requests)
[16:37:30] [339/445] VBOL
[16:37:30] [340/445] RMGM
[16:37:31] [341/445] NOPL
[16:37:32] [342/445] MKJK
[16:37:33] [343/445] CVRN
[16:37:35] [344/445] MMEN
[16:37:35] [345/445] AMNG
[16:37:36] [346/445] INTM
[16:37:37] [347/445] SLCZ
[16:37:38] [348/445] AMJN
[16:37:38] 🔄 Identity reset
[16:37:38] 🔄 Identity rotated (every 10 requests)
[16:37:39] [349/445] ACJN
[16:37:39] [350/445] AMKN
[16:37:40] [351/445] BTCN
[16:37:41] [352/445] AMBT
[16:37:42] [353/445] PACN
[16:37:43] [354/445] LCNS
[16:37:44] [355/445] PPKC
[16:37:45] [356/445] JYYN
[16:37:46] [357/445] JTNR
[16:37:46] [358/445] GTEE
[16:37:47] 🔄 Identity reset
[16:37:47] 🔄 Identity rotated (every 10 requests)
[16:37:47] [359/445] SRNM
[16:37:48] [360/445] SDTC
[16:37:49] [361/445] VPCA
[16:37:50] [362/445] VLRA
[16:37:51] [363/445] SHKR
[16:37:52] [364/445] SBKD
[16:37:53] [365/445] SAAD
[16:37:53] [366/445] JTGN
[16:37:54] [367/445] SLAM
[16:37:55] [368/445] VTPM
[16:37:56] 🔄 Identity reset
[16:37:56] 🔄 Identity rotated (every 10 requests)
[16:37:56] [369/445] ANPT
[16:37:57] [370/445] PUNB
[16:37:58] [371/445] CPKT
[16:37:58] [372/445] CNWE
[16:37:59] [373/445] ECPP
[16:38:00] [374/445] CPAR
[16:38:01] [375/445] ESBW
[16:38:03] [376/445] PKPU
[16:38:03] [377/445] CPRP
[16:38:04] [378/445] RAHU
[16:38:05] 🔄 Identity reset
[16:38:05] 🔄 Identity rotated (every 10 requests)
[16:38:05] [379/445] RHMN
[16:38:06] [380/445] FMJP
[16:38:07] [381/445] CTMP
[16:38:08] [382/445] INPN
[16:38:09] [383/445] STTG
[16:38:10] [384/445] CTRD
[16:38:12] [385/445] PUVB
[16:38:12] [386/445] ESVP
[16:38:13] [387/445] CPFT
[16:38:14] [388/445] LCPC
[16:38:15] 🔄 Identity reset
[16:38:15] 🔄 Identity rotated (every 10 requests)
[16:38:15] [389/445] VBCT
[16:38:16] [390/445] FSCW
[16:38:17] [391/445] VCMP
[16:38:18] [392/445] ASHC
[16:38:18] [393/445] VLCX
[16:38:19] [394/445] SHEV
[16:38:20] [395/445] APCO
[16:38:21] [396/445] SILC
[16:38:22] [397/445] SNMR
[16:38:23] [398/445] KYBO
[16:38:23] 🔄 Identity reset
[16:38:24] 🔄 Identity rotated (every 10 requests)
[16:38:24] [399/445] SATK
[16:38:25] [400/445] SSCS
[16:38:26] [401/445] CLSB
[16:38:27] [402/445] KMJR
[16:38:28] [403/445] FSCK
[16:38:29] [404/445] NNKA
[16:38:30] [405/445] CLMK
[16:38:31] [406/445] DMPZ
[16:38:32] [407/445] INQM
[16:38:34] [408/445] CAML
[16:38:34] 🔄 Identity reset
[16:38:34] 🔄 Identity rotated (every 10 requests)
[16:38:35] [409/445] INRK
[16:38:36] [410/445] IMKN
[16:38:36] [411/445] SVNR
[16:38:37] [412/445] INSL
[16:38:38] [413/445] MSMA
[16:38:39] [414/445] MCKK
[16:38:40] [415/445] FCHP
[16:38:41] [416/445] SFCR
[16:38:42] [417/445] NACK
[16:38:42] [418/445] PVAK
[16:38:43] 🔄 Identity reset
[16:38:43] 🔄 Identity rotated (every 10 requests)
[16:38:43] [419/445] INER
[16:38:44] [420/445] RDBK
[16:38:45] [421/445] SVFN
[16:38:46] [422/445] IFRM
[16:38:47] [423/445] ATCK
[16:38:48] [424/445] ASKO
[16:38:50] [425/445] STKT
[16:38:51] [426/445] SVFB
[16:38:51] [427/445] INKS
[16:38:52] [428/445] PCRA
[16:38:53] 🔄 Identity reset
[16:38:53] 🔄 Identity rotated (every 10 requests)
[16:38:53] [429/445] ATJA
[16:38:54] [430/445] IMJN
[16:38:55] [431/445] INHD
[16:38:56] [432/445] BARA
[16:38:57] [433/445] MCSL
[16:38:58] [434/445] RTOY
[16:38:59] [435/445] MENO
[16:39:00] [436/445] PUDM
[16:39:01] [437/445] PRCN
[16:39:02] [438/445] JMJR
[16:39:03] 🔄 Identity reset
[16:39:03] 🔄 Identity rotated (every 10 requests)
[16:39:03] [439/445] SSGK
[16:39:04] [440/445] SSRL
[16:39:05] [441/445] JYKL
[16:39:06] [442/445] ACNB
[16:39:07] [443/445] SONP
[16:39:08] [444/445] EMCI
[16:39:09] [445/445] MRJH
[16:39:10] 🧹 Deduping shows
[16:39:10] ✅ DONE | Shows=508 | Movies=28
[04:41:26] 🚀 SCRIPT STARTED (enhanced anti‑detection)
[04:41:26] [1/445] TGMR
[04:41:26] 🧠 New identity created
[04:41:27] [2/445] CXKR
[04:41:28] [3/445] SROP
[04:41:29] [4/445] GTSV
[04:41:31] [5/445] SNTY
[04:41:33] [6/445] SMYY
[04:41:34] [7/445] CNCS
[04:41:35] [8/445] CSTM
[04:41:37] [9/445] NUCD
[04:41:38] [10/445] SHCZ
[04:41:39] 🔄 Identity reset
[04:41:39] 🔄 Identity rotated (every 10 requests)
[04:41:39] [11/445] NJCT
[04:41:41] [12/445] COPC
[04:41:42] [13/445] STVV
[04:41:42] [14/445] SKRN
[04:41:43] [15/445] APPZ
[04:41:45] [16/445] YMGN
[04:41:46] [17/445] SVTU
[04:41:48] [18/445] GTAD
[04:41:49] [19/445] PSUS
[04:41:50] [20/445] SMCD
[04:41:51] 🔄 Identity reset
[04:41:51] 🔄 Identity rotated (every 10 requests)
[04:41:52] [21/445] CMCM
[04:41:53] [22/445] SYCT
[04:41:54] [23/445] STLY
[04:41:55] [24/445] CMHU
[04:41:56] [25/445] CMSA
[04:41:58] [26/445] CLCU
[04:41:59] [27/445] PPNT
[04:42:01] [28/445] JTAB
[04:42:03] [29/445] BUUC
[04:42:04] [30/445] BSVK
[04:42:04] 🔄 Identity reset
[04:42:04] 🔄 Identity rotated (every 10 requests)
[04:42:05] [31/445] VVVQ
[04:42:06] [32/445] TKMU
[04:42:07] [33/445] ESYL
[04:42:08] [34/445] ACHP
[04:42:09] [35/445] BTKD
[04:42:11] [36/445] DESA
[04:42:13] [37/445] GBCT
[04:42:14] [38/445] BLLD
[04:42:16] [39/445] SKNT
[04:42:17] [40/445] SSTE
[04:42:18] 🔄 Identity reset
[04:42:18] 🔄 Identity rotated (every 10 requests)
[04:42:18] [41/445] VJMR
[04:42:20] [42/445] NTPU
[04:42:21] [43/445] RDKN
[04:42:22] [44/445] ADGC
[04:42:23] [45/445] VRBP
[04:42:24] [46/445] NMNA
[04:42:25] [47/445] CMMX
[04:42:26] [48/445] PTKO
[04:42:27] [49/445] RBML
[04:42:28] [50/445] SAIC
[04:42:29] 🔄 Identity reset
[04:42:29] 🔄 Identity rotated (every 10 requests)
[04:42:29] 🔄 Retry 1/5 for SAIC in 2.2s
[04:42:29] 🔄 Identity reset
[04:42:31] 🧠 New identity created
[04:42:34] [51/445] SVTJ
[04:42:35] [52/445] MRTE
[04:42:36] [53/445] RBTP
[04:42:37] [54/445] NLPS
[04:42:39] [55/445] GTNA
[04:42:40] [56/445] DGGC
[04:42:42] [57/445] SMCR
[04:42:42] [58/445] SCGD
[04:42:44] [59/445] SRRJ
[04:42:45] 🔄 Identity reset
[04:42:45] 🔄 Identity rotated (every 10 requests)
[04:42:45] [60/445] CNRY
[04:42:46] [61/445] KTDI
[04:42:47] [62/445] SNJL
[04:42:48] [63/445] RKMD
[04:42:50] [64/445] SMDC
[04:42:51] [65/445] TADG
[04:42:52] [66/445] MCGS
[04:42:53] [67/445] PETK
[04:42:54] [68/445] CHAG
[04:42:56] [69/445] KSTL
[04:42:57] 🔄 Identity reset
[04:42:57] 🔄 Identity rotated (every 10 requests)
[04:42:57] [70/445] AADS
[04:42:58] [71/445] NTHZ
[04:43:00] [72/445] HCKI
[04:43:01] [73/445] SSEF
[04:43:02] [74/445] MCGX
[04:43:03] [75/445] ERRA
[04:43:05] [76/445] SDTW
[04:43:06] [77/445] RMPK
[04:43:07] [78/445] PTHK
[04:43:09] [79/445] PXCS
[04:43:09] 🔄 Identity reset
[04:43:10] 🔄 Identity rotated (every 10 requests)
[04:43:11] [80/445] SVLU
[04:43:13] [81/445] STAH
[04:43:14] [82/445] JRGF
[04:43:15] [83/445] CDOK
[04:43:17] [84/445] CMSG
[04:43:18] [85/445] APTD
[04:43:19] [86/445] KMPG
[04:43:20] [87/445] MUTJ
[04:43:22] [88/445] VCCI
[04:43:23] [89/445] URBE
[04:43:24] 🔄 Identity reset
[04:43:24] 🔄 Identity rotated (every 10 requests)
[04:43:24] [90/445] TCTS
[04:43:26] [91/445] STSN
[04:43:28] [92/445] AKCH
[04:43:29] [93/445] APSC
[04:43:31] [94/445] VLTB
[04:43:32] [95/445] SANU
[04:43:34] [96/445] AXAM
[04:43:36] [97/445] MGMG
[04:43:37] [98/445] HTBY
[04:43:38] [99/445] MMZS
[04:43:39] 🔄 Identity reset
[04:43:39] 🔄 Identity rotated (every 10 requests)
[04:43:39] [100/445] SUDR
[04:43:40] [101/445] CCAD
[04:43:42] [102/445] SKKC
[04:43:43] [103/445] RMCD
[04:43:45] [104/445] SBCQ
[04:43:46] [105/445] DCCT
[04:43:48] [106/445] VTKP
[04:43:49] [107/445] MLAM
[04:43:50] [108/445] SAVT
[04:43:51] [109/445] GEPL
[04:43:52] 🔄 Identity reset
[04:43:52] 🔄 Identity rotated (every 10 requests)
[04:43:53] [110/445] AMCD
[04:43:55] [111/445] CCXR
[04:43:56] [112/445] GRNG
[04:43:57] [113/445] EBCA
[04:43:59] [114/445] CNVG
[04:44:00] [115/445] MWSS
[04:44:02] [116/445] VBOR
[04:44:03] [117/445] NEEB
[04:44:05] [118/445] SUTH
[04:44:06] [119/445] ANDB
[04:44:07] 🔄 Identity reset
[04:44:07] 🔄 Identity rotated (every 10 requests)
[04:44:08] [120/445] MMXS
[04:44:10] [121/445] CNPD
[04:44:11] [122/445] SDCE
[04:44:12] [123/445] DHCB
[04:44:14] [124/445] ODEN
[04:44:15] [125/445] TNTC
[04:44:16] [126/445] VBKM
[04:44:18] [127/445] RZYM
[04:44:20] [128/445] JEMC
[04:44:21] [129/445] CMAU
[04:44:21] 🔄 Identity reset
[04:44:21] 🔄 Identity rotated (every 10 requests)
[04:44:22] 🔄 Retry 1/5 for CMAU in 2.4s
[04:44:22] 🔄 Identity reset
[04:44:24] 🧠 New identity created
[04:44:25] [130/445] SIVP
[04:44:27] [131/445] ATAG
[04:44:29] [132/445] CHTM
[04:44:30] [133/445] AAEE
[04:44:31] [134/445] IWPM
[04:44:32] [135/445] KCMW
[04:44:34] [136/445] MCTD
[04:44:35] [137/445] SPWR
[04:44:37] [138/445] SDPO
[04:44:37] 🔄 Identity reset
[04:44:37] 🔄 Identity rotated (every 10 requests)
[04:44:37] 🔄 Retry 1/5 for SDPO in 2.2s
[04:44:37] 🔄 Identity reset
[04:44:40] 🧠 New identity created
[04:44:40] [139/445] PCSK
[04:44:41] [140/445] ACHV
[04:44:43] [141/445] SVLA
[04:44:44] [142/445] PICT
[04:44:45] [143/445] BXDR
[04:44:47] [144/445] SPWA
[04:44:48] [145/445] MCKO
[04:44:49] [146/445] RTHK
[04:44:51] [147/445] CCMF
[04:44:51] 🔄 Identity reset
[04:44:51] 🔄 Identity rotated (every 10 requests)
[04:44:51] [148/445] MRGB
[04:44:52] [149/445] CPLC
[04:44:54] [150/445] RACD
[04:44:55] [151/445] ATKT
[04:44:56] [152/445] SARN
[04:44:58] [153/445] KKUI
[04:44:59] [154/445] RGCM
[04:45:00] [155/445] BRVP
[04:45:02] [156/445] HRSR
[04:45:03] [157/445] GKGM
[04:45:04] 🔄 Identity reset
[04:45:04] 🔄 Identity rotated (every 10 requests)
[04:45:04] [158/445] TTCD
[04:45:06] [159/445] PTTI
[04:45:08] [160/445] MPTT
[04:45:09] [161/445] CVTT
[04:45:11] [162/445] PCXD
[04:45:12] [163/445] GCDC
[04:45:14] [164/445] CCCF
[04:45:15] [165/445] MRAD
[04:45:16] [166/445] CPLK
[04:45:17] [167/445] SATB
[04:45:18] 🔄 Identity reset
[04:45:18] 🔄 Identity rotated (every 10 requests)
[04:45:19] [168/445] SNVG
[04:45:19] [169/445] JMBA
[04:45:21] [170/445] TEJA
[04:45:23] [171/445] STYO
[04:45:24] [172/445] JTBP
[04:45:26] [173/445] KRGD
[04:45:27] [174/445] SLJJ
[04:45:28] [175/445] SPTJ
[04:45:29] [176/445] SWJG
[04:45:30] [177/445] LKRT
[04:45:31] 🔄 Identity reset
[04:45:31] 🔄 Identity rotated (every 10 requests)
[04:45:32] [178/445] KCKA
[04:45:34] [179/445] SNCR
[04:45:35] [180/445] SMKL
[04:45:36] [181/445] GCFA
[04:45:38] [182/445] DDCK
[04:45:40] [183/445] NCHJ
[04:45:40] [184/445] RDMA
[04:45:42] [185/445] SVSV
[04:45:43] [186/445] SCJG
[04:45:44] [187/445] VKLP
[04:45:45] 🔄 Identity reset
[04:45:45] 🔄 Identity rotated (every 10 requests)
[04:45:45] 🔄 Retry 1/5 for VKLP in 2.1s
[04:45:45] 🔄 Identity reset
[04:45:47] 🧠 New identity created
[04:45:47] [188/445] NWCC
[04:45:48] [189/445] VKNS
[04:45:49] [190/445] SDDP
[04:45:50] [191/445] ACSI
[04:45:52] [192/445] SATG
[04:45:53] [193/445] SCMW
[04:45:55] [194/445] LKTK
[04:45:56] [195/445] VCKV
[04:45:58] [196/445] KKPE
[04:45:58] 🔄 Identity reset
[04:45:58] 🔄 Identity rotated (every 10 requests)
[04:45:59] [197/445] KIGH
[04:46:01] [198/445] SRPM
[04:46:02] [199/445] SCAH
[04:46:04] [200/445] MUTA
[04:46:05] [201/445] SEPU
[04:46:07] [202/445] INOA
[04:46:08] [203/445] BASK
[04:46:09] [204/445] NECB
[04:46:11] [205/445] GTTG
[04:46:12] [206/445] ASSA
[04:46:13] 🔄 Identity reset
[04:46:13] 🔄 Identity rotated (every 10 requests)
[04:46:13] [207/445] ANCL
[04:46:15] [208/445] GCTI
[04:46:15] [209/445] RCTS
[04:46:17] [210/445] ACNL
[04:46:18] [211/445] MYCT
[04:46:19] [212/445] NMHT
[04:46:21] [213/445] MDIT
[04:46:22] [214/445] LATG
[04:46:24] [215/445] SMTY
[04:46:25] [216/445] CVCT
[04:46:26] 🔄 Identity reset
[04:46:26] 🔄 Identity rotated (every 10 requests)
[04:46:27] [217/445] RAMB
[04:46:28] [218/445] TGMS
[04:46:30] [219/445] BHEL
[04:46:32] [220/445] SHCT
[04:46:33] [221/445] SVCT
[04:46:34] [222/445] MRIY
[04:46:35] [223/445] SARO
[04:46:36] [224/445] STCT
[04:46:37] [225/445] JKKC
[04:46:39] [226/445] PLTT
[04:46:39] 🔄 Identity reset
[04:46:39] 🔄 Identity rotated (every 10 requests)
[04:46:40] [227/445] SRNT
[04:46:42] [228/445] YAST
[04:46:43] [229/445] PERL
[04:46:45] [230/445] CICM
[04:46:46] [231/445] MMTR
[04:46:48] [232/445] ABTK
[04:46:49] [233/445] ATYY
[04:46:50] [234/445] ASTK
[04:46:51] [235/445] VVCK
[04:46:53] [236/445] ATKY
[04:46:54] 🔄 Identity reset
[04:46:54] 🔄 Identity rotated (every 10 requests)
[04:46:54] [237/445] GWEK
[04:46:55] [238/445] SVFH
[04:46:57] [239/445] SLTA
[04:46:58] [240/445] AASH
[04:47:00] [241/445] ACXB
[04:47:01] [242/445] SMTX
[04:47:02] [243/445] AZDH
[04:47:03] [244/445] CMMH
[04:47:04] [245/445] SCSZ
[04:47:06] [246/445] SCKP
[04:47:06] 🔄 Identity reset
[04:47:06] 🔄 Identity rotated (every 10 requests)
[04:47:08] [247/445] NXTM
[04:47:10] [248/445] NWCS
[04:47:10] [249/445] CXMH
[04:47:12] [250/445] PCMA
[04:47:14] [251/445] SGCM
[04:47:15] [252/445] SDTU
[04:47:16] [253/445] MMVI
[04:47:17] [254/445] JKCM
[04:47:18] [255/445] VCMM
[04:47:19] [256/445] SYEE
[04:47:19] 🔄 Identity reset
[04:47:19] 🔄 Identity rotated (every 10 requests)
[04:47:20] [257/445] VASD
[04:47:22] [258/445] BDRB
[04:47:23] [259/445] LASM
[04:47:25] [260/445] DCRL
[04:47:26] [261/445] DVPM
[04:47:27] [262/445] SBMJ
[04:47:28] [263/445] CBMU
[04:47:29] [264/445] IUBS
[04:47:30] [265/445] INAP
[04:47:32] [266/445] SRRC
[04:47:32] 🔄 Identity reset
[04:47:32] 🔄 Identity rotated (every 10 requests)
[04:47:33] [267/445] SAGR
[04:47:35] [268/445] CPMJ
[04:47:36] [269/445] ATJL
[04:47:37] [270/445] NNTD
[04:47:38] [271/445] JHCJ
[04:47:39] [272/445] CMMP
[04:47:40] [273/445] RSDR
[04:47:41] [274/445] AMTI
[04:47:42] [275/445] NYSG
[04:47:43] [276/445] AVSG
[04:47:44] 🔄 Identity reset
[04:47:44] 🔄 Identity rotated (every 10 requests)
[04:47:45] [277/445] SYTP
[04:47:46] [278/445] LARC
[04:47:48] [279/445] RJTP
[04:47:49] [280/445] LAKC
[04:47:50] [281/445] MCXE
[04:47:52] [282/445] CCZC
[04:47:53] [283/445] AVCH
[04:47:54] [284/445] CMBE
[04:47:56] [285/445] MRRC
[04:47:57] [286/445] PCPY
[04:47:57] 🔄 Identity reset
[04:47:57] 🔄 Identity rotated (every 10 requests)
[04:47:58] [287/445] SRMH
[04:47:59] [288/445] SVGS
[04:48:00] [289/445] PCSE
[04:48:01] [290/445] SVFT
[04:48:02] [291/445] TNZP
[04:48:03] [292/445] ICTP
[04:48:04] [293/445] ACTZ
[04:48:06] [294/445] GTUR
[04:48:08] [295/445] MAFC
[04:48:09] [296/445] MINL
[04:48:09] 🔄 Identity reset
[04:48:09] 🔄 Identity rotated (every 10 requests)
[04:48:10] [297/445] MRCL
[04:48:11] [298/445] RCRP
[04:48:12] [299/445] RFFG
[04:48:14] [300/445] RMAS
[04:48:15] [301/445] INVR
[04:48:17] [302/445] RMAR
[04:48:19] [303/445] CNIS
[04:48:21] [304/445] RHRJ
[04:48:22] [305/445] INXR
[04:48:23] [306/445] VALT
[04:48:24] 🔄 Identity reset
[04:48:24] 🔄 Identity rotated (every 10 requests)
[04:48:25] [307/445] LCSH
[04:48:25] [308/445] CMVS
[04:48:27] [309/445] CNMS
[04:48:28] [310/445] ROOG
[04:48:29] [311/445] ISRM
[04:48:30] [312/445] RCRM
[04:48:31] [313/445] ACJA
[04:48:33] [314/445] RCVS
[04:48:34] [315/445] CPUS
[04:48:35] [316/445] TGCS
[04:48:36] 🔄 Identity reset
[04:48:36] 🔄 Identity rotated (every 10 requests)
[04:48:37] [317/445] RKCJ
[04:48:38] [318/445] MKSB
[04:48:39] [319/445] TCSJ
[04:48:40] [320/445] RMGP
[04:48:41] [321/445] CLLP
[04:48:43] [322/445] RCMV
[04:48:44] [323/445] CCKS
[04:48:46] [324/445] RSRP
[04:48:47] [325/445] APLP
[04:48:49] [326/445] CNVS
[04:48:49] 🔄 Identity reset
[04:48:49] 🔄 Identity rotated (every 10 requests)
[04:48:50] [327/445] RMVY
[04:48:51] [328/445] PGBD
[04:48:53] [329/445] KLMS
[04:48:54] [330/445] RUST
[04:48:55] [331/445] MASM
[04:48:56] [332/445] BACS
[04:48:57] [333/445] BWST
[04:48:58] [334/445] RRFH
[04:49:00] [335/445] SJTM
[04:49:01] [336/445] BEMR
[04:49:02] 🔄 Identity reset
[04:49:02] 🔄 Identity rotated (every 10 requests)
[04:49:03] [337/445] MCGR
[04:49:04] [338/445] SDSK
[04:49:05] [339/445] VBOL
[04:49:06] [340/445] RMGM
[04:49:07] [341/445] NOPL
[04:49:11] [342/445] MKJK
[04:49:12] [343/445] CVRN
[04:49:14] [344/445] MMEN
[04:49:15] [345/445] AMNG
[04:49:16] [346/445] INTM
[04:49:17] 🔄 Identity reset
[04:49:17] 🔄 Identity rotated (every 10 requests)
[04:49:18] [347/445] SLCZ
[04:49:20] [348/445] AMJN
[04:49:21] [349/445] ACJN
[04:49:22] [350/445] AMKN
[04:49:24] [351/445] BTCN
[04:49:25] [352/445] AMBT
[04:49:26] [353/445] PACN
[04:49:27] [354/445] LCNS
[04:49:29] [355/445] PPKC
[04:49:30] [356/445] JYYN
[04:49:31] 🔄 Identity reset
[04:49:31] 🔄 Identity rotated (every 10 requests)
[04:49:31] [357/445] JTNR
[04:49:33] [358/445] GTEE
[04:49:34] [359/445] SRNM
[04:49:35] [360/445] SDTC
[04:49:37] [361/445] VPCA
[04:49:38] [362/445] VLRA
[04:49:40] [363/445] SHKR
[04:49:41] [364/445] SBKD
[04:49:42] [365/445] SAAD
[04:49:43] [366/445] JTGN
[04:49:44] 🔄 Identity reset
[04:49:44] 🔄 Identity rotated (every 10 requests)
[04:49:45] [367/445] SLAM
[04:49:46] [368/445] VTPM
[04:49:48] [369/445] ANPT
[04:49:49] [370/445] PUNB
[04:49:51] [371/445] CPKT
[04:49:52] [372/445] CNWE
[04:49:54] [373/445] ECPP
[04:49:55] [374/445] CPAR
[04:49:56] [375/445] ESBW
[04:49:57] [376/445] PKPU
[04:49:57] 🔄 Identity reset
[04:49:57] 🔄 Identity rotated (every 10 requests)
[04:49:57] [377/445] CPRP
[04:49:59] [378/445] RAHU
[04:50:01] [379/445] RHMN
[04:50:02] [380/445] FMJP
[04:50:04] [381/445] CTMP
[04:50:05] [382/445] INPN
[04:50:06] [383/445] STTG
[04:50:08] [384/445] CTRD
[04:50:09] [385/445] PUVB
[04:50:11] [386/445] ESVP
[04:50:12] 🔄 Identity reset
[04:50:12] 🔄 Identity rotated (every 10 requests)
[04:50:13] [387/445] CPFT
[04:50:14] [388/445] LCPC
[04:50:16] [389/445] VBCT
[04:50:17] [390/445] FSCW
[04:50:18] [391/445] VCMP
[04:50:19] [392/445] ASHC
[04:50:21] [393/445] VLCX
[04:50:22] [394/445] SHEV
[04:50:22] [395/445] APCO
[04:50:24] [396/445] SILC
[04:50:24] 🔄 Identity reset
[04:50:24] 🔄 Identity rotated (every 10 requests)
[04:50:25] [397/445] SNMR
[04:50:27] [398/445] KYBO
[04:50:28] [399/445] SATK
[04:50:29] [400/445] SSCS
[04:50:31] [401/445] CLSB
[04:50:32] [402/445] KMJR
[04:50:33] [403/445] FSCK
[04:50:35] [404/445] NNKA
[04:50:36] [405/445] CLMK
[04:50:37] [406/445] DMPZ
[04:50:38] 🔄 Identity reset
[04:50:38] 🔄 Identity rotated (every 10 requests)
[04:50:39] [407/445] INQM
[04:50:41] [408/445] CAML
[04:50:43] [409/445] INRK
[04:50:44] [410/445] IMKN
[04:50:46] [411/445] SVNR
[04:50:47] [412/445] INSL
[04:50:48] [413/445] MSMA
[04:50:50] [414/445] MCKK
[04:50:51] [415/445] FCHP
[04:50:52] [416/445] SFCR
[04:50:52] 🔄 Identity reset
[04:50:52] 🔄 Identity rotated (every 10 requests)
[04:50:54] [417/445] NACK
[04:50:55] [418/445] PVAK
[04:50:56] [419/445] INER
[04:50:57] [420/445] RDBK
[04:50:59] [421/445] SVFN
[04:51:00] [422/445] IFRM
[04:51:01] [423/445] ATCK
[04:51:02] [424/445] ASKO
[04:51:03] [425/445] STKT
[04:51:04] [426/445] SVFB
[04:51:05] 🔄 Identity reset
[04:51:05] 🔄 Identity rotated (every 10 requests)
[04:51:06] [427/445] INKS
[04:51:08] [428/445] PCRA
[04:51:09] [429/445] ATJA
[04:51:11] [430/445] IMJN
[04:51:12] [431/445] INHD
[04:51:13] [432/445] BARA
[04:51:14] [433/445] MCSL
[04:51:16] [434/445] RTOY
[04:51:18] [435/445] MENO
[04:51:19] [436/445] PUDM
[04:51:20] 🔄 Identity reset
[04:51:20] 🔄 Identity rotated (every 10 requests)
[04:51:20] [437/445] PRCN
[04:51:21] [438/445] JMJR
[04:51:22] [439/445] SSGK
[04:51:24] [440/445] SSRL
[04:51:25] [441/445] JYKL
[04:51:26] [442/445] ACNB
[04:51:28] [443/445] SONP
[04:51:29] [444/445] EMCI
[04:51:30] [445/445] MRJH
[04:51:31] 🧹 Deduping shows
[04:51:31] ✅ DONE | Shows=654 | Movies=34
[21:41:25] 🚀 SCRIPT STARTED (enhanced anti‑detection)
[21:41:25] [1/445] TGMR
[21:41:26] 🧠 New identity created
[21:41:27] [2/445] CXKR
[21:41:28] [3/445] SROP
[21:41:29] [4/445] GTSV
[21:41:30] [5/445] SNTY
[21:41:31] [6/445] SMYY
[21:41:32] [7/445] CNCS
[21:41:33] [8/445] CSTM
[21:41:33] [9/445] NUCD
[21:41:34] [10/445] SHCZ
[21:41:35] 🔄 Identity reset
[21:41:35] 🔄 Identity rotated (every 10 requests)
[21:41:35] [11/445] NJCT
[21:41:36] [12/445] COPC
[21:41:37] [13/445] STVV
[21:41:38] [14/445] SKRN
[21:41:39] [15/445] APPZ
[21:41:40] [16/445] YMGN
[21:41:42] [17/445] SVTU
[21:41:43] [18/445] GTAD
[21:41:44] [19/445] PSUS
[21:41:45] [20/445] SMCD
[21:41:45] 🔄 Identity reset
[21:41:45] 🔄 Identity rotated (every 10 requests)
[21:41:45] 🔄 Retry 1/5 for SMCD in 2.6s
[21:41:45] 🔄 Identity reset
[21:41:48] 🧠 New identity created
[21:41:48] 🔄 Retry 2/5 for SMCD in 4.6s
[21:41:48] 🔄 Identity reset
[21:41:53] 🧠 New identity created
[21:41:53] [21/445] CMCM
[21:41:55] [22/445] SYCT
[21:41:55] [23/445] STLY
[21:41:56] [24/445] CMHU
[21:41:58] [25/445] CMSA
[21:41:59] [26/445] CLCU
[21:42:01] [27/445] PPNT
[21:42:01] [28/445] JTAB
[21:42:02] 🔄 Identity reset
[21:42:02] 🔄 Identity rotated (every 10 requests)
[21:42:02] [29/445] BUUC
[21:42:03] [30/445] BSVK
[21:42:04] [31/445] VVVQ
[21:42:06] [32/445] TKMU
[21:42:06] [33/445] ESYL
[21:42:07] [34/445] ACHP
[21:42:08] [35/445] BTKD
[21:42:09] [36/445] DESA
[21:42:11] [37/445] GBCT
[21:42:12] [38/445] BLLD
[21:42:12] 🔄 Identity reset
[21:42:12] 🔄 Identity rotated (every 10 requests)
[21:42:13] [39/445] SKNT
[21:42:14] [40/445] SSTE
[21:42:14] [41/445] VJMR
[21:42:16] [42/445] NTPU
[21:42:17] [43/445] RDKN
[21:42:18] [44/445] ADGC
[21:42:19] [45/445] VRBP
[21:42:20] [46/445] NMNA
[21:42:21] [47/445] CMMX
[21:42:22] [48/445] PTKO
[21:42:23] 🔄 Identity reset
[21:42:23] 🔄 Identity rotated (every 10 requests)
[21:42:23] [49/445] RBML
[21:42:24] [50/445] SAIC
[21:42:25] [51/445] SVTJ
[21:42:25] [52/445] MRTE
[21:42:26] [53/445] RBTP
[21:42:28] [54/445] NLPS
[21:42:29] [55/445] GTNA
[21:42:30] [56/445] DGGC
[21:42:31] [57/445] SMCR
[21:42:32] [58/445] SCGD
[21:42:33] 🔄 Identity reset
[21:42:33] 🔄 Identity rotated (every 10 requests)
[21:42:34] [59/445] SRRJ
[21:42:35] [60/445] CNRY
[21:42:36] [61/445] KTDI
[21:42:37] [62/445] SNJL
[21:42:38] [63/445] RKMD
[21:42:39] [64/445] SMDC
[21:42:40] [65/445] TADG
[21:42:41] [66/445] MCGS
[21:42:41] [67/445] PETK
[21:42:43] [68/445] CHAG
[21:42:43] 🔄 Identity reset
[21:42:43] 🔄 Identity rotated (every 10 requests)
[21:42:43] 🔄 Retry 1/5 for CHAG in 2.2s
[21:42:43] 🔄 Identity reset
[21:42:46] 🧠 New identity created
[21:42:46] 🔄 Retry 2/5 for CHAG in 4.0s
[21:42:46] 🔄 Identity reset
[21:42:50] 🧠 New identity created
[21:42:51] [69/445] KSTL
[21:42:52] [70/445] AADS
[21:42:53] [71/445] NTHZ
[21:42:54] [72/445] HCKI
[21:42:55] [73/445] SSEF
[21:42:55] [74/445] MCGX
[21:42:56] [75/445] ERRA
[21:42:57] [76/445] SDTW
[21:42:58] 🔄 Identity reset
[21:42:58] 🔄 Identity rotated (every 10 requests)
[21:42:58] [77/445] RMPK
[21:43:00] [78/445] PTHK
[21:43:01] [79/445] PXCS
[21:43:02] [80/445] SVLU
[21:43:02] [81/445] STAH
[21:43:03] [82/445] JRGF
[21:43:04] [83/445] CDOK
[21:43:06] [84/445] CMSG
[21:43:07] [85/445] APTD
[21:43:07] [86/445] KMPG
[21:43:08] 🔄 Identity reset
[21:43:08] 🔄 Identity rotated (every 10 requests)
[21:43:09] [87/445] MUTJ
[21:43:10] [88/445] VCCI
[21:43:11] [89/445] URBE
[21:43:13] [90/445] TCTS
[21:43:13] [91/445] STSN
[21:43:15] [92/445] AKCH
[21:43:16] [93/445] APSC
[21:43:17] [94/445] VLTB
[21:43:17] [95/445] SANU
[21:43:19] [96/445] AXAM
[21:43:20] 🔄 Identity reset
[21:43:20] 🔄 Identity rotated (every 10 requests)
[21:43:20] 🔄 Retry 1/5 for AXAM in 2.2s
[21:43:20] 🔄 Identity reset
[21:43:22] 🧠 New identity created
[21:43:23] [97/445] MGMG
[21:43:24] [98/445] HTBY
[21:43:26] [99/445] MMZS
[21:43:27] [100/445] SUDR
[21:43:28] [101/445] CCAD
[21:43:29] [102/445] SKKC
[21:43:30] [103/445] RMCD
[21:43:32] [104/445] SBCQ
[21:43:33] [105/445] DCCT
[21:43:33] 🔄 Identity reset
[21:43:33] 🔄 Identity rotated (every 10 requests)
[21:43:33] [106/445] VTKP
[21:43:34] [107/445] MLAM
[21:43:35] [108/445] SAVT
[21:43:36] [109/445] GEPL
[21:43:37] [110/445] AMCD
[21:43:38] [111/445] CCXR
[21:43:40] [112/445] GRNG
[21:43:41] [113/445] EBCA
[21:43:42] [114/445] CNVG
[21:43:43] [115/445] MWSS
[21:43:43] 🔄 Identity reset
[21:43:44] 🔄 Identity rotated (every 10 requests)
[21:43:44] [116/445] VBOR
[21:43:45] [117/445] NEEB
[21:43:46] [118/445] SUTH
[21:43:47] [119/445] ANDB
[21:43:48] [120/445] MMXS
[21:43:51] [121/445] CNPD
[21:43:52] [122/445] SDCE
[21:43:53] [123/445] DHCB
[21:43:54] [124/445] ODEN
[21:43:55] [125/445] TNTC
[21:43:56] 🔄 Identity reset
[21:43:56] 🔄 Identity rotated (every 10 requests)
[21:43:57] [126/445] VBKM
[21:43:57] [127/445] RZYM
[21:43:58] [128/445] JEMC
[21:43:59] [129/445] CMAU
[21:44:01] [130/445] SIVP
[21:44:02] [131/445] ATAG
[21:44:03] [132/445] CHTM
[21:44:04] [133/445] AAEE
[21:44:05] [134/445] IWPM
[21:44:06] [135/445] KCMW
[21:44:07] 🔄 Identity reset
[21:44:07] 🔄 Identity rotated (every 10 requests)
[21:44:07] [136/445] MCTD
[21:44:09] [137/445] SPWR
[21:44:10] [138/445] SDPO
[21:44:11] [139/445] PCSK
[21:44:12] [140/445] ACHV
[21:44:13] [141/445] SVLA
[21:44:14] [142/445] PICT
[21:44:15] [143/445] BXDR
[21:44:16] [144/445] SPWA
[21:44:17] [145/445] MCKO
[21:44:18] 🔄 Identity reset
[21:44:18] 🔄 Identity rotated (every 10 requests)
[21:44:18] [146/445] RTHK
[21:44:19] [147/445] CCMF
[21:44:20] [148/445] MRGB
[21:44:21] [149/445] CPLC
[21:44:22] [150/445] RACD
[21:44:23] [151/445] ATKT
[21:44:24] [152/445] SARN
[21:44:26] [153/445] KKUI
[21:44:27] [154/445] RGCM
[21:44:28] [155/445] BRVP
[21:44:28] 🔄 Identity reset
[21:44:28] 🔄 Identity rotated (every 10 requests)
[21:44:29] [156/445] HRSR
[21:44:30] [157/445] GKGM
[21:44:31] [158/445] TTCD
[21:44:32] [159/445] PTTI
[21:44:33] [160/445] MPTT
[21:44:34] [161/445] CVTT
[21:44:35] [162/445] PCXD
[21:44:36] [163/445] GCDC
[21:44:37] [164/445] CCCF
[21:44:38] [165/445] MRAD
[21:44:38] 🔄 Identity reset
[21:44:38] 🔄 Identity rotated (every 10 requests)
[21:44:38] 🔄 Retry 1/5 for MRAD in 2.2s
[21:44:38] 🔄 Identity reset
[21:44:41] 🧠 New identity created
[21:44:41] [166/445] CPLK
[21:44:42] [167/445] SATB
[21:44:43] [168/445] SNVG
[21:44:44] [169/445] JMBA
[21:44:45] [170/445] TEJA
[21:44:46] [171/445] STYO
[21:44:47] [172/445] JTBP
[21:44:48] [173/445] KRGD
[21:44:49] [174/445] SLJJ
[21:44:49] 🔄 Identity reset
[21:44:49] 🔄 Identity rotated (every 10 requests)
[21:44:50] [175/445] SPTJ
[21:44:50] [176/445] SWJG
[21:44:51] [177/445] LKRT
[21:44:52] [178/445] KCKA
[21:44:53] [179/445] SNCR
[21:44:54] [180/445] SMKL
[21:44:55] [181/445] GCFA
[21:44:56] [182/445] DDCK
[21:44:57] [183/445] NCHJ
[21:44:57] [184/445] RDMA
[21:44:58] 🔄 Identity reset
[21:44:58] 🔄 Identity rotated (every 10 requests)
[21:44:58] 🔄 Retry 1/5 for RDMA in 3.0s
[21:44:58] 🔄 Identity reset
[21:45:01] 🧠 New identity created
[21:45:01] [185/445] SVSV
[21:45:02] [186/445] SCJG
[21:45:03] [187/445] VKLP
[21:45:05] [188/445] NWCC
[21:45:06] [189/445] VKNS
[21:45:07] [190/445] SDDP
[21:45:08] [191/445] ACSI
[21:45:09] [192/445] SATG
[21:45:10] [193/445] SCMW
[21:45:10] 🔄 Identity reset
[21:45:10] 🔄 Identity rotated (every 10 requests)
[21:45:10] [194/445] LKTK
[21:45:12] [195/445] VCKV
[21:45:14] [196/445] KKPE
[21:45:14] [197/445] KIGH
[21:45:15] [198/445] SRPM
[21:45:16] [199/445] SCAH
[21:45:17] [200/445] MUTA
[21:45:18] [201/445] SEPU
[21:45:19] [202/445] INOA
[21:45:21] [203/445] BASK
[21:45:21] 🔄 Identity reset
[21:45:21] 🔄 Identity rotated (every 10 requests)
[21:45:21] 🔄 Retry 1/5 for BASK in 3.0s
[21:45:21] 🔄 Identity reset
[21:45:24] 🧠 New identity created
[21:45:25] [204/445] NECB
[21:45:25] [205/445] GTTG
[21:45:26] [206/445] ASSA
[21:45:27] [207/445] ANCL
[21:45:28] [208/445] GCTI
[21:45:29] [209/445] RCTS
[21:45:30] [210/445] ACNL
[21:45:31] [211/445] MYCT
[21:45:33] [212/445] NMHT
[21:45:33] 🔄 Identity reset
[21:45:33] 🔄 Identity rotated (every 10 requests)
[21:45:34] [213/445] MDIT
[21:45:35] [214/445] LATG
[21:45:36] [215/445] SMTY
[21:45:37] [216/445] CVCT
[21:45:38] [217/445] RAMB
[21:45:39] [218/445] TGMS
[21:45:40] [219/445] BHEL
[21:45:41] [220/445] SHCT
[21:45:42] [221/445] SVCT
[21:45:44] [222/445] MRIY
[21:45:44] 🔄 Identity reset
[21:45:44] 🔄 Identity rotated (every 10 requests)
[21:45:45] [223/445] SARO
[21:45:45] [224/445] STCT
[21:45:47] [225/445] JKKC
[21:45:48] [226/445] PLTT
[21:45:49] [227/445] SRNT
[21:45:50] [228/445] YAST
[21:45:51] [229/445] PERL
[21:45:52] [230/445] CICM
[21:45:53] [231/445] MMTR
[21:45:54] [232/445] ABTK
[21:45:55] 🔄 Identity reset
[21:45:55] 🔄 Identity rotated (every 10 requests)
[21:45:55] 🔄 Retry 1/5 for ABTK in 2.3s
[21:45:55] 🔄 Identity reset
[21:45:58] 🧠 New identity created
[21:45:58] [233/445] ATYY
[21:45:59] [234/445] ASTK
[21:46:00] [235/445] VVCK
[21:46:01] [236/445] ATKY
[21:46:02] [237/445] GWEK
[21:46:03] [238/445] SVFH
[21:46:04] [239/445] SLTA
[21:46:05] [240/445] AASH
[21:46:06] [241/445] ACXB
[21:46:07] 🔄 Identity reset
[21:46:07] 🔄 Identity rotated (every 10 requests)
[21:46:07] [242/445] SMTX
[21:46:09] [243/445] AZDH
[21:46:10] [244/445] CMMH
[21:46:11] [245/445] SCSZ
[21:46:12] [246/445] SCKP
[21:46:12] [247/445] NXTM
[21:46:13] [248/445] NWCS
[21:46:14] [249/445] CXMH
[21:46:16] [250/445] PCMA
[21:46:16] [251/445] SGCM
[21:46:17] 🔄 Identity reset
[21:46:17] 🔄 Identity rotated (every 10 requests)
[21:46:17] [252/445] SDTU
[21:46:18] [253/445] MMVI
[21:46:19] [254/445] JKCM
[21:46:21] [255/445] VCMM
[21:46:22] [256/445] SYEE
[21:46:22] [257/445] VASD
[21:46:24] [258/445] BDRB
[21:46:25] [259/445] LASM
[21:46:26] [260/445] DCRL
[21:46:27] [261/445] DVPM
[21:46:27] 🔄 Identity reset
[21:46:27] 🔄 Identity rotated (every 10 requests)
[21:46:28] [262/445] SBMJ
[21:46:29] [263/445] CBMU
[21:46:30] [264/445] IUBS
[21:46:31] [265/445] INAP
[21:46:32] [266/445] SRRC
[21:46:33] [267/445] SAGR
[21:46:34] [268/445] CPMJ
[21:46:35] [269/445] ATJL
[21:46:36] [270/445] NNTD
[21:46:37] [271/445] JHCJ
[21:46:37] 🔄 Identity reset
[21:46:37] 🔄 Identity rotated (every 10 requests)
[21:46:38] [272/445] CMMP
[21:46:39] [273/445] RSDR
[21:46:40] [274/445] AMTI
[21:46:41] [275/445] NYSG
[21:46:43] [276/445] AVSG
[21:46:43] [277/445] SYTP
[21:46:44] [278/445] LARC
[21:46:46] [279/445] RJTP
[21:46:47] [280/445] LAKC
[21:46:48] [281/445] MCXE
[21:46:49] 🔄 Identity reset
[21:46:49] 🔄 Identity rotated (every 10 requests)
[21:46:49] [282/445] CCZC
[21:46:51] [283/445] AVCH
[21:46:52] [284/445] CMBE
[21:46:53] [285/445] MRRC
[21:46:54] [286/445] PCPY
[21:46:54] [287/445] SRMH
[21:46:55] [288/445] SVGS
[21:46:57] [289/445] PCSE
[21:46:58] [290/445] SVFT
[21:46:58] [291/445] TNZP
[21:46:59] 🔄 Identity reset
[21:46:59] 🔄 Identity rotated (every 10 requests)
[21:47:00] [292/445] ICTP
[21:47:00] [293/445] ACTZ
[21:47:01] [294/445] GTUR
[21:47:03] [295/445] MAFC
[21:47:04] [296/445] MINL
[21:47:06] [297/445] MRCL
[21:47:07] [298/445] RCRP
[21:47:07] [299/445] RFFG
[21:47:08] [300/445] RMAS
[21:47:09] [301/445] INVR
[21:47:10] 🔄 Identity reset
[21:47:10] 🔄 Identity rotated (every 10 requests)
[21:47:10] [302/445] RMAR
[21:47:11] [303/445] CNIS
[21:47:13] [304/445] RHRJ
[21:47:14] [305/445] INXR
[21:47:14] [306/445] VALT
[21:47:15] [307/445] LCSH
[21:47:16] [308/445] CMVS
[21:47:17] [309/445] CNMS
[21:47:18] [310/445] ROOG
[21:47:19] [311/445] ISRM
[21:47:20] 🔄 Identity reset
[21:47:20] 🔄 Identity rotated (every 10 requests)
[21:47:20] [312/445] RCRM
[21:47:22] [313/445] ACJA
[21:47:22] [314/445] RCVS
[21:47:23] [315/445] CPUS
[21:47:24] [316/445] TGCS
[21:47:25] [317/445] RKCJ
[21:47:26] [318/445] MKSB
[21:47:27] [319/445] TCSJ
[21:47:28] [320/445] RMGP
[21:47:29] [321/445] CLLP
[21:47:30] 🔄 Identity reset
[21:47:30] 🔄 Identity rotated (every 10 requests)
[21:47:30] [322/445] RCMV
[21:47:32] [323/445] CCKS
[21:47:34] [324/445] RSRP
[21:47:35] [325/445] APLP
[21:47:35] [326/445] CNVS
[21:47:36] [327/445] RMVY
[21:47:38] [328/445] PGBD
[21:47:38] [329/445] KLMS
[21:47:39] [330/445] RUST
[21:47:40] [331/445] MASM
[21:47:41] 🔄 Identity reset
[21:47:41] 🔄 Identity rotated (every 10 requests)
[21:47:41] 🔄 Retry 1/5 for MASM in 2.4s
[21:47:41] 🔄 Identity reset
[21:47:43] 🧠 New identity created
[21:47:43] [332/445] BACS
[21:47:44] [333/445] BWST
[21:47:45] [334/445] RRFH
[21:47:46] [335/445] SJTM
[21:47:47] [336/445] BEMR
[21:47:49] [337/445] MCGR
[21:47:50] [338/445] SDSK
[21:47:51] [339/445] VBOL
[21:47:52] [340/445] RMGM
[21:47:53] 🔄 Identity reset
[21:47:53] 🔄 Identity rotated (every 10 requests)
[21:47:53] [341/445] NOPL
[21:47:54] [342/445] MKJK
[21:47:55] [343/445] CVRN
[21:47:56] [344/445] MMEN
[21:47:57] [345/445] AMNG
[21:47:59] [346/445] INTM
[21:47:59] [347/445] SLCZ
[21:48:00] [348/445] AMJN
[21:48:01] [349/445] ACJN
[21:48:02] [350/445] AMKN
[21:48:03] 🔄 Identity reset
[21:48:03] 🔄 Identity rotated (every 10 requests)
[21:48:03] [351/445] BTCN
[21:48:04] [352/445] AMBT
[21:48:05] [353/445] PACN
[21:48:07] [354/445] LCNS
[21:48:08] [355/445] PPKC
[21:48:09] [356/445] JYYN
[21:48:10] [357/445] JTNR
[21:48:11] [358/445] GTEE
[21:48:11] [359/445] SRNM
[21:48:12] [360/445] SDTC
[21:48:13] 🔄 Identity reset
[21:48:13] 🔄 Identity rotated (every 10 requests)
[21:48:14] [361/445] VPCA
[21:48:15] [362/445] VLRA
[21:48:16] [363/445] SHKR
[21:48:16] [364/445] SBKD
[21:48:17] [365/445] SAAD
[21:48:18] [366/445] JTGN
[21:48:19] [367/445] SLAM
[21:48:20] [368/445] VTPM
[21:48:21] [369/445] ANPT
[21:48:22] [370/445] PUNB
[21:48:22] 🔄 Identity reset
[21:48:22] 🔄 Identity rotated (every 10 requests)
[21:48:23] [371/445] CPKT
[21:48:23] [372/445] CNWE
[21:48:24] [373/445] ECPP
[21:48:25] [374/445] CPAR
[21:48:26] [375/445] ESBW
[21:48:27] [376/445] PKPU
[21:48:28] [377/445] CPRP
[21:48:29] [378/445] RAHU
[21:48:30] [379/445] RHMN
[21:48:31] [380/445] FMJP
[21:48:31] 🔄 Identity reset
[21:48:31] 🔄 Identity rotated (every 10 requests)
[21:48:33] [381/445] CTMP
[21:48:33] [382/445] INPN
[21:48:34] [383/445] STTG
[21:48:36] [384/445] CTRD
[21:48:36] [385/445] PUVB
[21:48:37] [386/445] ESVP
[21:48:38] [387/445] CPFT
[21:48:39] [388/445] LCPC
[21:48:40] [389/445] VBCT
[21:48:41] [390/445] FSCW
[21:48:42] 🔄 Identity reset
[21:48:42] 🔄 Identity rotated (every 10 requests)
[21:48:42] [391/445] VCMP
[21:48:43] [392/445] ASHC
[21:48:45] [393/445] VLCX
[21:48:45] [394/445] SHEV
[21:48:46] [395/445] APCO
[21:48:47] [396/445] SILC
[21:48:48] [397/445] SNMR
[21:48:49] [398/445] KYBO
[21:48:50] [399/445] SATK
[21:48:51] [400/445] SSCS
[21:48:52] 🔄 Identity reset
[21:48:52] 🔄 Identity rotated (every 10 requests)
[21:48:52] [401/445] CLSB
[21:48:53] [402/445] KMJR
[21:48:54] [403/445] FSCK
[21:48:55] [404/445] NNKA
[21:48:56] [405/445] CLMK
[21:48:57] [406/445] DMPZ
[21:48:58] [407/445] INQM
[21:48:59] [408/445] CAML
[21:49:00] [409/445] INRK
[21:49:02] [410/445] IMKN
[21:49:03] 🔄 Identity reset
[21:49:03] 🔄 Identity rotated (every 10 requests)
[21:49:03] [411/445] SVNR
[21:49:04] [412/445] INSL
[21:49:05] [413/445] MSMA
[21:49:06] [414/445] MCKK
[21:49:07] [415/445] FCHP
[21:49:08] [416/445] SFCR
[21:49:10] [417/445] NACK
[21:49:11] [418/445] PVAK
[21:49:11] [419/445] INER
[21:49:12] [420/445] RDBK
[21:49:13] 🔄 Identity reset
[21:49:13] 🔄 Identity rotated (every 10 requests)
[21:49:14] [421/445] SVFN
[21:49:15] [422/445] IFRM
[21:49:16] [423/445] ATCK
[21:49:17] [424/445] ASKO
[21:49:18] [425/445] STKT
[21:49:19] [426/445] SVFB
[21:49:20] [427/445] INKS
[21:49:21] [428/445] PCRA
[21:49:22] [429/445] ATJA
[21:49:23] [430/445] IMJN
[21:49:24] 🔄 Identity reset
[21:49:24] 🔄 Identity rotated (every 10 requests)
[21:49:24] [431/445] INHD
[21:49:25] [432/445] BARA
[21:49:27] [433/445] MCSL
[21:49:28] [434/445] RTOY
[21:49:29] [435/445] MENO
[21:49:30] [436/445] PUDM
[21:49:31] [437/445] PRCN
[21:49:32] [438/445] JMJR
[21:49:33] [439/445] SSGK
[21:49:35] [440/445] SSRL
[21:49:35] 🔄 Identity reset
[21:49:35] 🔄 Identity rotated (every 10 requests)
[21:49:35] 🔄 Retry 1/5 for SSRL in 2.3s
[21:49:35] 🔄 Identity reset
[21:49:38] 🧠 New identity created
[21:49:38] [441/445] JYKL
[21:49:39] [442/445] ACNB
[21:49:40] [443/445] SONP
[21:49:41] [444/445] EMCI
[21:49:42] [445/445] MRJH
[21:49:43] 🧹 Deduping shows
[21:49:43] ✅ DONE | Shows=739 | Movies=38
[04:28:01] 🚀 SCRIPT STARTED (enhanced anti‑detection)
[04:28:01] [1/445] TGMR
[04:28:02] 🧠 New identity created
[04:28:02] [2/445] CXKR
[04:28:03] [3/445] SROP
[04:28:04] [4/445] GTSV
[04:28:05] [5/445] SNTY
[04:28:06] [6/445] SMYY
[04:28:07] [7/445] CNCS
[04:28:08] [8/445] CSTM
[04:28:09] [9/445] NUCD
[04:28:10] [10/445] SHCZ
[04:28:10] 🔄 Identity reset
[04:28:10] 🔄 Identity rotated (every 10 requests)
[04:28:11] 🔄 Retry 1/5 for SHCZ in 2.1s
[04:28:11] 🔄 Identity reset
[04:28:13] 🧠 New identity created
[04:28:13] [11/445] NJCT
[04:28:14] [12/445] COPC
[04:28:15] [13/445] STVV
[04:28:16] [14/445] SKRN
[04:28:17] [15/445] APPZ
[04:28:17] [16/445] YMGN
[04:28:18] [17/445] SVTU
[04:28:19] [18/445] GTAD
[04:28:20] [19/445] PSUS
[04:28:21] 🔄 Identity reset
[04:28:21] 🔄 Identity rotated (every 10 requests)
[04:28:21] [20/445] SMCD
[04:28:23] [21/445] CMCM
[04:28:24] [22/445] SYCT
[04:28:25] [23/445] STLY
[04:28:25] [24/445] CMHU
[04:28:26] [25/445] CMSA
[04:28:27] [26/445] CLCU
[04:28:28] [27/445] PPNT
[04:28:29] [28/445] JTAB
[04:28:30] [29/445] BUUC
[04:28:30] 🔄 Identity reset
[04:28:30] 🔄 Identity rotated (every 10 requests)
[04:28:31] [30/445] BSVK
[04:28:32] [31/445] VVVQ
[04:28:33] [32/445] TKMU
[04:28:34] [33/445] ESYL
[04:28:35] [34/445] ACHP
[04:28:36] [35/445] BTKD
[04:28:36] [36/445] DESA
[04:28:37] [37/445] GBCT
[04:28:38] [38/445] BLLD
[04:28:40] [39/445] SKNT
[04:28:40] 🔄 Identity reset
[04:28:40] 🔄 Identity rotated (every 10 requests)
[04:28:41] [40/445] SSTE
[04:28:41] [41/445] VJMR
[04:28:42] [42/445] NTPU
[04:28:43] [43/445] RDKN
[04:28:44] [44/445] ADGC
[04:28:46] [45/445] VRBP
[04:28:46] [46/445] NMNA
[04:28:47] [47/445] CMMX
[04:28:48] [48/445] PTKO
[04:28:49] [49/445] RBML
[04:28:50] 🔄 Identity reset
[04:28:50] 🔄 Identity rotated (every 10 requests)
[04:28:50] [50/445] SAIC
[04:28:52] [51/445] SVTJ
[04:28:53] [52/445] MRTE
[04:28:54] [53/445] RBTP
[04:28:55] [54/445] NLPS
[04:28:56] [55/445] GTNA
[04:28:57] [56/445] DGGC
[04:28:58] [57/445] SMCR
[04:28:59] [58/445] SCGD
[04:29:00] [59/445] SRRJ
[04:29:01] 🔄 Identity reset
[04:29:01] 🔄 Identity rotated (every 10 requests)
[04:29:01] [60/445] CNRY
[04:29:03] [61/445] KTDI
[04:29:04] [62/445] SNJL
[04:29:05] [63/445] RKMD
[04:29:06] [64/445] SMDC
[04:29:07] [65/445] TADG
[04:29:09] [66/445] MCGS
[04:29:10] [67/445] PETK
[04:29:10] [68/445] CHAG
[04:29:11] [69/445] KSTL
[04:29:12] 🔄 Identity reset
[04:29:12] 🔄 Identity rotated (every 10 requests)
[04:29:12] [70/445] AADS
[04:29:13] [71/445] NTHZ
[04:29:14] [72/445] HCKI
[04:29:15] [73/445] SSEF
[04:29:16] [74/445] MCGX
[04:29:17] [75/445] ERRA
[04:29:18] [76/445] SDTW
[04:29:18] [77/445] RMPK
[04:29:19] [78/445] PTHK
[04:29:20] [79/445] PXCS
[04:29:21] 🔄 Identity reset
[04:29:21] 🔄 Identity rotated (every 10 requests)
[04:29:21] [80/445] SVLU
[04:29:22] [81/445] STAH
[04:29:23] [82/445] JRGF
[04:29:24] [83/445] CDOK
[04:29:25] [84/445] CMSG
[04:29:26] [85/445] APTD
[04:29:27] [86/445] KMPG
[04:29:28] [87/445] MUTJ
[04:29:30] [88/445] VCCI
[04:29:30] [89/445] URBE
[04:29:31] 🔄 Identity reset
[04:29:31] 🔄 Identity rotated (every 10 requests)
[04:29:31] [90/445] TCTS
[04:29:32] [91/445] STSN
[04:29:33] [92/445] AKCH
[04:29:34] [93/445] APSC
[04:29:35] [94/445] VLTB
[04:29:36] [95/445] SANU
[04:29:37] [96/445] AXAM
[04:29:38] [97/445] MGMG
[04:29:39] [98/445] HTBY
[04:29:40] [99/445] MMZS
[04:29:40] 🔄 Identity reset
[04:29:40] 🔄 Identity rotated (every 10 requests)
[04:29:41] [100/445] SUDR
[04:29:42] [101/445] CCAD
[04:29:43] [102/445] SKKC
[04:29:43] [103/445] RMCD
[04:29:44] [104/445] SBCQ
[04:29:45] [105/445] DCCT
[04:29:46] [106/445] VTKP
[04:29:47] [107/445] MLAM
[04:29:48] [108/445] SAVT
[04:29:49] [109/445] GEPL
[04:29:49] 🔄 Identity reset
[04:29:49] 🔄 Identity rotated (every 10 requests)
[04:29:49] 🔄 Retry 1/5 for GEPL in 2.6s
[04:29:49] 🔄 Identity reset
[04:29:52] 🧠 New identity created
[04:29:52] [110/445] AMCD
[04:29:53] [111/445] CCXR
[04:29:54] [112/445] GRNG
[04:29:55] [113/445] EBCA
[04:29:56] [114/445] CNVG
[04:29:58] [115/445] MWSS
[04:29:59] [116/445] VBOR
[04:30:00] [117/445] NEEB
[04:30:01] [118/445] SUTH
[04:30:01] 🔄 Identity reset
[04:30:01] 🔄 Identity rotated (every 10 requests)
[04:30:02] [119/445] ANDB
[04:30:03] [120/445] MMXS
[04:30:04] [121/445] CNPD
[04:30:05] [122/445] SDCE
[04:30:06] [123/445] DHCB
[04:30:07] [124/445] ODEN
[04:30:08] [125/445] TNTC
[04:30:08] [126/445] VBKM
[04:30:10] [127/445] RZYM
[04:30:11] [128/445] JEMC
[04:30:12] 🔄 Identity reset
[04:30:12] 🔄 Identity rotated (every 10 requests)
[04:30:12] [129/445] CMAU
[04:30:13] [130/445] SIVP
[04:30:15] [131/445] ATAG
[04:30:16] [132/445] CHTM
[04:30:17] [133/445] AAEE
[04:30:18] [134/445] IWPM
[04:30:19] [135/445] KCMW
[04:30:20] [136/445] MCTD
[04:30:21] [137/445] SPWR
[04:30:22] [138/445] SDPO
[04:30:23] 🔄 Identity reset
[04:30:23] 🔄 Identity rotated (every 10 requests)
[04:30:23] [139/445] PCSK
[04:30:25] [140/445] ACHV
[04:30:27] [141/445] SVLA
[04:30:28] [142/445] PICT
[04:30:28] [143/445] BXDR
[04:30:29] [144/445] SPWA
[04:30:30] [145/445] MCKO
[04:30:31] [146/445] RTHK
[04:30:32] [147/445] CCMF
[04:30:33] [148/445] MRGB
[04:30:34] 🔄 Identity reset
[04:30:34] 🔄 Identity rotated (every 10 requests)
[04:30:34] [149/445] CPLC
[04:30:36] [150/445] RACD
[04:30:37] [151/445] ATKT
[04:30:38] [152/445] SARN
[04:30:39] [153/445] KKUI
[04:30:40] [154/445] RGCM
[04:30:41] [155/445] BRVP
[04:30:42] [156/445] HRSR
[04:30:43] [157/445] GKGM
[04:30:43] [158/445] TTCD
[04:30:44] 🔄 Identity reset
[04:30:44] 🔄 Identity rotated (every 10 requests)
[04:30:44] [159/445] PTTI
[04:30:45] [160/445] MPTT
[04:30:46] [161/445] CVTT
[04:30:47] [162/445] PCXD
[04:30:48] [163/445] GCDC
[04:30:49] [164/445] CCCF
[04:30:50] [165/445] MRAD
[04:30:51] [166/445] CPLK
[04:30:53] [167/445] SATB
[04:30:53] [168/445] SNVG
[04:30:54] 🔄 Identity reset
[04:30:54] 🔄 Identity rotated (every 10 requests)
[04:30:55] [169/445] JMBA
[04:30:55] [170/445] TEJA
[04:30:56] [171/445] STYO
[04:30:57] [172/445] JTBP
[04:30:58] [173/445] KRGD
[04:30:59] [174/445] SLJJ
[04:31:01] [175/445] SPTJ
[04:31:02] [176/445] SWJG
[04:31:03] [177/445] LKRT
[04:31:04] [178/445] KCKA
[04:31:04] 🔄 Identity reset
[04:31:04] 🔄 Identity rotated (every 10 requests)
[04:31:05] [179/445] SNCR
[04:31:06] [180/445] SMKL
[04:31:08] [181/445] GCFA
[04:31:09] [182/445] DDCK
[04:31:10] [183/445] NCHJ
[04:31:11] [184/445] RDMA
[04:31:12] [185/445] SVSV
[04:31:12] [186/445] SCJG
[04:31:13] [187/445] VKLP
[04:31:14] [188/445] NWCC
[04:31:15] 🔄 Identity reset
[04:31:15] 🔄 Identity rotated (every 10 requests)
[04:31:15] [189/445] VKNS
[04:31:16] [190/445] SDDP
[04:31:17] [191/445] ACSI
[04:31:18] [192/445] SATG
[04:31:19] [193/445] SCMW
[04:31:20] [194/445] LKTK
[04:31:20] [195/445] VCKV
[04:31:21] [196/445] KKPE
[04:31:22] [197/445] KIGH
[04:31:23] [198/445] SRPM
[04:31:24] 🔄 Identity reset
[04:31:24] 🔄 Identity rotated (every 10 requests)
[04:31:24] [199/445] SCAH
[04:31:25] [200/445] MUTA
[04:31:27] [201/445] SEPU
[04:31:28] [202/445] INOA
[04:31:28] [203/445] BASK
[04:31:29] [204/445] NECB
[04:31:30] [205/445] GTTG
[04:31:31] [206/445] ASSA
[04:31:32] [207/445] ANCL
[04:31:33] [208/445] GCTI
[04:31:33] 🔄 Identity reset
[04:31:33] 🔄 Identity rotated (every 10 requests)
[04:31:34] [209/445] RCTS
[04:31:35] [210/445] ACNL
[04:31:36] [211/445] MYCT
[04:31:36] [212/445] NMHT
[04:31:37] [213/445] MDIT
[04:31:39] [214/445] LATG
[04:31:40] [215/445] SMTY
[04:31:41] [216/445] CVCT
[04:31:41] [217/445] RAMB
[04:31:42] [218/445] TGMS
[04:31:43] 🔄 Identity reset
[04:31:43] 🔄 Identity rotated (every 10 requests)
[04:31:43] [219/445] BHEL
[04:31:44] [220/445] SHCT
[04:31:45] [221/445] SVCT
[04:31:46] [222/445] MRIY
[04:31:47] [223/445] SARO
[04:31:48] [224/445] STCT
[04:31:49] [225/445] JKKC
[04:31:49] [226/445] PLTT
[04:31:51] [227/445] SRNT
[04:31:52] [228/445] YAST
[04:31:52] 🔄 Identity reset
[04:31:52] 🔄 Identity rotated (every 10 requests)
[04:31:53] [229/445] PERL
[04:31:54] [230/445] CICM
[04:31:54] [231/445] MMTR
[04:31:55] [232/445] ABTK
[04:31:57] [233/445] ATYY
[04:31:57] [234/445] ASTK
[04:31:58] [235/445] VVCK
[04:31:59] [236/445] ATKY
[04:32:00] [237/445] GWEK
[04:32:02] [238/445] SVFH
[04:32:03] 🔄 Identity reset
[04:32:03] 🔄 Identity rotated (every 10 requests)
[04:32:03] [239/445] SLTA
[04:32:04] [240/445] AASH
[04:32:05] [241/445] ACXB
[04:32:06] [242/445] SMTX
[04:32:07] [243/445] AZDH
[04:32:08] [244/445] CMMH
[04:32:10] [245/445] SCSZ
[04:32:10] [246/445] SCKP
[04:32:11] [247/445] NXTM
[04:32:12] [248/445] NWCS
[04:32:13] 🔄 Identity reset
[04:32:13] 🔄 Identity rotated (every 10 requests)
[04:32:14] [249/445] CXMH
[04:32:15] [250/445] PCMA
[04:32:15] [251/445] SGCM
[04:32:16] [252/445] SDTU
[04:32:17] [253/445] MMVI
[04:32:19] [254/445] JKCM
[04:32:20] [255/445] VCMM
[04:32:21] [256/445] SYEE
[04:32:22] [257/445] VASD
[04:32:23] [258/445] BDRB
[04:32:23] 🔄 Identity reset
[04:32:23] 🔄 Identity rotated (every 10 requests)
[04:32:24] [259/445] LASM
[04:32:25] [260/445] DCRL
[04:32:26] [261/445] DVPM
[04:32:27] [262/445] SBMJ
[04:32:28] [263/445] CBMU
[04:32:29] [264/445] IUBS
[04:32:30] [265/445] INAP
[04:32:31] [266/445] SRRC
[04:32:32] [267/445] SAGR
[04:32:33] [268/445] CPMJ
[04:32:33] 🔄 Identity reset
[04:32:33] 🔄 Identity rotated (every 10 requests)
[04:32:34] 🔄 Retry 1/5 for CPMJ in 2.5s
[04:32:34] 🔄 Identity reset
[04:32:36] 🧠 New identity created
[04:32:36] [269/445] ATJL
[04:32:37] [270/445] NNTD
[04:32:38] [271/445] JHCJ
[04:32:39] [272/445] CMMP
[04:32:40] [273/445] RSDR
[04:32:41] [274/445] AMTI
[04:32:43] [275/445] NYSG
[04:32:44] [276/445] AVSG
[04:32:45] [277/445] SYTP
[04:32:45] 🔄 Identity reset
[04:32:45] 🔄 Identity rotated (every 10 requests)
[04:32:46] [278/445] LARC
[04:32:47] [279/445] RJTP
[04:32:48] [280/445] LAKC
[04:32:48] [281/445] MCXE
[04:32:49] [282/445] CCZC
[04:32:50] [283/445] AVCH
[04:32:51] [284/445] CMBE
[04:32:52] [285/445] MRRC
[04:32:53] [286/445] PCPY
[04:32:54] [287/445] SRMH
[04:32:55] 🔄 Identity reset
[04:32:55] 🔄 Identity rotated (every 10 requests)
[04:32:55] [288/445] SVGS
[04:32:56] [289/445] PCSE
[04:32:57] [290/445] SVFT
[04:32:57] [291/445] TNZP
[04:32:58] [292/445] ICTP
[04:32:59] [293/445] ACTZ
[04:33:00] [294/445] GTUR
[04:33:01] [295/445] MAFC
[04:33:02] [296/445] MINL
[04:33:03] [297/445] MRCL
[04:33:04] 🔄 Identity reset
[04:33:04] 🔄 Identity rotated (every 10 requests)
[04:33:04] [298/445] RCRP
[04:33:05] [299/445] RFFG
[04:33:07] [300/445] RMAS
[04:33:08] [301/445] INVR
[04:33:10] [302/445] RMAR
[04:33:11] [303/445] CNIS
[04:33:12] [304/445] RHRJ
[04:33:13] [305/445] INXR
[04:33:14] [306/445] VALT
[04:33:15] [307/445] LCSH
[04:33:16] 🔄 Identity reset
[04:33:16] 🔄 Identity rotated (every 10 requests)
[04:33:16] [308/445] CMVS
[04:33:17] [309/445] CNMS
[04:33:18] [310/445] ROOG
[04:33:19] [311/445] ISRM
[04:33:20] [312/445] RCRM
[04:33:21] [313/445] ACJA
[04:33:21] [314/445] RCVS
[04:33:22] [315/445] CPUS
[04:33:24] [316/445] TGCS
[04:33:25] [317/445] RKCJ
[04:33:26] 🔄 Identity reset
[04:33:26] 🔄 Identity rotated (every 10 requests)
[04:33:26] [318/445] MKSB
[04:33:27] [319/445] TCSJ
[04:33:28] [320/445] RMGP
[04:33:29] [321/445] CLLP
[04:33:30] [322/445] RCMV
[04:33:31] [323/445] CCKS
[04:33:31] [324/445] RSRP
[04:33:32] [325/445] APLP
[04:33:33] [326/445] CNVS
[04:33:35] [327/445] RMVY
[04:33:35] 🔄 Identity reset
[04:33:35] 🔄 Identity rotated (every 10 requests)
[04:33:36] [328/445] PGBD
[04:33:37] [329/445] KLMS
[04:33:38] [330/445] RUST
[04:33:39] [331/445] MASM
[04:33:40] [332/445] BACS
[04:33:42] [333/445] BWST
[04:33:43] [334/445] RRFH
[04:33:43] [335/445] SJTM
[04:33:44] [336/445] BEMR
[04:33:45] [337/445] MCGR
[04:33:46] 🔄 Identity reset
[04:33:46] 🔄 Identity rotated (every 10 requests)
[04:33:46] [338/445] SDSK
[04:33:47] [339/445] VBOL
[04:33:48] [340/445] RMGM
[04:33:49] [341/445] NOPL
[04:33:50] [342/445] MKJK
[04:33:51] [343/445] CVRN
[04:33:52] [344/445] MMEN
[04:33:53] [345/445] AMNG
[04:33:54] [346/445] INTM
[04:33:55] [347/445] SLCZ
[04:33:55] 🔄 Identity reset
[04:33:55] 🔄 Identity rotated (every 10 requests)
[04:33:55] [348/445] AMJN
[04:33:56] [349/445] ACJN
[04:33:57] [350/445] AMKN
[04:33:58] [351/445] BTCN
[04:33:59] [352/445] AMBT
[04:34:00] [353/445] PACN
[04:34:01] [354/445] LCNS
[04:34:02] [355/445] PPKC
[04:34:03] [356/445] JYYN
[04:34:04] [357/445] JTNR
[04:34:05] 🔄 Identity reset
[04:34:05] 🔄 Identity rotated (every 10 requests)
[04:34:05] [358/445] GTEE
[04:34:06] [359/445] SRNM
[04:34:07] [360/445] SDTC
[04:34:07] [361/445] VPCA
[04:34:08] [362/445] VLRA
[04:34:09] [363/445] SHKR
[04:34:10] [364/445] SBKD
[04:34:11] [365/445] SAAD
[04:34:12] [366/445] JTGN
[04:34:13] [367/445] SLAM
[04:34:13] 🔄 Identity reset
[04:34:13] 🔄 Identity rotated (every 10 requests)
[04:34:14] [368/445] VTPM
[04:34:15] [369/445] ANPT
[04:34:16] [370/445] PUNB
[04:34:16] [371/445] CPKT
[04:34:18] [372/445] CNWE
[04:34:19] [373/445] ECPP
[04:34:20] [374/445] CPAR
[04:34:21] [375/445] ESBW
[04:34:22] [376/445] PKPU
[04:34:23] [377/445] CPRP
[04:34:24] 🔄 Identity reset
[04:34:24] 🔄 Identity rotated (every 10 requests)
[04:34:24] [378/445] RAHU
[04:34:25] [379/445] RHMN
[04:34:27] [380/445] FMJP
[04:34:28] [381/445] CTMP
[04:34:29] [382/445] INPN
[04:34:29] [383/445] STTG
[04:34:30] [384/445] CTRD
[04:34:31] [385/445] PUVB
[04:34:33] [386/445] ESVP
[04:34:34] [387/445] CPFT
[04:34:35] 🔄 Identity reset
[04:34:35] 🔄 Identity rotated (every 10 requests)
[04:34:35] [388/445] LCPC
[04:34:37] [389/445] VBCT
[04:34:38] [390/445] FSCW
[04:34:39] [391/445] VCMP
[04:34:40] [392/445] ASHC
[04:34:41] [393/445] VLCX
[04:34:42] [394/445] SHEV
[04:34:43] [395/445] APCO
[04:34:44] [396/445] SILC
[04:34:45] [397/445] SNMR
[04:34:45] 🔄 Identity reset
[04:34:45] 🔄 Identity rotated (every 10 requests)
[04:34:45] [398/445] KYBO
[04:34:47] [399/445] SATK
[04:34:48] [400/445] SSCS
[04:34:50] [401/445] CLSB
[04:34:51] [402/445] KMJR
[04:34:51] [403/445] FSCK
[04:34:52] [404/445] NNKA
[04:34:53] [405/445] CLMK
[04:34:54] [406/445] DMPZ
[04:34:55] [407/445] INQM
[04:34:55] 🔄 Identity reset
[04:34:55] 🔄 Identity rotated (every 10 requests)
[04:34:56] [408/445] CAML
[04:34:57] [409/445] INRK
[04:34:58] [410/445] IMKN
[04:34:59] [411/445] SVNR
[04:35:00] [412/445] INSL
[04:35:01] [413/445] MSMA
[04:35:02] [414/445] MCKK
[04:35:03] [415/445] FCHP
[04:35:05] [416/445] SFCR
[04:35:06] [417/445] NACK
[04:35:07] 🔄 Identity reset
[04:35:07] 🔄 Identity rotated (every 10 requests)
[04:35:07] [418/445] PVAK
[04:35:08] [419/445] INER
[04:35:09] [420/445] RDBK
[04:35:10] [421/445] SVFN
[04:35:11] [422/445] IFRM
[04:35:12] [423/445] ATCK
[04:35:13] [424/445] ASKO
[04:35:14] [425/445] STKT
[04:35:15] [426/445] SVFB
[04:35:15] [427/445] INKS
[04:35:16] 🔄 Identity reset
[04:35:16] 🔄 Identity rotated (every 10 requests)
[04:35:16] [428/445] PCRA
[04:35:17] [429/445] ATJA
[04:35:19] [430/445] IMJN
[04:35:20] [431/445] INHD
[04:35:20] [432/445] BARA
[04:35:21] [433/445] MCSL
[04:35:22] [434/445] RTOY
[04:35:24] [435/445] MENO
[04:35:25] [436/445] PUDM
[04:35:26] [437/445] PRCN
[04:35:27] 🔄 Identity reset
[04:35:27] 🔄 Identity rotated (every 10 requests)
[04:35:27] [438/445] JMJR
[04:35:28] [439/445] SSGK
[04:35:29] [440/445] SSRL
[04:35:30] [441/445] JYKL
[04:35:31] [442/445] ACNB
[04:35:32] [443/445] SONP
[04:35:33] [444/445] EMCI
[04:35:34] [445/445] MRJH
[04:35:35] 🧹 Deduping shows
[04:35:35] ✅ DONE | Shows=757 | Movies=38
[06:17:56] 🚀 SCRIPT STARTED (enhanced anti‑detection)
[06:17:56] [1/445] TGMR
[06:17:57] 🧠 New identity created
[06:17:57] [2/445] CXKR
[06:17:58] [3/445] SROP
[06:17:59] [4/445] GTSV
[06:18:00] [5/445] SNTY
[06:18:01] [6/445] SMYY
[06:18:02] [7/445] CNCS
[06:18:02] [8/445] CSTM
[06:18:03] [9/445] NUCD
[06:18:04] [10/445] SHCZ
[06:18:05] 🔄 Identity reset
[06:18:05] 🔄 Identity rotated (every 10 requests)
[06:18:05] 🔄 Retry 1/5 for SHCZ in 2.7s
[06:18:05] 🔄 Identity reset
[06:18:07] 🧠 New identity created
[06:18:08] [11/445] NJCT
[06:18:08] [12/445] COPC
[06:18:09] [13/445] STVV
[06:18:10] [14/445] SKRN
[06:18:11] [15/445] APPZ
[06:18:12] [16/445] YMGN
[06:18:13] [17/445] SVTU
[06:18:14] [18/445] GTAD
[06:18:15] [19/445] PSUS
[06:18:16] 🔄 Identity reset
[06:18:16] 🔄 Identity rotated (every 10 requests)
[06:18:16] [20/445] SMCD
[06:18:17] [21/445] CMCM
[06:18:18] [22/445] SYCT
[06:18:19] [23/445] STLY
[06:18:20] [24/445] CMHU
[06:18:20] [25/445] CMSA
[06:18:21] [26/445] CLCU
[06:18:22] [27/445] PPNT
[06:18:23] [28/445] JTAB
[06:18:24] [29/445] BUUC
[06:18:24] 🔄 Identity reset
[06:18:24] 🔄 Identity rotated (every 10 requests)
[06:18:25] [30/445] BSVK
[06:18:26] [31/445] VVVQ
[06:18:27] [32/445] TKMU
[06:18:28] [33/445] ESYL
[06:18:28] [34/445] ACHP
[06:18:29] [35/445] BTKD
[06:18:31] [36/445] DESA
[06:18:32] [37/445] GBCT
[06:18:33] [38/445] BLLD
[06:18:34] [39/445] SKNT
[06:18:34] 🔄 Identity reset
[06:18:34] 🔄 Identity rotated (every 10 requests)
[06:18:34] 🔄 Retry 1/5 for SKNT in 2.5s
[06:18:34] 🔄 Identity reset
[06:18:37] 🧠 New identity created
[06:18:37] [40/445] SSTE
[06:18:38] [41/445] VJMR
[06:18:38] [42/445] NTPU
[06:18:39] [43/445] RDKN
[06:18:40] [44/445] ADGC
[06:18:41] [45/445] VRBP
[06:18:42] [46/445] NMNA
[06:18:42] [47/445] CMMX
[06:18:44] [48/445] PTKO
[06:18:44] 🔄 Identity reset
[06:18:44] 🔄 Identity rotated (every 10 requests)
[06:18:45] [49/445] RBML
[06:18:46] [50/445] SAIC
[06:18:46] [51/445] SVTJ
[06:18:47] [52/445] MRTE
[06:18:48] [53/445] RBTP
[06:18:49] [54/445] NLPS
[06:18:50] [55/445] GTNA
[06:18:50] [56/445] DGGC
[06:18:51] [57/445] SMCR
[06:18:53] [58/445] SCGD
[06:18:54] 🔄 Identity reset
[06:18:54] 🔄 Identity rotated (every 10 requests)
[06:18:54] [59/445] SRRJ
[06:18:55] [60/445] CNRY
[06:18:56] [61/445] KTDI
[06:18:57] [62/445] SNJL
[06:18:58] [63/445] RKMD
[06:18:59] [64/445] SMDC
[06:19:00] [65/445] TADG
[06:19:01] [66/445] MCGS
[06:19:01] [67/445] PETK
[06:19:02] [68/445] CHAG
[06:19:03] 🔄 Identity reset
[06:19:03] 🔄 Identity rotated (every 10 requests)
[06:19:03] [69/445] KSTL
[06:19:04] [70/445] AADS
[06:19:05] [71/445] NTHZ
[06:19:06] [72/445] HCKI
[06:19:07] [73/445] SSEF
[06:19:08] [74/445] MCGX
[06:19:09] [75/445] ERRA
[06:19:10] [76/445] SDTW
[06:19:11] [77/445] RMPK
[06:19:12] [78/445] PTHK
[06:19:12] 🔄 Identity reset
[06:19:12] 🔄 Identity rotated (every 10 requests)
[06:19:12] [79/445] PXCS
[06:19:13] [80/445] SVLU
[06:19:14] [81/445] STAH
[06:19:15] [82/445] JRGF
[06:19:16] [83/445] CDOK
[06:19:17] [84/445] CMSG
[06:19:18] [85/445] APTD
[06:19:19] [86/445] KMPG
[06:19:19] [87/445] MUTJ
[06:19:20] [88/445] VCCI
[06:19:21] 🔄 Identity reset
[06:19:21] 🔄 Identity rotated (every 10 requests)
[06:19:21] [89/445] URBE
[06:19:22] [90/445] TCTS
[06:19:23] [91/445] STSN
[06:19:24] [92/445] AKCH
[06:19:24] [93/445] APSC
[06:19:26] [94/445] VLTB
[06:19:27] [95/445] SANU
[06:19:28] [96/445] AXAM
[06:19:29] [97/445] MGMG
[06:19:30] [98/445] HTBY
[06:19:30] 🔄 Identity reset
[06:19:30] 🔄 Identity rotated (every 10 requests)
[06:19:30] [99/445] MMZS
[06:19:31] [100/445] SUDR
[06:19:32] [101/445] CCAD
[06:19:33] [102/445] SKKC
[06:19:34] [103/445] RMCD
[06:19:35] [104/445] SBCQ
[06:19:36] [105/445] DCCT
[06:19:37] [106/445] VTKP
[06:19:38] [107/445] MLAM
[06:19:39] [108/445] SAVT
[06:19:39] 🔄 Identity reset
[06:19:39] 🔄 Identity rotated (every 10 requests)
[06:19:39] [109/445] GEPL
[06:19:40] [110/445] AMCD
[06:19:42] [111/445] CCXR
[06:19:43] [112/445] GRNG
[06:19:44] [113/445] EBCA
[06:19:44] [114/445] CNVG
[06:19:46] [115/445] MWSS
[06:19:47] [116/445] VBOR
[06:19:48] [117/445] NEEB
[06:19:49] [118/445] SUTH
[06:19:49] 🔄 Identity reset
[06:19:49] 🔄 Identity rotated (every 10 requests)
[06:19:49] [119/445] ANDB
[06:19:50] [120/445] MMXS
[06:19:51] [121/445] CNPD
[06:19:52] [122/445] SDCE
[06:19:53] [123/445] DHCB
[06:19:54] [124/445] ODEN
[06:19:55] [125/445] TNTC
[06:19:56] [126/445] VBKM
[06:19:56] [127/445] RZYM
[06:19:57] [128/445] JEMC
[06:19:58] 🔄 Identity reset
[06:19:58] 🔄 Identity rotated (every 10 requests)
[06:19:58] [129/445] CMAU
[06:19:59] [130/445] SIVP
[06:20:00] [131/445] ATAG
[06:20:01] [132/445] CHTM
[06:20:02] [133/445] AAEE
[06:20:03] [134/445] IWPM
[06:20:04] [135/445] KCMW
[06:20:05] [136/445] MCTD
[06:20:06] [137/445] SPWR
[06:20:07] [138/445] SDPO
[06:20:08] 🔄 Identity reset
[06:20:08] 🔄 Identity rotated (every 10 requests)
[06:20:08] [139/445] PCSK
[06:20:09] [140/445] ACHV
[06:20:10] [141/445] SVLA
[06:20:11] [142/445] PICT
[06:20:11] [143/445] BXDR
[06:20:13] [144/445] SPWA
[06:20:13] [145/445] MCKO
[06:20:14] [146/445] RTHK
[06:20:15] [147/445] CCMF
[06:20:16] [148/445] MRGB
[06:20:17] 🔄 Identity reset
[06:20:17] 🔄 Identity rotated (every 10 requests)
[06:20:17] [149/445] CPLC
[06:20:18] [150/445] RACD
[06:20:19] [151/445] ATKT
[06:20:20] [152/445] SARN
[06:20:21] [153/445] KKUI
[06:20:21] [154/445] RGCM
[06:20:22] [155/445] BRVP
[06:20:23] [156/445] HRSR
[06:20:24] [157/445] GKGM
[06:20:25] [158/445] TTCD
[06:20:26] 🔄 Identity reset
[06:20:26] 🔄 Identity rotated (every 10 requests)
[06:20:26] [159/445] PTTI
[06:20:27] [160/445] MPTT
[06:20:28] [161/445] CVTT
[06:20:28] [162/445] PCXD
[06:20:29] [163/445] GCDC
[06:20:30] [164/445] CCCF
[06:20:31] [165/445] MRAD
[06:20:32] [166/445] CPLK
[06:20:33] [167/445] SATB
[06:20:34] [168/445] SNVG
[06:20:34] 🔄 Identity reset
[06:20:34] 🔄 Identity rotated (every 10 requests)
[06:20:35] [169/445] JMBA
[06:20:35] [170/445] TEJA
[06:20:36] [171/445] STYO
[06:20:37] [172/445] JTBP
[06:20:39] [173/445] KRGD
[06:20:39] [174/445] SLJJ
[06:20:40] [175/445] SPTJ
[06:20:41] [176/445] SWJG
[06:20:42] [177/445] LKRT
[06:20:43] [178/445] KCKA
[06:20:43] 🔄 Identity reset
[06:20:43] 🔄 Identity rotated (every 10 requests)
[06:20:44] [179/445] SNCR
[06:20:44] [180/445] SMKL
[06:20:46] [181/445] GCFA
[06:20:47] [182/445] DDCK
[06:20:48] [183/445] NCHJ
[06:20:48] [184/445] RDMA
[06:20:49] [185/445] SVSV
[06:20:50] [186/445] SCJG
[06:20:51] [187/445] VKLP
[06:20:52] [188/445] NWCC
[06:20:53] 🔄 Identity reset
[06:20:53] 🔄 Identity rotated (every 10 requests)
[06:20:53] [189/445] VKNS
[06:20:54] [190/445] SDDP
[06:20:55] [191/445] ACSI
[06:20:56] [192/445] SATG
[06:20:56] [193/445] SCMW
[06:20:57] [194/445] LKTK
[06:20:58] [195/445] VCKV
[06:20:59] [196/445] KKPE
[06:21:00] [197/445] KIGH
[06:21:01] [198/445] SRPM
[06:21:01] 🔄 Identity reset
[06:21:01] 🔄 Identity rotated (every 10 requests)
[06:21:02] [199/445] SCAH
[06:21:02] [200/445] MUTA
[06:21:03] [201/445] SEPU
[06:21:04] [202/445] INOA
[06:21:05] [203/445] BASK
[06:21:06] [204/445] NECB
[06:21:07] [205/445] GTTG
[06:21:08] [206/445] ASSA
[06:21:09] [207/445] ANCL
[06:21:10] [208/445] GCTI
[06:21:10] 🔄 Identity reset
[06:21:10] 🔄 Identity rotated (every 10 requests)
[06:21:10] [209/445] RCTS
[06:21:11] [210/445] ACNL
[06:21:12] [211/445] MYCT
[06:21:13] [212/445] NMHT
[06:21:14] [213/445] MDIT
[06:21:15] [214/445] LATG
[06:21:16] [215/445] SMTY
[06:21:17] [216/445] CVCT
[06:21:18] [217/445] RAMB
[06:21:19] [218/445] TGMS
[06:21:20] 🔄 Identity reset
[06:21:20] 🔄 Identity rotated (every 10 requests)
[06:21:20] [219/445] BHEL
[06:21:21] [220/445] SHCT
[06:21:21] [221/445] SVCT
[06:21:22] [222/445] MRIY
[06:21:23] [223/445] SARO
[06:21:25] [224/445] STCT
[06:21:26] [225/445] JKKC
[06:21:27] [226/445] PLTT
[06:21:28] [227/445] SRNT
[06:21:29] [228/445] YAST
[06:21:29] 🔄 Identity reset
[06:21:29] 🔄 Identity rotated (every 10 requests)
[06:21:30] [229/445] PERL
[06:21:30] [230/445] CICM
[06:21:31] [231/445] MMTR
[06:21:32] [232/445] ABTK
[06:21:33] [233/445] ATYY
[06:21:34] [234/445] ASTK
[06:21:35] [235/445] VVCK
[06:21:35] [236/445] ATKY
[06:21:36] [237/445] GWEK
[06:21:37] [238/445] SVFH
[06:21:38] 🔄 Identity reset
[06:21:38] 🔄 Identity rotated (every 10 requests)
[06:21:38] [239/445] SLTA
[06:21:39] [240/445] AASH
[06:21:40] [241/445] ACXB
[06:21:40] [242/445] SMTX
[06:21:41] [243/445] AZDH
[06:21:42] [244/445] CMMH
[06:21:43] [245/445] SCSZ
[06:21:44] [246/445] SCKP
[06:21:45] [247/445] NXTM
[06:21:47] [248/445] NWCS
[06:21:47] 🔄 Identity reset
[06:21:47] 🔄 Identity rotated (every 10 requests)
[06:21:48] [249/445] CXMH
[06:21:49] [250/445] PCMA
[06:21:49] [251/445] SGCM
[06:21:50] [252/445] SDTU
[06:21:51] [253/445] MMVI
[06:21:52] [254/445] JKCM
[06:21:53] [255/445] VCMM
[06:21:54] [256/445] SYEE
[06:21:55] [257/445] VASD
[06:21:55] [258/445] BDRB
[06:21:56] 🔄 Identity reset
[06:21:56] 🔄 Identity rotated (every 10 requests)
[06:21:56] [259/445] LASM
[06:21:57] [260/445] DCRL
[06:21:59] [261/445] DVPM
[06:22:00] [262/445] SBMJ
[06:22:00] [263/445] CBMU
[06:22:01] [264/445] IUBS
[06:22:03] [265/445] INAP
[06:22:04] [266/445] SRRC
[06:22:05] [267/445] SAGR
[06:22:05] [268/445] CPMJ
[06:22:06] 🔄 Identity reset
[06:22:06] 🔄 Identity rotated (every 10 requests)
[06:22:06] [269/445] ATJL
[06:22:07] [270/445] NNTD
[06:22:08] [271/445] JHCJ
[06:22:09] [272/445] CMMP
[06:22:10] [273/445] RSDR
[06:22:11] [274/445] AMTI
[06:22:12] [275/445] NYSG
[06:22:13] [276/445] AVSG
[06:22:14] [277/445] SYTP
[06:22:15] [278/445] LARC
[06:22:15] 🔄 Identity reset
[06:22:15] 🔄 Identity rotated (every 10 requests)
[06:22:16] [279/445] RJTP
[06:22:16] [280/445] LAKC
[06:22:17] [281/445] MCXE
[06:22:19] [282/445] CCZC
[06:22:20] [283/445] AVCH
[06:22:21] [284/445] CMBE
[06:22:22] [285/445] MRRC
[06:22:23] [286/445] PCPY
[06:22:24] [287/445] SRMH
[06:22:25] [288/445] SVGS
[06:22:25] 🔄 Identity reset
[06:22:25] 🔄 Identity rotated (every 10 requests)
[06:22:26] [289/445] PCSE
[06:22:27] [290/445] SVFT
[06:22:27] [291/445] TNZP
[06:22:28] [292/445] ICTP
[06:22:29] [293/445] ACTZ
[06:22:31] [294/445] GTUR
[06:22:32] [295/445] MAFC
[06:22:33] [296/445] MINL
[06:22:34] [297/445] MRCL
[06:22:34] [298/445] RCRP
[06:22:35] 🔄 Identity reset
[06:22:35] 🔄 Identity rotated (every 10 requests)
[06:22:35] [299/445] RFFG
[06:22:36] [300/445] RMAS
[06:22:38] [301/445] INVR
[06:22:39] [302/445] RMAR
[06:22:40] [303/445] CNIS
[06:22:41] [304/445] RHRJ
[06:22:42] [305/445] INXR
[06:22:42] [306/445] VALT
[06:22:43] [307/445] LCSH
[06:22:44] [308/445] CMVS
[06:22:45] 🔄 Identity reset
[06:22:45] 🔄 Identity rotated (every 10 requests)
[06:22:45] [309/445] CNMS
[06:22:46] [310/445] ROOG
[06:22:47] [311/445] ISRM
[06:22:48] [312/445] RCRM
[06:22:48] [313/445] ACJA
[06:22:49] [314/445] RCVS
[06:22:50] [315/445] CPUS
[06:22:51] [316/445] TGCS
[06:22:52] [317/445] RKCJ
[06:22:53] [318/445] MKSB
[06:22:53] 🔄 Identity reset
[06:22:53] 🔄 Identity rotated (every 10 requests)
[06:22:54] [319/445] TCSJ
[06:22:55] [320/445] RMGP
[06:22:56] [321/445] CLLP
[06:22:57] [322/445] RCMV
[06:22:57] [323/445] CCKS
[06:22:58] [324/445] RSRP
[06:22:59] [325/445] APLP
[06:23:00] [326/445] CNVS
[06:23:01] [327/445] RMVY
[06:23:02] [328/445] PGBD
[06:23:02] 🔄 Identity reset
[06:23:02] 🔄 Identity rotated (every 10 requests)
[06:23:03] [329/445] KLMS
[06:23:04] [330/445] RUST
[06:23:04] [331/445] MASM
[06:23:05] [332/445] BACS
[06:23:06] [333/445] BWST
[06:23:08] [334/445] RRFH
[06:23:09] [335/445] SJTM
[06:23:09] [336/445] BEMR
[06:23:10] [337/445] MCGR
[06:23:11] [338/445] SDSK
[06:23:12] 🔄 Identity reset
[06:23:12] 🔄 Identity rotated (every 10 requests)
[06:23:12] [339/445] VBOL
[06:23:13] [340/445] RMGM
[06:23:14] [341/445] NOPL
[06:23:16] [342/445] MKJK
[06:23:17] [343/445] CVRN
[06:23:18] [344/445] MMEN
[06:23:18] [345/445] AMNG
[06:23:19] [346/445] INTM
[06:23:20] [347/445] SLCZ
[06:23:21] [348/445] AMJN
[06:23:22] 🔄 Identity reset
[06:23:22] 🔄 Identity rotated (every 10 requests)
[06:23:22] [349/445] ACJN
[06:23:23] [350/445] AMKN
[06:23:24] [351/445] BTCN
[06:23:25] [352/445] AMBT
[06:23:26] [353/445] PACN
[06:23:26] [354/445] LCNS
[06:23:27] [355/445] PPKC
[06:23:28] [356/445] JYYN
[06:23:29] [357/445] JTNR
[06:23:30] [358/445] GTEE
[06:23:31] 🔄 Identity reset
[06:23:31] 🔄 Identity rotated (every 10 requests)
[06:23:31] [359/445] SRNM
[06:23:32] [360/445] SDTC
[06:23:34] [361/445] VPCA
[06:23:35] [362/445] VLRA
[06:23:36] [363/445] SHKR
[06:23:37] [364/445] SBKD
[06:23:37] [365/445] SAAD
[06:23:39] [366/445] JTGN
[06:23:40] [367/445] SLAM
[06:23:41] [368/445] VTPM
[06:23:41] 🔄 Identity reset
[06:23:41] 🔄 Identity rotated (every 10 requests)
[06:23:41] [369/445] ANPT
[06:23:43] [370/445] PUNB
[06:23:44] [371/445] CPKT
[06:23:44] [372/445] CNWE
[06:23:45] [373/445] ECPP
[06:23:46] [374/445] CPAR
[06:23:47] [375/445] ESBW
[06:23:48] [376/445] PKPU
[06:23:49] [377/445] CPRP
[06:23:50] [378/445] RAHU
[06:23:50] 🔄 Identity reset
[06:23:50] 🔄 Identity rotated (every 10 requests)
[06:23:51] [379/445] RHMN
[06:23:52] [380/445] FMJP
[06:23:52] [381/445] CTMP
[06:23:53] [382/445] INPN
[06:23:54] [383/445] STTG
[06:23:55] [384/445] CTRD
[06:23:56] [385/445] PUVB
[06:23:56] [386/445] ESVP
[06:23:58] [387/445] CPFT
[06:23:59] [388/445] LCPC
[06:23:59] 🔄 Identity reset
[06:23:59] 🔄 Identity rotated (every 10 requests)
[06:24:00] [389/445] VBCT
[06:24:01] [390/445] FSCW
[06:24:03] [391/445] VCMP
[06:24:04] [392/445] ASHC
[06:24:05] [393/445] VLCX
[06:24:05] [394/445] SHEV
[06:24:07] [395/445] APCO
[06:24:08] [396/445] SILC
[06:24:08] [397/445] SNMR
[06:24:09] [398/445] KYBO
[06:24:10] 🔄 Identity reset
[06:24:10] 🔄 Identity rotated (every 10 requests)
[06:24:10] [399/445] SATK
[06:24:11] [400/445] SSCS
[06:24:12] [401/445] CLSB
[06:24:13] [402/445] KMJR
[06:24:14] [403/445] FSCK
[06:24:15] [404/445] NNKA
[06:24:16] [405/445] CLMK
[06:24:16] [406/445] DMPZ
[06:24:17] [407/445] INQM
[06:24:19] [408/445] CAML
[06:24:19] 🔄 Identity reset
[06:24:19] 🔄 Identity rotated (every 10 requests)
[06:24:20] [409/445] INRK
[06:24:21] [410/445] IMKN
[06:24:22] [411/445] SVNR
[06:24:22] [412/445] INSL
[06:24:23] [413/445] MSMA
[06:24:25] [414/445] MCKK
[06:24:25] [415/445] FCHP
[06:24:26] [416/445] SFCR
[06:24:27] [417/445] NACK
[06:24:28] [418/445] PVAK
[06:24:29] 🔄 Identity reset
[06:24:29] 🔄 Identity rotated (every 10 requests)
[06:24:29] [419/445] INER
[06:24:30] [420/445] RDBK
[06:24:31] [421/445] SVFN
[06:24:31] [422/445] IFRM
[06:24:32] [423/445] ATCK
[06:24:33] [424/445] ASKO
[06:24:34] [425/445] STKT
[06:24:35] [426/445] SVFB
[06:24:36] [427/445] INKS
[06:24:37] [428/445] PCRA
[06:24:37] 🔄 Identity reset
[06:24:37] 🔄 Identity rotated (every 10 requests)
[06:24:38] [429/445] ATJA
[06:24:39] [430/445] IMJN
[06:24:39] [431/445] INHD
[06:24:41] [432/445] BARA
[06:24:42] [433/445] MCSL
[06:24:43] [434/445] RTOY
[06:24:44] [435/445] MENO
[06:24:45] [436/445] PUDM
[06:24:46] [437/445] PRCN
[06:24:47] [438/445] JMJR
[06:24:47] 🔄 Identity reset
[06:24:47] 🔄 Identity rotated (every 10 requests)
[06:24:48] [439/445] SSGK
[06:24:48] [440/445] SSRL
[06:24:49] [441/445] JYKL
[06:24:50] [442/445] ACNB
[06:24:51] [443/445] SONP
[06:24:52] [444/445] EMCI
[06:24:52] [445/445] MRJH
[06:24:53] 🧹 Deduping shows
[06:24:53] ✅ DONE | Shows=1842 | Movies=66
[12:34:08] 🚀 SCRIPT STARTED (enhanced anti‑detection)
[12:34:08] [1/445] TGMR
[12:34:09] 🧠 New identity created
[12:34:09] 🔄 Retry 1/5 for TGMR in 2.2s
[12:34:09] 🔄 Identity reset
[12:34:11] 🧠 New identity created
[12:34:11] [2/445] CXKR
[12:34:12] [3/445] SROP
[12:34:13] [4/445] GTSV
[12:34:15] [5/445] SNTY
[12:34:16] [6/445] SMYY
[12:34:17] [7/445] CNCS
[12:34:18] [8/445] CSTM
[12:34:19] [9/445] NUCD
[12:34:19] 🔄 Identity reset
[12:34:19] 🔄 Identity rotated (every 10 requests)
[12:34:20] [10/445] SHCZ
[12:34:20] [11/445] NJCT
[12:34:21] [12/445] COPC
[12:34:22] [13/445] STVV
[12:34:23] [14/445] SKRN
[12:34:24] [15/445] APPZ
[12:34:25] [16/445] YMGN
[12:34:26] [17/445] SVTU
[12:34:27] [18/445] GTAD
[12:34:28] [19/445] PSUS
[12:34:28] 🔄 Identity reset
[12:34:28] 🔄 Identity rotated (every 10 requests)
[12:34:29] [20/445] SMCD
[12:34:29] [21/445] CMCM
[12:34:30] [22/445] SYCT
[12:34:31] [23/445] STLY
[12:34:32] [24/445] CMHU
[12:34:33] [25/445] CMSA
[12:34:34] [26/445] CLCU
[12:34:35] [27/445] PPNT
[12:34:36] [28/445] JTAB
[12:34:37] [29/445] BUUC
[12:34:38] 🔄 Identity reset
[12:34:38] 🔄 Identity rotated (every 10 requests)
[12:34:38] [30/445] BSVK
[12:34:39] [31/445] VVVQ
[12:34:40] [32/445] TKMU
[12:34:41] [33/445] ESYL
[12:34:42] [34/445] ACHP
[12:34:42] [35/445] BTKD
[12:34:43] [36/445] DESA
[12:34:44] [37/445] GBCT
[12:34:45] [38/445] BLLD
[12:34:46] [39/445] SKNT
[12:34:47] 🔄 Identity reset
[12:34:47] 🔄 Identity rotated (every 10 requests)
[12:34:47] [40/445] SSTE
[12:34:48] [41/445] VJMR
[12:34:49] [42/445] NTPU
[12:34:50] [43/445] RDKN
[12:34:51] [44/445] ADGC
[12:34:52] [45/445] VRBP
[12:34:53] [46/445] NMNA
[12:34:53] [47/445] CMMX
[12:34:54] [48/445] PTKO
[12:34:55] [49/445] RBML
[12:34:56] 🔄 Identity reset
[12:34:56] 🔄 Identity rotated (every 10 requests)
[12:34:56] [50/445] SAIC
[12:34:57] [51/445] SVTJ
[12:34:58] [52/445] MRTE
[12:34:59] [53/445] RBTP
[12:34:59] [54/445] NLPS
[12:35:00] [55/445] GTNA
[12:35:02] [56/445] DGGC
[12:35:03] [57/445] SMCR
[12:35:04] [58/445] SCGD
[12:35:05] [59/445] SRRJ
[12:35:05] 🔄 Identity reset
[12:35:05] 🔄 Identity rotated (every 10 requests)
[12:35:05] 🔄 Retry 1/5 for SRRJ in 2.7s
[12:35:05] 🔄 Identity reset
[12:35:08] 🧠 New identity created
[12:35:08] 🔄 Retry 2/5 for SRRJ in 4.5s
[12:35:08] 🔄 Identity reset
[12:35:13] 🧠 New identity created
[12:35:13] [60/445] CNRY
[12:35:14] [61/445] KTDI
[12:35:15] [62/445] SNJL
[12:35:16] [63/445] RKMD
[12:35:17] [64/445] SMDC
[12:35:18] [65/445] TADG
[12:35:18] [66/445] MCGS
[12:35:19] [67/445] PETK
[12:35:20] 🔄 Identity reset
[12:35:20] 🔄 Identity rotated (every 10 requests)
[12:35:20] [68/445] CHAG
[12:35:21] [69/445] KSTL
[12:35:22] [70/445] AADS
[12:35:23] [71/445] NTHZ
[12:35:24] [72/445] HCKI
[12:35:25] [73/445] SSEF
[12:35:25] [74/445] MCGX
[12:35:26] [75/445] ERRA
[12:35:27] [76/445] SDTW
[12:35:29] [77/445] RMPK
[12:35:29] 🔄 Identity reset
[12:35:29] 🔄 Identity rotated (every 10 requests)
[12:35:30] [78/445] PTHK
[12:35:31] [79/445] PXCS
[12:35:31] [80/445] SVLU
[12:35:32] [81/445] STAH
[12:35:33] [82/445] JRGF
[12:35:34] [83/445] CDOK
[12:35:35] [84/445] CMSG
[12:35:36] [85/445] APTD
[12:35:37] [86/445] KMPG
[12:35:38] [87/445] MUTJ
[12:35:38] 🔄 Identity reset
[12:35:38] 🔄 Identity rotated (every 10 requests)
[12:35:39] [88/445] VCCI
[12:35:40] [89/445] URBE
[12:35:41] [90/445] TCTS
[12:35:43] [91/445] STSN
[12:35:43] [92/445] AKCH
[12:35:44] [93/445] APSC
[12:35:45] [94/445] VLTB
[12:35:46] [95/445] SANU
[12:35:47] [96/445] AXAM
[12:35:48] [97/445] MGMG
[12:35:48] 🔄 Identity reset
[12:35:48] 🔄 Identity rotated (every 10 requests)
[12:35:49] [98/445] HTBY
[12:35:49] [99/445] MMZS
[12:35:50] [100/445] SUDR
[12:35:51] [101/445] CCAD
[12:35:52] [102/445] SKKC
[12:35:53] [103/445] RMCD
[12:35:54] [104/445] SBCQ
[12:35:55] [105/445] DCCT
[12:35:56] [106/445] VTKP
[12:35:57] [107/445] MLAM
[12:35:57] 🔄 Identity reset
[12:35:57] 🔄 Identity rotated (every 10 requests)
[12:35:58] [108/445] SAVT
[12:35:58] [109/445] GEPL
[12:35:59] [110/445] AMCD
[12:36:00] [111/445] CCXR
[12:36:01] [112/445] GRNG
[12:36:02] [113/445] EBCA
[12:36:03] [114/445] CNVG
[12:36:04] [115/445] MWSS
[12:36:04] [116/445] VBOR
[12:36:05] [117/445] NEEB
[12:36:06] 🔄 Identity reset
[12:36:06] 🔄 Identity rotated (every 10 requests)
[12:36:06] 🔄 Retry 1/5 for NEEB in 2.8s
[12:36:06] 🔄 Identity reset
[12:36:09] 🧠 New identity created
[12:36:10] [118/445] SUTH
[12:36:11] [119/445] ANDB
[12:36:12] [120/445] MMXS
[12:36:14] [121/445] CNPD
[12:36:15] [122/445] SDCE
[12:36:16] [123/445] DHCB
[12:36:17] [124/445] ODEN
[12:36:18] [125/445] TNTC
[12:36:19] [126/445] VBKM
[12:36:20] 🔄 Identity reset
[12:36:20] 🔄 Identity rotated (every 10 requests)
[12:36:20] [127/445] RZYM
[12:36:21] [128/445] JEMC
[12:36:22] [129/445] CMAU
[12:36:23] [130/445] SIVP
[12:36:23] [131/445] ATAG
[12:36:24] [132/445] CHTM
[12:36:25] [133/445] AAEE
[12:36:26] [134/445] IWPM
[12:36:27] [135/445] KCMW
[12:36:28] [136/445] MCTD
[12:36:28] 🔄 Identity reset
[12:36:28] 🔄 Identity rotated (every 10 requests)
[12:36:29] [137/445] SPWR
[12:36:30] [138/445] SDPO
[12:36:31] [139/445] PCSK
[12:36:32] [140/445] ACHV
[12:36:33] [141/445] SVLA
[12:36:34] [142/445] PICT
[12:36:34] [143/445] BXDR
[12:36:35] [144/445] SPWA
[12:36:36] [145/445] MCKO
[12:36:38] [146/445] RTHK
[12:36:38] 🔄 Identity reset
[12:36:39] 🔄 Identity rotated (every 10 requests)
[12:36:39] [147/445] CCMF
[12:36:40] [148/445] MRGB
[12:36:41] [149/445] CPLC
[12:36:41] [150/445] RACD
[12:36:42] [151/445] ATKT
[12:36:43] [152/445] SARN
[12:36:44] [153/445] KKUI
[12:36:45] [154/445] RGCM
[12:36:46] [155/445] BRVP
[12:36:47] [156/445] HRSR
[12:36:48] 🔄 Identity reset
[12:36:48] 🔄 Identity rotated (every 10 requests)
[12:36:48] [157/445] GKGM
[12:36:49] [158/445] TTCD
[12:36:50] [159/445] PTTI
[12:36:50] [160/445] MPTT
[12:36:51] [161/445] CVTT
[12:36:52] [162/445] PCXD
[12:36:53] [163/445] GCDC
[12:36:54] [164/445] CCCF
[12:36:55] [165/445] MRAD
[12:36:55] [166/445] CPLK
[12:36:56] 🔄 Identity reset
[12:36:56] 🔄 Identity rotated (every 10 requests)
[12:36:56] [167/445] SATB
[12:36:57] [168/445] SNVG
[12:36:58] [169/445] JMBA
[12:36:59] [170/445] TEJA
[12:37:00] [171/445] STYO
[12:37:00] [172/445] JTBP
[12:37:02] [173/445] KRGD
[12:37:03] [174/445] SLJJ
[12:37:04] [175/445] SPTJ
[12:37:05] [176/445] SWJG
[12:37:06] 🔄 Identity reset
[12:37:06] 🔄 Identity rotated (every 10 requests)
[12:37:06] [177/445] LKRT
[12:37:07] [178/445] KCKA
[12:37:07] [179/445] SNCR
[12:37:09] [180/445] SMKL
[12:37:10] [181/445] GCFA
[12:37:11] [182/445] DDCK
[12:37:13] [183/445] NCHJ
[12:37:13] [184/445] RDMA
[12:37:14] [185/445] SVSV
[12:37:15] [186/445] SCJG
[12:37:16] 🔄 Identity reset
[12:37:16] 🔄 Identity rotated (every 10 requests)
[12:37:16] [187/445] VKLP
[12:37:17] [188/445] NWCC
[12:37:18] [189/445] VKNS
[12:37:19] [190/445] SDDP
[12:37:20] [191/445] ACSI
[12:37:20] [192/445] SATG
[12:37:21] [193/445] SCMW
[12:37:22] [194/445] LKTK
[12:37:23] [195/445] VCKV
[12:37:24] [196/445] KKPE
[12:37:24] 🔄 Identity reset
[12:37:25] 🔄 Identity rotated (every 10 requests)
[12:37:25] [197/445] KIGH
[12:37:26] [198/445] SRPM
[12:37:26] [199/445] SCAH
[12:37:27] [200/445] MUTA
[12:37:28] [201/445] SEPU
[12:37:29] [202/445] INOA
[12:37:30] [203/445] BASK
[12:37:31] [204/445] NECB
[12:37:31] [205/445] GTTG
[12:37:32] [206/445] ASSA
[12:37:33] 🔄 Identity reset
[12:37:33] 🔄 Identity rotated (every 10 requests)
[12:37:34] [207/445] ANCL
[12:37:35] [208/445] GCTI
[12:37:36] [209/445] RCTS
[12:37:36] [210/445] ACNL
[12:37:37] [211/445] MYCT
[12:37:38] [212/445] NMHT
[12:37:39] [213/445] MDIT
[12:37:40] [214/445] LATG
[12:37:41] [215/445] SMTY
[12:37:41] [216/445] CVCT
[12:37:42] 🔄 Identity reset
[12:37:42] 🔄 Identity rotated (every 10 requests)
[12:37:43] [217/445] RAMB
[12:37:44] [218/445] TGMS
[12:37:45] [219/445] BHEL
[12:37:46] [220/445] SHCT
[12:37:47] [221/445] SVCT
[12:37:48] [222/445] MRIY
[12:37:49] [223/445] SARO
[12:37:50] [224/445] STCT
[12:37:51] [225/445] JKKC
[12:37:52] [226/445] PLTT
[12:37:52] 🔄 Identity reset
[12:37:52] 🔄 Identity rotated (every 10 requests)
[12:37:53] [227/445] SRNT
[12:37:54] [228/445] YAST
[12:37:55] [229/445] PERL
[12:37:56] [230/445] CICM
[12:37:57] [231/445] MMTR
[12:37:58] [232/445] ABTK
[12:37:59] [233/445] ATYY
[12:37:59] [234/445] ASTK
[12:38:00] [235/445] VVCK
[12:38:01] [236/445] ATKY
[12:38:02] 🔄 Identity reset
[12:38:02] 🔄 Identity rotated (every 10 requests)
[12:38:02] [237/445] GWEK
[12:38:03] [238/445] SVFH
[12:38:04] [239/445] SLTA
[12:38:05] [240/445] AASH
[12:38:06] [241/445] ACXB
[12:38:07] [242/445] SMTX
[12:38:07] [243/445] AZDH
[12:38:08] [244/445] CMMH
[12:38:09] [245/445] SCSZ
[12:38:10] [246/445] SCKP
[12:38:10] 🔄 Identity reset
[12:38:10] 🔄 Identity rotated (every 10 requests)
[12:38:11] [247/445] NXTM
[12:38:11] [248/445] NWCS
[12:38:12] [249/445] CXMH
[12:38:13] [250/445] PCMA
[12:38:14] [251/445] SGCM
[12:38:15] [252/445] SDTU
[12:38:15] [253/445] MMVI
[12:38:16] [254/445] JKCM
[12:38:18] [255/445] VCMM
[12:38:19] [256/445] SYEE
[12:38:19] 🔄 Identity reset
[12:38:19] 🔄 Identity rotated (every 10 requests)
[12:38:20] [257/445] VASD
[12:38:21] [258/445] BDRB
[12:38:22] [259/445] LASM
[12:38:22] [260/445] DCRL
[12:38:23] [261/445] DVPM
[12:38:24] [262/445] SBMJ
[12:38:25] [263/445] CBMU
[12:38:26] [264/445] IUBS
[12:38:27] [265/445] INAP
[12:38:28] [266/445] SRRC
[12:38:28] 🔄 Identity reset
[12:38:28] 🔄 Identity rotated (every 10 requests)
[12:38:28] [267/445] SAGR
[12:38:29] [268/445] CPMJ
[12:38:30] [269/445] ATJL
[12:38:31] [270/445] NNTD
[12:38:32] [271/445] JHCJ
[12:38:33] [272/445] CMMP
[12:38:34] [273/445] RSDR
[12:38:35] [274/445] AMTI
[12:38:36] [275/445] NYSG
[12:38:37] [276/445] AVSG
[12:38:37] 🔄 Identity reset
[12:38:37] 🔄 Identity rotated (every 10 requests)
[12:38:38] [277/445] SYTP
[12:38:39] [278/445] LARC
[12:38:39] [279/445] RJTP
[12:38:40] [280/445] LAKC
[12:38:41] [281/445] MCXE
[12:38:42] [282/445] CCZC
[12:38:44] [283/445] AVCH
[12:38:45] [284/445] CMBE
[12:38:45] [285/445] MRRC
[12:38:46] [286/445] PCPY
[12:38:47] 🔄 Identity reset
[12:38:47] 🔄 Identity rotated (every 10 requests)
[12:38:47] [287/445] SRMH
[12:38:48] [288/445] SVGS
[12:38:50] [289/445] PCSE
[12:38:51] [290/445] SVFT
[12:38:53] [291/445] TNZP
[12:38:53] [292/445] ICTP
[12:38:54] [293/445] ACTZ
[12:38:55] [294/445] GTUR
[12:38:57] [295/445] MAFC
[12:38:58] [296/445] MINL
[12:38:58] 🔄 Identity reset
[12:38:58] 🔄 Identity rotated (every 10 requests)
[12:38:59] [297/445] MRCL
[12:39:00] [298/445] RCRP
[12:39:01] [299/445] RFFG
[12:39:02] [300/445] RMAS
[12:39:03] [301/445] INVR
[12:39:04] [302/445] RMAR
[12:39:05] [303/445] CNIS
[12:39:06] [304/445] RHRJ
[12:39:07] [305/445] INXR
[12:39:09] [306/445] VALT
[12:39:09] 🔄 Identity reset
[12:39:09] 🔄 Identity rotated (every 10 requests)
[12:39:09] [307/445] LCSH
[12:39:10] [308/445] CMVS
[12:39:11] [309/445] CNMS
[12:39:12] [310/445] ROOG
[12:39:13] [311/445] ISRM
[12:39:14] [312/445] RCRM
[12:39:15] [313/445] ACJA
[12:39:15] [314/445] RCVS
[12:39:16] [315/445] CPUS
[12:39:17] [316/445] TGCS
[12:39:17] 🔄 Identity reset
[12:39:17] 🔄 Identity rotated (every 10 requests)
[12:39:18] [317/445] RKCJ
[12:39:19] [318/445] MKSB
[12:39:19] [319/445] TCSJ
[12:39:20] [320/445] RMGP
[12:39:21] [321/445] CLLP
[12:39:22] [322/445] RCMV
[12:39:24] [323/445] CCKS
[12:39:25] [324/445] RSRP
[12:39:26] [325/445] APLP
[12:39:27] [326/445] CNVS
[12:39:28] 🔄 Identity reset
[12:39:28] 🔄 Identity rotated (every 10 requests)
[12:39:28] [327/445] RMVY
[12:39:29] [328/445] PGBD
[12:39:29] [329/445] KLMS
[12:39:30] [330/445] RUST
[12:39:31] [331/445] MASM
[12:39:32] [332/445] BACS
[12:39:33] [333/445] BWST
[12:39:35] [334/445] RRFH
[12:39:35] [335/445] SJTM
[12:39:36] [336/445] BEMR
[12:39:37] 🔄 Identity reset
[12:39:37] 🔄 Identity rotated (every 10 requests)
[12:39:37] [337/445] MCGR
[12:39:39] [338/445] SDSK
[12:39:40] [339/445] VBOL
[12:39:41] [340/445] RMGM
[12:39:42] [341/445] NOPL
[12:39:42] [342/445] MKJK
[12:39:43] [343/445] CVRN
[12:39:44] [344/445] MMEN
[12:39:45] [345/445] AMNG
[12:39:46] [346/445] INTM
[12:39:46] 🔄 Identity reset
[12:39:46] 🔄 Identity rotated (every 10 requests)
[12:39:47] [347/445] SLCZ
[12:39:47] [348/445] AMJN
[12:39:48] [349/445] ACJN
[12:39:50] [350/445] AMKN
[12:39:51] [351/445] BTCN
[12:39:52] [352/445] AMBT
[12:39:53] [353/445] PACN
[12:39:54] [354/445] LCNS
[12:39:55] [355/445] PPKC
[12:39:55] [356/445] JYYN
[12:39:56] 🔄 Identity reset
[12:39:56] 🔄 Identity rotated (every 10 requests)
[12:39:56] [357/445] JTNR
[12:39:57] [358/445] GTEE
[12:39:58] [359/445] SRNM
[12:39:59] [360/445] SDTC
[12:40:00] [361/445] VPCA
[12:40:01] [362/445] VLRA
[12:40:02] [363/445] SHKR
[12:40:03] [364/445] SBKD
[12:40:04] [365/445] SAAD
[12:40:05] [366/445] JTGN
[12:40:05] 🔄 Identity reset
[12:40:05] 🔄 Identity rotated (every 10 requests)
[12:40:06] [367/445] SLAM
[12:40:07] [368/445] VTPM
[12:40:08] [369/445] ANPT
[12:40:09] [370/445] PUNB
[12:40:11] [371/445] CPKT
[12:40:12] [372/445] CNWE
[12:40:13] [373/445] ECPP
[12:40:14] [374/445] CPAR
[12:40:15] [375/445] ESBW
[12:40:15] [376/445] PKPU
[12:40:16] 🔄 Identity reset
[12:40:16] 🔄 Identity rotated (every 10 requests)
[12:40:16] [377/445] CPRP
[12:40:18] [378/445] RAHU
[12:40:19] [379/445] RHMN
[12:40:19] [380/445] FMJP
[12:40:20] [381/445] CTMP
[12:40:21] [382/445] INPN
[12:40:22] [383/445] STTG
[12:40:23] [384/445] CTRD
[12:40:24] [385/445] PUVB
[12:40:25] [386/445] ESVP
[12:40:26] 🔄 Identity reset
[12:40:26] 🔄 Identity rotated (every 10 requests)
[12:40:26] [387/445] CPFT
[12:40:28] [388/445] LCPC
[12:40:28] [389/445] VBCT
[12:40:29] [390/445] FSCW
[12:40:30] [391/445] VCMP
[12:40:31] [392/445] ASHC
[12:40:32] [393/445] VLCX
[12:40:33] [394/445] SHEV
[12:40:34] [395/445] APCO
[12:40:34] [396/445] SILC
[12:40:35] 🔄 Identity reset
[12:40:35] 🔄 Identity rotated (every 10 requests)
[12:40:36] [397/445] SNMR
[12:40:37] [398/445] KYBO
[12:40:38] [399/445] SATK
[12:40:39] [400/445] SSCS
[12:40:40] [401/445] CLSB
[12:40:41] [402/445] KMJR
[12:40:42] [403/445] FSCK
[12:40:43] [404/445] NNKA
[12:40:44] [405/445] CLMK
[12:40:44] [406/445] DMPZ
[12:40:45] 🔄 Identity reset
[12:40:45] 🔄 Identity rotated (every 10 requests)
[12:40:45] [407/445] INQM
[12:40:46] [408/445] CAML
[12:40:47] [409/445] INRK
[12:40:48] [410/445] IMKN
[12:40:49] [411/445] SVNR
[12:40:50] [412/445] INSL
[12:40:51] [413/445] MSMA
[12:40:52] [414/445] MCKK
[12:40:53] [415/445] FCHP
[12:40:54] [416/445] SFCR
[12:40:55] 🔄 Identity reset
[12:40:55] 🔄 Identity rotated (every 10 requests)
[12:40:55] [417/445] NACK
[12:40:56] [418/445] PVAK
[12:40:57] [419/445] INER
[12:40:58] [420/445] RDBK
[12:40:59] [421/445] SVFN
[12:41:00] [422/445] IFRM
[12:41:01] [423/445] ATCK
[12:41:02] [424/445] ASKO
[12:41:03] [425/445] STKT
[12:41:04] [426/445] SVFB
[12:41:05] 🔄 Identity reset
[12:41:05] 🔄 Identity rotated (every 10 requests)
[12:41:06] [427/445] INKS
[12:41:07] [428/445] PCRA
[12:41:08] [429/445] ATJA
[12:41:09] [430/445] IMJN
[12:41:09] [431/445] INHD
[12:41:10] [432/445] BARA
[12:41:11] [433/445] MCSL
[12:41:12] [434/445] RTOY
[12:41:13] [435/445] MENO
[12:41:14] [436/445] PUDM
[12:41:15] 🔄 Identity reset
[12:41:15] 🔄 Identity rotated (every 10 requests)
[12:41:15] [437/445] PRCN
[12:41:16] [438/445] JMJR
[12:41:17] [439/445] SSGK
[12:41:18] [440/445] SSRL
[12:41:19] [441/445] JYKL
[12:41:20] [442/445] ACNB
[12:41:20] [443/445] SONP
[12:41:21] [444/445] EMCI
[12:41:22] [445/445] MRJH
[12:41:23] 🧹 Deduping shows
[12:41:23] ✅ DONE | Shows=2044 | Movies=71
[00:04:03] 🚀 SCRIPT STARTED
[00:04:03] [1/445] TGMR
[00:04:03] 🧠 New identity created
[00:04:04] [2/445] CXKR
[00:04:05] [3/445] SROP
[00:04:06] [4/445] GTSV
[00:04:07] [5/445] SNTY
[00:04:08] [6/445] SMYY
[00:04:09] [7/445] CNCS
[00:04:10] [8/445] CSTM
[00:04:11] [9/445] NUCD
[00:04:12] [10/445] SHCZ
[00:04:12] 🔄 Identity reset
[00:04:12] 🔄 Identity rotated (every 10 requests)
[00:04:13] [11/445] NJCT
[00:04:15] [12/445] COPC
[00:04:15] [13/445] STVV
[00:04:16] [14/445] SKRN
[00:04:17] [15/445] APPZ
[00:04:18] [16/445] YMGN
[00:04:19] [17/445] SVTU
[00:04:20] [18/445] GTAD
[00:04:21] [19/445] PSUS
[00:04:22] [20/445] SMCD
[00:04:22] 🔄 Identity reset
[00:04:22] 🔄 Identity rotated (every 10 requests)
[00:04:22] 🔄 Retry 1/5 for SMCD in 2.6s
[00:04:22] 🔄 Identity reset
[00:04:24] 🧠 New identity created
[00:04:25] [21/445] CMCM
[00:04:26] [22/445] SYCT
[00:04:27] [23/445] STLY
[00:04:28] [24/445] CMHU
[00:04:29] [25/445] CMSA
[00:04:30] [26/445] CLCU
[00:04:31] [27/445] PPNT
[00:04:32] [28/445] JTAB
[00:04:33] [29/445] BUUC
[00:04:33] 🔄 Identity reset
[00:04:33] 🔄 Identity rotated (every 10 requests)
[00:04:34] [30/445] BSVK
[00:04:35] [31/445] VVVQ
[00:04:36] [32/445] TKMU
[00:04:37] [33/445] ESYL
[00:04:38] [34/445] ACHP
[00:04:39] [35/445] BTKD
[00:04:40] [36/445] DESA
[00:04:40] [37/445] GBCT
[00:04:41] [38/445] BLLD
[00:04:43] [39/445] SKNT
[00:04:43] 🔄 Identity reset
[00:04:43] 🔄 Identity rotated (every 10 requests)
[00:04:43] 🔄 Retry 1/5 for SKNT in 2.0s
[00:04:43] 🔄 Identity reset
[00:04:45] 🧠 New identity created
[00:04:46] [40/445] SSTE
[00:04:47] [41/445] VJMR
[00:04:48] [42/445] NTPU
[00:04:49] [43/445] RDKN
[00:04:50] [44/445] ADGC
[00:04:52] [45/445] VRBP
[00:04:53] [46/445] NMNA
[00:04:54] [47/445] CMMX
[00:04:55] [48/445] PTKO
[00:04:55] 🔄 Identity reset
[00:04:55] 🔄 Identity rotated (every 10 requests)
[00:04:56] [49/445] RBML
[00:04:57] [50/445] SAIC
[00:04:58] [51/445] SVTJ
[00:04:59] [52/445] MRTE
[00:05:00] [53/445] RBTP
[00:05:00] [54/445] NLPS
[00:05:02] [55/445] GTNA
[00:05:02] [56/445] DGGC
[00:05:03] [57/445] SMCR
[00:05:05] [58/445] SCGD
[00:05:05] 🔄 Identity reset
[00:05:05] 🔄 Identity rotated (every 10 requests)
[00:05:06] [59/445] SRRJ
[00:05:07] [60/445] CNRY
[00:05:08] [61/445] KTDI
[00:05:09] [62/445] SNJL
[00:05:09] [63/445] RKMD
[00:05:10] [64/445] SMDC
[00:05:11] [65/445] TADG
[00:05:12] [66/445] MCGS
[00:05:13] [67/445] PETK
[00:05:15] [68/445] CHAG
[00:05:15] 🔄 Identity reset
[00:05:15] 🔄 Identity rotated (every 10 requests)
[00:05:15] 🔄 Retry 1/5 for CHAG in 2.8s
[00:05:15] 🔄 Identity reset
[00:05:17] 🧠 New identity created
[00:05:19] [69/445] KSTL
[00:05:20] [70/445] AADS
[00:05:21] [71/445] NTHZ
[00:05:21] [72/445] HCKI
[00:05:22] [73/445] SSEF
[00:05:23] [74/445] MCGX
[00:05:24] [75/445] ERRA
[00:05:26] [76/445] SDTW
[00:05:27] [77/445] RMPK
[00:05:27] 🔄 Identity reset
[00:05:27] 🔄 Identity rotated (every 10 requests)
[00:05:28] [78/445] PTHK
[00:05:29] [79/445] PXCS
[00:05:30] [80/445] SVLU
[00:05:31] [81/445] STAH
[00:05:32] [82/445] JRGF
[00:05:32] [83/445] CDOK
[00:05:33] [84/445] CMSG
[00:05:34] [85/445] APTD
[00:05:35] [86/445] KMPG
[00:05:36] [87/445] MUTJ
[00:05:36] 🔄 Identity reset
[00:05:36] 🔄 Identity rotated (every 10 requests)
[00:05:37] [88/445] VCCI
[00:05:38] [89/445] URBE
[00:05:39] [90/445] TCTS
[00:05:40] [91/445] STSN
[00:05:41] [92/445] AKCH
[00:05:42] [93/445] APSC
[00:05:43] [94/445] VLTB
[00:05:44] [95/445] SANU
[00:05:44] [96/445] AXAM
[00:05:45] [97/445] MGMG
[00:05:45] 🔄 Identity reset
[00:05:46] 🔄 Identity rotated (every 10 requests)
[00:05:47] [98/445] HTBY
[00:05:48] [99/445] MMZS
[00:05:49] [100/445] SUDR
[00:05:50] [101/445] CCAD
[00:05:51] [102/445] SKKC
[00:05:52] [103/445] RMCD
[00:05:53] [104/445] SBCQ
[00:05:53] [105/445] DCCT
[00:05:54] [106/445] VTKP
[00:05:55] [107/445] MLAM
[00:05:55] 🔄 Identity reset
[00:05:55] 🔄 Identity rotated (every 10 requests)
[00:05:56] [108/445] SAVT
[00:05:57] [109/445] GEPL
[00:05:58] [110/445] AMCD
[00:05:59] [111/445] CCXR
[00:06:00] [112/445] GRNG
[00:06:01] [113/445] EBCA
[00:06:02] [114/445] CNVG
[00:06:03] [115/445] MWSS
[00:06:03] [116/445] VBOR
[00:06:05] [117/445] NEEB
[00:06:05] 🔄 Identity reset
[00:06:05] 🔄 Identity rotated (every 10 requests)
[00:06:05] [118/445] SUTH
[00:06:06] [119/445] ANDB
[00:06:07] [120/445] MMXS
[00:06:08] [121/445] CNPD
[00:06:09] [122/445] SDCE
[00:06:10] [123/445] DHCB
[00:06:11] [124/445] ODEN
[00:06:11] [125/445] TNTC
[00:06:13] [126/445] VBKM
[00:06:14] [127/445] RZYM
[00:06:14] 🔄 Identity reset
[00:06:14] 🔄 Identity rotated (every 10 requests)
[00:06:15] [128/445] JEMC
[00:06:16] [129/445] CMAU
[00:06:17] [130/445] SIVP
[00:06:19] [131/445] ATAG
[00:06:19] [132/445] CHTM
[00:06:20] [133/445] AAEE
[00:06:21] [134/445] IWPM
[00:06:22] [135/445] KCMW
[00:06:23] [136/445] MCTD
[00:06:24] [137/445] SPWR
[00:06:24] 🔄 Identity reset
[00:06:24] 🔄 Identity rotated (every 10 requests)
[00:06:25] [138/445] SDPO
[00:06:26] [139/445] PCSK
[00:06:27] [140/445] ACHV
[00:06:28] [141/445] SVLA
[00:06:29] [142/445] PICT
[00:06:30] [143/445] BXDR
[00:06:31] [144/445] SPWA
[00:06:32] [145/445] MCKO
[00:06:33] [146/445] RTHK
[00:06:34] [147/445] CCMF
[00:06:34] 🔄 Identity reset
[00:06:34] 🔄 Identity rotated (every 10 requests)
[00:06:35] [148/445] MRGB
[00:06:36] [149/445] CPLC
[00:06:37] [150/445] RACD
[00:06:38] [151/445] ATKT
[00:06:39] [152/445] SARN
[00:06:40] [153/445] KKUI
[00:06:41] [154/445] RGCM
[00:06:42] [155/445] BRVP
[00:06:42] [156/445] HRSR
[00:06:44] [157/445] GKGM
[00:06:44] 🔄 Identity reset
[00:06:44] 🔄 Identity rotated (every 10 requests)
[00:06:45] [158/445] TTCD
[00:06:46] [159/445] PTTI
[00:06:46] [160/445] MPTT
[00:06:47] [161/445] CVTT
[00:06:48] [162/445] PCXD
[00:06:49] [163/445] GCDC
[00:06:50] [164/445] CCCF
[00:06:51] [165/445] MRAD
[00:06:52] [166/445] CPLK
[00:06:53] [167/445] SATB
[00:06:53] 🔄 Identity reset
[00:06:53] 🔄 Identity rotated (every 10 requests)
[00:06:54] [168/445] SNVG
[00:06:54] [169/445] JMBA
[00:06:56] [170/445] TEJA
[00:06:56] [171/445] STYO
[00:06:57] [172/445] JTBP
[00:06:58] [173/445] KRGD
[00:07:00] [174/445] SLJJ
[00:07:01] [175/445] SPTJ
[00:07:01] [176/445] SWJG
[00:07:02] [177/445] LKRT
[00:07:02] 🔄 Identity reset
[00:07:02] 🔄 Identity rotated (every 10 requests)
[00:07:03] [178/445] KCKA
[00:07:04] [179/445] SNCR
[00:07:05] [180/445] SMKL
[00:07:06] [181/445] GCFA
[00:07:07] [182/445] DDCK
[00:07:08] [183/445] NCHJ
[00:07:09] [184/445] RDMA
[00:07:10] [185/445] SVSV
[00:07:11] [186/445] SCJG
[00:07:12] [187/445] VKLP
[00:07:12] 🔄 Identity reset
[00:07:12] 🔄 Identity rotated (every 10 requests)
[00:07:13] [188/445] NWCC
[00:07:14] [189/445] VKNS
[00:07:15] [190/445] SDDP
[00:07:16] [191/445] ACSI
[00:07:17] [192/445] SATG
[00:07:18] [193/445] SCMW
[00:07:19] [194/445] LKTK
[00:07:20] [195/445] VCKV
[00:07:20] [196/445] KKPE
[00:07:21] [197/445] KIGH
[00:07:21] 🔄 Identity reset
[00:07:21] 🔄 Identity rotated (every 10 requests)
[00:07:22] [198/445] SRPM
[00:07:23] [199/445] SCAH
[00:07:24] [200/445] MUTA
[00:07:25] [201/445] SEPU
[00:07:26] [202/445] INOA
[00:07:27] [203/445] BASK
[00:07:27] [204/445] NECB
[00:07:28] [205/445] GTTG
[00:07:29] [206/445] ASSA
[00:07:29] [207/445] ANCL
[00:07:29] 🔄 Identity reset
[00:07:29] 🔄 Identity rotated (every 10 requests)
[00:07:30] [208/445] GCTI
[00:07:31] [209/445] RCTS
[00:07:32] [210/445] ACNL
[00:07:33] [211/445] MYCT
[00:07:34] [212/445] NMHT
[00:07:36] [213/445] MDIT
[00:07:37] [214/445] LATG
[00:07:38] [215/445] SMTY
[00:07:38] [216/445] CVCT
[00:07:39] [217/445] RAMB
[00:07:39] 🔄 Identity reset
[00:07:39] 🔄 Identity rotated (every 10 requests)
[00:07:40] [218/445] TGMS
[00:07:41] [219/445] BHEL
[00:07:42] [220/445] SHCT
[00:07:43] [221/445] SVCT
[00:07:44] [222/445] MRIY
[00:07:45] [223/445] SARO
[00:07:46] [224/445] STCT
[00:07:47] [225/445] JKKC
[00:07:47] [226/445] PLTT
[00:07:48] [227/445] SRNT
[00:07:48] 🔄 Identity reset
[00:07:48] 🔄 Identity rotated (every 10 requests)
[00:07:49] [228/445] YAST
[00:07:50] [229/445] PERL
[00:07:51] [230/445] CICM
[00:07:52] [231/445] MMTR
[00:07:53] [232/445] ABTK
[00:07:53] [233/445] ATYY
[00:07:54] [234/445] ASTK
[00:07:55] [235/445] VVCK
[00:07:56] [236/445] ATKY
[00:07:57] [237/445] GWEK
[00:07:57] 🔄 Identity reset
[00:07:57] 🔄 Identity rotated (every 10 requests)
[00:07:58] [238/445] SVFH
[00:07:59] [239/445] SLTA
[00:08:00] [240/445] AASH
[00:08:00] [241/445] ACXB
[00:08:01] [242/445] SMTX
[00:08:02] [243/445] AZDH
[00:08:03] [244/445] CMMH
[00:08:04] [245/445] SCSZ
[00:08:05] [246/445] SCKP
[00:08:06] [247/445] NXTM
[00:08:06] 🔄 Identity reset
[00:08:06] 🔄 Identity rotated (every 10 requests)
[00:08:07] [248/445] NWCS
[00:08:08] [249/445] CXMH
[00:08:09] [250/445] PCMA
[00:08:10] [251/445] SGCM
[00:08:11] [252/445] SDTU
[00:08:12] [253/445] MMVI
[00:08:13] [254/445] JKCM
[00:08:14] [255/445] VCMM
[00:08:14] [256/445] SYEE
[00:08:16] [257/445] VASD
[00:08:16] 🔄 Identity reset
[00:08:16] 🔄 Identity rotated (every 10 requests)
[00:08:17] [258/445] BDRB
[00:08:17] [259/445] LASM
[00:08:18] [260/445] DCRL
[00:08:19] [261/445] DVPM
[00:08:20] [262/445] SBMJ
[00:08:21] [263/445] CBMU
[00:08:21] [264/445] IUBS
[00:08:22] [265/445] INAP
[00:08:23] [266/445] SRRC
[00:08:25] [267/445] SAGR
[00:08:25] 🔄 Identity reset
[00:08:25] 🔄 Identity rotated (every 10 requests)
[00:08:25] 🔄 Retry 1/5 for SAGR in 2.3s
[00:08:25] 🔄 Identity reset
[00:08:27] 🧠 New identity created
[00:08:28] [268/445] CPMJ
[00:08:29] [269/445] ATJL
[00:08:30] [270/445] NNTD
[00:08:31] [271/445] JHCJ
[00:08:32] [272/445] CMMP
[00:08:32] [273/445] RSDR
[00:08:34] [274/445] AMTI
[00:08:34] [275/445] NYSG
[00:08:35] [276/445] AVSG
[00:08:35] 🔄 Identity reset
[00:08:35] 🔄 Identity rotated (every 10 requests)
[00:08:36] [277/445] SYTP
[00:08:37] [278/445] LARC
[00:08:38] [279/445] RJTP
[00:08:39] [280/445] LAKC
[00:08:39] [281/445] MCXE
[00:08:40] [282/445] CCZC
[00:08:41] [283/445] AVCH
[00:08:42] [284/445] CMBE
[00:08:42] [285/445] MRRC
[00:08:43] [286/445] PCPY
[00:08:43] 🔄 Identity reset
[00:08:43] 🔄 Identity rotated (every 10 requests)
[00:08:44] [287/445] SRMH
[00:08:45] [288/445] SVGS
[00:08:46] [289/445] PCSE
[00:08:47] [290/445] SVFT
[00:08:48] [291/445] TNZP
[00:08:49] [292/445] ICTP
[00:08:50] [293/445] ACTZ
[00:08:51] [294/445] GTUR
[00:08:52] [295/445] MAFC
[00:08:52] [296/445] MINL
[00:08:52] 🔄 Identity reset
[00:08:53] 🔄 Identity rotated (every 10 requests)
[00:08:53] [297/445] MRCL
[00:08:54] [298/445] RCRP
[00:08:55] [299/445] RFFG
[00:08:56] [300/445] RMAS
[00:08:58] [301/445] INVR
[00:08:58] [302/445] RMAR
[00:08:59] [303/445] CNIS
[00:09:00] [304/445] RHRJ
[00:09:01] [305/445] INXR
[00:09:02] [306/445] VALT
[00:09:02] 🔄 Identity reset
[00:09:02] 🔄 Identity rotated (every 10 requests)
[00:09:03] [307/445] LCSH
[00:09:04] [308/445] CMVS
[00:09:05] [309/445] CNMS
[00:09:06] [310/445] ROOG
[00:09:07] [311/445] ISRM
[00:09:08] [312/445] RCRM
[00:09:09] [313/445] ACJA
[00:09:09] [314/445] RCVS
[00:09:10] [315/445] CPUS
[00:09:11] [316/445] TGCS
[00:09:11] 🔄 Identity reset
[00:09:11] 🔄 Identity rotated (every 10 requests)
[00:09:12] [317/445] RKCJ
[00:09:13] [318/445] MKSB
[00:09:14] [319/445] TCSJ
[00:09:15] [320/445] RMGP
[00:09:16] [321/445] CLLP
[00:09:17] [322/445] RCMV
[00:09:17] [323/445] CCKS
[00:09:18] [324/445] RSRP
[00:09:19] [325/445] APLP
[00:09:20] [326/445] CNVS
[00:09:20] 🔄 Identity reset
[00:09:20] 🔄 Identity rotated (every 10 requests)
[00:09:21] [327/445] RMVY
[00:09:23] [328/445] PGBD
[00:09:23] [329/445] KLMS
[00:09:24] [330/445] RUST
[00:09:25] [331/445] MASM
[00:09:26] [332/445] BACS
[00:09:26] [333/445] BWST
[00:09:27] [334/445] RRFH
[00:09:29] [335/445] SJTM
[00:09:29] [336/445] BEMR
[00:09:29] 🔄 Identity reset
[00:09:29] 🔄 Identity rotated (every 10 requests)
[00:09:30] [337/445] MCGR
[00:09:31] [338/445] SDSK
[00:09:32] [339/445] VBOL
[00:09:33] [340/445] RMGM
[00:09:35] [341/445] NOPL
[00:09:35] [342/445] MKJK
[00:09:36] [343/445] CVRN
[00:09:37] [344/445] MMEN
[00:09:38] [345/445] AMNG
[00:09:38] [346/445] INTM
[00:09:38] 🔄 Identity reset
[00:09:38] 🔄 Identity rotated (every 10 requests)
[00:09:39] [347/445] SLCZ
[00:09:40] [348/445] AMJN
[00:09:41] [349/445] ACJN
[00:09:42] [350/445] AMKN
[00:09:43] [351/445] BTCN
[00:09:44] [352/445] AMBT
[00:09:45] [353/445] PACN
[00:09:45] [354/445] LCNS
[00:09:47] [355/445] PPKC
[00:09:47] [356/445] JYYN
[00:09:47] 🔄 Identity reset
[00:09:47] 🔄 Identity rotated (every 10 requests)
[00:09:48] [357/445] JTNR
[00:09:49] [358/445] GTEE
[00:09:50] [359/445] SRNM
[00:09:51] [360/445] SDTC
[00:09:51] [361/445] VPCA
[00:09:52] [362/445] VLRA
[00:09:54] [363/445] SHKR
[00:09:55] [364/445] SBKD
[00:09:55] [365/445] SAAD
[00:09:56] [366/445] JTGN
[00:09:56] 🔄 Identity reset
[00:09:56] 🔄 Identity rotated (every 10 requests)
[00:09:58] [367/445] SLAM
[00:09:59] [368/445] VTPM
[00:10:00] [369/445] ANPT
[00:10:01] [370/445] PUNB
[00:10:01] [371/445] CPKT
[00:10:02] [372/445] CNWE
[00:10:03] [373/445] ECPP
[00:10:03] [374/445] CPAR
[00:10:04] [375/445] ESBW
[00:10:05] [376/445] PKPU
[00:10:05] 🔄 Identity reset
[00:10:05] 🔄 Identity rotated (every 10 requests)
[00:10:06] [377/445] CPRP
[00:10:07] [378/445] RAHU
[00:10:09] [379/445] RHMN
[00:10:10] [380/445] FMJP
[00:10:10] [381/445] CTMP
[00:10:11] [382/445] INPN
[00:10:12] [383/445] STTG
[00:10:13] [384/445] CTRD
[00:10:14] [385/445] PUVB
[00:10:14] [386/445] ESVP
[00:10:14] 🔄 Identity reset
[00:10:14] 🔄 Identity rotated (every 10 requests)
[00:10:14] 🔄 Retry 1/5 for ESVP in 2.3s
[00:10:14] 🔄 Identity reset
[00:10:16] 🧠 New identity created
[00:10:17] [387/445] CPFT
[00:10:18] [388/445] LCPC
[00:10:19] [389/445] VBCT
[00:10:20] [390/445] FSCW
[00:10:21] [391/445] VCMP
[00:10:21] [392/445] ASHC
[00:10:22] [393/445] VLCX
[00:10:23] [394/445] SHEV
[00:10:24] [395/445] APCO
[00:10:24] 🔄 Identity reset
[00:10:24] 🔄 Identity rotated (every 10 requests)
[00:10:25] [396/445] SILC
[00:10:26] [397/445] SNMR
[00:10:27] [398/445] KYBO
[00:10:27] [399/445] SATK
[00:10:28] [400/445] SSCS
[00:10:29] [401/445] CLSB
[00:10:30] [402/445] KMJR
[00:10:31] [403/445] FSCK
[00:10:32] [404/445] NNKA
[00:10:33] [405/445] CLMK
[00:10:33] 🔄 Identity reset
[00:10:33] 🔄 Identity rotated (every 10 requests)
[00:10:34] [406/445] DMPZ
[00:10:34] [407/445] INQM
[00:10:35] [408/445] CAML
[00:10:36] [409/445] INRK
[00:10:37] [410/445] IMKN
[00:10:37] [411/445] SVNR
[00:10:39] [412/445] INSL
[00:10:39] [413/445] MSMA
[00:10:40] [414/445] MCKK
[00:10:41] [415/445] FCHP
[00:10:41] 🔄 Identity reset
[00:10:41] 🔄 Identity rotated (every 10 requests)
[00:10:41] [416/445] SFCR
[00:10:42] [417/445] NACK
[00:10:43] [418/445] PVAK
[00:10:44] [419/445] INER
[00:10:44] [420/445] RDBK
[00:10:45] [421/445] SVFN
[00:10:46] [422/445] IFRM
[00:10:46] [423/445] ATCK
[00:10:47] [424/445] ASKO
[00:10:48] [425/445] STKT
[00:10:48] 🔄 Identity reset
[00:10:48] 🔄 Identity rotated (every 10 requests)
[00:10:49] [426/445] SVFB
[00:10:50] [427/445] INKS
[00:10:51] [428/445] PCRA
[00:10:52] [429/445] ATJA
[00:10:53] [430/445] IMJN
[00:10:54] [431/445] INHD
[00:10:55] [432/445] BARA
[00:10:56] [433/445] MCSL
[00:10:57] [434/445] RTOY
[00:10:58] [435/445] MENO
[00:10:58] 🔄 Identity reset
[00:10:58] 🔄 Identity rotated (every 10 requests)
[00:10:59] [436/445] PUDM
[00:11:00] [437/445] PRCN
[00:11:00] [438/445] JMJR
[00:11:01] [439/445] SSGK
[00:11:02] [440/445] SSRL
[00:11:04] [441/445] JYKL
[00:11:04] [442/445] ACNB
[00:11:06] [443/445] SONP
[00:11:06] [444/445] EMCI
[00:11:07] [445/445] MRJH
[00:11:07] 🔄 Identity reset
[00:11:07] 🔄 Identity rotated (every 10 requests)
[00:11:08] 🧹 Deduping shows
[00:11:08] ✅ DONE | Shows=3075 | Movies=77
[10:35:32] 🚀 SCRIPT STARTED
[10:35:32] [1/445] TGMR
[10:35:32] 🧠 New identity created
[10:35:33] [2/445] CXKR
[10:35:34] [3/445] SROP
[10:35:35] [4/445] GTSV
[10:35:35] [5/445] SNTY
[10:35:37] [6/445] SMYY
[10:35:38] [7/445] CNCS
[10:35:39] [8/445] CSTM
[10:35:40] [9/445] NUCD
[10:35:41] [10/445] SHCZ
[10:35:41] 🔄 Identity reset
[10:35:41] 🔄 Identity rotated (every 10 requests)
[10:35:42] [11/445] NJCT
[10:35:44] [12/445] COPC
[10:35:44] [13/445] STVV
[10:35:45] [14/445] SKRN
[10:35:46] [15/445] APPZ
[10:35:47] [16/445] YMGN
[10:35:49] [17/445] SVTU
[10:35:50] [18/445] GTAD
[10:35:51] [19/445] PSUS
[10:35:51] [20/445] SMCD
[10:35:51] 🔄 Identity reset
[10:35:51] 🔄 Identity rotated (every 10 requests)
[10:35:53] [21/445] CMCM
[10:35:53] [22/445] SYCT
[10:35:55] [23/445] STLY
[10:35:56] [24/445] CMHU
[10:35:57] [25/445] CMSA
[10:35:58] [26/445] CLCU
[10:35:59] [27/445] PPNT
[10:36:00] [28/445] JTAB
[10:36:01] [29/445] BUUC
[10:36:02] [30/445] BSVK
[10:36:02] 🔄 Identity reset
[10:36:02] 🔄 Identity rotated (every 10 requests)
[10:36:03] [31/445] VVVQ
[10:36:04] [32/445] TKMU
[10:36:04] [33/445] ESYL
[10:36:05] [34/445] ACHP
[10:36:06] [35/445] BTKD
[10:36:07] [36/445] DESA
[10:36:08] [37/445] GBCT
[10:36:09] [38/445] BLLD
[10:36:09] [39/445] SKNT
[10:36:10] [40/445] SSTE
[10:36:10] 🔄 Identity reset
[10:36:10] 🔄 Identity rotated (every 10 requests)
[10:36:11] [41/445] VJMR
[10:36:12] [42/445] NTPU
[10:36:13] [43/445] RDKN
[10:36:14] [44/445] ADGC
[10:36:15] [45/445] VRBP
[10:36:16] [46/445] NMNA
[10:36:17] [47/445] CMMX
[10:36:18] [48/445] PTKO
[10:36:19] [49/445] RBML
[10:36:20] [50/445] SAIC
[10:36:20] 🔄 Identity reset
[10:36:20] 🔄 Identity rotated (every 10 requests)
[10:36:21] [51/445] SVTJ
[10:36:22] [52/445] MRTE
[10:36:23] [53/445] RBTP
[10:36:24] [54/445] NLPS
[10:36:25] [55/445] GTNA
[10:36:26] [56/445] DGGC
[10:36:27] [57/445] SMCR
[10:36:28] [58/445] SCGD
[10:36:29] [59/445] SRRJ
[10:36:30] [60/445] CNRY
[10:36:30] 🔄 Identity reset
[10:36:30] 🔄 Identity rotated (every 10 requests)
[10:36:31] [61/445] KTDI
[10:36:32] [62/445] SNJL
[10:36:33] [63/445] RKMD
[10:36:33] [64/445] SMDC
[10:36:34] [65/445] TADG
[10:36:35] [66/445] MCGS
[10:36:36] [67/445] PETK
[10:36:36] [68/445] CHAG
[10:36:37] [69/445] KSTL
[10:36:38] [70/445] AADS
[10:36:38] 🔄 Identity reset
[10:36:38] 🔄 Identity rotated (every 10 requests)
[10:36:40] [71/445] NTHZ
[10:36:41] [72/445] HCKI
[10:36:41] [73/445] SSEF
[10:36:42] [74/445] MCGX
[10:36:43] [75/445] ERRA
[10:36:44] [76/445] SDTW
[10:36:45] [77/445] RMPK
[10:36:46] [78/445] PTHK
[10:36:47] [79/445] PXCS
[10:36:48] [80/445] SVLU
[10:36:48] 🔄 Identity reset
[10:36:48] 🔄 Identity rotated (every 10 requests)
[10:36:49] [81/445] STAH
[10:36:50] [82/445] JRGF
[10:36:51] [83/445] CDOK
[10:36:52] [84/445] CMSG
[10:36:53] [85/445] APTD
[10:36:54] [86/445] KMPG
[10:36:55] [87/445] MUTJ
[10:36:56] [88/445] VCCI
[10:36:57] [89/445] URBE
[10:36:58] [90/445] TCTS
[10:36:58] 🔄 Identity reset
[10:36:58] 🔄 Identity rotated (every 10 requests)
[10:36:59] [91/445] STSN
[10:37:00] [92/445] AKCH
[10:37:00] [93/445] APSC
[10:37:01] [94/445] VLTB
[10:37:02] [95/445] SANU
[10:37:04] [96/445] AXAM
[10:37:05] [97/445] MGMG
[10:37:07] [98/445] HTBY
[10:37:08] [99/445] MMZS
[10:37:09] [100/445] SUDR
[10:37:09] 🔄 Identity reset
[10:37:09] 🔄 Identity rotated (every 10 requests)
[10:37:11] [101/445] CCAD
[10:37:12] [102/445] SKKC
[10:37:12] [103/445] RMCD
[10:37:13] [104/445] SBCQ
[10:37:14] [105/445] DCCT
[10:37:15] [106/445] VTKP
[10:37:16] [107/445] MLAM
[10:37:17] [108/445] SAVT
[10:37:18] [109/445] GEPL
[10:37:19] [110/445] AMCD
[10:37:19] 🔄 Identity reset
[10:37:19] 🔄 Identity rotated (every 10 requests)
[10:37:20] [111/445] CCXR
[10:37:21] [112/445] GRNG
[10:37:22] [113/445] EBCA
[10:37:23] [114/445] CNVG
[10:37:24] [115/445] MWSS
[10:37:24] [116/445] VBOR
[10:37:25] [117/445] NEEB
[10:37:26] [118/445] SUTH
[10:37:27] [119/445] ANDB
[10:37:28] [120/445] MMXS
[10:37:28] 🔄 Identity reset
[10:37:28] 🔄 Identity rotated (every 10 requests)
[10:37:29] [121/445] CNPD
[10:37:30] [122/445] SDCE
[10:37:31] [123/445] DHCB
[10:37:32] [124/445] ODEN
[10:37:33] [125/445] TNTC
[10:37:34] [126/445] VBKM
[10:37:35] [127/445] RZYM
[10:37:36] [128/445] JEMC
[10:37:37] [129/445] CMAU
[10:37:38] [130/445] SIVP
[10:37:38] 🔄 Identity reset
[10:37:38] 🔄 Identity rotated (every 10 requests)
[10:37:38] 🔄 Retry 1/5 for SIVP in 2.3s
[10:37:38] 🔄 Identity reset
[10:37:41] 🧠 New identity created
[10:37:41] 🔄 Retry 2/5 for SIVP in 4.8s
[10:37:41] 🔄 Identity reset
[10:37:46] 🧠 New identity created
[10:37:47] [131/445] ATAG
[10:37:48] [132/445] CHTM
[10:37:50] [133/445] AAEE
[10:37:51] [134/445] IWPM
[10:37:52] [135/445] KCMW
[10:37:53] [136/445] MCTD
[10:37:54] [137/445] SPWR
[10:37:55] [138/445] SDPO
[10:37:55] 🔄 Identity reset
[10:37:55] 🔄 Identity rotated (every 10 requests)
[10:37:56] [139/445] PCSK
[10:37:57] [140/445] ACHV
[10:37:57] [141/445] SVLA
[10:37:58] [142/445] PICT
[10:38:00] [143/445] BXDR
[10:38:01] [144/445] SPWA
[10:38:02] [145/445] MCKO
[10:38:03] [146/445] RTHK
[10:38:05] [147/445] CCMF
[10:38:06] [148/445] MRGB
[10:38:06] 🔄 Identity reset
[10:38:06] 🔄 Identity rotated (every 10 requests)
[10:38:07] [149/445] CPLC
[10:38:08] [150/445] RACD
[10:38:09] [151/445] ATKT
[10:38:10] [152/445] SARN
[10:38:11] [153/445] KKUI
[10:38:13] [154/445] RGCM
[10:38:13] [155/445] BRVP
[10:38:15] [156/445] HRSR
[10:38:16] [157/445] GKGM
[10:38:16] [158/445] TTCD
[10:38:16] 🔄 Identity reset
[10:38:16] 🔄 Identity rotated (every 10 requests)
[10:38:17] [159/445] PTTI
[10:38:18] [160/445] MPTT
[10:38:19] [161/445] CVTT
[10:38:20] [162/445] PCXD
[10:38:21] [163/445] GCDC
[10:38:22] [164/445] CCCF
[10:38:23] [165/445] MRAD
[10:38:23] [166/445] CPLK
[10:38:24] [167/445] SATB
[10:38:25] [168/445] SNVG
[10:38:25] 🔄 Identity reset
[10:38:25] 🔄 Identity rotated (every 10 requests)
[10:38:26] [169/445] JMBA
[10:38:27] [170/445] TEJA
[10:38:27] [171/445] STYO
[10:38:28] [172/445] JTBP
[10:38:29] [173/445] KRGD
[10:38:30] [174/445] SLJJ
[10:38:31] [175/445] SPTJ
[10:38:32] [176/445] SWJG
[10:38:33] [177/445] LKRT
[10:38:34] [178/445] KCKA
[10:38:34] 🔄 Identity reset
[10:38:34] 🔄 Identity rotated (every 10 requests)
[10:38:35] [179/445] SNCR
[10:38:36] [180/445] SMKL
[10:38:37] [181/445] GCFA
[10:38:38] [182/445] DDCK
[10:38:39] [183/445] NCHJ
[10:38:41] [184/445] RDMA
[10:38:42] [185/445] SVSV
[10:38:43] [186/445] SCJG
[10:38:43] [187/445] VKLP
[10:38:44] [188/445] NWCC
[10:38:44] 🔄 Identity reset
[10:38:44] 🔄 Identity rotated (every 10 requests)
[10:38:45] [189/445] VKNS
[10:38:46] [190/445] SDDP
[10:38:47] [191/445] ACSI
[10:38:48] [192/445] SATG
[10:38:49] [193/445] SCMW
[10:38:50] [194/445] LKTK
[10:38:51] [195/445] VCKV
[10:38:52] [196/445] KKPE
[10:38:53] [197/445] KIGH
[10:38:53] [198/445] SRPM
[10:38:53] 🔄 Identity reset
[10:38:53] 🔄 Identity rotated (every 10 requests)
[10:38:53] 🔄 Retry 1/5 for SRPM in 3.0s
[10:38:53] 🔄 Identity reset
[10:38:56] 🧠 New identity created
[10:38:57] [199/445] SCAH
[10:38:59] [200/445] MUTA
[10:38:59] [201/445] SEPU
[10:39:00] [202/445] INOA
[10:39:01] [203/445] BASK
[10:39:02] [204/445] NECB
[10:39:03] [205/445] GTTG
[10:39:04] [206/445] ASSA
[10:39:05] [207/445] ANCL
[10:39:05] 🔄 Identity reset
[10:39:05] 🔄 Identity rotated (every 10 requests)
[10:39:06] [208/445] GCTI
[10:39:07] [209/445] RCTS
[10:39:08] [210/445] ACNL
[10:39:08] [211/445] MYCT
[10:39:09] [212/445] NMHT
[10:39:10] [213/445] MDIT
[10:39:11] [214/445] LATG
[10:39:12] [215/445] SMTY
[10:39:13] [216/445] CVCT
[10:39:14] [217/445] RAMB
[10:39:14] 🔄 Identity reset
[10:39:14] 🔄 Identity rotated (every 10 requests)
[10:39:15] [218/445] TGMS
[10:39:15] [219/445] BHEL
[10:39:16] [220/445] SHCT
[10:39:17] [221/445] SVCT
[10:39:19] [222/445] MRIY
[10:39:19] [223/445] SARO
[10:39:20] [224/445] STCT
[10:39:21] [225/445] JKKC
[10:39:22] [226/445] PLTT
[10:39:23] [227/445] SRNT
[10:39:23] 🔄 Identity reset
[10:39:23] 🔄 Identity rotated (every 10 requests)
[10:39:24] [228/445] YAST
[10:39:25] [229/445] PERL
[10:39:27] [230/445] CICM
[10:39:28] [231/445] MMTR
[10:39:29] [232/445] ABTK
[10:39:30] [233/445] ATYY
[10:39:30] [234/445] ASTK
[10:39:32] [235/445] VVCK
[10:39:33] [236/445] ATKY
[10:39:34] [237/445] GWEK
[10:39:34] 🔄 Identity reset
[10:39:34] 🔄 Identity rotated (every 10 requests)
[10:39:34] [238/445] SVFH
[10:39:35] [239/445] SLTA
[10:39:36] [240/445] AASH
[10:39:37] [241/445] ACXB
[10:39:38] [242/445] SMTX
[10:39:39] [243/445] AZDH
[10:39:40] [244/445] CMMH
[10:39:40] [245/445] SCSZ
[10:39:41] [246/445] SCKP
[10:39:42] [247/445] NXTM
[10:39:42] 🔄 Identity reset
[10:39:42] 🔄 Identity rotated (every 10 requests)
[10:39:42] 🔄 Retry 1/5 for NXTM in 2.4s
[10:39:42] 🔄 Identity reset
[10:39:45] 🧠 New identity created
[10:39:46] [248/445] NWCS
[10:39:47] [249/445] CXMH
[10:39:48] [250/445] PCMA
[10:39:49] [251/445] SGCM
[10:39:50] [252/445] SDTU
[10:39:51] [253/445] MMVI
[10:39:52] [254/445] JKCM
[10:39:53] [255/445] VCMM
[10:39:54] [256/445] SYEE
[10:39:54] 🔄 Identity reset
[10:39:54] 🔄 Identity rotated (every 10 requests)
[10:39:55] [257/445] VASD
[10:39:56] [258/445] BDRB
[10:39:57] [259/445] LASM
[10:39:59] [260/445] DCRL
[10:39:59] [261/445] DVPM
[10:40:00] [262/445] SBMJ
[10:40:01] [263/445] CBMU
[10:40:02] [264/445] IUBS
[10:40:03] [265/445] INAP
[10:40:04] [266/445] SRRC
[10:40:04] 🔄 Identity reset
[10:40:04] 🔄 Identity rotated (every 10 requests)
[10:40:05] [267/445] SAGR
[10:40:06] [268/445] CPMJ
[10:40:07] [269/445] ATJL
[10:40:08] [270/445] NNTD
[10:40:09] [271/445] JHCJ
[10:40:10] [272/445] CMMP
[10:40:10] [273/445] RSDR
[10:40:11] [274/445] AMTI
[10:40:13] [275/445] NYSG
[10:40:13] [276/445] AVSG
[10:40:13] 🔄 Identity reset
[10:40:13] 🔄 Identity rotated (every 10 requests)
[10:40:14] [277/445] SYTP
[10:40:15] [278/445] LARC
[10:40:16] [279/445] RJTP
[10:40:17] [280/445] LAKC
[10:40:18] [281/445] MCXE
[10:40:19] [282/445] CCZC
[10:40:20] [283/445] AVCH
[10:40:21] [284/445] CMBE
[10:40:22] [285/445] MRRC
[10:40:22] [286/445] PCPY
[10:40:22] 🔄 Identity reset
[10:40:22] 🔄 Identity rotated (every 10 requests)
[10:40:23] [287/445] SRMH
[10:40:24] [288/445] SVGS
[10:40:26] [289/445] PCSE
[10:40:26] [290/445] SVFT
[10:40:27] [291/445] TNZP
[10:40:29] [292/445] ICTP
[10:40:30] [293/445] ACTZ
[10:40:30] [294/445] GTUR
[10:40:31] [295/445] MAFC
[10:40:32] [296/445] MINL
[10:40:32] 🔄 Identity reset
[10:40:32] 🔄 Identity rotated (every 10 requests)
[10:40:33] [297/445] MRCL
[10:40:34] [298/445] RCRP
[10:40:35] [299/445] RFFG
[10:40:36] [300/445] RMAS
[10:40:37] [301/445] INVR
[10:40:38] [302/445] RMAR
[10:40:39] [303/445] CNIS
[10:40:41] [304/445] RHRJ
[10:40:42] [305/445] INXR
[10:40:43] [306/445] VALT
[10:40:43] 🔄 Identity reset
[10:40:43] 🔄 Identity rotated (every 10 requests)
[10:40:44] [307/445] LCSH
[10:40:45] [308/445] CMVS
[10:40:45] [309/445] CNMS
[10:40:46] [310/445] ROOG
[10:40:47] [311/445] ISRM
[10:40:48] [312/445] RCRM
[10:40:49] [313/445] ACJA
[10:40:50] [314/445] RCVS
[10:40:51] [315/445] CPUS
[10:40:52] [316/445] TGCS
[10:40:52] 🔄 Identity reset
[10:40:52] 🔄 Identity rotated (every 10 requests)
[10:40:54] [317/445] RKCJ
[10:40:55] [318/445] MKSB
[10:40:56] [319/445] TCSJ
[10:40:57] [320/445] RMGP
[10:40:58] [321/445] CLLP
[10:40:59] [322/445] RCMV
[10:41:00] [323/445] CCKS
[10:41:01] [324/445] RSRP
[10:41:02] [325/445] APLP
[10:41:03] [326/445] CNVS
[10:41:03] 🔄 Identity reset
[10:41:03] 🔄 Identity rotated (every 10 requests)
[10:41:04] [327/445] RMVY
[10:41:05] [328/445] PGBD
[10:41:05] [329/445] KLMS
[10:41:06] [330/445] RUST
[10:41:07] [331/445] MASM
[10:41:08] [332/445] BACS
[10:41:09] [333/445] BWST
[10:41:10] [334/445] RRFH
[10:41:11] [335/445] SJTM
[10:41:13] [336/445] BEMR
[10:41:13] 🔄 Identity reset
[10:41:13] 🔄 Identity rotated (every 10 requests)
[10:41:14] [337/445] MCGR
[10:41:14] [338/445] SDSK
[10:41:15] [339/445] VBOL
[10:41:16] [340/445] RMGM
[10:41:17] [341/445] NOPL
[10:41:18] [342/445] MKJK
[10:41:19] [343/445] CVRN
[10:41:19] [344/445] MMEN
[10:41:21] [345/445] AMNG
[10:41:21] [346/445] INTM
[10:41:21] 🔄 Identity reset
[10:41:21] 🔄 Identity rotated (every 10 requests)
[10:41:22] [347/445] SLCZ
[10:41:23] [348/445] AMJN
[10:41:24] [349/445] ACJN
[10:41:25] [350/445] AMKN
[10:41:26] [351/445] BTCN
[10:41:27] [352/445] AMBT
[10:41:28] [353/445] PACN
[10:41:29] [354/445] LCNS
[10:41:30] [355/445] PPKC
[10:41:31] [356/445] JYYN
[10:41:31] 🔄 Identity reset
[10:41:31] 🔄 Identity rotated (every 10 requests)
[10:41:32] [357/445] JTNR
[10:41:33] [358/445] GTEE
[10:41:34] [359/445] SRNM
[10:41:34] [360/445] SDTC
[10:41:35] [361/445] VPCA
[10:41:37] [362/445] VLRA
[10:41:38] [363/445] SHKR
[10:41:39] [364/445] SBKD
[10:41:40] [365/445] SAAD
[10:41:41] [366/445] JTGN
[10:41:41] 🔄 Identity reset
[10:41:41] 🔄 Identity rotated (every 10 requests)
[10:41:42] [367/445] SLAM
[10:41:43] [368/445] VTPM
[10:41:44] [369/445] ANPT
[10:41:45] [370/445] PUNB
[10:41:46] [371/445] CPKT
[10:41:47] [372/445] CNWE
[10:41:48] [373/445] ECPP
[10:41:49] [374/445] CPAR
[10:41:49] [375/445] ESBW
[10:41:50] [376/445] PKPU
[10:41:50] 🔄 Identity reset
[10:41:50] 🔄 Identity rotated (every 10 requests)
[10:41:51] [377/445] CPRP
[10:41:52] [378/445] RAHU
[10:41:53] [379/445] RHMN
[10:41:54] [380/445] FMJP
[10:41:55] [381/445] CTMP
[10:41:56] [382/445] INPN
[10:41:57] [383/445] STTG
[10:41:58] [384/445] CTRD
[10:41:59] [385/445] PUVB
[10:42:00] [386/445] ESVP
[10:42:00] 🔄 Identity reset
[10:42:00] 🔄 Identity rotated (every 10 requests)
[10:42:01] [387/445] CPFT
[10:42:02] [388/445] LCPC
[10:42:04] [389/445] VBCT
[10:42:05] [390/445] FSCW
[10:42:06] [391/445] VCMP
[10:42:06] [392/445] ASHC
[10:42:07] [393/445] VLCX
[10:42:08] [394/445] SHEV
[10:42:09] [395/445] APCO
[10:42:10] [396/445] SILC
[10:42:10] 🔄 Identity reset
[10:42:10] 🔄 Identity rotated (every 10 requests)
[10:42:11] [397/445] SNMR
[10:42:12] [398/445] KYBO
[10:42:12] [399/445] SATK
[10:42:13] [400/445] SSCS
[10:42:14] [401/445] CLSB
[10:42:15] [402/445] KMJR
[10:42:17] [403/445] FSCK
[10:42:18] [404/445] NNKA
[10:42:18] [405/445] CLMK
[10:42:19] [406/445] DMPZ
[10:42:19] 🔄 Identity reset
[10:42:19] 🔄 Identity rotated (every 10 requests)
[10:42:20] [407/445] INQM
[10:42:21] [408/445] CAML
[10:42:23] [409/445] INRK
[10:42:24] [410/445] IMKN
[10:42:25] [411/445] SVNR
[10:42:25] [412/445] INSL
[10:42:26] [413/445] MSMA
[10:42:27] [414/445] MCKK
[10:42:28] [415/445] FCHP
[10:42:29] [416/445] SFCR
[10:42:29] 🔄 Identity reset
[10:42:29] 🔄 Identity rotated (every 10 requests)
[10:42:31] [417/445] NACK
[10:42:31] [418/445] PVAK
[10:42:32] [419/445] INER
[10:42:33] [420/445] RDBK
[10:42:34] [421/445] SVFN
[10:42:35] [422/445] IFRM
[10:42:37] [423/445] ATCK
[10:42:38] [424/445] ASKO
[10:42:39] [425/445] STKT
[10:42:40] [426/445] SVFB
[10:42:40] 🔄 Identity reset
[10:42:40] 🔄 Identity rotated (every 10 requests)
[10:42:41] [427/445] INKS
[10:42:42] [428/445] PCRA
[10:42:43] [429/445] ATJA
[10:42:44] [430/445] IMJN
[10:42:45] [431/445] INHD
[10:42:46] [432/445] BARA
[10:42:46] [433/445] MCSL
[10:42:47] [434/445] RTOY
[10:42:48] [435/445] MENO
[10:42:49] [436/445] PUDM
[10:42:49] 🔄 Identity reset
[10:42:49] 🔄 Identity rotated (every 10 requests)
[10:42:50] [437/445] PRCN
[10:42:51] [438/445] JMJR
[10:42:52] [439/445] SSGK
[10:42:53] [440/445] SSRL
[10:42:53] [441/445] JYKL
[10:42:54] [442/445] ACNB
[10:42:56] [443/445] SONP
[10:42:57] [444/445] EMCI
[10:42:58] [445/445] MRJH
[10:42:59] 🧹 Deduping shows
[10:42:59] ✅ DONE | Shows=3255 | Movies=77
[18:27:28] 🚀 SCRIPT STARTED
[18:27:28] [1/445] TGMR
[18:27:28] 🧠 New identity created
[18:27:29] [2/445] CXKR
[18:27:30] [3/445] SROP
[18:27:31] [4/445] GTSV
[18:27:31] [5/445] SNTY
[18:27:32] [6/445] SMYY
[18:27:33] [7/445] CNCS
[18:27:34] [8/445] CSTM
[18:27:35] [9/445] NUCD
[18:27:36] [10/445] SHCZ
[18:27:36] 🔄 Identity reset
[18:27:36] 🔄 Identity rotated (every 10 requests)
[18:27:37] [11/445] NJCT
[18:27:38] [12/445] COPC
[18:27:40] [13/445] STVV
[18:27:41] [14/445] SKRN
[18:27:42] [15/445] APPZ
[18:27:43] [16/445] YMGN
[18:27:44] [17/445] SVTU
[18:27:45] [18/445] GTAD
[18:27:46] [19/445] PSUS
[18:27:47] [20/445] SMCD
[18:27:47] 🔄 Identity reset
[18:27:47] 🔄 Identity rotated (every 10 requests)
[18:27:48] [21/445] CMCM
[18:27:49] [22/445] SYCT
[18:27:50] [23/445] STLY
[18:27:51] [24/445] CMHU
[18:27:52] [25/445] CMSA
[18:27:53] [26/445] CLCU
[18:27:54] [27/445] PPNT
[18:27:55] [28/445] JTAB
[18:27:56] [29/445] BUUC
[18:27:57] [30/445] BSVK
[18:27:57] 🔄 Identity reset
[18:27:57] 🔄 Identity rotated (every 10 requests)
[18:27:58] [31/445] VVVQ
[18:27:58] [32/445] TKMU
[18:27:59] [33/445] ESYL
[18:28:00] [34/445] ACHP
[18:28:01] [35/445] BTKD
[18:28:02] [36/445] DESA
[18:28:03] [37/445] GBCT
[18:28:04] [38/445] BLLD
[18:28:05] [39/445] SKNT
[18:28:06] [40/445] SSTE
[18:28:06] 🔄 Identity reset
[18:28:06] 🔄 Identity rotated (every 10 requests)
[18:28:06] 🔄 Retry 1/5 for SSTE in 2.1s
[18:28:06] 🔄 Identity reset
[18:28:08] 🧠 New identity created
[18:28:09] [41/445] VJMR
[18:28:10] [42/445] NTPU
[18:28:11] [43/445] RDKN
[18:28:12] [44/445] ADGC
[18:28:13] [45/445] VRBP
[18:28:14] [46/445] NMNA
[18:28:15] [47/445] CMMX
[18:28:16] [48/445] PTKO
[18:28:17] [49/445] RBML
[18:28:17] 🔄 Identity reset
[18:28:17] 🔄 Identity rotated (every 10 requests)
[18:28:17] [50/445] SAIC
[18:28:18] [51/445] SVTJ
[18:28:19] [52/445] MRTE
[18:28:20] [53/445] RBTP
[18:28:21] [54/445] NLPS
[18:28:22] [55/445] GTNA
[18:28:23] [56/445] DGGC
[18:28:24] [57/445] SMCR
[18:28:25] [58/445] SCGD
[18:28:26] [59/445] SRRJ
[18:28:26] 🔄 Identity reset
[18:28:26] 🔄 Identity rotated (every 10 requests)
[18:28:26] 🔄 Retry 1/5 for SRRJ in 2.5s
[18:28:26] 🔄 Identity reset
[18:28:28] 🧠 New identity created
[18:28:29] [60/445] CNRY
[18:28:30] [61/445] KTDI
[18:28:31] [62/445] SNJL
[18:28:32] [63/445] RKMD
[18:28:33] [64/445] SMDC
[18:28:34] [65/445] TADG
[18:28:35] [66/445] MCGS
[18:28:36] [67/445] PETK
[18:28:36] [68/445] CHAG
[18:28:36] 🔄 Identity reset
[18:28:36] 🔄 Identity rotated (every 10 requests)
[18:28:37] [69/445] KSTL
[18:28:38] [70/445] AADS
[18:28:39] [71/445] NTHZ
[18:28:40] [72/445] HCKI
[18:28:41] [73/445] SSEF
[18:28:42] [74/445] MCGX
[18:28:43] [75/445] ERRA
[18:28:44] [76/445] SDTW
[18:28:44] [77/445] RMPK
[18:28:45] [78/445] PTHK
[18:28:45] 🔄 Identity reset
[18:28:45] 🔄 Identity rotated (every 10 requests)
[18:28:46] [79/445] PXCS
[18:28:47] [80/445] SVLU
[18:28:48] [81/445] STAH
[18:28:49] [82/445] JRGF
[18:28:50] [83/445] CDOK
[18:28:51] [84/445] CMSG
[18:28:52] [85/445] APTD
[18:28:53] [86/445] KMPG
[18:28:54] [87/445] MUTJ
[18:28:55] [88/445] VCCI
[18:28:55] 🔄 Identity reset
[18:28:55] 🔄 Identity rotated (every 10 requests)
[18:28:56] [89/445] URBE
[18:28:57] [90/445] TCTS
[18:28:58] [91/445] STSN
[18:28:59] [92/445] AKCH
[18:29:00] [93/445] APSC
[18:29:01] [94/445] VLTB
[18:29:02] [95/445] SANU
[18:29:03] [96/445] AXAM
[18:29:05] [97/445] MGMG
[18:29:05] [98/445] HTBY
[18:29:05] 🔄 Identity reset
[18:29:06] 🔄 Identity rotated (every 10 requests)
[18:29:06] [99/445] MMZS
[18:29:07] [100/445] SUDR
[18:29:08] [101/445] CCAD
[18:29:10] [102/445] SKKC
[18:29:11] [103/445] RMCD
[18:29:12] [104/445] SBCQ
[18:29:13] [105/445] DCCT
[18:29:14] [106/445] VTKP
[18:29:15] [107/445] MLAM
[18:29:16] [108/445] SAVT
[18:29:16] 🔄 Identity reset
[18:29:16] 🔄 Identity rotated (every 10 requests)
[18:29:17] [109/445] GEPL
[18:29:18] [110/445] AMCD
[18:29:19] [111/445] CCXR
[18:29:20] [112/445] GRNG
[18:29:20] [113/445] EBCA
[18:29:21] [114/445] CNVG
[18:29:23] [115/445] MWSS
[18:29:24] [116/445] VBOR
[18:29:25] [117/445] NEEB
[18:29:26] [118/445] SUTH
[18:29:26] 🔄 Identity reset
[18:29:26] 🔄 Identity rotated (every 10 requests)
[18:29:27] [119/445] ANDB
[18:29:27] [120/445] MMXS
[18:29:28] [121/445] CNPD
[18:29:29] [122/445] SDCE
[18:29:30] [123/445] DHCB
[18:29:31] [124/445] ODEN
[18:29:32] [125/445] TNTC
[18:29:33] [126/445] VBKM
[18:29:34] [127/445] RZYM
[18:29:35] [128/445] JEMC
[18:29:35] 🔄 Identity reset
[18:29:35] 🔄 Identity rotated (every 10 requests)
[18:29:36] [129/445] CMAU
[18:29:37] [130/445] SIVP
[18:29:38] [131/445] ATAG
[18:29:39] [132/445] CHTM
[18:29:40] [133/445] AAEE
[18:29:41] [134/445] IWPM
[18:29:42] [135/445] KCMW
[18:29:43] [136/445] MCTD
[18:29:43] [137/445] SPWR
[18:29:44] [138/445] SDPO
[18:29:44] 🔄 Identity reset
[18:29:44] 🔄 Identity rotated (every 10 requests)
[18:29:45] [139/445] PCSK
[18:29:46] [140/445] ACHV
[18:29:47] [141/445] SVLA
[18:29:48] [142/445] PICT
[18:29:49] [143/445] BXDR
[18:29:50] [144/445] SPWA
[18:29:50] [145/445] MCKO
[18:29:51] [146/445] RTHK
[18:29:52] [147/445] CCMF
[18:29:53] [148/445] MRGB
[18:29:53] 🔄 Identity reset
[18:29:53] 🔄 Identity rotated (every 10 requests)
[18:29:54] [149/445] CPLC
[18:29:55] [150/445] RACD
[18:29:56] [151/445] ATKT
[18:29:57] [152/445] SARN
[18:29:58] [153/445] KKUI
[18:29:59] [154/445] RGCM
[18:30:01] [155/445] BRVP
[18:30:02] [156/445] HRSR
[18:30:03] [157/445] GKGM
[18:30:04] [158/445] TTCD
[18:30:04] 🔄 Identity reset
[18:30:04] 🔄 Identity rotated (every 10 requests)
[18:30:05] [159/445] PTTI
[18:30:06] [160/445] MPTT
[18:30:07] [161/445] CVTT
[18:30:07] [162/445] PCXD
[18:30:08] [163/445] GCDC
[18:30:09] [164/445] CCCF
[18:30:10] [165/445] MRAD
[18:30:11] [166/445] CPLK
[18:30:12] [167/445] SATB
[18:30:12] [168/445] SNVG
[18:30:12] 🔄 Identity reset
[18:30:12] 🔄 Identity rotated (every 10 requests)
[18:30:13] [169/445] JMBA
[18:30:14] [170/445] TEJA
[18:30:15] [171/445] STYO
[18:30:16] [172/445] JTBP
[18:30:17] [173/445] KRGD
[18:30:18] [174/445] SLJJ
[18:30:20] [175/445] SPTJ
[18:30:21] [176/445] SWJG
[18:30:21] [177/445] LKRT
[18:30:22] [178/445] KCKA
[18:30:22] 🔄 Identity reset
[18:30:22] 🔄 Identity rotated (every 10 requests)
[18:30:22] 🔄 Retry 1/5 for KCKA in 2.1s
[18:30:22] 🔄 Identity reset
[18:30:25] 🧠 New identity created
[18:30:26] [179/445] SNCR
[18:30:26] [180/445] SMKL
[18:30:27] [181/445] GCFA
[18:30:28] [182/445] DDCK
[18:30:29] [183/445] NCHJ
[18:30:30] [184/445] RDMA
[18:30:31] [185/445] SVSV
[18:30:32] [186/445] SCJG
[18:30:33] [187/445] VKLP
[18:30:33] 🔄 Identity reset
[18:30:33] 🔄 Identity rotated (every 10 requests)
[18:30:33] 🔄 Retry 1/5 for VKLP in 2.9s
[18:30:33] 🔄 Identity reset
[18:30:36] 🧠 New identity created
[18:30:37] [188/445] NWCC
[18:30:38] [189/445] VKNS
[18:30:39] [190/445] SDDP
[18:30:40] [191/445] ACSI
[18:30:41] [192/445] SATG
[18:30:42] [193/445] SCMW
[18:30:43] [194/445] LKTK
[18:30:44] [195/445] VCKV
[18:30:44] [196/445] KKPE
[18:30:44] 🔄 Identity reset
[18:30:44] 🔄 Identity rotated (every 10 requests)
[18:30:45] [197/445] KIGH
[18:30:46] [198/445] SRPM
[18:30:47] [199/445] SCAH
[18:30:48] [200/445] MUTA
[18:30:49] [201/445] SEPU
[18:30:50] [202/445] INOA
[18:30:51] [203/445] BASK
[18:30:51] [204/445] NECB
[18:30:52] [205/445] GTTG
[18:30:53] [206/445] ASSA
[18:30:53] 🔄 Identity reset
[18:30:53] 🔄 Identity rotated (every 10 requests)
[18:30:53] 🔄 Retry 1/5 for ASSA in 2.7s
[18:30:53] 🔄 Identity reset
[18:30:56] 🧠 New identity created
[18:30:57] [207/445] ANCL
[18:30:57] [208/445] GCTI
[18:30:58] [209/445] RCTS
[18:30:59] [210/445] ACNL
[18:31:00] [211/445] MYCT
[18:31:01] [212/445] NMHT
[18:31:02] [213/445] MDIT
[18:31:03] [214/445] LATG
[18:31:04] [215/445] SMTY
[18:31:04] 🔄 Identity reset
[18:31:04] 🔄 Identity rotated (every 10 requests)
[18:31:05] [216/445] CVCT
[18:31:06] [217/445] RAMB
[18:31:06] [218/445] TGMS
[18:31:07] [219/445] BHEL
[18:31:08] [220/445] SHCT
[18:31:09] [221/445] SVCT
[18:31:10] [222/445] MRIY
[18:31:11] [223/445] SARO
[18:31:12] [224/445] STCT
[18:31:13] [225/445] JKKC
[18:31:13] 🔄 Identity reset
[18:31:13] 🔄 Identity rotated (every 10 requests)
[18:31:13] 🔄 Retry 1/5 for JKKC in 2.7s
[18:31:13] 🔄 Identity reset
[18:31:15] 🧠 New identity created
[18:31:16] [226/445] PLTT
[18:31:17] [227/445] SRNT
[18:31:18] [228/445] YAST
[18:31:20] [229/445] PERL
[18:31:21] [230/445] CICM
[18:31:22] [231/445] MMTR
[18:31:23] [232/445] ABTK
[18:31:24] [233/445] ATYY
[18:31:25] [234/445] ASTK
[18:31:25] 🔄 Identity reset
[18:31:25] 🔄 Identity rotated (every 10 requests)
[18:31:25] 🔄 Retry 1/5 for ASTK in 2.6s
[18:31:25] 🔄 Identity reset
[18:31:28] 🧠 New identity created
[18:31:28] 🔄 Retry 2/5 for ASTK in 4.3s
[18:31:28] 🔄 Identity reset
[18:31:32] 🧠 New identity created
[18:31:34] [235/445] VVCK
[18:31:35] [236/445] ATKY
[18:31:36] [237/445] GWEK
[18:31:37] [238/445] SVFH
[18:31:38] [239/445] SLTA
[18:31:40] [240/445] AASH
[18:31:41] [241/445] ACXB
[18:31:41] [242/445] SMTX
[18:31:41] 🔄 Identity reset
[18:31:41] 🔄 Identity rotated (every 10 requests)
[18:31:42] [243/445] AZDH
[18:31:43] [244/445] CMMH
[18:31:44] [245/445] SCSZ
[18:31:45] [246/445] SCKP
[18:31:46] [247/445] NXTM
[18:31:47] [248/445] NWCS
[18:31:48] [249/445] CXMH
[18:31:49] [250/445] PCMA
[18:31:50] [251/445] SGCM
[18:31:50] [252/445] SDTU
[18:31:50] 🔄 Identity reset
[18:31:50] 🔄 Identity rotated (every 10 requests)
[18:31:51] [253/445] MMVI
[18:31:52] [254/445] JKCM
[18:31:53] [255/445] VCMM
[18:31:54] [256/445] SYEE
[18:31:55] [257/445] VASD
[18:31:56] [258/445] BDRB
[18:31:57] [259/445] LASM
[18:31:58] [260/445] DCRL
[18:31:58] [261/445] DVPM
[18:31:59] [262/445] SBMJ
[18:31:59] 🔄 Identity reset
[18:31:59] 🔄 Identity rotated (every 10 requests)
[18:31:59] 🔄 Retry 1/5 for SBMJ in 2.5s
[18:31:59] 🔄 Identity reset
[18:32:02] 🧠 New identity created
[18:32:03] [263/445] CBMU
[18:32:04] [264/445] IUBS
[18:32:05] [265/445] INAP
[18:32:05] [266/445] SRRC
[18:32:06] [267/445] SAGR
[18:32:07] [268/445] CPMJ
[18:32:08] [269/445] ATJL
[18:32:09] [270/445] NNTD
[18:32:10] [271/445] JHCJ
[18:32:10] 🔄 Identity reset
[18:32:10] 🔄 Identity rotated (every 10 requests)
[18:32:11] [272/445] CMMP
[18:32:12] [273/445] RSDR
[18:32:13] [274/445] AMTI
[18:32:14] [275/445] NYSG
[18:32:14] [276/445] AVSG
[18:32:15] [277/445] SYTP
[18:32:16] [278/445] LARC
[18:32:17] [279/445] RJTP
[18:32:18] [280/445] LAKC
[18:32:19] [281/445] MCXE
[18:32:19] 🔄 Identity reset
[18:32:19] 🔄 Identity rotated (every 10 requests)
[18:32:19] 🔄 Retry 1/5 for MCXE in 2.5s
[18:32:19] 🔄 Identity reset
[18:32:21] 🧠 New identity created
[18:32:22] [282/445] CCZC
[18:32:23] [283/445] AVCH
[18:32:24] [284/445] CMBE
[18:32:24] [285/445] MRRC
[18:32:25] [286/445] PCPY
[18:32:26] [287/445] SRMH
[18:32:27] [288/445] SVGS
[18:32:28] [289/445] PCSE
[18:32:29] [290/445] SVFT
[18:32:29] 🔄 Identity reset
[18:32:29] 🔄 Identity rotated (every 10 requests)
[18:32:30] [291/445] TNZP
[18:32:31] [292/445] ICTP
[18:32:32] [293/445] ACTZ
[18:32:33] [294/445] GTUR
[18:32:34] [295/445] MAFC
[18:32:35] [296/445] MINL
[18:32:37] [297/445] MRCL
[18:32:38] [298/445] RCRP
[18:32:39] [299/445] RFFG
[18:32:40] [300/445] RMAS
[18:32:40] 🔄 Identity reset
[18:32:40] 🔄 Identity rotated (every 10 requests)
[18:32:41] [301/445] INVR
[18:32:41] [302/445] RMAR
[18:32:42] [303/445] CNIS
[18:32:43] [304/445] RHRJ
[18:32:44] [305/445] INXR
[18:32:45] [306/445] VALT
[18:32:46] [307/445] LCSH
[18:32:47] [308/445] CMVS
[18:32:47] [309/445] CNMS
[18:32:48] [310/445] ROOG
[18:32:48] 🔄 Identity reset
[18:32:48] 🔄 Identity rotated (every 10 requests)
[18:32:49] [311/445] ISRM
[18:32:50] [312/445] RCRM
[18:32:51] [313/445] ACJA
[18:32:52] [314/445] RCVS
[18:32:53] [315/445] CPUS
[18:32:54] [316/445] TGCS
[18:32:55] [317/445] RKCJ
[18:32:56] [318/445] MKSB
[18:32:58] [319/445] TCSJ
[18:32:59] [320/445] RMGP
[18:32:59] 🔄 Identity reset
[18:32:59] 🔄 Identity rotated (every 10 requests)
[18:32:59] [321/445] CLLP
[18:33:00] [322/445] RCMV
[18:33:01] [323/445] CCKS
[18:33:02] [324/445] RSRP
[18:33:03] [325/445] APLP
[18:33:05] [326/445] CNVS
[18:33:06] [327/445] RMVY
[18:33:06] [328/445] PGBD
[18:33:07] [329/445] KLMS
[18:33:08] [330/445] RUST
[18:33:08] 🔄 Identity reset
[18:33:08] 🔄 Identity rotated (every 10 requests)
[18:33:09] [331/445] MASM
[18:33:10] [332/445] BACS
[18:33:11] [333/445] BWST
[18:33:12] [334/445] RRFH
[18:33:13] [335/445] SJTM
[18:33:14] [336/445] BEMR
[18:33:15] [337/445] MCGR
[18:33:16] [338/445] SDSK
[18:33:17] [339/445] VBOL
[18:33:19] [340/445] RMGM
[18:33:19] 🔄 Identity reset
[18:33:19] 🔄 Identity rotated (every 10 requests)
[18:33:20] [341/445] NOPL
[18:33:20] [342/445] MKJK
[18:33:22] [343/445] CVRN
[18:33:23] [344/445] MMEN
[18:33:24] [345/445] AMNG
[18:33:25] [346/445] INTM
[18:33:26] [347/445] SLCZ
[18:33:27] [348/445] AMJN
[18:33:27] [349/445] ACJN
[18:33:28] [350/445] AMKN
[18:33:28] 🔄 Identity reset
[18:33:28] 🔄 Identity rotated (every 10 requests)
[18:33:29] [351/445] BTCN
[18:33:30] [352/445] AMBT
[18:33:31] [353/445] PACN
[18:33:31] [354/445] LCNS
[18:33:32] [355/445] PPKC
[18:33:33] [356/445] JYYN
[18:33:35] [357/445] JTNR
[18:33:36] [358/445] GTEE
[18:33:37] [359/445] SRNM
[18:33:38] [360/445] SDTC
[18:33:38] 🔄 Identity reset
[18:33:38] 🔄 Identity rotated (every 10 requests)
[18:33:39] [361/445] VPCA
[18:33:40] [362/445] VLRA
[18:33:41] [363/445] SHKR
[18:33:42] [364/445] SBKD
[18:33:43] [365/445] SAAD
[18:33:45] [366/445] JTGN
[18:33:45] [367/445] SLAM
[18:33:46] [368/445] VTPM
[18:33:47] [369/445] ANPT
[18:33:48] [370/445] PUNB
[18:33:48] 🔄 Identity reset
[18:33:48] 🔄 Identity rotated (every 10 requests)
[18:33:50] [371/445] CPKT
[18:33:50] [372/445] CNWE
[18:33:51] [373/445] ECPP
[18:33:52] [374/445] CPAR
[18:33:53] [375/445] ESBW
[18:33:54] [376/445] PKPU
[18:33:55] [377/445] CPRP
[18:33:56] [378/445] RAHU
[18:33:57] [379/445] RHMN
[18:33:57] [380/445] FMJP
[18:33:57] 🔄 Identity reset
[18:33:57] 🔄 Identity rotated (every 10 requests)
[18:33:58] [381/445] CTMP
[18:33:59] [382/445] INPN
[18:34:01] [383/445] STTG
[18:34:01] [384/445] CTRD
[18:34:03] [385/445] PUVB
[18:34:04] [386/445] ESVP
[18:34:05] [387/445] CPFT
[18:34:06] [388/445] LCPC
[18:34:06] [389/445] VBCT
[18:34:07] [390/445] FSCW
[18:34:07] 🔄 Identity reset
[18:34:07] 🔄 Identity rotated (every 10 requests)
[18:34:08] [391/445] VCMP
[18:34:09] [392/445] ASHC
[18:34:10] [393/445] VLCX
[18:34:11] [394/445] SHEV
[18:34:12] [395/445] APCO
[18:34:13] [396/445] SILC
[18:34:14] [397/445] SNMR
[18:34:15] [398/445] KYBO
[18:34:16] [399/445] SATK
[18:34:17] [400/445] SSCS
[18:34:17] 🔄 Identity reset
[18:34:17] 🔄 Identity rotated (every 10 requests)
[18:34:18] [401/445] CLSB
[18:34:19] [402/445] KMJR
[18:34:19] [403/445] FSCK
[18:34:21] [404/445] NNKA
[18:34:22] [405/445] CLMK
[18:34:23] [406/445] DMPZ
[18:34:24] [407/445] INQM
[18:34:25] [408/445] CAML
[18:34:25] [409/445] INRK
[18:34:26] [410/445] IMKN
[18:34:26] 🔄 Identity reset
[18:34:26] 🔄 Identity rotated (every 10 requests)
[18:34:27] [411/445] SVNR
[18:34:28] [412/445] INSL
[18:34:29] [413/445] MSMA
[18:34:30] [414/445] MCKK
[18:34:31] [415/445] FCHP
[18:34:33] [416/445] SFCR
[18:34:33] [417/445] NACK
[18:34:34] [418/445] PVAK
[18:34:35] [419/445] INER
[18:34:36] [420/445] RDBK
[18:34:36] 🔄 Identity reset
[18:34:36] 🔄 Identity rotated (every 10 requests)
[18:34:37] [421/445] SVFN
[18:34:39] [422/445] IFRM
[18:34:40] [423/445] ATCK
[18:34:42] [424/445] ASKO
[18:34:43] [425/445] STKT
[18:34:44] [426/445] SVFB
[18:34:44] [427/445] INKS
[18:34:45] [428/445] PCRA
[18:34:46] [429/445] ATJA
[18:34:47] [430/445] IMJN
[18:34:47] 🔄 Identity reset
[18:34:47] 🔄 Identity rotated (every 10 requests)
[18:34:47] 🔄 Retry 1/5 for IMJN in 2.7s
[18:34:47] 🔄 Identity reset
[18:34:50] 🧠 New identity created
[18:34:51] [431/445] INHD
[18:34:52] [432/445] BARA
[18:34:53] [433/445] MCSL
[18:34:54] [434/445] RTOY
[18:34:56] [435/445] MENO
[18:34:57] [436/445] PUDM
[18:34:57] [437/445] PRCN
[18:34:58] [438/445] JMJR
[18:34:59] [439/445] SSGK
[18:34:59] 🔄 Identity reset
[18:34:59] 🔄 Identity rotated (every 10 requests)
[18:35:00] [440/445] SSRL
[18:35:01] [441/445] JYKL
[18:35:02] [442/445] ACNB
[18:35:03] [443/445] SONP
[18:35:04] [444/445] EMCI
[18:35:05] [445/445] MRJH
[18:35:06] 🧹 Deduping shows
[18:35:06] ✅ DONE | Shows=3488 | Movies=78
[23:33:03] 🚀 SCRIPT STARTED
[23:33:03] [1/445] TGMR
[23:33:03] 🧠 New identity created
[23:33:04] [2/445] CXKR
[23:33:05] [3/445] SROP
[23:33:06] [4/445] GTSV
[23:33:07] [5/445] SNTY
[23:33:08] [6/445] SMYY
[23:33:09] [7/445] CNCS
[23:33:10] [8/445] CSTM
[23:33:10] [9/445] NUCD
[23:33:11] [10/445] SHCZ
[23:33:11] 🔄 Identity reset
[23:33:11] 🔄 Identity rotated (every 10 requests)
[23:33:12] [11/445] NJCT
[23:33:13] [12/445] COPC
[23:33:14] [13/445] STVV
[23:33:15] [14/445] SKRN
[23:33:16] [15/445] APPZ
[23:33:17] [16/445] YMGN
[23:33:18] [17/445] SVTU
[23:33:19] [18/445] GTAD
[23:33:20] [19/445] PSUS
[23:33:21] [20/445] SMCD
[23:33:21] 🔄 Identity reset
[23:33:21] 🔄 Identity rotated (every 10 requests)
[23:33:22] [21/445] CMCM
[23:33:23] [22/445] SYCT
[23:33:24] [23/445] STLY
[23:33:25] [24/445] CMHU
[23:33:25] [25/445] CMSA
[23:33:26] [26/445] CLCU
[23:33:27] [27/445] PPNT
[23:33:28] [28/445] JTAB
[23:33:29] [29/445] BUUC
[23:33:30] [30/445] BSVK
[23:33:30] 🔄 Identity reset
[23:33:30] 🔄 Identity rotated (every 10 requests)
[23:33:31] [31/445] VVVQ
[23:33:31] [32/445] TKMU
[23:33:32] [33/445] ESYL
[23:33:33] [34/445] ACHP
[23:33:34] [35/445] BTKD
[23:33:35] [36/445] DESA
[23:33:36] [37/445] GBCT
[23:33:37] [38/445] BLLD
[23:33:38] [39/445] SKNT
[23:33:39] [40/445] SSTE
[23:33:39] 🔄 Identity reset
[23:33:39] 🔄 Identity rotated (every 10 requests)
[23:33:40] [41/445] VJMR
[23:33:41] [42/445] NTPU
[23:33:42] [43/445] RDKN
[23:33:43] [44/445] ADGC
[23:33:43] [45/445] VRBP
[23:33:44] [46/445] NMNA
[23:33:45] [47/445] CMMX
[23:33:46] [48/445] PTKO
[23:33:47] [49/445] RBML
[23:33:48] [50/445] SAIC
[23:33:48] 🔄 Identity reset
[23:33:48] 🔄 Identity rotated (every 10 requests)
[23:33:48] [51/445] SVTJ
[23:33:49] [52/445] MRTE
[23:33:50] [53/445] RBTP
[23:33:51] [54/445] NLPS
[23:33:52] [55/445] GTNA
[23:33:54] [56/445] DGGC
[23:33:55] [57/445] SMCR
[23:33:55] [58/445] SCGD
[23:33:56] [59/445] SRRJ
[23:33:57] [60/445] CNRY
[23:33:57] 🔄 Identity reset
[23:33:57] 🔄 Identity rotated (every 10 requests)
[23:33:58] [61/445] KTDI
[23:33:59] [62/445] SNJL
[23:34:01] [63/445] RKMD
[23:34:02] [64/445] SMDC
[23:34:03] [65/445] TADG
[23:34:04] [66/445] MCGS
[23:34:05] [67/445] PETK
[23:34:06] [68/445] CHAG
[23:34:06] [69/445] KSTL
[23:34:07] [70/445] AADS
[23:34:07] 🔄 Identity reset
[23:34:07] 🔄 Identity rotated (every 10 requests)
[23:34:08] [71/445] NTHZ
[23:34:09] [72/445] HCKI
[23:34:09] [73/445] SSEF
[23:34:10] [74/445] MCGX
[23:34:12] [75/445] ERRA
[23:34:13] [76/445] SDTW
[23:34:13] [77/445] RMPK
[23:34:14] [78/445] PTHK
[23:34:15] [79/445] PXCS
[23:34:16] [80/445] SVLU
[23:34:16] 🔄 Identity reset
[23:34:16] 🔄 Identity rotated (every 10 requests)
[23:34:17] [81/445] STAH
[23:34:18] [82/445] JRGF
[23:34:19] [83/445] CDOK
[23:34:20] [84/445] CMSG
[23:34:20] [85/445] APTD
[23:34:21] [86/445] KMPG
[23:34:22] [87/445] MUTJ
[23:34:23] [88/445] VCCI
[23:34:24] [89/445] URBE
[23:34:25] [90/445] TCTS
[23:34:25] 🔄 Identity reset
[23:34:25] 🔄 Identity rotated (every 10 requests)
[23:34:26] [91/445] STSN
[23:34:27] [92/445] AKCH
[23:34:27] [93/445] APSC
[23:34:29] [94/445] VLTB
[23:34:30] [95/445] SANU
[23:34:31] [96/445] AXAM
[23:34:32] [97/445] MGMG
[23:34:32] [98/445] HTBY
[23:34:33] [99/445] MMZS
[23:34:35] [100/445] SUDR
[23:34:35] 🔄 Identity reset
[23:34:35] 🔄 Identity rotated (every 10 requests)
[23:34:37] [101/445] CCAD
[23:34:37] [102/445] SKKC
[23:34:38] [103/445] RMCD
[23:34:39] [104/445] SBCQ
[23:34:40] [105/445] DCCT
[23:34:40] [106/445] VTKP
[23:34:41] [107/445] MLAM
[23:34:42] [108/445] SAVT
[23:34:43] [109/445] GEPL
[23:34:45] [110/445] AMCD
[23:34:45] 🔄 Identity reset
[23:34:45] 🔄 Identity rotated (every 10 requests)
[23:34:45] [111/445] CCXR
[23:34:46] [112/445] GRNG
[23:34:47] [113/445] EBCA
[23:34:48] [114/445] CNVG
[23:34:49] [115/445] MWSS
[23:34:49] [116/445] VBOR
[23:34:50] [117/445] NEEB
[23:34:51] [118/445] SUTH
[23:34:52] [119/445] ANDB
[23:34:53] [120/445] MMXS
[23:34:53] 🔄 Identity reset
[23:34:53] 🔄 Identity rotated (every 10 requests)
[23:34:53] [121/445] CNPD
[23:34:54] [122/445] SDCE
[23:34:55] [123/445] DHCB
[23:34:56] [124/445] ODEN
[23:34:57] [125/445] TNTC
[23:34:59] [126/445] VBKM
[23:35:00] [127/445] RZYM
[23:35:00] [128/445] JEMC
[23:35:01] [129/445] CMAU
[23:35:02] [130/445] SIVP
[23:35:02] 🔄 Identity reset
[23:35:02] 🔄 Identity rotated (every 10 requests)
[23:35:03] [131/445] ATAG
[23:35:03] [132/445] CHTM
[23:35:04] [133/445] AAEE
[23:35:05] [134/445] IWPM
[23:35:07] [135/445] KCMW
[23:35:08] [136/445] MCTD
[23:35:08] [137/445] SPWR
[23:35:09] [138/445] SDPO
[23:35:10] [139/445] PCSK
[23:35:11] [140/445] ACHV
[23:35:11] 🔄 Identity reset
[23:35:11] 🔄 Identity rotated (every 10 requests)
[23:35:12] [141/445] SVLA
[23:35:13] [142/445] PICT
[23:35:14] [143/445] BXDR
[23:35:14] [144/445] SPWA
[23:35:15] [145/445] MCKO
[23:35:16] [146/445] RTHK
[23:35:17] [147/445] CCMF
[23:35:18] [148/445] MRGB
[23:35:19] [149/445] CPLC
[23:35:19] [150/445] RACD
[23:35:19] 🔄 Identity reset
[23:35:19] 🔄 Identity rotated (every 10 requests)
[23:35:20] [151/445] ATKT
[23:35:21] [152/445] SARN
[23:35:22] [153/445] KKUI
[23:35:23] [154/445] RGCM
[23:35:23] [155/445] BRVP
[23:35:24] [156/445] HRSR
[23:35:25] [157/445] GKGM
[23:35:26] [158/445] TTCD
[23:35:26] [159/445] PTTI
[23:35:27] [160/445] MPTT
[23:35:27] 🔄 Identity reset
[23:35:27] 🔄 Identity rotated (every 10 requests)
[23:35:28] [161/445] CVTT
[23:35:29] [162/445] PCXD
[23:35:30] [163/445] GCDC
[23:35:31] [164/445] CCCF
[23:35:32] [165/445] MRAD
[23:35:33] [166/445] CPLK
[23:35:33] [167/445] SATB
[23:35:34] [168/445] SNVG
[23:35:35] [169/445] JMBA
[23:35:35] [170/445] TEJA
[23:35:35] 🔄 Identity reset
[23:35:35] 🔄 Identity rotated (every 10 requests)
[23:35:35] 🔄 Retry 1/5 for TEJA in 2.3s
[23:35:35] 🔄 Identity reset
[23:35:38] 🧠 New identity created
[23:35:38] [171/445] STYO
[23:35:39] [172/445] JTBP
[23:35:40] [173/445] KRGD
[23:35:40] [174/445] SLJJ
[23:35:41] [175/445] SPTJ
[23:35:42] [176/445] SWJG
[23:35:43] [177/445] LKRT
[23:35:43] [178/445] KCKA
[23:35:44] [179/445] SNCR
[23:35:44] 🔄 Identity reset
[23:35:44] 🔄 Identity rotated (every 10 requests)
[23:35:46] [180/445] SMKL
[23:35:47] [181/445] GCFA
[23:35:48] [182/445] DDCK
[23:35:49] [183/445] NCHJ
[23:35:49] [184/445] RDMA
[23:35:50] [185/445] SVSV
[23:35:51] [186/445] SCJG
[23:35:51] [187/445] VKLP
[23:35:52] [188/445] NWCC
[23:35:53] [189/445] VKNS
[23:35:53] 🔄 Identity reset
[23:35:53] 🔄 Identity rotated (every 10 requests)
[23:35:53] 🔄 Retry 1/5 for VKNS in 2.6s
[23:35:53] 🔄 Identity reset
[23:35:56] 🧠 New identity created
[23:35:57] [190/445] SDDP
[23:35:58] [191/445] ACSI
[23:35:58] [192/445] SATG
[23:36:00] [193/445] SCMW
[23:36:00] [194/445] LKTK
[23:36:01] [195/445] VCKV
[23:36:02] [196/445] KKPE
[23:36:02] [197/445] KIGH
[23:36:03] [198/445] SRPM
[23:36:03] 🔄 Identity reset
[23:36:03] 🔄 Identity rotated (every 10 requests)
[23:36:04] [199/445] SCAH
[23:36:05] [200/445] MUTA
[23:36:06] [201/445] SEPU
[23:36:07] [202/445] INOA
[23:36:07] [203/445] BASK
[23:36:08] [204/445] NECB
[23:36:09] [205/445] GTTG
[23:36:11] [206/445] ASSA
[23:36:12] [207/445] ANCL
[23:36:13] [208/445] GCTI
[23:36:13] 🔄 Identity reset
[23:36:13] 🔄 Identity rotated (every 10 requests)
[23:36:13] [209/445] RCTS
[23:36:14] [210/445] ACNL
[23:36:15] [211/445] MYCT
[23:36:16] [212/445] NMHT
[23:36:16] [213/445] MDIT
[23:36:17] [214/445] LATG
[23:36:18] [215/445] SMTY
[23:36:19] [216/445] CVCT
[23:36:20] [217/445] RAMB
[23:36:21] [218/445] TGMS
[23:36:21] 🔄 Identity reset
[23:36:21] 🔄 Identity rotated (every 10 requests)
[23:36:21] 🔄 Retry 1/5 for TGMS in 2.2s
[23:36:21] 🔄 Identity reset
[23:36:23] 🧠 New identity created
[23:36:24] [219/445] BHEL
[23:36:24] [220/445] SHCT
[23:36:25] [221/445] SVCT
[23:36:27] [222/445] MRIY
[23:36:27] [223/445] SARO
[23:36:28] [224/445] STCT
[23:36:29] [225/445] JKKC
[23:36:29] [226/445] PLTT
[23:36:30] [227/445] SRNT
[23:36:30] 🔄 Identity reset
[23:36:30] 🔄 Identity rotated (every 10 requests)
[23:36:31] [228/445] YAST
[23:36:32] [229/445] PERL
[23:36:33] [230/445] CICM
[23:36:34] [231/445] MMTR
[23:36:35] [232/445] ABTK
[23:36:36] [233/445] ATYY
[23:36:37] [234/445] ASTK
[23:36:38] [235/445] VVCK
[23:36:38] [236/445] ATKY
[23:36:39] [237/445] GWEK
[23:36:39] 🔄 Identity reset
[23:36:39] 🔄 Identity rotated (every 10 requests)
[23:36:40] [238/445] SVFH
[23:36:41] [239/445] SLTA
[23:36:41] [240/445] AASH
[23:36:42] [241/445] ACXB
[23:36:43] [242/445] SMTX
[23:36:44] [243/445] AZDH
[23:36:45] [244/445] CMMH
[23:36:46] [245/445] SCSZ
[23:36:47] [246/445] SCKP
[23:36:48] [247/445] NXTM
[23:36:48] 🔄 Identity reset
[23:36:48] 🔄 Identity rotated (every 10 requests)
[23:36:49] [248/445] NWCS
[23:36:50] [249/445] CXMH
[23:36:51] [250/445] PCMA
[23:36:52] [251/445] SGCM
[23:36:53] [252/445] SDTU
[23:36:54] [253/445] MMVI
[23:36:55] [254/445] JKCM
[23:36:55] [255/445] VCMM
[23:36:56] [256/445] SYEE
[23:36:57] [257/445] VASD
[23:36:57] 🔄 Identity reset
[23:36:57] 🔄 Identity rotated (every 10 requests)
[23:36:58] [258/445] BDRB
[23:36:59] [259/445] LASM
[23:37:00] [260/445] DCRL
[23:37:01] [261/445] DVPM
[23:37:02] [262/445] SBMJ
[23:37:02] [263/445] CBMU
[23:37:03] [264/445] IUBS
[23:37:04] [265/445] INAP
[23:37:05] [266/445] SRRC
[23:37:05] [267/445] SAGR
[23:37:05] 🔄 Identity reset
[23:37:05] 🔄 Identity rotated (every 10 requests)
[23:37:06] [268/445] CPMJ
[23:37:08] [269/445] ATJL
[23:37:09] [270/445] NNTD
[23:37:10] [271/445] JHCJ
[23:37:11] [272/445] CMMP
[23:37:12] [273/445] RSDR
[23:37:12] [274/445] AMTI
[23:37:13] [275/445] NYSG
[23:37:14] [276/445] AVSG
[23:37:15] [277/445] SYTP
[23:37:15] 🔄 Identity reset
[23:37:15] 🔄 Identity rotated (every 10 requests)
[23:37:16] [278/445] LARC
[23:37:16] [279/445] RJTP
[23:37:17] [280/445] LAKC
[23:37:18] [281/445] MCXE
[23:37:19] [282/445] CCZC
[23:37:20] [283/445] AVCH
[23:37:21] [284/445] CMBE
[23:37:22] [285/445] MRRC
[23:37:22] [286/445] PCPY
[23:37:23] [287/445] SRMH
[23:37:23] 🔄 Identity reset
[23:37:23] 🔄 Identity rotated (every 10 requests)
[23:37:24] [288/445] SVGS
[23:37:25] [289/445] PCSE
[23:37:26] [290/445] SVFT
[23:37:27] [291/445] TNZP
[23:37:28] [292/445] ICTP
[23:37:29] [293/445] ACTZ
[23:37:30] [294/445] GTUR
[23:37:31] [295/445] MAFC
[23:37:31] [296/445] MINL
[23:37:32] [297/445] MRCL
[23:37:32] 🔄 Identity reset
[23:37:32] 🔄 Identity rotated (every 10 requests)
[23:37:34] [298/445] RCRP
[23:37:34] [299/445] RFFG
[23:37:35] [300/445] RMAS
[23:37:36] [301/445] INVR
[23:37:37] [302/445] RMAR
[23:37:38] [303/445] CNIS
[23:37:39] [304/445] RHRJ
[23:37:39] [305/445] INXR
[23:37:40] [306/445] VALT
[23:37:41] [307/445] LCSH
[23:37:41] 🔄 Identity reset
[23:37:41] 🔄 Identity rotated (every 10 requests)
[23:37:42] [308/445] CMVS
[23:37:43] [309/445] CNMS
[23:37:44] [310/445] ROOG
[23:37:45] [311/445] ISRM
[23:37:46] [312/445] RCRM
[23:37:47] [313/445] ACJA
[23:37:48] [314/445] RCVS
[23:37:49] [315/445] CPUS
[23:37:50] [316/445] TGCS
[23:37:51] [317/445] RKCJ
[23:37:51] 🔄 Identity reset
[23:37:51] 🔄 Identity rotated (every 10 requests)
[23:37:52] [318/445] MKSB
[23:37:53] [319/445] TCSJ
[23:37:54] [320/445] RMGP
[23:37:55] [321/445] CLLP
[23:37:55] [322/445] RCMV
[23:37:56] [323/445] CCKS
[23:37:57] [324/445] RSRP
[23:37:58] [325/445] APLP
[23:37:59] [326/445] CNVS
[23:38:00] [327/445] RMVY
[23:38:00] 🔄 Identity reset
[23:38:00] 🔄 Identity rotated (every 10 requests)
[23:38:01] [328/445] PGBD
[23:38:02] [329/445] KLMS
[23:38:03] [330/445] RUST
[23:38:03] [331/445] MASM
[23:38:04] [332/445] BACS
[23:38:05] [333/445] BWST
[23:38:06] [334/445] RRFH
[23:38:07] [335/445] SJTM
[23:38:08] [336/445] BEMR
[23:38:09] [337/445] MCGR
[23:38:09] 🔄 Identity reset
[23:38:09] 🔄 Identity rotated (every 10 requests)
[23:38:11] [338/445] SDSK
[23:38:11] [339/445] VBOL
[23:38:12] [340/445] RMGM
[23:38:14] [341/445] NOPL
[23:38:14] [342/445] MKJK
[23:38:15] [343/445] CVRN
[23:38:16] [344/445] MMEN
[23:38:17] [345/445] AMNG
[23:38:18] [346/445] INTM
[23:38:19] [347/445] SLCZ
[23:38:19] 🔄 Identity reset
[23:38:19] 🔄 Identity rotated (every 10 requests)
[23:38:19] [348/445] AMJN
[23:38:20] [349/445] ACJN
[23:38:21] [350/445] AMKN
[23:38:23] [351/445] BTCN
[23:38:24] [352/445] AMBT
[23:38:26] [353/445] PACN
[23:38:27] [354/445] LCNS
[23:38:28] [355/445] PPKC
[23:38:28] [356/445] JYYN
[23:38:29] [357/445] JTNR
[23:38:29] 🔄 Identity reset
[23:38:29] 🔄 Identity rotated (every 10 requests)
[23:38:30] [358/445] GTEE
[23:38:31] [359/445] SRNM
[23:38:32] [360/445] SDTC
[23:38:32] [361/445] VPCA
[23:38:33] [362/445] VLRA
[23:38:34] [363/445] SHKR
[23:38:35] [364/445] SBKD
[23:38:35] [365/445] SAAD
[23:38:36] [366/445] JTGN
[23:38:37] [367/445] SLAM
[23:38:37] 🔄 Identity reset
[23:38:37] 🔄 Identity rotated (every 10 requests)
[23:38:38] [368/445] VTPM
[23:38:39] [369/445] ANPT
[23:38:40] [370/445] PUNB
[23:38:40] [371/445] CPKT
[23:38:41] [372/445] CNWE
[23:38:42] [373/445] ECPP
[23:38:43] [374/445] CPAR
[23:38:44] [375/445] ESBW
[23:38:44] [376/445] PKPU
[23:38:45] [377/445] CPRP
[23:38:45] 🔄 Identity reset
[23:38:45] 🔄 Identity rotated (every 10 requests)
[23:38:46] [378/445] RAHU
[23:38:47] [379/445] RHMN
[23:38:48] [380/445] FMJP
[23:38:49] [381/445] CTMP
[23:38:50] [382/445] INPN
[23:38:51] [383/445] STTG
[23:38:53] [384/445] CTRD
[23:38:54] [385/445] PUVB
[23:38:55] [386/445] ESVP
[23:38:56] [387/445] CPFT
[23:38:56] 🔄 Identity reset
[23:38:56] 🔄 Identity rotated (every 10 requests)
[23:38:57] [388/445] LCPC
[23:38:57] [389/445] VBCT
[23:38:58] [390/445] FSCW
[23:38:59] [391/445] VCMP
[23:39:00] [392/445] ASHC
[23:39:01] [393/445] VLCX
[23:39:02] [394/445] SHEV
[23:39:03] [395/445] APCO
[23:39:04] [396/445] SILC
[23:39:04] [397/445] SNMR
[23:39:04] 🔄 Identity reset
[23:39:04] 🔄 Identity rotated (every 10 requests)
[23:39:05] [398/445] KYBO
[23:39:06] [399/445] SATK
[23:39:07] [400/445] SSCS
[23:39:08] [401/445] CLSB
[23:39:09] [402/445] KMJR
[23:39:10] [403/445] FSCK
[23:39:11] [404/445] NNKA
[23:39:12] [405/445] CLMK
[23:39:13] [406/445] DMPZ
[23:39:14] [407/445] INQM
[23:39:14] 🔄 Identity reset
[23:39:14] 🔄 Identity rotated (every 10 requests)
[23:39:15] [408/445] CAML
[23:39:16] [409/445] INRK
[23:39:17] [410/445] IMKN
[23:39:18] [411/445] SVNR
[23:39:18] [412/445] INSL
[23:39:19] [413/445] MSMA
[23:39:20] [414/445] MCKK
[23:39:21] [415/445] FCHP
[23:39:22] [416/445] SFCR
[23:39:23] [417/445] NACK
[23:39:23] 🔄 Identity reset
[23:39:23] 🔄 Identity rotated (every 10 requests)
[23:39:24] [418/445] PVAK
[23:39:25] [419/445] INER
[23:39:26] [420/445] RDBK
[23:39:26] [421/445] SVFN
[23:39:27] [422/445] IFRM
[23:39:28] [423/445] ATCK
[23:39:29] [424/445] ASKO
[23:39:30] [425/445] STKT
[23:39:31] [426/445] SVFB
[23:39:32] [427/445] INKS
[23:39:32] 🔄 Identity reset
[23:39:32] 🔄 Identity rotated (every 10 requests)
[23:39:33] [428/445] PCRA
[23:39:34] [429/445] ATJA
[23:39:35] [430/445] IMJN
[23:39:36] [431/445] INHD
[23:39:37] [432/445] BARA
[23:39:38] [433/445] MCSL
[23:39:40] [434/445] RTOY
[23:39:41] [435/445] MENO
[23:39:42] [436/445] PUDM
[23:39:43] [437/445] PRCN
[23:39:43] 🔄 Identity reset
[23:39:43] 🔄 Identity rotated (every 10 requests)
[23:39:45] [438/445] JMJR
[23:39:45] [439/445] SSGK
[23:39:46] [440/445] SSRL
[23:39:47] [441/445] JYKL
[23:39:48] [442/445] ACNB
[23:39:49] [443/445] SONP
[23:39:50] [444/445] EMCI
[23:39:51] [445/445] MRJH
[23:39:52] 🧹 Deduping shows
[23:39:52] ✅ DONE | Shows=3517 | Movies=78
